<?xml version="1.0" encoding="UTF-8"?><kml xmlns="http://www.opengis.net/kml/2.2"><Document><name>overpass-turbo.eu export</name><description>Filtered OSM data converted to KML by overpass turbo.
Copyright: The data included in this document is from www.openstreetmap.org. The data is made available under ODbL.
Timestamp: 2025-09-29T00:20:33Z</description><Placemark><name>Salesiani</name><ExtendedData><Data name="@id"><value>relation/1359155</value></Data><Data name="amenity"><value>community_centre</value></Data><Data name="name"><value>Salesiani</value></Data><Data name="type"><value>multipolygon</value></Data><Data name="@geometry"><value>center</value></Data></ExtendedData><Point><coordinates>14.7717028,40.6831796</coordinates></Point></Placemark><Placemark><name>Convento San Francesco</name><ExtendedData><Data name="@id"><value>relation/1414681</value></Data><Data name="amenity"><value>community_centre</value></Data><Data name="building"><value>yes</value></Data><Data name="name"><value>Convento San Francesco</value></Data><Data name="type"><value>multipolygon</value></Data><Data name="wikidata"><value>Q3689536</value></Data><Data name="wikipedia"><value>it:Convento di San Francesco (Conegliano)</value></Data><Data name="@geometry"><value>center</value></Data></ExtendedData><Point><coordinates>12.2951216,45.8873741</coordinates></Point></Placemark><Placemark><name>Discoteca Il Globo</name><ExtendedData><Data name="@id"><value>relation/1601571</value></Data><Data name="amenity"><value>nightclub</value></Data><Data name="name"><value>Discoteca Il Globo</value></Data><Data name="type"><value>multipolygon</value></Data><Data name="@geometry"><value>center</value></Data></ExtendedData><Point><coordinates>8.4535511,45.3421782</coordinates></Point></Placemark><Placemark><name>Progretto Giovani</name><ExtendedData><Data name="@id"><value>relation/1868965</value></Data><Data name="amenity"><value>community_centre</value></Data><Data name="name"><value>Progretto Giovani</value></Data><Data name="website"><value>https://www.progettogiovanitv.it/</value></Data><Data name="type"><value>multipolygon</value></Data><Data name="building"><value>roof</value></Data><Data name="@geometry"><value>center</value></Data></ExtendedData><Point><coordinates>12.2435327,45.6695586</coordinates></Point></Placemark><Placemark><name>KOSMOS</name><ExtendedData><Data name="@id"><value>relation/1979048</value></Data><Data name="addr:city"><value>Rovereto</value></Data><Data name="addr:housenumber"><value>45 A</value></Data><Data name="addr:postcode"><value>38068</value></Data><Data name="addr:street"><value>Via della Roggia</value></Data><Data name="amenity"><value>community_centre</value></Data><Data name="building"><value>yes</value></Data><Data name="leisure"><value>stadium</value></Data><Data name="name"><value>KOSMOS</value></Data><Data name="sport"><value>archery</value></Data><Data name="type"><value>multipolygon</value></Data><Data name="@geometry"><value>center</value></Data></ExtendedData><Point><coordinates>11.0290507,45.8809464</coordinates></Point></Placemark><Placemark><name>Discoteca Bobo</name><ExtendedData><Data name="@id"><value>relation/2394586</value></Data><Data name="amenity"><value>nightclub</value></Data><Data name="name"><value>Discoteca Bobo</value></Data><Data name="opening_hours"><value>&quot;only for a party&quot;</value></Data><Data name="type"><value>multipolygon</value></Data><Data name="@geometry"><value>center</value></Data></ExtendedData><Point><coordinates>12.6925511,43.9839422</coordinates></Point></Placemark><Placemark><name>Paranà</name><ExtendedData><Data name="@id"><value>relation/2498027</value></Data><Data name="amenity"><value>nightclub</value></Data><Data name="name"><value>Paranà</value></Data><Data name="type"><value>multipolygon</value></Data><Data name="@geometry"><value>center</value></Data></ExtendedData><Point><coordinates>14.2195209,37.0734582</coordinates></Point></Placemark><Placemark><name>Cascina Torchiera</name><ExtendedData><Data name="@id"><value>relation/2929956</value></Data><Data name="addr:housename"><value>Cascina Autogestita Torchiera Senzacqua</value></Data><Data name="name"><value>Cascina Torchiera</value></Data><Data name="addr:city"><value>Milano</value></Data><Data name="addr:housenumber"><value>18</value></Data><Data name="addr:postcode"><value>20156</value></Data><Data name="addr:street"><value>Piazzale Cimitero Maggiore</value></Data><Data name="amenity"><value>social_centre</value></Data><Data name="building"><value>yes</value></Data><Data name="building:levels"><value>2</value></Data><Data name="type"><value>multipolygon</value></Data><Data name="website"><value>https://torchiera.noblogs.org/</value></Data><Data name="wikidata"><value>Q3661596</value></Data><Data name="wikipedia"><value>en:Cascina Torchiera</value></Data><Data name="@geometry"><value>center</value></Data></ExtendedData><Point><coordinates>9.1223904,45.5047247</coordinates></Point></Placemark><Placemark><name>Centro Giovanile Paolo VI</name><ExtendedData><Data name="@id"><value>relation/2990451</value></Data><Data name="amenity"><value>community_centre</value></Data><Data name="community_centre"><value>parish_hall</value></Data><Data name="denomination"><value>catholic</value></Data><Data name="landuse"><value>recreation_ground</value></Data><Data name="name"><value>Centro Giovanile Paolo VI</value></Data><Data name="religion"><value>christian</value></Data><Data name="type"><value>multipolygon</value></Data><Data name="@geometry"><value>center</value></Data></ExtendedData><Point><coordinates>10.2006804,45.5640249</coordinates></Point></Placemark><Placemark><name>Centro Civico Milano Due e Auditorium De Simone</name><ExtendedData><Data name="@id"><value>relation/3238654</value></Data><Data name="addr:city"><value>Segrate</value></Data><Data name="addr:housename"><value>Residenza Campo</value></Data><Data name="addr:postcode"><value>20054</value></Data><Data name="amenity"><value>social_centre</value></Data><Data name="building"><value>public</value></Data><Data name="name"><value>Centro Civico Milano Due e Auditorium De Simone</value></Data><Data name="source"><value>http://www.comune.segrate.mi.it/attivita_servizi/sport_cultura_e_tempo_libero/strutture/cc_mi2.html</value></Data><Data name="type"><value>multipolygon</value></Data><Data name="@geometry"><value>center</value></Data></ExtendedData><Point><coordinates>9.2672885,45.4982822</coordinates></Point></Placemark><Placemark><name>Oratorio Rosmini</name><ExtendedData><Data name="@id"><value>relation/3414399</value></Data><Data name="amenity"><value>social_centre</value></Data><Data name="name"><value>Oratorio Rosmini</value></Data><Data name="type"><value>multipolygon</value></Data><Data name="@geometry"><value>center</value></Data></ExtendedData><Point><coordinates>11.0421831,45.8915613</coordinates></Point></Placemark><Placemark><name>Oratorio San Luigi</name><ExtendedData><Data name="@id"><value>relation/3650067</value></Data><Data name="amenity"><value>community_centre</value></Data><Data name="name"><value>Oratorio San Luigi</value></Data><Data name="type"><value>site</value></Data><Data name="@geometry"><value>center</value></Data></ExtendedData><Point><coordinates>7.7706139,44.9505769</coordinates></Point></Placemark><Placemark><name>Centro sportivo Trinità</name><ExtendedData><Data name="@id"><value>relation/3704768</value></Data><Data name="amenity"><value>community_centre</value></Data><Data name="name"><value>Centro sportivo Trinità</value></Data><Data name="type"><value>site</value></Data><Data name="@geometry"><value>center</value></Data></ExtendedData><Point><coordinates>7.7664725,44.9453928</coordinates></Point></Placemark><Placemark><name>Centro Polivalente del Comune di Cabras</name><ExtendedData><Data name="@id"><value>relation/3935524</value></Data><Data name="addr:city"><value>Cabras</value></Data><Data name="addr:postcode"><value>09072</value></Data><Data name="addr:street"><value>Via Tharros</value></Data><Data name="amenity"><value>community_centre</value></Data><Data name="building"><value>yes</value></Data><Data name="name"><value>Centro Polivalente del Comune di Cabras</value></Data><Data name="phone"><value>+39 0783 3971</value></Data><Data name="type"><value>multipolygon</value></Data><Data name="@geometry"><value>center</value></Data></ExtendedData><Point><coordinates>8.5228294,39.9202199</coordinates></Point></Placemark><Placemark><name>Centro Sociale</name><ExtendedData><Data name="@id"><value>relation/4349851</value></Data><Data name="amenity"><value>community_centre</value></Data><Data name="building"><value>public</value></Data><Data name="name"><value>Centro Sociale</value></Data><Data name="type"><value>multipolygon</value></Data><Data name="@geometry"><value>center</value></Data></ExtendedData><Point><coordinates>8.6707864,39.9539039</coordinates></Point></Placemark><Placemark><name>Centro Servizi Losa</name><ExtendedData><Data name="@id"><value>relation/4622078</value></Data><Data name="amenity"><value>community_centre</value></Data><Data name="building"><value>public</value></Data><Data name="name"><value>Centro Servizi Losa</value></Data><Data name="type"><value>multipolygon</value></Data><Data name="@geometry"><value>center</value></Data></ExtendedData><Point><coordinates>8.7915561,40.1117857</coordinates></Point></Placemark><Placemark><name>Palestra Scuola Elementare</name><ExtendedData><Data name="@id"><value>relation/4665467</value></Data><Data name="addr:city"><value>Cursi</value></Data><Data name="addr:postcode"><value>73020</value></Data><Data name="addr:street"><value>Via Edmondo De Amicis</value></Data><Data name="amenity"><value>community_centre</value></Data><Data name="building"><value>yes</value></Data><Data name="name"><value>Palestra Scuola Elementare</value></Data><Data name="type"><value>multipolygon</value></Data><Data name="@geometry"><value>center</value></Data></ExtendedData><Point><coordinates>18.3178351,40.1494382</coordinates></Point></Placemark><Placemark><name>Discoteca Palmariva</name><ExtendedData><Data name="@id"><value>relation/5420048</value></Data><Data name="website"><value>http://www.palmariva.it/</value></Data><Data name="addr:city"><value>Fossalta di Portogruaro</value></Data><Data name="addr:housenumber"><value>8</value></Data><Data name="addr:street"><value>Viale Luther King</value></Data><Data name="amenity"><value>nightclub</value></Data><Data name="building"><value>yes</value></Data><Data name="name"><value>Discoteca Palmariva</value></Data><Data name="type"><value>multipolygon</value></Data><Data name="@geometry"><value>center</value></Data></ExtendedData><Point><coordinates>12.9155826,45.7769613</coordinates></Point></Placemark><Placemark><name>Centro Ricreativo Estivo</name><ExtendedData><Data name="@id"><value>relation/5741430</value></Data><Data name="amenity"><value>community_centre</value></Data><Data name="name"><value>Centro Ricreativo Estivo</value></Data><Data name="operator"><value>Oratorio Don Bosco</value></Data><Data name="type"><value>multipolygon</value></Data><Data name="@geometry"><value>center</value></Data></ExtendedData><Point><coordinates>9.5900147,45.721039</coordinates></Point></Placemark><Placemark><name>FOQUS Napoli</name><ExtendedData><Data name="@id"><value>relation/6179936</value></Data><Data name="addr:city"><value>Napoli</value></Data><Data name="addr:housenumber"><value>69</value></Data><Data name="addr:postcode"><value>80132</value></Data><Data name="addr:street"><value>Via Portacarrese a Montecalvario</value></Data><Data name="amenity"><value>community_centre</value></Data><Data name="building"><value>yes</value></Data><Data name="full_name"><value>Fondazione Quartieri Spagnoli</value></Data><Data name="name"><value>FOQUS Napoli</value></Data><Data name="old_name"><value>Istituto Montecalvario</value></Data><Data name="opening_hours"><value>Mo-Fr 08:00-20:00</value></Data><Data name="phone"><value>+39 388 729 4869</value></Data><Data name="type"><value>multipolygon</value></Data><Data name="website"><value>https://www.foqusnapoli.it/</value></Data><Data name="@geometry"><value>center</value></Data></ExtendedData><Point><coordinates>14.2456441,40.8425233</coordinates></Point></Placemark><Placemark><name>Centro di aggregazione giovanile San Giorgio</name><ExtendedData><Data name="@id"><value>relation/6253095</value></Data><Data name="amenity"><value>community_centre</value></Data><Data name="building"><value>yes</value></Data><Data name="name"><value>Centro di aggregazione giovanile San Giorgio</value></Data><Data name="religion"><value>christian</value></Data><Data name="type"><value>multipolygon</value></Data><Data name="@geometry"><value>center</value></Data></ExtendedData><Point><coordinates>9.6684589,45.6892981</coordinates></Point></Placemark><Placemark><name>Oratorio delle Grazie</name><ExtendedData><Data name="@id"><value>relation/6404252</value></Data><Data name="amenity"><value>community_centre</value></Data><Data name="building"><value>community_centre</value></Data><Data name="name"><value>Oratorio delle Grazie</value></Data><Data name="religion"><value>christian</value></Data><Data name="type"><value>multipolygon</value></Data><Data name="@geometry"><value>center</value></Data></ExtendedData><Point><coordinates>9.6723229,45.6938356</coordinates></Point></Placemark><Placemark><name>Oratorio di Sant'Anna</name><ExtendedData><Data name="@id"><value>relation/6589471</value></Data><Data name="amenity"><value>community_centre</value></Data><Data name="building"><value>yes</value></Data><Data name="name"><value>Oratorio di Sant'Anna</value></Data><Data name="religion"><value>christian</value></Data><Data name="type"><value>multipolygon</value></Data><Data name="@geometry"><value>center</value></Data></ExtendedData><Point><coordinates>9.6814045,45.6960413</coordinates></Point></Placemark><Placemark><name>Centro Sociale Il Carrozzone</name><ExtendedData><Data name="@id"><value>relation/7014937</value></Data><Data name="amenity"><value>community_centre</value></Data><Data name="building"><value>yes</value></Data><Data name="name"><value>Centro Sociale Il Carrozzone</value></Data><Data name="source"><value>Regione Emilia Romagna</value></Data><Data name="type"><value>multipolygon</value></Data><Data name="@geometry"><value>center</value></Data></ExtendedData><Point><coordinates>10.6128282,44.709974</coordinates></Point></Placemark><Placemark><name>Oratorio Santo Crocifisso</name><ExtendedData><Data name="@id"><value>relation/7181656</value></Data><Data name="addr:city"><value>Meda</value></Data><Data name="addr:housenumber"><value>1</value></Data><Data name="addr:postcode"><value>20821</value></Data><Data name="addr:street"><value>Piazza del Lavoratore</value></Data><Data name="amenity"><value>community_centre</value></Data><Data name="building"><value>yes</value></Data><Data name="name"><value>Oratorio Santo Crocifisso</value></Data><Data name="type"><value>multipolygon</value></Data><Data name="@geometry"><value>center</value></Data></ExtendedData><Point><coordinates>9.1570987,45.6603654</coordinates></Point></Placemark><Placemark><name>Centro Diurno Stefano Bottoni</name><ExtendedData><Data name="@id"><value>relation/7353606</value></Data><Data name="type"><value>multipolygon</value></Data><Data name="amenity"><value>community_centre</value></Data><Data name="building"><value>yes</value></Data><Data name="name"><value>Centro Diurno Stefano Bottoni</value></Data><Data name="@geometry"><value>center</value></Data></ExtendedData><Point><coordinates>12.9449806,41.5312364</coordinates></Point></Placemark><Placemark><name>Centro Diurno per Minori</name><ExtendedData><Data name="@id"><value>relation/7426988</value></Data><Data name="amenity"><value>community_centre</value></Data><Data name="building"><value>yes</value></Data><Data name="name"><value>Centro Diurno per Minori</value></Data><Data name="type"><value>multipolygon</value></Data><Data name="@geometry"><value>center</value></Data></ExtendedData><Point><coordinates>12.9036489,41.4720813</coordinates></Point></Placemark><Placemark><name>Oratorio di Mozzo</name><ExtendedData><Data name="@id"><value>relation/7431109</value></Data><Data name="amenity"><value>social_centre</value></Data><Data name="denomination"><value>catholic</value></Data><Data name="name"><value>Oratorio di Mozzo</value></Data><Data name="type"><value>multipolygon</value></Data><Data name="@geometry"><value>center</value></Data></ExtendedData><Point><coordinates>9.6097373,45.7005183</coordinates></Point></Placemark><Placemark><name>Oratorio Don Bosco</name><ExtendedData><Data name="@id"><value>relation/7440849</value></Data><Data name="amenity"><value>community_centre</value></Data><Data name="name"><value>Oratorio Don Bosco</value></Data><Data name="type"><value>site</value></Data><Data name="@geometry"><value>center</value></Data></ExtendedData><Point><coordinates>7.6438914,43.7847741</coordinates></Point></Placemark><Placemark><name>Centro Anziani</name><ExtendedData><Data name="@id"><value>relation/7442095</value></Data><Data name="amenity"><value>community_centre</value></Data><Data name="building"><value>yes</value></Data><Data name="name"><value>Centro Anziani</value></Data><Data name="type"><value>multipolygon</value></Data><Data name="@geometry"><value>center</value></Data></ExtendedData><Point><coordinates>12.9166143,41.4701549</coordinates></Point></Placemark><Placemark><name>Centro Sociale Polivalente di Borgo Isonzo</name><ExtendedData><Data name="@id"><value>relation/7548454</value></Data><Data name="amenity"><value>community_centre</value></Data><Data name="building"><value>yes</value></Data><Data name="name"><value>Centro Sociale Polivalente di Borgo Isonzo</value></Data><Data name="type"><value>multipolygon</value></Data><Data name="@geometry"><value>center</value></Data></ExtendedData><Point><coordinates>12.9113127,41.4406508</coordinates></Point></Placemark><Placemark><ExtendedData><Data name="@id"><value>relation/7607522</value></Data><Data name="amenity"><value>community_centre</value></Data><Data name="building"><value>yes</value></Data><Data name="type"><value>multipolygon</value></Data><Data name="@geometry"><value>center</value></Data></ExtendedData><Point><coordinates>9.9886627,45.5879234</coordinates></Point></Placemark><Placemark><name>Centro Sprar Enea</name><ExtendedData><Data name="@id"><value>relation/8515855</value></Data><Data name="amenity"><value>community_centre</value></Data><Data name="building"><value>yes</value></Data><Data name="name"><value>Centro Sprar Enea</value></Data><Data name="type"><value>multipolygon</value></Data><Data name="@geometry"><value>center</value></Data></ExtendedData><Point><coordinates>12.380511,41.9166771</coordinates></Point></Placemark><Placemark><name>Centro Civico &quot;Bachelet&quot;</name><ExtendedData><Data name="@id"><value>relation/8834066</value></Data><Data name="addr:city"><value>Caslino d'Erba</value></Data><Data name="addr:postcode"><value>22030</value></Data><Data name="addr:street"><value>Via Giuseppe Garibaldi</value></Data><Data name="amenity"><value>community_centre</value></Data><Data name="name"><value>Centro Civico &quot;Bachelet&quot;</value></Data><Data name="type"><value>multipolygon</value></Data><Data name="@geometry"><value>center</value></Data></ExtendedData><Point><coordinates>9.2249177,45.8390062</coordinates></Point></Placemark><Placemark><ExtendedData><Data name="@id"><value>relation/9545160</value></Data><Data name="amenity"><value>community_centre</value></Data><Data name="building"><value>yes</value></Data><Data name="note"><value>verificare se man_made=works</value></Data><Data name="type"><value>building</value></Data><Data name="@geometry"><value>center</value></Data></ExtendedData><Point><coordinates>12.1767335,45.9006542</coordinates></Point></Placemark><Placemark><name>Circolo Mare Bunazz</name><ExtendedData><Data name="@id"><value>relation/9833305</value></Data><Data name="amenity"><value>community_centre</value></Data><Data name="community_centre"><value>club_home</value></Data><Data name="name"><value>Circolo Mare Bunazz</value></Data><Data name="social_facility"><value>outreach</value></Data><Data name="type"><value>multipolygon</value></Data><Data name="@geometry"><value>center</value></Data></ExtendedData><Point><coordinates>13.8880997,42.9518943</coordinates></Point></Placemark><Placemark><name>Oratorio Beato Innocenzo XI</name><ExtendedData><Data name="@id"><value>relation/10342400</value></Data><Data name="amenity"><value>community_centre</value></Data><Data name="type"><value>multipolygon</value></Data><Data name="name"><value>Oratorio Beato Innocenzo XI</value></Data><Data name="@geometry"><value>center</value></Data></ExtendedData><Point><coordinates>12.1657255,42.1037338</coordinates></Point></Placemark><Placemark><name>Oratorio Santi Luigi e Domenico</name><ExtendedData><Data name="@id"><value>relation/10398187</value></Data><Data name="amenity"><value>community_centre</value></Data><Data name="name"><value>Oratorio Santi Luigi e Domenico</value></Data><Data name="type"><value>multipolygon</value></Data><Data name="@geometry"><value>center</value></Data></ExtendedData><Point><coordinates>9.4850074,45.5408281</coordinates></Point></Placemark><Placemark><name>Rifugio Sant'Anna</name><ExtendedData><Data name="@id"><value>relation/10755380</value></Data><Data name="amenity"><value>community_centre</value></Data><Data name="name"><value>Rifugio Sant'Anna</value></Data><Data name="type"><value>multipolygon</value></Data><Data name="@geometry"><value>center</value></Data></ExtendedData><Point><coordinates>10.8937326,43.0481199</coordinates></Point></Placemark><Placemark><name>Oratorio San Gerolamo Emiliani</name><ExtendedData><Data name="@id"><value>relation/11298954</value></Data><Data name="amenity"><value>community_centre</value></Data><Data name="name"><value>Oratorio San Gerolamo Emiliani</value></Data><Data name="type"><value>multipolygon</value></Data><Data name="@geometry"><value>center</value></Data></ExtendedData><Point><coordinates>9.245383,45.5006336</coordinates></Point></Placemark><Placemark><name>Cala Felice beach club</name><ExtendedData><Data name="@id"><value>relation/11298960</value></Data><Data name="website"><value>http://calafelice.info/</value></Data><Data name="amenity"><value>nightclub</value></Data><Data name="landuse"><value>recreation_ground</value></Data><Data name="name"><value>Cala Felice beach club</value></Data><Data name="restaurant"><value>yes</value></Data><Data name="smoking"><value>outside</value></Data><Data name="type"><value>multipolygon</value></Data><Data name="@geometry"><value>center</value></Data></ExtendedData><Point><coordinates>10.7805114,42.8823139</coordinates></Point></Placemark><Placemark><name>Oratorio San Filippo Neri</name><ExtendedData><Data name="@id"><value>relation/11376256</value></Data><Data name="amenity"><value>community_centre</value></Data><Data name="name"><value>Oratorio San Filippo Neri</value></Data><Data name="type"><value>multipolygon</value></Data><Data name="@geometry"><value>center</value></Data></ExtendedData><Point><coordinates>9.3737042,45.5652553</coordinates></Point></Placemark><Placemark><name>Oratorio di Pescarenico</name><ExtendedData><Data name="@id"><value>relation/11594555</value></Data><Data name="amenity"><value>community_centre</value></Data><Data name="name"><value>Oratorio di Pescarenico</value></Data><Data name="type"><value>multipolygon</value></Data><Data name="@geometry"><value>center</value></Data></ExtendedData><Point><coordinates>9.4018651,45.8429307</coordinates></Point></Placemark><Placemark><name>Ex Oratorio Femminile di Palosco</name><ExtendedData><Data name="@id"><value>relation/11818062</value></Data><Data name="amenity"><value>community_centre</value></Data><Data name="name"><value>Ex Oratorio Femminile di Palosco</value></Data><Data name="building"><value>yes</value></Data><Data name="type"><value>multipolygon</value></Data><Data name="@geometry"><value>center</value></Data></ExtendedData><Point><coordinates>9.83984,45.5856316</coordinates></Point></Placemark><Placemark><name>Oratorio di Colzate</name><ExtendedData><Data name="@id"><value>relation/12193911</value></Data><Data name="amenity"><value>community_centre</value></Data><Data name="type"><value>multipolygon</value></Data><Data name="name"><value>Oratorio di Colzate</value></Data><Data name="@geometry"><value>center</value></Data></ExtendedData><Point><coordinates>9.8564737,45.8155761</coordinates></Point></Placemark><Placemark><name>CIASA</name><ExtendedData><Data name="@id"><value>relation/12405632</value></Data><Data name="alt_name"><value>C.I.A.S.A.</value></Data><Data name="amenity"><value>community_centre</value></Data><Data name="community_centre"><value>cultural_centre</value></Data><Data name="community_centre:for"><value>senior</value></Data><Data name="name"><value>CIASA</value></Data><Data name="type"><value>multipolygon</value></Data><Data name="@geometry"><value>center</value></Data></ExtendedData><Point><coordinates>10.5245923,42.9344259</coordinates></Point></Placemark><Placemark><name>Centro Polifunzionale</name><ExtendedData><Data name="@id"><value>relation/12575166</value></Data><Data name="amenity"><value>social_centre</value></Data><Data name="construction_date"><value>2009</value></Data><Data name="name"><value>Centro Polifunzionale</value></Data><Data name="operator"><value>Comune di Bussero</value></Data><Data name="operator:type"><value>public</value></Data><Data name="start_date"><value>2020-10</value></Data><Data name="type"><value>multipolygon</value></Data><Data name="@geometry"><value>center</value></Data></ExtendedData><Point><coordinates>9.3771928,45.530278</coordinates></Point></Placemark><Placemark><name>Centro Sociale Auser I Tre Saggi</name><ExtendedData><Data name="@id"><value>relation/12586716</value></Data><Data name="access"><value>customers</value></Data><Data name="addr:city"><value>Follonica</value></Data><Data name="addr:housename"><value>Centro Commerciale 167 Ovest</value></Data><Data name="addr:postcode"><value>58022</value></Data><Data name="addr:street"><value>Via Pietro Nenni</value></Data><Data name="amenity"><value>community_centre</value></Data><Data name="community_centre"><value>social_centre</value></Data><Data name="community_centre:for"><value>senior</value></Data><Data name="contact:phone"><value>+39 0566 55934</value></Data><Data name="indoor"><value>room</value></Data><Data name="level"><value>-1</value></Data><Data name="name"><value>Centro Sociale Auser I Tre Saggi</value></Data><Data name="opening_hours"><value>Mo-Sa 14:00-19:00 || Th 15:00-17:00 open &quot;per tesseramento&quot;</value></Data><Data name="operator"><value>Auser Toscana</value></Data><Data name="start_date"><value>1992</value></Data><Data name="type"><value>multipolygon</value></Data><Data name="@geometry"><value>center</value></Data></ExtendedData><Point><coordinates>10.7568341,42.9310439</coordinates></Point></Placemark><Placemark><name>Comitato Soci Follonica</name><description>Sezione Soci Follonica - Castiglione della Pescaia</description><ExtendedData><Data name="@id"><value>relation/12603760</value></Data><Data name="access"><value>customers</value></Data><Data name="addr:city"><value>Follonica</value></Data><Data name="addr:housename"><value>Centro Commerciale Coop</value></Data><Data name="addr:postcode"><value>58022</value></Data><Data name="addr:street"><value>Via Mario Chirici</value></Data><Data name="amenity"><value>community_centre</value></Data><Data name="community_centre"><value>meeting_room</value></Data><Data name="description"><value>Sezione Soci Follonica - Castiglione della Pescaia</value></Data><Data name="indoor"><value>room</value></Data><Data name="level"><value>0</value></Data><Data name="name"><value>Comitato Soci Follonica</value></Data><Data name="operator"><value>Unicoop Tirreno</value></Data><Data name="type"><value>multipolygon</value></Data><Data name="website"><value>https://www.unicooptirreno.it/content/sezione-soci-follonica-castiglione-della-pescaia</value></Data><Data name="@geometry"><value>center</value></Data></ExtendedData><Point><coordinates>10.7654103,42.9281244</coordinates></Point></Placemark><Placemark><name>Centro Giovanile Parrocchiale</name><ExtendedData><Data name="@id"><value>relation/12920155</value></Data><Data name="amenity"><value>community_centre</value></Data><Data name="building"><value>yes</value></Data><Data name="name"><value>Centro Giovanile Parrocchiale</value></Data><Data name="type"><value>multipolygon</value></Data><Data name="@geometry"><value>center</value></Data></ExtendedData><Point><coordinates>9.6953568,40.5748584</coordinates></Point></Placemark><Placemark><name>Sciarra Party Festivita</name><ExtendedData><Data name="@id"><value>relation/13292834</value></Data><Data name="addr:city"><value>Spoltore</value></Data><Data name="addr:street"><value>Via Majella</value></Data><Data name="amenity"><value>nightclub</value></Data><Data name="name"><value>Sciarra Party Festivita</value></Data><Data name="phone"><value>+39 085 497 1148</value></Data><Data name="type"><value>multipolygon</value></Data><Data name="@geometry"><value>center</value></Data></ExtendedData><Point><coordinates>14.158835,42.4203212</coordinates></Point></Placemark><Placemark><name>Dancing Discoteca 'Il Dollaro'</name><ExtendedData><Data name="@id"><value>relation/13296480</value></Data><Data name="name"><value>Dancing Discoteca 'Il Dollaro'</value></Data><Data name="opening_hours"><value>Sa, Su, We 21:00-03:00</value></Data><Data name="addr:city"><value>Cepagatti</value></Data><Data name="addr:housenumber"><value>70</value></Data><Data name="addr:postcode"><value>65012</value></Data><Data name="addr:street"><value>Via Nazionale</value></Data><Data name="amenity"><value>nightclub</value></Data><Data name="contact:phone"><value>+39 335 104 0612</value></Data><Data name="facebook"><value>https://it-it.facebook.com/dollaro.discotecaliscio</value></Data><Data name="outdoor_seating"><value>yes</value></Data><Data name="phone"><value>+39 085 977 1589</value></Data><Data name="type"><value>multipolygon</value></Data><Data name="website"><value>https://discotecaildollaro.it</value></Data><Data name="@geometry"><value>center</value></Data></ExtendedData><Point><coordinates>14.1529561,42.4141616</coordinates></Point></Placemark><Placemark><name>Sala Santa Rita</name><ExtendedData><Data name="@id"><value>relation/13402939</value></Data><Data name="wikipedia"><value>it:Chiesa di Santa Rita da Cascia in Campitelli</value></Data><Data name="amenity"><value>community_centre</value></Data><Data name="building"><value>yes</value></Data><Data name="name"><value>Sala Santa Rita</value></Data><Data name="old_name"><value>Santa Rita da Cascia</value></Data><Data name="type"><value>multipolygon</value></Data><Data name="wikidata"><value>Q3674205</value></Data><Data name="@geometry"><value>center</value></Data></ExtendedData><Point><coordinates>12.4800061,41.8926086</coordinates></Point></Placemark><Placemark><name>Real Dance</name><ExtendedData><Data name="@id"><value>relation/13460704</value></Data><Data name="type"><value>multipolygon</value></Data><Data name="name"><value>Real Dance</value></Data><Data name="leisure"><value>dance</value></Data><Data name="barrier"><value>fence</value></Data><Data name="amenity"><value>nightclub</value></Data><Data name="@geometry"><value>center</value></Data></ExtendedData><Point><coordinates>14.3478275,42.3082259</coordinates></Point></Placemark><Placemark><name>Giardino di Elisabetta</name><ExtendedData><Data name="@id"><value>relation/13473432</value></Data><Data name="alt_name"><value>Ex lavatoi di Viaccia</value></Data><Data name="amenity"><value>community_centre</value></Data><Data name="name"><value>Giardino di Elisabetta</value></Data><Data name="type"><value>multipolygon</value></Data><Data name="wikimedia_commons"><value>Category:Lavatoi del XVIII secolo (Viaccia)</value></Data><Data name="@geometry"><value>center</value></Data></ExtendedData><Point><coordinates>11.0556597,43.8971862</coordinates></Point></Placemark><Placemark><name>Centro polifunzionale &quot;San Zeno&quot;</name><ExtendedData><Data name="@id"><value>relation/13489838</value></Data><Data name="type"><value>multipolygon</value></Data><Data name="name"><value>Centro polifunzionale &quot;San Zeno&quot;</value></Data><Data name="building"><value>yes</value></Data><Data name="amenity"><value>community_centre</value></Data><Data name="@geometry"><value>center</value></Data></ExtendedData><Point><coordinates>10.4044556,43.7218576</coordinates></Point></Placemark><Placemark><name>Oratorio Sacro Cuore</name><ExtendedData><Data name="@id"><value>relation/13507909</value></Data><Data name="amenity"><value>community_centre</value></Data><Data name="loc_name"><value>Oratorio Melzo</value></Data><Data name="name"><value>Oratorio Sacro Cuore</value></Data><Data name="type"><value>multipolygon</value></Data><Data name="@geometry"><value>center</value></Data></ExtendedData><Point><coordinates>9.4315551,45.498723</coordinates></Point></Placemark><Placemark><name>Oratorio San Luigi</name><ExtendedData><Data name="@id"><value>relation/13728636</value></Data><Data name="alt_name"><value>Oratorio di Trezzo</value></Data><Data name="amenity"><value>community_centre</value></Data><Data name="name"><value>Oratorio San Luigi</value></Data><Data name="type"><value>multipolygon</value></Data><Data name="@geometry"><value>center</value></Data></ExtendedData><Point><coordinates>9.5152856,45.6072684</coordinates></Point></Placemark><Placemark><name>Gran Pino</name><ExtendedData><Data name="@id"><value>relation/14164842</value></Data><Data name="amenity"><value>community_centre</value></Data><Data name="community_centre"><value>environment_centre</value></Data><Data name="name"><value>Gran Pino</value></Data><Data name="operator"><value>Gruppo Italiano Amici della Natura</value></Data><Data name="type"><value>multipolygon</value></Data><Data name="website"><value>https://www.granpino.it</value></Data><Data name="@geometry"><value>center</value></Data></ExtendedData><Point><coordinates>10.483132,43.3100554</coordinates></Point></Placemark><Placemark><name>Centro Civico Giovanni XXIII</name><ExtendedData><Data name="@id"><value>relation/14558440</value></Data><Data name="amenity"><value>community_centre</value></Data><Data name="building"><value>civic</value></Data><Data name="name"><value>Centro Civico Giovanni XXIII</value></Data><Data name="operator"><value>Nuova Associazione Quartiere Giardino</value></Data><Data name="type"><value>multipolygon</value></Data><Data name="@geometry"><value>center</value></Data></ExtendedData><Point><coordinates>9.0855497,45.4379389</coordinates></Point></Placemark><Placemark><name>Padiglione Polifunzionale di Agugliaro</name><ExtendedData><Data name="@id"><value>relation/14921442</value></Data><Data name="amenity"><value>community_centre</value></Data><Data name="name"><value>Padiglione Polifunzionale di Agugliaro</value></Data><Data name="type"><value>building</value></Data><Data name="@geometry"><value>center</value></Data></ExtendedData><Point><coordinates>11.5859156,45.3257828</coordinates></Point></Placemark><Placemark><name>Oratorio Parrocchiale</name><ExtendedData><Data name="@id"><value>relation/15050609</value></Data><Data name="amenity"><value>community_centre</value></Data><Data name="name"><value>Oratorio Parrocchiale</value></Data><Data name="operator"><value>Parrocchia San Giovanni Battista</value></Data><Data name="operator:type"><value>religious</value></Data><Data name="type"><value>multipolygon</value></Data><Data name="@geometry"><value>center</value></Data></ExtendedData><Point><coordinates>11.3440585,45.6132706</coordinates></Point></Placemark><Placemark><name>Centro Civico</name><ExtendedData><Data name="@id"><value>way/26623911</value></Data><Data name="amenity"><value>community_centre</value></Data><Data name="building"><value>yes</value></Data><Data name="name"><value>Centro Civico</value></Data><Data name="@geometry"><value>center</value></Data></ExtendedData><Point><coordinates>11.1420504,46.0766304</coordinates></Point></Placemark><Placemark><name>Saitta Dancing</name><ExtendedData><Data name="@id"><value>way/27779206</value></Data><Data name="amenity"><value>nightclub</value></Data><Data name="name"><value>Saitta Dancing</value></Data><Data name="@geometry"><value>center</value></Data></ExtendedData><Point><coordinates>8.2552993,44.1221507</coordinates></Point></Placemark><Placemark><name>Aree Sporting Club</name><ExtendedData><Data name="@id"><value>way/29062400</value></Data><Data name="note"><value>Area ex Discoteca Sporting Club</value></Data><Data name="name"><value>Aree Sporting Club</value></Data><Data name="landuse"><value>recreation_ground</value></Data><Data name="amenity"><value>nightclub</value></Data><Data name="@geometry"><value>center</value></Data></ExtendedData><Point><coordinates>8.3401165,44.1834649</coordinates></Point></Placemark><Placemark><name>CAM Sandro Lopopolo</name><ExtendedData><Data name="@id"><value>way/31075747</value></Data><Data name="amenity"><value>community_centre</value></Data><Data name="building"><value>yes</value></Data><Data name="name"><value>CAM Sandro Lopopolo</value></Data><Data name="name:etymology"><value>Sandro Lopopolo</value></Data><Data name="name:etymology:wikidata"><value>Q119073</value></Data><Data name="name:etymology:wikipedia"><value>it:Sandro Lopopolo</value></Data><Data name="source"><value>bing</value></Data><Data name="@geometry"><value>center</value></Data></ExtendedData><Point><coordinates>9.1363613,45.5162882</coordinates></Point></Placemark><Placemark><name>Urban Center</name><ExtendedData><Data name="@id"><value>way/31141682</value></Data><Data name="addr:city"><value>Monza</value></Data><Data name="addr:country"><value>IT</value></Data><Data name="addr:housenumber"><value>8</value></Data><Data name="addr:postcode"><value>20900</value></Data><Data name="addr:street"><value>Via Filippo Turati</value></Data><Data name="amenity"><value>community_centre</value></Data><Data name="building"><value>public</value></Data><Data name="building:levels"><value>3</value></Data><Data name="name"><value>Urban Center</value></Data><Data name="start_date"><value>1934</value></Data><Data name="wikidata"><value>Q4006358</value></Data><Data name="wikipedia"><value>it:Urban Center</value></Data><Data name="@geometry"><value>center</value></Data></ExtendedData><Point><coordinates>9.2745024,45.5771484</coordinates></Point></Placemark><Placemark><name>Oratorio</name><ExtendedData><Data name="@id"><value>way/31287649</value></Data><Data name="amenity"><value>community_centre</value></Data><Data name="building"><value>yes</value></Data><Data name="name"><value>Oratorio</value></Data><Data name="@geometry"><value>center</value></Data></ExtendedData><Point><coordinates>11.0217959,45.8863013</coordinates></Point></Placemark><Placemark><name>Ludoteca Giocagulp</name><ExtendedData><Data name="@id"><value>way/34830193</value></Data><Data name="amenity"><value>community_centre</value></Data><Data name="building"><value>yes</value></Data><Data name="name"><value>Ludoteca Giocagulp</value></Data><Data name="@geometry"><value>center</value></Data></ExtendedData><Point><coordinates>9.6942628,45.7125273</coordinates></Point></Placemark><Placemark><name>Casa del Popolo</name><ExtendedData><Data name="@id"><value>way/35945459</value></Data><Data name="amenity"><value>community_centre</value></Data><Data name="building"><value>yes</value></Data><Data name="height"><value>9 m</value></Data><Data name="it:fvg:ctrn:code"><value>4AED</value></Data><Data name="it:fvg:ctrn:revision"><value>000</value></Data><Data name="name"><value>Casa del Popolo</value></Data><Data name="@geometry"><value>center</value></Data></ExtendedData><Point><coordinates>12.8029863,46.520496</coordinates></Point></Placemark><Placemark><name>Centro socio culturale</name><ExtendedData><Data name="@id"><value>way/35986806</value></Data><Data name="amenity"><value>community_centre</value></Data><Data name="building"><value>yes</value></Data><Data name="height"><value>14 m</value></Data><Data name="it:fvg:ctrn:code"><value>4AED</value></Data><Data name="it:fvg:ctrn:revision"><value>000</value></Data><Data name="name"><value>Centro socio culturale</value></Data><Data name="@geometry"><value>center</value></Data></ExtendedData><Point><coordinates>12.8648841,46.4845387</coordinates></Point></Placemark><Placemark><name>Casa del Popolo</name><ExtendedData><Data name="@id"><value>way/35992151</value></Data><Data name="amenity"><value>community_centre</value></Data><Data name="building"><value>yes</value></Data><Data name="height"><value>9 m</value></Data><Data name="it:fvg:ctrn:code"><value>4AED</value></Data><Data name="it:fvg:ctrn:revision"><value>000</value></Data><Data name="name"><value>Casa del Popolo</value></Data><Data name="@geometry"><value>center</value></Data></ExtendedData><Point><coordinates>12.9318253,46.4233934</coordinates></Point></Placemark><Placemark><name>Polse di Cougnes</name><ExtendedData><Data name="@id"><value>way/36014285</value></Data><Data name="amenity"><value>social_centre</value></Data><Data name="building"><value>yes</value></Data><Data name="height"><value>15 m</value></Data><Data name="it:fvg:ctrn:code"><value>4AED</value></Data><Data name="it:fvg:ctrn:revision"><value>1AN</value></Data><Data name="name"><value>Polse di Cougnes</value></Data><Data name="website"><value>http://www.lapolse.org</value></Data><Data name="@geometry"><value>center</value></Data></ExtendedData><Point><coordinates>13.0120134,46.4694673</coordinates></Point></Placemark><Placemark><name>Centro Culturale</name><ExtendedData><Data name="@id"><value>way/36019674</value></Data><Data name="addr:city"><value>Tarvisio</value></Data><Data name="addr:country"><value>IT</value></Data><Data name="addr:housenumber"><value>1</value></Data><Data name="addr:postcode"><value>33018</value></Data><Data name="addr:street"><value>Via Giovanni Paolo Secondo</value></Data><Data name="amenity"><value>community_centre</value></Data><Data name="building"><value>yes</value></Data><Data name="height"><value>6 m</value></Data><Data name="it:fvg:ctrn:code"><value>4AED</value></Data><Data name="it:fvg:ctrn:revision"><value>000</value></Data><Data name="name"><value>Centro Culturale</value></Data><Data name="operator"><value>Comune di Tarvisio</value></Data><Data name="@geometry"><value>center</value></Data></ExtendedData><Point><coordinates>13.5805353,46.5051651</coordinates></Point></Placemark><Placemark><name>Baita Alpina A.N.A. Val Resia Cavalier Enzo Lettig</name><ExtendedData><Data name="@id"><value>way/36033371</value></Data><Data name="amenity"><value>social_centre</value></Data><Data name="building"><value>yes</value></Data><Data name="height"><value>2 m</value></Data><Data name="it:fvg:ctrn:code"><value>4AED</value></Data><Data name="it:fvg:ctrn:revision"><value>000</value></Data><Data name="name"><value>Baita Alpina A.N.A. Val Resia Cavalier Enzo Lettig</value></Data><Data name="@geometry"><value>center</value></Data></ExtendedData><Point><coordinates>13.3046092,46.3899104</coordinates></Point></Placemark><Placemark><name>Associazione Nazionale Alpini</name><ExtendedData><Data name="@id"><value>way/36034980</value></Data><Data name="amenity"><value>social_centre</value></Data><Data name="building"><value>yes</value></Data><Data name="height"><value>3 m</value></Data><Data name="it:fvg:ctrn:code"><value>4AED</value></Data><Data name="it:fvg:ctrn:revision"><value>1A0</value></Data><Data name="name"><value>Associazione Nazionale Alpini</value></Data><Data name="@geometry"><value>center</value></Data></ExtendedData><Point><coordinates>13.1353474,46.3326085</coordinates></Point></Placemark><Placemark><name>Centro parrocchiale Glemonensis</name><ExtendedData><Data name="@id"><value>way/36037026</value></Data><Data name="amenity"><value>social_centre</value></Data><Data name="building"><value>yes</value></Data><Data name="height"><value>9 m</value></Data><Data name="it:fvg:ctrn:code"><value>4AED</value></Data><Data name="it:fvg:ctrn:revision"><value>1A0</value></Data><Data name="name"><value>Centro parrocchiale Glemonensis</value></Data><Data name="@geometry"><value>center</value></Data></ExtendedData><Point><coordinates>13.1346394,46.2787937</coordinates></Point></Placemark><Placemark><name>A.N.A. Sezione di Gemona</name><ExtendedData><Data name="@id"><value>way/36037595</value></Data><Data name="amenity"><value>social_centre</value></Data><Data name="building"><value>yes</value></Data><Data name="height"><value>3 m</value></Data><Data name="it:fvg:ctrn:code"><value>4AED</value></Data><Data name="it:fvg:ctrn:revision"><value>1A0</value></Data><Data name="name"><value>A.N.A. Sezione di Gemona</value></Data><Data name="@geometry"><value>center</value></Data></ExtendedData><Point><coordinates>13.1390932,46.2816866</coordinates></Point></Placemark><Placemark><name>Centro parrocchiale Salcons</name><ExtendedData><Data name="@id"><value>way/36037788</value></Data><Data name="amenity"><value>community_centre</value></Data><Data name="building"><value>yes</value></Data><Data name="height"><value>11 m</value></Data><Data name="it:fvg:ctrn:code"><value>4AED</value></Data><Data name="it:fvg:ctrn:revision"><value>1AM</value></Data><Data name="name"><value>Centro parrocchiale Salcons</value></Data><Data name="@geometry"><value>center</value></Data></ExtendedData><Point><coordinates>13.1337933,46.278189</coordinates></Point></Placemark><Placemark><name>L'Associazione Sportiva e Ricreativa Stalis</name><ExtendedData><Data name="@id"><value>way/36037887</value></Data><Data name="amenity"><value>social_centre</value></Data><Data name="building"><value>yes</value></Data><Data name="height"><value>3 m</value></Data><Data name="it:fvg:ctrn:code"><value>4AED</value></Data><Data name="it:fvg:ctrn:revision"><value>1AM</value></Data><Data name="name"><value>L'Associazione Sportiva e Ricreativa Stalis</value></Data><Data name="website"><value>http://associazionelaserstalis.blogspot.it/</value></Data><Data name="@geometry"><value>center</value></Data></ExtendedData><Point><coordinates>13.1394696,46.291319</coordinates></Point></Placemark><Placemark><name>Centro Socio Culturale di Godo</name><ExtendedData><Data name="@id"><value>way/36038670</value></Data><Data name="amenity"><value>social_centre</value></Data><Data name="building"><value>yes</value></Data><Data name="height"><value>4 m</value></Data><Data name="it:fvg:ctrn:code"><value>4AED</value></Data><Data name="it:fvg:ctrn:revision"><value>1A0</value></Data><Data name="name"><value>Centro Socio Culturale di Godo</value></Data><Data name="@geometry"><value>center</value></Data></ExtendedData><Point><coordinates>13.1395639,46.2706076</coordinates></Point></Placemark><Placemark><name>Club Alpino Italiano - sezione di Gemona del Friuli</name><ExtendedData><Data name="@id"><value>way/36038842</value></Data><Data name="name"><value>Club Alpino Italiano - sezione di Gemona del Friuli</value></Data><Data name="it:fvg:ctrn:revision"><value>1A0</value></Data><Data name="it:fvg:ctrn:code"><value>4AED</value></Data><Data name="height"><value>7 m</value></Data><Data name="building"><value>yes</value></Data><Data name="amenity"><value>social_centre</value></Data><Data name="email"><value>gemonadelfriuli@cai.it</value></Data><Data name="office"><value>association</value></Data><Data name="website"><value>http://www.caigemona.it/</value></Data><Data name="@geometry"><value>center</value></Data></ExtendedData><Point><coordinates>13.1512559,46.2629619</coordinates></Point></Placemark><Placemark><name>Associazione Taboga 13</name><ExtendedData><Data name="@id"><value>way/36039332</value></Data><Data name="amenity"><value>community_centre</value></Data><Data name="building"><value>yes</value></Data><Data name="height"><value>4 m</value></Data><Data name="it:fvg:ctrn:code"><value>4AED</value></Data><Data name="it:fvg:ctrn:revision"><value>1AM</value></Data><Data name="name"><value>Associazione Taboga 13</value></Data><Data name="@geometry"><value>center</value></Data></ExtendedData><Point><coordinates>13.1100954,46.2668015</coordinates></Point></Placemark><Placemark><name>Circolo ricreativo culturale di Campolessi &quot;Il Farc&quot;</name><ExtendedData><Data name="@id"><value>way/36040210</value></Data><Data name="amenity"><value>social_centre</value></Data><Data name="building"><value>yes</value></Data><Data name="height"><value>3 m</value></Data><Data name="it:fvg:ctrn:code"><value>4AED</value></Data><Data name="it:fvg:ctrn:revision"><value>1AM</value></Data><Data name="name"><value>Circolo ricreativo culturale di Campolessi &quot;Il Farc&quot;</value></Data><Data name="@geometry"><value>center</value></Data></ExtendedData><Point><coordinates>13.1176346,46.2531781</coordinates></Point></Placemark><Placemark><name>Associazione Nazionale Alpini gruppo di Ospedaletto</name><ExtendedData><Data name="@id"><value>way/36041204</value></Data><Data name="amenity"><value>social_centre</value></Data><Data name="building"><value>yes</value></Data><Data name="height"><value>3 m</value></Data><Data name="it:fvg:ctrn:code"><value>4AED</value></Data><Data name="it:fvg:ctrn:revision"><value>1AN</value></Data><Data name="name"><value>Associazione Nazionale Alpini gruppo di Ospedaletto</value></Data><Data name="@geometry"><value>center</value></Data></ExtendedData><Point><coordinates>13.1206127,46.2953976</coordinates></Point></Placemark><Placemark><name>Onyx</name><ExtendedData><Data name="@id"><value>way/36042560</value></Data><Data name="amenity"><value>nightclub</value></Data><Data name="building"><value>yes</value></Data><Data name="height"><value>6 m</value></Data><Data name="it:fvg:ctrn:code"><value>4AED</value></Data><Data name="it:fvg:ctrn:revision"><value>1A0</value></Data><Data name="name"><value>Onyx</value></Data><Data name="@geometry"><value>center</value></Data></ExtendedData><Point><coordinates>13.0673592,46.2205124</coordinates></Point></Placemark><Placemark><ExtendedData><Data name="@id"><value>way/36049902</value></Data><Data name="amenity"><value>community_centre</value></Data><Data name="building"><value>yes</value></Data><Data name="height"><value>7 m</value></Data><Data name="it:fvg:ctrn:code"><value>4AED</value></Data><Data name="it:fvg:ctrn:revision"><value>1A0</value></Data><Data name="@geometry"><value>center</value></Data></ExtendedData><Point><coordinates>13.1772398,46.2316899</coordinates></Point></Placemark><Placemark><name>Centro della comunità</name><ExtendedData><Data name="@id"><value>way/36052211</value></Data><Data name="amenity"><value>community_centre</value></Data><Data name="building"><value>yes</value></Data><Data name="height"><value>4 m</value></Data><Data name="it:fvg:ctrn:code"><value>4AED</value></Data><Data name="it:fvg:ctrn:revision"><value>1A0</value></Data><Data name="name"><value>Centro della comunità</value></Data><Data name="@geometry"><value>center</value></Data></ExtendedData><Point><coordinates>13.3441737,46.2066231</coordinates></Point></Placemark><Placemark><name>La Bella Vista Club</name><ExtendedData><Data name="@id"><value>way/36068046</value></Data><Data name="amenity"><value>community_centre</value></Data><Data name="building"><value>yes</value></Data><Data name="height"><value>10 m</value></Data><Data name="it:fvg:ctrn:code"><value>4AED</value></Data><Data name="it:fvg:ctrn:revision"><value>1AN</value></Data><Data name="name"><value>La Bella Vista Club</value></Data><Data name="@geometry"><value>center</value></Data></ExtendedData><Point><coordinates>12.6093295,46.0280614</coordinates></Point></Placemark><Placemark><name>Oratorio</name><ExtendedData><Data name="@id"><value>way/36087230</value></Data><Data name="amenity"><value>community_centre</value></Data><Data name="building"><value>yes</value></Data><Data name="height"><value>4 m</value></Data><Data name="it:fvg:ctrn:code"><value>4AED</value></Data><Data name="it:fvg:ctrn:revision"><value>000</value></Data><Data name="name"><value>Oratorio</value></Data><Data name="@geometry"><value>center</value></Data></ExtendedData><Point><coordinates>12.9169083,46.1684549</coordinates></Point></Placemark><Placemark><name>Centro di aggregazione giovanile (ex latteria)</name><ExtendedData><Data name="@id"><value>way/36087502</value></Data><Data name="amenity"><value>community_centre</value></Data><Data name="building"><value>yes</value></Data><Data name="height"><value>8 m</value></Data><Data name="it:fvg:ctrn:code"><value>4AED</value></Data><Data name="it:fvg:ctrn:revision"><value>000</value></Data><Data name="name"><value>Centro di aggregazione giovanile (ex latteria)</value></Data><Data name="@geometry"><value>center</value></Data></ExtendedData><Point><coordinates>12.9208548,46.1679941</coordinates></Point></Placemark><Placemark><name>Centro parrocchiale</name><ExtendedData><Data name="@id"><value>way/36088166</value></Data><Data name="alt_name"><value>Centro Caritas</value></Data><Data name="amenity"><value>community_centre</value></Data><Data name="building"><value>yes</value></Data><Data name="height"><value>3 m</value></Data><Data name="it:fvg:ctrn:code"><value>4AED</value></Data><Data name="it:fvg:ctrn:revision"><value>000</value></Data><Data name="name"><value>Centro parrocchiale</value></Data><Data name="@geometry"><value>center</value></Data></ExtendedData><Point><coordinates>12.9449773,46.1820632</coordinates></Point></Placemark><Placemark><name>A.N.A Gruppo di Campeglio</name><ExtendedData><Data name="@id"><value>way/36162155</value></Data><Data name="amenity"><value>community_centre</value></Data><Data name="building"><value>yes</value></Data><Data name="height"><value>7 m</value></Data><Data name="it:fvg:ctrn:code"><value>4AED</value></Data><Data name="it:fvg:ctrn:revision"><value>1A0</value></Data><Data name="name"><value>A.N.A Gruppo di Campeglio</value></Data><Data name="@geometry"><value>center</value></Data></ExtendedData><Point><coordinates>13.3621782,46.13076</coordinates></Point></Placemark><Placemark><name>Villa Valentinis</name><ExtendedData><Data name="@id"><value>way/36184421</value></Data><Data name="amenity"><value>community_centre</value></Data><Data name="building"><value>yes</value></Data><Data name="height"><value>9 m</value></Data><Data name="it:fvg:ctrn:code"><value>4AED</value></Data><Data name="it:fvg:ctrn:revision"><value>1A0</value></Data><Data name="name"><value>Villa Valentinis</value></Data><Data name="@geometry"><value>center</value></Data></ExtendedData><Point><coordinates>13.1950568,46.1965286</coordinates></Point></Placemark><Placemark><name>Casa Masci</name><ExtendedData><Data name="@id"><value>way/36198565</value></Data><Data name="amenity"><value>social_centre</value></Data><Data name="building"><value>yes</value></Data><Data name="height"><value>3 m</value></Data><Data name="it:fvg:ctrn:code"><value>4AED</value></Data><Data name="it:fvg:ctrn:revision"><value>1AN</value></Data><Data name="name"><value>Casa Masci</value></Data><Data name="@geometry"><value>center</value></Data></ExtendedData><Point><coordinates>12.4922629,45.9640357</coordinates></Point></Placemark><Placemark><ExtendedData><Data name="@id"><value>way/36200860</value></Data><Data name="amenity"><value>community_centre</value></Data><Data name="building"><value>yes</value></Data><Data name="height"><value>9 m</value></Data><Data name="it:fvg:ctrn:code"><value>4AED</value></Data><Data name="it:fvg:ctrn:revision"><value>1A0</value></Data><Data name="@geometry"><value>center</value></Data></ExtendedData><Point><coordinates>12.5710644,45.9827604</coordinates></Point></Placemark><Placemark><name>Patatina cafè</name><ExtendedData><Data name="@id"><value>way/36211559</value></Data><Data name="amenity"><value>nightclub</value></Data><Data name="building"><value>yes</value></Data><Data name="height"><value>6 m</value></Data><Data name="it:fvg:ctrn:code"><value>4AED</value></Data><Data name="it:fvg:ctrn:revision"><value>1A0</value></Data><Data name="name"><value>Patatina cafè</value></Data><Data name="@geometry"><value>center</value></Data></ExtendedData><Point><coordinates>12.6311089,45.9958624</coordinates></Point></Placemark><Placemark><name>Royal</name><ExtendedData><Data name="@id"><value>way/36243654</value></Data><Data name="amenity"><value>nightclub</value></Data><Data name="building"><value>yes</value></Data><Data name="height"><value>6 m</value></Data><Data name="it:fvg:ctrn:code"><value>4AED</value></Data><Data name="it:fvg:ctrn:revision"><value>1A0</value></Data><Data name="name"><value>Royal</value></Data><Data name="@geometry"><value>center</value></Data></ExtendedData><Point><coordinates>12.7032394,45.9502756</coordinates></Point></Placemark><Placemark><name>Tio Disco</name><ExtendedData><Data name="@id"><value>way/36274288</value></Data><Data name="amenity"><value>nightclub</value></Data><Data name="building"><value>yes</value></Data><Data name="height"><value>9 m</value></Data><Data name="it:fvg:ctrn:code"><value>4AED</value></Data><Data name="it:fvg:ctrn:revision"><value>1A0</value></Data><Data name="name"><value>Tio Disco</value></Data><Data name="@geometry"><value>center</value></Data></ExtendedData><Point><coordinates>12.8754129,45.9407365</coordinates></Point></Placemark><Placemark><name>La Tana</name><ExtendedData><Data name="@id"><value>way/36282546</value></Data><Data name="amenity"><value>nightclub</value></Data><Data name="name"><value>La Tana</value></Data><Data name="building"><value>yes</value></Data><Data name="height"><value>8 m</value></Data><Data name="it:fvg:ctrn:code"><value>4AED</value></Data><Data name="it:fvg:ctrn:revision"><value>1AM</value></Data><Data name="@geometry"><value>center</value></Data></ExtendedData><Point><coordinates>12.8600964,45.8644331</coordinates></Point></Placemark><Placemark><ExtendedData><Data name="@id"><value>way/36283587</value></Data><Data name="amenity"><value>community_centre</value></Data><Data name="building"><value>yes</value></Data><Data name="height"><value>10 m</value></Data><Data name="it:fvg:ctrn:code"><value>4AED</value></Data><Data name="it:fvg:ctrn:revision"><value>1A0</value></Data><Data name="@geometry"><value>center</value></Data></ExtendedData><Point><coordinates>12.8524849,45.8963243</coordinates></Point></Placemark><Placemark><name>New Big Mama</name><ExtendedData><Data name="@id"><value>way/36386786</value></Data><Data name="name"><value>New Big Mama</value></Data><Data name="name:it"><value>Discoteca Dalí</value></Data><Data name="building"><value>yes</value></Data><Data name="amenity"><value>nightclub</value></Data><Data name="height"><value>8</value></Data><Data name="it:fvg:ctrn:code"><value>4AED</value></Data><Data name="it:fvg:ctrn:revision"><value>1A0</value></Data><Data name="@geometry"><value>center</value></Data></ExtendedData><Point><coordinates>13.3379157,45.8290241</coordinates></Point></Placemark><Placemark><name>Mini Mu</name><ExtendedData><Data name="@id"><value>way/36399608</value></Data><Data name="name"><value>Mini Mu</value></Data><Data name="amenity"><value>community_centre</value></Data><Data name="building"><value>yes</value></Data><Data name="height"><value>11 m</value></Data><Data name="it:fvg:ctrn:code"><value>4AED</value></Data><Data name="it:fvg:ctrn:revision"><value>1A0</value></Data><Data name="@geometry"><value>center</value></Data></ExtendedData><Point><coordinates>13.804712,45.6600003</coordinates></Point></Placemark><Placemark><name>Marijin dom Sveti Ivan</name><ExtendedData><Data name="@id"><value>way/36400216</value></Data><Data name="amenity"><value>community_centre</value></Data><Data name="building"><value>civic</value></Data><Data name="height"><value>10 m</value></Data><Data name="it:fvg:ctrn:code"><value>4AED</value></Data><Data name="it:fvg:ctrn:revision"><value>1A0</value></Data><Data name="name"><value>Marijin dom Sveti Ivan</value></Data><Data name="@geometry"><value>center</value></Data></ExtendedData><Point><coordinates>13.8062859,45.6581937</coordinates></Point></Placemark><Placemark><name>Centro Civico Valmaura</name><ExtendedData><Data name="@id"><value>way/36411853</value></Data><Data name="opening_hours:covid19"><value>open</value></Data><Data name="start_date"><value>2021-02-19</value></Data><Data name="operator:type"><value>public</value></Data><Data name="addr:city"><value>Trieste</value></Data><Data name="addr:housenumber"><value>1</value></Data><Data name="addr:postcode"><value>34148</value></Data><Data name="addr:street"><value>Via dei Macelli</value></Data><Data name="amenity"><value>community_centre</value></Data><Data name="building"><value>yes</value></Data><Data name="height"><value>10 m</value></Data><Data name="it:fvg:ctrn:code"><value>4AED</value></Data><Data name="it:fvg:ctrn:revision"><value>1A0</value></Data><Data name="name"><value>Centro Civico Valmaura</value></Data><Data name="operator"><value>Comune di Trieste</value></Data><Data name="@geometry"><value>center</value></Data></ExtendedData><Point><coordinates>13.7927941,45.6241756</coordinates></Point></Placemark><Placemark><name>Dancing Paradiso</name><ExtendedData><Data name="@id"><value>way/36412223</value></Data><Data name="amenity"><value>nightclub</value></Data><Data name="building"><value>yes</value></Data><Data name="height"><value>9 m</value></Data><Data name="it:fvg:ctrn:code"><value>4AED</value></Data><Data name="it:fvg:ctrn:revision"><value>1AM</value></Data><Data name="name"><value>Dancing Paradiso</value></Data><Data name="@geometry"><value>center</value></Data></ExtendedData><Point><coordinates>13.8130699,45.6193177</coordinates></Point></Placemark><Placemark><name>Casa della gioventù</name><ExtendedData><Data name="@id"><value>way/36421274</value></Data><Data name="amenity"><value>community_centre</value></Data><Data name="building"><value>industrial</value></Data><Data name="height"><value>8 m</value></Data><Data name="it:fvg:ctrn:code"><value>4AIN</value></Data><Data name="it:fvg:ctrn:revision"><value>1A0</value></Data><Data name="man_made"><value>works</value></Data><Data name="name"><value>Casa della gioventù</value></Data><Data name="@geometry"><value>center</value></Data></ExtendedData><Point><coordinates>13.1271568,46.2081147</coordinates></Point></Placemark><Placemark><name>Centro Polifunzionale</name><ExtendedData><Data name="@id"><value>way/36438360</value></Data><Data name="amenity"><value>community_centre</value></Data><Data name="building"><value>civic</value></Data><Data name="height"><value>7 m</value></Data><Data name="it:fvg:ctrn:code"><value>4AED</value></Data><Data name="name"><value>Centro Polifunzionale</value></Data><Data name="@geometry"><value>center</value></Data></ExtendedData><Point><coordinates>13.4886538,46.1297223</coordinates></Point></Placemark><Placemark><name>Oratorio Chions</name><ExtendedData><Data name="@id"><value>way/36447418</value></Data><Data name="amenity"><value>community_centre</value></Data><Data name="name"><value>Oratorio Chions</value></Data><Data name="operator"><value>Parrocchia</value></Data><Data name="@geometry"><value>center</value></Data></ExtendedData><Point><coordinates>12.7140354,45.8491451</coordinates></Point></Placemark><Placemark><name>Associazione Nazionale Alpini Val Pesarina</name><ExtendedData><Data name="@id"><value>way/36659873</value></Data><Data name="amenity"><value>community_centre</value></Data><Data name="building"><value>yes</value></Data><Data name="it:fvg:ctrn:code"><value>4AEC</value></Data><Data name="it:fvg:ctrn:revision"><value>000</value></Data><Data name="name"><value>Associazione Nazionale Alpini Val Pesarina</value></Data><Data name="@geometry"><value>center</value></Data></ExtendedData><Point><coordinates>12.8032916,46.520528</coordinates></Point></Placemark><Placemark><ExtendedData><Data name="@id"><value>way/36686690</value></Data><Data name="amenity"><value>community_centre</value></Data><Data name="building"><value>yes</value></Data><Data name="it:fvg:ctrn:code"><value>4ACU</value></Data><Data name="it:fvg:ctrn:revision"><value>1AM</value></Data><Data name="@geometry"><value>center</value></Data></ExtendedData><Point><coordinates>13.0406475,46.177851</coordinates></Point></Placemark><Placemark><name>Centro parrocchiale don Celeste</name><ExtendedData><Data name="@id"><value>way/36687432</value></Data><Data name="amenity"><value>community_centre</value></Data><Data name="building"><value>yes</value></Data><Data name="denomination"><value>catholic</value></Data><Data name="it:fvg:ctrn:code"><value>4ACU</value></Data><Data name="it:fvg:ctrn:revision"><value>1A0</value></Data><Data name="name"><value>Centro parrocchiale don Celeste</value></Data><Data name="religion"><value>christian</value></Data><Data name="@geometry"><value>center</value></Data></ExtendedData><Point><coordinates>13.0777949,46.2814225</coordinates></Point></Placemark><Placemark><name>Cantera Social Club</name><ExtendedData><Data name="@id"><value>way/36695248</value></Data><Data name="email"><value>info@cantera.it</value></Data><Data name="name"><value>Cantera Social Club</value></Data><Data name="website"><value>http://cantera.it/</value></Data><Data name="ref:vatin"><value>IT01127110326</value></Data><Data name="addr:city"><value>Duino Aurisina / Devin - Nabrežina</value></Data><Data name="addr:housenumber"><value>68</value></Data><Data name="addr:place"><value>Sistiana / Sesljan</value></Data><Data name="addr:postcode"><value>34011</value></Data><Data name="amenity"><value>nightclub</value></Data><Data name="building"><value>yes</value></Data><Data name="facebook"><value>https://www.facebook.com/canteraclubsistiana</value></Data><Data name="height"><value>3 m</value></Data><Data name="it:fvg:ctrn:code"><value>4AED</value></Data><Data name="it:fvg:ctrn:revision"><value>1A0</value></Data><Data name="opening_hours"><value>19:30-04:00</value></Data><Data name="phone:mobile"><value>+39 335 1287724</value></Data><Data name="@geometry"><value>center</value></Data></ExtendedData><Point><coordinates>13.6260392,45.7701479</coordinates></Point></Placemark><Placemark><name>Mr. Charlie</name><ExtendedData><Data name="@id"><value>way/36702500</value></Data><Data name="website"><value>https://www.mrcharlie.net/</value></Data><Data name="name"><value>Mr. Charlie</value></Data><Data name="height"><value>7 m</value></Data><Data name="email"><value>info@mrcharlie.net</value></Data><Data name="building"><value>yes</value></Data><Data name="amenity"><value>nightclub</value></Data><Data name="addr:street"><value>Viale Tagliamento</value></Data><Data name="addr:state"><value>Italia</value></Data><Data name="addr:city"><value>Lignano Sabbiadoro</value></Data><Data name="addr:hamlet"><value>Lignano Pineta</value></Data><Data name="addr:housenumber"><value>2</value></Data><Data name="addr:postcode"><value>33054</value></Data><Data name="addr:province"><value>Udine</value></Data><Data name="@geometry"><value>center</value></Data></ExtendedData><Point><coordinates>13.0908708,45.6666479</coordinates></Point></Placemark><Placemark><name>Kursaal Club</name><ExtendedData><Data name="@id"><value>way/36703962</value></Data><Data name="addr:city"><value>Lignano Sabbiadoro</value></Data><Data name="addr:hamlet"><value>Lignano Pineta</value></Data><Data name="addr:housenumber"><value>1</value></Data><Data name="addr:postcode"><value>33054</value></Data><Data name="addr:street"><value>Lungomare Riccardo Riva</value></Data><Data name="amenity"><value>nightclub</value></Data><Data name="name"><value>Kursaal Club</value></Data><Data name="phone"><value>+39 800 912 664</value></Data><Data name="smoking"><value>outside</value></Data><Data name="website"><value>https://m.facebook.com/kursaalclub</value></Data><Data name="building"><value>yes</value></Data><Data name="height"><value>11 m</value></Data><Data name="@geometry"><value>center</value></Data></ExtendedData><Point><coordinates>13.1081585,45.6620693</coordinates></Point></Placemark><Placemark><name>Lignano Tuna Club</name><ExtendedData><Data name="@id"><value>way/36706152</value></Data><Data name="name"><value>Lignano Tuna Club</value></Data><Data name="it:fvg:ctrn:revision"><value>1A0</value></Data><Data name="it:fvg:ctrn:code"><value>4AED</value></Data><Data name="height"><value>5 m</value></Data><Data name="building"><value>yes</value></Data><Data name="amenity"><value>community_centre</value></Data><Data name="@geometry"><value>center</value></Data></ExtendedData><Point><coordinates>13.1473126,45.6932783</coordinates></Point></Placemark><Placemark><name>Sala Circoscrizione</name><ExtendedData><Data name="@id"><value>way/39077047</value></Data><Data name="amenity"><value>community_centre</value></Data><Data name="building"><value>yes</value></Data><Data name="layer"><value>0</value></Data><Data name="name"><value>Sala Circoscrizione</value></Data><Data name="@geometry"><value>center</value></Data></ExtendedData><Point><coordinates>11.1460828,46.0481688</coordinates></Point></Placemark><Placemark><name>Centro Civico dell'Oltrefersina</name><ExtendedData><Data name="@id"><value>way/39092306</value></Data><Data name="addr:city"><value>Trento</value></Data><Data name="addr:housename"><value>Centro Civico dell'Oltrefersina</value></Data><Data name="addr:housenumber"><value>2/1</value></Data><Data name="addr:postcode"><value>38123</value></Data><Data name="addr:street"><value>Via la Clarina</value></Data><Data name="amenity"><value>community_centre</value></Data><Data name="building"><value>civic</value></Data><Data name="name"><value>Centro Civico dell'Oltrefersina</value></Data><Data name="@geometry"><value>center</value></Data></ExtendedData><Point><coordinates>11.1277466,46.0516408</coordinates></Point></Placemark><Placemark><ExtendedData><Data name="@id"><value>way/39749399</value></Data><Data name="club"><value>religion</value></Data><Data name="amenity"><value>community_centre</value></Data><Data name="building"><value>yes</value></Data><Data name="@geometry"><value>center</value></Data></ExtendedData><Point><coordinates>9.1981397,45.5083812</coordinates></Point></Placemark><Placemark><ExtendedData><Data name="@id"><value>way/40272807</value></Data><Data name="amenity"><value>community_centre</value></Data><Data name="building"><value>public</value></Data><Data name="community_centre"><value>community_hall</value></Data><Data name="@geometry"><value>center</value></Data></ExtendedData><Point><coordinates>12.6714565,43.9889876</coordinates></Point></Placemark><Placemark><name>Cascina Casale</name><ExtendedData><Data name="@id"><value>way/40766064</value></Data><Data name="amenity"><value>community_centre</value></Data><Data name="it:lombardia:ctrn:cascina:CS_ID"><value>387</value></Data><Data name="landuse"><value>village_green</value></Data><Data name="name"><value>Cascina Casale</value></Data><Data name="@geometry"><value>center</value></Data></ExtendedData><Point><coordinates>9.368352,45.5168273</coordinates></Point></Placemark><Placemark><name>Oratorio San Carlo</name><ExtendedData><Data name="@id"><value>way/41434773</value></Data><Data name="amenity"><value>community_centre</value></Data><Data name="building"><value>public</value></Data><Data name="denomination"><value>catholic</value></Data><Data name="name"><value>Oratorio San Carlo</value></Data><Data name="religion"><value>christian</value></Data><Data name="@geometry"><value>center</value></Data></ExtendedData><Point><coordinates>9.2369848,45.4701364</coordinates></Point></Placemark><Placemark><name>Chiesetta degli Alpini</name><ExtendedData><Data name="@id"><value>way/41558355</value></Data><Data name="amenity"><value>community_centre</value></Data><Data name="name"><value>Chiesetta degli Alpini</value></Data><Data name="operator"><value>Associazione Nazionale Alpini</value></Data><Data name="operator:type"><value>association</value></Data><Data name="source"><value>Regione Lombardia - La banca dati territoriali CTR10000 è prodotta da Regione Lombardia - Infrastruttura per l'Informazione Territoriale</value></Data><Data name="@geometry"><value>center</value></Data></ExtendedData><Point><coordinates>10.4975743,45.5915646</coordinates></Point></Placemark><Placemark><name>Centro polivalente per gli Anziani</name><ExtendedData><Data name="@id"><value>way/42132119</value></Data><Data name="amenity"><value>community_centre</value></Data><Data name="name"><value>Centro polivalente per gli Anziani</value></Data><Data name="@geometry"><value>center</value></Data></ExtendedData><Point><coordinates>18.2460549,40.2084868</coordinates></Point></Placemark><Placemark><name>Società Operaia Cattolica N.S. Assunta</name><ExtendedData><Data name="@id"><value>way/44014062</value></Data><Data name="amenity"><value>social_centre</value></Data><Data name="building"><value>yes</value></Data><Data name="name"><value>Società Operaia Cattolica N.S. Assunta</value></Data><Data name="source"><value>Regione Liguria</value></Data><Data name="@geometry"><value>center</value></Data></ExtendedData><Point><coordinates>8.9856933,44.4581462</coordinates></Point></Placemark><Placemark><name>Associazione Mutuo Soccorso La Concordia</name><ExtendedData><Data name="@id"><value>way/45137902</value></Data><Data name="name"><value>Associazione Mutuo Soccorso La Concordia</value></Data><Data name="amenity"><value>community_centre</value></Data><Data name="building"><value>yes</value></Data><Data name="@geometry"><value>center</value></Data></ExtendedData><Point><coordinates>8.9680393,44.4476308</coordinates></Point></Placemark><Placemark><ExtendedData><Data name="@id"><value>way/45774189</value></Data><Data name="amenity"><value>nightclub</value></Data><Data name="building"><value>yes</value></Data><Data name="@geometry"><value>center</value></Data></ExtendedData><Point><coordinates>12.6167306,37.6370154</coordinates></Point></Placemark><Placemark><name>Club Max</name><ExtendedData><Data name="@id"><value>way/48368363</value></Data><Data name="amenity"><value>nightclub</value></Data><Data name="building"><value>yes</value></Data><Data name="name"><value>Club Max</value></Data><Data name="@geometry"><value>center</value></Data></ExtendedData><Point><coordinates>11.6519383,46.7067791</coordinates></Point></Placemark><Placemark><name>Auditorium San Francesco</name><ExtendedData><Data name="@id"><value>way/49643505</value></Data><Data name="amenity"><value>community_centre</value></Data><Data name="building"><value>civic</value></Data><Data name="name"><value>Auditorium San Francesco</value></Data><Data name="@geometry"><value>center</value></Data></ExtendedData><Point><coordinates>8.1758358,45.3649863</coordinates></Point></Placemark><Placemark><name>Salone Parrocchiale</name><ExtendedData><Data name="@id"><value>way/49643512</value></Data><Data name="name"><value>Salone Parrocchiale</value></Data><Data name="amenity"><value>community_centre</value></Data><Data name="building"><value>civic</value></Data><Data name="@geometry"><value>center</value></Data></ExtendedData><Point><coordinates>8.1751724,45.3667384</coordinates></Point></Placemark><Placemark><name>Astoria</name><ExtendedData><Data name="@id"><value>way/56435692</value></Data><Data name="amenity"><value>nightclub</value></Data><Data name="building"><value>yes</value></Data><Data name="name"><value>Astoria</value></Data><Data name="operational_status"><value>abandoned</value></Data><Data name="@geometry"><value>center</value></Data></ExtendedData><Point><coordinates>9.8583409,45.7045998</coordinates></Point></Placemark><Placemark><name>Hangar 22</name><ExtendedData><Data name="@id"><value>way/57836681</value></Data><Data name="amenity"><value>nightclub</value></Data><Data name="building"><value>yes</value></Data><Data name="name"><value>Hangar 22</value></Data><Data name="@geometry"><value>center</value></Data></ExtendedData><Point><coordinates>15.0997756,37.5090792</coordinates></Point></Placemark><Placemark><name>Lega Navale Italiana - Centro Nautico di Ferrara</name><ExtendedData><Data name="@id"><value>way/57840545</value></Data><Data name="amenity"><value>community_centre</value></Data><Data name="sport"><value>sailing</value></Data><Data name="name"><value>Lega Navale Italiana - Centro Nautico di Ferrara</value></Data><Data name="access"><value>private</value></Data><Data name="addr:city"><value>Comacchio</value></Data><Data name="addr:housename"><value>Lega Navale Italiana - Centro Nautico di Ferrara</value></Data><Data name="addr:housenumber"><value>44</value></Data><Data name="addr:street"><value>Viale del Lago</value></Data><Data name="@geometry"><value>center</value></Data></ExtendedData><Point><coordinates>12.2313841,44.7573058</coordinates></Point></Placemark><Placemark><name>Salone Tartara</name><ExtendedData><Data name="@id"><value>way/58093604</value></Data><Data name="amenity"><value>community_centre</value></Data><Data name="building"><value>yes</value></Data><Data name="name"><value>Salone Tartara</value></Data><Data name="@geometry"><value>center</value></Data></ExtendedData><Point><coordinates>8.4459021,45.1363291</coordinates></Point></Placemark><Placemark><name>Sala Consiliare</name><ExtendedData><Data name="@id"><value>way/58440928</value></Data><Data name="amenity"><value>community_centre</value></Data><Data name="building"><value>yes</value></Data><Data name="name"><value>Sala Consiliare</value></Data><Data name="source"><value>PCN ortofoto_colore 2006 - autorizzazione 10687/TRI</value></Data><Data name="wheelchair"><value>no</value></Data><Data name="@geometry"><value>center</value></Data></ExtendedData><Point><coordinates>10.2157417,45.4911063</coordinates></Point></Placemark><Placemark><name>Symbol</name><ExtendedData><Data name="@id"><value>way/58800385</value></Data><Data name="amenity"><value>nightclub</value></Data><Data name="building"><value>yes</value></Data><Data name="name"><value>Symbol</value></Data><Data name="phone"><value>+39 0141 952 132</value></Data><Data name="@geometry"><value>center</value></Data></ExtendedData><Point><coordinates>8.210254,44.8279586</coordinates></Point></Placemark><Placemark><name>Chiesa di San Rocco</name><ExtendedData><Data name="@id"><value>way/59056284</value></Data><Data name="wikidata"><value>Q73001614</value></Data><Data name="amenity"><value>community_centre</value></Data><Data name="building"><value>church</value></Data><Data name="name"><value>Chiesa di San Rocco</value></Data><Data name="source"><value>Regione_del_Veneto_LR28_16.7.1976_Formazione_CTR_auth_39164-5700-1100_23.01.2009</value></Data><Data name="@geometry"><value>center</value></Data></ExtendedData><Point><coordinates>11.6549226,45.2272643</coordinates></Point></Placemark><Placemark><name>Casa delle Associazioni</name><ExtendedData><Data name="@id"><value>way/59211317</value></Data><Data name="addr:city"><value>Este</value></Data><Data name="addr:housenumber"><value>1</value></Data><Data name="addr:postcode"><value>35042</value></Data><Data name="addr:street"><value>Piazzale Ca' Pesaro</value></Data><Data name="amenity"><value>social_centre</value></Data><Data name="building"><value>apartments</value></Data><Data name="name"><value>Casa delle Associazioni</value></Data><Data name="source"><value>Regione_del_Veneto_LR28_16.7.1976_Formazione_CTR_auth_39164-5700-1100_23.01.2009</value></Data><Data name="@geometry"><value>center</value></Data></ExtendedData><Point><coordinates>11.6411191,45.2258253</coordinates></Point></Placemark><Placemark><name>Jubliee Disco Club</name><ExtendedData><Data name="@id"><value>way/59454066</value></Data><Data name="amenity"><value>nightclub</value></Data><Data name="name"><value>Jubliee Disco Club</value></Data><Data name="@geometry"><value>center</value></Data></ExtendedData><Point><coordinates>16.3988483,41.1414875</coordinates></Point></Placemark><Placemark><name>Chiesa di San Domenico</name><ExtendedData><Data name="@id"><value>way/59459654</value></Data><Data name="amenity"><value>community_centre</value></Data><Data name="building"><value>church</value></Data><Data name="name"><value>Chiesa di San Domenico</value></Data><Data name="wikidata"><value>Q3669874</value></Data><Data name="wikipedia"><value>it:Chiesa di San Domenico (Fondi)</value></Data><Data name="@geometry"><value>center</value></Data></ExtendedData><Point><coordinates>13.4254966,41.3580358</coordinates></Point></Placemark><Placemark><name>Centro Sociale Campanella</name><ExtendedData><Data name="@id"><value>way/59565471</value></Data><Data name="addr:city"><value>Imola</value></Data><Data name="addr:housenumber"><value>16</value></Data><Data name="addr:postcode"><value>40026</value></Data><Data name="addr:street"><value>Via Eugenio Curiel</value></Data><Data name="air_conditioning"><value>yes</value></Data><Data name="amenity"><value>social_centre</value></Data><Data name="building"><value>yes</value></Data><Data name="internet_access"><value>wlan</value></Data><Data name="name"><value>Centro Sociale Campanella</value></Data><Data name="phone"><value>+39054226777</value></Data><Data name="wheelchair"><value>limited</value></Data><Data name="@geometry"><value>center</value></Data></ExtendedData><Point><coordinates>11.7256864,44.3529892</coordinates></Point></Placemark><Placemark><name>Casa delle culture del mondo</name><ExtendedData><Data name="@id"><value>way/60096965</value></Data><Data name="amenity"><value>community_centre</value></Data><Data name="building"><value>public</value></Data><Data name="community_centre"><value>cultural_centre</value></Data><Data name="name"><value>Casa delle culture del mondo</value></Data><Data name="@geometry"><value>center</value></Data></ExtendedData><Point><coordinates>9.1229764,45.4889259</coordinates></Point></Placemark><Placemark><name>Sofia Club</name><ExtendedData><Data name="@id"><value>way/60139781</value></Data><Data name="amenity"><value>nightclub</value></Data><Data name="building"><value>yes</value></Data><Data name="name"><value>Sofia Club</value></Data><Data name="website"><value>http://www.unicoclub.it</value></Data><Data name="@geometry"><value>center</value></Data></ExtendedData><Point><coordinates>13.4054321,41.3741715</coordinates></Point></Placemark><Placemark><name>Centro Anziani</name><ExtendedData><Data name="@id"><value>way/60255118</value></Data><Data name="addr:city"><value>Cermenate</value></Data><Data name="addr:housenumber"><value>155</value></Data><Data name="addr:postcode"><value>22072</value></Data><Data name="addr:street"><value>Via Scalabrini</value></Data><Data name="amenity"><value>community_centre</value></Data><Data name="building"><value>yes</value></Data><Data name="name"><value>Centro Anziani</value></Data><Data name="operator"><value>Associazione Lavoratori Anziani</value></Data><Data name="@geometry"><value>center</value></Data></ExtendedData><Point><coordinates>9.0795534,45.6984978</coordinates></Point></Placemark><Placemark><name>Beverly Hills</name><ExtendedData><Data name="@id"><value>way/61382744</value></Data><Data name="amenity"><value>nightclub</value></Data><Data name="name"><value>Beverly Hills</value></Data><Data name="building"><value>yes</value></Data><Data name="@geometry"><value>center</value></Data></ExtendedData><Point><coordinates>8.1365496,45.3833063</coordinates></Point></Placemark><Placemark><name>Oratorio San Giovanni Bosco</name><description>oratorio della parrocchia Regina Pacis</description><ExtendedData><Data name="@id"><value>way/62232063</value></Data><Data name="amenity"><value>community_centre</value></Data><Data name="building"><value>yes</value></Data><Data name="community_centre"><value>parish_hall</value></Data><Data name="community_centre:for"><value>juvenile</value></Data><Data name="denomination"><value>catholic</value></Data><Data name="description"><value>oratorio della parrocchia Regina Pacis</value></Data><Data name="name"><value>Oratorio San Giovanni Bosco</value></Data><Data name="religion"><value>christian</value></Data><Data name="source"><value>DbTR - Ingombro al suolo corpo edificato</value></Data><Data name="@geometry"><value>center</value></Data></ExtendedData><Point><coordinates>9.1931365,45.556232</coordinates></Point></Placemark><Placemark><name>Oratorio del Duomo</name><ExtendedData><Data name="@id"><value>way/66823735</value></Data><Data name="addr:postcode"><value>3822</value></Data><Data name="addr:street"><value>Via cardinale Cristoforo Madruzzo</value></Data><Data name="addr:city"><value>Trento</value></Data><Data name="addr:housenumber"><value>45</value></Data><Data name="amenity"><value>community_centre</value></Data><Data name="building"><value>yes</value></Data><Data name="community_centre"><value>parish_hall</value></Data><Data name="name"><value>Oratorio del Duomo</value></Data><Data name="@geometry"><value>center</value></Data></ExtendedData><Point><coordinates>11.1222787,46.0639886</coordinates></Point></Placemark><Placemark><name>Oratorio Cardinal Minoretti</name><ExtendedData><Data name="@id"><value>way/67489632</value></Data><Data name="addr:city"><value>Cogliate</value></Data><Data name="addr:housenumber"><value>49</value></Data><Data name="addr:postcode"><value>20815</value></Data><Data name="addr:street"><value>Via Cardinal Dalmazio Minoretti</value></Data><Data name="alt_name"><value>Centro Giovanile Cardinal Minoretti</value></Data><Data name="amenity"><value>community_centre</value></Data><Data name="barrier"><value>wall</value></Data><Data name="community_centre"><value>youth_centre</value></Data><Data name="denomination"><value>roman_catholic</value></Data><Data name="name"><value>Oratorio Cardinal Minoretti</value></Data><Data name="religion"><value>christian</value></Data><Data name="@geometry"><value>center</value></Data></ExtendedData><Point><coordinates>9.080509,45.6485691</coordinates></Point></Placemark><Placemark><name>Oratorio San Giuseppe</name><ExtendedData><Data name="@id"><value>way/68392268</value></Data><Data name="amenity"><value>community_centre</value></Data><Data name="denomination"><value>catholic</value></Data><Data name="religion"><value>christian</value></Data><Data name="name"><value>Oratorio San Giuseppe</value></Data><Data name="@geometry"><value>center</value></Data></ExtendedData><Point><coordinates>9.3031105,45.5524245</coordinates></Point></Placemark><Placemark><name>Oratorio Sant'Albino e San Damiano</name><ExtendedData><Data name="@id"><value>way/68392280</value></Data><Data name="amenity"><value>community_centre</value></Data><Data name="denomination"><value>catholic</value></Data><Data name="name"><value>Oratorio Sant'Albino e San Damiano</value></Data><Data name="religion"><value>christian</value></Data><Data name="@geometry"><value>center</value></Data></ExtendedData><Point><coordinates>9.3124999,45.5696487</coordinates></Point></Placemark><Placemark><name>Oratorio Maria Bambina</name><ExtendedData><Data name="@id"><value>way/68392289</value></Data><Data name="amenity"><value>community_centre</value></Data><Data name="denomination"><value>catholic</value></Data><Data name="name"><value>Oratorio Maria Bambina</value></Data><Data name="religion"><value>christian</value></Data><Data name="@geometry"><value>center</value></Data></ExtendedData><Point><coordinates>9.2975801,45.5510616</coordinates></Point></Placemark><Placemark><name>Centro Sociale Solteri &quot;Bruno Visintini&quot;</name><ExtendedData><Data name="@id"><value>way/68558760</value></Data><Data name="amenity"><value>community_centre</value></Data><Data name="building"><value>yes</value></Data><Data name="community_centre"><value>community_hall</value></Data><Data name="name"><value>Centro Sociale Solteri &quot;Bruno Visintini&quot;</value></Data><Data name="@geometry"><value>center</value></Data></ExtendedData><Point><coordinates>11.1221306,46.0838366</coordinates></Point></Placemark><Placemark><name>Centro Aggregazione Giovanile</name><ExtendedData><Data name="@id"><value>way/69595807</value></Data><Data name="building"><value>public</value></Data><Data name="name"><value>Centro Aggregazione Giovanile</value></Data><Data name="amenity"><value>community_centre</value></Data><Data name="@geometry"><value>center</value></Data></ExtendedData><Point><coordinates>10.1924769,45.4296813</coordinates></Point></Placemark><Placemark><name>Palazzo del Ridotto</name><ExtendedData><Data name="@id"><value>way/70130444</value></Data><Data name="alt_name"><value>Palazzo del Capitano</value></Data><Data name="amenity"><value>community_centre</value></Data><Data name="building"><value>yes</value></Data><Data name="name"><value>Palazzo del Ridotto</value></Data><Data name="wikidata"><value>Q3361353</value></Data><Data name="wikipedia"><value>it:Palazzo del Ridotto</value></Data><Data name="@geometry"><value>center</value></Data></ExtendedData><Point><coordinates>12.2435947,44.1382007</coordinates></Point></Placemark><Placemark><name>Oratorio Giovanni Paolo II</name><ExtendedData><Data name="@id"><value>way/70678091</value></Data><Data name="addr:city"><value>Gargnano</value></Data><Data name="addr:postcode"><value>25084</value></Data><Data name="amenity"><value>community_centre</value></Data><Data name="building"><value>yes</value></Data><Data name="name"><value>Oratorio Giovanni Paolo II</value></Data><Data name="@geometry"><value>center</value></Data></ExtendedData><Point><coordinates>10.6640646,45.6906211</coordinates></Point></Placemark><Placemark><name>Complesso Monumentale San Pietro</name><ExtendedData><Data name="@id"><value>way/70971391</value></Data><Data name="name"><value>Complesso Monumentale San Pietro</value></Data><Data name="amenity"><value>community_centre</value></Data><Data name="building"><value>yes</value></Data><Data name="historic"><value>yes</value></Data><Data name="@geometry"><value>center</value></Data></ExtendedData><Point><coordinates>12.4342572,37.8001417</coordinates></Point></Placemark><Placemark><name>Centro Polifunzionale E. Mantero</name><ExtendedData><Data name="@id"><value>way/70998690</value></Data><Data name="name"><value>Centro Polifunzionale E. Mantero</value></Data><Data name="building"><value>civic</value></Data><Data name="amenity"><value>community_centre</value></Data><Data name="@geometry"><value>center</value></Data></ExtendedData><Point><coordinates>9.0584487,45.6997596</coordinates></Point></Placemark><Placemark><name>Oratorio Pier Giorgio Frassati</name><ExtendedData><Data name="@id"><value>way/71364054</value></Data><Data name="amenity"><value>community_centre</value></Data><Data name="denomination"><value>catholic</value></Data><Data name="name"><value>Oratorio Pier Giorgio Frassati</value></Data><Data name="religion"><value>christian</value></Data><Data name="@geometry"><value>center</value></Data></ExtendedData><Point><coordinates>9.2841708,45.5500689</coordinates></Point></Placemark><Placemark><name>Casa della Cultura</name><ExtendedData><Data name="@id"><value>way/72455006</value></Data><Data name="amenity"><value>community_centre</value></Data><Data name="building"><value>public</value></Data><Data name="name"><value>Casa della Cultura</value></Data><Data name="@geometry"><value>center</value></Data></ExtendedData><Point><coordinates>10.3391865,46.0877834</coordinates></Point></Placemark><Placemark><name>Discoteca Saint Louis</name><ExtendedData><Data name="@id"><value>way/72527956</value></Data><Data name="amenity"><value>nightclub</value></Data><Data name="building"><value>yes</value></Data><Data name="name"><value>Discoteca Saint Louis</value></Data><Data name="@geometry"><value>center</value></Data></ExtendedData><Point><coordinates>11.0940725,46.2078394</coordinates></Point></Placemark><Placemark><name>Oratorio San Luigi</name><ExtendedData><Data name="@id"><value>way/73919790</value></Data><Data name="religion"><value>christian</value></Data><Data name="amenity"><value>community_centre</value></Data><Data name="denomination"><value>catholic</value></Data><Data name="name"><value>Oratorio San Luigi</value></Data><Data name="@geometry"><value>center</value></Data></ExtendedData><Point><coordinates>9.2714142,45.5465113</coordinates></Point></Placemark><Placemark><name>Centro polifunzionale</name><ExtendedData><Data name="@id"><value>way/74487954</value></Data><Data name="amenity"><value>community_centre</value></Data><Data name="building"><value>yes</value></Data><Data name="name"><value>Centro polifunzionale</value></Data><Data name="@geometry"><value>center</value></Data></ExtendedData><Point><coordinates>8.4884216,45.2612856</coordinates></Point></Placemark><Placemark><ExtendedData><Data name="@id"><value>way/75566059</value></Data><Data name="addr:city"><value>Este</value></Data><Data name="addr:postcode"><value>35042</value></Data><Data name="addr:street"><value>Via Deserto</value></Data><Data name="amenity"><value>community_centre</value></Data><Data name="building"><value>civic</value></Data><Data name="loc_name"><value>Sala cinema</value></Data><Data name="source"><value>Regione_del_Veneto_LR28_16.7.1976_Formazione_CTR_auth_39164-5700-1100_23.01.2009</value></Data><Data name="@geometry"><value>center</value></Data></ExtendedData><Point><coordinates>11.6884899,45.2025926</coordinates></Point></Placemark><Placemark><name>Oratorio</name><ExtendedData><Data name="@id"><value>way/76503314</value></Data><Data name="building"><value>yes</value></Data><Data name="name"><value>Oratorio</value></Data><Data name="amenity"><value>community_centre</value></Data><Data name="community_centre"><value>parish_hall</value></Data><Data name="@geometry"><value>center</value></Data></ExtendedData><Point><coordinates>9.7591728,45.6719499</coordinates></Point></Placemark><Placemark><name>Olimpo Club</name><ExtendedData><Data name="@id"><value>way/77457506</value></Data><Data name="addr:street"><value>Via Aurelia</value></Data><Data name="amenity"><value>nightclub</value></Data><Data name="building"><value>yes</value></Data><Data name="name"><value>Olimpo Club</value></Data><Data name="opening_hours"><value>Th 21:30-04:00; Fr 10:00-04:00; Sa 10:00-05:00; Su 10:00-02:00</value></Data><Data name="phone"><value>+39 06 9927 1230</value></Data><Data name="website"><value>https://www.olimpoclub.com/</value></Data><Data name="@geometry"><value>center</value></Data></ExtendedData><Point><coordinates>12.1459456,41.9352102</coordinates></Point></Placemark><Placemark><name>Nikita</name><ExtendedData><Data name="@id"><value>way/77661976</value></Data><Data name="addr:city"><value>Grumello del Monte</value></Data><Data name="addr:housenumber"><value>2</value></Data><Data name="addr:postcode"><value>24064</value></Data><Data name="addr:street"><value>Via dei Morenghi</value></Data><Data name="amenity"><value>nightclub</value></Data><Data name="building"><value>yes</value></Data><Data name="name"><value>Nikita</value></Data><Data name="@geometry"><value>center</value></Data></ExtendedData><Point><coordinates>9.8586016,45.6339351</coordinates></Point></Placemark><Placemark><name>C.S.O.A. La Strada</name><ExtendedData><Data name="@id"><value>way/77683597</value></Data><Data name="amenity"><value>community_centre</value></Data><Data name="level"><value>-1</value></Data><Data name="name"><value>C.S.O.A. La Strada</value></Data><Data name="social:occupied"><value>yes</value></Data><Data name="url"><value>http://www.myspace.com/cslastrada</value></Data><Data name="website"><value>https://www.csoalastrada.it/</value></Data><Data name="wheelchair"><value>no</value></Data><Data name="wikipedia"><value>it:CSOA La Strada</value></Data><Data name="@geometry"><value>center</value></Data></ExtendedData><Point><coordinates>12.4871932,41.8619775</coordinates></Point></Placemark><Placemark><name>Centro Culturale &quot;Sandro Pertini&quot;</name><ExtendedData><Data name="@id"><value>way/78456317</value></Data><Data name="name"><value>Centro Culturale &quot;Sandro Pertini&quot;</value></Data><Data name="amenity"><value>community_centre</value></Data><Data name="building"><value>yes</value></Data><Data name="@geometry"><value>center</value></Data></ExtendedData><Point><coordinates>7.5374369,45.0080775</coordinates></Point></Placemark><Placemark><name>Ca' del Tiglio</name><ExtendedData><Data name="@id"><value>way/80346664</value></Data><Data name="amenity"><value>community_centre</value></Data><Data name="building"><value>yes</value></Data><Data name="name"><value>Ca' del Tiglio</value></Data><Data name="@geometry"><value>center</value></Data></ExtendedData><Point><coordinates>11.2807382,46.2017882</coordinates></Point></Placemark><Placemark><name>Casa sociale Maiano</name><ExtendedData><Data name="@id"><value>way/80579914</value></Data><Data name="amenity"><value>social_centre</value></Data><Data name="building"><value>yes</value></Data><Data name="name"><value>Casa sociale Maiano</value></Data><Data name="@geometry"><value>center</value></Data></ExtendedData><Point><coordinates>11.0420064,46.3625608</coordinates></Point></Placemark><Placemark><name>Centro Carpinoni</name><ExtendedData><Data name="@id"><value>way/83151052</value></Data><Data name="amenity"><value>community_centre</value></Data><Data name="building"><value>yes</value></Data><Data name="name"><value>Centro Carpinoni</value></Data><Data name="@geometry"><value>center</value></Data></ExtendedData><Point><coordinates>9.6681443,45.6832367</coordinates></Point></Placemark><Placemark><ExtendedData><Data name="@id"><value>way/83591244</value></Data><Data name="amenity"><value>community_centre</value></Data><Data name="building"><value>yes</value></Data><Data name="@geometry"><value>center</value></Data></ExtendedData><Point><coordinates>9.7140894,45.7267471</coordinates></Point></Placemark><Placemark><name>Centro civico</name><ExtendedData><Data name="@id"><value>way/83825773</value></Data><Data name="addr:city"><value>Vezzano</value></Data><Data name="addr:housenumber"><value>7</value></Data><Data name="addr:postcode"><value>38096</value></Data><Data name="addr:street"><value>Via Dante</value></Data><Data name="amenity"><value>community_centre</value></Data><Data name="building"><value>civic</value></Data><Data name="building:colour"><value>#eacabd</value></Data><Data name="building:levels"><value>3</value></Data><Data name="max_level"><value>3</value></Data><Data name="min_level"><value>-1</value></Data><Data name="name"><value>Centro civico</value></Data><Data name="wheelchair"><value>designated</value></Data><Data name="@geometry"><value>center</value></Data></ExtendedData><Point><coordinates>10.9992671,46.0790377</coordinates></Point></Placemark><Placemark><name>Oratorio Don Bosco</name><ExtendedData><Data name="@id"><value>way/84226862</value></Data><Data name="amenity"><value>community_centre</value></Data><Data name="building"><value>yes</value></Data><Data name="community_centre"><value>parish_hall</value></Data><Data name="denomination"><value>catholic</value></Data><Data name="name"><value>Oratorio Don Bosco</value></Data><Data name="religion"><value>christian</value></Data><Data name="@geometry"><value>center</value></Data></ExtendedData><Point><coordinates>10.3168271,45.5134591</coordinates></Point></Placemark><Placemark><name>Villa Bigatti</name><description>ex Scuola Materna Napoleone Luigi Bigatti</description><ExtendedData><Data name="@id"><value>way/84580096</value></Data><Data name="wikimedia_commons"><value>Category:Viale Buffoli 12 (Cusano Milanino) - ex asilo Luigi Bigatti</value></Data><Data name="url"><value>https://fondoambiente.it/luoghi/la-bigatti-villino-storico-comunale</value></Data><Data name="addr:city"><value>Cusano Milanino</value></Data><Data name="addr:country"><value>IT</value></Data><Data name="addr:housenumber"><value>12</value></Data><Data name="addr:postcode"><value>20095</value></Data><Data name="addr:street"><value>Viale Luigi Buffoli</value></Data><Data name="amenity"><value>community_centre</value></Data><Data name="building"><value>house</value></Data><Data name="description"><value>ex Scuola Materna Napoleone Luigi Bigatti</value></Data><Data name="historic"><value>house</value></Data><Data name="name"><value>Villa Bigatti</value></Data><Data name="source"><value>DbTR - Ingombro al suolo corpo edificato</value></Data><Data name="@geometry"><value>center</value></Data></ExtendedData><Point><coordinates>9.1940725,45.553649</coordinates></Point></Placemark><Placemark><name>Haus der Dorfgemeinschaft</name><ExtendedData><Data name="@id"><value>way/85055401</value></Data><Data name="amenity"><value>community_centre</value></Data><Data name="building"><value>yes</value></Data><Data name="name"><value>Haus der Dorfgemeinschaft</value></Data><Data name="@geometry"><value>center</value></Data></ExtendedData><Point><coordinates>11.6654356,46.7696832</coordinates></Point></Placemark><Placemark><ExtendedData><Data name="@id"><value>way/85387227</value></Data><Data name="building"><value>yes</value></Data><Data name="amenity"><value>community_centre</value></Data><Data name="@geometry"><value>center</value></Data></ExtendedData><Point><coordinates>11.0588593,46.071012</coordinates></Point></Placemark><Placemark><name>Casa delle Associazioni</name><description>Associazioni presenti: CAI, Auser</description><ExtendedData><Data name="@id"><value>way/86006358</value></Data><Data name="addr:city"><value>Thiene</value></Data><Data name="addr:postcode"><value>36016</value></Data><Data name="addr:street"><value>Via Primo Maggio</value></Data><Data name="amenity"><value>social_centre</value></Data><Data name="building"><value>school</value></Data><Data name="description"><value>Associazioni presenti: CAI, Auser</value></Data><Data name="name"><value>Casa delle Associazioni</value></Data><Data name="wheelchair"><value>yes</value></Data><Data name="@geometry"><value>center</value></Data></ExtendedData><Point><coordinates>11.4766639,45.7020495</coordinates></Point></Placemark><Placemark><name>Casa delle Associazioni</name><description>Sede CNSAS Sede Coro Parrocchiale Sede ANA Palestra Comunale</description><ExtendedData><Data name="@id"><value>way/87071248</value></Data><Data name="addr:city"><value>Sella Giudicarie</value></Data><Data name="addr:housenumber"><value>5</value></Data><Data name="addr:postcode"><value>38087</value></Data><Data name="addr:street"><value>Via G. Marconi</value></Data><Data name="amenity"><value>social_centre</value></Data><Data name="building"><value>yes</value></Data><Data name="description"><value>Sede CNSAS Sede Coro Parrocchiale Sede ANA Palestra Comunale</value></Data><Data name="name"><value>Casa delle Associazioni</value></Data><Data name="@geometry"><value>center</value></Data></ExtendedData><Point><coordinates>10.6987946,46.0089041</coordinates></Point></Placemark><Placemark><name>Padiglione Fieristico</name><ExtendedData><Data name="@id"><value>way/88069886</value></Data><Data name="fixme"><value>Import CTR Veneto. Sostituire con amentiy=kindergarten o college...</value></Data><Data name="amenity"><value>community_centre</value></Data><Data name="building"><value>yes</value></Data><Data name="name"><value>Padiglione Fieristico</value></Data><Data name="operator"><value>Comune di Thiene</value></Data><Data name="@geometry"><value>center</value></Data></ExtendedData><Point><coordinates>11.4840124,45.7045046</coordinates></Point></Placemark><Placemark><ExtendedData><Data name="@id"><value>way/88799434</value></Data><Data name="amenity"><value>community_centre</value></Data><Data name="building"><value>yes</value></Data><Data name="community_centre"><value>parish_hall</value></Data><Data name="denomination"><value>catholic</value></Data><Data name="religion"><value>christian</value></Data><Data name="@geometry"><value>center</value></Data></ExtendedData><Point><coordinates>10.617556,45.6448876</coordinates></Point></Placemark><Placemark><name>Centro Parrocchiale</name><ExtendedData><Data name="@id"><value>way/89791033</value></Data><Data name="addr:city"><value>Teolo</value></Data><Data name="addr:country"><value>IT</value></Data><Data name="addr:housenumber"><value>47</value></Data><Data name="addr:postcode"><value>35037</value></Data><Data name="addr:street"><value>Via Centro villa</value></Data><Data name="amenity"><value>community_centre</value></Data><Data name="building"><value>civic</value></Data><Data name="contact:phone"><value>+39 049 9901168</value></Data><Data name="name"><value>Centro Parrocchiale</value></Data><Data name="source"><value>Regione_del_Veneto_LR28_16.7.1976_Formazione_CTR_auth_39164-5700-1100_23.01.2009</value></Data><Data name="@geometry"><value>center</value></Data></ExtendedData><Point><coordinates>11.6862077,45.3544252</coordinates></Point></Placemark><Placemark><name>Audorium San Michele</name><ExtendedData><Data name="@id"><value>way/90498883</value></Data><Data name="name"><value>Audorium San Michele</value></Data><Data name="building"><value>church</value></Data><Data name="amenity"><value>community_centre</value></Data><Data name="@geometry"><value>center</value></Data></ExtendedData><Point><coordinates>8.4782181,45.1814844</coordinates></Point></Placemark><Placemark><name>Oratorio</name><ExtendedData><Data name="@id"><value>way/90525185</value></Data><Data name="amenity"><value>community_centre</value></Data><Data name="building"><value>yes</value></Data><Data name="name"><value>Oratorio</value></Data><Data name="operator"><value>Comunità Pastorale &quot;San Benedetto&quot;</value></Data><Data name="@geometry"><value>center</value></Data></ExtendedData><Point><coordinates>8.7813413,45.7410656</coordinates></Point></Placemark><Placemark><name>Costa Ovest Club</name><ExtendedData><Data name="@id"><value>way/90576326</value></Data><Data name="amenity"><value>nightclub</value></Data><Data name="building"><value>yes</value></Data><Data name="name"><value>Costa Ovest Club</value></Data><Data name="@geometry"><value>center</value></Data></ExtendedData><Point><coordinates>12.6041669,37.6607041</coordinates></Point></Placemark><Placemark><name>Circolo anziani</name><ExtendedData><Data name="@id"><value>way/92199660</value></Data><Data name="name"><value>Circolo anziani</value></Data><Data name="roof:shape"><value>flat</value></Data><Data name="roof:colour"><value>lightgrey</value></Data><Data name="height"><value>3</value></Data><Data name="building:levels"><value>1</value></Data><Data name="amenity"><value>community_centre</value></Data><Data name="building"><value>public</value></Data><Data name="@geometry"><value>center</value></Data></ExtendedData><Point><coordinates>14.185583,42.4207684</coordinates></Point></Placemark><Placemark><name>Il Kantiere</name><ExtendedData><Data name="@id"><value>way/92413898</value></Data><Data name="addr:housenumber"><value>1q</value></Data><Data name="addr:street"><value>Via del Cavallaccio</value></Data><Data name="amenity"><value>community_centre</value></Data><Data name="building"><value>yes</value></Data><Data name="name"><value>Il Kantiere</value></Data><Data name="@geometry"><value>center</value></Data></ExtendedData><Point><coordinates>11.1920879,43.7739239</coordinates></Point></Placemark><Placemark><name>Ex asilo Garibaldi</name><ExtendedData><Data name="@id"><value>way/93740307</value></Data><Data name="addr:city"><value>Lomazzo</value></Data><Data name="addr:country"><value>IT</value></Data><Data name="addr:housename"><value>ex asilo Garibaldi</value></Data><Data name="addr:housenumber"><value>2</value></Data><Data name="addr:postcode"><value>22074</value></Data><Data name="addr:street"><value>Piazza Quattro Novembre</value></Data><Data name="amenity"><value>community_centre</value></Data><Data name="building"><value>civic</value></Data><Data name="name"><value>Ex asilo Garibaldi</value></Data><Data name="@geometry"><value>center</value></Data></ExtendedData><Point><coordinates>9.0401912,45.6989878</coordinates></Point></Placemark><Placemark><name>QBO (centro sociale)</name><ExtendedData><Data name="@id"><value>way/94102593</value></Data><Data name="amenity"><value>social_centre</value></Data><Data name="building"><value>public</value></Data><Data name="name"><value>QBO (centro sociale)</value></Data><Data name="@geometry"><value>center</value></Data></ExtendedData><Point><coordinates>10.8480887,45.4043298</coordinates></Point></Placemark><Placemark><name>Base Brownsea</name><ExtendedData><Data name="@id"><value>way/94344689</value></Data><Data name="website"><value>http://associazione.fse.it/base-brownsea/</value></Data><Data name="addr:city"><value>Soriano nel Cimino</value></Data><Data name="addr:milestone:distance"><value>2.02</value></Data><Data name="addr:postcode"><value>01038</value></Data><Data name="addr:street"><value>Via Sorianese</value></Data><Data name="amenity"><value>community_centre</value></Data><Data name="building"><value>dormitory</value></Data><Data name="name"><value>Base Brownsea</value></Data><Data name="operator"><value>Associazione italiana della Federazione dello Scoutismo ruropeo - FSE</value></Data><Data name="@geometry"><value>center</value></Data></ExtendedData><Point><coordinates>12.1934895,42.4348916</coordinates></Point></Placemark><Placemark><name>Carcere Borbonico</name><ExtendedData><Data name="@id"><value>way/95707983</value></Data><Data name="amenity"><value>community_centre</value></Data><Data name="barrier"><value>wall</value></Data><Data name="historic"><value>prison</value></Data><Data name="name"><value>Carcere Borbonico</value></Data><Data name="@geometry"><value>center</value></Data></ExtendedData><Point><coordinates>14.7872137,40.9148634</coordinates></Point></Placemark><Placemark><name>Polo educativo Villa Fazio</name><ExtendedData><Data name="@id"><value>way/96776967</value></Data><Data name="amenity"><value>community_centre</value></Data><Data name="name"><value>Polo educativo Villa Fazio</value></Data><Data name="@geometry"><value>center</value></Data></ExtendedData><Point><coordinates>15.0595601,37.4792657</coordinates></Point></Placemark><Placemark><name>Centro parrocchiale Papa Giovanni Paolo II</name><ExtendedData><Data name="@id"><value>way/96845233</value></Data><Data name="amenity"><value>community_centre</value></Data><Data name="name"><value>Centro parrocchiale Papa Giovanni Paolo II</value></Data><Data name="@geometry"><value>center</value></Data></ExtendedData><Point><coordinates>9.1591073,45.5499363</coordinates></Point></Placemark><Placemark><name>Oratorio Circolo Giovanile San Luigi</name><ExtendedData><Data name="@id"><value>way/96845237</value></Data><Data name="addr:city"><value>Cormano</value></Data><Data name="addr:country"><value>IT</value></Data><Data name="addr:housenumber"><value>10</value></Data><Data name="addr:postcode"><value>20032</value></Data><Data name="addr:street"><value>Via Roma</value></Data><Data name="amenity"><value>community_centre</value></Data><Data name="name"><value>Oratorio Circolo Giovanile San Luigi</value></Data><Data name="phone"><value>+39 02 66303213</value></Data><Data name="source"><value>bing</value></Data><Data name="@geometry"><value>center</value></Data></ExtendedData><Point><coordinates>9.1708498,45.5435359</coordinates></Point></Placemark><Placemark><name>Centro Sociale Anziani &quot;E. Santinelli&quot;</name><ExtendedData><Data name="@id"><value>way/96895516</value></Data><Data name="amenity"><value>community_centre</value></Data><Data name="building"><value>shelter</value></Data><Data name="name"><value>Centro Sociale Anziani &quot;E. Santinelli&quot;</value></Data><Data name="source"><value>bing, survey</value></Data><Data name="@geometry"><value>center</value></Data></ExtendedData><Point><coordinates>9.1675817,45.5408003</coordinates></Point></Placemark><Placemark><name>Centro educativo parrocchia Sacro Cuore di Gesù</name><ExtendedData><Data name="@id"><value>way/97334848</value></Data><Data name="amenity"><value>community_centre</value></Data><Data name="barrier"><value>fence</value></Data><Data name="denomination"><value>catholic</value></Data><Data name="name"><value>Centro educativo parrocchia Sacro Cuore di Gesù</value></Data><Data name="note"><value>Parrocchia del Sacro Cuore di Gesù</value></Data><Data name="religion"><value>christian</value></Data><Data name="source"><value>bing</value></Data><Data name="@geometry"><value>center</value></Data></ExtendedData><Point><coordinates>9.1609039,45.5402318</coordinates></Point></Placemark><Placemark><name>Centro sociale Arno</name><ExtendedData><Data name="@id"><value>way/97503942</value></Data><Data name="amenity"><value>community_centre</value></Data><Data name="building"><value>yes</value></Data><Data name="name"><value>Centro sociale Arno</value></Data><Data name="@geometry"><value>center</value></Data></ExtendedData><Point><coordinates>11.8636808,43.565105</coordinates></Point></Placemark><Placemark><ExtendedData><Data name="@id"><value>way/97665793</value></Data><Data name="amenity"><value>community_centre</value></Data><Data name="denomination"><value>catholic</value></Data><Data name="religion"><value>christian</value></Data><Data name="building"><value>civic</value></Data><Data name="@geometry"><value>center</value></Data></ExtendedData><Point><coordinates>8.8309059,45.6194836</coordinates></Point></Placemark><Placemark><ExtendedData><Data name="@id"><value>way/98182127</value></Data><Data name="amenity"><value>community_centre</value></Data><Data name="building"><value>yes</value></Data><Data name="@geometry"><value>center</value></Data></ExtendedData><Point><coordinates>10.6383681,45.9377795</coordinates></Point></Placemark><Placemark><ExtendedData><Data name="@id"><value>way/98494761</value></Data><Data name="amenity"><value>community_centre</value></Data><Data name="building"><value>civic</value></Data><Data name="@geometry"><value>center</value></Data></ExtendedData><Point><coordinates>9.6671486,45.7378123</coordinates></Point></Placemark><Placemark><name>Red Zone</name><ExtendedData><Data name="@id"><value>way/98498279</value></Data><Data name="amenity"><value>nightclub</value></Data><Data name="building"><value>yes</value></Data><Data name="name"><value>Red Zone</value></Data><Data name="@geometry"><value>center</value></Data></ExtendedData><Point><coordinates>12.4455252,43.1836158</coordinates></Point></Placemark><Placemark><name>Casa della Musica</name><ExtendedData><Data name="@id"><value>way/98719835</value></Data><Data name="name"><value>Casa della Musica</value></Data><Data name="amenity"><value>community_centre</value></Data><Data name="building"><value>civic</value></Data><Data name="@geometry"><value>center</value></Data></ExtendedData><Point><coordinates>12.3042632,45.8803835</coordinates></Point></Placemark><Placemark><name>Sala Civica</name><ExtendedData><Data name="@id"><value>way/99498999</value></Data><Data name="amenity"><value>community_centre</value></Data><Data name="building"><value>yes</value></Data><Data name="name"><value>Sala Civica</value></Data><Data name="operator"><value>Municipio</value></Data><Data name="@geometry"><value>center</value></Data></ExtendedData><Point><coordinates>11.0047477,44.2783115</coordinates></Point></Placemark><Placemark><name>Magazzini Generali</name><ExtendedData><Data name="@id"><value>way/99500644</value></Data><Data name="gay"><value>yes</value></Data><Data name="name"><value>Magazzini Generali</value></Data><Data name="contact:website"><value>http://www.magazzinigenerali.it/</value></Data><Data name="amenity"><value>nightclub</value></Data><Data name="building"><value>yes</value></Data><Data name="contact:email"><value>info@magazzinigenerali.it</value></Data><Data name="contact:facebook"><value>https://www.facebook.com/MAGAZZINIGENERALI.OfficialPage</value></Data><Data name="contact:instagram"><value>https://www.instagram.com/magazzinigeneralimilano/</value></Data><Data name="contact:phone"><value>+39 346 3005646</value></Data><Data name="@geometry"><value>center</value></Data></ExtendedData><Point><coordinates>9.1949691,45.444497</coordinates></Point></Placemark><Placemark><name>ESC Atelier</name><ExtendedData><Data name="@id"><value>way/99690324</value></Data><Data name="addr:city"><value>Roma</value></Data><Data name="addr:country"><value>IT</value></Data><Data name="addr:housenumber"><value>159</value></Data><Data name="addr:street"><value>Via dei Volsci</value></Data><Data name="amenity"><value>community_centre</value></Data><Data name="building"><value>yes</value></Data><Data name="club"><value>culture</value></Data><Data name="name"><value>ESC Atelier</value></Data><Data name="@geometry"><value>center</value></Data></ExtendedData><Point><coordinates>12.5184644,41.8998296</coordinates></Point></Placemark><Placemark><name>Centro Sociale</name><description>Il Centro Sociale dispone di ampi spazi interni ed esterni che possono ospitare compleanni, conferenze ed eventi di vario genere. Sala Musica per gruppi musicali e Sala Giochi</description><ExtendedData><Data name="@id"><value>way/99738230</value></Data><Data name="addr:housenumber"><value>113</value></Data><Data name="addr:street"><value>Via San Nicola</value></Data><Data name="amenity"><value>community_centre</value></Data><Data name="description"><value>Il Centro Sociale dispone di ampi spazi interni ed esterni che possono ospitare compleanni, conferenze ed eventi di vario genere. Sala Musica per gruppi musicali e Sala Giochi</value></Data><Data name="email"><value>centrolinguaglossa@gmail.com</value></Data><Data name="name"><value>Centro Sociale</value></Data><Data name="phone"><value>+39 345 8452142</value></Data><Data name="website"><value>https://www.facebook.com/centrolinguaglossa/</value></Data><Data name="wheelchair"><value>yes</value></Data><Data name="building"><value>yes</value></Data><Data name="@geometry"><value>center</value></Data></ExtendedData><Point><coordinates>15.1467888,37.8395544</coordinates></Point></Placemark><Placemark><name>Colonnato dei Domenicani</name><ExtendedData><Data name="@id"><value>way/99738241</value></Data><Data name="amenity"><value>community_centre</value></Data><Data name="building"><value>yes</value></Data><Data name="name"><value>Colonnato dei Domenicani</value></Data><Data name="@geometry"><value>center</value></Data></ExtendedData><Point><coordinates>15.1480938,37.8388434</coordinates></Point></Placemark><Placemark><name>Oratorio San Luigi</name><ExtendedData><Data name="@id"><value>way/100084808</value></Data><Data name="amenity"><value>community_centre</value></Data><Data name="denomination"><value>catholic</value></Data><Data name="name"><value>Oratorio San Luigi</value></Data><Data name="religion"><value>christian</value></Data><Data name="@geometry"><value>center</value></Data></ExtendedData><Point><coordinates>9.34926,45.5707436</coordinates></Point></Placemark><Placemark><name>Circolo Oratorio &quot;Santi Anzoi&quot;</name><ExtendedData><Data name="@id"><value>way/101012801</value></Data><Data name="addr:city"><value>Mattarello</value></Data><Data name="addr:housenumber"><value>7</value></Data><Data name="addr:postcode"><value>38123</value></Data><Data name="addr:street"><value>Via Guido Poli</value></Data><Data name="amenity"><value>community_centre</value></Data><Data name="building"><value>yes</value></Data><Data name="name"><value>Circolo Oratorio &quot;Santi Anzoi&quot;</value></Data><Data name="@geometry"><value>center</value></Data></ExtendedData><Point><coordinates>11.128903,46.0066979</coordinates></Point></Placemark><Placemark><name>Oratorio Parrocchiale</name><ExtendedData><Data name="@id"><value>way/102381518</value></Data><Data name="amenity"><value>community_centre</value></Data><Data name="name"><value>Oratorio Parrocchiale</value></Data><Data name="name:en"><value>Oratorio Parrocchiale</value></Data><Data name="name:it"><value>Oratorio Parrocchiale</value></Data><Data name="building"><value>yes</value></Data><Data name="@geometry"><value>center</value></Data></ExtendedData><Point><coordinates>15.148079,37.553925</coordinates></Point></Placemark><Placemark><name>C.S.O.A. Askatasuna</name><ExtendedData><Data name="@id"><value>way/104339324</value></Data><Data name="amenity"><value>community_centre</value></Data><Data name="building"><value>yes</value></Data><Data name="name"><value>C.S.O.A. Askatasuna</value></Data><Data name="website"><value>http://www.csoaskatasuna.org</value></Data><Data name="@geometry"><value>center</value></Data></ExtendedData><Point><coordinates>7.6991635,45.0712166</coordinates></Point></Placemark><Placemark><ExtendedData><Data name="@id"><value>way/105147516</value></Data><Data name="amenity"><value>community_centre</value></Data><Data name="building"><value>public</value></Data><Data name="@geometry"><value>center</value></Data></ExtendedData><Point><coordinates>11.5341199,45.2265801</coordinates></Point></Placemark><Placemark><name>Oratorio San Giuseppe</name><ExtendedData><Data name="@id"><value>way/106620419</value></Data><Data name="amenity"><value>community_centre</value></Data><Data name="denomination"><value>catholic</value></Data><Data name="name"><value>Oratorio San Giuseppe</value></Data><Data name="religion"><value>christian</value></Data><Data name="@geometry"><value>center</value></Data></ExtendedData><Point><coordinates>9.3570992,45.6165004</coordinates></Point></Placemark><Placemark><name>Scalea Club</name><ExtendedData><Data name="@id"><value>way/106620962</value></Data><Data name="amenity"><value>nightclub</value></Data><Data name="contact:website"><value>http://www.scaleaclub.com/</value></Data><Data name="name"><value>Scalea Club</value></Data><Data name="@geometry"><value>center</value></Data></ExtendedData><Point><coordinates>13.3077023,38.1774578</coordinates></Point></Placemark><Placemark><name>Oratorio Paolo VI di Bovezzo</name><ExtendedData><Data name="@id"><value>way/110425383</value></Data><Data name="amenity"><value>community_centre</value></Data><Data name="building"><value>yes</value></Data><Data name="community_centre"><value>parish_hall</value></Data><Data name="denomination"><value>catholic</value></Data><Data name="name"><value>Oratorio Paolo VI di Bovezzo</value></Data><Data name="religion"><value>christian</value></Data><Data name="@geometry"><value>center</value></Data></ExtendedData><Point><coordinates>10.2375908,45.5891059</coordinates></Point></Placemark><Placemark><name>SMS di Rifredi</name><ExtendedData><Data name="@id"><value>way/110537505</value></Data><Data name="amenity"><value>community_centre</value></Data><Data name="building"><value>yes</value></Data><Data name="name"><value>SMS di Rifredi</value></Data><Data name="@geometry"><value>center</value></Data></ExtendedData><Point><coordinates>11.2414307,43.7953236</coordinates></Point></Placemark><Placemark><ExtendedData><Data name="@id"><value>way/113499034</value></Data><Data name="amenity"><value>community_centre</value></Data><Data name="@geometry"><value>center</value></Data></ExtendedData><Point><coordinates>12.0689772,44.1780502</coordinates></Point></Placemark><Placemark><name>sala di quartiere</name><ExtendedData><Data name="@id"><value>way/113499038</value></Data><Data name="amenity"><value>community_centre</value></Data><Data name="int_name"><value>public meeting venue</value></Data><Data name="name"><value>sala di quartiere</value></Data><Data name="@geometry"><value>center</value></Data></ExtendedData><Point><coordinates>12.0689069,44.1779248</coordinates></Point></Placemark><Placemark><name>Baita degli Alpini</name><ExtendedData><Data name="@id"><value>way/113800160</value></Data><Data name="amenity"><value>community_centre</value></Data><Data name="building"><value>yes</value></Data><Data name="club"><value>veterans</value></Data><Data name="name"><value>Baita degli Alpini</value></Data><Data name="operator"><value>Gruppo Alpini Albese con Cassano</value></Data><Data name="source"><value>survey</value></Data><Data name="@geometry"><value>center</value></Data></ExtendedData><Point><coordinates>9.1688059,45.8006709</coordinates></Point></Placemark><Placemark><ExtendedData><Data name="@id"><value>way/114530494</value></Data><Data name="amenity"><value>community_centre</value></Data><Data name="building"><value>yes</value></Data><Data name="@geometry"><value>center</value></Data></ExtendedData><Point><coordinates>12.2810795,46.183005</coordinates></Point></Placemark><Placemark><name>Oratorio Pio XI</name><ExtendedData><Data name="@id"><value>way/114790134</value></Data><Data name="amenity"><value>community_centre</value></Data><Data name="building"><value>yes</value></Data><Data name="name"><value>Oratorio Pio XI</value></Data><Data name="source"><value>DbTR - Ingombro al suolo corpo edificato</value></Data><Data name="@geometry"><value>center</value></Data></ExtendedData><Point><coordinates>9.27043,45.863165</coordinates></Point></Placemark><Placemark><name>Oratorio San Filippo Neri</name><ExtendedData><Data name="@id"><value>way/116036929</value></Data><Data name="amenity"><value>community_centre</value></Data><Data name="denomination"><value>catholic</value></Data><Data name="name"><value>Oratorio San Filippo Neri</value></Data><Data name="name:etymology:wikidata"><value>Q217791</value></Data><Data name="religion"><value>christian</value></Data><Data name="@geometry"><value>center</value></Data></ExtendedData><Point><coordinates>8.845448,45.6157189</coordinates></Point></Placemark><Placemark><name>Sala Civica - Bürgersaal</name><ExtendedData><Data name="@id"><value>way/117203546</value></Data><Data name="addr:postcode"><value>39040</value></Data><Data name="addr:street"><value>Piazza Municipio - Rathausplatz</value></Data><Data name="amenity"><value>community_centre</value></Data><Data name="building"><value>yes</value></Data><Data name="name"><value>Sala Civica - Bürgersaal</value></Data><Data name="@geometry"><value>center</value></Data></ExtendedData><Point><coordinates>11.2113328,46.2386774</coordinates></Point></Placemark><Placemark><ExtendedData><Data name="@id"><value>way/119018944</value></Data><Data name="amenity"><value>nightclub</value></Data><Data name="@geometry"><value>center</value></Data></ExtendedData><Point><coordinates>11.4154926,44.6997314</coordinates></Point></Placemark><Placemark><name>Centro culturale De Laugier</name><ExtendedData><Data name="@id"><value>way/119888671</value></Data><Data name="amenity"><value>community_centre</value></Data><Data name="building"><value>yes</value></Data><Data name="name"><value>Centro culturale De Laugier</value></Data><Data name="@geometry"><value>center</value></Data></ExtendedData><Point><coordinates>10.3316108,42.8163903</coordinates></Point></Placemark><Placemark><name>Sugar Reef</name><ExtendedData><Data name="@id"><value>way/120294314</value></Data><Data name="amenity"><value>nightclub</value></Data><Data name="building"><value>yes</value></Data><Data name="name"><value>Sugar Reef</value></Data><Data name="@geometry"><value>center</value></Data></ExtendedData><Point><coordinates>10.3766608,42.739734</coordinates></Point></Placemark><Placemark><name>La Tenda</name><ExtendedData><Data name="@id"><value>way/120411924</value></Data><Data name="amenity"><value>community_centre</value></Data><Data name="building"><value>yes</value></Data><Data name="name"><value>La Tenda</value></Data><Data name="operator"><value>Comune di Modena</value></Data><Data name="website"><value>https://www.comune.modena.it/latenda</value></Data><Data name="@geometry"><value>center</value></Data></ExtendedData><Point><coordinates>10.9199683,44.6516568</coordinates></Point></Placemark><Placemark><name>Sezione ANPI Bolzaneto</name><ExtendedData><Data name="@id"><value>way/120465405</value></Data><Data name="amenity"><value>community_centre</value></Data><Data name="building"><value>yes</value></Data><Data name="name"><value>Sezione ANPI Bolzaneto</value></Data><Data name="phone"><value>+39 010 7450046</value></Data><Data name="@geometry"><value>center</value></Data></ExtendedData><Point><coordinates>8.9010972,44.4611638</coordinates></Point></Placemark><Placemark><name>New Melody Club</name><ExtendedData><Data name="@id"><value>way/121717572</value></Data><Data name="addr:city"><value>Neumarkt - Egna</value></Data><Data name="addr:city:de"><value>Neumarkt</value></Data><Data name="addr:city:it"><value>Egna</value></Data><Data name="addr:hamlet"><value>Laag - Laghetti</value></Data><Data name="addr:hamlet:de"><value>Laag</value></Data><Data name="addr:hamlet:it"><value>Laghetti</value></Data><Data name="addr:housenumber"><value>8</value></Data><Data name="addr:postcode"><value>39044</value></Data><Data name="addr:street"><value>Dantestraße - Via Dante</value></Data><Data name="addr:street:de"><value>Dantestraße</value></Data><Data name="addr:street:it"><value>Via Dante</value></Data><Data name="amenity"><value>nightclub</value></Data><Data name="building"><value>yes</value></Data><Data name="name"><value>New Melody Club</value></Data><Data name="phone"><value>+39 0471 81 70 22</value></Data><Data name="@geometry"><value>center</value></Data></ExtendedData><Point><coordinates>11.2400905,46.2712523</coordinates></Point></Placemark><Placemark><name>Centro Anziani Davia Albino</name><ExtendedData><Data name="@id"><value>way/122522966</value></Data><Data name="amenity"><value>social_centre</value></Data><Data name="building"><value>yes</value></Data><Data name="name"><value>Centro Anziani Davia Albino</value></Data><Data name="@geometry"><value>center</value></Data></ExtendedData><Point><coordinates>13.4624682,41.4031111</coordinates></Point></Placemark><Placemark><name>Centro Civico Emanuela Loi e Claudio Traina</name><ExtendedData><Data name="@id"><value>way/123702822</value></Data><Data name="amenity"><value>community_centre</value></Data><Data name="building"><value>public</value></Data><Data name="building:levels"><value>2</value></Data><Data name="name"><value>Centro Civico Emanuela Loi e Claudio Traina</value></Data><Data name="operator"><value>Comune di Sesto San Giovanni</value></Data><Data name="@geometry"><value>center</value></Data></ExtendedData><Point><coordinates>9.2312119,45.536658</coordinates></Point></Placemark><Placemark><name>Centro Giovanile</name><ExtendedData><Data name="@id"><value>way/124347999</value></Data><Data name="name"><value>Centro Giovanile</value></Data><Data name="amenity"><value>community_centre</value></Data><Data name="building"><value>yes</value></Data><Data name="@geometry"><value>center</value></Data></ExtendedData><Point><coordinates>11.5118645,45.8764688</coordinates></Point></Placemark><Placemark><name>ARI Perugia I0WN</name><ExtendedData><Data name="@id"><value>way/126512161</value></Data><Data name="addr:city"><value>Ponte San Giovanni</value></Data><Data name="addr:country"><value>IT</value></Data><Data name="addr:housename"><value>Sezione A.R.I. Perugia</value></Data><Data name="addr:postcode"><value>06154</value></Data><Data name="addr:street"><value>Via Pitagora</value></Data><Data name="alt_name"><value>Associazione Radioamatori Italiani, sezione di Perugia &quot;I0WN Mario Bencivenga&quot;</value></Data><Data name="amenity"><value>community_centre</value></Data><Data name="building"><value>yes</value></Data><Data name="club"><value>amateur_radio</value></Data><Data name="name"><value>ARI Perugia I0WN</value></Data><Data name="office"><value>association</value></Data><Data name="operator"><value>Associazione Radioamatori Italiani</value></Data><Data name="website"><value>http://www.aripg.it/</value></Data><Data name="@geometry"><value>center</value></Data></ExtendedData><Point><coordinates>12.4364222,43.0938404</coordinates></Point></Placemark><Placemark><name>Oratorio Don Bosco</name><ExtendedData><Data name="@id"><value>way/126512549</value></Data><Data name="operator"><value>Diocesi di Bergamo</value></Data><Data name="amenity"><value>social_centre</value></Data><Data name="name"><value>Oratorio Don Bosco</value></Data><Data name="@geometry"><value>center</value></Data></ExtendedData><Point><coordinates>9.7057516,45.5110683</coordinates></Point></Placemark><Placemark><name>C.V.A. di Solfagnano</name><ExtendedData><Data name="@id"><value>way/126775224</value></Data><Data name="amenity"><value>community_centre</value></Data><Data name="building"><value>yes</value></Data><Data name="name"><value>C.V.A. di Solfagnano</value></Data><Data name="@geometry"><value>center</value></Data></ExtendedData><Point><coordinates>12.4159903,43.2180183</coordinates></Point></Placemark><Placemark><name>Villaggio Santa Caterina</name><ExtendedData><Data name="@id"><value>way/126775293</value></Data><Data name="amenity"><value>community_centre</value></Data><Data name="building"><value>yes</value></Data><Data name="name"><value>Villaggio Santa Caterina</value></Data><Data name="@geometry"><value>center</value></Data></ExtendedData><Point><coordinates>12.4061078,43.2233069</coordinates></Point></Placemark><Placemark><name>Auser</name><ExtendedData><Data name="@id"><value>way/126797044</value></Data><Data name="name"><value>Auser</value></Data><Data name="amenity"><value>community_centre</value></Data><Data name="@geometry"><value>center</value></Data></ExtendedData><Point><coordinates>17.4311512,40.5313659</coordinates></Point></Placemark><Placemark><name>La Darsena</name><ExtendedData><Data name="@id"><value>way/127584863</value></Data><Data name="addr:city"><value>Castiglione del Lago</value></Data><Data name="addr:housenumber"><value>1</value></Data><Data name="addr:postcode"><value>06061</value></Data><Data name="addr:street"><value>Via Lungolago</value></Data><Data name="amenity"><value>nightclub</value></Data><Data name="name"><value>La Darsena</value></Data><Data name="@geometry"><value>center</value></Data></ExtendedData><Point><coordinates>12.0579581,43.1263797</coordinates></Point></Placemark><Placemark><name>Dancing Faliero</name><ExtendedData><Data name="@id"><value>way/127585228</value></Data><Data name="amenity"><value>nightclub</value></Data><Data name="building"><value>yes</value></Data><Data name="name"><value>Dancing Faliero</value></Data><Data name="@geometry"><value>center</value></Data></ExtendedData><Point><coordinates>12.1864181,43.0867337</coordinates></Point></Placemark><Placemark><name>Oratorio del Gonfalone</name><ExtendedData><Data name="@id"><value>way/127942179</value></Data><Data name="wikipedia"><value>it:Oratorio del Gonfalone (Roma)</value></Data><Data name="wikidata"><value>Q1426841</value></Data><Data name="tourism"><value>attraction</value></Data><Data name="name"><value>Oratorio del Gonfalone</value></Data><Data name="amenity"><value>community_centre</value></Data><Data name="building"><value>yes</value></Data><Data name="@geometry"><value>center</value></Data></ExtendedData><Point><coordinates>12.4663403,41.8973919</coordinates></Point></Placemark><Placemark><name>Haus der Dorfgemeinschaft</name><ExtendedData><Data name="@id"><value>way/128625202</value></Data><Data name="addr:postcode"><value>39050</value></Data><Data name="addr:street"><value>Dorf</value></Data><Data name="amenity"><value>community_centre</value></Data><Data name="building"><value>yes</value></Data><Data name="name"><value>Haus der Dorfgemeinschaft</value></Data><Data name="name:de"><value>Haus der Dorfgemeinschaft</value></Data><Data name="@geometry"><value>center</value></Data></ExtendedData><Point><coordinates>11.406316,46.4896236</coordinates></Point></Placemark><Placemark><name>Dancing 007</name><ExtendedData><Data name="@id"><value>way/128734250</value></Data><Data name="amenity"><value>nightclub</value></Data><Data name="building"><value>yes</value></Data><Data name="name"><value>Dancing 007</value></Data><Data name="@geometry"><value>center</value></Data></ExtendedData><Point><coordinates>12.6129291,44.0368845</coordinates></Point></Placemark><Placemark><name>Maxi Dancing Tris</name><ExtendedData><Data name="@id"><value>way/128734412</value></Data><Data name="ref:vatin"><value>IT01088070410</value></Data><Data name="name"><value>Maxi Dancing Tris</value></Data><Data name="addr:hamlet"><value>Schieppe</value></Data><Data name="addr:housenumber"><value>24</value></Data><Data name="addr:postcode"><value>61038</value></Data><Data name="addr:street"><value>Via Schieppe Angelica</value></Data><Data name="amenity"><value>nightclub</value></Data><Data name="building"><value>yes</value></Data><Data name="contact:email"><value>info@dancingtris.it</value></Data><Data name="contact:phone"><value>+39 0721 981966</value></Data><Data name="contact:website"><value>http://www.dancingtris.it/</value></Data><Data name="leisure"><value>dance</value></Data><Data name="@geometry"><value>center</value></Data></ExtendedData><Point><coordinates>12.8971894,43.7141741</coordinates></Point></Placemark><Placemark><name>Settimo Cielo Maxi Dancing</name><ExtendedData><Data name="@id"><value>way/128738273</value></Data><Data name="addr:housenumber"><value>1B</value></Data><Data name="addr:city"><value>Serrungarina</value></Data><Data name="addr:street"><value>Via Mombaroccese</value></Data><Data name="amenity"><value>nightclub</value></Data><Data name="building"><value>yes</value></Data><Data name="contact:email"><value>info@settimocielodancing.it</value></Data><Data name="contact:phone"><value>+39 0721 893027</value></Data><Data name="contact:website"><value>http://www.settimocielodancing.it/</value></Data><Data name="name"><value>Settimo Cielo Maxi Dancing</value></Data><Data name="@geometry"><value>center</value></Data></ExtendedData><Point><coordinates>12.8679071,43.7651519</coordinates></Point></Placemark><Placemark><name>Centro ricreativo Caltrane-Canton</name><ExtendedData><Data name="@id"><value>way/129400170</value></Data><Data name="amenity"><value>community_centre</value></Data><Data name="name"><value>Centro ricreativo Caltrane-Canton</value></Data><Data name="@geometry"><value>center</value></Data></ExtendedData><Point><coordinates>11.1170034,45.2660833</coordinates></Point></Placemark><Placemark><name>Dancing Valle Verde</name><ExtendedData><Data name="@id"><value>way/129695704</value></Data><Data name="amenity"><value>nightclub</value></Data><Data name="name"><value>Dancing Valle Verde</value></Data><Data name="@geometry"><value>center</value></Data></ExtendedData><Point><coordinates>13.1261797,43.7550139</coordinates></Point></Placemark><Placemark><name>Centro Anziani</name><ExtendedData><Data name="@id"><value>way/130594365</value></Data><Data name="building"><value>yes</value></Data><Data name="amenity"><value>community_centre</value></Data><Data name="name"><value>Centro Anziani</value></Data><Data name="@geometry"><value>center</value></Data></ExtendedData><Point><coordinates>12.974239,41.5865643</coordinates></Point></Placemark><Placemark><name>Oratorio San Giovanni Bosco</name><ExtendedData><Data name="@id"><value>way/130634677</value></Data><Data name="religion"><value>christian</value></Data><Data name="amenity"><value>community_centre</value></Data><Data name="building"><value>public</value></Data><Data name="community_centre"><value>parish_hall</value></Data><Data name="denomination"><value>catholic</value></Data><Data name="name"><value>Oratorio San Giovanni Bosco</value></Data><Data name="@geometry"><value>center</value></Data></ExtendedData><Point><coordinates>10.0992849,45.6298332</coordinates></Point></Placemark><Placemark><name>A' Furmicula</name><ExtendedData><Data name="@id"><value>way/131417367</value></Data><Data name="name"><value>A' Furmicula</value></Data><Data name="building"><value>yes</value></Data><Data name="addr:postcode"><value>71040</value></Data><Data name="addr:street"><value>Via Giovanni Falcone</value></Data><Data name="amenity"><value>nightclub</value></Data><Data name="addr:housenumber"><value>14</value></Data><Data name="addr:city"><value>Isole Tremiti</value></Data><Data name="@geometry"><value>center</value></Data></ExtendedData><Point><coordinates>15.4870408,42.1142567</coordinates></Point></Placemark><Placemark><name>Villa Berta</name><ExtendedData><Data name="@id"><value>way/131656759</value></Data><Data name="amenity"><value>community_centre</value></Data><Data name="building"><value>yes</value></Data><Data name="name"><value>Villa Berta</value></Data><Data name="operator"><value>Comune di Padova</value></Data><Data name="@geometry"><value>center</value></Data></ExtendedData><Point><coordinates>11.9385465,45.402075</coordinates></Point></Placemark><Placemark><name>Centro Civico Rigoni Stern</name><ExtendedData><Data name="@id"><value>way/131729213</value></Data><Data name="amenity"><value>community_centre</value></Data><Data name="building"><value>yes</value></Data><Data name="name"><value>Centro Civico Rigoni Stern</value></Data><Data name="@geometry"><value>center</value></Data></ExtendedData><Point><coordinates>11.9363571,45.3636102</coordinates></Point></Placemark><Placemark><name>Consiglio di Quartiere n° 5</name><ExtendedData><Data name="@id"><value>way/131811792</value></Data><Data name="addr:housenumber"><value>40</value></Data><Data name="addr:street"><value>Piazza Napoli</value></Data><Data name="amenity"><value>community_centre</value></Data><Data name="building"><value>civic</value></Data><Data name="internet_access"><value>wlan</value></Data><Data name="internet_access:fee"><value>no</value></Data><Data name="internet_access:operator"><value>Padova WiFi</value></Data><Data name="name"><value>Consiglio di Quartiere n° 5</value></Data><Data name="@geometry"><value>center</value></Data></ExtendedData><Point><coordinates>11.8653767,45.3926092</coordinates></Point></Placemark><Placemark><name>Ex Fornace Carotta</name><ExtendedData><Data name="@id"><value>way/131814241</value></Data><Data name="name"><value>Ex Fornace Carotta</value></Data><Data name="internet_access:operator"><value>Padova WiFi</value></Data><Data name="addr:housenumber"><value>61</value></Data><Data name="addr:street"><value>Via Siracusa</value></Data><Data name="amenity"><value>community_centre</value></Data><Data name="building"><value>yes</value></Data><Data name="internet_access"><value>wlan</value></Data><Data name="internet_access:fee"><value>no</value></Data><Data name="@geometry"><value>center</value></Data></ExtendedData><Point><coordinates>11.8642942,45.3920469</coordinates></Point></Placemark><Placemark><name>Anagrafe Comunale</name><ExtendedData><Data name="@id"><value>way/131987136</value></Data><Data name="addr:housenumber"><value>15</value></Data><Data name="addr:street"><value>Via Curzola</value></Data><Data name="amenity"><value>community_centre</value></Data><Data name="building"><value>civic</value></Data><Data name="name"><value>Anagrafe Comunale</value></Data><Data name="@geometry"><value>center</value></Data></ExtendedData><Point><coordinates>11.8761088,45.4238794</coordinates></Point></Placemark><Placemark><name>Centro Polifunzionale</name><ExtendedData><Data name="@id"><value>way/132864789</value></Data><Data name="amenity"><value>community_centre</value></Data><Data name="building"><value>yes</value></Data><Data name="height"><value>4 m</value></Data><Data name="it:fvg:ctrn:code"><value>4AED</value></Data><Data name="it:fvg:ctrn:revision"><value>1AN</value></Data><Data name="name"><value>Centro Polifunzionale</value></Data><Data name="@geometry"><value>center</value></Data></ExtendedData><Point><coordinates>12.9270626,45.8607085</coordinates></Point></Placemark><Placemark><name>Centro Anziani Longuelo</name><ExtendedData><Data name="@id"><value>way/132998194</value></Data><Data name="amenity"><value>community_centre</value></Data><Data name="building"><value>yes</value></Data><Data name="name"><value>Centro Anziani Longuelo</value></Data><Data name="operator"><value>Comune di Bergamo</value></Data><Data name="@geometry"><value>center</value></Data></ExtendedData><Point><coordinates>9.6260632,45.6953484</coordinates></Point></Placemark><Placemark><name>Casa del Volontariato</name><ExtendedData><Data name="@id"><value>way/134244060</value></Data><Data name="addr:city"><value>Montebelluna</value></Data><Data name="addr:housenumber"><value>4</value></Data><Data name="addr:postcode"><value>31044</value></Data><Data name="addr:street"><value>Via Lino Mattiello</value></Data><Data name="amenity"><value>community_centre</value></Data><Data name="building"><value>yes</value></Data><Data name="community_centre"><value>club_home</value></Data><Data name="name"><value>Casa del Volontariato</value></Data><Data name="website"><value>http://www.cittadinivolontari.it/</value></Data><Data name="wheelchair"><value>yes</value></Data><Data name="@geometry"><value>center</value></Data></ExtendedData><Point><coordinates>12.0514588,45.7745496</coordinates></Point></Placemark><Placemark><name>Magika</name><ExtendedData><Data name="@id"><value>way/134383515</value></Data><Data name="website"><value>https://www.magikadisco.com/</value></Data><Data name="fax"><value>+39 0373 236007</value></Data><Data name="phone"><value>+39 0373 234711</value></Data><Data name="name"><value>Magika</value></Data><Data name="building"><value>yes</value></Data><Data name="amenity"><value>nightclub</value></Data><Data name="@geometry"><value>center</value></Data></ExtendedData><Point><coordinates>9.6103984,45.3739082</coordinates></Point></Placemark><Placemark><name>Oratorio di Soprazocco</name><ExtendedData><Data name="@id"><value>way/134657330</value></Data><Data name="amenity"><value>community_centre</value></Data><Data name="building"><value>yes</value></Data><Data name="community_centre"><value>parish_hall</value></Data><Data name="denomination"><value>catholic</value></Data><Data name="name"><value>Oratorio di Soprazocco</value></Data><Data name="religion"><value>christian</value></Data><Data name="@geometry"><value>center</value></Data></ExtendedData><Point><coordinates>10.4729106,45.5930956</coordinates></Point></Placemark><Placemark><name>Shakabrà</name><ExtendedData><Data name="@id"><value>way/136391637</value></Data><Data name="amenity"><value>nightclub</value></Data><Data name="barrier"><value>wall</value></Data><Data name="name"><value>Shakabrà</value></Data><Data name="@geometry"><value>center</value></Data></ExtendedData><Point><coordinates>12.58859,37.673636</coordinates></Point></Placemark><Placemark><name>Vinile</name><ExtendedData><Data name="@id"><value>way/137242271</value></Data><Data name="ref:vatin"><value>IT10615781001</value></Data><Data name="phone"><value>+39 06 57288666</value></Data><Data name="addr:housenumber"><value>19</value></Data><Data name="addr:postcode"><value>00154</value></Data><Data name="addr:street"><value>Via Giuseppe Libetta</value></Data><Data name="amenity"><value>nightclub</value></Data><Data name="building"><value>hall</value></Data><Data name="eating"><value>yes</value></Data><Data name="name"><value>Vinile</value></Data><Data name="operator"><value>360 S.r.l.</value></Data><Data name="@geometry"><value>center</value></Data></ExtendedData><Point><coordinates>12.4804531,41.8629847</coordinates></Point></Placemark><Placemark><ExtendedData><Data name="@id"><value>way/138217441</value></Data><Data name="amenity"><value>community_centre</value></Data><Data name="building"><value>yes</value></Data><Data name="@geometry"><value>center</value></Data></ExtendedData><Point><coordinates>15.2398469,38.1800739</coordinates></Point></Placemark><Placemark><name>Oratorio Fabrizio Carturan</name><ExtendedData><Data name="@id"><value>way/138325941</value></Data><Data name="amenity"><value>community_centre</value></Data><Data name="building"><value>yes</value></Data><Data name="name"><value>Oratorio Fabrizio Carturan</value></Data><Data name="@geometry"><value>center</value></Data></ExtendedData><Point><coordinates>8.4029691,45.1822662</coordinates></Point></Placemark><Placemark><name>Il Cerchio Cooperativa Sociale ONLUS</name><ExtendedData><Data name="@id"><value>way/138842918</value></Data><Data name="amenity"><value>community_centre</value></Data><Data name="building"><value>commercial</value></Data><Data name="building:levels"><value>2</value></Data><Data name="name"><value>Il Cerchio Cooperativa Sociale ONLUS</value></Data><Data name="roof:colour"><value>red</value></Data><Data name="roof:shape"><value>gabled</value></Data><Data name="@geometry"><value>center</value></Data></ExtendedData><Point><coordinates>12.3157119,45.4273149</coordinates></Point></Placemark><Placemark><name>Centro Zona 3</name><ExtendedData><Data name="@id"><value>way/138893793</value></Data><Data name="alt_name"><value>Aster 3</value></Data><Data name="amenity"><value>community_centre</value></Data><Data name="building"><value>yes</value></Data><Data name="name"><value>Centro Zona 3</value></Data><Data name="@geometry"><value>center</value></Data></ExtendedData><Point><coordinates>11.5713301,45.5453219</coordinates></Point></Placemark><Placemark><name>Centro Sociale Bocciodromo</name><ExtendedData><Data name="@id"><value>way/138898632</value></Data><Data name="amenity"><value>community_centre</value></Data><Data name="building"><value>industrial</value></Data><Data name="name"><value>Centro Sociale Bocciodromo</value></Data><Data name="short_name"><value>CS Bocciodromo</value></Data><Data name="website"><value>http://bocciodromo.blogspot.fr/</value></Data><Data name="@geometry"><value>center</value></Data></ExtendedData><Point><coordinates>11.5211421,45.5384883</coordinates></Point></Placemark><Placemark><ExtendedData><Data name="@id"><value>way/139028553</value></Data><Data name="amenity"><value>community_centre</value></Data><Data name="building"><value>yes</value></Data><Data name="@geometry"><value>center</value></Data></ExtendedData><Point><coordinates>10.9592288,45.4507794</coordinates></Point></Placemark><Placemark><name>Sala Polivalente &quot;Claudio Demattè&quot;</name><ExtendedData><Data name="@id"><value>way/140646700</value></Data><Data name="operator"><value>Pro Loco Ravina</value></Data><Data name="amenity"><value>community_centre</value></Data><Data name="building"><value>yes</value></Data><Data name="name"><value>Sala Polivalente &quot;Claudio Demattè&quot;</value></Data><Data name="@geometry"><value>center</value></Data></ExtendedData><Point><coordinates>11.1077752,46.038412</coordinates></Point></Placemark><Placemark><name>Centro Sociale Rivolta P.V.C.</name><ExtendedData><Data name="@id"><value>way/140847079</value></Data><Data name="website"><value>https://www.facebook.com/CSRivolta</value></Data><Data name="name"><value>Centro Sociale Rivolta P.V.C.</value></Data><Data name="building"><value>yes</value></Data><Data name="amenity"><value>community_centre</value></Data><Data name="addr:city"><value>Venezia</value></Data><Data name="addr:housenumber"><value>45</value></Data><Data name="addr:place"><value>Marghera</value></Data><Data name="addr:street"><value>Via Fratelli Bandiera</value></Data><Data name="@geometry"><value>center</value></Data></ExtendedData><Point><coordinates>12.2302714,45.4706993</coordinates></Point></Placemark><Placemark><name>Amici di Villa Farina</name><ExtendedData><Data name="@id"><value>way/141601855</value></Data><Data name="amenity"><value>social_centre</value></Data><Data name="building"><value>yes</value></Data><Data name="name"><value>Amici di Villa Farina</value></Data><Data name="@geometry"><value>center</value></Data></ExtendedData><Point><coordinates>9.3103239,45.6992678</coordinates></Point></Placemark><Placemark><name>Baita Alpini</name><ExtendedData><Data name="@id"><value>way/141923407</value></Data><Data name="club"><value>history</value></Data><Data name="amenity"><value>community_centre</value></Data><Data name="building"><value>yes</value></Data><Data name="name"><value>Baita Alpini</value></Data><Data name="@geometry"><value>center</value></Data></ExtendedData><Point><coordinates>10.8926626,45.4316515</coordinates></Point></Placemark><Placemark><name>Oratorio di Tregasio</name><ExtendedData><Data name="@id"><value>way/142118858</value></Data><Data name="amenity"><value>community_centre</value></Data><Data name="building"><value>public</value></Data><Data name="name"><value>Oratorio di Tregasio</value></Data><Data name="@geometry"><value>center</value></Data></ExtendedData><Point><coordinates>9.2893204,45.6789821</coordinates></Point></Placemark><Placemark><name>Bì La fabbrica del gioco e delle arti</name><description>centro per i bambini e i giovani che ospita al suo interno la Biblioteca Civica per i ragazzi, il museo del giocattolo e del bambino e il teatro del buratto</description><ExtendedData><Data name="@id"><value>way/142405400</value></Data><Data name="website"><value>http://www.bilafabbricadelgiocoedellearti.it</value></Data><Data name="addr:city"><value>Cormano</value></Data><Data name="addr:country"><value>IT</value></Data><Data name="addr:housenumber"><value>3</value></Data><Data name="addr:postcode"><value>20032</value></Data><Data name="addr:street"><value>Via Gianni Rodari</value></Data><Data name="amenity"><value>community_centre</value></Data><Data name="building"><value>yes</value></Data><Data name="description"><value>centro per i bambini e i giovani che ospita al suo interno la Biblioteca Civica per i ragazzi, il museo del giocattolo e del bambino e il teatro del buratto</value></Data><Data name="email"><value>info@bilafabbricadelgiocoedellearti.it</value></Data><Data name="name"><value>Bì La fabbrica del gioco e delle arti</value></Data><Data name="opening_hours"><value>Tu-Su 14:30-18:30</value></Data><Data name="phone"><value>+39 02 66305562</value></Data><Data name="tourism"><value>attraction</value></Data><Data name="@geometry"><value>center</value></Data></ExtendedData><Point><coordinates>9.1723565,45.5467046</coordinates></Point></Placemark><Placemark><name>Don Chisciotte</name><ExtendedData><Data name="@id"><value>way/142647208</value></Data><Data name="alt_name"><value>Donky</value></Data><Data name="amenity"><value>nightclub</value></Data><Data name="building"><value>yes</value></Data><Data name="name"><value>Don Chisciotte</value></Data><Data name="smoking"><value>yes</value></Data><Data name="@geometry"><value>center</value></Data></ExtendedData><Point><coordinates>11.3663127,44.7639263</coordinates></Point></Placemark><Placemark><name>centro comunitario</name><ExtendedData><Data name="@id"><value>way/143992996</value></Data><Data name="amenity"><value>community_centre</value></Data><Data name="building"><value>yes</value></Data><Data name="name"><value>centro comunitario</value></Data><Data name="operator"><value>Comune Oggebbio</value></Data><Data name="@geometry"><value>center</value></Data></ExtendedData><Point><coordinates>8.6541032,45.9971857</coordinates></Point></Placemark><Placemark><name>Policampus</name><ExtendedData><Data name="@id"><value>way/144095240</value></Data><Data name="amenity"><value>community_centre</value></Data><Data name="building"><value>yes</value></Data><Data name="name"><value>Policampus</value></Data><Data name="@geometry"><value>center</value></Data></ExtendedData><Point><coordinates>9.8743295,46.1650178</coordinates></Point></Placemark><Placemark><ExtendedData><Data name="@id"><value>way/144801757</value></Data><Data name="amenity"><value>community_centre</value></Data><Data name="building"><value>yes</value></Data><Data name="@geometry"><value>center</value></Data></ExtendedData><Point><coordinates>12.5012321,45.9793496</coordinates></Point></Placemark><Placemark><ExtendedData><Data name="@id"><value>way/144837485</value></Data><Data name="amenity"><value>nightclub</value></Data><Data name="building"><value>yes</value></Data><Data name="@geometry"><value>center</value></Data></ExtendedData><Point><coordinates>12.3429934,45.0720987</coordinates></Point></Placemark><Placemark><name>Centrale PLIP</name><ExtendedData><Data name="@id"><value>way/145869271</value></Data><Data name="amenity"><value>community_centre</value></Data><Data name="building"><value>civic</value></Data><Data name="name"><value>Centrale PLIP</value></Data><Data name="@geometry"><value>center</value></Data></ExtendedData><Point><coordinates>12.259206,45.504548</coordinates></Point></Placemark><Placemark><ExtendedData><Data name="@id"><value>way/145935747</value></Data><Data name="amenity"><value>nightclub</value></Data><Data name="building"><value>yes</value></Data><Data name="note"><value>verificare se man_made=works</value></Data><Data name="@geometry"><value>center</value></Data></ExtendedData><Point><coordinates>11.7157587,45.7580653</coordinates></Point></Placemark><Placemark><name>Ex scuole di Gron</name><ExtendedData><Data name="@id"><value>way/146138622</value></Data><Data name="amenity"><value>community_centre</value></Data><Data name="building"><value>school</value></Data><Data name="name"><value>Ex scuole di Gron</value></Data><Data name="@geometry"><value>center</value></Data></ExtendedData><Point><coordinates>12.0898017,46.1419694</coordinates></Point></Placemark><Placemark><name>Città Equosolidale</name><ExtendedData><Data name="@id"><value>way/146742153</value></Data><Data name="addr:city"><value>Roma</value></Data><Data name="addr:housenumber"><value>2</value></Data><Data name="addr:postcode"><value>00154</value></Data><Data name="addr:street"><value>Via del Porto Fluviale</value></Data><Data name="amenity"><value>community_centre</value></Data><Data name="building"><value>no</value></Data><Data name="name"><value>Città Equosolidale</value></Data><Data name="operator"><value>Comunità di Sant'Egidio</value></Data><Data name="phone"><value>+390657300510</value></Data><Data name="website"><value>https://www.santegidio.org/pageID/30160/langID/it/ECOSOLIDARIET%C3%80.html</value></Data><Data name="@geometry"><value>center</value></Data></ExtendedData><Point><coordinates>12.4797214,41.8727337</coordinates></Point></Placemark><Placemark><name>Palamare Pra'</name><ExtendedData><Data name="@id"><value>way/147246306</value></Data><Data name="building"><value>yes</value></Data><Data name="name"><value>Palamare Pra'</value></Data><Data name="amenity"><value>community_centre</value></Data><Data name="@geometry"><value>center</value></Data></ExtendedData><Point><coordinates>8.7906837,44.4256677</coordinates></Point></Placemark><Placemark><name>Dancing Le Terrazze</name><ExtendedData><Data name="@id"><value>way/147313966</value></Data><Data name="addr:city"><value>Tagliolo Monferrato</value></Data><Data name="addr:housenumber"><value>34</value></Data><Data name="addr:street"><value>località Terrazze</value></Data><Data name="amenity"><value>nightclub</value></Data><Data name="building"><value>yes</value></Data><Data name="name"><value>Dancing Le Terrazze</value></Data><Data name="@geometry"><value>center</value></Data></ExtendedData><Point><coordinates>8.6799758,44.6572079</coordinates></Point></Placemark><Placemark><name>Auditorium Dina Orsi</name><ExtendedData><Data name="@id"><value>way/147360531</value></Data><Data name="alt_name"><value>Centro Sociale Dina Orsi</value></Data><Data name="amenity"><value>community_centre</value></Data><Data name="building"><value>civic</value></Data><Data name="name"><value>Auditorium Dina Orsi</value></Data><Data name="@geometry"><value>center</value></Data></ExtendedData><Point><coordinates>12.271423,45.8707739</coordinates></Point></Placemark><Placemark><ExtendedData><Data name="@id"><value>way/147745927</value></Data><Data name="amenity"><value>community_centre</value></Data><Data name="building"><value>yes</value></Data><Data name="@geometry"><value>center</value></Data></ExtendedData><Point><coordinates>12.33844,46.0070506</coordinates></Point></Placemark><Placemark><description>centro parrocchiale di ritrovo giovanile</description><ExtendedData><Data name="@id"><value>way/148255471</value></Data><Data name="amenity"><value>community_centre</value></Data><Data name="building"><value>yes</value></Data><Data name="description"><value>centro parrocchiale di ritrovo giovanile</value></Data><Data name="@geometry"><value>center</value></Data></ExtendedData><Point><coordinates>9.0834219,45.8503752</coordinates></Point></Placemark><Placemark><name>Charlys Night Club</name><ExtendedData><Data name="@id"><value>way/148386104</value></Data><Data name="amenity"><value>nightclub</value></Data><Data name="name"><value>Charlys Night Club</value></Data><Data name="@geometry"><value>center</value></Data></ExtendedData><Point><coordinates>10.3722198,45.1463669</coordinates></Point></Placemark><Placemark><name>Cassero LGBT+ Center</name><ExtendedData><Data name="@id"><value>way/148747352</value></Data><Data name="name"><value>Cassero LGBT+ Center</value></Data><Data name="source"><value>Regione Emilia Romagna</value></Data><Data name="addr:city"><value>Bologna</value></Data><Data name="addr:housenumber"><value>18</value></Data><Data name="addr:street"><value>Via Don Giovanni Minzoni</value></Data><Data name="amenity"><value>community_centre</value></Data><Data name="building"><value>yes</value></Data><Data name="community_centre:for"><value>lgbtq</value></Data><Data name="lgbtq"><value>primary</value></Data><Data name="old_name"><value>Salara</value></Data><Data name="@geometry"><value>center</value></Data></ExtendedData><Point><coordinates>11.335171,44.5028639</coordinates></Point></Placemark><Placemark><name>Centro Civico</name><ExtendedData><Data name="@id"><value>way/149073591</value></Data><Data name="addr:city"><value>Caorle</value></Data><Data name="addr:housenumber"><value>1</value></Data><Data name="addr:postcode"><value>30021</value></Data><Data name="addr:street"><value>Piazza Vescovado</value></Data><Data name="amenity"><value>community_centre</value></Data><Data name="building"><value>yes</value></Data><Data name="name"><value>Centro Civico</value></Data><Data name="operator"><value>Comune di Caorle</value></Data><Data name="website"><value>https://www.comune.caorle.ve.it/?area=2&amp;menu=107&amp;page=645</value></Data><Data name="@geometry"><value>center</value></Data></ExtendedData><Point><coordinates>12.8891099,45.5989827</coordinates></Point></Placemark><Placemark><name>Gruppo Aereomodellistico Secchia</name><ExtendedData><Data name="@id"><value>way/149198329</value></Data><Data name="amenity"><value>community_centre</value></Data><Data name="building"><value>service</value></Data><Data name="building:levels"><value>1</value></Data><Data name="name"><value>Gruppo Aereomodellistico Secchia</value></Data><Data name="source"><value>Regione Emilia Romagna</value></Data><Data name="@geometry"><value>center</value></Data></ExtendedData><Point><coordinates>10.7858678,44.5943476</coordinates></Point></Placemark><Placemark><name>Oasi del Colombarone</name><ExtendedData><Data name="@id"><value>way/149198358</value></Data><Data name="amenity"><value>community_centre</value></Data><Data name="building"><value>detached</value></Data><Data name="building:levels"><value>2</value></Data><Data name="name"><value>Oasi del Colombarone</value></Data><Data name="source"><value>Regione Emilia Romagna</value></Data><Data name="website"><value>https://www.visitmodena.it/luoghi_ascoltare/tutti_luoghi/oasi_colombarone_percorsi_naturalistici.aspx</value></Data><Data name="@geometry"><value>center</value></Data></ExtendedData><Point><coordinates>10.7914343,44.6139839</coordinates></Point></Placemark><Placemark><ExtendedData><Data name="@id"><value>way/149211886</value></Data><Data name="amenity"><value>community_centre</value></Data><Data name="building"><value>yes</value></Data><Data name="building:levels"><value>2</value></Data><Data name="source"><value>Regione Emilia Romagna</value></Data><Data name="@geometry"><value>center</value></Data></ExtendedData><Point><coordinates>10.7896985,44.5441913</coordinates></Point></Placemark><Placemark><ExtendedData><Data name="@id"><value>way/149240115</value></Data><Data name="amenity"><value>community_centre</value></Data><Data name="building"><value>yes</value></Data><Data name="source"><value>Regione Emilia Romagna</value></Data><Data name="@geometry"><value>center</value></Data></ExtendedData><Point><coordinates>10.7750525,44.5385694</coordinates></Point></Placemark><Placemark><name>Casa nel Parco</name><ExtendedData><Data name="@id"><value>way/149241846</value></Data><Data name="addr:city"><value>Sassuolo</value></Data><Data name="addr:housenumber"><value>4</value></Data><Data name="addr:postcode"><value>41049</value></Data><Data name="addr:street"><value>Largo Pietro Bezzi</value></Data><Data name="amenity"><value>community_centre</value></Data><Data name="building"><value>yes</value></Data><Data name="name"><value>Casa nel Parco</value></Data><Data name="source"><value>Regione Emilia Romagna</value></Data><Data name="@geometry"><value>center</value></Data></ExtendedData><Point><coordinates>10.7750973,44.5387409</coordinates></Point></Placemark><Placemark><ExtendedData><Data name="@id"><value>way/149242115</value></Data><Data name="amenity"><value>community_centre</value></Data><Data name="building"><value>yes</value></Data><Data name="source"><value>Regione Emilia Romagna</value></Data><Data name="@geometry"><value>center</value></Data></ExtendedData><Point><coordinates>10.7752528,44.5398082</coordinates></Point></Placemark><Placemark><name>Associazione Orti sul Secchia</name><ExtendedData><Data name="@id"><value>way/149242787</value></Data><Data name="amenity"><value>community_centre</value></Data><Data name="building"><value>industrial</value></Data><Data name="name"><value>Associazione Orti sul Secchia</value></Data><Data name="source"><value>Regione Emilia Romagna</value></Data><Data name="@geometry"><value>center</value></Data></ExtendedData><Point><coordinates>10.7672984,44.538575</coordinates></Point></Placemark><Placemark><name>Centro Giovani</name><ExtendedData><Data name="@id"><value>way/149448257</value></Data><Data name="amenity"><value>community_centre</value></Data><Data name="building"><value>yes</value></Data><Data name="name"><value>Centro Giovani</value></Data><Data name="source"><value>Regione Emilia Romagna</value></Data><Data name="@geometry"><value>center</value></Data></ExtendedData><Point><coordinates>10.9457827,44.552303</coordinates></Point></Placemark><Placemark><name>Centro Polifunzionale</name><ExtendedData><Data name="@id"><value>way/149764835</value></Data><Data name="amenity"><value>community_centre</value></Data><Data name="building"><value>yes</value></Data><Data name="name"><value>Centro Polifunzionale</value></Data><Data name="@geometry"><value>center</value></Data></ExtendedData><Point><coordinates>11.6052988,46.0677355</coordinates></Point></Placemark><Placemark><name>Estragon</name><ExtendedData><Data name="@id"><value>way/150954395</value></Data><Data name="building"><value>yes</value></Data><Data name="wikidata"><value>Q65809017</value></Data><Data name="amenity"><value>nightclub</value></Data><Data name="name"><value>Estragon</value></Data><Data name="source"><value>Regione Emilia Romagna</value></Data><Data name="@geometry"><value>center</value></Data></ExtendedData><Point><coordinates>11.370935,44.5218688</coordinates></Point></Placemark><Placemark><name>Centro Sociale Santa Viola</name><ExtendedData><Data name="@id"><value>way/150985864</value></Data><Data name="addr:city"><value>Bologna</value></Data><Data name="addr:postcode"><value>40133</value></Data><Data name="addr:street"><value>Via Emilia Ponente</value></Data><Data name="amenity"><value>community_centre</value></Data><Data name="building"><value>yes</value></Data><Data name="name"><value>Centro Sociale Santa Viola</value></Data><Data name="source"><value>Regione Emilia Romagna</value></Data><Data name="@geometry"><value>center</value></Data></ExtendedData><Point><coordinates>11.305281,44.5071986</coordinates></Point></Placemark><Placemark><name>Albert Club</name><ExtendedData><Data name="@id"><value>way/151039979</value></Data><Data name="name"><value>Albert Club</value></Data><Data name="building"><value>yes</value></Data><Data name="amenity"><value>nightclub</value></Data><Data name="@geometry"><value>center</value></Data></ExtendedData><Point><coordinates>9.0645368,45.7303644</coordinates></Point></Placemark><Placemark><name>Discoteca Le Cupole</name><ExtendedData><Data name="@id"><value>way/151274545</value></Data><Data name="source"><value>Regione Emilia Romagna</value></Data><Data name="amenity"><value>nightclub</value></Data><Data name="building"><value>public</value></Data><Data name="name"><value>Discoteca Le Cupole</value></Data><Data name="@geometry"><value>center</value></Data></ExtendedData><Point><coordinates>11.8070646,44.3173605</coordinates></Point></Placemark><Placemark><name>Centro Sociale Ca' Di Cuntaden</name><ExtendedData><Data name="@id"><value>way/151290772</value></Data><Data name="source"><value>Regione Emilia Romagna</value></Data><Data name="amenity"><value>community_centre</value></Data><Data name="building"><value>yes</value></Data><Data name="name"><value>Centro Sociale Ca' Di Cuntaden</value></Data><Data name="@geometry"><value>center</value></Data></ExtendedData><Point><coordinates>11.8600379,44.4410184</coordinates></Point></Placemark><Placemark><name>Centro Sociale &quot;Il Tondo&quot;</name><ExtendedData><Data name="@id"><value>way/151419917</value></Data><Data name="website"><value>centrosocialeiltondolugo.it</value></Data><Data name="addr:city"><value>Lugo</value></Data><Data name="addr:housenumber"><value>30</value></Data><Data name="addr:postcode"><value>48022</value></Data><Data name="addr:street"><value>Via Domenico Antonio Lumagni</value></Data><Data name="amenity"><value>social_centre</value></Data><Data name="building"><value>yes</value></Data><Data name="name"><value>Centro Sociale &quot;Il Tondo&quot;</value></Data><Data name="phone"><value>+390545900716</value></Data><Data name="source"><value>Regione Emilia Romagna</value></Data><Data name="@geometry"><value>center</value></Data></ExtendedData><Point><coordinates>11.9092963,44.4146975</coordinates></Point></Placemark><Placemark><name>Ca' del Liscio</name><ExtendedData><Data name="@id"><value>way/151429624</value></Data><Data name="name"><value>Ca' del Liscio</value></Data><Data name="amenity"><value>nightclub</value></Data><Data name="building"><value>yes</value></Data><Data name="@geometry"><value>center</value></Data></ExtendedData><Point><coordinates>12.2117436,44.3450393</coordinates></Point></Placemark><Placemark><name>Dancing &quot;IL Gabbiano&quot;</name><ExtendedData><Data name="@id"><value>way/152044319</value></Data><Data name="amenity"><value>nightclub</value></Data><Data name="building"><value>yes</value></Data><Data name="name"><value>Dancing &quot;IL Gabbiano&quot;</value></Data><Data name="source"><value>Regione Emilia Romagna</value></Data><Data name="@geometry"><value>center</value></Data></ExtendedData><Point><coordinates>11.8328723,44.5142689</coordinates></Point></Placemark><Placemark><name>Centro Sociale Ilaria Alpi</name><ExtendedData><Data name="@id"><value>way/152388490</value></Data><Data name="amenity"><value>social_centre</value></Data><Data name="building"><value>yes</value></Data><Data name="name"><value>Centro Sociale Ilaria Alpi</value></Data><Data name="source"><value>Regione Emilia Romagna</value></Data><Data name="@geometry"><value>center</value></Data></ExtendedData><Point><coordinates>11.1881706,44.5012125</coordinates></Point></Placemark><Placemark><name>Centro Sociale Culturale Sandro Pertini</name><ExtendedData><Data name="@id"><value>way/152513841</value></Data><Data name="amenity"><value>community_centre</value></Data><Data name="building"><value>yes</value></Data><Data name="name"><value>Centro Sociale Culturale Sandro Pertini</value></Data><Data name="source"><value>Regione Emilia Romagna</value></Data><Data name="@geometry"><value>center</value></Data></ExtendedData><Point><coordinates>11.2077098,44.4916417</coordinates></Point></Placemark><Placemark><name>Parco Area Fenderl</name><ExtendedData><Data name="@id"><value>way/152708909</value></Data><Data name="amenity"><value>community_centre</value></Data><Data name="contact:website"><value>http://www.parcofenderl.it/</value></Data><Data name="leisure"><value>park</value></Data><Data name="name"><value>Parco Area Fenderl</value></Data><Data name="@geometry"><value>center</value></Data></ExtendedData><Point><coordinates>12.2904303,45.9911325</coordinates></Point></Placemark><Placemark><ExtendedData><Data name="@id"><value>way/153254331</value></Data><Data name="amenity"><value>community_centre</value></Data><Data name="building"><value>yes</value></Data><Data name="community_centre"><value>youth_centre</value></Data><Data name="source"><value>Regione Emilia Romagna</value></Data><Data name="@geometry"><value>center</value></Data></ExtendedData><Point><coordinates>11.3765782,44.6460591</coordinates></Point></Placemark><Placemark><name>Centro Civico Padre Marella</name><ExtendedData><Data name="@id"><value>way/153254367</value></Data><Data name="amenity"><value>community_centre</value></Data><Data name="building"><value>yes</value></Data><Data name="community_centre"><value>village_hall</value></Data><Data name="name"><value>Centro Civico Padre Marella</value></Data><Data name="source"><value>Regione Emilia Romagna</value></Data><Data name="@geometry"><value>center</value></Data></ExtendedData><Point><coordinates>11.3756051,44.6436508</coordinates></Point></Placemark><Placemark><name>Centro Sociale &quot;E. Candon&quot;</name><ExtendedData><Data name="@id"><value>way/153692050</value></Data><Data name="name"><value>Centro Sociale &quot;E. Candon&quot;</value></Data><Data name="amenity"><value>community_centre</value></Data><Data name="building"><value>yes</value></Data><Data name="@geometry"><value>center</value></Data></ExtendedData><Point><coordinates>12.9198417,46.1680563</coordinates></Point></Placemark><Placemark><name>Centro Socio Culturale Susanna Molinari</name><ExtendedData><Data name="@id"><value>way/153869973</value></Data><Data name="addr:city"><value>Madonna dei Prati di Tomba</value></Data><Data name="addr:housenumber"><value>81/3</value></Data><Data name="addr:postcode"><value>40069</value></Data><Data name="addr:street"><value>Via Madonna dei Prati</value></Data><Data name="amenity"><value>community_centre</value></Data><Data name="building"><value>yes</value></Data><Data name="building:levels"><value>2</value></Data><Data name="name"><value>Centro Socio Culturale Susanna Molinari</value></Data><Data name="source"><value>Regione Emilia Romagna</value></Data><Data name="@geometry"><value>center</value></Data></ExtendedData><Point><coordinates>11.2047008,44.5244294</coordinates></Point></Placemark><Placemark><name>Spazio Polifunzionale di via Parri</name><ExtendedData><Data name="@id"><value>way/154409631</value></Data><Data name="amenity"><value>social_centre</value></Data><Data name="building"><value>public</value></Data><Data name="name"><value>Spazio Polifunzionale di via Parri</value></Data><Data name="@geometry"><value>center</value></Data></ExtendedData><Point><coordinates>9.2637921,45.4066572</coordinates></Point></Placemark><Placemark><name>Yabboq</name><ExtendedData><Data name="@id"><value>way/154409680</value></Data><Data name="name"><value>Yabboq</value></Data><Data name="building"><value>public</value></Data><Data name="amenity"><value>community_centre</value></Data><Data name="@geometry"><value>center</value></Data></ExtendedData><Point><coordinates>9.2720867,45.4161002</coordinates></Point></Placemark><Placemark><name>Apres Club</name><ExtendedData><Data name="@id"><value>way/155843431</value></Data><Data name="addr:city"><value>Sulden - Solda</value></Data><Data name="addr:city:de"><value>Sulden</value></Data><Data name="addr:city:it"><value>Solda</value></Data><Data name="addr:housenumber"><value>100</value></Data><Data name="addr:postcode"><value>39029</value></Data><Data name="addr:street"><value>Hauptstraße - Via Principale</value></Data><Data name="addr:street:de"><value>Hauptstraße</value></Data><Data name="addr:street:it"><value>Via Principale</value></Data><Data name="amenity"><value>nightclub</value></Data><Data name="building"><value>yes</value></Data><Data name="name"><value>Apres Club</value></Data><Data name="@geometry"><value>center</value></Data></ExtendedData><Point><coordinates>10.5961641,46.5214027</coordinates></Point></Placemark><Placemark><name>Sala civica &quot;Antonio Gandolfi&quot;</name><ExtendedData><Data name="@id"><value>way/156087842</value></Data><Data name="amenity"><value>community_centre</value></Data><Data name="building"><value>civic</value></Data><Data name="name"><value>Sala civica &quot;Antonio Gandolfi&quot;</value></Data><Data name="source"><value>Regione Emilia Romagna</value></Data><Data name="@geometry"><value>center</value></Data></ExtendedData><Point><coordinates>10.9787691,44.1804556</coordinates></Point></Placemark><Placemark><name>Rendez Vous</name><ExtendedData><Data name="@id"><value>way/156521693</value></Data><Data name="amenity"><value>nightclub</value></Data><Data name="building"><value>yes</value></Data><Data name="name"><value>Rendez Vous</value></Data><Data name="source"><value>Regione Emilia Romagna</value></Data><Data name="@geometry"><value>center</value></Data></ExtendedData><Point><coordinates>11.2397895,44.2126875</coordinates></Point></Placemark><Placemark><name>Number one</name><ExtendedData><Data name="@id"><value>way/156934134</value></Data><Data name="name"><value>Number one</value></Data><Data name="building"><value>yes</value></Data><Data name="amenity"><value>nightclub</value></Data><Data name="@geometry"><value>center</value></Data></ExtendedData><Point><coordinates>10.0066605,45.6140707</coordinates></Point></Placemark><Placemark><name>Centro di aggregazione giovanile Quake</name><ExtendedData><Data name="@id"><value>way/157452670</value></Data><Data name="addr:housenumber"><value>25</value></Data><Data name="addr:street"><value>Via Eraclea</value></Data><Data name="amenity"><value>community_centre</value></Data><Data name="building"><value>yes</value></Data><Data name="email"><value>centro.quake@yahoo.it</value></Data><Data name="name"><value>Centro di aggregazione giovanile Quake</value></Data><Data name="operator"><value>Consorzio Selenia Società Cooperativa Sociale di Ravenna</value></Data><Data name="phone"><value>+39 0544 421261</value></Data><Data name="source"><value>Regione Emilia Romagna</value></Data><Data name="@geometry"><value>center</value></Data></ExtendedData><Point><coordinates>12.2231744,44.4171107</coordinates></Point></Placemark><Placemark><ExtendedData><Data name="@id"><value>way/157525439</value></Data><Data name="amenity"><value>nightclub</value></Data><Data name="building"><value>yes</value></Data><Data name="@geometry"><value>center</value></Data></ExtendedData><Point><coordinates>10.0068079,45.6158692</coordinates></Point></Placemark><Placemark><name>Aprés Club</name><ExtendedData><Data name="@id"><value>way/157631614</value></Data><Data name="website"><value>www.apresclub.com</value></Data><Data name="addr:city"><value>Gargazon - Gargazzone</value></Data><Data name="addr:city:de"><value>Gargazon</value></Data><Data name="addr:city:it"><value>Gargazzone</value></Data><Data name="addr:country"><value>IT</value></Data><Data name="addr:housename"><value>Aprés Club</value></Data><Data name="addr:housenumber"><value>20</value></Data><Data name="addr:postcode"><value>39010</value></Data><Data name="addr:street"><value>Reichsstraße - Via Nazionale</value></Data><Data name="amenity"><value>nightclub</value></Data><Data name="building"><value>yes</value></Data><Data name="email"><value>info@apresclub.com</value></Data><Data name="name"><value>Aprés Club</value></Data><Data name="opening_hours"><value>We, Th, Su 21:30-03:00; Fr, Sa 21:30-03:30</value></Data><Data name="operator"><value>Neulichedl Otto OHG</value></Data><Data name="smoking"><value>separated</value></Data><Data name="wheelchair"><value>yes</value></Data><Data name="@geometry"><value>center</value></Data></ExtendedData><Point><coordinates>11.2127969,46.5767142</coordinates></Point></Placemark><Placemark><name>Club 99</name><ExtendedData><Data name="@id"><value>way/157745005</value></Data><Data name="amenity"><value>nightclub</value></Data><Data name="name"><value>Club 99</value></Data><Data name="@geometry"><value>center</value></Data></ExtendedData><Point><coordinates>12.3591706,44.2498177</coordinates></Point></Placemark><Placemark><name>Patronato &quot;Santissimo Redentore&quot;</name><ExtendedData><Data name="@id"><value>way/158649144</value></Data><Data name="name"><value>Patronato &quot;Santissimo Redentore&quot;</value></Data><Data name="addr:city"><value>Este</value></Data><Data name="addr:country"><value>IT</value></Data><Data name="addr:housenumber"><value>65</value></Data><Data name="addr:postcode"><value>35042</value></Data><Data name="addr:street"><value>Viale Fiume</value></Data><Data name="amenity"><value>social_centre</value></Data><Data name="@geometry"><value>center</value></Data></ExtendedData><Point><coordinates>11.6561353,45.2241688</coordinates></Point></Placemark><Placemark><name>Oratorio</name><ExtendedData><Data name="@id"><value>way/159043119</value></Data><Data name="amenity"><value>community_centre</value></Data><Data name="building"><value>yes</value></Data><Data name="community_centre"><value>parish_hall</value></Data><Data name="denomination"><value>catholic</value></Data><Data name="name"><value>Oratorio</value></Data><Data name="religion"><value>christian</value></Data><Data name="@geometry"><value>center</value></Data></ExtendedData><Point><coordinates>9.954068,45.6606487</coordinates></Point></Placemark><Placemark><name>Oratorio San Luigi</name><ExtendedData><Data name="@id"><value>way/159323956</value></Data><Data name="contact:website"><value>www.oratorioleno.it</value></Data><Data name="email"><value>info@oratorioleno.it</value></Data><Data name="phone"><value>+39 030 906259</value></Data><Data name="website"><value>https://www.oratorioleno.it/</value></Data><Data name="addr:city"><value>Leno</value></Data><Data name="addr:housenumber"><value>35</value></Data><Data name="addr:postcode"><value>25024</value></Data><Data name="addr:street"><value>Via Re Desiderio</value></Data><Data name="amenity"><value>community_centre</value></Data><Data name="building"><value>yes</value></Data><Data name="community_centre"><value>parish_hall</value></Data><Data name="contact:email"><value>info@oratorioleno.it</value></Data><Data name="contact:phone"><value>+39 030 906259</value></Data><Data name="denomination"><value>catholic</value></Data><Data name="name"><value>Oratorio San Luigi</value></Data><Data name="religion"><value>christian</value></Data><Data name="wheelchair"><value>yes</value></Data><Data name="@geometry"><value>center</value></Data></ExtendedData><Point><coordinates>10.221927,45.3652672</coordinates></Point></Placemark><Placemark><name>Centro Sociale &quot;La Leccia&quot;</name><ExtendedData><Data name="@id"><value>way/159675397</value></Data><Data name="amenity"><value>community_centre</value></Data><Data name="building"><value>yes</value></Data><Data name="name"><value>Centro Sociale &quot;La Leccia&quot;</value></Data><Data name="@geometry"><value>center</value></Data></ExtendedData><Point><coordinates>10.3425942,43.5301311</coordinates></Point></Placemark><Placemark><name>Kulturhaus</name><ExtendedData><Data name="@id"><value>way/159928018</value></Data><Data name="addr:city"><value>Mals - Malles Venosta</value></Data><Data name="addr:city:de"><value>Mals</value></Data><Data name="addr:city:it"><value>Malles Venosta</value></Data><Data name="addr:housenumber"><value>11</value></Data><Data name="addr:postcode"><value>39024</value></Data><Data name="addr:street"><value>Bahnhofstraße - Via della Stazione</value></Data><Data name="addr:street:de"><value>Bahnhofstraße</value></Data><Data name="addr:street:it"><value>Via della Stazione</value></Data><Data name="amenity"><value>community_centre</value></Data><Data name="building"><value>yes</value></Data><Data name="name"><value>Kulturhaus</value></Data><Data name="@geometry"><value>center</value></Data></ExtendedData><Point><coordinates>10.5444312,46.6897888</coordinates></Point></Placemark><Placemark><name>Oratorio San Filippo Neri</name><ExtendedData><Data name="@id"><value>way/160156167</value></Data><Data name="website"><value>http://www.oratoriocollebeato.org/</value></Data><Data name="religion"><value>christian</value></Data><Data name="amenity"><value>community_centre</value></Data><Data name="building"><value>yes</value></Data><Data name="community_centre"><value>parish_hall</value></Data><Data name="denomination"><value>catholic</value></Data><Data name="name"><value>Oratorio San Filippo Neri</value></Data><Data name="@geometry"><value>center</value></Data></ExtendedData><Point><coordinates>10.2141295,45.5846517</coordinates></Point></Placemark><Placemark><name>Casì del Feudo</name><ExtendedData><Data name="@id"><value>way/160164470</value></Data><Data name="opening_hours"><value>on demand</value></Data><Data name="alt_name"><value>Casì del Feo</value></Data><Data name="amenity"><value>community_centre</value></Data><Data name="building"><value>yes</value></Data><Data name="name"><value>Casì del Feudo</value></Data><Data name="operator"><value>Gruppo Ecologico Collebeato</value></Data><Data name="@geometry"><value>center</value></Data></ExtendedData><Point><coordinates>10.1982382,45.5875231</coordinates></Point></Placemark><Placemark><ExtendedData><Data name="@id"><value>way/160542197</value></Data><Data name="amenity"><value>nightclub</value></Data><Data name="@geometry"><value>center</value></Data></ExtendedData><Point><coordinates>10.3717224,45.4207299</coordinates></Point></Placemark><Placemark><ExtendedData><Data name="@id"><value>way/160606191</value></Data><Data name="amenity"><value>community_centre</value></Data><Data name="building"><value>yes</value></Data><Data name="@geometry"><value>center</value></Data></ExtendedData><Point><coordinates>9.7409206,45.7087824</coordinates></Point></Placemark><Placemark><name>Sala Santa Marta</name><ExtendedData><Data name="@id"><value>way/160669921</value></Data><Data name="amenity"><value>community_centre</value></Data><Data name="building"><value>civic</value></Data><Data name="name"><value>Sala Santa Marta</value></Data><Data name="wikidata"><value>Q24938218</value></Data><Data name="@geometry"><value>center</value></Data></ExtendedData><Point><coordinates>7.8765317,45.4675126</coordinates></Point></Placemark><Placemark><name>Oratorio di Vimodrone</name><ExtendedData><Data name="@id"><value>way/161081265</value></Data><Data name="amenity"><value>community_centre</value></Data><Data name="community_centre"><value>parish_hall</value></Data><Data name="denomination"><value>catholic</value></Data><Data name="name"><value>Oratorio di Vimodrone</value></Data><Data name="religion"><value>christian</value></Data><Data name="source"><value>Oratorio di Vimodrone</value></Data><Data name="@geometry"><value>center</value></Data></ExtendedData><Point><coordinates>9.2894947,45.5158043</coordinates></Point></Placemark><Placemark><name>Lega Navale Italiana - Sezione di Albisola</name><ExtendedData><Data name="@id"><value>way/161482240</value></Data><Data name="wheelchair"><value>yes</value></Data><Data name="addr:housenumber"><value>2</value></Data><Data name="addr:street"><value>Passeggiata Eugenio Montale</value></Data><Data name="amenity"><value>community_centre</value></Data><Data name="building"><value>yes</value></Data><Data name="name"><value>Lega Navale Italiana - Sezione di Albisola</value></Data><Data name="@geometry"><value>center</value></Data></ExtendedData><Point><coordinates>8.509296,44.3288615</coordinates></Point></Placemark><Placemark><name>Chiesa di San Benedetto</name><ExtendedData><Data name="@id"><value>way/161898411</value></Data><Data name="amenity"><value>community_centre</value></Data><Data name="building"><value>church</value></Data><Data name="name"><value>Chiesa di San Benedetto</value></Data><Data name="@geometry"><value>center</value></Data></ExtendedData><Point><coordinates>11.4649877,45.2347391</coordinates></Point></Placemark><Placemark><name>Palazzo della Rocca (ex Casa del Fascio)</name><ExtendedData><Data name="@id"><value>way/163121057</value></Data><Data name="amenity"><value>community_centre</value></Data><Data name="building"><value>yes</value></Data><Data name="name"><value>Palazzo della Rocca (ex Casa del Fascio)</value></Data><Data name="source"><value>Regione Emilia Romagna</value></Data><Data name="@geometry"><value>center</value></Data></ExtendedData><Point><coordinates>12.3168223,44.0423516</coordinates></Point></Placemark><Placemark><name>SMS Cantagalletto</name><ExtendedData><Data name="@id"><value>way/163195295</value></Data><Data name="amenity"><value>community_centre</value></Data><Data name="building"><value>yes</value></Data><Data name="club"><value>veterans</value></Data><Data name="name"><value>SMS Cantagalletto</value></Data><Data name="@geometry"><value>center</value></Data></ExtendedData><Point><coordinates>8.4564122,44.3267659</coordinates></Point></Placemark><Placemark><name>Zoom</name><ExtendedData><Data name="@id"><value>way/163394139</value></Data><Data name="building"><value>yes</value></Data><Data name="amenity"><value>nightclub</value></Data><Data name="name"><value>Zoom</value></Data><Data name="@geometry"><value>center</value></Data></ExtendedData><Point><coordinates>11.2907576,46.3421546</coordinates></Point></Placemark><Placemark><name>Buridda</name><ExtendedData><Data name="@id"><value>way/163824396</value></Data><Data name="building"><value>yes</value></Data><Data name="addr:housenumber"><value>39</value></Data><Data name="addr:street"><value>Corso Monte Grappa</value></Data><Data name="alt_name"><value>Ex Magistero</value></Data><Data name="amenity"><value>social_centre</value></Data><Data name="name"><value>Buridda</value></Data><Data name="@geometry"><value>center</value></Data></ExtendedData><Point><coordinates>8.9496608,44.4114638</coordinates></Point></Placemark><Placemark><name>Dancing Exclusiv</name><ExtendedData><Data name="@id"><value>way/164329047</value></Data><Data name="wheelchair"><value>yes</value></Data><Data name="addr:housename"><value>Dancing Exclusiv</value></Data><Data name="amenity"><value>nightclub</value></Data><Data name="building"><value>yes</value></Data><Data name="name"><value>Dancing Exclusiv</value></Data><Data name="source"><value>Bing</value></Data><Data name="@geometry"><value>center</value></Data></ExtendedData><Point><coordinates>11.148606,46.6248699</coordinates></Point></Placemark><Placemark><ExtendedData><Data name="@id"><value>way/164333881</value></Data><Data name="amenity"><value>social_centre</value></Data><Data name="building"><value>yes</value></Data><Data name="@geometry"><value>center</value></Data></ExtendedData><Point><coordinates>10.5805722,45.8505576</coordinates></Point></Placemark><Placemark><ExtendedData><Data name="@id"><value>way/164333882</value></Data><Data name="building"><value>yes</value></Data><Data name="amenity"><value>social_centre</value></Data><Data name="@geometry"><value>center</value></Data></ExtendedData><Point><coordinates>10.5803418,45.8506462</coordinates></Point></Placemark><Placemark><ExtendedData><Data name="@id"><value>way/164333884</value></Data><Data name="amenity"><value>social_centre</value></Data><Data name="building"><value>yes</value></Data><Data name="@geometry"><value>center</value></Data></ExtendedData><Point><coordinates>10.5801804,45.8507547</coordinates></Point></Placemark><Placemark><name>Centro Socio Culturale</name><ExtendedData><Data name="@id"><value>way/164532022</value></Data><Data name="addr:city"><value>Brescia</value></Data><Data name="addr:housename"><value>Centro Socio Culturale</value></Data><Data name="addr:housenumber"><value>46</value></Data><Data name="addr:postcode"><value>25136</value></Data><Data name="addr:street"><value>Via Casazza</value></Data><Data name="amenity"><value>community_centre</value></Data><Data name="building"><value>public</value></Data><Data name="name"><value>Centro Socio Culturale</value></Data><Data name="@geometry"><value>center</value></Data></ExtendedData><Point><coordinates>10.2275446,45.5736039</coordinates></Point></Placemark><Placemark><name>Centro anziani Nuova Ponte di Nona</name><ExtendedData><Data name="@id"><value>way/164585161</value></Data><Data name="name"><value>Centro anziani Nuova Ponte di Nona</value></Data><Data name="addr:city"><value>Roma</value></Data><Data name="addr:postcode"><value>00132</value></Data><Data name="addr:street"><value>Via Raoul Chiodelli</value></Data><Data name="amenity"><value>community_centre</value></Data><Data name="building"><value>yes</value></Data><Data name="building:levels"><value>1</value></Data><Data name="@geometry"><value>center</value></Data></ExtendedData><Point><coordinates>12.6629458,41.9091208</coordinates></Point></Placemark><Placemark><name>Sala &quot;Mauro Costantin Pavan&quot;</name><ExtendedData><Data name="@id"><value>way/164587277</value></Data><Data name="amenity"><value>community_centre</value></Data><Data name="building"><value>civic</value></Data><Data name="name"><value>Sala &quot;Mauro Costantin Pavan&quot;</value></Data><Data name="operator"><value>Comune di Montagnana</value></Data><Data name="@geometry"><value>center</value></Data></ExtendedData><Point><coordinates>11.4681484,45.2308887</coordinates></Point></Placemark><Placemark><name>Le cucine del popolo</name><ExtendedData><Data name="@id"><value>way/164770887</value></Data><Data name="addr:housenumber"><value>78/E</value></Data><Data name="addr:city"><value>Massenzatico</value></Data><Data name="addr:postcode"><value>42122</value></Data><Data name="addr:street"><value>Via Ludwig Van Beethoven</value></Data><Data name="amenity"><value>community_centre</value></Data><Data name="building"><value>public</value></Data><Data name="name"><value>Le cucine del popolo</value></Data><Data name="source"><value>Regione Emilia Romagna</value></Data><Data name="@geometry"><value>center</value></Data></ExtendedData><Point><coordinates>10.6984194,44.7324375</coordinates></Point></Placemark><Placemark><name>Centro Civico di Meano</name><ExtendedData><Data name="@id"><value>way/165174324</value></Data><Data name="addr:city"><value>Meano</value></Data><Data name="addr:housenumber"><value>26</value></Data><Data name="addr:postcode"><value>38121</value></Data><Data name="addr:street"><value>Via delle Sugarine</value></Data><Data name="amenity"><value>community_centre</value></Data><Data name="building"><value>yes</value></Data><Data name="name"><value>Centro Civico di Meano</value></Data><Data name="@geometry"><value>center</value></Data></ExtendedData><Point><coordinates>11.1161241,46.1265828</coordinates></Point></Placemark><Placemark><name>La Casetta</name><ExtendedData><Data name="@id"><value>way/166117044</value></Data><Data name="amenity"><value>community_centre</value></Data><Data name="building"><value>yes</value></Data><Data name="community_centre"><value>youth_centre</value></Data><Data name="community_centre:for"><value>juvenile</value></Data><Data name="contact:facebook"><value>https://it-it.facebook.com/lacasetta.centroaperto/</value></Data><Data name="contact:instagram"><value>https://www.instagram.com/la_casetta_centro_aperto</value></Data><Data name="contact:website"><value>https://www.arianna.coop/centro-aperto-la-casetta/</value></Data><Data name="name"><value>La Casetta</value></Data><Data name="operator"><value>Cooperativa Arianna</value></Data><Data name="operator:type"><value>cooperative</value></Data><Data name="source"><value>knowledge</value></Data><Data name="@geometry"><value>center</value></Data></ExtendedData><Point><coordinates>11.1093646,46.1010629</coordinates></Point></Placemark><Placemark><name>Centro Sociale Amici del Liscio</name><ExtendedData><Data name="@id"><value>way/166324213</value></Data><Data name="amenity"><value>nightclub</value></Data><Data name="building"><value>yes</value></Data><Data name="leisure"><value>dance</value></Data><Data name="name"><value>Centro Sociale Amici del Liscio</value></Data><Data name="@geometry"><value>center</value></Data></ExtendedData><Point><coordinates>13.0959266,43.5986888</coordinates></Point></Placemark><Placemark><name>Dancing La Vigna</name><ExtendedData><Data name="@id"><value>way/166326448</value></Data><Data name="amenity"><value>nightclub</value></Data><Data name="building"><value>yes</value></Data><Data name="leisure"><value>dance</value></Data><Data name="name"><value>Dancing La Vigna</value></Data><Data name="@geometry"><value>center</value></Data></ExtendedData><Point><coordinates>12.6082555,43.8111878</coordinates></Point></Placemark><Placemark><ExtendedData><Data name="@id"><value>way/166401655</value></Data><Data name="amenity"><value>nightclub</value></Data><Data name="@geometry"><value>center</value></Data></ExtendedData><Point><coordinates>9.950041,45.4148074</coordinates></Point></Placemark><Placemark><ExtendedData><Data name="@id"><value>way/166439035</value></Data><Data name="amenity"><value>social_centre</value></Data><Data name="building"><value>yes</value></Data><Data name="@geometry"><value>center</value></Data></ExtendedData><Point><coordinates>10.5802037,45.8505804</coordinates></Point></Placemark><Placemark><name>Casa Rossa</name><ExtendedData><Data name="@id"><value>way/166513749</value></Data><Data name="amenity"><value>community_centre</value></Data><Data name="name"><value>Casa Rossa</value></Data><Data name="operator"><value>Comune</value></Data><Data name="@geometry"><value>center</value></Data></ExtendedData><Point><coordinates>11.2361959,45.9799946</coordinates></Point></Placemark><Placemark><name>Oratorio</name><ExtendedData><Data name="@id"><value>way/166956593</value></Data><Data name="amenity"><value>community_centre</value></Data><Data name="name"><value>Oratorio</value></Data><Data name="@geometry"><value>center</value></Data></ExtendedData><Point><coordinates>9.7443173,45.8147195</coordinates></Point></Placemark><Placemark><name>Spazio Polivalente Don Ugo Balleri</name><ExtendedData><Data name="@id"><value>way/167067720</value></Data><Data name="amenity"><value>community_centre</value></Data><Data name="name"><value>Spazio Polivalente Don Ugo Balleri</value></Data><Data name="@geometry"><value>center</value></Data></ExtendedData><Point><coordinates>11.1092137,44.0283175</coordinates></Point></Placemark><Placemark><name>Frozen</name><ExtendedData><Data name="@id"><value>way/167118266</value></Data><Data name="addr:city"><value>Modena</value></Data><Data name="addr:country"><value>IT</value></Data><Data name="addr:housenumber"><value>346</value></Data><Data name="addr:postcode"><value>41126</value></Data><Data name="addr:street"><value>Strada Contrada</value></Data><Data name="addr:suburb"><value>Buon Pastore- Sant’Agnese-San Damaso</value></Data><Data name="amenity"><value>nightclub</value></Data><Data name="building"><value>yes</value></Data><Data name="name"><value>Frozen</value></Data><Data name="source"><value>dati.emilia-romagna.it</value></Data><Data name="@geometry"><value>center</value></Data></ExtendedData><Point><coordinates>10.9161416,44.6057359</coordinates></Point></Placemark><Placemark><name>Baluardo della Cittadella</name><ExtendedData><Data name="@id"><value>way/167119162</value></Data><Data name="website"><value>http://www.baluardodellacittadella.it/</value></Data><Data name="name"><value>Baluardo della Cittadella</value></Data><Data name="building"><value>yes</value></Data><Data name="amenity"><value>nightclub</value></Data><Data name="@geometry"><value>center</value></Data></ExtendedData><Point><coordinates>10.9204748,44.6532171</coordinates></Point></Placemark><Placemark><name>Tube Club</name><ExtendedData><Data name="@id"><value>way/167120999</value></Data><Data name="addr:housenumber"><value>10B</value></Data><Data name="addr:city"><value>Modena</value></Data><Data name="addr:country"><value>IT</value></Data><Data name="addr:postcode"><value>41122</value></Data><Data name="addr:street"><value>Via Del Lancillotto</value></Data><Data name="addr:suburb"><value>Crocetta-San Lazzaro-Modena Est</value></Data><Data name="amenity"><value>nightclub</value></Data><Data name="building"><value>yes</value></Data><Data name="name"><value>Tube Club</value></Data><Data name="source"><value>Regione Emilia Romagna</value></Data><Data name="@geometry"><value>center</value></Data></ExtendedData><Point><coordinates>10.9358861,44.6538936</coordinates></Point></Placemark><Placemark><name>GAGBA - Gruppo Astrofili Giovanni Battista Amici</name><ExtendedData><Data name="@id"><value>way/167132041</value></Data><Data name="website"><value>http://www.gagba.org</value></Data><Data name="addr:city"><value>Modena</value></Data><Data name="addr:country"><value>IT</value></Data><Data name="addr:housenumber"><value>27</value></Data><Data name="addr:postcode"><value>41126</value></Data><Data name="addr:street"><value>Viale Dell'Autodromo</value></Data><Data name="amenity"><value>community_centre</value></Data><Data name="building"><value>yes</value></Data><Data name="club"><value>astronomy</value></Data><Data name="community_centre"><value>club_home</value></Data><Data name="name"><value>GAGBA - Gruppo Astrofili Giovanni Battista Amici</value></Data><Data name="source"><value>Regione Emilia Romagna</value></Data><Data name="@geometry"><value>center</value></Data></ExtendedData><Point><coordinates>10.9066789,44.6531696</coordinates></Point></Placemark><Placemark><name>Vibra</name><ExtendedData><Data name="@id"><value>way/167165889</value></Data><Data name="addr:housenumber"><value>40/A</value></Data><Data name="addr:city"><value>Modena</value></Data><Data name="addr:country"><value>IT</value></Data><Data name="addr:postcode"><value>41123</value></Data><Data name="addr:street"><value>Viale Quattro Novembre</value></Data><Data name="addr:suburb"><value>Centro Storico</value></Data><Data name="amenity"><value>nightclub</value></Data><Data name="building"><value>industrial</value></Data><Data name="name"><value>Vibra</value></Data><Data name="website"><value>http://www.vibra.tv/</value></Data><Data name="@geometry"><value>center</value></Data></ExtendedData><Point><coordinates>10.9171458,44.6553088</coordinates></Point></Placemark><Placemark><name>Lo Spazio Nuovo</name><ExtendedData><Data name="@id"><value>way/167166197</value></Data><Data name="addr:housenumber"><value>40/B</value></Data><Data name="addr:city"><value>Modena</value></Data><Data name="addr:country"><value>IT</value></Data><Data name="addr:postcode"><value>41123</value></Data><Data name="addr:street"><value>Viale Quattro Novembre</value></Data><Data name="addr:suburb"><value>Centro Storico</value></Data><Data name="amenity"><value>community_centre</value></Data><Data name="building"><value>industrial</value></Data><Data name="name"><value>Lo Spazio Nuovo</value></Data><Data name="@geometry"><value>center</value></Data></ExtendedData><Point><coordinates>10.9175612,44.6554684</coordinates></Point></Placemark><Placemark><name>Vox Club</name><ExtendedData><Data name="@id"><value>way/167391649</value></Data><Data name="addr:city"><value>Nonantola</value></Data><Data name="addr:housenumber"><value>13</value></Data><Data name="addr:postcode"><value>41015</value></Data><Data name="addr:street"><value>Via Vittorio Veneto</value></Data><Data name="amenity"><value>nightclub</value></Data><Data name="building"><value>yes</value></Data><Data name="name"><value>Vox Club</value></Data><Data name="source"><value>Regione Emilia Romagna</value></Data><Data name="@geometry"><value>center</value></Data></ExtendedData><Point><coordinates>11.0398847,44.67866</coordinates></Point></Placemark><Placemark><name>Villa Barbolini</name><ExtendedData><Data name="@id"><value>way/167391804</value></Data><Data name="amenity"><value>community_centre</value></Data><Data name="building"><value>yes</value></Data><Data name="name"><value>Villa Barbolini</value></Data><Data name="source"><value>Regione Emilia Romagna</value></Data><Data name="@geometry"><value>center</value></Data></ExtendedData><Point><coordinates>10.8461267,44.6864886</coordinates></Point></Placemark><Placemark><name>Casa del Popolo Spartaco</name><ExtendedData><Data name="@id"><value>way/167532122</value></Data><Data name="amenity"><value>community_centre</value></Data><Data name="building"><value>yes</value></Data><Data name="name"><value>Casa del Popolo Spartaco</value></Data><Data name="source"><value>Regione Emilia Romagna</value></Data><Data name="@geometry"><value>center</value></Data></ExtendedData><Point><coordinates>10.7417307,44.7522397</coordinates></Point></Placemark><Placemark><name>Il Patio</name><ExtendedData><Data name="@id"><value>way/167550495</value></Data><Data name="amenity"><value>nightclub</value></Data><Data name="building"><value>yes</value></Data><Data name="name"><value>Il Patio</value></Data><Data name="@geometry"><value>center</value></Data></ExtendedData><Point><coordinates>10.7918632,44.6501813</coordinates></Point></Placemark><Placemark><name>Centro Sociale Catomes Tot</name><ExtendedData><Data name="@id"><value>way/167930182</value></Data><Data name="addr:city"><value>Reggio nell'Emilia</value></Data><Data name="addr:housenumber"><value>12</value></Data><Data name="addr:street"><value>Via Guido Panciroli</value></Data><Data name="amenity"><value>community_centre</value></Data><Data name="building"><value>yes</value></Data><Data name="name"><value>Centro Sociale Catomes Tot</value></Data><Data name="phone"><value>+39 0522 451839</value></Data><Data name="source"><value>Regione Emilia Romagna</value></Data><Data name="@geometry"><value>center</value></Data></ExtendedData><Point><coordinates>10.6269799,44.6952781</coordinates></Point></Placemark><Placemark><name>Societa Agraria di Reggio Emilia</name><ExtendedData><Data name="@id"><value>way/167931983</value></Data><Data name="addr:city"><value>Codemondo</value></Data><Data name="addr:housenumber"><value>11</value></Data><Data name="addr:street"><value>Via Carlo Teggi</value></Data><Data name="amenity"><value>social_centre</value></Data><Data name="building"><value>yes</value></Data><Data name="name"><value>Societa Agraria di Reggio Emilia</value></Data><Data name="source"><value>Regione Emilia Romagna</value></Data><Data name="@geometry"><value>center</value></Data></ExtendedData><Point><coordinates>10.5767053,44.6955857</coordinates></Point></Placemark><Placemark><name>Centro Sociale Autogestito &quot;Biasola&quot;</name><ExtendedData><Data name="@id"><value>way/167936219</value></Data><Data name="source"><value>Regione Emilia Romagna</value></Data><Data name="amenity"><value>community_centre</value></Data><Data name="building"><value>yes</value></Data><Data name="name"><value>Centro Sociale Autogestito &quot;Biasola&quot;</value></Data><Data name="@geometry"><value>center</value></Data></ExtendedData><Point><coordinates>10.578767,44.6698174</coordinates></Point></Placemark><Placemark><name>Centro sociale Quaresimo</name><ExtendedData><Data name="@id"><value>way/167953838</value></Data><Data name="amenity"><value>community_centre</value></Data><Data name="building"><value>yes</value></Data><Data name="name"><value>Centro sociale Quaresimo</value></Data><Data name="source"><value>Regione Emilia Romagna</value></Data><Data name="@geometry"><value>center</value></Data></ExtendedData><Point><coordinates>10.552402,44.6882101</coordinates></Point></Placemark><Placemark><name>Centro Sociale Autogestito Rosta Nuova</name><ExtendedData><Data name="@id"><value>way/167959643</value></Data><Data name="addr:city"><value>Reggio Emilia</value></Data><Data name="addr:housenumber"><value>6</value></Data><Data name="addr:postcode"><value>42122</value></Data><Data name="addr:street"><value>Via Medaglie d'Oro della Resistenza</value></Data><Data name="amenity"><value>community_centre</value></Data><Data name="building"><value>yes</value></Data><Data name="name"><value>Centro Sociale Autogestito Rosta Nuova</value></Data><Data name="source"><value>Regione Emilia Romagna</value></Data><Data name="@geometry"><value>center</value></Data></ExtendedData><Point><coordinates>10.6403664,44.6830075</coordinates></Point></Placemark><Placemark><name>Incrocio dei Venti</name><ExtendedData><Data name="@id"><value>way/167959793</value></Data><Data name="amenity"><value>community_centre</value></Data><Data name="building"><value>yes</value></Data><Data name="name"><value>Incrocio dei Venti</value></Data><Data name="source"><value>Regione Emilia Romagna</value></Data><Data name="@geometry"><value>center</value></Data></ExtendedData><Point><coordinates>10.6054761,44.6724446</coordinates></Point></Placemark><Placemark><name>Centro Sociale Autogestito Spallanzani</name><ExtendedData><Data name="@id"><value>way/167962109</value></Data><Data name="addr:housenumber"><value>20</value></Data><Data name="addr:street"><value>Via Arturo Toscanini</value></Data><Data name="amenity"><value>community_centre</value></Data><Data name="building"><value>yes</value></Data><Data name="name"><value>Centro Sociale Autogestito Spallanzani</value></Data><Data name="source"><value>Regione Emilia Romagna</value></Data><Data name="@geometry"><value>center</value></Data></ExtendedData><Point><coordinates>10.6483447,44.6847595</coordinates></Point></Placemark><Placemark><name>Italghisa</name><ExtendedData><Data name="@id"><value>way/168121147</value></Data><Data name="amenity"><value>nightclub</value></Data><Data name="building"><value>yes</value></Data><Data name="name"><value>Italghisa</value></Data><Data name="source"><value>Regione Emilia Romagna</value></Data><Data name="@geometry"><value>center</value></Data></ExtendedData><Point><coordinates>10.6222322,44.7197114</coordinates></Point></Placemark><Placemark><name>Centro sociale AQ16</name><ExtendedData><Data name="@id"><value>way/168128637</value></Data><Data name="source"><value>Regione Emilia Romagna</value></Data><Data name="amenity"><value>community_centre</value></Data><Data name="building"><value>industrial</value></Data><Data name="name"><value>Centro sociale AQ16</value></Data><Data name="@geometry"><value>center</value></Data></ExtendedData><Point><coordinates>10.624414,44.7092449</coordinates></Point></Placemark><Placemark><name>Circolo Arci Rondò</name><ExtendedData><Data name="@id"><value>way/168132705</value></Data><Data name="addr:housenumber"><value>45</value></Data><Data name="addr:street"><value>Via Giovanni Rinaldi</value></Data><Data name="amenity"><value>community_centre</value></Data><Data name="building"><value>yes</value></Data><Data name="name"><value>Circolo Arci Rondò</value></Data><Data name="operator"><value>ARCI</value></Data><Data name="source"><value>Regione Emilia Romagna</value></Data><Data name="@geometry"><value>center</value></Data></ExtendedData><Point><coordinates>10.6098692,44.7235261</coordinates></Point></Placemark><Placemark><name>Centro Sociale Gianni Tasselli</name><ExtendedData><Data name="@id"><value>way/168133253</value></Data><Data name="amenity"><value>community_centre</value></Data><Data name="building"><value>yes</value></Data><Data name="name"><value>Centro Sociale Gianni Tasselli</value></Data><Data name="source"><value>Regione Emilia Romagna</value></Data><Data name="@geometry"><value>center</value></Data></ExtendedData><Point><coordinates>10.5768343,44.7373705</coordinates></Point></Placemark><Placemark><name>Circolo Arci PiGal</name><ExtendedData><Data name="@id"><value>way/168155746</value></Data><Data name="sport"><value>multi</value></Data><Data name="amenity"><value>community_centre</value></Data><Data name="building"><value>public</value></Data><Data name="name"><value>Circolo Arci PiGal</value></Data><Data name="source"><value>Regione Emilia Romagna</value></Data><Data name="@geometry"><value>center</value></Data></ExtendedData><Point><coordinates>10.649047,44.7119567</coordinates></Point></Placemark><Placemark><name>Casino dell'Orologio</name><ExtendedData><Data name="@id"><value>way/168156967</value></Data><Data name="source"><value>Regione Emilia Romagna</value></Data><Data name="amenity"><value>community_centre</value></Data><Data name="building"><value>yes</value></Data><Data name="name"><value>Casino dell'Orologio</value></Data><Data name="@geometry"><value>center</value></Data></ExtendedData><Point><coordinates>10.6085098,44.697309</coordinates></Point></Placemark><Placemark><name>Circolo Tunnel &quot;Bombon3ra&quot;</name><ExtendedData><Data name="@id"><value>way/168161911</value></Data><Data name="source"><value>Regione Emilia Romagna</value></Data><Data name="name"><value>Circolo Tunnel &quot;Bombon3ra&quot;</value></Data><Data name="building"><value>yes</value></Data><Data name="addr:street"><value>Via del Chionso</value></Data><Data name="amenity"><value>nightclub</value></Data><Data name="@geometry"><value>center</value></Data></ExtendedData><Point><coordinates>10.6485505,44.7095283</coordinates></Point></Placemark><Placemark><name>Centro Sociale La Mirandola</name><ExtendedData><Data name="@id"><value>way/168162564</value></Data><Data name="amenity"><value>community_centre</value></Data><Data name="building"><value>yes</value></Data><Data name="name"><value>Centro Sociale La Mirandola</value></Data><Data name="source"><value>Regione Emilia Romagna</value></Data><Data name="@geometry"><value>center</value></Data></ExtendedData><Point><coordinates>10.5953557,44.7059862</coordinates></Point></Placemark><Placemark><name>Casa Coniglio</name><ExtendedData><Data name="@id"><value>way/168182528</value></Data><Data name="amenity"><value>community_centre</value></Data><Data name="building"><value>yes</value></Data><Data name="name"><value>Casa Coniglio</value></Data><Data name="@geometry"><value>center</value></Data></ExtendedData><Point><coordinates>14.9065691,37.5618303</coordinates></Point></Placemark><Placemark><name>Tempo Rock</name><ExtendedData><Data name="@id"><value>way/168202491</value></Data><Data name="amenity"><value>nightclub</value></Data><Data name="building"><value>yes</value></Data><Data name="name"><value>Tempo Rock</value></Data><Data name="source"><value>Regione Emilia Romagna</value></Data><Data name="@geometry"><value>center</value></Data></ExtendedData><Point><coordinates>10.6287378,44.8912233</coordinates></Point></Placemark><Placemark><name>Sala Civica Vecchio Lavatoio</name><ExtendedData><Data name="@id"><value>way/168210886</value></Data><Data name="amenity"><value>community_centre</value></Data><Data name="building"><value>yes</value></Data><Data name="name"><value>Sala Civica Vecchio Lavatoio</value></Data><Data name="@geometry"><value>center</value></Data></ExtendedData><Point><coordinates>10.2409952,45.5693897</coordinates></Point></Placemark><Placemark><name>Circolo Arci Cella</name><ExtendedData><Data name="@id"><value>way/168215000</value></Data><Data name="addr:city"><value>Cella</value></Data><Data name="addr:housenumber"><value>152</value></Data><Data name="addr:postcode"><value>42124</value></Data><Data name="addr:street"><value>Via Giambattista Vico</value></Data><Data name="amenity"><value>community_centre</value></Data><Data name="building"><value>yes</value></Data><Data name="name"><value>Circolo Arci Cella</value></Data><Data name="operator"><value>Arci</value></Data><Data name="source"><value>Regione Emilia Romagna</value></Data><Data name="@geometry"><value>center</value></Data></ExtendedData><Point><coordinates>10.5456203,44.7276156</coordinates></Point></Placemark><Placemark><name>Circolo Arci Pablo Neruda</name><ExtendedData><Data name="@id"><value>way/168260222</value></Data><Data name="amenity"><value>community_centre</value></Data><Data name="building"><value>yes</value></Data><Data name="name"><value>Circolo Arci Pablo Neruda</value></Data><Data name="source"><value>Regione Emilia Romagna</value></Data><Data name="@geometry"><value>center</value></Data></ExtendedData><Point><coordinates>10.517922,44.7389566</coordinates></Point></Placemark><Placemark><name>Circolo Anspi Cadè</name><ExtendedData><Data name="@id"><value>way/168262662</value></Data><Data name="addr:city"><value>Cadè</value></Data><Data name="addr:housenumber"><value>2/a</value></Data><Data name="addr:postcode"><value>42124</value></Data><Data name="addr:street"><value>Via della Stazione</value></Data><Data name="amenity"><value>community_centre</value></Data><Data name="building"><value>yes</value></Data><Data name="name"><value>Circolo Anspi Cadè</value></Data><Data name="source"><value>Regione Emilia Romagna</value></Data><Data name="@geometry"><value>center</value></Data></ExtendedData><Point><coordinates>10.5163774,44.7390932</coordinates></Point></Placemark><Placemark><name>Oratorio S. Matteo di Praticello</name><ExtendedData><Data name="@id"><value>way/168379262</value></Data><Data name="amenity"><value>community_centre</value></Data><Data name="building"><value>yes</value></Data><Data name="community_centre"><value>parish_hall</value></Data><Data name="denomination"><value>catholic</value></Data><Data name="name"><value>Oratorio S. Matteo di Praticello</value></Data><Data name="religion"><value>christian</value></Data><Data name="source"><value>Regione Emilia Romagna</value></Data><Data name="@geometry"><value>center</value></Data></ExtendedData><Point><coordinates>10.4739953,44.8044602</coordinates></Point></Placemark><Placemark><name>New Sesak</name><ExtendedData><Data name="@id"><value>way/168470647</value></Data><Data name="amenity"><value>nightclub</value></Data><Data name="building"><value>yes</value></Data><Data name="name"><value>New Sesak</value></Data><Data name="source"><value>Regione Emilia Romagna</value></Data><Data name="@geometry"><value>center</value></Data></ExtendedData><Point><coordinates>10.4061124,44.5723797</coordinates></Point></Placemark><Placemark><name>River Houseclub</name><ExtendedData><Data name="@id"><value>way/168655160</value></Data><Data name="addr:city"><value>Soncino</value></Data><Data name="addr:housenumber"><value>23</value></Data><Data name="addr:postcode"><value>26029</value></Data><Data name="addr:street"><value>Via Brescia</value></Data><Data name="amenity"><value>nightclub</value></Data><Data name="min_age"><value>18</value></Data><Data name="name"><value>River Houseclub</value></Data><Data name="building"><value>yes</value></Data><Data name="@geometry"><value>center</value></Data></ExtendedData><Point><coordinates>9.8866052,45.3991369</coordinates></Point></Placemark><Placemark><name>Circolo Anspi Marmirolo</name><ExtendedData><Data name="@id"><value>way/168934835</value></Data><Data name="amenity"><value>community_centre</value></Data><Data name="building"><value>yes</value></Data><Data name="name"><value>Circolo Anspi Marmirolo</value></Data><Data name="source"><value>Regione Emilia Romagna</value></Data><Data name="@geometry"><value>center</value></Data></ExtendedData><Point><coordinates>10.7191701,44.6550564</coordinates></Point></Placemark><Placemark><name>Festhalle Latsch</name><ExtendedData><Data name="@id"><value>way/168976841</value></Data><Data name="amenity"><value>community_centre</value></Data><Data name="building"><value>yes</value></Data><Data name="name"><value>Festhalle Latsch</value></Data><Data name="@geometry"><value>center</value></Data></ExtendedData><Point><coordinates>10.8588786,46.609826</coordinates></Point></Placemark><Placemark><name>Sala Civica</name><ExtendedData><Data name="@id"><value>way/169876436</value></Data><Data name="amenity"><value>community_centre</value></Data><Data name="building"><value>public</value></Data><Data name="name"><value>Sala Civica</value></Data><Data name="@geometry"><value>center</value></Data></ExtendedData><Point><coordinates>10.21999,45.5670595</coordinates></Point></Placemark><Placemark><name>Estasi</name><ExtendedData><Data name="@id"><value>way/169958014</value></Data><Data name="amenity"><value>nightclub</value></Data><Data name="building"><value>yes</value></Data><Data name="name"><value>Estasi</value></Data><Data name="@geometry"><value>center</value></Data></ExtendedData><Point><coordinates>9.9060736,45.8742005</coordinates></Point></Placemark><Placemark><ExtendedData><Data name="@id"><value>way/171694572</value></Data><Data name="amenity"><value>nightclub</value></Data><Data name="@geometry"><value>center</value></Data></ExtendedData><Point><coordinates>10.3458817,45.1345485</coordinates></Point></Placemark><Placemark><name>Haus der Vereine</name><ExtendedData><Data name="@id"><value>way/172583226</value></Data><Data name="amenity"><value>community_centre</value></Data><Data name="building"><value>yes</value></Data><Data name="name"><value>Haus der Vereine</value></Data><Data name="@geometry"><value>center</value></Data></ExtendedData><Point><coordinates>11.2037516,46.5437723</coordinates></Point></Placemark><Placemark><name>Oratorio San Luigi</name><ExtendedData><Data name="@id"><value>way/173540612</value></Data><Data name="addr:city"><value>Cernusco Lombardone</value></Data><Data name="addr:country"><value>IT</value></Data><Data name="addr:housenumber"><value>43/45</value></Data><Data name="addr:postcode"><value>23870</value></Data><Data name="addr:street"><value>Via Lecco</value></Data><Data name="amenity"><value>community_centre</value></Data><Data name="community_centre"><value>parish_hall</value></Data><Data name="community_centre:for"><value>juvenile</value></Data><Data name="denomination"><value>catholic</value></Data><Data name="email"><value>info@oratoriosanluigi.org</value></Data><Data name="name"><value>Oratorio San Luigi</value></Data><Data name="phone"><value>+39 039 2917221</value></Data><Data name="religion"><value>christian</value></Data><Data name="website"><value>http://www.oratoriosanluigi.org</value></Data><Data name="@geometry"><value>center</value></Data></ExtendedData><Point><coordinates>9.4012225,45.693873</coordinates></Point></Placemark><Placemark><name>The Square</name><ExtendedData><Data name="@id"><value>way/174048045</value></Data><Data name="amenity"><value>nightclub</value></Data><Data name="building"><value>yes</value></Data><Data name="name"><value>The Square</value></Data><Data name="@geometry"><value>center</value></Data></ExtendedData><Point><coordinates>14.1735046,40.8050116</coordinates></Point></Placemark><Placemark><name>Piccola Casa della Divina Provvidenza Cottolengo</name><ExtendedData><Data name="@id"><value>way/174734420</value></Data><Data name="amenity"><value>community_centre</value></Data><Data name="building"><value>yes</value></Data><Data name="name"><value>Piccola Casa della Divina Provvidenza Cottolengo</value></Data><Data name="@geometry"><value>center</value></Data></ExtendedData><Point><coordinates>8.5667293,40.1890143</coordinates></Point></Placemark><Placemark><name>Oratorio di Masnago</name><ExtendedData><Data name="@id"><value>way/174793921</value></Data><Data name="amenity"><value>community_centre</value></Data><Data name="building"><value>public</value></Data><Data name="community_centre"><value>parish_hall</value></Data><Data name="denomination"><value>catholic</value></Data><Data name="name"><value>Oratorio di Masnago</value></Data><Data name="@geometry"><value>center</value></Data></ExtendedData><Point><coordinates>8.8006332,45.8303588</coordinates></Point></Placemark><Placemark><name>Centro Polivalente</name><ExtendedData><Data name="@id"><value>way/174958250</value></Data><Data name="amenity"><value>community_centre</value></Data><Data name="building"><value>yes</value></Data><Data name="name"><value>Centro Polivalente</value></Data><Data name="@geometry"><value>center</value></Data></ExtendedData><Point><coordinates>16.5854933,38.9117359</coordinates></Point></Placemark><Placemark><name>Oratorio S. Giovanni Bosco di Cremeno</name><ExtendedData><Data name="@id"><value>way/175147942</value></Data><Data name="amenity"><value>community_centre</value></Data><Data name="name"><value>Oratorio S. Giovanni Bosco di Cremeno</value></Data><Data name="opening_hours"><value>Mo-Fr 09:00-17:00</value></Data><Data name="operator"><value>Chiesa di San Giorgio</value></Data><Data name="@geometry"><value>center</value></Data></ExtendedData><Point><coordinates>9.4751964,45.9344133</coordinates></Point></Placemark><Placemark><name>Oratorio Giovanni Paolo II</name><ExtendedData><Data name="@id"><value>way/175206951</value></Data><Data name="wheelchair"><value>yes</value></Data><Data name="addr:city"><value>Alessandria</value></Data><Data name="addr:housenumber"><value>6</value></Data><Data name="addr:postcode"><value>15121</value></Data><Data name="addr:street"><value>Via Giulio Monteverde</value></Data><Data name="amenity"><value>community_centre</value></Data><Data name="building"><value>yes</value></Data><Data name="name"><value>Oratorio Giovanni Paolo II</value></Data><Data name="operator"><value>Parrocchia del Cuore Immacolato di Maria</value></Data><Data name="operator:type"><value>religious</value></Data><Data name="@geometry"><value>center</value></Data></ExtendedData><Point><coordinates>8.6291126,44.9158312</coordinates></Point></Placemark><Placemark><name>Maracuja</name><ExtendedData><Data name="@id"><value>way/175276607</value></Data><Data name="amenity"><value>nightclub</value></Data><Data name="name"><value>Maracuja</value></Data><Data name="@geometry"><value>center</value></Data></ExtendedData><Point><coordinates>16.4669815,38.3409635</coordinates></Point></Placemark><Placemark><name>Discoteca Paradiso</name><ExtendedData><Data name="@id"><value>way/176206542</value></Data><Data name="short_name"><value>paradiso</value></Data><Data name="website"><value>https://www.paradisodisco.it/</value></Data><Data name="addr:city"><value>Brescia</value></Data><Data name="addr:housenumber"><value>12</value></Data><Data name="addr:postcode"><value>25124</value></Data><Data name="addr:street"><value>Via Casotti</value></Data><Data name="alt_name"><value>Paradiso</value></Data><Data name="amenity"><value>nightclub</value></Data><Data name="name"><value>Discoteca Paradiso</value></Data><Data name="@geometry"><value>center</value></Data></ExtendedData><Point><coordinates>10.256821,45.4965497</coordinates></Point></Placemark><Placemark><name>Oratorio di Sant'Angela Merici</name><ExtendedData><Data name="@id"><value>way/176519446</value></Data><Data name="amenity"><value>community_centre</value></Data><Data name="building"><value>yes</value></Data><Data name="community_centre"><value>parish_hall</value></Data><Data name="denomination"><value>catholic</value></Data><Data name="name"><value>Oratorio di Sant'Angela Merici</value></Data><Data name="religion"><value>christian</value></Data><Data name="@geometry"><value>center</value></Data></ExtendedData><Point><coordinates>10.2567264,45.5181716</coordinates></Point></Placemark><Placemark><name>Centro Civico Culturale &quot;Baldassarre Galuppi&quot;</name><ExtendedData><Data name="@id"><value>way/176655285</value></Data><Data name="amenity"><value>community_centre</value></Data><Data name="building"><value>yes</value></Data><Data name="community_centre"><value>cultural_centre</value></Data><Data name="name"><value>Centro Civico Culturale &quot;Baldassarre Galuppi&quot;</value></Data><Data name="toilets"><value>yes</value></Data><Data name="toilets:access"><value>permissive</value></Data><Data name="wheelchair"><value>yes</value></Data><Data name="@geometry"><value>center</value></Data></ExtendedData><Point><coordinates>12.4151421,45.4869719</coordinates></Point></Placemark><Placemark><name>La Rosa dei Venti</name><ExtendedData><Data name="@id"><value>way/176933214</value></Data><Data name="amenity"><value>nightclub</value></Data><Data name="building"><value>yes</value></Data><Data name="name"><value>La Rosa dei Venti</value></Data><Data name="@geometry"><value>center</value></Data></ExtendedData><Point><coordinates>8.9240509,44.4087294</coordinates></Point></Placemark><Placemark><name>Centro Sociale di Montevaccino</name><ExtendedData><Data name="@id"><value>way/177029296</value></Data><Data name="addr:housenumber"><value>1</value></Data><Data name="addr:street"><value>Strada di Montevaccino</value></Data><Data name="amenity"><value>community_centre</value></Data><Data name="building"><value>yes</value></Data><Data name="name"><value>Centro Sociale di Montevaccino</value></Data><Data name="@geometry"><value>center</value></Data></ExtendedData><Point><coordinates>11.1441599,46.1080741</coordinates></Point></Placemark><Placemark><name>Sound Beach - Disco Beach Club</name><ExtendedData><Data name="@id"><value>way/177050702</value></Data><Data name="amenity"><value>nightclub</value></Data><Data name="building"><value>hut</value></Data><Data name="name"><value>Sound Beach - Disco Beach Club</value></Data><Data name="@geometry"><value>center</value></Data></ExtendedData><Point><coordinates>12.4593767,45.4433395</coordinates></Point></Placemark><Placemark><name>Sole Nero</name><ExtendedData><Data name="@id"><value>way/177186294</value></Data><Data name="amenity"><value>nightclub</value></Data><Data name="name"><value>Sole Nero</value></Data><Data name="@geometry"><value>center</value></Data></ExtendedData><Point><coordinates>15.8682003,37.9252631</coordinates></Point></Placemark><Placemark><name>Salone Polifunzionale di Samone Canavese</name><ExtendedData><Data name="@id"><value>way/177548431</value></Data><Data name="amenity"><value>community_centre</value></Data><Data name="building"><value>civic</value></Data><Data name="name"><value>Salone Polifunzionale di Samone Canavese</value></Data><Data name="@geometry"><value>center</value></Data></ExtendedData><Point><coordinates>7.8419722,45.4507025</coordinates></Point></Placemark><Placemark><name>Laghi del sole</name><ExtendedData><Data name="@id"><value>way/177767982</value></Data><Data name="addr:housenumber"><value>7/A</value></Data><Data name="addr:city"><value>Massenzatico</value></Data><Data name="addr:postcode"><value>42122</value></Data><Data name="addr:street"><value>Via Brenno Rosselli</value></Data><Data name="amenity"><value>community_centre</value></Data><Data name="name"><value>Laghi del sole</value></Data><Data name="@geometry"><value>center</value></Data></ExtendedData><Point><coordinates>10.6726505,44.7301033</coordinates></Point></Placemark><Placemark><name>Oratorio</name><ExtendedData><Data name="@id"><value>way/177914547</value></Data><Data name="amenity"><value>community_centre</value></Data><Data name="building"><value>public</value></Data><Data name="community_centre"><value>parish_hall</value></Data><Data name="name"><value>Oratorio</value></Data><Data name="religion"><value>christian</value></Data><Data name="@geometry"><value>center</value></Data></ExtendedData><Point><coordinates>7.7172107,44.5469479</coordinates></Point></Placemark><Placemark><name>Centro Giovani Francesco Zaccaria Cadau</name><ExtendedData><Data name="@id"><value>way/178223751</value></Data><Data name="amenity"><value>community_centre</value></Data><Data name="building"><value>yes</value></Data><Data name="name"><value>Centro Giovani Francesco Zaccaria Cadau</value></Data><Data name="@geometry"><value>center</value></Data></ExtendedData><Point><coordinates>8.5889933,40.218663</coordinates></Point></Placemark><Placemark><ExtendedData><Data name="@id"><value>way/178282496</value></Data><Data name="office"><value>administrative</value></Data><Data name="amenity"><value>community_centre</value></Data><Data name="building"><value>yes</value></Data><Data name="source"><value>Bing, Local knowledge</value></Data><Data name="@geometry"><value>center</value></Data></ExtendedData><Point><coordinates>14.4719633,41.4846777</coordinates></Point></Placemark><Placemark><name>Centro Anziani Pertini</name><ExtendedData><Data name="@id"><value>way/178468727</value></Data><Data name="name"><value>Centro Anziani Pertini</value></Data><Data name="amenity"><value>community_centre</value></Data><Data name="@geometry"><value>center</value></Data></ExtendedData><Point><coordinates>12.631716,45.5406156</coordinates></Point></Placemark><Placemark><name>Oratorio Valera di Varedo</name><ExtendedData><Data name="@id"><value>way/178874027</value></Data><Data name="amenity"><value>community_centre</value></Data><Data name="name"><value>Oratorio Valera di Varedo</value></Data><Data name="@geometry"><value>center</value></Data></ExtendedData><Point><coordinates>9.177327,45.5988891</coordinates></Point></Placemark><Placemark><name>Aula Biraghi - Centro Anziani Varedo</name><ExtendedData><Data name="@id"><value>way/179252369</value></Data><Data name="amenity"><value>community_centre</value></Data><Data name="building"><value>yes</value></Data><Data name="name"><value>Aula Biraghi - Centro Anziani Varedo</value></Data><Data name="@geometry"><value>center</value></Data></ExtendedData><Point><coordinates>9.1527828,45.5982422</coordinates></Point></Placemark><Placemark><name>Oratorio Corpus domini</name><ExtendedData><Data name="@id"><value>way/179584173</value></Data><Data name="addr:housenumber"><value>6/A</value></Data><Data name="addr:city"><value>Parma</value></Data><Data name="addr:postcode"><value>43123</value></Data><Data name="addr:street"><value>Via Nicola de Giovanni</value></Data><Data name="amenity"><value>community_centre</value></Data><Data name="building"><value>yes</value></Data><Data name="denomination"><value>catholic</value></Data><Data name="name"><value>Oratorio Corpus domini</value></Data><Data name="religion"><value>christian</value></Data><Data name="source"><value>Regione Emilia Romagna</value></Data><Data name="@geometry"><value>center</value></Data></ExtendedData><Point><coordinates>10.3420024,44.7941119</coordinates></Point></Placemark><Placemark><name>Tortuga</name><ExtendedData><Data name="@id"><value>way/180800096</value></Data><Data name="amenity"><value>nightclub</value></Data><Data name="barrier"><value>fence</value></Data><Data name="name"><value>Tortuga</value></Data><Data name="@geometry"><value>center</value></Data></ExtendedData><Point><coordinates>17.145572,39.0474864</coordinates></Point></Placemark><Placemark><ExtendedData><Data name="@id"><value>way/181371195</value></Data><Data name="amenity"><value>community_centre</value></Data><Data name="building"><value>yes</value></Data><Data name="@geometry"><value>center</value></Data></ExtendedData><Point><coordinates>9.1058167,45.4918756</coordinates></Point></Placemark><Placemark><name>Piteco Club</name><ExtendedData><Data name="@id"><value>way/181605523</value></Data><Data name="amenity"><value>nightclub</value></Data><Data name="building"><value>yes</value></Data><Data name="name"><value>Piteco Club</value></Data><Data name="source"><value>Regione Emilia Romagna</value></Data><Data name="@geometry"><value>center</value></Data></ExtendedData><Point><coordinates>12.0593401,44.3898379</coordinates></Point></Placemark><Placemark><name>Oratorio</name><ExtendedData><Data name="@id"><value>way/182153317</value></Data><Data name="amenity"><value>community_centre</value></Data><Data name="building"><value>yes</value></Data><Data name="name"><value>Oratorio</value></Data><Data name="source"><value>Regione Emilia Romagna</value></Data><Data name="@geometry"><value>center</value></Data></ExtendedData><Point><coordinates>10.341809,44.8261223</coordinates></Point></Placemark><Placemark><name>Oratorio San Giuseppe</name><ExtendedData><Data name="@id"><value>way/182193826</value></Data><Data name="amenity"><value>community_centre</value></Data><Data name="building"><value>yes</value></Data><Data name="name"><value>Oratorio San Giuseppe</value></Data><Data name="@geometry"><value>center</value></Data></ExtendedData><Point><coordinates>7.8786808,45.4688219</coordinates></Point></Placemark><Placemark><name>Oratorio di Poncarale</name><ExtendedData><Data name="@id"><value>way/182460923</value></Data><Data name="amenity"><value>community_centre</value></Data><Data name="building"><value>yes</value></Data><Data name="community_centre"><value>parish_hall</value></Data><Data name="denomination"><value>catholic</value></Data><Data name="name"><value>Oratorio di Poncarale</value></Data><Data name="religion"><value>christian</value></Data><Data name="@geometry"><value>center</value></Data></ExtendedData><Point><coordinates>10.17486,45.4606565</coordinates></Point></Placemark><Placemark><name>Oratorio San Valentino</name><ExtendedData><Data name="@id"><value>way/182613525</value></Data><Data name="amenity"><value>community_centre</value></Data><Data name="building"><value>yes</value></Data><Data name="community_centre"><value>parish_hall</value></Data><Data name="denomination"><value>catholic</value></Data><Data name="name"><value>Oratorio San Valentino</value></Data><Data name="religion"><value>christian</value></Data><Data name="@geometry"><value>center</value></Data></ExtendedData><Point><coordinates>10.3016406,45.9540056</coordinates></Point></Placemark><Placemark><name>Oratorio Padri Somaschi</name><ExtendedData><Data name="@id"><value>way/182698449</value></Data><Data name="amenity"><value>community_centre</value></Data><Data name="name"><value>Oratorio Padri Somaschi</value></Data><Data name="@geometry"><value>center</value></Data></ExtendedData><Point><coordinates>8.8925074,45.463038</coordinates></Point></Placemark><Placemark><ExtendedData><Data name="@id"><value>way/183143810</value></Data><Data name="amenity"><value>community_centre</value></Data><Data name="building"><value>yes</value></Data><Data name="@geometry"><value>center</value></Data></ExtendedData><Point><coordinates>15.1358155,37.6679405</coordinates></Point></Placemark><Placemark><ExtendedData><Data name="@id"><value>way/183407804</value></Data><Data name="amenity"><value>community_centre</value></Data><Data name="building"><value>yes</value></Data><Data name="source"><value>Regione Emilia Romagna</value></Data><Data name="@geometry"><value>center</value></Data></ExtendedData><Point><coordinates>9.9925822,45.1036229</coordinates></Point></Placemark><Placemark><ExtendedData><Data name="@id"><value>way/184163194</value></Data><Data name="amenity"><value>community_centre</value></Data><Data name="building"><value>yes</value></Data><Data name="source"><value>Regione Emilia Romagna</value></Data><Data name="@geometry"><value>center</value></Data></ExtendedData><Point><coordinates>9.5214012,44.9483721</coordinates></Point></Placemark><Placemark><ExtendedData><Data name="@id"><value>way/184783365</value></Data><Data name="amenity"><value>community_centre</value></Data><Data name="building"><value>yes</value></Data><Data name="@geometry"><value>center</value></Data></ExtendedData><Point><coordinates>12.1813937,45.5624927</coordinates></Point></Placemark><Placemark><ExtendedData><Data name="@id"><value>way/184813811</value></Data><Data name="amenity"><value>nightclub</value></Data><Data name="@geometry"><value>center</value></Data></ExtendedData><Point><coordinates>10.5246929,45.4377526</coordinates></Point></Placemark><Placemark><name>Centro Sociale Antonio Ravaldini</name><ExtendedData><Data name="@id"><value>way/184932742</value></Data><Data name="amenity"><value>community_centre</value></Data><Data name="building"><value>yes</value></Data><Data name="name"><value>Centro Sociale Antonio Ravaldini</value></Data><Data name="source"><value>Regione Emilia Romagna</value></Data><Data name="@geometry"><value>center</value></Data></ExtendedData><Point><coordinates>12.3373164,44.1172495</coordinates></Point></Placemark><Placemark><name>Centro Sociale Vigne</name><ExtendedData><Data name="@id"><value>way/185180761</value></Data><Data name="amenity"><value>community_centre</value></Data><Data name="building"><value>yes</value></Data><Data name="layer"><value>1</value></Data><Data name="name"><value>Centro Sociale Vigne</value></Data><Data name="source"><value>Regione Emilia Romagna</value></Data><Data name="@geometry"><value>center</value></Data></ExtendedData><Point><coordinates>12.2500564,44.1486589</coordinates></Point></Placemark><Placemark><name>Casa di Victor Hugo</name><ExtendedData><Data name="@id"><value>way/185782262</value></Data><Data name="amenity"><value>community_centre</value></Data><Data name="building"><value>civic</value></Data><Data name="name"><value>Casa di Victor Hugo</value></Data><Data name="tourism"><value>yes</value></Data><Data name="@geometry"><value>center</value></Data></ExtendedData><Point><coordinates>14.7983383,40.9153673</coordinates></Point></Placemark><Placemark><ExtendedData><Data name="@id"><value>way/185791399</value></Data><Data name="amenity"><value>community_centre</value></Data><Data name="building"><value>civic</value></Data><Data name="@geometry"><value>center</value></Data></ExtendedData><Point><coordinates>14.7897245,40.9157978</coordinates></Point></Placemark><Placemark><name>ex Palazzo GIL</name><ExtendedData><Data name="@id"><value>way/185817546</value></Data><Data name="amenity"><value>community_centre</value></Data><Data name="building"><value>civic</value></Data><Data name="name"><value>ex Palazzo GIL</value></Data><Data name="@geometry"><value>center</value></Data></ExtendedData><Point><coordinates>14.7831636,40.9122148</coordinates></Point></Placemark><Placemark><name>Circolo MCL</name><ExtendedData><Data name="@id"><value>way/185827630</value></Data><Data name="amenity"><value>community_centre</value></Data><Data name="building"><value>yes</value></Data><Data name="name"><value>Circolo MCL</value></Data><Data name="@geometry"><value>center</value></Data></ExtendedData><Point><coordinates>10.6878898,43.8806713</coordinates></Point></Placemark><Placemark><ExtendedData><Data name="@id"><value>way/186575121</value></Data><Data name="amenity"><value>community_centre</value></Data><Data name="building"><value>yes</value></Data><Data name="@geometry"><value>center</value></Data></ExtendedData><Point><coordinates>7.8687853,45.4653337</coordinates></Point></Placemark><Placemark><name>Centro Incontro</name><ExtendedData><Data name="@id"><value>way/186644016</value></Data><Data name="amenity"><value>community_centre</value></Data><Data name="building"><value>service</value></Data><Data name="name"><value>Centro Incontro</value></Data><Data name="source"><value>Regione Emilia Romagna</value></Data><Data name="@geometry"><value>center</value></Data></ExtendedData><Point><coordinates>10.827023,44.5400109</coordinates></Point></Placemark><Placemark><name>Gruppo Cinofilo Fiorano</name><ExtendedData><Data name="@id"><value>way/186644640</value></Data><Data name="addr:city"><value>Fiorano Modenese</value></Data><Data name="addr:housenumber"><value>31</value></Data><Data name="addr:postcode"><value>41042</value></Data><Data name="addr:street"><value>Via Ferrari Carazzoli</value></Data><Data name="amenity"><value>community_centre</value></Data><Data name="building"><value>service</value></Data><Data name="building:levels"><value>1</value></Data><Data name="name"><value>Gruppo Cinofilo Fiorano</value></Data><Data name="operator"><value>Gruppo Cinofilo Il Fienile</value></Data><Data name="source"><value>Regione Emilia Romagna</value></Data><Data name="@geometry"><value>center</value></Data></ExtendedData><Point><coordinates>10.8281218,44.5387418</coordinates></Point></Placemark><Placemark><ExtendedData><Data name="@id"><value>way/186644663</value></Data><Data name="addr:city"><value>Fiorano Modenese</value></Data><Data name="addr:country"><value>IT</value></Data><Data name="addr:housenumber"><value>39</value></Data><Data name="addr:postcode"><value>41042</value></Data><Data name="addr:street"><value>Via Nirano I° Tronco</value></Data><Data name="amenity"><value>community_centre</value></Data><Data name="building"><value>yes</value></Data><Data name="source"><value>Regione Emilia Romagna</value></Data><Data name="@geometry"><value>center</value></Data></ExtendedData><Point><coordinates>10.8450699,44.5283671</coordinates></Point></Placemark><Placemark><name>Centro Polifunzionale &quot;La Cùrt&quot;</name><ExtendedData><Data name="@id"><value>way/187015922</value></Data><Data name="addr:city"><value>Caslino d'Erba</value></Data><Data name="addr:postcode"><value>22030</value></Data><Data name="addr:street"><value>Piazza Giuseppe Mazzini</value></Data><Data name="amenity"><value>community_centre</value></Data><Data name="building"><value>yes</value></Data><Data name="building:levels"><value>2</value></Data><Data name="name"><value>Centro Polifunzionale &quot;La Cùrt&quot;</value></Data><Data name="@geometry"><value>center</value></Data></ExtendedData><Point><coordinates>9.2237648,45.8384655</coordinates></Point></Placemark><Placemark><name>Oratorio San Luigi</name><ExtendedData><Data name="@id"><value>way/187153299</value></Data><Data name="amenity"><value>community_centre</value></Data><Data name="name"><value>Oratorio San Luigi</value></Data><Data name="old_name"><value>Villa Magnaghi</value></Data><Data name="religion"><value>christian</value></Data><Data name="@geometry"><value>center</value></Data></ExtendedData><Point><coordinates>8.8333889,45.4668872</coordinates></Point></Placemark><Placemark><name>Casa Bianca</name><ExtendedData><Data name="@id"><value>way/187223295</value></Data><Data name="amenity"><value>community_centre</value></Data><Data name="building"><value>yes</value></Data><Data name="name"><value>Casa Bianca</value></Data><Data name="opening_hours"><value>Tu-Su 09:00-12:00,14:30-19:00</value></Data><Data name="@geometry"><value>center</value></Data></ExtendedData><Point><coordinates>12.159093,45.543338</coordinates></Point></Placemark><Placemark><name>Baita degli Alpini</name><ExtendedData><Data name="@id"><value>way/188146614</value></Data><Data name="addr:city"><value>Povegliano Veronese</value></Data><Data name="addr:postcode"><value>37064</value></Data><Data name="addr:street"><value>Via Giuseppe Verdi</value></Data><Data name="amenity"><value>community_centre</value></Data><Data name="building"><value>yes</value></Data><Data name="name"><value>Baita degli Alpini</value></Data><Data name="@geometry"><value>center</value></Data></ExtendedData><Point><coordinates>10.8802716,45.3471593</coordinates></Point></Placemark><Placemark><name>Centro Fiere Adriano Olivetti</name><ExtendedData><Data name="@id"><value>way/188609028</value></Data><Data name="amenity"><value>community_centre</value></Data><Data name="building"><value>civic</value></Data><Data name="name"><value>Centro Fiere Adriano Olivetti</value></Data><Data name="@geometry"><value>center</value></Data></ExtendedData><Point><coordinates>7.8832661,45.4591619</coordinates></Point></Placemark><Placemark><name>Oratorio San Luigi Gonzaga Bussero</name><ExtendedData><Data name="@id"><value>way/188888771</value></Data><Data name="amenity"><value>community_centre</value></Data><Data name="name"><value>Oratorio San Luigi Gonzaga Bussero</value></Data><Data name="website"><value>https://www.parrocchiabussero.it</value></Data><Data name="@geometry"><value>center</value></Data></ExtendedData><Point><coordinates>9.3705308,45.5366564</coordinates></Point></Placemark><Placemark><name>Centro Civico Comunale</name><ExtendedData><Data name="@id"><value>way/189947956</value></Data><Data name="name"><value>Centro Civico Comunale</value></Data><Data name="wheelchair"><value>limited</value></Data><Data name="amenity"><value>community_centre</value></Data><Data name="building"><value>yes</value></Data><Data name="building:levels"><value>2</value></Data><Data name="@geometry"><value>center</value></Data></ExtendedData><Point><coordinates>12.098713,45.3526236</coordinates></Point></Placemark><Placemark><name>Casa del volontariato</name><ExtendedData><Data name="@id"><value>way/190358657</value></Data><Data name="amenity"><value>community_centre</value></Data><Data name="building"><value>public</value></Data><Data name="name"><value>Casa del volontariato</value></Data><Data name="operator"><value>Coordinamento volontariato Vigevano</value></Data><Data name="@geometry"><value>center</value></Data></ExtendedData><Point><coordinates>8.864251,45.3187988</coordinates></Point></Placemark><Placemark><name>Centro polifunzionale</name><ExtendedData><Data name="@id"><value>way/191142026</value></Data><Data name="amenity"><value>community_centre</value></Data><Data name="building"><value>yes</value></Data><Data name="name"><value>Centro polifunzionale</value></Data><Data name="@geometry"><value>center</value></Data></ExtendedData><Point><coordinates>10.6037444,45.8928738</coordinates></Point></Placemark><Placemark><name>Gemeinschaftshaus Neustift - Casa pluriuso di Novacella</name><ExtendedData><Data name="@id"><value>way/191691505</value></Data><Data name="amenity"><value>community_centre</value></Data><Data name="building"><value>yes</value></Data><Data name="name"><value>Gemeinschaftshaus Neustift - Casa pluriuso di Novacella</value></Data><Data name="name:de"><value>Gemeinschaftshaus Neustift</value></Data><Data name="name:it"><value>Casa pluriuso di Novacella</value></Data><Data name="@geometry"><value>center</value></Data></ExtendedData><Point><coordinates>11.6518925,46.7409827</coordinates></Point></Placemark><Placemark><name>Circus Beat Club</name><ExtendedData><Data name="@id"><value>way/191694519</value></Data><Data name="website"><value>http://www.circusbeatclub.com</value></Data><Data name="name"><value>Circus Beat Club</value></Data><Data name="building"><value>yes</value></Data><Data name="amenity"><value>nightclub</value></Data><Data name="email"><value>info@circusbeatclub.com</value></Data><Data name="phone"><value>+39 030 353 40 84</value></Data><Data name="addr:city"><value>Brescia</value></Data><Data name="addr:housenumber"><value>127</value></Data><Data name="addr:postcode"><value>25125</value></Data><Data name="addr:street"><value>Via Dalmazia</value></Data><Data name="@geometry"><value>center</value></Data></ExtendedData><Point><coordinates>10.1985762,45.525476</coordinates></Point></Placemark><Placemark><name>Centro Sociale anziani Va circoscrizione</name><ExtendedData><Data name="@id"><value>way/192688913</value></Data><Data name="amenity"><value>community_centre</value></Data><Data name="name"><value>Centro Sociale anziani Va circoscrizione</value></Data><Data name="@geometry"><value>center</value></Data></ExtendedData><Point><coordinates>12.5816745,41.939178</coordinates></Point></Placemark><Placemark><name>Protezione Civile Vertova</name><ExtendedData><Data name="@id"><value>way/192932465</value></Data><Data name="amenity"><value>social_centre</value></Data><Data name="building"><value>yes</value></Data><Data name="name"><value>Protezione Civile Vertova</value></Data><Data name="@geometry"><value>center</value></Data></ExtendedData><Point><coordinates>9.8525156,45.8069749</coordinates></Point></Placemark><Placemark><description>Oratorio</description><ExtendedData><Data name="@id"><value>way/194121620</value></Data><Data name="amenity"><value>community_centre</value></Data><Data name="building"><value>yes</value></Data><Data name="description"><value>Oratorio</value></Data><Data name="@geometry"><value>center</value></Data></ExtendedData><Point><coordinates>9.3635127,45.7645018</coordinates></Point></Placemark><Placemark><name>Casa del Quartiere San Salvario</name><ExtendedData><Data name="@id"><value>way/194336591</value></Data><Data name="website"><value>http://www.casadelquartiere.it</value></Data><Data name="amenity"><value>community_centre</value></Data><Data name="building"><value>yes</value></Data><Data name="internet_access"><value>wlan</value></Data><Data name="name"><value>Casa del Quartiere San Salvario</value></Data><Data name="name:etymology:wikidata"><value>Q3947924</value></Data><Data name="opening_hours"><value>Su-Th 09:00-24:00, Fr,Sa 09:00-02:00</value></Data><Data name="wheelchair"><value>yes</value></Data><Data name="@geometry"><value>center</value></Data></ExtendedData><Point><coordinates>7.678069,45.0541066</coordinates></Point></Placemark><Placemark><name>Oratorio</name><ExtendedData><Data name="@id"><value>way/194906736</value></Data><Data name="amenity"><value>community_centre</value></Data><Data name="name"><value>Oratorio</value></Data><Data name="@geometry"><value>center</value></Data></ExtendedData><Point><coordinates>8.8614278,45.5640467</coordinates></Point></Placemark><Placemark><name>Casale</name><ExtendedData><Data name="@id"><value>way/195220561</value></Data><Data name="amenity"><value>nightclub</value></Data><Data name="name"><value>Casale</value></Data><Data name="source"><value>Regione Emilia Romagna</value></Data><Data name="@geometry"><value>center</value></Data></ExtendedData><Point><coordinates>10.7094175,44.7178769</coordinates></Point></Placemark><Placemark><name>Oratorio San Giovanni di Polaveno</name><ExtendedData><Data name="@id"><value>way/195550347</value></Data><Data name="religion"><value>christian</value></Data><Data name="website"><value>https://oratoriosangio.altervista.org/</value></Data><Data name="amenity"><value>community_centre</value></Data><Data name="building"><value>public</value></Data><Data name="community_centre"><value>parish_hall</value></Data><Data name="denomination"><value>catholic</value></Data><Data name="name"><value>Oratorio San Giovanni di Polaveno</value></Data><Data name="@geometry"><value>center</value></Data></ExtendedData><Point><coordinates>10.1387813,45.6536621</coordinates></Point></Placemark><Placemark><name>24 Twenty Four</name><ExtendedData><Data name="@id"><value>way/196168378</value></Data><Data name="alt_name"><value>24 mila baci</value></Data><Data name="amenity"><value>nightclub</value></Data><Data name="building"><value>yes</value></Data><Data name="name"><value>24 Twenty Four</value></Data><Data name="phone"><value>+39 0773 242301</value></Data><Data name="website"><value>http://www.24disco.it</value></Data><Data name="@geometry"><value>center</value></Data></ExtendedData><Point><coordinates>12.9284509,41.461181</coordinates></Point></Placemark><Placemark><name>LibertHub</name><ExtendedData><Data name="@id"><value>way/196292697</value></Data><Data name="name"><value>LibertHub</value></Data><Data name="addr:city"><value>Monza</value></Data><Data name="addr:housenumber"><value>136</value></Data><Data name="addr:postcode"><value>20900</value></Data><Data name="addr:street"><value>Viale Libertà</value></Data><Data name="amenity"><value>community_centre</value></Data><Data name="building"><value>yes</value></Data><Data name="@geometry"><value>center</value></Data></ExtendedData><Point><coordinates>9.3029049,45.5903431</coordinates></Point></Placemark><Placemark><name>Oratorio Santa Margherita</name><ExtendedData><Data name="@id"><value>way/196504317</value></Data><Data name="name"><value>Oratorio Santa Margherita</value></Data><Data name="amenity"><value>community_centre</value></Data><Data name="building"><value>yes</value></Data><Data name="@geometry"><value>center</value></Data></ExtendedData><Point><coordinates>8.5954107,45.9770459</coordinates></Point></Placemark><Placemark><name>Florida</name><ExtendedData><Data name="@id"><value>way/196530562</value></Data><Data name="name"><value>Florida</value></Data><Data name="contact:website"><value>http://www.discoflorida.it/</value></Data><Data name="addr:city"><value>Ghedi</value></Data><Data name="addr:housenumber"><value>47</value></Data><Data name="addr:postcode"><value>25016</value></Data><Data name="addr:street"><value>Via Montichiari</value></Data><Data name="amenity"><value>nightclub</value></Data><Data name="contact:email"><value>info@discoflorida.it</value></Data><Data name="@geometry"><value>center</value></Data></ExtendedData><Point><coordinates>10.3077931,45.4015455</coordinates></Point></Placemark><Placemark><name>Protezione Civile Ivrea</name><ExtendedData><Data name="@id"><value>way/197676518</value></Data><Data name="alt_name"><value>G.E.R.I. - Gruppo Emergenza Ricerca Intervento</value></Data><Data name="amenity"><value>community_centre</value></Data><Data name="name"><value>Protezione Civile Ivrea</value></Data><Data name="@geometry"><value>center</value></Data></ExtendedData><Point><coordinates>7.8831951,45.4550272</coordinates></Point></Placemark><Placemark><name>Sala Don Andrea Recaldini</name><ExtendedData><Data name="@id"><value>way/198095377</value></Data><Data name="amenity"><value>community_centre</value></Data><Data name="building"><value>church</value></Data><Data name="building:use"><value>civic</value></Data><Data name="disused:amenity"><value>place_of_worship</value></Data><Data name="disused:denomination"><value>catholic</value></Data><Data name="disused:religion"><value>christian</value></Data><Data name="name"><value>Sala Don Andrea Recaldini</value></Data><Data name="old_name"><value>Chiesa di Santa Maria Bambina</value></Data><Data name="@geometry"><value>center</value></Data></ExtendedData><Point><coordinates>10.2788335,45.4993942</coordinates></Point></Placemark><Placemark><name>Oratorio La Casa</name><ExtendedData><Data name="@id"><value>way/199678615</value></Data><Data name="amenity"><value>community_centre</value></Data><Data name="building"><value>yes</value></Data><Data name="community_centre"><value>parish_hall</value></Data><Data name="denomination"><value>catholic</value></Data><Data name="name"><value>Oratorio La Casa</value></Data><Data name="religion"><value>christian</value></Data><Data name="@geometry"><value>center</value></Data></ExtendedData><Point><coordinates>10.1164358,45.7634891</coordinates></Point></Placemark><Placemark><name>Casa della Gioventù</name><ExtendedData><Data name="@id"><value>way/200503068</value></Data><Data name="amenity"><value>community_centre</value></Data><Data name="building"><value>yes</value></Data><Data name="community_centre:for"><value>juvenile</value></Data><Data name="name"><value>Casa della Gioventù</value></Data><Data name="@geometry"><value>center</value></Data></ExtendedData><Point><coordinates>8.5552836,45.7617783</coordinates></Point></Placemark><Placemark><name>Salone Merzagora</name><ExtendedData><Data name="@id"><value>way/200508390</value></Data><Data name="addr:city"><value>Arona</value></Data><Data name="addr:housenumber"><value>60</value></Data><Data name="addr:postcode"><value>28041</value></Data><Data name="addr:street"><value>Corso della Liberazione</value></Data><Data name="amenity"><value>community_centre</value></Data><Data name="building"><value>yes</value></Data><Data name="name"><value>Salone Merzagora</value></Data><Data name="@geometry"><value>center</value></Data></ExtendedData><Point><coordinates>8.5589994,45.759623</coordinates></Point></Placemark><Placemark><name>Kursaal</name><ExtendedData><Data name="@id"><value>way/200832158</value></Data><Data name="website"><value>http://www.kursaalclub.eu/</value></Data><Data name="source"><value>Regione Liguria</value></Data><Data name="addr:city"><value>Bordighera</value></Data><Data name="addr:housenumber"><value>7</value></Data><Data name="addr:postcode"><value>18012</value></Data><Data name="addr:street"><value>Lungomare Argentina</value></Data><Data name="amenity"><value>nightclub</value></Data><Data name="building"><value>yes</value></Data><Data name="name"><value>Kursaal</value></Data><Data name="@geometry"><value>center</value></Data></ExtendedData><Point><coordinates>7.6620921,43.7783989</coordinates></Point></Placemark><Placemark><name>Il molino racconta</name><ExtendedData><Data name="@id"><value>way/201495296</value></Data><Data name="amenity"><value>community_centre</value></Data><Data name="building"><value>house</value></Data><Data name="name"><value>Il molino racconta</value></Data><Data name="source"><value>Regione Liguria</value></Data><Data name="@geometry"><value>center</value></Data></ExtendedData><Point><coordinates>7.7757692,43.9922355</coordinates></Point></Placemark><Placemark><name>Sala della Trasparenza</name><ExtendedData><Data name="@id"><value>way/201616714</value></Data><Data name="amenity"><value>community_centre</value></Data><Data name="building"><value>yes</value></Data><Data name="name"><value>Sala della Trasparenza</value></Data><Data name="@geometry"><value>center</value></Data></ExtendedData><Point><coordinates>9.0885974,45.4469407</coordinates></Point></Placemark><Placemark><name>Proloco Mendatica</name><ExtendedData><Data name="@id"><value>way/201756143</value></Data><Data name="amenity"><value>community_centre</value></Data><Data name="building"><value>house</value></Data><Data name="name"><value>Proloco Mendatica</value></Data><Data name="source"><value>Regione Liguria</value></Data><Data name="@geometry"><value>center</value></Data></ExtendedData><Point><coordinates>7.8060952,44.0782241</coordinates></Point></Placemark><Placemark><name>Oratorio</name><ExtendedData><Data name="@id"><value>way/202308105</value></Data><Data name="name"><value>Oratorio</value></Data><Data name="amenity"><value>community_centre</value></Data><Data name="building"><value>yes</value></Data><Data name="@geometry"><value>center</value></Data></ExtendedData><Point><coordinates>8.5613859,45.7116539</coordinates></Point></Placemark><Placemark><name>Pro Loco Ponteacco</name><ExtendedData><Data name="@id"><value>way/202545267</value></Data><Data name="amenity"><value>community_centre</value></Data><Data name="building"><value>yes</value></Data><Data name="height"><value>9 m</value></Data><Data name="it:fvg:ctrn:code"><value>4AED</value></Data><Data name="it:fvg:ctrn:revision"><value>1A0</value></Data><Data name="name"><value>Pro Loco Ponteacco</value></Data><Data name="@geometry"><value>center</value></Data></ExtendedData><Point><coordinates>13.4897239,46.1474585</coordinates></Point></Placemark><Placemark><name>Santa Caterina</name><ExtendedData><Data name="@id"><value>way/202597465</value></Data><Data name="wikipedia"><value>it:Convento di Santa Caterina (Finale Ligure)</value></Data><Data name="amenity"><value>community_centre</value></Data><Data name="building"><value>church</value></Data><Data name="name"><value>Santa Caterina</value></Data><Data name="source"><value>Regione Liguria</value></Data><Data name="wikidata"><value>Q3689604</value></Data><Data name="@geometry"><value>center</value></Data></ExtendedData><Point><coordinates>8.3264725,44.1757552</coordinates></Point></Placemark><Placemark><name>La Kava</name><ExtendedData><Data name="@id"><value>way/202605039</value></Data><Data name="amenity"><value>nightclub</value></Data><Data name="building"><value>yes</value></Data><Data name="name"><value>La Kava</value></Data><Data name="source"><value>Regione Liguria</value></Data><Data name="@geometry"><value>center</value></Data></ExtendedData><Point><coordinates>8.4441957,44.2431239</coordinates></Point></Placemark><Placemark><name>SMS Fratellanza Segnese</name><ExtendedData><Data name="@id"><value>way/202613428</value></Data><Data name="amenity"><value>community_centre</value></Data><Data name="building"><value>house</value></Data><Data name="club"><value>veterans</value></Data><Data name="name"><value>SMS Fratellanza Segnese</value></Data><Data name="source"><value>Regione Liguria</value></Data><Data name="@geometry"><value>center</value></Data></ExtendedData><Point><coordinates>8.3836568,44.2544227</coordinates></Point></Placemark><Placemark><name>Società di mutuo soccorso Aurora</name><ExtendedData><Data name="@id"><value>way/202615431</value></Data><Data name="amenity"><value>community_centre</value></Data><Data name="building"><value>yes</value></Data><Data name="club"><value>veterans</value></Data><Data name="name"><value>Società di mutuo soccorso Aurora</value></Data><Data name="short_name"><value>SMS Aurora</value></Data><Data name="source"><value>Regione Liguria</value></Data><Data name="@geometry"><value>center</value></Data></ExtendedData><Point><coordinates>8.4267643,44.2826001</coordinates></Point></Placemark><Placemark><ExtendedData><Data name="@id"><value>way/202724535</value></Data><Data name="amenity"><value>community_centre</value></Data><Data name="building"><value>yes</value></Data><Data name="@geometry"><value>center</value></Data></ExtendedData><Point><coordinates>12.4483001,41.9062428</coordinates></Point></Placemark><Placemark><ExtendedData><Data name="@id"><value>way/202724537</value></Data><Data name="amenity"><value>community_centre</value></Data><Data name="building"><value>yes</value></Data><Data name="@geometry"><value>center</value></Data></ExtendedData><Point><coordinates>12.4485632,41.9064377</coordinates></Point></Placemark><Placemark><name>Auser &quot;Matitino d'argento&quot;</name><ExtendedData><Data name="@id"><value>way/202880998</value></Data><Data name="amenity"><value>community_centre</value></Data><Data name="building"><value>house</value></Data><Data name="name"><value>Auser &quot;Matitino d'argento&quot;</value></Data><Data name="source"><value>Regione Liguria</value></Data><Data name="@geometry"><value>center</value></Data></ExtendedData><Point><coordinates>8.4748434,44.3010643</coordinates></Point></Placemark><Placemark><name>SMS La Rocca</name><ExtendedData><Data name="@id"><value>way/202885157</value></Data><Data name="name"><value>SMS La Rocca</value></Data><Data name="amenity"><value>community_centre</value></Data><Data name="building"><value>house</value></Data><Data name="club"><value>veterans</value></Data><Data name="source"><value>Regione Liguria</value></Data><Data name="@geometry"><value>center</value></Data></ExtendedData><Point><coordinates>8.4604149,44.3047708</coordinates></Point></Placemark><Placemark><name>CRCS Luceto</name><ExtendedData><Data name="@id"><value>way/202901564</value></Data><Data name="amenity"><value>community_centre</value></Data><Data name="building"><value>house</value></Data><Data name="club"><value>veterans</value></Data><Data name="name"><value>CRCS Luceto</value></Data><Data name="source"><value>Regione Liguria</value></Data><Data name="toilets:wheelchair"><value>no</value></Data><Data name="wheelchair"><value>yes</value></Data><Data name="@geometry"><value>center</value></Data></ExtendedData><Point><coordinates>8.4997593,44.3441808</coordinates></Point></Placemark><Placemark><name>SMS Tambuscio</name><ExtendedData><Data name="@id"><value>way/202902434</value></Data><Data name="amenity"><value>community_centre</value></Data><Data name="building"><value>house</value></Data><Data name="club"><value>veterans</value></Data><Data name="name"><value>SMS Tambuscio</value></Data><Data name="source"><value>Regione Liguria</value></Data><Data name="@geometry"><value>center</value></Data></ExtendedData><Point><coordinates>8.4648514,44.3319932</coordinates></Point></Placemark><Placemark><name>SMS Centro Nautico Vadese</name><ExtendedData><Data name="@id"><value>way/203041663</value></Data><Data name="amenity"><value>community_centre</value></Data><Data name="building"><value>house</value></Data><Data name="club"><value>veterans</value></Data><Data name="name"><value>SMS Centro Nautico Vadese</value></Data><Data name="source"><value>Regione Liguria</value></Data><Data name="@geometry"><value>center</value></Data></ExtendedData><Point><coordinates>8.4396982,44.2738661</coordinates></Point></Placemark><Placemark><name>SMS Fratellanza Leginese Milleluci</name><ExtendedData><Data name="@id"><value>way/203042064</value></Data><Data name="amenity"><value>community_centre</value></Data><Data name="building"><value>house</value></Data><Data name="building:levels"><value>2</value></Data><Data name="club"><value>veterans</value></Data><Data name="name"><value>SMS Fratellanza Leginese Milleluci</value></Data><Data name="source"><value>Regione Liguria</value></Data><Data name="@geometry"><value>center</value></Data></ExtendedData><Point><coordinates>8.4529029,44.2960821</coordinates></Point></Placemark><Placemark><name>SMS ARCI</name><ExtendedData><Data name="@id"><value>way/203180174</value></Data><Data name="addr:housenumber"><value>290</value></Data><Data name="addr:street"><value>Via Sanda</value></Data><Data name="amenity"><value>community_centre</value></Data><Data name="building"><value>house</value></Data><Data name="name"><value>SMS ARCI</value></Data><Data name="source"><value>Regione Liguria</value></Data><Data name="wheelchair"><value>yes</value></Data><Data name="@geometry"><value>center</value></Data></ExtendedData><Point><coordinates>8.5282098,44.3601971</coordinates></Point></Placemark><Placemark><name>Centro Polifunzionale San Giovanni</name><ExtendedData><Data name="@id"><value>way/203180951</value></Data><Data name="amenity"><value>community_centre</value></Data><Data name="building"><value>house</value></Data><Data name="name"><value>Centro Polifunzionale San Giovanni</value></Data><Data name="source"><value>Regione Liguria</value></Data><Data name="@geometry"><value>center</value></Data></ExtendedData><Point><coordinates>8.4977004,44.392572</coordinates></Point></Placemark><Placemark><name>Discoteca Aegua</name><ExtendedData><Data name="@id"><value>way/203199143</value></Data><Data name="amenity"><value>nightclub</value></Data><Data name="building"><value>house</value></Data><Data name="name"><value>Discoteca Aegua</value></Data><Data name="source"><value>Regione Liguria</value></Data><Data name="@geometry"><value>center</value></Data></ExtendedData><Point><coordinates>8.5693127,44.3552302</coordinates></Point></Placemark><Placemark><ExtendedData><Data name="@id"><value>way/203202250</value></Data><Data name="amenity"><value>community_centre</value></Data><Data name="building"><value>public</value></Data><Data name="source"><value>Regione Liguria</value></Data><Data name="@geometry"><value>center</value></Data></ExtendedData><Point><coordinates>8.5725994,44.3603453</coordinates></Point></Placemark><Placemark><name>Società di Mutuo Soccorso di Castagnabuona</name><ExtendedData><Data name="@id"><value>way/203203923</value></Data><Data name="addr:housenumber"><value>15</value></Data><Data name="addr:street"><value>Via alla Croce</value></Data><Data name="amenity"><value>community_centre</value></Data><Data name="building"><value>house</value></Data><Data name="name"><value>Società di Mutuo Soccorso di Castagnabuona</value></Data><Data name="source"><value>Regione Liguria</value></Data><Data name="@geometry"><value>center</value></Data></ExtendedData><Point><coordinates>8.5547439,44.359237</coordinates></Point></Placemark><Placemark><ExtendedData><Data name="@id"><value>way/203203932</value></Data><Data name="amenity"><value>community_centre</value></Data><Data name="building"><value>public</value></Data><Data name="source"><value>Regione Liguria</value></Data><Data name="@geometry"><value>center</value></Data></ExtendedData><Point><coordinates>8.5727511,44.3604014</coordinates></Point></Placemark><Placemark><name>Oratorio Don Bosco</name><ExtendedData><Data name="@id"><value>way/203204271</value></Data><Data name="addr:housenumber"><value>5</value></Data><Data name="addr:street"><value>Via Don Giovanni Paseri</value></Data><Data name="amenity"><value>community_centre</value></Data><Data name="building"><value>yes</value></Data><Data name="community_centre:for"><value>child</value></Data><Data name="name"><value>Oratorio Don Bosco</value></Data><Data name="source"><value>Regione Liguria</value></Data><Data name="@geometry"><value>center</value></Data></ExtendedData><Point><coordinates>8.5732475,44.3601225</coordinates></Point></Placemark><Placemark><name>Sala Civica</name><ExtendedData><Data name="@id"><value>way/203946213</value></Data><Data name="amenity"><value>community_centre</value></Data><Data name="building"><value>church</value></Data><Data name="building:use"><value>civic</value></Data><Data name="disused:amenity"><value>place_of_worship</value></Data><Data name="disused:denomination"><value>catholic</value></Data><Data name="disused:religion"><value>christian</value></Data><Data name="name"><value>Sala Civica</value></Data><Data name="old_name"><value>Chiesetta dei Magli</value></Data><Data name="@geometry"><value>center</value></Data></ExtendedData><Point><coordinates>10.2024187,45.6457305</coordinates></Point></Placemark><Placemark><name>Società Operaia Cattolica Club &quot;la Fratellanza&quot;</name><ExtendedData><Data name="@id"><value>way/204227973</value></Data><Data name="amenity"><value>community_centre</value></Data><Data name="building"><value>house</value></Data><Data name="club"><value>veterans</value></Data><Data name="name"><value>Società Operaia Cattolica Club &quot;la Fratellanza&quot;</value></Data><Data name="social_facility"><value>group_home</value></Data><Data name="social_facility:for"><value>senior</value></Data><Data name="source"><value>Regione Liguria</value></Data><Data name="@geometry"><value>center</value></Data></ExtendedData><Point><coordinates>8.945653,44.4699777</coordinates></Point></Placemark><Placemark><name>Polo Sociale Giovanni Mario Parodi</name><ExtendedData><Data name="@id"><value>way/204228074</value></Data><Data name="addr:housenumber"><value>58R</value></Data><Data name="addr:city"><value>Campomorone</value></Data><Data name="addr:postcode"><value>16014</value></Data><Data name="addr:street"><value>Via Martiri della Libertà</value></Data><Data name="alt_name"><value>Ex Municipio</value></Data><Data name="amenity"><value>community_centre</value></Data><Data name="building"><value>yes</value></Data><Data name="name"><value>Polo Sociale Giovanni Mario Parodi</value></Data><Data name="operator"><value>Comune di Campomorone</value></Data><Data name="source"><value>Regione Liguria</value></Data><Data name="@geometry"><value>center</value></Data></ExtendedData><Point><coordinates>8.8891193,44.5074172</coordinates></Point></Placemark><Placemark><name>Oratorio di San Lorenzo</name><ExtendedData><Data name="@id"><value>way/204230722</value></Data><Data name="amenity"><value>community_centre</value></Data><Data name="building"><value>house</value></Data><Data name="name"><value>Oratorio di San Lorenzo</value></Data><Data name="source"><value>Regione Liguria</value></Data><Data name="@geometry"><value>center</value></Data></ExtendedData><Point><coordinates>8.9455938,44.4701792</coordinates></Point></Placemark><Placemark><name>Società Operaia M.S.</name><ExtendedData><Data name="@id"><value>way/204450439</value></Data><Data name="access"><value>destination</value></Data><Data name="amenity"><value>community_centre</value></Data><Data name="building"><value>house</value></Data><Data name="name"><value>Società Operaia M.S.</value></Data><Data name="source"><value>Regione Liguria</value></Data><Data name="start_date"><value>1913</value></Data><Data name="@geometry"><value>center</value></Data></ExtendedData><Point><coordinates>9.1088271,44.4018131</coordinates></Point></Placemark><Placemark><name>Covo di Nord Est</name><ExtendedData><Data name="@id"><value>way/204694186</value></Data><Data name="url"><value>http://www.covodinordest.net/</value></Data><Data name="name"><value>Covo di Nord Est</value></Data><Data name="amenity"><value>nightclub</value></Data><Data name="building"><value>house</value></Data><Data name="source"><value>Regione Liguria</value></Data><Data name="@geometry"><value>center</value></Data></ExtendedData><Point><coordinates>9.215136,44.3213451</coordinates></Point></Placemark><Placemark><name>Oratorio Casa del giovane Madonna Pellegrina</name><ExtendedData><Data name="@id"><value>way/204817964</value></Data><Data name="amenity"><value>community_centre</value></Data><Data name="building"><value>yes</value></Data><Data name="community_centre:for"><value>juvenile</value></Data><Data name="name"><value>Oratorio Casa del giovane Madonna Pellegrina</value></Data><Data name="@geometry"><value>center</value></Data></ExtendedData><Point><coordinates>8.4855408,45.7549727</coordinates></Point></Placemark><Placemark><name>Amici di Orio</name><ExtendedData><Data name="@id"><value>way/204826049</value></Data><Data name="amenity"><value>community_centre</value></Data><Data name="building"><value>yes</value></Data><Data name="name"><value>Amici di Orio</value></Data><Data name="@geometry"><value>center</value></Data></ExtendedData><Point><coordinates>8.4722102,45.7512155</coordinates></Point></Placemark><Placemark><name>Centro polivalente</name><ExtendedData><Data name="@id"><value>way/204949701</value></Data><Data name="amenity"><value>community_centre</value></Data><Data name="building"><value>yes</value></Data><Data name="name"><value>Centro polivalente</value></Data><Data name="@geometry"><value>center</value></Data></ExtendedData><Point><coordinates>8.095024,45.1593826</coordinates></Point></Placemark><Placemark><ExtendedData><Data name="@id"><value>way/205380322</value></Data><Data name="amenity"><value>community_centre</value></Data><Data name="community_centre"><value>parish_hall</value></Data><Data name="denomination"><value>catholic</value></Data><Data name="religion"><value>christian</value></Data><Data name="@geometry"><value>center</value></Data></ExtendedData><Point><coordinates>9.4192367,45.6198457</coordinates></Point></Placemark><Placemark><name>Vereinshaus St Vigil</name><ExtendedData><Data name="@id"><value>way/205456582</value></Data><Data name="amenity"><value>community_centre</value></Data><Data name="building"><value>yes</value></Data><Data name="community_centre"><value>village_hall</value></Data><Data name="name"><value>Vereinshaus St Vigil</value></Data><Data name="operator"><value>Gemeinde St Vigil</value></Data><Data name="wheelchair"><value>yes</value></Data><Data name="@geometry"><value>center</value></Data></ExtendedData><Point><coordinates>11.9325813,46.7010066</coordinates></Point></Placemark><Placemark><name>Vereinshaus St Vigil</name><ExtendedData><Data name="@id"><value>way/205456624</value></Data><Data name="amenity"><value>community_centre</value></Data><Data name="building"><value>yes</value></Data><Data name="community_centre"><value>village_hall</value></Data><Data name="name"><value>Vereinshaus St Vigil</value></Data><Data name="operator"><value>Gemeinde St Vigil</value></Data><Data name="wheelchair"><value>yes</value></Data><Data name="@geometry"><value>center</value></Data></ExtendedData><Point><coordinates>11.932625,46.7008151</coordinates></Point></Placemark><Placemark><name>Casa delle Associazioni</name><ExtendedData><Data name="@id"><value>way/205630022</value></Data><Data name="addr:housenumber"><value>56</value></Data><Data name="addr:street"><value>Via San Michele</value></Data><Data name="amenity"><value>community_centre</value></Data><Data name="building"><value>public</value></Data><Data name="name"><value>Casa delle Associazioni</value></Data><Data name="wheelchair"><value>designated</value></Data><Data name="@geometry"><value>center</value></Data></ExtendedData><Point><coordinates>10.4726614,45.7358756</coordinates></Point></Placemark><Placemark><name>Skaletta</name><ExtendedData><Data name="@id"><value>way/205838862</value></Data><Data name="amenity"><value>nightclub</value></Data><Data name="building"><value>house</value></Data><Data name="name"><value>Skaletta</value></Data><Data name="source"><value>Regione Liguria</value></Data><Data name="@geometry"><value>center</value></Data></ExtendedData><Point><coordinates>9.8254291,44.111023</coordinates></Point></Placemark><Placemark><name>Shake club</name><ExtendedData><Data name="@id"><value>way/205841932</value></Data><Data name="amenity"><value>nightclub</value></Data><Data name="building"><value>house</value></Data><Data name="name"><value>Shake club</value></Data><Data name="source"><value>Regione Liguria</value></Data><Data name="@geometry"><value>center</value></Data></ExtendedData><Point><coordinates>9.8585632,44.1101884</coordinates></Point></Placemark><Placemark><name>Bocciofila US Fabiano</name><ExtendedData><Data name="@id"><value>way/205843292</value></Data><Data name="amenity"><value>community_centre</value></Data><Data name="building"><value>house</value></Data><Data name="name"><value>Bocciofila US Fabiano</value></Data><Data name="source"><value>Regione Liguria</value></Data><Data name="@geometry"><value>center</value></Data></ExtendedData><Point><coordinates>9.8122475,44.0976974</coordinates></Point></Placemark><Placemark><name>Protezione Civile</name><ExtendedData><Data name="@id"><value>way/205855953</value></Data><Data name="amenity"><value>social_centre</value></Data><Data name="building"><value>yes</value></Data><Data name="name"><value>Protezione Civile</value></Data><Data name="source"><value>Regione Liguria</value></Data><Data name="@geometry"><value>center</value></Data></ExtendedData><Point><coordinates>9.8352058,44.0659621</coordinates></Point></Placemark><Placemark><name>Protezione civile</name><ExtendedData><Data name="@id"><value>way/205856027</value></Data><Data name="amenity"><value>social_centre</value></Data><Data name="building"><value>yes</value></Data><Data name="name"><value>Protezione civile</value></Data><Data name="source"><value>Regione Liguria</value></Data><Data name="@geometry"><value>center</value></Data></ExtendedData><Point><coordinates>9.8351366,44.065932</coordinates></Point></Placemark><Placemark><name>Centro Educazione Ambientale</name><ExtendedData><Data name="@id"><value>way/205857805</value></Data><Data name="amenity"><value>community_centre</value></Data><Data name="building"><value>yes</value></Data><Data name="name"><value>Centro Educazione Ambientale</value></Data><Data name="source"><value>Regione Liguria</value></Data><Data name="@geometry"><value>center</value></Data></ExtendedData><Point><coordinates>9.8399257,44.0423754</coordinates></Point></Placemark><Placemark><name>Centro Sociale L'Incontro</name><ExtendedData><Data name="@id"><value>way/205894895</value></Data><Data name="amenity"><value>nightclub</value></Data><Data name="building"><value>yes</value></Data><Data name="name"><value>Centro Sociale L'Incontro</value></Data><Data name="@geometry"><value>center</value></Data></ExtendedData><Point><coordinates>13.026108,43.541095</coordinates></Point></Placemark><Placemark><name>Sala civica &quot;Giovanni Paolo II&quot;</name><ExtendedData><Data name="@id"><value>way/206391956</value></Data><Data name="addr:city"><value>Somma Lombardo</value></Data><Data name="addr:country"><value>IT</value></Data><Data name="addr:housenumber"><value>6</value></Data><Data name="addr:postcode"><value>21019</value></Data><Data name="addr:street"><value>Via Guglielmo Marconi</value></Data><Data name="amenity"><value>community_centre</value></Data><Data name="building"><value>public</value></Data><Data name="name"><value>Sala civica &quot;Giovanni Paolo II&quot;</value></Data><Data name="operator"><value>Comune di Somma Lombardo</value></Data><Data name="@geometry"><value>center</value></Data></ExtendedData><Point><coordinates>8.7113053,45.6807648</coordinates></Point></Placemark><Placemark><name>Ryan's Club</name><ExtendedData><Data name="@id"><value>way/206632970</value></Data><Data name="opening_hours:covid19"><value>closed</value></Data><Data name="addr:city"><value>Novara</value></Data><Data name="addr:postcode"><value>28100</value></Data><Data name="amenity"><value>nightclub</value></Data><Data name="building"><value>yes</value></Data><Data name="name"><value>Ryan's Club</value></Data><Data name="website"><value>https://www.ryans.it</value></Data><Data name="@geometry"><value>center</value></Data></ExtendedData><Point><coordinates>8.615913,45.4477462</coordinates></Point></Placemark><Placemark><name>Etoile Club</name><ExtendedData><Data name="@id"><value>way/206635675</value></Data><Data name="name"><value>Etoile Club</value></Data><Data name="building"><value>yes</value></Data><Data name="addr:city"><value>Cassinetta di Lugagnano</value></Data><Data name="addr:housenumber"><value>16</value></Data><Data name="addr:postcode"><value>20081</value></Data><Data name="addr:street"><value>Viale Lombardia</value></Data><Data name="amenity"><value>nightclub</value></Data><Data name="@geometry"><value>center</value></Data></ExtendedData><Point><coordinates>8.8999401,45.4191398</coordinates></Point></Placemark><Placemark><name>CSOA Gabrio (ex-Scuola Media Statale Pezzani)</name><ExtendedData><Data name="@id"><value>way/206983659</value></Data><Data name="website"><value>https://gabrio.noblogs.org/</value></Data><Data name="amenity"><value>social_centre</value></Data><Data name="building"><value>yes</value></Data><Data name="name"><value>CSOA Gabrio (ex-Scuola Media Statale Pezzani)</value></Data><Data name="@geometry"><value>center</value></Data></ExtendedData><Point><coordinates>7.6488464,45.0591398</coordinates></Point></Placemark><Placemark><name>Teatro S.O.M.S.I.</name><ExtendedData><Data name="@id"><value>way/208468322</value></Data><Data name="amenity"><value>community_centre</value></Data><Data name="building"><value>yes</value></Data><Data name="name"><value>Teatro S.O.M.S.I.</value></Data><Data name="@geometry"><value>center</value></Data></ExtendedData><Point><coordinates>8.4370368,45.7466917</coordinates></Point></Placemark><Placemark><name>Centro Sociale Autogestito Vasca di Corbelli</name><ExtendedData><Data name="@id"><value>way/208597845</value></Data><Data name="addr:city"><value>Reggio nell'Emilia</value></Data><Data name="addr:housenumber"><value>29</value></Data><Data name="addr:postcode"><value>42123</value></Data><Data name="addr:street"><value>Via della Repubblica</value></Data><Data name="amenity"><value>community_centre</value></Data><Data name="building"><value>yes</value></Data><Data name="name"><value>Centro Sociale Autogestito Vasca di Corbelli</value></Data><Data name="@geometry"><value>center</value></Data></ExtendedData><Point><coordinates>10.5839734,44.6436114</coordinates></Point></Placemark><Placemark><name>Vereinshaus Welschnofen</name><ExtendedData><Data name="@id"><value>way/208619673</value></Data><Data name="name"><value>Vereinshaus Welschnofen</value></Data><Data name="building"><value>yes</value></Data><Data name="amenity"><value>community_centre</value></Data><Data name="operator"><value>Gemeinde Welschnofen</value></Data><Data name="@geometry"><value>center</value></Data></ExtendedData><Point><coordinates>11.5364593,46.4300407</coordinates></Point></Placemark><Placemark><name>Centro polifunzionale &quot;Loris Doriano Romano&quot;</name><ExtendedData><Data name="@id"><value>way/209028320</value></Data><Data name="amenity"><value>community_centre</value></Data><Data name="building"><value>civic</value></Data><Data name="name"><value>Centro polifunzionale &quot;Loris Doriano Romano&quot;</value></Data><Data name="@geometry"><value>center</value></Data></ExtendedData><Point><coordinates>11.352619,45.1591066</coordinates></Point></Placemark><Placemark><name>Luna Rossa</name><ExtendedData><Data name="@id"><value>way/209094577</value></Data><Data name="website"><value>https://www.discotecalunarossa.com</value></Data><Data name="name"><value>Luna Rossa</value></Data><Data name="building"><value>yes</value></Data><Data name="amenity"><value>nightclub</value></Data><Data name="@geometry"><value>center</value></Data></ExtendedData><Point><coordinates>8.7314278,44.8412566</coordinates></Point></Placemark><Placemark><name>Associazione Nazionale Alpini gruppo di Faedis</name><ExtendedData><Data name="@id"><value>way/209388305</value></Data><Data name="amenity"><value>social_centre</value></Data><Data name="building"><value>yes</value></Data><Data name="name"><value>Associazione Nazionale Alpini gruppo di Faedis</value></Data><Data name="@geometry"><value>center</value></Data></ExtendedData><Point><coordinates>13.3459275,46.148959</coordinates></Point></Placemark><Placemark><ExtendedData><Data name="@id"><value>way/209558959</value></Data><Data name="amenity"><value>community_centre</value></Data><Data name="operator"><value>Partito Democratico</value></Data><Data name="source"><value>http://dati.emilia-romagna.it/dato/item/11-11-uso-del-suolo-2008.html</value></Data><Data name="@geometry"><value>center</value></Data></ExtendedData><Point><coordinates>10.8950947,44.6662721</coordinates></Point></Placemark><Placemark><name>Centro polifunzionale Dottor Giuseppe Toniolatti</name><ExtendedData><Data name="@id"><value>way/210297219</value></Data><Data name="amenity"><value>community_centre</value></Data><Data name="building"><value>yes</value></Data><Data name="name"><value>Centro polifunzionale Dottor Giuseppe Toniolatti</value></Data><Data name="@geometry"><value>center</value></Data></ExtendedData><Point><coordinates>11.5099789,46.0644593</coordinates></Point></Placemark><Placemark><name>Oratorio Centro Giovanile San Giovanni Bosco</name><ExtendedData><Data name="@id"><value>way/211038209</value></Data><Data name="amenity"><value>community_centre</value></Data><Data name="building"><value>yes</value></Data><Data name="community_centre"><value>parish_hall</value></Data><Data name="denomination"><value>catholic</value></Data><Data name="name"><value>Oratorio Centro Giovanile San Giovanni Bosco</value></Data><Data name="religion"><value>christian</value></Data><Data name="@geometry"><value>center</value></Data></ExtendedData><Point><coordinates>10.2667003,45.6510076</coordinates></Point></Placemark><Placemark><name>Associazione Amici degli Anziani;Caritas</name><ExtendedData><Data name="@id"><value>way/211188916</value></Data><Data name="amenity"><value>community_centre</value></Data><Data name="name"><value>Associazione Amici degli Anziani;Caritas</value></Data><Data name="@geometry"><value>center</value></Data></ExtendedData><Point><coordinates>10.2502889,45.6516496</coordinates></Point></Placemark><Placemark><name>Club 42</name><ExtendedData><Data name="@id"><value>way/211267860</value></Data><Data name="amenity"><value>nightclub</value></Data><Data name="building"><value>yes</value></Data><Data name="contact:facebook"><value>https://www.facebook.com/club42</value></Data><Data name="contact:phone"><value>+39 331 9899545</value></Data><Data name="name"><value>Club 42</value></Data><Data name="@geometry"><value>center</value></Data></ExtendedData><Point><coordinates>12.9211999,41.459784</coordinates></Point></Placemark><Placemark><name>Bürgerhaus</name><ExtendedData><Data name="@id"><value>way/211633046</value></Data><Data name="addr:country"><value>IT</value></Data><Data name="addr:city"><value>Martell</value></Data><Data name="addr:housenumber"><value>227</value></Data><Data name="addr:place"><value>Meiern</value></Data><Data name="addr:postcode"><value>39020</value></Data><Data name="amenity"><value>community_centre</value></Data><Data name="building"><value>yes</value></Data><Data name="name"><value>Bürgerhaus</value></Data><Data name="source"><value>bing</value></Data><Data name="@geometry"><value>center</value></Data></ExtendedData><Point><coordinates>10.7830298,46.5648519</coordinates></Point></Placemark><Placemark><ExtendedData><Data name="@id"><value>way/212005239</value></Data><Data name="amenity"><value>community_centre</value></Data><Data name="building"><value>yes</value></Data><Data name="operator"><value>Associazione La Turinella</value></Data><Data name="operator:type"><value>community</value></Data><Data name="@geometry"><value>center</value></Data></ExtendedData><Point><coordinates>7.2539466,44.8860913</coordinates></Point></Placemark><Placemark><name>Sala polivalente di Spera</name><ExtendedData><Data name="@id"><value>way/214411081</value></Data><Data name="amenity"><value>community_centre</value></Data><Data name="building"><value>yes</value></Data><Data name="name"><value>Sala polivalente di Spera</value></Data><Data name="@geometry"><value>center</value></Data></ExtendedData><Point><coordinates>11.5113807,46.0681385</coordinates></Point></Placemark><Placemark><name>Oratorio di San Grato</name><ExtendedData><Data name="@id"><value>way/215063889</value></Data><Data name="name"><value>Oratorio di San Grato</value></Data><Data name="amenity"><value>community_centre</value></Data><Data name="building"><value>yes</value></Data><Data name="@geometry"><value>center</value></Data></ExtendedData><Point><coordinates>8.1633617,45.3694309</coordinates></Point></Placemark><Placemark><name>Società Democratica Operia di Mutuo Soccorso</name><ExtendedData><Data name="@id"><value>way/215780670</value></Data><Data name="amenity"><value>social_centre</value></Data><Data name="building"><value>yes</value></Data><Data name="name"><value>Società Democratica Operia di Mutuo Soccorso</value></Data><Data name="source"><value>bing</value></Data><Data name="start_date"><value>1862</value></Data><Data name="@geometry"><value>center</value></Data></ExtendedData><Point><coordinates>9.4020325,46.3209796</coordinates></Point></Placemark><Placemark><name>Josef-Resch-Haus</name><ExtendedData><Data name="@id"><value>way/216550425</value></Data><Data name="amenity"><value>community_centre</value></Data><Data name="building"><value>yes</value></Data><Data name="name"><value>Josef-Resch-Haus</value></Data><Data name="@geometry"><value>center</value></Data></ExtendedData><Point><coordinates>12.2836581,46.7329753</coordinates></Point></Placemark><Placemark><name>Casa sociale Lanza</name><ExtendedData><Data name="@id"><value>way/217544422</value></Data><Data name="amenity"><value>social_centre</value></Data><Data name="building"><value>yes</value></Data><Data name="name"><value>Casa sociale Lanza</value></Data><Data name="source"><value>bing</value></Data><Data name="@geometry"><value>center</value></Data></ExtendedData><Point><coordinates>11.0314764,46.3595407</coordinates></Point></Placemark><Placemark><name>Oratorio San Domenico Savio</name><ExtendedData><Data name="@id"><value>way/218622245</value></Data><Data name="amenity"><value>community_centre</value></Data><Data name="building"><value>civic</value></Data><Data name="name"><value>Oratorio San Domenico Savio</value></Data><Data name="@geometry"><value>center</value></Data></ExtendedData><Point><coordinates>8.218279,44.9061908</coordinates></Point></Placemark><Placemark><name>Oratorio</name><ExtendedData><Data name="@id"><value>way/218642912</value></Data><Data name="amenity"><value>community_centre</value></Data><Data name="building"><value>yes</value></Data><Data name="name"><value>Oratorio</value></Data><Data name="@geometry"><value>center</value></Data></ExtendedData><Point><coordinates>8.464086,45.6752858</coordinates></Point></Placemark><Placemark><name>Centro per il Protagonismo Giovanile</name><ExtendedData><Data name="@id"><value>way/218698184</value></Data><Data name="amenity"><value>community_centre</value></Data><Data name="building"><value>public</value></Data><Data name="name"><value>Centro per il Protagonismo Giovanile</value></Data><Data name="@geometry"><value>center</value></Data></ExtendedData><Point><coordinates>9.4222209,45.4916027</coordinates></Point></Placemark><Placemark><name>Centro Polifunzionale</name><ExtendedData><Data name="@id"><value>way/218923782</value></Data><Data name="amenity"><value>community_centre</value></Data><Data name="building"><value>yes</value></Data><Data name="name"><value>Centro Polifunzionale</value></Data><Data name="@geometry"><value>center</value></Data></ExtendedData><Point><coordinates>11.5248389,46.0560708</coordinates></Point></Placemark><Placemark><name>Padiglione Argento</name><ExtendedData><Data name="@id"><value>way/219077878</value></Data><Data name="amenity"><value>community_centre</value></Data><Data name="building"><value>yes</value></Data><Data name="name"><value>Padiglione Argento</value></Data><Data name="operator"><value>Coop. Alce Rosso</value></Data><Data name="@geometry"><value>center</value></Data></ExtendedData><Point><coordinates>7.8659078,45.4508031</coordinates></Point></Placemark><Placemark><name>Padiglione Blu</name><ExtendedData><Data name="@id"><value>way/219077879</value></Data><Data name="amenity"><value>community_centre</value></Data><Data name="building"><value>yes</value></Data><Data name="name"><value>Padiglione Blu</value></Data><Data name="operator"><value>Coop. Alce Rosso</value></Data><Data name="@geometry"><value>center</value></Data></ExtendedData><Point><coordinates>7.8669306,45.4521564</coordinates></Point></Placemark><Placemark><name>Padiglione Oro</name><ExtendedData><Data name="@id"><value>way/219077880</value></Data><Data name="amenity"><value>community_centre</value></Data><Data name="building"><value>yes</value></Data><Data name="name"><value>Padiglione Oro</value></Data><Data name="operator"><value>Coop. Alce Rosso</value></Data><Data name="@geometry"><value>center</value></Data></ExtendedData><Point><coordinates>7.8664113,45.4508179</coordinates></Point></Placemark><Placemark><name>Padiglione Rosso</name><ExtendedData><Data name="@id"><value>way/219077881</value></Data><Data name="amenity"><value>community_centre</value></Data><Data name="building"><value>yes</value></Data><Data name="name"><value>Padiglione Rosso</value></Data><Data name="operator"><value>Coop. Alce Rosso</value></Data><Data name="@geometry"><value>center</value></Data></ExtendedData><Point><coordinates>7.8670786,45.451896</coordinates></Point></Placemark><Placemark><name>Padiglione Verde</name><ExtendedData><Data name="@id"><value>way/219077882</value></Data><Data name="amenity"><value>community_centre</value></Data><Data name="building"><value>yes</value></Data><Data name="name"><value>Padiglione Verde</value></Data><Data name="operator"><value>Coop. Alce Rosso</value></Data><Data name="@geometry"><value>center</value></Data></ExtendedData><Point><coordinates>7.8671852,45.4520761</coordinates></Point></Placemark><Placemark><ExtendedData><Data name="@id"><value>way/219077883</value></Data><Data name="amenity"><value>community_centre</value></Data><Data name="building"><value>yes</value></Data><Data name="operator"><value>Coop. Alce Rosso</value></Data><Data name="@geometry"><value>center</value></Data></ExtendedData><Point><coordinates>7.8661272,45.4519778</coordinates></Point></Placemark><Placemark><ExtendedData><Data name="@id"><value>way/219524330</value></Data><Data name="amenity"><value>community_centre</value></Data><Data name="@geometry"><value>center</value></Data></ExtendedData><Point><coordinates>7.8241842,45.5402977</coordinates></Point></Placemark><Placemark><name>Oratorio Padre Luigi Monti</name><ExtendedData><Data name="@id"><value>way/219677320</value></Data><Data name="amenity"><value>community_centre</value></Data><Data name="community_centre"><value>parish_hall</value></Data><Data name="denomination"><value>catholic</value></Data><Data name="name"><value>Oratorio Padre Luigi Monti</value></Data><Data name="religion"><value>christian</value></Data><Data name="@geometry"><value>center</value></Data></ExtendedData><Point><coordinates>9.1461661,45.6104399</coordinates></Point></Placemark><Placemark><name>Associazione Culturale Casale Podere Rosa</name><ExtendedData><Data name="@id"><value>way/219800322</value></Data><Data name="amenity"><value>social_centre</value></Data><Data name="barrier"><value>fence</value></Data><Data name="email"><value>info@casalepodererosa.org</value></Data><Data name="name"><value>Associazione Culturale Casale Podere Rosa</value></Data><Data name="phone"><value>+39 06 8271545</value></Data><Data name="website"><value>http://.casalepodererosa.org</value></Data><Data name="wheelchair"><value>yes</value></Data><Data name="@geometry"><value>center</value></Data></ExtendedData><Point><coordinates>12.5651807,41.9439697</coordinates></Point></Placemark><Placemark><name>Haus der Dorfgemeinschaft</name><ExtendedData><Data name="@id"><value>way/220074990</value></Data><Data name="amenity"><value>community_centre</value></Data><Data name="building"><value>yes</value></Data><Data name="name"><value>Haus der Dorfgemeinschaft</value></Data><Data name="@geometry"><value>center</value></Data></ExtendedData><Point><coordinates>11.5490147,46.6695719</coordinates></Point></Placemark><Placemark><name>Centro Don Luciano Lilla</name><ExtendedData><Data name="@id"><value>way/220205760</value></Data><Data name="amenity"><value>community_centre</value></Data><Data name="building"><value>yes</value></Data><Data name="name"><value>Centro Don Luciano Lilla</value></Data><Data name="@geometry"><value>center</value></Data></ExtendedData><Point><coordinates>8.4960131,45.6908372</coordinates></Point></Placemark><Placemark><name>Zen</name><ExtendedData><Data name="@id"><value>way/220341179</value></Data><Data name="amenity"><value>nightclub</value></Data><Data name="building"><value>yes</value></Data><Data name="name"><value>Zen</value></Data><Data name="@geometry"><value>center</value></Data></ExtendedData><Point><coordinates>17.1503895,39.0438762</coordinates></Point></Placemark><Placemark><ExtendedData><Data name="@id"><value>way/220948099</value></Data><Data name="building"><value>yes</value></Data><Data name="amenity"><value>community_centre</value></Data><Data name="@geometry"><value>center</value></Data></ExtendedData><Point><coordinates>12.6843671,41.818408</coordinates></Point></Placemark><Placemark><ExtendedData><Data name="@id"><value>way/221495307</value></Data><Data name="amenity"><value>community_centre</value></Data><Data name="building"><value>public</value></Data><Data name="@geometry"><value>center</value></Data></ExtendedData><Point><coordinates>8.9202718,39.4245724</coordinates></Point></Placemark><Placemark><ExtendedData><Data name="@id"><value>way/221572883</value></Data><Data name="amenity"><value>community_centre</value></Data><Data name="building"><value>yes</value></Data><Data name="@geometry"><value>center</value></Data></ExtendedData><Point><coordinates>8.2673836,45.8412956</coordinates></Point></Placemark><Placemark><name>Oratorio Pio XI</name><ExtendedData><Data name="@id"><value>way/222022165</value></Data><Data name="amenity"><value>community_centre</value></Data><Data name="club"><value>religion</value></Data><Data name="denomination"><value>catholic</value></Data><Data name="name"><value>Oratorio Pio XI</value></Data><Data name="religion"><value>christian</value></Data><Data name="social_facility:for"><value>juvenile</value></Data><Data name="@geometry"><value>center</value></Data></ExtendedData><Point><coordinates>9.2212282,45.5498782</coordinates></Point></Placemark><Placemark><name>Centro Culturale &quot;Gabriella Ferri&quot;</name><ExtendedData><Data name="@id"><value>way/222427886</value></Data><Data name="amenity"><value>community_centre</value></Data><Data name="name"><value>Centro Culturale &quot;Gabriella Ferri&quot;</value></Data><Data name="wheelchair"><value>yes</value></Data><Data name="@geometry"><value>center</value></Data></ExtendedData><Point><coordinates>12.5390123,41.9104219</coordinates></Point></Placemark><Placemark><name>Centro Sociale</name><ExtendedData><Data name="@id"><value>way/222733861</value></Data><Data name="name"><value>Centro Sociale</value></Data><Data name="amenity"><value>community_centre</value></Data><Data name="@geometry"><value>center</value></Data></ExtendedData><Point><coordinates>14.6101844,40.817608</coordinates></Point></Placemark><Placemark><name>La Villa</name><ExtendedData><Data name="@id"><value>way/222907440</value></Data><Data name="amenity"><value>nightclub</value></Data><Data name="name"><value>La Villa</value></Data><Data name="@geometry"><value>center</value></Data></ExtendedData><Point><coordinates>12.3157373,44.3004769</coordinates></Point></Placemark><Placemark><name>Bikini Disco Dinner</name><ExtendedData><Data name="@id"><value>way/223662186</value></Data><Data name="addr:city"><value>Cattolica</value></Data><Data name="addr:postcode"><value>47841</value></Data><Data name="addr:street"><value>Corso Italia</value></Data><Data name="amenity"><value>nightclub</value></Data><Data name="building"><value>yes</value></Data><Data name="name"><value>Bikini Disco Dinner</value></Data><Data name="rer_edi_id:ref"><value>32f36002-d900-4ab4-bef0-daa505978d9b</value></Data><Data name="source"><value>Regione Emilia Romagna</value></Data><Data name="website"><value>https://www.bikinidiscodinner.com/</value></Data><Data name="@geometry"><value>center</value></Data></ExtendedData><Point><coordinates>12.7220514,43.9710658</coordinates></Point></Placemark><Placemark><name>Pascià</name><ExtendedData><Data name="@id"><value>way/223736681</value></Data><Data name="amenity"><value>nightclub</value></Data><Data name="building"><value>yes</value></Data><Data name="name"><value>Pascià</value></Data><Data name="opening_hours:signed"><value>no</value></Data><Data name="rer_edi_id:ref"><value>6c1429a3-2f8b-4386-b1f7-2ca2a21862f2</value></Data><Data name="source"><value>Regione Emilia Romagna</value></Data><Data name="@geometry"><value>center</value></Data></ExtendedData><Point><coordinates>12.652883,43.9892926</coordinates></Point></Placemark><Placemark><name>Nikka</name><ExtendedData><Data name="@id"><value>way/223736752</value></Data><Data name="amenity"><value>nightclub</value></Data><Data name="building"><value>yes</value></Data><Data name="name"><value>Nikka</value></Data><Data name="rer_edi_id:ref"><value>29ef3d99-b48f-4232-a4e2-d56aaaec5f7f</value></Data><Data name="source"><value>Regione Emilia Romagna</value></Data><Data name="@geometry"><value>center</value></Data></ExtendedData><Point><coordinates>12.6474822,44.0124</coordinates></Point></Placemark><Placemark><name>Cocoricò</name><ExtendedData><Data name="@id"><value>way/223737211</value></Data><Data name="website"><value>http://www.cocorico.it</value></Data><Data name="wikipedia"><value>en:Cocoricò (nightclub)</value></Data><Data name="wikidata"><value>Q3681996</value></Data><Data name="source"><value>Regione Emilia Romagna</value></Data><Data name="rer_edi_id:ref"><value>fcf74b46-3890-4468-9f6d-05907aeeae87</value></Data><Data name="name"><value>Cocoricò</value></Data><Data name="building"><value>yes</value></Data><Data name="amenity"><value>nightclub</value></Data><Data name="addr:street"><value>Viale Chieti</value></Data><Data name="addr:housenumber"><value>44</value></Data><Data name="@geometry"><value>center</value></Data></ExtendedData><Point><coordinates>12.6569057,43.9873391</coordinates></Point></Placemark><Placemark><name>Peter Pan</name><ExtendedData><Data name="@id"><value>way/223737518</value></Data><Data name="opening_hours"><value>&quot;Only for specific events&quot;</value></Data><Data name="name"><value>Peter Pan</value></Data><Data name="addr:housenumber"><value>161</value></Data><Data name="addr:street"><value>Via Scacciano</value></Data><Data name="amenity"><value>nightclub</value></Data><Data name="building"><value>yes</value></Data><Data name="@geometry"><value>center</value></Data></ExtendedData><Point><coordinates>12.6605177,43.9827232</coordinates></Point></Placemark><Placemark><name>Pascià</name><ExtendedData><Data name="@id"><value>way/223750367</value></Data><Data name="amenity"><value>nightclub</value></Data><Data name="building"><value>yes</value></Data><Data name="name"><value>Pascià</value></Data><Data name="opening_hours:signed"><value>no</value></Data><Data name="rer_edi_id:ref"><value>bcd7a464-7eac-42b2-9dcf-28eb6fef7ecb</value></Data><Data name="source"><value>Regione Emilia Romagna</value></Data><Data name="@geometry"><value>center</value></Data></ExtendedData><Point><coordinates>12.652623,43.9893194</coordinates></Point></Placemark><Placemark><name>Altromondo Studios</name><ExtendedData><Data name="@id"><value>way/223811479</value></Data><Data name="name"><value>Altromondo Studios</value></Data><Data name="amenity"><value>nightclub</value></Data><Data name="building"><value>yes</value></Data><Data name="rer_edi_id:ref"><value>f673593b-8312-4009-b53c-884ea4ce7fdd</value></Data><Data name="source"><value>Regione Emilia Romagna</value></Data><Data name="@geometry"><value>center</value></Data></ExtendedData><Point><coordinates>12.6167551,44.0259649</coordinates></Point></Placemark><Placemark><name>Casa Pomposa</name><ExtendedData><Data name="@id"><value>way/223832833</value></Data><Data name="amenity"><value>community_centre</value></Data><Data name="building"><value>yes</value></Data><Data name="name"><value>Casa Pomposa</value></Data><Data name="rer_edi_id:ref"><value>81099d00-cde5-4f66-9f7c-10503f6356c6</value></Data><Data name="source"><value>Regione Emilia Romagna</value></Data><Data name="@geometry"><value>center</value></Data></ExtendedData><Point><coordinates>12.5668685,44.0429443</coordinates></Point></Placemark><Placemark><name>Centro Sociale GrottaRossa</name><ExtendedData><Data name="@id"><value>way/223841055</value></Data><Data name="name"><value>Centro Sociale GrottaRossa</value></Data><Data name="amenity"><value>community_centre</value></Data><Data name="building"><value>yes</value></Data><Data name="rer_edi_id:ref"><value>5c6ed880-957c-4058-978a-a75b933849ae</value></Data><Data name="source"><value>Regione Emilia Romagna</value></Data><Data name="@geometry"><value>center</value></Data></ExtendedData><Point><coordinates>12.5591867,44.0373289</coordinates></Point></Placemark><Placemark><name>Colonia Elioterapica</name><ExtendedData><Data name="@id"><value>way/224107485</value></Data><Data name="amenity"><value>community_centre</value></Data><Data name="historic"><value>yes</value></Data><Data name="name"><value>Colonia Elioterapica</value></Data><Data name="wikidata"><value>Q23671511</value></Data><Data name="wikipedia"><value>it:Colonia elioterapica (Busto Arsizio)</value></Data><Data name="@geometry"><value>center</value></Data></ExtendedData><Point><coordinates>8.855733,45.5969166</coordinates></Point></Placemark><Placemark><name>Centro culturale</name><ExtendedData><Data name="@id"><value>way/224111704</value></Data><Data name="amenity"><value>community_centre</value></Data><Data name="building"><value>yes</value></Data><Data name="name"><value>Centro culturale</value></Data><Data name="@geometry"><value>center</value></Data></ExtendedData><Point><coordinates>8.0025945,45.4624916</coordinates></Point></Placemark><Placemark><name>Sala Paggi/Centro Sociale Bassano</name><ExtendedData><Data name="@id"><value>way/224150073</value></Data><Data name="amenity"><value>community_centre</value></Data><Data name="building"><value>yes</value></Data><Data name="name"><value>Sala Paggi/Centro Sociale Bassano</value></Data><Data name="@geometry"><value>center</value></Data></ExtendedData><Point><coordinates>8.2475234,45.3508002</coordinates></Point></Placemark><Placemark><name>Centro Anziani</name><ExtendedData><Data name="@id"><value>way/224261348</value></Data><Data name="amenity"><value>community_centre</value></Data><Data name="building"><value>yes</value></Data><Data name="name"><value>Centro Anziani</value></Data><Data name="@geometry"><value>center</value></Data></ExtendedData><Point><coordinates>12.8038562,41.8206739</coordinates></Point></Placemark><Placemark><name>Circolo Ricreativo di Sant'Anna</name><ExtendedData><Data name="@id"><value>way/224320837</value></Data><Data name="amenity"><value>community_centre</value></Data><Data name="building"><value>yes</value></Data><Data name="name"><value>Circolo Ricreativo di Sant'Anna</value></Data><Data name="@geometry"><value>center</value></Data></ExtendedData><Point><coordinates>8.2986608,44.8687601</coordinates></Point></Placemark><Placemark><name>C.S.O.A. eXSnia Viscosa</name><ExtendedData><Data name="@id"><value>way/224493492</value></Data><Data name="amenity"><value>community_centre</value></Data><Data name="name"><value>C.S.O.A. eXSnia Viscosa</value></Data><Data name="@geometry"><value>center</value></Data></ExtendedData><Point><coordinates>12.5353571,41.8931214</coordinates></Point></Placemark><Placemark><name>Oratorio</name><ExtendedData><Data name="@id"><value>way/224728234</value></Data><Data name="amenity"><value>community_centre</value></Data><Data name="community_centre"><value>youth_centre</value></Data><Data name="community_centre:for"><value>juvenile</value></Data><Data name="leisure"><value>playground</value></Data><Data name="name"><value>Oratorio</value></Data><Data name="@geometry"><value>center</value></Data></ExtendedData><Point><coordinates>9.2305179,46.0439149</coordinates></Point></Placemark><Placemark><name>Parrocchia S Pietro</name><ExtendedData><Data name="@id"><value>way/224875800</value></Data><Data name="addr:housenumber"><value>121</value></Data><Data name="addr:street"><value>Strada Amerina</value></Data><Data name="amenity"><value>community_centre</value></Data><Data name="community_centre"><value>parish_hall</value></Data><Data name="description:it"><value>Oratorio parrocchiale</value></Data><Data name="name"><value>Parrocchia S Pietro</value></Data><Data name="operator"><value>Parrocchia san Pietro apostolo Fornole</value></Data><Data name="@geometry"><value>center</value></Data></ExtendedData><Point><coordinates>12.4553665,42.5427952</coordinates></Point></Placemark><Placemark><name>Oratorio maschile San Luigi</name><ExtendedData><Data name="@id"><value>way/224876938</value></Data><Data name="addr:city"><value>Somma Lombardo</value></Data><Data name="addr:country"><value>IT</value></Data><Data name="addr:housenumber"><value>63</value></Data><Data name="addr:street"><value>Via Goffredo Mameli</value></Data><Data name="amenity"><value>community_centre</value></Data><Data name="building"><value>parish</value></Data><Data name="building:levels"><value>2</value></Data><Data name="name"><value>Oratorio maschile San Luigi</value></Data><Data name="wheelchair"><value>yes</value></Data><Data name="@geometry"><value>center</value></Data></ExtendedData><Point><coordinates>8.7105884,45.6857165</coordinates></Point></Placemark><Placemark><name>Moarhof</name><ExtendedData><Data name="@id"><value>way/224927701</value></Data><Data name="amenity"><value>community_centre</value></Data><Data name="building"><value>yes</value></Data><Data name="name"><value>Moarhof</value></Data><Data name="@geometry"><value>center</value></Data></ExtendedData><Point><coordinates>11.141483,46.6886509</coordinates></Point></Placemark><Placemark><name>Mercati Generali</name><ExtendedData><Data name="@id"><value>way/224932116</value></Data><Data name="amenity"><value>nightclub</value></Data><Data name="building"><value>yes</value></Data><Data name="contact:fax"><value>+39 095435764</value></Data><Data name="contact:phone"><value>+39 095571458</value></Data><Data name="email"><value>info@mercatigenerali.org</value></Data><Data name="name"><value>Mercati Generali</value></Data><Data name="website"><value>http://www.mercatigenerali.org/</value></Data><Data name="@geometry"><value>center</value></Data></ExtendedData><Point><coordinates>14.9953178,37.4555451</coordinates></Point></Placemark><Placemark><name>Oratorio di Mezzana</name><ExtendedData><Data name="@id"><value>way/225025422</value></Data><Data name="addr:city"><value>Somma Lombardo</value></Data><Data name="amenity"><value>community_centre</value></Data><Data name="building"><value>parish</value></Data><Data name="name"><value>Oratorio di Mezzana</value></Data><Data name="wheelchair"><value>yes</value></Data><Data name="@geometry"><value>center</value></Data></ExtendedData><Point><coordinates>8.7186248,45.6884651</coordinates></Point></Placemark><Placemark><ExtendedData><Data name="@id"><value>way/225042886</value></Data><Data name="amenity"><value>community_centre</value></Data><Data name="building"><value>yes</value></Data><Data name="@geometry"><value>center</value></Data></ExtendedData><Point><coordinates>9.2280872,46.0417816</coordinates></Point></Placemark><Placemark><name>Centro Civico Culturale</name><ExtendedData><Data name="@id"><value>way/225171599</value></Data><Data name="amenity"><value>community_centre</value></Data><Data name="building"><value>public</value></Data><Data name="name"><value>Centro Civico Culturale</value></Data><Data name="@geometry"><value>center</value></Data></ExtendedData><Point><coordinates>10.1887688,45.6729647</coordinates></Point></Placemark><Placemark><name>Club Partenopeo</name><ExtendedData><Data name="@id"><value>way/226413172</value></Data><Data name="amenity"><value>nightclub</value></Data><Data name="building"><value>yes</value></Data><Data name="name"><value>Club Partenopeo</value></Data><Data name="@geometry"><value>center</value></Data></ExtendedData><Point><coordinates>14.1748239,40.8022505</coordinates></Point></Placemark><Placemark><name>Mehrzweckgebäude - Polifunzionale</name><ExtendedData><Data name="@id"><value>way/227401812</value></Data><Data name="amenity"><value>community_centre</value></Data><Data name="building"><value>public</value></Data><Data name="name"><value>Mehrzweckgebäude - Polifunzionale</value></Data><Data name="name:de"><value>Mehrzweckgebäude</value></Data><Data name="name:it"><value>Polifunzionale</value></Data><Data name="@geometry"><value>center</value></Data></ExtendedData><Point><coordinates>11.249632,46.5281335</coordinates></Point></Placemark><Placemark><name>Oratorio Sant'Andrea Pioltello</name><ExtendedData><Data name="@id"><value>way/227483375</value></Data><Data name="amenity"><value>community_centre</value></Data><Data name="barrier"><value>fence</value></Data><Data name="name"><value>Oratorio Sant'Andrea Pioltello</value></Data><Data name="@geometry"><value>center</value></Data></ExtendedData><Point><coordinates>9.3298911,45.4997812</coordinates></Point></Placemark><Placemark><name>Oratorio di San Rocco</name><ExtendedData><Data name="@id"><value>way/228075317</value></Data><Data name="amenity"><value>community_centre</value></Data><Data name="building"><value>parish</value></Data><Data name="name"><value>Oratorio di San Rocco</value></Data><Data name="@geometry"><value>center</value></Data></ExtendedData><Point><coordinates>8.6562447,45.6961657</coordinates></Point></Placemark><Placemark><name>Centro Giovani #Kairos</name><ExtendedData><Data name="@id"><value>way/228758110</value></Data><Data name="addr:city"><value>Pergine</value></Data><Data name="addr:country"><value>IT</value></Data><Data name="addr:housenumber"><value>11</value></Data><Data name="addr:postcode"><value>38057</value></Data><Data name="addr:street"><value>Via Amstetten</value></Data><Data name="amenity"><value>community_centre</value></Data><Data name="building"><value>yes</value></Data><Data name="name"><value>Centro Giovani #Kairos</value></Data><Data name="opening_hours"><value>Mo 09:00-12:00,15:00-19:00; Tu,We 09:00-12:00,14:00-19:00; Th,Fr 15:00-19:00</value></Data><Data name="website"><value>http://www.tidounadritta.eu/centro-kairos/centro-kairos.html</value></Data><Data name="@geometry"><value>center</value></Data></ExtendedData><Point><coordinates>11.2298089,46.0665118</coordinates></Point></Placemark><Placemark><name>Oratorio Giovanile</name><ExtendedData><Data name="@id"><value>way/229599150</value></Data><Data name="amenity"><value>community_centre</value></Data><Data name="name"><value>Oratorio Giovanile</value></Data><Data name="@geometry"><value>center</value></Data></ExtendedData><Point><coordinates>7.3855897,44.654555</coordinates></Point></Placemark><Placemark><name>Centro Anziani Rocca di Papa</name><ExtendedData><Data name="@id"><value>way/229666177</value></Data><Data name="addr:street"><value>Via dei Campi di Annibale</value></Data><Data name="amenity"><value>community_centre</value></Data><Data name="building"><value>yes</value></Data><Data name="name"><value>Centro Anziani Rocca di Papa</value></Data><Data name="operator"><value>Comune di Rocca di Papa</value></Data><Data name="@geometry"><value>center</value></Data></ExtendedData><Point><coordinates>12.7137872,41.7617485</coordinates></Point></Placemark><Placemark><name>Vereinshaus</name><ExtendedData><Data name="@id"><value>way/229782866</value></Data><Data name="addr:street"><value>Ackerweg</value></Data><Data name="name"><value>Vereinshaus</value></Data><Data name="building"><value>yes</value></Data><Data name="addr:city"><value>Barbian - Barbiano</value></Data><Data name="addr:housenumber"><value>6,7,8,9,10</value></Data><Data name="addr:postcode"><value>39040</value></Data><Data name="amenity"><value>community_centre</value></Data><Data name="@geometry"><value>center</value></Data></ExtendedData><Point><coordinates>11.5211171,46.604798</coordinates></Point></Placemark><Placemark><name>Palazzo delle Scuole</name><ExtendedData><Data name="@id"><value>way/230267524</value></Data><Data name="amenity"><value>community_centre</value></Data><Data name="building"><value>school</value></Data><Data name="name"><value>Palazzo delle Scuole</value></Data><Data name="@geometry"><value>center</value></Data></ExtendedData><Point><coordinates>11.6366094,45.6648016</coordinates></Point></Placemark><Placemark><name>Centro Incontri / Centro Anziani</name><ExtendedData><Data name="@id"><value>way/230406775</value></Data><Data name="roof:shape"><value>hipped</value></Data><Data name="building"><value>yes</value></Data><Data name="roof:colour"><value>#876D5D</value></Data><Data name="opening_hours"><value>Jun-Aug Mo-Su 15:00-18:30; Dec-Feb Mo-Su 14:30-18:00</value></Data><Data name="name"><value>Centro Incontri / Centro Anziani</value></Data><Data name="amenity"><value>community_centre</value></Data><Data name="building:levels"><value>2</value></Data><Data name="community_centre:for"><value>senior</value></Data><Data name="inscription"><value>MATTATOIO CIVICO</value></Data><Data name="@geometry"><value>center</value></Data></ExtendedData><Point><coordinates>8.4201186,45.3324624</coordinates></Point></Placemark><Placemark><ExtendedData><Data name="@id"><value>way/230471910</value></Data><Data name="amenity"><value>nightclub</value></Data><Data name="building"><value>yes</value></Data><Data name="@geometry"><value>center</value></Data></ExtendedData><Point><coordinates>10.7250866,45.5467744</coordinates></Point></Placemark><Placemark><ExtendedData><Data name="@id"><value>way/231243454</value></Data><Data name="amenity"><value>community_centre</value></Data><Data name="building"><value>yes</value></Data><Data name="@geometry"><value>center</value></Data></ExtendedData><Point><coordinates>15.0228752,37.6179234</coordinates></Point></Placemark><Placemark><ExtendedData><Data name="@id"><value>way/231243456</value></Data><Data name="amenity"><value>community_centre</value></Data><Data name="building"><value>yes</value></Data><Data name="@geometry"><value>center</value></Data></ExtendedData><Point><coordinates>15.0228193,37.6180737</coordinates></Point></Placemark><Placemark><name>Associazione Giardini Luzzati</name><ExtendedData><Data name="@id"><value>way/231373938</value></Data><Data name="amenity"><value>community_centre</value></Data><Data name="building"><value>yes</value></Data><Data name="name"><value>Associazione Giardini Luzzati</value></Data><Data name="@geometry"><value>center</value></Data></ExtendedData><Point><coordinates>8.9322238,44.4052427</coordinates></Point></Placemark><Placemark><name>Blu Bay</name><ExtendedData><Data name="@id"><value>way/232016775</value></Data><Data name="website"><value>http://www.blubaydiscoteca.it/home.asp</value></Data><Data name="name"><value>Blu Bay</value></Data><Data name="amenity"><value>nightclub</value></Data><Data name="@geometry"><value>center</value></Data></ExtendedData><Point><coordinates>18.4291612,40.0192574</coordinates></Point></Placemark><Placemark><name>Oratorio</name><ExtendedData><Data name="@id"><value>way/232875640</value></Data><Data name="addr:city"><value>San Bassano</value></Data><Data name="addr:housenumber"><value>51</value></Data><Data name="addr:postcode"><value>26020</value></Data><Data name="addr:street"><value>Via Roma</value></Data><Data name="amenity"><value>community_centre</value></Data><Data name="denomination"><value>catholic</value></Data><Data name="email"><value>oratorio.sb@libero.it</value></Data><Data name="name"><value>Oratorio</value></Data><Data name="religion"><value>christian</value></Data><Data name="@geometry"><value>center</value></Data></ExtendedData><Point><coordinates>9.807773,45.2429412</coordinates></Point></Placemark><Placemark><name>Centro polifunzionale</name><ExtendedData><Data name="@id"><value>way/233266022</value></Data><Data name="amenity"><value>community_centre</value></Data><Data name="building"><value>yes</value></Data><Data name="name"><value>Centro polifunzionale</value></Data><Data name="@geometry"><value>center</value></Data></ExtendedData><Point><coordinates>11.5244096,46.0808576</coordinates></Point></Placemark><Placemark><name>Comunità Il Montebello</name><ExtendedData><Data name="@id"><value>way/233432906</value></Data><Data name="amenity"><value>social_centre</value></Data><Data name="building"><value>yes</value></Data><Data name="name"><value>Comunità Il Montebello</value></Data><Data name="website"><value>http://comunitaefamiglia.org/luoghi/comunita-di-famiglie-2/montebello-di-limbiate</value></Data><Data name="@geometry"><value>center</value></Data></ExtendedData><Point><coordinates>9.1285415,45.6161653</coordinates></Point></Placemark><Placemark><name>Oratorio San Luigi</name><ExtendedData><Data name="@id"><value>way/233446462</value></Data><Data name="alt_name"><value>Oratorio centrale di Garbagnate Milanese</value></Data><Data name="amenity"><value>community_centre</value></Data><Data name="community_centre"><value>youth_centre</value></Data><Data name="name"><value>Oratorio San Luigi</value></Data><Data name="network"><value>Oratori di Garbagnate</value></Data><Data name="network:website"><value>https://sites.google.com/oratorigarbagnate.com/</value></Data><Data name="opening_hours"><value>Mo-Su 16:00-19:00</value></Data><Data name="short_name"><value>SEM</value></Data><Data name="url"><value>https://sites.google.com/oratorigarbagnate.com/home/chi-siamo</value></Data><Data name="@geometry"><value>center</value></Data></ExtendedData><Point><coordinates>9.0767897,45.5750281</coordinates></Point></Placemark><Placemark><name>Bollicine</name><ExtendedData><Data name="@id"><value>way/233526124</value></Data><Data name="name"><value>Bollicine</value></Data><Data name="amenity"><value>nightclub</value></Data><Data name="@geometry"><value>center</value></Data></ExtendedData><Point><coordinates>12.6765464,43.9918914</coordinates></Point></Placemark><Placemark><name>Casale Rosso</name><ExtendedData><Data name="@id"><value>way/233997226</value></Data><Data name="addr:city"><value>Roma</value></Data><Data name="addr:housenumber"><value>103</value></Data><Data name="addr:postcode"><value>00132</value></Data><Data name="addr:street"><value>Via Raoul Chiodelli</value></Data><Data name="amenity"><value>community_centre</value></Data><Data name="building"><value>yes</value></Data><Data name="building:levels"><value>2</value></Data><Data name="name"><value>Casale Rosso</value></Data><Data name="operator"><value>Associazione Papillon Rebibbia</value></Data><Data name="operator:type"><value>association</value></Data><Data name="@geometry"><value>center</value></Data></ExtendedData><Point><coordinates>12.6609708,41.909416</coordinates></Point></Placemark><Placemark><name>Centro Incontro Anziani - Biella</name><ExtendedData><Data name="@id"><value>way/234866397</value></Data><Data name="amenity"><value>community_centre</value></Data><Data name="building"><value>yes</value></Data><Data name="name"><value>Centro Incontro Anziani - Biella</value></Data><Data name="@geometry"><value>center</value></Data></ExtendedData><Point><coordinates>8.0490802,45.5591235</coordinates></Point></Placemark><Placemark><name>Centro buon vicinato</name><ExtendedData><Data name="@id"><value>way/235021880</value></Data><Data name="amenity"><value>community_centre</value></Data><Data name="building"><value>yes</value></Data><Data name="name"><value>Centro buon vicinato</value></Data><Data name="@geometry"><value>center</value></Data></ExtendedData><Point><coordinates>12.6735952,43.9876691</coordinates></Point></Placemark><Placemark><name>Centro Sociale Don Giovanni Lerose</name><ExtendedData><Data name="@id"><value>way/235473353</value></Data><Data name="amenity"><value>community_centre</value></Data><Data name="building"><value>yes</value></Data><Data name="name"><value>Centro Sociale Don Giovanni Lerose</value></Data><Data name="@geometry"><value>center</value></Data></ExtendedData><Point><coordinates>12.8552202,41.5145103</coordinates></Point></Placemark><Placemark><name>Oratorio San Giovanni</name><ExtendedData><Data name="@id"><value>way/235607517</value></Data><Data name="amenity"><value>community_centre</value></Data><Data name="community_centre"><value>youth_centre</value></Data><Data name="denomination"><value>roman_catholic</value></Data><Data name="name"><value>Oratorio San Giovanni</value></Data><Data name="network"><value>Oratori di Garbagnate</value></Data><Data name="network:website"><value>https://sites.google.com/oratorigarbagnate.com/</value></Data><Data name="opening_hours"><value>Tu-Su 16:00-19:00</value></Data><Data name="religion"><value>christian</value></Data><Data name="short_name"><value>SGB</value></Data><Data name="url"><value>https://sites.google.com/oratorigarbagnate.com/home/chi-siamo</value></Data><Data name="@geometry"><value>center</value></Data></ExtendedData><Point><coordinates>9.0867373,45.568897</coordinates></Point></Placemark><Placemark><name>Centro servizi</name><ExtendedData><Data name="@id"><value>way/235951062</value></Data><Data name="amenity"><value>community_centre</value></Data><Data name="building"><value>public</value></Data><Data name="name"><value>Centro servizi</value></Data><Data name="name:sc"><value>Tzentru Serbitzius</value></Data><Data name="@geometry"><value>center</value></Data></ExtendedData><Point><coordinates>8.6705476,40.0195084</coordinates></Point></Placemark><Placemark><name>Centro sociale</name><ExtendedData><Data name="@id"><value>way/235951065</value></Data><Data name="amenity"><value>community_centre</value></Data><Data name="building"><value>public</value></Data><Data name="name"><value>Centro sociale</value></Data><Data name="name:sc"><value>Tzentru Sotziali Comunali</value></Data><Data name="@geometry"><value>center</value></Data></ExtendedData><Point><coordinates>8.6728364,40.0205082</coordinates></Point></Placemark><Placemark><name>Oratorio Don Bosco</name><ExtendedData><Data name="@id"><value>way/236853860</value></Data><Data name="amenity"><value>community_centre</value></Data><Data name="building"><value>yes</value></Data><Data name="community_centre"><value>parish_hall</value></Data><Data name="denomination"><value>catholic</value></Data><Data name="name"><value>Oratorio Don Bosco</value></Data><Data name="religion"><value>christian</value></Data><Data name="@geometry"><value>center</value></Data></ExtendedData><Point><coordinates>10.2343586,45.3302262</coordinates></Point></Placemark><Placemark><name>Centro della Pesa</name><ExtendedData><Data name="@id"><value>way/237116851</value></Data><Data name="name"><value>Centro della Pesa</value></Data><Data name="amenity"><value>community_centre</value></Data><Data name="@geometry"><value>center</value></Data></ExtendedData><Point><coordinates>12.6520797,43.9942259</coordinates></Point></Placemark><Placemark><name>Sala Parrocchiale don Giuseppe Manfredda</name><ExtendedData><Data name="@id"><value>way/237914544</value></Data><Data name="amenity"><value>community_centre</value></Data><Data name="building"><value>yes</value></Data><Data name="name"><value>Sala Parrocchiale don Giuseppe Manfredda</value></Data><Data name="@geometry"><value>center</value></Data></ExtendedData><Point><coordinates>8.6998543,45.4761529</coordinates></Point></Placemark><Placemark><name>Oratorio San Maurio</name><ExtendedData><Data name="@id"><value>way/238060090</value></Data><Data name="amenity"><value>community_centre</value></Data><Data name="building"><value>yes</value></Data><Data name="denomination"><value>catholic</value></Data><Data name="name"><value>Oratorio San Maurio</value></Data><Data name="@geometry"><value>center</value></Data></ExtendedData><Point><coordinates>9.4035991,45.6471205</coordinates></Point></Placemark><Placemark><name>La kascia</name><ExtendedData><Data name="@id"><value>way/238511043</value></Data><Data name="amenity"><value>nightclub</value></Data><Data name="name"><value>La kascia</value></Data><Data name="wheelchair"><value>yes</value></Data><Data name="@geometry"><value>center</value></Data></ExtendedData><Point><coordinates>8.6975721,44.410355</coordinates></Point></Placemark><Placemark><name>Casa della Giovane</name><ExtendedData><Data name="@id"><value>way/238791968</value></Data><Data name="amenity"><value>community_centre</value></Data><Data name="building"><value>yes</value></Data><Data name="community_centre"><value>parish_hall</value></Data><Data name="denomination"><value>catholic</value></Data><Data name="name"><value>Casa della Giovane</value></Data><Data name="religion"><value>christian</value></Data><Data name="@geometry"><value>center</value></Data></ExtendedData><Point><coordinates>10.2644371,45.6501669</coordinates></Point></Placemark><Placemark><name>Oratorio San Filippo Neri</name><ExtendedData><Data name="@id"><value>way/238792138</value></Data><Data name="amenity"><value>community_centre</value></Data><Data name="building"><value>public</value></Data><Data name="community_centre"><value>parish_hall</value></Data><Data name="denomination"><value>catholic</value></Data><Data name="name"><value>Oratorio San Filippo Neri</value></Data><Data name="religion"><value>christian</value></Data><Data name="@geometry"><value>center</value></Data></ExtendedData><Point><coordinates>10.2421378,45.6559537</coordinates></Point></Placemark><Placemark><name>Centro Sociale Borgo Bainsizza detto Casolare</name><ExtendedData><Data name="@id"><value>way/239432034</value></Data><Data name="amenity"><value>community_centre</value></Data><Data name="building"><value>yes</value></Data><Data name="name"><value>Centro Sociale Borgo Bainsizza detto Casolare</value></Data><Data name="@geometry"><value>center</value></Data></ExtendedData><Point><coordinates>12.7923742,41.4831456</coordinates></Point></Placemark><Placemark><name>Polo Servizi di Torregrotta</name><ExtendedData><Data name="@id"><value>way/239761050</value></Data><Data name="amenity"><value>community_centre</value></Data><Data name="building"><value>civic</value></Data><Data name="name"><value>Polo Servizi di Torregrotta</value></Data><Data name="opening_hours"><value>Mo-Fr 09:00-13:30; Tu,Th 09:00-13:30,15:30-17:30</value></Data><Data name="operator"><value>Comune di Torregrotta</value></Data><Data name="@geometry"><value>center</value></Data></ExtendedData><Point><coordinates>15.3505327,38.2005525</coordinates></Point></Placemark><Placemark><name>Haus der Dorfgemeinschaft</name><ExtendedData><Data name="@id"><value>way/240438729</value></Data><Data name="addr:city"><value>Tiers</value></Data><Data name="addr:country"><value>IT</value></Data><Data name="addr:housenumber"><value>69</value></Data><Data name="addr:postcode"><value>06081</value></Data><Data name="addr:street"><value>St.-Georg-Straße - Via San Giorgio</value></Data><Data name="amenity"><value>community_centre</value></Data><Data name="building"><value>yes</value></Data><Data name="name"><value>Haus der Dorfgemeinschaft</value></Data><Data name="name:de"><value>Haus der Dorfgemeinschaft</value></Data><Data name="@geometry"><value>center</value></Data></ExtendedData><Point><coordinates>11.5274398,46.4688848</coordinates></Point></Placemark><Placemark><name>Dancing Eclisse</name><ExtendedData><Data name="@id"><value>way/240468392</value></Data><Data name="addr:street"><value>Via vittorio emanuele</value></Data><Data name="addr:city"><value>Calusco d'Adda</value></Data><Data name="addr:housenumber"><value>1263</value></Data><Data name="addr:postcode"><value>24033</value></Data><Data name="amenity"><value>nightclub</value></Data><Data name="contact:phone"><value>+39 035 794578</value></Data><Data name="name"><value>Dancing Eclisse</value></Data><Data name="@geometry"><value>center</value></Data></ExtendedData><Point><coordinates>9.4577223,45.684619</coordinates></Point></Placemark><Placemark><name>Oratorio di San Luigi e Beata Giuliana</name><ExtendedData><Data name="@id"><value>way/241089795</value></Data><Data name="amenity"><value>community_centre</value></Data><Data name="community_centre"><value>parish_hall</value></Data><Data name="community_centre:for"><value>juvenile</value></Data><Data name="denomination"><value>catholic</value></Data><Data name="name"><value>Oratorio di San Luigi e Beata Giuliana</value></Data><Data name="religion"><value>christian</value></Data><Data name="@geometry"><value>center</value></Data></ExtendedData><Point><coordinates>8.8294434,45.630467</coordinates></Point></Placemark><Placemark><name>Oratorio Santissimo Redentore</name><ExtendedData><Data name="@id"><value>way/241090724</value></Data><Data name="website"><value>www.bustoredentore.it</value></Data><Data name="amenity"><value>community_centre</value></Data><Data name="denomination"><value>catholic</value></Data><Data name="landuse"><value>religious</value></Data><Data name="name"><value>Oratorio Santissimo Redentore</value></Data><Data name="name:etymology:wikidata"><value>Q7305703</value></Data><Data name="phone"><value>+39 0331 367886</value></Data><Data name="religion"><value>christian</value></Data><Data name="wikidata"><value>Q93862845</value></Data><Data name="@geometry"><value>center</value></Data></ExtendedData><Point><coordinates>8.8310395,45.6191995</coordinates></Point></Placemark><Placemark><name>Tartana discoteca</name><ExtendedData><Data name="@id"><value>way/241235209</value></Data><Data name="amenity"><value>nightclub</value></Data><Data name="name"><value>Tartana discoteca</value></Data><Data name="@geometry"><value>center</value></Data></ExtendedData><Point><coordinates>11.7911232,43.4080312</coordinates></Point></Placemark><Placemark><name>Oratorio San Giovanni Bosco</name><ExtendedData><Data name="@id"><value>way/241541199</value></Data><Data name="amenity"><value>community_centre</value></Data><Data name="building"><value>yes</value></Data><Data name="community_centre"><value>parish_hall</value></Data><Data name="denomination"><value>catholic</value></Data><Data name="name"><value>Oratorio San Giovanni Bosco</value></Data><Data name="religion"><value>christian</value></Data><Data name="@geometry"><value>center</value></Data></ExtendedData><Point><coordinates>10.1866969,45.6819773</coordinates></Point></Placemark><Placemark><name>AGESCI - Gruppo Santhià 1</name><ExtendedData><Data name="@id"><value>way/242917652</value></Data><Data name="amenity"><value>community_centre</value></Data><Data name="building"><value>yes</value></Data><Data name="name"><value>AGESCI - Gruppo Santhià 1</value></Data><Data name="@geometry"><value>center</value></Data></ExtendedData><Point><coordinates>8.1645504,45.3672058</coordinates></Point></Placemark><Placemark><name>Oratorio di Redona</name><ExtendedData><Data name="@id"><value>way/243038507</value></Data><Data name="amenity"><value>community_centre</value></Data><Data name="building"><value>yes</value></Data><Data name="denomination"><value>catholic</value></Data><Data name="name"><value>Oratorio di Redona</value></Data><Data name="@geometry"><value>center</value></Data></ExtendedData><Point><coordinates>9.6917225,45.710629</coordinates></Point></Placemark><Placemark><name>Centro sociale Arci Nuovo Gramsci - La Casetta</name><ExtendedData><Data name="@id"><value>way/243053371</value></Data><Data name="amenity"><value>community_centre</value></Data><Data name="building"><value>yes</value></Data><Data name="name"><value>Centro sociale Arci Nuovo Gramsci - La Casetta</value></Data><Data name="@geometry"><value>center</value></Data></ExtendedData><Point><coordinates>10.6510858,44.6885816</coordinates></Point></Placemark><Placemark><name>Casa Fornelletti</name><ExtendedData><Data name="@id"><value>way/243377946</value></Data><Data name="alt_name"><value>Ca' Fornelletti;Forneletti;</value></Data><Data name="amenity"><value>social_centre</value></Data><Data name="building"><value>house</value></Data><Data name="name"><value>Casa Fornelletti</value></Data><Data name="@geometry"><value>center</value></Data></ExtendedData><Point><coordinates>10.7085659,45.378407</coordinates></Point></Placemark><Placemark><name>Les Folie ex Miù J'adore</name><ExtendedData><Data name="@id"><value>way/243570631</value></Data><Data name="building"><value>commercial</value></Data><Data name="amenity"><value>nightclub</value></Data><Data name="name"><value>Les Folie ex Miù J'adore</value></Data><Data name="@geometry"><value>center</value></Data></ExtendedData><Point><coordinates>13.1305736,43.7526454</coordinates></Point></Placemark><Placemark><ExtendedData><Data name="@id"><value>way/244491794</value></Data><Data name="amenity"><value>community_centre</value></Data><Data name="@geometry"><value>center</value></Data></ExtendedData><Point><coordinates>9.2817818,40.2139543</coordinates></Point></Placemark><Placemark><name>Sala Polivalente Monsignor Celotto</name><ExtendedData><Data name="@id"><value>way/245093850</value></Data><Data name="amenity"><value>community_centre</value></Data><Data name="building"><value>yes</value></Data><Data name="name"><value>Sala Polivalente Monsignor Celotto</value></Data><Data name="@geometry"><value>center</value></Data></ExtendedData><Point><coordinates>11.438682,45.1681452</coordinates></Point></Placemark><Placemark><name>Palasangria</name><ExtendedData><Data name="@id"><value>way/245539806</value></Data><Data name="amenity"><value>community_centre</value></Data><Data name="building"><value>yes</value></Data><Data name="name"><value>Palasangria</value></Data><Data name="@geometry"><value>center</value></Data></ExtendedData><Point><coordinates>13.3903701,43.4859504</coordinates></Point></Placemark><Placemark><name>Chiesa Marchesale</name><ExtendedData><Data name="@id"><value>way/245623429</value></Data><Data name="amenity"><value>community_centre</value></Data><Data name="building"><value>church</value></Data><Data name="disused:amenity"><value>place_of_worship</value></Data><Data name="name"><value>Chiesa Marchesale</value></Data><Data name="old_name"><value>Chiesa Madonna della Misericordia</value></Data><Data name="@geometry"><value>center</value></Data></ExtendedData><Point><coordinates>13.8027625,42.7870253</coordinates></Point></Placemark><Placemark><ExtendedData><Data name="@id"><value>way/245941338</value></Data><Data name="addr:housename"><value>Rathaus - Municipio</value></Data><Data name="addr:housenumber"><value>2</value></Data><Data name="addr:postcode"><value>39040</value></Data><Data name="addr:street"><value>Simon-Rieder-Platz</value></Data><Data name="amenity"><value>community_centre</value></Data><Data name="building"><value>yes</value></Data><Data name="@geometry"><value>center</value></Data></ExtendedData><Point><coordinates>11.6001334,46.6686574</coordinates></Point></Placemark><Placemark><name>Casa del Guidi</name><ExtendedData><Data name="@id"><value>way/246933736</value></Data><Data name="addr:street"><value>Via Giacomo Veronelli</value></Data><Data name="amenity"><value>community_centre</value></Data><Data name="building"><value>yes</value></Data><Data name="historic"><value>house</value></Data><Data name="name"><value>Casa del Guidi</value></Data><Data name="@geometry"><value>center</value></Data></ExtendedData><Point><coordinates>11.2078586,43.835029</coordinates></Point></Placemark><Placemark><name>Oratorio San Rocco</name><ExtendedData><Data name="@id"><value>way/248051970</value></Data><Data name="amenity"><value>community_centre</value></Data><Data name="denomination"><value>catholic</value></Data><Data name="name"><value>Oratorio San Rocco</value></Data><Data name="religion"><value>christian</value></Data><Data name="@geometry"><value>center</value></Data></ExtendedData><Point><coordinates>9.2108808,45.6505444</coordinates></Point></Placemark><Placemark><name>Centro sociale di Simaxis</name><ExtendedData><Data name="@id"><value>way/249874116</value></Data><Data name="addr:city"><value>Simaghis/Simaxis</value></Data><Data name="addr:country"><value>IT</value></Data><Data name="addr:postcode"><value>09088</value></Data><Data name="addr:street"><value>Largo Carlo Felice</value></Data><Data name="amenity"><value>community_centre</value></Data><Data name="building"><value>yes</value></Data><Data name="name"><value>Centro sociale di Simaxis</value></Data><Data name="@geometry"><value>center</value></Data></ExtendedData><Point><coordinates>8.6924395,39.9275673</coordinates></Point></Placemark><Placemark><name>Centro Giovani &quot;Madre Teresa di Calcutta&quot;</name><ExtendedData><Data name="@id"><value>way/250065236</value></Data><Data name="amenity"><value>community_centre</value></Data><Data name="name"><value>Centro Giovani &quot;Madre Teresa di Calcutta&quot;</value></Data><Data name="@geometry"><value>center</value></Data></ExtendedData><Point><coordinates>9.0729312,45.9709932</coordinates></Point></Placemark><Placemark><name>Area feste Pallestrini</name><ExtendedData><Data name="@id"><value>way/252617243</value></Data><Data name="amenity"><value>community_centre</value></Data><Data name="name"><value>Area feste Pallestrini</value></Data><Data name="@geometry"><value>center</value></Data></ExtendedData><Point><coordinates>8.6634857,45.1480416</coordinates></Point></Placemark><Placemark><name>Oratorio di Senago</name><ExtendedData><Data name="@id"><value>way/252829619</value></Data><Data name="amenity"><value>community_centre</value></Data><Data name="community_centre"><value>youth_centre</value></Data><Data name="denomination"><value>roman_catholic</value></Data><Data name="name"><value>Oratorio di Senago</value></Data><Data name="religion"><value>christian</value></Data><Data name="@geometry"><value>center</value></Data></ExtendedData><Point><coordinates>9.119662,45.5745452</coordinates></Point></Placemark><Placemark><ExtendedData><Data name="@id"><value>way/253225516</value></Data><Data name="amenity"><value>community_centre</value></Data><Data name="building"><value>yes</value></Data><Data name="@geometry"><value>center</value></Data></ExtendedData><Point><coordinates>9.7323948,45.7201257</coordinates></Point></Placemark><Placemark><name>Casa della Comunità</name><ExtendedData><Data name="@id"><value>way/253225529</value></Data><Data name="amenity"><value>community_centre</value></Data><Data name="building"><value>yes</value></Data><Data name="name"><value>Casa della Comunità</value></Data><Data name="@geometry"><value>center</value></Data></ExtendedData><Point><coordinates>9.7322194,45.7195529</coordinates></Point></Placemark><Placemark><name>Prince</name><ExtendedData><Data name="@id"><value>way/253393055</value></Data><Data name="name"><value>Prince</value></Data><Data name="amenity"><value>nightclub</value></Data><Data name="@geometry"><value>center</value></Data></ExtendedData><Point><coordinates>12.665517,43.9843046</coordinates></Point></Placemark><Placemark><name>Oratorio San Giovanni Bosco</name><ExtendedData><Data name="@id"><value>way/253894644</value></Data><Data name="alt_name"><value>Oratorio di Santa Croce</value></Data><Data name="amenity"><value>community_centre</value></Data><Data name="community_centre"><value>youth_centre</value></Data><Data name="denomination"><value>roman_catholic</value></Data><Data name="name"><value>Oratorio San Giovanni Bosco</value></Data><Data name="religion"><value>christian</value></Data><Data name="@geometry"><value>center</value></Data></ExtendedData><Point><coordinates>9.0681234,45.5310856</coordinates></Point></Placemark><Placemark><name>Oratorio San Pietro</name><ExtendedData><Data name="@id"><value>way/253900065</value></Data><Data name="amenity"><value>community_centre</value></Data><Data name="community_centre"><value>youth_centre</value></Data><Data name="denomination"><value>roman_catholic</value></Data><Data name="name"><value>Oratorio San Pietro</value></Data><Data name="religion"><value>christian</value></Data><Data name="@geometry"><value>center</value></Data></ExtendedData><Point><coordinates>9.0572946,45.5352367</coordinates></Point></Placemark><Placemark><name>Oratorio San Giustino</name><ExtendedData><Data name="@id"><value>way/254044300</value></Data><Data name="amenity"><value>community_centre</value></Data><Data name="building"><value>yes</value></Data><Data name="name"><value>Oratorio San Giustino</value></Data><Data name="@geometry"><value>center</value></Data></ExtendedData><Point><coordinates>8.335451,45.683605</coordinates></Point></Placemark><Placemark><name>Vag61 Spazio Libero Autogestito</name><ExtendedData><Data name="@id"><value>way/254368278</value></Data><Data name="addr:city"><value>Bologna</value></Data><Data name="addr:housenumber"><value>110</value></Data><Data name="addr:street"><value>Via Paolo Fabbri</value></Data><Data name="amenity"><value>community_centre</value></Data><Data name="name"><value>Vag61 Spazio Libero Autogestito</value></Data><Data name="website"><value>https://vag61.noblogs.org/</value></Data><Data name="@geometry"><value>center</value></Data></ExtendedData><Point><coordinates>11.3616755,44.5001721</coordinates></Point></Placemark><Placemark><name>Ex scuola Carlo Collodi</name><ExtendedData><Data name="@id"><value>way/254784262</value></Data><Data name="amenity"><value>community_centre</value></Data><Data name="building"><value>civic</value></Data><Data name="name"><value>Ex scuola Carlo Collodi</value></Data><Data name="@geometry"><value>center</value></Data></ExtendedData><Point><coordinates>15.4537526,38.2217316</coordinates></Point></Placemark><Placemark><name>Area attrezzata &quot;Togliatti&quot;</name><ExtendedData><Data name="@id"><value>way/254811066</value></Data><Data name="alt_name"><value>Parco Togliatti</value></Data><Data name="amenity"><value>community_centre</value></Data><Data name="name"><value>Area attrezzata &quot;Togliatti&quot;</value></Data><Data name="@geometry"><value>center</value></Data></ExtendedData><Point><coordinates>8.7476554,45.3055994</coordinates></Point></Placemark><Placemark><name>Centro diurno per anziani</name><ExtendedData><Data name="@id"><value>way/254840130</value></Data><Data name="amenity"><value>community_centre</value></Data><Data name="name"><value>Centro diurno per anziani</value></Data><Data name="operator"><value>Comune di Villafranca Tirrena</value></Data><Data name="phone"><value>+39 090 3379324</value></Data><Data name="@geometry"><value>center</value></Data></ExtendedData><Point><coordinates>15.4348673,38.2390269</coordinates></Point></Placemark><Placemark><name>Circolo MDL La Sportiva</name><ExtendedData><Data name="@id"><value>way/254859464</value></Data><Data name="amenity"><value>community_centre</value></Data><Data name="building"><value>house</value></Data><Data name="name"><value>Circolo MDL La Sportiva</value></Data><Data name="@geometry"><value>center</value></Data></ExtendedData><Point><coordinates>11.0686204,43.7461943</coordinates></Point></Placemark><Placemark><name>Planet Fun - Opium</name><ExtendedData><Data name="@id"><value>way/255070450</value></Data><Data name="amenity"><value>nightclub</value></Data><Data name="building"><value>yes</value></Data><Data name="name"><value>Planet Fun - Opium</value></Data><Data name="@geometry"><value>center</value></Data></ExtendedData><Point><coordinates>12.7092957,45.9457663</coordinates></Point></Placemark><Placemark><name>Discoteca Piper</name><ExtendedData><Data name="@id"><value>way/255360439</value></Data><Data name="amenity"><value>nightclub</value></Data><Data name="building"><value>yes</value></Data><Data name="name"><value>Discoteca Piper</value></Data><Data name="@geometry"><value>center</value></Data></ExtendedData><Point><coordinates>7.5303111,44.8327481</coordinates></Point></Placemark><Placemark><name>Santner's</name><ExtendedData><Data name="@id"><value>way/255567583</value></Data><Data name="addr:housenumber"><value>39/A</value></Data><Data name="addr:city"><value>Kastelruth - Castelrotto</value></Data><Data name="addr:city:de"><value>Kastelruth</value></Data><Data name="addr:city:it"><value>Castelrotto</value></Data><Data name="addr:hamlet"><value>Seis - Siusi</value></Data><Data name="addr:hamlet:de"><value>Seis</value></Data><Data name="addr:hamlet:it"><value>Siusi</value></Data><Data name="addr:postcode"><value>39040</value></Data><Data name="addr:street"><value>Schlernstraße - Via Sciliar</value></Data><Data name="addr:street:de"><value>Schlernstraße</value></Data><Data name="addr:street:it"><value>Via Sciliar</value></Data><Data name="amenity"><value>nightclub</value></Data><Data name="building"><value>retail</value></Data><Data name="name"><value>Santner's</value></Data><Data name="outdoor_seating"><value>yes</value></Data><Data name="phone"><value>+39 335 682 94 69</value></Data><Data name="website"><value>https://www.santners.it/</value></Data><Data name="@geometry"><value>center</value></Data></ExtendedData><Point><coordinates>11.5641196,46.5399668</coordinates></Point></Placemark><Placemark><ExtendedData><Data name="@id"><value>way/255592982</value></Data><Data name="amenity"><value>community_centre</value></Data><Data name="building"><value>yes</value></Data><Data name="community_centre"><value>events_venue</value></Data><Data name="@geometry"><value>center</value></Data></ExtendedData><Point><coordinates>11.7587956,46.5561277</coordinates></Point></Placemark><Placemark><name>Discoteca Fellini</name><ExtendedData><Data name="@id"><value>way/255859069</value></Data><Data name="opening_hours"><value>Venerdì e sabato 22-4</value></Data><Data name="smoking"><value>isolated</value></Data><Data name="name"><value>Discoteca Fellini</value></Data><Data name="addr:city"><value>Valdagno</value></Data><Data name="addr:housenumber"><value>104</value></Data><Data name="addr:postcode"><value>36078</value></Data><Data name="addr:street"><value>Via Fabio Filzi</value></Data><Data name="amenity"><value>nightclub</value></Data><Data name="building"><value>yes</value></Data><Data name="@geometry"><value>center</value></Data></ExtendedData><Point><coordinates>11.2705928,45.6809842</coordinates></Point></Placemark><Placemark><name>Centro Polivalente</name><ExtendedData><Data name="@id"><value>way/255921431</value></Data><Data name="amenity"><value>community_centre</value></Data><Data name="building"><value>civic</value></Data><Data name="building:levels"><value>2</value></Data><Data name="name"><value>Centro Polivalente</value></Data><Data name="operator"><value>Comune di Occhieppo Inferiore</value></Data><Data name="@geometry"><value>center</value></Data></ExtendedData><Point><coordinates>8.0256426,45.5516495</coordinates></Point></Placemark><Placemark><name>Oratorio Papa Giovanni XXIII</name><ExtendedData><Data name="@id"><value>way/256295215</value></Data><Data name="addr:city"><value>Scano al Brembo</value></Data><Data name="addr:street"><value>Via Roma</value></Data><Data name="amenity"><value>social_centre</value></Data><Data name="area"><value>yes</value></Data><Data name="denomination"><value>catholic</value></Data><Data name="name"><value>Oratorio Papa Giovanni XXIII</value></Data><Data name="postal_code"><value>24030</value></Data><Data name="@geometry"><value>center</value></Data></ExtendedData><Point><coordinates>9.6075584,45.7138301</coordinates></Point></Placemark><Placemark><name>Bocciodromo</name><ExtendedData><Data name="@id"><value>way/256343499</value></Data><Data name="amenity"><value>community_centre</value></Data><Data name="covered"><value>yes</value></Data><Data name="leisure"><value>pitch</value></Data><Data name="name"><value>Bocciodromo</value></Data><Data name="sport"><value>boules</value></Data><Data name="@geometry"><value>center</value></Data></ExtendedData><Point><coordinates>8.544426,44.3475409</coordinates></Point></Placemark><Placemark><name>Casetta degli Alpini di Scano Al Brembo</name><ExtendedData><Data name="@id"><value>way/256451962</value></Data><Data name="amenity"><value>community_centre</value></Data><Data name="building"><value>yes</value></Data><Data name="name"><value>Casetta degli Alpini di Scano Al Brembo</value></Data><Data name="@geometry"><value>center</value></Data></ExtendedData><Point><coordinates>9.6041966,45.7136147</coordinates></Point></Placemark><Placemark><name>Centro Civico</name><ExtendedData><Data name="@id"><value>way/256592706</value></Data><Data name="addr:housenumber"><value>148</value></Data><Data name="addr:street"><value>Via Madonna del Rosario</value></Data><Data name="amenity"><value>community_centre</value></Data><Data name="building"><value>yes</value></Data><Data name="name"><value>Centro Civico</value></Data><Data name="@geometry"><value>center</value></Data></ExtendedData><Point><coordinates>11.9312886,45.4336485</coordinates></Point></Placemark><Placemark><name>Auditorium Comunale</name><ExtendedData><Data name="@id"><value>way/256603520</value></Data><Data name="addr:city"><value>Valbrembo</value></Data><Data name="addr:postcode"><value>24030</value></Data><Data name="amenity"><value>community_centre</value></Data><Data name="building"><value>yes</value></Data><Data name="name"><value>Auditorium Comunale</value></Data><Data name="@geometry"><value>center</value></Data></ExtendedData><Point><coordinates>9.6073158,45.7180958</coordinates></Point></Placemark><Placemark><name>Parrocchia Maria Madre della Chiesa</name><ExtendedData><Data name="@id"><value>way/256708445</value></Data><Data name="addr:city"><value>Crucoli</value></Data><Data name="addr:postcode"><value>88812</value></Data><Data name="addr:street"><value>Via Sybaris</value></Data><Data name="amenity"><value>community_centre</value></Data><Data name="building"><value>civic</value></Data><Data name="denomination"><value>catholic</value></Data><Data name="name"><value>Parrocchia Maria Madre della Chiesa</value></Data><Data name="religion"><value>christian</value></Data><Data name="@geometry"><value>center</value></Data></ExtendedData><Point><coordinates>17.034566,39.4537556</coordinates></Point></Placemark><Placemark><name>Beach bar</name><ExtendedData><Data name="@id"><value>way/257352056</value></Data><Data name="amenity"><value>nightclub</value></Data><Data name="building"><value>yes</value></Data><Data name="contact:email"><value>beachbar@tiscali.it</value></Data><Data name="contact:facebook"><value>https://www.facebook.com/beachbar.page/</value></Data><Data name="name"><value>Beach bar</value></Data><Data name="payment:discover_card"><value>yes</value></Data><Data name="payment:mastercard"><value>yes</value></Data><Data name="payment:visa"><value>yes</value></Data><Data name="@geometry"><value>center</value></Data></ExtendedData><Point><coordinates>8.506722,39.9081326</coordinates></Point></Placemark><Placemark><name>Sala Civica Pietro Pasquali</name><ExtendedData><Data name="@id"><value>way/257515859</value></Data><Data name="amenity"><value>community_centre</value></Data><Data name="building"><value>public</value></Data><Data name="name"><value>Sala Civica Pietro Pasquali</value></Data><Data name="@geometry"><value>center</value></Data></ExtendedData><Point><coordinates>10.2244303,45.5527421</coordinates></Point></Placemark><Placemark><ExtendedData><Data name="@id"><value>way/257944198</value></Data><Data name="amenity"><value>community_centre</value></Data><Data name="building"><value>yes</value></Data><Data name="community_centre"><value>parish_hall</value></Data><Data name="denomination"><value>catholic</value></Data><Data name="religion"><value>christian</value></Data><Data name="@geometry"><value>center</value></Data></ExtendedData><Point><coordinates>10.2181401,45.5549712</coordinates></Point></Placemark><Placemark><name>Discoteca</name><ExtendedData><Data name="@id"><value>way/258015726</value></Data><Data name="amenity"><value>nightclub</value></Data><Data name="building"><value>yes</value></Data><Data name="name"><value>Discoteca</value></Data><Data name="@geometry"><value>center</value></Data></ExtendedData><Point><coordinates>11.0651205,44.3341741</coordinates></Point></Placemark><Placemark><name>Oratorio Don Giovanni Bosco</name><ExtendedData><Data name="@id"><value>way/258568012</value></Data><Data name="amenity"><value>community_centre</value></Data><Data name="building"><value>yes</value></Data><Data name="community_centre"><value>parish_hall</value></Data><Data name="denomination"><value>catholic</value></Data><Data name="name"><value>Oratorio Don Giovanni Bosco</value></Data><Data name="religion"><value>christian</value></Data><Data name="@geometry"><value>center</value></Data></ExtendedData><Point><coordinates>10.3092027,45.5641808</coordinates></Point></Placemark><Placemark><name>Haus der Vereine &quot;Meister von Uttenheim&quot;</name><ExtendedData><Data name="@id"><value>way/258982298</value></Data><Data name="amenity"><value>community_centre</value></Data><Data name="building"><value>yes</value></Data><Data name="name"><value>Haus der Vereine &quot;Meister von Uttenheim&quot;</value></Data><Data name="@geometry"><value>center</value></Data></ExtendedData><Point><coordinates>11.9464581,46.8627634</coordinates></Point></Placemark><Placemark><name>Oratorio di Ossanesga</name><ExtendedData><Data name="@id"><value>way/259046024</value></Data><Data name="amenity"><value>social_centre</value></Data><Data name="denomination"><value>catholic</value></Data><Data name="name"><value>Oratorio di Ossanesga</value></Data><Data name="@geometry"><value>center</value></Data></ExtendedData><Point><coordinates>9.6051431,45.7220635</coordinates></Point></Placemark><Placemark><name>Oratorio San Francesco di Paola</name><ExtendedData><Data name="@id"><value>way/259261121</value></Data><Data name="amenity"><value>community_centre</value></Data><Data name="building"><value>yes</value></Data><Data name="community_centre"><value>parish_hall</value></Data><Data name="denomination"><value>catholic</value></Data><Data name="name"><value>Oratorio San Francesco di Paola</value></Data><Data name="religion"><value>christian</value></Data><Data name="@geometry"><value>center</value></Data></ExtendedData><Point><coordinates>10.2480587,45.5320764</coordinates></Point></Placemark><Placemark><name>Walky Cup</name><ExtendedData><Data name="@id"><value>way/261785269</value></Data><Data name="amenity"><value>nightclub</value></Data><Data name="building"><value>roof</value></Data><Data name="name"><value>Walky Cup</value></Data><Data name="@geometry"><value>center</value></Data></ExtendedData><Point><coordinates>12.6446477,43.9860005</coordinates></Point></Placemark><Placemark><name>Centro Incontro ACLI</name><ExtendedData><Data name="@id"><value>way/262216386</value></Data><Data name="addr:city"><value>Alessandria</value></Data><Data name="addr:country"><value>IT</value></Data><Data name="addr:housename"><value>Via Remotti</value></Data><Data name="addr:housenumber"><value>43</value></Data><Data name="addr:place"><value>San Michele</value></Data><Data name="addr:postcode"><value>15122</value></Data><Data name="addr:street"><value>Via Remotti</value></Data><Data name="amenity"><value>community_centre</value></Data><Data name="building"><value>yes</value></Data><Data name="name"><value>Centro Incontro ACLI</value></Data><Data name="religion"><value>christian</value></Data><Data name="toilets:wheelchair"><value>yes</value></Data><Data name="wheelchair"><value>yes</value></Data><Data name="@geometry"><value>center</value></Data></ExtendedData><Point><coordinates>8.5796773,44.9376723</coordinates></Point></Placemark><Placemark><ExtendedData><Data name="@id"><value>way/262514686</value></Data><Data name="amenity"><value>nightclub</value></Data><Data name="@geometry"><value>center</value></Data></ExtendedData><Point><coordinates>14.9569859,38.4143387</coordinates></Point></Placemark><Placemark><name>Oratorio di San Giovanni Bosco</name><ExtendedData><Data name="@id"><value>way/262597664</value></Data><Data name="amenity"><value>community_centre</value></Data><Data name="name"><value>Oratorio di San Giovanni Bosco</value></Data><Data name="@geometry"><value>center</value></Data></ExtendedData><Point><coordinates>8.5202178,45.1918989</coordinates></Point></Placemark><Placemark><name>Oratorio del Villaggio</name><ExtendedData><Data name="@id"><value>way/262778542</value></Data><Data name="amenity"><value>social_centre</value></Data><Data name="denomination"><value>catholic</value></Data><Data name="name"><value>Oratorio del Villaggio</value></Data><Data name="@geometry"><value>center</value></Data></ExtendedData><Point><coordinates>9.5813805,45.6977673</coordinates></Point></Placemark><Placemark><name>Oratorio Papa Giovanni XXIII</name><ExtendedData><Data name="@id"><value>way/262778544</value></Data><Data name="addr:city"><value>Scano al Brembo</value></Data><Data name="addr:postcode"><value>24030</value></Data><Data name="addr:street"><value>Via Roma</value></Data><Data name="amenity"><value>social_centre</value></Data><Data name="building"><value>yes</value></Data><Data name="denomination"><value>catholic</value></Data><Data name="name"><value>Oratorio Papa Giovanni XXIII</value></Data><Data name="@geometry"><value>center</value></Data></ExtendedData><Point><coordinates>9.6074537,45.7137943</coordinates></Point></Placemark><Placemark><name>Centro missionario Comboni</name><ExtendedData><Data name="@id"><value>way/263145818</value></Data><Data name="amenity"><value>community_centre</value></Data><Data name="name"><value>Centro missionario Comboni</value></Data><Data name="@geometry"><value>center</value></Data></ExtendedData><Point><coordinates>12.6461857,43.9946424</coordinates></Point></Placemark><Placemark><name>Casa Bettola</name><ExtendedData><Data name="@id"><value>way/263510727</value></Data><Data name="website"><value>http://www.casabettola.org/</value></Data><Data name="addr:city"><value>Reggio nell'Emilia</value></Data><Data name="addr:housenumber"><value>6</value></Data><Data name="addr:postcode"><value>42123</value></Data><Data name="addr:street"><value>Via Martiri della Bettola</value></Data><Data name="amenity"><value>community_centre</value></Data><Data name="contact:facebook"><value>casabettola.casacantonieraautogestita</value></Data><Data name="name"><value>Casa Bettola</value></Data><Data name="opening_hours"><value>We 18:00-20:00+</value></Data><Data name="toilets"><value>yes</value></Data><Data name="toilets:access"><value>yes</value></Data><Data name="wheelchair"><value>limited</value></Data><Data name="@geometry"><value>center</value></Data></ExtendedData><Point><coordinates>10.6219868,44.6827357</coordinates></Point></Placemark><Placemark><ExtendedData><Data name="@id"><value>way/266871093</value></Data><Data name="amenity"><value>community_centre</value></Data><Data name="ref:corine_land_cover"><value>1213</value></Data><Data name="source"><value>http://dati.emilia-romagna.it/dato/item/11-11-uso-del-suolo-2008.html</value></Data><Data name="@geometry"><value>center</value></Data></ExtendedData><Point><coordinates>11.2986111,44.7156064</coordinates></Point></Placemark><Placemark><ExtendedData><Data name="@id"><value>way/266885438</value></Data><Data name="amenity"><value>community_centre</value></Data><Data name="operator"><value>*</value></Data><Data name="ref:corine_land_cover"><value>1423</value></Data><Data name="source"><value>http://dati.emilia-romagna.it/dato/item/11-11-uso-del-suolo-2008.html</value></Data><Data name="@geometry"><value>center</value></Data></ExtendedData><Point><coordinates>11.3054037,44.6778152</coordinates></Point></Placemark><Placemark><name>ARCI Pino Sottano</name><ExtendedData><Data name="@id"><value>way/267033909</value></Data><Data name="amenity"><value>social_centre</value></Data><Data name="name"><value>ARCI Pino Sottano</value></Data><Data name="@geometry"><value>center</value></Data></ExtendedData><Point><coordinates>8.9738846,44.4578119</coordinates></Point></Placemark><Placemark><name>Dancing Isolotto</name><ExtendedData><Data name="@id"><value>way/267106473</value></Data><Data name="amenity"><value>nightclub</value></Data><Data name="building"><value>commercial</value></Data><Data name="name"><value>Dancing Isolotto</value></Data><Data name="@geometry"><value>center</value></Data></ExtendedData><Point><coordinates>11.5891618,46.0271057</coordinates></Point></Placemark><Placemark><name>Giulia Prinetti</name><ExtendedData><Data name="@id"><value>way/268131834</value></Data><Data name="amenity"><value>social_centre</value></Data><Data name="building"><value>yes</value></Data><Data name="name"><value>Giulia Prinetti</value></Data><Data name="@geometry"><value>center</value></Data></ExtendedData><Point><coordinates>10.3918793,44.1037336</coordinates></Point></Placemark><Placemark><name>Circolo Spazio 86</name><ExtendedData><Data name="@id"><value>way/268365658</value></Data><Data name="amenity"><value>social_centre</value></Data><Data name="building"><value>yes</value></Data><Data name="name"><value>Circolo Spazio 86</value></Data><Data name="@geometry"><value>center</value></Data></ExtendedData><Point><coordinates>11.3066672,43.7610248</coordinates></Point></Placemark><Placemark><name>L'arlecchino</name><ExtendedData><Data name="@id"><value>way/268776958</value></Data><Data name="building"><value>yes</value></Data><Data name="smoking"><value>no</value></Data><Data name="phone"><value>+39 0332 400125</value></Data><Data name="name"><value>L'arlecchino</value></Data><Data name="amenity"><value>nightclub</value></Data><Data name="@geometry"><value>center</value></Data></ExtendedData><Point><coordinates>8.8791019,45.774075</coordinates></Point></Placemark><Placemark><name>Centro Sociale &quot;Banchi Nuovi&quot;</name><ExtendedData><Data name="@id"><value>way/269649658</value></Data><Data name="amenity"><value>social_centre</value></Data><Data name="building"><value>yes</value></Data><Data name="name"><value>Centro Sociale &quot;Banchi Nuovi&quot;</value></Data><Data name="@geometry"><value>center</value></Data></ExtendedData><Point><coordinates>14.2593152,40.8493643</coordinates></Point></Placemark><Placemark><name>Palladium</name><ExtendedData><Data name="@id"><value>way/269734117</value></Data><Data name="amenity"><value>nightclub</value></Data><Data name="building"><value>yes</value></Data><Data name="name"><value>Palladium</value></Data><Data name="@geometry"><value>center</value></Data></ExtendedData><Point><coordinates>8.5003465,44.6819582</coordinates></Point></Placemark><Placemark><name>Centro Universitario</name><ExtendedData><Data name="@id"><value>way/270598691</value></Data><Data name="website"><value>http://www.centrouniversitariopd.it/</value></Data><Data name="building"><value>no</value></Data><Data name="addr:city"><value>Padova</value></Data><Data name="addr:housenumber"><value>82</value></Data><Data name="addr:postcode"><value>35121</value></Data><Data name="addr:street"><value>Via degli Zabarella</value></Data><Data name="amenity"><value>community_centre</value></Data><Data name="name"><value>Centro Universitario</value></Data><Data name="note"><value>Confini approssimativi</value></Data><Data name="phone"><value>+39 049 8764688</value></Data><Data name="@geometry"><value>center</value></Data></ExtendedData><Point><coordinates>11.8794676,45.4081444</coordinates></Point></Placemark><Placemark><name>CPOA Rialzo</name><ExtendedData><Data name="@id"><value>way/270895621</value></Data><Data name="name"><value>CPOA Rialzo</value></Data><Data name="amenity"><value>social_centre</value></Data><Data name="building"><value>public</value></Data><Data name="@geometry"><value>center</value></Data></ExtendedData><Point><coordinates>16.2561014,39.3014741</coordinates></Point></Placemark><Placemark><name>le Terrazze</name><ExtendedData><Data name="@id"><value>way/273567807</value></Data><Data name="amenity"><value>nightclub</value></Data><Data name="building"><value>yes</value></Data><Data name="name"><value>le Terrazze</value></Data><Data name="@geometry"><value>center</value></Data></ExtendedData><Point><coordinates>9.4445468,41.1314453</coordinates></Point></Placemark><Placemark><name>Teatro Elios</name><ExtendedData><Data name="@id"><value>way/274055851</value></Data><Data name="amenity"><value>community_centre</value></Data><Data name="building"><value>yes</value></Data><Data name="name"><value>Teatro Elios</value></Data><Data name="@geometry"><value>center</value></Data></ExtendedData><Point><coordinates>7.7708274,44.9498962</coordinates></Point></Placemark><Placemark><name>Villa Tana</name><ExtendedData><Data name="@id"><value>way/274055852</value></Data><Data name="amenity"><value>community_centre</value></Data><Data name="building"><value>yes</value></Data><Data name="name"><value>Villa Tana</value></Data><Data name="@geometry"><value>center</value></Data></ExtendedData><Point><coordinates>7.7716478,44.9503986</coordinates></Point></Placemark><Placemark><ExtendedData><Data name="@id"><value>way/274055854</value></Data><Data name="amenity"><value>community_centre</value></Data><Data name="building"><value>yes</value></Data><Data name="@geometry"><value>center</value></Data></ExtendedData><Point><coordinates>7.7714404,44.9500374</coordinates></Point></Placemark><Placemark><name>Oratorio San Luigi</name><ExtendedData><Data name="@id"><value>way/274055873</value></Data><Data name="landuse"><value>recreation_ground</value></Data><Data name="addr:city"><value>Santena</value></Data><Data name="addr:housenumber"><value>31</value></Data><Data name="addr:postcode"><value>10026</value></Data><Data name="addr:street"><value>Via Vittorio Veneto</value></Data><Data name="amenity"><value>community_centre</value></Data><Data name="name"><value>Oratorio San Luigi</value></Data><Data name="@geometry"><value>center</value></Data></ExtendedData><Point><coordinates>7.7706139,44.9505769</coordinates></Point></Placemark><Placemark><name>La Corte</name><ExtendedData><Data name="@id"><value>way/274230121</value></Data><Data name="old_name"><value>Ex Macello</value></Data><Data name="amenity"><value>community_centre</value></Data><Data name="building"><value>yes</value></Data><Data name="name"><value>La Corte</value></Data><Data name="@geometry"><value>center</value></Data></ExtendedData><Point><coordinates>11.0980015,46.2119254</coordinates></Point></Placemark><Placemark><name>Centro Polifunzionale Don Milani</name><ExtendedData><Data name="@id"><value>way/274939465</value></Data><Data name="amenity"><value>community_centre</value></Data><Data name="building"><value>yes</value></Data><Data name="name"><value>Centro Polifunzionale Don Milani</value></Data><Data name="@geometry"><value>center</value></Data></ExtendedData><Point><coordinates>9.586379,40.2949906</coordinates></Point></Placemark><Placemark><name>Centro San Lorenzo</name><ExtendedData><Data name="@id"><value>way/276412668</value></Data><Data name="wheelchair"><value>limited</value></Data><Data name="religion"><value>christian</value></Data><Data name="website"><value>http://www.centrosanlorenzo.com</value></Data><Data name="addr:city"><value>Roma</value></Data><Data name="addr:housenumber"><value>24</value></Data><Data name="addr:postcode"><value>00193</value></Data><Data name="addr:street"><value>Via Padre Pancrazio Pfeiffer</value></Data><Data name="amenity"><value>community_centre</value></Data><Data name="building"><value>public</value></Data><Data name="denomination"><value>roman_catholic</value></Data><Data name="name"><value>Centro San Lorenzo</value></Data><Data name="opening_hours"><value>Mo-Fr 11:00-19:00</value></Data><Data name="@geometry"><value>center</value></Data></ExtendedData><Point><coordinates>12.4590492,41.9016768</coordinates></Point></Placemark><Placemark><name>Oratorio di Camnago</name><ExtendedData><Data name="@id"><value>way/276743611</value></Data><Data name="addr:city"><value>Lentate sul Seveso</value></Data><Data name="addr:housenumber"><value>12</value></Data><Data name="addr:postcode"><value>20823</value></Data><Data name="addr:street"><value>Via Piave</value></Data><Data name="amenity"><value>community_centre</value></Data><Data name="building"><value>yes</value></Data><Data name="name"><value>Oratorio di Camnago</value></Data><Data name="@geometry"><value>center</value></Data></ExtendedData><Point><coordinates>9.1279457,45.6692034</coordinates></Point></Placemark><Placemark><name>CSL Centro Servizi Lavoro</name><ExtendedData><Data name="@id"><value>way/277186037</value></Data><Data name="amenity"><value>community_centre</value></Data><Data name="building"><value>yes</value></Data><Data name="name"><value>CSL Centro Servizi Lavoro</value></Data><Data name="opening_hours"><value>Mo 08:30-11:30,15:00-17:00; Tu-Fr 08:30-11:30</value></Data><Data name="operator"><value>Comune di Cagliari</value></Data><Data name="wheelchair"><value>yes</value></Data><Data name="@geometry"><value>center</value></Data></ExtendedData><Point><coordinates>9.14027,39.1921002</coordinates></Point></Placemark><Placemark><name>Villa Stelvio</name><ExtendedData><Data name="@id"><value>way/277193673</value></Data><Data name="amenity"><value>nightclub</value></Data><Data name="building"><value>yes</value></Data><Data name="name"><value>Villa Stelvio</value></Data><Data name="@geometry"><value>center</value></Data></ExtendedData><Point><coordinates>9.1480999,39.208202</coordinates></Point></Placemark><Placemark><ExtendedData><Data name="@id"><value>way/278454992</value></Data><Data name="amenity"><value>nightclub</value></Data><Data name="building"><value>yes</value></Data><Data name="@geometry"><value>center</value></Data></ExtendedData><Point><coordinates>12.3939729,42.2811404</coordinates></Point></Placemark><Placemark><name>Disco Fix</name><ExtendedData><Data name="@id"><value>way/278591829</value></Data><Data name="addr:city"><value>Laas - Lasa</value></Data><Data name="addr:city:de"><value>Laas</value></Data><Data name="addr:city:it"><value>Lasa</value></Data><Data name="addr:housenumber"><value>78</value></Data><Data name="addr:postcode"><value>39023</value></Data><Data name="addr:street"><value>Vinschgaustraße - Via Venosta</value></Data><Data name="addr:street:de"><value>Vinschgaustraße</value></Data><Data name="addr:street:it"><value>Via Venosta</value></Data><Data name="amenity"><value>nightclub</value></Data><Data name="building"><value>yes</value></Data><Data name="email"><value>info@discofix.it</value></Data><Data name="name"><value>Disco Fix</value></Data><Data name="phone"><value>+39 342 5151750</value></Data><Data name="source"><value>bing</value></Data><Data name="website"><value>http://www.discofix.it/</value></Data><Data name="@geometry"><value>center</value></Data></ExtendedData><Point><coordinates>10.6858509,46.6264544</coordinates></Point></Placemark><Placemark><name>Poldolandia</name><ExtendedData><Data name="@id"><value>way/278905151</value></Data><Data name="amenity"><value>community_centre</value></Data><Data name="building"><value>yes</value></Data><Data name="name"><value>Poldolandia</value></Data><Data name="operator"><value>MongiuEvents</value></Data><Data name="source"><value>Regione Emilia Romagna</value></Data><Data name="@geometry"><value>center</value></Data></ExtendedData><Point><coordinates>11.353176,44.5829592</coordinates></Point></Placemark><Placemark><name>Foro Boario</name><ExtendedData><Data name="@id"><value>way/279199554</value></Data><Data name="amenity"><value>community_centre</value></Data><Data name="name"><value>Foro Boario</value></Data><Data name="building"><value>yes</value></Data><Data name="@geometry"><value>center</value></Data></ExtendedData><Point><coordinates>8.600182,39.9072348</coordinates></Point></Placemark><Placemark><name>Centro Sociale Torangius</name><ExtendedData><Data name="@id"><value>way/279200664</value></Data><Data name="amenity"><value>community_centre</value></Data><Data name="building"><value>yes</value></Data><Data name="name"><value>Centro Sociale Torangius</value></Data><Data name="@geometry"><value>center</value></Data></ExtendedData><Point><coordinates>8.5989444,39.9116575</coordinates></Point></Placemark><Placemark><name>Centro Giovani di Oristano</name><ExtendedData><Data name="@id"><value>way/279204841</value></Data><Data name="amenity"><value>community_centre</value></Data><Data name="building"><value>public</value></Data><Data name="name"><value>Centro Giovani di Oristano</value></Data><Data name="website"><value>https://www.facebook.com/spazio.oristano</value></Data><Data name="@geometry"><value>center</value></Data></ExtendedData><Point><coordinates>8.5806541,39.9031289</coordinates></Point></Placemark><Placemark><name>Centro servizi culturali UNLA</name><ExtendedData><Data name="@id"><value>way/279205546</value></Data><Data name="website"><value>http://www.centroserviziculturali.it/</value></Data><Data name="addr:city"><value>Oristano</value></Data><Data name="addr:country"><value>IT</value></Data><Data name="addr:housenumber"><value>9</value></Data><Data name="addr:postcode"><value>09170</value></Data><Data name="addr:street"><value>Via Carpaccio</value></Data><Data name="amenity"><value>community_centre</value></Data><Data name="building"><value>yes</value></Data><Data name="name"><value>Centro servizi culturali UNLA</value></Data><Data name="opening_hours"><value>Mo-Fr 09:00-13:00,16:00-19:00</value></Data><Data name="@geometry"><value>center</value></Data></ExtendedData><Point><coordinates>8.5838251,39.9046869</coordinates></Point></Placemark><Placemark><name>Centro Sociale</name><ExtendedData><Data name="@id"><value>way/279355123</value></Data><Data name="amenity"><value>community_centre</value></Data><Data name="building"><value>yes</value></Data><Data name="name"><value>Centro Sociale</value></Data><Data name="@geometry"><value>center</value></Data></ExtendedData><Point><coordinates>8.7179415,39.5944107</coordinates></Point></Placemark><Placemark><name>Palazzo Corda-Colonna</name><ExtendedData><Data name="@id"><value>way/279399057</value></Data><Data name="amenity"><value>social_centre</value></Data><Data name="building"><value>yes</value></Data><Data name="building:levels"><value>4</value></Data><Data name="name"><value>Palazzo Corda-Colonna</value></Data><Data name="@geometry"><value>center</value></Data></ExtendedData><Point><coordinates>9.3309237,40.6515105</coordinates></Point></Placemark><Placemark><name>Discoteca Impero</name><ExtendedData><Data name="@id"><value>way/279650683</value></Data><Data name="amenity"><value>nightclub</value></Data><Data name="building"><value>yes</value></Data><Data name="name"><value>Discoteca Impero</value></Data><Data name="@geometry"><value>center</value></Data></ExtendedData><Point><coordinates>14.6994174,41.5573193</coordinates></Point></Placemark><Placemark><name>Ikebana</name><ExtendedData><Data name="@id"><value>way/282001110</value></Data><Data name="amenity"><value>nightclub</value></Data><Data name="name"><value>Ikebana</value></Data><Data name="@geometry"><value>center</value></Data></ExtendedData><Point><coordinates>10.5542176,44.9070551</coordinates></Point></Placemark><Placemark><name>Centro sociale</name><ExtendedData><Data name="@id"><value>way/282603225</value></Data><Data name="amenity"><value>community_centre</value></Data><Data name="building"><value>yes</value></Data><Data name="name"><value>Centro sociale</value></Data><Data name="@geometry"><value>center</value></Data></ExtendedData><Point><coordinates>8.7919189,39.5557611</coordinates></Point></Placemark><Placemark><name>Auditorium &quot;Fonato&quot;</name><ExtendedData><Data name="@id"><value>way/282709565</value></Data><Data name="amenity"><value>community_centre</value></Data><Data name="addr:city"><value>Thiene</value></Data><Data name="addr:housenumber"><value>35</value></Data><Data name="addr:postcode"><value>36016</value></Data><Data name="addr:street"><value>Via Carlo Del Prete</value></Data><Data name="building"><value>yes</value></Data><Data name="name"><value>Auditorium &quot;Fonato&quot;</value></Data><Data name="phone"><value>+39 0445 804745</value></Data><Data name="wheelchair"><value>yes</value></Data><Data name="@geometry"><value>center</value></Data></ExtendedData><Point><coordinates>11.4769032,45.7034808</coordinates></Point></Placemark><Placemark><name>MamboKing</name><ExtendedData><Data name="@id"><value>way/282750759</value></Data><Data name="amenity"><value>nightclub</value></Data><Data name="building"><value>yes</value></Data><Data name="name"><value>MamboKing</value></Data><Data name="@geometry"><value>center</value></Data></ExtendedData><Point><coordinates>13.6509479,42.6530623</coordinates></Point></Placemark><Placemark><name>Centro Giovani</name><ExtendedData><Data name="@id"><value>way/282996004</value></Data><Data name="addr:street"><value>Via del Marginone</value></Data><Data name="amenity"><value>community_centre</value></Data><Data name="name"><value>Centro Giovani</value></Data><Data name="@geometry"><value>center</value></Data></ExtendedData><Point><coordinates>10.5579525,43.8364994</coordinates></Point></Placemark><Placemark><name>Oratorio di Marmentino Paolo VI</name><ExtendedData><Data name="@id"><value>way/283222714</value></Data><Data name="amenity"><value>community_centre</value></Data><Data name="building"><value>yes</value></Data><Data name="community_centre"><value>parish_hall</value></Data><Data name="denomination"><value>catholic</value></Data><Data name="name"><value>Oratorio di Marmentino Paolo VI</value></Data><Data name="religion"><value>christian</value></Data><Data name="@geometry"><value>center</value></Data></ExtendedData><Point><coordinates>10.2927332,45.7528949</coordinates></Point></Placemark><Placemark><name>Centro Polivalente della Comunità Montana di Valle Trompia</name><ExtendedData><Data name="@id"><value>way/283261449</value></Data><Data name="amenity"><value>community_centre</value></Data><Data name="building"><value>yes</value></Data><Data name="name"><value>Centro Polivalente della Comunità Montana di Valle Trompia</value></Data><Data name="@geometry"><value>center</value></Data></ExtendedData><Point><coordinates>10.2438433,45.7567918</coordinates></Point></Placemark><Placemark><name>Colonia &quot;S. Antonio&quot; Frati Cappuccini</name><ExtendedData><Data name="@id"><value>way/283638302</value></Data><Data name="addr:city"><value>Posina</value></Data><Data name="addr:housenumber"><value>1</value></Data><Data name="addr:postcode"><value>36010</value></Data><Data name="addr:street"><value>Contrà Cavrin</value></Data><Data name="amenity"><value>community_centre</value></Data><Data name="denomination"><value>roman_catholic</value></Data><Data name="name"><value>Colonia &quot;S. Antonio&quot; Frati Cappuccini</value></Data><Data name="note"><value>Colonia spirituale</value></Data><Data name="operator"><value>Frati Cappuccini</value></Data><Data name="operator:type"><value>religious</value></Data><Data name="religion"><value>christian</value></Data><Data name="website"><value>http://www.fraticappuccini.it/new_site/</value></Data><Data name="@geometry"><value>center</value></Data></ExtendedData><Point><coordinates>11.2646039,45.792723</coordinates></Point></Placemark><Placemark><ExtendedData><Data name="@id"><value>way/283873152</value></Data><Data name="amenity"><value>nightclub</value></Data><Data name="website"><value>http://www.discotecadiomede.it/</value></Data><Data name="wheelchair"><value>yes</value></Data><Data name="@geometry"><value>center</value></Data></ExtendedData><Point><coordinates>15.4905311,42.1147553</coordinates></Point></Placemark><Placemark><name>Incubatore Sociale</name><ExtendedData><Data name="@id"><value>way/284911713</value></Data><Data name="amenity"><value>community_centre</value></Data><Data name="building"><value>yes</value></Data><Data name="name"><value>Incubatore Sociale</value></Data><Data name="@geometry"><value>center</value></Data></ExtendedData><Point><coordinates>14.6605623,41.5539813</coordinates></Point></Placemark><Placemark><name>Centro anziani</name><ExtendedData><Data name="@id"><value>way/285026399</value></Data><Data name="amenity"><value>community_centre</value></Data><Data name="name"><value>Centro anziani</value></Data><Data name="building"><value>yes</value></Data><Data name="@geometry"><value>center</value></Data></ExtendedData><Point><coordinates>9.7903896,45.5375774</coordinates></Point></Placemark><Placemark><name>Sala Civica di Molina</name><ExtendedData><Data name="@id"><value>way/286428800</value></Data><Data name="amenity"><value>community_centre</value></Data><Data name="building"><value>residential</value></Data><Data name="name"><value>Sala Civica di Molina</value></Data><Data name="operator"><value>Comune di Mandello del Lario</value></Data><Data name="wheelchair"><value>limited</value></Data><Data name="@geometry"><value>center</value></Data></ExtendedData><Point><coordinates>9.3222143,45.9216016</coordinates></Point></Placemark><Placemark><name>Oratorio Femminile San Lorenzo</name><ExtendedData><Data name="@id"><value>way/286759193</value></Data><Data name="amenity"><value>community_centre</value></Data><Data name="building"><value>yes</value></Data><Data name="name"><value>Oratorio Femminile San Lorenzo</value></Data><Data name="opening_hours:signed"><value>no</value></Data><Data name="operator"><value>Parrocchia San Lorenzo</value></Data><Data name="wheelchair"><value>yes</value></Data><Data name="@geometry"><value>center</value></Data></ExtendedData><Point><coordinates>9.3180589,45.9128333</coordinates></Point></Placemark><Placemark><name>Salone Plurioso di Agliè</name><ExtendedData><Data name="@id"><value>way/287317045</value></Data><Data name="name"><value>Salone Plurioso di Agliè</value></Data><Data name="amenity"><value>community_centre</value></Data><Data name="building"><value>yes</value></Data><Data name="@geometry"><value>center</value></Data></ExtendedData><Point><coordinates>7.765899,45.3679484</coordinates></Point></Placemark><Placemark><name>Centro di aggregazione multifunzionale Pecetta</name><ExtendedData><Data name="@id"><value>way/288063696</value></Data><Data name="amenity"><value>community_centre</value></Data><Data name="building"><value>yes</value></Data><Data name="building:levels"><value>1</value></Data><Data name="name"><value>Centro di aggregazione multifunzionale Pecetta</value></Data><Data name="@geometry"><value>center</value></Data></ExtendedData><Point><coordinates>9.1612046,45.4951321</coordinates></Point></Placemark><Placemark><name>Salone Polifunzionale di Bessolo</name><ExtendedData><Data name="@id"><value>way/288125510</value></Data><Data name="amenity"><value>community_centre</value></Data><Data name="building"><value>yes</value></Data><Data name="name"><value>Salone Polifunzionale di Bessolo</value></Data><Data name="@geometry"><value>center</value></Data></ExtendedData><Point><coordinates>7.8408217,45.3634607</coordinates></Point></Placemark><Placemark><name>Sala Polifunzionale di Cascine di Romano</name><ExtendedData><Data name="@id"><value>way/288619589</value></Data><Data name="alt_name"><value>Salone Pluriuso di Cascine di Romano</value></Data><Data name="amenity"><value>community_centre</value></Data><Data name="building"><value>civic</value></Data><Data name="loc_name"><value>Mulino di Cascine di Romano</value></Data><Data name="name"><value>Sala Polifunzionale di Cascine di Romano</value></Data><Data name="@geometry"><value>center</value></Data></ExtendedData><Point><coordinates>7.8673981,45.3989727</coordinates></Point></Placemark><Placemark><name>Oratorio</name><ExtendedData><Data name="@id"><value>way/288789250</value></Data><Data name="amenity"><value>community_centre</value></Data><Data name="building"><value>yes</value></Data><Data name="name"><value>Oratorio</value></Data><Data name="wheelchair"><value>yes</value></Data><Data name="@geometry"><value>center</value></Data></ExtendedData><Point><coordinates>7.5175482,45.0699949</coordinates></Point></Placemark><Placemark><name>Pelledoca</name><ExtendedData><Data name="@id"><value>way/289084501</value></Data><Data name="amenity"><value>nightclub</value></Data><Data name="building"><value>yes</value></Data><Data name="name"><value>Pelledoca</value></Data><Data name="website"><value>https://www.pelledoca.org/</value></Data><Data name="@geometry"><value>center</value></Data></ExtendedData><Point><coordinates>9.2675382,45.462079</coordinates></Point></Placemark><Placemark><name>Oratorio</name><ExtendedData><Data name="@id"><value>way/289549308</value></Data><Data name="opening_hours:covid19"><value>off</value></Data><Data name="wheelchair"><value>yes</value></Data><Data name="religion"><value>christian</value></Data><Data name="name"><value>Oratorio</value></Data><Data name="amenity"><value>community_centre</value></Data><Data name="@geometry"><value>center</value></Data></ExtendedData><Point><coordinates>9.6771063,45.5132103</coordinates></Point></Placemark><Placemark><name>Spazio Polivalente</name><ExtendedData><Data name="@id"><value>way/290457734</value></Data><Data name="amenity"><value>community_centre</value></Data><Data name="name"><value>Spazio Polivalente</value></Data><Data name="@geometry"><value>center</value></Data></ExtendedData><Point><coordinates>11.1258027,44.0578158</coordinates></Point></Placemark><Placemark><name>Oratorio Millepini</name><ExtendedData><Data name="@id"><value>way/290517151</value></Data><Data name="amenity"><value>community_centre</value></Data><Data name="name"><value>Oratorio Millepini</value></Data><Data name="@geometry"><value>center</value></Data></ExtendedData><Point><coordinates>9.3384449,45.4675194</coordinates></Point></Placemark><Placemark><ExtendedData><Data name="@id"><value>way/290539187</value></Data><Data name="amenity"><value>community_centre</value></Data><Data name="building"><value>yes</value></Data><Data name="layer"><value>1</value></Data><Data name="@geometry"><value>center</value></Data></ExtendedData><Point><coordinates>15.8040134,38.2884055</coordinates></Point></Placemark><Placemark><name>Villafranca Giovane</name><ExtendedData><Data name="@id"><value>way/290557954</value></Data><Data name="amenity"><value>community_centre</value></Data><Data name="barrier"><value>wall</value></Data><Data name="name"><value>Villafranca Giovane</value></Data><Data name="@geometry"><value>center</value></Data></ExtendedData><Point><coordinates>15.4343666,38.2386448</coordinates></Point></Placemark><Placemark><name>Salone Pluriuso Falconieri</name><ExtendedData><Data name="@id"><value>way/290765709</value></Data><Data name="amenity"><value>community_centre</value></Data><Data name="building"><value>civic</value></Data><Data name="name"><value>Salone Pluriuso Falconieri</value></Data><Data name="@geometry"><value>center</value></Data></ExtendedData><Point><coordinates>7.7931201,45.3334093</coordinates></Point></Placemark><Placemark><name>Centro di aggregazione sociale</name><ExtendedData><Data name="@id"><value>way/291626694</value></Data><Data name="addr:city"><value>Setzu</value></Data><Data name="addr:housenumber"><value>8</value></Data><Data name="addr:postcode"><value>09029</value></Data><Data name="addr:street"><value>Via Chiesa</value></Data><Data name="amenity"><value>community_centre</value></Data><Data name="building"><value>yes</value></Data><Data name="building:levels"><value>1</value></Data><Data name="name"><value>Centro di aggregazione sociale</value></Data><Data name="@geometry"><value>center</value></Data></ExtendedData><Point><coordinates>8.9398948,39.7238709</coordinates></Point></Placemark><Placemark><name>salone parrocchiale</name><ExtendedData><Data name="@id"><value>way/291626972</value></Data><Data name="addr:city"><value>Setzu</value></Data><Data name="addr:postcode"><value>09029</value></Data><Data name="addr:street"><value>Via Chiesa</value></Data><Data name="amenity"><value>community_centre</value></Data><Data name="building"><value>yes</value></Data><Data name="building:levels"><value>1</value></Data><Data name="name"><value>salone parrocchiale</value></Data><Data name="@geometry"><value>center</value></Data></ExtendedData><Point><coordinates>8.9403201,39.7241143</coordinates></Point></Placemark><Placemark><name>Oratorio di Lucino</name><ExtendedData><Data name="@id"><value>way/292213644</value></Data><Data name="amenity"><value>community_centre</value></Data><Data name="name"><value>Oratorio di Lucino</value></Data><Data name="religion"><value>christian</value></Data><Data name="@geometry"><value>center</value></Data></ExtendedData><Point><coordinates>9.358444,45.4738851</coordinates></Point></Placemark><Placemark><name>Koko Beach</name><ExtendedData><Data name="@id"><value>way/292453407</value></Data><Data name="amenity"><value>nightclub</value></Data><Data name="building"><value>yes</value></Data><Data name="name"><value>Koko Beach</value></Data><Data name="@geometry"><value>center</value></Data></ExtendedData><Point><coordinates>8.0499171,43.8874052</coordinates></Point></Placemark><Placemark><name>Spazio collaborativo</name><ExtendedData><Data name="@id"><value>way/292791275</value></Data><Data name="addr:city"><value>Esino Lario</value></Data><Data name="addr:postcode"><value>23825</value></Data><Data name="addr:street"><value>Piazza Ingegner Pietro Pensa</value></Data><Data name="amenity"><value>community_centre</value></Data><Data name="building"><value>yes</value></Data><Data name="layer"><value>0</value></Data><Data name="name"><value>Spazio collaborativo</value></Data><Data name="name:en"><value>Collaborative space</value></Data><Data name="note"><value>L'edificio è esattamente sotto il parcheggio ed è a sua volta su due livelli.</value></Data><Data name="operator"><value>Comune di Esino Lario</value></Data><Data name="wheelchair"><value>no</value></Data><Data name="wheelchair:description"><value>Scale</value></Data><Data name="@geometry"><value>center</value></Data></ExtendedData><Point><coordinates>9.3327309,45.9940957</coordinates></Point></Placemark><Placemark><name>Tensostruttura Beato Giovanni Paolo II</name><ExtendedData><Data name="@id"><value>way/293093748</value></Data><Data name="addr:city"><value>Mappano</value></Data><Data name="addr:postcode"><value>10072</value></Data><Data name="addr:street"><value>Piazza Giovanni Paolo II</value></Data><Data name="amenity"><value>community_centre</value></Data><Data name="building"><value>roof</value></Data><Data name="opening_hours"><value>PH,Mo-Su 00:00-23:59</value></Data><Data name="name"><value>Tensostruttura Beato Giovanni Paolo II</value></Data><Data name="@geometry"><value>center</value></Data></ExtendedData><Point><coordinates>7.7013694,45.1488107</coordinates></Point></Placemark><Placemark><name>Dancing &quot;John Lennon&quot;</name><ExtendedData><Data name="@id"><value>way/293226383</value></Data><Data name="addr:city"><value>Grottazzolina</value></Data><Data name="addr:postcode"><value>63844</value></Data><Data name="addr:street"><value>Strada Fonte Rotta</value></Data><Data name="amenity"><value>nightclub</value></Data><Data name="building"><value>yes</value></Data><Data name="name"><value>Dancing &quot;John Lennon&quot;</value></Data><Data name="@geometry"><value>center</value></Data></ExtendedData><Point><coordinates>13.6021786,43.1124269</coordinates></Point></Placemark><Placemark><name>Centro Sociale</name><ExtendedData><Data name="@id"><value>way/294099204</value></Data><Data name="amenity"><value>community_centre</value></Data><Data name="building"><value>public</value></Data><Data name="name"><value>Centro Sociale</value></Data><Data name="@geometry"><value>center</value></Data></ExtendedData><Point><coordinates>8.856988,40.1690917</coordinates></Point></Placemark><Placemark><name>Sa Prima Ighina</name><ExtendedData><Data name="@id"><value>way/294099300</value></Data><Data name="name"><value>Sa Prima Ighina</value></Data><Data name="building"><value>public</value></Data><Data name="amenity"><value>community_centre</value></Data><Data name="@geometry"><value>center</value></Data></ExtendedData><Point><coordinates>8.9206971,40.1757029</coordinates></Point></Placemark><Placemark><name>Biggest</name><ExtendedData><Data name="@id"><value>way/294279357</value></Data><Data name="addr:city"><value>Samassi</value></Data><Data name="addr:housenumber"><value>8</value></Data><Data name="addr:postcode"><value>09030</value></Data><Data name="addr:street"><value>Via Guglielmo Marconi</value></Data><Data name="amenity"><value>nightclub</value></Data><Data name="building"><value>yes</value></Data><Data name="name"><value>Biggest</value></Data><Data name="@geometry"><value>center</value></Data></ExtendedData><Point><coordinates>8.8970353,39.482515</coordinates></Point></Placemark><Placemark><name>Oratorio Arcobaleno</name><ExtendedData><Data name="@id"><value>way/294406722</value></Data><Data name="amenity"><value>community_centre</value></Data><Data name="building"><value>yes</value></Data><Data name="community_centre"><value>parish_hall</value></Data><Data name="denomination"><value>catholic</value></Data><Data name="name"><value>Oratorio Arcobaleno</value></Data><Data name="religion"><value>christian</value></Data><Data name="@geometry"><value>center</value></Data></ExtendedData><Point><coordinates>10.2067257,45.9469121</coordinates></Point></Placemark><Placemark><name>Oratorio Femminile</name><ExtendedData><Data name="@id"><value>way/295058512</value></Data><Data name="name"><value>Oratorio Femminile</value></Data><Data name="amenity"><value>community_centre</value></Data><Data name="building"><value>public</value></Data><Data name="building:levels"><value>3</value></Data><Data name="@geometry"><value>center</value></Data></ExtendedData><Point><coordinates>9.3004871,45.602351</coordinates></Point></Placemark><Placemark><ExtendedData><Data name="@id"><value>way/295428109</value></Data><Data name="amenity"><value>nightclub</value></Data><Data name="building"><value>yes</value></Data><Data name="@geometry"><value>center</value></Data></ExtendedData><Point><coordinates>10.5245582,45.4379399</coordinates></Point></Placemark><Placemark><ExtendedData><Data name="@id"><value>way/295519156</value></Data><Data name="amenity"><value>community_centre</value></Data><Data name="building"><value>yes</value></Data><Data name="@geometry"><value>center</value></Data></ExtendedData><Point><coordinates>8.5757298,40.0475211</coordinates></Point></Placemark><Placemark><name>Casello Idraulico</name><ExtendedData><Data name="@id"><value>way/296016126</value></Data><Data name="amenity"><value>community_centre</value></Data><Data name="community_centre"><value>events_venue</value></Data><Data name="name"><value>Casello Idraulico</value></Data><Data name="operator"><value>Comune di Follonica</value></Data><Data name="@geometry"><value>center</value></Data></ExtendedData><Point><coordinates>10.7578822,42.9220991</coordinates></Point></Placemark><Placemark><name>Club</name><ExtendedData><Data name="@id"><value>way/296378580</value></Data><Data name="amenity"><value>nightclub</value></Data><Data name="building"><value>yes</value></Data><Data name="name"><value>Club</value></Data><Data name="@geometry"><value>center</value></Data></ExtendedData><Point><coordinates>8.929578,38.9375783</coordinates></Point></Placemark><Placemark><name>Centro polivalente</name><ExtendedData><Data name="@id"><value>way/296584454</value></Data><Data name="amenity"><value>community_centre</value></Data><Data name="building"><value>yes</value></Data><Data name="name"><value>Centro polivalente</value></Data><Data name="@geometry"><value>center</value></Data></ExtendedData><Point><coordinates>9.1738781,40.0250042</coordinates></Point></Placemark><Placemark><name>Locale Polifunzionale &quot;Ex Valchisone&quot;</name><ExtendedData><Data name="@id"><value>way/296792191</value></Data><Data name="addr:city"><value>Orani</value></Data><Data name="addr:housenumber"><value>176</value></Data><Data name="addr:postcode"><value>08026</value></Data><Data name="addr:street"><value>Corso Italia</value></Data><Data name="amenity"><value>community_centre</value></Data><Data name="building"><value>yes</value></Data><Data name="layer"><value>1</value></Data><Data name="name"><value>Locale Polifunzionale &quot;Ex Valchisone&quot;</value></Data><Data name="@geometry"><value>center</value></Data></ExtendedData><Point><coordinates>9.1848857,40.2572237</coordinates></Point></Placemark><Placemark><name>San Micheletto</name><ExtendedData><Data name="@id"><value>way/296878920</value></Data><Data name="alt_name"><value>Chiesa di San Michele in Cipriano</value></Data><Data name="amenity"><value>community_centre</value></Data><Data name="building"><value>church</value></Data><Data name="name"><value>San Micheletto</value></Data><Data name="religion"><value>christian</value></Data><Data name="wikidata"><value>Q3671374</value></Data><Data name="wikipedia"><value>it:Chiesa di San Micheletto</value></Data><Data name="@geometry"><value>center</value></Data></ExtendedData><Point><coordinates>10.5109492,43.8425927</coordinates></Point></Placemark><Placemark><name>Womb</name><ExtendedData><Data name="@id"><value>way/297193992</value></Data><Data name="amenity"><value>nightclub</value></Data><Data name="building"><value>yes</value></Data><Data name="building:levels"><value>1</value></Data><Data name="name"><value>Womb</value></Data><Data name="@geometry"><value>center</value></Data></ExtendedData><Point><coordinates>18.1827557,40.329356</coordinates></Point></Placemark><Placemark><name>Casa Enna</name><ExtendedData><Data name="@id"><value>way/297433146</value></Data><Data name="amenity"><value>community_centre</value></Data><Data name="building"><value>yes</value></Data><Data name="name"><value>Casa Enna</value></Data><Data name="@geometry"><value>center</value></Data></ExtendedData><Point><coordinates>8.6489654,40.0046732</coordinates></Point></Placemark><Placemark><name>Casa San Giuseppe - Villa Maris Stella</name><ExtendedData><Data name="@id"><value>way/297506845</value></Data><Data name="phone"><value>+39 0586 49 10 60</value></Data><Data name="addr:city"><value>Quercianella</value></Data><Data name="addr:housenumber"><value>68</value></Data><Data name="addr:postcode"><value>57128</value></Data><Data name="addr:street"><value>Via Mario Puccini</value></Data><Data name="amenity"><value>community_centre</value></Data><Data name="building"><value>residential</value></Data><Data name="denomination"><value>catholic</value></Data><Data name="email"><value>casasgiuseppe@gmail.com</value></Data><Data name="name"><value>Casa San Giuseppe - Villa Maris Stella</value></Data><Data name="opening_hours:signed"><value>no</value></Data><Data name="religion"><value>christian</value></Data><Data name="website"><value>http://www.casasangiuseppe.net/</value></Data><Data name="@geometry"><value>center</value></Data></ExtendedData><Point><coordinates>10.3707799,43.4559512</coordinates></Point></Placemark><Placemark><name>Oratorio Padri Canossiani</name><ExtendedData><Data name="@id"><value>way/297723519</value></Data><Data name="amenity"><value>community_centre</value></Data><Data name="building"><value>yes</value></Data><Data name="community_centre"><value>parish_hall</value></Data><Data name="name"><value>Oratorio Padri Canossiani</value></Data><Data name="@geometry"><value>center</value></Data></ExtendedData><Point><coordinates>11.1100991,46.138552</coordinates></Point></Placemark><Placemark><name>Oratorio San Giovanni Bosco</name><ExtendedData><Data name="@id"><value>way/298364211</value></Data><Data name="amenity"><value>community_centre</value></Data><Data name="community_centre"><value>parish_hall</value></Data><Data name="denomination"><value>catholic</value></Data><Data name="name"><value>Oratorio San Giovanni Bosco</value></Data><Data name="religion"><value>christian</value></Data><Data name="building"><value>yes</value></Data><Data name="@geometry"><value>center</value></Data></ExtendedData><Point><coordinates>9.4443735,45.7855196</coordinates></Point></Placemark><Placemark><name>Centro &quot;You and Me&quot;</name><ExtendedData><Data name="@id"><value>way/299721868</value></Data><Data name="amenity"><value>community_centre</value></Data><Data name="building"><value>yes</value></Data><Data name="name"><value>Centro &quot;You and Me&quot;</value></Data><Data name="wheelchair"><value>yes</value></Data><Data name="@geometry"><value>center</value></Data></ExtendedData><Point><coordinates>18.1712684,40.3599252</coordinates></Point></Placemark><Placemark><name>Oratorio San Giuseppe</name><ExtendedData><Data name="@id"><value>way/299872505</value></Data><Data name="amenity"><value>community_centre</value></Data><Data name="community_centre"><value>parish_hall</value></Data><Data name="denomination"><value>catholic</value></Data><Data name="name"><value>Oratorio San Giuseppe</value></Data><Data name="religion"><value>christian</value></Data><Data name="@geometry"><value>center</value></Data></ExtendedData><Point><coordinates>9.2658067,45.6491913</coordinates></Point></Placemark><Placemark><name>Salone Polivalente</name><ExtendedData><Data name="@id"><value>way/301162897</value></Data><Data name="amenity"><value>community_centre</value></Data><Data name="building"><value>yes</value></Data><Data name="name"><value>Salone Polivalente</value></Data><Data name="@geometry"><value>center</value></Data></ExtendedData><Point><coordinates>7.0682342,45.1203977</coordinates></Point></Placemark><Placemark><name>Centro Sociale</name><ExtendedData><Data name="@id"><value>way/301718554</value></Data><Data name="amenity"><value>community_centre</value></Data><Data name="building"><value>yes</value></Data><Data name="name"><value>Centro Sociale</value></Data><Data name="@geometry"><value>center</value></Data></ExtendedData><Point><coordinates>9.1812499,39.3479698</coordinates></Point></Placemark><Placemark><name>Discoteca Don Carlos</name><ExtendedData><Data name="@id"><value>way/302444794</value></Data><Data name="amenity"><value>nightclub</value></Data><Data name="building"><value>yes</value></Data><Data name="name"><value>Discoteca Don Carlos</value></Data><Data name="@geometry"><value>center</value></Data></ExtendedData><Point><coordinates>10.717797,43.8429013</coordinates></Point></Placemark><Placemark><name>Borderline Club</name><ExtendedData><Data name="@id"><value>way/302713141</value></Data><Data name="website"><value>http://www.borderlineclubpisa.it/</value></Data><Data name="addr:city"><value>Pisa</value></Data><Data name="addr:housenumber"><value>7</value></Data><Data name="addr:postcode"><value>56127</value></Data><Data name="addr:street"><value>Via Giuseppe Vernaccini</value></Data><Data name="amenity"><value>nightclub</value></Data><Data name="building"><value>yes</value></Data><Data name="name"><value>Borderline Club</value></Data><Data name="outdoor_seating"><value>no</value></Data><Data name="smoking"><value>isolated</value></Data><Data name="@geometry"><value>center</value></Data></ExtendedData><Point><coordinates>10.4047767,43.7175508</coordinates></Point></Placemark><Placemark><name>Casa delle associazioni isolane - Ex-chiesa San Giacomo</name><ExtendedData><Data name="@id"><value>way/302827883</value></Data><Data name="amenity"><value>community_centre</value></Data><Data name="building"><value>yes</value></Data><Data name="name"><value>Casa delle associazioni isolane - Ex-chiesa San Giacomo</value></Data><Data name="@geometry"><value>center</value></Data></ExtendedData><Point><coordinates>14.0222773,40.7601272</coordinates></Point></Placemark><Placemark><name>Oratorio San Giovanni Bosco</name><ExtendedData><Data name="@id"><value>way/303060484</value></Data><Data name="name"><value>Oratorio San Giovanni Bosco</value></Data><Data name="addr:city"><value>Villasanta</value></Data><Data name="addr:country"><value>IT</value></Data><Data name="addr:housenumber"><value>6</value></Data><Data name="addr:postcode"><value>20852</value></Data><Data name="addr:street"><value>Via Ambrogio Villa</value></Data><Data name="amenity"><value>community_centre</value></Data><Data name="building"><value>parish</value></Data><Data name="@geometry"><value>center</value></Data></ExtendedData><Point><coordinates>9.302894,45.6035633</coordinates></Point></Placemark><Placemark><ExtendedData><Data name="@id"><value>way/303537115</value></Data><Data name="amenity"><value>community_centre</value></Data><Data name="building"><value>yes</value></Data><Data name="@geometry"><value>center</value></Data></ExtendedData><Point><coordinates>11.5561707,46.0811797</coordinates></Point></Placemark><Placemark><name>Circolo Fenalc</name><ExtendedData><Data name="@id"><value>way/303917336</value></Data><Data name="amenity"><value>social_centre</value></Data><Data name="building"><value>house</value></Data><Data name="name"><value>Circolo Fenalc</value></Data><Data name="operator"><value>Fenalc</value></Data><Data name="@geometry"><value>center</value></Data></ExtendedData><Point><coordinates>12.849354,43.2646108</coordinates></Point></Placemark><Placemark><name>Centro Polivalente Vincenzo Migaleddu</name><ExtendedData><Data name="@id"><value>way/304087056</value></Data><Data name="amenity"><value>community_centre</value></Data><Data name="building"><value>yes</value></Data><Data name="name"><value>Centro Polivalente Vincenzo Migaleddu</value></Data><Data name="name:it"><value>Centro Polivalente Vincenzo Migaleddu</value></Data><Data name="name:sc"><value>Tzentru Polivalente Vissente Migaleddu</value></Data><Data name="@geometry"><value>center</value></Data></ExtendedData><Point><coordinates>8.8130108,40.7795168</coordinates></Point></Placemark><Placemark><name>Oratorio San Luigi</name><ExtendedData><Data name="@id"><value>way/304194006</value></Data><Data name="name"><value>Oratorio San Luigi</value></Data><Data name="amenity"><value>community_centre</value></Data><Data name="building"><value>yes</value></Data><Data name="community_centre:for"><value>juvenile</value></Data><Data name="@geometry"><value>center</value></Data></ExtendedData><Point><coordinates>8.5477045,45.756108</coordinates></Point></Placemark><Placemark><name>Centro Anziani</name><ExtendedData><Data name="@id"><value>way/304571849</value></Data><Data name="building"><value>yes</value></Data><Data name="amenity"><value>community_centre</value></Data><Data name="name"><value>Centro Anziani</value></Data><Data name="community_centre"><value>senior_centre</value></Data><Data name="@geometry"><value>center</value></Data></ExtendedData><Point><coordinates>12.5680918,41.8834691</coordinates></Point></Placemark><Placemark><name>Mitho</name><ExtendedData><Data name="@id"><value>way/304664732</value></Data><Data name="amenity"><value>nightclub</value></Data><Data name="building"><value>yes</value></Data><Data name="name"><value>Mitho</value></Data><Data name="@geometry"><value>center</value></Data></ExtendedData><Point><coordinates>7.6146395,44.9352011</coordinates></Point></Placemark><Placemark><name>Oratorio San Giuseppe</name><ExtendedData><Data name="@id"><value>way/304803480</value></Data><Data name="amenity"><value>community_centre</value></Data><Data name="denomination"><value>catholic</value></Data><Data name="name"><value>Oratorio San Giuseppe</value></Data><Data name="name:etymology:wikidata"><value>Q128267</value></Data><Data name="religion"><value>christian</value></Data><Data name="@geometry"><value>center</value></Data></ExtendedData><Point><coordinates>8.8425515,45.6236813</coordinates></Point></Placemark><Placemark><name>Centro anziani Ain Karim</name><ExtendedData><Data name="@id"><value>way/304980160</value></Data><Data name="amenity"><value>community_centre</value></Data><Data name="building"><value>yes</value></Data><Data name="name"><value>Centro anziani Ain Karim</value></Data><Data name="@geometry"><value>center</value></Data></ExtendedData><Point><coordinates>15.0098911,37.2526967</coordinates></Point></Placemark><Placemark><name>K-Klass</name><ExtendedData><Data name="@id"><value>way/305030831</value></Data><Data name="amenity"><value>nightclub</value></Data><Data name="building"><value>yes</value></Data><Data name="name"><value>K-Klass</value></Data><Data name="@geometry"><value>center</value></Data></ExtendedData><Point><coordinates>9.1478897,45.7955721</coordinates></Point></Placemark><Placemark><name>Centro Diurno per Anziani</name><ExtendedData><Data name="@id"><value>way/305246766</value></Data><Data name="amenity"><value>community_centre</value></Data><Data name="name"><value>Centro Diurno per Anziani</value></Data><Data name="@geometry"><value>center</value></Data></ExtendedData><Point><coordinates>8.8920425,45.6626108</coordinates></Point></Placemark><Placemark><ExtendedData><Data name="@id"><value>way/305318384</value></Data><Data name="community_centre"><value>social_centre</value></Data><Data name="amenity"><value>community_centre</value></Data><Data name="building"><value>yes</value></Data><Data name="@geometry"><value>center</value></Data></ExtendedData><Point><coordinates>12.5666736,41.8789682</coordinates></Point></Placemark><Placemark><name>Centro Sociale</name><ExtendedData><Data name="@id"><value>way/305351125</value></Data><Data name="amenity"><value>community_centre</value></Data><Data name="building"><value>yes</value></Data><Data name="name"><value>Centro Sociale</value></Data><Data name="@geometry"><value>center</value></Data></ExtendedData><Point><coordinates>8.6363258,39.9498672</coordinates></Point></Placemark><Placemark><name>Società San Paolo</name><ExtendedData><Data name="@id"><value>way/305427176</value></Data><Data name="alt_name"><value>Società S. Paolo;Centro Culturale S. Paolo</value></Data><Data name="amenity"><value>social_centre</value></Data><Data name="name"><value>Società San Paolo</value></Data><Data name="phone"><value>+39 0444 922737</value></Data><Data name="@geometry"><value>center</value></Data></ExtendedData><Point><coordinates>11.5336504,45.558987</coordinates></Point></Placemark><Placemark><name>Casa di Quartiere &quot;La Meglio Gioventù&quot;</name><ExtendedData><Data name="@id"><value>way/305921361</value></Data><Data name="amenity"><value>community_centre</value></Data><Data name="building"><value>yes</value></Data><Data name="name"><value>Casa di Quartiere &quot;La Meglio Gioventù&quot;</value></Data><Data name="website"><value>http://www.coopquadrifoglio.net/it/casa_di_quartiere_la_meglio_gioventu.html</value></Data><Data name="@geometry"><value>center</value></Data></ExtendedData><Point><coordinates>12.0458667,42.8753767</coordinates></Point></Placemark><Placemark><name>Sala Polivalente</name><ExtendedData><Data name="@id"><value>way/305921383</value></Data><Data name="amenity"><value>community_centre</value></Data><Data name="building"><value>yes</value></Data><Data name="name"><value>Sala Polivalente</value></Data><Data name="@geometry"><value>center</value></Data></ExtendedData><Point><coordinates>12.0438223,42.8743992</coordinates></Point></Placemark><Placemark><name>Oratorio Giovanile Parrocchiale San Giovanni Bosco</name><ExtendedData><Data name="@id"><value>way/306003309</value></Data><Data name="amenity"><value>community_centre</value></Data><Data name="name"><value>Oratorio Giovanile Parrocchiale San Giovanni Bosco</value></Data><Data name="@geometry"><value>center</value></Data></ExtendedData><Point><coordinates>9.5548594,45.4436166</coordinates></Point></Placemark><Placemark><ExtendedData><Data name="@id"><value>way/306035155</value></Data><Data name="amenity"><value>nightclub</value></Data><Data name="building"><value>yes</value></Data><Data name="@geometry"><value>center</value></Data></ExtendedData><Point><coordinates>10.4472347,43.8509543</coordinates></Point></Placemark><Placemark><name>Filatoio</name><ExtendedData><Data name="@id"><value>way/306212337</value></Data><Data name="website"><value>http://www.filatoio.com/</value></Data><Data name="amenity"><value>community_centre</value></Data><Data name="building"><value>yes</value></Data><Data name="community_centre:for"><value>multigeneration</value></Data><Data name="name"><value>Filatoio</value></Data><Data name="source"><value>Regione Emilia Romagna</value></Data><Data name="@geometry"><value>center</value></Data></ExtendedData><Point><coordinates>10.9347803,44.6530134</coordinates></Point></Placemark><Placemark><name>Sede Società Filarmonica La Novella</name><ExtendedData><Data name="@id"><value>way/306442516</value></Data><Data name="addr:city"><value>San Maurizio Canavese</value></Data><Data name="addr:housenumber"><value>2</value></Data><Data name="addr:place"><value>Piazza degli Alpini</value></Data><Data name="addr:postcode"><value>10077</value></Data><Data name="amenity"><value>social_centre</value></Data><Data name="name"><value>Sede Società Filarmonica La Novella</value></Data><Data name="building"><value>yes</value></Data><Data name="building:levels"><value>1</value></Data><Data name="@geometry"><value>center</value></Data></ExtendedData><Point><coordinates>7.6294439,45.2130485</coordinates></Point></Placemark><Placemark><name>Cycle Club</name><ExtendedData><Data name="@id"><value>way/308574883</value></Data><Data name="amenity"><value>nightclub</value></Data><Data name="building"><value>yes</value></Data><Data name="name"><value>Cycle Club</value></Data><Data name="website"><value>http://www.cycleclub.it/</value></Data><Data name="@geometry"><value>center</value></Data></ExtendedData><Point><coordinates>11.172586,43.8626771</coordinates></Point></Placemark><Placemark><name>Oratorio San Colombano</name><ExtendedData><Data name="@id"><value>way/308802035</value></Data><Data name="amenity"><value>community_centre</value></Data><Data name="building"><value>yes</value></Data><Data name="community_centre"><value>parish_hall</value></Data><Data name="denomination"><value>catholic</value></Data><Data name="name"><value>Oratorio San Colombano</value></Data><Data name="religion"><value>christian</value></Data><Data name="@geometry"><value>center</value></Data></ExtendedData><Point><coordinates>10.3664874,45.8098516</coordinates></Point></Placemark><Placemark><ExtendedData><Data name="@id"><value>way/309831635</value></Data><Data name="amenity"><value>community_centre</value></Data><Data name="leisure"><value>common</value></Data><Data name="@geometry"><value>center</value></Data></ExtendedData><Point><coordinates>7.9830042,44.4518245</coordinates></Point></Placemark><Placemark><name>The New King</name><ExtendedData><Data name="@id"><value>way/310774378</value></Data><Data name="amenity"><value>nightclub</value></Data><Data name="building"><value>yes</value></Data><Data name="contact:facebook"><value>https://www.facebook.com/pages/The-New-KING-Terracina/271655049554831</value></Data><Data name="name"><value>The New King</value></Data><Data name="@geometry"><value>center</value></Data></ExtendedData><Point><coordinates>13.2005047,41.2868895</coordinates></Point></Placemark><Placemark><name>Oratorio San Giorgio</name><ExtendedData><Data name="@id"><value>way/310886574</value></Data><Data name="name"><value>Oratorio San Giorgio</value></Data><Data name="amenity"><value>community_centre</value></Data><Data name="building"><value>yes</value></Data><Data name="community_centre:for"><value>juvenile</value></Data><Data name="@geometry"><value>center</value></Data></ExtendedData><Point><coordinates>8.54819,45.7486132</coordinates></Point></Placemark><Placemark><ExtendedData><Data name="@id"><value>way/310962005</value></Data><Data name="amenity"><value>community_centre</value></Data><Data name="building"><value>yes</value></Data><Data name="@geometry"><value>center</value></Data></ExtendedData><Point><coordinates>9.3217121,45.1599796</coordinates></Point></Placemark><Placemark><name>Art Club</name><ExtendedData><Data name="@id"><value>way/311315965</value></Data><Data name="amenity"><value>nightclub</value></Data><Data name="building"><value>industrial</value></Data><Data name="name"><value>Art Club</value></Data><Data name="@geometry"><value>center</value></Data></ExtendedData><Point><coordinates>10.5149775,45.449016</coordinates></Point></Placemark><Placemark><name>Centro Turistico e per il Tempo Libero &quot;Po&quot;</name><ExtendedData><Data name="@id"><value>way/311334553</value></Data><Data name="amenity"><value>community_centre</value></Data><Data name="name"><value>Centro Turistico e per il Tempo Libero &quot;Po&quot;</value></Data><Data name="@geometry"><value>center</value></Data></ExtendedData><Point><coordinates>9.3493087,45.1068835</coordinates></Point></Placemark><Placemark><name>Druso</name><ExtendedData><Data name="@id"><value>way/311519287</value></Data><Data name="addr:city"><value>Ranica</value></Data><Data name="addr:housenumber"><value>17</value></Data><Data name="addr:postcode"><value>24020</value></Data><Data name="addr:street"><value>Via Antonio Locatelli</value></Data><Data name="amenity"><value>nightclub</value></Data><Data name="building"><value>yes</value></Data><Data name="name"><value>Druso</value></Data><Data name="@geometry"><value>center</value></Data></ExtendedData><Point><coordinates>9.7226213,45.7126507</coordinates></Point></Placemark><Placemark><name>Discoteca Mamamia</name><ExtendedData><Data name="@id"><value>way/311565186</value></Data><Data name="amenity"><value>nightclub</value></Data><Data name="name"><value>Discoteca Mamamia</value></Data><Data name="@geometry"><value>center</value></Data></ExtendedData><Point><coordinates>13.1698284,43.7398546</coordinates></Point></Placemark><Placemark><name>Sede Riserva di caccia di Gemona</name><ExtendedData><Data name="@id"><value>way/311769348</value></Data><Data name="amenity"><value>social_centre</value></Data><Data name="building"><value>yes</value></Data><Data name="club"><value>hunting</value></Data><Data name="name"><value>Sede Riserva di caccia di Gemona</value></Data><Data name="@geometry"><value>center</value></Data></ExtendedData><Point><coordinates>13.1403504,46.2905334</coordinates></Point></Placemark><Placemark><name>Oratorio S.Luigi - G.S.G. Lecco</name><ExtendedData><Data name="@id"><value>way/311838916</value></Data><Data name="amenity"><value>community_centre</value></Data><Data name="building"><value>yes</value></Data><Data name="building:levels"><value>3</value></Data><Data name="name"><value>Oratorio S.Luigi - G.S.G. Lecco</value></Data><Data name="@geometry"><value>center</value></Data></ExtendedData><Point><coordinates>9.3884584,45.856985</coordinates></Point></Placemark><Placemark><name>Oratorio di Acquate</name><ExtendedData><Data name="@id"><value>way/311843388</value></Data><Data name="amenity"><value>community_centre</value></Data><Data name="building"><value>public</value></Data><Data name="name"><value>Oratorio di Acquate</value></Data><Data name="@geometry"><value>center</value></Data></ExtendedData><Point><coordinates>9.4082896,45.8608761</coordinates></Point></Placemark><Placemark><name>Istituto Casa Don Guanella</name><ExtendedData><Data name="@id"><value>way/311891120</value></Data><Data name="website"><value>http://www.donguanellalecco.it/</value></Data><Data name="addr:city"><value>Lecco</value></Data><Data name="addr:country"><value>IT</value></Data><Data name="addr:housenumber"><value>57</value></Data><Data name="addr:postcode"><value>23900</value></Data><Data name="addr:street"><value>Via Giovanni Amendola</value></Data><Data name="amenity"><value>community_centre</value></Data><Data name="building"><value>public</value></Data><Data name="name"><value>Istituto Casa Don Guanella</value></Data><Data name="phone"><value>+39 0341 364389</value></Data><Data name="@geometry"><value>center</value></Data></ExtendedData><Point><coordinates>9.398479,45.8528665</coordinates></Point></Placemark><Placemark><name>Casa del Popolo</name><ExtendedData><Data name="@id"><value>way/311957316</value></Data><Data name="amenity"><value>community_centre</value></Data><Data name="building"><value>commercial</value></Data><Data name="community_centre"><value>social_centre</value></Data><Data name="name"><value>Casa del Popolo</value></Data><Data name="wheelchair"><value>yes</value></Data><Data name="@geometry"><value>center</value></Data></ExtendedData><Point><coordinates>10.5674898,43.167038</coordinates></Point></Placemark><Placemark><name>Oratorio di Vestone</name><ExtendedData><Data name="@id"><value>way/312137724</value></Data><Data name="amenity"><value>community_centre</value></Data><Data name="building"><value>yes</value></Data><Data name="community_centre"><value>parish_hall</value></Data><Data name="denomination"><value>catholic</value></Data><Data name="name"><value>Oratorio di Vestone</value></Data><Data name="religion"><value>christian</value></Data><Data name="@geometry"><value>center</value></Data></ExtendedData><Point><coordinates>10.4066229,45.7104533</coordinates></Point></Placemark><Placemark><name>Sala Polifunzionale</name><ExtendedData><Data name="@id"><value>way/312201443</value></Data><Data name="amenity"><value>community_centre</value></Data><Data name="building"><value>yes</value></Data><Data name="name"><value>Sala Polifunzionale</value></Data><Data name="@geometry"><value>center</value></Data></ExtendedData><Point><coordinates>8.4658942,46.1427647</coordinates></Point></Placemark><Placemark><name>Oratorio San Giovanni Bosco</name><ExtendedData><Data name="@id"><value>way/312859469</value></Data><Data name="amenity"><value>social_centre</value></Data><Data name="building"><value>yes</value></Data><Data name="contact:website"><value>http://www.donboscorivoli.it/</value></Data><Data name="name"><value>Oratorio San Giovanni Bosco</value></Data><Data name="@geometry"><value>center</value></Data></ExtendedData><Point><coordinates>7.5512969,45.070852</coordinates></Point></Placemark><Placemark><ExtendedData><Data name="@id"><value>way/313295420</value></Data><Data name="addr:city"><value>Camaiore</value></Data><Data name="addr:postcode"><value>55041</value></Data><Data name="addr:street"><value>via Adolfo Saporetti</value></Data><Data name="amenity"><value>community_centre</value></Data><Data name="building"><value>yes</value></Data><Data name="@geometry"><value>center</value></Data></ExtendedData><Point><coordinates>10.3248902,43.9608313</coordinates></Point></Placemark><Placemark><name>Oratorio Paolo VI e Giovanni Paolo II</name><ExtendedData><Data name="@id"><value>way/314187916</value></Data><Data name="amenity"><value>community_centre</value></Data><Data name="building"><value>yes</value></Data><Data name="community_centre"><value>parish_hall</value></Data><Data name="denomination"><value>catholic</value></Data><Data name="name"><value>Oratorio Paolo VI e Giovanni Paolo II</value></Data><Data name="religion"><value>christian</value></Data><Data name="@geometry"><value>center</value></Data></ExtendedData><Point><coordinates>10.2013215,45.6149762</coordinates></Point></Placemark><Placemark><name>Loft 53</name><ExtendedData><Data name="@id"><value>way/314569321</value></Data><Data name="amenity"><value>nightclub</value></Data><Data name="building"><value>yes</value></Data><Data name="name"><value>Loft 53</value></Data><Data name="@geometry"><value>center</value></Data></ExtendedData><Point><coordinates>8.7397449,45.9836696</coordinates></Point></Placemark><Placemark><name>C.E.A.S. Stagnali</name><ExtendedData><Data name="@id"><value>way/315819348</value></Data><Data name="amenity"><value>community_centre</value></Data><Data name="barrier"><value>wall</value></Data><Data name="community_centre"><value>environment_centre</value></Data><Data name="material"><value>concrete</value></Data><Data name="name"><value>C.E.A.S. Stagnali</value></Data><Data name="wall"><value>brick</value></Data><Data name="@geometry"><value>center</value></Data></ExtendedData><Point><coordinates>9.4535863,41.1979333</coordinates></Point></Placemark><Placemark><name>Centro Sociale</name><ExtendedData><Data name="@id"><value>way/315938962</value></Data><Data name="amenity"><value>community_centre</value></Data><Data name="building"><value>public</value></Data><Data name="name"><value>Centro Sociale</value></Data><Data name="@geometry"><value>center</value></Data></ExtendedData><Point><coordinates>8.7071928,39.958713</coordinates></Point></Placemark><Placemark><name>Centro polivalente</name><ExtendedData><Data name="@id"><value>way/315944915</value></Data><Data name="amenity"><value>community_centre</value></Data><Data name="building"><value>yes</value></Data><Data name="name"><value>Centro polivalente</value></Data><Data name="@geometry"><value>center</value></Data></ExtendedData><Point><coordinates>8.7149595,39.9625967</coordinates></Point></Placemark><Placemark><name>Agorà di Abbasanta</name><ExtendedData><Data name="@id"><value>way/316420287</value></Data><Data name="amenity"><value>community_centre</value></Data><Data name="building"><value>public</value></Data><Data name="name"><value>Agorà di Abbasanta</value></Data><Data name="@geometry"><value>center</value></Data></ExtendedData><Point><coordinates>8.8210416,40.1233438</coordinates></Point></Placemark><Placemark><name>Masai</name><ExtendedData><Data name="@id"><value>way/317371876</value></Data><Data name="amenity"><value>nightclub</value></Data><Data name="building"><value>yes</value></Data><Data name="name"><value>Masai</value></Data><Data name="@geometry"><value>center</value></Data></ExtendedData><Point><coordinates>12.6621339,43.571953</coordinates></Point></Placemark><Placemark><name>Oratorio di Caino</name><ExtendedData><Data name="@id"><value>way/317700626</value></Data><Data name="amenity"><value>community_centre</value></Data><Data name="building"><value>yes</value></Data><Data name="community_centre"><value>parish_hall</value></Data><Data name="denomination"><value>catholic</value></Data><Data name="name"><value>Oratorio di Caino</value></Data><Data name="religion"><value>christian</value></Data><Data name="@geometry"><value>center</value></Data></ExtendedData><Point><coordinates>10.3169146,45.6135812</coordinates></Point></Placemark><Placemark><name>Duel Beat</name><ExtendedData><Data name="@id"><value>way/317978666</value></Data><Data name="website"><value>https://www.duelbeat.it/</value></Data><Data name="phone"><value>+39 333 429 2254</value></Data><Data name="name"><value>Duel Beat</value></Data><Data name="addr:housenumber"><value>2/A</value></Data><Data name="addr:city"><value>Pozzuoli</value></Data><Data name="addr:postcode"><value>80078</value></Data><Data name="addr:street"><value>Via Antiniana</value></Data><Data name="amenity"><value>nightclub</value></Data><Data name="building"><value>yes</value></Data><Data name="@geometry"><value>center</value></Data></ExtendedData><Point><coordinates>14.1547265,40.8282112</coordinates></Point></Placemark><Placemark><name>Sol Levante</name><ExtendedData><Data name="@id"><value>way/319806559</value></Data><Data name="addr:city"><value>Scafati</value></Data><Data name="addr:street"><value>Via Giovanni Battista Casciello</value></Data><Data name="amenity"><value>nightclub</value></Data><Data name="building"><value>yes</value></Data><Data name="name"><value>Sol Levante</value></Data><Data name="website"><value>http://www.sollevante.it/wsc/</value></Data><Data name="@geometry"><value>center</value></Data></ExtendedData><Point><coordinates>14.5147201,40.7594077</coordinates></Point></Placemark><Placemark><name>Centro Sociale</name><ExtendedData><Data name="@id"><value>way/319984651</value></Data><Data name="amenity"><value>community_centre</value></Data><Data name="building"><value>public</value></Data><Data name="name"><value>Centro Sociale</value></Data><Data name="@geometry"><value>center</value></Data></ExtendedData><Point><coordinates>9.0451529,39.3813725</coordinates></Point></Placemark><Placemark><name>Corte degli Angeli</name><ExtendedData><Data name="@id"><value>way/320654175</value></Data><Data name="addr:city"><value>Cerea</value></Data><Data name="addr:housenumber"><value>4/a</value></Data><Data name="addr:postcode"><value>37053</value></Data><Data name="addr:street"><value>Via Palesella</value></Data><Data name="amenity"><value>nightclub</value></Data><Data name="building"><value>yes</value></Data><Data name="name"><value>Corte degli Angeli</value></Data><Data name="website"><value>http://www.cortedegliangeli.com/</value></Data><Data name="@geometry"><value>center</value></Data></ExtendedData><Point><coordinates>11.2384893,45.211015</coordinates></Point></Placemark><Placemark><name>Circolo Autorità Portuale &amp; Società del Porto di Genova</name><ExtendedData><Data name="@id"><value>way/321110556</value></Data><Data name="amenity"><value>community_centre</value></Data><Data name="building"><value>yes</value></Data><Data name="name"><value>Circolo Autorità Portuale &amp; Società del Porto di Genova</value></Data><Data name="short_name"><value>CAP</value></Data><Data name="@geometry"><value>center</value></Data></ExtendedData><Point><coordinates>8.9064051,44.4096106</coordinates></Point></Placemark><Placemark><name>Circolo Nautico</name><ExtendedData><Data name="@id"><value>way/321666038</value></Data><Data name="amenity"><value>community_centre</value></Data><Data name="club"><value>sport</value></Data><Data name="name"><value>Circolo Nautico</value></Data><Data name="@geometry"><value>center</value></Data></ExtendedData><Point><coordinates>13.8413616,43.1019885</coordinates></Point></Placemark><Placemark><name>Oratorio di San Giovanni Battista</name><ExtendedData><Data name="@id"><value>way/323834950</value></Data><Data name="phone"><value>+39 06 90154333</value></Data><Data name="addr:city"><value>Campagnano di Roma</value></Data><Data name="addr:housenumber"><value>7</value></Data><Data name="addr:postcode"><value>00063</value></Data><Data name="addr:street"><value>Via Dante Alighieri</value></Data><Data name="amenity"><value>community_centre</value></Data><Data name="building"><value>public</value></Data><Data name="inscription"><value>Centro Parrocchiale – Oratorio</value></Data><Data name="name"><value>Oratorio di San Giovanni Battista</value></Data><Data name="@geometry"><value>center</value></Data></ExtendedData><Point><coordinates>12.3786458,42.1423903</coordinates></Point></Placemark><Placemark><name>Auditorium Comunale “F. D. Ragni”</name><ExtendedData><Data name="@id"><value>way/324742562</value></Data><Data name="amenity"><value>community_centre</value></Data><Data name="building"><value>yes</value></Data><Data name="name"><value>Auditorium Comunale “F. D. Ragni”</value></Data><Data name="old_name"><value>Oratorio della Confraternita di San Giovanni Battista</value></Data><Data name="@geometry"><value>center</value></Data></ExtendedData><Point><coordinates>8.7350968,44.9593503</coordinates></Point></Placemark><Placemark><name>Circolo Combattenti e Reduci del Cardino</name><ExtendedData><Data name="@id"><value>way/324817001</value></Data><Data name="building"><value>yes</value></Data><Data name="amenity"><value>community_centre</value></Data><Data name="name"><value>Circolo Combattenti e Reduci del Cardino</value></Data><Data name="@geometry"><value>center</value></Data></ExtendedData><Point><coordinates>10.6726588,43.8876413</coordinates></Point></Placemark><Placemark><name>Ex Chiesa di San Domenico</name><ExtendedData><Data name="@id"><value>way/324818886</value></Data><Data name="amenity"><value>community_centre</value></Data><Data name="building"><value>church</value></Data><Data name="name"><value>Ex Chiesa di San Domenico</value></Data><Data name="religion"><value>christian</value></Data><Data name="@geometry"><value>center</value></Data></ExtendedData><Point><coordinates>8.5929703,39.9035649</coordinates></Point></Placemark><Placemark><name>Casa del popolo di Alberghi</name><ExtendedData><Data name="@id"><value>way/324977110</value></Data><Data name="amenity"><value>community_centre</value></Data><Data name="building"><value>yes</value></Data><Data name="name"><value>Casa del popolo di Alberghi</value></Data><Data name="@geometry"><value>center</value></Data></ExtendedData><Point><coordinates>10.6890358,43.8780925</coordinates></Point></Placemark><Placemark><name>Casa dei Serlesi</name><ExtendedData><Data name="@id"><value>way/326161649</value></Data><Data name="amenity"><value>community_centre</value></Data><Data name="building"><value>public</value></Data><Data name="name"><value>Casa dei Serlesi</value></Data><Data name="@geometry"><value>center</value></Data></ExtendedData><Point><coordinates>10.3687897,45.574968</coordinates></Point></Placemark><Placemark><name>Sala Parrocchiale Don Arcangelo Tadini</name><ExtendedData><Data name="@id"><value>way/326161654</value></Data><Data name="start_date"><value>C8</value></Data><Data name="name"><value>Sala Parrocchiale Don Arcangelo Tadini</value></Data><Data name="alt_name"><value>Ex Oratorio di San Michele</value></Data><Data name="amenity"><value>community_centre</value></Data><Data name="building"><value>church</value></Data><Data name="disused:amenity"><value>place_of_worship</value></Data><Data name="disused:denomination"><value>catholic</value></Data><Data name="disused:religion"><value>christian</value></Data><Data name="@geometry"><value>center</value></Data></ExtendedData><Point><coordinates>10.3037918,45.5400605</coordinates></Point></Placemark><Placemark><name>Carroponte</name><ExtendedData><Data name="@id"><value>way/326202527</value></Data><Data name="wheelchair"><value>limited</value></Data><Data name="operator"><value>ARCI Milano</value></Data><Data name="name"><value>Carroponte</value></Data><Data name="height"><value>20</value></Data><Data name="amenity"><value>community_centre</value></Data><Data name="addr:street"><value>Via Luigi Granelli</value></Data><Data name="addr:postcode"><value>20099</value></Data><Data name="addr:city"><value>Sesto San Giovanni</value></Data><Data name="addr:country"><value>IT</value></Data><Data name="addr:housenumber"><value>1</value></Data><Data name="@geometry"><value>center</value></Data></ExtendedData><Point><coordinates>9.2212036,45.5294695</coordinates></Point></Placemark><Placemark><name>Oratorio Paolo VI</name><ExtendedData><Data name="@id"><value>way/326226379</value></Data><Data name="amenity"><value>community_centre</value></Data><Data name="denomination"><value>catholic</value></Data><Data name="name"><value>Oratorio Paolo VI</value></Data><Data name="religion"><value>christian</value></Data><Data name="@geometry"><value>center</value></Data></ExtendedData><Point><coordinates>9.1364627,45.6477467</coordinates></Point></Placemark><Placemark><name>Oratorio San Giovanni Battista</name><ExtendedData><Data name="@id"><value>way/326528652</value></Data><Data name="amenity"><value>community_centre</value></Data><Data name="denomination"><value>catholic</value></Data><Data name="landuse"><value>churchyard</value></Data><Data name="name"><value>Oratorio San Giovanni Battista</value></Data><Data name="religion"><value>christian</value></Data><Data name="@geometry"><value>center</value></Data></ExtendedData><Point><coordinates>9.2339097,45.5316567</coordinates></Point></Placemark><Placemark><name>Centro civico Michele Ventrone</name><ExtendedData><Data name="@id"><value>way/327111244</value></Data><Data name="amenity"><value>community_centre</value></Data><Data name="building"><value>yes</value></Data><Data name="name"><value>Centro civico Michele Ventrone</value></Data><Data name="url"><value>https://www2.comune.prato.it/spazi/centro-ventrone/pagina571.html</value></Data><Data name="wikimedia_commons"><value>File:Centro polivalente Michele Ventimone.jpg</value></Data><Data name="@geometry"><value>center</value></Data></ExtendedData><Point><coordinates>11.0701719,43.8738226</coordinates></Point></Placemark><Placemark><name>Polaris Studios</name><ExtendedData><Data name="@id"><value>way/327135395</value></Data><Data name="addr:city"><value>Carate Brianza</value></Data><Data name="addr:housenumber"><value>44</value></Data><Data name="addr:postcode"><value>20841</value></Data><Data name="addr:street"><value>Via della Valle</value></Data><Data name="amenity"><value>nightclub</value></Data><Data name="building"><value>yes</value></Data><Data name="name"><value>Polaris Studios</value></Data><Data name="smoking"><value>outside</value></Data><Data name="@geometry"><value>center</value></Data></ExtendedData><Point><coordinates>9.225709,45.6616092</coordinates></Point></Placemark><Placemark><name>Salone Pluriuso del Comune (piano rialzato) e Sede Proloco (piano seminterrato)</name><ExtendedData><Data name="@id"><value>way/327928610</value></Data><Data name="addr:city"><value>Vidracco</value></Data><Data name="addr:housenumber"><value>1/b</value></Data><Data name="addr:postcode"><value>10080</value></Data><Data name="addr:street"><value>Piazza Cerattp</value></Data><Data name="amenity"><value>community_centre</value></Data><Data name="building"><value>yes</value></Data><Data name="building:levels"><value>2</value></Data><Data name="name"><value>Salone Pluriuso del Comune (piano rialzato) e Sede Proloco (piano seminterrato)</value></Data><Data name="note"><value>Sede di pubbliche attività patrocinate dal Comune di Vidracco. Utilizzabile come edificio tattico per la Protezione Civile</value></Data><Data name="@geometry"><value>center</value></Data></ExtendedData><Point><coordinates>7.759092,45.4304991</coordinates></Point></Placemark><Placemark><name>Oratorio</name><ExtendedData><Data name="@id"><value>way/328075225</value></Data><Data name="amenity"><value>community_centre</value></Data><Data name="denomination"><value>catholic</value></Data><Data name="name"><value>Oratorio</value></Data><Data name="religion"><value>christian</value></Data><Data name="@geometry"><value>center</value></Data></ExtendedData><Point><coordinates>9.4663084,45.5746048</coordinates></Point></Placemark><Placemark><name>Sala Polivalente &quot;Cristiano Banti&quot;</name><ExtendedData><Data name="@id"><value>way/328781284</value></Data><Data name="addr:housenumber"><value>3</value></Data><Data name="addr:street"><value>Piazza della Libertà</value></Data><Data name="amenity"><value>community_centre</value></Data><Data name="building"><value>yes</value></Data><Data name="name"><value>Sala Polivalente &quot;Cristiano Banti&quot;</value></Data><Data name="website"><value>https://www.comune.montemurlo.po.it/pagina2484_sala-polivalente-cristiano-banti.html</value></Data><Data name="@geometry"><value>center</value></Data></ExtendedData><Point><coordinates>11.0369157,43.927348</coordinates></Point></Placemark><Placemark><name>Oratorio San Giovanni Bosco - Nese</name><ExtendedData><Data name="@id"><value>way/328941044</value></Data><Data name="addr:city"><value>Alzano Lombardo</value></Data><Data name="addr:housenumber"><value>5</value></Data><Data name="addr:postcode"><value>24022</value></Data><Data name="addr:street"><value>Via Monte Lungo</value></Data><Data name="amenity"><value>community_centre</value></Data><Data name="building"><value>yes</value></Data><Data name="name"><value>Oratorio San Giovanni Bosco - Nese</value></Data><Data name="@geometry"><value>center</value></Data></ExtendedData><Point><coordinates>9.7228575,45.7378047</coordinates></Point></Placemark><Placemark><name>Centro polifunzionale I Salici</name><ExtendedData><Data name="@id"><value>way/329045986</value></Data><Data name="addr:city"><value>Legnano</value></Data><Data name="addr:country"><value>IT</value></Data><Data name="addr:postcode"><value>20025</value></Data><Data name="addr:street"><value>Via dei Salici</value></Data><Data name="alt_name"><value>Centro Sandro Pertini;Centro Sociale Legnano;Centro Sociale Sandro Pertini;Il Salice</value></Data><Data name="amenity"><value>community_centre</value></Data><Data name="building"><value>yes</value></Data><Data name="contact:email"><value>salice.legnano@gmail.com</value></Data><Data name="contact:facebook"><value>saliceclub.legnano</value></Data><Data name="contact:mobile"><value>+39 345 9276046</value></Data><Data name="contact:website"><value>https://www.centrosocialelegnano.it/</value></Data><Data name="description:it"><value>Sport, danza, musica, corsi, eventi, teatro, feste, centro giovanile.</value></Data><Data name="name"><value>Centro polifunzionale I Salici</value></Data><Data name="name:etymology:wikidata"><value>Q36050</value></Data><Data name="@geometry"><value>center</value></Data></ExtendedData><Point><coordinates>8.8865064,45.5958626</coordinates></Point></Placemark><Placemark><name>Oratorio Santa Lucia</name><ExtendedData><Data name="@id"><value>way/329127381</value></Data><Data name="amenity"><value>community_centre</value></Data><Data name="building"><value>yes</value></Data><Data name="name"><value>Oratorio Santa Lucia</value></Data><Data name="@geometry"><value>center</value></Data></ExtendedData><Point><coordinates>15.4789067,38.1007396</coordinates></Point></Placemark><Placemark><name>Centro Sociale</name><ExtendedData><Data name="@id"><value>way/329290789</value></Data><Data name="addr:city"><value>Siculiana</value></Data><Data name="addr:postcode"><value>92010</value></Data><Data name="amenity"><value>community_centre</value></Data><Data name="building"><value>yes</value></Data><Data name="name"><value>Centro Sociale</value></Data><Data name="@geometry"><value>center</value></Data></ExtendedData><Point><coordinates>13.4242083,37.3382901</coordinates></Point></Placemark><Placemark><name>Centro Civico di Piazza Santo Stefano</name><ExtendedData><Data name="@id"><value>way/329895852</value></Data><Data name="amenity"><value>community_centre</value></Data><Data name="building"><value>yes</value></Data><Data name="name"><value>Centro Civico di Piazza Santo Stefano</value></Data><Data name="operator"><value>Comune di Cernobbio</value></Data><Data name="@geometry"><value>center</value></Data></ExtendedData><Point><coordinates>9.0672888,45.8410782</coordinates></Point></Placemark><Placemark><name>Misercordia di Altopascio</name><ExtendedData><Data name="@id"><value>way/330739215</value></Data><Data name="amenity"><value>community_centre</value></Data><Data name="building"><value>yes</value></Data><Data name="name"><value>Misercordia di Altopascio</value></Data><Data name="@geometry"><value>center</value></Data></ExtendedData><Point><coordinates>10.6732197,43.8142946</coordinates></Point></Placemark><Placemark><name>Centro Giovanile Oratorio San Luigi</name><ExtendedData><Data name="@id"><value>way/330933282</value></Data><Data name="addr:city"><value>Cabiate</value></Data><Data name="addr:housenumber"><value>4</value></Data><Data name="addr:postcode"><value>22060</value></Data><Data name="addr:street"><value>Via Francesco Baracca</value></Data><Data name="amenity"><value>community_centre</value></Data><Data name="denomination"><value>catholic</value></Data><Data name="name"><value>Centro Giovanile Oratorio San Luigi</value></Data><Data name="@geometry"><value>center</value></Data></ExtendedData><Point><coordinates>9.175451,45.6713231</coordinates></Point></Placemark><Placemark><name>Centro sociale</name><ExtendedData><Data name="@id"><value>way/331006211</value></Data><Data name="addr:city"><value>Cabiate</value></Data><Data name="addr:postcode"><value>22060</value></Data><Data name="addr:street"><value>Via Dante Alighieri</value></Data><Data name="amenity"><value>community_centre</value></Data><Data name="building"><value>public</value></Data><Data name="name"><value>Centro sociale</value></Data><Data name="@geometry"><value>center</value></Data></ExtendedData><Point><coordinates>9.1745194,45.6704181</coordinates></Point></Placemark><Placemark><name>Spazio Baluardo</name><ExtendedData><Data name="@id"><value>way/331478797</value></Data><Data name="addr:city"><value>Milano</value></Data><Data name="addr:housenumber"><value>43</value></Data><Data name="addr:postcode"><value>20157</value></Data><Data name="addr:street"><value>Via Michele Lessona</value></Data><Data name="addr:unit"><value>10</value></Data><Data name="amenity"><value>social_centre</value></Data><Data name="building"><value>yes</value></Data><Data name="name"><value>Spazio Baluardo</value></Data><Data name="operator"><value>Associazione Unisono</value></Data><Data name="website"><value>https://www.facebook.com/spaziobaluardo</value></Data><Data name="@geometry"><value>center</value></Data></ExtendedData><Point><coordinates>9.134776,45.5176963</coordinates></Point></Placemark><Placemark><name>Oratorio San Francesco</name><ExtendedData><Data name="@id"><value>way/331704740</value></Data><Data name="addr:city"><value>Cesate</value></Data><Data name="addr:housenumber"><value>6</value></Data><Data name="addr:postcode"><value>20020</value></Data><Data name="addr:street"><value>Via Concordia</value></Data><Data name="amenity"><value>community_centre</value></Data><Data name="barrier"><value>fence</value></Data><Data name="community_centre"><value>youth_centre</value></Data><Data name="denomination"><value>roman_catholic</value></Data><Data name="name"><value>Oratorio San Francesco</value></Data><Data name="network"><value>Oratori di Cesate</value></Data><Data name="religion"><value>christian</value></Data><Data name="@geometry"><value>center</value></Data></ExtendedData><Point><coordinates>9.0695256,45.5894588</coordinates></Point></Placemark><Placemark><name>Centro diurno per persone disabili adolescenti e adulti</name><ExtendedData><Data name="@id"><value>way/331854351</value></Data><Data name="addr:city"><value>Seveso</value></Data><Data name="addr:housenumber"><value>7</value></Data><Data name="addr:postcode"><value>20822</value></Data><Data name="addr:street"><value>Via Marsala</value></Data><Data name="amenity"><value>community_centre</value></Data><Data name="building"><value>yes</value></Data><Data name="name"><value>Centro diurno per persone disabili adolescenti e adulti</value></Data><Data name="@geometry"><value>center</value></Data></ExtendedData><Point><coordinates>9.1332034,45.6475902</coordinates></Point></Placemark><Placemark><name>Oratorio di S. Gabriele dell'Addolorata</name><ExtendedData><Data name="@id"><value>way/331952881</value></Data><Data name="amenity"><value>community_centre</value></Data><Data name="building"><value>yes</value></Data><Data name="denomination"><value>catholic</value></Data><Data name="name"><value>Oratorio di S. Gabriele dell'Addolorata</value></Data><Data name="religion"><value>christian</value></Data><Data name="wheelchair"><value>limited</value></Data><Data name="@geometry"><value>center</value></Data></ExtendedData><Point><coordinates>12.3670302,41.9265362</coordinates></Point></Placemark><Placemark><name>Oratorio San Filippo Neri</name><ExtendedData><Data name="@id"><value>way/332511987</value></Data><Data name="amenity"><value>community_centre</value></Data><Data name="community_centre"><value>parish_hall</value></Data><Data name="denomination"><value>catholic</value></Data><Data name="landuse"><value>recreation_ground</value></Data><Data name="name"><value>Oratorio San Filippo Neri</value></Data><Data name="religion"><value>christian</value></Data><Data name="@geometry"><value>center</value></Data></ExtendedData><Point><coordinates>10.1552177,45.5931472</coordinates></Point></Placemark><Placemark><name>Centro Anziani Cavalier Rodolfo Tosti</name><ExtendedData><Data name="@id"><value>way/334011105</value></Data><Data name="amenity"><value>community_centre</value></Data><Data name="building"><value>yes</value></Data><Data name="name"><value>Centro Anziani Cavalier Rodolfo Tosti</value></Data><Data name="@geometry"><value>center</value></Data></ExtendedData><Point><coordinates>12.7822851,41.6905224</coordinates></Point></Placemark><Placemark><name>Discoteca Megà</name><ExtendedData><Data name="@id"><value>way/334293968</value></Data><Data name="amenity"><value>nightclub</value></Data><Data name="landuse"><value>recreation_ground</value></Data><Data name="name"><value>Discoteca Megà</value></Data><Data name="@geometry"><value>center</value></Data></ExtendedData><Point><coordinates>15.2365273,38.7954596</coordinates></Point></Placemark><Placemark><name>Casa del Popolo di Traversagna</name><ExtendedData><Data name="@id"><value>way/335515892</value></Data><Data name="amenity"><value>community_centre</value></Data><Data name="building"><value>yes</value></Data><Data name="name"><value>Casa del Popolo di Traversagna</value></Data><Data name="@geometry"><value>center</value></Data></ExtendedData><Point><coordinates>10.7529347,43.869267</coordinates></Point></Placemark><Placemark><description>Area feste</description><ExtendedData><Data name="@id"><value>way/337084584</value></Data><Data name="amenity"><value>community_centre</value></Data><Data name="description"><value>Area feste</value></Data><Data name="@geometry"><value>center</value></Data></ExtendedData><Point><coordinates>9.2995735,45.8807622</coordinates></Point></Placemark><Placemark><name>Saoms</name><ExtendedData><Data name="@id"><value>way/337580567</value></Data><Data name="amenity"><value>community_centre</value></Data><Data name="building"><value>yes</value></Data><Data name="name"><value>Saoms</value></Data><Data name="start_date"><value>1875</value></Data><Data name="@geometry"><value>center</value></Data></ExtendedData><Point><coordinates>8.6897765,44.728159</coordinates></Point></Placemark><Placemark><ExtendedData><Data name="@id"><value>way/338214590</value></Data><Data name="amenity"><value>community_centre</value></Data><Data name="building"><value>yes</value></Data><Data name="@geometry"><value>center</value></Data></ExtendedData><Point><coordinates>12.2752368,42.3821153</coordinates></Point></Placemark><Placemark><name>Sala Polivalente Comunale</name><ExtendedData><Data name="@id"><value>way/339160418</value></Data><Data name="amenity"><value>community_centre</value></Data><Data name="building"><value>yes</value></Data><Data name="name"><value>Sala Polivalente Comunale</value></Data><Data name="operator"><value>Comune di Montecchio</value></Data><Data name="@geometry"><value>center</value></Data></ExtendedData><Point><coordinates>12.2878189,42.6629867</coordinates></Point></Placemark><Placemark><name>Olimpo</name><ExtendedData><Data name="@id"><value>way/340078154</value></Data><Data name="amenity"><value>nightclub</value></Data><Data name="building"><value>yes</value></Data><Data name="name"><value>Olimpo</value></Data><Data name="@geometry"><value>center</value></Data></ExtendedData><Point><coordinates>12.2979496,42.3977218</coordinates></Point></Placemark><Placemark><name>Sala Polifunzionale Don Antonio</name><ExtendedData><Data name="@id"><value>way/340901604</value></Data><Data name="amenity"><value>community_centre</value></Data><Data name="building"><value>yes</value></Data><Data name="name"><value>Sala Polifunzionale Don Antonio</value></Data><Data name="@geometry"><value>center</value></Data></ExtendedData><Point><coordinates>10.1955859,45.7079586</coordinates></Point></Placemark><Placemark><name>Night Club</name><ExtendedData><Data name="@id"><value>way/342248343</value></Data><Data name="addr:city"><value>Valentano</value></Data><Data name="addr:housenumber"><value>35</value></Data><Data name="addr:postcode"><value>01018</value></Data><Data name="addr:street"><value>Via dell'Eschio</value></Data><Data name="amenity"><value>nightclub</value></Data><Data name="building"><value>yes</value></Data><Data name="name"><value>Night Club</value></Data><Data name="operator"><value>Gardenia Night Club s.r.l.</value></Data><Data name="@geometry"><value>center</value></Data></ExtendedData><Point><coordinates>11.8131905,42.5623994</coordinates></Point></Placemark><Placemark><ExtendedData><Data name="@id"><value>way/342564170</value></Data><Data name="amenity"><value>community_centre</value></Data><Data name="building"><value>yes</value></Data><Data name="@geometry"><value>center</value></Data></ExtendedData><Point><coordinates>15.5460952,38.1751789</coordinates></Point></Placemark><Placemark><name>Continental Club &amp; Restaurant</name><ExtendedData><Data name="@id"><value>way/344162727</value></Data><Data name="addr:city"><value>Colico</value></Data><Data name="addr:housenumber"><value>57</value></Data><Data name="addr:postcode"><value>23823</value></Data><Data name="addr:street"><value>Via Nazionale Nord</value></Data><Data name="amenity"><value>nightclub</value></Data><Data name="building"><value>yes</value></Data><Data name="name"><value>Continental Club &amp; Restaurant</value></Data><Data name="@geometry"><value>center</value></Data></ExtendedData><Point><coordinates>9.4059336,46.144386</coordinates></Point></Placemark><Placemark><name>Palazzo di città</name><ExtendedData><Data name="@id"><value>way/344165930</value></Data><Data name="amenity"><value>community_centre</value></Data><Data name="building"><value>yes</value></Data><Data name="name"><value>Palazzo di città</value></Data><Data name="source"><value>Regione Liguria</value></Data><Data name="@geometry"><value>center</value></Data></ExtendedData><Point><coordinates>8.2741099,44.3997057</coordinates></Point></Placemark><Placemark><name>Oratorio Piergiorgio Frassati</name><ExtendedData><Data name="@id"><value>way/346096267</value></Data><Data name="amenity"><value>community_centre</value></Data><Data name="building"><value>yes</value></Data><Data name="community_centre"><value>parish_hall</value></Data><Data name="denomination"><value>catholic</value></Data><Data name="name"><value>Oratorio Piergiorgio Frassati</value></Data><Data name="religion"><value>christian</value></Data><Data name="@geometry"><value>center</value></Data></ExtendedData><Point><coordinates>10.2716054,45.5221786</coordinates></Point></Placemark><Placemark><ExtendedData><Data name="@id"><value>way/348691788</value></Data><Data name="amenity"><value>community_centre</value></Data><Data name="@geometry"><value>center</value></Data></ExtendedData><Point><coordinates>10.4802798,45.3983445</coordinates></Point></Placemark><Placemark><ExtendedData><Data name="@id"><value>way/350355994</value></Data><Data name="amenity"><value>community_centre</value></Data><Data name="building"><value>yes</value></Data><Data name="@geometry"><value>center</value></Data></ExtendedData><Point><coordinates>7.6214928,45.382209</coordinates></Point></Placemark><Placemark><name>Bobino Club</name><ExtendedData><Data name="@id"><value>way/350378071</value></Data><Data name="addr:city"><value>Milano</value></Data><Data name="addr:housename"><value>Bobino Club</value></Data><Data name="addr:housenumber"><value>116</value></Data><Data name="addr:street"><value>Alzaia Naviglio Grande</value></Data><Data name="amenity"><value>nightclub</value></Data><Data name="wheelchair"><value>limited</value></Data><Data name="contact:email"><value>info@bobino.it</value></Data><Data name="contact:mobile"><value>+39 345 3385882</value></Data><Data name="contact:phone"><value>+39 02 36559070</value></Data><Data name="name"><value>Bobino Club</value></Data><Data name="opening_hours"><value>Th-Su 19:00-03:00</value></Data><Data name="operator"><value>New Wave s.r.l.</value></Data><Data name="ref:vatin"><value>IT06819060960</value></Data><Data name="smoking"><value>outside</value></Data><Data name="website"><value>https://bobino.it/</value></Data><Data name="@geometry"><value>center</value></Data></ExtendedData><Point><coordinates>9.1593146,45.4490986</coordinates></Point></Placemark><Placemark><name>Oratorio S.A.C.E.R.</name><ExtendedData><Data name="@id"><value>way/350558556</value></Data><Data name="alt_name"><value>Oratorio SACER</value></Data><Data name="amenity"><value>community_centre</value></Data><Data name="name"><value>Oratorio S.A.C.E.R.</value></Data><Data name="religion"><value>christian</value></Data><Data name="@geometry"><value>center</value></Data></ExtendedData><Point><coordinates>9.3313781,45.5263885</coordinates></Point></Placemark><Placemark><name>Federico Traverso</name><ExtendedData><Data name="@id"><value>way/351098924</value></Data><Data name="addr:city"><value>Volta Mantovana</value></Data><Data name="addr:housenumber"><value>6</value></Data><Data name="addr:postcode"><value>46049</value></Data><Data name="addr:street"><value>Via Custoza</value></Data><Data name="amenity"><value>social_centre</value></Data><Data name="area"><value>yes</value></Data><Data name="name"><value>Federico Traverso</value></Data><Data name="@geometry"><value>center</value></Data></ExtendedData><Point><coordinates>10.6601205,45.3219537</coordinates></Point></Placemark><Placemark><ExtendedData><Data name="@id"><value>way/351098925</value></Data><Data name="amenity"><value>social_centre</value></Data><Data name="building"><value>yes</value></Data><Data name="@geometry"><value>center</value></Data></ExtendedData><Point><coordinates>10.6604266,45.3219529</coordinates></Point></Placemark><Placemark><name>Gruppo Scout Brescia 8</name><ExtendedData><Data name="@id"><value>way/351706847</value></Data><Data name="operator"><value>AGESCI</value></Data><Data name="name"><value>Gruppo Scout Brescia 8</value></Data><Data name="email"><value>info.scoutbrescia8@gmail.com</value></Data><Data name="website"><value>http://www.brescia8.flazio.com/</value></Data><Data name="addr:city"><value>Brescia</value></Data><Data name="addr:housenumber"><value>9</value></Data><Data name="addr:postcode"><value>25128</value></Data><Data name="addr:street"><value>Via delle Gabbiane</value></Data><Data name="amenity"><value>community_centre</value></Data><Data name="building"><value>yes</value></Data><Data name="club"><value>scout</value></Data><Data name="community_centre"><value>club_home</value></Data><Data name="@geometry"><value>center</value></Data></ExtendedData><Point><coordinates>10.2209515,45.5673717</coordinates></Point></Placemark><Placemark><name>Oratorio San Luigi</name><ExtendedData><Data name="@id"><value>way/352050848</value></Data><Data name="amenity"><value>community_centre</value></Data><Data name="denomination"><value>catholic</value></Data><Data name="landuse"><value>religious</value></Data><Data name="name"><value>Oratorio San Luigi</value></Data><Data name="phone"><value>+39 039 481892</value></Data><Data name="religion"><value>christian</value></Data><Data name="website"><value>http://www.oratoriosanluigilissone.it/</value></Data><Data name="addr:city"><value>Lissone</value></Data><Data name="addr:country"><value>IT</value></Data><Data name="addr:housenumber"><value>1</value></Data><Data name="addr:postcode"><value>20851</value></Data><Data name="addr:street"><value>Via don Carlo Colnaghi</value></Data><Data name="@geometry"><value>center</value></Data></ExtendedData><Point><coordinates>9.2420338,45.6070807</coordinates></Point></Placemark><Placemark><name>Parco esposizioni di Novegro</name><ExtendedData><Data name="@id"><value>way/352255233</value></Data><Data name="amenity"><value>community_centre</value></Data><Data name="name"><value>Parco esposizioni di Novegro</value></Data><Data name="@geometry"><value>center</value></Data></ExtendedData><Point><coordinates>9.2759625,45.4704976</coordinates></Point></Placemark><Placemark><name>Centro Ricreativo GAP Gruppo Anziani Pensionati Volontari Virgiliani</name><ExtendedData><Data name="@id"><value>way/352343356</value></Data><Data name="amenity"><value>community_centre</value></Data><Data name="building"><value>yes</value></Data><Data name="name"><value>Centro Ricreativo GAP Gruppo Anziani Pensionati Volontari Virgiliani</value></Data><Data name="@geometry"><value>center</value></Data></ExtendedData><Point><coordinates>10.7884442,45.1120217</coordinates></Point></Placemark><Placemark><name>Oratorio Divin Pianto</name><ExtendedData><Data name="@id"><value>way/352542180</value></Data><Data name="amenity"><value>community_centre</value></Data><Data name="community_centre"><value>parish_hall</value></Data><Data name="name"><value>Oratorio Divin Pianto</value></Data><Data name="religion"><value>christian</value></Data><Data name="@geometry"><value>center</value></Data></ExtendedData><Point><coordinates>9.3429978,45.5291088</coordinates></Point></Placemark><Placemark><name>Genoa Club Paravagna</name><ExtendedData><Data name="@id"><value>way/353329949</value></Data><Data name="amenity"><value>community_centre</value></Data><Data name="building"><value>yes</value></Data><Data name="name"><value>Genoa Club Paravagna</value></Data><Data name="source"><value>Regione Liguria</value></Data><Data name="@geometry"><value>center</value></Data></ExtendedData><Point><coordinates>9.0756695,44.4590394</coordinates></Point></Placemark><Placemark><name>Oratorio Salesiano San Giovanni Bosco</name><ExtendedData><Data name="@id"><value>way/353625224</value></Data><Data name="amenity"><value>community_centre</value></Data><Data name="area"><value>yes</value></Data><Data name="community_centre"><value>youth_centre</value></Data><Data name="name"><value>Oratorio Salesiano San Giovanni Bosco</value></Data><Data name="website"><value>http://www.salesianitrieste.it</value></Data><Data name="@geometry"><value>center</value></Data></ExtendedData><Point><coordinates>13.7841233,45.6379988</coordinates></Point></Placemark><Placemark><name>SOMS San Michele</name><ExtendedData><Data name="@id"><value>way/354263938</value></Data><Data name="addr:city"><value>Alessandria</value></Data><Data name="addr:housenumber"><value>62</value></Data><Data name="addr:place"><value>San Michele</value></Data><Data name="addr:postcode"><value>15122</value></Data><Data name="addr:street"><value>Via Remotti</value></Data><Data name="amenity"><value>community_centre</value></Data><Data name="building"><value>residential</value></Data><Data name="name"><value>SOMS San Michele</value></Data><Data name="note"><value>ripassare per verifica</value></Data><Data name="@geometry"><value>center</value></Data></ExtendedData><Point><coordinates>8.5808947,44.9358106</coordinates></Point></Placemark><Placemark><name>ASD Podistica Peralto Genova</name><ExtendedData><Data name="@id"><value>way/354426989</value></Data><Data name="website"><value>http://www.podisticaperalto.it/</value></Data><Data name="addr:housenumber"><value>4</value></Data><Data name="addr:street"><value>Via del Peralto</value></Data><Data name="amenity"><value>community_centre</value></Data><Data name="building"><value>yes</value></Data><Data name="community_centre:for"><value>athlete</value></Data><Data name="name"><value>ASD Podistica Peralto Genova</value></Data><Data name="opening_hours"><value>Sa 09:00-11:30</value></Data><Data name="source"><value>Regione Liguria</value></Data><Data name="source_1"><value>casetta rossa</value></Data><Data name="@geometry"><value>center</value></Data></ExtendedData><Point><coordinates>8.9320014,44.4318506</coordinates></Point></Placemark><Placemark><name>prins</name><ExtendedData><Data name="@id"><value>way/354640893</value></Data><Data name="amenity"><value>nightclub</value></Data><Data name="building"><value>yes</value></Data><Data name="name"><value>prins</value></Data><Data name="@geometry"><value>center</value></Data></ExtendedData><Point><coordinates>10.355478,45.009363</coordinates></Point></Placemark><Placemark><name>Oratorio Paolo VI</name><ExtendedData><Data name="@id"><value>way/359420838</value></Data><Data name="amenity"><value>community_centre</value></Data><Data name="name"><value>Oratorio Paolo VI</value></Data><Data name="@geometry"><value>center</value></Data></ExtendedData><Point><coordinates>9.328158,45.5174782</coordinates></Point></Placemark><Placemark><ExtendedData><Data name="@id"><value>way/361012287</value></Data><Data name="amenity"><value>community_centre</value></Data><Data name="@geometry"><value>center</value></Data></ExtendedData><Point><coordinates>11.2009725,45.0626201</coordinates></Point></Placemark><Placemark><name>Trocadero</name><ExtendedData><Data name="@id"><value>way/361043072</value></Data><Data name="amenity"><value>nightclub</value></Data><Data name="name"><value>Trocadero</value></Data><Data name="building"><value>yes</value></Data><Data name="@geometry"><value>center</value></Data></ExtendedData><Point><coordinates>8.2860112,46.1091622</coordinates></Point></Placemark><Placemark><name>Palace Beach Resort</name><ExtendedData><Data name="@id"><value>way/361183041</value></Data><Data name="addr:city"><value>Crotone</value></Data><Data name="addr:postcode"><value>88900</value></Data><Data name="addr:street"><value>Viale Magna Grecia</value></Data><Data name="amenity"><value>nightclub</value></Data><Data name="building"><value>terrace</value></Data><Data name="name"><value>Palace Beach Resort</value></Data><Data name="@geometry"><value>center</value></Data></ExtendedData><Point><coordinates>17.1428315,39.0500635</coordinates></Point></Placemark><Placemark><ExtendedData><Data name="@id"><value>way/361342572</value></Data><Data name="amenity"><value>community_centre</value></Data><Data name="wheelchair"><value>yes</value></Data><Data name="@geometry"><value>center</value></Data></ExtendedData><Point><coordinates>14.9005328,37.575549</coordinates></Point></Placemark><Placemark><name>Centro Anziani Povegliano Veronese</name><ExtendedData><Data name="@id"><value>way/362091466</value></Data><Data name="amenity"><value>community_centre</value></Data><Data name="name"><value>Centro Anziani Povegliano Veronese</value></Data><Data name="operator"><value>Anteas &quot;La Madonnina&quot;</value></Data><Data name="@geometry"><value>center</value></Data></ExtendedData><Point><coordinates>10.8848871,45.349813</coordinates></Point></Placemark><Placemark><name>Casa della socializzazione</name><ExtendedData><Data name="@id"><value>way/362287907</value></Data><Data name="addr:housenumber"><value>8</value></Data><Data name="addr:street"><value>Viale Municipio</value></Data><Data name="addr:unit"><value>5</value></Data><Data name="amenity"><value>community_centre</value></Data><Data name="building"><value>yes</value></Data><Data name="name"><value>Casa della socializzazione</value></Data><Data name="not:brand:wikidata"><value>Q1991755</value></Data><Data name="@geometry"><value>center</value></Data></ExtendedData><Point><coordinates>11.6669516,45.1700937</coordinates></Point></Placemark><Placemark><name>Disco Club Bajda</name><ExtendedData><Data name="@id"><value>way/362353783</value></Data><Data name="amenity"><value>nightclub</value></Data><Data name="name"><value>Disco Club Bajda</value></Data><Data name="opening_hours"><value>Jun-Aug</value></Data><Data name="@geometry"><value>center</value></Data></ExtendedData><Point><coordinates>8.4177771,44.2083467</coordinates></Point></Placemark><Placemark><name>Ca</name><ExtendedData><Data name="@id"><value>way/362776791</value></Data><Data name="amenity"><value>nightclub</value></Data><Data name="name"><value>Ca</value></Data><Data name="building"><value>yes</value></Data><Data name="@geometry"><value>center</value></Data></ExtendedData><Point><coordinates>8.0047176,44.6849771</coordinates></Point></Placemark><Placemark><ExtendedData><Data name="@id"><value>way/363810247</value></Data><Data name="amenity"><value>community_centre</value></Data><Data name="building"><value>yes</value></Data><Data name="@geometry"><value>center</value></Data></ExtendedData><Point><coordinates>12.8930473,42.4058435</coordinates></Point></Placemark><Placemark><name>Oratorio Papa Giovanni Paolo II</name><ExtendedData><Data name="@id"><value>way/364176794</value></Data><Data name="alt_name"><value>Salone Martina Ceciliani</value></Data><Data name="amenity"><value>community_centre</value></Data><Data name="building"><value>yes</value></Data><Data name="community_centre"><value>parish_hall</value></Data><Data name="denomination"><value>roman_catholic</value></Data><Data name="name"><value>Oratorio Papa Giovanni Paolo II</value></Data><Data name="religion"><value>christian</value></Data><Data name="@geometry"><value>center</value></Data></ExtendedData><Point><coordinates>9.4650278,46.1370959</coordinates></Point></Placemark><Placemark><name>Centro Sociale - Foto Cine Club</name><ExtendedData><Data name="@id"><value>way/365214600</value></Data><Data name="amenity"><value>community_centre</value></Data><Data name="name"><value>Centro Sociale - Foto Cine Club</value></Data><Data name="@geometry"><value>center</value></Data></ExtendedData><Point><coordinates>15.5601592,41.4511683</coordinates></Point></Placemark><Placemark><name>Oratorio Sentinelle del Mattino San Sisto</name><ExtendedData><Data name="@id"><value>way/365491342</value></Data><Data name="amenity"><value>community_centre</value></Data><Data name="building"><value>yes</value></Data><Data name="name"><value>Oratorio Sentinelle del Mattino San Sisto</value></Data><Data name="religion"><value>christian</value></Data><Data name="@geometry"><value>center</value></Data></ExtendedData><Point><coordinates>12.3415308,43.0863613</coordinates></Point></Placemark><Placemark><name>Oratorio di Abbiate Guazzone</name><ExtendedData><Data name="@id"><value>way/365558134</value></Data><Data name="name"><value>Oratorio di Abbiate Guazzone</value></Data><Data name="building"><value>yes</value></Data><Data name="amenity"><value>community_centre</value></Data><Data name="@geometry"><value>center</value></Data></ExtendedData><Point><coordinates>8.9216139,45.7035527</coordinates></Point></Placemark><Placemark><name>Agorà</name><ExtendedData><Data name="@id"><value>way/365766097</value></Data><Data name="amenity"><value>community_centre</value></Data><Data name="building"><value>yes</value></Data><Data name="name"><value>Agorà</value></Data><Data name="operator"><value>Comune di Sangano</value></Data><Data name="@geometry"><value>center</value></Data></ExtendedData><Point><coordinates>7.451049,45.0264814</coordinates></Point></Placemark><Placemark><name>Oratorio Cristo Re</name><description>Oratorio per bambini, ragazzi e giovani, campo da calcio, aule catechismo.</description><ExtendedData><Data name="@id"><value>way/366463397</value></Data><Data name="religion"><value>christian</value></Data><Data name="addr:city"><value>Vanzago</value></Data><Data name="addr:housenumber"><value>54</value></Data><Data name="addr:postcode"><value>20010</value></Data><Data name="addr:street"><value>Via Roma</value></Data><Data name="amenity"><value>community_centre</value></Data><Data name="community_centre"><value>youth_centre</value></Data><Data name="denomination"><value>roman_catholic</value></Data><Data name="description"><value>Oratorio per bambini, ragazzi e giovani, campo da calcio, aule catechismo.</value></Data><Data name="name"><value>Oratorio Cristo Re</value></Data><Data name="@geometry"><value>center</value></Data></ExtendedData><Point><coordinates>8.9721506,45.5088401</coordinates></Point></Placemark><Placemark><name>Centro polivalente</name><ExtendedData><Data name="@id"><value>way/370571146</value></Data><Data name="addr:city"><value>Alserio</value></Data><Data name="addr:postcode"><value>22040</value></Data><Data name="addr:street"><value>Via Papa Giovanni XXIII</value></Data><Data name="amenity"><value>community_centre</value></Data><Data name="building"><value>yes</value></Data><Data name="building:levels"><value>1</value></Data><Data name="name"><value>Centro polivalente</value></Data><Data name="@geometry"><value>center</value></Data></ExtendedData><Point><coordinates>9.2008599,45.7817258</coordinates></Point></Placemark><Placemark><ExtendedData><Data name="@id"><value>way/371204269</value></Data><Data name="amenity"><value>community_centre</value></Data><Data name="@geometry"><value>center</value></Data></ExtendedData><Point><coordinates>8.8339522,45.5980135</coordinates></Point></Placemark><Placemark><name>Fondazione Cruciat</name><ExtendedData><Data name="@id"><value>way/372177069</value></Data><Data name="amenity"><value>community_centre</value></Data><Data name="building"><value>yes</value></Data><Data name="name"><value>Fondazione Cruciat</value></Data><Data name="@geometry"><value>center</value></Data></ExtendedData><Point><coordinates>12.9444982,46.1811439</coordinates></Point></Placemark><Placemark><name>Centro Socio Culturale Luigi Bussacchini</name><ExtendedData><Data name="@id"><value>way/373401548</value></Data><Data name="amenity"><value>community_centre</value></Data><Data name="building"><value>public</value></Data><Data name="name"><value>Centro Socio Culturale Luigi Bussacchini</value></Data><Data name="@geometry"><value>center</value></Data></ExtendedData><Point><coordinates>10.2892181,45.5914245</coordinates></Point></Placemark><Placemark><ExtendedData><Data name="@id"><value>way/373543383</value></Data><Data name="building"><value>yes</value></Data><Data name="amenity"><value>community_centre</value></Data><Data name="@geometry"><value>center</value></Data></ExtendedData><Point><coordinates>9.2093254,45.6148245</coordinates></Point></Placemark><Placemark><name>Centro Parrocchiale &quot;Raoul Follereau&quot;</name><ExtendedData><Data name="@id"><value>way/373674910</value></Data><Data name="amenity"><value>community_centre</value></Data><Data name="building"><value>yes</value></Data><Data name="name"><value>Centro Parrocchiale &quot;Raoul Follereau&quot;</value></Data><Data name="operator"><value>Parrocchia di San Martino</value></Data><Data name="@geometry"><value>center</value></Data></ExtendedData><Point><coordinates>11.985532,45.3706447</coordinates></Point></Placemark><Placemark><name>La Capannina</name><ExtendedData><Data name="@id"><value>way/375249512</value></Data><Data name="addr:city"><value>Cremona</value></Data><Data name="addr:housenumber"><value>45</value></Data><Data name="addr:postcode"><value>26100</value></Data><Data name="addr:street"><value>Via Lungo Po Europa</value></Data><Data name="amenity"><value>nightclub</value></Data><Data name="building"><value>yes</value></Data><Data name="name"><value>La Capannina</value></Data><Data name="phone"><value>+39 333 227 7500</value></Data><Data name="website"><value>https://www.facebook.com/capanninacremona/</value></Data><Data name="@geometry"><value>center</value></Data></ExtendedData><Point><coordinates>10.018203,45.106725</coordinates></Point></Placemark><Placemark><name>Casa del Gemellaggio</name><ExtendedData><Data name="@id"><value>way/375280631</value></Data><Data name="addr:city"><value>Battaglia Terme</value></Data><Data name="addr:country"><value>IT</value></Data><Data name="addr:housenumber"><value>1</value></Data><Data name="addr:postcode"><value>35041</value></Data><Data name="addr:street"><value>Viale Colli Euganei</value></Data><Data name="amenity"><value>community_centre</value></Data><Data name="building"><value>civic</value></Data><Data name="name"><value>Casa del Gemellaggio</value></Data><Data name="note"><value>edificio civile</value></Data><Data name="operator"><value>Comune di Battaglia Terme</value></Data><Data name="source"><value>Regione_del_Veneto_LR28_16.7.1976_Formazione_CTR_auth_39164-5700-1100_23.01.2009</value></Data><Data name="@geometry"><value>center</value></Data></ExtendedData><Point><coordinates>11.7830919,45.2878561</coordinates></Point></Placemark><Placemark><name>Villa Immacolata</name><ExtendedData><Data name="@id"><value>way/375616450</value></Data><Data name="addr:city"><value>Torreglia</value></Data><Data name="addr:country"><value>IT</value></Data><Data name="addr:housenumber"><value>4</value></Data><Data name="addr:postcode"><value>35038</value></Data><Data name="addr:street"><value>Via Monte Rua</value></Data><Data name="amenity"><value>community_centre</value></Data><Data name="building"><value>civic</value></Data><Data name="fax"><value>+39 049 9933828</value></Data><Data name="name"><value>Villa Immacolata</value></Data><Data name="phone"><value>+39 049 5211340</value></Data><Data name="website"><value>https://www.villaimmacolata.net/</value></Data><Data name="@geometry"><value>center</value></Data></ExtendedData><Point><coordinates>11.7156125,45.3262026</coordinates></Point></Placemark><Placemark><name>Brancaleone</name><ExtendedData><Data name="@id"><value>way/375816719</value></Data><Data name="addr:city"><value>Roma</value></Data><Data name="addr:housenumber"><value>11</value></Data><Data name="addr:postcode"><value>00141</value></Data><Data name="addr:street"><value>Via Levanna</value></Data><Data name="amenity"><value>community_centre</value></Data><Data name="building"><value>yes</value></Data><Data name="name"><value>Brancaleone</value></Data><Data name="@geometry"><value>center</value></Data></ExtendedData><Point><coordinates>12.5407268,41.9369083</coordinates></Point></Placemark><Placemark><name>Jasmine</name><ExtendedData><Data name="@id"><value>way/376299977</value></Data><Data name="amenity"><value>nightclub</value></Data><Data name="building"><value>yes</value></Data><Data name="name"><value>Jasmine</value></Data><Data name="@geometry"><value>center</value></Data></ExtendedData><Point><coordinates>12.3024973,42.2303651</coordinates></Point></Placemark><Placemark><name>Tanguera Village Club</name><ExtendedData><Data name="@id"><value>way/376872811</value></Data><Data name="amenity"><value>nightclub</value></Data><Data name="contact:phone"><value>+39 0933 1900524</value></Data><Data name="cuisine"><value>pizza;italian</value></Data><Data name="name"><value>Tanguera Village Club</value></Data><Data name="@geometry"><value>center</value></Data></ExtendedData><Point><coordinates>14.1935291,37.0999089</coordinates></Point></Placemark><Placemark><name>Discoteca Palà</name><ExtendedData><Data name="@id"><value>way/378070631</value></Data><Data name="name"><value>Discoteca Palà</value></Data><Data name="building"><value>yes</value></Data><Data name="addr:street"><value>Via Peveragno</value></Data><Data name="amenity"><value>nightclub</value></Data><Data name="@geometry"><value>center</value></Data></ExtendedData><Point><coordinates>7.5624648,44.3298334</coordinates></Point></Placemark><Placemark><ExtendedData><Data name="@id"><value>way/379551156</value></Data><Data name="amenity"><value>community_centre</value></Data><Data name="building"><value>yes</value></Data><Data name="community_centre"><value>meeting_room</value></Data><Data name="operator"><value>Comune di Tricase</value></Data><Data name="@geometry"><value>center</value></Data></ExtendedData><Point><coordinates>18.362614,39.926592</coordinates></Point></Placemark><Placemark><name>CESVOP</name><ExtendedData><Data name="@id"><value>way/379939465</value></Data><Data name="website"><value>http://volontariatogela.org</value></Data><Data name="addr:city"><value>Gela</value></Data><Data name="addr:housenumber"><value>27</value></Data><Data name="addr:street"><value>Via Ossidiana</value></Data><Data name="amenity"><value>community_centre</value></Data><Data name="contact:email"><value>movi@volontariatogela.org</value></Data><Data name="contact:phone"><value>+39 0933 760112</value></Data><Data name="name"><value>CESVOP</value></Data><Data name="@geometry"><value>center</value></Data></ExtendedData><Point><coordinates>14.2263597,37.0845082</coordinates></Point></Placemark><Placemark><name>sala da ballo</name><ExtendedData><Data name="@id"><value>way/380150234</value></Data><Data name="building"><value>house</value></Data><Data name="name"><value>sala da ballo</value></Data><Data name="amenity"><value>nightclub</value></Data><Data name="@geometry"><value>center</value></Data></ExtendedData><Point><coordinates>7.7266202,44.1281687</coordinates></Point></Placemark><Placemark><name>Palaterme</name><ExtendedData><Data name="@id"><value>way/380903331</value></Data><Data name="amenity"><value>community_centre</value></Data><Data name="building"><value>yes</value></Data><Data name="name"><value>Palaterme</value></Data><Data name="@geometry"><value>center</value></Data></ExtendedData><Point><coordinates>7.7073015,44.3021261</coordinates></Point></Placemark><Placemark><name>Pepe d'oro</name><ExtendedData><Data name="@id"><value>way/382138233</value></Data><Data name="addr:housenumber"><value>48</value></Data><Data name="addr:street"><value>Via Tanaro</value></Data><Data name="amenity"><value>nightclub</value></Data><Data name="building"><value>yes</value></Data><Data name="name"><value>Pepe d'oro</value></Data><Data name="@geometry"><value>center</value></Data></ExtendedData><Point><coordinates>8.0923757,44.7410787</coordinates></Point></Placemark><Placemark><name>Pinar Club</name><ExtendedData><Data name="@id"><value>way/383378450</value></Data><Data name="addr:city"><value>Ladispoli</value></Data><Data name="addr:housenumber"><value>46</value></Data><Data name="addr:postcode"><value>00055</value></Data><Data name="addr:street"><value>Via Aurelia</value></Data><Data name="amenity"><value>nightclub</value></Data><Data name="building"><value>yes</value></Data><Data name="name"><value>Pinar Club</value></Data><Data name="phone"><value>+39 06 99222509</value></Data><Data name="@geometry"><value>center</value></Data></ExtendedData><Point><coordinates>12.101925,41.9431187</coordinates></Point></Placemark><Placemark><name>Sala Parrocchiale</name><ExtendedData><Data name="@id"><value>way/383859122</value></Data><Data name="name"><value>Sala Parrocchiale</value></Data><Data name="amenity"><value>community_centre</value></Data><Data name="building"><value>yes</value></Data><Data name="community_centre"><value>parish_hall</value></Data><Data name="@geometry"><value>center</value></Data></ExtendedData><Point><coordinates>12.4431839,46.4853012</coordinates></Point></Placemark><Placemark><name>Black Rose</name><ExtendedData><Data name="@id"><value>way/384821962</value></Data><Data name="amenity"><value>nightclub</value></Data><Data name="building"><value>yes</value></Data><Data name="name"><value>Black Rose</value></Data><Data name="@geometry"><value>center</value></Data></ExtendedData><Point><coordinates>12.9137218,42.420597</coordinates></Point></Placemark><Placemark><name>Oratorio San Giovanni Battista</name><ExtendedData><Data name="@id"><value>way/385409600</value></Data><Data name="amenity"><value>community_centre</value></Data><Data name="community_centre"><value>youth_centre</value></Data><Data name="denomination"><value>roman_catholic</value></Data><Data name="name"><value>Oratorio San Giovanni Battista</value></Data><Data name="religion"><value>christian</value></Data><Data name="@geometry"><value>center</value></Data></ExtendedData><Point><coordinates>9.0471654,45.6362799</coordinates></Point></Placemark><Placemark><name>Sala Piamarta</name><ExtendedData><Data name="@id"><value>way/386022380</value></Data><Data name="amenity"><value>community_centre</value></Data><Data name="building"><value>public</value></Data><Data name="name"><value>Sala Piamarta</value></Data><Data name="@geometry"><value>center</value></Data></ExtendedData><Point><coordinates>10.2203008,45.5432665</coordinates></Point></Placemark><Placemark><name>Paradise</name><ExtendedData><Data name="@id"><value>way/386253709</value></Data><Data name="addr:city"><value>Piacenza</value></Data><Data name="addr:housenumber"><value>87</value></Data><Data name="addr:postcode"><value>29121</value></Data><Data name="addr:street"><value>Strada dell'aguzzafame</value></Data><Data name="amenity"><value>nightclub</value></Data><Data name="name"><value>Paradise</value></Data><Data name="@geometry"><value>center</value></Data></ExtendedData><Point><coordinates>9.6525068,45.0632627</coordinates></Point></Placemark><Placemark><name>Le Rotonde</name><ExtendedData><Data name="@id"><value>way/386260725</value></Data><Data name="amenity"><value>nightclub</value></Data><Data name="building"><value>yes</value></Data><Data name="name"><value>Le Rotonde</value></Data><Data name="@geometry"><value>center</value></Data></ExtendedData><Point><coordinates>8.9214845,45.1919552</coordinates></Point></Placemark><Placemark><name>Oratorio Santa Croce</name><ExtendedData><Data name="@id"><value>way/386410286</value></Data><Data name="amenity"><value>community_centre</value></Data><Data name="landuse"><value>religious</value></Data><Data name="name"><value>Oratorio Santa Croce</value></Data><Data name="name:etymology:wikidata"><value>Q380356</value></Data><Data name="wheelchair"><value>yes</value></Data><Data name="@geometry"><value>center</value></Data></ExtendedData><Point><coordinates>8.8625627,45.5961279</coordinates></Point></Placemark><Placemark><ExtendedData><Data name="@id"><value>way/386656001</value></Data><Data name="amenity"><value>community_centre</value></Data><Data name="building"><value>public</value></Data><Data name="loc_name"><value>La Cruzàa</value></Data><Data name="@geometry"><value>center</value></Data></ExtendedData><Point><coordinates>7.5119324,44.2939199</coordinates></Point></Placemark><Placemark><name>Parrocchia Dio Trinità D'Amore</name><ExtendedData><Data name="@id"><value>way/386678849</value></Data><Data name="amenity"><value>community_centre</value></Data><Data name="barrier"><value>fence</value></Data><Data name="landuse"><value>recreation_ground</value></Data><Data name="name"><value>Parrocchia Dio Trinità D'Amore</value></Data><Data name="wheelchair"><value>yes</value></Data><Data name="@geometry"><value>center</value></Data></ExtendedData><Point><coordinates>9.2846619,45.5195033</coordinates></Point></Placemark><Placemark><name>Oratorio di Cavazzoli</name><ExtendedData><Data name="@id"><value>way/388443374</value></Data><Data name="addr:city"><value>Cavazzoli</value></Data><Data name="addr:housenumber"><value>52</value></Data><Data name="addr:postcode"><value>42124</value></Data><Data name="addr:street"><value>Via Giovanni Rinaldi</value></Data><Data name="amenity"><value>community_centre</value></Data><Data name="building"><value>yes</value></Data><Data name="name"><value>Oratorio di Cavazzoli</value></Data><Data name="@geometry"><value>center</value></Data></ExtendedData><Point><coordinates>10.6119235,44.7209067</coordinates></Point></Placemark><Placemark><name>Discoteca Baja Village</name><ExtendedData><Data name="@id"><value>way/389008809</value></Data><Data name="name"><value>Discoteca Baja Village</value></Data><Data name="building"><value>yes</value></Data><Data name="amenity"><value>nightclub</value></Data><Data name="@geometry"><value>center</value></Data></ExtendedData><Point><coordinates>14.6962044,42.1720052</coordinates></Point></Placemark><Placemark><name>Plaza Disco</name><ExtendedData><Data name="@id"><value>way/389563171</value></Data><Data name="name"><value>Plaza Disco</value></Data><Data name="building"><value>yes</value></Data><Data name="phone"><value>+39 340 6916092</value></Data><Data name="website"><value>http://www.plazadisco.it/</value></Data><Data name="addr:city"><value>Roè Volciano</value></Data><Data name="addr:housenumber"><value>41</value></Data><Data name="addr:street"><value>Via Domenico Signori</value></Data><Data name="amenity"><value>nightclub</value></Data><Data name="@geometry"><value>center</value></Data></ExtendedData><Point><coordinates>10.4859024,45.6040495</coordinates></Point></Placemark><Placemark><ExtendedData><Data name="@id"><value>way/390581058</value></Data><Data name="amenity"><value>nightclub</value></Data><Data name="@geometry"><value>center</value></Data></ExtendedData><Point><coordinates>14.168466,37.0977454</coordinates></Point></Placemark><Placemark><name>Comitato civico Anziani</name><ExtendedData><Data name="@id"><value>way/392523115</value></Data><Data name="addr:housenumber"><value>1</value></Data><Data name="addr:street"><value>Via Marzabotto</value></Data><Data name="amenity"><value>community_centre</value></Data><Data name="building"><value>public</value></Data><Data name="name"><value>Comitato civico Anziani</value></Data><Data name="@geometry"><value>center</value></Data></ExtendedData><Point><coordinates>9.1221895,45.4221721</coordinates></Point></Placemark><Placemark><ExtendedData><Data name="@id"><value>way/392573682</value></Data><Data name="amenity"><value>nightclub</value></Data><Data name="building"><value>yes</value></Data><Data name="@geometry"><value>center</value></Data></ExtendedData><Point><coordinates>16.0625697,40.6402002</coordinates></Point></Placemark><Placemark><name>Oratorio San Vigilio</name><ExtendedData><Data name="@id"><value>way/392695058</value></Data><Data name="amenity"><value>community_centre</value></Data><Data name="building"><value>yes</value></Data><Data name="community_centre"><value>parish_hall</value></Data><Data name="denomination"><value>catholic</value></Data><Data name="name"><value>Oratorio San Vigilio</value></Data><Data name="religion"><value>christian</value></Data><Data name="@geometry"><value>center</value></Data></ExtendedData><Point><coordinates>10.1932207,45.6079675</coordinates></Point></Placemark><Placemark><name>LanzoIncontra</name><ExtendedData><Data name="@id"><value>way/392779522</value></Data><Data name="addr:street"><value>Piazza gen. Ottavio Rolle</value></Data><Data name="addr:city"><value>Lanzo Torinese</value></Data><Data name="addr:postcode"><value>10074</value></Data><Data name="amenity"><value>community_centre</value></Data><Data name="building"><value>yes</value></Data><Data name="name"><value>LanzoIncontra</value></Data><Data name="operator"><value>Città di Lanzo Torinese</value></Data><Data name="@geometry"><value>center</value></Data></ExtendedData><Point><coordinates>7.4768383,45.2743105</coordinates></Point></Placemark><Placemark><name>Oratorio di San Zenone</name><ExtendedData><Data name="@id"><value>way/395450852</value></Data><Data name="amenity"><value>community_centre</value></Data><Data name="building"><value>yes</value></Data><Data name="community_centre"><value>parish_hall</value></Data><Data name="denomination"><value>catholic</value></Data><Data name="name"><value>Oratorio di San Zenone</value></Data><Data name="religion"><value>christian</value></Data><Data name="@geometry"><value>center</value></Data></ExtendedData><Point><coordinates>10.1361957,45.5972283</coordinates></Point></Placemark><Placemark><name>Sala polivalente</name><ExtendedData><Data name="@id"><value>way/395576851</value></Data><Data name="addr:city"><value>Canale Monterano</value></Data><Data name="addr:country"><value>IT</value></Data><Data name="addr:place"><value>Montevirginio</value></Data><Data name="addr:postcode"><value>00060</value></Data><Data name="amenity"><value>community_centre</value></Data><Data name="building"><value>yes</value></Data><Data name="name"><value>Sala polivalente</value></Data><Data name="@geometry"><value>center</value></Data></ExtendedData><Point><coordinates>12.1282992,42.1533927</coordinates></Point></Placemark><Placemark><name>Nörder's Musikantenstadl</name><ExtendedData><Data name="@id"><value>way/396041296</value></Data><Data name="addr:city"><value>Marling - Marlengo</value></Data><Data name="addr:city:de"><value>Marling</value></Data><Data name="addr:city:it"><value>Marlengo</value></Data><Data name="addr:housenumber"><value>14/1</value></Data><Data name="addr:postcode"><value>39012</value></Data><Data name="addr:street"><value>Neuwiesenweg - Via Prati Nuovi</value></Data><Data name="amenity"><value>nightclub</value></Data><Data name="building"><value>yes</value></Data><Data name="contact:phone"><value>+39 0473 424040</value></Data><Data name="name"><value>Nörder's Musikantenstadl</value></Data><Data name="restaurant"><value>yes</value></Data><Data name="source"><value>https://musikantenstadl.it/</value></Data><Data name="source:date"><value>2022-12-11</value></Data><Data name="website"><value>https://musikantenstadl.it/</value></Data><Data name="@geometry"><value>center</value></Data></ExtendedData><Point><coordinates>11.1517932,46.6517146</coordinates></Point></Placemark><Placemark><name>Viper Theatre</name><ExtendedData><Data name="@id"><value>way/396267401</value></Data><Data name="website"><value>https://www.viperclub.eu/</value></Data><Data name="smoking"><value>no</value></Data><Data name="amenity"><value>nightclub</value></Data><Data name="building"><value>yes</value></Data><Data name="name"><value>Viper Theatre</value></Data><Data name="phone"><value>+39 055 019 5912</value></Data><Data name="@geometry"><value>center</value></Data></ExtendedData><Point><coordinates>11.1758149,43.792679</coordinates></Point></Placemark><Placemark><name>Centro civico Comunale</name><ExtendedData><Data name="@id"><value>way/396794698</value></Data><Data name="amenity"><value>community_centre</value></Data><Data name="building"><value>public</value></Data><Data name="building:levels"><value>2</value></Data><Data name="name"><value>Centro civico Comunale</value></Data><Data name="@geometry"><value>center</value></Data></ExtendedData><Point><coordinates>9.1307332,45.405688</coordinates></Point></Placemark><Placemark><name>Centro Anziani</name><ExtendedData><Data name="@id"><value>way/397043684</value></Data><Data name="amenity"><value>community_centre</value></Data><Data name="building"><value>public</value></Data><Data name="building:levels"><value>2</value></Data><Data name="community_centre:for"><value>senior</value></Data><Data name="name"><value>Centro Anziani</value></Data><Data name="@geometry"><value>center</value></Data></ExtendedData><Point><coordinates>9.1307465,45.4052681</coordinates></Point></Placemark><Placemark><ExtendedData><Data name="@id"><value>way/397297131</value></Data><Data name="amenity"><value>community_centre</value></Data><Data name="building"><value>yes</value></Data><Data name="@geometry"><value>center</value></Data></ExtendedData><Point><coordinates>12.0374457,43.1336644</coordinates></Point></Placemark><Placemark><name>Casale Alba 2</name><ExtendedData><Data name="@id"><value>way/397319825</value></Data><Data name="amenity"><value>community_centre</value></Data><Data name="building"><value>yes</value></Data><Data name="building:levels"><value>2</value></Data><Data name="facebook"><value>https://www.facebook.com/casale.alba</value></Data><Data name="name"><value>Casale Alba 2</value></Data><Data name="website"><value>http://www.casalealba2.org/</value></Data><Data name="@geometry"><value>center</value></Data></ExtendedData><Point><coordinates>12.563006,41.9333291</coordinates></Point></Placemark><Placemark><name>Billions</name><ExtendedData><Data name="@id"><value>way/399709229</value></Data><Data name="addr:city"><value>Roma</value></Data><Data name="addr:housenumber"><value>716</value></Data><Data name="addr:postcode"><value>00138</value></Data><Data name="addr:street"><value>Via di Settebagni</value></Data><Data name="amenity"><value>nightclub</value></Data><Data name="building"><value>yes</value></Data><Data name="name"><value>Billions</value></Data><Data name="@geometry"><value>center</value></Data></ExtendedData><Point><coordinates>12.5204742,41.9882125</coordinates></Point></Placemark><Placemark><name>Tavernola Bergamasca</name><ExtendedData><Data name="@id"><value>way/400023297</value></Data><Data name="amenity"><value>community_centre</value></Data><Data name="building"><value>yes</value></Data><Data name="name"><value>Tavernola Bergamasca</value></Data><Data name="@geometry"><value>center</value></Data></ExtendedData><Point><coordinates>10.0460679,45.7103215</coordinates></Point></Placemark><Placemark><name>Tavernola Bergamasca</name><ExtendedData><Data name="@id"><value>way/400023298</value></Data><Data name="amenity"><value>community_centre</value></Data><Data name="building"><value>yes</value></Data><Data name="name"><value>Tavernola Bergamasca</value></Data><Data name="@geometry"><value>center</value></Data></ExtendedData><Point><coordinates>10.0461882,45.7103809</coordinates></Point></Placemark><Placemark><name>Atlantico</name><ExtendedData><Data name="@id"><value>way/401959725</value></Data><Data name="addr:housenumber"><value>271D</value></Data><Data name="addr:city"><value>Roma</value></Data><Data name="addr:postcode"><value>00144</value></Data><Data name="addr:street"><value>Viale dell'Oceano Atlantico</value></Data><Data name="amenity"><value>nightclub</value></Data><Data name="building"><value>yes</value></Data><Data name="name"><value>Atlantico</value></Data><Data name="@geometry"><value>center</value></Data></ExtendedData><Point><coordinates>12.4648223,41.8191608</coordinates></Point></Placemark><Placemark><name>Dietro Le Quinte</name><ExtendedData><Data name="@id"><value>way/403231350</value></Data><Data name="amenity"><value>nightclub</value></Data><Data name="building"><value>yes</value></Data><Data name="name"><value>Dietro Le Quinte</value></Data><Data name="@geometry"><value>center</value></Data></ExtendedData><Point><coordinates>8.2362157,44.9126976</coordinates></Point></Placemark><Placemark><name>I'M Industrie Musicali</name><ExtendedData><Data name="@id"><value>way/403356390</value></Data><Data name="name"><value>I'M Industrie Musicali</value></Data><Data name="amenity"><value>nightclub</value></Data><Data name="building"><value>industrial</value></Data><Data name="@geometry"><value>center</value></Data></ExtendedData><Point><coordinates>18.2942572,40.1365913</coordinates></Point></Placemark><Placemark><name>L'Ariston - Lainate Urban Center</name><ExtendedData><Data name="@id"><value>way/403443228</value></Data><Data name="addr:city"><value>Lainate</value></Data><Data name="addr:housenumber"><value>17</value></Data><Data name="addr:postcode"><value>20045</value></Data><Data name="addr:street"><value>Largo Vittorio Veneto</value></Data><Data name="addr:unit"><value>21</value></Data><Data name="amenity"><value>community_centre</value></Data><Data name="building"><value>civic</value></Data><Data name="building:levels"><value>4</value></Data><Data name="facebook"><value>https://www.facebook.com/Aristonurbancenter/</value></Data><Data name="name"><value>L'Ariston - Lainate Urban Center</value></Data><Data name="opening_hours"><value>Mo-Th 09:00-18:15; Fr 09:00-13:00; Sa 09:00-12:30,14:15-18:15; Su off</value></Data><Data name="opening_hours:url"><value>https://webopac.csbno.net/library/Lainate-l-Ariston/timetable</value></Data><Data name="website"><value>https://webopac.csbno.net/library/Lainate-l-Ariston/</value></Data><Data name="@geometry"><value>center</value></Data></ExtendedData><Point><coordinates>9.025988,45.5705859</coordinates></Point></Placemark><Placemark><ExtendedData><Data name="@id"><value>way/404063226</value></Data><Data name="amenity"><value>community_centre</value></Data><Data name="@geometry"><value>center</value></Data></ExtendedData><Point><coordinates>11.6137737,44.9985206</coordinates></Point></Placemark><Placemark><ExtendedData><Data name="@id"><value>way/404073331</value></Data><Data name="amenity"><value>community_centre</value></Data><Data name="@geometry"><value>center</value></Data></ExtendedData><Point><coordinates>11.5872625,45.0309785</coordinates></Point></Placemark><Placemark><ExtendedData><Data name="@id"><value>way/404786521</value></Data><Data name="amenity"><value>community_centre</value></Data><Data name="@geometry"><value>center</value></Data></ExtendedData><Point><coordinates>11.6979111,45.0502023</coordinates></Point></Placemark><Placemark><name>Centro Polifunzionale</name><ExtendedData><Data name="@id"><value>way/404969236</value></Data><Data name="name"><value>Centro Polifunzionale</value></Data><Data name="amenity"><value>community_centre</value></Data><Data name="building"><value>yes</value></Data><Data name="@geometry"><value>center</value></Data></ExtendedData><Point><coordinates>11.303808,46.162536</coordinates></Point></Placemark><Placemark><name>CSOA &quot;Scurìa&quot;</name><ExtendedData><Data name="@id"><value>way/405217575</value></Data><Data name="amenity"><value>community_centre</value></Data><Data name="building"><value>yes</value></Data><Data name="name"><value>CSOA &quot;Scurìa&quot;</value></Data><Data name="@geometry"><value>center</value></Data></ExtendedData><Point><coordinates>15.5571033,41.460534</coordinates></Point></Placemark><Placemark><ExtendedData><Data name="@id"><value>way/405525186</value></Data><Data name="amenity"><value>community_centre</value></Data><Data name="@geometry"><value>center</value></Data></ExtendedData><Point><coordinates>11.8844306,44.981301</coordinates></Point></Placemark><Placemark><name>Gilda</name><ExtendedData><Data name="@id"><value>way/406615513</value></Data><Data name="addr:housenumber"><value>12</value></Data><Data name="addr:postcode"><value>28053</value></Data><Data name="addr:street"><value>Via Vigevano</value></Data><Data name="amenity"><value>nightclub</value></Data><Data name="building"><value>yes</value></Data><Data name="name"><value>Gilda</value></Data><Data name="@geometry"><value>center</value></Data></ExtendedData><Point><coordinates>8.6369278,45.7205654</coordinates></Point></Placemark><Placemark><name>Oratorio Stella Maris</name><ExtendedData><Data name="@id"><value>way/406782460</value></Data><Data name="amenity"><value>community_centre</value></Data><Data name="leisure"><value>sports_centre</value></Data><Data name="name"><value>Oratorio Stella Maris</value></Data><Data name="sport"><value>soccer</value></Data><Data name="start_date"><value>2019</value></Data><Data name="wheelchair"><value>yes</value></Data><Data name="@geometry"><value>center</value></Data></ExtendedData><Point><coordinates>8.514417,44.3304196</coordinates></Point></Placemark><Placemark><name>Circolo Unione</name><ExtendedData><Data name="@id"><value>way/407429735</value></Data><Data name="amenity"><value>community_centre</value></Data><Data name="building"><value>yes</value></Data><Data name="name"><value>Circolo Unione</value></Data><Data name="@geometry"><value>center</value></Data></ExtendedData><Point><coordinates>16.2780234,41.316935</coordinates></Point></Placemark><Placemark><name>Gruppo Scout di Bisceglie</name><ExtendedData><Data name="@id"><value>way/407564929</value></Data><Data name="amenity"><value>community_centre</value></Data><Data name="building"><value>industrial</value></Data><Data name="name"><value>Gruppo Scout di Bisceglie</value></Data><Data name="@geometry"><value>center</value></Data></ExtendedData><Point><coordinates>16.4904316,41.2327005</coordinates></Point></Placemark><Placemark><name>Gruppo Scout di Bisceglie</name><ExtendedData><Data name="@id"><value>way/407569212</value></Data><Data name="amenity"><value>community_centre</value></Data><Data name="building"><value>yes</value></Data><Data name="name"><value>Gruppo Scout di Bisceglie</value></Data><Data name="@geometry"><value>center</value></Data></ExtendedData><Point><coordinates>16.4905283,41.2327971</coordinates></Point></Placemark><Placemark><name>Barkabar</name><ExtendedData><Data name="@id"><value>way/408140735</value></Data><Data name="amenity"><value>nightclub</value></Data><Data name="building"><value>yes</value></Data><Data name="name"><value>Barkabar</value></Data><Data name="@geometry"><value>center</value></Data></ExtendedData><Point><coordinates>12.3162672,41.7145747</coordinates></Point></Placemark><Placemark><name>Oratorio san Rocco</name><ExtendedData><Data name="@id"><value>way/408563033</value></Data><Data name="amenity"><value>community_centre</value></Data><Data name="building"><value>civic</value></Data><Data name="name"><value>Oratorio san Rocco</value></Data><Data name="@geometry"><value>center</value></Data></ExtendedData><Point><coordinates>9.1789298,45.7015672</coordinates></Point></Placemark><Placemark><ExtendedData><Data name="@id"><value>way/408564570</value></Data><Data name="amenity"><value>social_centre</value></Data><Data name="@geometry"><value>center</value></Data></ExtendedData><Point><coordinates>9.1786173,45.7022333</coordinates></Point></Placemark><Placemark><name>Centro Parrocchiale Santissima Maria della Stella</name><ExtendedData><Data name="@id"><value>way/409139661</value></Data><Data name="addr:city"><value>Terlizzi</value></Data><Data name="addr:street"><value>Viale Aldo Moro</value></Data><Data name="amenity"><value>community_centre</value></Data><Data name="building"><value>yes</value></Data><Data name="name"><value>Centro Parrocchiale Santissima Maria della Stella</value></Data><Data name="@geometry"><value>center</value></Data></ExtendedData><Point><coordinates>16.5512052,41.1324168</coordinates></Point></Placemark><Placemark><name>Base Scout</name><ExtendedData><Data name="@id"><value>way/410142913</value></Data><Data name="club"><value>scout</value></Data><Data name="name"><value>Base Scout</value></Data><Data name="amenity"><value>community_centre</value></Data><Data name="building"><value>yes</value></Data><Data name="@geometry"><value>center</value></Data></ExtendedData><Point><coordinates>16.7306306,40.868043</coordinates></Point></Placemark><Placemark><name>IG (incontra giovani)</name><ExtendedData><Data name="@id"><value>way/410516046</value></Data><Data name="addr:city"><value>Brugherio</value></Data><Data name="addr:postcode"><value>20861</value></Data><Data name="addr:street"><value>Viale Lombardia</value></Data><Data name="amenity"><value>community_centre</value></Data><Data name="building"><value>yes</value></Data><Data name="name"><value>IG (incontra giovani)</value></Data><Data name="@geometry"><value>center</value></Data></ExtendedData><Point><coordinates>9.3002811,45.5558473</coordinates></Point></Placemark><Placemark><ExtendedData><Data name="@id"><value>way/410801526</value></Data><Data name="amenity"><value>community_centre</value></Data><Data name="building"><value>yes</value></Data><Data name="@geometry"><value>center</value></Data></ExtendedData><Point><coordinates>16.9182416,41.0670309</coordinates></Point></Placemark><Placemark><name>Oratorio di Pisogne</name><ExtendedData><Data name="@id"><value>way/411357975</value></Data><Data name="amenity"><value>community_centre</value></Data><Data name="building"><value>yes</value></Data><Data name="community_centre"><value>parish_hall</value></Data><Data name="denomination"><value>catholic</value></Data><Data name="name"><value>Oratorio di Pisogne</value></Data><Data name="religion"><value>christian</value></Data><Data name="@geometry"><value>center</value></Data></ExtendedData><Point><coordinates>10.107105,45.8053687</coordinates></Point></Placemark><Placemark><name>Club Alpino Italiano Sezione di Conegliano</name><ExtendedData><Data name="@id"><value>way/412762355</value></Data><Data name="addr:housenumber"><value>2/B</value></Data><Data name="amenity"><value>community_centre</value></Data><Data name="name"><value>Club Alpino Italiano Sezione di Conegliano</value></Data><Data name="opening_hours"><value>Tu 21:00-24:00</value></Data><Data name="phone"><value>+39 0438 24041</value></Data><Data name="addr:city"><value>Conegliano</value></Data><Data name="addr:postcode"><value>31015</value></Data><Data name="addr:street"><value>Via G. Rossini</value></Data><Data name="building"><value>yes</value></Data><Data name="@geometry"><value>center</value></Data></ExtendedData><Point><coordinates>12.3000943,45.8830358</coordinates></Point></Placemark><Placemark><name>Brusco Wine &amp; Audio Room</name><ExtendedData><Data name="@id"><value>way/415078446</value></Data><Data name="addr:city"><value>Pozzuoli</value></Data><Data name="addr:housenumber"><value>161, 163</value></Data><Data name="addr:postcode"><value>80078</value></Data><Data name="addr:street"><value>Via Napoli</value></Data><Data name="amenity"><value>nightclub</value></Data><Data name="building"><value>yes</value></Data><Data name="name"><value>Brusco Wine &amp; Audio Room</value></Data><Data name="@geometry"><value>center</value></Data></ExtendedData><Point><coordinates>14.1552226,40.8179818</coordinates></Point></Placemark><Placemark><name>Chiringuito</name><ExtendedData><Data name="@id"><value>way/415224170</value></Data><Data name="amenity"><value>nightclub</value></Data><Data name="building"><value>yes</value></Data><Data name="name"><value>Chiringuito</value></Data><Data name="@geometry"><value>center</value></Data></ExtendedData><Point><coordinates>10.7910705,45.1325562</coordinates></Point></Placemark><Placemark><ExtendedData><Data name="@id"><value>way/415518499</value></Data><Data name="amenity"><value>community_centre</value></Data><Data name="building"><value>yes</value></Data><Data name="@geometry"><value>center</value></Data></ExtendedData><Point><coordinates>13.8135309,41.3003957</coordinates></Point></Placemark><Placemark><name>Mascara</name><ExtendedData><Data name="@id"><value>way/416109081</value></Data><Data name="amenity"><value>nightclub</value></Data><Data name="building"><value>yes</value></Data><Data name="name"><value>Mascara</value></Data><Data name="@geometry"><value>center</value></Data></ExtendedData><Point><coordinates>10.8053155,45.1779851</coordinates></Point></Placemark><Placemark><name>Icon</name><ExtendedData><Data name="@id"><value>way/416109699</value></Data><Data name="amenity"><value>nightclub</value></Data><Data name="building"><value>yes</value></Data><Data name="name"><value>Icon</value></Data><Data name="@geometry"><value>center</value></Data></ExtendedData><Point><coordinates>10.8414665,45.1555841</coordinates></Point></Placemark><Placemark><name>Oratorio</name><description>Oratorio della parrocchia del Sacro Cuore di Gesù (Betania di Tolmezzo)</description><ExtendedData><Data name="@id"><value>way/416517737</value></Data><Data name="addr:city"><value>Tolmezzo</value></Data><Data name="addr:postcode"><value>33028</value></Data><Data name="addr:street"><value>Via Venzone</value></Data><Data name="amenity"><value>community_centre</value></Data><Data name="building"><value>yes</value></Data><Data name="description"><value>Oratorio della parrocchia del Sacro Cuore di Gesù (Betania di Tolmezzo)</value></Data><Data name="name"><value>Oratorio</value></Data><Data name="@geometry"><value>center</value></Data></ExtendedData><Point><coordinates>13.033155,46.3977965</coordinates></Point></Placemark><Placemark><name>Blue del Mar</name><ExtendedData><Data name="@id"><value>way/418066053</value></Data><Data name="amenity"><value>nightclub</value></Data><Data name="building"><value>yes</value></Data><Data name="name"><value>Blue del Mar</value></Data><Data name="@geometry"><value>center</value></Data></ExtendedData><Point><coordinates>8.316265,40.5534679</coordinates></Point></Placemark><Placemark><name>Circolo Ricreativo Monticelli</name><ExtendedData><Data name="@id"><value>way/418524818</value></Data><Data name="addr:city"><value>Ascoli Piceno</value></Data><Data name="addr:postcode"><value>63100</value></Data><Data name="addr:street"><value>Largo dei Tigli</value></Data><Data name="building"><value>service</value></Data><Data name="amenity"><value>community_centre</value></Data><Data name="name"><value>Circolo Ricreativo Monticelli</value></Data><Data name="@geometry"><value>center</value></Data></ExtendedData><Point><coordinates>13.62698,42.8484614</coordinates></Point></Placemark><Placemark><name>Centro Sociale Casteldariese</name><ExtendedData><Data name="@id"><value>way/420245440</value></Data><Data name="name"><value>Centro Sociale Casteldariese</value></Data><Data name="building"><value>yes</value></Data><Data name="amenity"><value>community_centre</value></Data><Data name="@geometry"><value>center</value></Data></ExtendedData><Point><coordinates>10.9767465,45.1880977</coordinates></Point></Placemark><Placemark><name>Officine 24 Community Lab</name><ExtendedData><Data name="@id"><value>way/420381954</value></Data><Data name="alt_name"><value>Centro Polifunzionale</value></Data><Data name="amenity"><value>community_centre</value></Data><Data name="building"><value>yes</value></Data><Data name="name"><value>Officine 24 Community Lab</value></Data><Data name="@geometry"><value>center</value></Data></ExtendedData><Point><coordinates>17.7164619,40.5543633</coordinates></Point></Placemark><Placemark><name>Oratorio dell'Immacolata</name><ExtendedData><Data name="@id"><value>way/420755529</value></Data><Data name="religion"><value>christian</value></Data><Data name="name"><value>Oratorio dell'Immacolata</value></Data><Data name="building"><value>yes</value></Data><Data name="amenity"><value>community_centre</value></Data><Data name="@geometry"><value>center</value></Data></ExtendedData><Point><coordinates>9.6644724,45.6901855</coordinates></Point></Placemark><Placemark><name>Dopolavoro</name><ExtendedData><Data name="@id"><value>way/422354186</value></Data><Data name="amenity"><value>nightclub</value></Data><Data name="building"><value>yes</value></Data><Data name="name"><value>Dopolavoro</value></Data><Data name="@geometry"><value>center</value></Data></ExtendedData><Point><coordinates>17.9388731,40.6350567</coordinates></Point></Placemark><Placemark><name>Centro Anziani</name><ExtendedData><Data name="@id"><value>way/422908813</value></Data><Data name="amenity"><value>community_centre</value></Data><Data name="building"><value>yes</value></Data><Data name="name"><value>Centro Anziani</value></Data><Data name="@geometry"><value>center</value></Data></ExtendedData><Point><coordinates>17.4278569,40.5447208</coordinates></Point></Placemark><Placemark><name>Villaggio Eugenio Litta</name><ExtendedData><Data name="@id"><value>way/423004655</value></Data><Data name="amenity"><value>community_centre</value></Data><Data name="community_centre:for"><value>disabled</value></Data><Data name="phone"><value>+39 06 945412</value></Data><Data name="website"><value>http://www.villaggioeugeniolitta.org/</value></Data><Data name="addr:city"><value>Grottaferrata</value></Data><Data name="addr:country"><value>IT</value></Data><Data name="addr:housenumber"><value>13</value></Data><Data name="addr:postcode"><value>00046</value></Data><Data name="addr:street"><value>Via Anagnina</value></Data><Data name="name"><value>Villaggio Eugenio Litta</value></Data><Data name="operator"><value>Religiosi Camilliani Provincia Romana O.CC.RR.M.I.</value></Data><Data name="@geometry"><value>center</value></Data></ExtendedData><Point><coordinates>12.657838,41.7964705</coordinates></Point></Placemark><Placemark><ExtendedData><Data name="@id"><value>way/423119134</value></Data><Data name="amenity"><value>community_centre</value></Data><Data name="building"><value>yes</value></Data><Data name="@geometry"><value>center</value></Data></ExtendedData><Point><coordinates>10.2297107,46.232011</coordinates></Point></Placemark><Placemark><name>Oratorio di Tirano</name><ExtendedData><Data name="@id"><value>way/423124900</value></Data><Data name="amenity"><value>community_centre</value></Data><Data name="building"><value>yes</value></Data><Data name="name"><value>Oratorio di Tirano</value></Data><Data name="@geometry"><value>center</value></Data></ExtendedData><Point><coordinates>10.1702642,46.2154913</coordinates></Point></Placemark><Placemark><name>CLOROPHILLA CLIB</name><ExtendedData><Data name="@id"><value>way/423809254</value></Data><Data name="amenity"><value>nightclub</value></Data><Data name="building"><value>yes</value></Data><Data name="name"><value>CLOROPHILLA CLIB</value></Data><Data name="@geometry"><value>center</value></Data></ExtendedData><Point><coordinates>16.9215578,40.5322096</coordinates></Point></Placemark><Placemark><name>CROMIE DISCO</name><ExtendedData><Data name="@id"><value>way/423820073</value></Data><Data name="wheelchair"><value>yes</value></Data><Data name="name"><value>CROMIE DISCO</value></Data><Data name="addr:city"><value>Castellaneta</value></Data><Data name="amenity"><value>nightclub</value></Data><Data name="building"><value>yes</value></Data><Data name="@geometry"><value>center</value></Data></ExtendedData><Point><coordinates>16.9489508,40.4878152</coordinates></Point></Placemark><Placemark><name>Luglio Musicale</name><ExtendedData><Data name="@id"><value>way/424273342</value></Data><Data name="amenity"><value>social_centre</value></Data><Data name="building"><value>yes</value></Data><Data name="name"><value>Luglio Musicale</value></Data><Data name="@geometry"><value>center</value></Data></ExtendedData><Point><coordinates>12.5157494,38.0182827</coordinates></Point></Placemark><Placemark><name>Centro servizi Alta Val di Sole</name><ExtendedData><Data name="@id"><value>way/425550192</value></Data><Data name="amenity"><value>community_centre</value></Data><Data name="building"><value>yes</value></Data><Data name="name"><value>Centro servizi Alta Val di Sole</value></Data><Data name="@geometry"><value>center</value></Data></ExtendedData><Point><coordinates>10.7379369,46.3063353</coordinates></Point></Placemark><Placemark><name>Demodè Club</name><ExtendedData><Data name="@id"><value>way/426097797</value></Data><Data name="website"><value>www.demodeclub.it</value></Data><Data name="operator"><value>Planet Snc</value></Data><Data name="name"><value>Demodè Club</value></Data><Data name="amenity"><value>nightclub</value></Data><Data name="addr:street"><value>Via dei Cedri</value></Data><Data name="addr:city"><value>Modugno</value></Data><Data name="addr:housenumber"><value>14</value></Data><Data name="addr:postcode"><value>70026</value></Data><Data name="@geometry"><value>center</value></Data></ExtendedData><Point><coordinates>16.8234834,41.0713502</coordinates></Point></Placemark><Placemark><name>Oratorio di Sarnico</name><ExtendedData><Data name="@id"><value>way/426540013</value></Data><Data name="amenity"><value>community_centre</value></Data><Data name="building"><value>yes</value></Data><Data name="community_centre"><value>parish_hall</value></Data><Data name="denomination"><value>catholic</value></Data><Data name="name"><value>Oratorio di Sarnico</value></Data><Data name="religion"><value>christian</value></Data><Data name="@geometry"><value>center</value></Data></ExtendedData><Point><coordinates>9.9552979,45.6686577</coordinates></Point></Placemark><Placemark><name>Centro civico Piersanti Mattarella</name><ExtendedData><Data name="@id"><value>way/426609509</value></Data><Data name="amenity"><value>community_centre</value></Data><Data name="building"><value>public</value></Data><Data name="community_centre"><value>cultural_centre</value></Data><Data name="name"><value>Centro civico Piersanti Mattarella</value></Data><Data name="wheelchair"><value>yes</value></Data><Data name="@geometry"><value>center</value></Data></ExtendedData><Point><coordinates>12.168497,42.2565414</coordinates></Point></Placemark><Placemark><name>Incubatore Sociale</name><ExtendedData><Data name="@id"><value>way/426740176</value></Data><Data name="amenity"><value>community_centre</value></Data><Data name="barrier"><value>fence</value></Data><Data name="fence_type"><value>metal</value></Data><Data name="name"><value>Incubatore Sociale</value></Data><Data name="@geometry"><value>center</value></Data></ExtendedData><Point><coordinates>14.6754115,41.5541628</coordinates></Point></Placemark><Placemark><name>Area 51</name><ExtendedData><Data name="@id"><value>way/426749966</value></Data><Data name="amenity"><value>nightclub</value></Data><Data name="building"><value>yes</value></Data><Data name="name"><value>Area 51</value></Data><Data name="@geometry"><value>center</value></Data></ExtendedData><Point><coordinates>8.9145618,44.7166792</coordinates></Point></Placemark><Placemark><name>Centro Polivalente</name><ExtendedData><Data name="@id"><value>way/427377580</value></Data><Data name="amenity"><value>community_centre</value></Data><Data name="building"><value>yes</value></Data><Data name="name"><value>Centro Polivalente</value></Data><Data name="wheelchair"><value>yes</value></Data><Data name="@geometry"><value>center</value></Data></ExtendedData><Point><coordinates>12.1248862,42.1509401</coordinates></Point></Placemark><Placemark><name>Village</name><ExtendedData><Data name="@id"><value>way/427814901</value></Data><Data name="amenity"><value>nightclub</value></Data><Data name="name"><value>Village</value></Data><Data name="@geometry"><value>center</value></Data></ExtendedData><Point><coordinates>9.6710372,45.0081529</coordinates></Point></Placemark><Placemark><name>Oratorio San Giuseppe</name><ExtendedData><Data name="@id"><value>way/427876269</value></Data><Data name="amenity"><value>community_centre</value></Data><Data name="community_centre"><value>youth_centre</value></Data><Data name="denomination"><value>roman_catholic</value></Data><Data name="name"><value>Oratorio San Giuseppe</value></Data><Data name="religion"><value>christian</value></Data><Data name="sport"><value>multi</value></Data><Data name="@geometry"><value>center</value></Data></ExtendedData><Point><coordinates>9.0422292,45.5502579</coordinates></Point></Placemark><Placemark><ExtendedData><Data name="@id"><value>way/430527114</value></Data><Data name="amenity"><value>community_centre</value></Data><Data name="@geometry"><value>center</value></Data></ExtendedData><Point><coordinates>9.0656247,45.4256482</coordinates></Point></Placemark><Placemark><ExtendedData><Data name="@id"><value>way/430601853</value></Data><Data name="amenity"><value>community_centre</value></Data><Data name="@geometry"><value>center</value></Data></ExtendedData><Point><coordinates>9.0619408,45.4293454</coordinates></Point></Placemark><Placemark><name>360 Trecentosessanta</name><ExtendedData><Data name="@id"><value>way/431219763</value></Data><Data name="amenity"><value>community_centre</value></Data><Data name="name"><value>360 Trecentosessanta</value></Data><Data name="@geometry"><value>center</value></Data></ExtendedData><Point><coordinates>9.0683816,45.4298073</coordinates></Point></Placemark><Placemark><name>Palestra Lupo</name><ExtendedData><Data name="@id"><value>way/431780750</value></Data><Data name="amenity"><value>community_centre</value></Data><Data name="building"><value>public</value></Data><Data name="name"><value>Palestra Lupo</value></Data><Data name="@geometry"><value>center</value></Data></ExtendedData><Point><coordinates>15.0937319,37.5042396</coordinates></Point></Placemark><Placemark><name>Associazione Bocciofila Trecate</name><ExtendedData><Data name="@id"><value>way/432388873</value></Data><Data name="amenity"><value>community_centre</value></Data><Data name="name"><value>Associazione Bocciofila Trecate</value></Data><Data name="@geometry"><value>center</value></Data></ExtendedData><Point><coordinates>7.6238238,45.0701533</coordinates></Point></Placemark><Placemark><name>Libera Casa</name><ExtendedData><Data name="@id"><value>way/432548552</value></Data><Data name="amenity"><value>community_centre</value></Data><Data name="building"><value>house</value></Data><Data name="name"><value>Libera Casa</value></Data><Data name="@geometry"><value>center</value></Data></ExtendedData><Point><coordinates>9.0480004,45.4167301</coordinates></Point></Placemark><Placemark><name>Centro Socio-Culturale Carlo Alberto dalla Chiesa</name><ExtendedData><Data name="@id"><value>way/434726063</value></Data><Data name="amenity"><value>community_centre</value></Data><Data name="leisure"><value>park</value></Data><Data name="name"><value>Centro Socio-Culturale Carlo Alberto dalla Chiesa</value></Data><Data name="@geometry"><value>center</value></Data></ExtendedData><Point><coordinates>9.0625804,45.425376</coordinates></Point></Placemark><Placemark><name>Oratorio San Lorenzo</name><ExtendedData><Data name="@id"><value>way/434757007</value></Data><Data name="amenity"><value>community_centre</value></Data><Data name="name"><value>Oratorio San Lorenzo</value></Data><Data name="@geometry"><value>center</value></Data></ExtendedData><Point><coordinates>9.0633975,45.424437</coordinates></Point></Placemark><Placemark><name>Oratorio di Vanzago</name><ExtendedData><Data name="@id"><value>way/435253646</value></Data><Data name="amenity"><value>community_centre</value></Data><Data name="name"><value>Oratorio di Vanzago</value></Data><Data name="@geometry"><value>center</value></Data></ExtendedData><Point><coordinates>8.9998598,45.5269945</coordinates></Point></Placemark><Placemark><ExtendedData><Data name="@id"><value>way/435629964</value></Data><Data name="amenity"><value>community_centre</value></Data><Data name="@geometry"><value>center</value></Data></ExtendedData><Point><coordinates>9.0552984,45.4257888</coordinates></Point></Placemark><Placemark><name>Oratorio di Sant'Alessandro della Croce</name><ExtendedData><Data name="@id"><value>way/437789707</value></Data><Data name="amenity"><value>community_centre</value></Data><Data name="name"><value>Oratorio di Sant'Alessandro della Croce</value></Data><Data name="religion"><value>christian</value></Data><Data name="building"><value>yes</value></Data><Data name="@geometry"><value>center</value></Data></ExtendedData><Point><coordinates>9.6724577,45.6994472</coordinates></Point></Placemark><Placemark><name>Oratorio Chioso Bini</name><ExtendedData><Data name="@id"><value>way/438417800</value></Data><Data name="amenity"><value>community_centre</value></Data><Data name="name"><value>Oratorio Chioso Bini</value></Data><Data name="@geometry"><value>center</value></Data></ExtendedData><Point><coordinates>8.3879235,45.6326806</coordinates></Point></Placemark><Placemark><name>Centro di valorizzazione</name><ExtendedData><Data name="@id"><value>way/438783472</value></Data><Data name="amenity"><value>community_centre</value></Data><Data name="building"><value>yes</value></Data><Data name="name"><value>Centro di valorizzazione</value></Data><Data name="@geometry"><value>center</value></Data></ExtendedData><Point><coordinates>13.0920744,42.7918828</coordinates></Point></Placemark><Placemark><name>Oratorio di San Giovanni Bosco</name><ExtendedData><Data name="@id"><value>way/438884092</value></Data><Data name="amenity"><value>community_centre</value></Data><Data name="building"><value>yes</value></Data><Data name="community_centre"><value>parish_hall</value></Data><Data name="denomination"><value>catholic</value></Data><Data name="name"><value>Oratorio di San Giovanni Bosco</value></Data><Data name="religion"><value>christian</value></Data><Data name="@geometry"><value>center</value></Data></ExtendedData><Point><coordinates>9.9958937,45.5666432</coordinates></Point></Placemark><Placemark><name>Don Gennaro Toti</name><ExtendedData><Data name="@id"><value>way/439872714</value></Data><Data name="amenity"><value>community_centre</value></Data><Data name="building"><value>yes</value></Data><Data name="name"><value>Don Gennaro Toti</value></Data><Data name="@geometry"><value>center</value></Data></ExtendedData><Point><coordinates>14.0858322,41.6247014</coordinates></Point></Placemark><Placemark><name>Mulino</name><ExtendedData><Data name="@id"><value>way/440006938</value></Data><Data name="addr:city"><value>Rivalta di Torino</value></Data><Data name="addr:housename"><value>Centro Incontri Il Mulino</value></Data><Data name="addr:postcode"><value>10040</value></Data><Data name="addr:street"><value>Via Balegno</value></Data><Data name="amenity"><value>community_centre</value></Data><Data name="building"><value>yes</value></Data><Data name="name"><value>Mulino</value></Data><Data name="@geometry"><value>center</value></Data></ExtendedData><Point><coordinates>7.5268782,45.0298782</coordinates></Point></Placemark><Placemark><name>Centro giovanile</name><ExtendedData><Data name="@id"><value>way/440186392</value></Data><Data name="amenity"><value>community_centre</value></Data><Data name="building"><value>yes</value></Data><Data name="name"><value>Centro giovanile</value></Data><Data name="@geometry"><value>center</value></Data></ExtendedData><Point><coordinates>12.8572921,42.4100275</coordinates></Point></Placemark><Placemark><name>Sayonara Luxury Disco</name><ExtendedData><Data name="@id"><value>way/440326632</value></Data><Data name="addr:city"><value>Benevento</value></Data><Data name="addr:postcode"><value>82100</value></Data><Data name="amenity"><value>nightclub</value></Data><Data name="building"><value>yes</value></Data><Data name="name"><value>Sayonara Luxury Disco</value></Data><Data name="@geometry"><value>center</value></Data></ExtendedData><Point><coordinates>14.7690346,41.1482818</coordinates></Point></Placemark><Placemark><name>Albagnano Healing Meditation Centre</name><ExtendedData><Data name="@id"><value>way/440353829</value></Data><Data name="amenity"><value>social_centre</value></Data><Data name="landuse"><value>religious</value></Data><Data name="name"><value>Albagnano Healing Meditation Centre</value></Data><Data name="religion"><value>buddhist</value></Data><Data name="website"><value>http://ahmc.ngalso.net</value></Data><Data name="@geometry"><value>center</value></Data></ExtendedData><Point><coordinates>8.5912311,45.9644533</coordinates></Point></Placemark><Placemark><name>AUSER</name><ExtendedData><Data name="@id"><value>way/440387397</value></Data><Data name="amenity"><value>community_centre</value></Data><Data name="building"><value>yes</value></Data><Data name="name"><value>AUSER</value></Data><Data name="@geometry"><value>center</value></Data></ExtendedData><Point><coordinates>10.7878104,45.194239</coordinates></Point></Placemark><Placemark><name>Oratorio San Giovanni Bosco</name><ExtendedData><Data name="@id"><value>way/440494892</value></Data><Data name="amenity"><value>community_centre</value></Data><Data name="name"><value>Oratorio San Giovanni Bosco</value></Data><Data name="@geometry"><value>center</value></Data></ExtendedData><Point><coordinates>8.4540032,45.732732</coordinates></Point></Placemark><Placemark><name>Gruppo Alpini Aprica - Sezione di Tirano</name><ExtendedData><Data name="@id"><value>way/440929866</value></Data><Data name="amenity"><value>community_centre</value></Data><Data name="building"><value>yes</value></Data><Data name="club"><value>veterans</value></Data><Data name="name"><value>Gruppo Alpini Aprica - Sezione di Tirano</value></Data><Data name="source"><value>survey</value></Data><Data name="source:geometry"><value>bing</value></Data><Data name="@geometry"><value>center</value></Data></ExtendedData><Point><coordinates>10.1442346,46.1501493</coordinates></Point></Placemark><Placemark><name>C.S.C. di Borgo Palazzo - Comune di Bergamo</name><ExtendedData><Data name="@id"><value>way/442608285</value></Data><Data name="amenity"><value>community_centre</value></Data><Data name="name"><value>C.S.C. di Borgo Palazzo - Comune di Bergamo</value></Data><Data name="building"><value>yes</value></Data><Data name="@geometry"><value>center</value></Data></ExtendedData><Point><coordinates>9.6801308,45.6978261</coordinates></Point></Placemark><Placemark><name>Oxidiana</name><ExtendedData><Data name="@id"><value>way/442839812</value></Data><Data name="amenity"><value>nightclub</value></Data><Data name="name"><value>Oxidiana</value></Data><Data name="@geometry"><value>center</value></Data></ExtendedData><Point><coordinates>11.9284181,36.8182644</coordinates></Point></Placemark><Placemark><name>Schützenkompanie Marling</name><ExtendedData><Data name="@id"><value>way/443077383</value></Data><Data name="amenity"><value>community_centre</value></Data><Data name="building"><value>civic</value></Data><Data name="name"><value>Schützenkompanie Marling</value></Data><Data name="source"><value>survey</value></Data><Data name="@geometry"><value>center</value></Data></ExtendedData><Point><coordinates>11.1397883,46.6552078</coordinates></Point></Placemark><Placemark><name>Centro Sociale Polivalente &quot;Attilio Simonetti&quot;</name><ExtendedData><Data name="@id"><value>way/443333025</value></Data><Data name="amenity"><value>community_centre</value></Data><Data name="building"><value>yes</value></Data><Data name="name"><value>Centro Sociale Polivalente &quot;Attilio Simonetti&quot;</value></Data><Data name="@geometry"><value>center</value></Data></ExtendedData><Point><coordinates>12.0694433,41.9512049</coordinates></Point></Placemark><Placemark><name>Habana</name><ExtendedData><Data name="@id"><value>way/443386028</value></Data><Data name="amenity"><value>nightclub</value></Data><Data name="name"><value>Habana</value></Data><Data name="@geometry"><value>center</value></Data></ExtendedData><Point><coordinates>7.379434,45.0929046</coordinates></Point></Placemark><Placemark><name>Oratorio</name><ExtendedData><Data name="@id"><value>way/445062843</value></Data><Data name="building"><value>public</value></Data><Data name="name"><value>Oratorio</value></Data><Data name="amenity"><value>community_centre</value></Data><Data name="@geometry"><value>center</value></Data></ExtendedData><Point><coordinates>9.6026273,45.5858998</coordinates></Point></Placemark><Placemark><name>Villaggio della Legalità &quot;Serafino Famà&quot;</name><ExtendedData><Data name="@id"><value>way/445219549</value></Data><Data name="amenity"><value>social_centre</value></Data><Data name="name"><value>Villaggio della Legalità &quot;Serafino Famà&quot;</value></Data><Data name="@geometry"><value>center</value></Data></ExtendedData><Point><coordinates>12.8159988,41.4356038</coordinates></Point></Placemark><Placemark><name>Pro Loco Casella</name><ExtendedData><Data name="@id"><value>way/445297376</value></Data><Data name="amenity"><value>community_centre</value></Data><Data name="building"><value>yes</value></Data><Data name="name"><value>Pro Loco Casella</value></Data><Data name="@geometry"><value>center</value></Data></ExtendedData><Point><coordinates>8.9969569,44.5337909</coordinates></Point></Placemark><Placemark><name>Sala Civica Peppino Impastato</name><ExtendedData><Data name="@id"><value>way/446360691</value></Data><Data name="amenity"><value>community_centre</value></Data><Data name="building"><value>yes</value></Data><Data name="building:levels"><value>1</value></Data><Data name="name"><value>Sala Civica Peppino Impastato</value></Data><Data name="name:etymology:wikidata"><value>Q982793</value></Data><Data name="@geometry"><value>center</value></Data></ExtendedData><Point><coordinates>8.7396351,45.6747559</coordinates></Point></Placemark><Placemark><name>Centro Civico Cederna</name><ExtendedData><Data name="@id"><value>way/446480905</value></Data><Data name="amenity"><value>community_centre</value></Data><Data name="name"><value>Centro Civico Cederna</value></Data><Data name="@geometry"><value>center</value></Data></ExtendedData><Point><coordinates>9.3016924,45.5803923</coordinates></Point></Placemark><Placemark><name>Lancianoforum</name><ExtendedData><Data name="@id"><value>way/449724700</value></Data><Data name="amenity"><value>community_centre</value></Data><Data name="building"><value>yes</value></Data><Data name="name"><value>Lancianoforum</value></Data><Data name="@geometry"><value>center</value></Data></ExtendedData><Point><coordinates>13.034586,43.1884807</coordinates></Point></Placemark><Placemark><name>Centro Sociale - Italo Lucci</name><ExtendedData><Data name="@id"><value>way/450256761</value></Data><Data name="amenity"><value>community_centre</value></Data><Data name="building"><value>yes</value></Data><Data name="name"><value>Centro Sociale - Italo Lucci</value></Data><Data name="@geometry"><value>center</value></Data></ExtendedData><Point><coordinates>13.0453216,42.7512285</coordinates></Point></Placemark><Placemark><name>Oratorio Villaggio Gnutti</name><ExtendedData><Data name="@id"><value>way/450404260</value></Data><Data name="amenity"><value>community_centre</value></Data><Data name="building"><value>public</value></Data><Data name="community_centre"><value>parish_hall</value></Data><Data name="denomination"><value>catholic</value></Data><Data name="name"><value>Oratorio Villaggio Gnutti</value></Data><Data name="religion"><value>christian</value></Data><Data name="@geometry"><value>center</value></Data></ExtendedData><Point><coordinates>10.2481576,45.6510883</coordinates></Point></Placemark><Placemark><name>Agesci Porto Mantovano 1°</name><ExtendedData><Data name="@id"><value>way/451766440</value></Data><Data name="website"><value>portomantovano1.it</value></Data><Data name="amenity"><value>community_centre</value></Data><Data name="building"><value>yes</value></Data><Data name="name"><value>Agesci Porto Mantovano 1°</value></Data><Data name="@geometry"><value>center</value></Data></ExtendedData><Point><coordinates>10.7891728,45.1878452</coordinates></Point></Placemark><Placemark><name>Opere parrocchiali</name><ExtendedData><Data name="@id"><value>way/452085609</value></Data><Data name="amenity"><value>community_centre</value></Data><Data name="name"><value>Opere parrocchiali</value></Data><Data name="old_name"><value>Chiesa di Santa Maria Immacolata e San Giovanni Battista</value></Data><Data name="@geometry"><value>center</value></Data></ExtendedData><Point><coordinates>8.6833056,44.4034427</coordinates></Point></Placemark><Placemark><name>Piastra Pendolina</name><ExtendedData><Data name="@id"><value>way/453554853</value></Data><Data name="wheelchair"><value>yes</value></Data><Data name="smoking"><value>no</value></Data><Data name="name"><value>Piastra Pendolina</value></Data><Data name="email"><value>piastrapendolina@gmail.com</value></Data><Data name="phone"><value>+39 333 6632994</value></Data><Data name="website"><value>http://facebook.com/piastrapendolina</value></Data><Data name="addr:city"><value>Brescia</value></Data><Data name="addr:housenumber"><value>5</value></Data><Data name="addr:postcode"><value>25127</value></Data><Data name="addr:street"><value>Via Ragazzi del '99</value></Data><Data name="amenity"><value>community_centre</value></Data><Data name="building"><value>public</value></Data><Data name="building:levels"><value>1</value></Data><Data name="community_centre:for"><value>juvenile</value></Data><Data name="description:it"><value>Spazio giovani del Comune di Brescia, aperto a ragazzi e ragazze tra i 14 e i 25 anni. Sala pc, wifi, spazi per attività, studio di registrazione, laoratori tematici. Accesso e partecipazione alle attività gratuiti.</value></Data><Data name="image"><value>http://bresciagiovani.it/wp/wp-content/uploads/2016/01/piastrapendolina-spaziogiovani.jpg</value></Data><Data name="@geometry"><value>center</value></Data></ExtendedData><Point><coordinates>10.2073117,45.567509</coordinates></Point></Placemark><Placemark><ExtendedData><Data name="@id"><value>way/455529045</value></Data><Data name="amenity"><value>community_centre</value></Data><Data name="@geometry"><value>center</value></Data></ExtendedData><Point><coordinates>9.0340441,45.4054241</coordinates></Point></Placemark><Placemark><name>Casa del popolo &quot;Santa Libera&quot;</name><ExtendedData><Data name="@id"><value>way/455692682</value></Data><Data name="amenity"><value>community_centre</value></Data><Data name="building"><value>yes</value></Data><Data name="name"><value>Casa del popolo &quot;Santa Libera&quot;</value></Data><Data name="@geometry"><value>center</value></Data></ExtendedData><Point><coordinates>8.2026876,44.8962198</coordinates></Point></Placemark><Placemark><name>Centro Sociosanitario</name><ExtendedData><Data name="@id"><value>way/456606976</value></Data><Data name="alt_name"><value>Centro Socio-Sanitario</value></Data><Data name="amenity"><value>community_centre</value></Data><Data name="name"><value>Centro Sociosanitario</value></Data><Data name="@geometry"><value>center</value></Data></ExtendedData><Point><coordinates>9.0428417,45.4072465</coordinates></Point></Placemark><Placemark><name>Centro Sociale Luigi Taverna</name><ExtendedData><Data name="@id"><value>way/457204665</value></Data><Data name="amenity"><value>community_centre</value></Data><Data name="name"><value>Centro Sociale Luigi Taverna</value></Data><Data name="@geometry"><value>center</value></Data></ExtendedData><Point><coordinates>9.0544022,45.4104435</coordinates></Point></Placemark><Placemark><name>Red Clubbing</name><ExtendedData><Data name="@id"><value>way/457307888</value></Data><Data name="amenity"><value>nightclub</value></Data><Data name="building"><value>retail</value></Data><Data name="name"><value>Red Clubbing</value></Data><Data name="@geometry"><value>center</value></Data></ExtendedData><Point><coordinates>10.5466577,45.5657984</coordinates></Point></Placemark><Placemark><name>Centro sociale di Capro</name><ExtendedData><Data name="@id"><value>way/457339857</value></Data><Data name="amenity"><value>community_centre</value></Data><Data name="building"><value>yes</value></Data><Data name="name"><value>Centro sociale di Capro</value></Data><Data name="@geometry"><value>center</value></Data></ExtendedData><Point><coordinates>12.602054,42.9504338</coordinates></Point></Placemark><Placemark><name>centro sociale di Bevagna</name><ExtendedData><Data name="@id"><value>way/457412900</value></Data><Data name="amenity"><value>community_centre</value></Data><Data name="building"><value>yes</value></Data><Data name="name"><value>centro sociale di Bevagna</value></Data><Data name="@geometry"><value>center</value></Data></ExtendedData><Point><coordinates>12.6132022,42.9385143</coordinates></Point></Placemark><Placemark><name>Oratorio Vigano Certosino</name><ExtendedData><Data name="@id"><value>way/458114763</value></Data><Data name="amenity"><value>community_centre</value></Data><Data name="name"><value>Oratorio Vigano Certosino</value></Data><Data name="@geometry"><value>center</value></Data></ExtendedData><Point><coordinates>9.0262148,45.3779756</coordinates></Point></Placemark><Placemark><name>MAMBRE</name><ExtendedData><Data name="@id"><value>way/458114871</value></Data><Data name="amenity"><value>community_centre</value></Data><Data name="community_centre:for"><value>family</value></Data><Data name="name"><value>MAMBRE</value></Data><Data name="@geometry"><value>center</value></Data></ExtendedData><Point><coordinates>9.0260408,45.3789328</coordinates></Point></Placemark><Placemark><name>Oratorio</name><ExtendedData><Data name="@id"><value>way/458119119</value></Data><Data name="amenity"><value>community_centre</value></Data><Data name="community_centre"><value>parish_hall</value></Data><Data name="denomination"><value>catholic</value></Data><Data name="name"><value>Oratorio</value></Data><Data name="religion"><value>christian</value></Data><Data name="@geometry"><value>center</value></Data></ExtendedData><Point><coordinates>9.1459172,45.7861377</coordinates></Point></Placemark><Placemark><name>Centro insieme</name><ExtendedData><Data name="@id"><value>way/458477827</value></Data><Data name="amenity"><value>community_centre</value></Data><Data name="name"><value>Centro insieme</value></Data><Data name="@geometry"><value>center</value></Data></ExtendedData><Point><coordinates>10.6114832,44.6779724</coordinates></Point></Placemark><Placemark><name>Oratorio</name><ExtendedData><Data name="@id"><value>way/458503275</value></Data><Data name="amenity"><value>community_centre</value></Data><Data name="building"><value>yes</value></Data><Data name="community_centre"><value>juvenile</value></Data><Data name="name"><value>Oratorio</value></Data><Data name="@geometry"><value>center</value></Data></ExtendedData><Point><coordinates>8.5723929,45.729676</coordinates></Point></Placemark><Placemark><name>Circolo Arci Pablo Neruda</name><ExtendedData><Data name="@id"><value>way/458576961</value></Data><Data name="amenity"><value>community_centre</value></Data><Data name="name"><value>Circolo Arci Pablo Neruda</value></Data><Data name="@geometry"><value>center</value></Data></ExtendedData><Point><coordinates>10.5178502,44.7389849</coordinates></Point></Placemark><Placemark><name>NewStaz</name><ExtendedData><Data name="@id"><value>way/458715846</value></Data><Data name="amenity"><value>community_centre</value></Data><Data name="building"><value>government</value></Data><Data name="name"><value>NewStaz</value></Data><Data name="opening_hours"><value>Mo-Fr 09:30-22:00; Sa 08:30-16:00</value></Data><Data name="website"><value>https://www.newstaz.it/newstaz/</value></Data><Data name="@geometry"><value>center</value></Data></ExtendedData><Point><coordinates>11.1937856,43.7680876</coordinates></Point></Placemark><Placemark><name>Monte Granatico</name><ExtendedData><Data name="@id"><value>way/459067762</value></Data><Data name="addr:city"><value>Sant'Antioco</value></Data><Data name="addr:housenumber"><value>111</value></Data><Data name="addr:postcode"><value>09017</value></Data><Data name="addr:street"><value>Via Regina Margherita</value></Data><Data name="amenity"><value>community_centre</value></Data><Data name="building"><value>yes</value></Data><Data name="building:levels"><value>0</value></Data><Data name="name"><value>Monte Granatico</value></Data><Data name="operator"><value>Comune</value></Data><Data name="tourism"><value>museum</value></Data><Data name="wheelchair"><value>no</value></Data><Data name="@geometry"><value>center</value></Data></ExtendedData><Point><coordinates>8.451956,39.0697991</coordinates></Point></Placemark><Placemark><name>Medusa</name><ExtendedData><Data name="@id"><value>way/459630925</value></Data><Data name="amenity"><value>nightclub</value></Data><Data name="building"><value>yes</value></Data><Data name="name"><value>Medusa</value></Data><Data name="@geometry"><value>center</value></Data></ExtendedData><Point><coordinates>14.1973812,42.483947</coordinates></Point></Placemark><Placemark><ExtendedData><Data name="@id"><value>way/459882755</value></Data><Data name="amenity"><value>community_centre</value></Data><Data name="building"><value>yes</value></Data><Data name="@geometry"><value>center</value></Data></ExtendedData><Point><coordinates>8.5853925,45.7139974</coordinates></Point></Placemark><Placemark><name>Sala Polivalente &quot;ex scuola Pozzola&quot;</name><ExtendedData><Data name="@id"><value>way/460184629</value></Data><Data name="addr:city"><value>Castelletto sopra Ticino</value></Data><Data name="addr:housenumber"><value>118</value></Data><Data name="addr:postcode"><value>28053</value></Data><Data name="addr:street"><value>Via Beati</value></Data><Data name="amenity"><value>community_centre</value></Data><Data name="building"><value>yes</value></Data><Data name="name"><value>Sala Polivalente &quot;ex scuola Pozzola&quot;</value></Data><Data name="operator"><value>Comune di Castelletto Sopra Ticino</value></Data><Data name="@geometry"><value>center</value></Data></ExtendedData><Point><coordinates>8.6123718,45.7174311</coordinates></Point></Placemark><Placemark><name>Sonoria</name><ExtendedData><Data name="@id"><value>way/461544774</value></Data><Data name="amenity"><value>social_centre</value></Data><Data name="building"><value>yes</value></Data><Data name="name"><value>Sonoria</value></Data><Data name="@geometry"><value>center</value></Data></ExtendedData><Point><coordinates>11.1961735,43.7798188</coordinates></Point></Placemark><Placemark><ExtendedData><Data name="@id"><value>way/461544805</value></Data><Data name="amenity"><value>social_centre</value></Data><Data name="building"><value>yes</value></Data><Data name="@geometry"><value>center</value></Data></ExtendedData><Point><coordinates>11.195782,43.7799719</coordinates></Point></Placemark><Placemark><name>Casa del Popolo di San Bartolo a Cintoia</name><ExtendedData><Data name="@id"><value>way/461721824</value></Data><Data name="website"><value>https://sanbartoloacintoia.wordpress.com</value></Data><Data name="addr:housenumber"><value>95</value></Data><Data name="addr:postcode"><value>50142</value></Data><Data name="addr:street"><value>Via di San Bartolo a Cintoia</value></Data><Data name="amenity"><value>social_centre</value></Data><Data name="building"><value>yes</value></Data><Data name="email"><value>cdpsanbartolo@gmail.com</value></Data><Data name="name"><value>Casa del Popolo di San Bartolo a Cintoia</value></Data><Data name="phone"><value>+39055786356</value></Data><Data name="@geometry"><value>center</value></Data></ExtendedData><Point><coordinates>11.1901515,43.7787787</coordinates></Point></Placemark><Placemark><name>Taulac</name><ExtendedData><Data name="@id"><value>way/462146643</value></Data><Data name="amenity"><value>community_centre</value></Data><Data name="building"><value>yes</value></Data><Data name="name"><value>Taulac</value></Data><Data name="@geometry"><value>center</value></Data></ExtendedData><Point><coordinates>11.9570489,46.4817975</coordinates></Point></Placemark><Placemark><name>Centro Polivalente Il Melograno</name><ExtendedData><Data name="@id"><value>way/462220952</value></Data><Data name="addr:city"><value>Cornaredo</value></Data><Data name="addr:housenumber"><value>31</value></Data><Data name="addr:postcode"><value>20007</value></Data><Data name="addr:street"><value>Via Brera</value></Data><Data name="amenity"><value>community_centre</value></Data><Data name="name"><value>Centro Polivalente Il Melograno</value></Data><Data name="phone"><value>+390293263300</value></Data><Data name="@geometry"><value>center</value></Data></ExtendedData><Point><coordinates>9.0295106,45.4989465</coordinates></Point></Placemark><Placemark><name>Auditorium Madre di Misericordia e Madre di Speranza</name><ExtendedData><Data name="@id"><value>way/462656317</value></Data><Data name="amenity"><value>community_centre</value></Data><Data name="building"><value>yes</value></Data><Data name="name"><value>Auditorium Madre di Misericordia e Madre di Speranza</value></Data><Data name="@geometry"><value>center</value></Data></ExtendedData><Point><coordinates>10.2633159,45.9931962</coordinates></Point></Placemark><Placemark><name>Oratorio Santi Apostoli</name><ExtendedData><Data name="@id"><value>way/463507111</value></Data><Data name="amenity"><value>community_centre</value></Data><Data name="name"><value>Oratorio Santi Apostoli</value></Data><Data name="@geometry"><value>center</value></Data></ExtendedData><Point><coordinates>8.8614682,45.6204246</coordinates></Point></Placemark><Placemark><name>Oratorio beato Pier Giorgio Frassati</name><ExtendedData><Data name="@id"><value>way/463522965</value></Data><Data name="amenity"><value>community_centre</value></Data><Data name="denomination"><value>catholic</value></Data><Data name="name"><value>Oratorio beato Pier Giorgio Frassati</value></Data><Data name="name:etymology:wikidata"><value>Q679784</value></Data><Data name="religion"><value>christian</value></Data><Data name="@geometry"><value>center</value></Data></ExtendedData><Point><coordinates>8.8566281,45.5866147</coordinates></Point></Placemark><Placemark><name>Oratorio San Giovanni Bosco</name><ExtendedData><Data name="@id"><value>way/463631138</value></Data><Data name="amenity"><value>community_centre</value></Data><Data name="name"><value>Oratorio San Giovanni Bosco</value></Data><Data name="name:etymology:wikidata"><value>Q146183</value></Data><Data name="@geometry"><value>center</value></Data></ExtendedData><Point><coordinates>8.8596929,45.6018662</coordinates></Point></Placemark><Placemark><name>Oratorio Sant'Edoardo</name><ExtendedData><Data name="@id"><value>way/463632763</value></Data><Data name="amenity"><value>community_centre</value></Data><Data name="name"><value>Oratorio Sant'Edoardo</value></Data><Data name="name:etymology:wikidata"><value>Q130005</value></Data><Data name="@geometry"><value>center</value></Data></ExtendedData><Point><coordinates>8.8591089,45.6036831</coordinates></Point></Placemark><Placemark><name>Oratorio Giovanni Paolo II</name><ExtendedData><Data name="@id"><value>way/463697281</value></Data><Data name="amenity"><value>community_centre</value></Data><Data name="community_centre"><value>parish_hall</value></Data><Data name="denomination"><value>catholic</value></Data><Data name="name"><value>Oratorio Giovanni Paolo II</value></Data><Data name="name:etymology:wikidata"><value>Q989</value></Data><Data name="religion"><value>christian</value></Data><Data name="@geometry"><value>center</value></Data></ExtendedData><Point><coordinates>8.8641739,45.6114997</coordinates></Point></Placemark><Placemark><name>Oratorio San Luigi</name><ExtendedData><Data name="@id"><value>way/463697282</value></Data><Data name="amenity"><value>community_centre</value></Data><Data name="name"><value>Oratorio San Luigi</value></Data><Data name="@geometry"><value>center</value></Data></ExtendedData><Point><coordinates>8.853947,45.6155445</coordinates></Point></Placemark><Placemark><name>Oratorio San Giovanni Bosco</name><ExtendedData><Data name="@id"><value>way/464199219</value></Data><Data name="addr:city"><value>Bollate</value></Data><Data name="addr:housenumber"><value>10</value></Data><Data name="addr:postcode"><value>20021</value></Data><Data name="addr:street"><value>Via Archimede</value></Data><Data name="amenity"><value>community_centre</value></Data><Data name="denomination"><value>roman_catholic</value></Data><Data name="name"><value>Oratorio San Giovanni Bosco</value></Data><Data name="opening_hours"><value>Mo-Fr 15:00-19:00; Sa 08:00-12:00,15:00-19:00; Su 09:00-12:00,14:30-17:00; Mo off</value></Data><Data name="phone"><value>+390299202594</value></Data><Data name="religion"><value>christian</value></Data><Data name="@geometry"><value>center</value></Data></ExtendedData><Point><coordinates>9.1380554,45.5589527</coordinates></Point></Placemark><Placemark><name>LatinGold Disco Club</name><ExtendedData><Data name="@id"><value>way/464412592</value></Data><Data name="amenity"><value>nightclub</value></Data><Data name="building"><value>yes</value></Data><Data name="name"><value>LatinGold Disco Club</value></Data><Data name="@geometry"><value>center</value></Data></ExtendedData><Point><coordinates>17.694876,40.6414071</coordinates></Point></Placemark><Placemark><name>Circolo ARCI Le Torri</name><ExtendedData><Data name="@id"><value>way/464432359</value></Data><Data name="addr:city"><value>Firenze</value></Data><Data name="addr:housenumber"><value>157</value></Data><Data name="addr:postcode"><value>50142</value></Data><Data name="addr:street"><value>Via Lunga</value></Data><Data name="amenity"><value>community_centre</value></Data><Data name="building"><value>yes</value></Data><Data name="name"><value>Circolo ARCI Le Torri</value></Data><Data name="operator"><value>ARCI</value></Data><Data name="operator:type"><value>association</value></Data><Data name="@geometry"><value>center</value></Data></ExtendedData><Point><coordinates>11.2031458,43.7747418</coordinates></Point></Placemark><Placemark><ExtendedData><Data name="@id"><value>way/464694289</value></Data><Data name="amenity"><value>community_centre</value></Data><Data name="building"><value>government</value></Data><Data name="@geometry"><value>center</value></Data></ExtendedData><Point><coordinates>11.2849332,43.7589943</coordinates></Point></Placemark><Placemark><name>Colonia estiva</name><ExtendedData><Data name="@id"><value>way/464728012</value></Data><Data name="amenity"><value>community_centre</value></Data><Data name="building"><value>yes</value></Data><Data name="name"><value>Colonia estiva</value></Data><Data name="@geometry"><value>center</value></Data></ExtendedData><Point><coordinates>7.748096,45.5021829</coordinates></Point></Placemark><Placemark><name>Società Mutuo Soccorso Careggi</name><ExtendedData><Data name="@id"><value>way/465666361</value></Data><Data name="alt_name"><value>S.M.S. Careggi</value></Data><Data name="amenity"><value>community_centre</value></Data><Data name="building"><value>yes</value></Data><Data name="name"><value>Società Mutuo Soccorso Careggi</value></Data><Data name="website"><value>http://www.smscareggi.it/</value></Data><Data name="@geometry"><value>center</value></Data></ExtendedData><Point><coordinates>11.2549594,43.8092334</coordinates></Point></Placemark><Placemark><name>Il Tempio</name><ExtendedData><Data name="@id"><value>way/465869686</value></Data><Data name="amenity"><value>community_centre</value></Data><Data name="building"><value>yes</value></Data><Data name="name"><value>Il Tempio</value></Data><Data name="@geometry"><value>center</value></Data></ExtendedData><Point><coordinates>10.9212395,43.931989</coordinates></Point></Placemark><Placemark><name>Villino Rossi</name><ExtendedData><Data name="@id"><value>way/466481447</value></Data><Data name="amenity"><value>community_centre</value></Data><Data name="website"><value>https://www.villinorossi.it/</value></Data><Data name="addr:city"><value>Povolaro</value></Data><Data name="addr:housenumber"><value>3</value></Data><Data name="addr:postcode"><value>36031</value></Data><Data name="addr:street"><value>Via Molinetto</value></Data><Data name="building"><value>yes</value></Data><Data name="name"><value>Villino Rossi</value></Data><Data name="operator"><value>Comitato di Gestione Villino Rossi</value></Data><Data name="operator:type"><value>private</value></Data><Data name="@geometry"><value>center</value></Data></ExtendedData><Point><coordinates>11.5744777,45.6263995</coordinates></Point></Placemark><Placemark><name>Oratorio don Bosco</name><ExtendedData><Data name="@id"><value>way/466481807</value></Data><Data name="amenity"><value>community_centre</value></Data><Data name="building"><value>civic</value></Data><Data name="name"><value>Oratorio don Bosco</value></Data><Data name="@geometry"><value>center</value></Data></ExtendedData><Point><coordinates>11.5743189,45.6432371</coordinates></Point></Placemark><Placemark><name>Centro Rinaldo Arnaldi</name><ExtendedData><Data name="@id"><value>way/466482769</value></Data><Data name="wheelchair"><value>yes</value></Data><Data name="operator"><value>Comune di Dueville</value></Data><Data name="addr:city"><value>Dueville</value></Data><Data name="addr:housenumber"><value>35</value></Data><Data name="addr:postcode"><value>36031</value></Data><Data name="addr:street"><value>Via G. Rossi</value></Data><Data name="amenity"><value>community_centre</value></Data><Data name="building"><value>yes</value></Data><Data name="name"><value>Centro Rinaldo Arnaldi</value></Data><Data name="@geometry"><value>center</value></Data></ExtendedData><Point><coordinates>11.5478024,45.6373689</coordinates></Point></Placemark><Placemark><name>Centro civico &quot;Antonio Fogazzaro&quot;</name><ExtendedData><Data name="@id"><value>way/466482787</value></Data><Data name="name"><value>Centro civico &quot;Antonio Fogazzaro&quot;</value></Data><Data name="building"><value>yes</value></Data><Data name="amenity"><value>social_centre</value></Data><Data name="@geometry"><value>center</value></Data></ExtendedData><Point><coordinates>11.5492756,45.6370896</coordinates></Point></Placemark><Placemark><name>Villino Rossi</name><ExtendedData><Data name="@id"><value>way/466483184</value></Data><Data name="amenity"><value>community_centre</value></Data><Data name="website"><value>https://www.villinorossi.it/</value></Data><Data name="addr:city"><value>Povolaro</value></Data><Data name="addr:housenumber"><value>3</value></Data><Data name="addr:postcode"><value>36031</value></Data><Data name="addr:street"><value>Via Molinetto</value></Data><Data name="building"><value>yes</value></Data><Data name="name"><value>Villino Rossi</value></Data><Data name="operator"><value>Comitato di Gestione Villino Rossi</value></Data><Data name="operator:type"><value>private</value></Data><Data name="@geometry"><value>center</value></Data></ExtendedData><Point><coordinates>11.5740323,45.6264587</coordinates></Point></Placemark><Placemark><name>Centro civico Renzo Pezzani</name><ExtendedData><Data name="@id"><value>way/466483558</value></Data><Data name="addr:city"><value>Passo di Riva</value></Data><Data name="addr:postcode"><value>36031</value></Data><Data name="addr:street"><value>Via Adige</value></Data><Data name="amenity"><value>community_centre</value></Data><Data name="building"><value>yes</value></Data><Data name="name"><value>Centro civico Renzo Pezzani</value></Data><Data name="@geometry"><value>center</value></Data></ExtendedData><Point><coordinates>11.5740879,45.6418289</coordinates></Point></Placemark><Placemark><name>Casa Busnelli</name><ExtendedData><Data name="@id"><value>way/466484045</value></Data><Data name="addr:housenumber"><value>24</value></Data><Data name="addr:street"><value>Via Roma</value></Data><Data name="amenity"><value>social_centre</value></Data><Data name="building"><value>yes</value></Data><Data name="name"><value>Casa Busnelli</value></Data><Data name="operator"><value>Comune di Dueville</value></Data><Data name="@geometry"><value>center</value></Data></ExtendedData><Point><coordinates>11.5472162,45.6344026</coordinates></Point></Placemark><Placemark><name>Oratorio Santa Maria - Barchessa Monza</name><ExtendedData><Data name="@id"><value>way/466484056</value></Data><Data name="addr:street"><value>piazza Monza</value></Data><Data name="addr:city"><value>Dueville</value></Data><Data name="addr:housenumber"><value>48</value></Data><Data name="addr:postcode"><value>36031</value></Data><Data name="amenity"><value>community_centre</value></Data><Data name="building"><value>yes</value></Data><Data name="name"><value>Oratorio Santa Maria - Barchessa Monza</value></Data><Data name="@geometry"><value>center</value></Data></ExtendedData><Point><coordinates>11.5481331,45.6345269</coordinates></Point></Placemark><Placemark><name>Oratorio di Crevenna</name><ExtendedData><Data name="@id"><value>way/467042690</value></Data><Data name="addr:city"><value>Erba</value></Data><Data name="addr:postcode"><value>22036</value></Data><Data name="addr:street"><value>Via San Giorgio</value></Data><Data name="amenity"><value>community_centre</value></Data><Data name="building"><value>yes</value></Data><Data name="name"><value>Oratorio di Crevenna</value></Data><Data name="@geometry"><value>center</value></Data></ExtendedData><Point><coordinates>9.2155732,45.8166449</coordinates></Point></Placemark><Placemark><name>Oratorio dei Santi Fermo e Rustico</name><ExtendedData><Data name="@id"><value>way/468337579</value></Data><Data name="website"><value>http://www.parrocchiacusago.it</value></Data><Data name="amenity"><value>community_centre</value></Data><Data name="name"><value>Oratorio dei Santi Fermo e Rustico</value></Data><Data name="@geometry"><value>center</value></Data></ExtendedData><Point><coordinates>9.0344954,45.445689</coordinates></Point></Placemark><Placemark><name>Auditorium</name><ExtendedData><Data name="@id"><value>way/468527394</value></Data><Data name="website"><value>www.loppiano.it/auditorium/C/auditorium</value></Data><Data name="amenity"><value>community_centre</value></Data><Data name="building"><value>yes</value></Data><Data name="email"><value>accoglienza@loppiano.it</value></Data><Data name="image"><value>https://it.wikiloc.com/percorsi-cammino/loppiano-fattoria-di-tracolle-e-lago-borri-il-ferrale-torrione-anello-95478698/photo-62383597</value></Data><Data name="name"><value>Auditorium</value></Data><Data name="opening_hours"><value>Mo-Fr 10:30-12:00, 15:30-18:30</value></Data><Data name="phone"><value>+39 0559051102</value></Data><Data name="wheelchair"><value>yes</value></Data><Data name="@geometry"><value>center</value></Data></ExtendedData><Point><coordinates>11.4293207,43.6658175</coordinates></Point></Placemark><Placemark><name>Mia Clubbing</name><ExtendedData><Data name="@id"><value>way/468568072</value></Data><Data name="name"><value>Mia Clubbing</value></Data><Data name="building"><value>yes</value></Data><Data name="addr:city"><value>Porto Recanati</value></Data><Data name="addr:postcode"><value>62017</value></Data><Data name="addr:street"><value>Viale Ludovico Scarfiotti</value></Data><Data name="amenity"><value>nightclub</value></Data><Data name="@geometry"><value>center</value></Data></ExtendedData><Point><coordinates>13.6528062,43.453053</coordinates></Point></Placemark><Placemark><name>Centro Ricreativo Pensionati</name><ExtendedData><Data name="@id"><value>way/469033758</value></Data><Data name="amenity"><value>community_centre</value></Data><Data name="community_centre:for"><value>senior</value></Data><Data name="name"><value>Centro Ricreativo Pensionati</value></Data><Data name="@geometry"><value>center</value></Data></ExtendedData><Point><coordinates>9.0277288,45.4400773</coordinates></Point></Placemark><Placemark><name>Oratorio di Cogno</name><ExtendedData><Data name="@id"><value>way/469428354</value></Data><Data name="religion"><value>christian</value></Data><Data name="name"><value>Oratorio di Cogno</value></Data><Data name="denomination"><value>catholic</value></Data><Data name="community_centre"><value>parish_hall</value></Data><Data name="building"><value>yes</value></Data><Data name="amenity"><value>community_centre</value></Data><Data name="@geometry"><value>center</value></Data></ExtendedData><Point><coordinates>10.2437243,45.9357061</coordinates></Point></Placemark><Placemark><name>Sala ritrovo Don Antonio Morettini</name><ExtendedData><Data name="@id"><value>way/470072580</value></Data><Data name="addr:city"><value>Serle</value></Data><Data name="addr:housenumber"><value>2</value></Data><Data name="addr:postcode"><value>25080</value></Data><Data name="addr:street"><value>Via Fontana</value></Data><Data name="amenity"><value>community_centre</value></Data><Data name="building"><value>yes</value></Data><Data name="community_centre"><value>parish_hall</value></Data><Data name="denomination"><value>catholic</value></Data><Data name="name"><value>Sala ritrovo Don Antonio Morettini</value></Data><Data name="religion"><value>christian</value></Data><Data name="@geometry"><value>center</value></Data></ExtendedData><Point><coordinates>10.3412371,45.5754733</coordinates></Point></Placemark><Placemark><name>Oratorio di Berzo Inferiore</name><ExtendedData><Data name="@id"><value>way/470258332</value></Data><Data name="amenity"><value>community_centre</value></Data><Data name="building"><value>yes</value></Data><Data name="community_centre"><value>parish_hall</value></Data><Data name="denomination"><value>catholic</value></Data><Data name="name"><value>Oratorio di Berzo Inferiore</value></Data><Data name="religion"><value>christian</value></Data><Data name="@geometry"><value>center</value></Data></ExtendedData><Point><coordinates>10.2787314,45.9335185</coordinates></Point></Placemark><Placemark><name>Casa del Popolo di San Bartolo a Cintoia</name><ExtendedData><Data name="@id"><value>way/470592429</value></Data><Data name="operator:type"><value>association</value></Data><Data name="addr:city"><value>Firenze</value></Data><Data name="addr:housenumber"><value>95</value></Data><Data name="addr:postcode"><value>50142</value></Data><Data name="addr:street"><value>Via di San Bartolo a Cintoia</value></Data><Data name="amenity"><value>social_centre</value></Data><Data name="building"><value>yes</value></Data><Data name="name"><value>Casa del Popolo di San Bartolo a Cintoia</value></Data><Data name="operator"><value>ARCI</value></Data><Data name="@geometry"><value>center</value></Data></ExtendedData><Point><coordinates>11.1903509,43.7790229</coordinates></Point></Placemark><Placemark><name>Social Club</name><ExtendedData><Data name="@id"><value>way/472912450</value></Data><Data name="addr:city"><value>Firenze</value></Data><Data name="addr:housenumber"><value>92/14</value></Data><Data name="addr:street"><value>Via della Casella</value></Data><Data name="amenity"><value>community_centre</value></Data><Data name="building"><value>government</value></Data><Data name="name"><value>Social Club</value></Data><Data name="@geometry"><value>center</value></Data></ExtendedData><Point><coordinates>11.1940534,43.7728373</coordinates></Point></Placemark><Placemark><name>Casa del Popolo di Ponte a Greve</name><ExtendedData><Data name="@id"><value>way/473590748</value></Data><Data name="amenity"><value>social_centre</value></Data><Data name="building"><value>yes</value></Data><Data name="name"><value>Casa del Popolo di Ponte a Greve</value></Data><Data name="operator"><value>ARCI</value></Data><Data name="operator:type"><value>association</value></Data><Data name="@geometry"><value>center</value></Data></ExtendedData><Point><coordinates>11.1914462,43.7678652</coordinates></Point></Placemark><Placemark><name>Palacultura &quot;Bartolo Cattafi&quot;</name><ExtendedData><Data name="@id"><value>way/473931099</value></Data><Data name="name"><value>Palacultura &quot;Bartolo Cattafi&quot;</value></Data><Data name="amenity"><value>community_centre</value></Data><Data name="@geometry"><value>center</value></Data></ExtendedData><Point><coordinates>15.2143982,38.1551537</coordinates></Point></Placemark><Placemark><name>Centro Sociale Comunale</name><ExtendedData><Data name="@id"><value>way/474639886</value></Data><Data name="name"><value>Centro Sociale Comunale</value></Data><Data name="addr:city"><value>Luogosano</value></Data><Data name="addr:postcode"><value>83040</value></Data><Data name="addr:street"><value>Via Aldo Moro</value></Data><Data name="amenity"><value>community_centre</value></Data><Data name="building"><value>yes</value></Data><Data name="@geometry"><value>center</value></Data></ExtendedData><Point><coordinates>14.9907806,40.9865741</coordinates></Point></Placemark><Placemark><ExtendedData><Data name="@id"><value>way/476312539</value></Data><Data name="amenity"><value>community_centre</value></Data><Data name="building"><value>yes</value></Data><Data name="operator"><value>Comitato per Azzida</value></Data><Data name="@geometry"><value>center</value></Data></ExtendedData><Point><coordinates>13.4907092,46.1176722</coordinates></Point></Placemark><Placemark><name>Teatro Arca</name><ExtendedData><Data name="@id"><value>way/476913326</value></Data><Data name="amenity"><value>community_centre</value></Data><Data name="building"><value>yes</value></Data><Data name="name"><value>Teatro Arca</value></Data><Data name="@geometry"><value>center</value></Data></ExtendedData><Point><coordinates>12.3135036,43.1038445</coordinates></Point></Placemark><Placemark><name>Oratorio femminile</name><ExtendedData><Data name="@id"><value>way/477154773</value></Data><Data name="amenity"><value>community_centre</value></Data><Data name="community_centre"><value>parish_hall</value></Data><Data name="denomination"><value>catholic</value></Data><Data name="name"><value>Oratorio femminile</value></Data><Data name="religion"><value>christian</value></Data><Data name="@geometry"><value>center</value></Data></ExtendedData><Point><coordinates>9.4037314,45.6480738</coordinates></Point></Placemark><Placemark><name>ex Archivolto</name><ExtendedData><Data name="@id"><value>way/477298808</value></Data><Data name="amenity"><value>nightclub</value></Data><Data name="building"><value>yes</value></Data><Data name="name"><value>ex Archivolto</value></Data><Data name="@geometry"><value>center</value></Data></ExtendedData><Point><coordinates>8.3891269,44.9945491</coordinates></Point></Placemark><Placemark><name>Circolo Canottieri Jonica</name><ExtendedData><Data name="@id"><value>way/477321897</value></Data><Data name="amenity"><value>community_centre</value></Data><Data name="building"><value>yes</value></Data><Data name="name"><value>Circolo Canottieri Jonica</value></Data><Data name="@geometry"><value>center</value></Data></ExtendedData><Point><coordinates>15.1132622,37.5295064</coordinates></Point></Placemark><Placemark><name>Yachting Club</name><ExtendedData><Data name="@id"><value>way/477333736</value></Data><Data name="building"><value>yes</value></Data><Data name="name"><value>Yachting Club</value></Data><Data name="amenity"><value>community_centre</value></Data><Data name="@geometry"><value>center</value></Data></ExtendedData><Point><coordinates>15.1130143,37.5299897</coordinates></Point></Placemark><Placemark><ExtendedData><Data name="@id"><value>way/477652625</value></Data><Data name="amenity"><value>community_centre</value></Data><Data name="leisure"><value>park</value></Data><Data name="@geometry"><value>center</value></Data></ExtendedData><Point><coordinates>8.6121585,45.7173727</coordinates></Point></Placemark><Placemark><name>Centro anziani Pescaiola</name><ExtendedData><Data name="@id"><value>way/477704199</value></Data><Data name="amenity"><value>community_centre</value></Data><Data name="building"><value>yes</value></Data><Data name="name"><value>Centro anziani Pescaiola</value></Data><Data name="@geometry"><value>center</value></Data></ExtendedData><Point><coordinates>11.8657856,43.4642023</coordinates></Point></Placemark><Placemark><name>Complesso La Baita</name><ExtendedData><Data name="@id"><value>way/478708802</value></Data><Data name="amenity"><value>nightclub</value></Data><Data name="building"><value>yes</value></Data><Data name="name"><value>Complesso La Baita</value></Data><Data name="@geometry"><value>center</value></Data></ExtendedData><Point><coordinates>10.496618,43.3976356</coordinates></Point></Placemark><Placemark><name>Dancing Malandrone</name><ExtendedData><Data name="@id"><value>way/482402125</value></Data><Data name="amenity"><value>nightclub</value></Data><Data name="building"><value>yes</value></Data><Data name="name"><value>Dancing Malandrone</value></Data><Data name="source"><value>Bing</value></Data><Data name="@geometry"><value>center</value></Data></ExtendedData><Point><coordinates>10.5033923,43.3776032</coordinates></Point></Placemark><Placemark><name>Centro Sociale Depistaggio</name><ExtendedData><Data name="@id"><value>way/482714275</value></Data><Data name="amenity"><value>social_centre</value></Data><Data name="name"><value>Centro Sociale Depistaggio</value></Data><Data name="@geometry"><value>center</value></Data></ExtendedData><Point><coordinates>14.7895838,41.1318639</coordinates></Point></Placemark><Placemark><name>Phenomenon Palaclub</name><ExtendedData><Data name="@id"><value>way/484199874</value></Data><Data name="addr:city"><value>Fontaneto d'Agogna</value></Data><Data name="addr:housenumber"><value>10</value></Data><Data name="addr:street"><value>Strada Provinciale 229 del Lago d'Orta</value></Data><Data name="amenity"><value>nightclub</value></Data><Data name="building"><value>industrial</value></Data><Data name="name"><value>Phenomenon Palaclub</value></Data><Data name="@geometry"><value>center</value></Data></ExtendedData><Point><coordinates>8.4949432,45.6541843</coordinates></Point></Placemark><Placemark><name>Sala Civica Italo Calvino</name><ExtendedData><Data name="@id"><value>way/484382231</value></Data><Data name="amenity"><value>community_centre</value></Data><Data name="building"><value>public</value></Data><Data name="name"><value>Sala Civica Italo Calvino</value></Data><Data name="@geometry"><value>center</value></Data></ExtendedData><Point><coordinates>10.3214593,45.5113392</coordinates></Point></Placemark><Placemark><ExtendedData><Data name="@id"><value>way/484526434</value></Data><Data name="amenity"><value>community_centre</value></Data><Data name="@geometry"><value>center</value></Data></ExtendedData><Point><coordinates>8.5844112,45.7149301</coordinates></Point></Placemark><Placemark><name>Sala Eden</name><ExtendedData><Data name="@id"><value>way/485549183</value></Data><Data name="amenity"><value>nightclub</value></Data><Data name="building"><value>yes</value></Data><Data name="name"><value>Sala Eden</value></Data><Data name="@geometry"><value>center</value></Data></ExtendedData><Point><coordinates>11.1112236,42.7624253</coordinates></Point></Placemark><Placemark><name>Centro di promozione sociale Auser &quot;Roberto Ciabatti&quot;</name><ExtendedData><Data name="@id"><value>way/485595776</value></Data><Data name="addr:city"><value>Grosseto</value></Data><Data name="addr:housenumber"><value>55</value></Data><Data name="addr:postcode"><value>58100</value></Data><Data name="addr:street"><value>Via de Barberi</value></Data><Data name="amenity"><value>social_centre</value></Data><Data name="building"><value>yes</value></Data><Data name="name"><value>Centro di promozione sociale Auser &quot;Roberto Ciabatti&quot;</value></Data><Data name="operator"><value>Auser</value></Data><Data name="phone"><value>+39 0564 22760</value></Data><Data name="social_centre:for"><value>senior</value></Data><Data name="@geometry"><value>center</value></Data></ExtendedData><Point><coordinates>11.1168727,42.7547351</coordinates></Point></Placemark><Placemark><name>Centro sociale Il Carrozzone</name><ExtendedData><Data name="@id"><value>way/486041733</value></Data><Data name="amenity"><value>community_centre</value></Data><Data name="name"><value>Centro sociale Il Carrozzone</value></Data><Data name="@geometry"><value>center</value></Data></ExtendedData><Point><coordinates>10.6128487,44.7099862</coordinates></Point></Placemark><Placemark><ExtendedData><Data name="@id"><value>way/486204635</value></Data><Data name="amenity"><value>community_centre</value></Data><Data name="building"><value>yes</value></Data><Data name="@geometry"><value>center</value></Data></ExtendedData><Point><coordinates>12.8389367,45.9411444</coordinates></Point></Placemark><Placemark><name>Lab 420</name><ExtendedData><Data name="@id"><value>way/486438815</value></Data><Data name="amenity"><value>nightclub</value></Data><Data name="name"><value>Lab 420</value></Data><Data name="building"><value>industrial</value></Data><Data name="addr:street"><value>Via dei Marmisti</value></Data><Data name="@geometry"><value>center</value></Data></ExtendedData><Point><coordinates>12.7158223,42.7474069</coordinates></Point></Placemark><Placemark><ExtendedData><Data name="@id"><value>way/486521325</value></Data><Data name="amenity"><value>community_centre</value></Data><Data name="@geometry"><value>center</value></Data></ExtendedData><Point><coordinates>8.6316631,45.6273389</coordinates></Point></Placemark><Placemark><name>La Casetta dell'Oratorio</name><ExtendedData><Data name="@id"><value>way/486662961</value></Data><Data name="amenity"><value>community_centre</value></Data><Data name="building"><value>yes</value></Data><Data name="community_centre"><value>parish_hall</value></Data><Data name="denomination"><value>catholic</value></Data><Data name="name"><value>La Casetta dell'Oratorio</value></Data><Data name="religion"><value>christian</value></Data><Data name="@geometry"><value>center</value></Data></ExtendedData><Point><coordinates>10.5118622,46.2593511</coordinates></Point></Placemark><Placemark><name>Centro sociale Gattaglio</name><ExtendedData><Data name="@id"><value>way/486754701</value></Data><Data name="amenity"><value>community_centre</value></Data><Data name="name"><value>Centro sociale Gattaglio</value></Data><Data name="@geometry"><value>center</value></Data></ExtendedData><Point><coordinates>10.6199332,44.6946157</coordinates></Point></Placemark><Placemark><name>Oratorio di Pagazzano</name><ExtendedData><Data name="@id"><value>way/486766468</value></Data><Data name="name"><value>Oratorio di Pagazzano</value></Data><Data name="amenity"><value>community_centre</value></Data><Data name="@geometry"><value>center</value></Data></ExtendedData><Point><coordinates>9.6692558,45.5334198</coordinates></Point></Placemark><Placemark><ExtendedData><Data name="@id"><value>way/487032630</value></Data><Data name="amenity"><value>community_centre</value></Data><Data name="building"><value>yes</value></Data><Data name="@geometry"><value>center</value></Data></ExtendedData><Point><coordinates>9.8722312,45.3981404</coordinates></Point></Placemark><Placemark><name>Circolo Arci Pieve</name><ExtendedData><Data name="@id"><value>way/487652129</value></Data><Data name="addr:housenumber"><value>2A</value></Data><Data name="addr:city"><value>Reggio nell'Emilia</value></Data><Data name="addr:postcode"><value>42124</value></Data><Data name="addr:street"><value>Via Plauto</value></Data><Data name="amenity"><value>community_centre</value></Data><Data name="building"><value>yes</value></Data><Data name="name"><value>Circolo Arci Pieve</value></Data><Data name="@geometry"><value>center</value></Data></ExtendedData><Point><coordinates>10.5845543,44.7136852</coordinates></Point></Placemark><Placemark><ExtendedData><Data name="@id"><value>way/487921335</value></Data><Data name="amenity"><value>community_centre</value></Data><Data name="building"><value>yes</value></Data><Data name="@geometry"><value>center</value></Data></ExtendedData><Point><coordinates>7.5136148,44.9967104</coordinates></Point></Placemark><Placemark><name>Sala Diamante - C. s. Mirandola</name><ExtendedData><Data name="@id"><value>way/488261057</value></Data><Data name="amenity"><value>community_centre</value></Data><Data name="building"><value>yes</value></Data><Data name="name"><value>Sala Diamante - C. s. Mirandola</value></Data><Data name="@geometry"><value>center</value></Data></ExtendedData><Point><coordinates>10.5957786,44.7058966</coordinates></Point></Placemark><Placemark><name>DeNiro</name><ExtendedData><Data name="@id"><value>way/489589587</value></Data><Data name="amenity"><value>nightclub</value></Data><Data name="building"><value>yes</value></Data><Data name="name"><value>DeNiro</value></Data><Data name="@geometry"><value>center</value></Data></ExtendedData><Point><coordinates>8.2436337,45.118791</coordinates></Point></Placemark><Placemark><name>Centro Civico di Olmo</name><ExtendedData><Data name="@id"><value>way/489604017</value></Data><Data name="amenity"><value>community_centre</value></Data><Data name="building"><value>yes</value></Data><Data name="name"><value>Centro Civico di Olmo</value></Data><Data name="@geometry"><value>center</value></Data></ExtendedData><Point><coordinates>12.1800915,45.5171139</coordinates></Point></Placemark><Placemark><ExtendedData><Data name="@id"><value>way/489604019</value></Data><Data name="amenity"><value>community_centre</value></Data><Data name="building"><value>yes</value></Data><Data name="@geometry"><value>center</value></Data></ExtendedData><Point><coordinates>12.1799833,45.5173317</coordinates></Point></Placemark><Placemark><name>Villa Demetra Roma</name><ExtendedData><Data name="@id"><value>way/490143730</value></Data><Data name="amenity"><value>community_centre</value></Data><Data name="building"><value>yes</value></Data><Data name="name"><value>Villa Demetra Roma</value></Data><Data name="@geometry"><value>center</value></Data></ExtendedData><Point><coordinates>12.5553499,41.7691874</coordinates></Point></Placemark><Placemark><ExtendedData><Data name="@id"><value>way/490544520</value></Data><Data name="amenity"><value>nightclub</value></Data><Data name="@geometry"><value>center</value></Data></ExtendedData><Point><coordinates>14.933621,37.5327286</coordinates></Point></Placemark><Placemark><name>Opera per l'Educazione Cristiana di Brescia</name><ExtendedData><Data name="@id"><value>way/491923415</value></Data><Data name="amenity"><value>community_centre</value></Data><Data name="leisure"><value>garden</value></Data><Data name="name"><value>Opera per l'Educazione Cristiana di Brescia</value></Data><Data name="@geometry"><value>center</value></Data></ExtendedData><Point><coordinates>10.2117503,45.6086103</coordinates></Point></Placemark><Placemark><ExtendedData><Data name="@id"><value>way/492295124</value></Data><Data name="building"><value>yes</value></Data><Data name="addr:city"><value>Tambre</value></Data><Data name="addr:housenumber"><value>10</value></Data><Data name="addr:postcode"><value>32010</value></Data><Data name="addr:street"><value>Piazza 11 Gennaio 1945</value></Data><Data name="amenity"><value>social_centre</value></Data><Data name="@geometry"><value>center</value></Data></ExtendedData><Point><coordinates>12.4228707,46.1290864</coordinates></Point></Placemark><Placemark><ExtendedData><Data name="@id"><value>way/492641905</value></Data><Data name="amenity"><value>community_centre</value></Data><Data name="building"><value>public</value></Data><Data name="community_centre"><value>parish_hall</value></Data><Data name="denomination"><value>catholic</value></Data><Data name="religion"><value>christian</value></Data><Data name="@geometry"><value>center</value></Data></ExtendedData><Point><coordinates>10.4495031,45.5403033</coordinates></Point></Placemark><Placemark><name>oratorio parrocchiale</name><ExtendedData><Data name="@id"><value>way/493260343</value></Data><Data name="amenity"><value>community_centre</value></Data><Data name="building"><value>yes</value></Data><Data name="name"><value>oratorio parrocchiale</value></Data><Data name="@geometry"><value>center</value></Data></ExtendedData><Point><coordinates>8.0230556,45.552682</coordinates></Point></Placemark><Placemark><name>Sala Pubblica Comunale Tavelli Vincenzo</name><ExtendedData><Data name="@id"><value>way/495065179</value></Data><Data name="amenity"><value>community_centre</value></Data><Data name="building"><value>public</value></Data><Data name="name"><value>Sala Pubblica Comunale Tavelli Vincenzo</value></Data><Data name="@geometry"><value>center</value></Data></ExtendedData><Point><coordinates>10.2975672,45.5323592</coordinates></Point></Placemark><Placemark><name>Centro Sociale Autogestito Vittoria</name><ExtendedData><Data name="@id"><value>way/495260894</value></Data><Data name="addr:city"><value>Milano</value></Data><Data name="addr:housenumber"><value>43</value></Data><Data name="addr:postcode"><value>20135</value></Data><Data name="addr:street"><value>Via Lodovico Muratori</value></Data><Data name="website"><value>https://www.csavittoria.org/</value></Data><Data name="amenity"><value>community_centre</value></Data><Data name="building"><value>yes</value></Data><Data name="name"><value>Centro Sociale Autogestito Vittoria</value></Data><Data name="short_name"><value>CSA Vittoria</value></Data><Data name="@geometry"><value>center</value></Data></ExtendedData><Point><coordinates>9.2110957,45.4513429</coordinates></Point></Placemark><Placemark><name>Centro Culturale Villa Marazzi</name><ExtendedData><Data name="@id"><value>way/495476239</value></Data><Data name="amenity"><value>community_centre</value></Data><Data name="name"><value>Centro Culturale Villa Marazzi</value></Data><Data name="@geometry"><value>center</value></Data></ExtendedData><Point><coordinates>9.0910521,45.4466487</coordinates></Point></Placemark><Placemark><name>Casa dei Giovani</name><ExtendedData><Data name="@id"><value>way/495689017</value></Data><Data name="amenity"><value>community_centre</value></Data><Data name="community_centre:for"><value>juvenile</value></Data><Data name="name"><value>Casa dei Giovani</value></Data><Data name="@geometry"><value>center</value></Data></ExtendedData><Point><coordinates>9.0847024,45.4485113</coordinates></Point></Placemark><Placemark><name>Circolo Culturale &quot;La Rinascita&quot;</name><ExtendedData><Data name="@id"><value>way/496134330</value></Data><Data name="amenity"><value>community_centre</value></Data><Data name="building"><value>yes</value></Data><Data name="name"><value>Circolo Culturale &quot;La Rinascita&quot;</value></Data><Data name="@geometry"><value>center</value></Data></ExtendedData><Point><coordinates>14.2351837,41.7429964</coordinates></Point></Placemark><Placemark><name>Oratorio Sant'Ireneo</name><ExtendedData><Data name="@id"><value>way/496183349</value></Data><Data name="amenity"><value>community_centre</value></Data><Data name="denomination"><value>catholic</value></Data><Data name="name"><value>Oratorio Sant'Ireneo</value></Data><Data name="religion"><value>christian</value></Data><Data name="@geometry"><value>center</value></Data></ExtendedData><Point><coordinates>9.0851933,45.4338396</coordinates></Point></Placemark><Placemark><name>Associazione Spighe d'Oro</name><ExtendedData><Data name="@id"><value>way/496183355</value></Data><Data name="amenity"><value>community_centre</value></Data><Data name="name"><value>Associazione Spighe d'Oro</value></Data><Data name="@geometry"><value>center</value></Data></ExtendedData><Point><coordinates>9.0830798,45.4349271</coordinates></Point></Placemark><Placemark><name>Centro Culturale La Baita</name><ExtendedData><Data name="@id"><value>way/496986454</value></Data><Data name="alt_name"><value>Centro di aggregazione Spaccone</value></Data><Data name="amenity"><value>community_centre</value></Data><Data name="building"><value>yes</value></Data><Data name="name"><value>Centro Culturale La Baita</value></Data><Data name="@geometry"><value>center</value></Data></ExtendedData><Point><coordinates>9.1949315,45.6056914</coordinates></Point></Placemark><Placemark><name>Centro Civico Tessera</name><ExtendedData><Data name="@id"><value>way/497113599</value></Data><Data name="amenity"><value>community_centre</value></Data><Data name="name"><value>Centro Civico Tessera</value></Data><Data name="@geometry"><value>center</value></Data></ExtendedData><Point><coordinates>9.0861578,45.4339091</coordinates></Point></Placemark><Placemark><name>The Beach</name><ExtendedData><Data name="@id"><value>way/497840344</value></Data><Data name="addr:city"><value>Milano</value></Data><Data name="addr:housenumber"><value>62</value></Data><Data name="addr:postcode"><value>20133</value></Data><Data name="addr:street"><value>Via Arcangelo Corelli</value></Data><Data name="name"><value>The Beach</value></Data><Data name="building"><value>yes</value></Data><Data name="website"><value>https://www.thebeachmilano.it/</value></Data><Data name="phone"><value>+39 02 9455 7574</value></Data><Data name="amenity"><value>nightclub</value></Data><Data name="@geometry"><value>center</value></Data></ExtendedData><Point><coordinates>9.2552176,45.4704219</coordinates></Point></Placemark><Placemark><ExtendedData><Data name="@id"><value>way/497896065</value></Data><Data name="amenity"><value>community_centre</value></Data><Data name="building"><value>yes</value></Data><Data name="operator"><value>Comune di Nova Milanese</value></Data><Data name="@geometry"><value>center</value></Data></ExtendedData><Point><coordinates>9.1981639,45.591412</coordinates></Point></Placemark><Placemark><name>Bar and Restaurant Moor</name><ExtendedData><Data name="@id"><value>way/498296366</value></Data><Data name="building"><value>yes</value></Data><Data name="amenity"><value>nightclub</value></Data><Data name="name"><value>Bar and Restaurant Moor</value></Data><Data name="@geometry"><value>center</value></Data></ExtendedData><Point><coordinates>9.9793399,44.0563285</coordinates></Point></Placemark><Placemark><name>Oratorio</name><ExtendedData><Data name="@id"><value>way/498953795</value></Data><Data name="amenity"><value>community_centre</value></Data><Data name="name"><value>Oratorio</value></Data><Data name="@geometry"><value>center</value></Data></ExtendedData><Point><coordinates>9.6924263,45.6750935</coordinates></Point></Placemark><Placemark><name>La Capannina di Franceschi</name><ExtendedData><Data name="@id"><value>way/499071369</value></Data><Data name="wikipedia"><value>it:La Capannina</value></Data><Data name="wikidata"><value>Q3207028</value></Data><Data name="amenity"><value>nightclub</value></Data><Data name="name"><value>La Capannina di Franceschi</value></Data><Data name="@geometry"><value>center</value></Data></ExtendedData><Point><coordinates>10.1739299,43.9515215</coordinates></Point></Placemark><Placemark><name>Alegria</name><ExtendedData><Data name="@id"><value>way/501872494</value></Data><Data name="addr:city"><value>Follonica</value></Data><Data name="addr:country"><value>IT</value></Data><Data name="addr:postcode"><value>58022</value></Data><Data name="addr:street"><value>Via Raffaello Sanzio</value></Data><Data name="amenity"><value>nightclub</value></Data><Data name="building"><value>yes</value></Data><Data name="contact:website"><value>http://www.alegriafestesufeste.it</value></Data><Data name="name"><value>Alegria</value></Data><Data name="@geometry"><value>center</value></Data></ExtendedData><Point><coordinates>10.7770876,42.9275908</coordinates></Point></Placemark><Placemark><name>Auser</name><ExtendedData><Data name="@id"><value>way/503085250</value></Data><Data name="amenity"><value>community_centre</value></Data><Data name="building"><value>yes</value></Data><Data name="name"><value>Auser</value></Data><Data name="@geometry"><value>center</value></Data></ExtendedData><Point><coordinates>9.2183263,45.5575944</coordinates></Point></Placemark><Placemark><name>Chalet Svizzero - Auser</name><ExtendedData><Data name="@id"><value>way/503085252</value></Data><Data name="amenity"><value>community_centre</value></Data><Data name="building"><value>yes</value></Data><Data name="building:levels"><value>2</value></Data><Data name="name"><value>Chalet Svizzero - Auser</value></Data><Data name="@geometry"><value>center</value></Data></ExtendedData><Point><coordinates>9.2180141,45.5585001</coordinates></Point></Placemark><Placemark><name>Kamà Music Maison</name><ExtendedData><Data name="@id"><value>way/503345417</value></Data><Data name="amenity"><value>nightclub</value></Data><Data name="name"><value>Kamà Music Maison</value></Data><Data name="@geometry"><value>center</value></Data></ExtendedData><Point><coordinates>14.4485507,36.8851244</coordinates></Point></Placemark><Placemark><ExtendedData><Data name="@id"><value>way/505488653</value></Data><Data name="loc_name"><value>Oratorio di Premenugo</value></Data><Data name="operator"><value>Parrocchia di Premenugo</value></Data><Data name="amenity"><value>community_centre</value></Data><Data name="@geometry"><value>center</value></Data></ExtendedData><Point><coordinates>9.3853947,45.468902</coordinates></Point></Placemark><Placemark><name>Oratorio parrocchiale</name><ExtendedData><Data name="@id"><value>way/506225854</value></Data><Data name="amenity"><value>community_centre</value></Data><Data name="building"><value>yes</value></Data><Data name="community_centre"><value>parish_hall</value></Data><Data name="name"><value>Oratorio parrocchiale</value></Data><Data name="@geometry"><value>center</value></Data></ExtendedData><Point><coordinates>8.0749099,45.5391141</coordinates></Point></Placemark><Placemark><name>La Cupa spazio autogestito</name><ExtendedData><Data name="@id"><value>way/508294853</value></Data><Data name="addr:housenumber"><value>3B</value></Data><Data name="old_amenity"><value>school</value></Data><Data name="name"><value>La Cupa spazio autogestito</value></Data><Data name="addr:street"><value>Strada La Cupa di Posatora</value></Data><Data name="addr:city"><value>Ancona</value></Data><Data name="addr:postcode"><value>60131</value></Data><Data name="amenity"><value>social_centre</value></Data><Data name="building"><value>yes</value></Data><Data name="@geometry"><value>center</value></Data></ExtendedData><Point><coordinates>13.4971842,43.5998996</coordinates></Point></Placemark><Placemark><name>Oratorio Don Bosco</name><ExtendedData><Data name="@id"><value>way/509793616</value></Data><Data name="name"><value>Oratorio Don Bosco</value></Data><Data name="amenity"><value>community_centre</value></Data><Data name="building"><value>yes</value></Data><Data name="@geometry"><value>center</value></Data></ExtendedData><Point><coordinates>8.5077592,45.8624859</coordinates></Point></Placemark><Placemark><ExtendedData><Data name="@id"><value>way/509868352</value></Data><Data name="area"><value>yes</value></Data><Data name="amenity"><value>nightclub</value></Data><Data name="@geometry"><value>center</value></Data></ExtendedData><Point><coordinates>12.9543413,45.7266545</coordinates></Point></Placemark><Placemark><name>Centro anziani Casa delle culture e delle generazioni</name><ExtendedData><Data name="@id"><value>way/509933743</value></Data><Data name="addr:housenumber"><value>187/A</value></Data><Data name="building"><value>yes</value></Data><Data name="addr:city"><value>Roma</value></Data><Data name="addr:postcode"><value>00176</value></Data><Data name="addr:street"><value>Via Isidoro di Carace</value></Data><Data name="amenity"><value>community_centre</value></Data><Data name="name"><value>Centro anziani Casa delle culture e delle generazioni</value></Data><Data name="operator"><value>Municipio Roma 5</value></Data><Data name="operator:type"><value>public</value></Data><Data name="@geometry"><value>center</value></Data></ExtendedData><Point><coordinates>12.5380561,41.885381</coordinates></Point></Placemark><Placemark><name>Parrocchia San Rocco</name><ExtendedData><Data name="@id"><value>way/512312629</value></Data><Data name="alt_name"><value>Oratorio San Rocco</value></Data><Data name="amenity"><value>community_centre</value></Data><Data name="community_centre"><value>parish_hall</value></Data><Data name="name"><value>Parrocchia San Rocco</value></Data><Data name="@geometry"><value>center</value></Data></ExtendedData><Point><coordinates>7.6386443,43.7896992</coordinates></Point></Placemark><Placemark><ExtendedData><Data name="@id"><value>way/512312634</value></Data><Data name="amenity"><value>community_centre</value></Data><Data name="landuse"><value>recreation_ground</value></Data><Data name="@geometry"><value>center</value></Data></ExtendedData><Point><coordinates>7.6384782,43.7897152</coordinates></Point></Placemark><Placemark><name>Centro polivalente Giovanni Falcone</name><ExtendedData><Data name="@id"><value>way/512326876</value></Data><Data name="amenity"><value>community_centre</value></Data><Data name="building"><value>yes</value></Data><Data name="name"><value>Centro polivalente Giovanni Falcone</value></Data><Data name="@geometry"><value>center</value></Data></ExtendedData><Point><coordinates>7.6260017,43.8085081</coordinates></Point></Placemark><Placemark><name>Acadie Club</name><ExtendedData><Data name="@id"><value>way/513171949</value></Data><Data name="addr:city"><value>Scalea</value></Data><Data name="amenity"><value>nightclub</value></Data><Data name="building"><value>yes</value></Data><Data name="name"><value>Acadie Club</value></Data><Data name="phone"><value>+39 342 687 2300</value></Data><Data name="website"><value>acadieclub.com</value></Data><Data name="@geometry"><value>center</value></Data></ExtendedData><Point><coordinates>15.7895293,39.8293849</coordinates></Point></Placemark><Placemark><ExtendedData><Data name="@id"><value>way/513275612</value></Data><Data name="amenity"><value>community_centre</value></Data><Data name="@geometry"><value>center</value></Data></ExtendedData><Point><coordinates>18.355826,39.9265568</coordinates></Point></Placemark><Placemark><name>Centro d'Aggregazione Giovanile &quot;Marco Patriarca&quot;</name><ExtendedData><Data name="@id"><value>way/514504432</value></Data><Data name="amenity"><value>community_centre</value></Data><Data name="building"><value>yes</value></Data><Data name="name"><value>Centro d'Aggregazione Giovanile &quot;Marco Patriarca&quot;</value></Data><Data name="@geometry"><value>center</value></Data></ExtendedData><Point><coordinates>12.0861665,41.9562628</coordinates></Point></Placemark><Placemark><name>Centro diurno per disabili &quot;Salvatore Minenna&quot;</name><ExtendedData><Data name="@id"><value>way/514779302</value></Data><Data name="amenity"><value>community_centre</value></Data><Data name="building"><value>yes</value></Data><Data name="name"><value>Centro diurno per disabili &quot;Salvatore Minenna&quot;</value></Data><Data name="@geometry"><value>center</value></Data></ExtendedData><Point><coordinates>12.8989898,41.4588908</coordinates></Point></Placemark><Placemark><name>Teatro tenda Ponte Arche</name><ExtendedData><Data name="@id"><value>way/516843159</value></Data><Data name="amenity"><value>community_centre</value></Data><Data name="building"><value>tent</value></Data><Data name="name"><value>Teatro tenda Ponte Arche</value></Data><Data name="@geometry"><value>center</value></Data></ExtendedData><Point><coordinates>10.8747965,46.0370188</coordinates></Point></Placemark><Placemark><ExtendedData><Data name="@id"><value>way/518616651</value></Data><Data name="amenity"><value>community_centre</value></Data><Data name="building"><value>public</value></Data><Data name="@geometry"><value>center</value></Data></ExtendedData><Point><coordinates>8.5438542,39.9931474</coordinates></Point></Placemark><Placemark><name>Centro sociale Foscato</name><ExtendedData><Data name="@id"><value>way/519365773</value></Data><Data name="addr:housenumber"><value>13</value></Data><Data name="addr:city"><value>Reggio Emilia</value></Data><Data name="addr:postcode"><value>42123</value></Data><Data name="addr:street"><value>Via Enrico Foscato</value></Data><Data name="amenity"><value>community_centre</value></Data><Data name="building"><value>yes</value></Data><Data name="name"><value>Centro sociale Foscato</value></Data><Data name="@geometry"><value>center</value></Data></ExtendedData><Point><coordinates>10.595619,44.6940482</coordinates></Point></Placemark><Placemark><name>PalaItalia</name><ExtendedData><Data name="@id"><value>way/520777224</value></Data><Data name="amenity"><value>community_centre</value></Data><Data name="building"><value>yes</value></Data><Data name="name"><value>PalaItalia</value></Data><Data name="@geometry"><value>center</value></Data></ExtendedData><Point><coordinates>7.8698819,45.0355719</coordinates></Point></Placemark><Placemark><name>Fadabrav falegnameria sociale</name><ExtendedData><Data name="@id"><value>way/521944247</value></Data><Data name="addr:city"><value>Novara</value></Data><Data name="addr:housenumber"><value>9a</value></Data><Data name="addr:postcode"><value>28100</value></Data><Data name="addr:street"><value>Via Andrea Falcone</value></Data><Data name="amenity"><value>social_centre</value></Data><Data name="building"><value>yes</value></Data><Data name="building:levels"><value>1</value></Data><Data name="name"><value>Fadabrav falegnameria sociale</value></Data><Data name="@geometry"><value>center</value></Data></ExtendedData><Point><coordinates>8.6396635,45.4478534</coordinates></Point></Placemark><Placemark><ExtendedData><Data name="@id"><value>way/521944333</value></Data><Data name="addr:city"><value>Novara</value></Data><Data name="addr:postcode"><value>28100</value></Data><Data name="amenity"><value>social_centre</value></Data><Data name="building"><value>yes</value></Data><Data name="building:levels"><value>2</value></Data><Data name="@geometry"><value>center</value></Data></ExtendedData><Point><coordinates>8.6396157,45.4480528</coordinates></Point></Placemark><Placemark><name>Oratorio San Luigi</name><ExtendedData><Data name="@id"><value>way/522127450</value></Data><Data name="amenity"><value>community_centre</value></Data><Data name="building"><value>yes</value></Data><Data name="community_centre"><value>parish_hall</value></Data><Data name="denomination"><value>catholic</value></Data><Data name="name"><value>Oratorio San Luigi</value></Data><Data name="religion"><value>christian</value></Data><Data name="@geometry"><value>center</value></Data></ExtendedData><Point><coordinates>10.1923008,45.6313975</coordinates></Point></Placemark><Placemark><name>Oratorio Don Bosco</name><ExtendedData><Data name="@id"><value>way/522200163</value></Data><Data name="amenity"><value>community_centre</value></Data><Data name="building"><value>residential</value></Data><Data name="name"><value>Oratorio Don Bosco</value></Data><Data name="@geometry"><value>center</value></Data></ExtendedData><Point><coordinates>8.6102974,45.4856066</coordinates></Point></Placemark><Placemark><name>Oratorio di Gardolo</name><ExtendedData><Data name="@id"><value>way/522867797</value></Data><Data name="name"><value>Oratorio di Gardolo</value></Data><Data name="community_centre"><value>parish_hall</value></Data><Data name="amenity"><value>community_centre</value></Data><Data name="building"><value>yes</value></Data><Data name="@geometry"><value>center</value></Data></ExtendedData><Point><coordinates>11.1111175,46.1080053</coordinates></Point></Placemark><Placemark><name>Oratorio Don Rinaldo Rodella</name><ExtendedData><Data name="@id"><value>way/524783810</value></Data><Data name="amenity"><value>community_centre</value></Data><Data name="building"><value>yes</value></Data><Data name="community_centre"><value>parish_hall</value></Data><Data name="denomination"><value>catholic</value></Data><Data name="name"><value>Oratorio Don Rinaldo Rodella</value></Data><Data name="religion"><value>christian</value></Data><Data name="@geometry"><value>center</value></Data></ExtendedData><Point><coordinates>10.3392532,46.2111227</coordinates></Point></Placemark><Placemark><name>Centro giovani</name><ExtendedData><Data name="@id"><value>way/525830444</value></Data><Data name="amenity"><value>community_centre</value></Data><Data name="building"><value>yes</value></Data><Data name="name"><value>Centro giovani</value></Data><Data name="@geometry"><value>center</value></Data></ExtendedData><Point><coordinates>13.2079452,42.4436627</coordinates></Point></Placemark><Placemark><name>Centro Sociale Anziani Santa Felicita</name><ExtendedData><Data name="@id"><value>way/526148834</value></Data><Data name="addr:city"><value>Roma</value></Data><Data name="addr:housenumber"><value>22</value></Data><Data name="addr:postcode"><value>00138</value></Data><Data name="addr:street"><value>Via Sinalunga</value></Data><Data name="amenity"><value>social_centre</value></Data><Data name="building"><value>yes</value></Data><Data name="building:levels"><value>1</value></Data><Data name="name"><value>Centro Sociale Anziani Santa Felicita</value></Data><Data name="@geometry"><value>center</value></Data></ExtendedData><Point><coordinates>12.5144796,41.9741713</coordinates></Point></Placemark><Placemark><ExtendedData><Data name="@id"><value>way/526958983</value></Data><Data name="amenity"><value>community_centre</value></Data><Data name="building"><value>yes</value></Data><Data name="community_centre"><value>parish_hall</value></Data><Data name="denomination"><value>catholic</value></Data><Data name="religion"><value>christian</value></Data><Data name="@geometry"><value>center</value></Data></ExtendedData><Point><coordinates>10.3207627,45.7449146</coordinates></Point></Placemark><Placemark><name>Cittadella del volontariato</name><ExtendedData><Data name="@id"><value>way/527366805</value></Data><Data name="name"><value>Cittadella del volontariato</value></Data><Data name="amenity"><value>community_centre</value></Data><Data name="addr:city"><value>Chieri</value></Data><Data name="addr:housenumber"><value>8</value></Data><Data name="addr:postcode"><value>10023</value></Data><Data name="addr:street"><value>Via Giovanni XXIII</value></Data><Data name="@geometry"><value>center</value></Data></ExtendedData><Point><coordinates>7.8301706,45.0063585</coordinates></Point></Placemark><Placemark><name>Base Scout &quot;Carlo Rasperini&quot; Spettine</name><ExtendedData><Data name="@id"><value>way/528132402</value></Data><Data name="website"><value>http://www.scoutspettine.it/</value></Data><Data name="addr:city"><value>Bettola</value></Data><Data name="addr:postcode"><value>29021</value></Data><Data name="addr:street"><value>Loc. Ca Ricò</value></Data><Data name="alt_name"><value>Base scout Spettine;Spettine</value></Data><Data name="amenity"><value>social_centre</value></Data><Data name="building"><value>no</value></Data><Data name="name"><value>Base Scout &quot;Carlo Rasperini&quot; Spettine</value></Data><Data name="operator"><value>AGESCI</value></Data><Data name="website_1"><value>http://cba.agesci.it/base/base-scout-carlo-rasperini-spettine/</value></Data><Data name="@geometry"><value>center</value></Data></ExtendedData><Point><coordinates>9.5984282,44.8311771</coordinates></Point></Placemark><Placemark><name>Centro sociale Coviolo in Festa</name><ExtendedData><Data name="@id"><value>way/528717990</value></Data><Data name="addr:city"><value>Coviolo</value></Data><Data name="addr:housenumber"><value>72/2</value></Data><Data name="addr:postcode"><value>42123</value></Data><Data name="addr:street"><value>Via Fratelli Rosselli</value></Data><Data name="amenity"><value>community_centre</value></Data><Data name="building"><value>yes</value></Data><Data name="name"><value>Centro sociale Coviolo in Festa</value></Data><Data name="@geometry"><value>center</value></Data></ExtendedData><Point><coordinates>10.5939415,44.6777182</coordinates></Point></Placemark><Placemark><name>Oratorio San Tarcisio</name><ExtendedData><Data name="@id"><value>way/529720122</value></Data><Data name="amenity"><value>community_centre</value></Data><Data name="building"><value>public</value></Data><Data name="leisure"><value>sports_centre</value></Data><Data name="name"><value>Oratorio San Tarcisio</value></Data><Data name="sport"><value>soccer;basketball;volleyball</value></Data><Data name="@geometry"><value>center</value></Data></ExtendedData><Point><coordinates>9.4234205,45.5731073</coordinates></Point></Placemark><Placemark><name>Società Operaia di Mutuo Soccorso</name><ExtendedData><Data name="@id"><value>way/529870306</value></Data><Data name="amenity"><value>community_centre</value></Data><Data name="building"><value>yes</value></Data><Data name="name"><value>Società Operaia di Mutuo Soccorso</value></Data><Data name="@geometry"><value>center</value></Data></ExtendedData><Point><coordinates>8.5779151,44.8457412</coordinates></Point></Placemark><Placemark><name>Oratorio Parrocchiale di Flecchia</name><ExtendedData><Data name="@id"><value>way/529946829</value></Data><Data name="amenity"><value>community_centre</value></Data><Data name="building"><value>yes</value></Data><Data name="name"><value>Oratorio Parrocchiale di Flecchia</value></Data><Data name="@geometry"><value>center</value></Data></ExtendedData><Point><coordinates>8.1941336,45.671042</coordinates></Point></Placemark><Placemark><ExtendedData><Data name="@id"><value>way/532615841</value></Data><Data name="toilets"><value>customers</value></Data><Data name="social_facility"><value>social_club</value></Data><Data name="amenity"><value>community_centre</value></Data><Data name="building"><value>mixed_use</value></Data><Data name="food"><value>cafe</value></Data><Data name="@geometry"><value>center</value></Data></ExtendedData><Point><coordinates>11.3829283,43.7209954</coordinates></Point></Placemark><Placemark><name>Oratorio San Sebastiano</name><ExtendedData><Data name="@id"><value>way/533306573</value></Data><Data name="amenity"><value>community_centre</value></Data><Data name="building"><value>yes</value></Data><Data name="community_centre"><value>parish_hall</value></Data><Data name="denomination"><value>catholic</value></Data><Data name="name"><value>Oratorio San Sebastiano</value></Data><Data name="religion"><value>christian</value></Data><Data name="@geometry"><value>center</value></Data></ExtendedData><Point><coordinates>10.4916775,44.9994095</coordinates></Point></Placemark><Placemark><name>Casa del Popolo di Troghi</name><ExtendedData><Data name="@id"><value>way/533577924</value></Data><Data name="addr:city"><value>Troghi</value></Data><Data name="addr:housenumber"><value>2</value></Data><Data name="addr:postcode"><value>50067</value></Data><Data name="addr:street"><value>Piazza della Resistenza Antifascista</value></Data><Data name="amenity"><value>community_centre</value></Data><Data name="building"><value>mixed_use</value></Data><Data name="building:levels"><value>2</value></Data><Data name="name"><value>Casa del Popolo di Troghi</value></Data><Data name="wheelchair"><value>yes</value></Data><Data name="@geometry"><value>center</value></Data></ExtendedData><Point><coordinates>11.3955844,43.7143362</coordinates></Point></Placemark><Placemark><name>Auditorium Comunale “Manetti Carrara”</name><ExtendedData><Data name="@id"><value>way/533794760</value></Data><Data name="addr:city"><value>San Piero Patti</value></Data><Data name="addr:postcode"><value>98068</value></Data><Data name="addr:street"><value>Piazza Federico II d’Aragona</value></Data><Data name="amenity"><value>community_centre</value></Data><Data name="building"><value>yes</value></Data><Data name="name"><value>Auditorium Comunale “Manetti Carrara”</value></Data><Data name="@geometry"><value>center</value></Data></ExtendedData><Point><coordinates>14.9650507,38.0533567</coordinates></Point></Placemark><Placemark><name>Centro Polifunzionale</name><ExtendedData><Data name="@id"><value>way/534353293</value></Data><Data name="amenity"><value>community_centre</value></Data><Data name="building"><value>civic</value></Data><Data name="name"><value>Centro Polifunzionale</value></Data><Data name="wheelchair"><value>yes</value></Data><Data name="@geometry"><value>center</value></Data></ExtendedData><Point><coordinates>9.1793551,45.2320025</coordinates></Point></Placemark><Placemark><ExtendedData><Data name="@id"><value>way/535695573</value></Data><Data name="amenity"><value>community_centre</value></Data><Data name="building"><value>civic</value></Data><Data name="@geometry"><value>center</value></Data></ExtendedData><Point><coordinates>7.7103924,45.1268485</coordinates></Point></Placemark><Placemark><ExtendedData><Data name="@id"><value>way/536318477</value></Data><Data name="amenity"><value>community_centre</value></Data><Data name="building"><value>mixed_use</value></Data><Data name="food"><value>cafe</value></Data><Data name="parking"><value>yes</value></Data><Data name="social_facility"><value>social_club</value></Data><Data name="theatre:type"><value>stage</value></Data><Data name="toilets"><value>customers</value></Data><Data name="@geometry"><value>center</value></Data></ExtendedData><Point><coordinates>11.3446697,43.7305144</coordinates></Point></Placemark><Placemark><name>Oratorio Bruno Colombo</name><ExtendedData><Data name="@id"><value>way/538728237</value></Data><Data name="amenity"><value>community_centre</value></Data><Data name="building"><value>yes</value></Data><Data name="community_centre"><value>parish_hall</value></Data><Data name="community_centre:for"><value>juvenile</value></Data><Data name="denomination"><value>catholic</value></Data><Data name="mapillary"><value>496818561369270</value></Data><Data name="name"><value>Oratorio Bruno Colombo</value></Data><Data name="religion"><value>christian</value></Data><Data name="source"><value>DbTR - Ingombro al suolo corpo edificato</value></Data><Data name="@geometry"><value>center</value></Data></ExtendedData><Point><coordinates>9.4432595,45.9497435</coordinates></Point></Placemark><Placemark><name>Centro Polifunzionale Risorgiva</name><ExtendedData><Data name="@id"><value>way/539236373</value></Data><Data name="amenity"><value>community_centre</value></Data><Data name="name"><value>Centro Polifunzionale Risorgiva</value></Data><Data name="@geometry"><value>center</value></Data></ExtendedData><Point><coordinates>12.5709149,45.9827373</coordinates></Point></Placemark><Placemark><name>Oratorio / Circolo A.N.S.P.I. Beato Giovanni Paolo II in Civine</name><ExtendedData><Data name="@id"><value>way/540016535</value></Data><Data name="amenity"><value>community_centre</value></Data><Data name="building"><value>yes</value></Data><Data name="community_centre"><value>parish_hall</value></Data><Data name="denomination"><value>catholic</value></Data><Data name="name"><value>Oratorio / Circolo A.N.S.P.I. Beato Giovanni Paolo II in Civine</value></Data><Data name="religion"><value>christian</value></Data><Data name="@geometry"><value>center</value></Data></ExtendedData><Point><coordinates>10.156752,45.6230268</coordinates></Point></Placemark><Placemark><name>Circolo anziani</name><ExtendedData><Data name="@id"><value>way/541022685</value></Data><Data name="name"><value>Circolo anziani</value></Data><Data name="amenity"><value>community_centre</value></Data><Data name="@geometry"><value>center</value></Data></ExtendedData><Point><coordinates>13.7284466,42.8108126</coordinates></Point></Placemark><Placemark><name>Cocos</name><ExtendedData><Data name="@id"><value>way/541061614</value></Data><Data name="name"><value>Cocos</value></Data><Data name="amenity"><value>nightclub</value></Data><Data name="@geometry"><value>center</value></Data></ExtendedData><Point><coordinates>12.6669228,38.0820332</coordinates></Point></Placemark><Placemark><name>Il Ruvido</name><ExtendedData><Data name="@id"><value>way/541965092</value></Data><Data name="amenity"><value>nightclub</value></Data><Data name="building"><value>yes</value></Data><Data name="name"><value>Il Ruvido</value></Data><Data name="@geometry"><value>center</value></Data></ExtendedData><Point><coordinates>13.4390299,42.0370584</coordinates></Point></Placemark><Placemark><name>Casa del Popolo Quinto Alto</name><ExtendedData><Data name="@id"><value>way/543151726</value></Data><Data name="addr:housenumber"><value>8</value></Data><Data name="addr:street"><value>Via Gino Venni</value></Data><Data name="amenity"><value>community_centre</value></Data><Data name="building"><value>yes</value></Data><Data name="building:colour"><value>#f6eed9</value></Data><Data name="height"><value>15.0</value></Data><Data name="name"><value>Casa del Popolo Quinto Alto</value></Data><Data name="roof:colour"><value>#9c7676</value></Data><Data name="roof:height"><value>3.0</value></Data><Data name="roof:shape"><value>hipped</value></Data><Data name="@geometry"><value>center</value></Data></ExtendedData><Point><coordinates>11.2198734,43.8303705</coordinates></Point></Placemark><Placemark><name>Oratorio di Malegno</name><ExtendedData><Data name="@id"><value>way/543575352</value></Data><Data name="amenity"><value>community_centre</value></Data><Data name="building"><value>yes</value></Data><Data name="community_centre"><value>parish_hall</value></Data><Data name="denomination"><value>catholic</value></Data><Data name="name"><value>Oratorio di Malegno</value></Data><Data name="religion"><value>christian</value></Data><Data name="@geometry"><value>center</value></Data></ExtendedData><Point><coordinates>10.2736222,45.9512515</coordinates></Point></Placemark><Placemark><ExtendedData><Data name="@id"><value>way/544529711</value></Data><Data name="amenity"><value>community_centre</value></Data><Data name="building"><value>yes</value></Data><Data name="@geometry"><value>center</value></Data></ExtendedData><Point><coordinates>13.2424645,43.5154418</coordinates></Point></Placemark><Placemark><name>Social House</name><ExtendedData><Data name="@id"><value>way/545546100</value></Data><Data name="addr:city"><value>Cassina de' Pecchi</value></Data><Data name="addr:postcode"><value>20051</value></Data><Data name="addr:street"><value>Via Radioamatori</value></Data><Data name="amenity"><value>community_centre</value></Data><Data name="building"><value>yes</value></Data><Data name="building:levels"><value>1</value></Data><Data name="community_centre:for"><value>student</value></Data><Data name="name"><value>Social House</value></Data><Data name="roof:material"><value>roof_tiles</value></Data><Data name="roof:shape"><value>pyramidal</value></Data><Data name="wheelchair"><value>yes</value></Data><Data name="@geometry"><value>center</value></Data></ExtendedData><Point><coordinates>9.3607053,45.5155697</coordinates></Point></Placemark><Placemark><name>Oratorio San Luigi</name><ExtendedData><Data name="@id"><value>way/547409963</value></Data><Data name="addr:city"><value>Fara Gera d'Adda</value></Data><Data name="addr:postcode"><value>24045</value></Data><Data name="amenity"><value>community_centre</value></Data><Data name="name"><value>Oratorio San Luigi</value></Data><Data name="@geometry"><value>center</value></Data></ExtendedData><Point><coordinates>9.5337222,45.5548711</coordinates></Point></Placemark><Placemark><name>Just Cavalli</name><ExtendedData><Data name="@id"><value>way/548593533</value></Data><Data name="ref:vatin"><value>IT06805860969</value></Data><Data name="phone"><value>+39 02 311817</value></Data><Data name="name"><value>Just Cavalli</value></Data><Data name="addr:street"><value>Viale Guglielmo Shakespeare</value></Data><Data name="amenity"><value>nightclub</value></Data><Data name="building"><value>roof</value></Data><Data name="comment:it"><value>sullo scontrino c'è l'indirizzo senza numero, inoltre c'è scritto sede legale via Vittor Pisani 16</value></Data><Data name="contact:website"><value>http://milano.cavalliclub.com/</value></Data><Data name="opening_hours"><value>19:30-05:00</value></Data><Data name="operator"><value>Freedom srl</value></Data><Data name="@geometry"><value>center</value></Data></ExtendedData><Point><coordinates>9.1729467,45.4731311</coordinates></Point></Placemark><Placemark><name>Old Fashion</name><ExtendedData><Data name="@id"><value>way/548593534</value></Data><Data name="website"><value>https://oldfashion.it/</value></Data><Data name="name"><value>Old Fashion</value></Data><Data name="addr:city"><value>Milano</value></Data><Data name="addr:place"><value>Palazzo dell'Arte</value></Data><Data name="addr:postcode"><value>20121</value></Data><Data name="addr:street"><value>Viale Luigi Camoens</value></Data><Data name="amenity"><value>nightclub</value></Data><Data name="contact:email"><value>info@oldfashion.it</value></Data><Data name="contact:phone"><value>+39 02 8056231</value></Data><Data name="@geometry"><value>center</value></Data></ExtendedData><Point><coordinates>9.1736427,45.4728493</coordinates></Point></Placemark><Placemark><name>Centro Civico Quarenghi 21</name><ExtendedData><Data name="@id"><value>way/549509620</value></Data><Data name="addr:city"><value>Milano</value></Data><Data name="addr:housenumber"><value>21</value></Data><Data name="addr:postcode"><value>20151</value></Data><Data name="addr:street"><value>Via Giacomo Quarenghi</value></Data><Data name="amenity"><value>community_centre</value></Data><Data name="building"><value>yes</value></Data><Data name="name"><value>Centro Civico Quarenghi 21</value></Data><Data name="@geometry"><value>center</value></Data></ExtendedData><Point><coordinates>9.1148193,45.4961231</coordinates></Point></Placemark><Placemark><name>Oratorio Femminile della Beata Vergine Immacolata</name><ExtendedData><Data name="@id"><value>way/551421464</value></Data><Data name="amenity"><value>community_centre</value></Data><Data name="denomination"><value>catholic</value></Data><Data name="landuse"><value>religious</value></Data><Data name="loc_name"><value>Oratorio Femminile</value></Data><Data name="name"><value>Oratorio Femminile della Beata Vergine Immacolata</value></Data><Data name="religion"><value>christian</value></Data><Data name="@geometry"><value>center</value></Data></ExtendedData><Point><coordinates>9.3254931,45.6287175</coordinates></Point></Placemark><Placemark><name>Nole Forum</name><ExtendedData><Data name="@id"><value>way/551819554</value></Data><Data name="vaccination"><value>covid19</value></Data><Data name="roof:shape"><value>flat</value></Data><Data name="roof:levels"><value>0</value></Data><Data name="amenity"><value>community_centre</value></Data><Data name="building"><value>civic</value></Data><Data name="building:levels"><value>1</value></Data><Data name="healthcare"><value>vaccination_centre</value></Data><Data name="healthcare:speciality"><value>vaccination</value></Data><Data name="name"><value>Nole Forum</value></Data><Data name="opening_hours:signed"><value>no</value></Data><Data name="@geometry"><value>center</value></Data></ExtendedData><Point><coordinates>7.5749402,45.2412752</coordinates></Point></Placemark><Placemark><name>Oratorio di Bornago</name><ExtendedData><Data name="@id"><value>way/553851595</value></Data><Data name="amenity"><value>community_centre</value></Data><Data name="name"><value>Oratorio di Bornago</value></Data><Data name="@geometry"><value>center</value></Data></ExtendedData><Point><coordinates>9.3924255,45.544376</coordinates></Point></Placemark><Placemark><name>Oratorio Cittadino Don Giovanni Bosco</name><ExtendedData><Data name="@id"><value>way/554201492</value></Data><Data name="amenity"><value>community_centre</value></Data><Data name="building"><value>yes</value></Data><Data name="building:levels"><value>2</value></Data><Data name="community_centre"><value>parish_hall</value></Data><Data name="name"><value>Oratorio Cittadino Don Giovanni Bosco</value></Data><Data name="@geometry"><value>center</value></Data></ExtendedData><Point><coordinates>10.6545901,44.7025471</coordinates></Point></Placemark><Placemark><name>Subway Viterbo</name><ExtendedData><Data name="@id"><value>way/554526441</value></Data><Data name="website"><value>subway.com</value></Data><Data name="addr:housenumber"><value>4</value></Data><Data name="addr:street"><value>Via Luigi Rossi Danielli</value></Data><Data name="amenity"><value>nightclub</value></Data><Data name="building"><value>yes</value></Data><Data name="name"><value>Subway Viterbo</value></Data><Data name="phone"><value>+39 340 149 2977</value></Data><Data name="@geometry"><value>center</value></Data></ExtendedData><Point><coordinates>12.0986241,42.4240128</coordinates></Point></Placemark><Placemark><name>Ex Oratorio Femminile</name><ExtendedData><Data name="@id"><value>way/555211814</value></Data><Data name="amenity"><value>social_centre</value></Data><Data name="name"><value>Ex Oratorio Femminile</value></Data><Data name="short_name"><value>Oratorio Femminile</value></Data><Data name="@geometry"><value>center</value></Data></ExtendedData><Point><coordinates>9.3705855,45.5376468</coordinates></Point></Placemark><Placemark><name>Sala Mostre &quot;I Sufati&quot;</name><ExtendedData><Data name="@id"><value>way/555382627</value></Data><Data name="amenity"><value>community_centre</value></Data><Data name="building"><value>yes</value></Data><Data name="name"><value>Sala Mostre &quot;I Sufati&quot;</value></Data><Data name="@geometry"><value>center</value></Data></ExtendedData><Point><coordinates>8.4510578,39.0696246</coordinates></Point></Placemark><Placemark><name>Oratorio Lodovico Pavoni</name><ExtendedData><Data name="@id"><value>way/556443276</value></Data><Data name="amenity"><value>community_centre</value></Data><Data name="building"><value>yes</value></Data><Data name="community_centre"><value>parish_hall</value></Data><Data name="denomination"><value>catholic</value></Data><Data name="name"><value>Oratorio Lodovico Pavoni</value></Data><Data name="religion"><value>christian</value></Data><Data name="@geometry"><value>center</value></Data></ExtendedData><Point><coordinates>10.1050853,45.5998474</coordinates></Point></Placemark><Placemark><name>Patronato di Noventa Vicentina</name><ExtendedData><Data name="@id"><value>way/556753258</value></Data><Data name="amenity"><value>community_centre</value></Data><Data name="building"><value>yes</value></Data><Data name="name"><value>Patronato di Noventa Vicentina</value></Data><Data name="@geometry"><value>center</value></Data></ExtendedData><Point><coordinates>11.5379299,45.2907512</coordinates></Point></Placemark><Placemark><name>Villa Ballabio Bertarelli</name><ExtendedData><Data name="@id"><value>way/556838150</value></Data><Data name="amenity"><value>community_centre</value></Data><Data name="building"><value>yes</value></Data><Data name="name"><value>Villa Ballabio Bertarelli</value></Data><Data name="@geometry"><value>center</value></Data></ExtendedData><Point><coordinates>9.3713003,45.8179809</coordinates></Point></Placemark><Placemark><name>Circolo Terrieri (ARCI)</name><ExtendedData><Data name="@id"><value>way/556867921</value></Data><Data name="amenity"><value>community_centre</value></Data><Data name="building"><value>yes</value></Data><Data name="name"><value>Circolo Terrieri (ARCI)</value></Data><Data name="operator"><value>ARCI</value></Data><Data name="operator:type"><value>private</value></Data><Data name="@geometry"><value>center</value></Data></ExtendedData><Point><coordinates>8.2509442,45.7020031</coordinates></Point></Placemark><Placemark><ExtendedData><Data name="@id"><value>way/556867926</value></Data><Data name="amenity"><value>community_centre</value></Data><Data name="building"><value>no</value></Data><Data name="@geometry"><value>center</value></Data></ExtendedData><Point><coordinates>8.2508297,45.7020364</coordinates></Point></Placemark><Placemark><name>Viper Deluxe Club</name><ExtendedData><Data name="@id"><value>way/557214119</value></Data><Data name="addr:city"><value>Roma</value></Data><Data name="addr:housenumber"><value>109</value></Data><Data name="addr:postcode"><value>00155</value></Data><Data name="addr:street"><value>Via di Tor Cervara</value></Data><Data name="amenity"><value>nightclub</value></Data><Data name="building"><value>yes</value></Data><Data name="name"><value>Viper Deluxe Club</value></Data><Data name="@geometry"><value>center</value></Data></ExtendedData><Point><coordinates>12.5889952,41.9234152</coordinates></Point></Placemark><Placemark><name>Centro Aggregazione Acquilano</name><description>Nuovo edificio, ancora non sulle foto aereo. New building, not yet on aerial photo's.</description><ExtendedData><Data name="@id"><value>way/557697128</value></Data><Data name="addr:street"><value>Acquilano</value></Data><Data name="name"><value>Centro Aggregazione Acquilano</value></Data><Data name="addr:city"><value>Tossicia</value></Data><Data name="amenity"><value>community_centre</value></Data><Data name="building"><value>yes</value></Data><Data name="description"><value>Nuovo edificio, ancora non sulle foto aereo. New building, not yet on aerial photo's.</value></Data><Data name="@geometry"><value>center</value></Data></ExtendedData><Point><coordinates>13.6235229,42.5562595</coordinates></Point></Placemark><Placemark><ExtendedData><Data name="@id"><value>way/560118074</value></Data><Data name="amenity"><value>community_centre</value></Data><Data name="building"><value>yes</value></Data><Data name="@geometry"><value>center</value></Data></ExtendedData><Point><coordinates>12.7163537,42.9685817</coordinates></Point></Placemark><Placemark><name>Officine Cantelmo</name><ExtendedData><Data name="@id"><value>way/560308870</value></Data><Data name="amenity"><value>community_centre</value></Data><Data name="internet_access"><value>wlan</value></Data><Data name="internet_access:fee"><value>no</value></Data><Data name="name"><value>Officine Cantelmo</value></Data><Data name="wheelchair"><value>yes</value></Data><Data name="@geometry"><value>center</value></Data></ExtendedData><Point><coordinates>18.1733376,40.3576756</coordinates></Point></Placemark><Placemark><ExtendedData><Data name="@id"><value>way/560364933</value></Data><Data name="amenity"><value>community_centre</value></Data><Data name="building"><value>yes</value></Data><Data name="@geometry"><value>center</value></Data></ExtendedData><Point><coordinates>10.4698896,45.0287571</coordinates></Point></Placemark><Placemark><name>Oratorio San Giovanni Bosco</name><ExtendedData><Data name="@id"><value>way/561952088</value></Data><Data name="addr:city"><value>Masate</value></Data><Data name="addr:housenumber"><value>60</value></Data><Data name="addr:postcode"><value>20060</value></Data><Data name="addr:street"><value>Via Milano</value></Data><Data name="amenity"><value>community_centre</value></Data><Data name="community_centre"><value>parish_hall</value></Data><Data name="denomination"><value>catholic</value></Data><Data name="name"><value>Oratorio San Giovanni Bosco</value></Data><Data name="religion"><value>christian</value></Data><Data name="@geometry"><value>center</value></Data></ExtendedData><Point><coordinates>9.4656747,45.5691256</coordinates></Point></Placemark><Placemark><name>Oratorio della parrocchia Santo Nome di Maria</name><ExtendedData><Data name="@id"><value>way/561968809</value></Data><Data name="addr:city"><value>Treviglio</value></Data><Data name="addr:postcode"><value>24047</value></Data><Data name="addr:street"><value>Via Canonica</value></Data><Data name="amenity"><value>community_centre</value></Data><Data name="denomination"><value>catholic</value></Data><Data name="name"><value>Oratorio della parrocchia Santo Nome di Maria</value></Data><Data name="religion"><value>christian</value></Data><Data name="@geometry"><value>center</value></Data></ExtendedData><Point><coordinates>9.5747414,45.5372398</coordinates></Point></Placemark><Placemark><name>Evita</name><ExtendedData><Data name="@id"><value>way/562101407</value></Data><Data name="website"><value>http://evitadisco.com/</value></Data><Data name="addr:city"><value>Cavallermaggiore</value></Data><Data name="addr:postcode"><value>12030</value></Data><Data name="addr:street"><value>Via Cuneo</value></Data><Data name="amenity"><value>nightclub</value></Data><Data name="building"><value>yes</value></Data><Data name="name"><value>Evita</value></Data><Data name="opening_hours"><value>Sa 23:00-24:00; Su 00:00-04:00,19:30-24:00</value></Data><Data name="phone"><value>+39 0172 381280</value></Data><Data name="@geometry"><value>center</value></Data></ExtendedData><Point><coordinates>7.6796599,44.6889731</coordinates></Point></Placemark><Placemark><name>Oratorio San Giovanni Bosco</name><ExtendedData><Data name="@id"><value>way/562520158</value></Data><Data name="amenity"><value>community_centre</value></Data><Data name="name"><value>Oratorio San Giovanni Bosco</value></Data><Data name="@geometry"><value>center</value></Data></ExtendedData><Point><coordinates>9.3725608,45.4951062</coordinates></Point></Placemark><Placemark><name>Centro Civico &quot;La fonte&quot;</name><ExtendedData><Data name="@id"><value>way/564067577</value></Data><Data name="amenity"><value>community_centre</value></Data><Data name="building"><value>yes</value></Data><Data name="building:levels"><value>1</value></Data><Data name="height"><value>4</value></Data><Data name="name"><value>Centro Civico &quot;La fonte&quot;</value></Data><Data name="@geometry"><value>center</value></Data></ExtendedData><Point><coordinates>11.1297197,43.9248665</coordinates></Point></Placemark><Placemark><name>Oratorio Sacro Cuore</name><ExtendedData><Data name="@id"><value>way/565804327</value></Data><Data name="amenity"><value>community_centre</value></Data><Data name="name"><value>Oratorio Sacro Cuore</value></Data><Data name="@geometry"><value>center</value></Data></ExtendedData><Point><coordinates>8.9728419,45.6607768</coordinates></Point></Placemark><Placemark><name>PalaCavicchi Ciampino</name><ExtendedData><Data name="@id"><value>way/568225442</value></Data><Data name="addr:housenumber"><value>180</value></Data><Data name="addr:street"><value>Via Ranuccio Bianchi Bandinelli</value></Data><Data name="amenity"><value>nightclub</value></Data><Data name="name"><value>PalaCavicchi Ciampino</value></Data><Data name="operator"><value>PalaCavicchi</value></Data><Data name="website"><value>http://www.palacavicchieventi.com/</value></Data><Data name="@geometry"><value>center</value></Data></ExtendedData><Point><coordinates>12.585858,41.8160375</coordinates></Point></Placemark><Placemark><name>Centro Sociale Auser</name><ExtendedData><Data name="@id"><value>way/568452483</value></Data><Data name="amenity"><value>community_centre</value></Data><Data name="building"><value>yes</value></Data><Data name="community_centre"><value>cultural_centre</value></Data><Data name="community_centre:for"><value>senior</value></Data><Data name="name"><value>Centro Sociale Auser</value></Data><Data name="operator"><value>Auser</value></Data><Data name="website"><value>http://www.ausergrosseto.org/</value></Data><Data name="@geometry"><value>center</value></Data></ExtendedData><Point><coordinates>10.8919104,43.0473387</coordinates></Point></Placemark><Placemark><name>Circolo ricreativo &quot;On Air&quot;</name><ExtendedData><Data name="@id"><value>way/569386123</value></Data><Data name="amenity"><value>community_centre</value></Data><Data name="building"><value>yes</value></Data><Data name="name"><value>Circolo ricreativo &quot;On Air&quot;</value></Data><Data name="@geometry"><value>center</value></Data></ExtendedData><Point><coordinates>12.7206638,42.9340151</coordinates></Point></Placemark><Placemark><name>Centro Sociale Mario Grandi</name><ExtendedData><Data name="@id"><value>way/569597603</value></Data><Data name="amenity"><value>community_centre</value></Data><Data name="building"><value>public</value></Data><Data name="name"><value>Centro Sociale Mario Grandi</value></Data><Data name="@geometry"><value>center</value></Data></ExtendedData><Point><coordinates>10.8535554,43.0045217</coordinates></Point></Placemark><Placemark><name>Centro Culturale Le Macine</name><ExtendedData><Data name="@id"><value>way/570474855</value></Data><Data name="amenity"><value>community_centre</value></Data><Data name="name"><value>Centro Culturale Le Macine</value></Data><Data name="@geometry"><value>center</value></Data></ExtendedData><Point><coordinates>10.6030656,43.768084</coordinates></Point></Placemark><Placemark><name>Mediterraneo</name><ExtendedData><Data name="@id"><value>way/570548093</value></Data><Data name="addr:city"><value>Isola d'Asti</value></Data><Data name="addr:street"><value>SR231</value></Data><Data name="amenity"><value>nightclub</value></Data><Data name="building"><value>yes</value></Data><Data name="name"><value>Mediterraneo</value></Data><Data name="phone"><value>+39 0141 1858000</value></Data><Data name="website"><value>https://www.mediterraneo.playdance.tv/</value></Data><Data name="@geometry"><value>center</value></Data></ExtendedData><Point><coordinates>8.1675343,44.8235126</coordinates></Point></Placemark><Placemark><name>Oratorio San Giovanni Bosco</name><ExtendedData><Data name="@id"><value>way/573955726</value></Data><Data name="addr:city"><value>Carugate</value></Data><Data name="addr:street"><value>Via Pio XI</value></Data><Data name="amenity"><value>community_centre</value></Data><Data name="loc_name"><value>Oratorio Carugate</value></Data><Data name="name"><value>Oratorio San Giovanni Bosco</value></Data><Data name="@geometry"><value>center</value></Data></ExtendedData><Point><coordinates>9.3366181,45.5544533</coordinates></Point></Placemark><Placemark><name>Oratorio Sant'Alessandro</name><ExtendedData><Data name="@id"><value>way/574533581</value></Data><Data name="amenity"><value>community_centre</value></Data><Data name="loc_name"><value>Oratorio Melzo</value></Data><Data name="name"><value>Oratorio Sant'Alessandro</value></Data><Data name="@geometry"><value>center</value></Data></ExtendedData><Point><coordinates>9.4198738,45.4969904</coordinates></Point></Placemark><Placemark><name>Oratorio Santa Maria delle Stelle</name><ExtendedData><Data name="@id"><value>way/574533583</value></Data><Data name="name"><value>Oratorio Santa Maria delle Stelle</value></Data><Data name="addr:city"><value>Melzo</value></Data><Data name="addr:postcode"><value>20066</value></Data><Data name="addr:street"><value>Via Monte Cervino</value></Data><Data name="amenity"><value>community_centre</value></Data><Data name="loc_name"><value>Oratorio Melzo</value></Data><Data name="@geometry"><value>center</value></Data></ExtendedData><Point><coordinates>9.426994,45.5062719</coordinates></Point></Placemark><Placemark><name>Centro sportivo - &quot;Palco del Papa&quot;</name><ExtendedData><Data name="@id"><value>way/575060041</value></Data><Data name="amenity"><value>community_centre</value></Data><Data name="building"><value>yes</value></Data><Data name="name"><value>Centro sportivo - &quot;Palco del Papa&quot;</value></Data><Data name="@geometry"><value>center</value></Data></ExtendedData><Point><coordinates>10.5764659,45.1945793</coordinates></Point></Placemark><Placemark><name>Fontana Ferrugginosa</name><ExtendedData><Data name="@id"><value>way/575122175</value></Data><Data name="amenity"><value>community_centre</value></Data><Data name="building"><value>yes</value></Data><Data name="name"><value>Fontana Ferrugginosa</value></Data><Data name="@geometry"><value>center</value></Data></ExtendedData><Point><coordinates>7.2962442,44.8777162</coordinates></Point></Placemark><Placemark><name>Oratorio San Giovanni Bosco</name><ExtendedData><Data name="@id"><value>way/576734341</value></Data><Data name="amenity"><value>community_centre</value></Data><Data name="name"><value>Oratorio San Giovanni Bosco</value></Data><Data name="wheelchair"><value>yes</value></Data><Data name="@geometry"><value>center</value></Data></ExtendedData><Point><coordinates>9.3631987,45.6503831</coordinates></Point></Placemark><Placemark><name>Caprilino</name><ExtendedData><Data name="@id"><value>way/581137732</value></Data><Data name="name"><value>Caprilino</value></Data><Data name="building"><value>yes</value></Data><Data name="amenity"><value>community_centre</value></Data><Data name="@geometry"><value>center</value></Data></ExtendedData><Point><coordinates>12.8827143,43.9094689</coordinates></Point></Placemark><Placemark><name>Oratorio San Carlo</name><ExtendedData><Data name="@id"><value>way/581692929</value></Data><Data name="amenity"><value>community_centre</value></Data><Data name="community_centre"><value>parish_hall</value></Data><Data name="denomination"><value>catholic</value></Data><Data name="name"><value>Oratorio San Carlo</value></Data><Data name="religion"><value>christian</value></Data><Data name="@geometry"><value>center</value></Data></ExtendedData><Point><coordinates>10.2061208,45.5454869</coordinates></Point></Placemark><Placemark><ExtendedData><Data name="@id"><value>way/581694019</value></Data><Data name="amenity"><value>community_centre</value></Data><Data name="building"><value>yes</value></Data><Data name="disused:amenity"><value>place_of_worship</value></Data><Data name="disused:denomination"><value>catholic</value></Data><Data name="disused:religion"><value>christian</value></Data><Data name="old_name"><value>Chiesa vecchia</value></Data><Data name="start_date"><value>C14</value></Data><Data name="@geometry"><value>center</value></Data></ExtendedData><Point><coordinates>10.0997996,45.6297717</coordinates></Point></Placemark><Placemark><ExtendedData><Data name="@id"><value>way/583182331</value></Data><Data name="amenity"><value>community_centre</value></Data><Data name="@geometry"><value>center</value></Data></ExtendedData><Point><coordinates>9.4932679,45.5636737</coordinates></Point></Placemark><Placemark><name>Oratorio San Giovanni Battista</name><ExtendedData><Data name="@id"><value>way/583672954</value></Data><Data name="amenity"><value>community_centre</value></Data><Data name="denomination"><value>roman_catholic</value></Data><Data name="name"><value>Oratorio San Giovanni Battista</value></Data><Data name="religion"><value>christian</value></Data><Data name="@geometry"><value>center</value></Data></ExtendedData><Point><coordinates>9.0313954,45.5364425</coordinates></Point></Placemark><Placemark><name>Oratorio San Paolo</name><ExtendedData><Data name="@id"><value>way/583682170</value></Data><Data name="amenity"><value>community_centre</value></Data><Data name="building"><value>yes</value></Data><Data name="name"><value>Oratorio San Paolo</value></Data><Data name="@geometry"><value>center</value></Data></ExtendedData><Point><coordinates>9.0246313,45.5291513</coordinates></Point></Placemark><Placemark><ExtendedData><Data name="@id"><value>way/587685806</value></Data><Data name="amenity"><value>community_centre</value></Data><Data name="building"><value>civic</value></Data><Data name="@geometry"><value>center</value></Data></ExtendedData><Point><coordinates>9.6668908,45.7376615</coordinates></Point></Placemark><Placemark><name>Zoo Club</name><ExtendedData><Data name="@id"><value>way/587819020</value></Data><Data name="addr:housenumber"><value>8</value></Data><Data name="addr:street"><value>Via Panfilo Castaldi</value></Data><Data name="amenity"><value>nightclub</value></Data><Data name="contact:email"><value>zoolatinoweb@gmail.com</value></Data><Data name="contact:phone"><value>+39 331 7913067</value></Data><Data name="name"><value>Zoo Club</value></Data><Data name="source"><value>survey</value></Data><Data name="website"><value>http://discozooclub.com/</value></Data><Data name="@geometry"><value>center</value></Data></ExtendedData><Point><coordinates>9.2440491,45.5579272</coordinates></Point></Placemark><Placemark><name>Satyricon</name><ExtendedData><Data name="@id"><value>way/589495664</value></Data><Data name="addr:city"><value>Alatri</value></Data><Data name="addr:housenumber"><value>34</value></Data><Data name="addr:postcode"><value>03100</value></Data><Data name="addr:street"><value>Strada Provinciale Colle Forno</value></Data><Data name="amenity"><value>nightclub</value></Data><Data name="building"><value>yes</value></Data><Data name="name"><value>Satyricon</value></Data><Data name="smoking"><value>outside</value></Data><Data name="@geometry"><value>center</value></Data></ExtendedData><Point><coordinates>13.3101253,41.669605</coordinates></Point></Placemark><Placemark><name>Oratorio San Luigi</name><ExtendedData><Data name="@id"><value>way/590938179</value></Data><Data name="building"><value>no</value></Data><Data name="name"><value>Oratorio San Luigi</value></Data><Data name="loc_name"><value>Oratorio di Gorgonzola</value></Data><Data name="addr:city"><value>Gorgonzola</value></Data><Data name="addr:postcode"><value>20064</value></Data><Data name="addr:street"><value>Via Giacomo Matteotti</value></Data><Data name="amenity"><value>community_centre</value></Data><Data name="@geometry"><value>center</value></Data></ExtendedData><Point><coordinates>9.4037246,45.5331696</coordinates></Point></Placemark><Placemark><name>Oratorio San Domenico Savio</name><ExtendedData><Data name="@id"><value>way/590962708</value></Data><Data name="amenity"><value>community_centre</value></Data><Data name="name"><value>Oratorio San Domenico Savio</value></Data><Data name="@geometry"><value>center</value></Data></ExtendedData><Point><coordinates>9.3591399,45.5176423</coordinates></Point></Placemark><Placemark><name>Oratorio San Giovanni Bosco</name><ExtendedData><Data name="@id"><value>way/592640676</value></Data><Data name="amenity"><value>community_centre</value></Data><Data name="loc_name"><value>Oratorio di Beverate</value></Data><Data name="name"><value>Oratorio San Giovanni Bosco</value></Data><Data name="@geometry"><value>center</value></Data></ExtendedData><Point><coordinates>9.4279669,45.7370312</coordinates></Point></Placemark><Placemark><name>Oratorio Parrocchia di Sant'Anna</name><ExtendedData><Data name="@id"><value>way/593500945</value></Data><Data name="amenity"><value>community_centre</value></Data><Data name="community_centre"><value>parish_hall</value></Data><Data name="denomination"><value>catholic</value></Data><Data name="name"><value>Oratorio Parrocchia di Sant'Anna</value></Data><Data name="religion"><value>christian</value></Data><Data name="@geometry"><value>center</value></Data></ExtendedData><Point><coordinates>9.1483019,45.4813657</coordinates></Point></Placemark><Placemark><name>Centro Sociale &quot;G. Baiesi&quot;</name><ExtendedData><Data name="@id"><value>way/593837817</value></Data><Data name="amenity"><value>community_centre</value></Data><Data name="building"><value>yes</value></Data><Data name="name"><value>Centro Sociale &quot;G. Baiesi&quot;</value></Data><Data name="@geometry"><value>center</value></Data></ExtendedData><Point><coordinates>11.1117944,44.4354695</coordinates></Point></Placemark><Placemark><name>Centro Sociale &quot;A. Lanzarini&quot;</name><ExtendedData><Data name="@id"><value>way/593854580</value></Data><Data name="source"><value>local knowledge</value></Data><Data name="name"><value>Centro Sociale &quot;A. Lanzarini&quot;</value></Data><Data name="addr:city"><value>Stiore</value></Data><Data name="addr:housenumber"><value>2</value></Data><Data name="addr:street"><value>Via Sant'Egidio</value></Data><Data name="amenity"><value>community_centre</value></Data><Data name="building"><value>yes</value></Data><Data name="@geometry"><value>center</value></Data></ExtendedData><Point><coordinates>11.1182909,44.4725431</coordinates></Point></Placemark><Placemark><ExtendedData><Data name="@id"><value>way/594623965</value></Data><Data name="amenity"><value>community_centre</value></Data><Data name="building"><value>yes</value></Data><Data name="@geometry"><value>center</value></Data></ExtendedData><Point><coordinates>10.992686,44.1294934</coordinates></Point></Placemark><Placemark><name>Ecomuseo della transumanza</name><ExtendedData><Data name="@id"><value>way/595106708</value></Data><Data name="amenity"><value>community_centre</value></Data><Data name="building"><value>yes</value></Data><Data name="name"><value>Ecomuseo della transumanza</value></Data><Data name="@geometry"><value>center</value></Data></ExtendedData><Point><coordinates>8.1516253,45.6618171</coordinates></Point></Placemark><Placemark><name>Ecomuseo della transumanza</name><ExtendedData><Data name="@id"><value>way/595107896</value></Data><Data name="amenity"><value>community_centre</value></Data><Data name="building"><value>yes</value></Data><Data name="name"><value>Ecomuseo della transumanza</value></Data><Data name="@geometry"><value>center</value></Data></ExtendedData><Point><coordinates>8.151451,45.6617581</coordinates></Point></Placemark><Placemark><name>Croce Rossa - Sede distaccata di Ponzone</name><ExtendedData><Data name="@id"><value>way/595109098</value></Data><Data name="amenity"><value>social_centre</value></Data><Data name="building"><value>public</value></Data><Data name="name"><value>Croce Rossa - Sede distaccata di Ponzone</value></Data><Data name="@geometry"><value>center</value></Data></ExtendedData><Point><coordinates>8.1849549,45.6536567</coordinates></Point></Placemark><Placemark><name>Ecomuseo della transumanza</name><ExtendedData><Data name="@id"><value>way/595109830</value></Data><Data name="amenity"><value>community_centre</value></Data><Data name="building"><value>yes</value></Data><Data name="name"><value>Ecomuseo della transumanza</value></Data><Data name="@geometry"><value>center</value></Data></ExtendedData><Point><coordinates>8.1515397,45.6617804</coordinates></Point></Placemark><Placemark><name>Ecomuseo della transumanza</name><ExtendedData><Data name="@id"><value>way/595110793</value></Data><Data name="amenity"><value>community_centre</value></Data><Data name="building"><value>yes</value></Data><Data name="name"><value>Ecomuseo della transumanza</value></Data><Data name="@geometry"><value>center</value></Data></ExtendedData><Point><coordinates>8.1514811,45.6617686</coordinates></Point></Placemark><Placemark><name>Associazione Nazionale Alpini - Gruppo di Trivero</name><ExtendedData><Data name="@id"><value>way/595111365</value></Data><Data name="amenity"><value>community_centre</value></Data><Data name="building"><value>yes</value></Data><Data name="lgbtq"><value>primary</value></Data><Data name="name"><value>Associazione Nazionale Alpini - Gruppo di Trivero</value></Data><Data name="@geometry"><value>center</value></Data></ExtendedData><Point><coordinates>8.1675768,45.6672466</coordinates></Point></Placemark><Placemark><name>Oratorio San Giovanni Bosco</name><ExtendedData><Data name="@id"><value>way/595201641</value></Data><Data name="amenity"><value>community_centre</value></Data><Data name="building"><value>yes</value></Data><Data name="community_centre"><value>parish_hall</value></Data><Data name="denomination"><value>catholic</value></Data><Data name="name"><value>Oratorio San Giovanni Bosco</value></Data><Data name="religion"><value>christian</value></Data><Data name="@geometry"><value>center</value></Data></ExtendedData><Point><coordinates>10.7578823,45.7680203</coordinates></Point></Placemark><Placemark><name>Open Bar</name><ExtendedData><Data name="@id"><value>way/597362051</value></Data><Data name="addr:city"><value>Roma</value></Data><Data name="addr:housenumber"><value>6/b</value></Data><Data name="addr:postcode"><value>00122</value></Data><Data name="addr:street"><value>Lungomare Lutazio Catulo</value></Data><Data name="amenity"><value>nightclub</value></Data><Data name="building"><value>yes</value></Data><Data name="name"><value>Open Bar</value></Data><Data name="operator"><value>Altamarea</value></Data><Data name="@geometry"><value>center</value></Data></ExtendedData><Point><coordinates>12.3116866,41.716416</coordinates></Point></Placemark><Placemark><name>Oratorio</name><ExtendedData><Data name="@id"><value>way/598141296</value></Data><Data name="addr:city"><value>Boltiere</value></Data><Data name="addr:housenumber"><value>20</value></Data><Data name="addr:street"><value>Via Monte Grappa</value></Data><Data name="amenity"><value>community_centre</value></Data><Data name="name"><value>Oratorio</value></Data><Data name="building"><value>public</value></Data><Data name="@geometry"><value>center</value></Data></ExtendedData><Point><coordinates>9.5776258,45.5982561</coordinates></Point></Placemark><Placemark><name>Oratorio di Vidalengo</name><ExtendedData><Data name="@id"><value>way/605859808</value></Data><Data name="opening_hours:covid19"><value>off</value></Data><Data name="religion"><value>christian</value></Data><Data name="amenity"><value>community_centre</value></Data><Data name="community_centre"><value>parish_hall</value></Data><Data name="community_centre:for"><value>multigeneration</value></Data><Data name="denomination"><value>catholic</value></Data><Data name="name"><value>Oratorio di Vidalengo</value></Data><Data name="@geometry"><value>center</value></Data></ExtendedData><Point><coordinates>9.6416736,45.5233881</coordinates></Point></Placemark><Placemark><name>Oratorio San Paolo</name><ExtendedData><Data name="@id"><value>way/605872198</value></Data><Data name="amenity"><value>community_centre</value></Data><Data name="name"><value>Oratorio San Paolo</value></Data><Data name="@geometry"><value>center</value></Data></ExtendedData><Point><coordinates>9.8687429,45.3998559</coordinates></Point></Placemark><Placemark><name>Oratorio di Misano Gera d'Adda</name><ExtendedData><Data name="@id"><value>way/606323095</value></Data><Data name="building"><value>yes</value></Data><Data name="wheelchair"><value>yes</value></Data><Data name="religion"><value>christian</value></Data><Data name="amenity"><value>community_centre</value></Data><Data name="denomination"><value>roman_catholic</value></Data><Data name="name"><value>Oratorio di Misano Gera d'Adda</value></Data><Data name="@geometry"><value>center</value></Data></ExtendedData><Point><coordinates>9.6215031,45.4686339</coordinates></Point></Placemark><Placemark><name>Circolo Arci</name><ExtendedData><Data name="@id"><value>way/607712621</value></Data><Data name="addr:city"><value>Eggi</value></Data><Data name="addr:housenumber"><value>34</value></Data><Data name="addr:street"><value>via Crivellini</value></Data><Data name="amenity"><value>social_centre</value></Data><Data name="building"><value>yes</value></Data><Data name="building:levels"><value>2</value></Data><Data name="name"><value>Circolo Arci</value></Data><Data name="@geometry"><value>center</value></Data></ExtendedData><Point><coordinates>12.7771205,42.7616371</coordinates></Point></Placemark><Placemark><name>Casa degli Alpini</name><ExtendedData><Data name="@id"><value>way/609734011</value></Data><Data name="amenity"><value>community_centre</value></Data><Data name="name"><value>Casa degli Alpini</value></Data><Data name="@geometry"><value>center</value></Data></ExtendedData><Point><coordinates>12.2667909,46.1815039</coordinates></Point></Placemark><Placemark><ExtendedData><Data name="@id"><value>way/609734013</value></Data><Data name="amenity"><value>community_centre</value></Data><Data name="@geometry"><value>center</value></Data></ExtendedData><Point><coordinates>12.2674379,46.1812045</coordinates></Point></Placemark><Placemark><name>Filò Sant'Andrea</name><ExtendedData><Data name="@id"><value>way/610552277</value></Data><Data name="amenity"><value>community_centre</value></Data><Data name="name"><value>Filò Sant'Andrea</value></Data><Data name="@geometry"><value>center</value></Data></ExtendedData><Point><coordinates>12.2811778,46.1832163</coordinates></Point></Placemark><Placemark><name>Oratorio San Luigi</name><ExtendedData><Data name="@id"><value>way/610922096</value></Data><Data name="amenity"><value>community_centre</value></Data><Data name="name"><value>Oratorio San Luigi</value></Data><Data name="old_name"><value>Oratorio Maschile San Luigi</value></Data><Data name="@geometry"><value>center</value></Data></ExtendedData><Point><coordinates>9.1423728,45.5338498</coordinates></Point></Placemark><Placemark><ExtendedData><Data name="@id"><value>way/611989336</value></Data><Data name="amenity"><value>community_centre</value></Data><Data name="building"><value>yes</value></Data><Data name="@geometry"><value>center</value></Data></ExtendedData><Point><coordinates>13.7544023,43.177396</coordinates></Point></Placemark><Placemark><name>Casa di Riposo</name><ExtendedData><Data name="@id"><value>way/614839774</value></Data><Data name="amenity"><value>community_centre</value></Data><Data name="name"><value>Casa di Riposo</value></Data><Data name="@geometry"><value>center</value></Data></ExtendedData><Point><coordinates>12.2823174,46.1757939</coordinates></Point></Placemark><Placemark><name>Oratorio di Rovello Porro</name><ExtendedData><Data name="@id"><value>way/615546730</value></Data><Data name="amenity"><value>community_centre</value></Data><Data name="name"><value>Oratorio di Rovello Porro</value></Data><Data name="@geometry"><value>center</value></Data></ExtendedData><Point><coordinates>9.0386236,45.6533156</coordinates></Point></Placemark><Placemark><name>Tonga</name><ExtendedData><Data name="@id"><value>way/615910547</value></Data><Data name="addr:city"><value>Pozzuoli</value></Data><Data name="addr:postcode"><value>80078</value></Data><Data name="addr:street"><value>Via Napoli</value></Data><Data name="amenity"><value>nightclub</value></Data><Data name="building"><value>yes</value></Data><Data name="name"><value>Tonga</value></Data><Data name="phone"><value>+39 338 952 4997</value></Data><Data name="@geometry"><value>center</value></Data></ExtendedData><Point><coordinates>14.1486748,40.8188462</coordinates></Point></Placemark><Placemark><ExtendedData><Data name="@id"><value>way/617168836</value></Data><Data name="amenity"><value>nightclub</value></Data><Data name="building"><value>yes</value></Data><Data name="@geometry"><value>center</value></Data></ExtendedData><Point><coordinates>14.5394931,36.8062572</coordinates></Point></Placemark><Placemark><name>Koala</name><ExtendedData><Data name="@id"><value>way/617168839</value></Data><Data name="name"><value>Koala</value></Data><Data name="landuse"><value>commercial</value></Data><Data name="amenity"><value>nightclub</value></Data><Data name="@geometry"><value>center</value></Data></ExtendedData><Point><coordinates>14.539857,36.806311</coordinates></Point></Placemark><Placemark><name>Centro Civico</name><ExtendedData><Data name="@id"><value>way/617352701</value></Data><Data name="amenity"><value>community_centre</value></Data><Data name="building"><value>yes</value></Data><Data name="name"><value>Centro Civico</value></Data><Data name="@geometry"><value>center</value></Data></ExtendedData><Point><coordinates>11.141716,46.0768826</coordinates></Point></Placemark><Placemark><name>Oratorio San Giovanni Bosco</name><ExtendedData><Data name="@id"><value>way/618283823</value></Data><Data name="amenity"><value>community_centre</value></Data><Data name="community_centre"><value>parish_hall</value></Data><Data name="community_centre:for"><value>juvenile</value></Data><Data name="name"><value>Oratorio San Giovanni Bosco</value></Data><Data name="@geometry"><value>center</value></Data></ExtendedData><Point><coordinates>8.9564312,45.6742996</coordinates></Point></Placemark><Placemark><name>Oratorio Carlo Acutis</name><ExtendedData><Data name="@id"><value>way/618595950</value></Data><Data name="amenity"><value>community_centre</value></Data><Data name="building"><value>yes</value></Data><Data name="community_centre:for"><value>juvenile</value></Data><Data name="name"><value>Oratorio Carlo Acutis</value></Data><Data name="@geometry"><value>center</value></Data></ExtendedData><Point><coordinates>8.4000873,45.6649891</coordinates></Point></Placemark><Placemark><name>Centro Socio Culturale Ferro di Cavallo</name><ExtendedData><Data name="@id"><value>way/620044076</value></Data><Data name="addr:city"><value>Perugia</value></Data><Data name="addr:country"><value>IT</value></Data><Data name="addr:housenumber"><value>11</value></Data><Data name="addr:postcode"><value>06127</value></Data><Data name="addr:street"><value>Via Ferdinando Gregorovius</value></Data><Data name="addr:suburb"><value>Ferro di Cavallo</value></Data><Data name="amenity"><value>community_centre</value></Data><Data name="name"><value>Centro Socio Culturale Ferro di Cavallo</value></Data><Data name="@geometry"><value>center</value></Data></ExtendedData><Point><coordinates>12.3496686,43.1047462</coordinates></Point></Placemark><Placemark><ExtendedData><Data name="@id"><value>way/620121611</value></Data><Data name="amenity"><value>social_centre</value></Data><Data name="@geometry"><value>center</value></Data></ExtendedData><Point><coordinates>8.4386591,45.9283245</coordinates></Point></Placemark><Placemark><name>Pro Civitate Christiana</name><ExtendedData><Data name="@id"><value>way/620147295</value></Data><Data name="addr:city"><value>Assisi</value></Data><Data name="addr:housenumber"><value>3</value></Data><Data name="addr:street"><value>Via degli Ancajani</value></Data><Data name="amenity"><value>community_centre</value></Data><Data name="contact:phone"><value>+39 075 813231</value></Data><Data name="contact:website"><value>http://www.cittadella.org/</value></Data><Data name="name"><value>Pro Civitate Christiana</value></Data><Data name="wheelchair"><value>limited</value></Data><Data name="wikipedia"><value>it:Pro Civitate Christiana</value></Data><Data name="@geometry"><value>center</value></Data></ExtendedData><Point><coordinates>12.6107155,43.0711378</coordinates></Point></Placemark><Placemark><name>Oratorio San Giuseppe</name><ExtendedData><Data name="@id"><value>way/624671172</value></Data><Data name="amenity"><value>community_centre</value></Data><Data name="name"><value>Oratorio San Giuseppe</value></Data><Data name="operator"><value>Parrocchia Sant'Andrea</value></Data><Data name="@geometry"><value>center</value></Data></ExtendedData><Point><coordinates>9.3259735,45.5013682</coordinates></Point></Placemark><Placemark><name>Lab Disco</name><ExtendedData><Data name="@id"><value>way/627127904</value></Data><Data name="addr:city"><value>Fossato di Vico</value></Data><Data name="addr:postcode"><value>06022</value></Data><Data name="addr:street"><value>Via Moiette</value></Data><Data name="amenity"><value>nightclub</value></Data><Data name="building"><value>yes</value></Data><Data name="name"><value>Lab Disco</value></Data><Data name="@geometry"><value>center</value></Data></ExtendedData><Point><coordinates>12.7594105,43.3111666</coordinates></Point></Placemark><Placemark><name>Centro sociale Arci S. Stranieri</name><ExtendedData><Data name="@id"><value>way/628515055</value></Data><Data name="addr:city"><value>Reggio nell'Emilia</value></Data><Data name="addr:housenumber"><value>1</value></Data><Data name="addr:postcode"><value>42122</value></Data><Data name="addr:street"><value>Via Don Luigi Sturzo</value></Data><Data name="amenity"><value>community_centre</value></Data><Data name="name"><value>Centro sociale Arci S. Stranieri</value></Data><Data name="@geometry"><value>center</value></Data></ExtendedData><Point><coordinates>10.6564901,44.6864805</coordinates></Point></Placemark><Placemark><name>Proloco di Terranera</name><ExtendedData><Data name="@id"><value>way/630197740</value></Data><Data name="amenity"><value>community_centre</value></Data><Data name="building"><value>yes</value></Data><Data name="name"><value>Proloco di Terranera</value></Data><Data name="@geometry"><value>center</value></Data></ExtendedData><Point><coordinates>13.5352404,42.23534</coordinates></Point></Placemark><Placemark><name>Centro Diurno Anziani</name><ExtendedData><Data name="@id"><value>way/632078076</value></Data><Data name="amenity"><value>community_centre</value></Data><Data name="building"><value>yes</value></Data><Data name="building:levels"><value>2</value></Data><Data name="name"><value>Centro Diurno Anziani</value></Data><Data name="operator"><value>Fenalc</value></Data><Data name="@geometry"><value>center</value></Data></ExtendedData><Point><coordinates>10.8507918,45.4719576</coordinates></Point></Placemark><Placemark><name>Centro sociale &quot;Via Leoncavallo&quot;</name><description>Centro Sociale L'Asilo</description><ExtendedData><Data name="@id"><value>way/633620213</value></Data><Data name="amenity"><value>social_centre</value></Data><Data name="building"><value>service</value></Data><Data name="description"><value>Centro Sociale L'Asilo</value></Data><Data name="name"><value>Centro sociale &quot;Via Leoncavallo&quot;</value></Data><Data name="@geometry"><value>center</value></Data></ExtendedData><Point><coordinates>12.8953045,43.8984644</coordinates></Point></Placemark><Placemark><name>Circolo Arci Rondò</name><ExtendedData><Data name="@id"><value>way/635298613</value></Data><Data name="amenity"><value>community_centre</value></Data><Data name="name"><value>Circolo Arci Rondò</value></Data><Data name="@geometry"><value>center</value></Data></ExtendedData><Point><coordinates>10.6098713,44.7234782</coordinates></Point></Placemark><Placemark><name>Centro sociale G. Iotti - La Fontana</name><ExtendedData><Data name="@id"><value>way/635375210</value></Data><Data name="amenity"><value>community_centre</value></Data><Data name="name"><value>Centro sociale G. Iotti - La Fontana</value></Data><Data name="@geometry"><value>center</value></Data></ExtendedData><Point><coordinates>10.671497,44.7409543</coordinates></Point></Placemark><Placemark><name>Centro Sociale Orti Montenero</name><ExtendedData><Data name="@id"><value>way/635670480</value></Data><Data name="addr:city"><value>Reggio nell'Emilia</value></Data><Data name="addr:housenumber"><value>11</value></Data><Data name="addr:postcode"><value>42124</value></Data><Data name="addr:street"><value>Via Monte Nero</value></Data><Data name="amenity"><value>community_centre</value></Data><Data name="name"><value>Centro Sociale Orti Montenero</value></Data><Data name="operator"><value>ANCESCAO</value></Data><Data name="website"><value>https://www.ancescaore.it/ortimontenero/</value></Data><Data name="@geometry"><value>center</value></Data></ExtendedData><Point><coordinates>10.6441717,44.7046657</coordinates></Point></Placemark><Placemark><name>Celebrità</name><ExtendedData><Data name="@id"><value>way/636117018</value></Data><Data name="opening_hours:covid19"><value>closed</value></Data><Data name="addr:city"><value>Trecate</value></Data><Data name="addr:postcode"><value>28069</value></Data><Data name="addr:street"><value>Strada Provinciale 11 Padana Superiore</value></Data><Data name="amenity"><value>nightclub</value></Data><Data name="name"><value>Celebrità</value></Data><Data name="smoking"><value>isolated</value></Data><Data name="website"><value>https://www.discotecacelebrita.com/</value></Data><Data name="@geometry"><value>center</value></Data></ExtendedData><Point><coordinates>8.7057179,45.4344714</coordinates></Point></Placemark><Placemark><name>Ricreatorio San Luigi Gonzaga</name><ExtendedData><Data name="@id"><value>way/637397677</value></Data><Data name="addr:street"><value>Via Ricreatorio</value></Data><Data name="amenity"><value>community_centre</value></Data><Data name="name"><value>Ricreatorio San Luigi Gonzaga</value></Data><Data name="operator"><value>Associazione Ricreatorio San Luigi Gonzaga</value></Data><Data name="@geometry"><value>center</value></Data></ExtendedData><Point><coordinates>8.9014832,44.4985116</coordinates></Point></Placemark><Placemark><name>Centro Anziani</name><ExtendedData><Data name="@id"><value>way/637449736</value></Data><Data name="addr:street"><value>Via Zubiena</value></Data><Data name="amenity"><value>community_centre</value></Data><Data name="building"><value>yes</value></Data><Data name="name"><value>Centro Anziani</value></Data><Data name="@geometry"><value>center</value></Data></ExtendedData><Point><coordinates>12.2557406,42.0139064</coordinates></Point></Placemark><Placemark><name>Ballalinda</name><ExtendedData><Data name="@id"><value>way/637597822</value></Data><Data name="name"><value>Ballalinda</value></Data><Data name="addr:housenumber"><value>12</value></Data><Data name="building"><value>yes</value></Data><Data name="addr:street"><value>Via Torino</value></Data><Data name="amenity"><value>nightclub</value></Data><Data name="@geometry"><value>center</value></Data></ExtendedData><Point><coordinates>7.7025102,44.5619758</coordinates></Point></Placemark><Placemark><name>Centro Bethel</name><ExtendedData><Data name="@id"><value>way/639827647</value></Data><Data name="addr:city"><value>Castelnuovo della Daunia</value></Data><Data name="addr:postcode"><value>71034</value></Data><Data name="amenity"><value>community_centre</value></Data><Data name="building"><value>greenhouse</value></Data><Data name="email"><value>info@centrobethel.it</value></Data><Data name="name"><value>Centro Bethel</value></Data><Data name="website"><value>https://www.centrobethel.it</value></Data><Data name="@geometry"><value>center</value></Data></ExtendedData><Point><coordinates>15.1241768,41.5831508</coordinates></Point></Placemark><Placemark><ExtendedData><Data name="@id"><value>way/640097407</value></Data><Data name="amenity"><value>community_centre</value></Data><Data name="@geometry"><value>center</value></Data></ExtendedData><Point><coordinates>11.7466904,43.2120722</coordinates></Point></Placemark><Placemark><name>Centro Sociale Auser</name><ExtendedData><Data name="@id"><value>way/640097411</value></Data><Data name="addr:city"><value>Bettolle</value></Data><Data name="addr:housenumber"><value>1</value></Data><Data name="addr:postcode"><value>53048</value></Data><Data name="addr:street"><value>Via Giuseppe Mazzini</value></Data><Data name="amenity"><value>community_centre</value></Data><Data name="name"><value>Centro Sociale Auser</value></Data><Data name="@geometry"><value>center</value></Data></ExtendedData><Point><coordinates>11.8036221,43.2068038</coordinates></Point></Placemark><Placemark><name>Movi&amp;Dance</name><ExtendedData><Data name="@id"><value>way/640970919</value></Data><Data name="addr:city"><value>L'Aquila</value></Data><Data name="addr:housenumber"><value>110</value></Data><Data name="addr:postcode"><value>67061</value></Data><Data name="addr:street"><value>Via Giuseppe Saragat</value></Data><Data name="amenity"><value>nightclub</value></Data><Data name="building"><value>yes</value></Data><Data name="name"><value>Movi&amp;Dance</value></Data><Data name="phone"><value>+39 340 277 7971</value></Data><Data name="@geometry"><value>center</value></Data></ExtendedData><Point><coordinates>13.336285,42.3512811</coordinates></Point></Placemark><Placemark><name>Oriente discoteca</name><ExtendedData><Data name="@id"><value>way/641514893</value></Data><Data name="addr:city"><value>Carrù</value></Data><Data name="addr:housenumber"><value>47</value></Data><Data name="addr:postcode"><value>12061</value></Data><Data name="addr:street"><value>Via Garibaldi</value></Data><Data name="amenity"><value>nightclub</value></Data><Data name="building"><value>yes</value></Data><Data name="name"><value>Oriente discoteca</value></Data><Data name="smoking"><value>isolated</value></Data><Data name="@geometry"><value>center</value></Data></ExtendedData><Point><coordinates>7.8803835,44.4811159</coordinates></Point></Placemark><Placemark><name>Caveu club</name><ExtendedData><Data name="@id"><value>way/641525737</value></Data><Data name="addr:city"><value>Alba</value></Data><Data name="addr:housenumber"><value>10</value></Data><Data name="addr:street"><value>Corso Barolo</value></Data><Data name="amenity"><value>nightclub</value></Data><Data name="name"><value>Caveu club</value></Data><Data name="@geometry"><value>center</value></Data></ExtendedData><Point><coordinates>8.0046096,44.6855956</coordinates></Point></Placemark><Placemark><name>Loft club</name><ExtendedData><Data name="@id"><value>way/641550653</value></Data><Data name="addr:city"><value>Asti</value></Data><Data name="addr:housenumber"><value>3</value></Data><Data name="addr:postcode"><value>14100</value></Data><Data name="addr:street"><value>Via Antico Ippodromo</value></Data><Data name="amenity"><value>nightclub</value></Data><Data name="building"><value>yes</value></Data><Data name="name"><value>Loft club</value></Data><Data name="@geometry"><value>center</value></Data></ExtendedData><Point><coordinates>8.2203273,44.8990175</coordinates></Point></Placemark><Placemark><name>Centro sociale Rubbianino</name><ExtendedData><Data name="@id"><value>way/642233169</value></Data><Data name="amenity"><value>community_centre</value></Data><Data name="name"><value>Centro sociale Rubbianino</value></Data><Data name="@geometry"><value>center</value></Data></ExtendedData><Point><coordinates>10.5250131,44.6515696</coordinates></Point></Placemark><Placemark><name>Glob Trotter</name><ExtendedData><Data name="@id"><value>way/642304376</value></Data><Data name="addr:city"><value>Gattinara</value></Data><Data name="addr:housenumber"><value>21</value></Data><Data name="addr:postcode"><value>13045</value></Data><Data name="addr:street"><value>Viale Roma</value></Data><Data name="amenity"><value>nightclub</value></Data><Data name="building"><value>yes</value></Data><Data name="name"><value>Glob Trotter</value></Data><Data name="@geometry"><value>center</value></Data></ExtendedData><Point><coordinates>8.3651736,45.6117606</coordinates></Point></Placemark><Placemark><name>Auser comunale</name><ExtendedData><Data name="@id"><value>way/643836051</value></Data><Data name="amenity"><value>community_centre</value></Data><Data name="name"><value>Auser comunale</value></Data><Data name="@geometry"><value>center</value></Data></ExtendedData><Point><coordinates>10.6160521,44.6867623</coordinates></Point></Placemark><Placemark><name>Première Club</name><ExtendedData><Data name="@id"><value>way/644618388</value></Data><Data name="name"><value>Première Club</value></Data><Data name="building"><value>yes</value></Data><Data name="addr:city"><value>Poirino</value></Data><Data name="addr:housenumber"><value>47</value></Data><Data name="addr:postcode"><value>10046</value></Data><Data name="addr:street"><value>Strada Savona</value></Data><Data name="amenity"><value>nightclub</value></Data><Data name="@geometry"><value>center</value></Data></ExtendedData><Point><coordinates>7.8487948,44.9134401</coordinates></Point></Placemark><Placemark><name>Casa del Giovane</name><ExtendedData><Data name="@id"><value>way/645280104</value></Data><Data name="website"><value>http://www.concesiopieve.it/oratorio-paolo-vi.html</value></Data><Data name="religion"><value>christian</value></Data><Data name="alt_name"><value>Oratorio Paolo VI</value></Data><Data name="amenity"><value>community_centre</value></Data><Data name="building"><value>yes</value></Data><Data name="community_centre"><value>parish_hall</value></Data><Data name="denomination"><value>catholic</value></Data><Data name="name"><value>Casa del Giovane</value></Data><Data name="@geometry"><value>center</value></Data></ExtendedData><Point><coordinates>10.2149952,45.6064165</coordinates></Point></Placemark><Placemark><name>Centro congressi (ex convento dei cappuccini)</name><ExtendedData><Data name="@id"><value>way/648004450</value></Data><Data name="amenity"><value>community_centre</value></Data><Data name="historic"><value>monastery</value></Data><Data name="name"><value>Centro congressi (ex convento dei cappuccini)</value></Data><Data name="wikipedia"><value>it:Convento e chiesa dei Cappuccini (San Miniato)</value></Data><Data name="@geometry"><value>center</value></Data></ExtendedData><Point><coordinates>10.8651158,43.6751818</coordinates></Point></Placemark><Placemark><ExtendedData><Data name="@id"><value>way/649219522</value></Data><Data name="amenity"><value>nightclub</value></Data><Data name="@geometry"><value>center</value></Data></ExtendedData><Point><coordinates>16.5548038,38.6885061</coordinates></Point></Placemark><Placemark><ExtendedData><Data name="@id"><value>way/649220011</value></Data><Data name="building"><value>yes</value></Data><Data name="amenity"><value>nightclub</value></Data><Data name="@geometry"><value>center</value></Data></ExtendedData><Point><coordinates>16.5514259,38.6905435</coordinates></Point></Placemark><Placemark><name>Salone Polivalente</name><ExtendedData><Data name="@id"><value>way/649244020</value></Data><Data name="amenity"><value>community_centre</value></Data><Data name="building"><value>yes</value></Data><Data name="name"><value>Salone Polivalente</value></Data><Data name="@geometry"><value>center</value></Data></ExtendedData><Point><coordinates>8.163223,45.575659</coordinates></Point></Placemark><Placemark><name>Centro sociale Tricolore</name><ExtendedData><Data name="@id"><value>way/649454905</value></Data><Data name="addr:city"><value>Reggio Emilia</value></Data><Data name="addr:housenumber"><value>6</value></Data><Data name="addr:postcode"><value>42124</value></Data><Data name="addr:street"><value>Via Vasco Agosti</value></Data><Data name="amenity"><value>community_centre</value></Data><Data name="name"><value>Centro sociale Tricolore</value></Data><Data name="@geometry"><value>center</value></Data></ExtendedData><Point><coordinates>10.6501309,44.7016907</coordinates></Point></Placemark><Placemark><ExtendedData><Data name="@id"><value>way/649578370</value></Data><Data name="building"><value>yes</value></Data><Data name="amenity"><value>nightclub</value></Data><Data name="@geometry"><value>center</value></Data></ExtendedData><Point><coordinates>16.5347128,38.7046783</coordinates></Point></Placemark><Placemark><name>Pesca sportiva Lago Tibbia</name><ExtendedData><Data name="@id"><value>way/650038922</value></Data><Data name="amenity"><value>community_centre</value></Data><Data name="name"><value>Pesca sportiva Lago Tibbia</value></Data><Data name="@geometry"><value>center</value></Data></ExtendedData><Point><coordinates>10.5701451,44.6511117</coordinates></Point></Placemark><Placemark><name>Biasola</name><ExtendedData><Data name="@id"><value>way/651031967</value></Data><Data name="name"><value>Biasola</value></Data><Data name="amenity"><value>community_centre</value></Data><Data name="@geometry"><value>center</value></Data></ExtendedData><Point><coordinates>10.5787742,44.6698294</coordinates></Point></Placemark><Placemark><name>Centro sociale Buco Magico</name><ExtendedData><Data name="@id"><value>way/651101816</value></Data><Data name="amenity"><value>community_centre</value></Data><Data name="name"><value>Centro sociale Buco Magico</value></Data><Data name="@geometry"><value>center</value></Data></ExtendedData><Point><coordinates>10.6387641,44.6757757</coordinates></Point></Placemark><Placemark><name>Centro sociale La Mirandola</name><ExtendedData><Data name="@id"><value>way/651910576</value></Data><Data name="amenity"><value>community_centre</value></Data><Data name="name"><value>Centro sociale La Mirandola</value></Data><Data name="@geometry"><value>center</value></Data></ExtendedData><Point><coordinates>10.5955043,44.7059923</coordinates></Point></Placemark><Placemark><name>Circolo Arci Pieve Modolena</name><ExtendedData><Data name="@id"><value>way/651910999</value></Data><Data name="amenity"><value>community_centre</value></Data><Data name="name"><value>Circolo Arci Pieve Modolena</value></Data><Data name="@geometry"><value>center</value></Data></ExtendedData><Point><coordinates>10.5845398,44.7136457</coordinates></Point></Placemark><Placemark><name>Centro sociale autogestito Venezia</name><ExtendedData><Data name="@id"><value>way/651912792</value></Data><Data name="amenity"><value>community_centre</value></Data><Data name="name"><value>Centro sociale autogestito Venezia</value></Data><Data name="@geometry"><value>center</value></Data></ExtendedData><Point><coordinates>10.6700867,44.6835404</coordinates></Point></Placemark><Placemark><name>Centro sociale La Fornace</name><ExtendedData><Data name="@id"><value>way/652283365</value></Data><Data name="amenity"><value>community_centre</value></Data><Data name="name"><value>Centro sociale La Fornace</value></Data><Data name="@geometry"><value>center</value></Data></ExtendedData><Point><coordinates>10.6355734,44.7101456</coordinates></Point></Placemark><Placemark><name>Oratorio San Nicola</name><ExtendedData><Data name="@id"><value>way/652353965</value></Data><Data name="amenity"><value>community_centre</value></Data><Data name="building"><value>yes</value></Data><Data name="denomination"><value>catholic</value></Data><Data name="name"><value>Oratorio San Nicola</value></Data><Data name="religion"><value>christian</value></Data><Data name="@geometry"><value>center</value></Data></ExtendedData><Point><coordinates>8.4163339,45.9688586</coordinates></Point></Placemark><Placemark><ExtendedData><Data name="@id"><value>way/652953177</value></Data><Data name="amenity"><value>nightclub</value></Data><Data name="building"><value>yes</value></Data><Data name="@geometry"><value>center</value></Data></ExtendedData><Point><coordinates>16.5565222,38.6845525</coordinates></Point></Placemark><Placemark><name>Lanterna Azzurra Clubbing</name><ExtendedData><Data name="@id"><value>way/653529959</value></Data><Data name="addr:city"><value>Corinaldo</value></Data><Data name="addr:housenumber"><value>17</value></Data><Data name="addr:postcode"><value>60013</value></Data><Data name="addr:street"><value>Via Madonna del Piano</value></Data><Data name="amenity"><value>nightclub</value></Data><Data name="building"><value>yes</value></Data><Data name="name"><value>Lanterna Azzurra Clubbing</value></Data><Data name="@geometry"><value>center</value></Data></ExtendedData><Point><coordinates>13.0291671,43.6623871</coordinates></Point></Placemark><Placemark><name>Casa sociale Caltron</name><ExtendedData><Data name="@id"><value>way/653632006</value></Data><Data name="amenity"><value>social_centre</value></Data><Data name="building"><value>yes</value></Data><Data name="name"><value>Casa sociale Caltron</value></Data><Data name="@geometry"><value>center</value></Data></ExtendedData><Point><coordinates>11.0286193,46.3740282</coordinates></Point></Placemark><Placemark><name>Oratorio</name><ExtendedData><Data name="@id"><value>way/653814216</value></Data><Data name="amenity"><value>community_centre</value></Data><Data name="building"><value>yes</value></Data><Data name="community_centre"><value>parish_hall</value></Data><Data name="denomination"><value>catholic</value></Data><Data name="name"><value>Oratorio</value></Data><Data name="religion"><value>christian</value></Data><Data name="@geometry"><value>center</value></Data></ExtendedData><Point><coordinates>10.4384613,45.5293125</coordinates></Point></Placemark><Placemark><name>Villa Usignolo</name><ExtendedData><Data name="@id"><value>way/654602151</value></Data><Data name="amenity"><value>community_centre</value></Data><Data name="building"><value>yes</value></Data><Data name="name"><value>Villa Usignolo</value></Data><Data name="@geometry"><value>center</value></Data></ExtendedData><Point><coordinates>10.2007227,45.65782</coordinates></Point></Placemark><Placemark><name>Oratorio San Giovanni Bosco</name><ExtendedData><Data name="@id"><value>way/654688875</value></Data><Data name="amenity"><value>community_centre</value></Data><Data name="name"><value>Oratorio San Giovanni Bosco</value></Data><Data name="@geometry"><value>center</value></Data></ExtendedData><Point><coordinates>9.449228,45.5394099</coordinates></Point></Placemark><Placemark><name>Boars Nest</name><ExtendedData><Data name="@id"><value>way/661136995</value></Data><Data name="amenity"><value>nightclub</value></Data><Data name="building"><value>yes</value></Data><Data name="name"><value>Boars Nest</value></Data><Data name="@geometry"><value>center</value></Data></ExtendedData><Point><coordinates>14.5223775,41.8668657</coordinates></Point></Placemark><Placemark><name>Centro studi Torre di Nebbia</name><description>Il Centro Studi Torre di Nebbia nasce nell’autunno del 1988 con il progetto di costituire un Osservatorio Permanente sul territorio dell'Alta Murgia barese</description><ExtendedData><Data name="@id"><value>way/662532087</value></Data><Data name="alt_name"><value>Masseria Martucci</value></Data><Data name="amenity"><value>community_centre</value></Data><Data name="description"><value>Il Centro Studi Torre di Nebbia nasce nell’autunno del 1988 con il progetto di costituire un Osservatorio Permanente sul territorio dell'Alta Murgia barese</value></Data><Data name="name"><value>Centro studi Torre di Nebbia</value></Data><Data name="website"><value>http://www.altramurgia.it/</value></Data><Data name="@geometry"><value>center</value></Data></ExtendedData><Point><coordinates>16.4542231,40.8689794</coordinates></Point></Placemark><Placemark><ExtendedData><Data name="@id"><value>way/663887060</value></Data><Data name="amenity"><value>community_centre</value></Data><Data name="building"><value>yes</value></Data><Data name="@geometry"><value>center</value></Data></ExtendedData><Point><coordinates>13.4841425,37.8275361</coordinates></Point></Placemark><Placemark><name>Dopolavoro Lukoil</name><ExtendedData><Data name="@id"><value>way/663909274</value></Data><Data name="name"><value>Dopolavoro Lukoil</value></Data><Data name="amenity"><value>social_centre</value></Data><Data name="@geometry"><value>center</value></Data></ExtendedData><Point><coordinates>15.2247651,37.1156147</coordinates></Point></Placemark><Placemark><ExtendedData><Data name="@id"><value>way/667386887</value></Data><Data name="amenity"><value>community_centre</value></Data><Data name="building"><value>yes</value></Data><Data name="@geometry"><value>center</value></Data></ExtendedData><Point><coordinates>13.7777844,43.2298732</coordinates></Point></Placemark><Placemark><name>Oratorio Maria Immacolata</name><ExtendedData><Data name="@id"><value>way/667426411</value></Data><Data name="addr:city"><value>Cornuda</value></Data><Data name="addr:housenumber"><value>3</value></Data><Data name="addr:postcode"><value>31041</value></Data><Data name="addr:street"><value>Via Franzoia</value></Data><Data name="amenity"><value>community_centre</value></Data><Data name="area"><value>yes</value></Data><Data name="denomination"><value>catholic</value></Data><Data name="name"><value>Oratorio Maria Immacolata</value></Data><Data name="religion"><value>christian</value></Data><Data name="@geometry"><value>center</value></Data></ExtendedData><Point><coordinates>12.0067807,45.8324551</coordinates></Point></Placemark><Placemark><name>Centro di Spiritualità e Accoglienza &quot;La Casetta&quot;</name><ExtendedData><Data name="@id"><value>way/671142912</value></Data><Data name="addr:city"><value>Riva Presso Chieri</value></Data><Data name="addr:housenumber"><value>19</value></Data><Data name="addr:postcode"><value>10020</value></Data><Data name="addr:street"><value>Via San Giovanni Bosco</value></Data><Data name="amenity"><value>community_centre</value></Data><Data name="building"><value>yes</value></Data><Data name="name"><value>Centro di Spiritualità e Accoglienza &quot;La Casetta&quot;</value></Data><Data name="@geometry"><value>center</value></Data></ExtendedData><Point><coordinates>7.8939602,45.0060108</coordinates></Point></Placemark><Placemark><name>Oratorio</name><ExtendedData><Data name="@id"><value>way/672832263</value></Data><Data name="addr:city"><value>Mozzanica</value></Data><Data name="amenity"><value>community_centre</value></Data><Data name="name"><value>Oratorio</value></Data><Data name="@geometry"><value>center</value></Data></ExtendedData><Point><coordinates>9.689464,45.4741428</coordinates></Point></Placemark><Placemark><name>Territorio e tradizione Cima Panco</name><ExtendedData><Data name="@id"><value>way/673575317</value></Data><Data name="name"><value>Territorio e tradizione Cima Panco</value></Data><Data name="addr:city"><value>Spoleto</value></Data><Data name="addr:street"><value>Ocenelli</value></Data><Data name="amenity"><value>community_centre</value></Data><Data name="building"><value>yes</value></Data><Data name="@geometry"><value>center</value></Data></ExtendedData><Point><coordinates>12.6265418,42.74565</coordinates></Point></Placemark><Placemark><name>Casa delle associazioni</name><ExtendedData><Data name="@id"><value>way/674290419</value></Data><Data name="name"><value>Casa delle associazioni</value></Data><Data name="building"><value>yes</value></Data><Data name="amenity"><value>community_centre</value></Data><Data name="@geometry"><value>center</value></Data></ExtendedData><Point><coordinates>9.275975,45.4197378</coordinates></Point></Placemark><Placemark><name>Centro Diurno Integrato &quot;La Chioccia&quot;</name><ExtendedData><Data name="@id"><value>way/679997212</value></Data><Data name="addr:city"><value>Cambiago</value></Data><Data name="addr:housenumber"><value>17</value></Data><Data name="addr:postcode"><value>20040</value></Data><Data name="addr:street"><value>Viale Brianza</value></Data><Data name="amenity"><value>community_centre</value></Data><Data name="building"><value>yes</value></Data><Data name="name"><value>Centro Diurno Integrato &quot;La Chioccia&quot;</value></Data><Data name="@geometry"><value>center</value></Data></ExtendedData><Point><coordinates>9.4191482,45.5739124</coordinates></Point></Placemark><Placemark><name>Urban Center</name><ExtendedData><Data name="@id"><value>way/680709093</value></Data><Data name="amenity"><value>community_centre</value></Data><Data name="contact:facebook"><value>https://www.facebook.com/UrbanCenterSR/</value></Data><Data name="name"><value>Urban Center</value></Data><Data name="phone"><value>+39 366 909 6050</value></Data><Data name="@geometry"><value>center</value></Data></ExtendedData><Point><coordinates>15.2865799,37.0650725</coordinates></Point></Placemark><Placemark><name>Oratorio</name><ExtendedData><Data name="@id"><value>way/680756705</value></Data><Data name="amenity"><value>community_centre</value></Data><Data name="building"><value>yes</value></Data><Data name="name"><value>Oratorio</value></Data><Data name="@geometry"><value>center</value></Data></ExtendedData><Point><coordinates>7.6553316,45.3286108</coordinates></Point></Placemark><Placemark><name>Oratorio</name><ExtendedData><Data name="@id"><value>way/682736276</value></Data><Data name="amenity"><value>community_centre</value></Data><Data name="name"><value>Oratorio</value></Data><Data name="@geometry"><value>center</value></Data></ExtendedData><Point><coordinates>10.423013,45.6558778</coordinates></Point></Placemark><Placemark><name>Oratorio Salesiano Don Bosco</name><ExtendedData><Data name="@id"><value>way/682921222</value></Data><Data name="amenity"><value>community_centre</value></Data><Data name="name"><value>Oratorio Salesiano Don Bosco</value></Data><Data name="@geometry"><value>center</value></Data></ExtendedData><Point><coordinates>9.171855,45.1810888</coordinates></Point></Placemark><Placemark><name>Centro Monsignor Ugo Baccaglioni</name><ExtendedData><Data name="@id"><value>way/683973261</value></Data><Data name="amenity"><value>community_centre</value></Data><Data name="building"><value>public</value></Data><Data name="name"><value>Centro Monsignor Ugo Baccaglioni</value></Data><Data name="@geometry"><value>center</value></Data></ExtendedData><Point><coordinates>10.1803778,45.4291044</coordinates></Point></Placemark><Placemark><name>Oratorio</name><ExtendedData><Data name="@id"><value>way/684784619</value></Data><Data name="amenity"><value>community_centre</value></Data><Data name="building"><value>public</value></Data><Data name="name"><value>Oratorio</value></Data><Data name="@geometry"><value>center</value></Data></ExtendedData><Point><coordinates>9.7312454,45.7579406</coordinates></Point></Placemark><Placemark><ExtendedData><Data name="@id"><value>way/684989113</value></Data><Data name="amenity"><value>social_centre</value></Data><Data name="building:prefabricated"><value>yes</value></Data><Data name="denomination"><value>catholic</value></Data><Data name="operator"><value>*</value></Data><Data name="religion"><value>christian</value></Data><Data name="@geometry"><value>center</value></Data></ExtendedData><Point><coordinates>12.3719908,43.0883973</coordinates></Point></Placemark><Placemark><name>Oratorio San Nicola</name><ExtendedData><Data name="@id"><value>way/685277330</value></Data><Data name="amenity"><value>community_centre</value></Data><Data name="building"><value>yes</value></Data><Data name="community_centre"><value>parish_hall</value></Data><Data name="denomination"><value>catholic</value></Data><Data name="name"><value>Oratorio San Nicola</value></Data><Data name="religion"><value>christian</value></Data><Data name="@geometry"><value>center</value></Data></ExtendedData><Point><coordinates>10.1105741,45.5901293</coordinates></Point></Placemark><Placemark><name>Baita Alpini</name><ExtendedData><Data name="@id"><value>way/685430037</value></Data><Data name="amenity"><value>community_centre</value></Data><Data name="building"><value>yes</value></Data><Data name="club"><value>history</value></Data><Data name="name"><value>Baita Alpini</value></Data><Data name="@geometry"><value>center</value></Data></ExtendedData><Point><coordinates>10.9911322,45.5744057</coordinates></Point></Placemark><Placemark><name>Oratorio Don Bosco</name><ExtendedData><Data name="@id"><value>way/685571109</value></Data><Data name="amenity"><value>community_centre</value></Data><Data name="name"><value>Oratorio Don Bosco</value></Data><Data name="@geometry"><value>center</value></Data></ExtendedData><Point><coordinates>9.4337357,45.5570216</coordinates></Point></Placemark><Placemark><name>Mama</name><ExtendedData><Data name="@id"><value>way/686462330</value></Data><Data name="amenity"><value>community_centre</value></Data><Data name="building"><value>yes</value></Data><Data name="name"><value>Mama</value></Data><Data name="@geometry"><value>center</value></Data></ExtendedData><Point><coordinates>15.2747157,37.0633126</coordinates></Point></Placemark><Placemark><ExtendedData><Data name="@id"><value>way/687909781</value></Data><Data name="amenity"><value>community_centre</value></Data><Data name="building"><value>yes</value></Data><Data name="note"><value>verificare se man_made=works</value></Data><Data name="@geometry"><value>center</value></Data></ExtendedData><Point><coordinates>12.1767335,45.9006542</coordinates></Point></Placemark><Placemark><name>Centro Civico Sociale Giuseppe Bergamini</name><ExtendedData><Data name="@id"><value>way/687993029</value></Data><Data name="addr:city"><value>Ospitaletto</value></Data><Data name="addr:housenumber"><value>40</value></Data><Data name="addr:postcode"><value>25035</value></Data><Data name="addr:street"><value>Via Martiri della libertà</value></Data><Data name="amenity"><value>community_centre</value></Data><Data name="building"><value>yes</value></Data><Data name="name"><value>Centro Civico Sociale Giuseppe Bergamini</value></Data><Data name="@geometry"><value>center</value></Data></ExtendedData><Point><coordinates>10.0721023,45.5535173</coordinates></Point></Placemark><Placemark><name>Oratorio San Giacomo</name><ExtendedData><Data name="@id"><value>way/691298163</value></Data><Data name="addr:city"><value>Meda</value></Data><Data name="addr:housenumber"><value>138</value></Data><Data name="addr:postcode"><value>20821</value></Data><Data name="addr:street"><value>Via Enrico Cialdini</value></Data><Data name="amenity"><value>community_centre</value></Data><Data name="building"><value>yes</value></Data><Data name="name"><value>Oratorio San Giacomo</value></Data><Data name="@geometry"><value>center</value></Data></ExtendedData><Point><coordinates>9.1693651,45.661294</coordinates></Point></Placemark><Placemark><name>Cocus Eventi</name><ExtendedData><Data name="@id"><value>way/691312408</value></Data><Data name="amenity"><value>community_centre</value></Data><Data name="name"><value>Cocus Eventi</value></Data><Data name="@geometry"><value>center</value></Data></ExtendedData><Point><coordinates>15.270805,37.0697279</coordinates></Point></Placemark><Placemark><name>Oratorio di Santa Margherita</name><ExtendedData><Data name="@id"><value>way/693498416</value></Data><Data name="name"><value>Oratorio di Santa Margherita</value></Data><Data name="amenity"><value>community_centre</value></Data><Data name="building"><value>yes</value></Data><Data name="community_centre:for"><value>juvenile</value></Data><Data name="@geometry"><value>center</value></Data></ExtendedData><Point><coordinates>8.5392265,45.7871974</coordinates></Point></Placemark><Placemark><name>Oratorio di Liscate</name><ExtendedData><Data name="@id"><value>way/694228972</value></Data><Data name="amenity"><value>community_centre</value></Data><Data name="building"><value>no</value></Data><Data name="name"><value>Oratorio di Liscate</value></Data><Data name="@geometry"><value>center</value></Data></ExtendedData><Point><coordinates>9.4101461,45.4820575</coordinates></Point></Placemark><Placemark><name>Centro Sociale San Marco</name><ExtendedData><Data name="@id"><value>way/694559038</value></Data><Data name="amenity"><value>community_centre</value></Data><Data name="building"><value>yes</value></Data><Data name="name"><value>Centro Sociale San Marco</value></Data><Data name="@geometry"><value>center</value></Data></ExtendedData><Point><coordinates>10.6966504,45.0937724</coordinates></Point></Placemark><Placemark><name>Oratorio Sant'Afra</name><ExtendedData><Data name="@id"><value>way/694683743</value></Data><Data name="religion"><value>christian</value></Data><Data name="name"><value>Oratorio Sant'Afra</value></Data><Data name="amenity"><value>community_centre</value></Data><Data name="community_centre"><value>parish_hall</value></Data><Data name="denomination"><value>catholic</value></Data><Data name="@geometry"><value>center</value></Data></ExtendedData><Point><coordinates>10.230437,45.5356675</coordinates></Point></Placemark><Placemark><name>Oratorio di Sant'Agata Martesana</name><ExtendedData><Data name="@id"><value>way/696845077</value></Data><Data name="amenity"><value>community_centre</value></Data><Data name="name"><value>Oratorio di Sant'Agata Martesana</value></Data><Data name="@geometry"><value>center</value></Data></ExtendedData><Point><coordinates>9.3923577,45.5169427</coordinates></Point></Placemark><Placemark><name>Oratorio Camporicco</name><ExtendedData><Data name="@id"><value>way/696845078</value></Data><Data name="amenity"><value>community_centre</value></Data><Data name="name"><value>Oratorio Camporicco</value></Data><Data name="@geometry"><value>center</value></Data></ExtendedData><Point><coordinates>9.3567196,45.5126578</coordinates></Point></Placemark><Placemark><name>Oratorio San Giuseppe</name><ExtendedData><Data name="@id"><value>way/696854536</value></Data><Data name="amenity"><value>community_centre</value></Data><Data name="building"><value>yes</value></Data><Data name="community_centre:for"><value>juvenile</value></Data><Data name="name"><value>Oratorio San Giuseppe</value></Data><Data name="@geometry"><value>center</value></Data></ExtendedData><Point><coordinates>8.4387579,45.8224856</coordinates></Point></Placemark><Placemark><name>Centro Sociale di San Lazzaro</name><ExtendedData><Data name="@id"><value>way/697024015</value></Data><Data name="addr:city"><value>San Lazzaro</value></Data><Data name="addr:postcode"><value>19038</value></Data><Data name="addr:street"><value>Piazza Marco Parmeggiani</value></Data><Data name="amenity"><value>community_centre</value></Data><Data name="building"><value>yes</value></Data><Data name="building:levels"><value>1</value></Data><Data name="name"><value>Centro Sociale di San Lazzaro</value></Data><Data name="start_date"><value>2007</value></Data><Data name="@geometry"><value>center</value></Data></ExtendedData><Point><coordinates>9.9900297,44.0943894</coordinates></Point></Placemark><Placemark><name>CasAmica</name><ExtendedData><Data name="@id"><value>way/698050799</value></Data><Data name="website"><value>http://www.associazionevivere.org/attivita/casamica</value></Data><Data name="addr:city"><value>Pino Torinese</value></Data><Data name="addr:housenumber"><value>16</value></Data><Data name="addr:postcode"><value>10025</value></Data><Data name="addr:street"><value>Via Martini</value></Data><Data name="amenity"><value>community_centre</value></Data><Data name="building"><value>yes</value></Data><Data name="name"><value>CasAmica</value></Data><Data name="operator"><value>Associazione Vivere</value></Data><Data name="@geometry"><value>center</value></Data></ExtendedData><Point><coordinates>7.776509,45.0441919</coordinates></Point></Placemark><Placemark><name>Cason</name><ExtendedData><Data name="@id"><value>way/698156406</value></Data><Data name="amenity"><value>community_centre</value></Data><Data name="building"><value>yes</value></Data><Data name="name"><value>Cason</value></Data><Data name="@geometry"><value>center</value></Data></ExtendedData><Point><coordinates>8.604183,45.6175385</coordinates></Point></Placemark><Placemark><name>Centro Giovanile Maria Luigia</name><ExtendedData><Data name="@id"><value>way/698582185</value></Data><Data name="name"><value>Centro Giovanile Maria Luigia</value></Data><Data name="amenity"><value>community_centre</value></Data><Data name="@geometry"><value>center</value></Data></ExtendedData><Point><coordinates>17.9647694,40.4712495</coordinates></Point></Placemark><Placemark><name>Centro Incontri &quot;Luigi Tosco&quot;</name><ExtendedData><Data name="@id"><value>way/699997562</value></Data><Data name="addr:city"><value>Pino Torinese</value></Data><Data name="addr:housenumber"><value>119</value></Data><Data name="addr:postcode"><value>10025</value></Data><Data name="addr:street"><value>Via Tepice</value></Data><Data name="amenity"><value>community_centre</value></Data><Data name="building"><value>yes</value></Data><Data name="name"><value>Centro Incontri &quot;Luigi Tosco&quot;</value></Data><Data name="operator"><value>Comune di Pino Torinese</value></Data><Data name="@geometry"><value>center</value></Data></ExtendedData><Point><coordinates>7.8029867,45.048739</coordinates></Point></Placemark><Placemark><name>Oratorio di Airuno</name><ExtendedData><Data name="@id"><value>way/701042641</value></Data><Data name="amenity"><value>community_centre</value></Data><Data name="name"><value>Oratorio di Airuno</value></Data><Data name="@geometry"><value>center</value></Data></ExtendedData><Point><coordinates>9.4252791,45.7509965</coordinates></Point></Placemark><Placemark><ExtendedData><Data name="@id"><value>way/702929092</value></Data><Data name="amenity"><value>nightclub</value></Data><Data name="disused"><value>yes</value></Data><Data name="height"><value>3.00</value></Data><Data name="opening_hours"><value>off</value></Data><Data name="addr:city"><value>Viareggio</value></Data><Data name="building"><value>yes</value></Data><Data name="@geometry"><value>center</value></Data></ExtendedData><Point><coordinates>10.2299119,43.8880996</coordinates></Point></Placemark><Placemark><name>Discoteca Athenee</name><ExtendedData><Data name="@id"><value>way/708995777</value></Data><Data name="amenity"><value>nightclub</value></Data><Data name="building"><value>yes</value></Data><Data name="name"><value>Discoteca Athenee</value></Data><Data name="@geometry"><value>center</value></Data></ExtendedData><Point><coordinates>14.062878,42.4058733</coordinates></Point></Placemark><Placemark><name>Bliss</name><ExtendedData><Data name="@id"><value>way/711606101</value></Data><Data name="amenity"><value>nightclub</value></Data><Data name="building"><value>yes</value></Data><Data name="name"><value>Bliss</value></Data><Data name="@geometry"><value>center</value></Data></ExtendedData><Point><coordinates>13.4646535,42.325901</coordinates></Point></Placemark><Placemark><name>Zona Sagre Pro Loco Eupilio</name><ExtendedData><Data name="@id"><value>way/712016067</value></Data><Data name="amenity"><value>community_centre</value></Data><Data name="building"><value>yes</value></Data><Data name="name"><value>Zona Sagre Pro Loco Eupilio</value></Data><Data name="operator"><value>Pro Loco Eupilio</value></Data><Data name="@geometry"><value>center</value></Data></ExtendedData><Point><coordinates>9.2652994,45.8204708</coordinates></Point></Placemark><Placemark><name>Bike Village</name><ExtendedData><Data name="@id"><value>way/712316172</value></Data><Data name="amenity"><value>nightclub</value></Data><Data name="barrier"><value>fence</value></Data><Data name="name"><value>Bike Village</value></Data><Data name="@geometry"><value>center</value></Data></ExtendedData><Point><coordinates>8.8837962,45.4925145</coordinates></Point></Placemark><Placemark><name>Oratorio</name><ExtendedData><Data name="@id"><value>way/717599336</value></Data><Data name="amenity"><value>community_centre</value></Data><Data name="community_centre"><value>parish_hall</value></Data><Data name="denomination"><value>catholic</value></Data><Data name="name"><value>Oratorio</value></Data><Data name="religion"><value>christian</value></Data><Data name="@geometry"><value>center</value></Data></ExtendedData><Point><coordinates>9.7859145,45.3783966</coordinates></Point></Placemark><Placemark><name>Oratorio Parrocchiale</name><ExtendedData><Data name="@id"><value>way/718422408</value></Data><Data name="amenity"><value>community_centre</value></Data><Data name="building"><value>yes</value></Data><Data name="name"><value>Oratorio Parrocchiale</value></Data><Data name="@geometry"><value>center</value></Data></ExtendedData><Point><coordinates>10.1864211,45.1946751</coordinates></Point></Placemark><Placemark><name>Oratorio Regina Pacis</name><ExtendedData><Data name="@id"><value>way/719926596</value></Data><Data name="addr:city"><value>Saronno</value></Data><Data name="addr:housenumber"><value>119</value></Data><Data name="addr:postcode"><value>21047</value></Data><Data name="addr:street"><value>Via Roma</value></Data><Data name="amenity"><value>community_centre</value></Data><Data name="community_centre"><value>youth_centre</value></Data><Data name="denomination"><value>roman_catholic</value></Data><Data name="name"><value>Oratorio Regina Pacis</value></Data><Data name="phone"><value>+39029626448</value></Data><Data name="religion"><value>christian</value></Data><Data name="@geometry"><value>center</value></Data></ExtendedData><Point><coordinates>9.0477148,45.6231014</coordinates></Point></Placemark><Placemark><name>Opera Beach Club</name><ExtendedData><Data name="@id"><value>way/720332836</value></Data><Data name="amenity"><value>nightclub</value></Data><Data name="name"><value>Opera Beach Club</value></Data><Data name="@geometry"><value>center</value></Data></ExtendedData><Point><coordinates>12.6387031,44.0194934</coordinates></Point></Placemark><Placemark><name>Oratorio San Giuseppe</name><ExtendedData><Data name="@id"><value>way/721555762</value></Data><Data name="amenity"><value>community_centre</value></Data><Data name="loc_name"><value>Oratorio di Settala</value></Data><Data name="name"><value>Oratorio San Giuseppe</value></Data><Data name="@geometry"><value>center</value></Data></ExtendedData><Point><coordinates>9.392471,45.45648</coordinates></Point></Placemark><Placemark><ExtendedData><Data name="@id"><value>way/723274677</value></Data><Data name="amenity"><value>nightclub</value></Data><Data name="@geometry"><value>center</value></Data></ExtendedData><Point><coordinates>16.4690534,38.34227</coordinates></Point></Placemark><Placemark><ExtendedData><Data name="@id"><value>way/723841115</value></Data><Data name="amenity"><value>community_centre</value></Data><Data name="@geometry"><value>center</value></Data></ExtendedData><Point><coordinates>7.4742385,45.3050689</coordinates></Point></Placemark><Placemark><name>Ex scuole Malentrata</name><ExtendedData><Data name="@id"><value>way/725711267</value></Data><Data name="amenity"><value>social_centre</value></Data><Data name="building"><value>yes</value></Data><Data name="name"><value>Ex scuole Malentrata</value></Data><Data name="@geometry"><value>center</value></Data></ExtendedData><Point><coordinates>9.6183625,45.8136677</coordinates></Point></Placemark><Placemark><ExtendedData><Data name="@id"><value>way/726588248</value></Data><Data name="amenity"><value>community_centre</value></Data><Data name="building"><value>yes</value></Data><Data name="@geometry"><value>center</value></Data></ExtendedData><Point><coordinates>8.495923,45.6911507</coordinates></Point></Placemark><Placemark><name>Cantina Del Museo</name><ExtendedData><Data name="@id"><value>way/727173695</value></Data><Data name="amenity"><value>community_centre</value></Data><Data name="building"><value>yes</value></Data><Data name="name"><value>Cantina Del Museo</value></Data><Data name="@geometry"><value>center</value></Data></ExtendedData><Point><coordinates>8.4981956,45.6859165</coordinates></Point></Placemark><Placemark><name>Oratorio Beata Vergine Assuna Seggiano</name><ExtendedData><Data name="@id"><value>way/727697622</value></Data><Data name="amenity"><value>community_centre</value></Data><Data name="building"><value>no</value></Data><Data name="loc_name"><value>Oratorio di Limito</value></Data><Data name="name"><value>Oratorio Beata Vergine Assuna Seggiano</value></Data><Data name="@geometry"><value>center</value></Data></ExtendedData><Point><coordinates>9.3244223,45.4804083</coordinates></Point></Placemark><Placemark><name>Agaji Ville</name><ExtendedData><Data name="@id"><value>way/729497298</value></Data><Data name="addr:city"><value>Somma Vesuviana</value></Data><Data name="addr:postcode"><value>80049</value></Data><Data name="addr:street"><value>Via Macedonia</value></Data><Data name="amenity"><value>nightclub</value></Data><Data name="building"><value>yes</value></Data><Data name="name"><value>Agaji Ville</value></Data><Data name="@geometry"><value>center</value></Data></ExtendedData><Point><coordinates>14.4511938,40.8704864</coordinates></Point></Placemark><Placemark><name>Alcatraz</name><ExtendedData><Data name="@id"><value>way/732244879</value></Data><Data name="wikipedia"><value>it:Alcatraz (locale)</value></Data><Data name="website"><value>http://www.alcatrazmilano.it/</value></Data><Data name="addr:city"><value>Milano</value></Data><Data name="addr:country"><value>IT</value></Data><Data name="addr:housenumber"><value>25</value></Data><Data name="addr:postcode"><value>20159</value></Data><Data name="addr:street"><value>Via Valtellina</value></Data><Data name="wikidata"><value>Q16163709</value></Data><Data name="wheelchair"><value>limited</value></Data><Data name="smoking"><value>separated</value></Data><Data name="amenity"><value>nightclub</value></Data><Data name="email"><value>segreteria@alcatrazmilano.it</value></Data><Data name="fax"><value>+39 02 69016391</value></Data><Data name="min_age"><value>16</value></Data><Data name="name"><value>Alcatraz</value></Data><Data name="operator"><value>Alcatraz S.r.l.</value></Data><Data name="phone"><value>+39 02 69016352</value></Data><Data name="ref:vatin"><value>IT12346600153</value></Data><Data name="@geometry"><value>center</value></Data></ExtendedData><Point><coordinates>9.1823561,45.4946949</coordinates></Point></Placemark><Placemark><name>Città della Pace</name><ExtendedData><Data name="@id"><value>way/733923724</value></Data><Data name="amenity"><value>community_centre</value></Data><Data name="building"><value>yes</value></Data><Data name="community_centre"><value>parish_hall</value></Data><Data name="name"><value>Città della Pace</value></Data><Data name="@geometry"><value>center</value></Data></ExtendedData><Point><coordinates>14.2001814,40.896888</coordinates></Point></Placemark><Placemark><name>Pro loco Morgnano</name><ExtendedData><Data name="@id"><value>way/734229002</value></Data><Data name="addr:city"><value>Spoleto</value></Data><Data name="addr:street"><value>Strada provinciale di Monte Martano</value></Data><Data name="amenity"><value>community_centre</value></Data><Data name="name"><value>Pro loco Morgnano</value></Data><Data name="@geometry"><value>center</value></Data></ExtendedData><Point><coordinates>12.700778,42.7720338</coordinates></Point></Placemark><Placemark><name>Chiostro Sant'Agostino</name><ExtendedData><Data name="@id"><value>way/734667003</value></Data><Data name="amenity"><value>community_centre</value></Data><Data name="name"><value>Chiostro Sant'Agostino</value></Data><Data name="@geometry"><value>center</value></Data></ExtendedData><Point><coordinates>14.5222046,40.6919204</coordinates></Point></Placemark><Placemark><name>Centro polifunzionale</name><ExtendedData><Data name="@id"><value>way/734727500</value></Data><Data name="amenity"><value>social_centre</value></Data><Data name="building"><value>yes</value></Data><Data name="name"><value>Centro polifunzionale</value></Data><Data name="@geometry"><value>center</value></Data></ExtendedData><Point><coordinates>14.7850645,41.0080643</coordinates></Point></Placemark><Placemark><name>Stappo! the enogustoclub</name><ExtendedData><Data name="@id"><value>way/736688912</value></Data><Data name="amenity"><value>nightclub</value></Data><Data name="building"><value>yes</value></Data><Data name="name"><value>Stappo! the enogustoclub</value></Data><Data name="@geometry"><value>center</value></Data></ExtendedData><Point><coordinates>14.0565245,40.7915675</coordinates></Point></Placemark><Placemark><name>Piantagrand</name><ExtendedData><Data name="@id"><value>way/738712962</value></Data><Data name="amenity"><value>community_centre</value></Data><Data name="building"><value>public</value></Data><Data name="name"><value>Piantagrand</value></Data><Data name="@geometry"><value>center</value></Data></ExtendedData><Point><coordinates>7.8280882,45.5497067</coordinates></Point></Placemark><Placemark><name>Centro Sociale Polivalente Fornaci</name><ExtendedData><Data name="@id"><value>way/739546901</value></Data><Data name="amenity"><value>community_centre</value></Data><Data name="name"><value>Centro Sociale Polivalente Fornaci</value></Data><Data name="@geometry"><value>center</value></Data></ExtendedData><Point><coordinates>16.2894251,41.228713</coordinates></Point></Placemark><Placemark><name>Oratorio Beata Vergine Assuna Seggiano</name><ExtendedData><Data name="@id"><value>way/739867514</value></Data><Data name="amenity"><value>community_centre</value></Data><Data name="building"><value>no</value></Data><Data name="loc_name"><value>Oratorio di Seggiano</value></Data><Data name="name"><value>Oratorio Beata Vergine Assuna Seggiano</value></Data><Data name="@geometry"><value>center</value></Data></ExtendedData><Point><coordinates>9.3271432,45.4884534</coordinates></Point></Placemark><Placemark><name>Sottoaceto</name><ExtendedData><Data name="@id"><value>way/739916549</value></Data><Data name="name"><value>Sottoaceto</value></Data><Data name="addr:city"><value>Mondovì</value></Data><Data name="addr:housenumber"><value>12</value></Data><Data name="addr:street"><value>Via Tanaro</value></Data><Data name="amenity"><value>nightclub</value></Data><Data name="building"><value>yes</value></Data><Data name="@geometry"><value>center</value></Data></ExtendedData><Point><coordinates>7.8386401,44.4089197</coordinates></Point></Placemark><Placemark><name>Oratorio Santo Spirito</name><ExtendedData><Data name="@id"><value>way/740751118</value></Data><Data name="amenity"><value>community_centre</value></Data><Data name="community_centre"><value>parish_hall</value></Data><Data name="denomination"><value>catholic</value></Data><Data name="name"><value>Oratorio Santo Spirito</value></Data><Data name="religion"><value>christian</value></Data><Data name="@geometry"><value>center</value></Data></ExtendedData><Point><coordinates>10.202482,45.5584928</coordinates></Point></Placemark><Placemark><name>Cittadella delle associazioni</name><ExtendedData><Data name="@id"><value>way/741785849</value></Data><Data name="amenity"><value>community_centre</value></Data><Data name="barrier"><value>fence</value></Data><Data name="community_centre"><value>events_venue</value></Data><Data name="name"><value>Cittadella delle associazioni</value></Data><Data name="@geometry"><value>center</value></Data></ExtendedData><Point><coordinates>10.5467202,43.0927541</coordinates></Point></Placemark><Placemark><name>Centro sociale anziani Passo Parenzi</name><ExtendedData><Data name="@id"><value>way/744830652</value></Data><Data name="amenity"><value>community_centre</value></Data><Data name="name"><value>Centro sociale anziani Passo Parenzi</value></Data><Data name="@geometry"><value>center</value></Data></ExtendedData><Point><coordinates>12.7304948,42.7568706</coordinates></Point></Placemark><Placemark><name>Centro di educazione ambientale ''Bambini di Beslan''</name><ExtendedData><Data name="@id"><value>way/746114393</value></Data><Data name="amenity"><value>community_centre</value></Data><Data name="community_centre"><value>environment_centre</value></Data><Data name="name"><value>Centro di educazione ambientale ''Bambini di Beslan''</value></Data><Data name="operator"><value>Parco Valle del Lambro</value></Data><Data name="@geometry"><value>center</value></Data></ExtendedData><Point><coordinates>9.2236023,45.7862471</coordinates></Point></Placemark><Placemark><name>ANC sezione di Pianezza</name><ExtendedData><Data name="@id"><value>way/749304309</value></Data><Data name="amenity"><value>community_centre</value></Data><Data name="name"><value>ANC sezione di Pianezza</value></Data><Data name="@geometry"><value>center</value></Data></ExtendedData><Point><coordinates>7.5486885,45.1053476</coordinates></Point></Placemark><Placemark><ExtendedData><Data name="@id"><value>way/749509910</value></Data><Data name="amenity"><value>community_centre</value></Data><Data name="building"><value>residential</value></Data><Data name="@geometry"><value>center</value></Data></ExtendedData><Point><coordinates>14.4401666,40.6338513</coordinates></Point></Placemark><Placemark><name>Baita degli Alpini</name><ExtendedData><Data name="@id"><value>way/753836945</value></Data><Data name="amenity"><value>community_centre</value></Data><Data name="name"><value>Baita degli Alpini</value></Data><Data name="building"><value>yes</value></Data><Data name="@geometry"><value>center</value></Data></ExtendedData><Point><coordinates>10.9531941,45.4213509</coordinates></Point></Placemark><Placemark><ExtendedData><Data name="@id"><value>way/755944351</value></Data><Data name="amenity"><value>community_centre</value></Data><Data name="loc_name"><value>Oratorio di Pozzo d'Adda</value></Data><Data name="@geometry"><value>center</value></Data></ExtendedData><Point><coordinates>9.4994532,45.5759553</coordinates></Point></Placemark><Placemark><name>LOOX - The Alpine Club</name><ExtendedData><Data name="@id"><value>way/758297984</value></Data><Data name="addr:city"><value>Deutschnofen - Nova Ponente</value></Data><Data name="addr:housenumber"><value>16</value></Data><Data name="addr:postcode"><value>39050</value></Data><Data name="addr:street"><value>Obereggen</value></Data><Data name="amenity"><value>nightclub</value></Data><Data name="building"><value>yes</value></Data><Data name="layer"><value>1</value></Data><Data name="min_age"><value>18</value></Data><Data name="name"><value>LOOX - The Alpine Club</value></Data><Data name="opening_hours"><value>Winter: Mo-Su 14:00-02:30</value></Data><Data name="smoking"><value>outside</value></Data><Data name="@geometry"><value>center</value></Data></ExtendedData><Point><coordinates>11.526409,46.3833326</coordinates></Point></Placemark><Placemark><name>Circolo ricreativo parrocchiale</name><ExtendedData><Data name="@id"><value>way/758558811</value></Data><Data name="addr:city"><value>Valbrona</value></Data><Data name="addr:housenumber"><value>39</value></Data><Data name="addr:postcode"><value>22039</value></Data><Data name="addr:street"><value>Via Roma</value></Data><Data name="amenity"><value>community_centre</value></Data><Data name="building"><value>yes</value></Data><Data name="name"><value>Circolo ricreativo parrocchiale</value></Data><Data name="@geometry"><value>center</value></Data></ExtendedData><Point><coordinates>9.2866873,45.8699284</coordinates></Point></Placemark><Placemark><name>Oratorio di Torre d'Isola</name><ExtendedData><Data name="@id"><value>way/760929163</value></Data><Data name="amenity"><value>community_centre</value></Data><Data name="building"><value>yes</value></Data><Data name="name"><value>Oratorio di Torre d'Isola</value></Data><Data name="@geometry"><value>center</value></Data></ExtendedData><Point><coordinates>9.0780584,45.217336</coordinates></Point></Placemark><Placemark><ExtendedData><Data name="@id"><value>way/762217882</value></Data><Data name="abandoned"><value>yes</value></Data><Data name="amenity"><value>nightclub</value></Data><Data name="building"><value>yes</value></Data><Data name="@geometry"><value>center</value></Data></ExtendedData><Point><coordinates>7.7330551,45.0372589</coordinates></Point></Placemark><Placemark><name>Centro Sociale Quistellese</name><ExtendedData><Data name="@id"><value>way/762608784</value></Data><Data name="addr:city"><value>Quistello</value></Data><Data name="addr:postcode"><value>46026</value></Data><Data name="addr:street"><value>Viale Rainera</value></Data><Data name="amenity"><value>community_centre</value></Data><Data name="name"><value>Centro Sociale Quistellese</value></Data><Data name="@geometry"><value>center</value></Data></ExtendedData><Point><coordinates>10.9874333,45.0092243</coordinates></Point></Placemark><Placemark><name>Associazione Nazionale Alpini</name><ExtendedData><Data name="@id"><value>way/763303575</value></Data><Data name="phone"><value>+39 019 851608</value></Data><Data name="site_type"><value>fortification</value></Data><Data name="alt_name"><value>Casa Torre La Pancalda</value></Data><Data name="amenity"><value>community_centre</value></Data><Data name="building"><value>yes</value></Data><Data name="club"><value>veterans</value></Data><Data name="community_centre:for"><value>multigeneration</value></Data><Data name="historic"><value>archaeological_site</value></Data><Data name="name"><value>Associazione Nazionale Alpini</value></Data><Data name="operator"><value>Associazione Nazionale Alpini sezione di Savona</value></Data><Data name="@geometry"><value>center</value></Data></ExtendedData><Point><coordinates>8.4681107,44.3189327</coordinates></Point></Placemark><Placemark><name>Oratorio San Luigi</name><ExtendedData><Data name="@id"><value>way/763350098</value></Data><Data name="amenity"><value>community_centre</value></Data><Data name="community_centre:for"><value>juvenile</value></Data><Data name="name"><value>Oratorio San Luigi</value></Data><Data name="@geometry"><value>center</value></Data></ExtendedData><Point><coordinates>8.7418685,45.5335808</coordinates></Point></Placemark><Placemark><name>Le Vele</name><ExtendedData><Data name="@id"><value>way/765268313</value></Data><Data name="name"><value>Le Vele</value></Data><Data name="amenity"><value>nightclub</value></Data><Data name="addr:street"><value>Via Francesco Giancardi</value></Data><Data name="addr:city"><value>Alassio</value></Data><Data name="@geometry"><value>center</value></Data></ExtendedData><Point><coordinates>8.2072867,44.0333991</coordinates></Point></Placemark><Placemark><name>Oratorio San Luigi</name><ExtendedData><Data name="@id"><value>way/765408642</value></Data><Data name="amenity"><value>community_centre</value></Data><Data name="community_centre"><value>parish_hall</value></Data><Data name="religion"><value>christian</value></Data><Data name="denomination"><value>catholic</value></Data><Data name="name"><value>Oratorio San Luigi</value></Data><Data name="@geometry"><value>center</value></Data></ExtendedData><Point><coordinates>9.4137899,45.2363639</coordinates></Point></Placemark><Placemark><name>Oratorio di Calusco</name><ExtendedData><Data name="@id"><value>way/766862931</value></Data><Data name="amenity"><value>community_centre</value></Data><Data name="name"><value>Oratorio di Calusco</value></Data><Data name="@geometry"><value>center</value></Data></ExtendedData><Point><coordinates>9.4715163,45.6888434</coordinates></Point></Placemark><Placemark><name>Manituana - Laboratorio Culturale Autogestito</name><ExtendedData><Data name="@id"><value>way/767367922</value></Data><Data name="name"><value>Manituana - Laboratorio Culturale Autogestito</value></Data><Data name="website"><value>manituana.it</value></Data><Data name="addr:city"><value>Torino</value></Data><Data name="addr:housenumber"><value>113</value></Data><Data name="addr:postcode"><value>10152</value></Data><Data name="addr:street"><value>Largo Maurizio Vitale</value></Data><Data name="amenity"><value>social_centre</value></Data><Data name="building"><value>yes</value></Data><Data name="@geometry"><value>center</value></Data></ExtendedData><Point><coordinates>7.6986843,45.0798137</coordinates></Point></Placemark><Placemark><name>Circolo Alhambra</name><ExtendedData><Data name="@id"><value>way/771348101</value></Data><Data name="amenity"><value>community_centre</value></Data><Data name="building"><value>yes</value></Data><Data name="building:levels"><value>2</value></Data><Data name="name"><value>Circolo Alhambra</value></Data><Data name="@geometry"><value>center</value></Data></ExtendedData><Point><coordinates>10.3924195,43.71663</coordinates></Point></Placemark><Placemark><name>Centro Civico Mezzomonte</name><ExtendedData><Data name="@id"><value>way/771579169</value></Data><Data name="opening_hours:signed"><value>no</value></Data><Data name="amenity"><value>community_centre</value></Data><Data name="building"><value>yes</value></Data><Data name="check_date:opening_hours"><value>2022-07-24</value></Data><Data name="name"><value>Centro Civico Mezzomonte</value></Data><Data name="@geometry"><value>center</value></Data></ExtendedData><Point><coordinates>11.1391006,45.9159376</coordinates></Point></Placemark><Placemark><name>Palazzetto dello Sport</name><ExtendedData><Data name="@id"><value>way/771604069</value></Data><Data name="amenity"><value>community_centre</value></Data><Data name="building"><value>yes</value></Data><Data name="name"><value>Palazzetto dello Sport</value></Data><Data name="@geometry"><value>center</value></Data></ExtendedData><Point><coordinates>7.7463048,45.3504862</coordinates></Point></Placemark><Placemark><name>Associazione Patchanka</name><ExtendedData><Data name="@id"><value>way/772105966</value></Data><Data name="addr:city"><value>Chieri</value></Data><Data name="addr:housenumber"><value>19</value></Data><Data name="addr:postcode"><value>10023</value></Data><Data name="addr:street"><value>Piazza Vincenzo Caselli</value></Data><Data name="amenity"><value>social_centre</value></Data><Data name="building"><value>yes</value></Data><Data name="building:levels"><value>1</value></Data><Data name="email"><value>associazione.patchanka@gmail.com</value></Data><Data name="name"><value>Associazione Patchanka</value></Data><Data name="phone"><value>+39 349 8078174</value></Data><Data name="@geometry"><value>center</value></Data></ExtendedData><Point><coordinates>7.8189208,45.0103095</coordinates></Point></Placemark><Placemark><name>Palazzo delle Suore</name><ExtendedData><Data name="@id"><value>way/772896993</value></Data><Data name="addr:city"><value>Casandrino</value></Data><Data name="addr:postcode"><value>80025</value></Data><Data name="addr:street"><value>Via Papa Giovanni XXIII</value></Data><Data name="alt_name"><value>Palazzo delle Monache</value></Data><Data name="amenity"><value>community_centre</value></Data><Data name="community_centre"><value>parish_hall</value></Data><Data name="internet_access"><value>no</value></Data><Data name="name"><value>Palazzo delle Suore</value></Data><Data name="opening_hours:signed"><value>no</value></Data><Data name="wheelchair"><value>no</value></Data><Data name="@geometry"><value>center</value></Data></ExtendedData><Point><coordinates>14.2478331,40.935894</coordinates></Point></Placemark><Placemark><name>Centro Agape</name><ExtendedData><Data name="@id"><value>way/778684325</value></Data><Data name="amenity"><value>community_centre</value></Data><Data name="barrier"><value>fence</value></Data><Data name="community_centre"><value>parish_hall</value></Data><Data name="community_centre:for"><value>juvenile</value></Data><Data name="name"><value>Centro Agape</value></Data><Data name="operator"><value>Parrocchia di Venturina</value></Data><Data name="@geometry"><value>center</value></Data></ExtendedData><Point><coordinates>10.5974968,43.0329427</coordinates></Point></Placemark><Placemark><name>Centro Auser</name><ExtendedData><Data name="@id"><value>way/778970432</value></Data><Data name="amenity"><value>community_centre</value></Data><Data name="building"><value>yes</value></Data><Data name="community_centre:for"><value>senior</value></Data><Data name="name"><value>Centro Auser</value></Data><Data name="@geometry"><value>center</value></Data></ExtendedData><Point><coordinates>10.5962403,43.0191101</coordinates></Point></Placemark><Placemark><name>nòva</name><ExtendedData><Data name="@id"><value>way/783399328</value></Data><Data name="addr:city"><value>Novara</value></Data><Data name="addr:postcode"><value>28100</value></Data><Data name="addr:street"><value>Viale Francesco Ferrucci</value></Data><Data name="amenity"><value>community_centre</value></Data><Data name="building"><value>yes</value></Data><Data name="building:levels"><value>3</value></Data><Data name="contact:facebook"><value>nova.caserma</value></Data><Data name="facebook"><value>nova.caserma</value></Data><Data name="internet_access"><value>yes</value></Data><Data name="name"><value>nòva</value></Data><Data name="roof:levels"><value>1</value></Data><Data name="smoking"><value>outside</value></Data><Data name="website"><value>https://www.casermapassalacqua.it/</value></Data><Data name="@geometry"><value>center</value></Data></ExtendedData><Point><coordinates>8.6250368,45.4414184</coordinates></Point></Placemark><Placemark><name>La Trottola</name><ExtendedData><Data name="@id"><value>way/785020954</value></Data><Data name="amenity"><value>nightclub</value></Data><Data name="building"><value>yes</value></Data><Data name="name"><value>La Trottola</value></Data><Data name="@geometry"><value>center</value></Data></ExtendedData><Point><coordinates>12.7236481,42.6051245</coordinates></Point></Placemark><Placemark><name>Polifunzionale</name><ExtendedData><Data name="@id"><value>way/792843073</value></Data><Data name="amenity"><value>social_centre</value></Data><Data name="name"><value>Polifunzionale</value></Data><Data name="@geometry"><value>center</value></Data></ExtendedData><Point><coordinates>9.4101222,45.4814836</coordinates></Point></Placemark><Placemark><name>Ricreatorio Comunale Pietro Lucchini</name><ExtendedData><Data name="@id"><value>way/795222709</value></Data><Data name="amenity"><value>community_centre</value></Data><Data name="name"><value>Ricreatorio Comunale Pietro Lucchini</value></Data><Data name="opening_hours"><value>Mo-Fr 16:00-19:30</value></Data><Data name="@geometry"><value>center</value></Data></ExtendedData><Point><coordinates>13.7929424,45.6513331</coordinates></Point></Placemark><Placemark><name>Centro Polifunzionale</name><ExtendedData><Data name="@id"><value>way/804761377</value></Data><Data name="amenity"><value>social_centre</value></Data><Data name="building"><value>yes</value></Data><Data name="name"><value>Centro Polifunzionale</value></Data><Data name="addr:street"><value>Via Umberto Primo</value></Data><Data name="operator"><value>Comune di Bruzolo</value></Data><Data name="@geometry"><value>center</value></Data></ExtendedData><Point><coordinates>7.1913759,45.1429354</coordinates></Point></Placemark><Placemark><name>Oratorio Sant'Agabio</name><ExtendedData><Data name="@id"><value>way/812856284</value></Data><Data name="addr:city"><value>Novara</value></Data><Data name="addr:postcode"><value>28100</value></Data><Data name="addr:street"><value>Via Alfredo Giannoni</value></Data><Data name="air_conditioning"><value>no</value></Data><Data name="amenity"><value>community_centre</value></Data><Data name="diocese"><value>Novara</value></Data><Data name="name"><value>Oratorio Sant'Agabio</value></Data><Data name="operator"><value>Parrocchia Sant'Agabio</value></Data><Data name="operator:type"><value>religious</value></Data><Data name="parish"><value>Sant'Agabio</value></Data><Data name="@geometry"><value>center</value></Data></ExtendedData><Point><coordinates>8.6378623,45.448052</coordinates></Point></Placemark><Placemark><name>Centro Associazioni</name><ExtendedData><Data name="@id"><value>way/816308511</value></Data><Data name="amenity"><value>community_centre</value></Data><Data name="name"><value>Centro Associazioni</value></Data><Data name="@geometry"><value>center</value></Data></ExtendedData><Point><coordinates>11.3400848,45.4643346</coordinates></Point></Placemark><Placemark><ExtendedData><Data name="@id"><value>way/816754209</value></Data><Data name="amenity"><value>community_centre</value></Data><Data name="building"><value>yes</value></Data><Data name="@geometry"><value>center</value></Data></ExtendedData><Point><coordinates>10.6149221,44.6646589</coordinates></Point></Placemark><Placemark><name>Centro Polifunzionale Bisaccia</name><ExtendedData><Data name="@id"><value>way/818121997</value></Data><Data name="amenity"><value>community_centre</value></Data><Data name="building"><value>yes</value></Data><Data name="name"><value>Centro Polifunzionale Bisaccia</value></Data><Data name="@geometry"><value>center</value></Data></ExtendedData><Point><coordinates>15.3580261,41.0083865</coordinates></Point></Placemark><Placemark><name>Oratorio Don Bosco</name><ExtendedData><Data name="@id"><value>way/818868087</value></Data><Data name="amenity"><value>community_centre</value></Data><Data name="community_centre"><value>parish_hall</value></Data><Data name="denomination"><value>catholic</value></Data><Data name="name"><value>Oratorio Don Bosco</value></Data><Data name="religion"><value>christian</value></Data><Data name="@geometry"><value>center</value></Data></ExtendedData><Point><coordinates>8.6138325,45.8127695</coordinates></Point></Placemark><Placemark><name>Oratorio di Santa Caterina</name><ExtendedData><Data name="@id"><value>way/820301462</value></Data><Data name="amenity"><value>community_centre</value></Data><Data name="building"><value>church</value></Data><Data name="denomination"><value>catholic</value></Data><Data name="historic"><value>church</value></Data><Data name="name"><value>Oratorio di Santa Caterina</value></Data><Data name="religion"><value>christian</value></Data><Data name="@geometry"><value>center</value></Data></ExtendedData><Point><coordinates>7.6739299,43.9290055</coordinates></Point></Placemark><Placemark><name>Oratorio Pier Giorgio Frassati</name><ExtendedData><Data name="@id"><value>way/824223790</value></Data><Data name="amenity"><value>community_centre</value></Data><Data name="name"><value>Oratorio Pier Giorgio Frassati</value></Data><Data name="@geometry"><value>center</value></Data></ExtendedData><Point><coordinates>9.3971385,45.4161961</coordinates></Point></Placemark><Placemark><name>Polo Giovani Enrico Toti</name><ExtendedData><Data name="@id"><value>way/825381108</value></Data><Data name="amenity"><value>community_centre</value></Data><Data name="max_age"><value>35</value></Data><Data name="min_age"><value>14</value></Data><Data name="name"><value>Polo Giovani Enrico Toti</value></Data><Data name="operator"><value>Comune di Trieste</value></Data><Data name="operator:type"><value>public</value></Data><Data name="@geometry"><value>center</value></Data></ExtendedData><Point><coordinates>13.7709419,45.6468835</coordinates></Point></Placemark><Placemark><name>Oratorio San Giovanni Bosco</name><ExtendedData><Data name="@id"><value>way/826187808</value></Data><Data name="amenity"><value>community_centre</value></Data><Data name="community_centre"><value>parish_hall</value></Data><Data name="denomination"><value>catholic</value></Data><Data name="name"><value>Oratorio San Giovanni Bosco</value></Data><Data name="name:etymology:wikidata"><value>Q146183</value></Data><Data name="religion"><value>christian</value></Data><Data name="@geometry"><value>center</value></Data></ExtendedData><Point><coordinates>8.8067921,45.6674444</coordinates></Point></Placemark><Placemark><name>Centro Incontro Anziani</name><ExtendedData><Data name="@id"><value>way/828495767</value></Data><Data name="amenity"><value>community_centre</value></Data><Data name="building"><value>yes</value></Data><Data name="community_centre:for"><value>senior</value></Data><Data name="name"><value>Centro Incontro Anziani</value></Data><Data name="@geometry"><value>center</value></Data></ExtendedData><Point><coordinates>8.1967666,45.5914806</coordinates></Point></Placemark><Placemark><name>Oratorio Pio XI - Rogeno</name><ExtendedData><Data name="@id"><value>way/831731261</value></Data><Data name="amenity"><value>social_centre</value></Data><Data name="building"><value>yes</value></Data><Data name="name"><value>Oratorio Pio XI - Rogeno</value></Data><Data name="@geometry"><value>center</value></Data></ExtendedData><Point><coordinates>9.2760573,45.782079</coordinates></Point></Placemark><Placemark><name>Centro anziani Corrado Blanco</name><ExtendedData><Data name="@id"><value>way/832278144</value></Data><Data name="amenity"><value>community_centre</value></Data><Data name="name"><value>Centro anziani Corrado Blanco</value></Data><Data name="@geometry"><value>center</value></Data></ExtendedData><Point><coordinates>15.2077051,37.1019327</coordinates></Point></Placemark><Placemark><name>Centro anziani Grottasanta</name><ExtendedData><Data name="@id"><value>way/832278145</value></Data><Data name="amenity"><value>community_centre</value></Data><Data name="name"><value>Centro anziani Grottasanta</value></Data><Data name="@geometry"><value>center</value></Data></ExtendedData><Point><coordinates>15.294308,37.0969082</coordinates></Point></Placemark><Placemark><name>Dancing Piranha</name><ExtendedData><Data name="@id"><value>way/833596941</value></Data><Data name="amenity"><value>nightclub</value></Data><Data name="opening_hours"><value>closed</value></Data><Data name="opening_hours:covid19"><value>closed</value></Data><Data name="abandoned"><value>yes</value></Data><Data name="building"><value>yes</value></Data><Data name="name"><value>Dancing Piranha</value></Data><Data name="@geometry"><value>center</value></Data></ExtendedData><Point><coordinates>8.5104684,45.3943613</coordinates></Point></Placemark><Placemark><ExtendedData><Data name="@id"><value>way/833905178</value></Data><Data name="amenity"><value>community_centre</value></Data><Data name="@geometry"><value>center</value></Data></ExtendedData><Point><coordinates>9.4415674,45.7099909</coordinates></Point></Placemark><Placemark><ExtendedData><Data name="@id"><value>way/836108563</value></Data><Data name="amenity"><value>community_centre</value></Data><Data name="@geometry"><value>center</value></Data></ExtendedData><Point><coordinates>9.6401998,45.5658356</coordinates></Point></Placemark><Placemark><ExtendedData><Data name="@id"><value>way/837034354</value></Data><Data name="amenity"><value>community_centre</value></Data><Data name="community_centre"><value>parish_hall</value></Data><Data name="denomination"><value>catholic</value></Data><Data name="religion"><value>christian</value></Data><Data name="@geometry"><value>center</value></Data></ExtendedData><Point><coordinates>8.782949,45.6722093</coordinates></Point></Placemark><Placemark><name>Fico's</name><ExtendedData><Data name="@id"><value>way/837910389</value></Data><Data name="addr:housenumber"><value>17/A</value></Data><Data name="name"><value>Fico's</value></Data><Data name="contact:facebook"><value>https://it-it.facebook.com/ficoslatinclub/</value></Data><Data name="phone"><value>+39 393 815 5360</value></Data><Data name="addr:city"><value>Cepagatti</value></Data><Data name="addr:postcode"><value>65012</value></Data><Data name="addr:street"><value>Via Sibilla Aleramo</value></Data><Data name="amenity"><value>nightclub</value></Data><Data name="building"><value>yes</value></Data><Data name="@geometry"><value>center</value></Data></ExtendedData><Point><coordinates>14.1013212,42.3385023</coordinates></Point></Placemark><Placemark><name>Oratorio di Morazzone</name><ExtendedData><Data name="@id"><value>way/842264371</value></Data><Data name="amenity"><value>community_centre</value></Data><Data name="community_centre"><value>parish_hall</value></Data><Data name="denomination"><value>catholic</value></Data><Data name="landuse"><value>religious</value></Data><Data name="name"><value>Oratorio di Morazzone</value></Data><Data name="religion"><value>christian</value></Data><Data name="@geometry"><value>center</value></Data></ExtendedData><Point><coordinates>8.8340574,45.7654328</coordinates></Point></Placemark><Placemark><name>Associazione Nazionale Alpini gruppo di Lurago d'Erba</name><ExtendedData><Data name="@id"><value>way/843678013</value></Data><Data name="amenity"><value>community_centre</value></Data><Data name="name"><value>Associazione Nazionale Alpini gruppo di Lurago d'Erba</value></Data><Data name="@geometry"><value>center</value></Data></ExtendedData><Point><coordinates>9.2248524,45.7557618</coordinates></Point></Placemark><Placemark><name>Centro di aggregazione Pio La Torre</name><ExtendedData><Data name="@id"><value>way/844864231</value></Data><Data name="amenity"><value>community_centre</value></Data><Data name="name"><value>Centro di aggregazione Pio La Torre</value></Data><Data name="@geometry"><value>center</value></Data></ExtendedData><Point><coordinates>15.1125535,36.8569099</coordinates></Point></Placemark><Placemark><name>Circolo ACLI</name><ExtendedData><Data name="@id"><value>way/845385829</value></Data><Data name="addr:city"><value>Civitaretenga</value></Data><Data name="addr:postcode"><value>67020</value></Data><Data name="addr:street"><value>Piazza Garibaldi</value></Data><Data name="amenity"><value>community_centre</value></Data><Data name="building"><value>yes</value></Data><Data name="name"><value>Circolo ACLI</value></Data><Data name="@geometry"><value>center</value></Data></ExtendedData><Point><coordinates>13.7051739,42.2453361</coordinates></Point></Placemark><Placemark><name>Dancing Jambo</name><ExtendedData><Data name="@id"><value>way/852659493</value></Data><Data name="opening_hours:covid19"><value>off</value></Data><Data name="abandoned"><value>yes</value></Data><Data name="amenity"><value>nightclub</value></Data><Data name="building"><value>yes</value></Data><Data name="end_date"><value>2008</value></Data><Data name="name"><value>Dancing Jambo</value></Data><Data name="opening_hours"><value>off</value></Data><Data name="@geometry"><value>center</value></Data></ExtendedData><Point><coordinates>8.6318385,45.4942163</coordinates></Point></Placemark><Placemark><name>Centro Doposcuola &quot;Comes&quot;</name><ExtendedData><Data name="@id"><value>way/852977210</value></Data><Data name="operator"><value>Comune di Pavia</value></Data><Data name="amenity"><value>social_centre</value></Data><Data name="building"><value>yes</value></Data><Data name="name"><value>Centro Doposcuola &quot;Comes&quot;</value></Data><Data name="@geometry"><value>center</value></Data></ExtendedData><Point><coordinates>9.1299294,45.2000673</coordinates></Point></Placemark><Placemark><name>Oratorio San Luigi</name><ExtendedData><Data name="@id"><value>way/854900283</value></Data><Data name="name"><value>Oratorio San Luigi</value></Data><Data name="building"><value>yes</value></Data><Data name="amenity"><value>community_centre</value></Data><Data name="alt_name"><value>Oratorio di Concesa</value></Data><Data name="@geometry"><value>center</value></Data></ExtendedData><Point><coordinates>9.5263733,45.6012063</coordinates></Point></Placemark><Placemark><name>Oratorio di Pessano</name><ExtendedData><Data name="@id"><value>way/858933564</value></Data><Data name="amenity"><value>community_centre</value></Data><Data name="name"><value>Oratorio di Pessano</value></Data><Data name="@geometry"><value>center</value></Data></ExtendedData><Point><coordinates>9.3834973,45.5532717</coordinates></Point></Placemark><Placemark><name>Oratorio San Gabriele di Arco</name><ExtendedData><Data name="@id"><value>way/860368074</value></Data><Data name="amenity"><value>community_centre</value></Data><Data name="name"><value>Oratorio San Gabriele di Arco</value></Data><Data name="@geometry"><value>center</value></Data></ExtendedData><Point><coordinates>10.8859236,45.9141583</coordinates></Point></Placemark><Placemark><name>Cantiere 26</name><ExtendedData><Data name="@id"><value>way/860730190</value></Data><Data name="amenity"><value>community_centre</value></Data><Data name="name"><value>Cantiere 26</value></Data><Data name="@geometry"><value>center</value></Data></ExtendedData><Point><coordinates>10.8907915,45.9226862</coordinates></Point></Placemark><Placemark><name>Oratorio di Merone</name><ExtendedData><Data name="@id"><value>way/867337373</value></Data><Data name="amenity"><value>social_centre</value></Data><Data name="building"><value>yes</value></Data><Data name="name"><value>Oratorio di Merone</value></Data><Data name="@geometry"><value>center</value></Data></ExtendedData><Point><coordinates>9.2482001,45.7873118</coordinates></Point></Placemark><Placemark><name>Oratorio</name><ExtendedData><Data name="@id"><value>way/867398940</value></Data><Data name="amenity"><value>community_centre</value></Data><Data name="name"><value>Oratorio</value></Data><Data name="@geometry"><value>center</value></Data></ExtendedData><Point><coordinates>9.543642,45.6192571</coordinates></Point></Placemark><Placemark><name>Centro Culturale comunale ex Convento &quot;Testori&quot;</name><ExtendedData><Data name="@id"><value>way/871717567</value></Data><Data name="amenity"><value>community_centre</value></Data><Data name="building"><value>yes</value></Data><Data name="name"><value>Centro Culturale comunale ex Convento &quot;Testori&quot;</value></Data><Data name="@geometry"><value>center</value></Data></ExtendedData><Point><coordinates>9.8532895,45.8118462</coordinates></Point></Placemark><Placemark><name>Centro Anziani</name><ExtendedData><Data name="@id"><value>way/871718436</value></Data><Data name="amenity"><value>community_centre</value></Data><Data name="building"><value>yes</value></Data><Data name="name"><value>Centro Anziani</value></Data><Data name="@geometry"><value>center</value></Data></ExtendedData><Point><coordinates>9.8533033,45.8120306</coordinates></Point></Placemark><Placemark><name>Oratorio di Vertova</name><ExtendedData><Data name="@id"><value>way/871729363</value></Data><Data name="amenity"><value>community_centre</value></Data><Data name="building"><value>yes</value></Data><Data name="name"><value>Oratorio di Vertova</value></Data><Data name="@geometry"><value>center</value></Data></ExtendedData><Point><coordinates>9.8523068,45.8083723</coordinates></Point></Placemark><Placemark><name>Centro culturale islamico</name><ExtendedData><Data name="@id"><value>way/872780076</value></Data><Data name="amenity"><value>social_centre</value></Data><Data name="building"><value>yes</value></Data><Data name="name"><value>Centro culturale islamico</value></Data><Data name="@geometry"><value>center</value></Data></ExtendedData><Point><coordinates>9.8542045,45.8075632</coordinates></Point></Placemark><Placemark><name>Pro Vertova</name><ExtendedData><Data name="@id"><value>way/872792961</value></Data><Data name="addr:city"><value>Vertova</value></Data><Data name="addr:housenumber"><value>4</value></Data><Data name="addr:postcode"><value>24029</value></Data><Data name="addr:street"><value>Piazza San Marco</value></Data><Data name="amenity"><value>community_centre</value></Data><Data name="building"><value>yes</value></Data><Data name="community_centre"><value>cultural_centre</value></Data><Data name="name"><value>Pro Vertova</value></Data><Data name="operator"><value>Associazione Pro Vertova</value></Data><Data name="operator:type"><value>private_non_profit</value></Data><Data name="@geometry"><value>center</value></Data></ExtendedData><Point><coordinates>9.8511659,45.8083151</coordinates></Point></Placemark><Placemark><name>Oratorio di Cazzago San Martino</name><ExtendedData><Data name="@id"><value>way/878009786</value></Data><Data name="amenity"><value>community_centre</value></Data><Data name="building"><value>yes</value></Data><Data name="community_centre"><value>parish_hall</value></Data><Data name="denomination"><value>catholic</value></Data><Data name="name"><value>Oratorio di Cazzago San Martino</value></Data><Data name="religion"><value>christian</value></Data><Data name="@geometry"><value>center</value></Data></ExtendedData><Point><coordinates>10.0277427,45.5799753</coordinates></Point></Placemark><Placemark><name>Gruppo alpini Caravaggio</name><ExtendedData><Data name="@id"><value>way/878358818</value></Data><Data name="amenity"><value>social_centre</value></Data><Data name="name"><value>Gruppo alpini Caravaggio</value></Data><Data name="@geometry"><value>center</value></Data></ExtendedData><Point><coordinates>9.6489547,45.484248</coordinates></Point></Placemark><Placemark><ExtendedData><Data name="@id"><value>way/879028386</value></Data><Data name="building"><value>yes</value></Data><Data name="amenity"><value>community_centre</value></Data><Data name="@geometry"><value>center</value></Data></ExtendedData><Point><coordinates>11.7427343,44.4164799</coordinates></Point></Placemark><Placemark><name>Oratorio di Rescalda</name><ExtendedData><Data name="@id"><value>way/879597135</value></Data><Data name="amenity"><value>community_centre</value></Data><Data name="community_centre"><value>parish_hall</value></Data><Data name="name"><value>Oratorio di Rescalda</value></Data><Data name="@geometry"><value>center</value></Data></ExtendedData><Point><coordinates>8.9416485,45.6303891</coordinates></Point></Placemark><Placemark><name>Oratorio di Rescaldina</name><ExtendedData><Data name="@id"><value>way/879757144</value></Data><Data name="amenity"><value>community_centre</value></Data><Data name="community_centre"><value>parish_hall</value></Data><Data name="denomination"><value>catholic</value></Data><Data name="name"><value>Oratorio di Rescaldina</value></Data><Data name="religion"><value>christian</value></Data><Data name="@geometry"><value>center</value></Data></ExtendedData><Point><coordinates>8.9476047,45.6157021</coordinates></Point></Placemark><Placemark><name>Centro culturale La Fenice</name><ExtendedData><Data name="@id"><value>way/882793554</value></Data><Data name="amenity"><value>community_centre</value></Data><Data name="building"><value>yes</value></Data><Data name="name"><value>Centro culturale La Fenice</value></Data><Data name="@geometry"><value>center</value></Data></ExtendedData><Point><coordinates>8.3979878,45.6652923</coordinates></Point></Placemark><Placemark><name>Sali &amp; Tabacchi</name><ExtendedData><Data name="@id"><value>way/883248189</value></Data><Data name="building"><value>no</value></Data><Data name="amenity"><value>nightclub</value></Data><Data name="name"><value>Sali &amp; Tabacchi</value></Data><Data name="@geometry"><value>center</value></Data></ExtendedData><Point><coordinates>10.661695,44.6825955</coordinates></Point></Placemark><Placemark><name>Oratorio San Vittore</name><ExtendedData><Data name="@id"><value>way/884735692</value></Data><Data name="amenity"><value>community_centre</value></Data><Data name="name"><value>Oratorio San Vittore</value></Data><Data name="@geometry"><value>center</value></Data></ExtendedData><Point><coordinates>10.2170659,45.9160783</coordinates></Point></Placemark><Placemark><name>Oratorio San Giovanni Bosco</name><ExtendedData><Data name="@id"><value>way/886318235</value></Data><Data name="amenity"><value>community_centre</value></Data><Data name="community_centre"><value>youth_centre</value></Data><Data name="denomination"><value>roman_catholic</value></Data><Data name="facebook"><value>https://www.facebook.com/oratoriosgbbaranzate/</value></Data><Data name="name"><value>Oratorio San Giovanni Bosco</value></Data><Data name="religion"><value>christian</value></Data><Data name="@geometry"><value>center</value></Data></ExtendedData><Point><coordinates>9.1151627,45.5281644</coordinates></Point></Placemark><Placemark><name>Centro Polifunzionale Comunale</name><ExtendedData><Data name="@id"><value>way/889059651</value></Data><Data name="amenity"><value>social_centre</value></Data><Data name="building"><value>yes</value></Data><Data name="name"><value>Centro Polifunzionale Comunale</value></Data><Data name="@geometry"><value>center</value></Data></ExtendedData><Point><coordinates>13.1507999,46.2350244</coordinates></Point></Placemark><Placemark><name>Centro Parrocchiale San Filippo Neri</name><ExtendedData><Data name="@id"><value>way/889263657</value></Data><Data name="amenity"><value>community_centre</value></Data><Data name="building"><value>yes</value></Data><Data name="name"><value>Centro Parrocchiale San Filippo Neri</value></Data><Data name="@geometry"><value>center</value></Data></ExtendedData><Point><coordinates>14.9725387,41.6645579</coordinates></Point></Placemark><Placemark><name>Casa delle Associazioni (Ex Caserma)</name><ExtendedData><Data name="@id"><value>way/891725148</value></Data><Data name="amenity"><value>community_centre</value></Data><Data name="building"><value>yes</value></Data><Data name="name"><value>Casa delle Associazioni (Ex Caserma)</value></Data><Data name="operator"><value>Comune di Carpaneto Piacentino</value></Data><Data name="operator:type"><value>public</value></Data><Data name="@geometry"><value>center</value></Data></ExtendedData><Point><coordinates>9.7873763,44.9141013</coordinates></Point></Placemark><Placemark><ExtendedData><Data name="@id"><value>way/893331785</value></Data><Data name="amenity"><value>community_centre</value></Data><Data name="building"><value>yes</value></Data><Data name="@geometry"><value>center</value></Data></ExtendedData><Point><coordinates>13.3599809,43.5073285</coordinates></Point></Placemark><Placemark><name>Laboratorio di Città Nelson Mandela</name><ExtendedData><Data name="@id"><value>way/895381623</value></Data><Data name="amenity"><value>community_centre</value></Data><Data name="name"><value>Laboratorio di Città Nelson Mandela</value></Data><Data name="note"><value>Determina n. 57/2013</value></Data><Data name="@geometry"><value>center</value></Data></ExtendedData><Point><coordinates>14.9986264,37.5253821</coordinates></Point></Placemark><Placemark><ExtendedData><Data name="@id"><value>way/906258186</value></Data><Data name="community_centre:for"><value>scout</value></Data><Data name="community_centre"><value>club_home</value></Data><Data name="building"><value>yes</value></Data><Data name="amenity"><value>community_centre</value></Data><Data name="@geometry"><value>center</value></Data></ExtendedData><Point><coordinates>7.826129,45.13218</coordinates></Point></Placemark><Placemark><name>Ricreatorio Comunale Guido Brunner</name><ExtendedData><Data name="@id"><value>way/907153463</value></Data><Data name="opening_hours:covid19"><value>restricted</value></Data><Data name="amenity"><value>community_centre</value></Data><Data name="name"><value>Ricreatorio Comunale Guido Brunner</value></Data><Data name="operator"><value>Comune di Trieste</value></Data><Data name="operator:type"><value>public</value></Data><Data name="@geometry"><value>center</value></Data></ExtendedData><Point><coordinates>13.7726889,45.6644354</coordinates></Point></Placemark><Placemark><name>Jolly</name><ExtendedData><Data name="@id"><value>way/910620856</value></Data><Data name="name"><value>Jolly</value></Data><Data name="amenity"><value>nightclub</value></Data><Data name="@geometry"><value>center</value></Data></ExtendedData><Point><coordinates>10.9566803,45.1378502</coordinates></Point></Placemark><Placemark><name>Oratorio di Morengo</name><ExtendedData><Data name="@id"><value>way/913463950</value></Data><Data name="addr:city"><value>Morengo</value></Data><Data name="addr:postcode"><value>24050</value></Data><Data name="addr:street"><value>Via San Giovanni Bosco</value></Data><Data name="amenity"><value>community_centre</value></Data><Data name="name"><value>Oratorio di Morengo</value></Data><Data name="@geometry"><value>center</value></Data></ExtendedData><Point><coordinates>9.70658,45.5359319</coordinates></Point></Placemark><Placemark><name>Oratorio Cappuccini</name><ExtendedData><Data name="@id"><value>way/916358841</value></Data><Data name="amenity"><value>community_centre</value></Data><Data name="community_centre:for"><value>multigeneration</value></Data><Data name="name"><value>Oratorio Cappuccini</value></Data><Data name="@geometry"><value>center</value></Data></ExtendedData><Point><coordinates>9.7525343,45.5301012</coordinates></Point></Placemark><Placemark><ExtendedData><Data name="@id"><value>way/917874928</value></Data><Data name="amenity"><value>community_centre</value></Data><Data name="building"><value>yes</value></Data><Data name="@geometry"><value>center</value></Data></ExtendedData><Point><coordinates>13.3082094,43.4951698</coordinates></Point></Placemark><Placemark><name>NAFOURA DISCO</name><ExtendedData><Data name="@id"><value>way/924264524</value></Data><Data name="amenity"><value>nightclub</value></Data><Data name="building"><value>yes</value></Data><Data name="name"><value>NAFOURA DISCO</value></Data><Data name="@geometry"><value>center</value></Data></ExtendedData><Point><coordinates>16.9219383,40.5323942</coordinates></Point></Placemark><Placemark><name>PRAJA GALLIPOLI</name><ExtendedData><Data name="@id"><value>way/924332763</value></Data><Data name="amenity"><value>nightclub</value></Data><Data name="building"><value>yes</value></Data><Data name="layer"><value>1</value></Data><Data name="name"><value>PRAJA GALLIPOLI</value></Data><Data name="@geometry"><value>center</value></Data></ExtendedData><Point><coordinates>18.0185266,40.0322115</coordinates></Point></Placemark><Placemark><name>Arona Palagreen</name><ExtendedData><Data name="@id"><value>way/928144279</value></Data><Data name="name"><value>Arona Palagreen</value></Data><Data name="addr:city"><value>Arona</value></Data><Data name="addr:housenumber"><value>3</value></Data><Data name="addr:postcode"><value>28041</value></Data><Data name="addr:street"><value>Via Monte Zeda</value></Data><Data name="amenity"><value>social_centre</value></Data><Data name="building"><value>yes</value></Data><Data name="@geometry"><value>center</value></Data></ExtendedData><Point><coordinates>8.5529718,45.7547002</coordinates></Point></Placemark><Placemark><name>MaMaFè</name><ExtendedData><Data name="@id"><value>way/932788375</value></Data><Data name="building"><value>yes</value></Data><Data name="amenity"><value>nightclub</value></Data><Data name="name"><value>MaMaFè</value></Data><Data name="@geometry"><value>center</value></Data></ExtendedData><Point><coordinates>12.9566336,40.9141843</coordinates></Point></Placemark><Placemark><name>Sede delle Associazioni di Arese</name><ExtendedData><Data name="@id"><value>way/934277204</value></Data><Data name="amenity"><value>community_centre</value></Data><Data name="building"><value>civic</value></Data><Data name="building:levels"><value>2</value></Data><Data name="colour"><value>white</value></Data><Data name="layer"><value>1</value></Data><Data name="name"><value>Sede delle Associazioni di Arese</value></Data><Data name="website"><value>https://www.uniter-arese.it/cda/</value></Data><Data name="@geometry"><value>center</value></Data></ExtendedData><Point><coordinates>9.0760672,45.5562484</coordinates></Point></Placemark><Placemark><name>Centro Culturale e Sportivo Aldo Moro</name><ExtendedData><Data name="@id"><value>way/937319388</value></Data><Data name="amenity"><value>community_centre</value></Data><Data name="building"><value>yes</value></Data><Data name="name"><value>Centro Culturale e Sportivo Aldo Moro</value></Data><Data name="@geometry"><value>center</value></Data></ExtendedData><Point><coordinates>10.1985443,45.6601912</coordinates></Point></Placemark><Placemark><name>Oratorio San Luigi Gonzaga</name><ExtendedData><Data name="@id"><value>way/940447971</value></Data><Data name="addr:city"><value>Gottolengo</value></Data><Data name="addr:housenumber"><value>19</value></Data><Data name="addr:postcode"><value>25023</value></Data><Data name="addr:street"><value>Via Circonvallazione Sud</value></Data><Data name="amenity"><value>community_centre</value></Data><Data name="building"><value>yes</value></Data><Data name="name"><value>Oratorio San Luigi Gonzaga</value></Data><Data name="@geometry"><value>center</value></Data></ExtendedData><Point><coordinates>10.2699714,45.2889479</coordinates></Point></Placemark><Placemark><ExtendedData><Data name="@id"><value>way/940447972</value></Data><Data name="amenity"><value>community_centre</value></Data><Data name="building"><value>yes</value></Data><Data name="@geometry"><value>center</value></Data></ExtendedData><Point><coordinates>10.2696491,45.2886352</coordinates></Point></Placemark><Placemark><name>Oratorio San Giovanni Bosco</name><ExtendedData><Data name="@id"><value>way/941574606</value></Data><Data name="name"><value>Oratorio San Giovanni Bosco</value></Data><Data name="community_centre:for"><value>multigeneration</value></Data><Data name="community_centre"><value>social_centre</value></Data><Data name="amenity"><value>community_centre</value></Data><Data name="@geometry"><value>center</value></Data></ExtendedData><Point><coordinates>9.650415,45.5468872</coordinates></Point></Placemark><Placemark><name>ZFREEDOM</name><ExtendedData><Data name="@id"><value>way/943031321</value></Data><Data name="amenity"><value>nightclub</value></Data><Data name="building"><value>yes</value></Data><Data name="name"><value>ZFREEDOM</value></Data><Data name="@geometry"><value>center</value></Data></ExtendedData><Point><coordinates>14.8455031,40.8302437</coordinates></Point></Placemark><Placemark><name>Oratorio di Duomo</name><ExtendedData><Data name="@id"><value>way/943263367</value></Data><Data name="amenity"><value>social_centre</value></Data><Data name="name"><value>Oratorio di Duomo</value></Data><Data name="source"><value>PCN ortofoto_colore 2006 - autorizzazione 10687/TRI</value></Data><Data name="@geometry"><value>center</value></Data></ExtendedData><Point><coordinates>10.0228247,45.5318634</coordinates></Point></Placemark><Placemark><name>Centro Sociale Comunale</name><ExtendedData><Data name="@id"><value>way/943843459</value></Data><Data name="amenity"><value>community_centre</value></Data><Data name="building"><value>yes</value></Data><Data name="name"><value>Centro Sociale Comunale</value></Data><Data name="@geometry"><value>center</value></Data></ExtendedData><Point><coordinates>14.6999434,41.1409649</coordinates></Point></Placemark><Placemark><ExtendedData><Data name="@id"><value>way/946529626</value></Data><Data name="amenity"><value>community_centre</value></Data><Data name="community_centre"><value>youth_centre</value></Data><Data name="denomination"><value>roman_catholic</value></Data><Data name="religion"><value>christian</value></Data><Data name="@geometry"><value>center</value></Data></ExtendedData><Point><coordinates>9.1868271,45.5705662</coordinates></Point></Placemark><Placemark><name>Live Club</name><ExtendedData><Data name="@id"><value>way/947244191</value></Data><Data name="addr:city"><value>Trezzo sull'Adda</value></Data><Data name="addr:housenumber"><value>58</value></Data><Data name="addr:postcode"><value>20056</value></Data><Data name="addr:street"><value>Via Giuseppe Mazzini</value></Data><Data name="amenity"><value>nightclub</value></Data><Data name="check_date"><value>2022-10-28</value></Data><Data name="contact:email"><value>info@liveclub.it</value></Data><Data name="contact:facebook"><value>https://www.facebook.com/LIVEMUSICCLUB</value></Data><Data name="contact:fax"><value>+39 02 9098 0257</value></Data><Data name="contact:instagram"><value>http://instagram.com/liveclub</value></Data><Data name="contact:mobile"><value>+39 347 197 7297</value></Data><Data name="contact:twitter"><value>https://twitter.com/LIVEMUSICCLUB</value></Data><Data name="contact:youtube"><value>https://www.youtube.com/channel/UCvZOOVHSnX6F_OBMiWn7QpQ</value></Data><Data name="internet_access"><value>no</value></Data><Data name="name"><value>Live Club</value></Data><Data name="official_name"><value>Live Music Club</value></Data><Data name="wikidata"><value>Q105762107</value></Data><Data name="wikimedia_commons"><value>Category:Live Club</value></Data><Data name="wheelchair"><value>yes</value></Data><Data name="building"><value>yes</value></Data><Data name="@geometry"><value>center</value></Data></ExtendedData><Point><coordinates>9.5169312,45.5989744</coordinates></Point></Placemark><Placemark><name>Oratorio Parrocchiale</name><ExtendedData><Data name="@id"><value>way/948457759</value></Data><Data name="amenity"><value>community_centre</value></Data><Data name="building"><value>yes</value></Data><Data name="name"><value>Oratorio Parrocchiale</value></Data><Data name="@geometry"><value>center</value></Data></ExtendedData><Point><coordinates>14.9682096,38.050059</coordinates></Point></Placemark><Placemark><name>Casino di Compagnia</name><ExtendedData><Data name="@id"><value>way/948463392</value></Data><Data name="amenity"><value>social_centre</value></Data><Data name="building"><value>yes</value></Data><Data name="historic"><value>yes</value></Data><Data name="name"><value>Casino di Compagnia</value></Data><Data name="@geometry"><value>center</value></Data></ExtendedData><Point><coordinates>14.9662619,38.0525326</coordinates></Point></Placemark><Placemark><ExtendedData><Data name="@id"><value>way/954029868</value></Data><Data name="amenity"><value>community_centre</value></Data><Data name="@geometry"><value>center</value></Data></ExtendedData><Point><coordinates>12.5799999,44.0067429</coordinates></Point></Placemark><Placemark><ExtendedData><Data name="@id"><value>way/955970101</value></Data><Data name="addr:city"><value>Miglianico</value></Data><Data name="addr:street"><value>Contrada Cerreto</value></Data><Data name="amenity"><value>nightclub</value></Data><Data name="building"><value>yes</value></Data><Data name="building:colour"><value>pink</value></Data><Data name="building:levels"><value>2</value></Data><Data name="roof:levels"><value>0.5</value></Data><Data name="roof:material"><value>roof_tiles</value></Data><Data name="roof:shape"><value>hipped</value></Data><Data name="@geometry"><value>center</value></Data></ExtendedData><Point><coordinates>14.2892946,42.3768743</coordinates></Point></Placemark><Placemark><name>Casa del Popolo di Sottolongera</name><ExtendedData><Data name="@id"><value>way/957134621</value></Data><Data name="amenity"><value>community_centre</value></Data><Data name="building"><value>no</value></Data><Data name="name"><value>Casa del Popolo di Sottolongera</value></Data><Data name="phone"><value>+39 040 572114</value></Data><Data name="@geometry"><value>center</value></Data></ExtendedData><Point><coordinates>13.8160055,45.6509864</coordinates></Point></Placemark><Placemark><ExtendedData><Data name="@id"><value>way/959906677</value></Data><Data name="amenity"><value>community_centre</value></Data><Data name="building"><value>yes</value></Data><Data name="operator"><value>Parrocchia del Cuore Immacolato di Maria</value></Data><Data name="operator:type"><value>religious</value></Data><Data name="@geometry"><value>center</value></Data></ExtendedData><Point><coordinates>8.628277,44.9153972</coordinates></Point></Placemark><Placemark><name>Galimberti Centro D'Incontro</name><ExtendedData><Data name="@id"><value>way/960593672</value></Data><Data name="building"><value>yes</value></Data><Data name="addr:city"><value>Alessandria</value></Data><Data name="addr:housenumber"><value>12</value></Data><Data name="addr:postcode"><value>15121</value></Data><Data name="addr:street"><value>Via Giuseppe Pochettini</value></Data><Data name="amenity"><value>community_centre</value></Data><Data name="name"><value>Galimberti Centro D'Incontro</value></Data><Data name="name:etymology:wikidata"><value>Q3514987</value></Data><Data name="note"><value>Circolo ricettivo per pensionati e amanti dello sport. Dispone di bar, bocciofila e 2 campi da calcio (uno omologato a 9 giocatori e l'altro da 5 giocatori per squadra)</value></Data><Data name="opening_hours"><value>09:00-23:00</value></Data><Data name="operator"><value>Comune di Alessandria</value></Data><Data name="operator:type"><value>public</value></Data><Data name="wheelchair"><value>yes</value></Data><Data name="@geometry"><value>center</value></Data></ExtendedData><Point><coordinates>8.6276279,44.9197219</coordinates></Point></Placemark><Placemark><name>Centro Sociale &quot;Area 52&quot;</name><ExtendedData><Data name="@id"><value>way/962617369</value></Data><Data name="amenity"><value>community_centre</value></Data><Data name="building"><value>yes</value></Data><Data name="name"><value>Centro Sociale &quot;Area 52&quot;</value></Data><Data name="@geometry"><value>center</value></Data></ExtendedData><Point><coordinates>13.391221,43.5264388</coordinates></Point></Placemark><Placemark><name>Società Operaia di Mutuo Soccorso</name><ExtendedData><Data name="@id"><value>way/962941916</value></Data><Data name="amenity"><value>social_centre</value></Data><Data name="name"><value>Società Operaia di Mutuo Soccorso</value></Data><Data name="building"><value>yes</value></Data><Data name="@geometry"><value>center</value></Data></ExtendedData><Point><coordinates>14.9661033,38.0517721</coordinates></Point></Placemark><Placemark><name>Porto Fluviale Occuapto</name><ExtendedData><Data name="@id"><value>way/964310414</value></Data><Data name="name"><value>Porto Fluviale Occuapto</value></Data><Data name="addr:city"><value>Roma</value></Data><Data name="addr:housenumber"><value>12</value></Data><Data name="addr:postcode"><value>00154</value></Data><Data name="addr:street"><value>Via del Porto Fluviale</value></Data><Data name="amenity"><value>community_centre</value></Data><Data name="building"><value>no</value></Data><Data name="website"><value>https://portofluviale.wordpress.com/</value></Data><Data name="contact:facebook"><value>https://www.facebook.com/PortoFluvialeRecuperato/</value></Data><Data name="social:occupied"><value>yes</value></Data><Data name="@geometry"><value>center</value></Data></ExtendedData><Point><coordinates>12.4790545,41.8727256</coordinates></Point></Placemark><Placemark><name>La Venere Dance</name><ExtendedData><Data name="@id"><value>way/967917905</value></Data><Data name="amenity"><value>nightclub</value></Data><Data name="name"><value>La Venere Dance</value></Data><Data name="@geometry"><value>center</value></Data></ExtendedData><Point><coordinates>15.0460291,37.5127785</coordinates></Point></Placemark><Placemark><name>Centro Diurno</name><ExtendedData><Data name="@id"><value>way/968220368</value></Data><Data name="amenity"><value>community_centre</value></Data><Data name="building"><value>yes</value></Data><Data name="name"><value>Centro Diurno</value></Data><Data name="@geometry"><value>center</value></Data></ExtendedData><Point><coordinates>12.7168596,38.033501</coordinates></Point></Placemark><Placemark><ExtendedData><Data name="@id"><value>way/970839251</value></Data><Data name="building"><value>yes</value></Data><Data name="amenity"><value>community_centre</value></Data><Data name="@geometry"><value>center</value></Data></ExtendedData><Point><coordinates>9.3310802,45.5262428</coordinates></Point></Placemark><Placemark><name>Centro Interculturale di Parma e provincia</name><ExtendedData><Data name="@id"><value>way/974572219</value></Data><Data name="addr:city"><value>Parma</value></Data><Data name="addr:housenumber"><value>6</value></Data><Data name="addr:postcode"><value>43123</value></Data><Data name="addr:street"><value>Via Primo Bandini</value></Data><Data name="amenity"><value>community_centre</value></Data><Data name="building"><value>yes</value></Data><Data name="name"><value>Centro Interculturale di Parma e provincia</value></Data><Data name="phone"><value>+39 388 099 9271</value></Data><Data name="@geometry"><value>center</value></Data></ExtendedData><Point><coordinates>10.3421027,44.7938714</coordinates></Point></Placemark><Placemark><ExtendedData><Data name="@id"><value>way/983206939</value></Data><Data name="amenity"><value>social_centre</value></Data><Data name="building"><value>yes</value></Data><Data name="@geometry"><value>center</value></Data></ExtendedData><Point><coordinates>13.6171444,43.5245938</coordinates></Point></Placemark><Placemark><name>Parco delle Groane e della Brughiera Briantea - Centro parco Polveriera</name><ExtendedData><Data name="@id"><value>way/985527430</value></Data><Data name="amenity"><value>community_centre</value></Data><Data name="barrier"><value>fence</value></Data><Data name="community_centre"><value>environment_centre</value></Data><Data name="fence_type"><value>chain_link</value></Data><Data name="name"><value>Parco delle Groane e della Brughiera Briantea - Centro parco Polveriera</value></Data><Data name="@geometry"><value>center</value></Data></ExtendedData><Point><coordinates>9.0940006,45.6204604</coordinates></Point></Placemark><Placemark><name>Oratorio Don Giovanni Bosco</name><ExtendedData><Data name="@id"><value>way/986168667</value></Data><Data name="addr:city"><value>Arese</value></Data><Data name="addr:housenumber"><value>5</value></Data><Data name="addr:postcode"><value>20044</value></Data><Data name="addr:street"><value>Piazza Generale Carlo Alberto Dalla Chiesa</value></Data><Data name="amenity"><value>community_centre</value></Data><Data name="community_centre"><value>youth_centre</value></Data><Data name="denomination"><value>roman_catholic</value></Data><Data name="name"><value>Oratorio Don Giovanni Bosco</value></Data><Data name="religion"><value>christian</value></Data><Data name="start_date"><value>1968</value></Data><Data name="@geometry"><value>center</value></Data></ExtendedData><Point><coordinates>9.0769804,45.5500439</coordinates></Point></Placemark><Placemark><name>Centro anziani De Magistris</name><ExtendedData><Data name="@id"><value>way/989321067</value></Data><Data name="addr:city"><value>Roma</value></Data><Data name="addr:housenumber"><value>21</value></Data><Data name="addr:postcode"><value>00176</value></Data><Data name="addr:street"><value>Via Luigi Filippo De Magistris</value></Data><Data name="amenity"><value>community_centre</value></Data><Data name="building"><value>yes</value></Data><Data name="name"><value>Centro anziani De Magistris</value></Data><Data name="operator"><value>Municipio Roma 5</value></Data><Data name="operator:type"><value>public</value></Data><Data name="@geometry"><value>center</value></Data></ExtendedData><Point><coordinates>12.5286005,41.8877314</coordinates></Point></Placemark><Placemark><name>Largo Venue</name><ExtendedData><Data name="@id"><value>way/992014893</value></Data><Data name="website"><value>https://www.largovenue.com/</value></Data><Data name="phone"><value>+390659875966</value></Data><Data name="lgbtq"><value>friendly</value></Data><Data name="addr:city"><value>Roma</value></Data><Data name="addr:postcode"><value>00176</value></Data><Data name="addr:street"><value>Via Biordo Michelotti</value></Data><Data name="amenity"><value>nightclub</value></Data><Data name="name"><value>Largo Venue</value></Data><Data name="opening_hours"><value>Tu-Th 19:30-02:00; Fr-Sa 19:30-04:00</value></Data><Data name="@geometry"><value>center</value></Data></ExtendedData><Point><coordinates>12.5382075,41.8927637</coordinates></Point></Placemark><Placemark><name>Centro Civico Agorà</name><ExtendedData><Data name="@id"><value>way/993633156</value></Data><Data name="amenity"><value>community_centre</value></Data><Data name="community_centre"><value>cultural_centre</value></Data><Data name="name"><value>Centro Civico Agorà</value></Data><Data name="start_date"><value>2016-12-18</value></Data><Data name="toilets"><value>yes</value></Data><Data name="toilets:wheelchair"><value>designated</value></Data><Data name="wheelchair"><value>yes</value></Data><Data name="@geometry"><value>center</value></Data></ExtendedData><Point><coordinates>9.0822141,45.5570896</coordinates></Point></Placemark><Placemark><name>Centro anziani Teresa Frassinelli</name><ExtendedData><Data name="@id"><value>way/994001217</value></Data><Data name="amenity"><value>community_centre</value></Data><Data name="building"><value>yes</value></Data><Data name="fixme"><value>è ancora aperto?</value></Data><Data name="name"><value>Centro anziani Teresa Frassinelli</value></Data><Data name="phone"><value>+39062426452</value></Data><Data name="@geometry"><value>center</value></Data></ExtendedData><Point><coordinates>12.541298,41.8739873</coordinates></Point></Placemark><Placemark><name>Oratorio San Luigi</name><ExtendedData><Data name="@id"><value>way/995866022</value></Data><Data name="addr:city"><value>Chiavenna</value></Data><Data name="addr:housenumber"><value>1</value></Data><Data name="addr:postcode"><value>23022</value></Data><Data name="addr:street"><value>Via Don Giovanni Battista Picchi</value></Data><Data name="amenity"><value>community_centre</value></Data><Data name="community_centre"><value>youth_centre</value></Data><Data name="denomination"><value>roman_catholic</value></Data><Data name="name"><value>Oratorio San Luigi</value></Data><Data name="phone"><value>+39034332386</value></Data><Data name="religion"><value>christian</value></Data><Data name="@geometry"><value>center</value></Data></ExtendedData><Point><coordinates>9.408118,46.3221236</coordinates></Point></Placemark><Placemark><name>sPAZIO211</name><ExtendedData><Data name="@id"><value>way/996080976</value></Data><Data name="website"><value>http://www.spazio211.com/</value></Data><Data name="name"><value>sPAZIO211</value></Data><Data name="addr:city"><value>Torino</value></Data><Data name="addr:housenumber"><value>211</value></Data><Data name="addr:postcode"><value>10155</value></Data><Data name="addr:street"><value>Via Francesco Cigna</value></Data><Data name="amenity"><value>nightclub</value></Data><Data name="building"><value>yes</value></Data><Data name="email"><value>info@spazio211.com</value></Data><Data name="live_music"><value>yes</value></Data><Data name="@geometry"><value>center</value></Data></ExtendedData><Point><coordinates>7.6894642,45.0986001</coordinates></Point></Placemark><Placemark><ExtendedData><Data name="@id"><value>way/997111593</value></Data><Data name="amenity"><value>community_centre</value></Data><Data name="building"><value>yes</value></Data><Data name="@geometry"><value>center</value></Data></ExtendedData><Point><coordinates>12.1626694,42.0979359</coordinates></Point></Placemark><Placemark><name>YoungDoIt</name><ExtendedData><Data name="@id"><value>way/1000272245</value></Data><Data name="access"><value>yes</value></Data><Data name="air_conditioning"><value>yes</value></Data><Data name="amenity"><value>community_centre</value></Data><Data name="community_centre"><value>youth_centre</value></Data><Data name="email"><value>youngdoitarese@gmail.com</value></Data><Data name="facebook"><value>https://www.facebook.com/youngdoitarese/</value></Data><Data name="instagram"><value>youngdoitarese</value></Data><Data name="internet_access"><value>yes</value></Data><Data name="internet_access:fee"><value>no</value></Data><Data name="level"><value>0</value></Data><Data name="name"><value>YoungDoIt</value></Data><Data name="opening_hours"><value>Tu-Th 16:30-19:00;Fr 20:30-23:00;Sa 20:00-23:00</value></Data><Data name="opening_hours:url"><value>https://www.youngdoit.it/orari/</value></Data><Data name="operator"><value>Comune di Arese</value></Data><Data name="operator:type"><value>public</value></Data><Data name="phone"><value>+390293582637</value></Data><Data name="toilets"><value>yes</value></Data><Data name="toilets:access"><value>yes</value></Data><Data name="toilets:wheelchair"><value>designated</value></Data><Data name="website"><value>https://www.youngdoit.it/</value></Data><Data name="wheelchair"><value>yes</value></Data><Data name="@geometry"><value>center</value></Data></ExtendedData><Point><coordinates>9.0828571,45.5536164</coordinates></Point></Placemark><Placemark><name>Complesso monumentale San Nicolò</name><ExtendedData><Data name="@id"><value>way/1001821029</value></Data><Data name="owner"><value>Comune di Spoleto</value></Data><Data name="amenity"><value>community_centre</value></Data><Data name="name"><value>Complesso monumentale San Nicolò</value></Data><Data name="operator"><value>Comune di Spoleto</value></Data><Data name="@geometry"><value>center</value></Data></ExtendedData><Point><coordinates>12.7368787,42.7372343</coordinates></Point></Placemark><Placemark><name>MI.C.S. Case del Sole</name><ExtendedData><Data name="@id"><value>way/1005524327</value></Data><Data name="amenity"><value>community_centre</value></Data><Data name="building"><value>yes</value></Data><Data name="name"><value>MI.C.S. Case del Sole</value></Data><Data name="@geometry"><value>center</value></Data></ExtendedData><Point><coordinates>10.1863439,45.5445309</coordinates></Point></Placemark><Placemark><ExtendedData><Data name="@id"><value>way/1011745951</value></Data><Data name="amenity"><value>community_centre</value></Data><Data name="@geometry"><value>center</value></Data></ExtendedData><Point><coordinates>9.5083243,45.5237226</coordinates></Point></Placemark><Placemark><name>Circolo Fenalc</name><ExtendedData><Data name="@id"><value>way/1013548989</value></Data><Data name="amenity"><value>social_centre</value></Data><Data name="building"><value>yes</value></Data><Data name="name"><value>Circolo Fenalc</value></Data><Data name="operator"><value>Fenalc</value></Data><Data name="@geometry"><value>center</value></Data></ExtendedData><Point><coordinates>12.8430105,43.2782985</coordinates></Point></Placemark><Placemark><name>Oratorio San Domenico Savio</name><ExtendedData><Data name="@id"><value>way/1015979807</value></Data><Data name="amenity"><value>community_centre</value></Data><Data name="building"><value>yes</value></Data><Data name="layer"><value>1</value></Data><Data name="name"><value>Oratorio San Domenico Savio</value></Data><Data name="@geometry"><value>center</value></Data></ExtendedData><Point><coordinates>9.9727384,45.5993135</coordinates></Point></Placemark><Placemark><name>Oratorio di Sopraponte</name><ExtendedData><Data name="@id"><value>way/1020783048</value></Data><Data name="amenity"><value>community_centre</value></Data><Data name="building"><value>yes</value></Data><Data name="community_centre"><value>parish_hall</value></Data><Data name="denomination"><value>catholic</value></Data><Data name="name"><value>Oratorio di Sopraponte</value></Data><Data name="religion"><value>christian</value></Data><Data name="@geometry"><value>center</value></Data></ExtendedData><Point><coordinates>10.4376635,45.599719</coordinates></Point></Placemark><Placemark><name>Ricreatorio San Giorgio</name><ExtendedData><Data name="@id"><value>way/1021675616</value></Data><Data name="amenity"><value>community_centre</value></Data><Data name="building"><value>yes</value></Data><Data name="name"><value>Ricreatorio San Giorgio</value></Data><Data name="@geometry"><value>center</value></Data></ExtendedData><Point><coordinates>13.791735,43.1825171</coordinates></Point></Placemark><Placemark><ExtendedData><Data name="@id"><value>way/1023464265</value></Data><Data name="amenity"><value>community_centre</value></Data><Data name="community_centre"><value>parish_hall</value></Data><Data name="@geometry"><value>center</value></Data></ExtendedData><Point><coordinates>9.0544859,45.5323605</coordinates></Point></Placemark><Placemark><name>Oratorio San Maurizio</name><ExtendedData><Data name="@id"><value>way/1023464266</value></Data><Data name="amenity"><value>community_centre</value></Data><Data name="community_centre"><value>youth_centre</value></Data><Data name="denomination"><value>roman_catholic</value></Data><Data name="name"><value>Oratorio San Maurizio</value></Data><Data name="religion"><value>christian</value></Data><Data name="@geometry"><value>center</value></Data></ExtendedData><Point><coordinates>9.0643495,45.5428262</coordinates></Point></Placemark><Placemark><name>Oratorio Sacro Cuore di Gesù</name><ExtendedData><Data name="@id"><value>way/1024839203</value></Data><Data name="addr:city"><value>Limbiate</value></Data><Data name="addr:housenumber"><value>4</value></Data><Data name="addr:postcode"><value>20812</value></Data><Data name="addr:street"><value>Via Tito Speri</value></Data><Data name="amenity"><value>community_centre</value></Data><Data name="barrier"><value>fence</value></Data><Data name="community_centre"><value>youth_centre</value></Data><Data name="denomination"><value>roman_catholic</value></Data><Data name="email"><value>oscvillaggiogiovi@hotmail.com</value></Data><Data name="name"><value>Oratorio Sacro Cuore di Gesù</value></Data><Data name="phone"><value>+390299480809</value></Data><Data name="religion"><value>christian</value></Data><Data name="website"><value>https://oscvillaggiogiovi.webnode.it/</value></Data><Data name="@geometry"><value>center</value></Data></ExtendedData><Point><coordinates>9.1426969,45.591116</coordinates></Point></Placemark><Placemark><name>Oratorio San Luigi</name><ExtendedData><Data name="@id"><value>way/1025590550</value></Data><Data name="amenity"><value>community_centre</value></Data><Data name="community_centre"><value>youth_centrebuilding=yes</value></Data><Data name="name"><value>Oratorio San Luigi</value></Data><Data name="@geometry"><value>center</value></Data></ExtendedData><Point><coordinates>9.538772,45.5989366</coordinates></Point></Placemark><Placemark><ExtendedData><Data name="@id"><value>way/1026957520</value></Data><Data name="amenity"><value>community_centre</value></Data><Data name="building"><value>church</value></Data><Data name="church:type"><value>historic</value></Data><Data name="religion"><value>christian</value></Data><Data name="@geometry"><value>center</value></Data></ExtendedData><Point><coordinates>8.3011127,44.9208188</coordinates></Point></Placemark><Placemark><name>Spazio Mast</name><ExtendedData><Data name="@id"><value>way/1028909017</value></Data><Data name="access"><value>yes</value></Data><Data name="addr:city"><value>Rho</value></Data><Data name="addr:housenumber"><value>22</value></Data><Data name="addr:postcode"><value>20017</value></Data><Data name="addr:street"><value>Via San Martino</value></Data><Data name="amenity"><value>community_centre</value></Data><Data name="community_centre"><value>youth_centre</value></Data><Data name="facebook"><value>https://www.facebook.com/spaziomast</value></Data><Data name="instagram"><value>spazio_mast</value></Data><Data name="name"><value>Spazio Mast</value></Data><Data name="note:name"><value>Musica - Audiovisivi - Spazio - Teatro</value></Data><Data name="opening_hours"><value>Mo-Th 10:00-19:00; Fr 10:00-00:00; Sa-Su off</value></Data><Data name="operator"><value>Comune di Rho</value></Data><Data name="operator:type"><value>public</value></Data><Data name="phone"><value>+39029302697</value></Data><Data name="website"><value>https://progettomast.org/</value></Data><Data name="youtube"><value>https://www.youtube.com/channel/UCVjYMERzrKYELqn7dpagi4w</value></Data><Data name="@geometry"><value>center</value></Data></ExtendedData><Point><coordinates>9.0451269,45.51961</coordinates></Point></Placemark><Placemark><name>Oratorio Papa Giovanni XXIII</name><ExtendedData><Data name="@id"><value>way/1029127148</value></Data><Data name="addr:city"><value>Albino</value></Data><Data name="addr:housenumber"><value>10</value></Data><Data name="addr:postcode"><value>24021</value></Data><Data name="addr:street"><value>Via don Cristoforo Rossi</value></Data><Data name="amenity"><value>community_centre</value></Data><Data name="name"><value>Oratorio Papa Giovanni XXIII</value></Data><Data name="website"><value>https://www.oratorioalbino.it/</value></Data><Data name="@geometry"><value>center</value></Data></ExtendedData><Point><coordinates>9.7937141,45.7599768</coordinates></Point></Placemark><Placemark><name>Oratorio Sacro Cuore</name><ExtendedData><Data name="@id"><value>way/1029875281</value></Data><Data name="addr:city"><value>Gazzaniga</value></Data><Data name="addr:housenumber"><value>65</value></Data><Data name="addr:postcode"><value>24025</value></Data><Data name="addr:street"><value>Via Cesare Battisti</value></Data><Data name="amenity"><value>community_centre</value></Data><Data name="name"><value>Oratorio Sacro Cuore</value></Data><Data name="@geometry"><value>center</value></Data></ExtendedData><Point><coordinates>9.831683,45.7938898</coordinates></Point></Placemark><Placemark><name>Oratorio Santo Stefano</name><ExtendedData><Data name="@id"><value>way/1030936018</value></Data><Data name="amenity"><value>community_centre</value></Data><Data name="building"><value>yes</value></Data><Data name="name"><value>Oratorio Santo Stefano</value></Data><Data name="@geometry"><value>center</value></Data></ExtendedData><Point><coordinates>8.60249,45.6618367</coordinates></Point></Placemark><Placemark><name>Oratorio Vighignolo</name><ExtendedData><Data name="@id"><value>way/1035460369</value></Data><Data name="amenity"><value>community_centre</value></Data><Data name="community_centre"><value>youth_centre</value></Data><Data name="denomination"><value>roman_catholic</value></Data><Data name="name"><value>Oratorio Vighignolo</value></Data><Data name="religion"><value>christian</value></Data><Data name="@geometry"><value>center</value></Data></ExtendedData><Point><coordinates>9.0412808,45.4956646</coordinates></Point></Placemark><Placemark><name>Oratorio San Filippo Neri</name><ExtendedData><Data name="@id"><value>way/1039143269</value></Data><Data name="amenity"><value>community_centre</value></Data><Data name="name"><value>Oratorio San Filippo Neri</value></Data><Data name="@geometry"><value>center</value></Data></ExtendedData><Point><coordinates>9.7533783,45.5186362</coordinates></Point></Placemark><Placemark><name>Circolo Giovani Cerro Al Lambro</name><ExtendedData><Data name="@id"><value>way/1040339898</value></Data><Data name="amenity"><value>social_centre</value></Data><Data name="building"><value>yes</value></Data><Data name="name"><value>Circolo Giovani Cerro Al Lambro</value></Data><Data name="@geometry"><value>center</value></Data></ExtendedData><Point><coordinates>9.3400261,45.3294819</coordinates></Point></Placemark><Placemark><name>Argento Vivo</name><ExtendedData><Data name="@id"><value>way/1040340321</value></Data><Data name="amenity"><value>social_centre</value></Data><Data name="building"><value>yes</value></Data><Data name="name"><value>Argento Vivo</value></Data><Data name="operator"><value>associazione argento vivo</value></Data><Data name="wheelchair"><value>yes</value></Data><Data name="@geometry"><value>center</value></Data></ExtendedData><Point><coordinates>9.3390496,45.3293936</coordinates></Point></Placemark><Placemark><ExtendedData><Data name="@id"><value>way/1042760380</value></Data><Data name="amenity"><value>community_centre</value></Data><Data name="building"><value>yes</value></Data><Data name="@geometry"><value>center</value></Data></ExtendedData><Point><coordinates>10.1940083,45.6236622</coordinates></Point></Placemark><Placemark><name>Oratorio San Domenico Savio</name><ExtendedData><Data name="@id"><value>way/1043713646</value></Data><Data name="amenity"><value>community_centre</value></Data><Data name="name"><value>Oratorio San Domenico Savio</value></Data><Data name="@geometry"><value>center</value></Data></ExtendedData><Point><coordinates>9.0876909,45.6617613</coordinates></Point></Placemark><Placemark><name>Oratorio di Sant'Agnese</name><ExtendedData><Data name="@id"><value>way/1044592808</value></Data><Data name="amenity"><value>community_centre</value></Data><Data name="denomination"><value>roman_catholic</value></Data><Data name="name"><value>Oratorio di Sant'Agnese</value></Data><Data name="religion"><value>christian</value></Data><Data name="@geometry"><value>center</value></Data></ExtendedData><Point><coordinates>9.1275568,45.5143097</coordinates></Point></Placemark><Placemark><name>Oratorio San Giovanni Bosco e Sant'Agnese</name><ExtendedData><Data name="@id"><value>way/1046488894</value></Data><Data name="amenity"><value>community_centre</value></Data><Data name="denomination"><value>roman_catholic</value></Data><Data name="name"><value>Oratorio San Giovanni Bosco e Sant'Agnese</value></Data><Data name="religion"><value>christian</value></Data><Data name="@geometry"><value>center</value></Data></ExtendedData><Point><coordinates>8.8863887,45.5696925</coordinates></Point></Placemark><Placemark><name>Oratorio San Francesco</name><ExtendedData><Data name="@id"><value>way/1047100053</value></Data><Data name="amenity"><value>community_centre</value></Data><Data name="community_centre:for"><value>juvenile</value></Data><Data name="name"><value>Oratorio San Francesco</value></Data><Data name="operator"><value>Chiesa di San Francesco</value></Data><Data name="@geometry"><value>center</value></Data></ExtendedData><Point><coordinates>9.5750781,45.5221199</coordinates></Point></Placemark><Placemark><name>Oratorio Daniele Comboni</name><ExtendedData><Data name="@id"><value>way/1047502850</value></Data><Data name="amenity"><value>community_centre</value></Data><Data name="community_centre"><value>youth_centre</value></Data><Data name="denomination"><value>roman_catholic</value></Data><Data name="name"><value>Oratorio Daniele Comboni</value></Data><Data name="religion"><value>christian</value></Data><Data name="@geometry"><value>center</value></Data></ExtendedData><Point><coordinates>9.4318551,46.1356252</coordinates></Point></Placemark><Placemark><name>PalaSegrate</name><ExtendedData><Data name="@id"><value>way/1047821806</value></Data><Data name="addr:city"><value>Segrate</value></Data><Data name="addr:housenumber"><value>34</value></Data><Data name="addr:postcode"><value>20054</value></Data><Data name="addr:street"><value>Via degli Alpini</value></Data><Data name="amenity"><value>community_centre</value></Data><Data name="facebook"><value>https://www.facebook.com/Il-PalaSegrate-354743801740406/</value></Data><Data name="name"><value>PalaSegrate</value></Data><Data name="phone"><value>+393516125003</value></Data><Data name="@geometry"><value>center</value></Data></ExtendedData><Point><coordinates>9.3032747,45.4955461</coordinates></Point></Placemark><Placemark><name>Ottantaquattro</name><ExtendedData><Data name="@id"><value>way/1057707329</value></Data><Data name="name"><value>Ottantaquattro</value></Data><Data name="building"><value>yes</value></Data><Data name="amenity"><value>nightclub</value></Data><Data name="@geometry"><value>center</value></Data></ExtendedData><Point><coordinates>7.6853457,45.0551169</coordinates></Point></Placemark><Placemark><name>Life</name><ExtendedData><Data name="@id"><value>way/1057707344</value></Data><Data name="building"><value>yes</value></Data><Data name="amenity"><value>nightclub</value></Data><Data name="name"><value>Life</value></Data><Data name="@geometry"><value>center</value></Data></ExtendedData><Point><coordinates>7.6873634,45.0578666</coordinates></Point></Placemark><Placemark><name>Alpen Rose</name><ExtendedData><Data name="@id"><value>way/1067061284</value></Data><Data name="amenity"><value>nightclub</value></Data><Data name="building"><value>yes</value></Data><Data name="name"><value>Alpen Rose</value></Data><Data name="@geometry"><value>center</value></Data></ExtendedData><Point><coordinates>9.6968285,45.9945012</coordinates></Point></Placemark><Placemark><name>Centro artistico culturale Giuseppe Ierna</name><ExtendedData><Data name="@id"><value>way/1071368876</value></Data><Data name="amenity"><value>community_centre</value></Data><Data name="name"><value>Centro artistico culturale Giuseppe Ierna</value></Data><Data name="@geometry"><value>center</value></Data></ExtendedData><Point><coordinates>15.1518127,37.0828872</coordinates></Point></Placemark><Placemark><ExtendedData><Data name="@id"><value>way/1078191777</value></Data><Data name="amenity"><value>community_centre</value></Data><Data name="building"><value>yes</value></Data><Data name="@geometry"><value>center</value></Data></ExtendedData><Point><coordinates>12.6475348,43.6861118</coordinates></Point></Placemark><Placemark><name>ass. Studi Abilità Umane</name><ExtendedData><Data name="@id"><value>way/1080031806</value></Data><Data name="addr:city"><value>Feltre</value></Data><Data name="addr:housenumber"><value>25</value></Data><Data name="addr:postcode"><value>32032</value></Data><Data name="addr:street"><value>Via Sega</value></Data><Data name="amenity"><value>social_centre</value></Data><Data name="building"><value>yes</value></Data><Data name="name"><value>ass. Studi Abilità Umane</value></Data><Data name="@geometry"><value>center</value></Data></ExtendedData><Point><coordinates>11.8975136,46.0386239</coordinates></Point></Placemark><Placemark><name>Molo 28</name><ExtendedData><Data name="@id"><value>way/1081555923</value></Data><Data name="amenity"><value>nightclub</value></Data><Data name="building"><value>yes</value></Data><Data name="name"><value>Molo 28</value></Data><Data name="outdoor_seating"><value>yes</value></Data><Data name="outdoor_seating:comfort"><value>chairs</value></Data><Data name="seasonal"><value>summer</value></Data><Data name="@geometry"><value>center</value></Data></ExtendedData><Point><coordinates>16.285913,41.323487</coordinates></Point></Placemark><Placemark><name>Centro Parrocchiale</name><ExtendedData><Data name="@id"><value>way/1083459687</value></Data><Data name="amenity"><value>community_centre</value></Data><Data name="building"><value>yes</value></Data><Data name="name"><value>Centro Parrocchiale</value></Data><Data name="name:it"><value>Centro Parrocchiale</value></Data><Data name="@geometry"><value>center</value></Data></ExtendedData><Point><coordinates>14.8335014,40.7035628</coordinates></Point></Placemark><Placemark><name>Catasta Pollino</name><ExtendedData><Data name="@id"><value>way/1086399152</value></Data><Data name="amenity"><value>community_centre</value></Data><Data name="building"><value>public</value></Data><Data name="information"><value>office</value></Data><Data name="internet_access"><value>wlan</value></Data><Data name="name"><value>Catasta Pollino</value></Data><Data name="tourism"><value>information</value></Data><Data name="@geometry"><value>center</value></Data></ExtendedData><Point><coordinates>16.0654347,39.8745191</coordinates></Point></Placemark><Placemark><name>ex Le Club</name><ExtendedData><Data name="@id"><value>way/1089042080</value></Data><Data name="amenity"><value>nightclub</value></Data><Data name="disused"><value>yes</value></Data><Data name="name"><value>ex Le Club</value></Data><Data name="@geometry"><value>center</value></Data></ExtendedData><Point><coordinates>9.1100588,45.636504</coordinates></Point></Placemark><Placemark><name>Oratorio Sacra Famiglia</name><ExtendedData><Data name="@id"><value>way/1093064306</value></Data><Data name="amenity"><value>community_centre</value></Data><Data name="name"><value>Oratorio Sacra Famiglia</value></Data><Data name="@geometry"><value>center</value></Data></ExtendedData><Point><coordinates>9.3169967,45.4308925</coordinates></Point></Placemark><Placemark><ExtendedData><Data name="@id"><value>way/1095125809</value></Data><Data name="amenity"><value>social_centre</value></Data><Data name="building"><value>yes</value></Data><Data name="@geometry"><value>center</value></Data></ExtendedData><Point><coordinates>12.9095895,42.0947968</coordinates></Point></Placemark><Placemark><name>Ti Connetto</name><ExtendedData><Data name="@id"><value>way/1096154945</value></Data><Data name="amenity"><value>nightclub</value></Data><Data name="building"><value>yes</value></Data><Data name="name"><value>Ti Connetto</value></Data><Data name="@geometry"><value>center</value></Data></ExtendedData><Point><coordinates>14.743196,37.3265368</coordinates></Point></Placemark><Placemark><name>Capannina Beach</name><ExtendedData><Data name="@id"><value>way/1097469970</value></Data><Data name="website"><value>https://capanninabeach.it/</value></Data><Data name="name"><value>Capannina Beach</value></Data><Data name="email"><value>info@capanninabeach.it</value></Data><Data name="amenity"><value>nightclub</value></Data><Data name="addr:state"><value>Italia</value></Data><Data name="addr:city"><value>Jesolo</value></Data><Data name="addr:hamlet"><value>Lido di Jesolo</value></Data><Data name="addr:housenumber"><value>9</value></Data><Data name="addr:postcode"><value>30016</value></Data><Data name="addr:province"><value>Venezia</value></Data><Data name="addr:street"><value>Piazza Giuseppe Mazzini</value></Data><Data name="@geometry"><value>center</value></Data></ExtendedData><Point><coordinates>12.619651,45.4951538</coordinates></Point></Placemark><Placemark><name>New Fantasy Club</name><ExtendedData><Data name="@id"><value>way/1108974625</value></Data><Data name="name"><value>New Fantasy Club</value></Data><Data name="addr:city"><value>Cinisello Balsamo</value></Data><Data name="addr:housenumber"><value>105</value></Data><Data name="addr:postcode"><value>20092</value></Data><Data name="addr:street"><value>Viale dei Partigiani</value></Data><Data name="amenity"><value>nightclub</value></Data><Data name="building"><value>yes</value></Data><Data name="layer"><value>-1</value></Data><Data name="@geometry"><value>center</value></Data></ExtendedData><Point><coordinates>9.2227995,45.5425073</coordinates></Point></Placemark><Placemark><name>Centro sociale polivalente di Carinaro</name><ExtendedData><Data name="@id"><value>way/1109981238</value></Data><Data name="addr:city"><value>Carinaro</value></Data><Data name="addr:street"><value>Via Domenico Pirozzi</value></Data><Data name="amenity"><value>community_centre</value></Data><Data name="building"><value>yes</value></Data><Data name="name"><value>Centro sociale polivalente di Carinaro</value></Data><Data name="@geometry"><value>center</value></Data></ExtendedData><Point><coordinates>14.2135127,40.9824655</coordinates></Point></Placemark><Placemark><name>Oratorio Desenzano al Serio</name><ExtendedData><Data name="@id"><value>way/1116882842</value></Data><Data name="addr:city"><value>Albino</value></Data><Data name="addr:postcode"><value>24021</value></Data><Data name="addr:street"><value>Piazza del Santuario</value></Data><Data name="amenity"><value>community_centre</value></Data><Data name="name"><value>Oratorio Desenzano al Serio</value></Data><Data name="@geometry"><value>center</value></Data></ExtendedData><Point><coordinates>9.8015063,45.76244</coordinates></Point></Placemark><Placemark><name>Oratorio Sacro Cuore</name><ExtendedData><Data name="@id"><value>way/1120133484</value></Data><Data name="amenity"><value>community_centre</value></Data><Data name="building"><value>yes</value></Data><Data name="name"><value>Oratorio Sacro Cuore</value></Data><Data name="@geometry"><value>center</value></Data></ExtendedData><Point><coordinates>8.5427483,45.4562396</coordinates></Point></Placemark><Placemark><name>Oratorio San Domenico Savio</name><ExtendedData><Data name="@id"><value>way/1120523349</value></Data><Data name="amenity"><value>community_centre</value></Data><Data name="building"><value>yes</value></Data><Data name="name"><value>Oratorio San Domenico Savio</value></Data><Data name="@geometry"><value>center</value></Data></ExtendedData><Point><coordinates>8.5560853,45.4894379</coordinates></Point></Placemark><Placemark><name>Oratorio San Giovanni Battista</name><ExtendedData><Data name="@id"><value>way/1123335736</value></Data><Data name="religion"><value>christian</value></Data><Data name="landuse"><value>religious</value></Data><Data name="amenity"><value>community_centre</value></Data><Data name="community_centre:for"><value>multigeneration</value></Data><Data name="denomination"><value>roman_catholic</value></Data><Data name="name"><value>Oratorio San Giovanni Battista</value></Data><Data name="operator"><value>Diocesi di Cremona</value></Data><Data name="@geometry"><value>center</value></Data></ExtendedData><Point><coordinates>9.6762897,45.4963589</coordinates></Point></Placemark><Placemark><name>Sonido Latino</name><ExtendedData><Data name="@id"><value>way/1123444994</value></Data><Data name="amenity"><value>nightclub</value></Data><Data name="building"><value>yes</value></Data><Data name="name"><value>Sonido Latino</value></Data><Data name="@geometry"><value>center</value></Data></ExtendedData><Point><coordinates>7.6354525,45.0565457</coordinates></Point></Placemark><Placemark><name>Oratorio Sant'Agnese</name><ExtendedData><Data name="@id"><value>way/1126049477</value></Data><Data name="amenity"><value>community_centre</value></Data><Data name="community_centre"><value>family_centre</value></Data><Data name="name"><value>Oratorio Sant'Agnese</value></Data><Data name="@geometry"><value>center</value></Data></ExtendedData><Point><coordinates>16.6212363,40.6490747</coordinates></Point></Placemark></Document></kml>