{
  "type": "FeatureCollection",
  "generator": "overpass-turbo",
  "copyright": "The data included in this document is from www.openstreetmap.org. The data is made available under ODbL.",
  "timestamp": "2025-09-29T00:20:33Z",
  "features": [
    {
      "type": "Feature",
      "properties": {
        "@id": "relation/1359155",
        "amenity": "community_centre",
        "name": "Salesiani",
        "type": "multipolygon",
        "@geometry": "center"
      },
      "geometry": {
        "type": "Point",
        "coordinates": [
          14.7717028,
          40.6831796
        ]
      },
      "id": "relation/1359155"
    },
    {
      "type": "Feature",
      "properties": {
        "@id": "relation/1414681",
        "amenity": "community_centre",
        "building": "yes",
        "name": "Convento San Francesco",
        "type": "multipolygon",
        "wikidata": "Q3689536",
        "wikipedia": "it:Convento di San Francesco (Conegliano)",
        "@geometry": "center"
      },
      "geometry": {
        "type": "Point",
        "coordinates": [
          12.2951216,
          45.8873741
        ]
      },
      "id": "relation/1414681"
    },
    {
      "type": "Feature",
      "properties": {
        "@id": "relation/1601571",
        "amenity": "nightclub",
        "name": "Discoteca Il Globo",
        "type": "multipolygon",
        "@geometry": "center"
      },
      "geometry": {
        "type": "Point",
        "coordinates": [
          8.4535511,
          45.3421782
        ]
      },
      "id": "relation/1601571"
    },
    {
      "type": "Feature",
      "properties": {
        "@id": "relation/1868965",
        "amenity": "community_centre",
        "name": "Progretto Giovani",
        "website": "https://www.progettogiovanitv.it/",
        "type": "multipolygon",
        "building": "roof",
        "@geometry": "center"
      },
      "geometry": {
        "type": "Point",
        "coordinates": [
          12.2435327,
          45.6695586
        ]
      },
      "id": "relation/1868965"
    },
    {
      "type": "Feature",
      "properties": {
        "@id": "relation/1979048",
        "addr:city": "Rovereto",
        "addr:housenumber": "45 A",
        "addr:postcode": "38068",
        "addr:street": "Via della Roggia",
        "amenity": "community_centre",
        "building": "yes",
        "leisure": "stadium",
        "name": "KOSMOS",
        "sport": "archery",
        "type": "multipolygon",
        "@geometry": "center"
      },
      "geometry": {
        "type": "Point",
        "coordinates": [
          11.0290507,
          45.8809464
        ]
      },
      "id": "relation/1979048"
    },
    {
      "type": "Feature",
      "properties": {
        "@id": "relation/2394586",
        "amenity": "nightclub",
        "name": "Discoteca Bobo",
        "opening_hours": "\"only for a party\"",
        "type": "multipolygon",
        "@geometry": "center"
      },
      "geometry": {
        "type": "Point",
        "coordinates": [
          12.6925511,
          43.9839422
        ]
      },
      "id": "relation/2394586"
    },
    {
      "type": "Feature",
      "properties": {
        "@id": "relation/2498027",
        "amenity": "nightclub",
        "name": "Paranà",
        "type": "multipolygon",
        "@geometry": "center"
      },
      "geometry": {
        "type": "Point",
        "coordinates": [
          14.2195209,
          37.0734582
        ]
      },
      "id": "relation/2498027"
    },
    {
      "type": "Feature",
      "properties": {
        "@id": "relation/2929956",
        "addr:housename": "Cascina Autogestita Torchiera Senzacqua",
        "name": "Cascina Torchiera",
        "addr:city": "Milano",
        "addr:housenumber": "18",
        "addr:postcode": "20156",
        "addr:street": "Piazzale Cimitero Maggiore",
        "amenity": "social_centre",
        "building": "yes",
        "building:levels": "2",
        "type": "multipolygon",
        "website": "https://torchiera.noblogs.org/",
        "wikidata": "Q3661596",
        "wikipedia": "en:Cascina Torchiera",
        "@geometry": "center"
      },
      "geometry": {
        "type": "Point",
        "coordinates": [
          9.1223904,
          45.5047247
        ]
      },
      "id": "relation/2929956"
    },
    {
      "type": "Feature",
      "properties": {
        "@id": "relation/2990451",
        "amenity": "community_centre",
        "community_centre": "parish_hall",
        "denomination": "catholic",
        "landuse": "recreation_ground",
        "name": "Centro Giovanile Paolo VI",
        "religion": "christian",
        "type": "multipolygon",
        "@geometry": "center"
      },
      "geometry": {
        "type": "Point",
        "coordinates": [
          10.2006804,
          45.5640249
        ]
      },
      "id": "relation/2990451"
    },
    {
      "type": "Feature",
      "properties": {
        "@id": "relation/3238654",
        "addr:city": "Segrate",
        "addr:housename": "Residenza Campo",
        "addr:postcode": "20054",
        "amenity": "social_centre",
        "building": "public",
        "name": "Centro Civico Milano Due e Auditorium De Simone",
        "source": "http://www.comune.segrate.mi.it/attivita_servizi/sport_cultura_e_tempo_libero/strutture/cc_mi2.html",
        "type": "multipolygon",
        "@geometry": "center"
      },
      "geometry": {
        "type": "Point",
        "coordinates": [
          9.2672885,
          45.4982822
        ]
      },
      "id": "relation/3238654"
    },
    {
      "type": "Feature",
      "properties": {
        "@id": "relation/3414399",
        "amenity": "social_centre",
        "name": "Oratorio Rosmini",
        "type": "multipolygon",
        "@geometry": "center"
      },
      "geometry": {
        "type": "Point",
        "coordinates": [
          11.0421831,
          45.8915613
        ]
      },
      "id": "relation/3414399"
    },
    {
      "type": "Feature",
      "properties": {
        "@id": "relation/3650067",
        "amenity": "community_centre",
        "name": "Oratorio San Luigi",
        "type": "site",
        "@geometry": "center"
      },
      "geometry": {
        "type": "Point",
        "coordinates": [
          7.7706139,
          44.9505769
        ]
      },
      "id": "relation/3650067"
    },
    {
      "type": "Feature",
      "properties": {
        "@id": "relation/3704768",
        "amenity": "community_centre",
        "name": "Centro sportivo Trinità",
        "type": "site",
        "@geometry": "center"
      },
      "geometry": {
        "type": "Point",
        "coordinates": [
          7.7664725,
          44.9453928
        ]
      },
      "id": "relation/3704768"
    },
    {
      "type": "Feature",
      "properties": {
        "@id": "relation/3935524",
        "addr:city": "Cabras",
        "addr:postcode": "09072",
        "addr:street": "Via Tharros",
        "amenity": "community_centre",
        "building": "yes",
        "name": "Centro Polivalente del Comune di Cabras",
        "phone": "+39 0783 3971",
        "type": "multipolygon",
        "@geometry": "center"
      },
      "geometry": {
        "type": "Point",
        "coordinates": [
          8.5228294,
          39.9202199
        ]
      },
      "id": "relation/3935524"
    },
    {
      "type": "Feature",
      "properties": {
        "@id": "relation/4349851",
        "amenity": "community_centre",
        "building": "public",
        "name": "Centro Sociale",
        "type": "multipolygon",
        "@geometry": "center"
      },
      "geometry": {
        "type": "Point",
        "coordinates": [
          8.6707864,
          39.9539039
        ]
      },
      "id": "relation/4349851"
    },
    {
      "type": "Feature",
      "properties": {
        "@id": "relation/4622078",
        "amenity": "community_centre",
        "building": "public",
        "name": "Centro Servizi Losa",
        "type": "multipolygon",
        "@geometry": "center"
      },
      "geometry": {
        "type": "Point",
        "coordinates": [
          8.7915561,
          40.1117857
        ]
      },
      "id": "relation/4622078"
    },
    {
      "type": "Feature",
      "properties": {
        "@id": "relation/4665467",
        "addr:city": "Cursi",
        "addr:postcode": "73020",
        "addr:street": "Via Edmondo De Amicis",
        "amenity": "community_centre",
        "building": "yes",
        "name": "Palestra Scuola Elementare",
        "type": "multipolygon",
        "@geometry": "center"
      },
      "geometry": {
        "type": "Point",
        "coordinates": [
          18.3178351,
          40.1494382
        ]
      },
      "id": "relation/4665467"
    },
    {
      "type": "Feature",
      "properties": {
        "@id": "relation/5420048",
        "website": "http://www.palmariva.it/",
        "addr:city": "Fossalta di Portogruaro",
        "addr:housenumber": "8",
        "addr:street": "Viale Luther King",
        "amenity": "nightclub",
        "building": "yes",
        "name": "Discoteca Palmariva",
        "type": "multipolygon",
        "@geometry": "center"
      },
      "geometry": {
        "type": "Point",
        "coordinates": [
          12.9155826,
          45.7769613
        ]
      },
      "id": "relation/5420048"
    },
    {
      "type": "Feature",
      "properties": {
        "@id": "relation/5741430",
        "amenity": "community_centre",
        "name": "Centro Ricreativo Estivo",
        "operator": "Oratorio Don Bosco",
        "type": "multipolygon",
        "@geometry": "center"
      },
      "geometry": {
        "type": "Point",
        "coordinates": [
          9.5900147,
          45.721039
        ]
      },
      "id": "relation/5741430"
    },
    {
      "type": "Feature",
      "properties": {
        "@id": "relation/6179936",
        "addr:city": "Napoli",
        "addr:housenumber": "69",
        "addr:postcode": "80132",
        "addr:street": "Via Portacarrese a Montecalvario",
        "amenity": "community_centre",
        "building": "yes",
        "full_name": "Fondazione Quartieri Spagnoli",
        "name": "FOQUS Napoli",
        "old_name": "Istituto Montecalvario",
        "opening_hours": "Mo-Fr 08:00-20:00",
        "phone": "+39 388 729 4869",
        "type": "multipolygon",
        "website": "https://www.foqusnapoli.it/",
        "@geometry": "center"
      },
      "geometry": {
        "type": "Point",
        "coordinates": [
          14.2456441,
          40.8425233
        ]
      },
      "id": "relation/6179936"
    },
    {
      "type": "Feature",
      "properties": {
        "@id": "relation/6253095",
        "amenity": "community_centre",
        "building": "yes",
        "name": "Centro di aggregazione giovanile San Giorgio",
        "religion": "christian",
        "type": "multipolygon",
        "@geometry": "center"
      },
      "geometry": {
        "type": "Point",
        "coordinates": [
          9.6684589,
          45.6892981
        ]
      },
      "id": "relation/6253095"
    },
    {
      "type": "Feature",
      "properties": {
        "@id": "relation/6404252",
        "amenity": "community_centre",
        "building": "community_centre",
        "name": "Oratorio delle Grazie",
        "religion": "christian",
        "type": "multipolygon",
        "@geometry": "center"
      },
      "geometry": {
        "type": "Point",
        "coordinates": [
          9.6723229,
          45.6938356
        ]
      },
      "id": "relation/6404252"
    },
    {
      "type": "Feature",
      "properties": {
        "@id": "relation/6589471",
        "amenity": "community_centre",
        "building": "yes",
        "name": "Oratorio di Sant'Anna",
        "religion": "christian",
        "type": "multipolygon",
        "@geometry": "center"
      },
      "geometry": {
        "type": "Point",
        "coordinates": [
          9.6814045,
          45.6960413
        ]
      },
      "id": "relation/6589471"
    },
    {
      "type": "Feature",
      "properties": {
        "@id": "relation/7014937",
        "amenity": "community_centre",
        "building": "yes",
        "name": "Centro Sociale Il Carrozzone",
        "source": "Regione Emilia Romagna",
        "type": "multipolygon",
        "@geometry": "center"
      },
      "geometry": {
        "type": "Point",
        "coordinates": [
          10.6128282,
          44.709974
        ]
      },
      "id": "relation/7014937"
    },
    {
      "type": "Feature",
      "properties": {
        "@id": "relation/7181656",
        "addr:city": "Meda",
        "addr:housenumber": "1",
        "addr:postcode": "20821",
        "addr:street": "Piazza del Lavoratore",
        "amenity": "community_centre",
        "building": "yes",
        "name": "Oratorio Santo Crocifisso",
        "type": "multipolygon",
        "@geometry": "center"
      },
      "geometry": {
        "type": "Point",
        "coordinates": [
          9.1570987,
          45.6603654
        ]
      },
      "id": "relation/7181656"
    },
    {
      "type": "Feature",
      "properties": {
        "@id": "relation/7353606",
        "type": "multipolygon",
        "amenity": "community_centre",
        "building": "yes",
        "name": "Centro Diurno Stefano Bottoni",
        "@geometry": "center"
      },
      "geometry": {
        "type": "Point",
        "coordinates": [
          12.9449806,
          41.5312364
        ]
      },
      "id": "relation/7353606"
    },
    {
      "type": "Feature",
      "properties": {
        "@id": "relation/7426988",
        "amenity": "community_centre",
        "building": "yes",
        "name": "Centro Diurno per Minori",
        "type": "multipolygon",
        "@geometry": "center"
      },
      "geometry": {
        "type": "Point",
        "coordinates": [
          12.9036489,
          41.4720813
        ]
      },
      "id": "relation/7426988"
    },
    {
      "type": "Feature",
      "properties": {
        "@id": "relation/7431109",
        "amenity": "social_centre",
        "denomination": "catholic",
        "name": "Oratorio di Mozzo",
        "type": "multipolygon",
        "@geometry": "center"
      },
      "geometry": {
        "type": "Point",
        "coordinates": [
          9.6097373,
          45.7005183
        ]
      },
      "id": "relation/7431109"
    },
    {
      "type": "Feature",
      "properties": {
        "@id": "relation/7440849",
        "amenity": "community_centre",
        "name": "Oratorio Don Bosco",
        "type": "site",
        "@geometry": "center"
      },
      "geometry": {
        "type": "Point",
        "coordinates": [
          7.6438914,
          43.7847741
        ]
      },
      "id": "relation/7440849"
    },
    {
      "type": "Feature",
      "properties": {
        "@id": "relation/7442095",
        "amenity": "community_centre",
        "building": "yes",
        "name": "Centro Anziani",
        "type": "multipolygon",
        "@geometry": "center"
      },
      "geometry": {
        "type": "Point",
        "coordinates": [
          12.9166143,
          41.4701549
        ]
      },
      "id": "relation/7442095"
    },
    {
      "type": "Feature",
      "properties": {
        "@id": "relation/7548454",
        "amenity": "community_centre",
        "building": "yes",
        "name": "Centro Sociale Polivalente di Borgo Isonzo",
        "type": "multipolygon",
        "@geometry": "center"
      },
      "geometry": {
        "type": "Point",
        "coordinates": [
          12.9113127,
          41.4406508
        ]
      },
      "id": "relation/7548454"
    },
    {
      "type": "Feature",
      "properties": {
        "@id": "relation/7607522",
        "amenity": "community_centre",
        "building": "yes",
        "type": "multipolygon",
        "@geometry": "center"
      },
      "geometry": {
        "type": "Point",
        "coordinates": [
          9.9886627,
          45.5879234
        ]
      },
      "id": "relation/7607522"
    },
    {
      "type": "Feature",
      "properties": {
        "@id": "relation/8515855",
        "amenity": "community_centre",
        "building": "yes",
        "name": "Centro Sprar Enea",
        "type": "multipolygon",
        "@geometry": "center"
      },
      "geometry": {
        "type": "Point",
        "coordinates": [
          12.380511,
          41.9166771
        ]
      },
      "id": "relation/8515855"
    },
    {
      "type": "Feature",
      "properties": {
        "@id": "relation/8834066",
        "addr:city": "Caslino d'Erba",
        "addr:postcode": "22030",
        "addr:street": "Via Giuseppe Garibaldi",
        "amenity": "community_centre",
        "name": "Centro Civico \"Bachelet\"",
        "type": "multipolygon",
        "@geometry": "center"
      },
      "geometry": {
        "type": "Point",
        "coordinates": [
          9.2249177,
          45.8390062
        ]
      },
      "id": "relation/8834066"
    },
    {
      "type": "Feature",
      "properties": {
        "@id": "relation/9545160",
        "amenity": "community_centre",
        "building": "yes",
        "note": "verificare se man_made=works",
        "type": "building",
        "@geometry": "center"
      },
      "geometry": {
        "type": "Point",
        "coordinates": [
          12.1767335,
          45.9006542
        ]
      },
      "id": "relation/9545160"
    },
    {
      "type": "Feature",
      "properties": {
        "@id": "relation/9833305",
        "amenity": "community_centre",
        "community_centre": "club_home",
        "name": "Circolo Mare Bunazz",
        "social_facility": "outreach",
        "type": "multipolygon",
        "@geometry": "center"
      },
      "geometry": {
        "type": "Point",
        "coordinates": [
          13.8880997,
          42.9518943
        ]
      },
      "id": "relation/9833305"
    },
    {
      "type": "Feature",
      "properties": {
        "@id": "relation/10342400",
        "amenity": "community_centre",
        "type": "multipolygon",
        "name": "Oratorio Beato Innocenzo XI",
        "@geometry": "center"
      },
      "geometry": {
        "type": "Point",
        "coordinates": [
          12.1657255,
          42.1037338
        ]
      },
      "id": "relation/10342400"
    },
    {
      "type": "Feature",
      "properties": {
        "@id": "relation/10398187",
        "amenity": "community_centre",
        "name": "Oratorio Santi Luigi e Domenico",
        "type": "multipolygon",
        "@geometry": "center"
      },
      "geometry": {
        "type": "Point",
        "coordinates": [
          9.4850074,
          45.5408281
        ]
      },
      "id": "relation/10398187"
    },
    {
      "type": "Feature",
      "properties": {
        "@id": "relation/10755380",
        "amenity": "community_centre",
        "name": "Rifugio Sant'Anna",
        "type": "multipolygon",
        "@geometry": "center"
      },
      "geometry": {
        "type": "Point",
        "coordinates": [
          10.8937326,
          43.0481199
        ]
      },
      "id": "relation/10755380"
    },
    {
      "type": "Feature",
      "properties": {
        "@id": "relation/11298954",
        "amenity": "community_centre",
        "name": "Oratorio San Gerolamo Emiliani",
        "type": "multipolygon",
        "@geometry": "center"
      },
      "geometry": {
        "type": "Point",
        "coordinates": [
          9.245383,
          45.5006336
        ]
      },
      "id": "relation/11298954"
    },
    {
      "type": "Feature",
      "properties": {
        "@id": "relation/11298960",
        "website": "http://calafelice.info/",
        "amenity": "nightclub",
        "landuse": "recreation_ground",
        "name": "Cala Felice beach club",
        "restaurant": "yes",
        "smoking": "outside",
        "type": "multipolygon",
        "@geometry": "center"
      },
      "geometry": {
        "type": "Point",
        "coordinates": [
          10.7805114,
          42.8823139
        ]
      },
      "id": "relation/11298960"
    },
    {
      "type": "Feature",
      "properties": {
        "@id": "relation/11376256",
        "amenity": "community_centre",
        "name": "Oratorio San Filippo Neri",
        "type": "multipolygon",
        "@geometry": "center"
      },
      "geometry": {
        "type": "Point",
        "coordinates": [
          9.3737042,
          45.5652553
        ]
      },
      "id": "relation/11376256"
    },
    {
      "type": "Feature",
      "properties": {
        "@id": "relation/11594555",
        "amenity": "community_centre",
        "name": "Oratorio di Pescarenico",
        "type": "multipolygon",
        "@geometry": "center"
      },
      "geometry": {
        "type": "Point",
        "coordinates": [
          9.4018651,
          45.8429307
        ]
      },
      "id": "relation/11594555"
    },
    {
      "type": "Feature",
      "properties": {
        "@id": "relation/11818062",
        "amenity": "community_centre",
        "name": "Ex Oratorio Femminile di Palosco",
        "building": "yes",
        "type": "multipolygon",
        "@geometry": "center"
      },
      "geometry": {
        "type": "Point",
        "coordinates": [
          9.83984,
          45.5856316
        ]
      },
      "id": "relation/11818062"
    },
    {
      "type": "Feature",
      "properties": {
        "@id": "relation/12193911",
        "amenity": "community_centre",
        "type": "multipolygon",
        "name": "Oratorio di Colzate",
        "@geometry": "center"
      },
      "geometry": {
        "type": "Point",
        "coordinates": [
          9.8564737,
          45.8155761
        ]
      },
      "id": "relation/12193911"
    },
    {
      "type": "Feature",
      "properties": {
        "@id": "relation/12405632",
        "alt_name": "C.I.A.S.A.",
        "amenity": "community_centre",
        "community_centre": "cultural_centre",
        "community_centre:for": "senior",
        "name": "CIASA",
        "type": "multipolygon",
        "@geometry": "center"
      },
      "geometry": {
        "type": "Point",
        "coordinates": [
          10.5245923,
          42.9344259
        ]
      },
      "id": "relation/12405632"
    },
    {
      "type": "Feature",
      "properties": {
        "@id": "relation/12575166",
        "amenity": "social_centre",
        "construction_date": "2009",
        "name": "Centro Polifunzionale",
        "operator": "Comune di Bussero",
        "operator:type": "public",
        "start_date": "2020-10",
        "type": "multipolygon",
        "@geometry": "center"
      },
      "geometry": {
        "type": "Point",
        "coordinates": [
          9.3771928,
          45.530278
        ]
      },
      "id": "relation/12575166"
    },
    {
      "type": "Feature",
      "properties": {
        "@id": "relation/12586716",
        "access": "customers",
        "addr:city": "Follonica",
        "addr:housename": "Centro Commerciale 167 Ovest",
        "addr:postcode": "58022",
        "addr:street": "Via Pietro Nenni",
        "amenity": "community_centre",
        "community_centre": "social_centre",
        "community_centre:for": "senior",
        "contact:phone": "+39 0566 55934",
        "indoor": "room",
        "level": "-1",
        "name": "Centro Sociale Auser I Tre Saggi",
        "opening_hours": "Mo-Sa 14:00-19:00 || Th 15:00-17:00 open \"per tesseramento\"",
        "operator": "Auser Toscana",
        "start_date": "1992",
        "type": "multipolygon",
        "@geometry": "center"
      },
      "geometry": {
        "type": "Point",
        "coordinates": [
          10.7568341,
          42.9310439
        ]
      },
      "id": "relation/12586716"
    },
    {
      "type": "Feature",
      "properties": {
        "@id": "relation/12603760",
        "access": "customers",
        "addr:city": "Follonica",
        "addr:housename": "Centro Commerciale Coop",
        "addr:postcode": "58022",
        "addr:street": "Via Mario Chirici",
        "amenity": "community_centre",
        "community_centre": "meeting_room",
        "description": "Sezione Soci Follonica - Castiglione della Pescaia",
        "indoor": "room",
        "level": "0",
        "name": "Comitato Soci Follonica",
        "operator": "Unicoop Tirreno",
        "type": "multipolygon",
        "website": "https://www.unicooptirreno.it/content/sezione-soci-follonica-castiglione-della-pescaia",
        "@geometry": "center"
      },
      "geometry": {
        "type": "Point",
        "coordinates": [
          10.7654103,
          42.9281244
        ]
      },
      "id": "relation/12603760"
    },
    {
      "type": "Feature",
      "properties": {
        "@id": "relation/12920155",
        "amenity": "community_centre",
        "building": "yes",
        "name": "Centro Giovanile Parrocchiale",
        "type": "multipolygon",
        "@geometry": "center"
      },
      "geometry": {
        "type": "Point",
        "coordinates": [
          9.6953568,
          40.5748584
        ]
      },
      "id": "relation/12920155"
    },
    {
      "type": "Feature",
      "properties": {
        "@id": "relation/13292834",
        "addr:city": "Spoltore",
        "addr:street": "Via Majella",
        "amenity": "nightclub",
        "name": "Sciarra Party Festivita",
        "phone": "+39 085 497 1148",
        "type": "multipolygon",
        "@geometry": "center"
      },
      "geometry": {
        "type": "Point",
        "coordinates": [
          14.158835,
          42.4203212
        ]
      },
      "id": "relation/13292834"
    },
    {
      "type": "Feature",
      "properties": {
        "@id": "relation/13296480",
        "name": "Dancing Discoteca 'Il Dollaro'",
        "opening_hours": "Sa, Su, We 21:00-03:00",
        "addr:city": "Cepagatti",
        "addr:housenumber": "70",
        "addr:postcode": "65012",
        "addr:street": "Via Nazionale",
        "amenity": "nightclub",
        "contact:phone": "+39 335 104 0612",
        "facebook": "https://it-it.facebook.com/dollaro.discotecaliscio",
        "outdoor_seating": "yes",
        "phone": "+39 085 977 1589",
        "type": "multipolygon",
        "website": "https://discotecaildollaro.it",
        "@geometry": "center"
      },
      "geometry": {
        "type": "Point",
        "coordinates": [
          14.1529561,
          42.4141616
        ]
      },
      "id": "relation/13296480"
    },
    {
      "type": "Feature",
      "properties": {
        "@id": "relation/13402939",
        "wikipedia": "it:Chiesa di Santa Rita da Cascia in Campitelli",
        "amenity": "community_centre",
        "building": "yes",
        "name": "Sala Santa Rita",
        "old_name": "Santa Rita da Cascia",
        "type": "multipolygon",
        "wikidata": "Q3674205",
        "@geometry": "center"
      },
      "geometry": {
        "type": "Point",
        "coordinates": [
          12.4800061,
          41.8926086
        ]
      },
      "id": "relation/13402939"
    },
    {
      "type": "Feature",
      "properties": {
        "@id": "relation/13460704",
        "type": "multipolygon",
        "name": "Real Dance",
        "leisure": "dance",
        "barrier": "fence",
        "amenity": "nightclub",
        "@geometry": "center"
      },
      "geometry": {
        "type": "Point",
        "coordinates": [
          14.3478275,
          42.3082259
        ]
      },
      "id": "relation/13460704"
    },
    {
      "type": "Feature",
      "properties": {
        "@id": "relation/13473432",
        "alt_name": "Ex lavatoi di Viaccia",
        "amenity": "community_centre",
        "name": "Giardino di Elisabetta",
        "type": "multipolygon",
        "wikimedia_commons": "Category:Lavatoi del XVIII secolo (Viaccia)",
        "@geometry": "center"
      },
      "geometry": {
        "type": "Point",
        "coordinates": [
          11.0556597,
          43.8971862
        ]
      },
      "id": "relation/13473432"
    },
    {
      "type": "Feature",
      "properties": {
        "@id": "relation/13489838",
        "type": "multipolygon",
        "name": "Centro polifunzionale \"San Zeno\"",
        "building": "yes",
        "amenity": "community_centre",
        "@geometry": "center"
      },
      "geometry": {
        "type": "Point",
        "coordinates": [
          10.4044556,
          43.7218576
        ]
      },
      "id": "relation/13489838"
    },
    {
      "type": "Feature",
      "properties": {
        "@id": "relation/13507909",
        "amenity": "community_centre",
        "loc_name": "Oratorio Melzo",
        "name": "Oratorio Sacro Cuore",
        "type": "multipolygon",
        "@geometry": "center"
      },
      "geometry": {
        "type": "Point",
        "coordinates": [
          9.4315551,
          45.498723
        ]
      },
      "id": "relation/13507909"
    },
    {
      "type": "Feature",
      "properties": {
        "@id": "relation/13728636",
        "alt_name": "Oratorio di Trezzo",
        "amenity": "community_centre",
        "name": "Oratorio San Luigi",
        "type": "multipolygon",
        "@geometry": "center"
      },
      "geometry": {
        "type": "Point",
        "coordinates": [
          9.5152856,
          45.6072684
        ]
      },
      "id": "relation/13728636"
    },
    {
      "type": "Feature",
      "properties": {
        "@id": "relation/14164842",
        "amenity": "community_centre",
        "community_centre": "environment_centre",
        "name": "Gran Pino",
        "operator": "Gruppo Italiano Amici della Natura",
        "type": "multipolygon",
        "website": "https://www.granpino.it",
        "@geometry": "center"
      },
      "geometry": {
        "type": "Point",
        "coordinates": [
          10.483132,
          43.3100554
        ]
      },
      "id": "relation/14164842"
    },
    {
      "type": "Feature",
      "properties": {
        "@id": "relation/14558440",
        "amenity": "community_centre",
        "building": "civic",
        "name": "Centro Civico Giovanni XXIII",
        "operator": "Nuova Associazione Quartiere Giardino",
        "type": "multipolygon",
        "@geometry": "center"
      },
      "geometry": {
        "type": "Point",
        "coordinates": [
          9.0855497,
          45.4379389
        ]
      },
      "id": "relation/14558440"
    },
    {
      "type": "Feature",
      "properties": {
        "@id": "relation/14921442",
        "amenity": "community_centre",
        "name": "Padiglione Polifunzionale di Agugliaro",
        "type": "building",
        "@geometry": "center"
      },
      "geometry": {
        "type": "Point",
        "coordinates": [
          11.5859156,
          45.3257828
        ]
      },
      "id": "relation/14921442"
    },
    {
      "type": "Feature",
      "properties": {
        "@id": "relation/15050609",
        "amenity": "community_centre",
        "name": "Oratorio Parrocchiale",
        "operator": "Parrocchia San Giovanni Battista",
        "operator:type": "religious",
        "type": "multipolygon",
        "@geometry": "center"
      },
      "geometry": {
        "type": "Point",
        "coordinates": [
          11.3440585,
          45.6132706
        ]
      },
      "id": "relation/15050609"
    },
    {
      "type": "Feature",
      "properties": {
        "@id": "way/26623911",
        "amenity": "community_centre",
        "building": "yes",
        "name": "Centro Civico",
        "@geometry": "center"
      },
      "geometry": {
        "type": "Point",
        "coordinates": [
          11.1420504,
          46.0766304
        ]
      },
      "id": "way/26623911"
    },
    {
      "type": "Feature",
      "properties": {
        "@id": "way/27779206",
        "amenity": "nightclub",
        "name": "Saitta Dancing",
        "@geometry": "center"
      },
      "geometry": {
        "type": "Point",
        "coordinates": [
          8.2552993,
          44.1221507
        ]
      },
      "id": "way/27779206"
    },
    {
      "type": "Feature",
      "properties": {
        "@id": "way/29062400",
        "note": "Area ex Discoteca Sporting Club",
        "name": "Aree Sporting Club",
        "landuse": "recreation_ground",
        "amenity": "nightclub",
        "@geometry": "center"
      },
      "geometry": {
        "type": "Point",
        "coordinates": [
          8.3401165,
          44.1834649
        ]
      },
      "id": "way/29062400"
    },
    {
      "type": "Feature",
      "properties": {
        "@id": "way/31075747",
        "amenity": "community_centre",
        "building": "yes",
        "name": "CAM Sandro Lopopolo",
        "name:etymology": "Sandro Lopopolo",
        "name:etymology:wikidata": "Q119073",
        "name:etymology:wikipedia": "it:Sandro Lopopolo",
        "source": "bing",
        "@geometry": "center"
      },
      "geometry": {
        "type": "Point",
        "coordinates": [
          9.1363613,
          45.5162882
        ]
      },
      "id": "way/31075747"
    },
    {
      "type": "Feature",
      "properties": {
        "@id": "way/31141682",
        "addr:city": "Monza",
        "addr:country": "IT",
        "addr:housenumber": "8",
        "addr:postcode": "20900",
        "addr:street": "Via Filippo Turati",
        "amenity": "community_centre",
        "building": "public",
        "building:levels": "3",
        "name": "Urban Center",
        "start_date": "1934",
        "wikidata": "Q4006358",
        "wikipedia": "it:Urban Center",
        "@geometry": "center"
      },
      "geometry": {
        "type": "Point",
        "coordinates": [
          9.2745024,
          45.5771484
        ]
      },
      "id": "way/31141682"
    },
    {
      "type": "Feature",
      "properties": {
        "@id": "way/31287649",
        "amenity": "community_centre",
        "building": "yes",
        "name": "Oratorio",
        "@geometry": "center"
      },
      "geometry": {
        "type": "Point",
        "coordinates": [
          11.0217959,
          45.8863013
        ]
      },
      "id": "way/31287649"
    },
    {
      "type": "Feature",
      "properties": {
        "@id": "way/34830193",
        "amenity": "community_centre",
        "building": "yes",
        "name": "Ludoteca Giocagulp",
        "@geometry": "center"
      },
      "geometry": {
        "type": "Point",
        "coordinates": [
          9.6942628,
          45.7125273
        ]
      },
      "id": "way/34830193"
    },
    {
      "type": "Feature",
      "properties": {
        "@id": "way/35945459",
        "amenity": "community_centre",
        "building": "yes",
        "height": "9 m",
        "it:fvg:ctrn:code": "4AED",
        "it:fvg:ctrn:revision": "000",
        "name": "Casa del Popolo",
        "@geometry": "center"
      },
      "geometry": {
        "type": "Point",
        "coordinates": [
          12.8029863,
          46.520496
        ]
      },
      "id": "way/35945459"
    },
    {
      "type": "Feature",
      "properties": {
        "@id": "way/35986806",
        "amenity": "community_centre",
        "building": "yes",
        "height": "14 m",
        "it:fvg:ctrn:code": "4AED",
        "it:fvg:ctrn:revision": "000",
        "name": "Centro socio culturale",
        "@geometry": "center"
      },
      "geometry": {
        "type": "Point",
        "coordinates": [
          12.8648841,
          46.4845387
        ]
      },
      "id": "way/35986806"
    },
    {
      "type": "Feature",
      "properties": {
        "@id": "way/35992151",
        "amenity": "community_centre",
        "building": "yes",
        "height": "9 m",
        "it:fvg:ctrn:code": "4AED",
        "it:fvg:ctrn:revision": "000",
        "name": "Casa del Popolo",
        "@geometry": "center"
      },
      "geometry": {
        "type": "Point",
        "coordinates": [
          12.9318253,
          46.4233934
        ]
      },
      "id": "way/35992151"
    },
    {
      "type": "Feature",
      "properties": {
        "@id": "way/36014285",
        "amenity": "social_centre",
        "building": "yes",
        "height": "15 m",
        "it:fvg:ctrn:code": "4AED",
        "it:fvg:ctrn:revision": "1AN",
        "name": "Polse di Cougnes",
        "website": "http://www.lapolse.org",
        "@geometry": "center"
      },
      "geometry": {
        "type": "Point",
        "coordinates": [
          13.0120134,
          46.4694673
        ]
      },
      "id": "way/36014285"
    },
    {
      "type": "Feature",
      "properties": {
        "@id": "way/36019674",
        "addr:city": "Tarvisio",
        "addr:country": "IT",
        "addr:housenumber": "1",
        "addr:postcode": "33018",
        "addr:street": "Via Giovanni Paolo Secondo",
        "amenity": "community_centre",
        "building": "yes",
        "height": "6 m",
        "it:fvg:ctrn:code": "4AED",
        "it:fvg:ctrn:revision": "000",
        "name": "Centro Culturale",
        "operator": "Comune di Tarvisio",
        "@geometry": "center"
      },
      "geometry": {
        "type": "Point",
        "coordinates": [
          13.5805353,
          46.5051651
        ]
      },
      "id": "way/36019674"
    },
    {
      "type": "Feature",
      "properties": {
        "@id": "way/36033371",
        "amenity": "social_centre",
        "building": "yes",
        "height": "2 m",
        "it:fvg:ctrn:code": "4AED",
        "it:fvg:ctrn:revision": "000",
        "name": "Baita Alpina A.N.A. Val Resia Cavalier Enzo Lettig",
        "@geometry": "center"
      },
      "geometry": {
        "type": "Point",
        "coordinates": [
          13.3046092,
          46.3899104
        ]
      },
      "id": "way/36033371"
    },
    {
      "type": "Feature",
      "properties": {
        "@id": "way/36034980",
        "amenity": "social_centre",
        "building": "yes",
        "height": "3 m",
        "it:fvg:ctrn:code": "4AED",
        "it:fvg:ctrn:revision": "1A0",
        "name": "Associazione Nazionale Alpini",
        "@geometry": "center"
      },
      "geometry": {
        "type": "Point",
        "coordinates": [
          13.1353474,
          46.3326085
        ]
      },
      "id": "way/36034980"
    },
    {
      "type": "Feature",
      "properties": {
        "@id": "way/36037026",
        "amenity": "social_centre",
        "building": "yes",
        "height": "9 m",
        "it:fvg:ctrn:code": "4AED",
        "it:fvg:ctrn:revision": "1A0",
        "name": "Centro parrocchiale Glemonensis",
        "@geometry": "center"
      },
      "geometry": {
        "type": "Point",
        "coordinates": [
          13.1346394,
          46.2787937
        ]
      },
      "id": "way/36037026"
    },
    {
      "type": "Feature",
      "properties": {
        "@id": "way/36037595",
        "amenity": "social_centre",
        "building": "yes",
        "height": "3 m",
        "it:fvg:ctrn:code": "4AED",
        "it:fvg:ctrn:revision": "1A0",
        "name": "A.N.A. Sezione di Gemona",
        "@geometry": "center"
      },
      "geometry": {
        "type": "Point",
        "coordinates": [
          13.1390932,
          46.2816866
        ]
      },
      "id": "way/36037595"
    },
    {
      "type": "Feature",
      "properties": {
        "@id": "way/36037788",
        "amenity": "community_centre",
        "building": "yes",
        "height": "11 m",
        "it:fvg:ctrn:code": "4AED",
        "it:fvg:ctrn:revision": "1AM",
        "name": "Centro parrocchiale Salcons",
        "@geometry": "center"
      },
      "geometry": {
        "type": "Point",
        "coordinates": [
          13.1337933,
          46.278189
        ]
      },
      "id": "way/36037788"
    },
    {
      "type": "Feature",
      "properties": {
        "@id": "way/36037887",
        "amenity": "social_centre",
        "building": "yes",
        "height": "3 m",
        "it:fvg:ctrn:code": "4AED",
        "it:fvg:ctrn:revision": "1AM",
        "name": "L'Associazione Sportiva e Ricreativa Stalis",
        "website": "http://associazionelaserstalis.blogspot.it/",
        "@geometry": "center"
      },
      "geometry": {
        "type": "Point",
        "coordinates": [
          13.1394696,
          46.291319
        ]
      },
      "id": "way/36037887"
    },
    {
      "type": "Feature",
      "properties": {
        "@id": "way/36038670",
        "amenity": "social_centre",
        "building": "yes",
        "height": "4 m",
        "it:fvg:ctrn:code": "4AED",
        "it:fvg:ctrn:revision": "1A0",
        "name": "Centro Socio Culturale di Godo",
        "@geometry": "center"
      },
      "geometry": {
        "type": "Point",
        "coordinates": [
          13.1395639,
          46.2706076
        ]
      },
      "id": "way/36038670"
    },
    {
      "type": "Feature",
      "properties": {
        "@id": "way/36038842",
        "name": "Club Alpino Italiano - sezione di Gemona del Friuli",
        "it:fvg:ctrn:revision": "1A0",
        "it:fvg:ctrn:code": "4AED",
        "height": "7 m",
        "building": "yes",
        "amenity": "social_centre",
        "email": "gemonadelfriuli@cai.it",
        "office": "association",
        "website": "http://www.caigemona.it/",
        "@geometry": "center"
      },
      "geometry": {
        "type": "Point",
        "coordinates": [
          13.1512559,
          46.2629619
        ]
      },
      "id": "way/36038842"
    },
    {
      "type": "Feature",
      "properties": {
        "@id": "way/36039332",
        "amenity": "community_centre",
        "building": "yes",
        "height": "4 m",
        "it:fvg:ctrn:code": "4AED",
        "it:fvg:ctrn:revision": "1AM",
        "name": "Associazione Taboga 13",
        "@geometry": "center"
      },
      "geometry": {
        "type": "Point",
        "coordinates": [
          13.1100954,
          46.2668015
        ]
      },
      "id": "way/36039332"
    },
    {
      "type": "Feature",
      "properties": {
        "@id": "way/36040210",
        "amenity": "social_centre",
        "building": "yes",
        "height": "3 m",
        "it:fvg:ctrn:code": "4AED",
        "it:fvg:ctrn:revision": "1AM",
        "name": "Circolo ricreativo culturale di Campolessi \"Il Farc\"",
        "@geometry": "center"
      },
      "geometry": {
        "type": "Point",
        "coordinates": [
          13.1176346,
          46.2531781
        ]
      },
      "id": "way/36040210"
    },
    {
      "type": "Feature",
      "properties": {
        "@id": "way/36041204",
        "amenity": "social_centre",
        "building": "yes",
        "height": "3 m",
        "it:fvg:ctrn:code": "4AED",
        "it:fvg:ctrn:revision": "1AN",
        "name": "Associazione Nazionale Alpini gruppo di Ospedaletto",
        "@geometry": "center"
      },
      "geometry": {
        "type": "Point",
        "coordinates": [
          13.1206127,
          46.2953976
        ]
      },
      "id": "way/36041204"
    },
    {
      "type": "Feature",
      "properties": {
        "@id": "way/36042560",
        "amenity": "nightclub",
        "building": "yes",
        "height": "6 m",
        "it:fvg:ctrn:code": "4AED",
        "it:fvg:ctrn:revision": "1A0",
        "name": "Onyx",
        "@geometry": "center"
      },
      "geometry": {
        "type": "Point",
        "coordinates": [
          13.0673592,
          46.2205124
        ]
      },
      "id": "way/36042560"
    },
    {
      "type": "Feature",
      "properties": {
        "@id": "way/36049902",
        "amenity": "community_centre",
        "building": "yes",
        "height": "7 m",
        "it:fvg:ctrn:code": "4AED",
        "it:fvg:ctrn:revision": "1A0",
        "@geometry": "center"
      },
      "geometry": {
        "type": "Point",
        "coordinates": [
          13.1772398,
          46.2316899
        ]
      },
      "id": "way/36049902"
    },
    {
      "type": "Feature",
      "properties": {
        "@id": "way/36052211",
        "amenity": "community_centre",
        "building": "yes",
        "height": "4 m",
        "it:fvg:ctrn:code": "4AED",
        "it:fvg:ctrn:revision": "1A0",
        "name": "Centro della comunità",
        "@geometry": "center"
      },
      "geometry": {
        "type": "Point",
        "coordinates": [
          13.3441737,
          46.2066231
        ]
      },
      "id": "way/36052211"
    },
    {
      "type": "Feature",
      "properties": {
        "@id": "way/36068046",
        "amenity": "community_centre",
        "building": "yes",
        "height": "10 m",
        "it:fvg:ctrn:code": "4AED",
        "it:fvg:ctrn:revision": "1AN",
        "name": "La Bella Vista Club",
        "@geometry": "center"
      },
      "geometry": {
        "type": "Point",
        "coordinates": [
          12.6093295,
          46.0280614
        ]
      },
      "id": "way/36068046"
    },
    {
      "type": "Feature",
      "properties": {
        "@id": "way/36087230",
        "amenity": "community_centre",
        "building": "yes",
        "height": "4 m",
        "it:fvg:ctrn:code": "4AED",
        "it:fvg:ctrn:revision": "000",
        "name": "Oratorio",
        "@geometry": "center"
      },
      "geometry": {
        "type": "Point",
        "coordinates": [
          12.9169083,
          46.1684549
        ]
      },
      "id": "way/36087230"
    },
    {
      "type": "Feature",
      "properties": {
        "@id": "way/36087502",
        "amenity": "community_centre",
        "building": "yes",
        "height": "8 m",
        "it:fvg:ctrn:code": "4AED",
        "it:fvg:ctrn:revision": "000",
        "name": "Centro di aggregazione giovanile (ex latteria)",
        "@geometry": "center"
      },
      "geometry": {
        "type": "Point",
        "coordinates": [
          12.9208548,
          46.1679941
        ]
      },
      "id": "way/36087502"
    },
    {
      "type": "Feature",
      "properties": {
        "@id": "way/36088166",
        "alt_name": "Centro Caritas",
        "amenity": "community_centre",
        "building": "yes",
        "height": "3 m",
        "it:fvg:ctrn:code": "4AED",
        "it:fvg:ctrn:revision": "000",
        "name": "Centro parrocchiale",
        "@geometry": "center"
      },
      "geometry": {
        "type": "Point",
        "coordinates": [
          12.9449773,
          46.1820632
        ]
      },
      "id": "way/36088166"
    },
    {
      "type": "Feature",
      "properties": {
        "@id": "way/36162155",
        "amenity": "community_centre",
        "building": "yes",
        "height": "7 m",
        "it:fvg:ctrn:code": "4AED",
        "it:fvg:ctrn:revision": "1A0",
        "name": "A.N.A Gruppo di Campeglio",
        "@geometry": "center"
      },
      "geometry": {
        "type": "Point",
        "coordinates": [
          13.3621782,
          46.13076
        ]
      },
      "id": "way/36162155"
    },
    {
      "type": "Feature",
      "properties": {
        "@id": "way/36184421",
        "amenity": "community_centre",
        "building": "yes",
        "height": "9 m",
        "it:fvg:ctrn:code": "4AED",
        "it:fvg:ctrn:revision": "1A0",
        "name": "Villa Valentinis",
        "@geometry": "center"
      },
      "geometry": {
        "type": "Point",
        "coordinates": [
          13.1950568,
          46.1965286
        ]
      },
      "id": "way/36184421"
    },
    {
      "type": "Feature",
      "properties": {
        "@id": "way/36198565",
        "amenity": "social_centre",
        "building": "yes",
        "height": "3 m",
        "it:fvg:ctrn:code": "4AED",
        "it:fvg:ctrn:revision": "1AN",
        "name": "Casa Masci",
        "@geometry": "center"
      },
      "geometry": {
        "type": "Point",
        "coordinates": [
          12.4922629,
          45.9640357
        ]
      },
      "id": "way/36198565"
    },
    {
      "type": "Feature",
      "properties": {
        "@id": "way/36200860",
        "amenity": "community_centre",
        "building": "yes",
        "height": "9 m",
        "it:fvg:ctrn:code": "4AED",
        "it:fvg:ctrn:revision": "1A0",
        "@geometry": "center"
      },
      "geometry": {
        "type": "Point",
        "coordinates": [
          12.5710644,
          45.9827604
        ]
      },
      "id": "way/36200860"
    },
    {
      "type": "Feature",
      "properties": {
        "@id": "way/36211559",
        "amenity": "nightclub",
        "building": "yes",
        "height": "6 m",
        "it:fvg:ctrn:code": "4AED",
        "it:fvg:ctrn:revision": "1A0",
        "name": "Patatina cafè",
        "@geometry": "center"
      },
      "geometry": {
        "type": "Point",
        "coordinates": [
          12.6311089,
          45.9958624
        ]
      },
      "id": "way/36211559"
    },
    {
      "type": "Feature",
      "properties": {
        "@id": "way/36243654",
        "amenity": "nightclub",
        "building": "yes",
        "height": "6 m",
        "it:fvg:ctrn:code": "4AED",
        "it:fvg:ctrn:revision": "1A0",
        "name": "Royal",
        "@geometry": "center"
      },
      "geometry": {
        "type": "Point",
        "coordinates": [
          12.7032394,
          45.9502756
        ]
      },
      "id": "way/36243654"
    },
    {
      "type": "Feature",
      "properties": {
        "@id": "way/36274288",
        "amenity": "nightclub",
        "building": "yes",
        "height": "9 m",
        "it:fvg:ctrn:code": "4AED",
        "it:fvg:ctrn:revision": "1A0",
        "name": "Tio Disco",
        "@geometry": "center"
      },
      "geometry": {
        "type": "Point",
        "coordinates": [
          12.8754129,
          45.9407365
        ]
      },
      "id": "way/36274288"
    },
    {
      "type": "Feature",
      "properties": {
        "@id": "way/36282546",
        "amenity": "nightclub",
        "name": "La Tana",
        "building": "yes",
        "height": "8 m",
        "it:fvg:ctrn:code": "4AED",
        "it:fvg:ctrn:revision": "1AM",
        "@geometry": "center"
      },
      "geometry": {
        "type": "Point",
        "coordinates": [
          12.8600964,
          45.8644331
        ]
      },
      "id": "way/36282546"
    },
    {
      "type": "Feature",
      "properties": {
        "@id": "way/36283587",
        "amenity": "community_centre",
        "building": "yes",
        "height": "10 m",
        "it:fvg:ctrn:code": "4AED",
        "it:fvg:ctrn:revision": "1A0",
        "@geometry": "center"
      },
      "geometry": {
        "type": "Point",
        "coordinates": [
          12.8524849,
          45.8963243
        ]
      },
      "id": "way/36283587"
    },
    {
      "type": "Feature",
      "properties": {
        "@id": "way/36386786",
        "name": "New Big Mama",
        "name:it": "Discoteca Dalí",
        "building": "yes",
        "amenity": "nightclub",
        "height": "8",
        "it:fvg:ctrn:code": "4AED",
        "it:fvg:ctrn:revision": "1A0",
        "@geometry": "center"
      },
      "geometry": {
        "type": "Point",
        "coordinates": [
          13.3379157,
          45.8290241
        ]
      },
      "id": "way/36386786"
    },
    {
      "type": "Feature",
      "properties": {
        "@id": "way/36399608",
        "name": "Mini Mu",
        "amenity": "community_centre",
        "building": "yes",
        "height": "11 m",
        "it:fvg:ctrn:code": "4AED",
        "it:fvg:ctrn:revision": "1A0",
        "@geometry": "center"
      },
      "geometry": {
        "type": "Point",
        "coordinates": [
          13.804712,
          45.6600003
        ]
      },
      "id": "way/36399608"
    },
    {
      "type": "Feature",
      "properties": {
        "@id": "way/36400216",
        "amenity": "community_centre",
        "building": "civic",
        "height": "10 m",
        "it:fvg:ctrn:code": "4AED",
        "it:fvg:ctrn:revision": "1A0",
        "name": "Marijin dom Sveti Ivan",
        "@geometry": "center"
      },
      "geometry": {
        "type": "Point",
        "coordinates": [
          13.8062859,
          45.6581937
        ]
      },
      "id": "way/36400216"
    },
    {
      "type": "Feature",
      "properties": {
        "@id": "way/36411853",
        "opening_hours:covid19": "open",
        "start_date": "2021-02-19",
        "operator:type": "public",
        "addr:city": "Trieste",
        "addr:housenumber": "1",
        "addr:postcode": "34148",
        "addr:street": "Via dei Macelli",
        "amenity": "community_centre",
        "building": "yes",
        "height": "10 m",
        "it:fvg:ctrn:code": "4AED",
        "it:fvg:ctrn:revision": "1A0",
        "name": "Centro Civico Valmaura",
        "operator": "Comune di Trieste",
        "@geometry": "center"
      },
      "geometry": {
        "type": "Point",
        "coordinates": [
          13.7927941,
          45.6241756
        ]
      },
      "id": "way/36411853"
    },
    {
      "type": "Feature",
      "properties": {
        "@id": "way/36412223",
        "amenity": "nightclub",
        "building": "yes",
        "height": "9 m",
        "it:fvg:ctrn:code": "4AED",
        "it:fvg:ctrn:revision": "1AM",
        "name": "Dancing Paradiso",
        "@geometry": "center"
      },
      "geometry": {
        "type": "Point",
        "coordinates": [
          13.8130699,
          45.6193177
        ]
      },
      "id": "way/36412223"
    },
    {
      "type": "Feature",
      "properties": {
        "@id": "way/36421274",
        "amenity": "community_centre",
        "building": "industrial",
        "height": "8 m",
        "it:fvg:ctrn:code": "4AIN",
        "it:fvg:ctrn:revision": "1A0",
        "man_made": "works",
        "name": "Casa della gioventù",
        "@geometry": "center"
      },
      "geometry": {
        "type": "Point",
        "coordinates": [
          13.1271568,
          46.2081147
        ]
      },
      "id": "way/36421274"
    },
    {
      "type": "Feature",
      "properties": {
        "@id": "way/36438360",
        "amenity": "community_centre",
        "building": "civic",
        "height": "7 m",
        "it:fvg:ctrn:code": "4AED",
        "name": "Centro Polifunzionale",
        "@geometry": "center"
      },
      "geometry": {
        "type": "Point",
        "coordinates": [
          13.4886538,
          46.1297223
        ]
      },
      "id": "way/36438360"
    },
    {
      "type": "Feature",
      "properties": {
        "@id": "way/36447418",
        "amenity": "community_centre",
        "name": "Oratorio Chions",
        "operator": "Parrocchia",
        "@geometry": "center"
      },
      "geometry": {
        "type": "Point",
        "coordinates": [
          12.7140354,
          45.8491451
        ]
      },
      "id": "way/36447418"
    },
    {
      "type": "Feature",
      "properties": {
        "@id": "way/36659873",
        "amenity": "community_centre",
        "building": "yes",
        "it:fvg:ctrn:code": "4AEC",
        "it:fvg:ctrn:revision": "000",
        "name": "Associazione Nazionale Alpini Val Pesarina",
        "@geometry": "center"
      },
      "geometry": {
        "type": "Point",
        "coordinates": [
          12.8032916,
          46.520528
        ]
      },
      "id": "way/36659873"
    },
    {
      "type": "Feature",
      "properties": {
        "@id": "way/36686690",
        "amenity": "community_centre",
        "building": "yes",
        "it:fvg:ctrn:code": "4ACU",
        "it:fvg:ctrn:revision": "1AM",
        "@geometry": "center"
      },
      "geometry": {
        "type": "Point",
        "coordinates": [
          13.0406475,
          46.177851
        ]
      },
      "id": "way/36686690"
    },
    {
      "type": "Feature",
      "properties": {
        "@id": "way/36687432",
        "amenity": "community_centre",
        "building": "yes",
        "denomination": "catholic",
        "it:fvg:ctrn:code": "4ACU",
        "it:fvg:ctrn:revision": "1A0",
        "name": "Centro parrocchiale don Celeste",
        "religion": "christian",
        "@geometry": "center"
      },
      "geometry": {
        "type": "Point",
        "coordinates": [
          13.0777949,
          46.2814225
        ]
      },
      "id": "way/36687432"
    },
    {
      "type": "Feature",
      "properties": {
        "@id": "way/36695248",
        "email": "info@cantera.it",
        "name": "Cantera Social Club",
        "website": "http://cantera.it/",
        "ref:vatin": "IT01127110326",
        "addr:city": "Duino Aurisina / Devin - Nabrežina",
        "addr:housenumber": "68",
        "addr:place": "Sistiana / Sesljan",
        "addr:postcode": "34011",
        "amenity": "nightclub",
        "building": "yes",
        "facebook": "https://www.facebook.com/canteraclubsistiana",
        "height": "3 m",
        "it:fvg:ctrn:code": "4AED",
        "it:fvg:ctrn:revision": "1A0",
        "opening_hours": "19:30-04:00",
        "phone:mobile": "+39 335 1287724",
        "@geometry": "center"
      },
      "geometry": {
        "type": "Point",
        "coordinates": [
          13.6260392,
          45.7701479
        ]
      },
      "id": "way/36695248"
    },
    {
      "type": "Feature",
      "properties": {
        "@id": "way/36702500",
        "website": "https://www.mrcharlie.net/",
        "name": "Mr. Charlie",
        "height": "7 m",
        "email": "info@mrcharlie.net",
        "building": "yes",
        "amenity": "nightclub",
        "addr:street": "Viale Tagliamento",
        "addr:state": "Italia",
        "addr:city": "Lignano Sabbiadoro",
        "addr:hamlet": "Lignano Pineta",
        "addr:housenumber": "2",
        "addr:postcode": "33054",
        "addr:province": "Udine",
        "@geometry": "center"
      },
      "geometry": {
        "type": "Point",
        "coordinates": [
          13.0908708,
          45.6666479
        ]
      },
      "id": "way/36702500"
    },
    {
      "type": "Feature",
      "properties": {
        "@id": "way/36703962",
        "addr:city": "Lignano Sabbiadoro",
        "addr:hamlet": "Lignano Pineta",
        "addr:housenumber": "1",
        "addr:postcode": "33054",
        "addr:street": "Lungomare Riccardo Riva",
        "amenity": "nightclub",
        "name": "Kursaal Club",
        "phone": "+39 800 912 664",
        "smoking": "outside",
        "website": "https://m.facebook.com/kursaalclub",
        "building": "yes",
        "height": "11 m",
        "@geometry": "center"
      },
      "geometry": {
        "type": "Point",
        "coordinates": [
          13.1081585,
          45.6620693
        ]
      },
      "id": "way/36703962"
    },
    {
      "type": "Feature",
      "properties": {
        "@id": "way/36706152",
        "name": "Lignano Tuna Club",
        "it:fvg:ctrn:revision": "1A0",
        "it:fvg:ctrn:code": "4AED",
        "height": "5 m",
        "building": "yes",
        "amenity": "community_centre",
        "@geometry": "center"
      },
      "geometry": {
        "type": "Point",
        "coordinates": [
          13.1473126,
          45.6932783
        ]
      },
      "id": "way/36706152"
    },
    {
      "type": "Feature",
      "properties": {
        "@id": "way/39077047",
        "amenity": "community_centre",
        "building": "yes",
        "layer": "0",
        "name": "Sala Circoscrizione",
        "@geometry": "center"
      },
      "geometry": {
        "type": "Point",
        "coordinates": [
          11.1460828,
          46.0481688
        ]
      },
      "id": "way/39077047"
    },
    {
      "type": "Feature",
      "properties": {
        "@id": "way/39092306",
        "addr:city": "Trento",
        "addr:housename": "Centro Civico dell'Oltrefersina",
        "addr:housenumber": "2/1",
        "addr:postcode": "38123",
        "addr:street": "Via la Clarina",
        "amenity": "community_centre",
        "building": "civic",
        "name": "Centro Civico dell'Oltrefersina",
        "@geometry": "center"
      },
      "geometry": {
        "type": "Point",
        "coordinates": [
          11.1277466,
          46.0516408
        ]
      },
      "id": "way/39092306"
    },
    {
      "type": "Feature",
      "properties": {
        "@id": "way/39749399",
        "club": "religion",
        "amenity": "community_centre",
        "building": "yes",
        "@geometry": "center"
      },
      "geometry": {
        "type": "Point",
        "coordinates": [
          9.1981397,
          45.5083812
        ]
      },
      "id": "way/39749399"
    },
    {
      "type": "Feature",
      "properties": {
        "@id": "way/40272807",
        "amenity": "community_centre",
        "building": "public",
        "community_centre": "community_hall",
        "@geometry": "center"
      },
      "geometry": {
        "type": "Point",
        "coordinates": [
          12.6714565,
          43.9889876
        ]
      },
      "id": "way/40272807"
    },
    {
      "type": "Feature",
      "properties": {
        "@id": "way/40766064",
        "amenity": "community_centre",
        "it:lombardia:ctrn:cascina:CS_ID": "387",
        "landuse": "village_green",
        "name": "Cascina Casale",
        "@geometry": "center"
      },
      "geometry": {
        "type": "Point",
        "coordinates": [
          9.368352,
          45.5168273
        ]
      },
      "id": "way/40766064"
    },
    {
      "type": "Feature",
      "properties": {
        "@id": "way/41434773",
        "amenity": "community_centre",
        "building": "public",
        "denomination": "catholic",
        "name": "Oratorio San Carlo",
        "religion": "christian",
        "@geometry": "center"
      },
      "geometry": {
        "type": "Point",
        "coordinates": [
          9.2369848,
          45.4701364
        ]
      },
      "id": "way/41434773"
    },
    {
      "type": "Feature",
      "properties": {
        "@id": "way/41558355",
        "amenity": "community_centre",
        "name": "Chiesetta degli Alpini",
        "operator": "Associazione Nazionale Alpini",
        "operator:type": "association",
        "source": "Regione Lombardia - La banca dati territoriali CTR10000 è prodotta da Regione Lombardia - Infrastruttura per l'Informazione Territoriale",
        "@geometry": "center"
      },
      "geometry": {
        "type": "Point",
        "coordinates": [
          10.4975743,
          45.5915646
        ]
      },
      "id": "way/41558355"
    },
    {
      "type": "Feature",
      "properties": {
        "@id": "way/42132119",
        "amenity": "community_centre",
        "name": "Centro polivalente per gli Anziani",
        "@geometry": "center"
      },
      "geometry": {
        "type": "Point",
        "coordinates": [
          18.2460549,
          40.2084868
        ]
      },
      "id": "way/42132119"
    },
    {
      "type": "Feature",
      "properties": {
        "@id": "way/44014062",
        "amenity": "social_centre",
        "building": "yes",
        "name": "Società Operaia Cattolica N.S. Assunta",
        "source": "Regione Liguria",
        "@geometry": "center"
      },
      "geometry": {
        "type": "Point",
        "coordinates": [
          8.9856933,
          44.4581462
        ]
      },
      "id": "way/44014062"
    },
    {
      "type": "Feature",
      "properties": {
        "@id": "way/45137902",
        "name": "Associazione Mutuo Soccorso La Concordia",
        "amenity": "community_centre",
        "building": "yes",
        "@geometry": "center"
      },
      "geometry": {
        "type": "Point",
        "coordinates": [
          8.9680393,
          44.4476308
        ]
      },
      "id": "way/45137902"
    },
    {
      "type": "Feature",
      "properties": {
        "@id": "way/45774189",
        "amenity": "nightclub",
        "building": "yes",
        "@geometry": "center"
      },
      "geometry": {
        "type": "Point",
        "coordinates": [
          12.6167306,
          37.6370154
        ]
      },
      "id": "way/45774189"
    },
    {
      "type": "Feature",
      "properties": {
        "@id": "way/48368363",
        "amenity": "nightclub",
        "building": "yes",
        "name": "Club Max",
        "@geometry": "center"
      },
      "geometry": {
        "type": "Point",
        "coordinates": [
          11.6519383,
          46.7067791
        ]
      },
      "id": "way/48368363"
    },
    {
      "type": "Feature",
      "properties": {
        "@id": "way/49643505",
        "amenity": "community_centre",
        "building": "civic",
        "name": "Auditorium San Francesco",
        "@geometry": "center"
      },
      "geometry": {
        "type": "Point",
        "coordinates": [
          8.1758358,
          45.3649863
        ]
      },
      "id": "way/49643505"
    },
    {
      "type": "Feature",
      "properties": {
        "@id": "way/49643512",
        "name": "Salone Parrocchiale",
        "amenity": "community_centre",
        "building": "civic",
        "@geometry": "center"
      },
      "geometry": {
        "type": "Point",
        "coordinates": [
          8.1751724,
          45.3667384
        ]
      },
      "id": "way/49643512"
    },
    {
      "type": "Feature",
      "properties": {
        "@id": "way/56435692",
        "amenity": "nightclub",
        "building": "yes",
        "name": "Astoria",
        "operational_status": "abandoned",
        "@geometry": "center"
      },
      "geometry": {
        "type": "Point",
        "coordinates": [
          9.8583409,
          45.7045998
        ]
      },
      "id": "way/56435692"
    },
    {
      "type": "Feature",
      "properties": {
        "@id": "way/57836681",
        "amenity": "nightclub",
        "building": "yes",
        "name": "Hangar 22",
        "@geometry": "center"
      },
      "geometry": {
        "type": "Point",
        "coordinates": [
          15.0997756,
          37.5090792
        ]
      },
      "id": "way/57836681"
    },
    {
      "type": "Feature",
      "properties": {
        "@id": "way/57840545",
        "amenity": "community_centre",
        "sport": "sailing",
        "name": "Lega Navale Italiana - Centro Nautico di Ferrara",
        "access": "private",
        "addr:city": "Comacchio",
        "addr:housename": "Lega Navale Italiana - Centro Nautico di Ferrara",
        "addr:housenumber": "44",
        "addr:street": "Viale del Lago",
        "@geometry": "center"
      },
      "geometry": {
        "type": "Point",
        "coordinates": [
          12.2313841,
          44.7573058
        ]
      },
      "id": "way/57840545"
    },
    {
      "type": "Feature",
      "properties": {
        "@id": "way/58093604",
        "amenity": "community_centre",
        "building": "yes",
        "name": "Salone Tartara",
        "@geometry": "center"
      },
      "geometry": {
        "type": "Point",
        "coordinates": [
          8.4459021,
          45.1363291
        ]
      },
      "id": "way/58093604"
    },
    {
      "type": "Feature",
      "properties": {
        "@id": "way/58440928",
        "amenity": "community_centre",
        "building": "yes",
        "name": "Sala Consiliare",
        "source": "PCN ortofoto_colore 2006 - autorizzazione 10687/TRI",
        "wheelchair": "no",
        "@geometry": "center"
      },
      "geometry": {
        "type": "Point",
        "coordinates": [
          10.2157417,
          45.4911063
        ]
      },
      "id": "way/58440928"
    },
    {
      "type": "Feature",
      "properties": {
        "@id": "way/58800385",
        "amenity": "nightclub",
        "building": "yes",
        "name": "Symbol",
        "phone": "+39 0141 952 132",
        "@geometry": "center"
      },
      "geometry": {
        "type": "Point",
        "coordinates": [
          8.210254,
          44.8279586
        ]
      },
      "id": "way/58800385"
    },
    {
      "type": "Feature",
      "properties": {
        "@id": "way/59056284",
        "wikidata": "Q73001614",
        "amenity": "community_centre",
        "building": "church",
        "name": "Chiesa di San Rocco",
        "source": "Regione_del_Veneto_LR28_16.7.1976_Formazione_CTR_auth_39164-5700-1100_23.01.2009",
        "@geometry": "center"
      },
      "geometry": {
        "type": "Point",
        "coordinates": [
          11.6549226,
          45.2272643
        ]
      },
      "id": "way/59056284"
    },
    {
      "type": "Feature",
      "properties": {
        "@id": "way/59211317",
        "addr:city": "Este",
        "addr:housenumber": "1",
        "addr:postcode": "35042",
        "addr:street": "Piazzale Ca' Pesaro",
        "amenity": "social_centre",
        "building": "apartments",
        "name": "Casa delle Associazioni",
        "source": "Regione_del_Veneto_LR28_16.7.1976_Formazione_CTR_auth_39164-5700-1100_23.01.2009",
        "@geometry": "center"
      },
      "geometry": {
        "type": "Point",
        "coordinates": [
          11.6411191,
          45.2258253
        ]
      },
      "id": "way/59211317"
    },
    {
      "type": "Feature",
      "properties": {
        "@id": "way/59454066",
        "amenity": "nightclub",
        "name": "Jubliee Disco Club",
        "@geometry": "center"
      },
      "geometry": {
        "type": "Point",
        "coordinates": [
          16.3988483,
          41.1414875
        ]
      },
      "id": "way/59454066"
    },
    {
      "type": "Feature",
      "properties": {
        "@id": "way/59459654",
        "amenity": "community_centre",
        "building": "church",
        "name": "Chiesa di San Domenico",
        "wikidata": "Q3669874",
        "wikipedia": "it:Chiesa di San Domenico (Fondi)",
        "@geometry": "center"
      },
      "geometry": {
        "type": "Point",
        "coordinates": [
          13.4254966,
          41.3580358
        ]
      },
      "id": "way/59459654"
    },
    {
      "type": "Feature",
      "properties": {
        "@id": "way/59565471",
        "addr:city": "Imola",
        "addr:housenumber": "16",
        "addr:postcode": "40026",
        "addr:street": "Via Eugenio Curiel",
        "air_conditioning": "yes",
        "amenity": "social_centre",
        "building": "yes",
        "internet_access": "wlan",
        "name": "Centro Sociale Campanella",
        "phone": "+39054226777",
        "wheelchair": "limited",
        "@geometry": "center"
      },
      "geometry": {
        "type": "Point",
        "coordinates": [
          11.7256864,
          44.3529892
        ]
      },
      "id": "way/59565471"
    },
    {
      "type": "Feature",
      "properties": {
        "@id": "way/60096965",
        "amenity": "community_centre",
        "building": "public",
        "community_centre": "cultural_centre",
        "name": "Casa delle culture del mondo",
        "@geometry": "center"
      },
      "geometry": {
        "type": "Point",
        "coordinates": [
          9.1229764,
          45.4889259
        ]
      },
      "id": "way/60096965"
    },
    {
      "type": "Feature",
      "properties": {
        "@id": "way/60139781",
        "amenity": "nightclub",
        "building": "yes",
        "name": "Sofia Club",
        "website": "http://www.unicoclub.it",
        "@geometry": "center"
      },
      "geometry": {
        "type": "Point",
        "coordinates": [
          13.4054321,
          41.3741715
        ]
      },
      "id": "way/60139781"
    },
    {
      "type": "Feature",
      "properties": {
        "@id": "way/60255118",
        "addr:city": "Cermenate",
        "addr:housenumber": "155",
        "addr:postcode": "22072",
        "addr:street": "Via Scalabrini",
        "amenity": "community_centre",
        "building": "yes",
        "name": "Centro Anziani",
        "operator": "Associazione Lavoratori Anziani",
        "@geometry": "center"
      },
      "geometry": {
        "type": "Point",
        "coordinates": [
          9.0795534,
          45.6984978
        ]
      },
      "id": "way/60255118"
    },
    {
      "type": "Feature",
      "properties": {
        "@id": "way/61382744",
        "amenity": "nightclub",
        "name": "Beverly Hills",
        "building": "yes",
        "@geometry": "center"
      },
      "geometry": {
        "type": "Point",
        "coordinates": [
          8.1365496,
          45.3833063
        ]
      },
      "id": "way/61382744"
    },
    {
      "type": "Feature",
      "properties": {
        "@id": "way/62232063",
        "amenity": "community_centre",
        "building": "yes",
        "community_centre": "parish_hall",
        "community_centre:for": "juvenile",
        "denomination": "catholic",
        "description": "oratorio della parrocchia Regina Pacis",
        "name": "Oratorio San Giovanni Bosco",
        "religion": "christian",
        "source": "DbTR - Ingombro al suolo corpo edificato",
        "@geometry": "center"
      },
      "geometry": {
        "type": "Point",
        "coordinates": [
          9.1931365,
          45.556232
        ]
      },
      "id": "way/62232063"
    },
    {
      "type": "Feature",
      "properties": {
        "@id": "way/66823735",
        "addr:postcode": "3822",
        "addr:street": "Via cardinale Cristoforo Madruzzo",
        "addr:city": "Trento",
        "addr:housenumber": "45",
        "amenity": "community_centre",
        "building": "yes",
        "community_centre": "parish_hall",
        "name": "Oratorio del Duomo",
        "@geometry": "center"
      },
      "geometry": {
        "type": "Point",
        "coordinates": [
          11.1222787,
          46.0639886
        ]
      },
      "id": "way/66823735"
    },
    {
      "type": "Feature",
      "properties": {
        "@id": "way/67489632",
        "addr:city": "Cogliate",
        "addr:housenumber": "49",
        "addr:postcode": "20815",
        "addr:street": "Via Cardinal Dalmazio Minoretti",
        "alt_name": "Centro Giovanile Cardinal Minoretti",
        "amenity": "community_centre",
        "barrier": "wall",
        "community_centre": "youth_centre",
        "denomination": "roman_catholic",
        "name": "Oratorio Cardinal Minoretti",
        "religion": "christian",
        "@geometry": "center"
      },
      "geometry": {
        "type": "Point",
        "coordinates": [
          9.080509,
          45.6485691
        ]
      },
      "id": "way/67489632"
    },
    {
      "type": "Feature",
      "properties": {
        "@id": "way/68392268",
        "amenity": "community_centre",
        "denomination": "catholic",
        "religion": "christian",
        "name": "Oratorio San Giuseppe",
        "@geometry": "center"
      },
      "geometry": {
        "type": "Point",
        "coordinates": [
          9.3031105,
          45.5524245
        ]
      },
      "id": "way/68392268"
    },
    {
      "type": "Feature",
      "properties": {
        "@id": "way/68392280",
        "amenity": "community_centre",
        "denomination": "catholic",
        "name": "Oratorio Sant'Albino e San Damiano",
        "religion": "christian",
        "@geometry": "center"
      },
      "geometry": {
        "type": "Point",
        "coordinates": [
          9.3124999,
          45.5696487
        ]
      },
      "id": "way/68392280"
    },
    {
      "type": "Feature",
      "properties": {
        "@id": "way/68392289",
        "amenity": "community_centre",
        "denomination": "catholic",
        "name": "Oratorio Maria Bambina",
        "religion": "christian",
        "@geometry": "center"
      },
      "geometry": {
        "type": "Point",
        "coordinates": [
          9.2975801,
          45.5510616
        ]
      },
      "id": "way/68392289"
    },
    {
      "type": "Feature",
      "properties": {
        "@id": "way/68558760",
        "amenity": "community_centre",
        "building": "yes",
        "community_centre": "community_hall",
        "name": "Centro Sociale Solteri \"Bruno Visintini\"",
        "@geometry": "center"
      },
      "geometry": {
        "type": "Point",
        "coordinates": [
          11.1221306,
          46.0838366
        ]
      },
      "id": "way/68558760"
    },
    {
      "type": "Feature",
      "properties": {
        "@id": "way/69595807",
        "building": "public",
        "name": "Centro Aggregazione Giovanile",
        "amenity": "community_centre",
        "@geometry": "center"
      },
      "geometry": {
        "type": "Point",
        "coordinates": [
          10.1924769,
          45.4296813
        ]
      },
      "id": "way/69595807"
    },
    {
      "type": "Feature",
      "properties": {
        "@id": "way/70130444",
        "alt_name": "Palazzo del Capitano",
        "amenity": "community_centre",
        "building": "yes",
        "name": "Palazzo del Ridotto",
        "wikidata": "Q3361353",
        "wikipedia": "it:Palazzo del Ridotto",
        "@geometry": "center"
      },
      "geometry": {
        "type": "Point",
        "coordinates": [
          12.2435947,
          44.1382007
        ]
      },
      "id": "way/70130444"
    },
    {
      "type": "Feature",
      "properties": {
        "@id": "way/70678091",
        "addr:city": "Gargnano",
        "addr:postcode": "25084",
        "amenity": "community_centre",
        "building": "yes",
        "name": "Oratorio Giovanni Paolo II",
        "@geometry": "center"
      },
      "geometry": {
        "type": "Point",
        "coordinates": [
          10.6640646,
          45.6906211
        ]
      },
      "id": "way/70678091"
    },
    {
      "type": "Feature",
      "properties": {
        "@id": "way/70971391",
        "name": "Complesso Monumentale San Pietro",
        "amenity": "community_centre",
        "building": "yes",
        "historic": "yes",
        "@geometry": "center"
      },
      "geometry": {
        "type": "Point",
        "coordinates": [
          12.4342572,
          37.8001417
        ]
      },
      "id": "way/70971391"
    },
    {
      "type": "Feature",
      "properties": {
        "@id": "way/70998690",
        "name": "Centro Polifunzionale E. Mantero",
        "building": "civic",
        "amenity": "community_centre",
        "@geometry": "center"
      },
      "geometry": {
        "type": "Point",
        "coordinates": [
          9.0584487,
          45.6997596
        ]
      },
      "id": "way/70998690"
    },
    {
      "type": "Feature",
      "properties": {
        "@id": "way/71364054",
        "amenity": "community_centre",
        "denomination": "catholic",
        "name": "Oratorio Pier Giorgio Frassati",
        "religion": "christian",
        "@geometry": "center"
      },
      "geometry": {
        "type": "Point",
        "coordinates": [
          9.2841708,
          45.5500689
        ]
      },
      "id": "way/71364054"
    },
    {
      "type": "Feature",
      "properties": {
        "@id": "way/72455006",
        "amenity": "community_centre",
        "building": "public",
        "name": "Casa della Cultura",
        "@geometry": "center"
      },
      "geometry": {
        "type": "Point",
        "coordinates": [
          10.3391865,
          46.0877834
        ]
      },
      "id": "way/72455006"
    },
    {
      "type": "Feature",
      "properties": {
        "@id": "way/72527956",
        "amenity": "nightclub",
        "building": "yes",
        "name": "Discoteca Saint Louis",
        "@geometry": "center"
      },
      "geometry": {
        "type": "Point",
        "coordinates": [
          11.0940725,
          46.2078394
        ]
      },
      "id": "way/72527956"
    },
    {
      "type": "Feature",
      "properties": {
        "@id": "way/73919790",
        "religion": "christian",
        "amenity": "community_centre",
        "denomination": "catholic",
        "name": "Oratorio San Luigi",
        "@geometry": "center"
      },
      "geometry": {
        "type": "Point",
        "coordinates": [
          9.2714142,
          45.5465113
        ]
      },
      "id": "way/73919790"
    },
    {
      "type": "Feature",
      "properties": {
        "@id": "way/74487954",
        "amenity": "community_centre",
        "building": "yes",
        "name": "Centro polifunzionale",
        "@geometry": "center"
      },
      "geometry": {
        "type": "Point",
        "coordinates": [
          8.4884216,
          45.2612856
        ]
      },
      "id": "way/74487954"
    },
    {
      "type": "Feature",
      "properties": {
        "@id": "way/75566059",
        "addr:city": "Este",
        "addr:postcode": "35042",
        "addr:street": "Via Deserto",
        "amenity": "community_centre",
        "building": "civic",
        "loc_name": "Sala cinema",
        "source": "Regione_del_Veneto_LR28_16.7.1976_Formazione_CTR_auth_39164-5700-1100_23.01.2009",
        "@geometry": "center"
      },
      "geometry": {
        "type": "Point",
        "coordinates": [
          11.6884899,
          45.2025926
        ]
      },
      "id": "way/75566059"
    },
    {
      "type": "Feature",
      "properties": {
        "@id": "way/76503314",
        "building": "yes",
        "name": "Oratorio",
        "amenity": "community_centre",
        "community_centre": "parish_hall",
        "@geometry": "center"
      },
      "geometry": {
        "type": "Point",
        "coordinates": [
          9.7591728,
          45.6719499
        ]
      },
      "id": "way/76503314"
    },
    {
      "type": "Feature",
      "properties": {
        "@id": "way/77457506",
        "addr:street": "Via Aurelia",
        "amenity": "nightclub",
        "building": "yes",
        "name": "Olimpo Club",
        "opening_hours": "Th 21:30-04:00; Fr 10:00-04:00; Sa 10:00-05:00; Su 10:00-02:00",
        "phone": "+39 06 9927 1230",
        "website": "https://www.olimpoclub.com/",
        "@geometry": "center"
      },
      "geometry": {
        "type": "Point",
        "coordinates": [
          12.1459456,
          41.9352102
        ]
      },
      "id": "way/77457506"
    },
    {
      "type": "Feature",
      "properties": {
        "@id": "way/77661976",
        "addr:city": "Grumello del Monte",
        "addr:housenumber": "2",
        "addr:postcode": "24064",
        "addr:street": "Via dei Morenghi",
        "amenity": "nightclub",
        "building": "yes",
        "name": "Nikita",
        "@geometry": "center"
      },
      "geometry": {
        "type": "Point",
        "coordinates": [
          9.8586016,
          45.6339351
        ]
      },
      "id": "way/77661976"
    },
    {
      "type": "Feature",
      "properties": {
        "@id": "way/77683597",
        "amenity": "community_centre",
        "level": "-1",
        "name": "C.S.O.A. La Strada",
        "social:occupied": "yes",
        "url": "http://www.myspace.com/cslastrada",
        "website": "https://www.csoalastrada.it/",
        "wheelchair": "no",
        "wikipedia": "it:CSOA La Strada",
        "@geometry": "center"
      },
      "geometry": {
        "type": "Point",
        "coordinates": [
          12.4871932,
          41.8619775
        ]
      },
      "id": "way/77683597"
    },
    {
      "type": "Feature",
      "properties": {
        "@id": "way/78456317",
        "name": "Centro Culturale \"Sandro Pertini\"",
        "amenity": "community_centre",
        "building": "yes",
        "@geometry": "center"
      },
      "geometry": {
        "type": "Point",
        "coordinates": [
          7.5374369,
          45.0080775
        ]
      },
      "id": "way/78456317"
    },
    {
      "type": "Feature",
      "properties": {
        "@id": "way/80346664",
        "amenity": "community_centre",
        "building": "yes",
        "name": "Ca' del Tiglio",
        "@geometry": "center"
      },
      "geometry": {
        "type": "Point",
        "coordinates": [
          11.2807382,
          46.2017882
        ]
      },
      "id": "way/80346664"
    },
    {
      "type": "Feature",
      "properties": {
        "@id": "way/80579914",
        "amenity": "social_centre",
        "building": "yes",
        "name": "Casa sociale Maiano",
        "@geometry": "center"
      },
      "geometry": {
        "type": "Point",
        "coordinates": [
          11.0420064,
          46.3625608
        ]
      },
      "id": "way/80579914"
    },
    {
      "type": "Feature",
      "properties": {
        "@id": "way/83151052",
        "amenity": "community_centre",
        "building": "yes",
        "name": "Centro Carpinoni",
        "@geometry": "center"
      },
      "geometry": {
        "type": "Point",
        "coordinates": [
          9.6681443,
          45.6832367
        ]
      },
      "id": "way/83151052"
    },
    {
      "type": "Feature",
      "properties": {
        "@id": "way/83591244",
        "amenity": "community_centre",
        "building": "yes",
        "@geometry": "center"
      },
      "geometry": {
        "type": "Point",
        "coordinates": [
          9.7140894,
          45.7267471
        ]
      },
      "id": "way/83591244"
    },
    {
      "type": "Feature",
      "properties": {
        "@id": "way/83825773",
        "addr:city": "Vezzano",
        "addr:housenumber": "7",
        "addr:postcode": "38096",
        "addr:street": "Via Dante",
        "amenity": "community_centre",
        "building": "civic",
        "building:colour": "#eacabd",
        "building:levels": "3",
        "max_level": "3",
        "min_level": "-1",
        "name": "Centro civico",
        "wheelchair": "designated",
        "@geometry": "center"
      },
      "geometry": {
        "type": "Point",
        "coordinates": [
          10.9992671,
          46.0790377
        ]
      },
      "id": "way/83825773"
    },
    {
      "type": "Feature",
      "properties": {
        "@id": "way/84226862",
        "amenity": "community_centre",
        "building": "yes",
        "community_centre": "parish_hall",
        "denomination": "catholic",
        "name": "Oratorio Don Bosco",
        "religion": "christian",
        "@geometry": "center"
      },
      "geometry": {
        "type": "Point",
        "coordinates": [
          10.3168271,
          45.5134591
        ]
      },
      "id": "way/84226862"
    },
    {
      "type": "Feature",
      "properties": {
        "@id": "way/84580096",
        "wikimedia_commons": "Category:Viale Buffoli 12 (Cusano Milanino) - ex asilo Luigi Bigatti",
        "url": "https://fondoambiente.it/luoghi/la-bigatti-villino-storico-comunale",
        "addr:city": "Cusano Milanino",
        "addr:country": "IT",
        "addr:housenumber": "12",
        "addr:postcode": "20095",
        "addr:street": "Viale Luigi Buffoli",
        "amenity": "community_centre",
        "building": "house",
        "description": "ex Scuola Materna Napoleone Luigi Bigatti",
        "historic": "house",
        "name": "Villa Bigatti",
        "source": "DbTR - Ingombro al suolo corpo edificato",
        "@geometry": "center"
      },
      "geometry": {
        "type": "Point",
        "coordinates": [
          9.1940725,
          45.553649
        ]
      },
      "id": "way/84580096"
    },
    {
      "type": "Feature",
      "properties": {
        "@id": "way/85055401",
        "amenity": "community_centre",
        "building": "yes",
        "name": "Haus der Dorfgemeinschaft",
        "@geometry": "center"
      },
      "geometry": {
        "type": "Point",
        "coordinates": [
          11.6654356,
          46.7696832
        ]
      },
      "id": "way/85055401"
    },
    {
      "type": "Feature",
      "properties": {
        "@id": "way/85387227",
        "building": "yes",
        "amenity": "community_centre",
        "@geometry": "center"
      },
      "geometry": {
        "type": "Point",
        "coordinates": [
          11.0588593,
          46.071012
        ]
      },
      "id": "way/85387227"
    },
    {
      "type": "Feature",
      "properties": {
        "@id": "way/86006358",
        "addr:city": "Thiene",
        "addr:postcode": "36016",
        "addr:street": "Via Primo Maggio",
        "amenity": "social_centre",
        "building": "school",
        "description": "Associazioni presenti: CAI, Auser",
        "name": "Casa delle Associazioni",
        "wheelchair": "yes",
        "@geometry": "center"
      },
      "geometry": {
        "type": "Point",
        "coordinates": [
          11.4766639,
          45.7020495
        ]
      },
      "id": "way/86006358"
    },
    {
      "type": "Feature",
      "properties": {
        "@id": "way/87071248",
        "addr:city": "Sella Giudicarie",
        "addr:housenumber": "5",
        "addr:postcode": "38087",
        "addr:street": "Via G. Marconi",
        "amenity": "social_centre",
        "building": "yes",
        "description": "Sede CNSAS Sede Coro Parrocchiale Sede ANA Palestra Comunale",
        "name": "Casa delle Associazioni",
        "@geometry": "center"
      },
      "geometry": {
        "type": "Point",
        "coordinates": [
          10.6987946,
          46.0089041
        ]
      },
      "id": "way/87071248"
    },
    {
      "type": "Feature",
      "properties": {
        "@id": "way/88069886",
        "fixme": "Import CTR Veneto. Sostituire con amentiy=kindergarten o college...",
        "amenity": "community_centre",
        "building": "yes",
        "name": "Padiglione Fieristico",
        "operator": "Comune di Thiene",
        "@geometry": "center"
      },
      "geometry": {
        "type": "Point",
        "coordinates": [
          11.4840124,
          45.7045046
        ]
      },
      "id": "way/88069886"
    },
    {
      "type": "Feature",
      "properties": {
        "@id": "way/88799434",
        "amenity": "community_centre",
        "building": "yes",
        "community_centre": "parish_hall",
        "denomination": "catholic",
        "religion": "christian",
        "@geometry": "center"
      },
      "geometry": {
        "type": "Point",
        "coordinates": [
          10.617556,
          45.6448876
        ]
      },
      "id": "way/88799434"
    },
    {
      "type": "Feature",
      "properties": {
        "@id": "way/89791033",
        "addr:city": "Teolo",
        "addr:country": "IT",
        "addr:housenumber": "47",
        "addr:postcode": "35037",
        "addr:street": "Via Centro villa",
        "amenity": "community_centre",
        "building": "civic",
        "contact:phone": "+39 049 9901168",
        "name": "Centro Parrocchiale",
        "source": "Regione_del_Veneto_LR28_16.7.1976_Formazione_CTR_auth_39164-5700-1100_23.01.2009",
        "@geometry": "center"
      },
      "geometry": {
        "type": "Point",
        "coordinates": [
          11.6862077,
          45.3544252
        ]
      },
      "id": "way/89791033"
    },
    {
      "type": "Feature",
      "properties": {
        "@id": "way/90498883",
        "name": "Audorium San Michele",
        "building": "church",
        "amenity": "community_centre",
        "@geometry": "center"
      },
      "geometry": {
        "type": "Point",
        "coordinates": [
          8.4782181,
          45.1814844
        ]
      },
      "id": "way/90498883"
    },
    {
      "type": "Feature",
      "properties": {
        "@id": "way/90525185",
        "amenity": "community_centre",
        "building": "yes",
        "name": "Oratorio",
        "operator": "Comunità Pastorale \"San Benedetto\"",
        "@geometry": "center"
      },
      "geometry": {
        "type": "Point",
        "coordinates": [
          8.7813413,
          45.7410656
        ]
      },
      "id": "way/90525185"
    },
    {
      "type": "Feature",
      "properties": {
        "@id": "way/90576326",
        "amenity": "nightclub",
        "building": "yes",
        "name": "Costa Ovest Club",
        "@geometry": "center"
      },
      "geometry": {
        "type": "Point",
        "coordinates": [
          12.6041669,
          37.6607041
        ]
      },
      "id": "way/90576326"
    },
    {
      "type": "Feature",
      "properties": {
        "@id": "way/92199660",
        "name": "Circolo anziani",
        "roof:shape": "flat",
        "roof:colour": "lightgrey",
        "height": "3",
        "building:levels": "1",
        "amenity": "community_centre",
        "building": "public",
        "@geometry": "center"
      },
      "geometry": {
        "type": "Point",
        "coordinates": [
          14.185583,
          42.4207684
        ]
      },
      "id": "way/92199660"
    },
    {
      "type": "Feature",
      "properties": {
        "@id": "way/92413898",
        "addr:housenumber": "1q",
        "addr:street": "Via del Cavallaccio",
        "amenity": "community_centre",
        "building": "yes",
        "name": "Il Kantiere",
        "@geometry": "center"
      },
      "geometry": {
        "type": "Point",
        "coordinates": [
          11.1920879,
          43.7739239
        ]
      },
      "id": "way/92413898"
    },
    {
      "type": "Feature",
      "properties": {
        "@id": "way/93740307",
        "addr:city": "Lomazzo",
        "addr:country": "IT",
        "addr:housename": "ex asilo Garibaldi",
        "addr:housenumber": "2",
        "addr:postcode": "22074",
        "addr:street": "Piazza Quattro Novembre",
        "amenity": "community_centre",
        "building": "civic",
        "name": "Ex asilo Garibaldi",
        "@geometry": "center"
      },
      "geometry": {
        "type": "Point",
        "coordinates": [
          9.0401912,
          45.6989878
        ]
      },
      "id": "way/93740307"
    },
    {
      "type": "Feature",
      "properties": {
        "@id": "way/94102593",
        "amenity": "social_centre",
        "building": "public",
        "name": "QBO (centro sociale)",
        "@geometry": "center"
      },
      "geometry": {
        "type": "Point",
        "coordinates": [
          10.8480887,
          45.4043298
        ]
      },
      "id": "way/94102593"
    },
    {
      "type": "Feature",
      "properties": {
        "@id": "way/94344689",
        "website": "http://associazione.fse.it/base-brownsea/",
        "addr:city": "Soriano nel Cimino",
        "addr:milestone:distance": "2.02",
        "addr:postcode": "01038",
        "addr:street": "Via Sorianese",
        "amenity": "community_centre",
        "building": "dormitory",
        "name": "Base Brownsea",
        "operator": "Associazione italiana della Federazione dello Scoutismo ruropeo - FSE",
        "@geometry": "center"
      },
      "geometry": {
        "type": "Point",
        "coordinates": [
          12.1934895,
          42.4348916
        ]
      },
      "id": "way/94344689"
    },
    {
      "type": "Feature",
      "properties": {
        "@id": "way/95707983",
        "amenity": "community_centre",
        "barrier": "wall",
        "historic": "prison",
        "name": "Carcere Borbonico",
        "@geometry": "center"
      },
      "geometry": {
        "type": "Point",
        "coordinates": [
          14.7872137,
          40.9148634
        ]
      },
      "id": "way/95707983"
    },
    {
      "type": "Feature",
      "properties": {
        "@id": "way/96776967",
        "amenity": "community_centre",
        "name": "Polo educativo Villa Fazio",
        "@geometry": "center"
      },
      "geometry": {
        "type": "Point",
        "coordinates": [
          15.0595601,
          37.4792657
        ]
      },
      "id": "way/96776967"
    },
    {
      "type": "Feature",
      "properties": {
        "@id": "way/96845233",
        "amenity": "community_centre",
        "name": "Centro parrocchiale Papa Giovanni Paolo II",
        "@geometry": "center"
      },
      "geometry": {
        "type": "Point",
        "coordinates": [
          9.1591073,
          45.5499363
        ]
      },
      "id": "way/96845233"
    },
    {
      "type": "Feature",
      "properties": {
        "@id": "way/96845237",
        "addr:city": "Cormano",
        "addr:country": "IT",
        "addr:housenumber": "10",
        "addr:postcode": "20032",
        "addr:street": "Via Roma",
        "amenity": "community_centre",
        "name": "Oratorio Circolo Giovanile San Luigi",
        "phone": "+39 02 66303213",
        "source": "bing",
        "@geometry": "center"
      },
      "geometry": {
        "type": "Point",
        "coordinates": [
          9.1708498,
          45.5435359
        ]
      },
      "id": "way/96845237"
    },
    {
      "type": "Feature",
      "properties": {
        "@id": "way/96895516",
        "amenity": "community_centre",
        "building": "shelter",
        "name": "Centro Sociale Anziani \"E. Santinelli\"",
        "source": "bing, survey",
        "@geometry": "center"
      },
      "geometry": {
        "type": "Point",
        "coordinates": [
          9.1675817,
          45.5408003
        ]
      },
      "id": "way/96895516"
    },
    {
      "type": "Feature",
      "properties": {
        "@id": "way/97334848",
        "amenity": "community_centre",
        "barrier": "fence",
        "denomination": "catholic",
        "name": "Centro educativo parrocchia Sacro Cuore di Gesù",
        "note": "Parrocchia del Sacro Cuore di Gesù",
        "religion": "christian",
        "source": "bing",
        "@geometry": "center"
      },
      "geometry": {
        "type": "Point",
        "coordinates": [
          9.1609039,
          45.5402318
        ]
      },
      "id": "way/97334848"
    },
    {
      "type": "Feature",
      "properties": {
        "@id": "way/97503942",
        "amenity": "community_centre",
        "building": "yes",
        "name": "Centro sociale Arno",
        "@geometry": "center"
      },
      "geometry": {
        "type": "Point",
        "coordinates": [
          11.8636808,
          43.565105
        ]
      },
      "id": "way/97503942"
    },
    {
      "type": "Feature",
      "properties": {
        "@id": "way/97665793",
        "amenity": "community_centre",
        "denomination": "catholic",
        "religion": "christian",
        "building": "civic",
        "@geometry": "center"
      },
      "geometry": {
        "type": "Point",
        "coordinates": [
          8.8309059,
          45.6194836
        ]
      },
      "id": "way/97665793"
    },
    {
      "type": "Feature",
      "properties": {
        "@id": "way/98182127",
        "amenity": "community_centre",
        "building": "yes",
        "@geometry": "center"
      },
      "geometry": {
        "type": "Point",
        "coordinates": [
          10.6383681,
          45.9377795
        ]
      },
      "id": "way/98182127"
    },
    {
      "type": "Feature",
      "properties": {
        "@id": "way/98494761",
        "amenity": "community_centre",
        "building": "civic",
        "@geometry": "center"
      },
      "geometry": {
        "type": "Point",
        "coordinates": [
          9.6671486,
          45.7378123
        ]
      },
      "id": "way/98494761"
    },
    {
      "type": "Feature",
      "properties": {
        "@id": "way/98498279",
        "amenity": "nightclub",
        "building": "yes",
        "name": "Red Zone",
        "@geometry": "center"
      },
      "geometry": {
        "type": "Point",
        "coordinates": [
          12.4455252,
          43.1836158
        ]
      },
      "id": "way/98498279"
    },
    {
      "type": "Feature",
      "properties": {
        "@id": "way/98719835",
        "name": "Casa della Musica",
        "amenity": "community_centre",
        "building": "civic",
        "@geometry": "center"
      },
      "geometry": {
        "type": "Point",
        "coordinates": [
          12.3042632,
          45.8803835
        ]
      },
      "id": "way/98719835"
    },
    {
      "type": "Feature",
      "properties": {
        "@id": "way/99498999",
        "amenity": "community_centre",
        "building": "yes",
        "name": "Sala Civica",
        "operator": "Municipio",
        "@geometry": "center"
      },
      "geometry": {
        "type": "Point",
        "coordinates": [
          11.0047477,
          44.2783115
        ]
      },
      "id": "way/99498999"
    },
    {
      "type": "Feature",
      "properties": {
        "@id": "way/99500644",
        "gay": "yes",
        "name": "Magazzini Generali",
        "contact:website": "http://www.magazzinigenerali.it/",
        "amenity": "nightclub",
        "building": "yes",
        "contact:email": "info@magazzinigenerali.it",
        "contact:facebook": "https://www.facebook.com/MAGAZZINIGENERALI.OfficialPage",
        "contact:instagram": "https://www.instagram.com/magazzinigeneralimilano/",
        "contact:phone": "+39 346 3005646",
        "@geometry": "center"
      },
      "geometry": {
        "type": "Point",
        "coordinates": [
          9.1949691,
          45.444497
        ]
      },
      "id": "way/99500644"
    },
    {
      "type": "Feature",
      "properties": {
        "@id": "way/99690324",
        "addr:city": "Roma",
        "addr:country": "IT",
        "addr:housenumber": "159",
        "addr:street": "Via dei Volsci",
        "amenity": "community_centre",
        "building": "yes",
        "club": "culture",
        "name": "ESC Atelier",
        "@geometry": "center"
      },
      "geometry": {
        "type": "Point",
        "coordinates": [
          12.5184644,
          41.8998296
        ]
      },
      "id": "way/99690324"
    },
    {
      "type": "Feature",
      "properties": {
        "@id": "way/99738230",
        "addr:housenumber": "113",
        "addr:street": "Via San Nicola",
        "amenity": "community_centre",
        "description": "Il Centro Sociale dispone di ampi spazi interni ed esterni che possono ospitare compleanni, conferenze ed eventi di vario genere. Sala Musica per gruppi musicali e Sala Giochi",
        "email": "centrolinguaglossa@gmail.com",
        "name": "Centro Sociale",
        "phone": "+39 345 8452142",
        "website": "https://www.facebook.com/centrolinguaglossa/",
        "wheelchair": "yes",
        "building": "yes",
        "@geometry": "center"
      },
      "geometry": {
        "type": "Point",
        "coordinates": [
          15.1467888,
          37.8395544
        ]
      },
      "id": "way/99738230"
    },
    {
      "type": "Feature",
      "properties": {
        "@id": "way/99738241",
        "amenity": "community_centre",
        "building": "yes",
        "name": "Colonnato dei Domenicani",
        "@geometry": "center"
      },
      "geometry": {
        "type": "Point",
        "coordinates": [
          15.1480938,
          37.8388434
        ]
      },
      "id": "way/99738241"
    },
    {
      "type": "Feature",
      "properties": {
        "@id": "way/100084808",
        "amenity": "community_centre",
        "denomination": "catholic",
        "name": "Oratorio San Luigi",
        "religion": "christian",
        "@geometry": "center"
      },
      "geometry": {
        "type": "Point",
        "coordinates": [
          9.34926,
          45.5707436
        ]
      },
      "id": "way/100084808"
    },
    {
      "type": "Feature",
      "properties": {
        "@id": "way/101012801",
        "addr:city": "Mattarello",
        "addr:housenumber": "7",
        "addr:postcode": "38123",
        "addr:street": "Via Guido Poli",
        "amenity": "community_centre",
        "building": "yes",
        "name": "Circolo Oratorio \"Santi Anzoi\"",
        "@geometry": "center"
      },
      "geometry": {
        "type": "Point",
        "coordinates": [
          11.128903,
          46.0066979
        ]
      },
      "id": "way/101012801"
    },
    {
      "type": "Feature",
      "properties": {
        "@id": "way/102381518",
        "amenity": "community_centre",
        "name": "Oratorio Parrocchiale",
        "name:en": "Oratorio Parrocchiale",
        "name:it": "Oratorio Parrocchiale",
        "building": "yes",
        "@geometry": "center"
      },
      "geometry": {
        "type": "Point",
        "coordinates": [
          15.148079,
          37.553925
        ]
      },
      "id": "way/102381518"
    },
    {
      "type": "Feature",
      "properties": {
        "@id": "way/104339324",
        "amenity": "community_centre",
        "building": "yes",
        "name": "C.S.O.A. Askatasuna",
        "website": "http://www.csoaskatasuna.org",
        "@geometry": "center"
      },
      "geometry": {
        "type": "Point",
        "coordinates": [
          7.6991635,
          45.0712166
        ]
      },
      "id": "way/104339324"
    },
    {
      "type": "Feature",
      "properties": {
        "@id": "way/105147516",
        "amenity": "community_centre",
        "building": "public",
        "@geometry": "center"
      },
      "geometry": {
        "type": "Point",
        "coordinates": [
          11.5341199,
          45.2265801
        ]
      },
      "id": "way/105147516"
    },
    {
      "type": "Feature",
      "properties": {
        "@id": "way/106620419",
        "amenity": "community_centre",
        "denomination": "catholic",
        "name": "Oratorio San Giuseppe",
        "religion": "christian",
        "@geometry": "center"
      },
      "geometry": {
        "type": "Point",
        "coordinates": [
          9.3570992,
          45.6165004
        ]
      },
      "id": "way/106620419"
    },
    {
      "type": "Feature",
      "properties": {
        "@id": "way/106620962",
        "amenity": "nightclub",
        "contact:website": "http://www.scaleaclub.com/",
        "name": "Scalea Club",
        "@geometry": "center"
      },
      "geometry": {
        "type": "Point",
        "coordinates": [
          13.3077023,
          38.1774578
        ]
      },
      "id": "way/106620962"
    },
    {
      "type": "Feature",
      "properties": {
        "@id": "way/110425383",
        "amenity": "community_centre",
        "building": "yes",
        "community_centre": "parish_hall",
        "denomination": "catholic",
        "name": "Oratorio Paolo VI di Bovezzo",
        "religion": "christian",
        "@geometry": "center"
      },
      "geometry": {
        "type": "Point",
        "coordinates": [
          10.2375908,
          45.5891059
        ]
      },
      "id": "way/110425383"
    },
    {
      "type": "Feature",
      "properties": {
        "@id": "way/110537505",
        "amenity": "community_centre",
        "building": "yes",
        "name": "SMS di Rifredi",
        "@geometry": "center"
      },
      "geometry": {
        "type": "Point",
        "coordinates": [
          11.2414307,
          43.7953236
        ]
      },
      "id": "way/110537505"
    },
    {
      "type": "Feature",
      "properties": {
        "@id": "way/113499034",
        "amenity": "community_centre",
        "@geometry": "center"
      },
      "geometry": {
        "type": "Point",
        "coordinates": [
          12.0689772,
          44.1780502
        ]
      },
      "id": "way/113499034"
    },
    {
      "type": "Feature",
      "properties": {
        "@id": "way/113499038",
        "amenity": "community_centre",
        "int_name": "public meeting venue",
        "name": "sala di quartiere",
        "@geometry": "center"
      },
      "geometry": {
        "type": "Point",
        "coordinates": [
          12.0689069,
          44.1779248
        ]
      },
      "id": "way/113499038"
    },
    {
      "type": "Feature",
      "properties": {
        "@id": "way/113800160",
        "amenity": "community_centre",
        "building": "yes",
        "club": "veterans",
        "name": "Baita degli Alpini",
        "operator": "Gruppo Alpini Albese con Cassano",
        "source": "survey",
        "@geometry": "center"
      },
      "geometry": {
        "type": "Point",
        "coordinates": [
          9.1688059,
          45.8006709
        ]
      },
      "id": "way/113800160"
    },
    {
      "type": "Feature",
      "properties": {
        "@id": "way/114530494",
        "amenity": "community_centre",
        "building": "yes",
        "@geometry": "center"
      },
      "geometry": {
        "type": "Point",
        "coordinates": [
          12.2810795,
          46.183005
        ]
      },
      "id": "way/114530494"
    },
    {
      "type": "Feature",
      "properties": {
        "@id": "way/114790134",
        "amenity": "community_centre",
        "building": "yes",
        "name": "Oratorio Pio XI",
        "source": "DbTR - Ingombro al suolo corpo edificato",
        "@geometry": "center"
      },
      "geometry": {
        "type": "Point",
        "coordinates": [
          9.27043,
          45.863165
        ]
      },
      "id": "way/114790134"
    },
    {
      "type": "Feature",
      "properties": {
        "@id": "way/116036929",
        "amenity": "community_centre",
        "denomination": "catholic",
        "name": "Oratorio San Filippo Neri",
        "name:etymology:wikidata": "Q217791",
        "religion": "christian",
        "@geometry": "center"
      },
      "geometry": {
        "type": "Point",
        "coordinates": [
          8.845448,
          45.6157189
        ]
      },
      "id": "way/116036929"
    },
    {
      "type": "Feature",
      "properties": {
        "@id": "way/117203546",
        "addr:postcode": "39040",
        "addr:street": "Piazza Municipio - Rathausplatz",
        "amenity": "community_centre",
        "building": "yes",
        "name": "Sala Civica - Bürgersaal",
        "@geometry": "center"
      },
      "geometry": {
        "type": "Point",
        "coordinates": [
          11.2113328,
          46.2386774
        ]
      },
      "id": "way/117203546"
    },
    {
      "type": "Feature",
      "properties": {
        "@id": "way/119018944",
        "amenity": "nightclub",
        "@geometry": "center"
      },
      "geometry": {
        "type": "Point",
        "coordinates": [
          11.4154926,
          44.6997314
        ]
      },
      "id": "way/119018944"
    },
    {
      "type": "Feature",
      "properties": {
        "@id": "way/119888671",
        "amenity": "community_centre",
        "building": "yes",
        "name": "Centro culturale De Laugier",
        "@geometry": "center"
      },
      "geometry": {
        "type": "Point",
        "coordinates": [
          10.3316108,
          42.8163903
        ]
      },
      "id": "way/119888671"
    },
    {
      "type": "Feature",
      "properties": {
        "@id": "way/120294314",
        "amenity": "nightclub",
        "building": "yes",
        "name": "Sugar Reef",
        "@geometry": "center"
      },
      "geometry": {
        "type": "Point",
        "coordinates": [
          10.3766608,
          42.739734
        ]
      },
      "id": "way/120294314"
    },
    {
      "type": "Feature",
      "properties": {
        "@id": "way/120411924",
        "amenity": "community_centre",
        "building": "yes",
        "name": "La Tenda",
        "operator": "Comune di Modena",
        "website": "https://www.comune.modena.it/latenda",
        "@geometry": "center"
      },
      "geometry": {
        "type": "Point",
        "coordinates": [
          10.9199683,
          44.6516568
        ]
      },
      "id": "way/120411924"
    },
    {
      "type": "Feature",
      "properties": {
        "@id": "way/120465405",
        "amenity": "community_centre",
        "building": "yes",
        "name": "Sezione ANPI Bolzaneto",
        "phone": "+39 010 7450046",
        "@geometry": "center"
      },
      "geometry": {
        "type": "Point",
        "coordinates": [
          8.9010972,
          44.4611638
        ]
      },
      "id": "way/120465405"
    },
    {
      "type": "Feature",
      "properties": {
        "@id": "way/121717572",
        "addr:city": "Neumarkt - Egna",
        "addr:city:de": "Neumarkt",
        "addr:city:it": "Egna",
        "addr:hamlet": "Laag - Laghetti",
        "addr:hamlet:de": "Laag",
        "addr:hamlet:it": "Laghetti",
        "addr:housenumber": "8",
        "addr:postcode": "39044",
        "addr:street": "Dantestraße - Via Dante",
        "addr:street:de": "Dantestraße",
        "addr:street:it": "Via Dante",
        "amenity": "nightclub",
        "building": "yes",
        "name": "New Melody Club",
        "phone": "+39 0471 81 70 22",
        "@geometry": "center"
      },
      "geometry": {
        "type": "Point",
        "coordinates": [
          11.2400905,
          46.2712523
        ]
      },
      "id": "way/121717572"
    },
    {
      "type": "Feature",
      "properties": {
        "@id": "way/122522966",
        "amenity": "social_centre",
        "building": "yes",
        "name": "Centro Anziani Davia Albino",
        "@geometry": "center"
      },
      "geometry": {
        "type": "Point",
        "coordinates": [
          13.4624682,
          41.4031111
        ]
      },
      "id": "way/122522966"
    },
    {
      "type": "Feature",
      "properties": {
        "@id": "way/123702822",
        "amenity": "community_centre",
        "building": "public",
        "building:levels": "2",
        "name": "Centro Civico Emanuela Loi e Claudio Traina",
        "operator": "Comune di Sesto San Giovanni",
        "@geometry": "center"
      },
      "geometry": {
        "type": "Point",
        "coordinates": [
          9.2312119,
          45.536658
        ]
      },
      "id": "way/123702822"
    },
    {
      "type": "Feature",
      "properties": {
        "@id": "way/124347999",
        "name": "Centro Giovanile",
        "amenity": "community_centre",
        "building": "yes",
        "@geometry": "center"
      },
      "geometry": {
        "type": "Point",
        "coordinates": [
          11.5118645,
          45.8764688
        ]
      },
      "id": "way/124347999"
    },
    {
      "type": "Feature",
      "properties": {
        "@id": "way/126512161",
        "addr:city": "Ponte San Giovanni",
        "addr:country": "IT",
        "addr:housename": "Sezione A.R.I. Perugia",
        "addr:postcode": "06154",
        "addr:street": "Via Pitagora",
        "alt_name": "Associazione Radioamatori Italiani, sezione di Perugia \"I0WN Mario Bencivenga\"",
        "amenity": "community_centre",
        "building": "yes",
        "club": "amateur_radio",
        "name": "ARI Perugia I0WN",
        "office": "association",
        "operator": "Associazione Radioamatori Italiani",
        "website": "http://www.aripg.it/",
        "@geometry": "center"
      },
      "geometry": {
        "type": "Point",
        "coordinates": [
          12.4364222,
          43.0938404
        ]
      },
      "id": "way/126512161"
    },
    {
      "type": "Feature",
      "properties": {
        "@id": "way/126512549",
        "operator": "Diocesi di Bergamo",
        "amenity": "social_centre",
        "name": "Oratorio Don Bosco",
        "@geometry": "center"
      },
      "geometry": {
        "type": "Point",
        "coordinates": [
          9.7057516,
          45.5110683
        ]
      },
      "id": "way/126512549"
    },
    {
      "type": "Feature",
      "properties": {
        "@id": "way/126775224",
        "amenity": "community_centre",
        "building": "yes",
        "name": "C.V.A. di Solfagnano",
        "@geometry": "center"
      },
      "geometry": {
        "type": "Point",
        "coordinates": [
          12.4159903,
          43.2180183
        ]
      },
      "id": "way/126775224"
    },
    {
      "type": "Feature",
      "properties": {
        "@id": "way/126775293",
        "amenity": "community_centre",
        "building": "yes",
        "name": "Villaggio Santa Caterina",
        "@geometry": "center"
      },
      "geometry": {
        "type": "Point",
        "coordinates": [
          12.4061078,
          43.2233069
        ]
      },
      "id": "way/126775293"
    },
    {
      "type": "Feature",
      "properties": {
        "@id": "way/126797044",
        "name": "Auser",
        "amenity": "community_centre",
        "@geometry": "center"
      },
      "geometry": {
        "type": "Point",
        "coordinates": [
          17.4311512,
          40.5313659
        ]
      },
      "id": "way/126797044"
    },
    {
      "type": "Feature",
      "properties": {
        "@id": "way/127584863",
        "addr:city": "Castiglione del Lago",
        "addr:housenumber": "1",
        "addr:postcode": "06061",
        "addr:street": "Via Lungolago",
        "amenity": "nightclub",
        "name": "La Darsena",
        "@geometry": "center"
      },
      "geometry": {
        "type": "Point",
        "coordinates": [
          12.0579581,
          43.1263797
        ]
      },
      "id": "way/127584863"
    },
    {
      "type": "Feature",
      "properties": {
        "@id": "way/127585228",
        "amenity": "nightclub",
        "building": "yes",
        "name": "Dancing Faliero",
        "@geometry": "center"
      },
      "geometry": {
        "type": "Point",
        "coordinates": [
          12.1864181,
          43.0867337
        ]
      },
      "id": "way/127585228"
    },
    {
      "type": "Feature",
      "properties": {
        "@id": "way/127942179",
        "wikipedia": "it:Oratorio del Gonfalone (Roma)",
        "wikidata": "Q1426841",
        "tourism": "attraction",
        "name": "Oratorio del Gonfalone",
        "amenity": "community_centre",
        "building": "yes",
        "@geometry": "center"
      },
      "geometry": {
        "type": "Point",
        "coordinates": [
          12.4663403,
          41.8973919
        ]
      },
      "id": "way/127942179"
    },
    {
      "type": "Feature",
      "properties": {
        "@id": "way/128625202",
        "addr:postcode": "39050",
        "addr:street": "Dorf",
        "amenity": "community_centre",
        "building": "yes",
        "name": "Haus der Dorfgemeinschaft",
        "name:de": "Haus der Dorfgemeinschaft",
        "@geometry": "center"
      },
      "geometry": {
        "type": "Point",
        "coordinates": [
          11.406316,
          46.4896236
        ]
      },
      "id": "way/128625202"
    },
    {
      "type": "Feature",
      "properties": {
        "@id": "way/128734250",
        "amenity": "nightclub",
        "building": "yes",
        "name": "Dancing 007",
        "@geometry": "center"
      },
      "geometry": {
        "type": "Point",
        "coordinates": [
          12.6129291,
          44.0368845
        ]
      },
      "id": "way/128734250"
    },
    {
      "type": "Feature",
      "properties": {
        "@id": "way/128734412",
        "ref:vatin": "IT01088070410",
        "name": "Maxi Dancing Tris",
        "addr:hamlet": "Schieppe",
        "addr:housenumber": "24",
        "addr:postcode": "61038",
        "addr:street": "Via Schieppe Angelica",
        "amenity": "nightclub",
        "building": "yes",
        "contact:email": "info@dancingtris.it",
        "contact:phone": "+39 0721 981966",
        "contact:website": "http://www.dancingtris.it/",
        "leisure": "dance",
        "@geometry": "center"
      },
      "geometry": {
        "type": "Point",
        "coordinates": [
          12.8971894,
          43.7141741
        ]
      },
      "id": "way/128734412"
    },
    {
      "type": "Feature",
      "properties": {
        "@id": "way/128738273",
        "addr:housenumber": "1B",
        "addr:city": "Serrungarina",
        "addr:street": "Via Mombaroccese",
        "amenity": "nightclub",
        "building": "yes",
        "contact:email": "info@settimocielodancing.it",
        "contact:phone": "+39 0721 893027",
        "contact:website": "http://www.settimocielodancing.it/",
        "name": "Settimo Cielo Maxi Dancing",
        "@geometry": "center"
      },
      "geometry": {
        "type": "Point",
        "coordinates": [
          12.8679071,
          43.7651519
        ]
      },
      "id": "way/128738273"
    },
    {
      "type": "Feature",
      "properties": {
        "@id": "way/129400170",
        "amenity": "community_centre",
        "name": "Centro ricreativo Caltrane-Canton",
        "@geometry": "center"
      },
      "geometry": {
        "type": "Point",
        "coordinates": [
          11.1170034,
          45.2660833
        ]
      },
      "id": "way/129400170"
    },
    {
      "type": "Feature",
      "properties": {
        "@id": "way/129695704",
        "amenity": "nightclub",
        "name": "Dancing Valle Verde",
        "@geometry": "center"
      },
      "geometry": {
        "type": "Point",
        "coordinates": [
          13.1261797,
          43.7550139
        ]
      },
      "id": "way/129695704"
    },
    {
      "type": "Feature",
      "properties": {
        "@id": "way/130594365",
        "building": "yes",
        "amenity": "community_centre",
        "name": "Centro Anziani",
        "@geometry": "center"
      },
      "geometry": {
        "type": "Point",
        "coordinates": [
          12.974239,
          41.5865643
        ]
      },
      "id": "way/130594365"
    },
    {
      "type": "Feature",
      "properties": {
        "@id": "way/130634677",
        "religion": "christian",
        "amenity": "community_centre",
        "building": "public",
        "community_centre": "parish_hall",
        "denomination": "catholic",
        "name": "Oratorio San Giovanni Bosco",
        "@geometry": "center"
      },
      "geometry": {
        "type": "Point",
        "coordinates": [
          10.0992849,
          45.6298332
        ]
      },
      "id": "way/130634677"
    },
    {
      "type": "Feature",
      "properties": {
        "@id": "way/131417367",
        "name": "A' Furmicula",
        "building": "yes",
        "addr:postcode": "71040",
        "addr:street": "Via Giovanni Falcone",
        "amenity": "nightclub",
        "addr:housenumber": "14",
        "addr:city": "Isole Tremiti",
        "@geometry": "center"
      },
      "geometry": {
        "type": "Point",
        "coordinates": [
          15.4870408,
          42.1142567
        ]
      },
      "id": "way/131417367"
    },
    {
      "type": "Feature",
      "properties": {
        "@id": "way/131656759",
        "amenity": "community_centre",
        "building": "yes",
        "name": "Villa Berta",
        "operator": "Comune di Padova",
        "@geometry": "center"
      },
      "geometry": {
        "type": "Point",
        "coordinates": [
          11.9385465,
          45.402075
        ]
      },
      "id": "way/131656759"
    },
    {
      "type": "Feature",
      "properties": {
        "@id": "way/131729213",
        "amenity": "community_centre",
        "building": "yes",
        "name": "Centro Civico Rigoni Stern",
        "@geometry": "center"
      },
      "geometry": {
        "type": "Point",
        "coordinates": [
          11.9363571,
          45.3636102
        ]
      },
      "id": "way/131729213"
    },
    {
      "type": "Feature",
      "properties": {
        "@id": "way/131811792",
        "addr:housenumber": "40",
        "addr:street": "Piazza Napoli",
        "amenity": "community_centre",
        "building": "civic",
        "internet_access": "wlan",
        "internet_access:fee": "no",
        "internet_access:operator": "Padova WiFi",
        "name": "Consiglio di Quartiere n° 5",
        "@geometry": "center"
      },
      "geometry": {
        "type": "Point",
        "coordinates": [
          11.8653767,
          45.3926092
        ]
      },
      "id": "way/131811792"
    },
    {
      "type": "Feature",
      "properties": {
        "@id": "way/131814241",
        "name": "Ex Fornace Carotta",
        "internet_access:operator": "Padova WiFi",
        "addr:housenumber": "61",
        "addr:street": "Via Siracusa",
        "amenity": "community_centre",
        "building": "yes",
        "internet_access": "wlan",
        "internet_access:fee": "no",
        "@geometry": "center"
      },
      "geometry": {
        "type": "Point",
        "coordinates": [
          11.8642942,
          45.3920469
        ]
      },
      "id": "way/131814241"
    },
    {
      "type": "Feature",
      "properties": {
        "@id": "way/131987136",
        "addr:housenumber": "15",
        "addr:street": "Via Curzola",
        "amenity": "community_centre",
        "building": "civic",
        "name": "Anagrafe Comunale",
        "@geometry": "center"
      },
      "geometry": {
        "type": "Point",
        "coordinates": [
          11.8761088,
          45.4238794
        ]
      },
      "id": "way/131987136"
    },
    {
      "type": "Feature",
      "properties": {
        "@id": "way/132864789",
        "amenity": "community_centre",
        "building": "yes",
        "height": "4 m",
        "it:fvg:ctrn:code": "4AED",
        "it:fvg:ctrn:revision": "1AN",
        "name": "Centro Polifunzionale",
        "@geometry": "center"
      },
      "geometry": {
        "type": "Point",
        "coordinates": [
          12.9270626,
          45.8607085
        ]
      },
      "id": "way/132864789"
    },
    {
      "type": "Feature",
      "properties": {
        "@id": "way/132998194",
        "amenity": "community_centre",
        "building": "yes",
        "name": "Centro Anziani Longuelo",
        "operator": "Comune di Bergamo",
        "@geometry": "center"
      },
      "geometry": {
        "type": "Point",
        "coordinates": [
          9.6260632,
          45.6953484
        ]
      },
      "id": "way/132998194"
    },
    {
      "type": "Feature",
      "properties": {
        "@id": "way/134244060",
        "addr:city": "Montebelluna",
        "addr:housenumber": "4",
        "addr:postcode": "31044",
        "addr:street": "Via Lino Mattiello",
        "amenity": "community_centre",
        "building": "yes",
        "community_centre": "club_home",
        "name": "Casa del Volontariato",
        "website": "http://www.cittadinivolontari.it/",
        "wheelchair": "yes",
        "@geometry": "center"
      },
      "geometry": {
        "type": "Point",
        "coordinates": [
          12.0514588,
          45.7745496
        ]
      },
      "id": "way/134244060"
    },
    {
      "type": "Feature",
      "properties": {
        "@id": "way/134383515",
        "website": "https://www.magikadisco.com/",
        "fax": "+39 0373 236007",
        "phone": "+39 0373 234711",
        "name": "Magika",
        "building": "yes",
        "amenity": "nightclub",
        "@geometry": "center"
      },
      "geometry": {
        "type": "Point",
        "coordinates": [
          9.6103984,
          45.3739082
        ]
      },
      "id": "way/134383515"
    },
    {
      "type": "Feature",
      "properties": {
        "@id": "way/134657330",
        "amenity": "community_centre",
        "building": "yes",
        "community_centre": "parish_hall",
        "denomination": "catholic",
        "name": "Oratorio di Soprazocco",
        "religion": "christian",
        "@geometry": "center"
      },
      "geometry": {
        "type": "Point",
        "coordinates": [
          10.4729106,
          45.5930956
        ]
      },
      "id": "way/134657330"
    },
    {
      "type": "Feature",
      "properties": {
        "@id": "way/136391637",
        "amenity": "nightclub",
        "barrier": "wall",
        "name": "Shakabrà",
        "@geometry": "center"
      },
      "geometry": {
        "type": "Point",
        "coordinates": [
          12.58859,
          37.673636
        ]
      },
      "id": "way/136391637"
    },
    {
      "type": "Feature",
      "properties": {
        "@id": "way/137242271",
        "ref:vatin": "IT10615781001",
        "phone": "+39 06 57288666",
        "addr:housenumber": "19",
        "addr:postcode": "00154",
        "addr:street": "Via Giuseppe Libetta",
        "amenity": "nightclub",
        "building": "hall",
        "eating": "yes",
        "name": "Vinile",
        "operator": "360 S.r.l.",
        "@geometry": "center"
      },
      "geometry": {
        "type": "Point",
        "coordinates": [
          12.4804531,
          41.8629847
        ]
      },
      "id": "way/137242271"
    },
    {
      "type": "Feature",
      "properties": {
        "@id": "way/138217441",
        "amenity": "community_centre",
        "building": "yes",
        "@geometry": "center"
      },
      "geometry": {
        "type": "Point",
        "coordinates": [
          15.2398469,
          38.1800739
        ]
      },
      "id": "way/138217441"
    },
    {
      "type": "Feature",
      "properties": {
        "@id": "way/138325941",
        "amenity": "community_centre",
        "building": "yes",
        "name": "Oratorio Fabrizio Carturan",
        "@geometry": "center"
      },
      "geometry": {
        "type": "Point",
        "coordinates": [
          8.4029691,
          45.1822662
        ]
      },
      "id": "way/138325941"
    },
    {
      "type": "Feature",
      "properties": {
        "@id": "way/138842918",
        "amenity": "community_centre",
        "building": "commercial",
        "building:levels": "2",
        "name": "Il Cerchio Cooperativa Sociale ONLUS",
        "roof:colour": "red",
        "roof:shape": "gabled",
        "@geometry": "center"
      },
      "geometry": {
        "type": "Point",
        "coordinates": [
          12.3157119,
          45.4273149
        ]
      },
      "id": "way/138842918"
    },
    {
      "type": "Feature",
      "properties": {
        "@id": "way/138893793",
        "alt_name": "Aster 3",
        "amenity": "community_centre",
        "building": "yes",
        "name": "Centro Zona 3",
        "@geometry": "center"
      },
      "geometry": {
        "type": "Point",
        "coordinates": [
          11.5713301,
          45.5453219
        ]
      },
      "id": "way/138893793"
    },
    {
      "type": "Feature",
      "properties": {
        "@id": "way/138898632",
        "amenity": "community_centre",
        "building": "industrial",
        "name": "Centro Sociale Bocciodromo",
        "short_name": "CS Bocciodromo",
        "website": "http://bocciodromo.blogspot.fr/",
        "@geometry": "center"
      },
      "geometry": {
        "type": "Point",
        "coordinates": [
          11.5211421,
          45.5384883
        ]
      },
      "id": "way/138898632"
    },
    {
      "type": "Feature",
      "properties": {
        "@id": "way/139028553",
        "amenity": "community_centre",
        "building": "yes",
        "@geometry": "center"
      },
      "geometry": {
        "type": "Point",
        "coordinates": [
          10.9592288,
          45.4507794
        ]
      },
      "id": "way/139028553"
    },
    {
      "type": "Feature",
      "properties": {
        "@id": "way/140646700",
        "operator": "Pro Loco Ravina",
        "amenity": "community_centre",
        "building": "yes",
        "name": "Sala Polivalente \"Claudio Demattè\"",
        "@geometry": "center"
      },
      "geometry": {
        "type": "Point",
        "coordinates": [
          11.1077752,
          46.038412
        ]
      },
      "id": "way/140646700"
    },
    {
      "type": "Feature",
      "properties": {
        "@id": "way/140847079",
        "website": "https://www.facebook.com/CSRivolta",
        "name": "Centro Sociale Rivolta P.V.C.",
        "building": "yes",
        "amenity": "community_centre",
        "addr:city": "Venezia",
        "addr:housenumber": "45",
        "addr:place": "Marghera",
        "addr:street": "Via Fratelli Bandiera",
        "@geometry": "center"
      },
      "geometry": {
        "type": "Point",
        "coordinates": [
          12.2302714,
          45.4706993
        ]
      },
      "id": "way/140847079"
    },
    {
      "type": "Feature",
      "properties": {
        "@id": "way/141601855",
        "amenity": "social_centre",
        "building": "yes",
        "name": "Amici di Villa Farina",
        "@geometry": "center"
      },
      "geometry": {
        "type": "Point",
        "coordinates": [
          9.3103239,
          45.6992678
        ]
      },
      "id": "way/141601855"
    },
    {
      "type": "Feature",
      "properties": {
        "@id": "way/141923407",
        "club": "history",
        "amenity": "community_centre",
        "building": "yes",
        "name": "Baita Alpini",
        "@geometry": "center"
      },
      "geometry": {
        "type": "Point",
        "coordinates": [
          10.8926626,
          45.4316515
        ]
      },
      "id": "way/141923407"
    },
    {
      "type": "Feature",
      "properties": {
        "@id": "way/142118858",
        "amenity": "community_centre",
        "building": "public",
        "name": "Oratorio di Tregasio",
        "@geometry": "center"
      },
      "geometry": {
        "type": "Point",
        "coordinates": [
          9.2893204,
          45.6789821
        ]
      },
      "id": "way/142118858"
    },
    {
      "type": "Feature",
      "properties": {
        "@id": "way/142405400",
        "website": "http://www.bilafabbricadelgiocoedellearti.it",
        "addr:city": "Cormano",
        "addr:country": "IT",
        "addr:housenumber": "3",
        "addr:postcode": "20032",
        "addr:street": "Via Gianni Rodari",
        "amenity": "community_centre",
        "building": "yes",
        "description": "centro per i bambini e i giovani che ospita al suo interno la Biblioteca Civica per i ragazzi, il museo del giocattolo e del bambino e il teatro del buratto",
        "email": "info@bilafabbricadelgiocoedellearti.it",
        "name": "Bì La fabbrica del gioco e delle arti",
        "opening_hours": "Tu-Su 14:30-18:30",
        "phone": "+39 02 66305562",
        "tourism": "attraction",
        "@geometry": "center"
      },
      "geometry": {
        "type": "Point",
        "coordinates": [
          9.1723565,
          45.5467046
        ]
      },
      "id": "way/142405400"
    },
    {
      "type": "Feature",
      "properties": {
        "@id": "way/142647208",
        "alt_name": "Donky",
        "amenity": "nightclub",
        "building": "yes",
        "name": "Don Chisciotte",
        "smoking": "yes",
        "@geometry": "center"
      },
      "geometry": {
        "type": "Point",
        "coordinates": [
          11.3663127,
          44.7639263
        ]
      },
      "id": "way/142647208"
    },
    {
      "type": "Feature",
      "properties": {
        "@id": "way/143992996",
        "amenity": "community_centre",
        "building": "yes",
        "name": "centro comunitario",
        "operator": "Comune Oggebbio",
        "@geometry": "center"
      },
      "geometry": {
        "type": "Point",
        "coordinates": [
          8.6541032,
          45.9971857
        ]
      },
      "id": "way/143992996"
    },
    {
      "type": "Feature",
      "properties": {
        "@id": "way/144095240",
        "amenity": "community_centre",
        "building": "yes",
        "name": "Policampus",
        "@geometry": "center"
      },
      "geometry": {
        "type": "Point",
        "coordinates": [
          9.8743295,
          46.1650178
        ]
      },
      "id": "way/144095240"
    },
    {
      "type": "Feature",
      "properties": {
        "@id": "way/144801757",
        "amenity": "community_centre",
        "building": "yes",
        "@geometry": "center"
      },
      "geometry": {
        "type": "Point",
        "coordinates": [
          12.5012321,
          45.9793496
        ]
      },
      "id": "way/144801757"
    },
    {
      "type": "Feature",
      "properties": {
        "@id": "way/144837485",
        "amenity": "nightclub",
        "building": "yes",
        "@geometry": "center"
      },
      "geometry": {
        "type": "Point",
        "coordinates": [
          12.3429934,
          45.0720987
        ]
      },
      "id": "way/144837485"
    },
    {
      "type": "Feature",
      "properties": {
        "@id": "way/145869271",
        "amenity": "community_centre",
        "building": "civic",
        "name": "Centrale PLIP",
        "@geometry": "center"
      },
      "geometry": {
        "type": "Point",
        "coordinates": [
          12.259206,
          45.504548
        ]
      },
      "id": "way/145869271"
    },
    {
      "type": "Feature",
      "properties": {
        "@id": "way/145935747",
        "amenity": "nightclub",
        "building": "yes",
        "note": "verificare se man_made=works",
        "@geometry": "center"
      },
      "geometry": {
        "type": "Point",
        "coordinates": [
          11.7157587,
          45.7580653
        ]
      },
      "id": "way/145935747"
    },
    {
      "type": "Feature",
      "properties": {
        "@id": "way/146138622",
        "amenity": "community_centre",
        "building": "school",
        "name": "Ex scuole di Gron",
        "@geometry": "center"
      },
      "geometry": {
        "type": "Point",
        "coordinates": [
          12.0898017,
          46.1419694
        ]
      },
      "id": "way/146138622"
    },
    {
      "type": "Feature",
      "properties": {
        "@id": "way/146742153",
        "addr:city": "Roma",
        "addr:housenumber": "2",
        "addr:postcode": "00154",
        "addr:street": "Via del Porto Fluviale",
        "amenity": "community_centre",
        "building": "no",
        "name": "Città Equosolidale",
        "operator": "Comunità di Sant'Egidio",
        "phone": "+390657300510",
        "website": "https://www.santegidio.org/pageID/30160/langID/it/ECOSOLIDARIET%C3%80.html",
        "@geometry": "center"
      },
      "geometry": {
        "type": "Point",
        "coordinates": [
          12.4797214,
          41.8727337
        ]
      },
      "id": "way/146742153"
    },
    {
      "type": "Feature",
      "properties": {
        "@id": "way/147246306",
        "building": "yes",
        "name": "Palamare Pra'",
        "amenity": "community_centre",
        "@geometry": "center"
      },
      "geometry": {
        "type": "Point",
        "coordinates": [
          8.7906837,
          44.4256677
        ]
      },
      "id": "way/147246306"
    },
    {
      "type": "Feature",
      "properties": {
        "@id": "way/147313966",
        "addr:city": "Tagliolo Monferrato",
        "addr:housenumber": "34",
        "addr:street": "località Terrazze",
        "amenity": "nightclub",
        "building": "yes",
        "name": "Dancing Le Terrazze",
        "@geometry": "center"
      },
      "geometry": {
        "type": "Point",
        "coordinates": [
          8.6799758,
          44.6572079
        ]
      },
      "id": "way/147313966"
    },
    {
      "type": "Feature",
      "properties": {
        "@id": "way/147360531",
        "alt_name": "Centro Sociale Dina Orsi",
        "amenity": "community_centre",
        "building": "civic",
        "name": "Auditorium Dina Orsi",
        "@geometry": "center"
      },
      "geometry": {
        "type": "Point",
        "coordinates": [
          12.271423,
          45.8707739
        ]
      },
      "id": "way/147360531"
    },
    {
      "type": "Feature",
      "properties": {
        "@id": "way/147745927",
        "amenity": "community_centre",
        "building": "yes",
        "@geometry": "center"
      },
      "geometry": {
        "type": "Point",
        "coordinates": [
          12.33844,
          46.0070506
        ]
      },
      "id": "way/147745927"
    },
    {
      "type": "Feature",
      "properties": {
        "@id": "way/148255471",
        "amenity": "community_centre",
        "building": "yes",
        "description": "centro parrocchiale di ritrovo giovanile",
        "@geometry": "center"
      },
      "geometry": {
        "type": "Point",
        "coordinates": [
          9.0834219,
          45.8503752
        ]
      },
      "id": "way/148255471"
    },
    {
      "type": "Feature",
      "properties": {
        "@id": "way/148386104",
        "amenity": "nightclub",
        "name": "Charlys Night Club",
        "@geometry": "center"
      },
      "geometry": {
        "type": "Point",
        "coordinates": [
          10.3722198,
          45.1463669
        ]
      },
      "id": "way/148386104"
    },
    {
      "type": "Feature",
      "properties": {
        "@id": "way/148747352",
        "name": "Cassero LGBT+ Center",
        "source": "Regione Emilia Romagna",
        "addr:city": "Bologna",
        "addr:housenumber": "18",
        "addr:street": "Via Don Giovanni Minzoni",
        "amenity": "community_centre",
        "building": "yes",
        "community_centre:for": "lgbtq",
        "lgbtq": "primary",
        "old_name": "Salara",
        "@geometry": "center"
      },
      "geometry": {
        "type": "Point",
        "coordinates": [
          11.335171,
          44.5028639
        ]
      },
      "id": "way/148747352"
    },
    {
      "type": "Feature",
      "properties": {
        "@id": "way/149073591",
        "addr:city": "Caorle",
        "addr:housenumber": "1",
        "addr:postcode": "30021",
        "addr:street": "Piazza Vescovado",
        "amenity": "community_centre",
        "building": "yes",
        "name": "Centro Civico",
        "operator": "Comune di Caorle",
        "website": "https://www.comune.caorle.ve.it/?area=2&menu=107&page=645",
        "@geometry": "center"
      },
      "geometry": {
        "type": "Point",
        "coordinates": [
          12.8891099,
          45.5989827
        ]
      },
      "id": "way/149073591"
    },
    {
      "type": "Feature",
      "properties": {
        "@id": "way/149198329",
        "amenity": "community_centre",
        "building": "service",
        "building:levels": "1",
        "name": "Gruppo Aereomodellistico Secchia",
        "source": "Regione Emilia Romagna",
        "@geometry": "center"
      },
      "geometry": {
        "type": "Point",
        "coordinates": [
          10.7858678,
          44.5943476
        ]
      },
      "id": "way/149198329"
    },
    {
      "type": "Feature",
      "properties": {
        "@id": "way/149198358",
        "amenity": "community_centre",
        "building": "detached",
        "building:levels": "2",
        "name": "Oasi del Colombarone",
        "source": "Regione Emilia Romagna",
        "website": "https://www.visitmodena.it/luoghi_ascoltare/tutti_luoghi/oasi_colombarone_percorsi_naturalistici.aspx",
        "@geometry": "center"
      },
      "geometry": {
        "type": "Point",
        "coordinates": [
          10.7914343,
          44.6139839
        ]
      },
      "id": "way/149198358"
    },
    {
      "type": "Feature",
      "properties": {
        "@id": "way/149211886",
        "amenity": "community_centre",
        "building": "yes",
        "building:levels": "2",
        "source": "Regione Emilia Romagna",
        "@geometry": "center"
      },
      "geometry": {
        "type": "Point",
        "coordinates": [
          10.7896985,
          44.5441913
        ]
      },
      "id": "way/149211886"
    },
    {
      "type": "Feature",
      "properties": {
        "@id": "way/149240115",
        "amenity": "community_centre",
        "building": "yes",
        "source": "Regione Emilia Romagna",
        "@geometry": "center"
      },
      "geometry": {
        "type": "Point",
        "coordinates": [
          10.7750525,
          44.5385694
        ]
      },
      "id": "way/149240115"
    },
    {
      "type": "Feature",
      "properties": {
        "@id": "way/149241846",
        "addr:city": "Sassuolo",
        "addr:housenumber": "4",
        "addr:postcode": "41049",
        "addr:street": "Largo Pietro Bezzi",
        "amenity": "community_centre",
        "building": "yes",
        "name": "Casa nel Parco",
        "source": "Regione Emilia Romagna",
        "@geometry": "center"
      },
      "geometry": {
        "type": "Point",
        "coordinates": [
          10.7750973,
          44.5387409
        ]
      },
      "id": "way/149241846"
    },
    {
      "type": "Feature",
      "properties": {
        "@id": "way/149242115",
        "amenity": "community_centre",
        "building": "yes",
        "source": "Regione Emilia Romagna",
        "@geometry": "center"
      },
      "geometry": {
        "type": "Point",
        "coordinates": [
          10.7752528,
          44.5398082
        ]
      },
      "id": "way/149242115"
    },
    {
      "type": "Feature",
      "properties": {
        "@id": "way/149242787",
        "amenity": "community_centre",
        "building": "industrial",
        "name": "Associazione Orti sul Secchia",
        "source": "Regione Emilia Romagna",
        "@geometry": "center"
      },
      "geometry": {
        "type": "Point",
        "coordinates": [
          10.7672984,
          44.538575
        ]
      },
      "id": "way/149242787"
    },
    {
      "type": "Feature",
      "properties": {
        "@id": "way/149448257",
        "amenity": "community_centre",
        "building": "yes",
        "name": "Centro Giovani",
        "source": "Regione Emilia Romagna",
        "@geometry": "center"
      },
      "geometry": {
        "type": "Point",
        "coordinates": [
          10.9457827,
          44.552303
        ]
      },
      "id": "way/149448257"
    },
    {
      "type": "Feature",
      "properties": {
        "@id": "way/149764835",
        "amenity": "community_centre",
        "building": "yes",
        "name": "Centro Polifunzionale",
        "@geometry": "center"
      },
      "geometry": {
        "type": "Point",
        "coordinates": [
          11.6052988,
          46.0677355
        ]
      },
      "id": "way/149764835"
    },
    {
      "type": "Feature",
      "properties": {
        "@id": "way/150954395",
        "building": "yes",
        "wikidata": "Q65809017",
        "amenity": "nightclub",
        "name": "Estragon",
        "source": "Regione Emilia Romagna",
        "@geometry": "center"
      },
      "geometry": {
        "type": "Point",
        "coordinates": [
          11.370935,
          44.5218688
        ]
      },
      "id": "way/150954395"
    },
    {
      "type": "Feature",
      "properties": {
        "@id": "way/150985864",
        "addr:city": "Bologna",
        "addr:postcode": "40133",
        "addr:street": "Via Emilia Ponente",
        "amenity": "community_centre",
        "building": "yes",
        "name": "Centro Sociale Santa Viola",
        "source": "Regione Emilia Romagna",
        "@geometry": "center"
      },
      "geometry": {
        "type": "Point",
        "coordinates": [
          11.305281,
          44.5071986
        ]
      },
      "id": "way/150985864"
    },
    {
      "type": "Feature",
      "properties": {
        "@id": "way/151039979",
        "name": "Albert Club",
        "building": "yes",
        "amenity": "nightclub",
        "@geometry": "center"
      },
      "geometry": {
        "type": "Point",
        "coordinates": [
          9.0645368,
          45.7303644
        ]
      },
      "id": "way/151039979"
    },
    {
      "type": "Feature",
      "properties": {
        "@id": "way/151274545",
        "source": "Regione Emilia Romagna",
        "amenity": "nightclub",
        "building": "public",
        "name": "Discoteca Le Cupole",
        "@geometry": "center"
      },
      "geometry": {
        "type": "Point",
        "coordinates": [
          11.8070646,
          44.3173605
        ]
      },
      "id": "way/151274545"
    },
    {
      "type": "Feature",
      "properties": {
        "@id": "way/151290772",
        "source": "Regione Emilia Romagna",
        "amenity": "community_centre",
        "building": "yes",
        "name": "Centro Sociale Ca' Di Cuntaden",
        "@geometry": "center"
      },
      "geometry": {
        "type": "Point",
        "coordinates": [
          11.8600379,
          44.4410184
        ]
      },
      "id": "way/151290772"
    },
    {
      "type": "Feature",
      "properties": {
        "@id": "way/151419917",
        "website": "centrosocialeiltondolugo.it",
        "addr:city": "Lugo",
        "addr:housenumber": "30",
        "addr:postcode": "48022",
        "addr:street": "Via Domenico Antonio Lumagni",
        "amenity": "social_centre",
        "building": "yes",
        "name": "Centro Sociale \"Il Tondo\"",
        "phone": "+390545900716",
        "source": "Regione Emilia Romagna",
        "@geometry": "center"
      },
      "geometry": {
        "type": "Point",
        "coordinates": [
          11.9092963,
          44.4146975
        ]
      },
      "id": "way/151419917"
    },
    {
      "type": "Feature",
      "properties": {
        "@id": "way/151429624",
        "name": "Ca' del Liscio",
        "amenity": "nightclub",
        "building": "yes",
        "@geometry": "center"
      },
      "geometry": {
        "type": "Point",
        "coordinates": [
          12.2117436,
          44.3450393
        ]
      },
      "id": "way/151429624"
    },
    {
      "type": "Feature",
      "properties": {
        "@id": "way/152044319",
        "amenity": "nightclub",
        "building": "yes",
        "name": "Dancing \"IL Gabbiano\"",
        "source": "Regione Emilia Romagna",
        "@geometry": "center"
      },
      "geometry": {
        "type": "Point",
        "coordinates": [
          11.8328723,
          44.5142689
        ]
      },
      "id": "way/152044319"
    },
    {
      "type": "Feature",
      "properties": {
        "@id": "way/152388490",
        "amenity": "social_centre",
        "building": "yes",
        "name": "Centro Sociale Ilaria Alpi",
        "source": "Regione Emilia Romagna",
        "@geometry": "center"
      },
      "geometry": {
        "type": "Point",
        "coordinates": [
          11.1881706,
          44.5012125
        ]
      },
      "id": "way/152388490"
    },
    {
      "type": "Feature",
      "properties": {
        "@id": "way/152513841",
        "amenity": "community_centre",
        "building": "yes",
        "name": "Centro Sociale Culturale Sandro Pertini",
        "source": "Regione Emilia Romagna",
        "@geometry": "center"
      },
      "geometry": {
        "type": "Point",
        "coordinates": [
          11.2077098,
          44.4916417
        ]
      },
      "id": "way/152513841"
    },
    {
      "type": "Feature",
      "properties": {
        "@id": "way/152708909",
        "amenity": "community_centre",
        "contact:website": "http://www.parcofenderl.it/",
        "leisure": "park",
        "name": "Parco Area Fenderl",
        "@geometry": "center"
      },
      "geometry": {
        "type": "Point",
        "coordinates": [
          12.2904303,
          45.9911325
        ]
      },
      "id": "way/152708909"
    },
    {
      "type": "Feature",
      "properties": {
        "@id": "way/153254331",
        "amenity": "community_centre",
        "building": "yes",
        "community_centre": "youth_centre",
        "source": "Regione Emilia Romagna",
        "@geometry": "center"
      },
      "geometry": {
        "type": "Point",
        "coordinates": [
          11.3765782,
          44.6460591
        ]
      },
      "id": "way/153254331"
    },
    {
      "type": "Feature",
      "properties": {
        "@id": "way/153254367",
        "amenity": "community_centre",
        "building": "yes",
        "community_centre": "village_hall",
        "name": "Centro Civico Padre Marella",
        "source": "Regione Emilia Romagna",
        "@geometry": "center"
      },
      "geometry": {
        "type": "Point",
        "coordinates": [
          11.3756051,
          44.6436508
        ]
      },
      "id": "way/153254367"
    },
    {
      "type": "Feature",
      "properties": {
        "@id": "way/153692050",
        "name": "Centro Sociale \"E. Candon\"",
        "amenity": "community_centre",
        "building": "yes",
        "@geometry": "center"
      },
      "geometry": {
        "type": "Point",
        "coordinates": [
          12.9198417,
          46.1680563
        ]
      },
      "id": "way/153692050"
    },
    {
      "type": "Feature",
      "properties": {
        "@id": "way/153869973",
        "addr:city": "Madonna dei Prati di Tomba",
        "addr:housenumber": "81/3",
        "addr:postcode": "40069",
        "addr:street": "Via Madonna dei Prati",
        "amenity": "community_centre",
        "building": "yes",
        "building:levels": "2",
        "name": "Centro Socio Culturale Susanna Molinari",
        "source": "Regione Emilia Romagna",
        "@geometry": "center"
      },
      "geometry": {
        "type": "Point",
        "coordinates": [
          11.2047008,
          44.5244294
        ]
      },
      "id": "way/153869973"
    },
    {
      "type": "Feature",
      "properties": {
        "@id": "way/154409631",
        "amenity": "social_centre",
        "building": "public",
        "name": "Spazio Polifunzionale di via Parri",
        "@geometry": "center"
      },
      "geometry": {
        "type": "Point",
        "coordinates": [
          9.2637921,
          45.4066572
        ]
      },
      "id": "way/154409631"
    },
    {
      "type": "Feature",
      "properties": {
        "@id": "way/154409680",
        "name": "Yabboq",
        "building": "public",
        "amenity": "community_centre",
        "@geometry": "center"
      },
      "geometry": {
        "type": "Point",
        "coordinates": [
          9.2720867,
          45.4161002
        ]
      },
      "id": "way/154409680"
    },
    {
      "type": "Feature",
      "properties": {
        "@id": "way/155843431",
        "addr:city": "Sulden - Solda",
        "addr:city:de": "Sulden",
        "addr:city:it": "Solda",
        "addr:housenumber": "100",
        "addr:postcode": "39029",
        "addr:street": "Hauptstraße - Via Principale",
        "addr:street:de": "Hauptstraße",
        "addr:street:it": "Via Principale",
        "amenity": "nightclub",
        "building": "yes",
        "name": "Apres Club",
        "@geometry": "center"
      },
      "geometry": {
        "type": "Point",
        "coordinates": [
          10.5961641,
          46.5214027
        ]
      },
      "id": "way/155843431"
    },
    {
      "type": "Feature",
      "properties": {
        "@id": "way/156087842",
        "amenity": "community_centre",
        "building": "civic",
        "name": "Sala civica \"Antonio Gandolfi\"",
        "source": "Regione Emilia Romagna",
        "@geometry": "center"
      },
      "geometry": {
        "type": "Point",
        "coordinates": [
          10.9787691,
          44.1804556
        ]
      },
      "id": "way/156087842"
    },
    {
      "type": "Feature",
      "properties": {
        "@id": "way/156521693",
        "amenity": "nightclub",
        "building": "yes",
        "name": "Rendez Vous",
        "source": "Regione Emilia Romagna",
        "@geometry": "center"
      },
      "geometry": {
        "type": "Point",
        "coordinates": [
          11.2397895,
          44.2126875
        ]
      },
      "id": "way/156521693"
    },
    {
      "type": "Feature",
      "properties": {
        "@id": "way/156934134",
        "name": "Number one",
        "building": "yes",
        "amenity": "nightclub",
        "@geometry": "center"
      },
      "geometry": {
        "type": "Point",
        "coordinates": [
          10.0066605,
          45.6140707
        ]
      },
      "id": "way/156934134"
    },
    {
      "type": "Feature",
      "properties": {
        "@id": "way/157452670",
        "addr:housenumber": "25",
        "addr:street": "Via Eraclea",
        "amenity": "community_centre",
        "building": "yes",
        "email": "centro.quake@yahoo.it",
        "name": "Centro di aggregazione giovanile Quake",
        "operator": "Consorzio Selenia Società Cooperativa Sociale di Ravenna",
        "phone": "+39 0544 421261",
        "source": "Regione Emilia Romagna",
        "@geometry": "center"
      },
      "geometry": {
        "type": "Point",
        "coordinates": [
          12.2231744,
          44.4171107
        ]
      },
      "id": "way/157452670"
    },
    {
      "type": "Feature",
      "properties": {
        "@id": "way/157525439",
        "amenity": "nightclub",
        "building": "yes",
        "@geometry": "center"
      },
      "geometry": {
        "type": "Point",
        "coordinates": [
          10.0068079,
          45.6158692
        ]
      },
      "id": "way/157525439"
    },
    {
      "type": "Feature",
      "properties": {
        "@id": "way/157631614",
        "website": "www.apresclub.com",
        "addr:city": "Gargazon - Gargazzone",
        "addr:city:de": "Gargazon",
        "addr:city:it": "Gargazzone",
        "addr:country": "IT",
        "addr:housename": "Aprés Club",
        "addr:housenumber": "20",
        "addr:postcode": "39010",
        "addr:street": "Reichsstraße - Via Nazionale",
        "amenity": "nightclub",
        "building": "yes",
        "email": "info@apresclub.com",
        "name": "Aprés Club",
        "opening_hours": "We, Th, Su 21:30-03:00; Fr, Sa 21:30-03:30",
        "operator": "Neulichedl Otto OHG",
        "smoking": "separated",
        "wheelchair": "yes",
        "@geometry": "center"
      },
      "geometry": {
        "type": "Point",
        "coordinates": [
          11.2127969,
          46.5767142
        ]
      },
      "id": "way/157631614"
    },
    {
      "type": "Feature",
      "properties": {
        "@id": "way/157745005",
        "amenity": "nightclub",
        "name": "Club 99",
        "@geometry": "center"
      },
      "geometry": {
        "type": "Point",
        "coordinates": [
          12.3591706,
          44.2498177
        ]
      },
      "id": "way/157745005"
    },
    {
      "type": "Feature",
      "properties": {
        "@id": "way/158649144",
        "name": "Patronato \"Santissimo Redentore\"",
        "addr:city": "Este",
        "addr:country": "IT",
        "addr:housenumber": "65",
        "addr:postcode": "35042",
        "addr:street": "Viale Fiume",
        "amenity": "social_centre",
        "@geometry": "center"
      },
      "geometry": {
        "type": "Point",
        "coordinates": [
          11.6561353,
          45.2241688
        ]
      },
      "id": "way/158649144"
    },
    {
      "type": "Feature",
      "properties": {
        "@id": "way/159043119",
        "amenity": "community_centre",
        "building": "yes",
        "community_centre": "parish_hall",
        "denomination": "catholic",
        "name": "Oratorio",
        "religion": "christian",
        "@geometry": "center"
      },
      "geometry": {
        "type": "Point",
        "coordinates": [
          9.954068,
          45.6606487
        ]
      },
      "id": "way/159043119"
    },
    {
      "type": "Feature",
      "properties": {
        "@id": "way/159323956",
        "contact:website": "www.oratorioleno.it",
        "email": "info@oratorioleno.it",
        "phone": "+39 030 906259",
        "website": "https://www.oratorioleno.it/",
        "addr:city": "Leno",
        "addr:housenumber": "35",
        "addr:postcode": "25024",
        "addr:street": "Via Re Desiderio",
        "amenity": "community_centre",
        "building": "yes",
        "community_centre": "parish_hall",
        "contact:email": "info@oratorioleno.it",
        "contact:phone": "+39 030 906259",
        "denomination": "catholic",
        "name": "Oratorio San Luigi",
        "religion": "christian",
        "wheelchair": "yes",
        "@geometry": "center"
      },
      "geometry": {
        "type": "Point",
        "coordinates": [
          10.221927,
          45.3652672
        ]
      },
      "id": "way/159323956"
    },
    {
      "type": "Feature",
      "properties": {
        "@id": "way/159675397",
        "amenity": "community_centre",
        "building": "yes",
        "name": "Centro Sociale \"La Leccia\"",
        "@geometry": "center"
      },
      "geometry": {
        "type": "Point",
        "coordinates": [
          10.3425942,
          43.5301311
        ]
      },
      "id": "way/159675397"
    },
    {
      "type": "Feature",
      "properties": {
        "@id": "way/159928018",
        "addr:city": "Mals - Malles Venosta",
        "addr:city:de": "Mals",
        "addr:city:it": "Malles Venosta",
        "addr:housenumber": "11",
        "addr:postcode": "39024",
        "addr:street": "Bahnhofstraße - Via della Stazione",
        "addr:street:de": "Bahnhofstraße",
        "addr:street:it": "Via della Stazione",
        "amenity": "community_centre",
        "building": "yes",
        "name": "Kulturhaus",
        "@geometry": "center"
      },
      "geometry": {
        "type": "Point",
        "coordinates": [
          10.5444312,
          46.6897888
        ]
      },
      "id": "way/159928018"
    },
    {
      "type": "Feature",
      "properties": {
        "@id": "way/160156167",
        "website": "http://www.oratoriocollebeato.org/",
        "religion": "christian",
        "amenity": "community_centre",
        "building": "yes",
        "community_centre": "parish_hall",
        "denomination": "catholic",
        "name": "Oratorio San Filippo Neri",
        "@geometry": "center"
      },
      "geometry": {
        "type": "Point",
        "coordinates": [
          10.2141295,
          45.5846517
        ]
      },
      "id": "way/160156167"
    },
    {
      "type": "Feature",
      "properties": {
        "@id": "way/160164470",
        "opening_hours": "on demand",
        "alt_name": "Casì del Feo",
        "amenity": "community_centre",
        "building": "yes",
        "name": "Casì del Feudo",
        "operator": "Gruppo Ecologico Collebeato",
        "@geometry": "center"
      },
      "geometry": {
        "type": "Point",
        "coordinates": [
          10.1982382,
          45.5875231
        ]
      },
      "id": "way/160164470"
    },
    {
      "type": "Feature",
      "properties": {
        "@id": "way/160542197",
        "amenity": "nightclub",
        "@geometry": "center"
      },
      "geometry": {
        "type": "Point",
        "coordinates": [
          10.3717224,
          45.4207299
        ]
      },
      "id": "way/160542197"
    },
    {
      "type": "Feature",
      "properties": {
        "@id": "way/160606191",
        "amenity": "community_centre",
        "building": "yes",
        "@geometry": "center"
      },
      "geometry": {
        "type": "Point",
        "coordinates": [
          9.7409206,
          45.7087824
        ]
      },
      "id": "way/160606191"
    },
    {
      "type": "Feature",
      "properties": {
        "@id": "way/160669921",
        "amenity": "community_centre",
        "building": "civic",
        "name": "Sala Santa Marta",
        "wikidata": "Q24938218",
        "@geometry": "center"
      },
      "geometry": {
        "type": "Point",
        "coordinates": [
          7.8765317,
          45.4675126
        ]
      },
      "id": "way/160669921"
    },
    {
      "type": "Feature",
      "properties": {
        "@id": "way/161081265",
        "amenity": "community_centre",
        "community_centre": "parish_hall",
        "denomination": "catholic",
        "name": "Oratorio di Vimodrone",
        "religion": "christian",
        "source": "Oratorio di Vimodrone",
        "@geometry": "center"
      },
      "geometry": {
        "type": "Point",
        "coordinates": [
          9.2894947,
          45.5158043
        ]
      },
      "id": "way/161081265"
    },
    {
      "type": "Feature",
      "properties": {
        "@id": "way/161482240",
        "wheelchair": "yes",
        "addr:housenumber": "2",
        "addr:street": "Passeggiata Eugenio Montale",
        "amenity": "community_centre",
        "building": "yes",
        "name": "Lega Navale Italiana - Sezione di Albisola",
        "@geometry": "center"
      },
      "geometry": {
        "type": "Point",
        "coordinates": [
          8.509296,
          44.3288615
        ]
      },
      "id": "way/161482240"
    },
    {
      "type": "Feature",
      "properties": {
        "@id": "way/161898411",
        "amenity": "community_centre",
        "building": "church",
        "name": "Chiesa di San Benedetto",
        "@geometry": "center"
      },
      "geometry": {
        "type": "Point",
        "coordinates": [
          11.4649877,
          45.2347391
        ]
      },
      "id": "way/161898411"
    },
    {
      "type": "Feature",
      "properties": {
        "@id": "way/163121057",
        "amenity": "community_centre",
        "building": "yes",
        "name": "Palazzo della Rocca (ex Casa del Fascio)",
        "source": "Regione Emilia Romagna",
        "@geometry": "center"
      },
      "geometry": {
        "type": "Point",
        "coordinates": [
          12.3168223,
          44.0423516
        ]
      },
      "id": "way/163121057"
    },
    {
      "type": "Feature",
      "properties": {
        "@id": "way/163195295",
        "amenity": "community_centre",
        "building": "yes",
        "club": "veterans",
        "name": "SMS Cantagalletto",
        "@geometry": "center"
      },
      "geometry": {
        "type": "Point",
        "coordinates": [
          8.4564122,
          44.3267659
        ]
      },
      "id": "way/163195295"
    },
    {
      "type": "Feature",
      "properties": {
        "@id": "way/163394139",
        "building": "yes",
        "amenity": "nightclub",
        "name": "Zoom",
        "@geometry": "center"
      },
      "geometry": {
        "type": "Point",
        "coordinates": [
          11.2907576,
          46.3421546
        ]
      },
      "id": "way/163394139"
    },
    {
      "type": "Feature",
      "properties": {
        "@id": "way/163824396",
        "building": "yes",
        "addr:housenumber": "39",
        "addr:street": "Corso Monte Grappa",
        "alt_name": "Ex Magistero",
        "amenity": "social_centre",
        "name": "Buridda",
        "@geometry": "center"
      },
      "geometry": {
        "type": "Point",
        "coordinates": [
          8.9496608,
          44.4114638
        ]
      },
      "id": "way/163824396"
    },
    {
      "type": "Feature",
      "properties": {
        "@id": "way/164329047",
        "wheelchair": "yes",
        "addr:housename": "Dancing Exclusiv",
        "amenity": "nightclub",
        "building": "yes",
        "name": "Dancing Exclusiv",
        "source": "Bing",
        "@geometry": "center"
      },
      "geometry": {
        "type": "Point",
        "coordinates": [
          11.148606,
          46.6248699
        ]
      },
      "id": "way/164329047"
    },
    {
      "type": "Feature",
      "properties": {
        "@id": "way/164333881",
        "amenity": "social_centre",
        "building": "yes",
        "@geometry": "center"
      },
      "geometry": {
        "type": "Point",
        "coordinates": [
          10.5805722,
          45.8505576
        ]
      },
      "id": "way/164333881"
    },
    {
      "type": "Feature",
      "properties": {
        "@id": "way/164333882",
        "building": "yes",
        "amenity": "social_centre",
        "@geometry": "center"
      },
      "geometry": {
        "type": "Point",
        "coordinates": [
          10.5803418,
          45.8506462
        ]
      },
      "id": "way/164333882"
    },
    {
      "type": "Feature",
      "properties": {
        "@id": "way/164333884",
        "amenity": "social_centre",
        "building": "yes",
        "@geometry": "center"
      },
      "geometry": {
        "type": "Point",
        "coordinates": [
          10.5801804,
          45.8507547
        ]
      },
      "id": "way/164333884"
    },
    {
      "type": "Feature",
      "properties": {
        "@id": "way/164532022",
        "addr:city": "Brescia",
        "addr:housename": "Centro Socio Culturale",
        "addr:housenumber": "46",
        "addr:postcode": "25136",
        "addr:street": "Via Casazza",
        "amenity": "community_centre",
        "building": "public",
        "name": "Centro Socio Culturale",
        "@geometry": "center"
      },
      "geometry": {
        "type": "Point",
        "coordinates": [
          10.2275446,
          45.5736039
        ]
      },
      "id": "way/164532022"
    },
    {
      "type": "Feature",
      "properties": {
        "@id": "way/164585161",
        "name": "Centro anziani Nuova Ponte di Nona",
        "addr:city": "Roma",
        "addr:postcode": "00132",
        "addr:street": "Via Raoul Chiodelli",
        "amenity": "community_centre",
        "building": "yes",
        "building:levels": "1",
        "@geometry": "center"
      },
      "geometry": {
        "type": "Point",
        "coordinates": [
          12.6629458,
          41.9091208
        ]
      },
      "id": "way/164585161"
    },
    {
      "type": "Feature",
      "properties": {
        "@id": "way/164587277",
        "amenity": "community_centre",
        "building": "civic",
        "name": "Sala \"Mauro Costantin Pavan\"",
        "operator": "Comune di Montagnana",
        "@geometry": "center"
      },
      "geometry": {
        "type": "Point",
        "coordinates": [
          11.4681484,
          45.2308887
        ]
      },
      "id": "way/164587277"
    },
    {
      "type": "Feature",
      "properties": {
        "@id": "way/164770887",
        "addr:housenumber": "78/E",
        "addr:city": "Massenzatico",
        "addr:postcode": "42122",
        "addr:street": "Via Ludwig Van Beethoven",
        "amenity": "community_centre",
        "building": "public",
        "name": "Le cucine del popolo",
        "source": "Regione Emilia Romagna",
        "@geometry": "center"
      },
      "geometry": {
        "type": "Point",
        "coordinates": [
          10.6984194,
          44.7324375
        ]
      },
      "id": "way/164770887"
    },
    {
      "type": "Feature",
      "properties": {
        "@id": "way/165174324",
        "addr:city": "Meano",
        "addr:housenumber": "26",
        "addr:postcode": "38121",
        "addr:street": "Via delle Sugarine",
        "amenity": "community_centre",
        "building": "yes",
        "name": "Centro Civico di Meano",
        "@geometry": "center"
      },
      "geometry": {
        "type": "Point",
        "coordinates": [
          11.1161241,
          46.1265828
        ]
      },
      "id": "way/165174324"
    },
    {
      "type": "Feature",
      "properties": {
        "@id": "way/166117044",
        "amenity": "community_centre",
        "building": "yes",
        "community_centre": "youth_centre",
        "community_centre:for": "juvenile",
        "contact:facebook": "https://it-it.facebook.com/lacasetta.centroaperto/",
        "contact:instagram": "https://www.instagram.com/la_casetta_centro_aperto",
        "contact:website": "https://www.arianna.coop/centro-aperto-la-casetta/",
        "name": "La Casetta",
        "operator": "Cooperativa Arianna",
        "operator:type": "cooperative",
        "source": "knowledge",
        "@geometry": "center"
      },
      "geometry": {
        "type": "Point",
        "coordinates": [
          11.1093646,
          46.1010629
        ]
      },
      "id": "way/166117044"
    },
    {
      "type": "Feature",
      "properties": {
        "@id": "way/166324213",
        "amenity": "nightclub",
        "building": "yes",
        "leisure": "dance",
        "name": "Centro Sociale Amici del Liscio",
        "@geometry": "center"
      },
      "geometry": {
        "type": "Point",
        "coordinates": [
          13.0959266,
          43.5986888
        ]
      },
      "id": "way/166324213"
    },
    {
      "type": "Feature",
      "properties": {
        "@id": "way/166326448",
        "amenity": "nightclub",
        "building": "yes",
        "leisure": "dance",
        "name": "Dancing La Vigna",
        "@geometry": "center"
      },
      "geometry": {
        "type": "Point",
        "coordinates": [
          12.6082555,
          43.8111878
        ]
      },
      "id": "way/166326448"
    },
    {
      "type": "Feature",
      "properties": {
        "@id": "way/166401655",
        "amenity": "nightclub",
        "@geometry": "center"
      },
      "geometry": {
        "type": "Point",
        "coordinates": [
          9.950041,
          45.4148074
        ]
      },
      "id": "way/166401655"
    },
    {
      "type": "Feature",
      "properties": {
        "@id": "way/166439035",
        "amenity": "social_centre",
        "building": "yes",
        "@geometry": "center"
      },
      "geometry": {
        "type": "Point",
        "coordinates": [
          10.5802037,
          45.8505804
        ]
      },
      "id": "way/166439035"
    },
    {
      "type": "Feature",
      "properties": {
        "@id": "way/166513749",
        "amenity": "community_centre",
        "name": "Casa Rossa",
        "operator": "Comune",
        "@geometry": "center"
      },
      "geometry": {
        "type": "Point",
        "coordinates": [
          11.2361959,
          45.9799946
        ]
      },
      "id": "way/166513749"
    },
    {
      "type": "Feature",
      "properties": {
        "@id": "way/166956593",
        "amenity": "community_centre",
        "name": "Oratorio",
        "@geometry": "center"
      },
      "geometry": {
        "type": "Point",
        "coordinates": [
          9.7443173,
          45.8147195
        ]
      },
      "id": "way/166956593"
    },
    {
      "type": "Feature",
      "properties": {
        "@id": "way/167067720",
        "amenity": "community_centre",
        "name": "Spazio Polivalente Don Ugo Balleri",
        "@geometry": "center"
      },
      "geometry": {
        "type": "Point",
        "coordinates": [
          11.1092137,
          44.0283175
        ]
      },
      "id": "way/167067720"
    },
    {
      "type": "Feature",
      "properties": {
        "@id": "way/167118266",
        "addr:city": "Modena",
        "addr:country": "IT",
        "addr:housenumber": "346",
        "addr:postcode": "41126",
        "addr:street": "Strada Contrada",
        "addr:suburb": "Buon Pastore- Sant’Agnese-San Damaso",
        "amenity": "nightclub",
        "building": "yes",
        "name": "Frozen",
        "source": "dati.emilia-romagna.it",
        "@geometry": "center"
      },
      "geometry": {
        "type": "Point",
        "coordinates": [
          10.9161416,
          44.6057359
        ]
      },
      "id": "way/167118266"
    },
    {
      "type": "Feature",
      "properties": {
        "@id": "way/167119162",
        "website": "http://www.baluardodellacittadella.it/",
        "name": "Baluardo della Cittadella",
        "building": "yes",
        "amenity": "nightclub",
        "@geometry": "center"
      },
      "geometry": {
        "type": "Point",
        "coordinates": [
          10.9204748,
          44.6532171
        ]
      },
      "id": "way/167119162"
    },
    {
      "type": "Feature",
      "properties": {
        "@id": "way/167120999",
        "addr:housenumber": "10B",
        "addr:city": "Modena",
        "addr:country": "IT",
        "addr:postcode": "41122",
        "addr:street": "Via Del Lancillotto",
        "addr:suburb": "Crocetta-San Lazzaro-Modena Est",
        "amenity": "nightclub",
        "building": "yes",
        "name": "Tube Club",
        "source": "Regione Emilia Romagna",
        "@geometry": "center"
      },
      "geometry": {
        "type": "Point",
        "coordinates": [
          10.9358861,
          44.6538936
        ]
      },
      "id": "way/167120999"
    },
    {
      "type": "Feature",
      "properties": {
        "@id": "way/167132041",
        "website": "http://www.gagba.org",
        "addr:city": "Modena",
        "addr:country": "IT",
        "addr:housenumber": "27",
        "addr:postcode": "41126",
        "addr:street": "Viale Dell'Autodromo",
        "amenity": "community_centre",
        "building": "yes",
        "club": "astronomy",
        "community_centre": "club_home",
        "name": "GAGBA - Gruppo Astrofili Giovanni Battista Amici",
        "source": "Regione Emilia Romagna",
        "@geometry": "center"
      },
      "geometry": {
        "type": "Point",
        "coordinates": [
          10.9066789,
          44.6531696
        ]
      },
      "id": "way/167132041"
    },
    {
      "type": "Feature",
      "properties": {
        "@id": "way/167165889",
        "addr:housenumber": "40/A",
        "addr:city": "Modena",
        "addr:country": "IT",
        "addr:postcode": "41123",
        "addr:street": "Viale Quattro Novembre",
        "addr:suburb": "Centro Storico",
        "amenity": "nightclub",
        "building": "industrial",
        "name": "Vibra",
        "website": "http://www.vibra.tv/",
        "@geometry": "center"
      },
      "geometry": {
        "type": "Point",
        "coordinates": [
          10.9171458,
          44.6553088
        ]
      },
      "id": "way/167165889"
    },
    {
      "type": "Feature",
      "properties": {
        "@id": "way/167166197",
        "addr:housenumber": "40/B",
        "addr:city": "Modena",
        "addr:country": "IT",
        "addr:postcode": "41123",
        "addr:street": "Viale Quattro Novembre",
        "addr:suburb": "Centro Storico",
        "amenity": "community_centre",
        "building": "industrial",
        "name": "Lo Spazio Nuovo",
        "@geometry": "center"
      },
      "geometry": {
        "type": "Point",
        "coordinates": [
          10.9175612,
          44.6554684
        ]
      },
      "id": "way/167166197"
    },
    {
      "type": "Feature",
      "properties": {
        "@id": "way/167391649",
        "addr:city": "Nonantola",
        "addr:housenumber": "13",
        "addr:postcode": "41015",
        "addr:street": "Via Vittorio Veneto",
        "amenity": "nightclub",
        "building": "yes",
        "name": "Vox Club",
        "source": "Regione Emilia Romagna",
        "@geometry": "center"
      },
      "geometry": {
        "type": "Point",
        "coordinates": [
          11.0398847,
          44.67866
        ]
      },
      "id": "way/167391649"
    },
    {
      "type": "Feature",
      "properties": {
        "@id": "way/167391804",
        "amenity": "community_centre",
        "building": "yes",
        "name": "Villa Barbolini",
        "source": "Regione Emilia Romagna",
        "@geometry": "center"
      },
      "geometry": {
        "type": "Point",
        "coordinates": [
          10.8461267,
          44.6864886
        ]
      },
      "id": "way/167391804"
    },
    {
      "type": "Feature",
      "properties": {
        "@id": "way/167532122",
        "amenity": "community_centre",
        "building": "yes",
        "name": "Casa del Popolo Spartaco",
        "source": "Regione Emilia Romagna",
        "@geometry": "center"
      },
      "geometry": {
        "type": "Point",
        "coordinates": [
          10.7417307,
          44.7522397
        ]
      },
      "id": "way/167532122"
    },
    {
      "type": "Feature",
      "properties": {
        "@id": "way/167550495",
        "amenity": "nightclub",
        "building": "yes",
        "name": "Il Patio",
        "@geometry": "center"
      },
      "geometry": {
        "type": "Point",
        "coordinates": [
          10.7918632,
          44.6501813
        ]
      },
      "id": "way/167550495"
    },
    {
      "type": "Feature",
      "properties": {
        "@id": "way/167930182",
        "addr:city": "Reggio nell'Emilia",
        "addr:housenumber": "12",
        "addr:street": "Via Guido Panciroli",
        "amenity": "community_centre",
        "building": "yes",
        "name": "Centro Sociale Catomes Tot",
        "phone": "+39 0522 451839",
        "source": "Regione Emilia Romagna",
        "@geometry": "center"
      },
      "geometry": {
        "type": "Point",
        "coordinates": [
          10.6269799,
          44.6952781
        ]
      },
      "id": "way/167930182"
    },
    {
      "type": "Feature",
      "properties": {
        "@id": "way/167931983",
        "addr:city": "Codemondo",
        "addr:housenumber": "11",
        "addr:street": "Via Carlo Teggi",
        "amenity": "social_centre",
        "building": "yes",
        "name": "Societa Agraria di Reggio Emilia",
        "source": "Regione Emilia Romagna",
        "@geometry": "center"
      },
      "geometry": {
        "type": "Point",
        "coordinates": [
          10.5767053,
          44.6955857
        ]
      },
      "id": "way/167931983"
    },
    {
      "type": "Feature",
      "properties": {
        "@id": "way/167936219",
        "source": "Regione Emilia Romagna",
        "amenity": "community_centre",
        "building": "yes",
        "name": "Centro Sociale Autogestito \"Biasola\"",
        "@geometry": "center"
      },
      "geometry": {
        "type": "Point",
        "coordinates": [
          10.578767,
          44.6698174
        ]
      },
      "id": "way/167936219"
    },
    {
      "type": "Feature",
      "properties": {
        "@id": "way/167953838",
        "amenity": "community_centre",
        "building": "yes",
        "name": "Centro sociale Quaresimo",
        "source": "Regione Emilia Romagna",
        "@geometry": "center"
      },
      "geometry": {
        "type": "Point",
        "coordinates": [
          10.552402,
          44.6882101
        ]
      },
      "id": "way/167953838"
    },
    {
      "type": "Feature",
      "properties": {
        "@id": "way/167959643",
        "addr:city": "Reggio Emilia",
        "addr:housenumber": "6",
        "addr:postcode": "42122",
        "addr:street": "Via Medaglie d'Oro della Resistenza",
        "amenity": "community_centre",
        "building": "yes",
        "name": "Centro Sociale Autogestito Rosta Nuova",
        "source": "Regione Emilia Romagna",
        "@geometry": "center"
      },
      "geometry": {
        "type": "Point",
        "coordinates": [
          10.6403664,
          44.6830075
        ]
      },
      "id": "way/167959643"
    },
    {
      "type": "Feature",
      "properties": {
        "@id": "way/167959793",
        "amenity": "community_centre",
        "building": "yes",
        "name": "Incrocio dei Venti",
        "source": "Regione Emilia Romagna",
        "@geometry": "center"
      },
      "geometry": {
        "type": "Point",
        "coordinates": [
          10.6054761,
          44.6724446
        ]
      },
      "id": "way/167959793"
    },
    {
      "type": "Feature",
      "properties": {
        "@id": "way/167962109",
        "addr:housenumber": "20",
        "addr:street": "Via Arturo Toscanini",
        "amenity": "community_centre",
        "building": "yes",
        "name": "Centro Sociale Autogestito Spallanzani",
        "source": "Regione Emilia Romagna",
        "@geometry": "center"
      },
      "geometry": {
        "type": "Point",
        "coordinates": [
          10.6483447,
          44.6847595
        ]
      },
      "id": "way/167962109"
    },
    {
      "type": "Feature",
      "properties": {
        "@id": "way/168121147",
        "amenity": "nightclub",
        "building": "yes",
        "name": "Italghisa",
        "source": "Regione Emilia Romagna",
        "@geometry": "center"
      },
      "geometry": {
        "type": "Point",
        "coordinates": [
          10.6222322,
          44.7197114
        ]
      },
      "id": "way/168121147"
    },
    {
      "type": "Feature",
      "properties": {
        "@id": "way/168128637",
        "source": "Regione Emilia Romagna",
        "amenity": "community_centre",
        "building": "industrial",
        "name": "Centro sociale AQ16",
        "@geometry": "center"
      },
      "geometry": {
        "type": "Point",
        "coordinates": [
          10.624414,
          44.7092449
        ]
      },
      "id": "way/168128637"
    },
    {
      "type": "Feature",
      "properties": {
        "@id": "way/168132705",
        "addr:housenumber": "45",
        "addr:street": "Via Giovanni Rinaldi",
        "amenity": "community_centre",
        "building": "yes",
        "name": "Circolo Arci Rondò",
        "operator": "ARCI",
        "source": "Regione Emilia Romagna",
        "@geometry": "center"
      },
      "geometry": {
        "type": "Point",
        "coordinates": [
          10.6098692,
          44.7235261
        ]
      },
      "id": "way/168132705"
    },
    {
      "type": "Feature",
      "properties": {
        "@id": "way/168133253",
        "amenity": "community_centre",
        "building": "yes",
        "name": "Centro Sociale Gianni Tasselli",
        "source": "Regione Emilia Romagna",
        "@geometry": "center"
      },
      "geometry": {
        "type": "Point",
        "coordinates": [
          10.5768343,
          44.7373705
        ]
      },
      "id": "way/168133253"
    },
    {
      "type": "Feature",
      "properties": {
        "@id": "way/168155746",
        "sport": "multi",
        "amenity": "community_centre",
        "building": "public",
        "name": "Circolo Arci PiGal",
        "source": "Regione Emilia Romagna",
        "@geometry": "center"
      },
      "geometry": {
        "type": "Point",
        "coordinates": [
          10.649047,
          44.7119567
        ]
      },
      "id": "way/168155746"
    },
    {
      "type": "Feature",
      "properties": {
        "@id": "way/168156967",
        "source": "Regione Emilia Romagna",
        "amenity": "community_centre",
        "building": "yes",
        "name": "Casino dell'Orologio",
        "@geometry": "center"
      },
      "geometry": {
        "type": "Point",
        "coordinates": [
          10.6085098,
          44.697309
        ]
      },
      "id": "way/168156967"
    },
    {
      "type": "Feature",
      "properties": {
        "@id": "way/168161911",
        "source": "Regione Emilia Romagna",
        "name": "Circolo Tunnel \"Bombon3ra\"",
        "building": "yes",
        "addr:street": "Via del Chionso",
        "amenity": "nightclub",
        "@geometry": "center"
      },
      "geometry": {
        "type": "Point",
        "coordinates": [
          10.6485505,
          44.7095283
        ]
      },
      "id": "way/168161911"
    },
    {
      "type": "Feature",
      "properties": {
        "@id": "way/168162564",
        "amenity": "community_centre",
        "building": "yes",
        "name": "Centro Sociale La Mirandola",
        "source": "Regione Emilia Romagna",
        "@geometry": "center"
      },
      "geometry": {
        "type": "Point",
        "coordinates": [
          10.5953557,
          44.7059862
        ]
      },
      "id": "way/168162564"
    },
    {
      "type": "Feature",
      "properties": {
        "@id": "way/168182528",
        "amenity": "community_centre",
        "building": "yes",
        "name": "Casa Coniglio",
        "@geometry": "center"
      },
      "geometry": {
        "type": "Point",
        "coordinates": [
          14.9065691,
          37.5618303
        ]
      },
      "id": "way/168182528"
    },
    {
      "type": "Feature",
      "properties": {
        "@id": "way/168202491",
        "amenity": "nightclub",
        "building": "yes",
        "name": "Tempo Rock",
        "source": "Regione Emilia Romagna",
        "@geometry": "center"
      },
      "geometry": {
        "type": "Point",
        "coordinates": [
          10.6287378,
          44.8912233
        ]
      },
      "id": "way/168202491"
    },
    {
      "type": "Feature",
      "properties": {
        "@id": "way/168210886",
        "amenity": "community_centre",
        "building": "yes",
        "name": "Sala Civica Vecchio Lavatoio",
        "@geometry": "center"
      },
      "geometry": {
        "type": "Point",
        "coordinates": [
          10.2409952,
          45.5693897
        ]
      },
      "id": "way/168210886"
    },
    {
      "type": "Feature",
      "properties": {
        "@id": "way/168215000",
        "addr:city": "Cella",
        "addr:housenumber": "152",
        "addr:postcode": "42124",
        "addr:street": "Via Giambattista Vico",
        "amenity": "community_centre",
        "building": "yes",
        "name": "Circolo Arci Cella",
        "operator": "Arci",
        "source": "Regione Emilia Romagna",
        "@geometry": "center"
      },
      "geometry": {
        "type": "Point",
        "coordinates": [
          10.5456203,
          44.7276156
        ]
      },
      "id": "way/168215000"
    },
    {
      "type": "Feature",
      "properties": {
        "@id": "way/168260222",
        "amenity": "community_centre",
        "building": "yes",
        "name": "Circolo Arci Pablo Neruda",
        "source": "Regione Emilia Romagna",
        "@geometry": "center"
      },
      "geometry": {
        "type": "Point",
        "coordinates": [
          10.517922,
          44.7389566
        ]
      },
      "id": "way/168260222"
    },
    {
      "type": "Feature",
      "properties": {
        "@id": "way/168262662",
        "addr:city": "Cadè",
        "addr:housenumber": "2/a",
        "addr:postcode": "42124",
        "addr:street": "Via della Stazione",
        "amenity": "community_centre",
        "building": "yes",
        "name": "Circolo Anspi Cadè",
        "source": "Regione Emilia Romagna",
        "@geometry": "center"
      },
      "geometry": {
        "type": "Point",
        "coordinates": [
          10.5163774,
          44.7390932
        ]
      },
      "id": "way/168262662"
    },
    {
      "type": "Feature",
      "properties": {
        "@id": "way/168379262",
        "amenity": "community_centre",
        "building": "yes",
        "community_centre": "parish_hall",
        "denomination": "catholic",
        "name": "Oratorio S. Matteo di Praticello",
        "religion": "christian",
        "source": "Regione Emilia Romagna",
        "@geometry": "center"
      },
      "geometry": {
        "type": "Point",
        "coordinates": [
          10.4739953,
          44.8044602
        ]
      },
      "id": "way/168379262"
    },
    {
      "type": "Feature",
      "properties": {
        "@id": "way/168470647",
        "amenity": "nightclub",
        "building": "yes",
        "name": "New Sesak",
        "source": "Regione Emilia Romagna",
        "@geometry": "center"
      },
      "geometry": {
        "type": "Point",
        "coordinates": [
          10.4061124,
          44.5723797
        ]
      },
      "id": "way/168470647"
    },
    {
      "type": "Feature",
      "properties": {
        "@id": "way/168655160",
        "addr:city": "Soncino",
        "addr:housenumber": "23",
        "addr:postcode": "26029",
        "addr:street": "Via Brescia",
        "amenity": "nightclub",
        "min_age": "18",
        "name": "River Houseclub",
        "building": "yes",
        "@geometry": "center"
      },
      "geometry": {
        "type": "Point",
        "coordinates": [
          9.8866052,
          45.3991369
        ]
      },
      "id": "way/168655160"
    },
    {
      "type": "Feature",
      "properties": {
        "@id": "way/168934835",
        "amenity": "community_centre",
        "building": "yes",
        "name": "Circolo Anspi Marmirolo",
        "source": "Regione Emilia Romagna",
        "@geometry": "center"
      },
      "geometry": {
        "type": "Point",
        "coordinates": [
          10.7191701,
          44.6550564
        ]
      },
      "id": "way/168934835"
    },
    {
      "type": "Feature",
      "properties": {
        "@id": "way/168976841",
        "amenity": "community_centre",
        "building": "yes",
        "name": "Festhalle Latsch",
        "@geometry": "center"
      },
      "geometry": {
        "type": "Point",
        "coordinates": [
          10.8588786,
          46.609826
        ]
      },
      "id": "way/168976841"
    },
    {
      "type": "Feature",
      "properties": {
        "@id": "way/169876436",
        "amenity": "community_centre",
        "building": "public",
        "name": "Sala Civica",
        "@geometry": "center"
      },
      "geometry": {
        "type": "Point",
        "coordinates": [
          10.21999,
          45.5670595
        ]
      },
      "id": "way/169876436"
    },
    {
      "type": "Feature",
      "properties": {
        "@id": "way/169958014",
        "amenity": "nightclub",
        "building": "yes",
        "name": "Estasi",
        "@geometry": "center"
      },
      "geometry": {
        "type": "Point",
        "coordinates": [
          9.9060736,
          45.8742005
        ]
      },
      "id": "way/169958014"
    },
    {
      "type": "Feature",
      "properties": {
        "@id": "way/171694572",
        "amenity": "nightclub",
        "@geometry": "center"
      },
      "geometry": {
        "type": "Point",
        "coordinates": [
          10.3458817,
          45.1345485
        ]
      },
      "id": "way/171694572"
    },
    {
      "type": "Feature",
      "properties": {
        "@id": "way/172583226",
        "amenity": "community_centre",
        "building": "yes",
        "name": "Haus der Vereine",
        "@geometry": "center"
      },
      "geometry": {
        "type": "Point",
        "coordinates": [
          11.2037516,
          46.5437723
        ]
      },
      "id": "way/172583226"
    },
    {
      "type": "Feature",
      "properties": {
        "@id": "way/173540612",
        "addr:city": "Cernusco Lombardone",
        "addr:country": "IT",
        "addr:housenumber": "43/45",
        "addr:postcode": "23870",
        "addr:street": "Via Lecco",
        "amenity": "community_centre",
        "community_centre": "parish_hall",
        "community_centre:for": "juvenile",
        "denomination": "catholic",
        "email": "info@oratoriosanluigi.org",
        "name": "Oratorio San Luigi",
        "phone": "+39 039 2917221",
        "religion": "christian",
        "website": "http://www.oratoriosanluigi.org",
        "@geometry": "center"
      },
      "geometry": {
        "type": "Point",
        "coordinates": [
          9.4012225,
          45.693873
        ]
      },
      "id": "way/173540612"
    },
    {
      "type": "Feature",
      "properties": {
        "@id": "way/174048045",
        "amenity": "nightclub",
        "building": "yes",
        "name": "The Square",
        "@geometry": "center"
      },
      "geometry": {
        "type": "Point",
        "coordinates": [
          14.1735046,
          40.8050116
        ]
      },
      "id": "way/174048045"
    },
    {
      "type": "Feature",
      "properties": {
        "@id": "way/174734420",
        "amenity": "community_centre",
        "building": "yes",
        "name": "Piccola Casa della Divina Provvidenza Cottolengo",
        "@geometry": "center"
      },
      "geometry": {
        "type": "Point",
        "coordinates": [
          8.5667293,
          40.1890143
        ]
      },
      "id": "way/174734420"
    },
    {
      "type": "Feature",
      "properties": {
        "@id": "way/174793921",
        "amenity": "community_centre",
        "building": "public",
        "community_centre": "parish_hall",
        "denomination": "catholic",
        "name": "Oratorio di Masnago",
        "@geometry": "center"
      },
      "geometry": {
        "type": "Point",
        "coordinates": [
          8.8006332,
          45.8303588
        ]
      },
      "id": "way/174793921"
    },
    {
      "type": "Feature",
      "properties": {
        "@id": "way/174958250",
        "amenity": "community_centre",
        "building": "yes",
        "name": "Centro Polivalente",
        "@geometry": "center"
      },
      "geometry": {
        "type": "Point",
        "coordinates": [
          16.5854933,
          38.9117359
        ]
      },
      "id": "way/174958250"
    },
    {
      "type": "Feature",
      "properties": {
        "@id": "way/175147942",
        "amenity": "community_centre",
        "name": "Oratorio S. Giovanni Bosco di Cremeno",
        "opening_hours": "Mo-Fr 09:00-17:00",
        "operator": "Chiesa di San Giorgio",
        "@geometry": "center"
      },
      "geometry": {
        "type": "Point",
        "coordinates": [
          9.4751964,
          45.9344133
        ]
      },
      "id": "way/175147942"
    },
    {
      "type": "Feature",
      "properties": {
        "@id": "way/175206951",
        "wheelchair": "yes",
        "addr:city": "Alessandria",
        "addr:housenumber": "6",
        "addr:postcode": "15121",
        "addr:street": "Via Giulio Monteverde",
        "amenity": "community_centre",
        "building": "yes",
        "name": "Oratorio Giovanni Paolo II",
        "operator": "Parrocchia del Cuore Immacolato di Maria",
        "operator:type": "religious",
        "@geometry": "center"
      },
      "geometry": {
        "type": "Point",
        "coordinates": [
          8.6291126,
          44.9158312
        ]
      },
      "id": "way/175206951"
    },
    {
      "type": "Feature",
      "properties": {
        "@id": "way/175276607",
        "amenity": "nightclub",
        "name": "Maracuja",
        "@geometry": "center"
      },
      "geometry": {
        "type": "Point",
        "coordinates": [
          16.4669815,
          38.3409635
        ]
      },
      "id": "way/175276607"
    },
    {
      "type": "Feature",
      "properties": {
        "@id": "way/176206542",
        "short_name": "paradiso",
        "website": "https://www.paradisodisco.it/",
        "addr:city": "Brescia",
        "addr:housenumber": "12",
        "addr:postcode": "25124",
        "addr:street": "Via Casotti",
        "alt_name": "Paradiso",
        "amenity": "nightclub",
        "name": "Discoteca Paradiso",
        "@geometry": "center"
      },
      "geometry": {
        "type": "Point",
        "coordinates": [
          10.256821,
          45.4965497
        ]
      },
      "id": "way/176206542"
    },
    {
      "type": "Feature",
      "properties": {
        "@id": "way/176519446",
        "amenity": "community_centre",
        "building": "yes",
        "community_centre": "parish_hall",
        "denomination": "catholic",
        "name": "Oratorio di Sant'Angela Merici",
        "religion": "christian",
        "@geometry": "center"
      },
      "geometry": {
        "type": "Point",
        "coordinates": [
          10.2567264,
          45.5181716
        ]
      },
      "id": "way/176519446"
    },
    {
      "type": "Feature",
      "properties": {
        "@id": "way/176655285",
        "amenity": "community_centre",
        "building": "yes",
        "community_centre": "cultural_centre",
        "name": "Centro Civico Culturale \"Baldassarre Galuppi\"",
        "toilets": "yes",
        "toilets:access": "permissive",
        "wheelchair": "yes",
        "@geometry": "center"
      },
      "geometry": {
        "type": "Point",
        "coordinates": [
          12.4151421,
          45.4869719
        ]
      },
      "id": "way/176655285"
    },
    {
      "type": "Feature",
      "properties": {
        "@id": "way/176933214",
        "amenity": "nightclub",
        "building": "yes",
        "name": "La Rosa dei Venti",
        "@geometry": "center"
      },
      "geometry": {
        "type": "Point",
        "coordinates": [
          8.9240509,
          44.4087294
        ]
      },
      "id": "way/176933214"
    },
    {
      "type": "Feature",
      "properties": {
        "@id": "way/177029296",
        "addr:housenumber": "1",
        "addr:street": "Strada di Montevaccino",
        "amenity": "community_centre",
        "building": "yes",
        "name": "Centro Sociale di Montevaccino",
        "@geometry": "center"
      },
      "geometry": {
        "type": "Point",
        "coordinates": [
          11.1441599,
          46.1080741
        ]
      },
      "id": "way/177029296"
    },
    {
      "type": "Feature",
      "properties": {
        "@id": "way/177050702",
        "amenity": "nightclub",
        "building": "hut",
        "name": "Sound Beach - Disco Beach Club",
        "@geometry": "center"
      },
      "geometry": {
        "type": "Point",
        "coordinates": [
          12.4593767,
          45.4433395
        ]
      },
      "id": "way/177050702"
    },
    {
      "type": "Feature",
      "properties": {
        "@id": "way/177186294",
        "amenity": "nightclub",
        "name": "Sole Nero",
        "@geometry": "center"
      },
      "geometry": {
        "type": "Point",
        "coordinates": [
          15.8682003,
          37.9252631
        ]
      },
      "id": "way/177186294"
    },
    {
      "type": "Feature",
      "properties": {
        "@id": "way/177548431",
        "amenity": "community_centre",
        "building": "civic",
        "name": "Salone Polifunzionale di Samone Canavese",
        "@geometry": "center"
      },
      "geometry": {
        "type": "Point",
        "coordinates": [
          7.8419722,
          45.4507025
        ]
      },
      "id": "way/177548431"
    },
    {
      "type": "Feature",
      "properties": {
        "@id": "way/177767982",
        "addr:housenumber": "7/A",
        "addr:city": "Massenzatico",
        "addr:postcode": "42122",
        "addr:street": "Via Brenno Rosselli",
        "amenity": "community_centre",
        "name": "Laghi del sole",
        "@geometry": "center"
      },
      "geometry": {
        "type": "Point",
        "coordinates": [
          10.6726505,
          44.7301033
        ]
      },
      "id": "way/177767982"
    },
    {
      "type": "Feature",
      "properties": {
        "@id": "way/177914547",
        "amenity": "community_centre",
        "building": "public",
        "community_centre": "parish_hall",
        "name": "Oratorio",
        "religion": "christian",
        "@geometry": "center"
      },
      "geometry": {
        "type": "Point",
        "coordinates": [
          7.7172107,
          44.5469479
        ]
      },
      "id": "way/177914547"
    },
    {
      "type": "Feature",
      "properties": {
        "@id": "way/178223751",
        "amenity": "community_centre",
        "building": "yes",
        "name": "Centro Giovani Francesco Zaccaria Cadau",
        "@geometry": "center"
      },
      "geometry": {
        "type": "Point",
        "coordinates": [
          8.5889933,
          40.218663
        ]
      },
      "id": "way/178223751"
    },
    {
      "type": "Feature",
      "properties": {
        "@id": "way/178282496",
        "office": "administrative",
        "amenity": "community_centre",
        "building": "yes",
        "source": "Bing, Local knowledge",
        "@geometry": "center"
      },
      "geometry": {
        "type": "Point",
        "coordinates": [
          14.4719633,
          41.4846777
        ]
      },
      "id": "way/178282496"
    },
    {
      "type": "Feature",
      "properties": {
        "@id": "way/178468727",
        "name": "Centro Anziani Pertini",
        "amenity": "community_centre",
        "@geometry": "center"
      },
      "geometry": {
        "type": "Point",
        "coordinates": [
          12.631716,
          45.5406156
        ]
      },
      "id": "way/178468727"
    },
    {
      "type": "Feature",
      "properties": {
        "@id": "way/178874027",
        "amenity": "community_centre",
        "name": "Oratorio Valera di Varedo",
        "@geometry": "center"
      },
      "geometry": {
        "type": "Point",
        "coordinates": [
          9.177327,
          45.5988891
        ]
      },
      "id": "way/178874027"
    },
    {
      "type": "Feature",
      "properties": {
        "@id": "way/179252369",
        "amenity": "community_centre",
        "building": "yes",
        "name": "Aula Biraghi - Centro Anziani Varedo",
        "@geometry": "center"
      },
      "geometry": {
        "type": "Point",
        "coordinates": [
          9.1527828,
          45.5982422
        ]
      },
      "id": "way/179252369"
    },
    {
      "type": "Feature",
      "properties": {
        "@id": "way/179584173",
        "addr:housenumber": "6/A",
        "addr:city": "Parma",
        "addr:postcode": "43123",
        "addr:street": "Via Nicola de Giovanni",
        "amenity": "community_centre",
        "building": "yes",
        "denomination": "catholic",
        "name": "Oratorio Corpus domini",
        "religion": "christian",
        "source": "Regione Emilia Romagna",
        "@geometry": "center"
      },
      "geometry": {
        "type": "Point",
        "coordinates": [
          10.3420024,
          44.7941119
        ]
      },
      "id": "way/179584173"
    },
    {
      "type": "Feature",
      "properties": {
        "@id": "way/180800096",
        "amenity": "nightclub",
        "barrier": "fence",
        "name": "Tortuga",
        "@geometry": "center"
      },
      "geometry": {
        "type": "Point",
        "coordinates": [
          17.145572,
          39.0474864
        ]
      },
      "id": "way/180800096"
    },
    {
      "type": "Feature",
      "properties": {
        "@id": "way/181371195",
        "amenity": "community_centre",
        "building": "yes",
        "@geometry": "center"
      },
      "geometry": {
        "type": "Point",
        "coordinates": [
          9.1058167,
          45.4918756
        ]
      },
      "id": "way/181371195"
    },
    {
      "type": "Feature",
      "properties": {
        "@id": "way/181605523",
        "amenity": "nightclub",
        "building": "yes",
        "name": "Piteco Club",
        "source": "Regione Emilia Romagna",
        "@geometry": "center"
      },
      "geometry": {
        "type": "Point",
        "coordinates": [
          12.0593401,
          44.3898379
        ]
      },
      "id": "way/181605523"
    },
    {
      "type": "Feature",
      "properties": {
        "@id": "way/182153317",
        "amenity": "community_centre",
        "building": "yes",
        "name": "Oratorio",
        "source": "Regione Emilia Romagna",
        "@geometry": "center"
      },
      "geometry": {
        "type": "Point",
        "coordinates": [
          10.341809,
          44.8261223
        ]
      },
      "id": "way/182153317"
    },
    {
      "type": "Feature",
      "properties": {
        "@id": "way/182193826",
        "amenity": "community_centre",
        "building": "yes",
        "name": "Oratorio San Giuseppe",
        "@geometry": "center"
      },
      "geometry": {
        "type": "Point",
        "coordinates": [
          7.8786808,
          45.4688219
        ]
      },
      "id": "way/182193826"
    },
    {
      "type": "Feature",
      "properties": {
        "@id": "way/182460923",
        "amenity": "community_centre",
        "building": "yes",
        "community_centre": "parish_hall",
        "denomination": "catholic",
        "name": "Oratorio di Poncarale",
        "religion": "christian",
        "@geometry": "center"
      },
      "geometry": {
        "type": "Point",
        "coordinates": [
          10.17486,
          45.4606565
        ]
      },
      "id": "way/182460923"
    },
    {
      "type": "Feature",
      "properties": {
        "@id": "way/182613525",
        "amenity": "community_centre",
        "building": "yes",
        "community_centre": "parish_hall",
        "denomination": "catholic",
        "name": "Oratorio San Valentino",
        "religion": "christian",
        "@geometry": "center"
      },
      "geometry": {
        "type": "Point",
        "coordinates": [
          10.3016406,
          45.9540056
        ]
      },
      "id": "way/182613525"
    },
    {
      "type": "Feature",
      "properties": {
        "@id": "way/182698449",
        "amenity": "community_centre",
        "name": "Oratorio Padri Somaschi",
        "@geometry": "center"
      },
      "geometry": {
        "type": "Point",
        "coordinates": [
          8.8925074,
          45.463038
        ]
      },
      "id": "way/182698449"
    },
    {
      "type": "Feature",
      "properties": {
        "@id": "way/183143810",
        "amenity": "community_centre",
        "building": "yes",
        "@geometry": "center"
      },
      "geometry": {
        "type": "Point",
        "coordinates": [
          15.1358155,
          37.6679405
        ]
      },
      "id": "way/183143810"
    },
    {
      "type": "Feature",
      "properties": {
        "@id": "way/183407804",
        "amenity": "community_centre",
        "building": "yes",
        "source": "Regione Emilia Romagna",
        "@geometry": "center"
      },
      "geometry": {
        "type": "Point",
        "coordinates": [
          9.9925822,
          45.1036229
        ]
      },
      "id": "way/183407804"
    },
    {
      "type": "Feature",
      "properties": {
        "@id": "way/184163194",
        "amenity": "community_centre",
        "building": "yes",
        "source": "Regione Emilia Romagna",
        "@geometry": "center"
      },
      "geometry": {
        "type": "Point",
        "coordinates": [
          9.5214012,
          44.9483721
        ]
      },
      "id": "way/184163194"
    },
    {
      "type": "Feature",
      "properties": {
        "@id": "way/184783365",
        "amenity": "community_centre",
        "building": "yes",
        "@geometry": "center"
      },
      "geometry": {
        "type": "Point",
        "coordinates": [
          12.1813937,
          45.5624927
        ]
      },
      "id": "way/184783365"
    },
    {
      "type": "Feature",
      "properties": {
        "@id": "way/184813811",
        "amenity": "nightclub",
        "@geometry": "center"
      },
      "geometry": {
        "type": "Point",
        "coordinates": [
          10.5246929,
          45.4377526
        ]
      },
      "id": "way/184813811"
    },
    {
      "type": "Feature",
      "properties": {
        "@id": "way/184932742",
        "amenity": "community_centre",
        "building": "yes",
        "name": "Centro Sociale Antonio Ravaldini",
        "source": "Regione Emilia Romagna",
        "@geometry": "center"
      },
      "geometry": {
        "type": "Point",
        "coordinates": [
          12.3373164,
          44.1172495
        ]
      },
      "id": "way/184932742"
    },
    {
      "type": "Feature",
      "properties": {
        "@id": "way/185180761",
        "amenity": "community_centre",
        "building": "yes",
        "layer": "1",
        "name": "Centro Sociale Vigne",
        "source": "Regione Emilia Romagna",
        "@geometry": "center"
      },
      "geometry": {
        "type": "Point",
        "coordinates": [
          12.2500564,
          44.1486589
        ]
      },
      "id": "way/185180761"
    },
    {
      "type": "Feature",
      "properties": {
        "@id": "way/185782262",
        "amenity": "community_centre",
        "building": "civic",
        "name": "Casa di Victor Hugo",
        "tourism": "yes",
        "@geometry": "center"
      },
      "geometry": {
        "type": "Point",
        "coordinates": [
          14.7983383,
          40.9153673
        ]
      },
      "id": "way/185782262"
    },
    {
      "type": "Feature",
      "properties": {
        "@id": "way/185791399",
        "amenity": "community_centre",
        "building": "civic",
        "@geometry": "center"
      },
      "geometry": {
        "type": "Point",
        "coordinates": [
          14.7897245,
          40.9157978
        ]
      },
      "id": "way/185791399"
    },
    {
      "type": "Feature",
      "properties": {
        "@id": "way/185817546",
        "amenity": "community_centre",
        "building": "civic",
        "name": "ex Palazzo GIL",
        "@geometry": "center"
      },
      "geometry": {
        "type": "Point",
        "coordinates": [
          14.7831636,
          40.9122148
        ]
      },
      "id": "way/185817546"
    },
    {
      "type": "Feature",
      "properties": {
        "@id": "way/185827630",
        "amenity": "community_centre",
        "building": "yes",
        "name": "Circolo MCL",
        "@geometry": "center"
      },
      "geometry": {
        "type": "Point",
        "coordinates": [
          10.6878898,
          43.8806713
        ]
      },
      "id": "way/185827630"
    },
    {
      "type": "Feature",
      "properties": {
        "@id": "way/186575121",
        "amenity": "community_centre",
        "building": "yes",
        "@geometry": "center"
      },
      "geometry": {
        "type": "Point",
        "coordinates": [
          7.8687853,
          45.4653337
        ]
      },
      "id": "way/186575121"
    },
    {
      "type": "Feature",
      "properties": {
        "@id": "way/186644016",
        "amenity": "community_centre",
        "building": "service",
        "name": "Centro Incontro",
        "source": "Regione Emilia Romagna",
        "@geometry": "center"
      },
      "geometry": {
        "type": "Point",
        "coordinates": [
          10.827023,
          44.5400109
        ]
      },
      "id": "way/186644016"
    },
    {
      "type": "Feature",
      "properties": {
        "@id": "way/186644640",
        "addr:city": "Fiorano Modenese",
        "addr:housenumber": "31",
        "addr:postcode": "41042",
        "addr:street": "Via Ferrari Carazzoli",
        "amenity": "community_centre",
        "building": "service",
        "building:levels": "1",
        "name": "Gruppo Cinofilo Fiorano",
        "operator": "Gruppo Cinofilo Il Fienile",
        "source": "Regione Emilia Romagna",
        "@geometry": "center"
      },
      "geometry": {
        "type": "Point",
        "coordinates": [
          10.8281218,
          44.5387418
        ]
      },
      "id": "way/186644640"
    },
    {
      "type": "Feature",
      "properties": {
        "@id": "way/186644663",
        "addr:city": "Fiorano Modenese",
        "addr:country": "IT",
        "addr:housenumber": "39",
        "addr:postcode": "41042",
        "addr:street": "Via Nirano I° Tronco",
        "amenity": "community_centre",
        "building": "yes",
        "source": "Regione Emilia Romagna",
        "@geometry": "center"
      },
      "geometry": {
        "type": "Point",
        "coordinates": [
          10.8450699,
          44.5283671
        ]
      },
      "id": "way/186644663"
    },
    {
      "type": "Feature",
      "properties": {
        "@id": "way/187015922",
        "addr:city": "Caslino d'Erba",
        "addr:postcode": "22030",
        "addr:street": "Piazza Giuseppe Mazzini",
        "amenity": "community_centre",
        "building": "yes",
        "building:levels": "2",
        "name": "Centro Polifunzionale \"La Cùrt\"",
        "@geometry": "center"
      },
      "geometry": {
        "type": "Point",
        "coordinates": [
          9.2237648,
          45.8384655
        ]
      },
      "id": "way/187015922"
    },
    {
      "type": "Feature",
      "properties": {
        "@id": "way/187153299",
        "amenity": "community_centre",
        "name": "Oratorio San Luigi",
        "old_name": "Villa Magnaghi",
        "religion": "christian",
        "@geometry": "center"
      },
      "geometry": {
        "type": "Point",
        "coordinates": [
          8.8333889,
          45.4668872
        ]
      },
      "id": "way/187153299"
    },
    {
      "type": "Feature",
      "properties": {
        "@id": "way/187223295",
        "amenity": "community_centre",
        "building": "yes",
        "name": "Casa Bianca",
        "opening_hours": "Tu-Su 09:00-12:00,14:30-19:00",
        "@geometry": "center"
      },
      "geometry": {
        "type": "Point",
        "coordinates": [
          12.159093,
          45.543338
        ]
      },
      "id": "way/187223295"
    },
    {
      "type": "Feature",
      "properties": {
        "@id": "way/188146614",
        "addr:city": "Povegliano Veronese",
        "addr:postcode": "37064",
        "addr:street": "Via Giuseppe Verdi",
        "amenity": "community_centre",
        "building": "yes",
        "name": "Baita degli Alpini",
        "@geometry": "center"
      },
      "geometry": {
        "type": "Point",
        "coordinates": [
          10.8802716,
          45.3471593
        ]
      },
      "id": "way/188146614"
    },
    {
      "type": "Feature",
      "properties": {
        "@id": "way/188609028",
        "amenity": "community_centre",
        "building": "civic",
        "name": "Centro Fiere Adriano Olivetti",
        "@geometry": "center"
      },
      "geometry": {
        "type": "Point",
        "coordinates": [
          7.8832661,
          45.4591619
        ]
      },
      "id": "way/188609028"
    },
    {
      "type": "Feature",
      "properties": {
        "@id": "way/188888771",
        "amenity": "community_centre",
        "name": "Oratorio San Luigi Gonzaga Bussero",
        "website": "https://www.parrocchiabussero.it",
        "@geometry": "center"
      },
      "geometry": {
        "type": "Point",
        "coordinates": [
          9.3705308,
          45.5366564
        ]
      },
      "id": "way/188888771"
    },
    {
      "type": "Feature",
      "properties": {
        "@id": "way/189947956",
        "name": "Centro Civico Comunale",
        "wheelchair": "limited",
        "amenity": "community_centre",
        "building": "yes",
        "building:levels": "2",
        "@geometry": "center"
      },
      "geometry": {
        "type": "Point",
        "coordinates": [
          12.098713,
          45.3526236
        ]
      },
      "id": "way/189947956"
    },
    {
      "type": "Feature",
      "properties": {
        "@id": "way/190358657",
        "amenity": "community_centre",
        "building": "public",
        "name": "Casa del volontariato",
        "operator": "Coordinamento volontariato Vigevano",
        "@geometry": "center"
      },
      "geometry": {
        "type": "Point",
        "coordinates": [
          8.864251,
          45.3187988
        ]
      },
      "id": "way/190358657"
    },
    {
      "type": "Feature",
      "properties": {
        "@id": "way/191142026",
        "amenity": "community_centre",
        "building": "yes",
        "name": "Centro polifunzionale",
        "@geometry": "center"
      },
      "geometry": {
        "type": "Point",
        "coordinates": [
          10.6037444,
          45.8928738
        ]
      },
      "id": "way/191142026"
    },
    {
      "type": "Feature",
      "properties": {
        "@id": "way/191691505",
        "amenity": "community_centre",
        "building": "yes",
        "name": "Gemeinschaftshaus Neustift - Casa pluriuso di Novacella",
        "name:de": "Gemeinschaftshaus Neustift",
        "name:it": "Casa pluriuso di Novacella",
        "@geometry": "center"
      },
      "geometry": {
        "type": "Point",
        "coordinates": [
          11.6518925,
          46.7409827
        ]
      },
      "id": "way/191691505"
    },
    {
      "type": "Feature",
      "properties": {
        "@id": "way/191694519",
        "website": "http://www.circusbeatclub.com",
        "name": "Circus Beat Club",
        "building": "yes",
        "amenity": "nightclub",
        "email": "info@circusbeatclub.com",
        "phone": "+39 030 353 40 84",
        "addr:city": "Brescia",
        "addr:housenumber": "127",
        "addr:postcode": "25125",
        "addr:street": "Via Dalmazia",
        "@geometry": "center"
      },
      "geometry": {
        "type": "Point",
        "coordinates": [
          10.1985762,
          45.525476
        ]
      },
      "id": "way/191694519"
    },
    {
      "type": "Feature",
      "properties": {
        "@id": "way/192688913",
        "amenity": "community_centre",
        "name": "Centro Sociale anziani Va circoscrizione",
        "@geometry": "center"
      },
      "geometry": {
        "type": "Point",
        "coordinates": [
          12.5816745,
          41.939178
        ]
      },
      "id": "way/192688913"
    },
    {
      "type": "Feature",
      "properties": {
        "@id": "way/192932465",
        "amenity": "social_centre",
        "building": "yes",
        "name": "Protezione Civile Vertova",
        "@geometry": "center"
      },
      "geometry": {
        "type": "Point",
        "coordinates": [
          9.8525156,
          45.8069749
        ]
      },
      "id": "way/192932465"
    },
    {
      "type": "Feature",
      "properties": {
        "@id": "way/194121620",
        "amenity": "community_centre",
        "building": "yes",
        "description": "Oratorio",
        "@geometry": "center"
      },
      "geometry": {
        "type": "Point",
        "coordinates": [
          9.3635127,
          45.7645018
        ]
      },
      "id": "way/194121620"
    },
    {
      "type": "Feature",
      "properties": {
        "@id": "way/194336591",
        "website": "http://www.casadelquartiere.it",
        "amenity": "community_centre",
        "building": "yes",
        "internet_access": "wlan",
        "name": "Casa del Quartiere San Salvario",
        "name:etymology:wikidata": "Q3947924",
        "opening_hours": "Su-Th 09:00-24:00, Fr,Sa 09:00-02:00",
        "wheelchair": "yes",
        "@geometry": "center"
      },
      "geometry": {
        "type": "Point",
        "coordinates": [
          7.678069,
          45.0541066
        ]
      },
      "id": "way/194336591"
    },
    {
      "type": "Feature",
      "properties": {
        "@id": "way/194906736",
        "amenity": "community_centre",
        "name": "Oratorio",
        "@geometry": "center"
      },
      "geometry": {
        "type": "Point",
        "coordinates": [
          8.8614278,
          45.5640467
        ]
      },
      "id": "way/194906736"
    },
    {
      "type": "Feature",
      "properties": {
        "@id": "way/195220561",
        "amenity": "nightclub",
        "name": "Casale",
        "source": "Regione Emilia Romagna",
        "@geometry": "center"
      },
      "geometry": {
        "type": "Point",
        "coordinates": [
          10.7094175,
          44.7178769
        ]
      },
      "id": "way/195220561"
    },
    {
      "type": "Feature",
      "properties": {
        "@id": "way/195550347",
        "religion": "christian",
        "website": "https://oratoriosangio.altervista.org/",
        "amenity": "community_centre",
        "building": "public",
        "community_centre": "parish_hall",
        "denomination": "catholic",
        "name": "Oratorio San Giovanni di Polaveno",
        "@geometry": "center"
      },
      "geometry": {
        "type": "Point",
        "coordinates": [
          10.1387813,
          45.6536621
        ]
      },
      "id": "way/195550347"
    },
    {
      "type": "Feature",
      "properties": {
        "@id": "way/196168378",
        "alt_name": "24 mila baci",
        "amenity": "nightclub",
        "building": "yes",
        "name": "24 Twenty Four",
        "phone": "+39 0773 242301",
        "website": "http://www.24disco.it",
        "@geometry": "center"
      },
      "geometry": {
        "type": "Point",
        "coordinates": [
          12.9284509,
          41.461181
        ]
      },
      "id": "way/196168378"
    },
    {
      "type": "Feature",
      "properties": {
        "@id": "way/196292697",
        "name": "LibertHub",
        "addr:city": "Monza",
        "addr:housenumber": "136",
        "addr:postcode": "20900",
        "addr:street": "Viale Libertà",
        "amenity": "community_centre",
        "building": "yes",
        "@geometry": "center"
      },
      "geometry": {
        "type": "Point",
        "coordinates": [
          9.3029049,
          45.5903431
        ]
      },
      "id": "way/196292697"
    },
    {
      "type": "Feature",
      "properties": {
        "@id": "way/196504317",
        "name": "Oratorio Santa Margherita",
        "amenity": "community_centre",
        "building": "yes",
        "@geometry": "center"
      },
      "geometry": {
        "type": "Point",
        "coordinates": [
          8.5954107,
          45.9770459
        ]
      },
      "id": "way/196504317"
    },
    {
      "type": "Feature",
      "properties": {
        "@id": "way/196530562",
        "name": "Florida",
        "contact:website": "http://www.discoflorida.it/",
        "addr:city": "Ghedi",
        "addr:housenumber": "47",
        "addr:postcode": "25016",
        "addr:street": "Via Montichiari",
        "amenity": "nightclub",
        "contact:email": "info@discoflorida.it",
        "@geometry": "center"
      },
      "geometry": {
        "type": "Point",
        "coordinates": [
          10.3077931,
          45.4015455
        ]
      },
      "id": "way/196530562"
    },
    {
      "type": "Feature",
      "properties": {
        "@id": "way/197676518",
        "alt_name": "G.E.R.I. - Gruppo Emergenza Ricerca Intervento",
        "amenity": "community_centre",
        "name": "Protezione Civile Ivrea",
        "@geometry": "center"
      },
      "geometry": {
        "type": "Point",
        "coordinates": [
          7.8831951,
          45.4550272
        ]
      },
      "id": "way/197676518"
    },
    {
      "type": "Feature",
      "properties": {
        "@id": "way/198095377",
        "amenity": "community_centre",
        "building": "church",
        "building:use": "civic",
        "disused:amenity": "place_of_worship",
        "disused:denomination": "catholic",
        "disused:religion": "christian",
        "name": "Sala Don Andrea Recaldini",
        "old_name": "Chiesa di Santa Maria Bambina",
        "@geometry": "center"
      },
      "geometry": {
        "type": "Point",
        "coordinates": [
          10.2788335,
          45.4993942
        ]
      },
      "id": "way/198095377"
    },
    {
      "type": "Feature",
      "properties": {
        "@id": "way/199678615",
        "amenity": "community_centre",
        "building": "yes",
        "community_centre": "parish_hall",
        "denomination": "catholic",
        "name": "Oratorio La Casa",
        "religion": "christian",
        "@geometry": "center"
      },
      "geometry": {
        "type": "Point",
        "coordinates": [
          10.1164358,
          45.7634891
        ]
      },
      "id": "way/199678615"
    },
    {
      "type": "Feature",
      "properties": {
        "@id": "way/200503068",
        "amenity": "community_centre",
        "building": "yes",
        "community_centre:for": "juvenile",
        "name": "Casa della Gioventù",
        "@geometry": "center"
      },
      "geometry": {
        "type": "Point",
        "coordinates": [
          8.5552836,
          45.7617783
        ]
      },
      "id": "way/200503068"
    },
    {
      "type": "Feature",
      "properties": {
        "@id": "way/200508390",
        "addr:city": "Arona",
        "addr:housenumber": "60",
        "addr:postcode": "28041",
        "addr:street": "Corso della Liberazione",
        "amenity": "community_centre",
        "building": "yes",
        "name": "Salone Merzagora",
        "@geometry": "center"
      },
      "geometry": {
        "type": "Point",
        "coordinates": [
          8.5589994,
          45.759623
        ]
      },
      "id": "way/200508390"
    },
    {
      "type": "Feature",
      "properties": {
        "@id": "way/200832158",
        "website": "http://www.kursaalclub.eu/",
        "source": "Regione Liguria",
        "addr:city": "Bordighera",
        "addr:housenumber": "7",
        "addr:postcode": "18012",
        "addr:street": "Lungomare Argentina",
        "amenity": "nightclub",
        "building": "yes",
        "name": "Kursaal",
        "@geometry": "center"
      },
      "geometry": {
        "type": "Point",
        "coordinates": [
          7.6620921,
          43.7783989
        ]
      },
      "id": "way/200832158"
    },
    {
      "type": "Feature",
      "properties": {
        "@id": "way/201495296",
        "amenity": "community_centre",
        "building": "house",
        "name": "Il molino racconta",
        "source": "Regione Liguria",
        "@geometry": "center"
      },
      "geometry": {
        "type": "Point",
        "coordinates": [
          7.7757692,
          43.9922355
        ]
      },
      "id": "way/201495296"
    },
    {
      "type": "Feature",
      "properties": {
        "@id": "way/201616714",
        "amenity": "community_centre",
        "building": "yes",
        "name": "Sala della Trasparenza",
        "@geometry": "center"
      },
      "geometry": {
        "type": "Point",
        "coordinates": [
          9.0885974,
          45.4469407
        ]
      },
      "id": "way/201616714"
    },
    {
      "type": "Feature",
      "properties": {
        "@id": "way/201756143",
        "amenity": "community_centre",
        "building": "house",
        "name": "Proloco Mendatica",
        "source": "Regione Liguria",
        "@geometry": "center"
      },
      "geometry": {
        "type": "Point",
        "coordinates": [
          7.8060952,
          44.0782241
        ]
      },
      "id": "way/201756143"
    },
    {
      "type": "Feature",
      "properties": {
        "@id": "way/202308105",
        "name": "Oratorio",
        "amenity": "community_centre",
        "building": "yes",
        "@geometry": "center"
      },
      "geometry": {
        "type": "Point",
        "coordinates": [
          8.5613859,
          45.7116539
        ]
      },
      "id": "way/202308105"
    },
    {
      "type": "Feature",
      "properties": {
        "@id": "way/202545267",
        "amenity": "community_centre",
        "building": "yes",
        "height": "9 m",
        "it:fvg:ctrn:code": "4AED",
        "it:fvg:ctrn:revision": "1A0",
        "name": "Pro Loco Ponteacco",
        "@geometry": "center"
      },
      "geometry": {
        "type": "Point",
        "coordinates": [
          13.4897239,
          46.1474585
        ]
      },
      "id": "way/202545267"
    },
    {
      "type": "Feature",
      "properties": {
        "@id": "way/202597465",
        "wikipedia": "it:Convento di Santa Caterina (Finale Ligure)",
        "amenity": "community_centre",
        "building": "church",
        "name": "Santa Caterina",
        "source": "Regione Liguria",
        "wikidata": "Q3689604",
        "@geometry": "center"
      },
      "geometry": {
        "type": "Point",
        "coordinates": [
          8.3264725,
          44.1757552
        ]
      },
      "id": "way/202597465"
    },
    {
      "type": "Feature",
      "properties": {
        "@id": "way/202605039",
        "amenity": "nightclub",
        "building": "yes",
        "name": "La Kava",
        "source": "Regione Liguria",
        "@geometry": "center"
      },
      "geometry": {
        "type": "Point",
        "coordinates": [
          8.4441957,
          44.2431239
        ]
      },
      "id": "way/202605039"
    },
    {
      "type": "Feature",
      "properties": {
        "@id": "way/202613428",
        "amenity": "community_centre",
        "building": "house",
        "club": "veterans",
        "name": "SMS Fratellanza Segnese",
        "source": "Regione Liguria",
        "@geometry": "center"
      },
      "geometry": {
        "type": "Point",
        "coordinates": [
          8.3836568,
          44.2544227
        ]
      },
      "id": "way/202613428"
    },
    {
      "type": "Feature",
      "properties": {
        "@id": "way/202615431",
        "amenity": "community_centre",
        "building": "yes",
        "club": "veterans",
        "name": "Società di mutuo soccorso Aurora",
        "short_name": "SMS Aurora",
        "source": "Regione Liguria",
        "@geometry": "center"
      },
      "geometry": {
        "type": "Point",
        "coordinates": [
          8.4267643,
          44.2826001
        ]
      },
      "id": "way/202615431"
    },
    {
      "type": "Feature",
      "properties": {
        "@id": "way/202724535",
        "amenity": "community_centre",
        "building": "yes",
        "@geometry": "center"
      },
      "geometry": {
        "type": "Point",
        "coordinates": [
          12.4483001,
          41.9062428
        ]
      },
      "id": "way/202724535"
    },
    {
      "type": "Feature",
      "properties": {
        "@id": "way/202724537",
        "amenity": "community_centre",
        "building": "yes",
        "@geometry": "center"
      },
      "geometry": {
        "type": "Point",
        "coordinates": [
          12.4485632,
          41.9064377
        ]
      },
      "id": "way/202724537"
    },
    {
      "type": "Feature",
      "properties": {
        "@id": "way/202880998",
        "amenity": "community_centre",
        "building": "house",
        "name": "Auser \"Matitino d'argento\"",
        "source": "Regione Liguria",
        "@geometry": "center"
      },
      "geometry": {
        "type": "Point",
        "coordinates": [
          8.4748434,
          44.3010643
        ]
      },
      "id": "way/202880998"
    },
    {
      "type": "Feature",
      "properties": {
        "@id": "way/202885157",
        "name": "SMS La Rocca",
        "amenity": "community_centre",
        "building": "house",
        "club": "veterans",
        "source": "Regione Liguria",
        "@geometry": "center"
      },
      "geometry": {
        "type": "Point",
        "coordinates": [
          8.4604149,
          44.3047708
        ]
      },
      "id": "way/202885157"
    },
    {
      "type": "Feature",
      "properties": {
        "@id": "way/202901564",
        "amenity": "community_centre",
        "building": "house",
        "club": "veterans",
        "name": "CRCS Luceto",
        "source": "Regione Liguria",
        "toilets:wheelchair": "no",
        "wheelchair": "yes",
        "@geometry": "center"
      },
      "geometry": {
        "type": "Point",
        "coordinates": [
          8.4997593,
          44.3441808
        ]
      },
      "id": "way/202901564"
    },
    {
      "type": "Feature",
      "properties": {
        "@id": "way/202902434",
        "amenity": "community_centre",
        "building": "house",
        "club": "veterans",
        "name": "SMS Tambuscio",
        "source": "Regione Liguria",
        "@geometry": "center"
      },
      "geometry": {
        "type": "Point",
        "coordinates": [
          8.4648514,
          44.3319932
        ]
      },
      "id": "way/202902434"
    },
    {
      "type": "Feature",
      "properties": {
        "@id": "way/203041663",
        "amenity": "community_centre",
        "building": "house",
        "club": "veterans",
        "name": "SMS Centro Nautico Vadese",
        "source": "Regione Liguria",
        "@geometry": "center"
      },
      "geometry": {
        "type": "Point",
        "coordinates": [
          8.4396982,
          44.2738661
        ]
      },
      "id": "way/203041663"
    },
    {
      "type": "Feature",
      "properties": {
        "@id": "way/203042064",
        "amenity": "community_centre",
        "building": "house",
        "building:levels": "2",
        "club": "veterans",
        "name": "SMS Fratellanza Leginese Milleluci",
        "source": "Regione Liguria",
        "@geometry": "center"
      },
      "geometry": {
        "type": "Point",
        "coordinates": [
          8.4529029,
          44.2960821
        ]
      },
      "id": "way/203042064"
    },
    {
      "type": "Feature",
      "properties": {
        "@id": "way/203180174",
        "addr:housenumber": "290",
        "addr:street": "Via Sanda",
        "amenity": "community_centre",
        "building": "house",
        "name": "SMS ARCI",
        "source": "Regione Liguria",
        "wheelchair": "yes",
        "@geometry": "center"
      },
      "geometry": {
        "type": "Point",
        "coordinates": [
          8.5282098,
          44.3601971
        ]
      },
      "id": "way/203180174"
    },
    {
      "type": "Feature",
      "properties": {
        "@id": "way/203180951",
        "amenity": "community_centre",
        "building": "house",
        "name": "Centro Polifunzionale San Giovanni",
        "source": "Regione Liguria",
        "@geometry": "center"
      },
      "geometry": {
        "type": "Point",
        "coordinates": [
          8.4977004,
          44.392572
        ]
      },
      "id": "way/203180951"
    },
    {
      "type": "Feature",
      "properties": {
        "@id": "way/203199143",
        "amenity": "nightclub",
        "building": "house",
        "name": "Discoteca Aegua",
        "source": "Regione Liguria",
        "@geometry": "center"
      },
      "geometry": {
        "type": "Point",
        "coordinates": [
          8.5693127,
          44.3552302
        ]
      },
      "id": "way/203199143"
    },
    {
      "type": "Feature",
      "properties": {
        "@id": "way/203202250",
        "amenity": "community_centre",
        "building": "public",
        "source": "Regione Liguria",
        "@geometry": "center"
      },
      "geometry": {
        "type": "Point",
        "coordinates": [
          8.5725994,
          44.3603453
        ]
      },
      "id": "way/203202250"
    },
    {
      "type": "Feature",
      "properties": {
        "@id": "way/203203923",
        "addr:housenumber": "15",
        "addr:street": "Via alla Croce",
        "amenity": "community_centre",
        "building": "house",
        "name": "Società di Mutuo Soccorso di Castagnabuona",
        "source": "Regione Liguria",
        "@geometry": "center"
      },
      "geometry": {
        "type": "Point",
        "coordinates": [
          8.5547439,
          44.359237
        ]
      },
      "id": "way/203203923"
    },
    {
      "type": "Feature",
      "properties": {
        "@id": "way/203203932",
        "amenity": "community_centre",
        "building": "public",
        "source": "Regione Liguria",
        "@geometry": "center"
      },
      "geometry": {
        "type": "Point",
        "coordinates": [
          8.5727511,
          44.3604014
        ]
      },
      "id": "way/203203932"
    },
    {
      "type": "Feature",
      "properties": {
        "@id": "way/203204271",
        "addr:housenumber": "5",
        "addr:street": "Via Don Giovanni Paseri",
        "amenity": "community_centre",
        "building": "yes",
        "community_centre:for": "child",
        "name": "Oratorio Don Bosco",
        "source": "Regione Liguria",
        "@geometry": "center"
      },
      "geometry": {
        "type": "Point",
        "coordinates": [
          8.5732475,
          44.3601225
        ]
      },
      "id": "way/203204271"
    },
    {
      "type": "Feature",
      "properties": {
        "@id": "way/203946213",
        "amenity": "community_centre",
        "building": "church",
        "building:use": "civic",
        "disused:amenity": "place_of_worship",
        "disused:denomination": "catholic",
        "disused:religion": "christian",
        "name": "Sala Civica",
        "old_name": "Chiesetta dei Magli",
        "@geometry": "center"
      },
      "geometry": {
        "type": "Point",
        "coordinates": [
          10.2024187,
          45.6457305
        ]
      },
      "id": "way/203946213"
    },
    {
      "type": "Feature",
      "properties": {
        "@id": "way/204227973",
        "amenity": "community_centre",
        "building": "house",
        "club": "veterans",
        "name": "Società Operaia Cattolica Club \"la Fratellanza\"",
        "social_facility": "group_home",
        "social_facility:for": "senior",
        "source": "Regione Liguria",
        "@geometry": "center"
      },
      "geometry": {
        "type": "Point",
        "coordinates": [
          8.945653,
          44.4699777
        ]
      },
      "id": "way/204227973"
    },
    {
      "type": "Feature",
      "properties": {
        "@id": "way/204228074",
        "addr:housenumber": "58R",
        "addr:city": "Campomorone",
        "addr:postcode": "16014",
        "addr:street": "Via Martiri della Libertà",
        "alt_name": "Ex Municipio",
        "amenity": "community_centre",
        "building": "yes",
        "name": "Polo Sociale Giovanni Mario Parodi",
        "operator": "Comune di Campomorone",
        "source": "Regione Liguria",
        "@geometry": "center"
      },
      "geometry": {
        "type": "Point",
        "coordinates": [
          8.8891193,
          44.5074172
        ]
      },
      "id": "way/204228074"
    },
    {
      "type": "Feature",
      "properties": {
        "@id": "way/204230722",
        "amenity": "community_centre",
        "building": "house",
        "name": "Oratorio di San Lorenzo",
        "source": "Regione Liguria",
        "@geometry": "center"
      },
      "geometry": {
        "type": "Point",
        "coordinates": [
          8.9455938,
          44.4701792
        ]
      },
      "id": "way/204230722"
    },
    {
      "type": "Feature",
      "properties": {
        "@id": "way/204450439",
        "access": "destination",
        "amenity": "community_centre",
        "building": "house",
        "name": "Società Operaia M.S.",
        "source": "Regione Liguria",
        "start_date": "1913",
        "@geometry": "center"
      },
      "geometry": {
        "type": "Point",
        "coordinates": [
          9.1088271,
          44.4018131
        ]
      },
      "id": "way/204450439"
    },
    {
      "type": "Feature",
      "properties": {
        "@id": "way/204694186",
        "url": "http://www.covodinordest.net/",
        "name": "Covo di Nord Est",
        "amenity": "nightclub",
        "building": "house",
        "source": "Regione Liguria",
        "@geometry": "center"
      },
      "geometry": {
        "type": "Point",
        "coordinates": [
          9.215136,
          44.3213451
        ]
      },
      "id": "way/204694186"
    },
    {
      "type": "Feature",
      "properties": {
        "@id": "way/204817964",
        "amenity": "community_centre",
        "building": "yes",
        "community_centre:for": "juvenile",
        "name": "Oratorio Casa del giovane Madonna Pellegrina",
        "@geometry": "center"
      },
      "geometry": {
        "type": "Point",
        "coordinates": [
          8.4855408,
          45.7549727
        ]
      },
      "id": "way/204817964"
    },
    {
      "type": "Feature",
      "properties": {
        "@id": "way/204826049",
        "amenity": "community_centre",
        "building": "yes",
        "name": "Amici di Orio",
        "@geometry": "center"
      },
      "geometry": {
        "type": "Point",
        "coordinates": [
          8.4722102,
          45.7512155
        ]
      },
      "id": "way/204826049"
    },
    {
      "type": "Feature",
      "properties": {
        "@id": "way/204949701",
        "amenity": "community_centre",
        "building": "yes",
        "name": "Centro polivalente",
        "@geometry": "center"
      },
      "geometry": {
        "type": "Point",
        "coordinates": [
          8.095024,
          45.1593826
        ]
      },
      "id": "way/204949701"
    },
    {
      "type": "Feature",
      "properties": {
        "@id": "way/205380322",
        "amenity": "community_centre",
        "community_centre": "parish_hall",
        "denomination": "catholic",
        "religion": "christian",
        "@geometry": "center"
      },
      "geometry": {
        "type": "Point",
        "coordinates": [
          9.4192367,
          45.6198457
        ]
      },
      "id": "way/205380322"
    },
    {
      "type": "Feature",
      "properties": {
        "@id": "way/205456582",
        "amenity": "community_centre",
        "building": "yes",
        "community_centre": "village_hall",
        "name": "Vereinshaus St Vigil",
        "operator": "Gemeinde St Vigil",
        "wheelchair": "yes",
        "@geometry": "center"
      },
      "geometry": {
        "type": "Point",
        "coordinates": [
          11.9325813,
          46.7010066
        ]
      },
      "id": "way/205456582"
    },
    {
      "type": "Feature",
      "properties": {
        "@id": "way/205456624",
        "amenity": "community_centre",
        "building": "yes",
        "community_centre": "village_hall",
        "name": "Vereinshaus St Vigil",
        "operator": "Gemeinde St Vigil",
        "wheelchair": "yes",
        "@geometry": "center"
      },
      "geometry": {
        "type": "Point",
        "coordinates": [
          11.932625,
          46.7008151
        ]
      },
      "id": "way/205456624"
    },
    {
      "type": "Feature",
      "properties": {
        "@id": "way/205630022",
        "addr:housenumber": "56",
        "addr:street": "Via San Michele",
        "amenity": "community_centre",
        "building": "public",
        "name": "Casa delle Associazioni",
        "wheelchair": "designated",
        "@geometry": "center"
      },
      "geometry": {
        "type": "Point",
        "coordinates": [
          10.4726614,
          45.7358756
        ]
      },
      "id": "way/205630022"
    },
    {
      "type": "Feature",
      "properties": {
        "@id": "way/205838862",
        "amenity": "nightclub",
        "building": "house",
        "name": "Skaletta",
        "source": "Regione Liguria",
        "@geometry": "center"
      },
      "geometry": {
        "type": "Point",
        "coordinates": [
          9.8254291,
          44.111023
        ]
      },
      "id": "way/205838862"
    },
    {
      "type": "Feature",
      "properties": {
        "@id": "way/205841932",
        "amenity": "nightclub",
        "building": "house",
        "name": "Shake club",
        "source": "Regione Liguria",
        "@geometry": "center"
      },
      "geometry": {
        "type": "Point",
        "coordinates": [
          9.8585632,
          44.1101884
        ]
      },
      "id": "way/205841932"
    },
    {
      "type": "Feature",
      "properties": {
        "@id": "way/205843292",
        "amenity": "community_centre",
        "building": "house",
        "name": "Bocciofila US Fabiano",
        "source": "Regione Liguria",
        "@geometry": "center"
      },
      "geometry": {
        "type": "Point",
        "coordinates": [
          9.8122475,
          44.0976974
        ]
      },
      "id": "way/205843292"
    },
    {
      "type": "Feature",
      "properties": {
        "@id": "way/205855953",
        "amenity": "social_centre",
        "building": "yes",
        "name": "Protezione Civile",
        "source": "Regione Liguria",
        "@geometry": "center"
      },
      "geometry": {
        "type": "Point",
        "coordinates": [
          9.8352058,
          44.0659621
        ]
      },
      "id": "way/205855953"
    },
    {
      "type": "Feature",
      "properties": {
        "@id": "way/205856027",
        "amenity": "social_centre",
        "building": "yes",
        "name": "Protezione civile",
        "source": "Regione Liguria",
        "@geometry": "center"
      },
      "geometry": {
        "type": "Point",
        "coordinates": [
          9.8351366,
          44.065932
        ]
      },
      "id": "way/205856027"
    },
    {
      "type": "Feature",
      "properties": {
        "@id": "way/205857805",
        "amenity": "community_centre",
        "building": "yes",
        "name": "Centro Educazione Ambientale",
        "source": "Regione Liguria",
        "@geometry": "center"
      },
      "geometry": {
        "type": "Point",
        "coordinates": [
          9.8399257,
          44.0423754
        ]
      },
      "id": "way/205857805"
    },
    {
      "type": "Feature",
      "properties": {
        "@id": "way/205894895",
        "amenity": "nightclub",
        "building": "yes",
        "name": "Centro Sociale L'Incontro",
        "@geometry": "center"
      },
      "geometry": {
        "type": "Point",
        "coordinates": [
          13.026108,
          43.541095
        ]
      },
      "id": "way/205894895"
    },
    {
      "type": "Feature",
      "properties": {
        "@id": "way/206391956",
        "addr:city": "Somma Lombardo",
        "addr:country": "IT",
        "addr:housenumber": "6",
        "addr:postcode": "21019",
        "addr:street": "Via Guglielmo Marconi",
        "amenity": "community_centre",
        "building": "public",
        "name": "Sala civica \"Giovanni Paolo II\"",
        "operator": "Comune di Somma Lombardo",
        "@geometry": "center"
      },
      "geometry": {
        "type": "Point",
        "coordinates": [
          8.7113053,
          45.6807648
        ]
      },
      "id": "way/206391956"
    },
    {
      "type": "Feature",
      "properties": {
        "@id": "way/206632970",
        "opening_hours:covid19": "closed",
        "addr:city": "Novara",
        "addr:postcode": "28100",
        "amenity": "nightclub",
        "building": "yes",
        "name": "Ryan's Club",
        "website": "https://www.ryans.it",
        "@geometry": "center"
      },
      "geometry": {
        "type": "Point",
        "coordinates": [
          8.615913,
          45.4477462
        ]
      },
      "id": "way/206632970"
    },
    {
      "type": "Feature",
      "properties": {
        "@id": "way/206635675",
        "name": "Etoile Club",
        "building": "yes",
        "addr:city": "Cassinetta di Lugagnano",
        "addr:housenumber": "16",
        "addr:postcode": "20081",
        "addr:street": "Viale Lombardia",
        "amenity": "nightclub",
        "@geometry": "center"
      },
      "geometry": {
        "type": "Point",
        "coordinates": [
          8.8999401,
          45.4191398
        ]
      },
      "id": "way/206635675"
    },
    {
      "type": "Feature",
      "properties": {
        "@id": "way/206983659",
        "website": "https://gabrio.noblogs.org/",
        "amenity": "social_centre",
        "building": "yes",
        "name": "CSOA Gabrio (ex-Scuola Media Statale Pezzani)",
        "@geometry": "center"
      },
      "geometry": {
        "type": "Point",
        "coordinates": [
          7.6488464,
          45.0591398
        ]
      },
      "id": "way/206983659"
    },
    {
      "type": "Feature",
      "properties": {
        "@id": "way/208468322",
        "amenity": "community_centre",
        "building": "yes",
        "name": "Teatro S.O.M.S.I.",
        "@geometry": "center"
      },
      "geometry": {
        "type": "Point",
        "coordinates": [
          8.4370368,
          45.7466917
        ]
      },
      "id": "way/208468322"
    },
    {
      "type": "Feature",
      "properties": {
        "@id": "way/208597845",
        "addr:city": "Reggio nell'Emilia",
        "addr:housenumber": "29",
        "addr:postcode": "42123",
        "addr:street": "Via della Repubblica",
        "amenity": "community_centre",
        "building": "yes",
        "name": "Centro Sociale Autogestito Vasca di Corbelli",
        "@geometry": "center"
      },
      "geometry": {
        "type": "Point",
        "coordinates": [
          10.5839734,
          44.6436114
        ]
      },
      "id": "way/208597845"
    },
    {
      "type": "Feature",
      "properties": {
        "@id": "way/208619673",
        "name": "Vereinshaus Welschnofen",
        "building": "yes",
        "amenity": "community_centre",
        "operator": "Gemeinde Welschnofen",
        "@geometry": "center"
      },
      "geometry": {
        "type": "Point",
        "coordinates": [
          11.5364593,
          46.4300407
        ]
      },
      "id": "way/208619673"
    },
    {
      "type": "Feature",
      "properties": {
        "@id": "way/209028320",
        "amenity": "community_centre",
        "building": "civic",
        "name": "Centro polifunzionale \"Loris Doriano Romano\"",
        "@geometry": "center"
      },
      "geometry": {
        "type": "Point",
        "coordinates": [
          11.352619,
          45.1591066
        ]
      },
      "id": "way/209028320"
    },
    {
      "type": "Feature",
      "properties": {
        "@id": "way/209094577",
        "website": "https://www.discotecalunarossa.com",
        "name": "Luna Rossa",
        "building": "yes",
        "amenity": "nightclub",
        "@geometry": "center"
      },
      "geometry": {
        "type": "Point",
        "coordinates": [
          8.7314278,
          44.8412566
        ]
      },
      "id": "way/209094577"
    },
    {
      "type": "Feature",
      "properties": {
        "@id": "way/209388305",
        "amenity": "social_centre",
        "building": "yes",
        "name": "Associazione Nazionale Alpini gruppo di Faedis",
        "@geometry": "center"
      },
      "geometry": {
        "type": "Point",
        "coordinates": [
          13.3459275,
          46.148959
        ]
      },
      "id": "way/209388305"
    },
    {
      "type": "Feature",
      "properties": {
        "@id": "way/209558959",
        "amenity": "community_centre",
        "operator": "Partito Democratico",
        "source": "http://dati.emilia-romagna.it/dato/item/11-11-uso-del-suolo-2008.html",
        "@geometry": "center"
      },
      "geometry": {
        "type": "Point",
        "coordinates": [
          10.8950947,
          44.6662721
        ]
      },
      "id": "way/209558959"
    },
    {
      "type": "Feature",
      "properties": {
        "@id": "way/210297219",
        "amenity": "community_centre",
        "building": "yes",
        "name": "Centro polifunzionale Dottor Giuseppe Toniolatti",
        "@geometry": "center"
      },
      "geometry": {
        "type": "Point",
        "coordinates": [
          11.5099789,
          46.0644593
        ]
      },
      "id": "way/210297219"
    },
    {
      "type": "Feature",
      "properties": {
        "@id": "way/211038209",
        "amenity": "community_centre",
        "building": "yes",
        "community_centre": "parish_hall",
        "denomination": "catholic",
        "name": "Oratorio Centro Giovanile San Giovanni Bosco",
        "religion": "christian",
        "@geometry": "center"
      },
      "geometry": {
        "type": "Point",
        "coordinates": [
          10.2667003,
          45.6510076
        ]
      },
      "id": "way/211038209"
    },
    {
      "type": "Feature",
      "properties": {
        "@id": "way/211188916",
        "amenity": "community_centre",
        "name": "Associazione Amici degli Anziani;Caritas",
        "@geometry": "center"
      },
      "geometry": {
        "type": "Point",
        "coordinates": [
          10.2502889,
          45.6516496
        ]
      },
      "id": "way/211188916"
    },
    {
      "type": "Feature",
      "properties": {
        "@id": "way/211267860",
        "amenity": "nightclub",
        "building": "yes",
        "contact:facebook": "https://www.facebook.com/club42",
        "contact:phone": "+39 331 9899545",
        "name": "Club 42",
        "@geometry": "center"
      },
      "geometry": {
        "type": "Point",
        "coordinates": [
          12.9211999,
          41.459784
        ]
      },
      "id": "way/211267860"
    },
    {
      "type": "Feature",
      "properties": {
        "@id": "way/211633046",
        "addr:country": "IT",
        "addr:city": "Martell",
        "addr:housenumber": "227",
        "addr:place": "Meiern",
        "addr:postcode": "39020",
        "amenity": "community_centre",
        "building": "yes",
        "name": "Bürgerhaus",
        "source": "bing",
        "@geometry": "center"
      },
      "geometry": {
        "type": "Point",
        "coordinates": [
          10.7830298,
          46.5648519
        ]
      },
      "id": "way/211633046"
    },
    {
      "type": "Feature",
      "properties": {
        "@id": "way/212005239",
        "amenity": "community_centre",
        "building": "yes",
        "operator": "Associazione La Turinella",
        "operator:type": "community",
        "@geometry": "center"
      },
      "geometry": {
        "type": "Point",
        "coordinates": [
          7.2539466,
          44.8860913
        ]
      },
      "id": "way/212005239"
    },
    {
      "type": "Feature",
      "properties": {
        "@id": "way/214411081",
        "amenity": "community_centre",
        "building": "yes",
        "name": "Sala polivalente di Spera",
        "@geometry": "center"
      },
      "geometry": {
        "type": "Point",
        "coordinates": [
          11.5113807,
          46.0681385
        ]
      },
      "id": "way/214411081"
    },
    {
      "type": "Feature",
      "properties": {
        "@id": "way/215063889",
        "name": "Oratorio di San Grato",
        "amenity": "community_centre",
        "building": "yes",
        "@geometry": "center"
      },
      "geometry": {
        "type": "Point",
        "coordinates": [
          8.1633617,
          45.3694309
        ]
      },
      "id": "way/215063889"
    },
    {
      "type": "Feature",
      "properties": {
        "@id": "way/215780670",
        "amenity": "social_centre",
        "building": "yes",
        "name": "Società Democratica Operia di Mutuo Soccorso",
        "source": "bing",
        "start_date": "1862",
        "@geometry": "center"
      },
      "geometry": {
        "type": "Point",
        "coordinates": [
          9.4020325,
          46.3209796
        ]
      },
      "id": "way/215780670"
    },
    {
      "type": "Feature",
      "properties": {
        "@id": "way/216550425",
        "amenity": "community_centre",
        "building": "yes",
        "name": "Josef-Resch-Haus",
        "@geometry": "center"
      },
      "geometry": {
        "type": "Point",
        "coordinates": [
          12.2836581,
          46.7329753
        ]
      },
      "id": "way/216550425"
    },
    {
      "type": "Feature",
      "properties": {
        "@id": "way/217544422",
        "amenity": "social_centre",
        "building": "yes",
        "name": "Casa sociale Lanza",
        "source": "bing",
        "@geometry": "center"
      },
      "geometry": {
        "type": "Point",
        "coordinates": [
          11.0314764,
          46.3595407
        ]
      },
      "id": "way/217544422"
    },
    {
      "type": "Feature",
      "properties": {
        "@id": "way/218622245",
        "amenity": "community_centre",
        "building": "civic",
        "name": "Oratorio San Domenico Savio",
        "@geometry": "center"
      },
      "geometry": {
        "type": "Point",
        "coordinates": [
          8.218279,
          44.9061908
        ]
      },
      "id": "way/218622245"
    },
    {
      "type": "Feature",
      "properties": {
        "@id": "way/218642912",
        "amenity": "community_centre",
        "building": "yes",
        "name": "Oratorio",
        "@geometry": "center"
      },
      "geometry": {
        "type": "Point",
        "coordinates": [
          8.464086,
          45.6752858
        ]
      },
      "id": "way/218642912"
    },
    {
      "type": "Feature",
      "properties": {
        "@id": "way/218698184",
        "amenity": "community_centre",
        "building": "public",
        "name": "Centro per il Protagonismo Giovanile",
        "@geometry": "center"
      },
      "geometry": {
        "type": "Point",
        "coordinates": [
          9.4222209,
          45.4916027
        ]
      },
      "id": "way/218698184"
    },
    {
      "type": "Feature",
      "properties": {
        "@id": "way/218923782",
        "amenity": "community_centre",
        "building": "yes",
        "name": "Centro Polifunzionale",
        "@geometry": "center"
      },
      "geometry": {
        "type": "Point",
        "coordinates": [
          11.5248389,
          46.0560708
        ]
      },
      "id": "way/218923782"
    },
    {
      "type": "Feature",
      "properties": {
        "@id": "way/219077878",
        "amenity": "community_centre",
        "building": "yes",
        "name": "Padiglione Argento",
        "operator": "Coop. Alce Rosso",
        "@geometry": "center"
      },
      "geometry": {
        "type": "Point",
        "coordinates": [
          7.8659078,
          45.4508031
        ]
      },
      "id": "way/219077878"
    },
    {
      "type": "Feature",
      "properties": {
        "@id": "way/219077879",
        "amenity": "community_centre",
        "building": "yes",
        "name": "Padiglione Blu",
        "operator": "Coop. Alce Rosso",
        "@geometry": "center"
      },
      "geometry": {
        "type": "Point",
        "coordinates": [
          7.8669306,
          45.4521564
        ]
      },
      "id": "way/219077879"
    },
    {
      "type": "Feature",
      "properties": {
        "@id": "way/219077880",
        "amenity": "community_centre",
        "building": "yes",
        "name": "Padiglione Oro",
        "operator": "Coop. Alce Rosso",
        "@geometry": "center"
      },
      "geometry": {
        "type": "Point",
        "coordinates": [
          7.8664113,
          45.4508179
        ]
      },
      "id": "way/219077880"
    },
    {
      "type": "Feature",
      "properties": {
        "@id": "way/219077881",
        "amenity": "community_centre",
        "building": "yes",
        "name": "Padiglione Rosso",
        "operator": "Coop. Alce Rosso",
        "@geometry": "center"
      },
      "geometry": {
        "type": "Point",
        "coordinates": [
          7.8670786,
          45.451896
        ]
      },
      "id": "way/219077881"
    },
    {
      "type": "Feature",
      "properties": {
        "@id": "way/219077882",
        "amenity": "community_centre",
        "building": "yes",
        "name": "Padiglione Verde",
        "operator": "Coop. Alce Rosso",
        "@geometry": "center"
      },
      "geometry": {
        "type": "Point",
        "coordinates": [
          7.8671852,
          45.4520761
        ]
      },
      "id": "way/219077882"
    },
    {
      "type": "Feature",
      "properties": {
        "@id": "way/219077883",
        "amenity": "community_centre",
        "building": "yes",
        "operator": "Coop. Alce Rosso",
        "@geometry": "center"
      },
      "geometry": {
        "type": "Point",
        "coordinates": [
          7.8661272,
          45.4519778
        ]
      },
      "id": "way/219077883"
    },
    {
      "type": "Feature",
      "properties": {
        "@id": "way/219524330",
        "amenity": "community_centre",
        "@geometry": "center"
      },
      "geometry": {
        "type": "Point",
        "coordinates": [
          7.8241842,
          45.5402977
        ]
      },
      "id": "way/219524330"
    },
    {
      "type": "Feature",
      "properties": {
        "@id": "way/219677320",
        "amenity": "community_centre",
        "community_centre": "parish_hall",
        "denomination": "catholic",
        "name": "Oratorio Padre Luigi Monti",
        "religion": "christian",
        "@geometry": "center"
      },
      "geometry": {
        "type": "Point",
        "coordinates": [
          9.1461661,
          45.6104399
        ]
      },
      "id": "way/219677320"
    },
    {
      "type": "Feature",
      "properties": {
        "@id": "way/219800322",
        "amenity": "social_centre",
        "barrier": "fence",
        "email": "info@casalepodererosa.org",
        "name": "Associazione Culturale Casale Podere Rosa",
        "phone": "+39 06 8271545",
        "website": "http://.casalepodererosa.org",
        "wheelchair": "yes",
        "@geometry": "center"
      },
      "geometry": {
        "type": "Point",
        "coordinates": [
          12.5651807,
          41.9439697
        ]
      },
      "id": "way/219800322"
    },
    {
      "type": "Feature",
      "properties": {
        "@id": "way/220074990",
        "amenity": "community_centre",
        "building": "yes",
        "name": "Haus der Dorfgemeinschaft",
        "@geometry": "center"
      },
      "geometry": {
        "type": "Point",
        "coordinates": [
          11.5490147,
          46.6695719
        ]
      },
      "id": "way/220074990"
    },
    {
      "type": "Feature",
      "properties": {
        "@id": "way/220205760",
        "amenity": "community_centre",
        "building": "yes",
        "name": "Centro Don Luciano Lilla",
        "@geometry": "center"
      },
      "geometry": {
        "type": "Point",
        "coordinates": [
          8.4960131,
          45.6908372
        ]
      },
      "id": "way/220205760"
    },
    {
      "type": "Feature",
      "properties": {
        "@id": "way/220341179",
        "amenity": "nightclub",
        "building": "yes",
        "name": "Zen",
        "@geometry": "center"
      },
      "geometry": {
        "type": "Point",
        "coordinates": [
          17.1503895,
          39.0438762
        ]
      },
      "id": "way/220341179"
    },
    {
      "type": "Feature",
      "properties": {
        "@id": "way/220948099",
        "building": "yes",
        "amenity": "community_centre",
        "@geometry": "center"
      },
      "geometry": {
        "type": "Point",
        "coordinates": [
          12.6843671,
          41.818408
        ]
      },
      "id": "way/220948099"
    },
    {
      "type": "Feature",
      "properties": {
        "@id": "way/221495307",
        "amenity": "community_centre",
        "building": "public",
        "@geometry": "center"
      },
      "geometry": {
        "type": "Point",
        "coordinates": [
          8.9202718,
          39.4245724
        ]
      },
      "id": "way/221495307"
    },
    {
      "type": "Feature",
      "properties": {
        "@id": "way/221572883",
        "amenity": "community_centre",
        "building": "yes",
        "@geometry": "center"
      },
      "geometry": {
        "type": "Point",
        "coordinates": [
          8.2673836,
          45.8412956
        ]
      },
      "id": "way/221572883"
    },
    {
      "type": "Feature",
      "properties": {
        "@id": "way/222022165",
        "amenity": "community_centre",
        "club": "religion",
        "denomination": "catholic",
        "name": "Oratorio Pio XI",
        "religion": "christian",
        "social_facility:for": "juvenile",
        "@geometry": "center"
      },
      "geometry": {
        "type": "Point",
        "coordinates": [
          9.2212282,
          45.5498782
        ]
      },
      "id": "way/222022165"
    },
    {
      "type": "Feature",
      "properties": {
        "@id": "way/222427886",
        "amenity": "community_centre",
        "name": "Centro Culturale \"Gabriella Ferri\"",
        "wheelchair": "yes",
        "@geometry": "center"
      },
      "geometry": {
        "type": "Point",
        "coordinates": [
          12.5390123,
          41.9104219
        ]
      },
      "id": "way/222427886"
    },
    {
      "type": "Feature",
      "properties": {
        "@id": "way/222733861",
        "name": "Centro Sociale",
        "amenity": "community_centre",
        "@geometry": "center"
      },
      "geometry": {
        "type": "Point",
        "coordinates": [
          14.6101844,
          40.817608
        ]
      },
      "id": "way/222733861"
    },
    {
      "type": "Feature",
      "properties": {
        "@id": "way/222907440",
        "amenity": "nightclub",
        "name": "La Villa",
        "@geometry": "center"
      },
      "geometry": {
        "type": "Point",
        "coordinates": [
          12.3157373,
          44.3004769
        ]
      },
      "id": "way/222907440"
    },
    {
      "type": "Feature",
      "properties": {
        "@id": "way/223662186",
        "addr:city": "Cattolica",
        "addr:postcode": "47841",
        "addr:street": "Corso Italia",
        "amenity": "nightclub",
        "building": "yes",
        "name": "Bikini Disco Dinner",
        "rer_edi_id:ref": "32f36002-d900-4ab4-bef0-daa505978d9b",
        "source": "Regione Emilia Romagna",
        "website": "https://www.bikinidiscodinner.com/",
        "@geometry": "center"
      },
      "geometry": {
        "type": "Point",
        "coordinates": [
          12.7220514,
          43.9710658
        ]
      },
      "id": "way/223662186"
    },
    {
      "type": "Feature",
      "properties": {
        "@id": "way/223736681",
        "amenity": "nightclub",
        "building": "yes",
        "name": "Pascià",
        "opening_hours:signed": "no",
        "rer_edi_id:ref": "6c1429a3-2f8b-4386-b1f7-2ca2a21862f2",
        "source": "Regione Emilia Romagna",
        "@geometry": "center"
      },
      "geometry": {
        "type": "Point",
        "coordinates": [
          12.652883,
          43.9892926
        ]
      },
      "id": "way/223736681"
    },
    {
      "type": "Feature",
      "properties": {
        "@id": "way/223736752",
        "amenity": "nightclub",
        "building": "yes",
        "name": "Nikka",
        "rer_edi_id:ref": "29ef3d99-b48f-4232-a4e2-d56aaaec5f7f",
        "source": "Regione Emilia Romagna",
        "@geometry": "center"
      },
      "geometry": {
        "type": "Point",
        "coordinates": [
          12.6474822,
          44.0124
        ]
      },
      "id": "way/223736752"
    },
    {
      "type": "Feature",
      "properties": {
        "@id": "way/223737211",
        "website": "http://www.cocorico.it",
        "wikipedia": "en:Cocoricò (nightclub)",
        "wikidata": "Q3681996",
        "source": "Regione Emilia Romagna",
        "rer_edi_id:ref": "fcf74b46-3890-4468-9f6d-05907aeeae87",
        "name": "Cocoricò",
        "building": "yes",
        "amenity": "nightclub",
        "addr:street": "Viale Chieti",
        "addr:housenumber": "44",
        "@geometry": "center"
      },
      "geometry": {
        "type": "Point",
        "coordinates": [
          12.6569057,
          43.9873391
        ]
      },
      "id": "way/223737211"
    },
    {
      "type": "Feature",
      "properties": {
        "@id": "way/223737518",
        "opening_hours": "\"Only for specific events\"",
        "name": "Peter Pan",
        "addr:housenumber": "161",
        "addr:street": "Via Scacciano",
        "amenity": "nightclub",
        "building": "yes",
        "@geometry": "center"
      },
      "geometry": {
        "type": "Point",
        "coordinates": [
          12.6605177,
          43.9827232
        ]
      },
      "id": "way/223737518"
    },
    {
      "type": "Feature",
      "properties": {
        "@id": "way/223750367",
        "amenity": "nightclub",
        "building": "yes",
        "name": "Pascià",
        "opening_hours:signed": "no",
        "rer_edi_id:ref": "bcd7a464-7eac-42b2-9dcf-28eb6fef7ecb",
        "source": "Regione Emilia Romagna",
        "@geometry": "center"
      },
      "geometry": {
        "type": "Point",
        "coordinates": [
          12.652623,
          43.9893194
        ]
      },
      "id": "way/223750367"
    },
    {
      "type": "Feature",
      "properties": {
        "@id": "way/223811479",
        "name": "Altromondo Studios",
        "amenity": "nightclub",
        "building": "yes",
        "rer_edi_id:ref": "f673593b-8312-4009-b53c-884ea4ce7fdd",
        "source": "Regione Emilia Romagna",
        "@geometry": "center"
      },
      "geometry": {
        "type": "Point",
        "coordinates": [
          12.6167551,
          44.0259649
        ]
      },
      "id": "way/223811479"
    },
    {
      "type": "Feature",
      "properties": {
        "@id": "way/223832833",
        "amenity": "community_centre",
        "building": "yes",
        "name": "Casa Pomposa",
        "rer_edi_id:ref": "81099d00-cde5-4f66-9f7c-10503f6356c6",
        "source": "Regione Emilia Romagna",
        "@geometry": "center"
      },
      "geometry": {
        "type": "Point",
        "coordinates": [
          12.5668685,
          44.0429443
        ]
      },
      "id": "way/223832833"
    },
    {
      "type": "Feature",
      "properties": {
        "@id": "way/223841055",
        "name": "Centro Sociale GrottaRossa",
        "amenity": "community_centre",
        "building": "yes",
        "rer_edi_id:ref": "5c6ed880-957c-4058-978a-a75b933849ae",
        "source": "Regione Emilia Romagna",
        "@geometry": "center"
      },
      "geometry": {
        "type": "Point",
        "coordinates": [
          12.5591867,
          44.0373289
        ]
      },
      "id": "way/223841055"
    },
    {
      "type": "Feature",
      "properties": {
        "@id": "way/224107485",
        "amenity": "community_centre",
        "historic": "yes",
        "name": "Colonia Elioterapica",
        "wikidata": "Q23671511",
        "wikipedia": "it:Colonia elioterapica (Busto Arsizio)",
        "@geometry": "center"
      },
      "geometry": {
        "type": "Point",
        "coordinates": [
          8.855733,
          45.5969166
        ]
      },
      "id": "way/224107485"
    },
    {
      "type": "Feature",
      "properties": {
        "@id": "way/224111704",
        "amenity": "community_centre",
        "building": "yes",
        "name": "Centro culturale",
        "@geometry": "center"
      },
      "geometry": {
        "type": "Point",
        "coordinates": [
          8.0025945,
          45.4624916
        ]
      },
      "id": "way/224111704"
    },
    {
      "type": "Feature",
      "properties": {
        "@id": "way/224150073",
        "amenity": "community_centre",
        "building": "yes",
        "name": "Sala Paggi/Centro Sociale Bassano",
        "@geometry": "center"
      },
      "geometry": {
        "type": "Point",
        "coordinates": [
          8.2475234,
          45.3508002
        ]
      },
      "id": "way/224150073"
    },
    {
      "type": "Feature",
      "properties": {
        "@id": "way/224261348",
        "amenity": "community_centre",
        "building": "yes",
        "name": "Centro Anziani",
        "@geometry": "center"
      },
      "geometry": {
        "type": "Point",
        "coordinates": [
          12.8038562,
          41.8206739
        ]
      },
      "id": "way/224261348"
    },
    {
      "type": "Feature",
      "properties": {
        "@id": "way/224320837",
        "amenity": "community_centre",
        "building": "yes",
        "name": "Circolo Ricreativo di Sant'Anna",
        "@geometry": "center"
      },
      "geometry": {
        "type": "Point",
        "coordinates": [
          8.2986608,
          44.8687601
        ]
      },
      "id": "way/224320837"
    },
    {
      "type": "Feature",
      "properties": {
        "@id": "way/224493492",
        "amenity": "community_centre",
        "name": "C.S.O.A. eXSnia Viscosa",
        "@geometry": "center"
      },
      "geometry": {
        "type": "Point",
        "coordinates": [
          12.5353571,
          41.8931214
        ]
      },
      "id": "way/224493492"
    },
    {
      "type": "Feature",
      "properties": {
        "@id": "way/224728234",
        "amenity": "community_centre",
        "community_centre": "youth_centre",
        "community_centre:for": "juvenile",
        "leisure": "playground",
        "name": "Oratorio",
        "@geometry": "center"
      },
      "geometry": {
        "type": "Point",
        "coordinates": [
          9.2305179,
          46.0439149
        ]
      },
      "id": "way/224728234"
    },
    {
      "type": "Feature",
      "properties": {
        "@id": "way/224875800",
        "addr:housenumber": "121",
        "addr:street": "Strada Amerina",
        "amenity": "community_centre",
        "community_centre": "parish_hall",
        "description:it": "Oratorio parrocchiale",
        "name": "Parrocchia S Pietro",
        "operator": "Parrocchia san Pietro apostolo Fornole",
        "@geometry": "center"
      },
      "geometry": {
        "type": "Point",
        "coordinates": [
          12.4553665,
          42.5427952
        ]
      },
      "id": "way/224875800"
    },
    {
      "type": "Feature",
      "properties": {
        "@id": "way/224876938",
        "addr:city": "Somma Lombardo",
        "addr:country": "IT",
        "addr:housenumber": "63",
        "addr:street": "Via Goffredo Mameli",
        "amenity": "community_centre",
        "building": "parish",
        "building:levels": "2",
        "name": "Oratorio maschile San Luigi",
        "wheelchair": "yes",
        "@geometry": "center"
      },
      "geometry": {
        "type": "Point",
        "coordinates": [
          8.7105884,
          45.6857165
        ]
      },
      "id": "way/224876938"
    },
    {
      "type": "Feature",
      "properties": {
        "@id": "way/224927701",
        "amenity": "community_centre",
        "building": "yes",
        "name": "Moarhof",
        "@geometry": "center"
      },
      "geometry": {
        "type": "Point",
        "coordinates": [
          11.141483,
          46.6886509
        ]
      },
      "id": "way/224927701"
    },
    {
      "type": "Feature",
      "properties": {
        "@id": "way/224932116",
        "amenity": "nightclub",
        "building": "yes",
        "contact:fax": "+39 095435764",
        "contact:phone": "+39 095571458",
        "email": "info@mercatigenerali.org",
        "name": "Mercati Generali",
        "website": "http://www.mercatigenerali.org/",
        "@geometry": "center"
      },
      "geometry": {
        "type": "Point",
        "coordinates": [
          14.9953178,
          37.4555451
        ]
      },
      "id": "way/224932116"
    },
    {
      "type": "Feature",
      "properties": {
        "@id": "way/225025422",
        "addr:city": "Somma Lombardo",
        "amenity": "community_centre",
        "building": "parish",
        "name": "Oratorio di Mezzana",
        "wheelchair": "yes",
        "@geometry": "center"
      },
      "geometry": {
        "type": "Point",
        "coordinates": [
          8.7186248,
          45.6884651
        ]
      },
      "id": "way/225025422"
    },
    {
      "type": "Feature",
      "properties": {
        "@id": "way/225042886",
        "amenity": "community_centre",
        "building": "yes",
        "@geometry": "center"
      },
      "geometry": {
        "type": "Point",
        "coordinates": [
          9.2280872,
          46.0417816
        ]
      },
      "id": "way/225042886"
    },
    {
      "type": "Feature",
      "properties": {
        "@id": "way/225171599",
        "amenity": "community_centre",
        "building": "public",
        "name": "Centro Civico Culturale",
        "@geometry": "center"
      },
      "geometry": {
        "type": "Point",
        "coordinates": [
          10.1887688,
          45.6729647
        ]
      },
      "id": "way/225171599"
    },
    {
      "type": "Feature",
      "properties": {
        "@id": "way/226413172",
        "amenity": "nightclub",
        "building": "yes",
        "name": "Club Partenopeo",
        "@geometry": "center"
      },
      "geometry": {
        "type": "Point",
        "coordinates": [
          14.1748239,
          40.8022505
        ]
      },
      "id": "way/226413172"
    },
    {
      "type": "Feature",
      "properties": {
        "@id": "way/227401812",
        "amenity": "community_centre",
        "building": "public",
        "name": "Mehrzweckgebäude - Polifunzionale",
        "name:de": "Mehrzweckgebäude",
        "name:it": "Polifunzionale",
        "@geometry": "center"
      },
      "geometry": {
        "type": "Point",
        "coordinates": [
          11.249632,
          46.5281335
        ]
      },
      "id": "way/227401812"
    },
    {
      "type": "Feature",
      "properties": {
        "@id": "way/227483375",
        "amenity": "community_centre",
        "barrier": "fence",
        "name": "Oratorio Sant'Andrea Pioltello",
        "@geometry": "center"
      },
      "geometry": {
        "type": "Point",
        "coordinates": [
          9.3298911,
          45.4997812
        ]
      },
      "id": "way/227483375"
    },
    {
      "type": "Feature",
      "properties": {
        "@id": "way/228075317",
        "amenity": "community_centre",
        "building": "parish",
        "name": "Oratorio di San Rocco",
        "@geometry": "center"
      },
      "geometry": {
        "type": "Point",
        "coordinates": [
          8.6562447,
          45.6961657
        ]
      },
      "id": "way/228075317"
    },
    {
      "type": "Feature",
      "properties": {
        "@id": "way/228758110",
        "addr:city": "Pergine",
        "addr:country": "IT",
        "addr:housenumber": "11",
        "addr:postcode": "38057",
        "addr:street": "Via Amstetten",
        "amenity": "community_centre",
        "building": "yes",
        "name": "Centro Giovani #Kairos",
        "opening_hours": "Mo 09:00-12:00,15:00-19:00; Tu,We 09:00-12:00,14:00-19:00; Th,Fr 15:00-19:00",
        "website": "http://www.tidounadritta.eu/centro-kairos/centro-kairos.html",
        "@geometry": "center"
      },
      "geometry": {
        "type": "Point",
        "coordinates": [
          11.2298089,
          46.0665118
        ]
      },
      "id": "way/228758110"
    },
    {
      "type": "Feature",
      "properties": {
        "@id": "way/229599150",
        "amenity": "community_centre",
        "name": "Oratorio Giovanile",
        "@geometry": "center"
      },
      "geometry": {
        "type": "Point",
        "coordinates": [
          7.3855897,
          44.654555
        ]
      },
      "id": "way/229599150"
    },
    {
      "type": "Feature",
      "properties": {
        "@id": "way/229666177",
        "addr:street": "Via dei Campi di Annibale",
        "amenity": "community_centre",
        "building": "yes",
        "name": "Centro Anziani Rocca di Papa",
        "operator": "Comune di Rocca di Papa",
        "@geometry": "center"
      },
      "geometry": {
        "type": "Point",
        "coordinates": [
          12.7137872,
          41.7617485
        ]
      },
      "id": "way/229666177"
    },
    {
      "type": "Feature",
      "properties": {
        "@id": "way/229782866",
        "addr:street": "Ackerweg",
        "name": "Vereinshaus",
        "building": "yes",
        "addr:city": "Barbian - Barbiano",
        "addr:housenumber": "6,7,8,9,10",
        "addr:postcode": "39040",
        "amenity": "community_centre",
        "@geometry": "center"
      },
      "geometry": {
        "type": "Point",
        "coordinates": [
          11.5211171,
          46.604798
        ]
      },
      "id": "way/229782866"
    },
    {
      "type": "Feature",
      "properties": {
        "@id": "way/230267524",
        "amenity": "community_centre",
        "building": "school",
        "name": "Palazzo delle Scuole",
        "@geometry": "center"
      },
      "geometry": {
        "type": "Point",
        "coordinates": [
          11.6366094,
          45.6648016
        ]
      },
      "id": "way/230267524"
    },
    {
      "type": "Feature",
      "properties": {
        "@id": "way/230406775",
        "roof:shape": "hipped",
        "building": "yes",
        "roof:colour": "#876D5D",
        "opening_hours": "Jun-Aug Mo-Su 15:00-18:30; Dec-Feb Mo-Su 14:30-18:00",
        "name": "Centro Incontri / Centro Anziani",
        "amenity": "community_centre",
        "building:levels": "2",
        "community_centre:for": "senior",
        "inscription": "MATTATOIO CIVICO",
        "@geometry": "center"
      },
      "geometry": {
        "type": "Point",
        "coordinates": [
          8.4201186,
          45.3324624
        ]
      },
      "id": "way/230406775"
    },
    {
      "type": "Feature",
      "properties": {
        "@id": "way/230471910",
        "amenity": "nightclub",
        "building": "yes",
        "@geometry": "center"
      },
      "geometry": {
        "type": "Point",
        "coordinates": [
          10.7250866,
          45.5467744
        ]
      },
      "id": "way/230471910"
    },
    {
      "type": "Feature",
      "properties": {
        "@id": "way/231243454",
        "amenity": "community_centre",
        "building": "yes",
        "@geometry": "center"
      },
      "geometry": {
        "type": "Point",
        "coordinates": [
          15.0228752,
          37.6179234
        ]
      },
      "id": "way/231243454"
    },
    {
      "type": "Feature",
      "properties": {
        "@id": "way/231243456",
        "amenity": "community_centre",
        "building": "yes",
        "@geometry": "center"
      },
      "geometry": {
        "type": "Point",
        "coordinates": [
          15.0228193,
          37.6180737
        ]
      },
      "id": "way/231243456"
    },
    {
      "type": "Feature",
      "properties": {
        "@id": "way/231373938",
        "amenity": "community_centre",
        "building": "yes",
        "name": "Associazione Giardini Luzzati",
        "@geometry": "center"
      },
      "geometry": {
        "type": "Point",
        "coordinates": [
          8.9322238,
          44.4052427
        ]
      },
      "id": "way/231373938"
    },
    {
      "type": "Feature",
      "properties": {
        "@id": "way/232016775",
        "website": "http://www.blubaydiscoteca.it/home.asp",
        "name": "Blu Bay",
        "amenity": "nightclub",
        "@geometry": "center"
      },
      "geometry": {
        "type": "Point",
        "coordinates": [
          18.4291612,
          40.0192574
        ]
      },
      "id": "way/232016775"
    },
    {
      "type": "Feature",
      "properties": {
        "@id": "way/232875640",
        "addr:city": "San Bassano",
        "addr:housenumber": "51",
        "addr:postcode": "26020",
        "addr:street": "Via Roma",
        "amenity": "community_centre",
        "denomination": "catholic",
        "email": "oratorio.sb@libero.it",
        "name": "Oratorio",
        "religion": "christian",
        "@geometry": "center"
      },
      "geometry": {
        "type": "Point",
        "coordinates": [
          9.807773,
          45.2429412
        ]
      },
      "id": "way/232875640"
    },
    {
      "type": "Feature",
      "properties": {
        "@id": "way/233266022",
        "amenity": "community_centre",
        "building": "yes",
        "name": "Centro polifunzionale",
        "@geometry": "center"
      },
      "geometry": {
        "type": "Point",
        "coordinates": [
          11.5244096,
          46.0808576
        ]
      },
      "id": "way/233266022"
    },
    {
      "type": "Feature",
      "properties": {
        "@id": "way/233432906",
        "amenity": "social_centre",
        "building": "yes",
        "name": "Comunità Il Montebello",
        "website": "http://comunitaefamiglia.org/luoghi/comunita-di-famiglie-2/montebello-di-limbiate",
        "@geometry": "center"
      },
      "geometry": {
        "type": "Point",
        "coordinates": [
          9.1285415,
          45.6161653
        ]
      },
      "id": "way/233432906"
    },
    {
      "type": "Feature",
      "properties": {
        "@id": "way/233446462",
        "alt_name": "Oratorio centrale di Garbagnate Milanese",
        "amenity": "community_centre",
        "community_centre": "youth_centre",
        "name": "Oratorio San Luigi",
        "network": "Oratori di Garbagnate",
        "network:website": "https://sites.google.com/oratorigarbagnate.com/",
        "opening_hours": "Mo-Su 16:00-19:00",
        "short_name": "SEM",
        "url": "https://sites.google.com/oratorigarbagnate.com/home/chi-siamo",
        "@geometry": "center"
      },
      "geometry": {
        "type": "Point",
        "coordinates": [
          9.0767897,
          45.5750281
        ]
      },
      "id": "way/233446462"
    },
    {
      "type": "Feature",
      "properties": {
        "@id": "way/233526124",
        "name": "Bollicine",
        "amenity": "nightclub",
        "@geometry": "center"
      },
      "geometry": {
        "type": "Point",
        "coordinates": [
          12.6765464,
          43.9918914
        ]
      },
      "id": "way/233526124"
    },
    {
      "type": "Feature",
      "properties": {
        "@id": "way/233997226",
        "addr:city": "Roma",
        "addr:housenumber": "103",
        "addr:postcode": "00132",
        "addr:street": "Via Raoul Chiodelli",
        "amenity": "community_centre",
        "building": "yes",
        "building:levels": "2",
        "name": "Casale Rosso",
        "operator": "Associazione Papillon Rebibbia",
        "operator:type": "association",
        "@geometry": "center"
      },
      "geometry": {
        "type": "Point",
        "coordinates": [
          12.6609708,
          41.909416
        ]
      },
      "id": "way/233997226"
    },
    {
      "type": "Feature",
      "properties": {
        "@id": "way/234866397",
        "amenity": "community_centre",
        "building": "yes",
        "name": "Centro Incontro Anziani - Biella",
        "@geometry": "center"
      },
      "geometry": {
        "type": "Point",
        "coordinates": [
          8.0490802,
          45.5591235
        ]
      },
      "id": "way/234866397"
    },
    {
      "type": "Feature",
      "properties": {
        "@id": "way/235021880",
        "amenity": "community_centre",
        "building": "yes",
        "name": "Centro buon vicinato",
        "@geometry": "center"
      },
      "geometry": {
        "type": "Point",
        "coordinates": [
          12.6735952,
          43.9876691
        ]
      },
      "id": "way/235021880"
    },
    {
      "type": "Feature",
      "properties": {
        "@id": "way/235473353",
        "amenity": "community_centre",
        "building": "yes",
        "name": "Centro Sociale Don Giovanni Lerose",
        "@geometry": "center"
      },
      "geometry": {
        "type": "Point",
        "coordinates": [
          12.8552202,
          41.5145103
        ]
      },
      "id": "way/235473353"
    },
    {
      "type": "Feature",
      "properties": {
        "@id": "way/235607517",
        "amenity": "community_centre",
        "community_centre": "youth_centre",
        "denomination": "roman_catholic",
        "name": "Oratorio San Giovanni",
        "network": "Oratori di Garbagnate",
        "network:website": "https://sites.google.com/oratorigarbagnate.com/",
        "opening_hours": "Tu-Su 16:00-19:00",
        "religion": "christian",
        "short_name": "SGB",
        "url": "https://sites.google.com/oratorigarbagnate.com/home/chi-siamo",
        "@geometry": "center"
      },
      "geometry": {
        "type": "Point",
        "coordinates": [
          9.0867373,
          45.568897
        ]
      },
      "id": "way/235607517"
    },
    {
      "type": "Feature",
      "properties": {
        "@id": "way/235951062",
        "amenity": "community_centre",
        "building": "public",
        "name": "Centro servizi",
        "name:sc": "Tzentru Serbitzius",
        "@geometry": "center"
      },
      "geometry": {
        "type": "Point",
        "coordinates": [
          8.6705476,
          40.0195084
        ]
      },
      "id": "way/235951062"
    },
    {
      "type": "Feature",
      "properties": {
        "@id": "way/235951065",
        "amenity": "community_centre",
        "building": "public",
        "name": "Centro sociale",
        "name:sc": "Tzentru Sotziali Comunali",
        "@geometry": "center"
      },
      "geometry": {
        "type": "Point",
        "coordinates": [
          8.6728364,
          40.0205082
        ]
      },
      "id": "way/235951065"
    },
    {
      "type": "Feature",
      "properties": {
        "@id": "way/236853860",
        "amenity": "community_centre",
        "building": "yes",
        "community_centre": "parish_hall",
        "denomination": "catholic",
        "name": "Oratorio Don Bosco",
        "religion": "christian",
        "@geometry": "center"
      },
      "geometry": {
        "type": "Point",
        "coordinates": [
          10.2343586,
          45.3302262
        ]
      },
      "id": "way/236853860"
    },
    {
      "type": "Feature",
      "properties": {
        "@id": "way/237116851",
        "name": "Centro della Pesa",
        "amenity": "community_centre",
        "@geometry": "center"
      },
      "geometry": {
        "type": "Point",
        "coordinates": [
          12.6520797,
          43.9942259
        ]
      },
      "id": "way/237116851"
    },
    {
      "type": "Feature",
      "properties": {
        "@id": "way/237914544",
        "amenity": "community_centre",
        "building": "yes",
        "name": "Sala Parrocchiale don Giuseppe Manfredda",
        "@geometry": "center"
      },
      "geometry": {
        "type": "Point",
        "coordinates": [
          8.6998543,
          45.4761529
        ]
      },
      "id": "way/237914544"
    },
    {
      "type": "Feature",
      "properties": {
        "@id": "way/238060090",
        "amenity": "community_centre",
        "building": "yes",
        "denomination": "catholic",
        "name": "Oratorio San Maurio",
        "@geometry": "center"
      },
      "geometry": {
        "type": "Point",
        "coordinates": [
          9.4035991,
          45.6471205
        ]
      },
      "id": "way/238060090"
    },
    {
      "type": "Feature",
      "properties": {
        "@id": "way/238511043",
        "amenity": "nightclub",
        "name": "La kascia",
        "wheelchair": "yes",
        "@geometry": "center"
      },
      "geometry": {
        "type": "Point",
        "coordinates": [
          8.6975721,
          44.410355
        ]
      },
      "id": "way/238511043"
    },
    {
      "type": "Feature",
      "properties": {
        "@id": "way/238791968",
        "amenity": "community_centre",
        "building": "yes",
        "community_centre": "parish_hall",
        "denomination": "catholic",
        "name": "Casa della Giovane",
        "religion": "christian",
        "@geometry": "center"
      },
      "geometry": {
        "type": "Point",
        "coordinates": [
          10.2644371,
          45.6501669
        ]
      },
      "id": "way/238791968"
    },
    {
      "type": "Feature",
      "properties": {
        "@id": "way/238792138",
        "amenity": "community_centre",
        "building": "public",
        "community_centre": "parish_hall",
        "denomination": "catholic",
        "name": "Oratorio San Filippo Neri",
        "religion": "christian",
        "@geometry": "center"
      },
      "geometry": {
        "type": "Point",
        "coordinates": [
          10.2421378,
          45.6559537
        ]
      },
      "id": "way/238792138"
    },
    {
      "type": "Feature",
      "properties": {
        "@id": "way/239432034",
        "amenity": "community_centre",
        "building": "yes",
        "name": "Centro Sociale Borgo Bainsizza detto Casolare",
        "@geometry": "center"
      },
      "geometry": {
        "type": "Point",
        "coordinates": [
          12.7923742,
          41.4831456
        ]
      },
      "id": "way/239432034"
    },
    {
      "type": "Feature",
      "properties": {
        "@id": "way/239761050",
        "amenity": "community_centre",
        "building": "civic",
        "name": "Polo Servizi di Torregrotta",
        "opening_hours": "Mo-Fr 09:00-13:30; Tu,Th 09:00-13:30,15:30-17:30",
        "operator": "Comune di Torregrotta",
        "@geometry": "center"
      },
      "geometry": {
        "type": "Point",
        "coordinates": [
          15.3505327,
          38.2005525
        ]
      },
      "id": "way/239761050"
    },
    {
      "type": "Feature",
      "properties": {
        "@id": "way/240438729",
        "addr:city": "Tiers",
        "addr:country": "IT",
        "addr:housenumber": "69",
        "addr:postcode": "06081",
        "addr:street": "St.-Georg-Straße - Via San Giorgio",
        "amenity": "community_centre",
        "building": "yes",
        "name": "Haus der Dorfgemeinschaft",
        "name:de": "Haus der Dorfgemeinschaft",
        "@geometry": "center"
      },
      "geometry": {
        "type": "Point",
        "coordinates": [
          11.5274398,
          46.4688848
        ]
      },
      "id": "way/240438729"
    },
    {
      "type": "Feature",
      "properties": {
        "@id": "way/240468392",
        "addr:street": "Via vittorio emanuele",
        "addr:city": "Calusco d'Adda",
        "addr:housenumber": "1263",
        "addr:postcode": "24033",
        "amenity": "nightclub",
        "contact:phone": "+39 035 794578",
        "name": "Dancing Eclisse",
        "@geometry": "center"
      },
      "geometry": {
        "type": "Point",
        "coordinates": [
          9.4577223,
          45.684619
        ]
      },
      "id": "way/240468392"
    },
    {
      "type": "Feature",
      "properties": {
        "@id": "way/241089795",
        "amenity": "community_centre",
        "community_centre": "parish_hall",
        "community_centre:for": "juvenile",
        "denomination": "catholic",
        "name": "Oratorio di San Luigi e Beata Giuliana",
        "religion": "christian",
        "@geometry": "center"
      },
      "geometry": {
        "type": "Point",
        "coordinates": [
          8.8294434,
          45.630467
        ]
      },
      "id": "way/241089795"
    },
    {
      "type": "Feature",
      "properties": {
        "@id": "way/241090724",
        "website": "www.bustoredentore.it",
        "amenity": "community_centre",
        "denomination": "catholic",
        "landuse": "religious",
        "name": "Oratorio Santissimo Redentore",
        "name:etymology:wikidata": "Q7305703",
        "phone": "+39 0331 367886",
        "religion": "christian",
        "wikidata": "Q93862845",
        "@geometry": "center"
      },
      "geometry": {
        "type": "Point",
        "coordinates": [
          8.8310395,
          45.6191995
        ]
      },
      "id": "way/241090724"
    },
    {
      "type": "Feature",
      "properties": {
        "@id": "way/241235209",
        "amenity": "nightclub",
        "name": "Tartana discoteca",
        "@geometry": "center"
      },
      "geometry": {
        "type": "Point",
        "coordinates": [
          11.7911232,
          43.4080312
        ]
      },
      "id": "way/241235209"
    },
    {
      "type": "Feature",
      "properties": {
        "@id": "way/241541199",
        "amenity": "community_centre",
        "building": "yes",
        "community_centre": "parish_hall",
        "denomination": "catholic",
        "name": "Oratorio San Giovanni Bosco",
        "religion": "christian",
        "@geometry": "center"
      },
      "geometry": {
        "type": "Point",
        "coordinates": [
          10.1866969,
          45.6819773
        ]
      },
      "id": "way/241541199"
    },
    {
      "type": "Feature",
      "properties": {
        "@id": "way/242917652",
        "amenity": "community_centre",
        "building": "yes",
        "name": "AGESCI - Gruppo Santhià 1",
        "@geometry": "center"
      },
      "geometry": {
        "type": "Point",
        "coordinates": [
          8.1645504,
          45.3672058
        ]
      },
      "id": "way/242917652"
    },
    {
      "type": "Feature",
      "properties": {
        "@id": "way/243038507",
        "amenity": "community_centre",
        "building": "yes",
        "denomination": "catholic",
        "name": "Oratorio di Redona",
        "@geometry": "center"
      },
      "geometry": {
        "type": "Point",
        "coordinates": [
          9.6917225,
          45.710629
        ]
      },
      "id": "way/243038507"
    },
    {
      "type": "Feature",
      "properties": {
        "@id": "way/243053371",
        "amenity": "community_centre",
        "building": "yes",
        "name": "Centro sociale Arci Nuovo Gramsci - La Casetta",
        "@geometry": "center"
      },
      "geometry": {
        "type": "Point",
        "coordinates": [
          10.6510858,
          44.6885816
        ]
      },
      "id": "way/243053371"
    },
    {
      "type": "Feature",
      "properties": {
        "@id": "way/243377946",
        "alt_name": "Ca' Fornelletti;Forneletti;",
        "amenity": "social_centre",
        "building": "house",
        "name": "Casa Fornelletti",
        "@geometry": "center"
      },
      "geometry": {
        "type": "Point",
        "coordinates": [
          10.7085659,
          45.378407
        ]
      },
      "id": "way/243377946"
    },
    {
      "type": "Feature",
      "properties": {
        "@id": "way/243570631",
        "building": "commercial",
        "amenity": "nightclub",
        "name": "Les Folie ex Miù J'adore",
        "@geometry": "center"
      },
      "geometry": {
        "type": "Point",
        "coordinates": [
          13.1305736,
          43.7526454
        ]
      },
      "id": "way/243570631"
    },
    {
      "type": "Feature",
      "properties": {
        "@id": "way/244491794",
        "amenity": "community_centre",
        "@geometry": "center"
      },
      "geometry": {
        "type": "Point",
        "coordinates": [
          9.2817818,
          40.2139543
        ]
      },
      "id": "way/244491794"
    },
    {
      "type": "Feature",
      "properties": {
        "@id": "way/245093850",
        "amenity": "community_centre",
        "building": "yes",
        "name": "Sala Polivalente Monsignor Celotto",
        "@geometry": "center"
      },
      "geometry": {
        "type": "Point",
        "coordinates": [
          11.438682,
          45.1681452
        ]
      },
      "id": "way/245093850"
    },
    {
      "type": "Feature",
      "properties": {
        "@id": "way/245539806",
        "amenity": "community_centre",
        "building": "yes",
        "name": "Palasangria",
        "@geometry": "center"
      },
      "geometry": {
        "type": "Point",
        "coordinates": [
          13.3903701,
          43.4859504
        ]
      },
      "id": "way/245539806"
    },
    {
      "type": "Feature",
      "properties": {
        "@id": "way/245623429",
        "amenity": "community_centre",
        "building": "church",
        "disused:amenity": "place_of_worship",
        "name": "Chiesa Marchesale",
        "old_name": "Chiesa Madonna della Misericordia",
        "@geometry": "center"
      },
      "geometry": {
        "type": "Point",
        "coordinates": [
          13.8027625,
          42.7870253
        ]
      },
      "id": "way/245623429"
    },
    {
      "type": "Feature",
      "properties": {
        "@id": "way/245941338",
        "addr:housename": "Rathaus - Municipio",
        "addr:housenumber": "2",
        "addr:postcode": "39040",
        "addr:street": "Simon-Rieder-Platz",
        "amenity": "community_centre",
        "building": "yes",
        "@geometry": "center"
      },
      "geometry": {
        "type": "Point",
        "coordinates": [
          11.6001334,
          46.6686574
        ]
      },
      "id": "way/245941338"
    },
    {
      "type": "Feature",
      "properties": {
        "@id": "way/246933736",
        "addr:street": "Via Giacomo Veronelli",
        "amenity": "community_centre",
        "building": "yes",
        "historic": "house",
        "name": "Casa del Guidi",
        "@geometry": "center"
      },
      "geometry": {
        "type": "Point",
        "coordinates": [
          11.2078586,
          43.835029
        ]
      },
      "id": "way/246933736"
    },
    {
      "type": "Feature",
      "properties": {
        "@id": "way/248051970",
        "amenity": "community_centre",
        "denomination": "catholic",
        "name": "Oratorio San Rocco",
        "religion": "christian",
        "@geometry": "center"
      },
      "geometry": {
        "type": "Point",
        "coordinates": [
          9.2108808,
          45.6505444
        ]
      },
      "id": "way/248051970"
    },
    {
      "type": "Feature",
      "properties": {
        "@id": "way/249874116",
        "addr:city": "Simaghis/Simaxis",
        "addr:country": "IT",
        "addr:postcode": "09088",
        "addr:street": "Largo Carlo Felice",
        "amenity": "community_centre",
        "building": "yes",
        "name": "Centro sociale di Simaxis",
        "@geometry": "center"
      },
      "geometry": {
        "type": "Point",
        "coordinates": [
          8.6924395,
          39.9275673
        ]
      },
      "id": "way/249874116"
    },
    {
      "type": "Feature",
      "properties": {
        "@id": "way/250065236",
        "amenity": "community_centre",
        "name": "Centro Giovani \"Madre Teresa di Calcutta\"",
        "@geometry": "center"
      },
      "geometry": {
        "type": "Point",
        "coordinates": [
          9.0729312,
          45.9709932
        ]
      },
      "id": "way/250065236"
    },
    {
      "type": "Feature",
      "properties": {
        "@id": "way/252617243",
        "amenity": "community_centre",
        "name": "Area feste Pallestrini",
        "@geometry": "center"
      },
      "geometry": {
        "type": "Point",
        "coordinates": [
          8.6634857,
          45.1480416
        ]
      },
      "id": "way/252617243"
    },
    {
      "type": "Feature",
      "properties": {
        "@id": "way/252829619",
        "amenity": "community_centre",
        "community_centre": "youth_centre",
        "denomination": "roman_catholic",
        "name": "Oratorio di Senago",
        "religion": "christian",
        "@geometry": "center"
      },
      "geometry": {
        "type": "Point",
        "coordinates": [
          9.119662,
          45.5745452
        ]
      },
      "id": "way/252829619"
    },
    {
      "type": "Feature",
      "properties": {
        "@id": "way/253225516",
        "amenity": "community_centre",
        "building": "yes",
        "@geometry": "center"
      },
      "geometry": {
        "type": "Point",
        "coordinates": [
          9.7323948,
          45.7201257
        ]
      },
      "id": "way/253225516"
    },
    {
      "type": "Feature",
      "properties": {
        "@id": "way/253225529",
        "amenity": "community_centre",
        "building": "yes",
        "name": "Casa della Comunità",
        "@geometry": "center"
      },
      "geometry": {
        "type": "Point",
        "coordinates": [
          9.7322194,
          45.7195529
        ]
      },
      "id": "way/253225529"
    },
    {
      "type": "Feature",
      "properties": {
        "@id": "way/253393055",
        "name": "Prince",
        "amenity": "nightclub",
        "@geometry": "center"
      },
      "geometry": {
        "type": "Point",
        "coordinates": [
          12.665517,
          43.9843046
        ]
      },
      "id": "way/253393055"
    },
    {
      "type": "Feature",
      "properties": {
        "@id": "way/253894644",
        "alt_name": "Oratorio di Santa Croce",
        "amenity": "community_centre",
        "community_centre": "youth_centre",
        "denomination": "roman_catholic",
        "name": "Oratorio San Giovanni Bosco",
        "religion": "christian",
        "@geometry": "center"
      },
      "geometry": {
        "type": "Point",
        "coordinates": [
          9.0681234,
          45.5310856
        ]
      },
      "id": "way/253894644"
    },
    {
      "type": "Feature",
      "properties": {
        "@id": "way/253900065",
        "amenity": "community_centre",
        "community_centre": "youth_centre",
        "denomination": "roman_catholic",
        "name": "Oratorio San Pietro",
        "religion": "christian",
        "@geometry": "center"
      },
      "geometry": {
        "type": "Point",
        "coordinates": [
          9.0572946,
          45.5352367
        ]
      },
      "id": "way/253900065"
    },
    {
      "type": "Feature",
      "properties": {
        "@id": "way/254044300",
        "amenity": "community_centre",
        "building": "yes",
        "name": "Oratorio San Giustino",
        "@geometry": "center"
      },
      "geometry": {
        "type": "Point",
        "coordinates": [
          8.335451,
          45.683605
        ]
      },
      "id": "way/254044300"
    },
    {
      "type": "Feature",
      "properties": {
        "@id": "way/254368278",
        "addr:city": "Bologna",
        "addr:housenumber": "110",
        "addr:street": "Via Paolo Fabbri",
        "amenity": "community_centre",
        "name": "Vag61 Spazio Libero Autogestito",
        "website": "https://vag61.noblogs.org/",
        "@geometry": "center"
      },
      "geometry": {
        "type": "Point",
        "coordinates": [
          11.3616755,
          44.5001721
        ]
      },
      "id": "way/254368278"
    },
    {
      "type": "Feature",
      "properties": {
        "@id": "way/254784262",
        "amenity": "community_centre",
        "building": "civic",
        "name": "Ex scuola Carlo Collodi",
        "@geometry": "center"
      },
      "geometry": {
        "type": "Point",
        "coordinates": [
          15.4537526,
          38.2217316
        ]
      },
      "id": "way/254784262"
    },
    {
      "type": "Feature",
      "properties": {
        "@id": "way/254811066",
        "alt_name": "Parco Togliatti",
        "amenity": "community_centre",
        "name": "Area attrezzata \"Togliatti\"",
        "@geometry": "center"
      },
      "geometry": {
        "type": "Point",
        "coordinates": [
          8.7476554,
          45.3055994
        ]
      },
      "id": "way/254811066"
    },
    {
      "type": "Feature",
      "properties": {
        "@id": "way/254840130",
        "amenity": "community_centre",
        "name": "Centro diurno per anziani",
        "operator": "Comune di Villafranca Tirrena",
        "phone": "+39 090 3379324",
        "@geometry": "center"
      },
      "geometry": {
        "type": "Point",
        "coordinates": [
          15.4348673,
          38.2390269
        ]
      },
      "id": "way/254840130"
    },
    {
      "type": "Feature",
      "properties": {
        "@id": "way/254859464",
        "amenity": "community_centre",
        "building": "house",
        "name": "Circolo MDL La Sportiva",
        "@geometry": "center"
      },
      "geometry": {
        "type": "Point",
        "coordinates": [
          11.0686204,
          43.7461943
        ]
      },
      "id": "way/254859464"
    },
    {
      "type": "Feature",
      "properties": {
        "@id": "way/255070450",
        "amenity": "nightclub",
        "building": "yes",
        "name": "Planet Fun - Opium",
        "@geometry": "center"
      },
      "geometry": {
        "type": "Point",
        "coordinates": [
          12.7092957,
          45.9457663
        ]
      },
      "id": "way/255070450"
    },
    {
      "type": "Feature",
      "properties": {
        "@id": "way/255360439",
        "amenity": "nightclub",
        "building": "yes",
        "name": "Discoteca Piper",
        "@geometry": "center"
      },
      "geometry": {
        "type": "Point",
        "coordinates": [
          7.5303111,
          44.8327481
        ]
      },
      "id": "way/255360439"
    },
    {
      "type": "Feature",
      "properties": {
        "@id": "way/255567583",
        "addr:housenumber": "39/A",
        "addr:city": "Kastelruth - Castelrotto",
        "addr:city:de": "Kastelruth",
        "addr:city:it": "Castelrotto",
        "addr:hamlet": "Seis - Siusi",
        "addr:hamlet:de": "Seis",
        "addr:hamlet:it": "Siusi",
        "addr:postcode": "39040",
        "addr:street": "Schlernstraße - Via Sciliar",
        "addr:street:de": "Schlernstraße",
        "addr:street:it": "Via Sciliar",
        "amenity": "nightclub",
        "building": "retail",
        "name": "Santner's",
        "outdoor_seating": "yes",
        "phone": "+39 335 682 94 69",
        "website": "https://www.santners.it/",
        "@geometry": "center"
      },
      "geometry": {
        "type": "Point",
        "coordinates": [
          11.5641196,
          46.5399668
        ]
      },
      "id": "way/255567583"
    },
    {
      "type": "Feature",
      "properties": {
        "@id": "way/255592982",
        "amenity": "community_centre",
        "building": "yes",
        "community_centre": "events_venue",
        "@geometry": "center"
      },
      "geometry": {
        "type": "Point",
        "coordinates": [
          11.7587956,
          46.5561277
        ]
      },
      "id": "way/255592982"
    },
    {
      "type": "Feature",
      "properties": {
        "@id": "way/255859069",
        "opening_hours": "Venerdì e sabato 22-4",
        "smoking": "isolated",
        "name": "Discoteca Fellini",
        "addr:city": "Valdagno",
        "addr:housenumber": "104",
        "addr:postcode": "36078",
        "addr:street": "Via Fabio Filzi",
        "amenity": "nightclub",
        "building": "yes",
        "@geometry": "center"
      },
      "geometry": {
        "type": "Point",
        "coordinates": [
          11.2705928,
          45.6809842
        ]
      },
      "id": "way/255859069"
    },
    {
      "type": "Feature",
      "properties": {
        "@id": "way/255921431",
        "amenity": "community_centre",
        "building": "civic",
        "building:levels": "2",
        "name": "Centro Polivalente",
        "operator": "Comune di Occhieppo Inferiore",
        "@geometry": "center"
      },
      "geometry": {
        "type": "Point",
        "coordinates": [
          8.0256426,
          45.5516495
        ]
      },
      "id": "way/255921431"
    },
    {
      "type": "Feature",
      "properties": {
        "@id": "way/256295215",
        "addr:city": "Scano al Brembo",
        "addr:street": "Via Roma",
        "amenity": "social_centre",
        "area": "yes",
        "denomination": "catholic",
        "name": "Oratorio Papa Giovanni XXIII",
        "postal_code": "24030",
        "@geometry": "center"
      },
      "geometry": {
        "type": "Point",
        "coordinates": [
          9.6075584,
          45.7138301
        ]
      },
      "id": "way/256295215"
    },
    {
      "type": "Feature",
      "properties": {
        "@id": "way/256343499",
        "amenity": "community_centre",
        "covered": "yes",
        "leisure": "pitch",
        "name": "Bocciodromo",
        "sport": "boules",
        "@geometry": "center"
      },
      "geometry": {
        "type": "Point",
        "coordinates": [
          8.544426,
          44.3475409
        ]
      },
      "id": "way/256343499"
    },
    {
      "type": "Feature",
      "properties": {
        "@id": "way/256451962",
        "amenity": "community_centre",
        "building": "yes",
        "name": "Casetta degli Alpini di Scano Al Brembo",
        "@geometry": "center"
      },
      "geometry": {
        "type": "Point",
        "coordinates": [
          9.6041966,
          45.7136147
        ]
      },
      "id": "way/256451962"
    },
    {
      "type": "Feature",
      "properties": {
        "@id": "way/256592706",
        "addr:housenumber": "148",
        "addr:street": "Via Madonna del Rosario",
        "amenity": "community_centre",
        "building": "yes",
        "name": "Centro Civico",
        "@geometry": "center"
      },
      "geometry": {
        "type": "Point",
        "coordinates": [
          11.9312886,
          45.4336485
        ]
      },
      "id": "way/256592706"
    },
    {
      "type": "Feature",
      "properties": {
        "@id": "way/256603520",
        "addr:city": "Valbrembo",
        "addr:postcode": "24030",
        "amenity": "community_centre",
        "building": "yes",
        "name": "Auditorium Comunale",
        "@geometry": "center"
      },
      "geometry": {
        "type": "Point",
        "coordinates": [
          9.6073158,
          45.7180958
        ]
      },
      "id": "way/256603520"
    },
    {
      "type": "Feature",
      "properties": {
        "@id": "way/256708445",
        "addr:city": "Crucoli",
        "addr:postcode": "88812",
        "addr:street": "Via Sybaris",
        "amenity": "community_centre",
        "building": "civic",
        "denomination": "catholic",
        "name": "Parrocchia Maria Madre della Chiesa",
        "religion": "christian",
        "@geometry": "center"
      },
      "geometry": {
        "type": "Point",
        "coordinates": [
          17.034566,
          39.4537556
        ]
      },
      "id": "way/256708445"
    },
    {
      "type": "Feature",
      "properties": {
        "@id": "way/257352056",
        "amenity": "nightclub",
        "building": "yes",
        "contact:email": "beachbar@tiscali.it",
        "contact:facebook": "https://www.facebook.com/beachbar.page/",
        "name": "Beach bar",
        "payment:discover_card": "yes",
        "payment:mastercard": "yes",
        "payment:visa": "yes",
        "@geometry": "center"
      },
      "geometry": {
        "type": "Point",
        "coordinates": [
          8.506722,
          39.9081326
        ]
      },
      "id": "way/257352056"
    },
    {
      "type": "Feature",
      "properties": {
        "@id": "way/257515859",
        "amenity": "community_centre",
        "building": "public",
        "name": "Sala Civica Pietro Pasquali",
        "@geometry": "center"
      },
      "geometry": {
        "type": "Point",
        "coordinates": [
          10.2244303,
          45.5527421
        ]
      },
      "id": "way/257515859"
    },
    {
      "type": "Feature",
      "properties": {
        "@id": "way/257944198",
        "amenity": "community_centre",
        "building": "yes",
        "community_centre": "parish_hall",
        "denomination": "catholic",
        "religion": "christian",
        "@geometry": "center"
      },
      "geometry": {
        "type": "Point",
        "coordinates": [
          10.2181401,
          45.5549712
        ]
      },
      "id": "way/257944198"
    },
    {
      "type": "Feature",
      "properties": {
        "@id": "way/258015726",
        "amenity": "nightclub",
        "building": "yes",
        "name": "Discoteca",
        "@geometry": "center"
      },
      "geometry": {
        "type": "Point",
        "coordinates": [
          11.0651205,
          44.3341741
        ]
      },
      "id": "way/258015726"
    },
    {
      "type": "Feature",
      "properties": {
        "@id": "way/258568012",
        "amenity": "community_centre",
        "building": "yes",
        "community_centre": "parish_hall",
        "denomination": "catholic",
        "name": "Oratorio Don Giovanni Bosco",
        "religion": "christian",
        "@geometry": "center"
      },
      "geometry": {
        "type": "Point",
        "coordinates": [
          10.3092027,
          45.5641808
        ]
      },
      "id": "way/258568012"
    },
    {
      "type": "Feature",
      "properties": {
        "@id": "way/258982298",
        "amenity": "community_centre",
        "building": "yes",
        "name": "Haus der Vereine \"Meister von Uttenheim\"",
        "@geometry": "center"
      },
      "geometry": {
        "type": "Point",
        "coordinates": [
          11.9464581,
          46.8627634
        ]
      },
      "id": "way/258982298"
    },
    {
      "type": "Feature",
      "properties": {
        "@id": "way/259046024",
        "amenity": "social_centre",
        "denomination": "catholic",
        "name": "Oratorio di Ossanesga",
        "@geometry": "center"
      },
      "geometry": {
        "type": "Point",
        "coordinates": [
          9.6051431,
          45.7220635
        ]
      },
      "id": "way/259046024"
    },
    {
      "type": "Feature",
      "properties": {
        "@id": "way/259261121",
        "amenity": "community_centre",
        "building": "yes",
        "community_centre": "parish_hall",
        "denomination": "catholic",
        "name": "Oratorio San Francesco di Paola",
        "religion": "christian",
        "@geometry": "center"
      },
      "geometry": {
        "type": "Point",
        "coordinates": [
          10.2480587,
          45.5320764
        ]
      },
      "id": "way/259261121"
    },
    {
      "type": "Feature",
      "properties": {
        "@id": "way/261785269",
        "amenity": "nightclub",
        "building": "roof",
        "name": "Walky Cup",
        "@geometry": "center"
      },
      "geometry": {
        "type": "Point",
        "coordinates": [
          12.6446477,
          43.9860005
        ]
      },
      "id": "way/261785269"
    },
    {
      "type": "Feature",
      "properties": {
        "@id": "way/262216386",
        "addr:city": "Alessandria",
        "addr:country": "IT",
        "addr:housename": "Via Remotti",
        "addr:housenumber": "43",
        "addr:place": "San Michele",
        "addr:postcode": "15122",
        "addr:street": "Via Remotti",
        "amenity": "community_centre",
        "building": "yes",
        "name": "Centro Incontro ACLI",
        "religion": "christian",
        "toilets:wheelchair": "yes",
        "wheelchair": "yes",
        "@geometry": "center"
      },
      "geometry": {
        "type": "Point",
        "coordinates": [
          8.5796773,
          44.9376723
        ]
      },
      "id": "way/262216386"
    },
    {
      "type": "Feature",
      "properties": {
        "@id": "way/262514686",
        "amenity": "nightclub",
        "@geometry": "center"
      },
      "geometry": {
        "type": "Point",
        "coordinates": [
          14.9569859,
          38.4143387
        ]
      },
      "id": "way/262514686"
    },
    {
      "type": "Feature",
      "properties": {
        "@id": "way/262597664",
        "amenity": "community_centre",
        "name": "Oratorio di San Giovanni Bosco",
        "@geometry": "center"
      },
      "geometry": {
        "type": "Point",
        "coordinates": [
          8.5202178,
          45.1918989
        ]
      },
      "id": "way/262597664"
    },
    {
      "type": "Feature",
      "properties": {
        "@id": "way/262778542",
        "amenity": "social_centre",
        "denomination": "catholic",
        "name": "Oratorio del Villaggio",
        "@geometry": "center"
      },
      "geometry": {
        "type": "Point",
        "coordinates": [
          9.5813805,
          45.6977673
        ]
      },
      "id": "way/262778542"
    },
    {
      "type": "Feature",
      "properties": {
        "@id": "way/262778544",
        "addr:city": "Scano al Brembo",
        "addr:postcode": "24030",
        "addr:street": "Via Roma",
        "amenity": "social_centre",
        "building": "yes",
        "denomination": "catholic",
        "name": "Oratorio Papa Giovanni XXIII",
        "@geometry": "center"
      },
      "geometry": {
        "type": "Point",
        "coordinates": [
          9.6074537,
          45.7137943
        ]
      },
      "id": "way/262778544"
    },
    {
      "type": "Feature",
      "properties": {
        "@id": "way/263145818",
        "amenity": "community_centre",
        "name": "Centro missionario Comboni",
        "@geometry": "center"
      },
      "geometry": {
        "type": "Point",
        "coordinates": [
          12.6461857,
          43.9946424
        ]
      },
      "id": "way/263145818"
    },
    {
      "type": "Feature",
      "properties": {
        "@id": "way/263510727",
        "website": "http://www.casabettola.org/",
        "addr:city": "Reggio nell'Emilia",
        "addr:housenumber": "6",
        "addr:postcode": "42123",
        "addr:street": "Via Martiri della Bettola",
        "amenity": "community_centre",
        "contact:facebook": "casabettola.casacantonieraautogestita",
        "name": "Casa Bettola",
        "opening_hours": "We 18:00-20:00+",
        "toilets": "yes",
        "toilets:access": "yes",
        "wheelchair": "limited",
        "@geometry": "center"
      },
      "geometry": {
        "type": "Point",
        "coordinates": [
          10.6219868,
          44.6827357
        ]
      },
      "id": "way/263510727"
    },
    {
      "type": "Feature",
      "properties": {
        "@id": "way/266871093",
        "amenity": "community_centre",
        "ref:corine_land_cover": "1213",
        "source": "http://dati.emilia-romagna.it/dato/item/11-11-uso-del-suolo-2008.html",
        "@geometry": "center"
      },
      "geometry": {
        "type": "Point",
        "coordinates": [
          11.2986111,
          44.7156064
        ]
      },
      "id": "way/266871093"
    },
    {
      "type": "Feature",
      "properties": {
        "@id": "way/266885438",
        "amenity": "community_centre",
        "operator": "*",
        "ref:corine_land_cover": "1423",
        "source": "http://dati.emilia-romagna.it/dato/item/11-11-uso-del-suolo-2008.html",
        "@geometry": "center"
      },
      "geometry": {
        "type": "Point",
        "coordinates": [
          11.3054037,
          44.6778152
        ]
      },
      "id": "way/266885438"
    },
    {
      "type": "Feature",
      "properties": {
        "@id": "way/267033909",
        "amenity": "social_centre",
        "name": "ARCI Pino Sottano",
        "@geometry": "center"
      },
      "geometry": {
        "type": "Point",
        "coordinates": [
          8.9738846,
          44.4578119
        ]
      },
      "id": "way/267033909"
    },
    {
      "type": "Feature",
      "properties": {
        "@id": "way/267106473",
        "amenity": "nightclub",
        "building": "commercial",
        "name": "Dancing Isolotto",
        "@geometry": "center"
      },
      "geometry": {
        "type": "Point",
        "coordinates": [
          11.5891618,
          46.0271057
        ]
      },
      "id": "way/267106473"
    },
    {
      "type": "Feature",
      "properties": {
        "@id": "way/268131834",
        "amenity": "social_centre",
        "building": "yes",
        "name": "Giulia Prinetti",
        "@geometry": "center"
      },
      "geometry": {
        "type": "Point",
        "coordinates": [
          10.3918793,
          44.1037336
        ]
      },
      "id": "way/268131834"
    },
    {
      "type": "Feature",
      "properties": {
        "@id": "way/268365658",
        "amenity": "social_centre",
        "building": "yes",
        "name": "Circolo Spazio 86",
        "@geometry": "center"
      },
      "geometry": {
        "type": "Point",
        "coordinates": [
          11.3066672,
          43.7610248
        ]
      },
      "id": "way/268365658"
    },
    {
      "type": "Feature",
      "properties": {
        "@id": "way/268776958",
        "building": "yes",
        "smoking": "no",
        "phone": "+39 0332 400125",
        "name": "L'arlecchino",
        "amenity": "nightclub",
        "@geometry": "center"
      },
      "geometry": {
        "type": "Point",
        "coordinates": [
          8.8791019,
          45.774075
        ]
      },
      "id": "way/268776958"
    },
    {
      "type": "Feature",
      "properties": {
        "@id": "way/269649658",
        "amenity": "social_centre",
        "building": "yes",
        "name": "Centro Sociale \"Banchi Nuovi\"",
        "@geometry": "center"
      },
      "geometry": {
        "type": "Point",
        "coordinates": [
          14.2593152,
          40.8493643
        ]
      },
      "id": "way/269649658"
    },
    {
      "type": "Feature",
      "properties": {
        "@id": "way/269734117",
        "amenity": "nightclub",
        "building": "yes",
        "name": "Palladium",
        "@geometry": "center"
      },
      "geometry": {
        "type": "Point",
        "coordinates": [
          8.5003465,
          44.6819582
        ]
      },
      "id": "way/269734117"
    },
    {
      "type": "Feature",
      "properties": {
        "@id": "way/270598691",
        "website": "http://www.centrouniversitariopd.it/",
        "building": "no",
        "addr:city": "Padova",
        "addr:housenumber": "82",
        "addr:postcode": "35121",
        "addr:street": "Via degli Zabarella",
        "amenity": "community_centre",
        "name": "Centro Universitario",
        "note": "Confini approssimativi",
        "phone": "+39 049 8764688",
        "@geometry": "center"
      },
      "geometry": {
        "type": "Point",
        "coordinates": [
          11.8794676,
          45.4081444
        ]
      },
      "id": "way/270598691"
    },
    {
      "type": "Feature",
      "properties": {
        "@id": "way/270895621",
        "name": "CPOA Rialzo",
        "amenity": "social_centre",
        "building": "public",
        "@geometry": "center"
      },
      "geometry": {
        "type": "Point",
        "coordinates": [
          16.2561014,
          39.3014741
        ]
      },
      "id": "way/270895621"
    },
    {
      "type": "Feature",
      "properties": {
        "@id": "way/273567807",
        "amenity": "nightclub",
        "building": "yes",
        "name": "le Terrazze",
        "@geometry": "center"
      },
      "geometry": {
        "type": "Point",
        "coordinates": [
          9.4445468,
          41.1314453
        ]
      },
      "id": "way/273567807"
    },
    {
      "type": "Feature",
      "properties": {
        "@id": "way/274055851",
        "amenity": "community_centre",
        "building": "yes",
        "name": "Teatro Elios",
        "@geometry": "center"
      },
      "geometry": {
        "type": "Point",
        "coordinates": [
          7.7708274,
          44.9498962
        ]
      },
      "id": "way/274055851"
    },
    {
      "type": "Feature",
      "properties": {
        "@id": "way/274055852",
        "amenity": "community_centre",
        "building": "yes",
        "name": "Villa Tana",
        "@geometry": "center"
      },
      "geometry": {
        "type": "Point",
        "coordinates": [
          7.7716478,
          44.9503986
        ]
      },
      "id": "way/274055852"
    },
    {
      "type": "Feature",
      "properties": {
        "@id": "way/274055854",
        "amenity": "community_centre",
        "building": "yes",
        "@geometry": "center"
      },
      "geometry": {
        "type": "Point",
        "coordinates": [
          7.7714404,
          44.9500374
        ]
      },
      "id": "way/274055854"
    },
    {
      "type": "Feature",
      "properties": {
        "@id": "way/274055873",
        "landuse": "recreation_ground",
        "addr:city": "Santena",
        "addr:housenumber": "31",
        "addr:postcode": "10026",
        "addr:street": "Via Vittorio Veneto",
        "amenity": "community_centre",
        "name": "Oratorio San Luigi",
        "@geometry": "center"
      },
      "geometry": {
        "type": "Point",
        "coordinates": [
          7.7706139,
          44.9505769
        ]
      },
      "id": "way/274055873"
    },
    {
      "type": "Feature",
      "properties": {
        "@id": "way/274230121",
        "old_name": "Ex Macello",
        "amenity": "community_centre",
        "building": "yes",
        "name": "La Corte",
        "@geometry": "center"
      },
      "geometry": {
        "type": "Point",
        "coordinates": [
          11.0980015,
          46.2119254
        ]
      },
      "id": "way/274230121"
    },
    {
      "type": "Feature",
      "properties": {
        "@id": "way/274939465",
        "amenity": "community_centre",
        "building": "yes",
        "name": "Centro Polifunzionale Don Milani",
        "@geometry": "center"
      },
      "geometry": {
        "type": "Point",
        "coordinates": [
          9.586379,
          40.2949906
        ]
      },
      "id": "way/274939465"
    },
    {
      "type": "Feature",
      "properties": {
        "@id": "way/276412668",
        "wheelchair": "limited",
        "religion": "christian",
        "website": "http://www.centrosanlorenzo.com",
        "addr:city": "Roma",
        "addr:housenumber": "24",
        "addr:postcode": "00193",
        "addr:street": "Via Padre Pancrazio Pfeiffer",
        "amenity": "community_centre",
        "building": "public",
        "denomination": "roman_catholic",
        "name": "Centro San Lorenzo",
        "opening_hours": "Mo-Fr 11:00-19:00",
        "@geometry": "center"
      },
      "geometry": {
        "type": "Point",
        "coordinates": [
          12.4590492,
          41.9016768
        ]
      },
      "id": "way/276412668"
    },
    {
      "type": "Feature",
      "properties": {
        "@id": "way/276743611",
        "addr:city": "Lentate sul Seveso",
        "addr:housenumber": "12",
        "addr:postcode": "20823",
        "addr:street": "Via Piave",
        "amenity": "community_centre",
        "building": "yes",
        "name": "Oratorio di Camnago",
        "@geometry": "center"
      },
      "geometry": {
        "type": "Point",
        "coordinates": [
          9.1279457,
          45.6692034
        ]
      },
      "id": "way/276743611"
    },
    {
      "type": "Feature",
      "properties": {
        "@id": "way/277186037",
        "amenity": "community_centre",
        "building": "yes",
        "name": "CSL Centro Servizi Lavoro",
        "opening_hours": "Mo 08:30-11:30,15:00-17:00; Tu-Fr 08:30-11:30",
        "operator": "Comune di Cagliari",
        "wheelchair": "yes",
        "@geometry": "center"
      },
      "geometry": {
        "type": "Point",
        "coordinates": [
          9.14027,
          39.1921002
        ]
      },
      "id": "way/277186037"
    },
    {
      "type": "Feature",
      "properties": {
        "@id": "way/277193673",
        "amenity": "nightclub",
        "building": "yes",
        "name": "Villa Stelvio",
        "@geometry": "center"
      },
      "geometry": {
        "type": "Point",
        "coordinates": [
          9.1480999,
          39.208202
        ]
      },
      "id": "way/277193673"
    },
    {
      "type": "Feature",
      "properties": {
        "@id": "way/278454992",
        "amenity": "nightclub",
        "building": "yes",
        "@geometry": "center"
      },
      "geometry": {
        "type": "Point",
        "coordinates": [
          12.3939729,
          42.2811404
        ]
      },
      "id": "way/278454992"
    },
    {
      "type": "Feature",
      "properties": {
        "@id": "way/278591829",
        "addr:city": "Laas - Lasa",
        "addr:city:de": "Laas",
        "addr:city:it": "Lasa",
        "addr:housenumber": "78",
        "addr:postcode": "39023",
        "addr:street": "Vinschgaustraße - Via Venosta",
        "addr:street:de": "Vinschgaustraße",
        "addr:street:it": "Via Venosta",
        "amenity": "nightclub",
        "building": "yes",
        "email": "info@discofix.it",
        "name": "Disco Fix",
        "phone": "+39 342 5151750",
        "source": "bing",
        "website": "http://www.discofix.it/",
        "@geometry": "center"
      },
      "geometry": {
        "type": "Point",
        "coordinates": [
          10.6858509,
          46.6264544
        ]
      },
      "id": "way/278591829"
    },
    {
      "type": "Feature",
      "properties": {
        "@id": "way/278905151",
        "amenity": "community_centre",
        "building": "yes",
        "name": "Poldolandia",
        "operator": "MongiuEvents",
        "source": "Regione Emilia Romagna",
        "@geometry": "center"
      },
      "geometry": {
        "type": "Point",
        "coordinates": [
          11.353176,
          44.5829592
        ]
      },
      "id": "way/278905151"
    },
    {
      "type": "Feature",
      "properties": {
        "@id": "way/279199554",
        "amenity": "community_centre",
        "name": "Foro Boario",
        "building": "yes",
        "@geometry": "center"
      },
      "geometry": {
        "type": "Point",
        "coordinates": [
          8.600182,
          39.9072348
        ]
      },
      "id": "way/279199554"
    },
    {
      "type": "Feature",
      "properties": {
        "@id": "way/279200664",
        "amenity": "community_centre",
        "building": "yes",
        "name": "Centro Sociale Torangius",
        "@geometry": "center"
      },
      "geometry": {
        "type": "Point",
        "coordinates": [
          8.5989444,
          39.9116575
        ]
      },
      "id": "way/279200664"
    },
    {
      "type": "Feature",
      "properties": {
        "@id": "way/279204841",
        "amenity": "community_centre",
        "building": "public",
        "name": "Centro Giovani di Oristano",
        "website": "https://www.facebook.com/spazio.oristano",
        "@geometry": "center"
      },
      "geometry": {
        "type": "Point",
        "coordinates": [
          8.5806541,
          39.9031289
        ]
      },
      "id": "way/279204841"
    },
    {
      "type": "Feature",
      "properties": {
        "@id": "way/279205546",
        "website": "http://www.centroserviziculturali.it/",
        "addr:city": "Oristano",
        "addr:country": "IT",
        "addr:housenumber": "9",
        "addr:postcode": "09170",
        "addr:street": "Via Carpaccio",
        "amenity": "community_centre",
        "building": "yes",
        "name": "Centro servizi culturali UNLA",
        "opening_hours": "Mo-Fr 09:00-13:00,16:00-19:00",
        "@geometry": "center"
      },
      "geometry": {
        "type": "Point",
        "coordinates": [
          8.5838251,
          39.9046869
        ]
      },
      "id": "way/279205546"
    },
    {
      "type": "Feature",
      "properties": {
        "@id": "way/279355123",
        "amenity": "community_centre",
        "building": "yes",
        "name": "Centro Sociale",
        "@geometry": "center"
      },
      "geometry": {
        "type": "Point",
        "coordinates": [
          8.7179415,
          39.5944107
        ]
      },
      "id": "way/279355123"
    },
    {
      "type": "Feature",
      "properties": {
        "@id": "way/279399057",
        "amenity": "social_centre",
        "building": "yes",
        "building:levels": "4",
        "name": "Palazzo Corda-Colonna",
        "@geometry": "center"
      },
      "geometry": {
        "type": "Point",
        "coordinates": [
          9.3309237,
          40.6515105
        ]
      },
      "id": "way/279399057"
    },
    {
      "type": "Feature",
      "properties": {
        "@id": "way/279650683",
        "amenity": "nightclub",
        "building": "yes",
        "name": "Discoteca Impero",
        "@geometry": "center"
      },
      "geometry": {
        "type": "Point",
        "coordinates": [
          14.6994174,
          41.5573193
        ]
      },
      "id": "way/279650683"
    },
    {
      "type": "Feature",
      "properties": {
        "@id": "way/282001110",
        "amenity": "nightclub",
        "name": "Ikebana",
        "@geometry": "center"
      },
      "geometry": {
        "type": "Point",
        "coordinates": [
          10.5542176,
          44.9070551
        ]
      },
      "id": "way/282001110"
    },
    {
      "type": "Feature",
      "properties": {
        "@id": "way/282603225",
        "amenity": "community_centre",
        "building": "yes",
        "name": "Centro sociale",
        "@geometry": "center"
      },
      "geometry": {
        "type": "Point",
        "coordinates": [
          8.7919189,
          39.5557611
        ]
      },
      "id": "way/282603225"
    },
    {
      "type": "Feature",
      "properties": {
        "@id": "way/282709565",
        "amenity": "community_centre",
        "addr:city": "Thiene",
        "addr:housenumber": "35",
        "addr:postcode": "36016",
        "addr:street": "Via Carlo Del Prete",
        "building": "yes",
        "name": "Auditorium \"Fonato\"",
        "phone": "+39 0445 804745",
        "wheelchair": "yes",
        "@geometry": "center"
      },
      "geometry": {
        "type": "Point",
        "coordinates": [
          11.4769032,
          45.7034808
        ]
      },
      "id": "way/282709565"
    },
    {
      "type": "Feature",
      "properties": {
        "@id": "way/282750759",
        "amenity": "nightclub",
        "building": "yes",
        "name": "MamboKing",
        "@geometry": "center"
      },
      "geometry": {
        "type": "Point",
        "coordinates": [
          13.6509479,
          42.6530623
        ]
      },
      "id": "way/282750759"
    },
    {
      "type": "Feature",
      "properties": {
        "@id": "way/282996004",
        "addr:street": "Via del Marginone",
        "amenity": "community_centre",
        "name": "Centro Giovani",
        "@geometry": "center"
      },
      "geometry": {
        "type": "Point",
        "coordinates": [
          10.5579525,
          43.8364994
        ]
      },
      "id": "way/282996004"
    },
    {
      "type": "Feature",
      "properties": {
        "@id": "way/283222714",
        "amenity": "community_centre",
        "building": "yes",
        "community_centre": "parish_hall",
        "denomination": "catholic",
        "name": "Oratorio di Marmentino Paolo VI",
        "religion": "christian",
        "@geometry": "center"
      },
      "geometry": {
        "type": "Point",
        "coordinates": [
          10.2927332,
          45.7528949
        ]
      },
      "id": "way/283222714"
    },
    {
      "type": "Feature",
      "properties": {
        "@id": "way/283261449",
        "amenity": "community_centre",
        "building": "yes",
        "name": "Centro Polivalente della Comunità Montana di Valle Trompia",
        "@geometry": "center"
      },
      "geometry": {
        "type": "Point",
        "coordinates": [
          10.2438433,
          45.7567918
        ]
      },
      "id": "way/283261449"
    },
    {
      "type": "Feature",
      "properties": {
        "@id": "way/283638302",
        "addr:city": "Posina",
        "addr:housenumber": "1",
        "addr:postcode": "36010",
        "addr:street": "Contrà Cavrin",
        "amenity": "community_centre",
        "denomination": "roman_catholic",
        "name": "Colonia \"S. Antonio\" Frati Cappuccini",
        "note": "Colonia spirituale",
        "operator": "Frati Cappuccini",
        "operator:type": "religious",
        "religion": "christian",
        "website": "http://www.fraticappuccini.it/new_site/",
        "@geometry": "center"
      },
      "geometry": {
        "type": "Point",
        "coordinates": [
          11.2646039,
          45.792723
        ]
      },
      "id": "way/283638302"
    },
    {
      "type": "Feature",
      "properties": {
        "@id": "way/283873152",
        "amenity": "nightclub",
        "website": "http://www.discotecadiomede.it/",
        "wheelchair": "yes",
        "@geometry": "center"
      },
      "geometry": {
        "type": "Point",
        "coordinates": [
          15.4905311,
          42.1147553
        ]
      },
      "id": "way/283873152"
    },
    {
      "type": "Feature",
      "properties": {
        "@id": "way/284911713",
        "amenity": "community_centre",
        "building": "yes",
        "name": "Incubatore Sociale",
        "@geometry": "center"
      },
      "geometry": {
        "type": "Point",
        "coordinates": [
          14.6605623,
          41.5539813
        ]
      },
      "id": "way/284911713"
    },
    {
      "type": "Feature",
      "properties": {
        "@id": "way/285026399",
        "amenity": "community_centre",
        "name": "Centro anziani",
        "building": "yes",
        "@geometry": "center"
      },
      "geometry": {
        "type": "Point",
        "coordinates": [
          9.7903896,
          45.5375774
        ]
      },
      "id": "way/285026399"
    },
    {
      "type": "Feature",
      "properties": {
        "@id": "way/286428800",
        "amenity": "community_centre",
        "building": "residential",
        "name": "Sala Civica di Molina",
        "operator": "Comune di Mandello del Lario",
        "wheelchair": "limited",
        "@geometry": "center"
      },
      "geometry": {
        "type": "Point",
        "coordinates": [
          9.3222143,
          45.9216016
        ]
      },
      "id": "way/286428800"
    },
    {
      "type": "Feature",
      "properties": {
        "@id": "way/286759193",
        "amenity": "community_centre",
        "building": "yes",
        "name": "Oratorio Femminile San Lorenzo",
        "opening_hours:signed": "no",
        "operator": "Parrocchia San Lorenzo",
        "wheelchair": "yes",
        "@geometry": "center"
      },
      "geometry": {
        "type": "Point",
        "coordinates": [
          9.3180589,
          45.9128333
        ]
      },
      "id": "way/286759193"
    },
    {
      "type": "Feature",
      "properties": {
        "@id": "way/287317045",
        "name": "Salone Plurioso di Agliè",
        "amenity": "community_centre",
        "building": "yes",
        "@geometry": "center"
      },
      "geometry": {
        "type": "Point",
        "coordinates": [
          7.765899,
          45.3679484
        ]
      },
      "id": "way/287317045"
    },
    {
      "type": "Feature",
      "properties": {
        "@id": "way/288063696",
        "amenity": "community_centre",
        "building": "yes",
        "building:levels": "1",
        "name": "Centro di aggregazione multifunzionale Pecetta",
        "@geometry": "center"
      },
      "geometry": {
        "type": "Point",
        "coordinates": [
          9.1612046,
          45.4951321
        ]
      },
      "id": "way/288063696"
    },
    {
      "type": "Feature",
      "properties": {
        "@id": "way/288125510",
        "amenity": "community_centre",
        "building": "yes",
        "name": "Salone Polifunzionale di Bessolo",
        "@geometry": "center"
      },
      "geometry": {
        "type": "Point",
        "coordinates": [
          7.8408217,
          45.3634607
        ]
      },
      "id": "way/288125510"
    },
    {
      "type": "Feature",
      "properties": {
        "@id": "way/288619589",
        "alt_name": "Salone Pluriuso di Cascine di Romano",
        "amenity": "community_centre",
        "building": "civic",
        "loc_name": "Mulino di Cascine di Romano",
        "name": "Sala Polifunzionale di Cascine di Romano",
        "@geometry": "center"
      },
      "geometry": {
        "type": "Point",
        "coordinates": [
          7.8673981,
          45.3989727
        ]
      },
      "id": "way/288619589"
    },
    {
      "type": "Feature",
      "properties": {
        "@id": "way/288789250",
        "amenity": "community_centre",
        "building": "yes",
        "name": "Oratorio",
        "wheelchair": "yes",
        "@geometry": "center"
      },
      "geometry": {
        "type": "Point",
        "coordinates": [
          7.5175482,
          45.0699949
        ]
      },
      "id": "way/288789250"
    },
    {
      "type": "Feature",
      "properties": {
        "@id": "way/289084501",
        "amenity": "nightclub",
        "building": "yes",
        "name": "Pelledoca",
        "website": "https://www.pelledoca.org/",
        "@geometry": "center"
      },
      "geometry": {
        "type": "Point",
        "coordinates": [
          9.2675382,
          45.462079
        ]
      },
      "id": "way/289084501"
    },
    {
      "type": "Feature",
      "properties": {
        "@id": "way/289549308",
        "opening_hours:covid19": "off",
        "wheelchair": "yes",
        "religion": "christian",
        "name": "Oratorio",
        "amenity": "community_centre",
        "@geometry": "center"
      },
      "geometry": {
        "type": "Point",
        "coordinates": [
          9.6771063,
          45.5132103
        ]
      },
      "id": "way/289549308"
    },
    {
      "type": "Feature",
      "properties": {
        "@id": "way/290457734",
        "amenity": "community_centre",
        "name": "Spazio Polivalente",
        "@geometry": "center"
      },
      "geometry": {
        "type": "Point",
        "coordinates": [
          11.1258027,
          44.0578158
        ]
      },
      "id": "way/290457734"
    },
    {
      "type": "Feature",
      "properties": {
        "@id": "way/290517151",
        "amenity": "community_centre",
        "name": "Oratorio Millepini",
        "@geometry": "center"
      },
      "geometry": {
        "type": "Point",
        "coordinates": [
          9.3384449,
          45.4675194
        ]
      },
      "id": "way/290517151"
    },
    {
      "type": "Feature",
      "properties": {
        "@id": "way/290539187",
        "amenity": "community_centre",
        "building": "yes",
        "layer": "1",
        "@geometry": "center"
      },
      "geometry": {
        "type": "Point",
        "coordinates": [
          15.8040134,
          38.2884055
        ]
      },
      "id": "way/290539187"
    },
    {
      "type": "Feature",
      "properties": {
        "@id": "way/290557954",
        "amenity": "community_centre",
        "barrier": "wall",
        "name": "Villafranca Giovane",
        "@geometry": "center"
      },
      "geometry": {
        "type": "Point",
        "coordinates": [
          15.4343666,
          38.2386448
        ]
      },
      "id": "way/290557954"
    },
    {
      "type": "Feature",
      "properties": {
        "@id": "way/290765709",
        "amenity": "community_centre",
        "building": "civic",
        "name": "Salone Pluriuso Falconieri",
        "@geometry": "center"
      },
      "geometry": {
        "type": "Point",
        "coordinates": [
          7.7931201,
          45.3334093
        ]
      },
      "id": "way/290765709"
    },
    {
      "type": "Feature",
      "properties": {
        "@id": "way/291626694",
        "addr:city": "Setzu",
        "addr:housenumber": "8",
        "addr:postcode": "09029",
        "addr:street": "Via Chiesa",
        "amenity": "community_centre",
        "building": "yes",
        "building:levels": "1",
        "name": "Centro di aggregazione sociale",
        "@geometry": "center"
      },
      "geometry": {
        "type": "Point",
        "coordinates": [
          8.9398948,
          39.7238709
        ]
      },
      "id": "way/291626694"
    },
    {
      "type": "Feature",
      "properties": {
        "@id": "way/291626972",
        "addr:city": "Setzu",
        "addr:postcode": "09029",
        "addr:street": "Via Chiesa",
        "amenity": "community_centre",
        "building": "yes",
        "building:levels": "1",
        "name": "salone parrocchiale",
        "@geometry": "center"
      },
      "geometry": {
        "type": "Point",
        "coordinates": [
          8.9403201,
          39.7241143
        ]
      },
      "id": "way/291626972"
    },
    {
      "type": "Feature",
      "properties": {
        "@id": "way/292213644",
        "amenity": "community_centre",
        "name": "Oratorio di Lucino",
        "religion": "christian",
        "@geometry": "center"
      },
      "geometry": {
        "type": "Point",
        "coordinates": [
          9.358444,
          45.4738851
        ]
      },
      "id": "way/292213644"
    },
    {
      "type": "Feature",
      "properties": {
        "@id": "way/292453407",
        "amenity": "nightclub",
        "building": "yes",
        "name": "Koko Beach",
        "@geometry": "center"
      },
      "geometry": {
        "type": "Point",
        "coordinates": [
          8.0499171,
          43.8874052
        ]
      },
      "id": "way/292453407"
    },
    {
      "type": "Feature",
      "properties": {
        "@id": "way/292791275",
        "addr:city": "Esino Lario",
        "addr:postcode": "23825",
        "addr:street": "Piazza Ingegner Pietro Pensa",
        "amenity": "community_centre",
        "building": "yes",
        "layer": "0",
        "name": "Spazio collaborativo",
        "name:en": "Collaborative space",
        "note": "L'edificio è esattamente sotto il parcheggio ed è a sua volta su due livelli.",
        "operator": "Comune di Esino Lario",
        "wheelchair": "no",
        "wheelchair:description": "Scale",
        "@geometry": "center"
      },
      "geometry": {
        "type": "Point",
        "coordinates": [
          9.3327309,
          45.9940957
        ]
      },
      "id": "way/292791275"
    },
    {
      "type": "Feature",
      "properties": {
        "@id": "way/293093748",
        "addr:city": "Mappano",
        "addr:postcode": "10072",
        "addr:street": "Piazza Giovanni Paolo II",
        "amenity": "community_centre",
        "building": "roof",
        "opening_hours": "PH,Mo-Su 00:00-23:59",
        "name": "Tensostruttura Beato Giovanni Paolo II",
        "@geometry": "center"
      },
      "geometry": {
        "type": "Point",
        "coordinates": [
          7.7013694,
          45.1488107
        ]
      },
      "id": "way/293093748"
    },
    {
      "type": "Feature",
      "properties": {
        "@id": "way/293226383",
        "addr:city": "Grottazzolina",
        "addr:postcode": "63844",
        "addr:street": "Strada Fonte Rotta",
        "amenity": "nightclub",
        "building": "yes",
        "name": "Dancing \"John Lennon\"",
        "@geometry": "center"
      },
      "geometry": {
        "type": "Point",
        "coordinates": [
          13.6021786,
          43.1124269
        ]
      },
      "id": "way/293226383"
    },
    {
      "type": "Feature",
      "properties": {
        "@id": "way/294099204",
        "amenity": "community_centre",
        "building": "public",
        "name": "Centro Sociale",
        "@geometry": "center"
      },
      "geometry": {
        "type": "Point",
        "coordinates": [
          8.856988,
          40.1690917
        ]
      },
      "id": "way/294099204"
    },
    {
      "type": "Feature",
      "properties": {
        "@id": "way/294099300",
        "name": "Sa Prima Ighina",
        "building": "public",
        "amenity": "community_centre",
        "@geometry": "center"
      },
      "geometry": {
        "type": "Point",
        "coordinates": [
          8.9206971,
          40.1757029
        ]
      },
      "id": "way/294099300"
    },
    {
      "type": "Feature",
      "properties": {
        "@id": "way/294279357",
        "addr:city": "Samassi",
        "addr:housenumber": "8",
        "addr:postcode": "09030",
        "addr:street": "Via Guglielmo Marconi",
        "amenity": "nightclub",
        "building": "yes",
        "name": "Biggest",
        "@geometry": "center"
      },
      "geometry": {
        "type": "Point",
        "coordinates": [
          8.8970353,
          39.482515
        ]
      },
      "id": "way/294279357"
    },
    {
      "type": "Feature",
      "properties": {
        "@id": "way/294406722",
        "amenity": "community_centre",
        "building": "yes",
        "community_centre": "parish_hall",
        "denomination": "catholic",
        "name": "Oratorio Arcobaleno",
        "religion": "christian",
        "@geometry": "center"
      },
      "geometry": {
        "type": "Point",
        "coordinates": [
          10.2067257,
          45.9469121
        ]
      },
      "id": "way/294406722"
    },
    {
      "type": "Feature",
      "properties": {
        "@id": "way/295058512",
        "name": "Oratorio Femminile",
        "amenity": "community_centre",
        "building": "public",
        "building:levels": "3",
        "@geometry": "center"
      },
      "geometry": {
        "type": "Point",
        "coordinates": [
          9.3004871,
          45.602351
        ]
      },
      "id": "way/295058512"
    },
    {
      "type": "Feature",
      "properties": {
        "@id": "way/295428109",
        "amenity": "nightclub",
        "building": "yes",
        "@geometry": "center"
      },
      "geometry": {
        "type": "Point",
        "coordinates": [
          10.5245582,
          45.4379399
        ]
      },
      "id": "way/295428109"
    },
    {
      "type": "Feature",
      "properties": {
        "@id": "way/295519156",
        "amenity": "community_centre",
        "building": "yes",
        "@geometry": "center"
      },
      "geometry": {
        "type": "Point",
        "coordinates": [
          8.5757298,
          40.0475211
        ]
      },
      "id": "way/295519156"
    },
    {
      "type": "Feature",
      "properties": {
        "@id": "way/296016126",
        "amenity": "community_centre",
        "community_centre": "events_venue",
        "name": "Casello Idraulico",
        "operator": "Comune di Follonica",
        "@geometry": "center"
      },
      "geometry": {
        "type": "Point",
        "coordinates": [
          10.7578822,
          42.9220991
        ]
      },
      "id": "way/296016126"
    },
    {
      "type": "Feature",
      "properties": {
        "@id": "way/296378580",
        "amenity": "nightclub",
        "building": "yes",
        "name": "Club",
        "@geometry": "center"
      },
      "geometry": {
        "type": "Point",
        "coordinates": [
          8.929578,
          38.9375783
        ]
      },
      "id": "way/296378580"
    },
    {
      "type": "Feature",
      "properties": {
        "@id": "way/296584454",
        "amenity": "community_centre",
        "building": "yes",
        "name": "Centro polivalente",
        "@geometry": "center"
      },
      "geometry": {
        "type": "Point",
        "coordinates": [
          9.1738781,
          40.0250042
        ]
      },
      "id": "way/296584454"
    },
    {
      "type": "Feature",
      "properties": {
        "@id": "way/296792191",
        "addr:city": "Orani",
        "addr:housenumber": "176",
        "addr:postcode": "08026",
        "addr:street": "Corso Italia",
        "amenity": "community_centre",
        "building": "yes",
        "layer": "1",
        "name": "Locale Polifunzionale \"Ex Valchisone\"",
        "@geometry": "center"
      },
      "geometry": {
        "type": "Point",
        "coordinates": [
          9.1848857,
          40.2572237
        ]
      },
      "id": "way/296792191"
    },
    {
      "type": "Feature",
      "properties": {
        "@id": "way/296878920",
        "alt_name": "Chiesa di San Michele in Cipriano",
        "amenity": "community_centre",
        "building": "church",
        "name": "San Micheletto",
        "religion": "christian",
        "wikidata": "Q3671374",
        "wikipedia": "it:Chiesa di San Micheletto",
        "@geometry": "center"
      },
      "geometry": {
        "type": "Point",
        "coordinates": [
          10.5109492,
          43.8425927
        ]
      },
      "id": "way/296878920"
    },
    {
      "type": "Feature",
      "properties": {
        "@id": "way/297193992",
        "amenity": "nightclub",
        "building": "yes",
        "building:levels": "1",
        "name": "Womb",
        "@geometry": "center"
      },
      "geometry": {
        "type": "Point",
        "coordinates": [
          18.1827557,
          40.329356
        ]
      },
      "id": "way/297193992"
    },
    {
      "type": "Feature",
      "properties": {
        "@id": "way/297433146",
        "amenity": "community_centre",
        "building": "yes",
        "name": "Casa Enna",
        "@geometry": "center"
      },
      "geometry": {
        "type": "Point",
        "coordinates": [
          8.6489654,
          40.0046732
        ]
      },
      "id": "way/297433146"
    },
    {
      "type": "Feature",
      "properties": {
        "@id": "way/297506845",
        "phone": "+39 0586 49 10 60",
        "addr:city": "Quercianella",
        "addr:housenumber": "68",
        "addr:postcode": "57128",
        "addr:street": "Via Mario Puccini",
        "amenity": "community_centre",
        "building": "residential",
        "denomination": "catholic",
        "email": "casasgiuseppe@gmail.com",
        "name": "Casa San Giuseppe - Villa Maris Stella",
        "opening_hours:signed": "no",
        "religion": "christian",
        "website": "http://www.casasangiuseppe.net/",
        "@geometry": "center"
      },
      "geometry": {
        "type": "Point",
        "coordinates": [
          10.3707799,
          43.4559512
        ]
      },
      "id": "way/297506845"
    },
    {
      "type": "Feature",
      "properties": {
        "@id": "way/297723519",
        "amenity": "community_centre",
        "building": "yes",
        "community_centre": "parish_hall",
        "name": "Oratorio Padri Canossiani",
        "@geometry": "center"
      },
      "geometry": {
        "type": "Point",
        "coordinates": [
          11.1100991,
          46.138552
        ]
      },
      "id": "way/297723519"
    },
    {
      "type": "Feature",
      "properties": {
        "@id": "way/298364211",
        "amenity": "community_centre",
        "community_centre": "parish_hall",
        "denomination": "catholic",
        "name": "Oratorio San Giovanni Bosco",
        "religion": "christian",
        "building": "yes",
        "@geometry": "center"
      },
      "geometry": {
        "type": "Point",
        "coordinates": [
          9.4443735,
          45.7855196
        ]
      },
      "id": "way/298364211"
    },
    {
      "type": "Feature",
      "properties": {
        "@id": "way/299721868",
        "amenity": "community_centre",
        "building": "yes",
        "name": "Centro \"You and Me\"",
        "wheelchair": "yes",
        "@geometry": "center"
      },
      "geometry": {
        "type": "Point",
        "coordinates": [
          18.1712684,
          40.3599252
        ]
      },
      "id": "way/299721868"
    },
    {
      "type": "Feature",
      "properties": {
        "@id": "way/299872505",
        "amenity": "community_centre",
        "community_centre": "parish_hall",
        "denomination": "catholic",
        "name": "Oratorio San Giuseppe",
        "religion": "christian",
        "@geometry": "center"
      },
      "geometry": {
        "type": "Point",
        "coordinates": [
          9.2658067,
          45.6491913
        ]
      },
      "id": "way/299872505"
    },
    {
      "type": "Feature",
      "properties": {
        "@id": "way/301162897",
        "amenity": "community_centre",
        "building": "yes",
        "name": "Salone Polivalente",
        "@geometry": "center"
      },
      "geometry": {
        "type": "Point",
        "coordinates": [
          7.0682342,
          45.1203977
        ]
      },
      "id": "way/301162897"
    },
    {
      "type": "Feature",
      "properties": {
        "@id": "way/301718554",
        "amenity": "community_centre",
        "building": "yes",
        "name": "Centro Sociale",
        "@geometry": "center"
      },
      "geometry": {
        "type": "Point",
        "coordinates": [
          9.1812499,
          39.3479698
        ]
      },
      "id": "way/301718554"
    },
    {
      "type": "Feature",
      "properties": {
        "@id": "way/302444794",
        "amenity": "nightclub",
        "building": "yes",
        "name": "Discoteca Don Carlos",
        "@geometry": "center"
      },
      "geometry": {
        "type": "Point",
        "coordinates": [
          10.717797,
          43.8429013
        ]
      },
      "id": "way/302444794"
    },
    {
      "type": "Feature",
      "properties": {
        "@id": "way/302713141",
        "website": "http://www.borderlineclubpisa.it/",
        "addr:city": "Pisa",
        "addr:housenumber": "7",
        "addr:postcode": "56127",
        "addr:street": "Via Giuseppe Vernaccini",
        "amenity": "nightclub",
        "building": "yes",
        "name": "Borderline Club",
        "outdoor_seating": "no",
        "smoking": "isolated",
        "@geometry": "center"
      },
      "geometry": {
        "type": "Point",
        "coordinates": [
          10.4047767,
          43.7175508
        ]
      },
      "id": "way/302713141"
    },
    {
      "type": "Feature",
      "properties": {
        "@id": "way/302827883",
        "amenity": "community_centre",
        "building": "yes",
        "name": "Casa delle associazioni isolane - Ex-chiesa San Giacomo",
        "@geometry": "center"
      },
      "geometry": {
        "type": "Point",
        "coordinates": [
          14.0222773,
          40.7601272
        ]
      },
      "id": "way/302827883"
    },
    {
      "type": "Feature",
      "properties": {
        "@id": "way/303060484",
        "name": "Oratorio San Giovanni Bosco",
        "addr:city": "Villasanta",
        "addr:country": "IT",
        "addr:housenumber": "6",
        "addr:postcode": "20852",
        "addr:street": "Via Ambrogio Villa",
        "amenity": "community_centre",
        "building": "parish",
        "@geometry": "center"
      },
      "geometry": {
        "type": "Point",
        "coordinates": [
          9.302894,
          45.6035633
        ]
      },
      "id": "way/303060484"
    },
    {
      "type": "Feature",
      "properties": {
        "@id": "way/303537115",
        "amenity": "community_centre",
        "building": "yes",
        "@geometry": "center"
      },
      "geometry": {
        "type": "Point",
        "coordinates": [
          11.5561707,
          46.0811797
        ]
      },
      "id": "way/303537115"
    },
    {
      "type": "Feature",
      "properties": {
        "@id": "way/303917336",
        "amenity": "social_centre",
        "building": "house",
        "name": "Circolo Fenalc",
        "operator": "Fenalc",
        "@geometry": "center"
      },
      "geometry": {
        "type": "Point",
        "coordinates": [
          12.849354,
          43.2646108
        ]
      },
      "id": "way/303917336"
    },
    {
      "type": "Feature",
      "properties": {
        "@id": "way/304087056",
        "amenity": "community_centre",
        "building": "yes",
        "name": "Centro Polivalente Vincenzo Migaleddu",
        "name:it": "Centro Polivalente Vincenzo Migaleddu",
        "name:sc": "Tzentru Polivalente Vissente Migaleddu",
        "@geometry": "center"
      },
      "geometry": {
        "type": "Point",
        "coordinates": [
          8.8130108,
          40.7795168
        ]
      },
      "id": "way/304087056"
    },
    {
      "type": "Feature",
      "properties": {
        "@id": "way/304194006",
        "name": "Oratorio San Luigi",
        "amenity": "community_centre",
        "building": "yes",
        "community_centre:for": "juvenile",
        "@geometry": "center"
      },
      "geometry": {
        "type": "Point",
        "coordinates": [
          8.5477045,
          45.756108
        ]
      },
      "id": "way/304194006"
    },
    {
      "type": "Feature",
      "properties": {
        "@id": "way/304571849",
        "building": "yes",
        "amenity": "community_centre",
        "name": "Centro Anziani",
        "community_centre": "senior_centre",
        "@geometry": "center"
      },
      "geometry": {
        "type": "Point",
        "coordinates": [
          12.5680918,
          41.8834691
        ]
      },
      "id": "way/304571849"
    },
    {
      "type": "Feature",
      "properties": {
        "@id": "way/304664732",
        "amenity": "nightclub",
        "building": "yes",
        "name": "Mitho",
        "@geometry": "center"
      },
      "geometry": {
        "type": "Point",
        "coordinates": [
          7.6146395,
          44.9352011
        ]
      },
      "id": "way/304664732"
    },
    {
      "type": "Feature",
      "properties": {
        "@id": "way/304803480",
        "amenity": "community_centre",
        "denomination": "catholic",
        "name": "Oratorio San Giuseppe",
        "name:etymology:wikidata": "Q128267",
        "religion": "christian",
        "@geometry": "center"
      },
      "geometry": {
        "type": "Point",
        "coordinates": [
          8.8425515,
          45.6236813
        ]
      },
      "id": "way/304803480"
    },
    {
      "type": "Feature",
      "properties": {
        "@id": "way/304980160",
        "amenity": "community_centre",
        "building": "yes",
        "name": "Centro anziani Ain Karim",
        "@geometry": "center"
      },
      "geometry": {
        "type": "Point",
        "coordinates": [
          15.0098911,
          37.2526967
        ]
      },
      "id": "way/304980160"
    },
    {
      "type": "Feature",
      "properties": {
        "@id": "way/305030831",
        "amenity": "nightclub",
        "building": "yes",
        "name": "K-Klass",
        "@geometry": "center"
      },
      "geometry": {
        "type": "Point",
        "coordinates": [
          9.1478897,
          45.7955721
        ]
      },
      "id": "way/305030831"
    },
    {
      "type": "Feature",
      "properties": {
        "@id": "way/305246766",
        "amenity": "community_centre",
        "name": "Centro Diurno per Anziani",
        "@geometry": "center"
      },
      "geometry": {
        "type": "Point",
        "coordinates": [
          8.8920425,
          45.6626108
        ]
      },
      "id": "way/305246766"
    },
    {
      "type": "Feature",
      "properties": {
        "@id": "way/305318384",
        "community_centre": "social_centre",
        "amenity": "community_centre",
        "building": "yes",
        "@geometry": "center"
      },
      "geometry": {
        "type": "Point",
        "coordinates": [
          12.5666736,
          41.8789682
        ]
      },
      "id": "way/305318384"
    },
    {
      "type": "Feature",
      "properties": {
        "@id": "way/305351125",
        "amenity": "community_centre",
        "building": "yes",
        "name": "Centro Sociale",
        "@geometry": "center"
      },
      "geometry": {
        "type": "Point",
        "coordinates": [
          8.6363258,
          39.9498672
        ]
      },
      "id": "way/305351125"
    },
    {
      "type": "Feature",
      "properties": {
        "@id": "way/305427176",
        "alt_name": "Società S. Paolo;Centro Culturale S. Paolo",
        "amenity": "social_centre",
        "name": "Società San Paolo",
        "phone": "+39 0444 922737",
        "@geometry": "center"
      },
      "geometry": {
        "type": "Point",
        "coordinates": [
          11.5336504,
          45.558987
        ]
      },
      "id": "way/305427176"
    },
    {
      "type": "Feature",
      "properties": {
        "@id": "way/305921361",
        "amenity": "community_centre",
        "building": "yes",
        "name": "Casa di Quartiere \"La Meglio Gioventù\"",
        "website": "http://www.coopquadrifoglio.net/it/casa_di_quartiere_la_meglio_gioventu.html",
        "@geometry": "center"
      },
      "geometry": {
        "type": "Point",
        "coordinates": [
          12.0458667,
          42.8753767
        ]
      },
      "id": "way/305921361"
    },
    {
      "type": "Feature",
      "properties": {
        "@id": "way/305921383",
        "amenity": "community_centre",
        "building": "yes",
        "name": "Sala Polivalente",
        "@geometry": "center"
      },
      "geometry": {
        "type": "Point",
        "coordinates": [
          12.0438223,
          42.8743992
        ]
      },
      "id": "way/305921383"
    },
    {
      "type": "Feature",
      "properties": {
        "@id": "way/306003309",
        "amenity": "community_centre",
        "name": "Oratorio Giovanile Parrocchiale San Giovanni Bosco",
        "@geometry": "center"
      },
      "geometry": {
        "type": "Point",
        "coordinates": [
          9.5548594,
          45.4436166
        ]
      },
      "id": "way/306003309"
    },
    {
      "type": "Feature",
      "properties": {
        "@id": "way/306035155",
        "amenity": "nightclub",
        "building": "yes",
        "@geometry": "center"
      },
      "geometry": {
        "type": "Point",
        "coordinates": [
          10.4472347,
          43.8509543
        ]
      },
      "id": "way/306035155"
    },
    {
      "type": "Feature",
      "properties": {
        "@id": "way/306212337",
        "website": "http://www.filatoio.com/",
        "amenity": "community_centre",
        "building": "yes",
        "community_centre:for": "multigeneration",
        "name": "Filatoio",
        "source": "Regione Emilia Romagna",
        "@geometry": "center"
      },
      "geometry": {
        "type": "Point",
        "coordinates": [
          10.9347803,
          44.6530134
        ]
      },
      "id": "way/306212337"
    },
    {
      "type": "Feature",
      "properties": {
        "@id": "way/306442516",
        "addr:city": "San Maurizio Canavese",
        "addr:housenumber": "2",
        "addr:place": "Piazza degli Alpini",
        "addr:postcode": "10077",
        "amenity": "social_centre",
        "name": "Sede Società Filarmonica La Novella",
        "building": "yes",
        "building:levels": "1",
        "@geometry": "center"
      },
      "geometry": {
        "type": "Point",
        "coordinates": [
          7.6294439,
          45.2130485
        ]
      },
      "id": "way/306442516"
    },
    {
      "type": "Feature",
      "properties": {
        "@id": "way/308574883",
        "amenity": "nightclub",
        "building": "yes",
        "name": "Cycle Club",
        "website": "http://www.cycleclub.it/",
        "@geometry": "center"
      },
      "geometry": {
        "type": "Point",
        "coordinates": [
          11.172586,
          43.8626771
        ]
      },
      "id": "way/308574883"
    },
    {
      "type": "Feature",
      "properties": {
        "@id": "way/308802035",
        "amenity": "community_centre",
        "building": "yes",
        "community_centre": "parish_hall",
        "denomination": "catholic",
        "name": "Oratorio San Colombano",
        "religion": "christian",
        "@geometry": "center"
      },
      "geometry": {
        "type": "Point",
        "coordinates": [
          10.3664874,
          45.8098516
        ]
      },
      "id": "way/308802035"
    },
    {
      "type": "Feature",
      "properties": {
        "@id": "way/309831635",
        "amenity": "community_centre",
        "leisure": "common",
        "@geometry": "center"
      },
      "geometry": {
        "type": "Point",
        "coordinates": [
          7.9830042,
          44.4518245
        ]
      },
      "id": "way/309831635"
    },
    {
      "type": "Feature",
      "properties": {
        "@id": "way/310774378",
        "amenity": "nightclub",
        "building": "yes",
        "contact:facebook": "https://www.facebook.com/pages/The-New-KING-Terracina/271655049554831",
        "name": "The New King",
        "@geometry": "center"
      },
      "geometry": {
        "type": "Point",
        "coordinates": [
          13.2005047,
          41.2868895
        ]
      },
      "id": "way/310774378"
    },
    {
      "type": "Feature",
      "properties": {
        "@id": "way/310886574",
        "name": "Oratorio San Giorgio",
        "amenity": "community_centre",
        "building": "yes",
        "community_centre:for": "juvenile",
        "@geometry": "center"
      },
      "geometry": {
        "type": "Point",
        "coordinates": [
          8.54819,
          45.7486132
        ]
      },
      "id": "way/310886574"
    },
    {
      "type": "Feature",
      "properties": {
        "@id": "way/310962005",
        "amenity": "community_centre",
        "building": "yes",
        "@geometry": "center"
      },
      "geometry": {
        "type": "Point",
        "coordinates": [
          9.3217121,
          45.1599796
        ]
      },
      "id": "way/310962005"
    },
    {
      "type": "Feature",
      "properties": {
        "@id": "way/311315965",
        "amenity": "nightclub",
        "building": "industrial",
        "name": "Art Club",
        "@geometry": "center"
      },
      "geometry": {
        "type": "Point",
        "coordinates": [
          10.5149775,
          45.449016
        ]
      },
      "id": "way/311315965"
    },
    {
      "type": "Feature",
      "properties": {
        "@id": "way/311334553",
        "amenity": "community_centre",
        "name": "Centro Turistico e per il Tempo Libero \"Po\"",
        "@geometry": "center"
      },
      "geometry": {
        "type": "Point",
        "coordinates": [
          9.3493087,
          45.1068835
        ]
      },
      "id": "way/311334553"
    },
    {
      "type": "Feature",
      "properties": {
        "@id": "way/311519287",
        "addr:city": "Ranica",
        "addr:housenumber": "17",
        "addr:postcode": "24020",
        "addr:street": "Via Antonio Locatelli",
        "amenity": "nightclub",
        "building": "yes",
        "name": "Druso",
        "@geometry": "center"
      },
      "geometry": {
        "type": "Point",
        "coordinates": [
          9.7226213,
          45.7126507
        ]
      },
      "id": "way/311519287"
    },
    {
      "type": "Feature",
      "properties": {
        "@id": "way/311565186",
        "amenity": "nightclub",
        "name": "Discoteca Mamamia",
        "@geometry": "center"
      },
      "geometry": {
        "type": "Point",
        "coordinates": [
          13.1698284,
          43.7398546
        ]
      },
      "id": "way/311565186"
    },
    {
      "type": "Feature",
      "properties": {
        "@id": "way/311769348",
        "amenity": "social_centre",
        "building": "yes",
        "club": "hunting",
        "name": "Sede Riserva di caccia di Gemona",
        "@geometry": "center"
      },
      "geometry": {
        "type": "Point",
        "coordinates": [
          13.1403504,
          46.2905334
        ]
      },
      "id": "way/311769348"
    },
    {
      "type": "Feature",
      "properties": {
        "@id": "way/311838916",
        "amenity": "community_centre",
        "building": "yes",
        "building:levels": "3",
        "name": "Oratorio S.Luigi - G.S.G. Lecco",
        "@geometry": "center"
      },
      "geometry": {
        "type": "Point",
        "coordinates": [
          9.3884584,
          45.856985
        ]
      },
      "id": "way/311838916"
    },
    {
      "type": "Feature",
      "properties": {
        "@id": "way/311843388",
        "amenity": "community_centre",
        "building": "public",
        "name": "Oratorio di Acquate",
        "@geometry": "center"
      },
      "geometry": {
        "type": "Point",
        "coordinates": [
          9.4082896,
          45.8608761
        ]
      },
      "id": "way/311843388"
    },
    {
      "type": "Feature",
      "properties": {
        "@id": "way/311891120",
        "website": "http://www.donguanellalecco.it/",
        "addr:city": "Lecco",
        "addr:country": "IT",
        "addr:housenumber": "57",
        "addr:postcode": "23900",
        "addr:street": "Via Giovanni Amendola",
        "amenity": "community_centre",
        "building": "public",
        "name": "Istituto Casa Don Guanella",
        "phone": "+39 0341 364389",
        "@geometry": "center"
      },
      "geometry": {
        "type": "Point",
        "coordinates": [
          9.398479,
          45.8528665
        ]
      },
      "id": "way/311891120"
    },
    {
      "type": "Feature",
      "properties": {
        "@id": "way/311957316",
        "amenity": "community_centre",
        "building": "commercial",
        "community_centre": "social_centre",
        "name": "Casa del Popolo",
        "wheelchair": "yes",
        "@geometry": "center"
      },
      "geometry": {
        "type": "Point",
        "coordinates": [
          10.5674898,
          43.167038
        ]
      },
      "id": "way/311957316"
    },
    {
      "type": "Feature",
      "properties": {
        "@id": "way/312137724",
        "amenity": "community_centre",
        "building": "yes",
        "community_centre": "parish_hall",
        "denomination": "catholic",
        "name": "Oratorio di Vestone",
        "religion": "christian",
        "@geometry": "center"
      },
      "geometry": {
        "type": "Point",
        "coordinates": [
          10.4066229,
          45.7104533
        ]
      },
      "id": "way/312137724"
    },
    {
      "type": "Feature",
      "properties": {
        "@id": "way/312201443",
        "amenity": "community_centre",
        "building": "yes",
        "name": "Sala Polifunzionale",
        "@geometry": "center"
      },
      "geometry": {
        "type": "Point",
        "coordinates": [
          8.4658942,
          46.1427647
        ]
      },
      "id": "way/312201443"
    },
    {
      "type": "Feature",
      "properties": {
        "@id": "way/312859469",
        "amenity": "social_centre",
        "building": "yes",
        "contact:website": "http://www.donboscorivoli.it/",
        "name": "Oratorio San Giovanni Bosco",
        "@geometry": "center"
      },
      "geometry": {
        "type": "Point",
        "coordinates": [
          7.5512969,
          45.070852
        ]
      },
      "id": "way/312859469"
    },
    {
      "type": "Feature",
      "properties": {
        "@id": "way/313295420",
        "addr:city": "Camaiore",
        "addr:postcode": "55041",
        "addr:street": "via Adolfo Saporetti",
        "amenity": "community_centre",
        "building": "yes",
        "@geometry": "center"
      },
      "geometry": {
        "type": "Point",
        "coordinates": [
          10.3248902,
          43.9608313
        ]
      },
      "id": "way/313295420"
    },
    {
      "type": "Feature",
      "properties": {
        "@id": "way/314187916",
        "amenity": "community_centre",
        "building": "yes",
        "community_centre": "parish_hall",
        "denomination": "catholic",
        "name": "Oratorio Paolo VI e Giovanni Paolo II",
        "religion": "christian",
        "@geometry": "center"
      },
      "geometry": {
        "type": "Point",
        "coordinates": [
          10.2013215,
          45.6149762
        ]
      },
      "id": "way/314187916"
    },
    {
      "type": "Feature",
      "properties": {
        "@id": "way/314569321",
        "amenity": "nightclub",
        "building": "yes",
        "name": "Loft 53",
        "@geometry": "center"
      },
      "geometry": {
        "type": "Point",
        "coordinates": [
          8.7397449,
          45.9836696
        ]
      },
      "id": "way/314569321"
    },
    {
      "type": "Feature",
      "properties": {
        "@id": "way/315819348",
        "amenity": "community_centre",
        "barrier": "wall",
        "community_centre": "environment_centre",
        "material": "concrete",
        "name": "C.E.A.S. Stagnali",
        "wall": "brick",
        "@geometry": "center"
      },
      "geometry": {
        "type": "Point",
        "coordinates": [
          9.4535863,
          41.1979333
        ]
      },
      "id": "way/315819348"
    },
    {
      "type": "Feature",
      "properties": {
        "@id": "way/315938962",
        "amenity": "community_centre",
        "building": "public",
        "name": "Centro Sociale",
        "@geometry": "center"
      },
      "geometry": {
        "type": "Point",
        "coordinates": [
          8.7071928,
          39.958713
        ]
      },
      "id": "way/315938962"
    },
    {
      "type": "Feature",
      "properties": {
        "@id": "way/315944915",
        "amenity": "community_centre",
        "building": "yes",
        "name": "Centro polivalente",
        "@geometry": "center"
      },
      "geometry": {
        "type": "Point",
        "coordinates": [
          8.7149595,
          39.9625967
        ]
      },
      "id": "way/315944915"
    },
    {
      "type": "Feature",
      "properties": {
        "@id": "way/316420287",
        "amenity": "community_centre",
        "building": "public",
        "name": "Agorà di Abbasanta",
        "@geometry": "center"
      },
      "geometry": {
        "type": "Point",
        "coordinates": [
          8.8210416,
          40.1233438
        ]
      },
      "id": "way/316420287"
    },
    {
      "type": "Feature",
      "properties": {
        "@id": "way/317371876",
        "amenity": "nightclub",
        "building": "yes",
        "name": "Masai",
        "@geometry": "center"
      },
      "geometry": {
        "type": "Point",
        "coordinates": [
          12.6621339,
          43.571953
        ]
      },
      "id": "way/317371876"
    },
    {
      "type": "Feature",
      "properties": {
        "@id": "way/317700626",
        "amenity": "community_centre",
        "building": "yes",
        "community_centre": "parish_hall",
        "denomination": "catholic",
        "name": "Oratorio di Caino",
        "religion": "christian",
        "@geometry": "center"
      },
      "geometry": {
        "type": "Point",
        "coordinates": [
          10.3169146,
          45.6135812
        ]
      },
      "id": "way/317700626"
    },
    {
      "type": "Feature",
      "properties": {
        "@id": "way/317978666",
        "website": "https://www.duelbeat.it/",
        "phone": "+39 333 429 2254",
        "name": "Duel Beat",
        "addr:housenumber": "2/A",
        "addr:city": "Pozzuoli",
        "addr:postcode": "80078",
        "addr:street": "Via Antiniana",
        "amenity": "nightclub",
        "building": "yes",
        "@geometry": "center"
      },
      "geometry": {
        "type": "Point",
        "coordinates": [
          14.1547265,
          40.8282112
        ]
      },
      "id": "way/317978666"
    },
    {
      "type": "Feature",
      "properties": {
        "@id": "way/319806559",
        "addr:city": "Scafati",
        "addr:street": "Via Giovanni Battista Casciello",
        "amenity": "nightclub",
        "building": "yes",
        "name": "Sol Levante",
        "website": "http://www.sollevante.it/wsc/",
        "@geometry": "center"
      },
      "geometry": {
        "type": "Point",
        "coordinates": [
          14.5147201,
          40.7594077
        ]
      },
      "id": "way/319806559"
    },
    {
      "type": "Feature",
      "properties": {
        "@id": "way/319984651",
        "amenity": "community_centre",
        "building": "public",
        "name": "Centro Sociale",
        "@geometry": "center"
      },
      "geometry": {
        "type": "Point",
        "coordinates": [
          9.0451529,
          39.3813725
        ]
      },
      "id": "way/319984651"
    },
    {
      "type": "Feature",
      "properties": {
        "@id": "way/320654175",
        "addr:city": "Cerea",
        "addr:housenumber": "4/a",
        "addr:postcode": "37053",
        "addr:street": "Via Palesella",
        "amenity": "nightclub",
        "building": "yes",
        "name": "Corte degli Angeli",
        "website": "http://www.cortedegliangeli.com/",
        "@geometry": "center"
      },
      "geometry": {
        "type": "Point",
        "coordinates": [
          11.2384893,
          45.211015
        ]
      },
      "id": "way/320654175"
    },
    {
      "type": "Feature",
      "properties": {
        "@id": "way/321110556",
        "amenity": "community_centre",
        "building": "yes",
        "name": "Circolo Autorità Portuale & Società del Porto di Genova",
        "short_name": "CAP",
        "@geometry": "center"
      },
      "geometry": {
        "type": "Point",
        "coordinates": [
          8.9064051,
          44.4096106
        ]
      },
      "id": "way/321110556"
    },
    {
      "type": "Feature",
      "properties": {
        "@id": "way/321666038",
        "amenity": "community_centre",
        "club": "sport",
        "name": "Circolo Nautico",
        "@geometry": "center"
      },
      "geometry": {
        "type": "Point",
        "coordinates": [
          13.8413616,
          43.1019885
        ]
      },
      "id": "way/321666038"
    },
    {
      "type": "Feature",
      "properties": {
        "@id": "way/323834950",
        "phone": "+39 06 90154333",
        "addr:city": "Campagnano di Roma",
        "addr:housenumber": "7",
        "addr:postcode": "00063",
        "addr:street": "Via Dante Alighieri",
        "amenity": "community_centre",
        "building": "public",
        "inscription": "Centro Parrocchiale – Oratorio",
        "name": "Oratorio di San Giovanni Battista",
        "@geometry": "center"
      },
      "geometry": {
        "type": "Point",
        "coordinates": [
          12.3786458,
          42.1423903
        ]
      },
      "id": "way/323834950"
    },
    {
      "type": "Feature",
      "properties": {
        "@id": "way/324742562",
        "amenity": "community_centre",
        "building": "yes",
        "name": "Auditorium Comunale “F. D. Ragni”",
        "old_name": "Oratorio della Confraternita di San Giovanni Battista",
        "@geometry": "center"
      },
      "geometry": {
        "type": "Point",
        "coordinates": [
          8.7350968,
          44.9593503
        ]
      },
      "id": "way/324742562"
    },
    {
      "type": "Feature",
      "properties": {
        "@id": "way/324817001",
        "building": "yes",
        "amenity": "community_centre",
        "name": "Circolo Combattenti e Reduci del Cardino",
        "@geometry": "center"
      },
      "geometry": {
        "type": "Point",
        "coordinates": [
          10.6726588,
          43.8876413
        ]
      },
      "id": "way/324817001"
    },
    {
      "type": "Feature",
      "properties": {
        "@id": "way/324818886",
        "amenity": "community_centre",
        "building": "church",
        "name": "Ex Chiesa di San Domenico",
        "religion": "christian",
        "@geometry": "center"
      },
      "geometry": {
        "type": "Point",
        "coordinates": [
          8.5929703,
          39.9035649
        ]
      },
      "id": "way/324818886"
    },
    {
      "type": "Feature",
      "properties": {
        "@id": "way/324977110",
        "amenity": "community_centre",
        "building": "yes",
        "name": "Casa del popolo di Alberghi",
        "@geometry": "center"
      },
      "geometry": {
        "type": "Point",
        "coordinates": [
          10.6890358,
          43.8780925
        ]
      },
      "id": "way/324977110"
    },
    {
      "type": "Feature",
      "properties": {
        "@id": "way/326161649",
        "amenity": "community_centre",
        "building": "public",
        "name": "Casa dei Serlesi",
        "@geometry": "center"
      },
      "geometry": {
        "type": "Point",
        "coordinates": [
          10.3687897,
          45.574968
        ]
      },
      "id": "way/326161649"
    },
    {
      "type": "Feature",
      "properties": {
        "@id": "way/326161654",
        "start_date": "C8",
        "name": "Sala Parrocchiale Don Arcangelo Tadini",
        "alt_name": "Ex Oratorio di San Michele",
        "amenity": "community_centre",
        "building": "church",
        "disused:amenity": "place_of_worship",
        "disused:denomination": "catholic",
        "disused:religion": "christian",
        "@geometry": "center"
      },
      "geometry": {
        "type": "Point",
        "coordinates": [
          10.3037918,
          45.5400605
        ]
      },
      "id": "way/326161654"
    },
    {
      "type": "Feature",
      "properties": {
        "@id": "way/326202527",
        "wheelchair": "limited",
        "operator": "ARCI Milano",
        "name": "Carroponte",
        "height": "20",
        "amenity": "community_centre",
        "addr:street": "Via Luigi Granelli",
        "addr:postcode": "20099",
        "addr:city": "Sesto San Giovanni",
        "addr:country": "IT",
        "addr:housenumber": "1",
        "@geometry": "center"
      },
      "geometry": {
        "type": "Point",
        "coordinates": [
          9.2212036,
          45.5294695
        ]
      },
      "id": "way/326202527"
    },
    {
      "type": "Feature",
      "properties": {
        "@id": "way/326226379",
        "amenity": "community_centre",
        "denomination": "catholic",
        "name": "Oratorio Paolo VI",
        "religion": "christian",
        "@geometry": "center"
      },
      "geometry": {
        "type": "Point",
        "coordinates": [
          9.1364627,
          45.6477467
        ]
      },
      "id": "way/326226379"
    },
    {
      "type": "Feature",
      "properties": {
        "@id": "way/326528652",
        "amenity": "community_centre",
        "denomination": "catholic",
        "landuse": "churchyard",
        "name": "Oratorio San Giovanni Battista",
        "religion": "christian",
        "@geometry": "center"
      },
      "geometry": {
        "type": "Point",
        "coordinates": [
          9.2339097,
          45.5316567
        ]
      },
      "id": "way/326528652"
    },
    {
      "type": "Feature",
      "properties": {
        "@id": "way/327111244",
        "amenity": "community_centre",
        "building": "yes",
        "name": "Centro civico Michele Ventrone",
        "url": "https://www2.comune.prato.it/spazi/centro-ventrone/pagina571.html",
        "wikimedia_commons": "File:Centro polivalente Michele Ventimone.jpg",
        "@geometry": "center"
      },
      "geometry": {
        "type": "Point",
        "coordinates": [
          11.0701719,
          43.8738226
        ]
      },
      "id": "way/327111244"
    },
    {
      "type": "Feature",
      "properties": {
        "@id": "way/327135395",
        "addr:city": "Carate Brianza",
        "addr:housenumber": "44",
        "addr:postcode": "20841",
        "addr:street": "Via della Valle",
        "amenity": "nightclub",
        "building": "yes",
        "name": "Polaris Studios",
        "smoking": "outside",
        "@geometry": "center"
      },
      "geometry": {
        "type": "Point",
        "coordinates": [
          9.225709,
          45.6616092
        ]
      },
      "id": "way/327135395"
    },
    {
      "type": "Feature",
      "properties": {
        "@id": "way/327928610",
        "addr:city": "Vidracco",
        "addr:housenumber": "1/b",
        "addr:postcode": "10080",
        "addr:street": "Piazza Cerattp",
        "amenity": "community_centre",
        "building": "yes",
        "building:levels": "2",
        "name": "Salone Pluriuso del Comune (piano rialzato) e Sede Proloco (piano seminterrato)",
        "note": "Sede di pubbliche attività patrocinate dal Comune di Vidracco. Utilizzabile come edificio tattico per la Protezione Civile",
        "@geometry": "center"
      },
      "geometry": {
        "type": "Point",
        "coordinates": [
          7.759092,
          45.4304991
        ]
      },
      "id": "way/327928610"
    },
    {
      "type": "Feature",
      "properties": {
        "@id": "way/328075225",
        "amenity": "community_centre",
        "denomination": "catholic",
        "name": "Oratorio",
        "religion": "christian",
        "@geometry": "center"
      },
      "geometry": {
        "type": "Point",
        "coordinates": [
          9.4663084,
          45.5746048
        ]
      },
      "id": "way/328075225"
    },
    {
      "type": "Feature",
      "properties": {
        "@id": "way/328781284",
        "addr:housenumber": "3",
        "addr:street": "Piazza della Libertà",
        "amenity": "community_centre",
        "building": "yes",
        "name": "Sala Polivalente \"Cristiano Banti\"",
        "website": "https://www.comune.montemurlo.po.it/pagina2484_sala-polivalente-cristiano-banti.html",
        "@geometry": "center"
      },
      "geometry": {
        "type": "Point",
        "coordinates": [
          11.0369157,
          43.927348
        ]
      },
      "id": "way/328781284"
    },
    {
      "type": "Feature",
      "properties": {
        "@id": "way/328941044",
        "addr:city": "Alzano Lombardo",
        "addr:housenumber": "5",
        "addr:postcode": "24022",
        "addr:street": "Via Monte Lungo",
        "amenity": "community_centre",
        "building": "yes",
        "name": "Oratorio San Giovanni Bosco - Nese",
        "@geometry": "center"
      },
      "geometry": {
        "type": "Point",
        "coordinates": [
          9.7228575,
          45.7378047
        ]
      },
      "id": "way/328941044"
    },
    {
      "type": "Feature",
      "properties": {
        "@id": "way/329045986",
        "addr:city": "Legnano",
        "addr:country": "IT",
        "addr:postcode": "20025",
        "addr:street": "Via dei Salici",
        "alt_name": "Centro Sandro Pertini;Centro Sociale Legnano;Centro Sociale Sandro Pertini;Il Salice",
        "amenity": "community_centre",
        "building": "yes",
        "contact:email": "salice.legnano@gmail.com",
        "contact:facebook": "saliceclub.legnano",
        "contact:mobile": "+39 345 9276046",
        "contact:website": "https://www.centrosocialelegnano.it/",
        "description:it": "Sport, danza, musica, corsi, eventi, teatro, feste, centro giovanile.",
        "name": "Centro polifunzionale I Salici",
        "name:etymology:wikidata": "Q36050",
        "@geometry": "center"
      },
      "geometry": {
        "type": "Point",
        "coordinates": [
          8.8865064,
          45.5958626
        ]
      },
      "id": "way/329045986"
    },
    {
      "type": "Feature",
      "properties": {
        "@id": "way/329127381",
        "amenity": "community_centre",
        "building": "yes",
        "name": "Oratorio Santa Lucia",
        "@geometry": "center"
      },
      "geometry": {
        "type": "Point",
        "coordinates": [
          15.4789067,
          38.1007396
        ]
      },
      "id": "way/329127381"
    },
    {
      "type": "Feature",
      "properties": {
        "@id": "way/329290789",
        "addr:city": "Siculiana",
        "addr:postcode": "92010",
        "amenity": "community_centre",
        "building": "yes",
        "name": "Centro Sociale",
        "@geometry": "center"
      },
      "geometry": {
        "type": "Point",
        "coordinates": [
          13.4242083,
          37.3382901
        ]
      },
      "id": "way/329290789"
    },
    {
      "type": "Feature",
      "properties": {
        "@id": "way/329895852",
        "amenity": "community_centre",
        "building": "yes",
        "name": "Centro Civico di Piazza Santo Stefano",
        "operator": "Comune di Cernobbio",
        "@geometry": "center"
      },
      "geometry": {
        "type": "Point",
        "coordinates": [
          9.0672888,
          45.8410782
        ]
      },
      "id": "way/329895852"
    },
    {
      "type": "Feature",
      "properties": {
        "@id": "way/330739215",
        "amenity": "community_centre",
        "building": "yes",
        "name": "Misercordia di Altopascio",
        "@geometry": "center"
      },
      "geometry": {
        "type": "Point",
        "coordinates": [
          10.6732197,
          43.8142946
        ]
      },
      "id": "way/330739215"
    },
    {
      "type": "Feature",
      "properties": {
        "@id": "way/330933282",
        "addr:city": "Cabiate",
        "addr:housenumber": "4",
        "addr:postcode": "22060",
        "addr:street": "Via Francesco Baracca",
        "amenity": "community_centre",
        "denomination": "catholic",
        "name": "Centro Giovanile Oratorio San Luigi",
        "@geometry": "center"
      },
      "geometry": {
        "type": "Point",
        "coordinates": [
          9.175451,
          45.6713231
        ]
      },
      "id": "way/330933282"
    },
    {
      "type": "Feature",
      "properties": {
        "@id": "way/331006211",
        "addr:city": "Cabiate",
        "addr:postcode": "22060",
        "addr:street": "Via Dante Alighieri",
        "amenity": "community_centre",
        "building": "public",
        "name": "Centro sociale",
        "@geometry": "center"
      },
      "geometry": {
        "type": "Point",
        "coordinates": [
          9.1745194,
          45.6704181
        ]
      },
      "id": "way/331006211"
    },
    {
      "type": "Feature",
      "properties": {
        "@id": "way/331478797",
        "addr:city": "Milano",
        "addr:housenumber": "43",
        "addr:postcode": "20157",
        "addr:street": "Via Michele Lessona",
        "addr:unit": "10",
        "amenity": "social_centre",
        "building": "yes",
        "name": "Spazio Baluardo",
        "operator": "Associazione Unisono",
        "website": "https://www.facebook.com/spaziobaluardo",
        "@geometry": "center"
      },
      "geometry": {
        "type": "Point",
        "coordinates": [
          9.134776,
          45.5176963
        ]
      },
      "id": "way/331478797"
    },
    {
      "type": "Feature",
      "properties": {
        "@id": "way/331704740",
        "addr:city": "Cesate",
        "addr:housenumber": "6",
        "addr:postcode": "20020",
        "addr:street": "Via Concordia",
        "amenity": "community_centre",
        "barrier": "fence",
        "community_centre": "youth_centre",
        "denomination": "roman_catholic",
        "name": "Oratorio San Francesco",
        "network": "Oratori di Cesate",
        "religion": "christian",
        "@geometry": "center"
      },
      "geometry": {
        "type": "Point",
        "coordinates": [
          9.0695256,
          45.5894588
        ]
      },
      "id": "way/331704740"
    },
    {
      "type": "Feature",
      "properties": {
        "@id": "way/331854351",
        "addr:city": "Seveso",
        "addr:housenumber": "7",
        "addr:postcode": "20822",
        "addr:street": "Via Marsala",
        "amenity": "community_centre",
        "building": "yes",
        "name": "Centro diurno per persone disabili adolescenti e adulti",
        "@geometry": "center"
      },
      "geometry": {
        "type": "Point",
        "coordinates": [
          9.1332034,
          45.6475902
        ]
      },
      "id": "way/331854351"
    },
    {
      "type": "Feature",
      "properties": {
        "@id": "way/331952881",
        "amenity": "community_centre",
        "building": "yes",
        "denomination": "catholic",
        "name": "Oratorio di S. Gabriele dell'Addolorata",
        "religion": "christian",
        "wheelchair": "limited",
        "@geometry": "center"
      },
      "geometry": {
        "type": "Point",
        "coordinates": [
          12.3670302,
          41.9265362
        ]
      },
      "id": "way/331952881"
    },
    {
      "type": "Feature",
      "properties": {
        "@id": "way/332511987",
        "amenity": "community_centre",
        "community_centre": "parish_hall",
        "denomination": "catholic",
        "landuse": "recreation_ground",
        "name": "Oratorio San Filippo Neri",
        "religion": "christian",
        "@geometry": "center"
      },
      "geometry": {
        "type": "Point",
        "coordinates": [
          10.1552177,
          45.5931472
        ]
      },
      "id": "way/332511987"
    },
    {
      "type": "Feature",
      "properties": {
        "@id": "way/334011105",
        "amenity": "community_centre",
        "building": "yes",
        "name": "Centro Anziani Cavalier Rodolfo Tosti",
        "@geometry": "center"
      },
      "geometry": {
        "type": "Point",
        "coordinates": [
          12.7822851,
          41.6905224
        ]
      },
      "id": "way/334011105"
    },
    {
      "type": "Feature",
      "properties": {
        "@id": "way/334293968",
        "amenity": "nightclub",
        "landuse": "recreation_ground",
        "name": "Discoteca Megà",
        "@geometry": "center"
      },
      "geometry": {
        "type": "Point",
        "coordinates": [
          15.2365273,
          38.7954596
        ]
      },
      "id": "way/334293968"
    },
    {
      "type": "Feature",
      "properties": {
        "@id": "way/335515892",
        "amenity": "community_centre",
        "building": "yes",
        "name": "Casa del Popolo di Traversagna",
        "@geometry": "center"
      },
      "geometry": {
        "type": "Point",
        "coordinates": [
          10.7529347,
          43.869267
        ]
      },
      "id": "way/335515892"
    },
    {
      "type": "Feature",
      "properties": {
        "@id": "way/337084584",
        "amenity": "community_centre",
        "description": "Area feste",
        "@geometry": "center"
      },
      "geometry": {
        "type": "Point",
        "coordinates": [
          9.2995735,
          45.8807622
        ]
      },
      "id": "way/337084584"
    },
    {
      "type": "Feature",
      "properties": {
        "@id": "way/337580567",
        "amenity": "community_centre",
        "building": "yes",
        "name": "Saoms",
        "start_date": "1875",
        "@geometry": "center"
      },
      "geometry": {
        "type": "Point",
        "coordinates": [
          8.6897765,
          44.728159
        ]
      },
      "id": "way/337580567"
    },
    {
      "type": "Feature",
      "properties": {
        "@id": "way/338214590",
        "amenity": "community_centre",
        "building": "yes",
        "@geometry": "center"
      },
      "geometry": {
        "type": "Point",
        "coordinates": [
          12.2752368,
          42.3821153
        ]
      },
      "id": "way/338214590"
    },
    {
      "type": "Feature",
      "properties": {
        "@id": "way/339160418",
        "amenity": "community_centre",
        "building": "yes",
        "name": "Sala Polivalente Comunale",
        "operator": "Comune di Montecchio",
        "@geometry": "center"
      },
      "geometry": {
        "type": "Point",
        "coordinates": [
          12.2878189,
          42.6629867
        ]
      },
      "id": "way/339160418"
    },
    {
      "type": "Feature",
      "properties": {
        "@id": "way/340078154",
        "amenity": "nightclub",
        "building": "yes",
        "name": "Olimpo",
        "@geometry": "center"
      },
      "geometry": {
        "type": "Point",
        "coordinates": [
          12.2979496,
          42.3977218
        ]
      },
      "id": "way/340078154"
    },
    {
      "type": "Feature",
      "properties": {
        "@id": "way/340901604",
        "amenity": "community_centre",
        "building": "yes",
        "name": "Sala Polifunzionale Don Antonio",
        "@geometry": "center"
      },
      "geometry": {
        "type": "Point",
        "coordinates": [
          10.1955859,
          45.7079586
        ]
      },
      "id": "way/340901604"
    },
    {
      "type": "Feature",
      "properties": {
        "@id": "way/342248343",
        "addr:city": "Valentano",
        "addr:housenumber": "35",
        "addr:postcode": "01018",
        "addr:street": "Via dell'Eschio",
        "amenity": "nightclub",
        "building": "yes",
        "name": "Night Club",
        "operator": "Gardenia Night Club s.r.l.",
        "@geometry": "center"
      },
      "geometry": {
        "type": "Point",
        "coordinates": [
          11.8131905,
          42.5623994
        ]
      },
      "id": "way/342248343"
    },
    {
      "type": "Feature",
      "properties": {
        "@id": "way/342564170",
        "amenity": "community_centre",
        "building": "yes",
        "@geometry": "center"
      },
      "geometry": {
        "type": "Point",
        "coordinates": [
          15.5460952,
          38.1751789
        ]
      },
      "id": "way/342564170"
    },
    {
      "type": "Feature",
      "properties": {
        "@id": "way/344162727",
        "addr:city": "Colico",
        "addr:housenumber": "57",
        "addr:postcode": "23823",
        "addr:street": "Via Nazionale Nord",
        "amenity": "nightclub",
        "building": "yes",
        "name": "Continental Club & Restaurant",
        "@geometry": "center"
      },
      "geometry": {
        "type": "Point",
        "coordinates": [
          9.4059336,
          46.144386
        ]
      },
      "id": "way/344162727"
    },
    {
      "type": "Feature",
      "properties": {
        "@id": "way/344165930",
        "amenity": "community_centre",
        "building": "yes",
        "name": "Palazzo di città",
        "source": "Regione Liguria",
        "@geometry": "center"
      },
      "geometry": {
        "type": "Point",
        "coordinates": [
          8.2741099,
          44.3997057
        ]
      },
      "id": "way/344165930"
    },
    {
      "type": "Feature",
      "properties": {
        "@id": "way/346096267",
        "amenity": "community_centre",
        "building": "yes",
        "community_centre": "parish_hall",
        "denomination": "catholic",
        "name": "Oratorio Piergiorgio Frassati",
        "religion": "christian",
        "@geometry": "center"
      },
      "geometry": {
        "type": "Point",
        "coordinates": [
          10.2716054,
          45.5221786
        ]
      },
      "id": "way/346096267"
    },
    {
      "type": "Feature",
      "properties": {
        "@id": "way/348691788",
        "amenity": "community_centre",
        "@geometry": "center"
      },
      "geometry": {
        "type": "Point",
        "coordinates": [
          10.4802798,
          45.3983445
        ]
      },
      "id": "way/348691788"
    },
    {
      "type": "Feature",
      "properties": {
        "@id": "way/350355994",
        "amenity": "community_centre",
        "building": "yes",
        "@geometry": "center"
      },
      "geometry": {
        "type": "Point",
        "coordinates": [
          7.6214928,
          45.382209
        ]
      },
      "id": "way/350355994"
    },
    {
      "type": "Feature",
      "properties": {
        "@id": "way/350378071",
        "addr:city": "Milano",
        "addr:housename": "Bobino Club",
        "addr:housenumber": "116",
        "addr:street": "Alzaia Naviglio Grande",
        "amenity": "nightclub",
        "wheelchair": "limited",
        "contact:email": "info@bobino.it",
        "contact:mobile": "+39 345 3385882",
        "contact:phone": "+39 02 36559070",
        "name": "Bobino Club",
        "opening_hours": "Th-Su 19:00-03:00",
        "operator": "New Wave s.r.l.",
        "ref:vatin": "IT06819060960",
        "smoking": "outside",
        "website": "https://bobino.it/",
        "@geometry": "center"
      },
      "geometry": {
        "type": "Point",
        "coordinates": [
          9.1593146,
          45.4490986
        ]
      },
      "id": "way/350378071"
    },
    {
      "type": "Feature",
      "properties": {
        "@id": "way/350558556",
        "alt_name": "Oratorio SACER",
        "amenity": "community_centre",
        "name": "Oratorio S.A.C.E.R.",
        "religion": "christian",
        "@geometry": "center"
      },
      "geometry": {
        "type": "Point",
        "coordinates": [
          9.3313781,
          45.5263885
        ]
      },
      "id": "way/350558556"
    },
    {
      "type": "Feature",
      "properties": {
        "@id": "way/351098924",
        "addr:city": "Volta Mantovana",
        "addr:housenumber": "6",
        "addr:postcode": "46049",
        "addr:street": "Via Custoza",
        "amenity": "social_centre",
        "area": "yes",
        "name": "Federico Traverso",
        "@geometry": "center"
      },
      "geometry": {
        "type": "Point",
        "coordinates": [
          10.6601205,
          45.3219537
        ]
      },
      "id": "way/351098924"
    },
    {
      "type": "Feature",
      "properties": {
        "@id": "way/351098925",
        "amenity": "social_centre",
        "building": "yes",
        "@geometry": "center"
      },
      "geometry": {
        "type": "Point",
        "coordinates": [
          10.6604266,
          45.3219529
        ]
      },
      "id": "way/351098925"
    },
    {
      "type": "Feature",
      "properties": {
        "@id": "way/351706847",
        "operator": "AGESCI",
        "name": "Gruppo Scout Brescia 8",
        "email": "info.scoutbrescia8@gmail.com",
        "website": "http://www.brescia8.flazio.com/",
        "addr:city": "Brescia",
        "addr:housenumber": "9",
        "addr:postcode": "25128",
        "addr:street": "Via delle Gabbiane",
        "amenity": "community_centre",
        "building": "yes",
        "club": "scout",
        "community_centre": "club_home",
        "@geometry": "center"
      },
      "geometry": {
        "type": "Point",
        "coordinates": [
          10.2209515,
          45.5673717
        ]
      },
      "id": "way/351706847"
    },
    {
      "type": "Feature",
      "properties": {
        "@id": "way/352050848",
        "amenity": "community_centre",
        "denomination": "catholic",
        "landuse": "religious",
        "name": "Oratorio San Luigi",
        "phone": "+39 039 481892",
        "religion": "christian",
        "website": "http://www.oratoriosanluigilissone.it/",
        "addr:city": "Lissone",
        "addr:country": "IT",
        "addr:housenumber": "1",
        "addr:postcode": "20851",
        "addr:street": "Via don Carlo Colnaghi",
        "@geometry": "center"
      },
      "geometry": {
        "type": "Point",
        "coordinates": [
          9.2420338,
          45.6070807
        ]
      },
      "id": "way/352050848"
    },
    {
      "type": "Feature",
      "properties": {
        "@id": "way/352255233",
        "amenity": "community_centre",
        "name": "Parco esposizioni di Novegro",
        "@geometry": "center"
      },
      "geometry": {
        "type": "Point",
        "coordinates": [
          9.2759625,
          45.4704976
        ]
      },
      "id": "way/352255233"
    },
    {
      "type": "Feature",
      "properties": {
        "@id": "way/352343356",
        "amenity": "community_centre",
        "building": "yes",
        "name": "Centro Ricreativo GAP Gruppo Anziani Pensionati Volontari Virgiliani",
        "@geometry": "center"
      },
      "geometry": {
        "type": "Point",
        "coordinates": [
          10.7884442,
          45.1120217
        ]
      },
      "id": "way/352343356"
    },
    {
      "type": "Feature",
      "properties": {
        "@id": "way/352542180",
        "amenity": "community_centre",
        "community_centre": "parish_hall",
        "name": "Oratorio Divin Pianto",
        "religion": "christian",
        "@geometry": "center"
      },
      "geometry": {
        "type": "Point",
        "coordinates": [
          9.3429978,
          45.5291088
        ]
      },
      "id": "way/352542180"
    },
    {
      "type": "Feature",
      "properties": {
        "@id": "way/353329949",
        "amenity": "community_centre",
        "building": "yes",
        "name": "Genoa Club Paravagna",
        "source": "Regione Liguria",
        "@geometry": "center"
      },
      "geometry": {
        "type": "Point",
        "coordinates": [
          9.0756695,
          44.4590394
        ]
      },
      "id": "way/353329949"
    },
    {
      "type": "Feature",
      "properties": {
        "@id": "way/353625224",
        "amenity": "community_centre",
        "area": "yes",
        "community_centre": "youth_centre",
        "name": "Oratorio Salesiano San Giovanni Bosco",
        "website": "http://www.salesianitrieste.it",
        "@geometry": "center"
      },
      "geometry": {
        "type": "Point",
        "coordinates": [
          13.7841233,
          45.6379988
        ]
      },
      "id": "way/353625224"
    },
    {
      "type": "Feature",
      "properties": {
        "@id": "way/354263938",
        "addr:city": "Alessandria",
        "addr:housenumber": "62",
        "addr:place": "San Michele",
        "addr:postcode": "15122",
        "addr:street": "Via Remotti",
        "amenity": "community_centre",
        "building": "residential",
        "name": "SOMS San Michele",
        "note": "ripassare per verifica",
        "@geometry": "center"
      },
      "geometry": {
        "type": "Point",
        "coordinates": [
          8.5808947,
          44.9358106
        ]
      },
      "id": "way/354263938"
    },
    {
      "type": "Feature",
      "properties": {
        "@id": "way/354426989",
        "website": "http://www.podisticaperalto.it/",
        "addr:housenumber": "4",
        "addr:street": "Via del Peralto",
        "amenity": "community_centre",
        "building": "yes",
        "community_centre:for": "athlete",
        "name": "ASD Podistica Peralto Genova",
        "opening_hours": "Sa 09:00-11:30",
        "source": "Regione Liguria",
        "source_1": "casetta rossa",
        "@geometry": "center"
      },
      "geometry": {
        "type": "Point",
        "coordinates": [
          8.9320014,
          44.4318506
        ]
      },
      "id": "way/354426989"
    },
    {
      "type": "Feature",
      "properties": {
        "@id": "way/354640893",
        "amenity": "nightclub",
        "building": "yes",
        "name": "prins",
        "@geometry": "center"
      },
      "geometry": {
        "type": "Point",
        "coordinates": [
          10.355478,
          45.009363
        ]
      },
      "id": "way/354640893"
    },
    {
      "type": "Feature",
      "properties": {
        "@id": "way/359420838",
        "amenity": "community_centre",
        "name": "Oratorio Paolo VI",
        "@geometry": "center"
      },
      "geometry": {
        "type": "Point",
        "coordinates": [
          9.328158,
          45.5174782
        ]
      },
      "id": "way/359420838"
    },
    {
      "type": "Feature",
      "properties": {
        "@id": "way/361012287",
        "amenity": "community_centre",
        "@geometry": "center"
      },
      "geometry": {
        "type": "Point",
        "coordinates": [
          11.2009725,
          45.0626201
        ]
      },
      "id": "way/361012287"
    },
    {
      "type": "Feature",
      "properties": {
        "@id": "way/361043072",
        "amenity": "nightclub",
        "name": "Trocadero",
        "building": "yes",
        "@geometry": "center"
      },
      "geometry": {
        "type": "Point",
        "coordinates": [
          8.2860112,
          46.1091622
        ]
      },
      "id": "way/361043072"
    },
    {
      "type": "Feature",
      "properties": {
        "@id": "way/361183041",
        "addr:city": "Crotone",
        "addr:postcode": "88900",
        "addr:street": "Viale Magna Grecia",
        "amenity": "nightclub",
        "building": "terrace",
        "name": "Palace Beach Resort",
        "@geometry": "center"
      },
      "geometry": {
        "type": "Point",
        "coordinates": [
          17.1428315,
          39.0500635
        ]
      },
      "id": "way/361183041"
    },
    {
      "type": "Feature",
      "properties": {
        "@id": "way/361342572",
        "amenity": "community_centre",
        "wheelchair": "yes",
        "@geometry": "center"
      },
      "geometry": {
        "type": "Point",
        "coordinates": [
          14.9005328,
          37.575549
        ]
      },
      "id": "way/361342572"
    },
    {
      "type": "Feature",
      "properties": {
        "@id": "way/362091466",
        "amenity": "community_centre",
        "name": "Centro Anziani Povegliano Veronese",
        "operator": "Anteas \"La Madonnina\"",
        "@geometry": "center"
      },
      "geometry": {
        "type": "Point",
        "coordinates": [
          10.8848871,
          45.349813
        ]
      },
      "id": "way/362091466"
    },
    {
      "type": "Feature",
      "properties": {
        "@id": "way/362287907",
        "addr:housenumber": "8",
        "addr:street": "Viale Municipio",
        "addr:unit": "5",
        "amenity": "community_centre",
        "building": "yes",
        "name": "Casa della socializzazione",
        "not:brand:wikidata": "Q1991755",
        "@geometry": "center"
      },
      "geometry": {
        "type": "Point",
        "coordinates": [
          11.6669516,
          45.1700937
        ]
      },
      "id": "way/362287907"
    },
    {
      "type": "Feature",
      "properties": {
        "@id": "way/362353783",
        "amenity": "nightclub",
        "name": "Disco Club Bajda",
        "opening_hours": "Jun-Aug",
        "@geometry": "center"
      },
      "geometry": {
        "type": "Point",
        "coordinates": [
          8.4177771,
          44.2083467
        ]
      },
      "id": "way/362353783"
    },
    {
      "type": "Feature",
      "properties": {
        "@id": "way/362776791",
        "amenity": "nightclub",
        "name": "Ca",
        "building": "yes",
        "@geometry": "center"
      },
      "geometry": {
        "type": "Point",
        "coordinates": [
          8.0047176,
          44.6849771
        ]
      },
      "id": "way/362776791"
    },
    {
      "type": "Feature",
      "properties": {
        "@id": "way/363810247",
        "amenity": "community_centre",
        "building": "yes",
        "@geometry": "center"
      },
      "geometry": {
        "type": "Point",
        "coordinates": [
          12.8930473,
          42.4058435
        ]
      },
      "id": "way/363810247"
    },
    {
      "type": "Feature",
      "properties": {
        "@id": "way/364176794",
        "alt_name": "Salone Martina Ceciliani",
        "amenity": "community_centre",
        "building": "yes",
        "community_centre": "parish_hall",
        "denomination": "roman_catholic",
        "name": "Oratorio Papa Giovanni Paolo II",
        "religion": "christian",
        "@geometry": "center"
      },
      "geometry": {
        "type": "Point",
        "coordinates": [
          9.4650278,
          46.1370959
        ]
      },
      "id": "way/364176794"
    },
    {
      "type": "Feature",
      "properties": {
        "@id": "way/365214600",
        "amenity": "community_centre",
        "name": "Centro Sociale - Foto Cine Club",
        "@geometry": "center"
      },
      "geometry": {
        "type": "Point",
        "coordinates": [
          15.5601592,
          41.4511683
        ]
      },
      "id": "way/365214600"
    },
    {
      "type": "Feature",
      "properties": {
        "@id": "way/365491342",
        "amenity": "community_centre",
        "building": "yes",
        "name": "Oratorio Sentinelle del Mattino San Sisto",
        "religion": "christian",
        "@geometry": "center"
      },
      "geometry": {
        "type": "Point",
        "coordinates": [
          12.3415308,
          43.0863613
        ]
      },
      "id": "way/365491342"
    },
    {
      "type": "Feature",
      "properties": {
        "@id": "way/365558134",
        "name": "Oratorio di Abbiate Guazzone",
        "building": "yes",
        "amenity": "community_centre",
        "@geometry": "center"
      },
      "geometry": {
        "type": "Point",
        "coordinates": [
          8.9216139,
          45.7035527
        ]
      },
      "id": "way/365558134"
    },
    {
      "type": "Feature",
      "properties": {
        "@id": "way/365766097",
        "amenity": "community_centre",
        "building": "yes",
        "name": "Agorà",
        "operator": "Comune di Sangano",
        "@geometry": "center"
      },
      "geometry": {
        "type": "Point",
        "coordinates": [
          7.451049,
          45.0264814
        ]
      },
      "id": "way/365766097"
    },
    {
      "type": "Feature",
      "properties": {
        "@id": "way/366463397",
        "religion": "christian",
        "addr:city": "Vanzago",
        "addr:housenumber": "54",
        "addr:postcode": "20010",
        "addr:street": "Via Roma",
        "amenity": "community_centre",
        "community_centre": "youth_centre",
        "denomination": "roman_catholic",
        "description": "Oratorio per bambini, ragazzi e giovani, campo da calcio, aule catechismo.",
        "name": "Oratorio Cristo Re",
        "@geometry": "center"
      },
      "geometry": {
        "type": "Point",
        "coordinates": [
          8.9721506,
          45.5088401
        ]
      },
      "id": "way/366463397"
    },
    {
      "type": "Feature",
      "properties": {
        "@id": "way/370571146",
        "addr:city": "Alserio",
        "addr:postcode": "22040",
        "addr:street": "Via Papa Giovanni XXIII",
        "amenity": "community_centre",
        "building": "yes",
        "building:levels": "1",
        "name": "Centro polivalente",
        "@geometry": "center"
      },
      "geometry": {
        "type": "Point",
        "coordinates": [
          9.2008599,
          45.7817258
        ]
      },
      "id": "way/370571146"
    },
    {
      "type": "Feature",
      "properties": {
        "@id": "way/371204269",
        "amenity": "community_centre",
        "@geometry": "center"
      },
      "geometry": {
        "type": "Point",
        "coordinates": [
          8.8339522,
          45.5980135
        ]
      },
      "id": "way/371204269"
    },
    {
      "type": "Feature",
      "properties": {
        "@id": "way/372177069",
        "amenity": "community_centre",
        "building": "yes",
        "name": "Fondazione Cruciat",
        "@geometry": "center"
      },
      "geometry": {
        "type": "Point",
        "coordinates": [
          12.9444982,
          46.1811439
        ]
      },
      "id": "way/372177069"
    },
    {
      "type": "Feature",
      "properties": {
        "@id": "way/373401548",
        "amenity": "community_centre",
        "building": "public",
        "name": "Centro Socio Culturale Luigi Bussacchini",
        "@geometry": "center"
      },
      "geometry": {
        "type": "Point",
        "coordinates": [
          10.2892181,
          45.5914245
        ]
      },
      "id": "way/373401548"
    },
    {
      "type": "Feature",
      "properties": {
        "@id": "way/373543383",
        "building": "yes",
        "amenity": "community_centre",
        "@geometry": "center"
      },
      "geometry": {
        "type": "Point",
        "coordinates": [
          9.2093254,
          45.6148245
        ]
      },
      "id": "way/373543383"
    },
    {
      "type": "Feature",
      "properties": {
        "@id": "way/373674910",
        "amenity": "community_centre",
        "building": "yes",
        "name": "Centro Parrocchiale \"Raoul Follereau\"",
        "operator": "Parrocchia di San Martino",
        "@geometry": "center"
      },
      "geometry": {
        "type": "Point",
        "coordinates": [
          11.985532,
          45.3706447
        ]
      },
      "id": "way/373674910"
    },
    {
      "type": "Feature",
      "properties": {
        "@id": "way/375249512",
        "addr:city": "Cremona",
        "addr:housenumber": "45",
        "addr:postcode": "26100",
        "addr:street": "Via Lungo Po Europa",
        "amenity": "nightclub",
        "building": "yes",
        "name": "La Capannina",
        "phone": "+39 333 227 7500",
        "website": "https://www.facebook.com/capanninacremona/",
        "@geometry": "center"
      },
      "geometry": {
        "type": "Point",
        "coordinates": [
          10.018203,
          45.106725
        ]
      },
      "id": "way/375249512"
    },
    {
      "type": "Feature",
      "properties": {
        "@id": "way/375280631",
        "addr:city": "Battaglia Terme",
        "addr:country": "IT",
        "addr:housenumber": "1",
        "addr:postcode": "35041",
        "addr:street": "Viale Colli Euganei",
        "amenity": "community_centre",
        "building": "civic",
        "name": "Casa del Gemellaggio",
        "note": "edificio civile",
        "operator": "Comune di Battaglia Terme",
        "source": "Regione_del_Veneto_LR28_16.7.1976_Formazione_CTR_auth_39164-5700-1100_23.01.2009",
        "@geometry": "center"
      },
      "geometry": {
        "type": "Point",
        "coordinates": [
          11.7830919,
          45.2878561
        ]
      },
      "id": "way/375280631"
    },
    {
      "type": "Feature",
      "properties": {
        "@id": "way/375616450",
        "addr:city": "Torreglia",
        "addr:country": "IT",
        "addr:housenumber": "4",
        "addr:postcode": "35038",
        "addr:street": "Via Monte Rua",
        "amenity": "community_centre",
        "building": "civic",
        "fax": "+39 049 9933828",
        "name": "Villa Immacolata",
        "phone": "+39 049 5211340",
        "website": "https://www.villaimmacolata.net/",
        "@geometry": "center"
      },
      "geometry": {
        "type": "Point",
        "coordinates": [
          11.7156125,
          45.3262026
        ]
      },
      "id": "way/375616450"
    },
    {
      "type": "Feature",
      "properties": {
        "@id": "way/375816719",
        "addr:city": "Roma",
        "addr:housenumber": "11",
        "addr:postcode": "00141",
        "addr:street": "Via Levanna",
        "amenity": "community_centre",
        "building": "yes",
        "name": "Brancaleone",
        "@geometry": "center"
      },
      "geometry": {
        "type": "Point",
        "coordinates": [
          12.5407268,
          41.9369083
        ]
      },
      "id": "way/375816719"
    },
    {
      "type": "Feature",
      "properties": {
        "@id": "way/376299977",
        "amenity": "nightclub",
        "building": "yes",
        "name": "Jasmine",
        "@geometry": "center"
      },
      "geometry": {
        "type": "Point",
        "coordinates": [
          12.3024973,
          42.2303651
        ]
      },
      "id": "way/376299977"
    },
    {
      "type": "Feature",
      "properties": {
        "@id": "way/376872811",
        "amenity": "nightclub",
        "contact:phone": "+39 0933 1900524",
        "cuisine": "pizza;italian",
        "name": "Tanguera Village Club",
        "@geometry": "center"
      },
      "geometry": {
        "type": "Point",
        "coordinates": [
          14.1935291,
          37.0999089
        ]
      },
      "id": "way/376872811"
    },
    {
      "type": "Feature",
      "properties": {
        "@id": "way/378070631",
        "name": "Discoteca Palà",
        "building": "yes",
        "addr:street": "Via Peveragno",
        "amenity": "nightclub",
        "@geometry": "center"
      },
      "geometry": {
        "type": "Point",
        "coordinates": [
          7.5624648,
          44.3298334
        ]
      },
      "id": "way/378070631"
    },
    {
      "type": "Feature",
      "properties": {
        "@id": "way/379551156",
        "amenity": "community_centre",
        "building": "yes",
        "community_centre": "meeting_room",
        "operator": "Comune di Tricase",
        "@geometry": "center"
      },
      "geometry": {
        "type": "Point",
        "coordinates": [
          18.362614,
          39.926592
        ]
      },
      "id": "way/379551156"
    },
    {
      "type": "Feature",
      "properties": {
        "@id": "way/379939465",
        "website": "http://volontariatogela.org",
        "addr:city": "Gela",
        "addr:housenumber": "27",
        "addr:street": "Via Ossidiana",
        "amenity": "community_centre",
        "contact:email": "movi@volontariatogela.org",
        "contact:phone": "+39 0933 760112",
        "name": "CESVOP",
        "@geometry": "center"
      },
      "geometry": {
        "type": "Point",
        "coordinates": [
          14.2263597,
          37.0845082
        ]
      },
      "id": "way/379939465"
    },
    {
      "type": "Feature",
      "properties": {
        "@id": "way/380150234",
        "building": "house",
        "name": "sala da ballo",
        "amenity": "nightclub",
        "@geometry": "center"
      },
      "geometry": {
        "type": "Point",
        "coordinates": [
          7.7266202,
          44.1281687
        ]
      },
      "id": "way/380150234"
    },
    {
      "type": "Feature",
      "properties": {
        "@id": "way/380903331",
        "amenity": "community_centre",
        "building": "yes",
        "name": "Palaterme",
        "@geometry": "center"
      },
      "geometry": {
        "type": "Point",
        "coordinates": [
          7.7073015,
          44.3021261
        ]
      },
      "id": "way/380903331"
    },
    {
      "type": "Feature",
      "properties": {
        "@id": "way/382138233",
        "addr:housenumber": "48",
        "addr:street": "Via Tanaro",
        "amenity": "nightclub",
        "building": "yes",
        "name": "Pepe d'oro",
        "@geometry": "center"
      },
      "geometry": {
        "type": "Point",
        "coordinates": [
          8.0923757,
          44.7410787
        ]
      },
      "id": "way/382138233"
    },
    {
      "type": "Feature",
      "properties": {
        "@id": "way/383378450",
        "addr:city": "Ladispoli",
        "addr:housenumber": "46",
        "addr:postcode": "00055",
        "addr:street": "Via Aurelia",
        "amenity": "nightclub",
        "building": "yes",
        "name": "Pinar Club",
        "phone": "+39 06 99222509",
        "@geometry": "center"
      },
      "geometry": {
        "type": "Point",
        "coordinates": [
          12.101925,
          41.9431187
        ]
      },
      "id": "way/383378450"
    },
    {
      "type": "Feature",
      "properties": {
        "@id": "way/383859122",
        "name": "Sala Parrocchiale",
        "amenity": "community_centre",
        "building": "yes",
        "community_centre": "parish_hall",
        "@geometry": "center"
      },
      "geometry": {
        "type": "Point",
        "coordinates": [
          12.4431839,
          46.4853012
        ]
      },
      "id": "way/383859122"
    },
    {
      "type": "Feature",
      "properties": {
        "@id": "way/384821962",
        "amenity": "nightclub",
        "building": "yes",
        "name": "Black Rose",
        "@geometry": "center"
      },
      "geometry": {
        "type": "Point",
        "coordinates": [
          12.9137218,
          42.420597
        ]
      },
      "id": "way/384821962"
    },
    {
      "type": "Feature",
      "properties": {
        "@id": "way/385409600",
        "amenity": "community_centre",
        "community_centre": "youth_centre",
        "denomination": "roman_catholic",
        "name": "Oratorio San Giovanni Battista",
        "religion": "christian",
        "@geometry": "center"
      },
      "geometry": {
        "type": "Point",
        "coordinates": [
          9.0471654,
          45.6362799
        ]
      },
      "id": "way/385409600"
    },
    {
      "type": "Feature",
      "properties": {
        "@id": "way/386022380",
        "amenity": "community_centre",
        "building": "public",
        "name": "Sala Piamarta",
        "@geometry": "center"
      },
      "geometry": {
        "type": "Point",
        "coordinates": [
          10.2203008,
          45.5432665
        ]
      },
      "id": "way/386022380"
    },
    {
      "type": "Feature",
      "properties": {
        "@id": "way/386253709",
        "addr:city": "Piacenza",
        "addr:housenumber": "87",
        "addr:postcode": "29121",
        "addr:street": "Strada dell'aguzzafame",
        "amenity": "nightclub",
        "name": "Paradise",
        "@geometry": "center"
      },
      "geometry": {
        "type": "Point",
        "coordinates": [
          9.6525068,
          45.0632627
        ]
      },
      "id": "way/386253709"
    },
    {
      "type": "Feature",
      "properties": {
        "@id": "way/386260725",
        "amenity": "nightclub",
        "building": "yes",
        "name": "Le Rotonde",
        "@geometry": "center"
      },
      "geometry": {
        "type": "Point",
        "coordinates": [
          8.9214845,
          45.1919552
        ]
      },
      "id": "way/386260725"
    },
    {
      "type": "Feature",
      "properties": {
        "@id": "way/386410286",
        "amenity": "community_centre",
        "landuse": "religious",
        "name": "Oratorio Santa Croce",
        "name:etymology:wikidata": "Q380356",
        "wheelchair": "yes",
        "@geometry": "center"
      },
      "geometry": {
        "type": "Point",
        "coordinates": [
          8.8625627,
          45.5961279
        ]
      },
      "id": "way/386410286"
    },
    {
      "type": "Feature",
      "properties": {
        "@id": "way/386656001",
        "amenity": "community_centre",
        "building": "public",
        "loc_name": "La Cruzàa",
        "@geometry": "center"
      },
      "geometry": {
        "type": "Point",
        "coordinates": [
          7.5119324,
          44.2939199
        ]
      },
      "id": "way/386656001"
    },
    {
      "type": "Feature",
      "properties": {
        "@id": "way/386678849",
        "amenity": "community_centre",
        "barrier": "fence",
        "landuse": "recreation_ground",
        "name": "Parrocchia Dio Trinità D'Amore",
        "wheelchair": "yes",
        "@geometry": "center"
      },
      "geometry": {
        "type": "Point",
        "coordinates": [
          9.2846619,
          45.5195033
        ]
      },
      "id": "way/386678849"
    },
    {
      "type": "Feature",
      "properties": {
        "@id": "way/388443374",
        "addr:city": "Cavazzoli",
        "addr:housenumber": "52",
        "addr:postcode": "42124",
        "addr:street": "Via Giovanni Rinaldi",
        "amenity": "community_centre",
        "building": "yes",
        "name": "Oratorio di Cavazzoli",
        "@geometry": "center"
      },
      "geometry": {
        "type": "Point",
        "coordinates": [
          10.6119235,
          44.7209067
        ]
      },
      "id": "way/388443374"
    },
    {
      "type": "Feature",
      "properties": {
        "@id": "way/389008809",
        "name": "Discoteca Baja Village",
        "building": "yes",
        "amenity": "nightclub",
        "@geometry": "center"
      },
      "geometry": {
        "type": "Point",
        "coordinates": [
          14.6962044,
          42.1720052
        ]
      },
      "id": "way/389008809"
    },
    {
      "type": "Feature",
      "properties": {
        "@id": "way/389563171",
        "name": "Plaza Disco",
        "building": "yes",
        "phone": "+39 340 6916092",
        "website": "http://www.plazadisco.it/",
        "addr:city": "Roè Volciano",
        "addr:housenumber": "41",
        "addr:street": "Via Domenico Signori",
        "amenity": "nightclub",
        "@geometry": "center"
      },
      "geometry": {
        "type": "Point",
        "coordinates": [
          10.4859024,
          45.6040495
        ]
      },
      "id": "way/389563171"
    },
    {
      "type": "Feature",
      "properties": {
        "@id": "way/390581058",
        "amenity": "nightclub",
        "@geometry": "center"
      },
      "geometry": {
        "type": "Point",
        "coordinates": [
          14.168466,
          37.0977454
        ]
      },
      "id": "way/390581058"
    },
    {
      "type": "Feature",
      "properties": {
        "@id": "way/392523115",
        "addr:housenumber": "1",
        "addr:street": "Via Marzabotto",
        "amenity": "community_centre",
        "building": "public",
        "name": "Comitato civico Anziani",
        "@geometry": "center"
      },
      "geometry": {
        "type": "Point",
        "coordinates": [
          9.1221895,
          45.4221721
        ]
      },
      "id": "way/392523115"
    },
    {
      "type": "Feature",
      "properties": {
        "@id": "way/392573682",
        "amenity": "nightclub",
        "building": "yes",
        "@geometry": "center"
      },
      "geometry": {
        "type": "Point",
        "coordinates": [
          16.0625697,
          40.6402002
        ]
      },
      "id": "way/392573682"
    },
    {
      "type": "Feature",
      "properties": {
        "@id": "way/392695058",
        "amenity": "community_centre",
        "building": "yes",
        "community_centre": "parish_hall",
        "denomination": "catholic",
        "name": "Oratorio San Vigilio",
        "religion": "christian",
        "@geometry": "center"
      },
      "geometry": {
        "type": "Point",
        "coordinates": [
          10.1932207,
          45.6079675
        ]
      },
      "id": "way/392695058"
    },
    {
      "type": "Feature",
      "properties": {
        "@id": "way/392779522",
        "addr:street": "Piazza gen. Ottavio Rolle",
        "addr:city": "Lanzo Torinese",
        "addr:postcode": "10074",
        "amenity": "community_centre",
        "building": "yes",
        "name": "LanzoIncontra",
        "operator": "Città di Lanzo Torinese",
        "@geometry": "center"
      },
      "geometry": {
        "type": "Point",
        "coordinates": [
          7.4768383,
          45.2743105
        ]
      },
      "id": "way/392779522"
    },
    {
      "type": "Feature",
      "properties": {
        "@id": "way/395450852",
        "amenity": "community_centre",
        "building": "yes",
        "community_centre": "parish_hall",
        "denomination": "catholic",
        "name": "Oratorio di San Zenone",
        "religion": "christian",
        "@geometry": "center"
      },
      "geometry": {
        "type": "Point",
        "coordinates": [
          10.1361957,
          45.5972283
        ]
      },
      "id": "way/395450852"
    },
    {
      "type": "Feature",
      "properties": {
        "@id": "way/395576851",
        "addr:city": "Canale Monterano",
        "addr:country": "IT",
        "addr:place": "Montevirginio",
        "addr:postcode": "00060",
        "amenity": "community_centre",
        "building": "yes",
        "name": "Sala polivalente",
        "@geometry": "center"
      },
      "geometry": {
        "type": "Point",
        "coordinates": [
          12.1282992,
          42.1533927
        ]
      },
      "id": "way/395576851"
    },
    {
      "type": "Feature",
      "properties": {
        "@id": "way/396041296",
        "addr:city": "Marling - Marlengo",
        "addr:city:de": "Marling",
        "addr:city:it": "Marlengo",
        "addr:housenumber": "14/1",
        "addr:postcode": "39012",
        "addr:street": "Neuwiesenweg - Via Prati Nuovi",
        "amenity": "nightclub",
        "building": "yes",
        "contact:phone": "+39 0473 424040",
        "name": "Nörder's Musikantenstadl",
        "restaurant": "yes",
        "source": "https://musikantenstadl.it/",
        "source:date": "2022-12-11",
        "website": "https://musikantenstadl.it/",
        "@geometry": "center"
      },
      "geometry": {
        "type": "Point",
        "coordinates": [
          11.1517932,
          46.6517146
        ]
      },
      "id": "way/396041296"
    },
    {
      "type": "Feature",
      "properties": {
        "@id": "way/396267401",
        "website": "https://www.viperclub.eu/",
        "smoking": "no",
        "amenity": "nightclub",
        "building": "yes",
        "name": "Viper Theatre",
        "phone": "+39 055 019 5912",
        "@geometry": "center"
      },
      "geometry": {
        "type": "Point",
        "coordinates": [
          11.1758149,
          43.792679
        ]
      },
      "id": "way/396267401"
    },
    {
      "type": "Feature",
      "properties": {
        "@id": "way/396794698",
        "amenity": "community_centre",
        "building": "public",
        "building:levels": "2",
        "name": "Centro civico Comunale",
        "@geometry": "center"
      },
      "geometry": {
        "type": "Point",
        "coordinates": [
          9.1307332,
          45.405688
        ]
      },
      "id": "way/396794698"
    },
    {
      "type": "Feature",
      "properties": {
        "@id": "way/397043684",
        "amenity": "community_centre",
        "building": "public",
        "building:levels": "2",
        "community_centre:for": "senior",
        "name": "Centro Anziani",
        "@geometry": "center"
      },
      "geometry": {
        "type": "Point",
        "coordinates": [
          9.1307465,
          45.4052681
        ]
      },
      "id": "way/397043684"
    },
    {
      "type": "Feature",
      "properties": {
        "@id": "way/397297131",
        "amenity": "community_centre",
        "building": "yes",
        "@geometry": "center"
      },
      "geometry": {
        "type": "Point",
        "coordinates": [
          12.0374457,
          43.1336644
        ]
      },
      "id": "way/397297131"
    },
    {
      "type": "Feature",
      "properties": {
        "@id": "way/397319825",
        "amenity": "community_centre",
        "building": "yes",
        "building:levels": "2",
        "facebook": "https://www.facebook.com/casale.alba",
        "name": "Casale Alba 2",
        "website": "http://www.casalealba2.org/",
        "@geometry": "center"
      },
      "geometry": {
        "type": "Point",
        "coordinates": [
          12.563006,
          41.9333291
        ]
      },
      "id": "way/397319825"
    },
    {
      "type": "Feature",
      "properties": {
        "@id": "way/399709229",
        "addr:city": "Roma",
        "addr:housenumber": "716",
        "addr:postcode": "00138",
        "addr:street": "Via di Settebagni",
        "amenity": "nightclub",
        "building": "yes",
        "name": "Billions",
        "@geometry": "center"
      },
      "geometry": {
        "type": "Point",
        "coordinates": [
          12.5204742,
          41.9882125
        ]
      },
      "id": "way/399709229"
    },
    {
      "type": "Feature",
      "properties": {
        "@id": "way/400023297",
        "amenity": "community_centre",
        "building": "yes",
        "name": "Tavernola Bergamasca",
        "@geometry": "center"
      },
      "geometry": {
        "type": "Point",
        "coordinates": [
          10.0460679,
          45.7103215
        ]
      },
      "id": "way/400023297"
    },
    {
      "type": "Feature",
      "properties": {
        "@id": "way/400023298",
        "amenity": "community_centre",
        "building": "yes",
        "name": "Tavernola Bergamasca",
        "@geometry": "center"
      },
      "geometry": {
        "type": "Point",
        "coordinates": [
          10.0461882,
          45.7103809
        ]
      },
      "id": "way/400023298"
    },
    {
      "type": "Feature",
      "properties": {
        "@id": "way/401959725",
        "addr:housenumber": "271D",
        "addr:city": "Roma",
        "addr:postcode": "00144",
        "addr:street": "Viale dell'Oceano Atlantico",
        "amenity": "nightclub",
        "building": "yes",
        "name": "Atlantico",
        "@geometry": "center"
      },
      "geometry": {
        "type": "Point",
        "coordinates": [
          12.4648223,
          41.8191608
        ]
      },
      "id": "way/401959725"
    },
    {
      "type": "Feature",
      "properties": {
        "@id": "way/403231350",
        "amenity": "nightclub",
        "building": "yes",
        "name": "Dietro Le Quinte",
        "@geometry": "center"
      },
      "geometry": {
        "type": "Point",
        "coordinates": [
          8.2362157,
          44.9126976
        ]
      },
      "id": "way/403231350"
    },
    {
      "type": "Feature",
      "properties": {
        "@id": "way/403356390",
        "name": "I'M Industrie Musicali",
        "amenity": "nightclub",
        "building": "industrial",
        "@geometry": "center"
      },
      "geometry": {
        "type": "Point",
        "coordinates": [
          18.2942572,
          40.1365913
        ]
      },
      "id": "way/403356390"
    },
    {
      "type": "Feature",
      "properties": {
        "@id": "way/403443228",
        "addr:city": "Lainate",
        "addr:housenumber": "17",
        "addr:postcode": "20045",
        "addr:street": "Largo Vittorio Veneto",
        "addr:unit": "21",
        "amenity": "community_centre",
        "building": "civic",
        "building:levels": "4",
        "facebook": "https://www.facebook.com/Aristonurbancenter/",
        "name": "L'Ariston - Lainate Urban Center",
        "opening_hours": "Mo-Th 09:00-18:15; Fr 09:00-13:00; Sa 09:00-12:30,14:15-18:15; Su off",
        "opening_hours:url": "https://webopac.csbno.net/library/Lainate-l-Ariston/timetable",
        "website": "https://webopac.csbno.net/library/Lainate-l-Ariston/",
        "@geometry": "center"
      },
      "geometry": {
        "type": "Point",
        "coordinates": [
          9.025988,
          45.5705859
        ]
      },
      "id": "way/403443228"
    },
    {
      "type": "Feature",
      "properties": {
        "@id": "way/404063226",
        "amenity": "community_centre",
        "@geometry": "center"
      },
      "geometry": {
        "type": "Point",
        "coordinates": [
          11.6137737,
          44.9985206
        ]
      },
      "id": "way/404063226"
    },
    {
      "type": "Feature",
      "properties": {
        "@id": "way/404073331",
        "amenity": "community_centre",
        "@geometry": "center"
      },
      "geometry": {
        "type": "Point",
        "coordinates": [
          11.5872625,
          45.0309785
        ]
      },
      "id": "way/404073331"
    },
    {
      "type": "Feature",
      "properties": {
        "@id": "way/404786521",
        "amenity": "community_centre",
        "@geometry": "center"
      },
      "geometry": {
        "type": "Point",
        "coordinates": [
          11.6979111,
          45.0502023
        ]
      },
      "id": "way/404786521"
    },
    {
      "type": "Feature",
      "properties": {
        "@id": "way/404969236",
        "name": "Centro Polifunzionale",
        "amenity": "community_centre",
        "building": "yes",
        "@geometry": "center"
      },
      "geometry": {
        "type": "Point",
        "coordinates": [
          11.303808,
          46.162536
        ]
      },
      "id": "way/404969236"
    },
    {
      "type": "Feature",
      "properties": {
        "@id": "way/405217575",
        "amenity": "community_centre",
        "building": "yes",
        "name": "CSOA \"Scurìa\"",
        "@geometry": "center"
      },
      "geometry": {
        "type": "Point",
        "coordinates": [
          15.5571033,
          41.460534
        ]
      },
      "id": "way/405217575"
    },
    {
      "type": "Feature",
      "properties": {
        "@id": "way/405525186",
        "amenity": "community_centre",
        "@geometry": "center"
      },
      "geometry": {
        "type": "Point",
        "coordinates": [
          11.8844306,
          44.981301
        ]
      },
      "id": "way/405525186"
    },
    {
      "type": "Feature",
      "properties": {
        "@id": "way/406615513",
        "addr:housenumber": "12",
        "addr:postcode": "28053",
        "addr:street": "Via Vigevano",
        "amenity": "nightclub",
        "building": "yes",
        "name": "Gilda",
        "@geometry": "center"
      },
      "geometry": {
        "type": "Point",
        "coordinates": [
          8.6369278,
          45.7205654
        ]
      },
      "id": "way/406615513"
    },
    {
      "type": "Feature",
      "properties": {
        "@id": "way/406782460",
        "amenity": "community_centre",
        "leisure": "sports_centre",
        "name": "Oratorio Stella Maris",
        "sport": "soccer",
        "start_date": "2019",
        "wheelchair": "yes",
        "@geometry": "center"
      },
      "geometry": {
        "type": "Point",
        "coordinates": [
          8.514417,
          44.3304196
        ]
      },
      "id": "way/406782460"
    },
    {
      "type": "Feature",
      "properties": {
        "@id": "way/407429735",
        "amenity": "community_centre",
        "building": "yes",
        "name": "Circolo Unione",
        "@geometry": "center"
      },
      "geometry": {
        "type": "Point",
        "coordinates": [
          16.2780234,
          41.316935
        ]
      },
      "id": "way/407429735"
    },
    {
      "type": "Feature",
      "properties": {
        "@id": "way/407564929",
        "amenity": "community_centre",
        "building": "industrial",
        "name": "Gruppo Scout di Bisceglie",
        "@geometry": "center"
      },
      "geometry": {
        "type": "Point",
        "coordinates": [
          16.4904316,
          41.2327005
        ]
      },
      "id": "way/407564929"
    },
    {
      "type": "Feature",
      "properties": {
        "@id": "way/407569212",
        "amenity": "community_centre",
        "building": "yes",
        "name": "Gruppo Scout di Bisceglie",
        "@geometry": "center"
      },
      "geometry": {
        "type": "Point",
        "coordinates": [
          16.4905283,
          41.2327971
        ]
      },
      "id": "way/407569212"
    },
    {
      "type": "Feature",
      "properties": {
        "@id": "way/408140735",
        "amenity": "nightclub",
        "building": "yes",
        "name": "Barkabar",
        "@geometry": "center"
      },
      "geometry": {
        "type": "Point",
        "coordinates": [
          12.3162672,
          41.7145747
        ]
      },
      "id": "way/408140735"
    },
    {
      "type": "Feature",
      "properties": {
        "@id": "way/408563033",
        "amenity": "community_centre",
        "building": "civic",
        "name": "Oratorio san Rocco",
        "@geometry": "center"
      },
      "geometry": {
        "type": "Point",
        "coordinates": [
          9.1789298,
          45.7015672
        ]
      },
      "id": "way/408563033"
    },
    {
      "type": "Feature",
      "properties": {
        "@id": "way/408564570",
        "amenity": "social_centre",
        "@geometry": "center"
      },
      "geometry": {
        "type": "Point",
        "coordinates": [
          9.1786173,
          45.7022333
        ]
      },
      "id": "way/408564570"
    },
    {
      "type": "Feature",
      "properties": {
        "@id": "way/409139661",
        "addr:city": "Terlizzi",
        "addr:street": "Viale Aldo Moro",
        "amenity": "community_centre",
        "building": "yes",
        "name": "Centro Parrocchiale Santissima Maria della Stella",
        "@geometry": "center"
      },
      "geometry": {
        "type": "Point",
        "coordinates": [
          16.5512052,
          41.1324168
        ]
      },
      "id": "way/409139661"
    },
    {
      "type": "Feature",
      "properties": {
        "@id": "way/410142913",
        "club": "scout",
        "name": "Base Scout",
        "amenity": "community_centre",
        "building": "yes",
        "@geometry": "center"
      },
      "geometry": {
        "type": "Point",
        "coordinates": [
          16.7306306,
          40.868043
        ]
      },
      "id": "way/410142913"
    },
    {
      "type": "Feature",
      "properties": {
        "@id": "way/410516046",
        "addr:city": "Brugherio",
        "addr:postcode": "20861",
        "addr:street": "Viale Lombardia",
        "amenity": "community_centre",
        "building": "yes",
        "name": "IG (incontra giovani)",
        "@geometry": "center"
      },
      "geometry": {
        "type": "Point",
        "coordinates": [
          9.3002811,
          45.5558473
        ]
      },
      "id": "way/410516046"
    },
    {
      "type": "Feature",
      "properties": {
        "@id": "way/410801526",
        "amenity": "community_centre",
        "building": "yes",
        "@geometry": "center"
      },
      "geometry": {
        "type": "Point",
        "coordinates": [
          16.9182416,
          41.0670309
        ]
      },
      "id": "way/410801526"
    },
    {
      "type": "Feature",
      "properties": {
        "@id": "way/411357975",
        "amenity": "community_centre",
        "building": "yes",
        "community_centre": "parish_hall",
        "denomination": "catholic",
        "name": "Oratorio di Pisogne",
        "religion": "christian",
        "@geometry": "center"
      },
      "geometry": {
        "type": "Point",
        "coordinates": [
          10.107105,
          45.8053687
        ]
      },
      "id": "way/411357975"
    },
    {
      "type": "Feature",
      "properties": {
        "@id": "way/412762355",
        "addr:housenumber": "2/B",
        "amenity": "community_centre",
        "name": "Club Alpino Italiano Sezione di Conegliano",
        "opening_hours": "Tu 21:00-24:00",
        "phone": "+39 0438 24041",
        "addr:city": "Conegliano",
        "addr:postcode": "31015",
        "addr:street": "Via G. Rossini",
        "building": "yes",
        "@geometry": "center"
      },
      "geometry": {
        "type": "Point",
        "coordinates": [
          12.3000943,
          45.8830358
        ]
      },
      "id": "way/412762355"
    },
    {
      "type": "Feature",
      "properties": {
        "@id": "way/415078446",
        "addr:city": "Pozzuoli",
        "addr:housenumber": "161, 163",
        "addr:postcode": "80078",
        "addr:street": "Via Napoli",
        "amenity": "nightclub",
        "building": "yes",
        "name": "Brusco Wine & Audio Room",
        "@geometry": "center"
      },
      "geometry": {
        "type": "Point",
        "coordinates": [
          14.1552226,
          40.8179818
        ]
      },
      "id": "way/415078446"
    },
    {
      "type": "Feature",
      "properties": {
        "@id": "way/415224170",
        "amenity": "nightclub",
        "building": "yes",
        "name": "Chiringuito",
        "@geometry": "center"
      },
      "geometry": {
        "type": "Point",
        "coordinates": [
          10.7910705,
          45.1325562
        ]
      },
      "id": "way/415224170"
    },
    {
      "type": "Feature",
      "properties": {
        "@id": "way/415518499",
        "amenity": "community_centre",
        "building": "yes",
        "@geometry": "center"
      },
      "geometry": {
        "type": "Point",
        "coordinates": [
          13.8135309,
          41.3003957
        ]
      },
      "id": "way/415518499"
    },
    {
      "type": "Feature",
      "properties": {
        "@id": "way/416109081",
        "amenity": "nightclub",
        "building": "yes",
        "name": "Mascara",
        "@geometry": "center"
      },
      "geometry": {
        "type": "Point",
        "coordinates": [
          10.8053155,
          45.1779851
        ]
      },
      "id": "way/416109081"
    },
    {
      "type": "Feature",
      "properties": {
        "@id": "way/416109699",
        "amenity": "nightclub",
        "building": "yes",
        "name": "Icon",
        "@geometry": "center"
      },
      "geometry": {
        "type": "Point",
        "coordinates": [
          10.8414665,
          45.1555841
        ]
      },
      "id": "way/416109699"
    },
    {
      "type": "Feature",
      "properties": {
        "@id": "way/416517737",
        "addr:city": "Tolmezzo",
        "addr:postcode": "33028",
        "addr:street": "Via Venzone",
        "amenity": "community_centre",
        "building": "yes",
        "description": "Oratorio della parrocchia del Sacro Cuore di Gesù (Betania di Tolmezzo)",
        "name": "Oratorio",
        "@geometry": "center"
      },
      "geometry": {
        "type": "Point",
        "coordinates": [
          13.033155,
          46.3977965
        ]
      },
      "id": "way/416517737"
    },
    {
      "type": "Feature",
      "properties": {
        "@id": "way/418066053",
        "amenity": "nightclub",
        "building": "yes",
        "name": "Blue del Mar",
        "@geometry": "center"
      },
      "geometry": {
        "type": "Point",
        "coordinates": [
          8.316265,
          40.5534679
        ]
      },
      "id": "way/418066053"
    },
    {
      "type": "Feature",
      "properties": {
        "@id": "way/418524818",
        "addr:city": "Ascoli Piceno",
        "addr:postcode": "63100",
        "addr:street": "Largo dei Tigli",
        "building": "service",
        "amenity": "community_centre",
        "name": "Circolo Ricreativo Monticelli",
        "@geometry": "center"
      },
      "geometry": {
        "type": "Point",
        "coordinates": [
          13.62698,
          42.8484614
        ]
      },
      "id": "way/418524818"
    },
    {
      "type": "Feature",
      "properties": {
        "@id": "way/420245440",
        "name": "Centro Sociale Casteldariese",
        "building": "yes",
        "amenity": "community_centre",
        "@geometry": "center"
      },
      "geometry": {
        "type": "Point",
        "coordinates": [
          10.9767465,
          45.1880977
        ]
      },
      "id": "way/420245440"
    },
    {
      "type": "Feature",
      "properties": {
        "@id": "way/420381954",
        "alt_name": "Centro Polifunzionale",
        "amenity": "community_centre",
        "building": "yes",
        "name": "Officine 24 Community Lab",
        "@geometry": "center"
      },
      "geometry": {
        "type": "Point",
        "coordinates": [
          17.7164619,
          40.5543633
        ]
      },
      "id": "way/420381954"
    },
    {
      "type": "Feature",
      "properties": {
        "@id": "way/420755529",
        "religion": "christian",
        "name": "Oratorio dell'Immacolata",
        "building": "yes",
        "amenity": "community_centre",
        "@geometry": "center"
      },
      "geometry": {
        "type": "Point",
        "coordinates": [
          9.6644724,
          45.6901855
        ]
      },
      "id": "way/420755529"
    },
    {
      "type": "Feature",
      "properties": {
        "@id": "way/422354186",
        "amenity": "nightclub",
        "building": "yes",
        "name": "Dopolavoro",
        "@geometry": "center"
      },
      "geometry": {
        "type": "Point",
        "coordinates": [
          17.9388731,
          40.6350567
        ]
      },
      "id": "way/422354186"
    },
    {
      "type": "Feature",
      "properties": {
        "@id": "way/422908813",
        "amenity": "community_centre",
        "building": "yes",
        "name": "Centro Anziani",
        "@geometry": "center"
      },
      "geometry": {
        "type": "Point",
        "coordinates": [
          17.4278569,
          40.5447208
        ]
      },
      "id": "way/422908813"
    },
    {
      "type": "Feature",
      "properties": {
        "@id": "way/423004655",
        "amenity": "community_centre",
        "community_centre:for": "disabled",
        "phone": "+39 06 945412",
        "website": "http://www.villaggioeugeniolitta.org/",
        "addr:city": "Grottaferrata",
        "addr:country": "IT",
        "addr:housenumber": "13",
        "addr:postcode": "00046",
        "addr:street": "Via Anagnina",
        "name": "Villaggio Eugenio Litta",
        "operator": "Religiosi Camilliani Provincia Romana O.CC.RR.M.I.",
        "@geometry": "center"
      },
      "geometry": {
        "type": "Point",
        "coordinates": [
          12.657838,
          41.7964705
        ]
      },
      "id": "way/423004655"
    },
    {
      "type": "Feature",
      "properties": {
        "@id": "way/423119134",
        "amenity": "community_centre",
        "building": "yes",
        "@geometry": "center"
      },
      "geometry": {
        "type": "Point",
        "coordinates": [
          10.2297107,
          46.232011
        ]
      },
      "id": "way/423119134"
    },
    {
      "type": "Feature",
      "properties": {
        "@id": "way/423124900",
        "amenity": "community_centre",
        "building": "yes",
        "name": "Oratorio di Tirano",
        "@geometry": "center"
      },
      "geometry": {
        "type": "Point",
        "coordinates": [
          10.1702642,
          46.2154913
        ]
      },
      "id": "way/423124900"
    },
    {
      "type": "Feature",
      "properties": {
        "@id": "way/423809254",
        "amenity": "nightclub",
        "building": "yes",
        "name": "CLOROPHILLA CLIB",
        "@geometry": "center"
      },
      "geometry": {
        "type": "Point",
        "coordinates": [
          16.9215578,
          40.5322096
        ]
      },
      "id": "way/423809254"
    },
    {
      "type": "Feature",
      "properties": {
        "@id": "way/423820073",
        "wheelchair": "yes",
        "name": "CROMIE DISCO",
        "addr:city": "Castellaneta",
        "amenity": "nightclub",
        "building": "yes",
        "@geometry": "center"
      },
      "geometry": {
        "type": "Point",
        "coordinates": [
          16.9489508,
          40.4878152
        ]
      },
      "id": "way/423820073"
    },
    {
      "type": "Feature",
      "properties": {
        "@id": "way/424273342",
        "amenity": "social_centre",
        "building": "yes",
        "name": "Luglio Musicale",
        "@geometry": "center"
      },
      "geometry": {
        "type": "Point",
        "coordinates": [
          12.5157494,
          38.0182827
        ]
      },
      "id": "way/424273342"
    },
    {
      "type": "Feature",
      "properties": {
        "@id": "way/425550192",
        "amenity": "community_centre",
        "building": "yes",
        "name": "Centro servizi Alta Val di Sole",
        "@geometry": "center"
      },
      "geometry": {
        "type": "Point",
        "coordinates": [
          10.7379369,
          46.3063353
        ]
      },
      "id": "way/425550192"
    },
    {
      "type": "Feature",
      "properties": {
        "@id": "way/426097797",
        "website": "www.demodeclub.it",
        "operator": "Planet Snc",
        "name": "Demodè Club",
        "amenity": "nightclub",
        "addr:street": "Via dei Cedri",
        "addr:city": "Modugno",
        "addr:housenumber": "14",
        "addr:postcode": "70026",
        "@geometry": "center"
      },
      "geometry": {
        "type": "Point",
        "coordinates": [
          16.8234834,
          41.0713502
        ]
      },
      "id": "way/426097797"
    },
    {
      "type": "Feature",
      "properties": {
        "@id": "way/426540013",
        "amenity": "community_centre",
        "building": "yes",
        "community_centre": "parish_hall",
        "denomination": "catholic",
        "name": "Oratorio di Sarnico",
        "religion": "christian",
        "@geometry": "center"
      },
      "geometry": {
        "type": "Point",
        "coordinates": [
          9.9552979,
          45.6686577
        ]
      },
      "id": "way/426540013"
    },
    {
      "type": "Feature",
      "properties": {
        "@id": "way/426609509",
        "amenity": "community_centre",
        "building": "public",
        "community_centre": "cultural_centre",
        "name": "Centro civico Piersanti Mattarella",
        "wheelchair": "yes",
        "@geometry": "center"
      },
      "geometry": {
        "type": "Point",
        "coordinates": [
          12.168497,
          42.2565414
        ]
      },
      "id": "way/426609509"
    },
    {
      "type": "Feature",
      "properties": {
        "@id": "way/426740176",
        "amenity": "community_centre",
        "barrier": "fence",
        "fence_type": "metal",
        "name": "Incubatore Sociale",
        "@geometry": "center"
      },
      "geometry": {
        "type": "Point",
        "coordinates": [
          14.6754115,
          41.5541628
        ]
      },
      "id": "way/426740176"
    },
    {
      "type": "Feature",
      "properties": {
        "@id": "way/426749966",
        "amenity": "nightclub",
        "building": "yes",
        "name": "Area 51",
        "@geometry": "center"
      },
      "geometry": {
        "type": "Point",
        "coordinates": [
          8.9145618,
          44.7166792
        ]
      },
      "id": "way/426749966"
    },
    {
      "type": "Feature",
      "properties": {
        "@id": "way/427377580",
        "amenity": "community_centre",
        "building": "yes",
        "name": "Centro Polivalente",
        "wheelchair": "yes",
        "@geometry": "center"
      },
      "geometry": {
        "type": "Point",
        "coordinates": [
          12.1248862,
          42.1509401
        ]
      },
      "id": "way/427377580"
    },
    {
      "type": "Feature",
      "properties": {
        "@id": "way/427814901",
        "amenity": "nightclub",
        "name": "Village",
        "@geometry": "center"
      },
      "geometry": {
        "type": "Point",
        "coordinates": [
          9.6710372,
          45.0081529
        ]
      },
      "id": "way/427814901"
    },
    {
      "type": "Feature",
      "properties": {
        "@id": "way/427876269",
        "amenity": "community_centre",
        "community_centre": "youth_centre",
        "denomination": "roman_catholic",
        "name": "Oratorio San Giuseppe",
        "religion": "christian",
        "sport": "multi",
        "@geometry": "center"
      },
      "geometry": {
        "type": "Point",
        "coordinates": [
          9.0422292,
          45.5502579
        ]
      },
      "id": "way/427876269"
    },
    {
      "type": "Feature",
      "properties": {
        "@id": "way/430527114",
        "amenity": "community_centre",
        "@geometry": "center"
      },
      "geometry": {
        "type": "Point",
        "coordinates": [
          9.0656247,
          45.4256482
        ]
      },
      "id": "way/430527114"
    },
    {
      "type": "Feature",
      "properties": {
        "@id": "way/430601853",
        "amenity": "community_centre",
        "@geometry": "center"
      },
      "geometry": {
        "type": "Point",
        "coordinates": [
          9.0619408,
          45.4293454
        ]
      },
      "id": "way/430601853"
    },
    {
      "type": "Feature",
      "properties": {
        "@id": "way/431219763",
        "amenity": "community_centre",
        "name": "360 Trecentosessanta",
        "@geometry": "center"
      },
      "geometry": {
        "type": "Point",
        "coordinates": [
          9.0683816,
          45.4298073
        ]
      },
      "id": "way/431219763"
    },
    {
      "type": "Feature",
      "properties": {
        "@id": "way/431780750",
        "amenity": "community_centre",
        "building": "public",
        "name": "Palestra Lupo",
        "@geometry": "center"
      },
      "geometry": {
        "type": "Point",
        "coordinates": [
          15.0937319,
          37.5042396
        ]
      },
      "id": "way/431780750"
    },
    {
      "type": "Feature",
      "properties": {
        "@id": "way/432388873",
        "amenity": "community_centre",
        "name": "Associazione Bocciofila Trecate",
        "@geometry": "center"
      },
      "geometry": {
        "type": "Point",
        "coordinates": [
          7.6238238,
          45.0701533
        ]
      },
      "id": "way/432388873"
    },
    {
      "type": "Feature",
      "properties": {
        "@id": "way/432548552",
        "amenity": "community_centre",
        "building": "house",
        "name": "Libera Casa",
        "@geometry": "center"
      },
      "geometry": {
        "type": "Point",
        "coordinates": [
          9.0480004,
          45.4167301
        ]
      },
      "id": "way/432548552"
    },
    {
      "type": "Feature",
      "properties": {
        "@id": "way/434726063",
        "amenity": "community_centre",
        "leisure": "park",
        "name": "Centro Socio-Culturale Carlo Alberto dalla Chiesa",
        "@geometry": "center"
      },
      "geometry": {
        "type": "Point",
        "coordinates": [
          9.0625804,
          45.425376
        ]
      },
      "id": "way/434726063"
    },
    {
      "type": "Feature",
      "properties": {
        "@id": "way/434757007",
        "amenity": "community_centre",
        "name": "Oratorio San Lorenzo",
        "@geometry": "center"
      },
      "geometry": {
        "type": "Point",
        "coordinates": [
          9.0633975,
          45.424437
        ]
      },
      "id": "way/434757007"
    },
    {
      "type": "Feature",
      "properties": {
        "@id": "way/435253646",
        "amenity": "community_centre",
        "name": "Oratorio di Vanzago",
        "@geometry": "center"
      },
      "geometry": {
        "type": "Point",
        "coordinates": [
          8.9998598,
          45.5269945
        ]
      },
      "id": "way/435253646"
    },
    {
      "type": "Feature",
      "properties": {
        "@id": "way/435629964",
        "amenity": "community_centre",
        "@geometry": "center"
      },
      "geometry": {
        "type": "Point",
        "coordinates": [
          9.0552984,
          45.4257888
        ]
      },
      "id": "way/435629964"
    },
    {
      "type": "Feature",
      "properties": {
        "@id": "way/437789707",
        "amenity": "community_centre",
        "name": "Oratorio di Sant'Alessandro della Croce",
        "religion": "christian",
        "building": "yes",
        "@geometry": "center"
      },
      "geometry": {
        "type": "Point",
        "coordinates": [
          9.6724577,
          45.6994472
        ]
      },
      "id": "way/437789707"
    },
    {
      "type": "Feature",
      "properties": {
        "@id": "way/438417800",
        "amenity": "community_centre",
        "name": "Oratorio Chioso Bini",
        "@geometry": "center"
      },
      "geometry": {
        "type": "Point",
        "coordinates": [
          8.3879235,
          45.6326806
        ]
      },
      "id": "way/438417800"
    },
    {
      "type": "Feature",
      "properties": {
        "@id": "way/438783472",
        "amenity": "community_centre",
        "building": "yes",
        "name": "Centro di valorizzazione",
        "@geometry": "center"
      },
      "geometry": {
        "type": "Point",
        "coordinates": [
          13.0920744,
          42.7918828
        ]
      },
      "id": "way/438783472"
    },
    {
      "type": "Feature",
      "properties": {
        "@id": "way/438884092",
        "amenity": "community_centre",
        "building": "yes",
        "community_centre": "parish_hall",
        "denomination": "catholic",
        "name": "Oratorio di San Giovanni Bosco",
        "religion": "christian",
        "@geometry": "center"
      },
      "geometry": {
        "type": "Point",
        "coordinates": [
          9.9958937,
          45.5666432
        ]
      },
      "id": "way/438884092"
    },
    {
      "type": "Feature",
      "properties": {
        "@id": "way/439872714",
        "amenity": "community_centre",
        "building": "yes",
        "name": "Don Gennaro Toti",
        "@geometry": "center"
      },
      "geometry": {
        "type": "Point",
        "coordinates": [
          14.0858322,
          41.6247014
        ]
      },
      "id": "way/439872714"
    },
    {
      "type": "Feature",
      "properties": {
        "@id": "way/440006938",
        "addr:city": "Rivalta di Torino",
        "addr:housename": "Centro Incontri Il Mulino",
        "addr:postcode": "10040",
        "addr:street": "Via Balegno",
        "amenity": "community_centre",
        "building": "yes",
        "name": "Mulino",
        "@geometry": "center"
      },
      "geometry": {
        "type": "Point",
        "coordinates": [
          7.5268782,
          45.0298782
        ]
      },
      "id": "way/440006938"
    },
    {
      "type": "Feature",
      "properties": {
        "@id": "way/440186392",
        "amenity": "community_centre",
        "building": "yes",
        "name": "Centro giovanile",
        "@geometry": "center"
      },
      "geometry": {
        "type": "Point",
        "coordinates": [
          12.8572921,
          42.4100275
        ]
      },
      "id": "way/440186392"
    },
    {
      "type": "Feature",
      "properties": {
        "@id": "way/440326632",
        "addr:city": "Benevento",
        "addr:postcode": "82100",
        "amenity": "nightclub",
        "building": "yes",
        "name": "Sayonara Luxury Disco",
        "@geometry": "center"
      },
      "geometry": {
        "type": "Point",
        "coordinates": [
          14.7690346,
          41.1482818
        ]
      },
      "id": "way/440326632"
    },
    {
      "type": "Feature",
      "properties": {
        "@id": "way/440353829",
        "amenity": "social_centre",
        "landuse": "religious",
        "name": "Albagnano Healing Meditation Centre",
        "religion": "buddhist",
        "website": "http://ahmc.ngalso.net",
        "@geometry": "center"
      },
      "geometry": {
        "type": "Point",
        "coordinates": [
          8.5912311,
          45.9644533
        ]
      },
      "id": "way/440353829"
    },
    {
      "type": "Feature",
      "properties": {
        "@id": "way/440387397",
        "amenity": "community_centre",
        "building": "yes",
        "name": "AUSER",
        "@geometry": "center"
      },
      "geometry": {
        "type": "Point",
        "coordinates": [
          10.7878104,
          45.194239
        ]
      },
      "id": "way/440387397"
    },
    {
      "type": "Feature",
      "properties": {
        "@id": "way/440494892",
        "amenity": "community_centre",
        "name": "Oratorio San Giovanni Bosco",
        "@geometry": "center"
      },
      "geometry": {
        "type": "Point",
        "coordinates": [
          8.4540032,
          45.732732
        ]
      },
      "id": "way/440494892"
    },
    {
      "type": "Feature",
      "properties": {
        "@id": "way/440929866",
        "amenity": "community_centre",
        "building": "yes",
        "club": "veterans",
        "name": "Gruppo Alpini Aprica - Sezione di Tirano",
        "source": "survey",
        "source:geometry": "bing",
        "@geometry": "center"
      },
      "geometry": {
        "type": "Point",
        "coordinates": [
          10.1442346,
          46.1501493
        ]
      },
      "id": "way/440929866"
    },
    {
      "type": "Feature",
      "properties": {
        "@id": "way/442608285",
        "amenity": "community_centre",
        "name": "C.S.C. di Borgo Palazzo - Comune di Bergamo",
        "building": "yes",
        "@geometry": "center"
      },
      "geometry": {
        "type": "Point",
        "coordinates": [
          9.6801308,
          45.6978261
        ]
      },
      "id": "way/442608285"
    },
    {
      "type": "Feature",
      "properties": {
        "@id": "way/442839812",
        "amenity": "nightclub",
        "name": "Oxidiana",
        "@geometry": "center"
      },
      "geometry": {
        "type": "Point",
        "coordinates": [
          11.9284181,
          36.8182644
        ]
      },
      "id": "way/442839812"
    },
    {
      "type": "Feature",
      "properties": {
        "@id": "way/443077383",
        "amenity": "community_centre",
        "building": "civic",
        "name": "Schützenkompanie Marling",
        "source": "survey",
        "@geometry": "center"
      },
      "geometry": {
        "type": "Point",
        "coordinates": [
          11.1397883,
          46.6552078
        ]
      },
      "id": "way/443077383"
    },
    {
      "type": "Feature",
      "properties": {
        "@id": "way/443333025",
        "amenity": "community_centre",
        "building": "yes",
        "name": "Centro Sociale Polivalente \"Attilio Simonetti\"",
        "@geometry": "center"
      },
      "geometry": {
        "type": "Point",
        "coordinates": [
          12.0694433,
          41.9512049
        ]
      },
      "id": "way/443333025"
    },
    {
      "type": "Feature",
      "properties": {
        "@id": "way/443386028",
        "amenity": "nightclub",
        "name": "Habana",
        "@geometry": "center"
      },
      "geometry": {
        "type": "Point",
        "coordinates": [
          7.379434,
          45.0929046
        ]
      },
      "id": "way/443386028"
    },
    {
      "type": "Feature",
      "properties": {
        "@id": "way/445062843",
        "building": "public",
        "name": "Oratorio",
        "amenity": "community_centre",
        "@geometry": "center"
      },
      "geometry": {
        "type": "Point",
        "coordinates": [
          9.6026273,
          45.5858998
        ]
      },
      "id": "way/445062843"
    },
    {
      "type": "Feature",
      "properties": {
        "@id": "way/445219549",
        "amenity": "social_centre",
        "name": "Villaggio della Legalità \"Serafino Famà\"",
        "@geometry": "center"
      },
      "geometry": {
        "type": "Point",
        "coordinates": [
          12.8159988,
          41.4356038
        ]
      },
      "id": "way/445219549"
    },
    {
      "type": "Feature",
      "properties": {
        "@id": "way/445297376",
        "amenity": "community_centre",
        "building": "yes",
        "name": "Pro Loco Casella",
        "@geometry": "center"
      },
      "geometry": {
        "type": "Point",
        "coordinates": [
          8.9969569,
          44.5337909
        ]
      },
      "id": "way/445297376"
    },
    {
      "type": "Feature",
      "properties": {
        "@id": "way/446360691",
        "amenity": "community_centre",
        "building": "yes",
        "building:levels": "1",
        "name": "Sala Civica Peppino Impastato",
        "name:etymology:wikidata": "Q982793",
        "@geometry": "center"
      },
      "geometry": {
        "type": "Point",
        "coordinates": [
          8.7396351,
          45.6747559
        ]
      },
      "id": "way/446360691"
    },
    {
      "type": "Feature",
      "properties": {
        "@id": "way/446480905",
        "amenity": "community_centre",
        "name": "Centro Civico Cederna",
        "@geometry": "center"
      },
      "geometry": {
        "type": "Point",
        "coordinates": [
          9.3016924,
          45.5803923
        ]
      },
      "id": "way/446480905"
    },
    {
      "type": "Feature",
      "properties": {
        "@id": "way/449724700",
        "amenity": "community_centre",
        "building": "yes",
        "name": "Lancianoforum",
        "@geometry": "center"
      },
      "geometry": {
        "type": "Point",
        "coordinates": [
          13.034586,
          43.1884807
        ]
      },
      "id": "way/449724700"
    },
    {
      "type": "Feature",
      "properties": {
        "@id": "way/450256761",
        "amenity": "community_centre",
        "building": "yes",
        "name": "Centro Sociale - Italo Lucci",
        "@geometry": "center"
      },
      "geometry": {
        "type": "Point",
        "coordinates": [
          13.0453216,
          42.7512285
        ]
      },
      "id": "way/450256761"
    },
    {
      "type": "Feature",
      "properties": {
        "@id": "way/450404260",
        "amenity": "community_centre",
        "building": "public",
        "community_centre": "parish_hall",
        "denomination": "catholic",
        "name": "Oratorio Villaggio Gnutti",
        "religion": "christian",
        "@geometry": "center"
      },
      "geometry": {
        "type": "Point",
        "coordinates": [
          10.2481576,
          45.6510883
        ]
      },
      "id": "way/450404260"
    },
    {
      "type": "Feature",
      "properties": {
        "@id": "way/451766440",
        "website": "portomantovano1.it",
        "amenity": "community_centre",
        "building": "yes",
        "name": "Agesci Porto Mantovano 1°",
        "@geometry": "center"
      },
      "geometry": {
        "type": "Point",
        "coordinates": [
          10.7891728,
          45.1878452
        ]
      },
      "id": "way/451766440"
    },
    {
      "type": "Feature",
      "properties": {
        "@id": "way/452085609",
        "amenity": "community_centre",
        "name": "Opere parrocchiali",
        "old_name": "Chiesa di Santa Maria Immacolata e San Giovanni Battista",
        "@geometry": "center"
      },
      "geometry": {
        "type": "Point",
        "coordinates": [
          8.6833056,
          44.4034427
        ]
      },
      "id": "way/452085609"
    },
    {
      "type": "Feature",
      "properties": {
        "@id": "way/453554853",
        "wheelchair": "yes",
        "smoking": "no",
        "name": "Piastra Pendolina",
        "email": "piastrapendolina@gmail.com",
        "phone": "+39 333 6632994",
        "website": "http://facebook.com/piastrapendolina",
        "addr:city": "Brescia",
        "addr:housenumber": "5",
        "addr:postcode": "25127",
        "addr:street": "Via Ragazzi del '99",
        "amenity": "community_centre",
        "building": "public",
        "building:levels": "1",
        "community_centre:for": "juvenile",
        "description:it": "Spazio giovani del Comune di Brescia, aperto a ragazzi e ragazze tra i 14 e i 25 anni. Sala pc, wifi, spazi per attività, studio di registrazione, laoratori tematici. Accesso e partecipazione alle attività gratuiti.",
        "image": "http://bresciagiovani.it/wp/wp-content/uploads/2016/01/piastrapendolina-spaziogiovani.jpg",
        "@geometry": "center"
      },
      "geometry": {
        "type": "Point",
        "coordinates": [
          10.2073117,
          45.567509
        ]
      },
      "id": "way/453554853"
    },
    {
      "type": "Feature",
      "properties": {
        "@id": "way/455529045",
        "amenity": "community_centre",
        "@geometry": "center"
      },
      "geometry": {
        "type": "Point",
        "coordinates": [
          9.0340441,
          45.4054241
        ]
      },
      "id": "way/455529045"
    },
    {
      "type": "Feature",
      "properties": {
        "@id": "way/455692682",
        "amenity": "community_centre",
        "building": "yes",
        "name": "Casa del popolo \"Santa Libera\"",
        "@geometry": "center"
      },
      "geometry": {
        "type": "Point",
        "coordinates": [
          8.2026876,
          44.8962198
        ]
      },
      "id": "way/455692682"
    },
    {
      "type": "Feature",
      "properties": {
        "@id": "way/456606976",
        "alt_name": "Centro Socio-Sanitario",
        "amenity": "community_centre",
        "name": "Centro Sociosanitario",
        "@geometry": "center"
      },
      "geometry": {
        "type": "Point",
        "coordinates": [
          9.0428417,
          45.4072465
        ]
      },
      "id": "way/456606976"
    },
    {
      "type": "Feature",
      "properties": {
        "@id": "way/457204665",
        "amenity": "community_centre",
        "name": "Centro Sociale Luigi Taverna",
        "@geometry": "center"
      },
      "geometry": {
        "type": "Point",
        "coordinates": [
          9.0544022,
          45.4104435
        ]
      },
      "id": "way/457204665"
    },
    {
      "type": "Feature",
      "properties": {
        "@id": "way/457307888",
        "amenity": "nightclub",
        "building": "retail",
        "name": "Red Clubbing",
        "@geometry": "center"
      },
      "geometry": {
        "type": "Point",
        "coordinates": [
          10.5466577,
          45.5657984
        ]
      },
      "id": "way/457307888"
    },
    {
      "type": "Feature",
      "properties": {
        "@id": "way/457339857",
        "amenity": "community_centre",
        "building": "yes",
        "name": "Centro sociale di Capro",
        "@geometry": "center"
      },
      "geometry": {
        "type": "Point",
        "coordinates": [
          12.602054,
          42.9504338
        ]
      },
      "id": "way/457339857"
    },
    {
      "type": "Feature",
      "properties": {
        "@id": "way/457412900",
        "amenity": "community_centre",
        "building": "yes",
        "name": "centro sociale di Bevagna",
        "@geometry": "center"
      },
      "geometry": {
        "type": "Point",
        "coordinates": [
          12.6132022,
          42.9385143
        ]
      },
      "id": "way/457412900"
    },
    {
      "type": "Feature",
      "properties": {
        "@id": "way/458114763",
        "amenity": "community_centre",
        "name": "Oratorio Vigano Certosino",
        "@geometry": "center"
      },
      "geometry": {
        "type": "Point",
        "coordinates": [
          9.0262148,
          45.3779756
        ]
      },
      "id": "way/458114763"
    },
    {
      "type": "Feature",
      "properties": {
        "@id": "way/458114871",
        "amenity": "community_centre",
        "community_centre:for": "family",
        "name": "MAMBRE",
        "@geometry": "center"
      },
      "geometry": {
        "type": "Point",
        "coordinates": [
          9.0260408,
          45.3789328
        ]
      },
      "id": "way/458114871"
    },
    {
      "type": "Feature",
      "properties": {
        "@id": "way/458119119",
        "amenity": "community_centre",
        "community_centre": "parish_hall",
        "denomination": "catholic",
        "name": "Oratorio",
        "religion": "christian",
        "@geometry": "center"
      },
      "geometry": {
        "type": "Point",
        "coordinates": [
          9.1459172,
          45.7861377
        ]
      },
      "id": "way/458119119"
    },
    {
      "type": "Feature",
      "properties": {
        "@id": "way/458477827",
        "amenity": "community_centre",
        "name": "Centro insieme",
        "@geometry": "center"
      },
      "geometry": {
        "type": "Point",
        "coordinates": [
          10.6114832,
          44.6779724
        ]
      },
      "id": "way/458477827"
    },
    {
      "type": "Feature",
      "properties": {
        "@id": "way/458503275",
        "amenity": "community_centre",
        "building": "yes",
        "community_centre": "juvenile",
        "name": "Oratorio",
        "@geometry": "center"
      },
      "geometry": {
        "type": "Point",
        "coordinates": [
          8.5723929,
          45.729676
        ]
      },
      "id": "way/458503275"
    },
    {
      "type": "Feature",
      "properties": {
        "@id": "way/458576961",
        "amenity": "community_centre",
        "name": "Circolo Arci Pablo Neruda",
        "@geometry": "center"
      },
      "geometry": {
        "type": "Point",
        "coordinates": [
          10.5178502,
          44.7389849
        ]
      },
      "id": "way/458576961"
    },
    {
      "type": "Feature",
      "properties": {
        "@id": "way/458715846",
        "amenity": "community_centre",
        "building": "government",
        "name": "NewStaz",
        "opening_hours": "Mo-Fr 09:30-22:00; Sa 08:30-16:00",
        "website": "https://www.newstaz.it/newstaz/",
        "@geometry": "center"
      },
      "geometry": {
        "type": "Point",
        "coordinates": [
          11.1937856,
          43.7680876
        ]
      },
      "id": "way/458715846"
    },
    {
      "type": "Feature",
      "properties": {
        "@id": "way/459067762",
        "addr:city": "Sant'Antioco",
        "addr:housenumber": "111",
        "addr:postcode": "09017",
        "addr:street": "Via Regina Margherita",
        "amenity": "community_centre",
        "building": "yes",
        "building:levels": "0",
        "name": "Monte Granatico",
        "operator": "Comune",
        "tourism": "museum",
        "wheelchair": "no",
        "@geometry": "center"
      },
      "geometry": {
        "type": "Point",
        "coordinates": [
          8.451956,
          39.0697991
        ]
      },
      "id": "way/459067762"
    },
    {
      "type": "Feature",
      "properties": {
        "@id": "way/459630925",
        "amenity": "nightclub",
        "building": "yes",
        "name": "Medusa",
        "@geometry": "center"
      },
      "geometry": {
        "type": "Point",
        "coordinates": [
          14.1973812,
          42.483947
        ]
      },
      "id": "way/459630925"
    },
    {
      "type": "Feature",
      "properties": {
        "@id": "way/459882755",
        "amenity": "community_centre",
        "building": "yes",
        "@geometry": "center"
      },
      "geometry": {
        "type": "Point",
        "coordinates": [
          8.5853925,
          45.7139974
        ]
      },
      "id": "way/459882755"
    },
    {
      "type": "Feature",
      "properties": {
        "@id": "way/460184629",
        "addr:city": "Castelletto sopra Ticino",
        "addr:housenumber": "118",
        "addr:postcode": "28053",
        "addr:street": "Via Beati",
        "amenity": "community_centre",
        "building": "yes",
        "name": "Sala Polivalente \"ex scuola Pozzola\"",
        "operator": "Comune di Castelletto Sopra Ticino",
        "@geometry": "center"
      },
      "geometry": {
        "type": "Point",
        "coordinates": [
          8.6123718,
          45.7174311
        ]
      },
      "id": "way/460184629"
    },
    {
      "type": "Feature",
      "properties": {
        "@id": "way/461544774",
        "amenity": "social_centre",
        "building": "yes",
        "name": "Sonoria",
        "@geometry": "center"
      },
      "geometry": {
        "type": "Point",
        "coordinates": [
          11.1961735,
          43.7798188
        ]
      },
      "id": "way/461544774"
    },
    {
      "type": "Feature",
      "properties": {
        "@id": "way/461544805",
        "amenity": "social_centre",
        "building": "yes",
        "@geometry": "center"
      },
      "geometry": {
        "type": "Point",
        "coordinates": [
          11.195782,
          43.7799719
        ]
      },
      "id": "way/461544805"
    },
    {
      "type": "Feature",
      "properties": {
        "@id": "way/461721824",
        "website": "https://sanbartoloacintoia.wordpress.com",
        "addr:housenumber": "95",
        "addr:postcode": "50142",
        "addr:street": "Via di San Bartolo a Cintoia",
        "amenity": "social_centre",
        "building": "yes",
        "email": "cdpsanbartolo@gmail.com",
        "name": "Casa del Popolo di San Bartolo a Cintoia",
        "phone": "+39055786356",
        "@geometry": "center"
      },
      "geometry": {
        "type": "Point",
        "coordinates": [
          11.1901515,
          43.7787787
        ]
      },
      "id": "way/461721824"
    },
    {
      "type": "Feature",
      "properties": {
        "@id": "way/462146643",
        "amenity": "community_centre",
        "building": "yes",
        "name": "Taulac",
        "@geometry": "center"
      },
      "geometry": {
        "type": "Point",
        "coordinates": [
          11.9570489,
          46.4817975
        ]
      },
      "id": "way/462146643"
    },
    {
      "type": "Feature",
      "properties": {
        "@id": "way/462220952",
        "addr:city": "Cornaredo",
        "addr:housenumber": "31",
        "addr:postcode": "20007",
        "addr:street": "Via Brera",
        "amenity": "community_centre",
        "name": "Centro Polivalente Il Melograno",
        "phone": "+390293263300",
        "@geometry": "center"
      },
      "geometry": {
        "type": "Point",
        "coordinates": [
          9.0295106,
          45.4989465
        ]
      },
      "id": "way/462220952"
    },
    {
      "type": "Feature",
      "properties": {
        "@id": "way/462656317",
        "amenity": "community_centre",
        "building": "yes",
        "name": "Auditorium Madre di Misericordia e Madre di Speranza",
        "@geometry": "center"
      },
      "geometry": {
        "type": "Point",
        "coordinates": [
          10.2633159,
          45.9931962
        ]
      },
      "id": "way/462656317"
    },
    {
      "type": "Feature",
      "properties": {
        "@id": "way/463507111",
        "amenity": "community_centre",
        "name": "Oratorio Santi Apostoli",
        "@geometry": "center"
      },
      "geometry": {
        "type": "Point",
        "coordinates": [
          8.8614682,
          45.6204246
        ]
      },
      "id": "way/463507111"
    },
    {
      "type": "Feature",
      "properties": {
        "@id": "way/463522965",
        "amenity": "community_centre",
        "denomination": "catholic",
        "name": "Oratorio beato Pier Giorgio Frassati",
        "name:etymology:wikidata": "Q679784",
        "religion": "christian",
        "@geometry": "center"
      },
      "geometry": {
        "type": "Point",
        "coordinates": [
          8.8566281,
          45.5866147
        ]
      },
      "id": "way/463522965"
    },
    {
      "type": "Feature",
      "properties": {
        "@id": "way/463631138",
        "amenity": "community_centre",
        "name": "Oratorio San Giovanni Bosco",
        "name:etymology:wikidata": "Q146183",
        "@geometry": "center"
      },
      "geometry": {
        "type": "Point",
        "coordinates": [
          8.8596929,
          45.6018662
        ]
      },
      "id": "way/463631138"
    },
    {
      "type": "Feature",
      "properties": {
        "@id": "way/463632763",
        "amenity": "community_centre",
        "name": "Oratorio Sant'Edoardo",
        "name:etymology:wikidata": "Q130005",
        "@geometry": "center"
      },
      "geometry": {
        "type": "Point",
        "coordinates": [
          8.8591089,
          45.6036831
        ]
      },
      "id": "way/463632763"
    },
    {
      "type": "Feature",
      "properties": {
        "@id": "way/463697281",
        "amenity": "community_centre",
        "community_centre": "parish_hall",
        "denomination": "catholic",
        "name": "Oratorio Giovanni Paolo II",
        "name:etymology:wikidata": "Q989",
        "religion": "christian",
        "@geometry": "center"
      },
      "geometry": {
        "type": "Point",
        "coordinates": [
          8.8641739,
          45.6114997
        ]
      },
      "id": "way/463697281"
    },
    {
      "type": "Feature",
      "properties": {
        "@id": "way/463697282",
        "amenity": "community_centre",
        "name": "Oratorio San Luigi",
        "@geometry": "center"
      },
      "geometry": {
        "type": "Point",
        "coordinates": [
          8.853947,
          45.6155445
        ]
      },
      "id": "way/463697282"
    },
    {
      "type": "Feature",
      "properties": {
        "@id": "way/464199219",
        "addr:city": "Bollate",
        "addr:housenumber": "10",
        "addr:postcode": "20021",
        "addr:street": "Via Archimede",
        "amenity": "community_centre",
        "denomination": "roman_catholic",
        "name": "Oratorio San Giovanni Bosco",
        "opening_hours": "Mo-Fr 15:00-19:00; Sa 08:00-12:00,15:00-19:00; Su 09:00-12:00,14:30-17:00; Mo off",
        "phone": "+390299202594",
        "religion": "christian",
        "@geometry": "center"
      },
      "geometry": {
        "type": "Point",
        "coordinates": [
          9.1380554,
          45.5589527
        ]
      },
      "id": "way/464199219"
    },
    {
      "type": "Feature",
      "properties": {
        "@id": "way/464412592",
        "amenity": "nightclub",
        "building": "yes",
        "name": "LatinGold Disco Club",
        "@geometry": "center"
      },
      "geometry": {
        "type": "Point",
        "coordinates": [
          17.694876,
          40.6414071
        ]
      },
      "id": "way/464412592"
    },
    {
      "type": "Feature",
      "properties": {
        "@id": "way/464432359",
        "addr:city": "Firenze",
        "addr:housenumber": "157",
        "addr:postcode": "50142",
        "addr:street": "Via Lunga",
        "amenity": "community_centre",
        "building": "yes",
        "name": "Circolo ARCI Le Torri",
        "operator": "ARCI",
        "operator:type": "association",
        "@geometry": "center"
      },
      "geometry": {
        "type": "Point",
        "coordinates": [
          11.2031458,
          43.7747418
        ]
      },
      "id": "way/464432359"
    },
    {
      "type": "Feature",
      "properties": {
        "@id": "way/464694289",
        "amenity": "community_centre",
        "building": "government",
        "@geometry": "center"
      },
      "geometry": {
        "type": "Point",
        "coordinates": [
          11.2849332,
          43.7589943
        ]
      },
      "id": "way/464694289"
    },
    {
      "type": "Feature",
      "properties": {
        "@id": "way/464728012",
        "amenity": "community_centre",
        "building": "yes",
        "name": "Colonia estiva",
        "@geometry": "center"
      },
      "geometry": {
        "type": "Point",
        "coordinates": [
          7.748096,
          45.5021829
        ]
      },
      "id": "way/464728012"
    },
    {
      "type": "Feature",
      "properties": {
        "@id": "way/465666361",
        "alt_name": "S.M.S. Careggi",
        "amenity": "community_centre",
        "building": "yes",
        "name": "Società Mutuo Soccorso Careggi",
        "website": "http://www.smscareggi.it/",
        "@geometry": "center"
      },
      "geometry": {
        "type": "Point",
        "coordinates": [
          11.2549594,
          43.8092334
        ]
      },
      "id": "way/465666361"
    },
    {
      "type": "Feature",
      "properties": {
        "@id": "way/465869686",
        "amenity": "community_centre",
        "building": "yes",
        "name": "Il Tempio",
        "@geometry": "center"
      },
      "geometry": {
        "type": "Point",
        "coordinates": [
          10.9212395,
          43.931989
        ]
      },
      "id": "way/465869686"
    },
    {
      "type": "Feature",
      "properties": {
        "@id": "way/466481447",
        "amenity": "community_centre",
        "website": "https://www.villinorossi.it/",
        "addr:city": "Povolaro",
        "addr:housenumber": "3",
        "addr:postcode": "36031",
        "addr:street": "Via Molinetto",
        "building": "yes",
        "name": "Villino Rossi",
        "operator": "Comitato di Gestione Villino Rossi",
        "operator:type": "private",
        "@geometry": "center"
      },
      "geometry": {
        "type": "Point",
        "coordinates": [
          11.5744777,
          45.6263995
        ]
      },
      "id": "way/466481447"
    },
    {
      "type": "Feature",
      "properties": {
        "@id": "way/466481807",
        "amenity": "community_centre",
        "building": "civic",
        "name": "Oratorio don Bosco",
        "@geometry": "center"
      },
      "geometry": {
        "type": "Point",
        "coordinates": [
          11.5743189,
          45.6432371
        ]
      },
      "id": "way/466481807"
    },
    {
      "type": "Feature",
      "properties": {
        "@id": "way/466482769",
        "wheelchair": "yes",
        "operator": "Comune di Dueville",
        "addr:city": "Dueville",
        "addr:housenumber": "35",
        "addr:postcode": "36031",
        "addr:street": "Via G. Rossi",
        "amenity": "community_centre",
        "building": "yes",
        "name": "Centro Rinaldo Arnaldi",
        "@geometry": "center"
      },
      "geometry": {
        "type": "Point",
        "coordinates": [
          11.5478024,
          45.6373689
        ]
      },
      "id": "way/466482769"
    },
    {
      "type": "Feature",
      "properties": {
        "@id": "way/466482787",
        "name": "Centro civico \"Antonio Fogazzaro\"",
        "building": "yes",
        "amenity": "social_centre",
        "@geometry": "center"
      },
      "geometry": {
        "type": "Point",
        "coordinates": [
          11.5492756,
          45.6370896
        ]
      },
      "id": "way/466482787"
    },
    {
      "type": "Feature",
      "properties": {
        "@id": "way/466483184",
        "amenity": "community_centre",
        "website": "https://www.villinorossi.it/",
        "addr:city": "Povolaro",
        "addr:housenumber": "3",
        "addr:postcode": "36031",
        "addr:street": "Via Molinetto",
        "building": "yes",
        "name": "Villino Rossi",
        "operator": "Comitato di Gestione Villino Rossi",
        "operator:type": "private",
        "@geometry": "center"
      },
      "geometry": {
        "type": "Point",
        "coordinates": [
          11.5740323,
          45.6264587
        ]
      },
      "id": "way/466483184"
    },
    {
      "type": "Feature",
      "properties": {
        "@id": "way/466483558",
        "addr:city": "Passo di Riva",
        "addr:postcode": "36031",
        "addr:street": "Via Adige",
        "amenity": "community_centre",
        "building": "yes",
        "name": "Centro civico Renzo Pezzani",
        "@geometry": "center"
      },
      "geometry": {
        "type": "Point",
        "coordinates": [
          11.5740879,
          45.6418289
        ]
      },
      "id": "way/466483558"
    },
    {
      "type": "Feature",
      "properties": {
        "@id": "way/466484045",
        "addr:housenumber": "24",
        "addr:street": "Via Roma",
        "amenity": "social_centre",
        "building": "yes",
        "name": "Casa Busnelli",
        "operator": "Comune di Dueville",
        "@geometry": "center"
      },
      "geometry": {
        "type": "Point",
        "coordinates": [
          11.5472162,
          45.6344026
        ]
      },
      "id": "way/466484045"
    },
    {
      "type": "Feature",
      "properties": {
        "@id": "way/466484056",
        "addr:street": "piazza Monza",
        "addr:city": "Dueville",
        "addr:housenumber": "48",
        "addr:postcode": "36031",
        "amenity": "community_centre",
        "building": "yes",
        "name": "Oratorio Santa Maria - Barchessa Monza",
        "@geometry": "center"
      },
      "geometry": {
        "type": "Point",
        "coordinates": [
          11.5481331,
          45.6345269
        ]
      },
      "id": "way/466484056"
    },
    {
      "type": "Feature",
      "properties": {
        "@id": "way/467042690",
        "addr:city": "Erba",
        "addr:postcode": "22036",
        "addr:street": "Via San Giorgio",
        "amenity": "community_centre",
        "building": "yes",
        "name": "Oratorio di Crevenna",
        "@geometry": "center"
      },
      "geometry": {
        "type": "Point",
        "coordinates": [
          9.2155732,
          45.8166449
        ]
      },
      "id": "way/467042690"
    },
    {
      "type": "Feature",
      "properties": {
        "@id": "way/468337579",
        "website": "http://www.parrocchiacusago.it",
        "amenity": "community_centre",
        "name": "Oratorio dei Santi Fermo e Rustico",
        "@geometry": "center"
      },
      "geometry": {
        "type": "Point",
        "coordinates": [
          9.0344954,
          45.445689
        ]
      },
      "id": "way/468337579"
    },
    {
      "type": "Feature",
      "properties": {
        "@id": "way/468527394",
        "website": "www.loppiano.it/auditorium/C/auditorium",
        "amenity": "community_centre",
        "building": "yes",
        "email": "accoglienza@loppiano.it",
        "image": "https://it.wikiloc.com/percorsi-cammino/loppiano-fattoria-di-tracolle-e-lago-borri-il-ferrale-torrione-anello-95478698/photo-62383597",
        "name": "Auditorium",
        "opening_hours": "Mo-Fr 10:30-12:00, 15:30-18:30",
        "phone": "+39 0559051102",
        "wheelchair": "yes",
        "@geometry": "center"
      },
      "geometry": {
        "type": "Point",
        "coordinates": [
          11.4293207,
          43.6658175
        ]
      },
      "id": "way/468527394"
    },
    {
      "type": "Feature",
      "properties": {
        "@id": "way/468568072",
        "name": "Mia Clubbing",
        "building": "yes",
        "addr:city": "Porto Recanati",
        "addr:postcode": "62017",
        "addr:street": "Viale Ludovico Scarfiotti",
        "amenity": "nightclub",
        "@geometry": "center"
      },
      "geometry": {
        "type": "Point",
        "coordinates": [
          13.6528062,
          43.453053
        ]
      },
      "id": "way/468568072"
    },
    {
      "type": "Feature",
      "properties": {
        "@id": "way/469033758",
        "amenity": "community_centre",
        "community_centre:for": "senior",
        "name": "Centro Ricreativo Pensionati",
        "@geometry": "center"
      },
      "geometry": {
        "type": "Point",
        "coordinates": [
          9.0277288,
          45.4400773
        ]
      },
      "id": "way/469033758"
    },
    {
      "type": "Feature",
      "properties": {
        "@id": "way/469428354",
        "religion": "christian",
        "name": "Oratorio di Cogno",
        "denomination": "catholic",
        "community_centre": "parish_hall",
        "building": "yes",
        "amenity": "community_centre",
        "@geometry": "center"
      },
      "geometry": {
        "type": "Point",
        "coordinates": [
          10.2437243,
          45.9357061
        ]
      },
      "id": "way/469428354"
    },
    {
      "type": "Feature",
      "properties": {
        "@id": "way/470072580",
        "addr:city": "Serle",
        "addr:housenumber": "2",
        "addr:postcode": "25080",
        "addr:street": "Via Fontana",
        "amenity": "community_centre",
        "building": "yes",
        "community_centre": "parish_hall",
        "denomination": "catholic",
        "name": "Sala ritrovo Don Antonio Morettini",
        "religion": "christian",
        "@geometry": "center"
      },
      "geometry": {
        "type": "Point",
        "coordinates": [
          10.3412371,
          45.5754733
        ]
      },
      "id": "way/470072580"
    },
    {
      "type": "Feature",
      "properties": {
        "@id": "way/470258332",
        "amenity": "community_centre",
        "building": "yes",
        "community_centre": "parish_hall",
        "denomination": "catholic",
        "name": "Oratorio di Berzo Inferiore",
        "religion": "christian",
        "@geometry": "center"
      },
      "geometry": {
        "type": "Point",
        "coordinates": [
          10.2787314,
          45.9335185
        ]
      },
      "id": "way/470258332"
    },
    {
      "type": "Feature",
      "properties": {
        "@id": "way/470592429",
        "operator:type": "association",
        "addr:city": "Firenze",
        "addr:housenumber": "95",
        "addr:postcode": "50142",
        "addr:street": "Via di San Bartolo a Cintoia",
        "amenity": "social_centre",
        "building": "yes",
        "name": "Casa del Popolo di San Bartolo a Cintoia",
        "operator": "ARCI",
        "@geometry": "center"
      },
      "geometry": {
        "type": "Point",
        "coordinates": [
          11.1903509,
          43.7790229
        ]
      },
      "id": "way/470592429"
    },
    {
      "type": "Feature",
      "properties": {
        "@id": "way/472912450",
        "addr:city": "Firenze",
        "addr:housenumber": "92/14",
        "addr:street": "Via della Casella",
        "amenity": "community_centre",
        "building": "government",
        "name": "Social Club",
        "@geometry": "center"
      },
      "geometry": {
        "type": "Point",
        "coordinates": [
          11.1940534,
          43.7728373
        ]
      },
      "id": "way/472912450"
    },
    {
      "type": "Feature",
      "properties": {
        "@id": "way/473590748",
        "amenity": "social_centre",
        "building": "yes",
        "name": "Casa del Popolo di Ponte a Greve",
        "operator": "ARCI",
        "operator:type": "association",
        "@geometry": "center"
      },
      "geometry": {
        "type": "Point",
        "coordinates": [
          11.1914462,
          43.7678652
        ]
      },
      "id": "way/473590748"
    },
    {
      "type": "Feature",
      "properties": {
        "@id": "way/473931099",
        "name": "Palacultura \"Bartolo Cattafi\"",
        "amenity": "community_centre",
        "@geometry": "center"
      },
      "geometry": {
        "type": "Point",
        "coordinates": [
          15.2143982,
          38.1551537
        ]
      },
      "id": "way/473931099"
    },
    {
      "type": "Feature",
      "properties": {
        "@id": "way/474639886",
        "name": "Centro Sociale Comunale",
        "addr:city": "Luogosano",
        "addr:postcode": "83040",
        "addr:street": "Via Aldo Moro",
        "amenity": "community_centre",
        "building": "yes",
        "@geometry": "center"
      },
      "geometry": {
        "type": "Point",
        "coordinates": [
          14.9907806,
          40.9865741
        ]
      },
      "id": "way/474639886"
    },
    {
      "type": "Feature",
      "properties": {
        "@id": "way/476312539",
        "amenity": "community_centre",
        "building": "yes",
        "operator": "Comitato per Azzida",
        "@geometry": "center"
      },
      "geometry": {
        "type": "Point",
        "coordinates": [
          13.4907092,
          46.1176722
        ]
      },
      "id": "way/476312539"
    },
    {
      "type": "Feature",
      "properties": {
        "@id": "way/476913326",
        "amenity": "community_centre",
        "building": "yes",
        "name": "Teatro Arca",
        "@geometry": "center"
      },
      "geometry": {
        "type": "Point",
        "coordinates": [
          12.3135036,
          43.1038445
        ]
      },
      "id": "way/476913326"
    },
    {
      "type": "Feature",
      "properties": {
        "@id": "way/477154773",
        "amenity": "community_centre",
        "community_centre": "parish_hall",
        "denomination": "catholic",
        "name": "Oratorio femminile",
        "religion": "christian",
        "@geometry": "center"
      },
      "geometry": {
        "type": "Point",
        "coordinates": [
          9.4037314,
          45.6480738
        ]
      },
      "id": "way/477154773"
    },
    {
      "type": "Feature",
      "properties": {
        "@id": "way/477298808",
        "amenity": "nightclub",
        "building": "yes",
        "name": "ex Archivolto",
        "@geometry": "center"
      },
      "geometry": {
        "type": "Point",
        "coordinates": [
          8.3891269,
          44.9945491
        ]
      },
      "id": "way/477298808"
    },
    {
      "type": "Feature",
      "properties": {
        "@id": "way/477321897",
        "amenity": "community_centre",
        "building": "yes",
        "name": "Circolo Canottieri Jonica",
        "@geometry": "center"
      },
      "geometry": {
        "type": "Point",
        "coordinates": [
          15.1132622,
          37.5295064
        ]
      },
      "id": "way/477321897"
    },
    {
      "type": "Feature",
      "properties": {
        "@id": "way/477333736",
        "building": "yes",
        "name": "Yachting Club",
        "amenity": "community_centre",
        "@geometry": "center"
      },
      "geometry": {
        "type": "Point",
        "coordinates": [
          15.1130143,
          37.5299897
        ]
      },
      "id": "way/477333736"
    },
    {
      "type": "Feature",
      "properties": {
        "@id": "way/477652625",
        "amenity": "community_centre",
        "leisure": "park",
        "@geometry": "center"
      },
      "geometry": {
        "type": "Point",
        "coordinates": [
          8.6121585,
          45.7173727
        ]
      },
      "id": "way/477652625"
    },
    {
      "type": "Feature",
      "properties": {
        "@id": "way/477704199",
        "amenity": "community_centre",
        "building": "yes",
        "name": "Centro anziani Pescaiola",
        "@geometry": "center"
      },
      "geometry": {
        "type": "Point",
        "coordinates": [
          11.8657856,
          43.4642023
        ]
      },
      "id": "way/477704199"
    },
    {
      "type": "Feature",
      "properties": {
        "@id": "way/478708802",
        "amenity": "nightclub",
        "building": "yes",
        "name": "Complesso La Baita",
        "@geometry": "center"
      },
      "geometry": {
        "type": "Point",
        "coordinates": [
          10.496618,
          43.3976356
        ]
      },
      "id": "way/478708802"
    },
    {
      "type": "Feature",
      "properties": {
        "@id": "way/482402125",
        "amenity": "nightclub",
        "building": "yes",
        "name": "Dancing Malandrone",
        "source": "Bing",
        "@geometry": "center"
      },
      "geometry": {
        "type": "Point",
        "coordinates": [
          10.5033923,
          43.3776032
        ]
      },
      "id": "way/482402125"
    },
    {
      "type": "Feature",
      "properties": {
        "@id": "way/482714275",
        "amenity": "social_centre",
        "name": "Centro Sociale Depistaggio",
        "@geometry": "center"
      },
      "geometry": {
        "type": "Point",
        "coordinates": [
          14.7895838,
          41.1318639
        ]
      },
      "id": "way/482714275"
    },
    {
      "type": "Feature",
      "properties": {
        "@id": "way/484199874",
        "addr:city": "Fontaneto d'Agogna",
        "addr:housenumber": "10",
        "addr:street": "Strada Provinciale 229 del Lago d'Orta",
        "amenity": "nightclub",
        "building": "industrial",
        "name": "Phenomenon Palaclub",
        "@geometry": "center"
      },
      "geometry": {
        "type": "Point",
        "coordinates": [
          8.4949432,
          45.6541843
        ]
      },
      "id": "way/484199874"
    },
    {
      "type": "Feature",
      "properties": {
        "@id": "way/484382231",
        "amenity": "community_centre",
        "building": "public",
        "name": "Sala Civica Italo Calvino",
        "@geometry": "center"
      },
      "geometry": {
        "type": "Point",
        "coordinates": [
          10.3214593,
          45.5113392
        ]
      },
      "id": "way/484382231"
    },
    {
      "type": "Feature",
      "properties": {
        "@id": "way/484526434",
        "amenity": "community_centre",
        "@geometry": "center"
      },
      "geometry": {
        "type": "Point",
        "coordinates": [
          8.5844112,
          45.7149301
        ]
      },
      "id": "way/484526434"
    },
    {
      "type": "Feature",
      "properties": {
        "@id": "way/485549183",
        "amenity": "nightclub",
        "building": "yes",
        "name": "Sala Eden",
        "@geometry": "center"
      },
      "geometry": {
        "type": "Point",
        "coordinates": [
          11.1112236,
          42.7624253
        ]
      },
      "id": "way/485549183"
    },
    {
      "type": "Feature",
      "properties": {
        "@id": "way/485595776",
        "addr:city": "Grosseto",
        "addr:housenumber": "55",
        "addr:postcode": "58100",
        "addr:street": "Via de Barberi",
        "amenity": "social_centre",
        "building": "yes",
        "name": "Centro di promozione sociale Auser \"Roberto Ciabatti\"",
        "operator": "Auser",
        "phone": "+39 0564 22760",
        "social_centre:for": "senior",
        "@geometry": "center"
      },
      "geometry": {
        "type": "Point",
        "coordinates": [
          11.1168727,
          42.7547351
        ]
      },
      "id": "way/485595776"
    },
    {
      "type": "Feature",
      "properties": {
        "@id": "way/486041733",
        "amenity": "community_centre",
        "name": "Centro sociale Il Carrozzone",
        "@geometry": "center"
      },
      "geometry": {
        "type": "Point",
        "coordinates": [
          10.6128487,
          44.7099862
        ]
      },
      "id": "way/486041733"
    },
    {
      "type": "Feature",
      "properties": {
        "@id": "way/486204635",
        "amenity": "community_centre",
        "building": "yes",
        "@geometry": "center"
      },
      "geometry": {
        "type": "Point",
        "coordinates": [
          12.8389367,
          45.9411444
        ]
      },
      "id": "way/486204635"
    },
    {
      "type": "Feature",
      "properties": {
        "@id": "way/486438815",
        "amenity": "nightclub",
        "name": "Lab 420",
        "building": "industrial",
        "addr:street": "Via dei Marmisti",
        "@geometry": "center"
      },
      "geometry": {
        "type": "Point",
        "coordinates": [
          12.7158223,
          42.7474069
        ]
      },
      "id": "way/486438815"
    },
    {
      "type": "Feature",
      "properties": {
        "@id": "way/486521325",
        "amenity": "community_centre",
        "@geometry": "center"
      },
      "geometry": {
        "type": "Point",
        "coordinates": [
          8.6316631,
          45.6273389
        ]
      },
      "id": "way/486521325"
    },
    {
      "type": "Feature",
      "properties": {
        "@id": "way/486662961",
        "amenity": "community_centre",
        "building": "yes",
        "community_centre": "parish_hall",
        "denomination": "catholic",
        "name": "La Casetta dell'Oratorio",
        "religion": "christian",
        "@geometry": "center"
      },
      "geometry": {
        "type": "Point",
        "coordinates": [
          10.5118622,
          46.2593511
        ]
      },
      "id": "way/486662961"
    },
    {
      "type": "Feature",
      "properties": {
        "@id": "way/486754701",
        "amenity": "community_centre",
        "name": "Centro sociale Gattaglio",
        "@geometry": "center"
      },
      "geometry": {
        "type": "Point",
        "coordinates": [
          10.6199332,
          44.6946157
        ]
      },
      "id": "way/486754701"
    },
    {
      "type": "Feature",
      "properties": {
        "@id": "way/486766468",
        "name": "Oratorio di Pagazzano",
        "amenity": "community_centre",
        "@geometry": "center"
      },
      "geometry": {
        "type": "Point",
        "coordinates": [
          9.6692558,
          45.5334198
        ]
      },
      "id": "way/486766468"
    },
    {
      "type": "Feature",
      "properties": {
        "@id": "way/487032630",
        "amenity": "community_centre",
        "building": "yes",
        "@geometry": "center"
      },
      "geometry": {
        "type": "Point",
        "coordinates": [
          9.8722312,
          45.3981404
        ]
      },
      "id": "way/487032630"
    },
    {
      "type": "Feature",
      "properties": {
        "@id": "way/487652129",
        "addr:housenumber": "2A",
        "addr:city": "Reggio nell'Emilia",
        "addr:postcode": "42124",
        "addr:street": "Via Plauto",
        "amenity": "community_centre",
        "building": "yes",
        "name": "Circolo Arci Pieve",
        "@geometry": "center"
      },
      "geometry": {
        "type": "Point",
        "coordinates": [
          10.5845543,
          44.7136852
        ]
      },
      "id": "way/487652129"
    },
    {
      "type": "Feature",
      "properties": {
        "@id": "way/487921335",
        "amenity": "community_centre",
        "building": "yes",
        "@geometry": "center"
      },
      "geometry": {
        "type": "Point",
        "coordinates": [
          7.5136148,
          44.9967104
        ]
      },
      "id": "way/487921335"
    },
    {
      "type": "Feature",
      "properties": {
        "@id": "way/488261057",
        "amenity": "community_centre",
        "building": "yes",
        "name": "Sala Diamante - C. s. Mirandola",
        "@geometry": "center"
      },
      "geometry": {
        "type": "Point",
        "coordinates": [
          10.5957786,
          44.7058966
        ]
      },
      "id": "way/488261057"
    },
    {
      "type": "Feature",
      "properties": {
        "@id": "way/489589587",
        "amenity": "nightclub",
        "building": "yes",
        "name": "DeNiro",
        "@geometry": "center"
      },
      "geometry": {
        "type": "Point",
        "coordinates": [
          8.2436337,
          45.118791
        ]
      },
      "id": "way/489589587"
    },
    {
      "type": "Feature",
      "properties": {
        "@id": "way/489604017",
        "amenity": "community_centre",
        "building": "yes",
        "name": "Centro Civico di Olmo",
        "@geometry": "center"
      },
      "geometry": {
        "type": "Point",
        "coordinates": [
          12.1800915,
          45.5171139
        ]
      },
      "id": "way/489604017"
    },
    {
      "type": "Feature",
      "properties": {
        "@id": "way/489604019",
        "amenity": "community_centre",
        "building": "yes",
        "@geometry": "center"
      },
      "geometry": {
        "type": "Point",
        "coordinates": [
          12.1799833,
          45.5173317
        ]
      },
      "id": "way/489604019"
    },
    {
      "type": "Feature",
      "properties": {
        "@id": "way/490143730",
        "amenity": "community_centre",
        "building": "yes",
        "name": "Villa Demetra Roma",
        "@geometry": "center"
      },
      "geometry": {
        "type": "Point",
        "coordinates": [
          12.5553499,
          41.7691874
        ]
      },
      "id": "way/490143730"
    },
    {
      "type": "Feature",
      "properties": {
        "@id": "way/490544520",
        "amenity": "nightclub",
        "@geometry": "center"
      },
      "geometry": {
        "type": "Point",
        "coordinates": [
          14.933621,
          37.5327286
        ]
      },
      "id": "way/490544520"
    },
    {
      "type": "Feature",
      "properties": {
        "@id": "way/491923415",
        "amenity": "community_centre",
        "leisure": "garden",
        "name": "Opera per l'Educazione Cristiana di Brescia",
        "@geometry": "center"
      },
      "geometry": {
        "type": "Point",
        "coordinates": [
          10.2117503,
          45.6086103
        ]
      },
      "id": "way/491923415"
    },
    {
      "type": "Feature",
      "properties": {
        "@id": "way/492295124",
        "building": "yes",
        "addr:city": "Tambre",
        "addr:housenumber": "10",
        "addr:postcode": "32010",
        "addr:street": "Piazza 11 Gennaio 1945",
        "amenity": "social_centre",
        "@geometry": "center"
      },
      "geometry": {
        "type": "Point",
        "coordinates": [
          12.4228707,
          46.1290864
        ]
      },
      "id": "way/492295124"
    },
    {
      "type": "Feature",
      "properties": {
        "@id": "way/492641905",
        "amenity": "community_centre",
        "building": "public",
        "community_centre": "parish_hall",
        "denomination": "catholic",
        "religion": "christian",
        "@geometry": "center"
      },
      "geometry": {
        "type": "Point",
        "coordinates": [
          10.4495031,
          45.5403033
        ]
      },
      "id": "way/492641905"
    },
    {
      "type": "Feature",
      "properties": {
        "@id": "way/493260343",
        "amenity": "community_centre",
        "building": "yes",
        "name": "oratorio parrocchiale",
        "@geometry": "center"
      },
      "geometry": {
        "type": "Point",
        "coordinates": [
          8.0230556,
          45.552682
        ]
      },
      "id": "way/493260343"
    },
    {
      "type": "Feature",
      "properties": {
        "@id": "way/495065179",
        "amenity": "community_centre",
        "building": "public",
        "name": "Sala Pubblica Comunale Tavelli Vincenzo",
        "@geometry": "center"
      },
      "geometry": {
        "type": "Point",
        "coordinates": [
          10.2975672,
          45.5323592
        ]
      },
      "id": "way/495065179"
    },
    {
      "type": "Feature",
      "properties": {
        "@id": "way/495260894",
        "addr:city": "Milano",
        "addr:housenumber": "43",
        "addr:postcode": "20135",
        "addr:street": "Via Lodovico Muratori",
        "website": "https://www.csavittoria.org/",
        "amenity": "community_centre",
        "building": "yes",
        "name": "Centro Sociale Autogestito Vittoria",
        "short_name": "CSA Vittoria",
        "@geometry": "center"
      },
      "geometry": {
        "type": "Point",
        "coordinates": [
          9.2110957,
          45.4513429
        ]
      },
      "id": "way/495260894"
    },
    {
      "type": "Feature",
      "properties": {
        "@id": "way/495476239",
        "amenity": "community_centre",
        "name": "Centro Culturale Villa Marazzi",
        "@geometry": "center"
      },
      "geometry": {
        "type": "Point",
        "coordinates": [
          9.0910521,
          45.4466487
        ]
      },
      "id": "way/495476239"
    },
    {
      "type": "Feature",
      "properties": {
        "@id": "way/495689017",
        "amenity": "community_centre",
        "community_centre:for": "juvenile",
        "name": "Casa dei Giovani",
        "@geometry": "center"
      },
      "geometry": {
        "type": "Point",
        "coordinates": [
          9.0847024,
          45.4485113
        ]
      },
      "id": "way/495689017"
    },
    {
      "type": "Feature",
      "properties": {
        "@id": "way/496134330",
        "amenity": "community_centre",
        "building": "yes",
        "name": "Circolo Culturale \"La Rinascita\"",
        "@geometry": "center"
      },
      "geometry": {
        "type": "Point",
        "coordinates": [
          14.2351837,
          41.7429964
        ]
      },
      "id": "way/496134330"
    },
    {
      "type": "Feature",
      "properties": {
        "@id": "way/496183349",
        "amenity": "community_centre",
        "denomination": "catholic",
        "name": "Oratorio Sant'Ireneo",
        "religion": "christian",
        "@geometry": "center"
      },
      "geometry": {
        "type": "Point",
        "coordinates": [
          9.0851933,
          45.4338396
        ]
      },
      "id": "way/496183349"
    },
    {
      "type": "Feature",
      "properties": {
        "@id": "way/496183355",
        "amenity": "community_centre",
        "name": "Associazione Spighe d'Oro",
        "@geometry": "center"
      },
      "geometry": {
        "type": "Point",
        "coordinates": [
          9.0830798,
          45.4349271
        ]
      },
      "id": "way/496183355"
    },
    {
      "type": "Feature",
      "properties": {
        "@id": "way/496986454",
        "alt_name": "Centro di aggregazione Spaccone",
        "amenity": "community_centre",
        "building": "yes",
        "name": "Centro Culturale La Baita",
        "@geometry": "center"
      },
      "geometry": {
        "type": "Point",
        "coordinates": [
          9.1949315,
          45.6056914
        ]
      },
      "id": "way/496986454"
    },
    {
      "type": "Feature",
      "properties": {
        "@id": "way/497113599",
        "amenity": "community_centre",
        "name": "Centro Civico Tessera",
        "@geometry": "center"
      },
      "geometry": {
        "type": "Point",
        "coordinates": [
          9.0861578,
          45.4339091
        ]
      },
      "id": "way/497113599"
    },
    {
      "type": "Feature",
      "properties": {
        "@id": "way/497840344",
        "addr:city": "Milano",
        "addr:housenumber": "62",
        "addr:postcode": "20133",
        "addr:street": "Via Arcangelo Corelli",
        "name": "The Beach",
        "building": "yes",
        "website": "https://www.thebeachmilano.it/",
        "phone": "+39 02 9455 7574",
        "amenity": "nightclub",
        "@geometry": "center"
      },
      "geometry": {
        "type": "Point",
        "coordinates": [
          9.2552176,
          45.4704219
        ]
      },
      "id": "way/497840344"
    },
    {
      "type": "Feature",
      "properties": {
        "@id": "way/497896065",
        "amenity": "community_centre",
        "building": "yes",
        "operator": "Comune di Nova Milanese",
        "@geometry": "center"
      },
      "geometry": {
        "type": "Point",
        "coordinates": [
          9.1981639,
          45.591412
        ]
      },
      "id": "way/497896065"
    },
    {
      "type": "Feature",
      "properties": {
        "@id": "way/498296366",
        "building": "yes",
        "amenity": "nightclub",
        "name": "Bar and Restaurant Moor",
        "@geometry": "center"
      },
      "geometry": {
        "type": "Point",
        "coordinates": [
          9.9793399,
          44.0563285
        ]
      },
      "id": "way/498296366"
    },
    {
      "type": "Feature",
      "properties": {
        "@id": "way/498953795",
        "amenity": "community_centre",
        "name": "Oratorio",
        "@geometry": "center"
      },
      "geometry": {
        "type": "Point",
        "coordinates": [
          9.6924263,
          45.6750935
        ]
      },
      "id": "way/498953795"
    },
    {
      "type": "Feature",
      "properties": {
        "@id": "way/499071369",
        "wikipedia": "it:La Capannina",
        "wikidata": "Q3207028",
        "amenity": "nightclub",
        "name": "La Capannina di Franceschi",
        "@geometry": "center"
      },
      "geometry": {
        "type": "Point",
        "coordinates": [
          10.1739299,
          43.9515215
        ]
      },
      "id": "way/499071369"
    },
    {
      "type": "Feature",
      "properties": {
        "@id": "way/501872494",
        "addr:city": "Follonica",
        "addr:country": "IT",
        "addr:postcode": "58022",
        "addr:street": "Via Raffaello Sanzio",
        "amenity": "nightclub",
        "building": "yes",
        "contact:website": "http://www.alegriafestesufeste.it",
        "name": "Alegria",
        "@geometry": "center"
      },
      "geometry": {
        "type": "Point",
        "coordinates": [
          10.7770876,
          42.9275908
        ]
      },
      "id": "way/501872494"
    },
    {
      "type": "Feature",
      "properties": {
        "@id": "way/503085250",
        "amenity": "community_centre",
        "building": "yes",
        "name": "Auser",
        "@geometry": "center"
      },
      "geometry": {
        "type": "Point",
        "coordinates": [
          9.2183263,
          45.5575944
        ]
      },
      "id": "way/503085250"
    },
    {
      "type": "Feature",
      "properties": {
        "@id": "way/503085252",
        "amenity": "community_centre",
        "building": "yes",
        "building:levels": "2",
        "name": "Chalet Svizzero - Auser",
        "@geometry": "center"
      },
      "geometry": {
        "type": "Point",
        "coordinates": [
          9.2180141,
          45.5585001
        ]
      },
      "id": "way/503085252"
    },
    {
      "type": "Feature",
      "properties": {
        "@id": "way/503345417",
        "amenity": "nightclub",
        "name": "Kamà Music Maison",
        "@geometry": "center"
      },
      "geometry": {
        "type": "Point",
        "coordinates": [
          14.4485507,
          36.8851244
        ]
      },
      "id": "way/503345417"
    },
    {
      "type": "Feature",
      "properties": {
        "@id": "way/505488653",
        "loc_name": "Oratorio di Premenugo",
        "operator": "Parrocchia di Premenugo",
        "amenity": "community_centre",
        "@geometry": "center"
      },
      "geometry": {
        "type": "Point",
        "coordinates": [
          9.3853947,
          45.468902
        ]
      },
      "id": "way/505488653"
    },
    {
      "type": "Feature",
      "properties": {
        "@id": "way/506225854",
        "amenity": "community_centre",
        "building": "yes",
        "community_centre": "parish_hall",
        "name": "Oratorio parrocchiale",
        "@geometry": "center"
      },
      "geometry": {
        "type": "Point",
        "coordinates": [
          8.0749099,
          45.5391141
        ]
      },
      "id": "way/506225854"
    },
    {
      "type": "Feature",
      "properties": {
        "@id": "way/508294853",
        "addr:housenumber": "3B",
        "old_amenity": "school",
        "name": "La Cupa spazio autogestito",
        "addr:street": "Strada La Cupa di Posatora",
        "addr:city": "Ancona",
        "addr:postcode": "60131",
        "amenity": "social_centre",
        "building": "yes",
        "@geometry": "center"
      },
      "geometry": {
        "type": "Point",
        "coordinates": [
          13.4971842,
          43.5998996
        ]
      },
      "id": "way/508294853"
    },
    {
      "type": "Feature",
      "properties": {
        "@id": "way/509793616",
        "name": "Oratorio Don Bosco",
        "amenity": "community_centre",
        "building": "yes",
        "@geometry": "center"
      },
      "geometry": {
        "type": "Point",
        "coordinates": [
          8.5077592,
          45.8624859
        ]
      },
      "id": "way/509793616"
    },
    {
      "type": "Feature",
      "properties": {
        "@id": "way/509868352",
        "area": "yes",
        "amenity": "nightclub",
        "@geometry": "center"
      },
      "geometry": {
        "type": "Point",
        "coordinates": [
          12.9543413,
          45.7266545
        ]
      },
      "id": "way/509868352"
    },
    {
      "type": "Feature",
      "properties": {
        "@id": "way/509933743",
        "addr:housenumber": "187/A",
        "building": "yes",
        "addr:city": "Roma",
        "addr:postcode": "00176",
        "addr:street": "Via Isidoro di Carace",
        "amenity": "community_centre",
        "name": "Centro anziani Casa delle culture e delle generazioni",
        "operator": "Municipio Roma 5",
        "operator:type": "public",
        "@geometry": "center"
      },
      "geometry": {
        "type": "Point",
        "coordinates": [
          12.5380561,
          41.885381
        ]
      },
      "id": "way/509933743"
    },
    {
      "type": "Feature",
      "properties": {
        "@id": "way/512312629",
        "alt_name": "Oratorio San Rocco",
        "amenity": "community_centre",
        "community_centre": "parish_hall",
        "name": "Parrocchia San Rocco",
        "@geometry": "center"
      },
      "geometry": {
        "type": "Point",
        "coordinates": [
          7.6386443,
          43.7896992
        ]
      },
      "id": "way/512312629"
    },
    {
      "type": "Feature",
      "properties": {
        "@id": "way/512312634",
        "amenity": "community_centre",
        "landuse": "recreation_ground",
        "@geometry": "center"
      },
      "geometry": {
        "type": "Point",
        "coordinates": [
          7.6384782,
          43.7897152
        ]
      },
      "id": "way/512312634"
    },
    {
      "type": "Feature",
      "properties": {
        "@id": "way/512326876",
        "amenity": "community_centre",
        "building": "yes",
        "name": "Centro polivalente Giovanni Falcone",
        "@geometry": "center"
      },
      "geometry": {
        "type": "Point",
        "coordinates": [
          7.6260017,
          43.8085081
        ]
      },
      "id": "way/512326876"
    },
    {
      "type": "Feature",
      "properties": {
        "@id": "way/513171949",
        "addr:city": "Scalea",
        "amenity": "nightclub",
        "building": "yes",
        "name": "Acadie Club",
        "phone": "+39 342 687 2300",
        "website": "acadieclub.com",
        "@geometry": "center"
      },
      "geometry": {
        "type": "Point",
        "coordinates": [
          15.7895293,
          39.8293849
        ]
      },
      "id": "way/513171949"
    },
    {
      "type": "Feature",
      "properties": {
        "@id": "way/513275612",
        "amenity": "community_centre",
        "@geometry": "center"
      },
      "geometry": {
        "type": "Point",
        "coordinates": [
          18.355826,
          39.9265568
        ]
      },
      "id": "way/513275612"
    },
    {
      "type": "Feature",
      "properties": {
        "@id": "way/514504432",
        "amenity": "community_centre",
        "building": "yes",
        "name": "Centro d'Aggregazione Giovanile \"Marco Patriarca\"",
        "@geometry": "center"
      },
      "geometry": {
        "type": "Point",
        "coordinates": [
          12.0861665,
          41.9562628
        ]
      },
      "id": "way/514504432"
    },
    {
      "type": "Feature",
      "properties": {
        "@id": "way/514779302",
        "amenity": "community_centre",
        "building": "yes",
        "name": "Centro diurno per disabili \"Salvatore Minenna\"",
        "@geometry": "center"
      },
      "geometry": {
        "type": "Point",
        "coordinates": [
          12.8989898,
          41.4588908
        ]
      },
      "id": "way/514779302"
    },
    {
      "type": "Feature",
      "properties": {
        "@id": "way/516843159",
        "amenity": "community_centre",
        "building": "tent",
        "name": "Teatro tenda Ponte Arche",
        "@geometry": "center"
      },
      "geometry": {
        "type": "Point",
        "coordinates": [
          10.8747965,
          46.0370188
        ]
      },
      "id": "way/516843159"
    },
    {
      "type": "Feature",
      "properties": {
        "@id": "way/518616651",
        "amenity": "community_centre",
        "building": "public",
        "@geometry": "center"
      },
      "geometry": {
        "type": "Point",
        "coordinates": [
          8.5438542,
          39.9931474
        ]
      },
      "id": "way/518616651"
    },
    {
      "type": "Feature",
      "properties": {
        "@id": "way/519365773",
        "addr:housenumber": "13",
        "addr:city": "Reggio Emilia",
        "addr:postcode": "42123",
        "addr:street": "Via Enrico Foscato",
        "amenity": "community_centre",
        "building": "yes",
        "name": "Centro sociale Foscato",
        "@geometry": "center"
      },
      "geometry": {
        "type": "Point",
        "coordinates": [
          10.595619,
          44.6940482
        ]
      },
      "id": "way/519365773"
    },
    {
      "type": "Feature",
      "properties": {
        "@id": "way/520777224",
        "amenity": "community_centre",
        "building": "yes",
        "name": "PalaItalia",
        "@geometry": "center"
      },
      "geometry": {
        "type": "Point",
        "coordinates": [
          7.8698819,
          45.0355719
        ]
      },
      "id": "way/520777224"
    },
    {
      "type": "Feature",
      "properties": {
        "@id": "way/521944247",
        "addr:city": "Novara",
        "addr:housenumber": "9a",
        "addr:postcode": "28100",
        "addr:street": "Via Andrea Falcone",
        "amenity": "social_centre",
        "building": "yes",
        "building:levels": "1",
        "name": "Fadabrav falegnameria sociale",
        "@geometry": "center"
      },
      "geometry": {
        "type": "Point",
        "coordinates": [
          8.6396635,
          45.4478534
        ]
      },
      "id": "way/521944247"
    },
    {
      "type": "Feature",
      "properties": {
        "@id": "way/521944333",
        "addr:city": "Novara",
        "addr:postcode": "28100",
        "amenity": "social_centre",
        "building": "yes",
        "building:levels": "2",
        "@geometry": "center"
      },
      "geometry": {
        "type": "Point",
        "coordinates": [
          8.6396157,
          45.4480528
        ]
      },
      "id": "way/521944333"
    },
    {
      "type": "Feature",
      "properties": {
        "@id": "way/522127450",
        "amenity": "community_centre",
        "building": "yes",
        "community_centre": "parish_hall",
        "denomination": "catholic",
        "name": "Oratorio San Luigi",
        "religion": "christian",
        "@geometry": "center"
      },
      "geometry": {
        "type": "Point",
        "coordinates": [
          10.1923008,
          45.6313975
        ]
      },
      "id": "way/522127450"
    },
    {
      "type": "Feature",
      "properties": {
        "@id": "way/522200163",
        "amenity": "community_centre",
        "building": "residential",
        "name": "Oratorio Don Bosco",
        "@geometry": "center"
      },
      "geometry": {
        "type": "Point",
        "coordinates": [
          8.6102974,
          45.4856066
        ]
      },
      "id": "way/522200163"
    },
    {
      "type": "Feature",
      "properties": {
        "@id": "way/522867797",
        "name": "Oratorio di Gardolo",
        "community_centre": "parish_hall",
        "amenity": "community_centre",
        "building": "yes",
        "@geometry": "center"
      },
      "geometry": {
        "type": "Point",
        "coordinates": [
          11.1111175,
          46.1080053
        ]
      },
      "id": "way/522867797"
    },
    {
      "type": "Feature",
      "properties": {
        "@id": "way/524783810",
        "amenity": "community_centre",
        "building": "yes",
        "community_centre": "parish_hall",
        "denomination": "catholic",
        "name": "Oratorio Don Rinaldo Rodella",
        "religion": "christian",
        "@geometry": "center"
      },
      "geometry": {
        "type": "Point",
        "coordinates": [
          10.3392532,
          46.2111227
        ]
      },
      "id": "way/524783810"
    },
    {
      "type": "Feature",
      "properties": {
        "@id": "way/525830444",
        "amenity": "community_centre",
        "building": "yes",
        "name": "Centro giovani",
        "@geometry": "center"
      },
      "geometry": {
        "type": "Point",
        "coordinates": [
          13.2079452,
          42.4436627
        ]
      },
      "id": "way/525830444"
    },
    {
      "type": "Feature",
      "properties": {
        "@id": "way/526148834",
        "addr:city": "Roma",
        "addr:housenumber": "22",
        "addr:postcode": "00138",
        "addr:street": "Via Sinalunga",
        "amenity": "social_centre",
        "building": "yes",
        "building:levels": "1",
        "name": "Centro Sociale Anziani Santa Felicita",
        "@geometry": "center"
      },
      "geometry": {
        "type": "Point",
        "coordinates": [
          12.5144796,
          41.9741713
        ]
      },
      "id": "way/526148834"
    },
    {
      "type": "Feature",
      "properties": {
        "@id": "way/526958983",
        "amenity": "community_centre",
        "building": "yes",
        "community_centre": "parish_hall",
        "denomination": "catholic",
        "religion": "christian",
        "@geometry": "center"
      },
      "geometry": {
        "type": "Point",
        "coordinates": [
          10.3207627,
          45.7449146
        ]
      },
      "id": "way/526958983"
    },
    {
      "type": "Feature",
      "properties": {
        "@id": "way/527366805",
        "name": "Cittadella del volontariato",
        "amenity": "community_centre",
        "addr:city": "Chieri",
        "addr:housenumber": "8",
        "addr:postcode": "10023",
        "addr:street": "Via Giovanni XXIII",
        "@geometry": "center"
      },
      "geometry": {
        "type": "Point",
        "coordinates": [
          7.8301706,
          45.0063585
        ]
      },
      "id": "way/527366805"
    },
    {
      "type": "Feature",
      "properties": {
        "@id": "way/528132402",
        "website": "http://www.scoutspettine.it/",
        "addr:city": "Bettola",
        "addr:postcode": "29021",
        "addr:street": "Loc. Ca Ricò",
        "alt_name": "Base scout Spettine;Spettine",
        "amenity": "social_centre",
        "building": "no",
        "name": "Base Scout \"Carlo Rasperini\" Spettine",
        "operator": "AGESCI",
        "website_1": "http://cba.agesci.it/base/base-scout-carlo-rasperini-spettine/",
        "@geometry": "center"
      },
      "geometry": {
        "type": "Point",
        "coordinates": [
          9.5984282,
          44.8311771
        ]
      },
      "id": "way/528132402"
    },
    {
      "type": "Feature",
      "properties": {
        "@id": "way/528717990",
        "addr:city": "Coviolo",
        "addr:housenumber": "72/2",
        "addr:postcode": "42123",
        "addr:street": "Via Fratelli Rosselli",
        "amenity": "community_centre",
        "building": "yes",
        "name": "Centro sociale Coviolo in Festa",
        "@geometry": "center"
      },
      "geometry": {
        "type": "Point",
        "coordinates": [
          10.5939415,
          44.6777182
        ]
      },
      "id": "way/528717990"
    },
    {
      "type": "Feature",
      "properties": {
        "@id": "way/529720122",
        "amenity": "community_centre",
        "building": "public",
        "leisure": "sports_centre",
        "name": "Oratorio San Tarcisio",
        "sport": "soccer;basketball;volleyball",
        "@geometry": "center"
      },
      "geometry": {
        "type": "Point",
        "coordinates": [
          9.4234205,
          45.5731073
        ]
      },
      "id": "way/529720122"
    },
    {
      "type": "Feature",
      "properties": {
        "@id": "way/529870306",
        "amenity": "community_centre",
        "building": "yes",
        "name": "Società Operaia di Mutuo Soccorso",
        "@geometry": "center"
      },
      "geometry": {
        "type": "Point",
        "coordinates": [
          8.5779151,
          44.8457412
        ]
      },
      "id": "way/529870306"
    },
    {
      "type": "Feature",
      "properties": {
        "@id": "way/529946829",
        "amenity": "community_centre",
        "building": "yes",
        "name": "Oratorio Parrocchiale di Flecchia",
        "@geometry": "center"
      },
      "geometry": {
        "type": "Point",
        "coordinates": [
          8.1941336,
          45.671042
        ]
      },
      "id": "way/529946829"
    },
    {
      "type": "Feature",
      "properties": {
        "@id": "way/532615841",
        "toilets": "customers",
        "social_facility": "social_club",
        "amenity": "community_centre",
        "building": "mixed_use",
        "food": "cafe",
        "@geometry": "center"
      },
      "geometry": {
        "type": "Point",
        "coordinates": [
          11.3829283,
          43.7209954
        ]
      },
      "id": "way/532615841"
    },
    {
      "type": "Feature",
      "properties": {
        "@id": "way/533306573",
        "amenity": "community_centre",
        "building": "yes",
        "community_centre": "parish_hall",
        "denomination": "catholic",
        "name": "Oratorio San Sebastiano",
        "religion": "christian",
        "@geometry": "center"
      },
      "geometry": {
        "type": "Point",
        "coordinates": [
          10.4916775,
          44.9994095
        ]
      },
      "id": "way/533306573"
    },
    {
      "type": "Feature",
      "properties": {
        "@id": "way/533577924",
        "addr:city": "Troghi",
        "addr:housenumber": "2",
        "addr:postcode": "50067",
        "addr:street": "Piazza della Resistenza Antifascista",
        "amenity": "community_centre",
        "building": "mixed_use",
        "building:levels": "2",
        "name": "Casa del Popolo di Troghi",
        "wheelchair": "yes",
        "@geometry": "center"
      },
      "geometry": {
        "type": "Point",
        "coordinates": [
          11.3955844,
          43.7143362
        ]
      },
      "id": "way/533577924"
    },
    {
      "type": "Feature",
      "properties": {
        "@id": "way/533794760",
        "addr:city": "San Piero Patti",
        "addr:postcode": "98068",
        "addr:street": "Piazza Federico II d’Aragona",
        "amenity": "community_centre",
        "building": "yes",
        "name": "Auditorium Comunale “Manetti Carrara”",
        "@geometry": "center"
      },
      "geometry": {
        "type": "Point",
        "coordinates": [
          14.9650507,
          38.0533567
        ]
      },
      "id": "way/533794760"
    },
    {
      "type": "Feature",
      "properties": {
        "@id": "way/534353293",
        "amenity": "community_centre",
        "building": "civic",
        "name": "Centro Polifunzionale",
        "wheelchair": "yes",
        "@geometry": "center"
      },
      "geometry": {
        "type": "Point",
        "coordinates": [
          9.1793551,
          45.2320025
        ]
      },
      "id": "way/534353293"
    },
    {
      "type": "Feature",
      "properties": {
        "@id": "way/535695573",
        "amenity": "community_centre",
        "building": "civic",
        "@geometry": "center"
      },
      "geometry": {
        "type": "Point",
        "coordinates": [
          7.7103924,
          45.1268485
        ]
      },
      "id": "way/535695573"
    },
    {
      "type": "Feature",
      "properties": {
        "@id": "way/536318477",
        "amenity": "community_centre",
        "building": "mixed_use",
        "food": "cafe",
        "parking": "yes",
        "social_facility": "social_club",
        "theatre:type": "stage",
        "toilets": "customers",
        "@geometry": "center"
      },
      "geometry": {
        "type": "Point",
        "coordinates": [
          11.3446697,
          43.7305144
        ]
      },
      "id": "way/536318477"
    },
    {
      "type": "Feature",
      "properties": {
        "@id": "way/538728237",
        "amenity": "community_centre",
        "building": "yes",
        "community_centre": "parish_hall",
        "community_centre:for": "juvenile",
        "denomination": "catholic",
        "mapillary": "496818561369270",
        "name": "Oratorio Bruno Colombo",
        "religion": "christian",
        "source": "DbTR - Ingombro al suolo corpo edificato",
        "@geometry": "center"
      },
      "geometry": {
        "type": "Point",
        "coordinates": [
          9.4432595,
          45.9497435
        ]
      },
      "id": "way/538728237"
    },
    {
      "type": "Feature",
      "properties": {
        "@id": "way/539236373",
        "amenity": "community_centre",
        "name": "Centro Polifunzionale Risorgiva",
        "@geometry": "center"
      },
      "geometry": {
        "type": "Point",
        "coordinates": [
          12.5709149,
          45.9827373
        ]
      },
      "id": "way/539236373"
    },
    {
      "type": "Feature",
      "properties": {
        "@id": "way/540016535",
        "amenity": "community_centre",
        "building": "yes",
        "community_centre": "parish_hall",
        "denomination": "catholic",
        "name": "Oratorio / Circolo A.N.S.P.I. Beato Giovanni Paolo II in Civine",
        "religion": "christian",
        "@geometry": "center"
      },
      "geometry": {
        "type": "Point",
        "coordinates": [
          10.156752,
          45.6230268
        ]
      },
      "id": "way/540016535"
    },
    {
      "type": "Feature",
      "properties": {
        "@id": "way/541022685",
        "name": "Circolo anziani",
        "amenity": "community_centre",
        "@geometry": "center"
      },
      "geometry": {
        "type": "Point",
        "coordinates": [
          13.7284466,
          42.8108126
        ]
      },
      "id": "way/541022685"
    },
    {
      "type": "Feature",
      "properties": {
        "@id": "way/541061614",
        "name": "Cocos",
        "amenity": "nightclub",
        "@geometry": "center"
      },
      "geometry": {
        "type": "Point",
        "coordinates": [
          12.6669228,
          38.0820332
        ]
      },
      "id": "way/541061614"
    },
    {
      "type": "Feature",
      "properties": {
        "@id": "way/541965092",
        "amenity": "nightclub",
        "building": "yes",
        "name": "Il Ruvido",
        "@geometry": "center"
      },
      "geometry": {
        "type": "Point",
        "coordinates": [
          13.4390299,
          42.0370584
        ]
      },
      "id": "way/541965092"
    },
    {
      "type": "Feature",
      "properties": {
        "@id": "way/543151726",
        "addr:housenumber": "8",
        "addr:street": "Via Gino Venni",
        "amenity": "community_centre",
        "building": "yes",
        "building:colour": "#f6eed9",
        "height": "15.0",
        "name": "Casa del Popolo Quinto Alto",
        "roof:colour": "#9c7676",
        "roof:height": "3.0",
        "roof:shape": "hipped",
        "@geometry": "center"
      },
      "geometry": {
        "type": "Point",
        "coordinates": [
          11.2198734,
          43.8303705
        ]
      },
      "id": "way/543151726"
    },
    {
      "type": "Feature",
      "properties": {
        "@id": "way/543575352",
        "amenity": "community_centre",
        "building": "yes",
        "community_centre": "parish_hall",
        "denomination": "catholic",
        "name": "Oratorio di Malegno",
        "religion": "christian",
        "@geometry": "center"
      },
      "geometry": {
        "type": "Point",
        "coordinates": [
          10.2736222,
          45.9512515
        ]
      },
      "id": "way/543575352"
    },
    {
      "type": "Feature",
      "properties": {
        "@id": "way/544529711",
        "amenity": "community_centre",
        "building": "yes",
        "@geometry": "center"
      },
      "geometry": {
        "type": "Point",
        "coordinates": [
          13.2424645,
          43.5154418
        ]
      },
      "id": "way/544529711"
    },
    {
      "type": "Feature",
      "properties": {
        "@id": "way/545546100",
        "addr:city": "Cassina de' Pecchi",
        "addr:postcode": "20051",
        "addr:street": "Via Radioamatori",
        "amenity": "community_centre",
        "building": "yes",
        "building:levels": "1",
        "community_centre:for": "student",
        "name": "Social House",
        "roof:material": "roof_tiles",
        "roof:shape": "pyramidal",
        "wheelchair": "yes",
        "@geometry": "center"
      },
      "geometry": {
        "type": "Point",
        "coordinates": [
          9.3607053,
          45.5155697
        ]
      },
      "id": "way/545546100"
    },
    {
      "type": "Feature",
      "properties": {
        "@id": "way/547409963",
        "addr:city": "Fara Gera d'Adda",
        "addr:postcode": "24045",
        "amenity": "community_centre",
        "name": "Oratorio San Luigi",
        "@geometry": "center"
      },
      "geometry": {
        "type": "Point",
        "coordinates": [
          9.5337222,
          45.5548711
        ]
      },
      "id": "way/547409963"
    },
    {
      "type": "Feature",
      "properties": {
        "@id": "way/548593533",
        "ref:vatin": "IT06805860969",
        "phone": "+39 02 311817",
        "name": "Just Cavalli",
        "addr:street": "Viale Guglielmo Shakespeare",
        "amenity": "nightclub",
        "building": "roof",
        "comment:it": "sullo scontrino c'è l'indirizzo senza numero, inoltre c'è scritto sede legale via Vittor Pisani 16",
        "contact:website": "http://milano.cavalliclub.com/",
        "opening_hours": "19:30-05:00",
        "operator": "Freedom srl",
        "@geometry": "center"
      },
      "geometry": {
        "type": "Point",
        "coordinates": [
          9.1729467,
          45.4731311
        ]
      },
      "id": "way/548593533"
    },
    {
      "type": "Feature",
      "properties": {
        "@id": "way/548593534",
        "website": "https://oldfashion.it/",
        "name": "Old Fashion",
        "addr:city": "Milano",
        "addr:place": "Palazzo dell'Arte",
        "addr:postcode": "20121",
        "addr:street": "Viale Luigi Camoens",
        "amenity": "nightclub",
        "contact:email": "info@oldfashion.it",
        "contact:phone": "+39 02 8056231",
        "@geometry": "center"
      },
      "geometry": {
        "type": "Point",
        "coordinates": [
          9.1736427,
          45.4728493
        ]
      },
      "id": "way/548593534"
    },
    {
      "type": "Feature",
      "properties": {
        "@id": "way/549509620",
        "addr:city": "Milano",
        "addr:housenumber": "21",
        "addr:postcode": "20151",
        "addr:street": "Via Giacomo Quarenghi",
        "amenity": "community_centre",
        "building": "yes",
        "name": "Centro Civico Quarenghi 21",
        "@geometry": "center"
      },
      "geometry": {
        "type": "Point",
        "coordinates": [
          9.1148193,
          45.4961231
        ]
      },
      "id": "way/549509620"
    },
    {
      "type": "Feature",
      "properties": {
        "@id": "way/551421464",
        "amenity": "community_centre",
        "denomination": "catholic",
        "landuse": "religious",
        "loc_name": "Oratorio Femminile",
        "name": "Oratorio Femminile della Beata Vergine Immacolata",
        "religion": "christian",
        "@geometry": "center"
      },
      "geometry": {
        "type": "Point",
        "coordinates": [
          9.3254931,
          45.6287175
        ]
      },
      "id": "way/551421464"
    },
    {
      "type": "Feature",
      "properties": {
        "@id": "way/551819554",
        "vaccination": "covid19",
        "roof:shape": "flat",
        "roof:levels": "0",
        "amenity": "community_centre",
        "building": "civic",
        "building:levels": "1",
        "healthcare": "vaccination_centre",
        "healthcare:speciality": "vaccination",
        "name": "Nole Forum",
        "opening_hours:signed": "no",
        "@geometry": "center"
      },
      "geometry": {
        "type": "Point",
        "coordinates": [
          7.5749402,
          45.2412752
        ]
      },
      "id": "way/551819554"
    },
    {
      "type": "Feature",
      "properties": {
        "@id": "way/553851595",
        "amenity": "community_centre",
        "name": "Oratorio di Bornago",
        "@geometry": "center"
      },
      "geometry": {
        "type": "Point",
        "coordinates": [
          9.3924255,
          45.544376
        ]
      },
      "id": "way/553851595"
    },
    {
      "type": "Feature",
      "properties": {
        "@id": "way/554201492",
        "amenity": "community_centre",
        "building": "yes",
        "building:levels": "2",
        "community_centre": "parish_hall",
        "name": "Oratorio Cittadino Don Giovanni Bosco",
        "@geometry": "center"
      },
      "geometry": {
        "type": "Point",
        "coordinates": [
          10.6545901,
          44.7025471
        ]
      },
      "id": "way/554201492"
    },
    {
      "type": "Feature",
      "properties": {
        "@id": "way/554526441",
        "website": "subway.com",
        "addr:housenumber": "4",
        "addr:street": "Via Luigi Rossi Danielli",
        "amenity": "nightclub",
        "building": "yes",
        "name": "Subway Viterbo",
        "phone": "+39 340 149 2977",
        "@geometry": "center"
      },
      "geometry": {
        "type": "Point",
        "coordinates": [
          12.0986241,
          42.4240128
        ]
      },
      "id": "way/554526441"
    },
    {
      "type": "Feature",
      "properties": {
        "@id": "way/555211814",
        "amenity": "social_centre",
        "name": "Ex Oratorio Femminile",
        "short_name": "Oratorio Femminile",
        "@geometry": "center"
      },
      "geometry": {
        "type": "Point",
        "coordinates": [
          9.3705855,
          45.5376468
        ]
      },
      "id": "way/555211814"
    },
    {
      "type": "Feature",
      "properties": {
        "@id": "way/555382627",
        "amenity": "community_centre",
        "building": "yes",
        "name": "Sala Mostre \"I Sufati\"",
        "@geometry": "center"
      },
      "geometry": {
        "type": "Point",
        "coordinates": [
          8.4510578,
          39.0696246
        ]
      },
      "id": "way/555382627"
    },
    {
      "type": "Feature",
      "properties": {
        "@id": "way/556443276",
        "amenity": "community_centre",
        "building": "yes",
        "community_centre": "parish_hall",
        "denomination": "catholic",
        "name": "Oratorio Lodovico Pavoni",
        "religion": "christian",
        "@geometry": "center"
      },
      "geometry": {
        "type": "Point",
        "coordinates": [
          10.1050853,
          45.5998474
        ]
      },
      "id": "way/556443276"
    },
    {
      "type": "Feature",
      "properties": {
        "@id": "way/556753258",
        "amenity": "community_centre",
        "building": "yes",
        "name": "Patronato di Noventa Vicentina",
        "@geometry": "center"
      },
      "geometry": {
        "type": "Point",
        "coordinates": [
          11.5379299,
          45.2907512
        ]
      },
      "id": "way/556753258"
    },
    {
      "type": "Feature",
      "properties": {
        "@id": "way/556838150",
        "amenity": "community_centre",
        "building": "yes",
        "name": "Villa Ballabio Bertarelli",
        "@geometry": "center"
      },
      "geometry": {
        "type": "Point",
        "coordinates": [
          9.3713003,
          45.8179809
        ]
      },
      "id": "way/556838150"
    },
    {
      "type": "Feature",
      "properties": {
        "@id": "way/556867921",
        "amenity": "community_centre",
        "building": "yes",
        "name": "Circolo Terrieri (ARCI)",
        "operator": "ARCI",
        "operator:type": "private",
        "@geometry": "center"
      },
      "geometry": {
        "type": "Point",
        "coordinates": [
          8.2509442,
          45.7020031
        ]
      },
      "id": "way/556867921"
    },
    {
      "type": "Feature",
      "properties": {
        "@id": "way/556867926",
        "amenity": "community_centre",
        "building": "no",
        "@geometry": "center"
      },
      "geometry": {
        "type": "Point",
        "coordinates": [
          8.2508297,
          45.7020364
        ]
      },
      "id": "way/556867926"
    },
    {
      "type": "Feature",
      "properties": {
        "@id": "way/557214119",
        "addr:city": "Roma",
        "addr:housenumber": "109",
        "addr:postcode": "00155",
        "addr:street": "Via di Tor Cervara",
        "amenity": "nightclub",
        "building": "yes",
        "name": "Viper Deluxe Club",
        "@geometry": "center"
      },
      "geometry": {
        "type": "Point",
        "coordinates": [
          12.5889952,
          41.9234152
        ]
      },
      "id": "way/557214119"
    },
    {
      "type": "Feature",
      "properties": {
        "@id": "way/557697128",
        "addr:street": "Acquilano",
        "name": "Centro Aggregazione Acquilano",
        "addr:city": "Tossicia",
        "amenity": "community_centre",
        "building": "yes",
        "description": "Nuovo edificio, ancora non sulle foto aereo. New building, not yet on aerial photo's.",
        "@geometry": "center"
      },
      "geometry": {
        "type": "Point",
        "coordinates": [
          13.6235229,
          42.5562595
        ]
      },
      "id": "way/557697128"
    },
    {
      "type": "Feature",
      "properties": {
        "@id": "way/560118074",
        "amenity": "community_centre",
        "building": "yes",
        "@geometry": "center"
      },
      "geometry": {
        "type": "Point",
        "coordinates": [
          12.7163537,
          42.9685817
        ]
      },
      "id": "way/560118074"
    },
    {
      "type": "Feature",
      "properties": {
        "@id": "way/560308870",
        "amenity": "community_centre",
        "internet_access": "wlan",
        "internet_access:fee": "no",
        "name": "Officine Cantelmo",
        "wheelchair": "yes",
        "@geometry": "center"
      },
      "geometry": {
        "type": "Point",
        "coordinates": [
          18.1733376,
          40.3576756
        ]
      },
      "id": "way/560308870"
    },
    {
      "type": "Feature",
      "properties": {
        "@id": "way/560364933",
        "amenity": "community_centre",
        "building": "yes",
        "@geometry": "center"
      },
      "geometry": {
        "type": "Point",
        "coordinates": [
          10.4698896,
          45.0287571
        ]
      },
      "id": "way/560364933"
    },
    {
      "type": "Feature",
      "properties": {
        "@id": "way/561952088",
        "addr:city": "Masate",
        "addr:housenumber": "60",
        "addr:postcode": "20060",
        "addr:street": "Via Milano",
        "amenity": "community_centre",
        "community_centre": "parish_hall",
        "denomination": "catholic",
        "name": "Oratorio San Giovanni Bosco",
        "religion": "christian",
        "@geometry": "center"
      },
      "geometry": {
        "type": "Point",
        "coordinates": [
          9.4656747,
          45.5691256
        ]
      },
      "id": "way/561952088"
    },
    {
      "type": "Feature",
      "properties": {
        "@id": "way/561968809",
        "addr:city": "Treviglio",
        "addr:postcode": "24047",
        "addr:street": "Via Canonica",
        "amenity": "community_centre",
        "denomination": "catholic",
        "name": "Oratorio della parrocchia Santo Nome di Maria",
        "religion": "christian",
        "@geometry": "center"
      },
      "geometry": {
        "type": "Point",
        "coordinates": [
          9.5747414,
          45.5372398
        ]
      },
      "id": "way/561968809"
    },
    {
      "type": "Feature",
      "properties": {
        "@id": "way/562101407",
        "website": "http://evitadisco.com/",
        "addr:city": "Cavallermaggiore",
        "addr:postcode": "12030",
        "addr:street": "Via Cuneo",
        "amenity": "nightclub",
        "building": "yes",
        "name": "Evita",
        "opening_hours": "Sa 23:00-24:00; Su 00:00-04:00,19:30-24:00",
        "phone": "+39 0172 381280",
        "@geometry": "center"
      },
      "geometry": {
        "type": "Point",
        "coordinates": [
          7.6796599,
          44.6889731
        ]
      },
      "id": "way/562101407"
    },
    {
      "type": "Feature",
      "properties": {
        "@id": "way/562520158",
        "amenity": "community_centre",
        "name": "Oratorio San Giovanni Bosco",
        "@geometry": "center"
      },
      "geometry": {
        "type": "Point",
        "coordinates": [
          9.3725608,
          45.4951062
        ]
      },
      "id": "way/562520158"
    },
    {
      "type": "Feature",
      "properties": {
        "@id": "way/564067577",
        "amenity": "community_centre",
        "building": "yes",
        "building:levels": "1",
        "height": "4",
        "name": "Centro Civico \"La fonte\"",
        "@geometry": "center"
      },
      "geometry": {
        "type": "Point",
        "coordinates": [
          11.1297197,
          43.9248665
        ]
      },
      "id": "way/564067577"
    },
    {
      "type": "Feature",
      "properties": {
        "@id": "way/565804327",
        "amenity": "community_centre",
        "name": "Oratorio Sacro Cuore",
        "@geometry": "center"
      },
      "geometry": {
        "type": "Point",
        "coordinates": [
          8.9728419,
          45.6607768
        ]
      },
      "id": "way/565804327"
    },
    {
      "type": "Feature",
      "properties": {
        "@id": "way/568225442",
        "addr:housenumber": "180",
        "addr:street": "Via Ranuccio Bianchi Bandinelli",
        "amenity": "nightclub",
        "name": "PalaCavicchi Ciampino",
        "operator": "PalaCavicchi",
        "website": "http://www.palacavicchieventi.com/",
        "@geometry": "center"
      },
      "geometry": {
        "type": "Point",
        "coordinates": [
          12.585858,
          41.8160375
        ]
      },
      "id": "way/568225442"
    },
    {
      "type": "Feature",
      "properties": {
        "@id": "way/568452483",
        "amenity": "community_centre",
        "building": "yes",
        "community_centre": "cultural_centre",
        "community_centre:for": "senior",
        "name": "Centro Sociale Auser",
        "operator": "Auser",
        "website": "http://www.ausergrosseto.org/",
        "@geometry": "center"
      },
      "geometry": {
        "type": "Point",
        "coordinates": [
          10.8919104,
          43.0473387
        ]
      },
      "id": "way/568452483"
    },
    {
      "type": "Feature",
      "properties": {
        "@id": "way/569386123",
        "amenity": "community_centre",
        "building": "yes",
        "name": "Circolo ricreativo \"On Air\"",
        "@geometry": "center"
      },
      "geometry": {
        "type": "Point",
        "coordinates": [
          12.7206638,
          42.9340151
        ]
      },
      "id": "way/569386123"
    },
    {
      "type": "Feature",
      "properties": {
        "@id": "way/569597603",
        "amenity": "community_centre",
        "building": "public",
        "name": "Centro Sociale Mario Grandi",
        "@geometry": "center"
      },
      "geometry": {
        "type": "Point",
        "coordinates": [
          10.8535554,
          43.0045217
        ]
      },
      "id": "way/569597603"
    },
    {
      "type": "Feature",
      "properties": {
        "@id": "way/570474855",
        "amenity": "community_centre",
        "name": "Centro Culturale Le Macine",
        "@geometry": "center"
      },
      "geometry": {
        "type": "Point",
        "coordinates": [
          10.6030656,
          43.768084
        ]
      },
      "id": "way/570474855"
    },
    {
      "type": "Feature",
      "properties": {
        "@id": "way/570548093",
        "addr:city": "Isola d'Asti",
        "addr:street": "SR231",
        "amenity": "nightclub",
        "building": "yes",
        "name": "Mediterraneo",
        "phone": "+39 0141 1858000",
        "website": "https://www.mediterraneo.playdance.tv/",
        "@geometry": "center"
      },
      "geometry": {
        "type": "Point",
        "coordinates": [
          8.1675343,
          44.8235126
        ]
      },
      "id": "way/570548093"
    },
    {
      "type": "Feature",
      "properties": {
        "@id": "way/573955726",
        "addr:city": "Carugate",
        "addr:street": "Via Pio XI",
        "amenity": "community_centre",
        "loc_name": "Oratorio Carugate",
        "name": "Oratorio San Giovanni Bosco",
        "@geometry": "center"
      },
      "geometry": {
        "type": "Point",
        "coordinates": [
          9.3366181,
          45.5544533
        ]
      },
      "id": "way/573955726"
    },
    {
      "type": "Feature",
      "properties": {
        "@id": "way/574533581",
        "amenity": "community_centre",
        "loc_name": "Oratorio Melzo",
        "name": "Oratorio Sant'Alessandro",
        "@geometry": "center"
      },
      "geometry": {
        "type": "Point",
        "coordinates": [
          9.4198738,
          45.4969904
        ]
      },
      "id": "way/574533581"
    },
    {
      "type": "Feature",
      "properties": {
        "@id": "way/574533583",
        "name": "Oratorio Santa Maria delle Stelle",
        "addr:city": "Melzo",
        "addr:postcode": "20066",
        "addr:street": "Via Monte Cervino",
        "amenity": "community_centre",
        "loc_name": "Oratorio Melzo",
        "@geometry": "center"
      },
      "geometry": {
        "type": "Point",
        "coordinates": [
          9.426994,
          45.5062719
        ]
      },
      "id": "way/574533583"
    },
    {
      "type": "Feature",
      "properties": {
        "@id": "way/575060041",
        "amenity": "community_centre",
        "building": "yes",
        "name": "Centro sportivo - \"Palco del Papa\"",
        "@geometry": "center"
      },
      "geometry": {
        "type": "Point",
        "coordinates": [
          10.5764659,
          45.1945793
        ]
      },
      "id": "way/575060041"
    },
    {
      "type": "Feature",
      "properties": {
        "@id": "way/575122175",
        "amenity": "community_centre",
        "building": "yes",
        "name": "Fontana Ferrugginosa",
        "@geometry": "center"
      },
      "geometry": {
        "type": "Point",
        "coordinates": [
          7.2962442,
          44.8777162
        ]
      },
      "id": "way/575122175"
    },
    {
      "type": "Feature",
      "properties": {
        "@id": "way/576734341",
        "amenity": "community_centre",
        "name": "Oratorio San Giovanni Bosco",
        "wheelchair": "yes",
        "@geometry": "center"
      },
      "geometry": {
        "type": "Point",
        "coordinates": [
          9.3631987,
          45.6503831
        ]
      },
      "id": "way/576734341"
    },
    {
      "type": "Feature",
      "properties": {
        "@id": "way/581137732",
        "name": "Caprilino",
        "building": "yes",
        "amenity": "community_centre",
        "@geometry": "center"
      },
      "geometry": {
        "type": "Point",
        "coordinates": [
          12.8827143,
          43.9094689
        ]
      },
      "id": "way/581137732"
    },
    {
      "type": "Feature",
      "properties": {
        "@id": "way/581692929",
        "amenity": "community_centre",
        "community_centre": "parish_hall",
        "denomination": "catholic",
        "name": "Oratorio San Carlo",
        "religion": "christian",
        "@geometry": "center"
      },
      "geometry": {
        "type": "Point",
        "coordinates": [
          10.2061208,
          45.5454869
        ]
      },
      "id": "way/581692929"
    },
    {
      "type": "Feature",
      "properties": {
        "@id": "way/581694019",
        "amenity": "community_centre",
        "building": "yes",
        "disused:amenity": "place_of_worship",
        "disused:denomination": "catholic",
        "disused:religion": "christian",
        "old_name": "Chiesa vecchia",
        "start_date": "C14",
        "@geometry": "center"
      },
      "geometry": {
        "type": "Point",
        "coordinates": [
          10.0997996,
          45.6297717
        ]
      },
      "id": "way/581694019"
    },
    {
      "type": "Feature",
      "properties": {
        "@id": "way/583182331",
        "amenity": "community_centre",
        "@geometry": "center"
      },
      "geometry": {
        "type": "Point",
        "coordinates": [
          9.4932679,
          45.5636737
        ]
      },
      "id": "way/583182331"
    },
    {
      "type": "Feature",
      "properties": {
        "@id": "way/583672954",
        "amenity": "community_centre",
        "denomination": "roman_catholic",
        "name": "Oratorio San Giovanni Battista",
        "religion": "christian",
        "@geometry": "center"
      },
      "geometry": {
        "type": "Point",
        "coordinates": [
          9.0313954,
          45.5364425
        ]
      },
      "id": "way/583672954"
    },
    {
      "type": "Feature",
      "properties": {
        "@id": "way/583682170",
        "amenity": "community_centre",
        "building": "yes",
        "name": "Oratorio San Paolo",
        "@geometry": "center"
      },
      "geometry": {
        "type": "Point",
        "coordinates": [
          9.0246313,
          45.5291513
        ]
      },
      "id": "way/583682170"
    },
    {
      "type": "Feature",
      "properties": {
        "@id": "way/587685806",
        "amenity": "community_centre",
        "building": "civic",
        "@geometry": "center"
      },
      "geometry": {
        "type": "Point",
        "coordinates": [
          9.6668908,
          45.7376615
        ]
      },
      "id": "way/587685806"
    },
    {
      "type": "Feature",
      "properties": {
        "@id": "way/587819020",
        "addr:housenumber": "8",
        "addr:street": "Via Panfilo Castaldi",
        "amenity": "nightclub",
        "contact:email": "zoolatinoweb@gmail.com",
        "contact:phone": "+39 331 7913067",
        "name": "Zoo Club",
        "source": "survey",
        "website": "http://discozooclub.com/",
        "@geometry": "center"
      },
      "geometry": {
        "type": "Point",
        "coordinates": [
          9.2440491,
          45.5579272
        ]
      },
      "id": "way/587819020"
    },
    {
      "type": "Feature",
      "properties": {
        "@id": "way/589495664",
        "addr:city": "Alatri",
        "addr:housenumber": "34",
        "addr:postcode": "03100",
        "addr:street": "Strada Provinciale Colle Forno",
        "amenity": "nightclub",
        "building": "yes",
        "name": "Satyricon",
        "smoking": "outside",
        "@geometry": "center"
      },
      "geometry": {
        "type": "Point",
        "coordinates": [
          13.3101253,
          41.669605
        ]
      },
      "id": "way/589495664"
    },
    {
      "type": "Feature",
      "properties": {
        "@id": "way/590938179",
        "building": "no",
        "name": "Oratorio San Luigi",
        "loc_name": "Oratorio di Gorgonzola",
        "addr:city": "Gorgonzola",
        "addr:postcode": "20064",
        "addr:street": "Via Giacomo Matteotti",
        "amenity": "community_centre",
        "@geometry": "center"
      },
      "geometry": {
        "type": "Point",
        "coordinates": [
          9.4037246,
          45.5331696
        ]
      },
      "id": "way/590938179"
    },
    {
      "type": "Feature",
      "properties": {
        "@id": "way/590962708",
        "amenity": "community_centre",
        "name": "Oratorio San Domenico Savio",
        "@geometry": "center"
      },
      "geometry": {
        "type": "Point",
        "coordinates": [
          9.3591399,
          45.5176423
        ]
      },
      "id": "way/590962708"
    },
    {
      "type": "Feature",
      "properties": {
        "@id": "way/592640676",
        "amenity": "community_centre",
        "loc_name": "Oratorio di Beverate",
        "name": "Oratorio San Giovanni Bosco",
        "@geometry": "center"
      },
      "geometry": {
        "type": "Point",
        "coordinates": [
          9.4279669,
          45.7370312
        ]
      },
      "id": "way/592640676"
    },
    {
      "type": "Feature",
      "properties": {
        "@id": "way/593500945",
        "amenity": "community_centre",
        "community_centre": "parish_hall",
        "denomination": "catholic",
        "name": "Oratorio Parrocchia di Sant'Anna",
        "religion": "christian",
        "@geometry": "center"
      },
      "geometry": {
        "type": "Point",
        "coordinates": [
          9.1483019,
          45.4813657
        ]
      },
      "id": "way/593500945"
    },
    {
      "type": "Feature",
      "properties": {
        "@id": "way/593837817",
        "amenity": "community_centre",
        "building": "yes",
        "name": "Centro Sociale \"G. Baiesi\"",
        "@geometry": "center"
      },
      "geometry": {
        "type": "Point",
        "coordinates": [
          11.1117944,
          44.4354695
        ]
      },
      "id": "way/593837817"
    },
    {
      "type": "Feature",
      "properties": {
        "@id": "way/593854580",
        "source": "local knowledge",
        "name": "Centro Sociale \"A. Lanzarini\"",
        "addr:city": "Stiore",
        "addr:housenumber": "2",
        "addr:street": "Via Sant'Egidio",
        "amenity": "community_centre",
        "building": "yes",
        "@geometry": "center"
      },
      "geometry": {
        "type": "Point",
        "coordinates": [
          11.1182909,
          44.4725431
        ]
      },
      "id": "way/593854580"
    },
    {
      "type": "Feature",
      "properties": {
        "@id": "way/594623965",
        "amenity": "community_centre",
        "building": "yes",
        "@geometry": "center"
      },
      "geometry": {
        "type": "Point",
        "coordinates": [
          10.992686,
          44.1294934
        ]
      },
      "id": "way/594623965"
    },
    {
      "type": "Feature",
      "properties": {
        "@id": "way/595106708",
        "amenity": "community_centre",
        "building": "yes",
        "name": "Ecomuseo della transumanza",
        "@geometry": "center"
      },
      "geometry": {
        "type": "Point",
        "coordinates": [
          8.1516253,
          45.6618171
        ]
      },
      "id": "way/595106708"
    },
    {
      "type": "Feature",
      "properties": {
        "@id": "way/595107896",
        "amenity": "community_centre",
        "building": "yes",
        "name": "Ecomuseo della transumanza",
        "@geometry": "center"
      },
      "geometry": {
        "type": "Point",
        "coordinates": [
          8.151451,
          45.6617581
        ]
      },
      "id": "way/595107896"
    },
    {
      "type": "Feature",
      "properties": {
        "@id": "way/595109098",
        "amenity": "social_centre",
        "building": "public",
        "name": "Croce Rossa - Sede distaccata di Ponzone",
        "@geometry": "center"
      },
      "geometry": {
        "type": "Point",
        "coordinates": [
          8.1849549,
          45.6536567
        ]
      },
      "id": "way/595109098"
    },
    {
      "type": "Feature",
      "properties": {
        "@id": "way/595109830",
        "amenity": "community_centre",
        "building": "yes",
        "name": "Ecomuseo della transumanza",
        "@geometry": "center"
      },
      "geometry": {
        "type": "Point",
        "coordinates": [
          8.1515397,
          45.6617804
        ]
      },
      "id": "way/595109830"
    },
    {
      "type": "Feature",
      "properties": {
        "@id": "way/595110793",
        "amenity": "community_centre",
        "building": "yes",
        "name": "Ecomuseo della transumanza",
        "@geometry": "center"
      },
      "geometry": {
        "type": "Point",
        "coordinates": [
          8.1514811,
          45.6617686
        ]
      },
      "id": "way/595110793"
    },
    {
      "type": "Feature",
      "properties": {
        "@id": "way/595111365",
        "amenity": "community_centre",
        "building": "yes",
        "lgbtq": "primary",
        "name": "Associazione Nazionale Alpini - Gruppo di Trivero",
        "@geometry": "center"
      },
      "geometry": {
        "type": "Point",
        "coordinates": [
          8.1675768,
          45.6672466
        ]
      },
      "id": "way/595111365"
    },
    {
      "type": "Feature",
      "properties": {
        "@id": "way/595201641",
        "amenity": "community_centre",
        "building": "yes",
        "community_centre": "parish_hall",
        "denomination": "catholic",
        "name": "Oratorio San Giovanni Bosco",
        "religion": "christian",
        "@geometry": "center"
      },
      "geometry": {
        "type": "Point",
        "coordinates": [
          10.7578823,
          45.7680203
        ]
      },
      "id": "way/595201641"
    },
    {
      "type": "Feature",
      "properties": {
        "@id": "way/597362051",
        "addr:city": "Roma",
        "addr:housenumber": "6/b",
        "addr:postcode": "00122",
        "addr:street": "Lungomare Lutazio Catulo",
        "amenity": "nightclub",
        "building": "yes",
        "name": "Open Bar",
        "operator": "Altamarea",
        "@geometry": "center"
      },
      "geometry": {
        "type": "Point",
        "coordinates": [
          12.3116866,
          41.716416
        ]
      },
      "id": "way/597362051"
    },
    {
      "type": "Feature",
      "properties": {
        "@id": "way/598141296",
        "addr:city": "Boltiere",
        "addr:housenumber": "20",
        "addr:street": "Via Monte Grappa",
        "amenity": "community_centre",
        "name": "Oratorio",
        "building": "public",
        "@geometry": "center"
      },
      "geometry": {
        "type": "Point",
        "coordinates": [
          9.5776258,
          45.5982561
        ]
      },
      "id": "way/598141296"
    },
    {
      "type": "Feature",
      "properties": {
        "@id": "way/605859808",
        "opening_hours:covid19": "off",
        "religion": "christian",
        "amenity": "community_centre",
        "community_centre": "parish_hall",
        "community_centre:for": "multigeneration",
        "denomination": "catholic",
        "name": "Oratorio di Vidalengo",
        "@geometry": "center"
      },
      "geometry": {
        "type": "Point",
        "coordinates": [
          9.6416736,
          45.5233881
        ]
      },
      "id": "way/605859808"
    },
    {
      "type": "Feature",
      "properties": {
        "@id": "way/605872198",
        "amenity": "community_centre",
        "name": "Oratorio San Paolo",
        "@geometry": "center"
      },
      "geometry": {
        "type": "Point",
        "coordinates": [
          9.8687429,
          45.3998559
        ]
      },
      "id": "way/605872198"
    },
    {
      "type": "Feature",
      "properties": {
        "@id": "way/606323095",
        "building": "yes",
        "wheelchair": "yes",
        "religion": "christian",
        "amenity": "community_centre",
        "denomination": "roman_catholic",
        "name": "Oratorio di Misano Gera d'Adda",
        "@geometry": "center"
      },
      "geometry": {
        "type": "Point",
        "coordinates": [
          9.6215031,
          45.4686339
        ]
      },
      "id": "way/606323095"
    },
    {
      "type": "Feature",
      "properties": {
        "@id": "way/607712621",
        "addr:city": "Eggi",
        "addr:housenumber": "34",
        "addr:street": "via Crivellini",
        "amenity": "social_centre",
        "building": "yes",
        "building:levels": "2",
        "name": "Circolo Arci",
        "@geometry": "center"
      },
      "geometry": {
        "type": "Point",
        "coordinates": [
          12.7771205,
          42.7616371
        ]
      },
      "id": "way/607712621"
    },
    {
      "type": "Feature",
      "properties": {
        "@id": "way/609734011",
        "amenity": "community_centre",
        "name": "Casa degli Alpini",
        "@geometry": "center"
      },
      "geometry": {
        "type": "Point",
        "coordinates": [
          12.2667909,
          46.1815039
        ]
      },
      "id": "way/609734011"
    },
    {
      "type": "Feature",
      "properties": {
        "@id": "way/609734013",
        "amenity": "community_centre",
        "@geometry": "center"
      },
      "geometry": {
        "type": "Point",
        "coordinates": [
          12.2674379,
          46.1812045
        ]
      },
      "id": "way/609734013"
    },
    {
      "type": "Feature",
      "properties": {
        "@id": "way/610552277",
        "amenity": "community_centre",
        "name": "Filò Sant'Andrea",
        "@geometry": "center"
      },
      "geometry": {
        "type": "Point",
        "coordinates": [
          12.2811778,
          46.1832163
        ]
      },
      "id": "way/610552277"
    },
    {
      "type": "Feature",
      "properties": {
        "@id": "way/610922096",
        "amenity": "community_centre",
        "name": "Oratorio San Luigi",
        "old_name": "Oratorio Maschile San Luigi",
        "@geometry": "center"
      },
      "geometry": {
        "type": "Point",
        "coordinates": [
          9.1423728,
          45.5338498
        ]
      },
      "id": "way/610922096"
    },
    {
      "type": "Feature",
      "properties": {
        "@id": "way/611989336",
        "amenity": "community_centre",
        "building": "yes",
        "@geometry": "center"
      },
      "geometry": {
        "type": "Point",
        "coordinates": [
          13.7544023,
          43.177396
        ]
      },
      "id": "way/611989336"
    },
    {
      "type": "Feature",
      "properties": {
        "@id": "way/614839774",
        "amenity": "community_centre",
        "name": "Casa di Riposo",
        "@geometry": "center"
      },
      "geometry": {
        "type": "Point",
        "coordinates": [
          12.2823174,
          46.1757939
        ]
      },
      "id": "way/614839774"
    },
    {
      "type": "Feature",
      "properties": {
        "@id": "way/615546730",
        "amenity": "community_centre",
        "name": "Oratorio di Rovello Porro",
        "@geometry": "center"
      },
      "geometry": {
        "type": "Point",
        "coordinates": [
          9.0386236,
          45.6533156
        ]
      },
      "id": "way/615546730"
    },
    {
      "type": "Feature",
      "properties": {
        "@id": "way/615910547",
        "addr:city": "Pozzuoli",
        "addr:postcode": "80078",
        "addr:street": "Via Napoli",
        "amenity": "nightclub",
        "building": "yes",
        "name": "Tonga",
        "phone": "+39 338 952 4997",
        "@geometry": "center"
      },
      "geometry": {
        "type": "Point",
        "coordinates": [
          14.1486748,
          40.8188462
        ]
      },
      "id": "way/615910547"
    },
    {
      "type": "Feature",
      "properties": {
        "@id": "way/617168836",
        "amenity": "nightclub",
        "building": "yes",
        "@geometry": "center"
      },
      "geometry": {
        "type": "Point",
        "coordinates": [
          14.5394931,
          36.8062572
        ]
      },
      "id": "way/617168836"
    },
    {
      "type": "Feature",
      "properties": {
        "@id": "way/617168839",
        "name": "Koala",
        "landuse": "commercial",
        "amenity": "nightclub",
        "@geometry": "center"
      },
      "geometry": {
        "type": "Point",
        "coordinates": [
          14.539857,
          36.806311
        ]
      },
      "id": "way/617168839"
    },
    {
      "type": "Feature",
      "properties": {
        "@id": "way/617352701",
        "amenity": "community_centre",
        "building": "yes",
        "name": "Centro Civico",
        "@geometry": "center"
      },
      "geometry": {
        "type": "Point",
        "coordinates": [
          11.141716,
          46.0768826
        ]
      },
      "id": "way/617352701"
    },
    {
      "type": "Feature",
      "properties": {
        "@id": "way/618283823",
        "amenity": "community_centre",
        "community_centre": "parish_hall",
        "community_centre:for": "juvenile",
        "name": "Oratorio San Giovanni Bosco",
        "@geometry": "center"
      },
      "geometry": {
        "type": "Point",
        "coordinates": [
          8.9564312,
          45.6742996
        ]
      },
      "id": "way/618283823"
    },
    {
      "type": "Feature",
      "properties": {
        "@id": "way/618595950",
        "amenity": "community_centre",
        "building": "yes",
        "community_centre:for": "juvenile",
        "name": "Oratorio Carlo Acutis",
        "@geometry": "center"
      },
      "geometry": {
        "type": "Point",
        "coordinates": [
          8.4000873,
          45.6649891
        ]
      },
      "id": "way/618595950"
    },
    {
      "type": "Feature",
      "properties": {
        "@id": "way/620044076",
        "addr:city": "Perugia",
        "addr:country": "IT",
        "addr:housenumber": "11",
        "addr:postcode": "06127",
        "addr:street": "Via Ferdinando Gregorovius",
        "addr:suburb": "Ferro di Cavallo",
        "amenity": "community_centre",
        "name": "Centro Socio Culturale Ferro di Cavallo",
        "@geometry": "center"
      },
      "geometry": {
        "type": "Point",
        "coordinates": [
          12.3496686,
          43.1047462
        ]
      },
      "id": "way/620044076"
    },
    {
      "type": "Feature",
      "properties": {
        "@id": "way/620121611",
        "amenity": "social_centre",
        "@geometry": "center"
      },
      "geometry": {
        "type": "Point",
        "coordinates": [
          8.4386591,
          45.9283245
        ]
      },
      "id": "way/620121611"
    },
    {
      "type": "Feature",
      "properties": {
        "@id": "way/620147295",
        "addr:city": "Assisi",
        "addr:housenumber": "3",
        "addr:street": "Via degli Ancajani",
        "amenity": "community_centre",
        "contact:phone": "+39 075 813231",
        "contact:website": "http://www.cittadella.org/",
        "name": "Pro Civitate Christiana",
        "wheelchair": "limited",
        "wikipedia": "it:Pro Civitate Christiana",
        "@geometry": "center"
      },
      "geometry": {
        "type": "Point",
        "coordinates": [
          12.6107155,
          43.0711378
        ]
      },
      "id": "way/620147295"
    },
    {
      "type": "Feature",
      "properties": {
        "@id": "way/624671172",
        "amenity": "community_centre",
        "name": "Oratorio San Giuseppe",
        "operator": "Parrocchia Sant'Andrea",
        "@geometry": "center"
      },
      "geometry": {
        "type": "Point",
        "coordinates": [
          9.3259735,
          45.5013682
        ]
      },
      "id": "way/624671172"
    },
    {
      "type": "Feature",
      "properties": {
        "@id": "way/627127904",
        "addr:city": "Fossato di Vico",
        "addr:postcode": "06022",
        "addr:street": "Via Moiette",
        "amenity": "nightclub",
        "building": "yes",
        "name": "Lab Disco",
        "@geometry": "center"
      },
      "geometry": {
        "type": "Point",
        "coordinates": [
          12.7594105,
          43.3111666
        ]
      },
      "id": "way/627127904"
    },
    {
      "type": "Feature",
      "properties": {
        "@id": "way/628515055",
        "addr:city": "Reggio nell'Emilia",
        "addr:housenumber": "1",
        "addr:postcode": "42122",
        "addr:street": "Via Don Luigi Sturzo",
        "amenity": "community_centre",
        "name": "Centro sociale Arci S. Stranieri",
        "@geometry": "center"
      },
      "geometry": {
        "type": "Point",
        "coordinates": [
          10.6564901,
          44.6864805
        ]
      },
      "id": "way/628515055"
    },
    {
      "type": "Feature",
      "properties": {
        "@id": "way/630197740",
        "amenity": "community_centre",
        "building": "yes",
        "name": "Proloco di Terranera",
        "@geometry": "center"
      },
      "geometry": {
        "type": "Point",
        "coordinates": [
          13.5352404,
          42.23534
        ]
      },
      "id": "way/630197740"
    },
    {
      "type": "Feature",
      "properties": {
        "@id": "way/632078076",
        "amenity": "community_centre",
        "building": "yes",
        "building:levels": "2",
        "name": "Centro Diurno Anziani",
        "operator": "Fenalc",
        "@geometry": "center"
      },
      "geometry": {
        "type": "Point",
        "coordinates": [
          10.8507918,
          45.4719576
        ]
      },
      "id": "way/632078076"
    },
    {
      "type": "Feature",
      "properties": {
        "@id": "way/633620213",
        "amenity": "social_centre",
        "building": "service",
        "description": "Centro Sociale L'Asilo",
        "name": "Centro sociale \"Via Leoncavallo\"",
        "@geometry": "center"
      },
      "geometry": {
        "type": "Point",
        "coordinates": [
          12.8953045,
          43.8984644
        ]
      },
      "id": "way/633620213"
    },
    {
      "type": "Feature",
      "properties": {
        "@id": "way/635298613",
        "amenity": "community_centre",
        "name": "Circolo Arci Rondò",
        "@geometry": "center"
      },
      "geometry": {
        "type": "Point",
        "coordinates": [
          10.6098713,
          44.7234782
        ]
      },
      "id": "way/635298613"
    },
    {
      "type": "Feature",
      "properties": {
        "@id": "way/635375210",
        "amenity": "community_centre",
        "name": "Centro sociale G. Iotti - La Fontana",
        "@geometry": "center"
      },
      "geometry": {
        "type": "Point",
        "coordinates": [
          10.671497,
          44.7409543
        ]
      },
      "id": "way/635375210"
    },
    {
      "type": "Feature",
      "properties": {
        "@id": "way/635670480",
        "addr:city": "Reggio nell'Emilia",
        "addr:housenumber": "11",
        "addr:postcode": "42124",
        "addr:street": "Via Monte Nero",
        "amenity": "community_centre",
        "name": "Centro Sociale Orti Montenero",
        "operator": "ANCESCAO",
        "website": "https://www.ancescaore.it/ortimontenero/",
        "@geometry": "center"
      },
      "geometry": {
        "type": "Point",
        "coordinates": [
          10.6441717,
          44.7046657
        ]
      },
      "id": "way/635670480"
    },
    {
      "type": "Feature",
      "properties": {
        "@id": "way/636117018",
        "opening_hours:covid19": "closed",
        "addr:city": "Trecate",
        "addr:postcode": "28069",
        "addr:street": "Strada Provinciale 11 Padana Superiore",
        "amenity": "nightclub",
        "name": "Celebrità",
        "smoking": "isolated",
        "website": "https://www.discotecacelebrita.com/",
        "@geometry": "center"
      },
      "geometry": {
        "type": "Point",
        "coordinates": [
          8.7057179,
          45.4344714
        ]
      },
      "id": "way/636117018"
    },
    {
      "type": "Feature",
      "properties": {
        "@id": "way/637397677",
        "addr:street": "Via Ricreatorio",
        "amenity": "community_centre",
        "name": "Ricreatorio San Luigi Gonzaga",
        "operator": "Associazione Ricreatorio San Luigi Gonzaga",
        "@geometry": "center"
      },
      "geometry": {
        "type": "Point",
        "coordinates": [
          8.9014832,
          44.4985116
        ]
      },
      "id": "way/637397677"
    },
    {
      "type": "Feature",
      "properties": {
        "@id": "way/637449736",
        "addr:street": "Via Zubiena",
        "amenity": "community_centre",
        "building": "yes",
        "name": "Centro Anziani",
        "@geometry": "center"
      },
      "geometry": {
        "type": "Point",
        "coordinates": [
          12.2557406,
          42.0139064
        ]
      },
      "id": "way/637449736"
    },
    {
      "type": "Feature",
      "properties": {
        "@id": "way/637597822",
        "name": "Ballalinda",
        "addr:housenumber": "12",
        "building": "yes",
        "addr:street": "Via Torino",
        "amenity": "nightclub",
        "@geometry": "center"
      },
      "geometry": {
        "type": "Point",
        "coordinates": [
          7.7025102,
          44.5619758
        ]
      },
      "id": "way/637597822"
    },
    {
      "type": "Feature",
      "properties": {
        "@id": "way/639827647",
        "addr:city": "Castelnuovo della Daunia",
        "addr:postcode": "71034",
        "amenity": "community_centre",
        "building": "greenhouse",
        "email": "info@centrobethel.it",
        "name": "Centro Bethel",
        "website": "https://www.centrobethel.it",
        "@geometry": "center"
      },
      "geometry": {
        "type": "Point",
        "coordinates": [
          15.1241768,
          41.5831508
        ]
      },
      "id": "way/639827647"
    },
    {
      "type": "Feature",
      "properties": {
        "@id": "way/640097407",
        "amenity": "community_centre",
        "@geometry": "center"
      },
      "geometry": {
        "type": "Point",
        "coordinates": [
          11.7466904,
          43.2120722
        ]
      },
      "id": "way/640097407"
    },
    {
      "type": "Feature",
      "properties": {
        "@id": "way/640097411",
        "addr:city": "Bettolle",
        "addr:housenumber": "1",
        "addr:postcode": "53048",
        "addr:street": "Via Giuseppe Mazzini",
        "amenity": "community_centre",
        "name": "Centro Sociale Auser",
        "@geometry": "center"
      },
      "geometry": {
        "type": "Point",
        "coordinates": [
          11.8036221,
          43.2068038
        ]
      },
      "id": "way/640097411"
    },
    {
      "type": "Feature",
      "properties": {
        "@id": "way/640970919",
        "addr:city": "L'Aquila",
        "addr:housenumber": "110",
        "addr:postcode": "67061",
        "addr:street": "Via Giuseppe Saragat",
        "amenity": "nightclub",
        "building": "yes",
        "name": "Movi&Dance",
        "phone": "+39 340 277 7971",
        "@geometry": "center"
      },
      "geometry": {
        "type": "Point",
        "coordinates": [
          13.336285,
          42.3512811
        ]
      },
      "id": "way/640970919"
    },
    {
      "type": "Feature",
      "properties": {
        "@id": "way/641514893",
        "addr:city": "Carrù",
        "addr:housenumber": "47",
        "addr:postcode": "12061",
        "addr:street": "Via Garibaldi",
        "amenity": "nightclub",
        "building": "yes",
        "name": "Oriente discoteca",
        "smoking": "isolated",
        "@geometry": "center"
      },
      "geometry": {
        "type": "Point",
        "coordinates": [
          7.8803835,
          44.4811159
        ]
      },
      "id": "way/641514893"
    },
    {
      "type": "Feature",
      "properties": {
        "@id": "way/641525737",
        "addr:city": "Alba",
        "addr:housenumber": "10",
        "addr:street": "Corso Barolo",
        "amenity": "nightclub",
        "name": "Caveu club",
        "@geometry": "center"
      },
      "geometry": {
        "type": "Point",
        "coordinates": [
          8.0046096,
          44.6855956
        ]
      },
      "id": "way/641525737"
    },
    {
      "type": "Feature",
      "properties": {
        "@id": "way/641550653",
        "addr:city": "Asti",
        "addr:housenumber": "3",
        "addr:postcode": "14100",
        "addr:street": "Via Antico Ippodromo",
        "amenity": "nightclub",
        "building": "yes",
        "name": "Loft club",
        "@geometry": "center"
      },
      "geometry": {
        "type": "Point",
        "coordinates": [
          8.2203273,
          44.8990175
        ]
      },
      "id": "way/641550653"
    },
    {
      "type": "Feature",
      "properties": {
        "@id": "way/642233169",
        "amenity": "community_centre",
        "name": "Centro sociale Rubbianino",
        "@geometry": "center"
      },
      "geometry": {
        "type": "Point",
        "coordinates": [
          10.5250131,
          44.6515696
        ]
      },
      "id": "way/642233169"
    },
    {
      "type": "Feature",
      "properties": {
        "@id": "way/642304376",
        "addr:city": "Gattinara",
        "addr:housenumber": "21",
        "addr:postcode": "13045",
        "addr:street": "Viale Roma",
        "amenity": "nightclub",
        "building": "yes",
        "name": "Glob Trotter",
        "@geometry": "center"
      },
      "geometry": {
        "type": "Point",
        "coordinates": [
          8.3651736,
          45.6117606
        ]
      },
      "id": "way/642304376"
    },
    {
      "type": "Feature",
      "properties": {
        "@id": "way/643836051",
        "amenity": "community_centre",
        "name": "Auser comunale",
        "@geometry": "center"
      },
      "geometry": {
        "type": "Point",
        "coordinates": [
          10.6160521,
          44.6867623
        ]
      },
      "id": "way/643836051"
    },
    {
      "type": "Feature",
      "properties": {
        "@id": "way/644618388",
        "name": "Première Club",
        "building": "yes",
        "addr:city": "Poirino",
        "addr:housenumber": "47",
        "addr:postcode": "10046",
        "addr:street": "Strada Savona",
        "amenity": "nightclub",
        "@geometry": "center"
      },
      "geometry": {
        "type": "Point",
        "coordinates": [
          7.8487948,
          44.9134401
        ]
      },
      "id": "way/644618388"
    },
    {
      "type": "Feature",
      "properties": {
        "@id": "way/645280104",
        "website": "http://www.concesiopieve.it/oratorio-paolo-vi.html",
        "religion": "christian",
        "alt_name": "Oratorio Paolo VI",
        "amenity": "community_centre",
        "building": "yes",
        "community_centre": "parish_hall",
        "denomination": "catholic",
        "name": "Casa del Giovane",
        "@geometry": "center"
      },
      "geometry": {
        "type": "Point",
        "coordinates": [
          10.2149952,
          45.6064165
        ]
      },
      "id": "way/645280104"
    },
    {
      "type": "Feature",
      "properties": {
        "@id": "way/648004450",
        "amenity": "community_centre",
        "historic": "monastery",
        "name": "Centro congressi (ex convento dei cappuccini)",
        "wikipedia": "it:Convento e chiesa dei Cappuccini (San Miniato)",
        "@geometry": "center"
      },
      "geometry": {
        "type": "Point",
        "coordinates": [
          10.8651158,
          43.6751818
        ]
      },
      "id": "way/648004450"
    },
    {
      "type": "Feature",
      "properties": {
        "@id": "way/649219522",
        "amenity": "nightclub",
        "@geometry": "center"
      },
      "geometry": {
        "type": "Point",
        "coordinates": [
          16.5548038,
          38.6885061
        ]
      },
      "id": "way/649219522"
    },
    {
      "type": "Feature",
      "properties": {
        "@id": "way/649220011",
        "building": "yes",
        "amenity": "nightclub",
        "@geometry": "center"
      },
      "geometry": {
        "type": "Point",
        "coordinates": [
          16.5514259,
          38.6905435
        ]
      },
      "id": "way/649220011"
    },
    {
      "type": "Feature",
      "properties": {
        "@id": "way/649244020",
        "amenity": "community_centre",
        "building": "yes",
        "name": "Salone Polivalente",
        "@geometry": "center"
      },
      "geometry": {
        "type": "Point",
        "coordinates": [
          8.163223,
          45.575659
        ]
      },
      "id": "way/649244020"
    },
    {
      "type": "Feature",
      "properties": {
        "@id": "way/649454905",
        "addr:city": "Reggio Emilia",
        "addr:housenumber": "6",
        "addr:postcode": "42124",
        "addr:street": "Via Vasco Agosti",
        "amenity": "community_centre",
        "name": "Centro sociale Tricolore",
        "@geometry": "center"
      },
      "geometry": {
        "type": "Point",
        "coordinates": [
          10.6501309,
          44.7016907
        ]
      },
      "id": "way/649454905"
    },
    {
      "type": "Feature",
      "properties": {
        "@id": "way/649578370",
        "building": "yes",
        "amenity": "nightclub",
        "@geometry": "center"
      },
      "geometry": {
        "type": "Point",
        "coordinates": [
          16.5347128,
          38.7046783
        ]
      },
      "id": "way/649578370"
    },
    {
      "type": "Feature",
      "properties": {
        "@id": "way/650038922",
        "amenity": "community_centre",
        "name": "Pesca sportiva Lago Tibbia",
        "@geometry": "center"
      },
      "geometry": {
        "type": "Point",
        "coordinates": [
          10.5701451,
          44.6511117
        ]
      },
      "id": "way/650038922"
    },
    {
      "type": "Feature",
      "properties": {
        "@id": "way/651031967",
        "name": "Biasola",
        "amenity": "community_centre",
        "@geometry": "center"
      },
      "geometry": {
        "type": "Point",
        "coordinates": [
          10.5787742,
          44.6698294
        ]
      },
      "id": "way/651031967"
    },
    {
      "type": "Feature",
      "properties": {
        "@id": "way/651101816",
        "amenity": "community_centre",
        "name": "Centro sociale Buco Magico",
        "@geometry": "center"
      },
      "geometry": {
        "type": "Point",
        "coordinates": [
          10.6387641,
          44.6757757
        ]
      },
      "id": "way/651101816"
    },
    {
      "type": "Feature",
      "properties": {
        "@id": "way/651910576",
        "amenity": "community_centre",
        "name": "Centro sociale La Mirandola",
        "@geometry": "center"
      },
      "geometry": {
        "type": "Point",
        "coordinates": [
          10.5955043,
          44.7059923
        ]
      },
      "id": "way/651910576"
    },
    {
      "type": "Feature",
      "properties": {
        "@id": "way/651910999",
        "amenity": "community_centre",
        "name": "Circolo Arci Pieve Modolena",
        "@geometry": "center"
      },
      "geometry": {
        "type": "Point",
        "coordinates": [
          10.5845398,
          44.7136457
        ]
      },
      "id": "way/651910999"
    },
    {
      "type": "Feature",
      "properties": {
        "@id": "way/651912792",
        "amenity": "community_centre",
        "name": "Centro sociale autogestito Venezia",
        "@geometry": "center"
      },
      "geometry": {
        "type": "Point",
        "coordinates": [
          10.6700867,
          44.6835404
        ]
      },
      "id": "way/651912792"
    },
    {
      "type": "Feature",
      "properties": {
        "@id": "way/652283365",
        "amenity": "community_centre",
        "name": "Centro sociale La Fornace",
        "@geometry": "center"
      },
      "geometry": {
        "type": "Point",
        "coordinates": [
          10.6355734,
          44.7101456
        ]
      },
      "id": "way/652283365"
    },
    {
      "type": "Feature",
      "properties": {
        "@id": "way/652353965",
        "amenity": "community_centre",
        "building": "yes",
        "denomination": "catholic",
        "name": "Oratorio San Nicola",
        "religion": "christian",
        "@geometry": "center"
      },
      "geometry": {
        "type": "Point",
        "coordinates": [
          8.4163339,
          45.9688586
        ]
      },
      "id": "way/652353965"
    },
    {
      "type": "Feature",
      "properties": {
        "@id": "way/652953177",
        "amenity": "nightclub",
        "building": "yes",
        "@geometry": "center"
      },
      "geometry": {
        "type": "Point",
        "coordinates": [
          16.5565222,
          38.6845525
        ]
      },
      "id": "way/652953177"
    },
    {
      "type": "Feature",
      "properties": {
        "@id": "way/653529959",
        "addr:city": "Corinaldo",
        "addr:housenumber": "17",
        "addr:postcode": "60013",
        "addr:street": "Via Madonna del Piano",
        "amenity": "nightclub",
        "building": "yes",
        "name": "Lanterna Azzurra Clubbing",
        "@geometry": "center"
      },
      "geometry": {
        "type": "Point",
        "coordinates": [
          13.0291671,
          43.6623871
        ]
      },
      "id": "way/653529959"
    },
    {
      "type": "Feature",
      "properties": {
        "@id": "way/653632006",
        "amenity": "social_centre",
        "building": "yes",
        "name": "Casa sociale Caltron",
        "@geometry": "center"
      },
      "geometry": {
        "type": "Point",
        "coordinates": [
          11.0286193,
          46.3740282
        ]
      },
      "id": "way/653632006"
    },
    {
      "type": "Feature",
      "properties": {
        "@id": "way/653814216",
        "amenity": "community_centre",
        "building": "yes",
        "community_centre": "parish_hall",
        "denomination": "catholic",
        "name": "Oratorio",
        "religion": "christian",
        "@geometry": "center"
      },
      "geometry": {
        "type": "Point",
        "coordinates": [
          10.4384613,
          45.5293125
        ]
      },
      "id": "way/653814216"
    },
    {
      "type": "Feature",
      "properties": {
        "@id": "way/654602151",
        "amenity": "community_centre",
        "building": "yes",
        "name": "Villa Usignolo",
        "@geometry": "center"
      },
      "geometry": {
        "type": "Point",
        "coordinates": [
          10.2007227,
          45.65782
        ]
      },
      "id": "way/654602151"
    },
    {
      "type": "Feature",
      "properties": {
        "@id": "way/654688875",
        "amenity": "community_centre",
        "name": "Oratorio San Giovanni Bosco",
        "@geometry": "center"
      },
      "geometry": {
        "type": "Point",
        "coordinates": [
          9.449228,
          45.5394099
        ]
      },
      "id": "way/654688875"
    },
    {
      "type": "Feature",
      "properties": {
        "@id": "way/661136995",
        "amenity": "nightclub",
        "building": "yes",
        "name": "Boars Nest",
        "@geometry": "center"
      },
      "geometry": {
        "type": "Point",
        "coordinates": [
          14.5223775,
          41.8668657
        ]
      },
      "id": "way/661136995"
    },
    {
      "type": "Feature",
      "properties": {
        "@id": "way/662532087",
        "alt_name": "Masseria Martucci",
        "amenity": "community_centre",
        "description": "Il Centro Studi Torre di Nebbia nasce nell’autunno del 1988 con il progetto di costituire un Osservatorio Permanente sul territorio dell'Alta Murgia barese",
        "name": "Centro studi Torre di Nebbia",
        "website": "http://www.altramurgia.it/",
        "@geometry": "center"
      },
      "geometry": {
        "type": "Point",
        "coordinates": [
          16.4542231,
          40.8689794
        ]
      },
      "id": "way/662532087"
    },
    {
      "type": "Feature",
      "properties": {
        "@id": "way/663887060",
        "amenity": "community_centre",
        "building": "yes",
        "@geometry": "center"
      },
      "geometry": {
        "type": "Point",
        "coordinates": [
          13.4841425,
          37.8275361
        ]
      },
      "id": "way/663887060"
    },
    {
      "type": "Feature",
      "properties": {
        "@id": "way/663909274",
        "name": "Dopolavoro Lukoil",
        "amenity": "social_centre",
        "@geometry": "center"
      },
      "geometry": {
        "type": "Point",
        "coordinates": [
          15.2247651,
          37.1156147
        ]
      },
      "id": "way/663909274"
    },
    {
      "type": "Feature",
      "properties": {
        "@id": "way/667386887",
        "amenity": "community_centre",
        "building": "yes",
        "@geometry": "center"
      },
      "geometry": {
        "type": "Point",
        "coordinates": [
          13.7777844,
          43.2298732
        ]
      },
      "id": "way/667386887"
    },
    {
      "type": "Feature",
      "properties": {
        "@id": "way/667426411",
        "addr:city": "Cornuda",
        "addr:housenumber": "3",
        "addr:postcode": "31041",
        "addr:street": "Via Franzoia",
        "amenity": "community_centre",
        "area": "yes",
        "denomination": "catholic",
        "name": "Oratorio Maria Immacolata",
        "religion": "christian",
        "@geometry": "center"
      },
      "geometry": {
        "type": "Point",
        "coordinates": [
          12.0067807,
          45.8324551
        ]
      },
      "id": "way/667426411"
    },
    {
      "type": "Feature",
      "properties": {
        "@id": "way/671142912",
        "addr:city": "Riva Presso Chieri",
        "addr:housenumber": "19",
        "addr:postcode": "10020",
        "addr:street": "Via San Giovanni Bosco",
        "amenity": "community_centre",
        "building": "yes",
        "name": "Centro di Spiritualità e Accoglienza \"La Casetta\"",
        "@geometry": "center"
      },
      "geometry": {
        "type": "Point",
        "coordinates": [
          7.8939602,
          45.0060108
        ]
      },
      "id": "way/671142912"
    },
    {
      "type": "Feature",
      "properties": {
        "@id": "way/672832263",
        "addr:city": "Mozzanica",
        "amenity": "community_centre",
        "name": "Oratorio",
        "@geometry": "center"
      },
      "geometry": {
        "type": "Point",
        "coordinates": [
          9.689464,
          45.4741428
        ]
      },
      "id": "way/672832263"
    },
    {
      "type": "Feature",
      "properties": {
        "@id": "way/673575317",
        "name": "Territorio e tradizione Cima Panco",
        "addr:city": "Spoleto",
        "addr:street": "Ocenelli",
        "amenity": "community_centre",
        "building": "yes",
        "@geometry": "center"
      },
      "geometry": {
        "type": "Point",
        "coordinates": [
          12.6265418,
          42.74565
        ]
      },
      "id": "way/673575317"
    },
    {
      "type": "Feature",
      "properties": {
        "@id": "way/674290419",
        "name": "Casa delle associazioni",
        "building": "yes",
        "amenity": "community_centre",
        "@geometry": "center"
      },
      "geometry": {
        "type": "Point",
        "coordinates": [
          9.275975,
          45.4197378
        ]
      },
      "id": "way/674290419"
    },
    {
      "type": "Feature",
      "properties": {
        "@id": "way/679997212",
        "addr:city": "Cambiago",
        "addr:housenumber": "17",
        "addr:postcode": "20040",
        "addr:street": "Viale Brianza",
        "amenity": "community_centre",
        "building": "yes",
        "name": "Centro Diurno Integrato \"La Chioccia\"",
        "@geometry": "center"
      },
      "geometry": {
        "type": "Point",
        "coordinates": [
          9.4191482,
          45.5739124
        ]
      },
      "id": "way/679997212"
    },
    {
      "type": "Feature",
      "properties": {
        "@id": "way/680709093",
        "amenity": "community_centre",
        "contact:facebook": "https://www.facebook.com/UrbanCenterSR/",
        "name": "Urban Center",
        "phone": "+39 366 909 6050",
        "@geometry": "center"
      },
      "geometry": {
        "type": "Point",
        "coordinates": [
          15.2865799,
          37.0650725
        ]
      },
      "id": "way/680709093"
    },
    {
      "type": "Feature",
      "properties": {
        "@id": "way/680756705",
        "amenity": "community_centre",
        "building": "yes",
        "name": "Oratorio",
        "@geometry": "center"
      },
      "geometry": {
        "type": "Point",
        "coordinates": [
          7.6553316,
          45.3286108
        ]
      },
      "id": "way/680756705"
    },
    {
      "type": "Feature",
      "properties": {
        "@id": "way/682736276",
        "amenity": "community_centre",
        "name": "Oratorio",
        "@geometry": "center"
      },
      "geometry": {
        "type": "Point",
        "coordinates": [
          10.423013,
          45.6558778
        ]
      },
      "id": "way/682736276"
    },
    {
      "type": "Feature",
      "properties": {
        "@id": "way/682921222",
        "amenity": "community_centre",
        "name": "Oratorio Salesiano Don Bosco",
        "@geometry": "center"
      },
      "geometry": {
        "type": "Point",
        "coordinates": [
          9.171855,
          45.1810888
        ]
      },
      "id": "way/682921222"
    },
    {
      "type": "Feature",
      "properties": {
        "@id": "way/683973261",
        "amenity": "community_centre",
        "building": "public",
        "name": "Centro Monsignor Ugo Baccaglioni",
        "@geometry": "center"
      },
      "geometry": {
        "type": "Point",
        "coordinates": [
          10.1803778,
          45.4291044
        ]
      },
      "id": "way/683973261"
    },
    {
      "type": "Feature",
      "properties": {
        "@id": "way/684784619",
        "amenity": "community_centre",
        "building": "public",
        "name": "Oratorio",
        "@geometry": "center"
      },
      "geometry": {
        "type": "Point",
        "coordinates": [
          9.7312454,
          45.7579406
        ]
      },
      "id": "way/684784619"
    },
    {
      "type": "Feature",
      "properties": {
        "@id": "way/684989113",
        "amenity": "social_centre",
        "building:prefabricated": "yes",
        "denomination": "catholic",
        "operator": "*",
        "religion": "christian",
        "@geometry": "center"
      },
      "geometry": {
        "type": "Point",
        "coordinates": [
          12.3719908,
          43.0883973
        ]
      },
      "id": "way/684989113"
    },
    {
      "type": "Feature",
      "properties": {
        "@id": "way/685277330",
        "amenity": "community_centre",
        "building": "yes",
        "community_centre": "parish_hall",
        "denomination": "catholic",
        "name": "Oratorio San Nicola",
        "religion": "christian",
        "@geometry": "center"
      },
      "geometry": {
        "type": "Point",
        "coordinates": [
          10.1105741,
          45.5901293
        ]
      },
      "id": "way/685277330"
    },
    {
      "type": "Feature",
      "properties": {
        "@id": "way/685430037",
        "amenity": "community_centre",
        "building": "yes",
        "club": "history",
        "name": "Baita Alpini",
        "@geometry": "center"
      },
      "geometry": {
        "type": "Point",
        "coordinates": [
          10.9911322,
          45.5744057
        ]
      },
      "id": "way/685430037"
    },
    {
      "type": "Feature",
      "properties": {
        "@id": "way/685571109",
        "amenity": "community_centre",
        "name": "Oratorio Don Bosco",
        "@geometry": "center"
      },
      "geometry": {
        "type": "Point",
        "coordinates": [
          9.4337357,
          45.5570216
        ]
      },
      "id": "way/685571109"
    },
    {
      "type": "Feature",
      "properties": {
        "@id": "way/686462330",
        "amenity": "community_centre",
        "building": "yes",
        "name": "Mama",
        "@geometry": "center"
      },
      "geometry": {
        "type": "Point",
        "coordinates": [
          15.2747157,
          37.0633126
        ]
      },
      "id": "way/686462330"
    },
    {
      "type": "Feature",
      "properties": {
        "@id": "way/687909781",
        "amenity": "community_centre",
        "building": "yes",
        "note": "verificare se man_made=works",
        "@geometry": "center"
      },
      "geometry": {
        "type": "Point",
        "coordinates": [
          12.1767335,
          45.9006542
        ]
      },
      "id": "way/687909781"
    },
    {
      "type": "Feature",
      "properties": {
        "@id": "way/687993029",
        "addr:city": "Ospitaletto",
        "addr:housenumber": "40",
        "addr:postcode": "25035",
        "addr:street": "Via Martiri della libertà",
        "amenity": "community_centre",
        "building": "yes",
        "name": "Centro Civico Sociale Giuseppe Bergamini",
        "@geometry": "center"
      },
      "geometry": {
        "type": "Point",
        "coordinates": [
          10.0721023,
          45.5535173
        ]
      },
      "id": "way/687993029"
    },
    {
      "type": "Feature",
      "properties": {
        "@id": "way/691298163",
        "addr:city": "Meda",
        "addr:housenumber": "138",
        "addr:postcode": "20821",
        "addr:street": "Via Enrico Cialdini",
        "amenity": "community_centre",
        "building": "yes",
        "name": "Oratorio San Giacomo",
        "@geometry": "center"
      },
      "geometry": {
        "type": "Point",
        "coordinates": [
          9.1693651,
          45.661294
        ]
      },
      "id": "way/691298163"
    },
    {
      "type": "Feature",
      "properties": {
        "@id": "way/691312408",
        "amenity": "community_centre",
        "name": "Cocus Eventi",
        "@geometry": "center"
      },
      "geometry": {
        "type": "Point",
        "coordinates": [
          15.270805,
          37.0697279
        ]
      },
      "id": "way/691312408"
    },
    {
      "type": "Feature",
      "properties": {
        "@id": "way/693498416",
        "name": "Oratorio di Santa Margherita",
        "amenity": "community_centre",
        "building": "yes",
        "community_centre:for": "juvenile",
        "@geometry": "center"
      },
      "geometry": {
        "type": "Point",
        "coordinates": [
          8.5392265,
          45.7871974
        ]
      },
      "id": "way/693498416"
    },
    {
      "type": "Feature",
      "properties": {
        "@id": "way/694228972",
        "amenity": "community_centre",
        "building": "no",
        "name": "Oratorio di Liscate",
        "@geometry": "center"
      },
      "geometry": {
        "type": "Point",
        "coordinates": [
          9.4101461,
          45.4820575
        ]
      },
      "id": "way/694228972"
    },
    {
      "type": "Feature",
      "properties": {
        "@id": "way/694559038",
        "amenity": "community_centre",
        "building": "yes",
        "name": "Centro Sociale San Marco",
        "@geometry": "center"
      },
      "geometry": {
        "type": "Point",
        "coordinates": [
          10.6966504,
          45.0937724
        ]
      },
      "id": "way/694559038"
    },
    {
      "type": "Feature",
      "properties": {
        "@id": "way/694683743",
        "religion": "christian",
        "name": "Oratorio Sant'Afra",
        "amenity": "community_centre",
        "community_centre": "parish_hall",
        "denomination": "catholic",
        "@geometry": "center"
      },
      "geometry": {
        "type": "Point",
        "coordinates": [
          10.230437,
          45.5356675
        ]
      },
      "id": "way/694683743"
    },
    {
      "type": "Feature",
      "properties": {
        "@id": "way/696845077",
        "amenity": "community_centre",
        "name": "Oratorio di Sant'Agata Martesana",
        "@geometry": "center"
      },
      "geometry": {
        "type": "Point",
        "coordinates": [
          9.3923577,
          45.5169427
        ]
      },
      "id": "way/696845077"
    },
    {
      "type": "Feature",
      "properties": {
        "@id": "way/696845078",
        "amenity": "community_centre",
        "name": "Oratorio Camporicco",
        "@geometry": "center"
      },
      "geometry": {
        "type": "Point",
        "coordinates": [
          9.3567196,
          45.5126578
        ]
      },
      "id": "way/696845078"
    },
    {
      "type": "Feature",
      "properties": {
        "@id": "way/696854536",
        "amenity": "community_centre",
        "building": "yes",
        "community_centre:for": "juvenile",
        "name": "Oratorio San Giuseppe",
        "@geometry": "center"
      },
      "geometry": {
        "type": "Point",
        "coordinates": [
          8.4387579,
          45.8224856
        ]
      },
      "id": "way/696854536"
    },
    {
      "type": "Feature",
      "properties": {
        "@id": "way/697024015",
        "addr:city": "San Lazzaro",
        "addr:postcode": "19038",
        "addr:street": "Piazza Marco Parmeggiani",
        "amenity": "community_centre",
        "building": "yes",
        "building:levels": "1",
        "name": "Centro Sociale di San Lazzaro",
        "start_date": "2007",
        "@geometry": "center"
      },
      "geometry": {
        "type": "Point",
        "coordinates": [
          9.9900297,
          44.0943894
        ]
      },
      "id": "way/697024015"
    },
    {
      "type": "Feature",
      "properties": {
        "@id": "way/698050799",
        "website": "http://www.associazionevivere.org/attivita/casamica",
        "addr:city": "Pino Torinese",
        "addr:housenumber": "16",
        "addr:postcode": "10025",
        "addr:street": "Via Martini",
        "amenity": "community_centre",
        "building": "yes",
        "name": "CasAmica",
        "operator": "Associazione Vivere",
        "@geometry": "center"
      },
      "geometry": {
        "type": "Point",
        "coordinates": [
          7.776509,
          45.0441919
        ]
      },
      "id": "way/698050799"
    },
    {
      "type": "Feature",
      "properties": {
        "@id": "way/698156406",
        "amenity": "community_centre",
        "building": "yes",
        "name": "Cason",
        "@geometry": "center"
      },
      "geometry": {
        "type": "Point",
        "coordinates": [
          8.604183,
          45.6175385
        ]
      },
      "id": "way/698156406"
    },
    {
      "type": "Feature",
      "properties": {
        "@id": "way/698582185",
        "name": "Centro Giovanile Maria Luigia",
        "amenity": "community_centre",
        "@geometry": "center"
      },
      "geometry": {
        "type": "Point",
        "coordinates": [
          17.9647694,
          40.4712495
        ]
      },
      "id": "way/698582185"
    },
    {
      "type": "Feature",
      "properties": {
        "@id": "way/699997562",
        "addr:city": "Pino Torinese",
        "addr:housenumber": "119",
        "addr:postcode": "10025",
        "addr:street": "Via Tepice",
        "amenity": "community_centre",
        "building": "yes",
        "name": "Centro Incontri \"Luigi Tosco\"",
        "operator": "Comune di Pino Torinese",
        "@geometry": "center"
      },
      "geometry": {
        "type": "Point",
        "coordinates": [
          7.8029867,
          45.048739
        ]
      },
      "id": "way/699997562"
    },
    {
      "type": "Feature",
      "properties": {
        "@id": "way/701042641",
        "amenity": "community_centre",
        "name": "Oratorio di Airuno",
        "@geometry": "center"
      },
      "geometry": {
        "type": "Point",
        "coordinates": [
          9.4252791,
          45.7509965
        ]
      },
      "id": "way/701042641"
    },
    {
      "type": "Feature",
      "properties": {
        "@id": "way/702929092",
        "amenity": "nightclub",
        "disused": "yes",
        "height": "3.00",
        "opening_hours": "off",
        "addr:city": "Viareggio",
        "building": "yes",
        "@geometry": "center"
      },
      "geometry": {
        "type": "Point",
        "coordinates": [
          10.2299119,
          43.8880996
        ]
      },
      "id": "way/702929092"
    },
    {
      "type": "Feature",
      "properties": {
        "@id": "way/708995777",
        "amenity": "nightclub",
        "building": "yes",
        "name": "Discoteca Athenee",
        "@geometry": "center"
      },
      "geometry": {
        "type": "Point",
        "coordinates": [
          14.062878,
          42.4058733
        ]
      },
      "id": "way/708995777"
    },
    {
      "type": "Feature",
      "properties": {
        "@id": "way/711606101",
        "amenity": "nightclub",
        "building": "yes",
        "name": "Bliss",
        "@geometry": "center"
      },
      "geometry": {
        "type": "Point",
        "coordinates": [
          13.4646535,
          42.325901
        ]
      },
      "id": "way/711606101"
    },
    {
      "type": "Feature",
      "properties": {
        "@id": "way/712016067",
        "amenity": "community_centre",
        "building": "yes",
        "name": "Zona Sagre Pro Loco Eupilio",
        "operator": "Pro Loco Eupilio",
        "@geometry": "center"
      },
      "geometry": {
        "type": "Point",
        "coordinates": [
          9.2652994,
          45.8204708
        ]
      },
      "id": "way/712016067"
    },
    {
      "type": "Feature",
      "properties": {
        "@id": "way/712316172",
        "amenity": "nightclub",
        "barrier": "fence",
        "name": "Bike Village",
        "@geometry": "center"
      },
      "geometry": {
        "type": "Point",
        "coordinates": [
          8.8837962,
          45.4925145
        ]
      },
      "id": "way/712316172"
    },
    {
      "type": "Feature",
      "properties": {
        "@id": "way/717599336",
        "amenity": "community_centre",
        "community_centre": "parish_hall",
        "denomination": "catholic",
        "name": "Oratorio",
        "religion": "christian",
        "@geometry": "center"
      },
      "geometry": {
        "type": "Point",
        "coordinates": [
          9.7859145,
          45.3783966
        ]
      },
      "id": "way/717599336"
    },
    {
      "type": "Feature",
      "properties": {
        "@id": "way/718422408",
        "amenity": "community_centre",
        "building": "yes",
        "name": "Oratorio Parrocchiale",
        "@geometry": "center"
      },
      "geometry": {
        "type": "Point",
        "coordinates": [
          10.1864211,
          45.1946751
        ]
      },
      "id": "way/718422408"
    },
    {
      "type": "Feature",
      "properties": {
        "@id": "way/719926596",
        "addr:city": "Saronno",
        "addr:housenumber": "119",
        "addr:postcode": "21047",
        "addr:street": "Via Roma",
        "amenity": "community_centre",
        "community_centre": "youth_centre",
        "denomination": "roman_catholic",
        "name": "Oratorio Regina Pacis",
        "phone": "+39029626448",
        "religion": "christian",
        "@geometry": "center"
      },
      "geometry": {
        "type": "Point",
        "coordinates": [
          9.0477148,
          45.6231014
        ]
      },
      "id": "way/719926596"
    },
    {
      "type": "Feature",
      "properties": {
        "@id": "way/720332836",
        "amenity": "nightclub",
        "name": "Opera Beach Club",
        "@geometry": "center"
      },
      "geometry": {
        "type": "Point",
        "coordinates": [
          12.6387031,
          44.0194934
        ]
      },
      "id": "way/720332836"
    },
    {
      "type": "Feature",
      "properties": {
        "@id": "way/721555762",
        "amenity": "community_centre",
        "loc_name": "Oratorio di Settala",
        "name": "Oratorio San Giuseppe",
        "@geometry": "center"
      },
      "geometry": {
        "type": "Point",
        "coordinates": [
          9.392471,
          45.45648
        ]
      },
      "id": "way/721555762"
    },
    {
      "type": "Feature",
      "properties": {
        "@id": "way/723274677",
        "amenity": "nightclub",
        "@geometry": "center"
      },
      "geometry": {
        "type": "Point",
        "coordinates": [
          16.4690534,
          38.34227
        ]
      },
      "id": "way/723274677"
    },
    {
      "type": "Feature",
      "properties": {
        "@id": "way/723841115",
        "amenity": "community_centre",
        "@geometry": "center"
      },
      "geometry": {
        "type": "Point",
        "coordinates": [
          7.4742385,
          45.3050689
        ]
      },
      "id": "way/723841115"
    },
    {
      "type": "Feature",
      "properties": {
        "@id": "way/725711267",
        "amenity": "social_centre",
        "building": "yes",
        "name": "Ex scuole Malentrata",
        "@geometry": "center"
      },
      "geometry": {
        "type": "Point",
        "coordinates": [
          9.6183625,
          45.8136677
        ]
      },
      "id": "way/725711267"
    },
    {
      "type": "Feature",
      "properties": {
        "@id": "way/726588248",
        "amenity": "community_centre",
        "building": "yes",
        "@geometry": "center"
      },
      "geometry": {
        "type": "Point",
        "coordinates": [
          8.495923,
          45.6911507
        ]
      },
      "id": "way/726588248"
    },
    {
      "type": "Feature",
      "properties": {
        "@id": "way/727173695",
        "amenity": "community_centre",
        "building": "yes",
        "name": "Cantina Del Museo",
        "@geometry": "center"
      },
      "geometry": {
        "type": "Point",
        "coordinates": [
          8.4981956,
          45.6859165
        ]
      },
      "id": "way/727173695"
    },
    {
      "type": "Feature",
      "properties": {
        "@id": "way/727697622",
        "amenity": "community_centre",
        "building": "no",
        "loc_name": "Oratorio di Limito",
        "name": "Oratorio Beata Vergine Assuna Seggiano",
        "@geometry": "center"
      },
      "geometry": {
        "type": "Point",
        "coordinates": [
          9.3244223,
          45.4804083
        ]
      },
      "id": "way/727697622"
    },
    {
      "type": "Feature",
      "properties": {
        "@id": "way/729497298",
        "addr:city": "Somma Vesuviana",
        "addr:postcode": "80049",
        "addr:street": "Via Macedonia",
        "amenity": "nightclub",
        "building": "yes",
        "name": "Agaji Ville",
        "@geometry": "center"
      },
      "geometry": {
        "type": "Point",
        "coordinates": [
          14.4511938,
          40.8704864
        ]
      },
      "id": "way/729497298"
    },
    {
      "type": "Feature",
      "properties": {
        "@id": "way/732244879",
        "wikipedia": "it:Alcatraz (locale)",
        "website": "http://www.alcatrazmilano.it/",
        "addr:city": "Milano",
        "addr:country": "IT",
        "addr:housenumber": "25",
        "addr:postcode": "20159",
        "addr:street": "Via Valtellina",
        "wikidata": "Q16163709",
        "wheelchair": "limited",
        "smoking": "separated",
        "amenity": "nightclub",
        "email": "segreteria@alcatrazmilano.it",
        "fax": "+39 02 69016391",
        "min_age": "16",
        "name": "Alcatraz",
        "operator": "Alcatraz S.r.l.",
        "phone": "+39 02 69016352",
        "ref:vatin": "IT12346600153",
        "@geometry": "center"
      },
      "geometry": {
        "type": "Point",
        "coordinates": [
          9.1823561,
          45.4946949
        ]
      },
      "id": "way/732244879"
    },
    {
      "type": "Feature",
      "properties": {
        "@id": "way/733923724",
        "amenity": "community_centre",
        "building": "yes",
        "community_centre": "parish_hall",
        "name": "Città della Pace",
        "@geometry": "center"
      },
      "geometry": {
        "type": "Point",
        "coordinates": [
          14.2001814,
          40.896888
        ]
      },
      "id": "way/733923724"
    },
    {
      "type": "Feature",
      "properties": {
        "@id": "way/734229002",
        "addr:city": "Spoleto",
        "addr:street": "Strada provinciale di Monte Martano",
        "amenity": "community_centre",
        "name": "Pro loco Morgnano",
        "@geometry": "center"
      },
      "geometry": {
        "type": "Point",
        "coordinates": [
          12.700778,
          42.7720338
        ]
      },
      "id": "way/734229002"
    },
    {
      "type": "Feature",
      "properties": {
        "@id": "way/734667003",
        "amenity": "community_centre",
        "name": "Chiostro Sant'Agostino",
        "@geometry": "center"
      },
      "geometry": {
        "type": "Point",
        "coordinates": [
          14.5222046,
          40.6919204
        ]
      },
      "id": "way/734667003"
    },
    {
      "type": "Feature",
      "properties": {
        "@id": "way/734727500",
        "amenity": "social_centre",
        "building": "yes",
        "name": "Centro polifunzionale",
        "@geometry": "center"
      },
      "geometry": {
        "type": "Point",
        "coordinates": [
          14.7850645,
          41.0080643
        ]
      },
      "id": "way/734727500"
    },
    {
      "type": "Feature",
      "properties": {
        "@id": "way/736688912",
        "amenity": "nightclub",
        "building": "yes",
        "name": "Stappo! the enogustoclub",
        "@geometry": "center"
      },
      "geometry": {
        "type": "Point",
        "coordinates": [
          14.0565245,
          40.7915675
        ]
      },
      "id": "way/736688912"
    },
    {
      "type": "Feature",
      "properties": {
        "@id": "way/738712962",
        "amenity": "community_centre",
        "building": "public",
        "name": "Piantagrand",
        "@geometry": "center"
      },
      "geometry": {
        "type": "Point",
        "coordinates": [
          7.8280882,
          45.5497067
        ]
      },
      "id": "way/738712962"
    },
    {
      "type": "Feature",
      "properties": {
        "@id": "way/739546901",
        "amenity": "community_centre",
        "name": "Centro Sociale Polivalente Fornaci",
        "@geometry": "center"
      },
      "geometry": {
        "type": "Point",
        "coordinates": [
          16.2894251,
          41.228713
        ]
      },
      "id": "way/739546901"
    },
    {
      "type": "Feature",
      "properties": {
        "@id": "way/739867514",
        "amenity": "community_centre",
        "building": "no",
        "loc_name": "Oratorio di Seggiano",
        "name": "Oratorio Beata Vergine Assuna Seggiano",
        "@geometry": "center"
      },
      "geometry": {
        "type": "Point",
        "coordinates": [
          9.3271432,
          45.4884534
        ]
      },
      "id": "way/739867514"
    },
    {
      "type": "Feature",
      "properties": {
        "@id": "way/739916549",
        "name": "Sottoaceto",
        "addr:city": "Mondovì",
        "addr:housenumber": "12",
        "addr:street": "Via Tanaro",
        "amenity": "nightclub",
        "building": "yes",
        "@geometry": "center"
      },
      "geometry": {
        "type": "Point",
        "coordinates": [
          7.8386401,
          44.4089197
        ]
      },
      "id": "way/739916549"
    },
    {
      "type": "Feature",
      "properties": {
        "@id": "way/740751118",
        "amenity": "community_centre",
        "community_centre": "parish_hall",
        "denomination": "catholic",
        "name": "Oratorio Santo Spirito",
        "religion": "christian",
        "@geometry": "center"
      },
      "geometry": {
        "type": "Point",
        "coordinates": [
          10.202482,
          45.5584928
        ]
      },
      "id": "way/740751118"
    },
    {
      "type": "Feature",
      "properties": {
        "@id": "way/741785849",
        "amenity": "community_centre",
        "barrier": "fence",
        "community_centre": "events_venue",
        "name": "Cittadella delle associazioni",
        "@geometry": "center"
      },
      "geometry": {
        "type": "Point",
        "coordinates": [
          10.5467202,
          43.0927541
        ]
      },
      "id": "way/741785849"
    },
    {
      "type": "Feature",
      "properties": {
        "@id": "way/744830652",
        "amenity": "community_centre",
        "name": "Centro sociale anziani Passo Parenzi",
        "@geometry": "center"
      },
      "geometry": {
        "type": "Point",
        "coordinates": [
          12.7304948,
          42.7568706
        ]
      },
      "id": "way/744830652"
    },
    {
      "type": "Feature",
      "properties": {
        "@id": "way/746114393",
        "amenity": "community_centre",
        "community_centre": "environment_centre",
        "name": "Centro di educazione ambientale ''Bambini di Beslan''",
        "operator": "Parco Valle del Lambro",
        "@geometry": "center"
      },
      "geometry": {
        "type": "Point",
        "coordinates": [
          9.2236023,
          45.7862471
        ]
      },
      "id": "way/746114393"
    },
    {
      "type": "Feature",
      "properties": {
        "@id": "way/749304309",
        "amenity": "community_centre",
        "name": "ANC sezione di Pianezza",
        "@geometry": "center"
      },
      "geometry": {
        "type": "Point",
        "coordinates": [
          7.5486885,
          45.1053476
        ]
      },
      "id": "way/749304309"
    },
    {
      "type": "Feature",
      "properties": {
        "@id": "way/749509910",
        "amenity": "community_centre",
        "building": "residential",
        "@geometry": "center"
      },
      "geometry": {
        "type": "Point",
        "coordinates": [
          14.4401666,
          40.6338513
        ]
      },
      "id": "way/749509910"
    },
    {
      "type": "Feature",
      "properties": {
        "@id": "way/753836945",
        "amenity": "community_centre",
        "name": "Baita degli Alpini",
        "building": "yes",
        "@geometry": "center"
      },
      "geometry": {
        "type": "Point",
        "coordinates": [
          10.9531941,
          45.4213509
        ]
      },
      "id": "way/753836945"
    },
    {
      "type": "Feature",
      "properties": {
        "@id": "way/755944351",
        "amenity": "community_centre",
        "loc_name": "Oratorio di Pozzo d'Adda",
        "@geometry": "center"
      },
      "geometry": {
        "type": "Point",
        "coordinates": [
          9.4994532,
          45.5759553
        ]
      },
      "id": "way/755944351"
    },
    {
      "type": "Feature",
      "properties": {
        "@id": "way/758297984",
        "addr:city": "Deutschnofen - Nova Ponente",
        "addr:housenumber": "16",
        "addr:postcode": "39050",
        "addr:street": "Obereggen",
        "amenity": "nightclub",
        "building": "yes",
        "layer": "1",
        "min_age": "18",
        "name": "LOOX - The Alpine Club",
        "opening_hours": "Winter: Mo-Su 14:00-02:30",
        "smoking": "outside",
        "@geometry": "center"
      },
      "geometry": {
        "type": "Point",
        "coordinates": [
          11.526409,
          46.3833326
        ]
      },
      "id": "way/758297984"
    },
    {
      "type": "Feature",
      "properties": {
        "@id": "way/758558811",
        "addr:city": "Valbrona",
        "addr:housenumber": "39",
        "addr:postcode": "22039",
        "addr:street": "Via Roma",
        "amenity": "community_centre",
        "building": "yes",
        "name": "Circolo ricreativo parrocchiale",
        "@geometry": "center"
      },
      "geometry": {
        "type": "Point",
        "coordinates": [
          9.2866873,
          45.8699284
        ]
      },
      "id": "way/758558811"
    },
    {
      "type": "Feature",
      "properties": {
        "@id": "way/760929163",
        "amenity": "community_centre",
        "building": "yes",
        "name": "Oratorio di Torre d'Isola",
        "@geometry": "center"
      },
      "geometry": {
        "type": "Point",
        "coordinates": [
          9.0780584,
          45.217336
        ]
      },
      "id": "way/760929163"
    },
    {
      "type": "Feature",
      "properties": {
        "@id": "way/762217882",
        "abandoned": "yes",
        "amenity": "nightclub",
        "building": "yes",
        "@geometry": "center"
      },
      "geometry": {
        "type": "Point",
        "coordinates": [
          7.7330551,
          45.0372589
        ]
      },
      "id": "way/762217882"
    },
    {
      "type": "Feature",
      "properties": {
        "@id": "way/762608784",
        "addr:city": "Quistello",
        "addr:postcode": "46026",
        "addr:street": "Viale Rainera",
        "amenity": "community_centre",
        "name": "Centro Sociale Quistellese",
        "@geometry": "center"
      },
      "geometry": {
        "type": "Point",
        "coordinates": [
          10.9874333,
          45.0092243
        ]
      },
      "id": "way/762608784"
    },
    {
      "type": "Feature",
      "properties": {
        "@id": "way/763303575",
        "phone": "+39 019 851608",
        "site_type": "fortification",
        "alt_name": "Casa Torre La Pancalda",
        "amenity": "community_centre",
        "building": "yes",
        "club": "veterans",
        "community_centre:for": "multigeneration",
        "historic": "archaeological_site",
        "name": "Associazione Nazionale Alpini",
        "operator": "Associazione Nazionale Alpini sezione di Savona",
        "@geometry": "center"
      },
      "geometry": {
        "type": "Point",
        "coordinates": [
          8.4681107,
          44.3189327
        ]
      },
      "id": "way/763303575"
    },
    {
      "type": "Feature",
      "properties": {
        "@id": "way/763350098",
        "amenity": "community_centre",
        "community_centre:for": "juvenile",
        "name": "Oratorio San Luigi",
        "@geometry": "center"
      },
      "geometry": {
        "type": "Point",
        "coordinates": [
          8.7418685,
          45.5335808
        ]
      },
      "id": "way/763350098"
    },
    {
      "type": "Feature",
      "properties": {
        "@id": "way/765268313",
        "name": "Le Vele",
        "amenity": "nightclub",
        "addr:street": "Via Francesco Giancardi",
        "addr:city": "Alassio",
        "@geometry": "center"
      },
      "geometry": {
        "type": "Point",
        "coordinates": [
          8.2072867,
          44.0333991
        ]
      },
      "id": "way/765268313"
    },
    {
      "type": "Feature",
      "properties": {
        "@id": "way/765408642",
        "amenity": "community_centre",
        "community_centre": "parish_hall",
        "religion": "christian",
        "denomination": "catholic",
        "name": "Oratorio San Luigi",
        "@geometry": "center"
      },
      "geometry": {
        "type": "Point",
        "coordinates": [
          9.4137899,
          45.2363639
        ]
      },
      "id": "way/765408642"
    },
    {
      "type": "Feature",
      "properties": {
        "@id": "way/766862931",
        "amenity": "community_centre",
        "name": "Oratorio di Calusco",
        "@geometry": "center"
      },
      "geometry": {
        "type": "Point",
        "coordinates": [
          9.4715163,
          45.6888434
        ]
      },
      "id": "way/766862931"
    },
    {
      "type": "Feature",
      "properties": {
        "@id": "way/767367922",
        "name": "Manituana - Laboratorio Culturale Autogestito",
        "website": "manituana.it",
        "addr:city": "Torino",
        "addr:housenumber": "113",
        "addr:postcode": "10152",
        "addr:street": "Largo Maurizio Vitale",
        "amenity": "social_centre",
        "building": "yes",
        "@geometry": "center"
      },
      "geometry": {
        "type": "Point",
        "coordinates": [
          7.6986843,
          45.0798137
        ]
      },
      "id": "way/767367922"
    },
    {
      "type": "Feature",
      "properties": {
        "@id": "way/771348101",
        "amenity": "community_centre",
        "building": "yes",
        "building:levels": "2",
        "name": "Circolo Alhambra",
        "@geometry": "center"
      },
      "geometry": {
        "type": "Point",
        "coordinates": [
          10.3924195,
          43.71663
        ]
      },
      "id": "way/771348101"
    },
    {
      "type": "Feature",
      "properties": {
        "@id": "way/771579169",
        "opening_hours:signed": "no",
        "amenity": "community_centre",
        "building": "yes",
        "check_date:opening_hours": "2022-07-24",
        "name": "Centro Civico Mezzomonte",
        "@geometry": "center"
      },
      "geometry": {
        "type": "Point",
        "coordinates": [
          11.1391006,
          45.9159376
        ]
      },
      "id": "way/771579169"
    },
    {
      "type": "Feature",
      "properties": {
        "@id": "way/771604069",
        "amenity": "community_centre",
        "building": "yes",
        "name": "Palazzetto dello Sport",
        "@geometry": "center"
      },
      "geometry": {
        "type": "Point",
        "coordinates": [
          7.7463048,
          45.3504862
        ]
      },
      "id": "way/771604069"
    },
    {
      "type": "Feature",
      "properties": {
        "@id": "way/772105966",
        "addr:city": "Chieri",
        "addr:housenumber": "19",
        "addr:postcode": "10023",
        "addr:street": "Piazza Vincenzo Caselli",
        "amenity": "social_centre",
        "building": "yes",
        "building:levels": "1",
        "email": "associazione.patchanka@gmail.com",
        "name": "Associazione Patchanka",
        "phone": "+39 349 8078174",
        "@geometry": "center"
      },
      "geometry": {
        "type": "Point",
        "coordinates": [
          7.8189208,
          45.0103095
        ]
      },
      "id": "way/772105966"
    },
    {
      "type": "Feature",
      "properties": {
        "@id": "way/772896993",
        "addr:city": "Casandrino",
        "addr:postcode": "80025",
        "addr:street": "Via Papa Giovanni XXIII",
        "alt_name": "Palazzo delle Monache",
        "amenity": "community_centre",
        "community_centre": "parish_hall",
        "internet_access": "no",
        "name": "Palazzo delle Suore",
        "opening_hours:signed": "no",
        "wheelchair": "no",
        "@geometry": "center"
      },
      "geometry": {
        "type": "Point",
        "coordinates": [
          14.2478331,
          40.935894
        ]
      },
      "id": "way/772896993"
    },
    {
      "type": "Feature",
      "properties": {
        "@id": "way/778684325",
        "amenity": "community_centre",
        "barrier": "fence",
        "community_centre": "parish_hall",
        "community_centre:for": "juvenile",
        "name": "Centro Agape",
        "operator": "Parrocchia di Venturina",
        "@geometry": "center"
      },
      "geometry": {
        "type": "Point",
        "coordinates": [
          10.5974968,
          43.0329427
        ]
      },
      "id": "way/778684325"
    },
    {
      "type": "Feature",
      "properties": {
        "@id": "way/778970432",
        "amenity": "community_centre",
        "building": "yes",
        "community_centre:for": "senior",
        "name": "Centro Auser",
        "@geometry": "center"
      },
      "geometry": {
        "type": "Point",
        "coordinates": [
          10.5962403,
          43.0191101
        ]
      },
      "id": "way/778970432"
    },
    {
      "type": "Feature",
      "properties": {
        "@id": "way/783399328",
        "addr:city": "Novara",
        "addr:postcode": "28100",
        "addr:street": "Viale Francesco Ferrucci",
        "amenity": "community_centre",
        "building": "yes",
        "building:levels": "3",
        "contact:facebook": "nova.caserma",
        "facebook": "nova.caserma",
        "internet_access": "yes",
        "name": "nòva",
        "roof:levels": "1",
        "smoking": "outside",
        "website": "https://www.casermapassalacqua.it/",
        "@geometry": "center"
      },
      "geometry": {
        "type": "Point",
        "coordinates": [
          8.6250368,
          45.4414184
        ]
      },
      "id": "way/783399328"
    },
    {
      "type": "Feature",
      "properties": {
        "@id": "way/785020954",
        "amenity": "nightclub",
        "building": "yes",
        "name": "La Trottola",
        "@geometry": "center"
      },
      "geometry": {
        "type": "Point",
        "coordinates": [
          12.7236481,
          42.6051245
        ]
      },
      "id": "way/785020954"
    },
    {
      "type": "Feature",
      "properties": {
        "@id": "way/792843073",
        "amenity": "social_centre",
        "name": "Polifunzionale",
        "@geometry": "center"
      },
      "geometry": {
        "type": "Point",
        "coordinates": [
          9.4101222,
          45.4814836
        ]
      },
      "id": "way/792843073"
    },
    {
      "type": "Feature",
      "properties": {
        "@id": "way/795222709",
        "amenity": "community_centre",
        "name": "Ricreatorio Comunale Pietro Lucchini",
        "opening_hours": "Mo-Fr 16:00-19:30",
        "@geometry": "center"
      },
      "geometry": {
        "type": "Point",
        "coordinates": [
          13.7929424,
          45.6513331
        ]
      },
      "id": "way/795222709"
    },
    {
      "type": "Feature",
      "properties": {
        "@id": "way/804761377",
        "amenity": "social_centre",
        "building": "yes",
        "name": "Centro Polifunzionale",
        "addr:street": "Via Umberto Primo",
        "operator": "Comune di Bruzolo",
        "@geometry": "center"
      },
      "geometry": {
        "type": "Point",
        "coordinates": [
          7.1913759,
          45.1429354
        ]
      },
      "id": "way/804761377"
    },
    {
      "type": "Feature",
      "properties": {
        "@id": "way/812856284",
        "addr:city": "Novara",
        "addr:postcode": "28100",
        "addr:street": "Via Alfredo Giannoni",
        "air_conditioning": "no",
        "amenity": "community_centre",
        "diocese": "Novara",
        "name": "Oratorio Sant'Agabio",
        "operator": "Parrocchia Sant'Agabio",
        "operator:type": "religious",
        "parish": "Sant'Agabio",
        "@geometry": "center"
      },
      "geometry": {
        "type": "Point",
        "coordinates": [
          8.6378623,
          45.448052
        ]
      },
      "id": "way/812856284"
    },
    {
      "type": "Feature",
      "properties": {
        "@id": "way/816308511",
        "amenity": "community_centre",
        "name": "Centro Associazioni",
        "@geometry": "center"
      },
      "geometry": {
        "type": "Point",
        "coordinates": [
          11.3400848,
          45.4643346
        ]
      },
      "id": "way/816308511"
    },
    {
      "type": "Feature",
      "properties": {
        "@id": "way/816754209",
        "amenity": "community_centre",
        "building": "yes",
        "@geometry": "center"
      },
      "geometry": {
        "type": "Point",
        "coordinates": [
          10.6149221,
          44.6646589
        ]
      },
      "id": "way/816754209"
    },
    {
      "type": "Feature",
      "properties": {
        "@id": "way/818121997",
        "amenity": "community_centre",
        "building": "yes",
        "name": "Centro Polifunzionale Bisaccia",
        "@geometry": "center"
      },
      "geometry": {
        "type": "Point",
        "coordinates": [
          15.3580261,
          41.0083865
        ]
      },
      "id": "way/818121997"
    },
    {
      "type": "Feature",
      "properties": {
        "@id": "way/818868087",
        "amenity": "community_centre",
        "community_centre": "parish_hall",
        "denomination": "catholic",
        "name": "Oratorio Don Bosco",
        "religion": "christian",
        "@geometry": "center"
      },
      "geometry": {
        "type": "Point",
        "coordinates": [
          8.6138325,
          45.8127695
        ]
      },
      "id": "way/818868087"
    },
    {
      "type": "Feature",
      "properties": {
        "@id": "way/820301462",
        "amenity": "community_centre",
        "building": "church",
        "denomination": "catholic",
        "historic": "church",
        "name": "Oratorio di Santa Caterina",
        "religion": "christian",
        "@geometry": "center"
      },
      "geometry": {
        "type": "Point",
        "coordinates": [
          7.6739299,
          43.9290055
        ]
      },
      "id": "way/820301462"
    },
    {
      "type": "Feature",
      "properties": {
        "@id": "way/824223790",
        "amenity": "community_centre",
        "name": "Oratorio Pier Giorgio Frassati",
        "@geometry": "center"
      },
      "geometry": {
        "type": "Point",
        "coordinates": [
          9.3971385,
          45.4161961
        ]
      },
      "id": "way/824223790"
    },
    {
      "type": "Feature",
      "properties": {
        "@id": "way/825381108",
        "amenity": "community_centre",
        "max_age": "35",
        "min_age": "14",
        "name": "Polo Giovani Enrico Toti",
        "operator": "Comune di Trieste",
        "operator:type": "public",
        "@geometry": "center"
      },
      "geometry": {
        "type": "Point",
        "coordinates": [
          13.7709419,
          45.6468835
        ]
      },
      "id": "way/825381108"
    },
    {
      "type": "Feature",
      "properties": {
        "@id": "way/826187808",
        "amenity": "community_centre",
        "community_centre": "parish_hall",
        "denomination": "catholic",
        "name": "Oratorio San Giovanni Bosco",
        "name:etymology:wikidata": "Q146183",
        "religion": "christian",
        "@geometry": "center"
      },
      "geometry": {
        "type": "Point",
        "coordinates": [
          8.8067921,
          45.6674444
        ]
      },
      "id": "way/826187808"
    },
    {
      "type": "Feature",
      "properties": {
        "@id": "way/828495767",
        "amenity": "community_centre",
        "building": "yes",
        "community_centre:for": "senior",
        "name": "Centro Incontro Anziani",
        "@geometry": "center"
      },
      "geometry": {
        "type": "Point",
        "coordinates": [
          8.1967666,
          45.5914806
        ]
      },
      "id": "way/828495767"
    },
    {
      "type": "Feature",
      "properties": {
        "@id": "way/831731261",
        "amenity": "social_centre",
        "building": "yes",
        "name": "Oratorio Pio XI - Rogeno",
        "@geometry": "center"
      },
      "geometry": {
        "type": "Point",
        "coordinates": [
          9.2760573,
          45.782079
        ]
      },
      "id": "way/831731261"
    },
    {
      "type": "Feature",
      "properties": {
        "@id": "way/832278144",
        "amenity": "community_centre",
        "name": "Centro anziani Corrado Blanco",
        "@geometry": "center"
      },
      "geometry": {
        "type": "Point",
        "coordinates": [
          15.2077051,
          37.1019327
        ]
      },
      "id": "way/832278144"
    },
    {
      "type": "Feature",
      "properties": {
        "@id": "way/832278145",
        "amenity": "community_centre",
        "name": "Centro anziani Grottasanta",
        "@geometry": "center"
      },
      "geometry": {
        "type": "Point",
        "coordinates": [
          15.294308,
          37.0969082
        ]
      },
      "id": "way/832278145"
    },
    {
      "type": "Feature",
      "properties": {
        "@id": "way/833596941",
        "amenity": "nightclub",
        "opening_hours": "closed",
        "opening_hours:covid19": "closed",
        "abandoned": "yes",
        "building": "yes",
        "name": "Dancing Piranha",
        "@geometry": "center"
      },
      "geometry": {
        "type": "Point",
        "coordinates": [
          8.5104684,
          45.3943613
        ]
      },
      "id": "way/833596941"
    },
    {
      "type": "Feature",
      "properties": {
        "@id": "way/833905178",
        "amenity": "community_centre",
        "@geometry": "center"
      },
      "geometry": {
        "type": "Point",
        "coordinates": [
          9.4415674,
          45.7099909
        ]
      },
      "id": "way/833905178"
    },
    {
      "type": "Feature",
      "properties": {
        "@id": "way/836108563",
        "amenity": "community_centre",
        "@geometry": "center"
      },
      "geometry": {
        "type": "Point",
        "coordinates": [
          9.6401998,
          45.5658356
        ]
      },
      "id": "way/836108563"
    },
    {
      "type": "Feature",
      "properties": {
        "@id": "way/837034354",
        "amenity": "community_centre",
        "community_centre": "parish_hall",
        "denomination": "catholic",
        "religion": "christian",
        "@geometry": "center"
      },
      "geometry": {
        "type": "Point",
        "coordinates": [
          8.782949,
          45.6722093
        ]
      },
      "id": "way/837034354"
    },
    {
      "type": "Feature",
      "properties": {
        "@id": "way/837910389",
        "addr:housenumber": "17/A",
        "name": "Fico's",
        "contact:facebook": "https://it-it.facebook.com/ficoslatinclub/",
        "phone": "+39 393 815 5360",
        "addr:city": "Cepagatti",
        "addr:postcode": "65012",
        "addr:street": "Via Sibilla Aleramo",
        "amenity": "nightclub",
        "building": "yes",
        "@geometry": "center"
      },
      "geometry": {
        "type": "Point",
        "coordinates": [
          14.1013212,
          42.3385023
        ]
      },
      "id": "way/837910389"
    },
    {
      "type": "Feature",
      "properties": {
        "@id": "way/842264371",
        "amenity": "community_centre",
        "community_centre": "parish_hall",
        "denomination": "catholic",
        "landuse": "religious",
        "name": "Oratorio di Morazzone",
        "religion": "christian",
        "@geometry": "center"
      },
      "geometry": {
        "type": "Point",
        "coordinates": [
          8.8340574,
          45.7654328
        ]
      },
      "id": "way/842264371"
    },
    {
      "type": "Feature",
      "properties": {
        "@id": "way/843678013",
        "amenity": "community_centre",
        "name": "Associazione Nazionale Alpini gruppo di Lurago d'Erba",
        "@geometry": "center"
      },
      "geometry": {
        "type": "Point",
        "coordinates": [
          9.2248524,
          45.7557618
        ]
      },
      "id": "way/843678013"
    },
    {
      "type": "Feature",
      "properties": {
        "@id": "way/844864231",
        "amenity": "community_centre",
        "name": "Centro di aggregazione Pio La Torre",
        "@geometry": "center"
      },
      "geometry": {
        "type": "Point",
        "coordinates": [
          15.1125535,
          36.8569099
        ]
      },
      "id": "way/844864231"
    },
    {
      "type": "Feature",
      "properties": {
        "@id": "way/845385829",
        "addr:city": "Civitaretenga",
        "addr:postcode": "67020",
        "addr:street": "Piazza Garibaldi",
        "amenity": "community_centre",
        "building": "yes",
        "name": "Circolo ACLI",
        "@geometry": "center"
      },
      "geometry": {
        "type": "Point",
        "coordinates": [
          13.7051739,
          42.2453361
        ]
      },
      "id": "way/845385829"
    },
    {
      "type": "Feature",
      "properties": {
        "@id": "way/852659493",
        "opening_hours:covid19": "off",
        "abandoned": "yes",
        "amenity": "nightclub",
        "building": "yes",
        "end_date": "2008",
        "name": "Dancing Jambo",
        "opening_hours": "off",
        "@geometry": "center"
      },
      "geometry": {
        "type": "Point",
        "coordinates": [
          8.6318385,
          45.4942163
        ]
      },
      "id": "way/852659493"
    },
    {
      "type": "Feature",
      "properties": {
        "@id": "way/852977210",
        "operator": "Comune di Pavia",
        "amenity": "social_centre",
        "building": "yes",
        "name": "Centro Doposcuola \"Comes\"",
        "@geometry": "center"
      },
      "geometry": {
        "type": "Point",
        "coordinates": [
          9.1299294,
          45.2000673
        ]
      },
      "id": "way/852977210"
    },
    {
      "type": "Feature",
      "properties": {
        "@id": "way/854900283",
        "name": "Oratorio San Luigi",
        "building": "yes",
        "amenity": "community_centre",
        "alt_name": "Oratorio di Concesa",
        "@geometry": "center"
      },
      "geometry": {
        "type": "Point",
        "coordinates": [
          9.5263733,
          45.6012063
        ]
      },
      "id": "way/854900283"
    },
    {
      "type": "Feature",
      "properties": {
        "@id": "way/858933564",
        "amenity": "community_centre",
        "name": "Oratorio di Pessano",
        "@geometry": "center"
      },
      "geometry": {
        "type": "Point",
        "coordinates": [
          9.3834973,
          45.5532717
        ]
      },
      "id": "way/858933564"
    },
    {
      "type": "Feature",
      "properties": {
        "@id": "way/860368074",
        "amenity": "community_centre",
        "name": "Oratorio San Gabriele di Arco",
        "@geometry": "center"
      },
      "geometry": {
        "type": "Point",
        "coordinates": [
          10.8859236,
          45.9141583
        ]
      },
      "id": "way/860368074"
    },
    {
      "type": "Feature",
      "properties": {
        "@id": "way/860730190",
        "amenity": "community_centre",
        "name": "Cantiere 26",
        "@geometry": "center"
      },
      "geometry": {
        "type": "Point",
        "coordinates": [
          10.8907915,
          45.9226862
        ]
      },
      "id": "way/860730190"
    },
    {
      "type": "Feature",
      "properties": {
        "@id": "way/867337373",
        "amenity": "social_centre",
        "building": "yes",
        "name": "Oratorio di Merone",
        "@geometry": "center"
      },
      "geometry": {
        "type": "Point",
        "coordinates": [
          9.2482001,
          45.7873118
        ]
      },
      "id": "way/867337373"
    },
    {
      "type": "Feature",
      "properties": {
        "@id": "way/867398940",
        "amenity": "community_centre",
        "name": "Oratorio",
        "@geometry": "center"
      },
      "geometry": {
        "type": "Point",
        "coordinates": [
          9.543642,
          45.6192571
        ]
      },
      "id": "way/867398940"
    },
    {
      "type": "Feature",
      "properties": {
        "@id": "way/871717567",
        "amenity": "community_centre",
        "building": "yes",
        "name": "Centro Culturale comunale ex Convento \"Testori\"",
        "@geometry": "center"
      },
      "geometry": {
        "type": "Point",
        "coordinates": [
          9.8532895,
          45.8118462
        ]
      },
      "id": "way/871717567"
    },
    {
      "type": "Feature",
      "properties": {
        "@id": "way/871718436",
        "amenity": "community_centre",
        "building": "yes",
        "name": "Centro Anziani",
        "@geometry": "center"
      },
      "geometry": {
        "type": "Point",
        "coordinates": [
          9.8533033,
          45.8120306
        ]
      },
      "id": "way/871718436"
    },
    {
      "type": "Feature",
      "properties": {
        "@id": "way/871729363",
        "amenity": "community_centre",
        "building": "yes",
        "name": "Oratorio di Vertova",
        "@geometry": "center"
      },
      "geometry": {
        "type": "Point",
        "coordinates": [
          9.8523068,
          45.8083723
        ]
      },
      "id": "way/871729363"
    },
    {
      "type": "Feature",
      "properties": {
        "@id": "way/872780076",
        "amenity": "social_centre",
        "building": "yes",
        "name": "Centro culturale islamico",
        "@geometry": "center"
      },
      "geometry": {
        "type": "Point",
        "coordinates": [
          9.8542045,
          45.8075632
        ]
      },
      "id": "way/872780076"
    },
    {
      "type": "Feature",
      "properties": {
        "@id": "way/872792961",
        "addr:city": "Vertova",
        "addr:housenumber": "4",
        "addr:postcode": "24029",
        "addr:street": "Piazza San Marco",
        "amenity": "community_centre",
        "building": "yes",
        "community_centre": "cultural_centre",
        "name": "Pro Vertova",
        "operator": "Associazione Pro Vertova",
        "operator:type": "private_non_profit",
        "@geometry": "center"
      },
      "geometry": {
        "type": "Point",
        "coordinates": [
          9.8511659,
          45.8083151
        ]
      },
      "id": "way/872792961"
    },
    {
      "type": "Feature",
      "properties": {
        "@id": "way/878009786",
        "amenity": "community_centre",
        "building": "yes",
        "community_centre": "parish_hall",
        "denomination": "catholic",
        "name": "Oratorio di Cazzago San Martino",
        "religion": "christian",
        "@geometry": "center"
      },
      "geometry": {
        "type": "Point",
        "coordinates": [
          10.0277427,
          45.5799753
        ]
      },
      "id": "way/878009786"
    },
    {
      "type": "Feature",
      "properties": {
        "@id": "way/878358818",
        "amenity": "social_centre",
        "name": "Gruppo alpini Caravaggio",
        "@geometry": "center"
      },
      "geometry": {
        "type": "Point",
        "coordinates": [
          9.6489547,
          45.484248
        ]
      },
      "id": "way/878358818"
    },
    {
      "type": "Feature",
      "properties": {
        "@id": "way/879028386",
        "building": "yes",
        "amenity": "community_centre",
        "@geometry": "center"
      },
      "geometry": {
        "type": "Point",
        "coordinates": [
          11.7427343,
          44.4164799
        ]
      },
      "id": "way/879028386"
    },
    {
      "type": "Feature",
      "properties": {
        "@id": "way/879597135",
        "amenity": "community_centre",
        "community_centre": "parish_hall",
        "name": "Oratorio di Rescalda",
        "@geometry": "center"
      },
      "geometry": {
        "type": "Point",
        "coordinates": [
          8.9416485,
          45.6303891
        ]
      },
      "id": "way/879597135"
    },
    {
      "type": "Feature",
      "properties": {
        "@id": "way/879757144",
        "amenity": "community_centre",
        "community_centre": "parish_hall",
        "denomination": "catholic",
        "name": "Oratorio di Rescaldina",
        "religion": "christian",
        "@geometry": "center"
      },
      "geometry": {
        "type": "Point",
        "coordinates": [
          8.9476047,
          45.6157021
        ]
      },
      "id": "way/879757144"
    },
    {
      "type": "Feature",
      "properties": {
        "@id": "way/882793554",
        "amenity": "community_centre",
        "building": "yes",
        "name": "Centro culturale La Fenice",
        "@geometry": "center"
      },
      "geometry": {
        "type": "Point",
        "coordinates": [
          8.3979878,
          45.6652923
        ]
      },
      "id": "way/882793554"
    },
    {
      "type": "Feature",
      "properties": {
        "@id": "way/883248189",
        "building": "no",
        "amenity": "nightclub",
        "name": "Sali & Tabacchi",
        "@geometry": "center"
      },
      "geometry": {
        "type": "Point",
        "coordinates": [
          10.661695,
          44.6825955
        ]
      },
      "id": "way/883248189"
    },
    {
      "type": "Feature",
      "properties": {
        "@id": "way/884735692",
        "amenity": "community_centre",
        "name": "Oratorio San Vittore",
        "@geometry": "center"
      },
      "geometry": {
        "type": "Point",
        "coordinates": [
          10.2170659,
          45.9160783
        ]
      },
      "id": "way/884735692"
    },
    {
      "type": "Feature",
      "properties": {
        "@id": "way/886318235",
        "amenity": "community_centre",
        "community_centre": "youth_centre",
        "denomination": "roman_catholic",
        "facebook": "https://www.facebook.com/oratoriosgbbaranzate/",
        "name": "Oratorio San Giovanni Bosco",
        "religion": "christian",
        "@geometry": "center"
      },
      "geometry": {
        "type": "Point",
        "coordinates": [
          9.1151627,
          45.5281644
        ]
      },
      "id": "way/886318235"
    },
    {
      "type": "Feature",
      "properties": {
        "@id": "way/889059651",
        "amenity": "social_centre",
        "building": "yes",
        "name": "Centro Polifunzionale Comunale",
        "@geometry": "center"
      },
      "geometry": {
        "type": "Point",
        "coordinates": [
          13.1507999,
          46.2350244
        ]
      },
      "id": "way/889059651"
    },
    {
      "type": "Feature",
      "properties": {
        "@id": "way/889263657",
        "amenity": "community_centre",
        "building": "yes",
        "name": "Centro Parrocchiale San Filippo Neri",
        "@geometry": "center"
      },
      "geometry": {
        "type": "Point",
        "coordinates": [
          14.9725387,
          41.6645579
        ]
      },
      "id": "way/889263657"
    },
    {
      "type": "Feature",
      "properties": {
        "@id": "way/891725148",
        "amenity": "community_centre",
        "building": "yes",
        "name": "Casa delle Associazioni (Ex Caserma)",
        "operator": "Comune di Carpaneto Piacentino",
        "operator:type": "public",
        "@geometry": "center"
      },
      "geometry": {
        "type": "Point",
        "coordinates": [
          9.7873763,
          44.9141013
        ]
      },
      "id": "way/891725148"
    },
    {
      "type": "Feature",
      "properties": {
        "@id": "way/893331785",
        "amenity": "community_centre",
        "building": "yes",
        "@geometry": "center"
      },
      "geometry": {
        "type": "Point",
        "coordinates": [
          13.3599809,
          43.5073285
        ]
      },
      "id": "way/893331785"
    },
    {
      "type": "Feature",
      "properties": {
        "@id": "way/895381623",
        "amenity": "community_centre",
        "name": "Laboratorio di Città Nelson Mandela",
        "note": "Determina n. 57/2013",
        "@geometry": "center"
      },
      "geometry": {
        "type": "Point",
        "coordinates": [
          14.9986264,
          37.5253821
        ]
      },
      "id": "way/895381623"
    },
    {
      "type": "Feature",
      "properties": {
        "@id": "way/906258186",
        "community_centre:for": "scout",
        "community_centre": "club_home",
        "building": "yes",
        "amenity": "community_centre",
        "@geometry": "center"
      },
      "geometry": {
        "type": "Point",
        "coordinates": [
          7.826129,
          45.13218
        ]
      },
      "id": "way/906258186"
    },
    {
      "type": "Feature",
      "properties": {
        "@id": "way/907153463",
        "opening_hours:covid19": "restricted",
        "amenity": "community_centre",
        "name": "Ricreatorio Comunale Guido Brunner",
        "operator": "Comune di Trieste",
        "operator:type": "public",
        "@geometry": "center"
      },
      "geometry": {
        "type": "Point",
        "coordinates": [
          13.7726889,
          45.6644354
        ]
      },
      "id": "way/907153463"
    },
    {
      "type": "Feature",
      "properties": {
        "@id": "way/910620856",
        "name": "Jolly",
        "amenity": "nightclub",
        "@geometry": "center"
      },
      "geometry": {
        "type": "Point",
        "coordinates": [
          10.9566803,
          45.1378502
        ]
      },
      "id": "way/910620856"
    },
    {
      "type": "Feature",
      "properties": {
        "@id": "way/913463950",
        "addr:city": "Morengo",
        "addr:postcode": "24050",
        "addr:street": "Via San Giovanni Bosco",
        "amenity": "community_centre",
        "name": "Oratorio di Morengo",
        "@geometry": "center"
      },
      "geometry": {
        "type": "Point",
        "coordinates": [
          9.70658,
          45.5359319
        ]
      },
      "id": "way/913463950"
    },
    {
      "type": "Feature",
      "properties": {
        "@id": "way/916358841",
        "amenity": "community_centre",
        "community_centre:for": "multigeneration",
        "name": "Oratorio Cappuccini",
        "@geometry": "center"
      },
      "geometry": {
        "type": "Point",
        "coordinates": [
          9.7525343,
          45.5301012
        ]
      },
      "id": "way/916358841"
    },
    {
      "type": "Feature",
      "properties": {
        "@id": "way/917874928",
        "amenity": "community_centre",
        "building": "yes",
        "@geometry": "center"
      },
      "geometry": {
        "type": "Point",
        "coordinates": [
          13.3082094,
          43.4951698
        ]
      },
      "id": "way/917874928"
    },
    {
      "type": "Feature",
      "properties": {
        "@id": "way/924264524",
        "amenity": "nightclub",
        "building": "yes",
        "name": "NAFOURA DISCO",
        "@geometry": "center"
      },
      "geometry": {
        "type": "Point",
        "coordinates": [
          16.9219383,
          40.5323942
        ]
      },
      "id": "way/924264524"
    },
    {
      "type": "Feature",
      "properties": {
        "@id": "way/924332763",
        "amenity": "nightclub",
        "building": "yes",
        "layer": "1",
        "name": "PRAJA GALLIPOLI",
        "@geometry": "center"
      },
      "geometry": {
        "type": "Point",
        "coordinates": [
          18.0185266,
          40.0322115
        ]
      },
      "id": "way/924332763"
    },
    {
      "type": "Feature",
      "properties": {
        "@id": "way/928144279",
        "name": "Arona Palagreen",
        "addr:city": "Arona",
        "addr:housenumber": "3",
        "addr:postcode": "28041",
        "addr:street": "Via Monte Zeda",
        "amenity": "social_centre",
        "building": "yes",
        "@geometry": "center"
      },
      "geometry": {
        "type": "Point",
        "coordinates": [
          8.5529718,
          45.7547002
        ]
      },
      "id": "way/928144279"
    },
    {
      "type": "Feature",
      "properties": {
        "@id": "way/932788375",
        "building": "yes",
        "amenity": "nightclub",
        "name": "MaMaFè",
        "@geometry": "center"
      },
      "geometry": {
        "type": "Point",
        "coordinates": [
          12.9566336,
          40.9141843
        ]
      },
      "id": "way/932788375"
    },
    {
      "type": "Feature",
      "properties": {
        "@id": "way/934277204",
        "amenity": "community_centre",
        "building": "civic",
        "building:levels": "2",
        "colour": "white",
        "layer": "1",
        "name": "Sede delle Associazioni di Arese",
        "website": "https://www.uniter-arese.it/cda/",
        "@geometry": "center"
      },
      "geometry": {
        "type": "Point",
        "coordinates": [
          9.0760672,
          45.5562484
        ]
      },
      "id": "way/934277204"
    },
    {
      "type": "Feature",
      "properties": {
        "@id": "way/937319388",
        "amenity": "community_centre",
        "building": "yes",
        "name": "Centro Culturale e Sportivo Aldo Moro",
        "@geometry": "center"
      },
      "geometry": {
        "type": "Point",
        "coordinates": [
          10.1985443,
          45.6601912
        ]
      },
      "id": "way/937319388"
    },
    {
      "type": "Feature",
      "properties": {
        "@id": "way/940447971",
        "addr:city": "Gottolengo",
        "addr:housenumber": "19",
        "addr:postcode": "25023",
        "addr:street": "Via Circonvallazione Sud",
        "amenity": "community_centre",
        "building": "yes",
        "name": "Oratorio San Luigi Gonzaga",
        "@geometry": "center"
      },
      "geometry": {
        "type": "Point",
        "coordinates": [
          10.2699714,
          45.2889479
        ]
      },
      "id": "way/940447971"
    },
    {
      "type": "Feature",
      "properties": {
        "@id": "way/940447972",
        "amenity": "community_centre",
        "building": "yes",
        "@geometry": "center"
      },
      "geometry": {
        "type": "Point",
        "coordinates": [
          10.2696491,
          45.2886352
        ]
      },
      "id": "way/940447972"
    },
    {
      "type": "Feature",
      "properties": {
        "@id": "way/941574606",
        "name": "Oratorio San Giovanni Bosco",
        "community_centre:for": "multigeneration",
        "community_centre": "social_centre",
        "amenity": "community_centre",
        "@geometry": "center"
      },
      "geometry": {
        "type": "Point",
        "coordinates": [
          9.650415,
          45.5468872
        ]
      },
      "id": "way/941574606"
    },
    {
      "type": "Feature",
      "properties": {
        "@id": "way/943031321",
        "amenity": "nightclub",
        "building": "yes",
        "name": "ZFREEDOM",
        "@geometry": "center"
      },
      "geometry": {
        "type": "Point",
        "coordinates": [
          14.8455031,
          40.8302437
        ]
      },
      "id": "way/943031321"
    },
    {
      "type": "Feature",
      "properties": {
        "@id": "way/943263367",
        "amenity": "social_centre",
        "name": "Oratorio di Duomo",
        "source": "PCN ortofoto_colore 2006 - autorizzazione 10687/TRI",
        "@geometry": "center"
      },
      "geometry": {
        "type": "Point",
        "coordinates": [
          10.0228247,
          45.5318634
        ]
      },
      "id": "way/943263367"
    },
    {
      "type": "Feature",
      "properties": {
        "@id": "way/943843459",
        "amenity": "community_centre",
        "building": "yes",
        "name": "Centro Sociale Comunale",
        "@geometry": "center"
      },
      "geometry": {
        "type": "Point",
        "coordinates": [
          14.6999434,
          41.1409649
        ]
      },
      "id": "way/943843459"
    },
    {
      "type": "Feature",
      "properties": {
        "@id": "way/946529626",
        "amenity": "community_centre",
        "community_centre": "youth_centre",
        "denomination": "roman_catholic",
        "religion": "christian",
        "@geometry": "center"
      },
      "geometry": {
        "type": "Point",
        "coordinates": [
          9.1868271,
          45.5705662
        ]
      },
      "id": "way/946529626"
    },
    {
      "type": "Feature",
      "properties": {
        "@id": "way/947244191",
        "addr:city": "Trezzo sull'Adda",
        "addr:housenumber": "58",
        "addr:postcode": "20056",
        "addr:street": "Via Giuseppe Mazzini",
        "amenity": "nightclub",
        "check_date": "2022-10-28",
        "contact:email": "info@liveclub.it",
        "contact:facebook": "https://www.facebook.com/LIVEMUSICCLUB",
        "contact:fax": "+39 02 9098 0257",
        "contact:instagram": "http://instagram.com/liveclub",
        "contact:mobile": "+39 347 197 7297",
        "contact:twitter": "https://twitter.com/LIVEMUSICCLUB",
        "contact:youtube": "https://www.youtube.com/channel/UCvZOOVHSnX6F_OBMiWn7QpQ",
        "internet_access": "no",
        "name": "Live Club",
        "official_name": "Live Music Club",
        "wikidata": "Q105762107",
        "wikimedia_commons": "Category:Live Club",
        "wheelchair": "yes",
        "building": "yes",
        "@geometry": "center"
      },
      "geometry": {
        "type": "Point",
        "coordinates": [
          9.5169312,
          45.5989744
        ]
      },
      "id": "way/947244191"
    },
    {
      "type": "Feature",
      "properties": {
        "@id": "way/948457759",
        "amenity": "community_centre",
        "building": "yes",
        "name": "Oratorio Parrocchiale",
        "@geometry": "center"
      },
      "geometry": {
        "type": "Point",
        "coordinates": [
          14.9682096,
          38.050059
        ]
      },
      "id": "way/948457759"
    },
    {
      "type": "Feature",
      "properties": {
        "@id": "way/948463392",
        "amenity": "social_centre",
        "building": "yes",
        "historic": "yes",
        "name": "Casino di Compagnia",
        "@geometry": "center"
      },
      "geometry": {
        "type": "Point",
        "coordinates": [
          14.9662619,
          38.0525326
        ]
      },
      "id": "way/948463392"
    },
    {
      "type": "Feature",
      "properties": {
        "@id": "way/954029868",
        "amenity": "community_centre",
        "@geometry": "center"
      },
      "geometry": {
        "type": "Point",
        "coordinates": [
          12.5799999,
          44.0067429
        ]
      },
      "id": "way/954029868"
    },
    {
      "type": "Feature",
      "properties": {
        "@id": "way/955970101",
        "addr:city": "Miglianico",
        "addr:street": "Contrada Cerreto",
        "amenity": "nightclub",
        "building": "yes",
        "building:colour": "pink",
        "building:levels": "2",
        "roof:levels": "0.5",
        "roof:material": "roof_tiles",
        "roof:shape": "hipped",
        "@geometry": "center"
      },
      "geometry": {
        "type": "Point",
        "coordinates": [
          14.2892946,
          42.3768743
        ]
      },
      "id": "way/955970101"
    },
    {
      "type": "Feature",
      "properties": {
        "@id": "way/957134621",
        "amenity": "community_centre",
        "building": "no",
        "name": "Casa del Popolo di Sottolongera",
        "phone": "+39 040 572114",
        "@geometry": "center"
      },
      "geometry": {
        "type": "Point",
        "coordinates": [
          13.8160055,
          45.6509864
        ]
      },
      "id": "way/957134621"
    },
    {
      "type": "Feature",
      "properties": {
        "@id": "way/959906677",
        "amenity": "community_centre",
        "building": "yes",
        "operator": "Parrocchia del Cuore Immacolato di Maria",
        "operator:type": "religious",
        "@geometry": "center"
      },
      "geometry": {
        "type": "Point",
        "coordinates": [
          8.628277,
          44.9153972
        ]
      },
      "id": "way/959906677"
    },
    {
      "type": "Feature",
      "properties": {
        "@id": "way/960593672",
        "building": "yes",
        "addr:city": "Alessandria",
        "addr:housenumber": "12",
        "addr:postcode": "15121",
        "addr:street": "Via Giuseppe Pochettini",
        "amenity": "community_centre",
        "name": "Galimberti Centro D'Incontro",
        "name:etymology:wikidata": "Q3514987",
        "note": "Circolo ricettivo per pensionati e amanti dello sport. Dispone di bar, bocciofila e 2 campi da calcio (uno omologato a 9 giocatori e l'altro da 5 giocatori per squadra)",
        "opening_hours": "09:00-23:00",
        "operator": "Comune di Alessandria",
        "operator:type": "public",
        "wheelchair": "yes",
        "@geometry": "center"
      },
      "geometry": {
        "type": "Point",
        "coordinates": [
          8.6276279,
          44.9197219
        ]
      },
      "id": "way/960593672"
    },
    {
      "type": "Feature",
      "properties": {
        "@id": "way/962617369",
        "amenity": "community_centre",
        "building": "yes",
        "name": "Centro Sociale \"Area 52\"",
        "@geometry": "center"
      },
      "geometry": {
        "type": "Point",
        "coordinates": [
          13.391221,
          43.5264388
        ]
      },
      "id": "way/962617369"
    },
    {
      "type": "Feature",
      "properties": {
        "@id": "way/962941916",
        "amenity": "social_centre",
        "name": "Società Operaia di Mutuo Soccorso",
        "building": "yes",
        "@geometry": "center"
      },
      "geometry": {
        "type": "Point",
        "coordinates": [
          14.9661033,
          38.0517721
        ]
      },
      "id": "way/962941916"
    },
    {
      "type": "Feature",
      "properties": {
        "@id": "way/964310414",
        "name": "Porto Fluviale Occuapto",
        "addr:city": "Roma",
        "addr:housenumber": "12",
        "addr:postcode": "00154",
        "addr:street": "Via del Porto Fluviale",
        "amenity": "community_centre",
        "building": "no",
        "website": "https://portofluviale.wordpress.com/",
        "contact:facebook": "https://www.facebook.com/PortoFluvialeRecuperato/",
        "social:occupied": "yes",
        "@geometry": "center"
      },
      "geometry": {
        "type": "Point",
        "coordinates": [
          12.4790545,
          41.8727256
        ]
      },
      "id": "way/964310414"
    },
    {
      "type": "Feature",
      "properties": {
        "@id": "way/967917905",
        "amenity": "nightclub",
        "name": "La Venere Dance",
        "@geometry": "center"
      },
      "geometry": {
        "type": "Point",
        "coordinates": [
          15.0460291,
          37.5127785
        ]
      },
      "id": "way/967917905"
    },
    {
      "type": "Feature",
      "properties": {
        "@id": "way/968220368",
        "amenity": "community_centre",
        "building": "yes",
        "name": "Centro Diurno",
        "@geometry": "center"
      },
      "geometry": {
        "type": "Point",
        "coordinates": [
          12.7168596,
          38.033501
        ]
      },
      "id": "way/968220368"
    },
    {
      "type": "Feature",
      "properties": {
        "@id": "way/970839251",
        "building": "yes",
        "amenity": "community_centre",
        "@geometry": "center"
      },
      "geometry": {
        "type": "Point",
        "coordinates": [
          9.3310802,
          45.5262428
        ]
      },
      "id": "way/970839251"
    },
    {
      "type": "Feature",
      "properties": {
        "@id": "way/974572219",
        "addr:city": "Parma",
        "addr:housenumber": "6",
        "addr:postcode": "43123",
        "addr:street": "Via Primo Bandini",
        "amenity": "community_centre",
        "building": "yes",
        "name": "Centro Interculturale di Parma e provincia",
        "phone": "+39 388 099 9271",
        "@geometry": "center"
      },
      "geometry": {
        "type": "Point",
        "coordinates": [
          10.3421027,
          44.7938714
        ]
      },
      "id": "way/974572219"
    },
    {
      "type": "Feature",
      "properties": {
        "@id": "way/983206939",
        "amenity": "social_centre",
        "building": "yes",
        "@geometry": "center"
      },
      "geometry": {
        "type": "Point",
        "coordinates": [
          13.6171444,
          43.5245938
        ]
      },
      "id": "way/983206939"
    },
    {
      "type": "Feature",
      "properties": {
        "@id": "way/985527430",
        "amenity": "community_centre",
        "barrier": "fence",
        "community_centre": "environment_centre",
        "fence_type": "chain_link",
        "name": "Parco delle Groane e della Brughiera Briantea - Centro parco Polveriera",
        "@geometry": "center"
      },
      "geometry": {
        "type": "Point",
        "coordinates": [
          9.0940006,
          45.6204604
        ]
      },
      "id": "way/985527430"
    },
    {
      "type": "Feature",
      "properties": {
        "@id": "way/986168667",
        "addr:city": "Arese",
        "addr:housenumber": "5",
        "addr:postcode": "20044",
        "addr:street": "Piazza Generale Carlo Alberto Dalla Chiesa",
        "amenity": "community_centre",
        "community_centre": "youth_centre",
        "denomination": "roman_catholic",
        "name": "Oratorio Don Giovanni Bosco",
        "religion": "christian",
        "start_date": "1968",
        "@geometry": "center"
      },
      "geometry": {
        "type": "Point",
        "coordinates": [
          9.0769804,
          45.5500439
        ]
      },
      "id": "way/986168667"
    },
    {
      "type": "Feature",
      "properties": {
        "@id": "way/989321067",
        "addr:city": "Roma",
        "addr:housenumber": "21",
        "addr:postcode": "00176",
        "addr:street": "Via Luigi Filippo De Magistris",
        "amenity": "community_centre",
        "building": "yes",
        "name": "Centro anziani De Magistris",
        "operator": "Municipio Roma 5",
        "operator:type": "public",
        "@geometry": "center"
      },
      "geometry": {
        "type": "Point",
        "coordinates": [
          12.5286005,
          41.8877314
        ]
      },
      "id": "way/989321067"
    },
    {
      "type": "Feature",
      "properties": {
        "@id": "way/992014893",
        "website": "https://www.largovenue.com/",
        "phone": "+390659875966",
        "lgbtq": "friendly",
        "addr:city": "Roma",
        "addr:postcode": "00176",
        "addr:street": "Via Biordo Michelotti",
        "amenity": "nightclub",
        "name": "Largo Venue",
        "opening_hours": "Tu-Th 19:30-02:00; Fr-Sa 19:30-04:00",
        "@geometry": "center"
      },
      "geometry": {
        "type": "Point",
        "coordinates": [
          12.5382075,
          41.8927637
        ]
      },
      "id": "way/992014893"
    },
    {
      "type": "Feature",
      "properties": {
        "@id": "way/993633156",
        "amenity": "community_centre",
        "community_centre": "cultural_centre",
        "name": "Centro Civico Agorà",
        "start_date": "2016-12-18",
        "toilets": "yes",
        "toilets:wheelchair": "designated",
        "wheelchair": "yes",
        "@geometry": "center"
      },
      "geometry": {
        "type": "Point",
        "coordinates": [
          9.0822141,
          45.5570896
        ]
      },
      "id": "way/993633156"
    },
    {
      "type": "Feature",
      "properties": {
        "@id": "way/994001217",
        "amenity": "community_centre",
        "building": "yes",
        "fixme": "è ancora aperto?",
        "name": "Centro anziani Teresa Frassinelli",
        "phone": "+39062426452",
        "@geometry": "center"
      },
      "geometry": {
        "type": "Point",
        "coordinates": [
          12.541298,
          41.8739873
        ]
      },
      "id": "way/994001217"
    },
    {
      "type": "Feature",
      "properties": {
        "@id": "way/995866022",
        "addr:city": "Chiavenna",
        "addr:housenumber": "1",
        "addr:postcode": "23022",
        "addr:street": "Via Don Giovanni Battista Picchi",
        "amenity": "community_centre",
        "community_centre": "youth_centre",
        "denomination": "roman_catholic",
        "name": "Oratorio San Luigi",
        "phone": "+39034332386",
        "religion": "christian",
        "@geometry": "center"
      },
      "geometry": {
        "type": "Point",
        "coordinates": [
          9.408118,
          46.3221236
        ]
      },
      "id": "way/995866022"
    },
    {
      "type": "Feature",
      "properties": {
        "@id": "way/996080976",
        "website": "http://www.spazio211.com/",
        "name": "sPAZIO211",
        "addr:city": "Torino",
        "addr:housenumber": "211",
        "addr:postcode": "10155",
        "addr:street": "Via Francesco Cigna",
        "amenity": "nightclub",
        "building": "yes",
        "email": "info@spazio211.com",
        "live_music": "yes",
        "@geometry": "center"
      },
      "geometry": {
        "type": "Point",
        "coordinates": [
          7.6894642,
          45.0986001
        ]
      },
      "id": "way/996080976"
    },
    {
      "type": "Feature",
      "properties": {
        "@id": "way/997111593",
        "amenity": "community_centre",
        "building": "yes",
        "@geometry": "center"
      },
      "geometry": {
        "type": "Point",
        "coordinates": [
          12.1626694,
          42.0979359
        ]
      },
      "id": "way/997111593"
    },
    {
      "type": "Feature",
      "properties": {
        "@id": "way/1000272245",
        "access": "yes",
        "air_conditioning": "yes",
        "amenity": "community_centre",
        "community_centre": "youth_centre",
        "email": "youngdoitarese@gmail.com",
        "facebook": "https://www.facebook.com/youngdoitarese/",
        "instagram": "youngdoitarese",
        "internet_access": "yes",
        "internet_access:fee": "no",
        "level": "0",
        "name": "YoungDoIt",
        "opening_hours": "Tu-Th 16:30-19:00;Fr 20:30-23:00;Sa 20:00-23:00",
        "opening_hours:url": "https://www.youngdoit.it/orari/",
        "operator": "Comune di Arese",
        "operator:type": "public",
        "phone": "+390293582637",
        "toilets": "yes",
        "toilets:access": "yes",
        "toilets:wheelchair": "designated",
        "website": "https://www.youngdoit.it/",
        "wheelchair": "yes",
        "@geometry": "center"
      },
      "geometry": {
        "type": "Point",
        "coordinates": [
          9.0828571,
          45.5536164
        ]
      },
      "id": "way/1000272245"
    },
    {
      "type": "Feature",
      "properties": {
        "@id": "way/1001821029",
        "owner": "Comune di Spoleto",
        "amenity": "community_centre",
        "name": "Complesso monumentale San Nicolò",
        "operator": "Comune di Spoleto",
        "@geometry": "center"
      },
      "geometry": {
        "type": "Point",
        "coordinates": [
          12.7368787,
          42.7372343
        ]
      },
      "id": "way/1001821029"
    },
    {
      "type": "Feature",
      "properties": {
        "@id": "way/1005524327",
        "amenity": "community_centre",
        "building": "yes",
        "name": "MI.C.S. Case del Sole",
        "@geometry": "center"
      },
      "geometry": {
        "type": "Point",
        "coordinates": [
          10.1863439,
          45.5445309
        ]
      },
      "id": "way/1005524327"
    },
    {
      "type": "Feature",
      "properties": {
        "@id": "way/1011745951",
        "amenity": "community_centre",
        "@geometry": "center"
      },
      "geometry": {
        "type": "Point",
        "coordinates": [
          9.5083243,
          45.5237226
        ]
      },
      "id": "way/1011745951"
    },
    {
      "type": "Feature",
      "properties": {
        "@id": "way/1013548989",
        "amenity": "social_centre",
        "building": "yes",
        "name": "Circolo Fenalc",
        "operator": "Fenalc",
        "@geometry": "center"
      },
      "geometry": {
        "type": "Point",
        "coordinates": [
          12.8430105,
          43.2782985
        ]
      },
      "id": "way/1013548989"
    },
    {
      "type": "Feature",
      "properties": {
        "@id": "way/1015979807",
        "amenity": "community_centre",
        "building": "yes",
        "layer": "1",
        "name": "Oratorio San Domenico Savio",
        "@geometry": "center"
      },
      "geometry": {
        "type": "Point",
        "coordinates": [
          9.9727384,
          45.5993135
        ]
      },
      "id": "way/1015979807"
    },
    {
      "type": "Feature",
      "properties": {
        "@id": "way/1020783048",
        "amenity": "community_centre",
        "building": "yes",
        "community_centre": "parish_hall",
        "denomination": "catholic",
        "name": "Oratorio di Sopraponte",
        "religion": "christian",
        "@geometry": "center"
      },
      "geometry": {
        "type": "Point",
        "coordinates": [
          10.4376635,
          45.599719
        ]
      },
      "id": "way/1020783048"
    },
    {
      "type": "Feature",
      "properties": {
        "@id": "way/1021675616",
        "amenity": "community_centre",
        "building": "yes",
        "name": "Ricreatorio San Giorgio",
        "@geometry": "center"
      },
      "geometry": {
        "type": "Point",
        "coordinates": [
          13.791735,
          43.1825171
        ]
      },
      "id": "way/1021675616"
    },
    {
      "type": "Feature",
      "properties": {
        "@id": "way/1023464265",
        "amenity": "community_centre",
        "community_centre": "parish_hall",
        "@geometry": "center"
      },
      "geometry": {
        "type": "Point",
        "coordinates": [
          9.0544859,
          45.5323605
        ]
      },
      "id": "way/1023464265"
    },
    {
      "type": "Feature",
      "properties": {
        "@id": "way/1023464266",
        "amenity": "community_centre",
        "community_centre": "youth_centre",
        "denomination": "roman_catholic",
        "name": "Oratorio San Maurizio",
        "religion": "christian",
        "@geometry": "center"
      },
      "geometry": {
        "type": "Point",
        "coordinates": [
          9.0643495,
          45.5428262
        ]
      },
      "id": "way/1023464266"
    },
    {
      "type": "Feature",
      "properties": {
        "@id": "way/1024839203",
        "addr:city": "Limbiate",
        "addr:housenumber": "4",
        "addr:postcode": "20812",
        "addr:street": "Via Tito Speri",
        "amenity": "community_centre",
        "barrier": "fence",
        "community_centre": "youth_centre",
        "denomination": "roman_catholic",
        "email": "oscvillaggiogiovi@hotmail.com",
        "name": "Oratorio Sacro Cuore di Gesù",
        "phone": "+390299480809",
        "religion": "christian",
        "website": "https://oscvillaggiogiovi.webnode.it/",
        "@geometry": "center"
      },
      "geometry": {
        "type": "Point",
        "coordinates": [
          9.1426969,
          45.591116
        ]
      },
      "id": "way/1024839203"
    },
    {
      "type": "Feature",
      "properties": {
        "@id": "way/1025590550",
        "amenity": "community_centre",
        "community_centre": "youth_centrebuilding=yes",
        "name": "Oratorio San Luigi",
        "@geometry": "center"
      },
      "geometry": {
        "type": "Point",
        "coordinates": [
          9.538772,
          45.5989366
        ]
      },
      "id": "way/1025590550"
    },
    {
      "type": "Feature",
      "properties": {
        "@id": "way/1026957520",
        "amenity": "community_centre",
        "building": "church",
        "church:type": "historic",
        "religion": "christian",
        "@geometry": "center"
      },
      "geometry": {
        "type": "Point",
        "coordinates": [
          8.3011127,
          44.9208188
        ]
      },
      "id": "way/1026957520"
    },
    {
      "type": "Feature",
      "properties": {
        "@id": "way/1028909017",
        "access": "yes",
        "addr:city": "Rho",
        "addr:housenumber": "22",
        "addr:postcode": "20017",
        "addr:street": "Via San Martino",
        "amenity": "community_centre",
        "community_centre": "youth_centre",
        "facebook": "https://www.facebook.com/spaziomast",
        "instagram": "spazio_mast",
        "name": "Spazio Mast",
        "note:name": "Musica - Audiovisivi - Spazio - Teatro",
        "opening_hours": "Mo-Th 10:00-19:00; Fr 10:00-00:00; Sa-Su off",
        "operator": "Comune di Rho",
        "operator:type": "public",
        "phone": "+39029302697",
        "website": "https://progettomast.org/",
        "youtube": "https://www.youtube.com/channel/UCVjYMERzrKYELqn7dpagi4w",
        "@geometry": "center"
      },
      "geometry": {
        "type": "Point",
        "coordinates": [
          9.0451269,
          45.51961
        ]
      },
      "id": "way/1028909017"
    },
    {
      "type": "Feature",
      "properties": {
        "@id": "way/1029127148",
        "addr:city": "Albino",
        "addr:housenumber": "10",
        "addr:postcode": "24021",
        "addr:street": "Via don Cristoforo Rossi",
        "amenity": "community_centre",
        "name": "Oratorio Papa Giovanni XXIII",
        "website": "https://www.oratorioalbino.it/",
        "@geometry": "center"
      },
      "geometry": {
        "type": "Point",
        "coordinates": [
          9.7937141,
          45.7599768
        ]
      },
      "id": "way/1029127148"
    },
    {
      "type": "Feature",
      "properties": {
        "@id": "way/1029875281",
        "addr:city": "Gazzaniga",
        "addr:housenumber": "65",
        "addr:postcode": "24025",
        "addr:street": "Via Cesare Battisti",
        "amenity": "community_centre",
        "name": "Oratorio Sacro Cuore",
        "@geometry": "center"
      },
      "geometry": {
        "type": "Point",
        "coordinates": [
          9.831683,
          45.7938898
        ]
      },
      "id": "way/1029875281"
    },
    {
      "type": "Feature",
      "properties": {
        "@id": "way/1030936018",
        "amenity": "community_centre",
        "building": "yes",
        "name": "Oratorio Santo Stefano",
        "@geometry": "center"
      },
      "geometry": {
        "type": "Point",
        "coordinates": [
          8.60249,
          45.6618367
        ]
      },
      "id": "way/1030936018"
    },
    {
      "type": "Feature",
      "properties": {
        "@id": "way/1035460369",
        "amenity": "community_centre",
        "community_centre": "youth_centre",
        "denomination": "roman_catholic",
        "name": "Oratorio Vighignolo",
        "religion": "christian",
        "@geometry": "center"
      },
      "geometry": {
        "type": "Point",
        "coordinates": [
          9.0412808,
          45.4956646
        ]
      },
      "id": "way/1035460369"
    },
    {
      "type": "Feature",
      "properties": {
        "@id": "way/1039143269",
        "amenity": "community_centre",
        "name": "Oratorio San Filippo Neri",
        "@geometry": "center"
      },
      "geometry": {
        "type": "Point",
        "coordinates": [
          9.7533783,
          45.5186362
        ]
      },
      "id": "way/1039143269"
    },
    {
      "type": "Feature",
      "properties": {
        "@id": "way/1040339898",
        "amenity": "social_centre",
        "building": "yes",
        "name": "Circolo Giovani Cerro Al Lambro",
        "@geometry": "center"
      },
      "geometry": {
        "type": "Point",
        "coordinates": [
          9.3400261,
          45.3294819
        ]
      },
      "id": "way/1040339898"
    },
    {
      "type": "Feature",
      "properties": {
        "@id": "way/1040340321",
        "amenity": "social_centre",
        "building": "yes",
        "name": "Argento Vivo",
        "operator": "associazione argento vivo",
        "wheelchair": "yes",
        "@geometry": "center"
      },
      "geometry": {
        "type": "Point",
        "coordinates": [
          9.3390496,
          45.3293936
        ]
      },
      "id": "way/1040340321"
    },
    {
      "type": "Feature",
      "properties": {
        "@id": "way/1042760380",
        "amenity": "community_centre",
        "building": "yes",
        "@geometry": "center"
      },
      "geometry": {
        "type": "Point",
        "coordinates": [
          10.1940083,
          45.6236622
        ]
      },
      "id": "way/1042760380"
    },
    {
      "type": "Feature",
      "properties": {
        "@id": "way/1043713646",
        "amenity": "community_centre",
        "name": "Oratorio San Domenico Savio",
        "@geometry": "center"
      },
      "geometry": {
        "type": "Point",
        "coordinates": [
          9.0876909,
          45.6617613
        ]
      },
      "id": "way/1043713646"
    },
    {
      "type": "Feature",
      "properties": {
        "@id": "way/1044592808",
        "amenity": "community_centre",
        "denomination": "roman_catholic",
        "name": "Oratorio di Sant'Agnese",
        "religion": "christian",
        "@geometry": "center"
      },
      "geometry": {
        "type": "Point",
        "coordinates": [
          9.1275568,
          45.5143097
        ]
      },
      "id": "way/1044592808"
    },
    {
      "type": "Feature",
      "properties": {
        "@id": "way/1046488894",
        "amenity": "community_centre",
        "denomination": "roman_catholic",
        "name": "Oratorio San Giovanni Bosco e Sant'Agnese",
        "religion": "christian",
        "@geometry": "center"
      },
      "geometry": {
        "type": "Point",
        "coordinates": [
          8.8863887,
          45.5696925
        ]
      },
      "id": "way/1046488894"
    },
    {
      "type": "Feature",
      "properties": {
        "@id": "way/1047100053",
        "amenity": "community_centre",
        "community_centre:for": "juvenile",
        "name": "Oratorio San Francesco",
        "operator": "Chiesa di San Francesco",
        "@geometry": "center"
      },
      "geometry": {
        "type": "Point",
        "coordinates": [
          9.5750781,
          45.5221199
        ]
      },
      "id": "way/1047100053"
    },
    {
      "type": "Feature",
      "properties": {
        "@id": "way/1047502850",
        "amenity": "community_centre",
        "community_centre": "youth_centre",
        "denomination": "roman_catholic",
        "name": "Oratorio Daniele Comboni",
        "religion": "christian",
        "@geometry": "center"
      },
      "geometry": {
        "type": "Point",
        "coordinates": [
          9.4318551,
          46.1356252
        ]
      },
      "id": "way/1047502850"
    },
    {
      "type": "Feature",
      "properties": {
        "@id": "way/1047821806",
        "addr:city": "Segrate",
        "addr:housenumber": "34",
        "addr:postcode": "20054",
        "addr:street": "Via degli Alpini",
        "amenity": "community_centre",
        "facebook": "https://www.facebook.com/Il-PalaSegrate-354743801740406/",
        "name": "PalaSegrate",
        "phone": "+393516125003",
        "@geometry": "center"
      },
      "geometry": {
        "type": "Point",
        "coordinates": [
          9.3032747,
          45.4955461
        ]
      },
      "id": "way/1047821806"
    },
    {
      "type": "Feature",
      "properties": {
        "@id": "way/1057707329",
        "name": "Ottantaquattro",
        "building": "yes",
        "amenity": "nightclub",
        "@geometry": "center"
      },
      "geometry": {
        "type": "Point",
        "coordinates": [
          7.6853457,
          45.0551169
        ]
      },
      "id": "way/1057707329"
    },
    {
      "type": "Feature",
      "properties": {
        "@id": "way/1057707344",
        "building": "yes",
        "amenity": "nightclub",
        "name": "Life",
        "@geometry": "center"
      },
      "geometry": {
        "type": "Point",
        "coordinates": [
          7.6873634,
          45.0578666
        ]
      },
      "id": "way/1057707344"
    },
    {
      "type": "Feature",
      "properties": {
        "@id": "way/1067061284",
        "amenity": "nightclub",
        "building": "yes",
        "name": "Alpen Rose",
        "@geometry": "center"
      },
      "geometry": {
        "type": "Point",
        "coordinates": [
          9.6968285,
          45.9945012
        ]
      },
      "id": "way/1067061284"
    },
    {
      "type": "Feature",
      "properties": {
        "@id": "way/1071368876",
        "amenity": "community_centre",
        "name": "Centro artistico culturale Giuseppe Ierna",
        "@geometry": "center"
      },
      "geometry": {
        "type": "Point",
        "coordinates": [
          15.1518127,
          37.0828872
        ]
      },
      "id": "way/1071368876"
    },
    {
      "type": "Feature",
      "properties": {
        "@id": "way/1078191777",
        "amenity": "community_centre",
        "building": "yes",
        "@geometry": "center"
      },
      "geometry": {
        "type": "Point",
        "coordinates": [
          12.6475348,
          43.6861118
        ]
      },
      "id": "way/1078191777"
    },
    {
      "type": "Feature",
      "properties": {
        "@id": "way/1080031806",
        "addr:city": "Feltre",
        "addr:housenumber": "25",
        "addr:postcode": "32032",
        "addr:street": "Via Sega",
        "amenity": "social_centre",
        "building": "yes",
        "name": "ass. Studi Abilità Umane",
        "@geometry": "center"
      },
      "geometry": {
        "type": "Point",
        "coordinates": [
          11.8975136,
          46.0386239
        ]
      },
      "id": "way/1080031806"
    },
    {
      "type": "Feature",
      "properties": {
        "@id": "way/1081555923",
        "amenity": "nightclub",
        "building": "yes",
        "name": "Molo 28",
        "outdoor_seating": "yes",
        "outdoor_seating:comfort": "chairs",
        "seasonal": "summer",
        "@geometry": "center"
      },
      "geometry": {
        "type": "Point",
        "coordinates": [
          16.285913,
          41.323487
        ]
      },
      "id": "way/1081555923"
    },
    {
      "type": "Feature",
      "properties": {
        "@id": "way/1083459687",
        "amenity": "community_centre",
        "building": "yes",
        "name": "Centro Parrocchiale",
        "name:it": "Centro Parrocchiale",
        "@geometry": "center"
      },
      "geometry": {
        "type": "Point",
        "coordinates": [
          14.8335014,
          40.7035628
        ]
      },
      "id": "way/1083459687"
    },
    {
      "type": "Feature",
      "properties": {
        "@id": "way/1086399152",
        "amenity": "community_centre",
        "building": "public",
        "information": "office",
        "internet_access": "wlan",
        "name": "Catasta Pollino",
        "tourism": "information",
        "@geometry": "center"
      },
      "geometry": {
        "type": "Point",
        "coordinates": [
          16.0654347,
          39.8745191
        ]
      },
      "id": "way/1086399152"
    },
    {
      "type": "Feature",
      "properties": {
        "@id": "way/1089042080",
        "amenity": "nightclub",
        "disused": "yes",
        "name": "ex Le Club",
        "@geometry": "center"
      },
      "geometry": {
        "type": "Point",
        "coordinates": [
          9.1100588,
          45.636504
        ]
      },
      "id": "way/1089042080"
    },
    {
      "type": "Feature",
      "properties": {
        "@id": "way/1093064306",
        "amenity": "community_centre",
        "name": "Oratorio Sacra Famiglia",
        "@geometry": "center"
      },
      "geometry": {
        "type": "Point",
        "coordinates": [
          9.3169967,
          45.4308925
        ]
      },
      "id": "way/1093064306"
    },
    {
      "type": "Feature",
      "properties": {
        "@id": "way/1095125809",
        "amenity": "social_centre",
        "building": "yes",
        "@geometry": "center"
      },
      "geometry": {
        "type": "Point",
        "coordinates": [
          12.9095895,
          42.0947968
        ]
      },
      "id": "way/1095125809"
    },
    {
      "type": "Feature",
      "properties": {
        "@id": "way/1096154945",
        "amenity": "nightclub",
        "building": "yes",
        "name": "Ti Connetto",
        "@geometry": "center"
      },
      "geometry": {
        "type": "Point",
        "coordinates": [
          14.743196,
          37.3265368
        ]
      },
      "id": "way/1096154945"
    },
    {
      "type": "Feature",
      "properties": {
        "@id": "way/1097469970",
        "website": "https://capanninabeach.it/",
        "name": "Capannina Beach",
        "email": "info@capanninabeach.it",
        "amenity": "nightclub",
        "addr:state": "Italia",
        "addr:city": "Jesolo",
        "addr:hamlet": "Lido di Jesolo",
        "addr:housenumber": "9",
        "addr:postcode": "30016",
        "addr:province": "Venezia",
        "addr:street": "Piazza Giuseppe Mazzini",
        "@geometry": "center"
      },
      "geometry": {
        "type": "Point",
        "coordinates": [
          12.619651,
          45.4951538
        ]
      },
      "id": "way/1097469970"
    },
    {
      "type": "Feature",
      "properties": {
        "@id": "way/1108974625",
        "name": "New Fantasy Club",
        "addr:city": "Cinisello Balsamo",
        "addr:housenumber": "105",
        "addr:postcode": "20092",
        "addr:street": "Viale dei Partigiani",
        "amenity": "nightclub",
        "building": "yes",
        "layer": "-1",
        "@geometry": "center"
      },
      "geometry": {
        "type": "Point",
        "coordinates": [
          9.2227995,
          45.5425073
        ]
      },
      "id": "way/1108974625"
    },
    {
      "type": "Feature",
      "properties": {
        "@id": "way/1109981238",
        "addr:city": "Carinaro",
        "addr:street": "Via Domenico Pirozzi",
        "amenity": "community_centre",
        "building": "yes",
        "name": "Centro sociale polivalente di Carinaro",
        "@geometry": "center"
      },
      "geometry": {
        "type": "Point",
        "coordinates": [
          14.2135127,
          40.9824655
        ]
      },
      "id": "way/1109981238"
    },
    {
      "type": "Feature",
      "properties": {
        "@id": "way/1116882842",
        "addr:city": "Albino",
        "addr:postcode": "24021",
        "addr:street": "Piazza del Santuario",
        "amenity": "community_centre",
        "name": "Oratorio Desenzano al Serio",
        "@geometry": "center"
      },
      "geometry": {
        "type": "Point",
        "coordinates": [
          9.8015063,
          45.76244
        ]
      },
      "id": "way/1116882842"
    },
    {
      "type": "Feature",
      "properties": {
        "@id": "way/1120133484",
        "amenity": "community_centre",
        "building": "yes",
        "name": "Oratorio Sacro Cuore",
        "@geometry": "center"
      },
      "geometry": {
        "type": "Point",
        "coordinates": [
          8.5427483,
          45.4562396
        ]
      },
      "id": "way/1120133484"
    },
    {
      "type": "Feature",
      "properties": {
        "@id": "way/1120523349",
        "amenity": "community_centre",
        "building": "yes",
        "name": "Oratorio San Domenico Savio",
        "@geometry": "center"
      },
      "geometry": {
        "type": "Point",
        "coordinates": [
          8.5560853,
          45.4894379
        ]
      },
      "id": "way/1120523349"
    },
    {
      "type": "Feature",
      "properties": {
        "@id": "way/1123335736",
        "religion": "christian",
        "landuse": "religious",
        "amenity": "community_centre",
        "community_centre:for": "multigeneration",
        "denomination": "roman_catholic",
        "name": "Oratorio San Giovanni Battista",
        "operator": "Diocesi di Cremona",
        "@geometry": "center"
      },
      "geometry": {
        "type": "Point",
        "coordinates": [
          9.6762897,
          45.4963589
        ]
      },
      "id": "way/1123335736"
    },
    {
      "type": "Feature",
      "properties": {
        "@id": "way/1123444994",
        "amenity": "nightclub",
        "building": "yes",
        "name": "Sonido Latino",
        "@geometry": "center"
      },
      "geometry": {
        "type": "Point",
        "coordinates": [
          7.6354525,
          45.0565457
        ]
      },
      "id": "way/1123444994"
    },
    {
      "type": "Feature",
      "properties": {
        "@id": "way/1126049477",
        "amenity": "community_centre",
        "community_centre": "family_centre",
        "name": "Oratorio Sant'Agnese",
        "@geometry": "center"
      },
      "geometry": {
        "type": "Point",
        "coordinates": [
          16.6212363,
          40.6490747
        ]
      },
      "id": "way/1126049477"
    }
  ]
}