<?xml version="1.0" encoding="UTF-8"?><kml xmlns="http://www.opengis.net/kml/2.2"><Document><name>overpass-turbo.eu export</name><description>Filtered OSM data converted to KML by overpass turbo.
Copyright: The data included in this document is from www.openstreetmap.org. The data is made available under ODbL.
Timestamp: 2025-11-02T20:42:37Z</description><Placemark><ExtendedData><Data name="@id"><value>node/17151621</value></Data><Data name="created_by"><value>JOSM</value></Data><Data name="amenity"><value>shower</value></Data></ExtendedData><Point><coordinates>-0.4374756,52.1323072</coordinates></Point></Placemark><Placemark><name>Shower Block</name><ExtendedData><Data name="@id"><value>way/26473737</value></Data><Data name="access"><value>customers</value></Data><Data name="amenity"><value>shower</value></Data><Data name="building"><value>yes</value></Data><Data name="fee"><value>no</value></Data><Data name="hot_water"><value>yes</value></Data><Data name="name"><value>Shower Block</value></Data><Data name="opening_hours"><value>sunrise-sunset</value></Data><Data name="supervised"><value>no</value></Data><Data name="wheelchair"><value>limited</value></Data><Data name="@geometry"><value>center</value></Data></ExtendedData><Point><coordinates>-1.5284822,50.8867398</coordinates></Point></Placemark><Placemark><ExtendedData><Data name="@id"><value>node/52579519</value></Data><Data name="amenity"><value>shower</value></Data><Data name="fee"><value>no</value></Data></ExtendedData><Point><coordinates>-4.2084321,51.1706905</coordinates></Point></Placemark><Placemark><ExtendedData><Data name="@id"><value>way/137564601</value></Data><Data name="amenity"><value>shower</value></Data><Data name="building"><value>yes</value></Data><Data name="@geometry"><value>center</value></Data></ExtendedData><Point><coordinates>-2.4420389,55.5947963</coordinates></Point></Placemark><Placemark><ExtendedData><Data name="@id"><value>way/240009484</value></Data><Data name="access"><value>permissive</value></Data><Data name="amenity"><value>shower</value></Data><Data name="building"><value>yes</value></Data><Data name="shower"><value>hot</value></Data><Data name="toilets"><value>yes</value></Data><Data name="@geometry"><value>center</value></Data></ExtendedData><Point><coordinates>-2.9417774,54.9505994</coordinates></Point></Placemark><Placemark><ExtendedData><Data name="@id"><value>way/246653616</value></Data><Data name="amenity_1"><value>toilets</value></Data><Data name="building"><value>yes</value></Data><Data name="amenity"><value>shower</value></Data><Data name="@geometry"><value>center</value></Data></ExtendedData><Point><coordinates>-4.7837566,50.2878542</coordinates></Point></Placemark><Placemark><ExtendedData><Data name="@id"><value>way/246653623</value></Data><Data name="amenity_1"><value>toilets</value></Data><Data name="building"><value>yes</value></Data><Data name="amenity"><value>shower</value></Data><Data name="@geometry"><value>center</value></Data></ExtendedData><Point><coordinates>-4.7845012,50.2895521</coordinates></Point></Placemark><Placemark><ExtendedData><Data name="@id"><value>node/257105754</value></Data><Data name="amenity"><value>shower</value></Data><Data name="created_by"><value>JOSM</value></Data><Data name="outdoor"><value>yes</value></Data></ExtendedData><Point><coordinates>-4.202098,51.5484166</coordinates></Point></Placemark><Placemark><ExtendedData><Data name="@id"><value>way/277231614</value></Data><Data name="access"><value>customers</value></Data><Data name="amenity"><value>shower</value></Data><Data name="building"><value>yes</value></Data><Data name="operator"><value>Lizard Point Holiday Park</value></Data><Data name="@geometry"><value>center</value></Data></ExtendedData><Point><coordinates>-5.2117836,50.018792</coordinates></Point></Placemark><Placemark><ExtendedData><Data name="@id"><value>way/294556055</value></Data><Data name="access"><value>customers</value></Data><Data name="amenity"><value>shower</value></Data><Data name="building"><value>yes</value></Data><Data name="@geometry"><value>center</value></Data></ExtendedData><Point><coordinates>-3.8458203,56.7680748</coordinates></Point></Placemark><Placemark><ExtendedData><Data name="@id"><value>way/294556058</value></Data><Data name="access"><value>customers</value></Data><Data name="amenity"><value>shower</value></Data><Data name="building"><value>yes</value></Data><Data name="@geometry"><value>center</value></Data></ExtendedData><Point><coordinates>-3.844404,56.7676516</coordinates></Point></Placemark><Placemark><name>Changing Rooms</name><ExtendedData><Data name="@id"><value>way/346363222</value></Data><Data name="amenity"><value>shower</value></Data><Data name="building"><value>yes</value></Data><Data name="name"><value>Changing Rooms</value></Data><Data name="@geometry"><value>center</value></Data></ExtendedData><Point><coordinates>-0.8291332,51.8294556</coordinates></Point></Placemark><Placemark><ExtendedData><Data name="@id"><value>way/368477275</value></Data><Data name="amenity"><value>shower</value></Data><Data name="building:part"><value>yes</value></Data><Data name="source"><value>Bing</value></Data><Data name="@geometry"><value>center</value></Data></ExtendedData><Point><coordinates>-0.5359721,51.5501419</coordinates></Point></Placemark><Placemark><ExtendedData><Data name="@id"><value>way/408320521</value></Data><Data name="access"><value>customers</value></Data><Data name="amenity"><value>shower</value></Data><Data name="building"><value>service</value></Data><Data name="building:levels"><value>1</value></Data><Data name="@geometry"><value>center</value></Data></ExtendedData><Point><coordinates>0.3818997,50.822868</coordinates></Point></Placemark><Placemark><ExtendedData><Data name="@id"><value>node/410463887</value></Data><Data name="amenity"><value>shower</value></Data></ExtendedData><Point><coordinates>-0.7656765,52.0385739</coordinates></Point></Placemark><Placemark><ExtendedData><Data name="@id"><value>way/411323802</value></Data><Data name="access"><value>customers</value></Data><Data name="amenity"><value>shower</value></Data><Data name="building"><value>yes</value></Data><Data name="@geometry"><value>center</value></Data></ExtendedData><Point><coordinates>-0.0359374,51.4932238</coordinates></Point></Placemark><Placemark><ExtendedData><Data name="@id"><value>way/414426327</value></Data><Data name="access"><value>customers</value></Data><Data name="amenity"><value>shower</value></Data><Data name="building"><value>yes</value></Data><Data name="fee"><value>no</value></Data><Data name="operator"><value>South Dock Marina</value></Data><Data name="@geometry"><value>center</value></Data></ExtendedData><Point><coordinates>-0.0331876,51.493617</coordinates></Point></Placemark><Placemark><ExtendedData><Data name="@id"><value>node/448752512</value></Data><Data name="amenity"><value>shower</value></Data><Data name="fee"><value>yes</value></Data></ExtendedData><Point><coordinates>-7.3080499,57.0703282</coordinates></Point></Placemark><Placemark><ExtendedData><Data name="@id"><value>way/449456761</value></Data><Data name="amenity"><value>shower</value></Data><Data name="building"><value>toilets</value></Data><Data name="source"><value>Bing</value></Data><Data name="@geometry"><value>center</value></Data></ExtendedData><Point><coordinates>-3.5287885,52.459814</coordinates></Point></Placemark><Placemark><ExtendedData><Data name="@id"><value>node/471936954</value></Data><Data name="amenity"><value>shower</value></Data><Data name="toll"><value>yes</value></Data></ExtendedData><Point><coordinates>-3.7044337,51.6427438</coordinates></Point></Placemark><Placemark><description>Shower block</description><ExtendedData><Data name="@id"><value>way/510383023</value></Data><Data name="access"><value>customers</value></Data><Data name="amenity"><value>shower</value></Data><Data name="building"><value>yes</value></Data><Data name="description"><value>Shower block</value></Data><Data name="@geometry"><value>center</value></Data></ExtendedData><Point><coordinates>-4.7413197,58.5688767</coordinates></Point></Placemark><Placemark><description>Shower for visitors</description><ExtendedData><Data name="@id"><value>way/529968579</value></Data><Data name="wheelchair"><value>limited</value></Data><Data name="fee"><value>£1</value></Data><Data name="access"><value>permissive</value></Data><Data name="amenity"><value>shower</value></Data><Data name="description"><value>Shower for visitors</value></Data><Data name="opening_hours"><value>24/7</value></Data><Data name="unisex"><value>yes</value></Data><Data name="@geometry"><value>center</value></Data></ExtendedData><Point><coordinates>-6.5035786,57.0566625</coordinates></Point></Placemark><Placemark><ExtendedData><Data name="@id"><value>way/544531483</value></Data><Data name="access"><value>customers</value></Data><Data name="amenity"><value>shower</value></Data><Data name="building"><value>yes</value></Data><Data name="fee"><value>yes</value></Data><Data name="opening_hours"><value>24/7</value></Data><Data name="operator"><value>Formby Point Caravan Park</value></Data><Data name="supervised"><value>no</value></Data><Data name="@geometry"><value>center</value></Data></ExtendedData><Point><coordinates>-3.0924164,53.5475448</coordinates></Point></Placemark><Placemark><ExtendedData><Data name="@id"><value>way/555412599</value></Data><Data name="access"><value>customers</value></Data><Data name="amenity"><value>shower</value></Data><Data name="building"><value>service</value></Data><Data name="building:levels"><value>1</value></Data><Data name="female"><value>yes</value></Data><Data name="male"><value>yes</value></Data><Data name="operator"><value>Holly Bush Park Camping &amp; Caravan Site</value></Data><Data name="roof:material"><value>slate</value></Data><Data name="roof:shape"><value>gabled</value></Data><Data name="shower"><value>hot</value></Data><Data name="@geometry"><value>center</value></Data></ExtendedData><Point><coordinates>-3.1105989,50.9390019</coordinates></Point></Placemark><Placemark><ExtendedData><Data name="@id"><value>way/565747282</value></Data><Data name="amenity"><value>shower</value></Data><Data name="building"><value>yes</value></Data><Data name="@geometry"><value>center</value></Data></ExtendedData><Point><coordinates>-0.1778711,51.8853802</coordinates></Point></Placemark><Placemark><ExtendedData><Data name="@id"><value>way/571337272</value></Data><Data name="access"><value>customers</value></Data><Data name="amenity"><value>shower</value></Data><Data name="building"><value>service</value></Data><Data name="building:levels"><value>1</value></Data><Data name="@geometry"><value>center</value></Data></ExtendedData><Point><coordinates>0.445242,50.8659682</coordinates></Point></Placemark><Placemark><ExtendedData><Data name="@id"><value>way/590623803</value></Data><Data name="access"><value>customers</value></Data><Data name="amenity"><value>shower</value></Data><Data name="building"><value>service</value></Data><Data name="building:levels"><value>1</value></Data><Data name="female"><value>yes</value></Data><Data name="location"><value>indoor</value></Data><Data name="male"><value>yes</value></Data><Data name="operator"><value>Quantock Camping</value></Data><Data name="toilets"><value>yes</value></Data><Data name="toilets:disposal"><value>flush</value></Data><Data name="@geometry"><value>center</value></Data></ExtendedData><Point><coordinates>-3.2041041,51.0867953</coordinates></Point></Placemark><Placemark><ExtendedData><Data name="@id"><value>way/614088394</value></Data><Data name="amenity"><value>shower</value></Data><Data name="building"><value>yes</value></Data><Data name="@geometry"><value>center</value></Data></ExtendedData><Point><coordinates>-3.4284763,53.3298563</coordinates></Point></Placemark><Placemark><ExtendedData><Data name="@id"><value>node/617765379</value></Data><Data name="access"><value>private</value></Data><Data name="amenity"><value>shower</value></Data><Data name="charge"><value>no</value></Data><Data name="operator"><value>Canal &amp; River Trust</value></Data></ExtendedData><Point><coordinates>-1.912996,52.4806328</coordinates></Point></Placemark><Placemark><ExtendedData><Data name="@id"><value>way/629248237</value></Data><Data name="access"><value>customers</value></Data><Data name="amenity"><value>shower</value></Data><Data name="building"><value>yes</value></Data><Data name="fee"><value>yes</value></Data><Data name="supervised"><value>no</value></Data><Data name="@geometry"><value>center</value></Data></ExtendedData><Point><coordinates>0.6264439,52.5621011</coordinates></Point></Placemark><Placemark><description>Toilet/shower block for Diggerland's Campsite.</description><ExtendedData><Data name="@id"><value>way/673233955</value></Data><Data name="access"><value>customers</value></Data><Data name="amenity"><value>shower</value></Data><Data name="building"><value>service</value></Data><Data name="building:levels"><value>1</value></Data><Data name="description"><value>Toilet/shower block for Diggerland's Campsite.</value></Data><Data name="female"><value>yes</value></Data><Data name="male"><value>yes</value></Data><Data name="operator"><value>Diggerland</value></Data><Data name="@geometry"><value>center</value></Data></ExtendedData><Point><coordinates>-3.3772594,50.8793399</coordinates></Point></Placemark><Placemark><ExtendedData><Data name="@id"><value>way/685325117</value></Data><Data name="access"><value>customers</value></Data><Data name="amenity"><value>shower</value></Data><Data name="building"><value>yes</value></Data><Data name="source"><value>approximate</value></Data><Data name="@geometry"><value>center</value></Data></ExtendedData><Point><coordinates>-4.2451986,56.0696258</coordinates></Point></Placemark><Placemark><ExtendedData><Data name="@id"><value>way/685325122</value></Data><Data name="access"><value>customers</value></Data><Data name="amenity"><value>shower</value></Data><Data name="building"><value>yes</value></Data><Data name="@geometry"><value>center</value></Data></ExtendedData><Point><coordinates>-4.2460677,56.068605</coordinates></Point></Placemark><Placemark><ExtendedData><Data name="@id"><value>node/704809577</value></Data><Data name="access"><value>yes</value></Data><Data name="amenity"><value>shower</value></Data><Data name="fee"><value>no</value></Data></ExtendedData><Point><coordinates>-0.1689809,51.5047158</coordinates></Point></Placemark><Placemark><ExtendedData><Data name="@id"><value>node/706106387</value></Data><Data name="amenity"><value>shower</value></Data><Data name="fee"><value>yes</value></Data><Data name="source"><value>http://www.networkrail.co.uk/kingscross</value></Data></ExtendedData><Point><coordinates>-0.1238634,51.5316295</coordinates></Point></Placemark><Placemark><ExtendedData><Data name="@id"><value>way/710631298</value></Data><Data name="amenity"><value>shower</value></Data><Data name="building"><value>yes</value></Data><Data name="@geometry"><value>center</value></Data></ExtendedData><Point><coordinates>1.6382276,52.7421371</coordinates></Point></Placemark><Placemark><ExtendedData><Data name="@id"><value>way/711124902</value></Data><Data name="amenity"><value>shower</value></Data><Data name="building"><value>yes</value></Data><Data name="@geometry"><value>center</value></Data></ExtendedData><Point><coordinates>-3.4294798,51.790176</coordinates></Point></Placemark><Placemark><ExtendedData><Data name="@id"><value>way/727313788</value></Data><Data name="amenity"><value>shower</value></Data><Data name="building"><value>yes</value></Data><Data name="female"><value>yes</value></Data><Data name="@geometry"><value>center</value></Data></ExtendedData><Point><coordinates>-2.9514987,54.2764006</coordinates></Point></Placemark><Placemark><ExtendedData><Data name="@id"><value>way/727313789</value></Data><Data name="amenity"><value>shower</value></Data><Data name="building"><value>yes</value></Data><Data name="male"><value>yes</value></Data><Data name="@geometry"><value>center</value></Data></ExtendedData><Point><coordinates>-2.9514754,54.2762684</coordinates></Point></Placemark><Placemark><ExtendedData><Data name="@id"><value>way/799087014</value></Data><Data name="amenity"><value>shower</value></Data><Data name="building"><value>yes</value></Data><Data name="hot_water"><value>no</value></Data><Data name="@geometry"><value>center</value></Data></ExtendedData><Point><coordinates>0.4363693,50.9231849</coordinates></Point></Placemark><Placemark><ExtendedData><Data name="@id"><value>way/799087049</value></Data><Data name="amenity"><value>shower</value></Data><Data name="building"><value>yes</value></Data><Data name="wheelchair"><value>no</value></Data><Data name="@geometry"><value>center</value></Data></ExtendedData><Point><coordinates>0.4378645,50.9236068</coordinates></Point></Placemark><Placemark><ExtendedData><Data name="@id"><value>way/799087086</value></Data><Data name="amenity"><value>shower</value></Data><Data name="building"><value>yes</value></Data><Data name="@geometry"><value>center</value></Data></ExtendedData><Point><coordinates>0.4373552,50.9220125</coordinates></Point></Placemark><Placemark><ExtendedData><Data name="@id"><value>way/818122390</value></Data><Data name="access"><value>customers</value></Data><Data name="amenity"><value>shower</value></Data><Data name="building"><value>yes</value></Data><Data name="opening_hours"><value>24/7</value></Data><Data name="@geometry"><value>center</value></Data></ExtendedData><Point><coordinates>-1.8682781,50.8113889</coordinates></Point></Placemark><Placemark><ExtendedData><Data name="@id"><value>way/831749228</value></Data><Data name="male"><value>yes</value></Data><Data name="female"><value>yes</value></Data><Data name="fee"><value>no</value></Data><Data name="amenity"><value>shower</value></Data><Data name="building"><value>yes</value></Data><Data name="@geometry"><value>center</value></Data></ExtendedData><Point><coordinates>1.2021044,51.0950031</coordinates></Point></Placemark><Placemark><ExtendedData><Data name="@id"><value>way/834715982</value></Data><Data name="amenity_1"><value>toilets</value></Data><Data name="building"><value>yes</value></Data><Data name="amenity"><value>shower</value></Data><Data name="@geometry"><value>center</value></Data></ExtendedData><Point><coordinates>-2.7871657,51.7892912</coordinates></Point></Placemark><Placemark><ExtendedData><Data name="@id"><value>way/845142999</value></Data><Data name="access"><value>permissive</value></Data><Data name="amenity"><value>shower</value></Data><Data name="building"><value>yes</value></Data><Data name="@geometry"><value>center</value></Data></ExtendedData><Point><coordinates>-4.9970833,51.9848868</coordinates></Point></Placemark><Placemark><ExtendedData><Data name="@id"><value>way/847727266</value></Data><Data name="access"><value>customers</value></Data><Data name="amenity"><value>shower</value></Data><Data name="building"><value>yes</value></Data><Data name="charge"><value>£1</value></Data><Data name="fee"><value>yes</value></Data><Data name="opening_hours"><value>24/7</value></Data><Data name="payment:cash"><value>yes</value></Data><Data name="@geometry"><value>center</value></Data></ExtendedData><Point><coordinates>-2.7068369,53.7162951</coordinates></Point></Placemark><Placemark><ExtendedData><Data name="@id"><value>way/862774114</value></Data><Data name="amenity"><value>shower</value></Data><Data name="building"><value>yes</value></Data><Data name="@geometry"><value>center</value></Data></ExtendedData><Point><coordinates>1.0457093,52.4693771</coordinates></Point></Placemark><Placemark><ExtendedData><Data name="@id"><value>node/914921082</value></Data><Data name="amenity"><value>shower</value></Data></ExtendedData><Point><coordinates>-3.1143169,51.6359989</coordinates></Point></Placemark><Placemark><ExtendedData><Data name="@id"><value>way/927211797</value></Data><Data name="access"><value>guests</value></Data><Data name="amenity"><value>shower</value></Data><Data name="building"><value>yes</value></Data><Data name="@geometry"><value>center</value></Data></ExtendedData><Point><coordinates>-2.155995,51.9893457</coordinates></Point></Placemark><Placemark><ExtendedData><Data name="@id"><value>way/943847721</value></Data><Data name="amenity"><value>give_box</value></Data><Data name="@geometry"><value>center</value></Data></ExtendedData><Point><coordinates>-1.5455606,52.8828465</coordinates></Point></Placemark><Placemark><ExtendedData><Data name="@id"><value>way/946516611</value></Data><Data name="access"><value>customers</value></Data><Data name="amenity"><value>shower</value></Data><Data name="fee"><value>no</value></Data><Data name="hot_water"><value>no</value></Data><Data name="location"><value>outdoor</value></Data><Data name="unisex"><value>yes</value></Data><Data name="@geometry"><value>center</value></Data></ExtendedData><Point><coordinates>-0.090878,51.5666271</coordinates></Point></Placemark><Placemark><ExtendedData><Data name="@id"><value>way/946533938</value></Data><Data name="amenity"><value>shower</value></Data><Data name="building"><value>yes</value></Data><Data name="@geometry"><value>center</value></Data></ExtendedData><Point><coordinates>-4.4712761,52.1599508</coordinates></Point></Placemark><Placemark><ExtendedData><Data name="@id"><value>way/954279708</value></Data><Data name="access"><value>customers</value></Data><Data name="amenity"><value>shower</value></Data><Data name="building"><value>yes</value></Data><Data name="@geometry"><value>center</value></Data></ExtendedData><Point><coordinates>-1.2929703,51.8549142</coordinates></Point></Placemark><Placemark><ExtendedData><Data name="@id"><value>way/956035697</value></Data><Data name="opening_hours:covid19"><value>24/7</value></Data><Data name="access"><value>yes</value></Data><Data name="amenity"><value>shower</value></Data><Data name="building"><value>container</value></Data><Data name="charge"><value>2 GBP</value></Data><Data name="fee"><value>yes</value></Data><Data name="hot_water"><value>yes</value></Data><Data name="male"><value>yes</value></Data><Data name="opening_hours"><value>24/7</value></Data><Data name="payment:cash"><value>yes</value></Data><Data name="supervised"><value>no</value></Data><Data name="@geometry"><value>center</value></Data></ExtendedData><Point><coordinates>-7.1585826,57.5971992</coordinates></Point></Placemark><Placemark><ExtendedData><Data name="@id"><value>way/956035698</value></Data><Data name="opening_hours:covid19"><value>24/7</value></Data><Data name="access"><value>yes</value></Data><Data name="amenity"><value>shower</value></Data><Data name="building"><value>container</value></Data><Data name="charge"><value>2 GBP</value></Data><Data name="fee"><value>yes</value></Data><Data name="female"><value>yes</value></Data><Data name="hot_water"><value>yes</value></Data><Data name="opening_hours"><value>24/7</value></Data><Data name="payment:cash"><value>yes</value></Data><Data name="supervised"><value>no</value></Data><Data name="@geometry"><value>center</value></Data></ExtendedData><Point><coordinates>-7.1586524,57.5972179</coordinates></Point></Placemark><Placemark><ExtendedData><Data name="@id"><value>way/967649997</value></Data><Data name="amenity"><value>shower</value></Data><Data name="building"><value>yes</value></Data><Data name="@geometry"><value>center</value></Data></ExtendedData><Point><coordinates>-0.2481407,50.9520953</coordinates></Point></Placemark><Placemark><ExtendedData><Data name="@id"><value>way/967649998</value></Data><Data name="amenity"><value>shower</value></Data><Data name="building"><value>yes</value></Data><Data name="@geometry"><value>center</value></Data></ExtendedData><Point><coordinates>-0.2480876,50.9521114</coordinates></Point></Placemark><Placemark><ExtendedData><Data name="@id"><value>way/967649999</value></Data><Data name="amenity"><value>shower</value></Data><Data name="building"><value>yes</value></Data><Data name="@geometry"><value>center</value></Data></ExtendedData><Point><coordinates>-0.2480592,50.9521769</coordinates></Point></Placemark><Placemark><ExtendedData><Data name="@id"><value>way/972379778</value></Data><Data name="access"><value>customers</value></Data><Data name="amenity"><value>shower</value></Data><Data name="unisex"><value>yes</value></Data><Data name="@geometry"><value>center</value></Data></ExtendedData><Point><coordinates>-0.6496603,50.9561958</coordinates></Point></Placemark><Placemark><name>Campsite Facilities Block</name><ExtendedData><Data name="@id"><value>way/982224311</value></Data><Data name="access"><value>private</value></Data><Data name="amenity"><value>shower</value></Data><Data name="building"><value>yes</value></Data><Data name="name"><value>Campsite Facilities Block</value></Data><Data name="@geometry"><value>center</value></Data></ExtendedData><Point><coordinates>-4.1748633,50.8105667</coordinates></Point></Placemark><Placemark><ExtendedData><Data name="@id"><value>way/990300259</value></Data><Data name="amenity"><value>shower</value></Data><Data name="building"><value>yes</value></Data><Data name="@geometry"><value>center</value></Data></ExtendedData><Point><coordinates>-1.2979698,52.7345486</coordinates></Point></Placemark><Placemark><ExtendedData><Data name="@id"><value>way/1014068316</value></Data><Data name="amenity"><value>shower</value></Data><Data name="building"><value>yes</value></Data><Data name="@geometry"><value>center</value></Data></ExtendedData><Point><coordinates>-5.6780884,50.0870352</coordinates></Point></Placemark><Placemark><ExtendedData><Data name="@id"><value>way/1055992555</value></Data><Data name="amenity"><value>shower</value></Data><Data name="building"><value>yes</value></Data><Data name="@geometry"><value>center</value></Data></ExtendedData><Point><coordinates>-6.5161301,54.307992</coordinates></Point></Placemark><Placemark><ExtendedData><Data name="@id"><value>way/1073638743</value></Data><Data name="amenity"><value>shower</value></Data><Data name="building"><value>yes</value></Data><Data name="hot_water"><value>yes</value></Data><Data name="@geometry"><value>center</value></Data></ExtendedData><Point><coordinates>-0.1182313,51.0996103</coordinates></Point></Placemark><Placemark><ExtendedData><Data name="@id"><value>node/1239755647</value></Data><Data name="amenity"><value>shower</value></Data></ExtendedData><Point><coordinates>-4.5460835,52.1345822</coordinates></Point></Placemark><Placemark><ExtendedData><Data name="@id"><value>node/1392999728</value></Data><Data name="amenity"><value>shower</value></Data></ExtendedData><Point><coordinates>0.5599527,51.3962447</coordinates></Point></Placemark><Placemark><ExtendedData><Data name="@id"><value>node/1392999792</value></Data><Data name="amenity"><value>shower</value></Data></ExtendedData><Point><coordinates>0.5601843,51.3978951</coordinates></Point></Placemark><Placemark><ExtendedData><Data name="@id"><value>node/1412608818</value></Data><Data name="amenity"><value>shower</value></Data></ExtendedData><Point><coordinates>1.4180556,51.3293035</coordinates></Point></Placemark><Placemark><ExtendedData><Data name="@id"><value>node/1416347487</value></Data><Data name="amenity"><value>shower</value></Data></ExtendedData><Point><coordinates>-4.8727843,55.9086241</coordinates></Point></Placemark><Placemark><ExtendedData><Data name="@id"><value>node/1416353150</value></Data><Data name="amenity"><value>shower</value></Data></ExtendedData><Point><coordinates>-4.947546,55.9821353</coordinates></Point></Placemark><Placemark><ExtendedData><Data name="@id"><value>node/1706974172</value></Data><Data name="amenity"><value>shower</value></Data></ExtendedData><Point><coordinates>-1.9396673,50.6874832</coordinates></Point></Placemark><Placemark><ExtendedData><Data name="@id"><value>node/1707413052</value></Data><Data name="amenity"><value>shower</value></Data></ExtendedData><Point><coordinates>-1.9365494,50.6898437</coordinates></Point></Placemark><Placemark><ExtendedData><Data name="@id"><value>node/1770396559</value></Data><Data name="amenity"><value>shower</value></Data></ExtendedData><Point><coordinates>-4.2203701,51.1172731</coordinates></Point></Placemark><Placemark><ExtendedData><Data name="@id"><value>node/1931512216</value></Data><Data name="amenity"><value>shower</value></Data></ExtendedData><Point><coordinates>-0.65331,51.3087619</coordinates></Point></Placemark><Placemark><ExtendedData><Data name="@id"><value>node/1931519422</value></Data><Data name="amenity"><value>shower</value></Data></ExtendedData><Point><coordinates>-0.6583735,51.3097107</coordinates></Point></Placemark><Placemark><ExtendedData><Data name="@id"><value>node/1931519428</value></Data><Data name="amenity"><value>shower</value></Data></ExtendedData><Point><coordinates>-0.6591148,51.3093026</coordinates></Point></Placemark><Placemark><ExtendedData><Data name="@id"><value>node/2339312814</value></Data><Data name="access"><value>private</value></Data><Data name="amenity"><value>shower</value></Data><Data name="operator"><value>Haslar Marina</value></Data></ExtendedData><Point><coordinates>-1.1206568,50.7900505</coordinates></Point></Placemark><Placemark><ExtendedData><Data name="@id"><value>node/2339312823</value></Data><Data name="access"><value>private</value></Data><Data name="amenity"><value>shower</value></Data><Data name="operator"><value>Haslar Marina</value></Data></ExtendedData><Point><coordinates>-1.1179515,50.7915612</coordinates></Point></Placemark><Placemark><ExtendedData><Data name="@id"><value>node/2339312833</value></Data><Data name="access"><value>private</value></Data><Data name="amenity"><value>shower</value></Data><Data name="operator"><value>Haslar Marina</value></Data></ExtendedData><Point><coordinates>-1.1153476,50.7920553</coordinates></Point></Placemark><Placemark><ExtendedData><Data name="@id"><value>node/2359194009</value></Data><Data name="amenity"><value>shower</value></Data><Data name="shower"><value>yes</value></Data></ExtendedData><Point><coordinates>-2.2470681,52.4105713</coordinates></Point></Placemark><Placemark><ExtendedData><Data name="@id"><value>node/2359194017</value></Data><Data name="amenity"><value>shower</value></Data><Data name="shower"><value>yes</value></Data></ExtendedData><Point><coordinates>-2.2469745,52.4106771</coordinates></Point></Placemark><Placemark><ExtendedData><Data name="@id"><value>node/2398111619</value></Data><Data name="amenity"><value>shower</value></Data></ExtendedData><Point><coordinates>-5.3868836,50.2215117</coordinates></Point></Placemark><Placemark><ExtendedData><Data name="@id"><value>node/2430437089</value></Data><Data name="amenity"><value>shower</value></Data></ExtendedData><Point><coordinates>-3.8104423,55.2744491</coordinates></Point></Placemark><Placemark><ExtendedData><Data name="@id"><value>node/2931585489</value></Data><Data name="amenity"><value>shower</value></Data></ExtendedData><Point><coordinates>1.1116973,51.2762281</coordinates></Point></Placemark><Placemark><ExtendedData><Data name="@id"><value>node/2931585495</value></Data><Data name="amenity"><value>shower</value></Data></ExtendedData><Point><coordinates>1.1122879,51.2768462</coordinates></Point></Placemark><Placemark><ExtendedData><Data name="@id"><value>node/2998819535</value></Data><Data name="amenity"><value>shower</value></Data></ExtendedData><Point><coordinates>-5.2311778,49.9756084</coordinates></Point></Placemark><Placemark><ExtendedData><Data name="@id"><value>node/3101623584</value></Data><Data name="access"><value>customers</value></Data><Data name="amenity"><value>shower</value></Data></ExtendedData><Point><coordinates>-1.7236031,52.1822346</coordinates></Point></Placemark><Placemark><ExtendedData><Data name="@id"><value>node/3137206655</value></Data><Data name="amenity"><value>shower</value></Data></ExtendedData><Point><coordinates>-5.736497,55.6755998</coordinates></Point></Placemark><Placemark><ExtendedData><Data name="@id"><value>node/3389942509</value></Data><Data name="amenity"><value>shower</value></Data></ExtendedData><Point><coordinates>-7.4767833,54.2112723</coordinates></Point></Placemark><Placemark><ExtendedData><Data name="@id"><value>node/3389942677</value></Data><Data name="amenity"><value>shower</value></Data><Data name="seamark:small_craft_facility:category"><value>showers</value></Data><Data name="seamark:type"><value>small_craft_facility</value></Data></ExtendedData><Point><coordinates>-7.4791423,54.2121398</coordinates></Point></Placemark><Placemark><ExtendedData><Data name="@id"><value>node/3425204138</value></Data><Data name="access"><value>customers</value></Data><Data name="amenity"><value>shower</value></Data></ExtendedData><Point><coordinates>-6.1758954,57.2924431</coordinates></Point></Placemark><Placemark><ExtendedData><Data name="@id"><value>node/3624950096</value></Data><Data name="access"><value>customers</value></Data><Data name="amenity"><value>shower</value></Data><Data name="fee"><value>no</value></Data></ExtendedData><Point><coordinates>-4.0465627,53.0415806</coordinates></Point></Placemark><Placemark><ExtendedData><Data name="@id"><value>node/3657572681</value></Data><Data name="access"><value>yes</value></Data><Data name="amenity"><value>shower</value></Data><Data name="fee"><value>no</value></Data><Data name="hot_water"><value>no</value></Data><Data name="location"><value>outdoor</value></Data></ExtendedData><Point><coordinates>0.4678777,50.8366449</coordinates></Point></Placemark><Placemark><ExtendedData><Data name="@id"><value>node/3667641886</value></Data><Data name="access"><value>public</value></Data><Data name="wheelchair"><value>yes</value></Data><Data name="fee"><value>no</value></Data><Data name="amenity"><value>shower</value></Data></ExtendedData><Point><coordinates>-1.8250753,50.7207886</coordinates></Point></Placemark><Placemark><ExtendedData><Data name="@id"><value>node/3667641887</value></Data><Data name="wheelchair"><value>limited</value></Data><Data name="fee"><value>no</value></Data><Data name="access"><value>yes</value></Data><Data name="amenity"><value>shower</value></Data></ExtendedData><Point><coordinates>-1.8168564,50.7208498</coordinates></Point></Placemark><Placemark><ExtendedData><Data name="@id"><value>node/3677734766</value></Data><Data name="access"><value>customers</value></Data><Data name="amenity"><value>shower</value></Data><Data name="fee"><value>no</value></Data></ExtendedData><Point><coordinates>-7.3701211,57.4256596</coordinates></Point></Placemark><Placemark><ExtendedData><Data name="@id"><value>node/3677734767</value></Data><Data name="access"><value>customers</value></Data><Data name="amenity"><value>shower</value></Data><Data name="fee"><value>no</value></Data></ExtendedData><Point><coordinates>-7.3703152,57.4256902</coordinates></Point></Placemark><Placemark><ExtendedData><Data name="@id"><value>node/3726522147</value></Data><Data name="amenity"><value>shower</value></Data></ExtendedData><Point><coordinates>-3.893915,53.2809862</coordinates></Point></Placemark><Placemark><ExtendedData><Data name="@id"><value>node/3731044753</value></Data><Data name="access"><value>yes</value></Data><Data name="amenity"><value>shower</value></Data><Data name="fee"><value>no</value></Data><Data name="hot_water"><value>no</value></Data><Data name="location"><value>outdoor</value></Data></ExtendedData><Point><coordinates>0.4624038,50.8361278</coordinates></Point></Placemark><Placemark><ExtendedData><Data name="@id"><value>node/3731123906</value></Data><Data name="amenity"><value>shower</value></Data></ExtendedData><Point><coordinates>-4.0660248,52.7315759</coordinates></Point></Placemark><Placemark><ExtendedData><Data name="@id"><value>node/3731123939</value></Data><Data name="amenity"><value>shower</value></Data><Data name="female"><value>yes</value></Data><Data name="male"><value>no</value></Data></ExtendedData><Point><coordinates>-4.0666265,52.731966</coordinates></Point></Placemark><Placemark><ExtendedData><Data name="@id"><value>node/3731123949</value></Data><Data name="amenity"><value>shower</value></Data><Data name="female"><value>no</value></Data><Data name="male"><value>yes</value></Data></ExtendedData><Point><coordinates>-4.0666849,52.7320609</coordinates></Point></Placemark><Placemark><ExtendedData><Data name="@id"><value>node/3774000832</value></Data><Data name="amenity"><value>shower</value></Data></ExtendedData><Point><coordinates>-3.9850995,53.1240192</coordinates></Point></Placemark><Placemark><description>Womens shower</description><ExtendedData><Data name="@id"><value>node/3782214168</value></Data><Data name="access"><value>customers</value></Data><Data name="amenity"><value>shower</value></Data><Data name="description"><value>Womens shower</value></Data></ExtendedData><Point><coordinates>-3.3230426,55.0443739</coordinates></Point></Placemark><Placemark><description>Mens shower</description><ExtendedData><Data name="@id"><value>node/3782214189</value></Data><Data name="access"><value>customers</value></Data><Data name="amenity"><value>shower</value></Data><Data name="description"><value>Mens shower</value></Data></ExtendedData><Point><coordinates>-3.3232784,55.0444954</coordinates></Point></Placemark><Placemark><ExtendedData><Data name="@id"><value>node/3792908533</value></Data><Data name="access"><value>customers</value></Data><Data name="amenity"><value>shower</value></Data><Data name="wheelchair"><value>yes</value></Data></ExtendedData><Point><coordinates>-3.3532567,54.9750258</coordinates></Point></Placemark><Placemark><ExtendedData><Data name="@id"><value>node/3824268165</value></Data><Data name="amenity"><value>shower</value></Data></ExtendedData><Point><coordinates>-2.0687389,52.4114368</coordinates></Point></Placemark><Placemark><ExtendedData><Data name="@id"><value>node/3914428956</value></Data><Data name="access"><value>customers</value></Data><Data name="amenity"><value>shower</value></Data><Data name="operator"><value>Scottish Canals</value></Data></ExtendedData><Point><coordinates>-3.7565244,56.019684</coordinates></Point></Placemark><Placemark><ExtendedData><Data name="@id"><value>node/4055643985</value></Data><Data name="access"><value>private</value></Data><Data name="amenity"><value>shower</value></Data><Data name="female"><value>yes</value></Data><Data name="male"><value>yes</value></Data><Data name="opening_hours"><value>24/7</value></Data></ExtendedData><Point><coordinates>-0.0364541,51.5104756</coordinates></Point></Placemark><Placemark><ExtendedData><Data name="@id"><value>node/4163854436</value></Data><Data name="access"><value>customers</value></Data><Data name="amenity"><value>shower</value></Data></ExtendedData><Point><coordinates>-4.0979508,57.4203081</coordinates></Point></Placemark><Placemark><ExtendedData><Data name="@id"><value>node/4191793006</value></Data><Data name="amenity"><value>shower</value></Data></ExtendedData><Point><coordinates>0.7858331,51.8594437</coordinates></Point></Placemark><Placemark><name>The Shower Block</name><ExtendedData><Data name="@id"><value>node/4195733820</value></Data><Data name="amenity"><value>shower</value></Data><Data name="name"><value>The Shower Block</value></Data></ExtendedData><Point><coordinates>-1.0829285,51.5551062</coordinates></Point></Placemark><Placemark><name>Etruria Shower</name><ExtendedData><Data name="@id"><value>node/4299916280</value></Data><Data name="access"><value>customers</value></Data><Data name="amenity"><value>shower</value></Data><Data name="centralkey"><value>crt_watermate</value></Data><Data name="name"><value>Etruria Shower</value></Data><Data name="operator"><value>Canal and River Trust</value></Data></ExtendedData><Point><coordinates>-2.1927781,53.0193751</coordinates></Point></Placemark><Placemark><name>Park Lane Bridge Shower</name><ExtendedData><Data name="@id"><value>node/4303785909</value></Data><Data name="access"><value>customers</value></Data><Data name="amenity"><value>shower</value></Data><Data name="centralkey"><value>crt_watermate</value></Data><Data name="name"><value>Park Lane Bridge Shower</value></Data><Data name="operator"><value>Canal and River Trust</value></Data></ExtendedData><Point><coordinates>-2.1014376,53.0794063</coordinates></Point></Placemark><Placemark><ExtendedData><Data name="@id"><value>node/4341358664</value></Data><Data name="amenity"><value>shower</value></Data></ExtendedData><Point><coordinates>-6.0541052,55.075502</coordinates></Point></Placemark><Placemark><ExtendedData><Data name="@id"><value>node/4357285241</value></Data><Data name="access"><value>permissive</value></Data><Data name="amenity"><value>shower</value></Data><Data name="fee"><value>no</value></Data><Data name="hot_water"><value>yes</value></Data><Data name="male"><value>yes</value></Data><Data name="shower"><value>hot</value></Data></ExtendedData><Point><coordinates>-5.0756612,56.8043604</coordinates></Point></Placemark><Placemark><ExtendedData><Data name="@id"><value>node/4357285242</value></Data><Data name="access"><value>permissive</value></Data><Data name="amenity"><value>shower</value></Data><Data name="fee"><value>no</value></Data><Data name="female"><value>yes</value></Data><Data name="hot_water"><value>yes</value></Data><Data name="shower"><value>hot</value></Data></ExtendedData><Point><coordinates>-5.0755869,56.8043966</coordinates></Point></Placemark><Placemark><ExtendedData><Data name="@id"><value>node/4376503054</value></Data><Data name="access"><value>customers</value></Data><Data name="amenity"><value>shower</value></Data><Data name="unisex"><value>yes</value></Data></ExtendedData><Point><coordinates>-0.315956,51.708879</coordinates></Point></Placemark><Placemark><ExtendedData><Data name="@id"><value>node/4422768280</value></Data><Data name="access"><value>private</value></Data><Data name="amenity"><value>shower</value></Data></ExtendedData><Point><coordinates>-4.7250129,55.9423824</coordinates></Point></Placemark><Placemark><ExtendedData><Data name="@id"><value>node/4538368766</value></Data><Data name="access"><value>customers</value></Data><Data name="amenity"><value>shower</value></Data><Data name="fee"><value>no</value></Data><Data name="wheelchair"><value>yes</value></Data></ExtendedData><Point><coordinates>-6.3658479,54.4888981</coordinates></Point></Placemark><Placemark><ExtendedData><Data name="@id"><value>node/4644853117</value></Data><Data name="amenity"><value>shower</value></Data></ExtendedData><Point><coordinates>-1.2790598,50.724411</coordinates></Point></Placemark><Placemark><ExtendedData><Data name="@id"><value>node/4743959343</value></Data><Data name="access"><value>customers</value></Data><Data name="amenity"><value>shower</value></Data><Data name="male"><value>no</value></Data></ExtendedData><Point><coordinates>-2.4008332,54.9952747</coordinates></Point></Placemark><Placemark><ExtendedData><Data name="@id"><value>node/4743959344</value></Data><Data name="access"><value>customers</value></Data><Data name="amenity"><value>shower</value></Data><Data name="male"><value>yes</value></Data></ExtendedData><Point><coordinates>-2.4008748,54.9950978</coordinates></Point></Placemark><Placemark><ExtendedData><Data name="@id"><value>node/4793814992</value></Data><Data name="amenity"><value>shower</value></Data></ExtendedData><Point><coordinates>-3.4347877,55.9120605</coordinates></Point></Placemark><Placemark><ExtendedData><Data name="@id"><value>node/4889485654</value></Data><Data name="access"><value>private</value></Data><Data name="amenity"><value>shower</value></Data></ExtendedData><Point><coordinates>-5.1061993,56.6865621</coordinates></Point></Placemark><Placemark><ExtendedData><Data name="@id"><value>node/4897944736</value></Data><Data name="amenity"><value>shower</value></Data></ExtendedData><Point><coordinates>-3.1368898,55.6457376</coordinates></Point></Placemark><Placemark><ExtendedData><Data name="@id"><value>node/4926552142</value></Data><Data name="access"><value>customers</value></Data><Data name="amenity"><value>shower</value></Data></ExtendedData><Point><coordinates>-1.708822,53.2462167</coordinates></Point></Placemark><Placemark><ExtendedData><Data name="@id"><value>node/4977169317</value></Data><Data name="level"><value>0</value></Data><Data name="access"><value>yes</value></Data><Data name="amenity"><value>shower</value></Data><Data name="fee"><value>yes</value></Data></ExtendedData><Point><coordinates>-5.1061026,56.8205257</coordinates></Point></Placemark><Placemark><ExtendedData><Data name="@id"><value>node/4992798621</value></Data><Data name="amenity"><value>shower</value></Data><Data name="fee"><value>no</value></Data><Data name="unisex"><value>yes</value></Data></ExtendedData><Point><coordinates>-7.4459552,57.0535277</coordinates></Point></Placemark><Placemark><ExtendedData><Data name="@id"><value>node/5000603899</value></Data><Data name="amenity"><value>shower</value></Data><Data name="fee"><value>yes</value></Data></ExtendedData><Point><coordinates>-6.3546437,57.3026106</coordinates></Point></Placemark><Placemark><ExtendedData><Data name="@id"><value>node/5027076523</value></Data><Data name="amenity"><value>shower</value></Data></ExtendedData><Point><coordinates>-6.2741884,57.00986</coordinates></Point></Placemark><Placemark><ExtendedData><Data name="@id"><value>node/5045055520</value></Data><Data name="amenity"><value>shower</value></Data><Data name="hot_water"><value>no</value></Data></ExtendedData><Point><coordinates>-0.6664936,50.7829207</coordinates></Point></Placemark><Placemark><ExtendedData><Data name="@id"><value>node/5065103169</value></Data><Data name="access"><value>customers</value></Data><Data name="amenity"><value>shower</value></Data><Data name="changing_table"><value>no</value></Data><Data name="fee"><value>no</value></Data><Data name="female"><value>yes</value></Data></ExtendedData><Point><coordinates>1.3032329,51.3303264</coordinates></Point></Placemark><Placemark><ExtendedData><Data name="@id"><value>node/5103149130</value></Data><Data name="payment:credit_cards"><value>yes</value></Data><Data name="amenity"><value>shower</value></Data><Data name="fee"><value>yes</value></Data><Data name="payment:cash"><value>no</value></Data></ExtendedData><Point><coordinates>-5.1615014,57.8956678</coordinates></Point></Placemark><Placemark><ExtendedData><Data name="@id"><value>node/5105424525</value></Data><Data name="amenity"><value>shower</value></Data></ExtendedData><Point><coordinates>-5.1203479,54.8425248</coordinates></Point></Placemark><Placemark><ExtendedData><Data name="@id"><value>node/5105424528</value></Data><Data name="amenity"><value>shower</value></Data></ExtendedData><Point><coordinates>-6.2847171,57.2017862</coordinates></Point></Placemark><Placemark><ExtendedData><Data name="@id"><value>node/5111691988</value></Data><Data name="access"><value>yes</value></Data><Data name="amenity"><value>shower</value></Data><Data name="fee"><value>no</value></Data><Data name="supervised"><value>no</value></Data></ExtendedData><Point><coordinates>-0.6741705,50.7817674</coordinates></Point></Placemark><Placemark><ExtendedData><Data name="@id"><value>node/5140060741</value></Data><Data name="amenity"><value>shower</value></Data></ExtendedData><Point><coordinates>0.044836,51.4279965</coordinates></Point></Placemark><Placemark><ExtendedData><Data name="@id"><value>node/5141756266</value></Data><Data name="amenity"><value>shower</value></Data><Data name="fee"><value>yes</value></Data><Data name="fee:amount"><value>£1 for 7.5 minutes. £1 coins only</value></Data><Data name="payment:coins"><value>yes</value></Data></ExtendedData><Point><coordinates>-7.1698407,57.7144308</coordinates></Point></Placemark><Placemark><ExtendedData><Data name="@id"><value>node/5164561827</value></Data><Data name="amenity"><value>shower</value></Data><Data name="seamark:small_craft_facility:category"><value>showers</value></Data><Data name="seamark:type"><value>small_craft_facility</value></Data></ExtendedData><Point><coordinates>-7.2960041,57.1491214</coordinates></Point></Placemark><Placemark><name>Welcome Break Free Shower</name><ExtendedData><Data name="@id"><value>node/5445219121</value></Data><Data name="amenity"><value>shower</value></Data><Data name="name"><value>Welcome Break Free Shower</value></Data></ExtendedData><Point><coordinates>-0.4054145,51.3042926</coordinates></Point></Placemark><Placemark><name>Welcome break</name><ExtendedData><Data name="@id"><value>node/5445231621</value></Data><Data name="amenity"><value>shower</value></Data><Data name="name"><value>Welcome break</value></Data><Data name="opening_hours"><value>24/7</value></Data></ExtendedData><Point><coordinates>-0.4055574,51.3041197</coordinates></Point></Placemark><Placemark><ExtendedData><Data name="@id"><value>node/5663067790</value></Data><Data name="amenity"><value>shower</value></Data></ExtendedData><Point><coordinates>-5.1276974,50.3856468</coordinates></Point></Placemark><Placemark><ExtendedData><Data name="@id"><value>node/5663067800</value></Data><Data name="amenity"><value>shower</value></Data></ExtendedData><Point><coordinates>-5.130956,50.3864357</coordinates></Point></Placemark><Placemark><ExtendedData><Data name="@id"><value>node/5663067806</value></Data><Data name="amenity"><value>shower</value></Data></ExtendedData><Point><coordinates>-5.1265339,50.3856817</coordinates></Point></Placemark><Placemark><ExtendedData><Data name="@id"><value>node/5773831662</value></Data><Data name="amenity"><value>shower</value></Data><Data name="fee"><value>no</value></Data><Data name="supervised"><value>no</value></Data></ExtendedData><Point><coordinates>-4.0482207,52.4790348</coordinates></Point></Placemark><Placemark><ExtendedData><Data name="@id"><value>node/5783772040</value></Data><Data name="access"><value>yes</value></Data><Data name="amenity"><value>shower</value></Data><Data name="female"><value>yes</value></Data><Data name="male"><value>yes</value></Data></ExtendedData><Point><coordinates>-7.0254216,58.1846517</coordinates></Point></Placemark><Placemark><ExtendedData><Data name="@id"><value>node/5842619335</value></Data><Data name="wheelchair"><value>yes</value></Data><Data name="amenity"><value>shower</value></Data><Data name="covered"><value>yes</value></Data><Data name="fee"><value>no</value></Data><Data name="hot_water"><value>yes</value></Data><Data name="location"><value>outdoor</value></Data><Data name="operator"><value>London Fields Lido</value></Data><Data name="supervised"><value>no</value></Data><Data name="unisex"><value>yes</value></Data></ExtendedData><Point><coordinates>-0.061382,51.5427526</coordinates></Point></Placemark><Placemark><ExtendedData><Data name="@id"><value>node/5842619336</value></Data><Data name="wheelchair"><value>yes</value></Data><Data name="amenity"><value>shower</value></Data><Data name="covered"><value>yes</value></Data><Data name="fee"><value>no</value></Data><Data name="hot_water"><value>yes</value></Data><Data name="location"><value>outdoor</value></Data><Data name="operator"><value>London Fields Lido</value></Data><Data name="supervised"><value>no</value></Data><Data name="unisex"><value>yes</value></Data></ExtendedData><Point><coordinates>-0.0618292,51.5428116</coordinates></Point></Placemark><Placemark><ExtendedData><Data name="@id"><value>node/5852151105</value></Data><Data name="access"><value>customers</value></Data><Data name="amenity"><value>shower</value></Data></ExtendedData><Point><coordinates>-0.5105027,51.6653839</coordinates></Point></Placemark><Placemark><ExtendedData><Data name="@id"><value>node/5852151147</value></Data><Data name="access"><value>customers</value></Data><Data name="amenity"><value>shower</value></Data></ExtendedData><Point><coordinates>-0.5104733,51.6646724</coordinates></Point></Placemark><Placemark><ExtendedData><Data name="@id"><value>node/5926549489</value></Data><Data name="access"><value>yes</value></Data><Data name="amenity"><value>shower</value></Data><Data name="fee"><value>no</value></Data><Data name="supervised"><value>yes</value></Data></ExtendedData><Point><coordinates>1.1401474,51.9759343</coordinates></Point></Placemark><Placemark><ExtendedData><Data name="@id"><value>node/6002821586</value></Data><Data name="amenity"><value>shower</value></Data></ExtendedData><Point><coordinates>-5.4654448,50.1310873</coordinates></Point></Placemark><Placemark><ExtendedData><Data name="@id"><value>node/6226873599</value></Data><Data name="access"><value>customers</value></Data><Data name="amenity"><value>shower</value></Data></ExtendedData><Point><coordinates>-3.0987408,54.4433621</coordinates></Point></Placemark><Placemark><ExtendedData><Data name="@id"><value>node/6226873617</value></Data><Data name="access"><value>customers</value></Data><Data name="amenity"><value>shower</value></Data></ExtendedData><Point><coordinates>-3.0999389,54.4423222</coordinates></Point></Placemark><Placemark><ExtendedData><Data name="@id"><value>node/6286497431</value></Data><Data name="access"><value>customers</value></Data><Data name="amenity"><value>shower</value></Data><Data name="operator"><value>Brownhill Holiday Park</value></Data></ExtendedData><Point><coordinates>-4.3478718,52.1707901</coordinates></Point></Placemark><Placemark><ExtendedData><Data name="@id"><value>node/6398467913</value></Data><Data name="amenity"><value>shower</value></Data></ExtendedData><Point><coordinates>-7.5731549,54.2299014</coordinates></Point></Placemark><Placemark><ExtendedData><Data name="@id"><value>node/6398472038</value></Data><Data name="amenity"><value>shower</value></Data></ExtendedData><Point><coordinates>-7.5732794,54.229981</coordinates></Point></Placemark><Placemark><ExtendedData><Data name="@id"><value>node/6430901060</value></Data><Data name="amenity"><value>shower</value></Data></ExtendedData><Point><coordinates>-1.6967182,54.3964656</coordinates></Point></Placemark><Placemark><description>Showers for men who's boats are docked</description><ExtendedData><Data name="@id"><value>node/6433179416</value></Data><Data name="access"><value>permit</value></Data><Data name="amenity"><value>shower</value></Data><Data name="description"><value>Showers for men who's boats are docked</value></Data><Data name="gender"><value>male</value></Data><Data name="seamark:small_craft_facility:category"><value>showers</value></Data></ExtendedData><Point><coordinates>-6.0679962,56.6201025</coordinates></Point></Placemark><Placemark><ExtendedData><Data name="@id"><value>node/6451621191</value></Data><Data name="access"><value>yes</value></Data><Data name="amenity"><value>shower</value></Data><Data name="fee"><value>yes</value></Data><Data name="payment:coins"><value>yes</value></Data><Data name="supervised"><value>no</value></Data></ExtendedData><Point><coordinates>-6.7983632,56.5078543</coordinates></Point></Placemark><Placemark><ExtendedData><Data name="@id"><value>node/6451921067</value></Data><Data name="access"><value>customers</value></Data><Data name="amenity"><value>shower</value></Data><Data name="fee"><value>no</value></Data><Data name="supervised"><value>no</value></Data><Data name="unisex"><value>yes</value></Data><Data name="wheelchair"><value>no</value></Data></ExtendedData><Point><coordinates>-6.9218852,56.4776211</coordinates></Point></Placemark><Placemark><ExtendedData><Data name="@id"><value>node/6484326182</value></Data><Data name="access"><value>customers</value></Data><Data name="amenity"><value>shower</value></Data></ExtendedData><Point><coordinates>-4.6354309,52.0919688</coordinates></Point></Placemark><Placemark><ExtendedData><Data name="@id"><value>node/6516202090</value></Data><Data name="access"><value>yes</value></Data><Data name="amenity"><value>shower</value></Data><Data name="fee"><value>no</value></Data><Data name="location"><value>outdoor</value></Data><Data name="supervised"><value>no</value></Data><Data name="unisex"><value>yes</value></Data><Data name="wheelchair"><value>no</value></Data></ExtendedData><Point><coordinates>-2.8660679,51.4366308</coordinates></Point></Placemark><Placemark><ExtendedData><Data name="@id"><value>node/6525067286</value></Data><Data name="amenity"><value>shower</value></Data></ExtendedData><Point><coordinates>-6.9799241,57.8631509</coordinates></Point></Placemark><Placemark><name>Jubilee House</name><ExtendedData><Data name="@id"><value>node/6537589680</value></Data><Data name="amenity"><value>shower</value></Data><Data name="name"><value>Jubilee House</value></Data></ExtendedData><Point><coordinates>-0.1758213,51.1596154</coordinates></Point></Placemark><Placemark><name>Service Tunnel</name><ExtendedData><Data name="@id"><value>node/6537589755</value></Data><Data name="amenity"><value>shower</value></Data><Data name="name"><value>Service Tunnel</value></Data></ExtendedData><Point><coordinates>-0.1626704,51.1570481</coordinates></Point></Placemark><Placemark><name>Atlantic House</name><ExtendedData><Data name="@id"><value>node/6537589757</value></Data><Data name="amenity"><value>shower</value></Data><Data name="name"><value>Atlantic House</value></Data></ExtendedData><Point><coordinates>-0.1649437,51.1590196</coordinates></Point></Placemark><Placemark><name>Departure Lounge, Lower Level</name><ExtendedData><Data name="@id"><value>node/6538072969</value></Data><Data name="amenity"><value>shower</value></Data><Data name="name"><value>Departure Lounge, Lower Level</value></Data></ExtendedData><Point><coordinates>-0.1623686,51.1557496</coordinates></Point></Placemark><Placemark><ExtendedData><Data name="@id"><value>node/6565180978</value></Data><Data name="amenity"><value>shower</value></Data></ExtendedData><Point><coordinates>-3.8735058,53.1272818</coordinates></Point></Placemark><Placemark><ExtendedData><Data name="@id"><value>node/6567422280</value></Data><Data name="amenity"><value>shower</value></Data></ExtendedData><Point><coordinates>-3.4622073,51.207106</coordinates></Point></Placemark><Placemark><ExtendedData><Data name="@id"><value>node/6568014874</value></Data><Data name="amenity"><value>shower</value></Data></ExtendedData><Point><coordinates>-5.091577,51.7728367</coordinates></Point></Placemark><Placemark><ExtendedData><Data name="@id"><value>node/6628693139</value></Data><Data name="access"><value>yes</value></Data><Data name="amenity"><value>shower</value></Data></ExtendedData><Point><coordinates>-1.04587,60.1498588</coordinates></Point></Placemark><Placemark><ExtendedData><Data name="@id"><value>node/6640422022</value></Data><Data name="amenity"><value>shower</value></Data></ExtendedData><Point><coordinates>-0.156424,51.5635317</coordinates></Point></Placemark><Placemark><ExtendedData><Data name="@id"><value>node/6675357925</value></Data><Data name="amenity"><value>shower</value></Data></ExtendedData><Point><coordinates>-0.5890816,52.4956121</coordinates></Point></Placemark><Placemark><name>Outdoor foot and body shower</name><ExtendedData><Data name="@id"><value>node/6676096682</value></Data><Data name="amenity"><value>shower</value></Data><Data name="name"><value>Outdoor foot and body shower</value></Data></ExtendedData><Point><coordinates>-3.7234092,51.4888683</coordinates></Point></Placemark><Placemark><ExtendedData><Data name="@id"><value>node/6702456140</value></Data><Data name="amenity"><value>shower</value></Data><Data name="fee"><value>yes</value></Data><Data name="hot_water"><value>yes</value></Data><Data name="opening_hours"><value>24/7</value></Data><Data name="supervised"><value>no</value></Data></ExtendedData><Point><coordinates>-7.5362572,56.9271775</coordinates></Point></Placemark><Placemark><ExtendedData><Data name="@id"><value>node/6790696573</value></Data><Data name="amenity"><value>shower</value></Data></ExtendedData><Point><coordinates>-3.931836,51.6428524</coordinates></Point></Placemark><Placemark><ExtendedData><Data name="@id"><value>node/6807930289</value></Data><Data name="amenity"><value>shower</value></Data></ExtendedData><Point><coordinates>-6.3693552,55.2437333</coordinates></Point></Placemark><Placemark><name>Campsite shower</name><ExtendedData><Data name="@id"><value>node/6875224077</value></Data><Data name="access"><value>customers</value></Data><Data name="amenity"><value>shower</value></Data><Data name="fee"><value>yes</value></Data><Data name="name"><value>Campsite shower</value></Data><Data name="opening_hours"><value>24/7</value></Data><Data name="operator"><value>Wasdale Head Hotel</value></Data><Data name="unisex"><value>yes</value></Data></ExtendedData><Point><coordinates>-3.256999,54.4677267</coordinates></Point></Placemark><Placemark><ExtendedData><Data name="@id"><value>node/6964241089</value></Data><Data name="amenity"><value>shower</value></Data><Data name="changing_table"><value>yes</value></Data><Data name="changing_table:count"><value>1</value></Data><Data name="changing_table:fee"><value>no</value></Data><Data name="changing_table:location"><value>room</value></Data><Data name="unisex"><value>yes</value></Data></ExtendedData><Point><coordinates>0.4487675,51.0727846</coordinates></Point></Placemark><Placemark><ExtendedData><Data name="@id"><value>node/6964241090</value></Data><Data name="amenity"><value>shower</value></Data><Data name="changing_table"><value>yes</value></Data><Data name="changing_table:count"><value>1</value></Data><Data name="changing_table:fee"><value>no</value></Data><Data name="changing_table:location"><value>room</value></Data><Data name="unisex"><value>yes</value></Data></ExtendedData><Point><coordinates>0.4487657,51.0727903</coordinates></Point></Placemark><Placemark><ExtendedData><Data name="@id"><value>node/6982386986</value></Data><Data name="amenity"><value>shower</value></Data><Data name="survey:date"><value>2019-11-16</value></Data></ExtendedData><Point><coordinates>-3.138829,55.6470953</coordinates></Point></Placemark><Placemark><ExtendedData><Data name="@id"><value>node/7008785393</value></Data><Data name="access"><value>private</value></Data><Data name="amenity"><value>shower</value></Data><Data name="fee"><value>no</value></Data><Data name="hot_water"><value>yes</value></Data><Data name="level"><value>-1</value></Data></ExtendedData><Point><coordinates>-0.9663917,51.4579626</coordinates></Point></Placemark><Placemark><ExtendedData><Data name="@id"><value>node/7042442384</value></Data><Data name="access"><value>customers</value></Data><Data name="amenity"><value>shower</value></Data></ExtendedData><Point><coordinates>-1.7245464,54.2036656</coordinates></Point></Placemark><Placemark><name>Surf school</name><description>3 overhead showers where everyone can see you, charged 1 pound every minute</description><ExtendedData><Data name="@id"><value>node/7242739985</value></Data><Data name="amenity"><value>shower</value></Data><Data name="description"><value>3 overhead showers where everyone can see you, charged 1 pound every minute</value></Data><Data name="name"><value>Surf school</value></Data><Data name="payment:coins"><value>only</value></Data></ExtendedData><Point><coordinates>-2.5431159,56.0002524</coordinates></Point></Placemark><Placemark><ExtendedData><Data name="@id"><value>node/7253486487</value></Data><Data name="amenity"><value>shower</value></Data></ExtendedData><Point><coordinates>-3.2862309,56.0547273</coordinates></Point></Placemark><Placemark><ExtendedData><Data name="@id"><value>node/7325193050</value></Data><Data name="amenity"><value>shower</value></Data><Data name="fee"><value>yes</value></Data></ExtendedData><Point><coordinates>-5.8209476,56.8300417</coordinates></Point></Placemark><Placemark><description>2 outside showers visible by the public</description><ExtendedData><Data name="@id"><value>node/7371964413</value></Data><Data name="access"><value>yes</value></Data><Data name="amenity"><value>shower</value></Data><Data name="description"><value>2 outside showers visible by the public</value></Data><Data name="fee"><value>no</value></Data></ExtendedData><Point><coordinates>-1.499452,55.1096277</coordinates></Point></Placemark><Placemark><ExtendedData><Data name="@id"><value>node/7473381213</value></Data><Data name="amenity"><value>shower</value></Data></ExtendedData><Point><coordinates>0.4378906,50.9236068</coordinates></Point></Placemark><Placemark><ExtendedData><Data name="@id"><value>node/7473381214</value></Data><Data name="amenity"><value>shower</value></Data></ExtendedData><Point><coordinates>0.4378706,50.923593</coordinates></Point></Placemark><Placemark><ExtendedData><Data name="@id"><value>node/7522042685</value></Data><Data name="amenity"><value>shower</value></Data></ExtendedData><Point><coordinates>-4.8389339,56.6505059</coordinates></Point></Placemark><Placemark><ExtendedData><Data name="@id"><value>node/7563755966</value></Data><Data name="check_date"><value>2022-08-03</value></Data><Data name="access"><value>yes</value></Data><Data name="amenity"><value>shower</value></Data><Data name="fee"><value>no</value></Data></ExtendedData><Point><coordinates>-1.9577127,50.6109775</coordinates></Point></Placemark><Placemark><ExtendedData><Data name="@id"><value>node/7726526402</value></Data><Data name="amenity"><value>shower</value></Data></ExtendedData><Point><coordinates>0.3097317,53.1606076</coordinates></Point></Placemark><Placemark><ExtendedData><Data name="@id"><value>node/7728808861</value></Data><Data name="access"><value>customers</value></Data><Data name="amenity"><value>shower</value></Data><Data name="fee"><value>yes</value></Data><Data name="hot_water"><value>yes</value></Data><Data name="operator"><value>Alltycoed Campsite</value></Data><Data name="supervised"><value>no</value></Data><Data name="wheelchair"><value>yes</value></Data></ExtendedData><Point><coordinates>-4.7255204,52.1108573</coordinates></Point></Placemark><Placemark><ExtendedData><Data name="@id"><value>node/7737450238</value></Data><Data name="amenity"><value>shower</value></Data></ExtendedData><Point><coordinates>-1.7279358,50.7333017</coordinates></Point></Placemark><Placemark><ExtendedData><Data name="@id"><value>node/7747799821</value></Data><Data name="amenity"><value>shower</value></Data></ExtendedData><Point><coordinates>-4.2368373,51.1368737</coordinates></Point></Placemark><Placemark><ExtendedData><Data name="@id"><value>node/7747799868</value></Data><Data name="amenity"><value>shower</value></Data></ExtendedData><Point><coordinates>-4.2363491,51.1355994</coordinates></Point></Placemark><Placemark><ExtendedData><Data name="@id"><value>node/7750327728</value></Data><Data name="amenity"><value>shower</value></Data></ExtendedData><Point><coordinates>-5.0231811,50.4244723</coordinates></Point></Placemark><Placemark><ExtendedData><Data name="@id"><value>node/7775712574</value></Data><Data name="amenity"><value>shower</value></Data><Data name="wikimedia_commons"><value>File:Outdoor Shower, Barton on Sea, Hampshire, UK.jpg</value></Data></ExtendedData><Point><coordinates>-1.6584478,50.7348346</coordinates></Point></Placemark><Placemark><ExtendedData><Data name="@id"><value>node/7784598876</value></Data><Data name="access"><value>emergency</value></Data><Data name="amenity"><value>shower</value></Data></ExtendedData><Point><coordinates>-3.236682,57.4414153</coordinates></Point></Placemark><Placemark><ExtendedData><Data name="@id"><value>node/7801372870</value></Data><Data name="access"><value>yes</value></Data><Data name="amenity"><value>shower</value></Data><Data name="fee"><value>no</value></Data></ExtendedData><Point><coordinates>-3.4130986,50.6151714</coordinates></Point></Placemark><Placemark><ExtendedData><Data name="@id"><value>node/7840825378</value></Data><Data name="amenity"><value>shower</value></Data><Data name="fee"><value>no</value></Data><Data name="location"><value>outdoor</value></Data><Data name="unisex"><value>yes</value></Data></ExtendedData><Point><coordinates>-2.4533006,50.6124585</coordinates></Point></Placemark><Placemark><ExtendedData><Data name="@id"><value>node/7850631305</value></Data><Data name="access"><value>customers</value></Data><Data name="amenity"><value>shower</value></Data><Data name="hot_water"><value>yes</value></Data><Data name="supervised"><value>no</value></Data></ExtendedData><Point><coordinates>-3.822188,55.5831037</coordinates></Point></Placemark><Placemark><ExtendedData><Data name="@id"><value>node/7869382951</value></Data><Data name="opening_hours:covid19"><value>open</value></Data><Data name="access"><value>customers</value></Data><Data name="amenity"><value>shower</value></Data><Data name="fee"><value>no</value></Data><Data name="hot_water"><value>yes</value></Data><Data name="opening_hours"><value>Mon-Sun Open 24/7. (Closed 12-14 for cleaning)</value></Data><Data name="supervised"><value>no</value></Data><Data name="wheelchair"><value>yes</value></Data></ExtendedData><Point><coordinates>-2.7910234,53.9047445</coordinates></Point></Placemark><Placemark><ExtendedData><Data name="@id"><value>node/7931941493</value></Data><Data name="opening_hours:covid19"><value>same</value></Data><Data name="access"><value>yes</value></Data><Data name="amenity"><value>shower</value></Data><Data name="fee"><value>no</value></Data><Data name="hot_water"><value>no</value></Data><Data name="opening_hours"><value>24/7</value></Data><Data name="supervised"><value>no</value></Data><Data name="wheelchair"><value>limited</value></Data></ExtendedData><Point><coordinates>-2.4531274,50.6122497</coordinates></Point></Placemark><Placemark><ExtendedData><Data name="@id"><value>node/7940158525</value></Data><Data name="access"><value>customers</value></Data><Data name="amenity"><value>shower</value></Data><Data name="hot_water"><value>yes</value></Data><Data name="opening_hours:covid19"><value>closed</value></Data><Data name="supervised"><value>no</value></Data></ExtendedData><Point><coordinates>-3.7217803,51.4894374</coordinates></Point></Placemark><Placemark><ExtendedData><Data name="@id"><value>node/7940158529</value></Data><Data name="access"><value>customers</value></Data><Data name="supervised"><value>no</value></Data><Data name="hot_water"><value>yes</value></Data><Data name="amenity"><value>shower</value></Data><Data name="opening_hours:covid19"><value>closed</value></Data></ExtendedData><Point><coordinates>-3.721758,51.4894084</coordinates></Point></Placemark><Placemark><ExtendedData><Data name="@id"><value>node/8121291229</value></Data><Data name="amenity"><value>shower</value></Data></ExtendedData><Point><coordinates>-0.1845058,50.8252361</coordinates></Point></Placemark><Placemark><ExtendedData><Data name="@id"><value>node/8124483434</value></Data><Data name="access"><value>customers</value></Data><Data name="amenity"><value>shower</value></Data></ExtendedData><Point><coordinates>-4.7438126,56.2060307</coordinates></Point></Placemark><Placemark><ExtendedData><Data name="@id"><value>node/8189761421</value></Data><Data name="access"><value>yes</value></Data><Data name="amenity"><value>shower</value></Data></ExtendedData><Point><coordinates>-1.5740747,53.7598513</coordinates></Point></Placemark><Placemark><ExtendedData><Data name="@id"><value>node/8195998064</value></Data><Data name="access"><value>customers</value></Data><Data name="amenity"><value>shower</value></Data><Data name="hot_water"><value>yes</value></Data><Data name="level"><value>1</value></Data></ExtendedData><Point><coordinates>0.5221405,51.8528204</coordinates></Point></Placemark><Placemark><ExtendedData><Data name="@id"><value>node/8524666394</value></Data><Data name="amenity"><value>shower</value></Data></ExtendedData><Point><coordinates>-5.2115427,56.0339408</coordinates></Point></Placemark><Placemark><ExtendedData><Data name="@id"><value>node/8524668996</value></Data><Data name="amenity"><value>shower</value></Data></ExtendedData><Point><coordinates>-5.4852888,55.581068</coordinates></Point></Placemark><Placemark><ExtendedData><Data name="@id"><value>node/8658510017</value></Data><Data name="amenity"><value>shower</value></Data></ExtendedData><Point><coordinates>-1.21688,50.8108095</coordinates></Point></Placemark><Placemark><ExtendedData><Data name="@id"><value>node/8712545874</value></Data><Data name="amenity"><value>shower</value></Data></ExtendedData><Point><coordinates>0.7484664,52.4130758</coordinates></Point></Placemark><Placemark><ExtendedData><Data name="@id"><value>node/8736056044</value></Data><Data name="access"><value>customers</value></Data><Data name="amenity"><value>shower</value></Data><Data name="fee"><value>no</value></Data></ExtendedData><Point><coordinates>-1.4712148,53.7723926</coordinates></Point></Placemark><Placemark><ExtendedData><Data name="@id"><value>node/8767668621</value></Data><Data name="amenity"><value>shower</value></Data></ExtendedData><Point><coordinates>1.0457422,52.4703942</coordinates></Point></Placemark><Placemark><ExtendedData><Data name="@id"><value>node/8830140683</value></Data><Data name="access"><value>customers</value></Data><Data name="amenity"><value>shower</value></Data></ExtendedData><Point><coordinates>-0.0367217,51.8114889</coordinates></Point></Placemark><Placemark><ExtendedData><Data name="@id"><value>node/8843064193</value></Data><Data name="access"><value>customers</value></Data><Data name="amenity"><value>shower</value></Data></ExtendedData><Point><coordinates>-0.3314862,54.2330795</coordinates></Point></Placemark><Placemark><description>2 outside showers visible from the public</description><ExtendedData><Data name="@id"><value>node/8846743930</value></Data><Data name="access"><value>yes</value></Data><Data name="amenity"><value>shower</value></Data><Data name="description"><value>2 outside showers visible from the public</value></Data><Data name="fee"><value>no</value></Data><Data name="indoor"><value>no</value></Data><Data name="unisex"><value>yes</value></Data></ExtendedData><Point><coordinates>-3.0681594,55.9451345</coordinates></Point></Placemark><Placemark><ExtendedData><Data name="@id"><value>node/8861061490</value></Data><Data name="access"><value>yes</value></Data><Data name="amenity"><value>shower</value></Data></ExtendedData><Point><coordinates>-0.8553832,50.7589835</coordinates></Point></Placemark><Placemark><ExtendedData><Data name="@id"><value>node/8868473638</value></Data><Data name="access"><value>customers</value></Data><Data name="amenity"><value>shower</value></Data><Data name="fee"><value>no</value></Data><Data name="female"><value>yes</value></Data><Data name="wheelchair"><value>yes</value></Data></ExtendedData><Point><coordinates>-2.354203,54.4625208</coordinates></Point></Placemark><Placemark><ExtendedData><Data name="@id"><value>node/8868473650</value></Data><Data name="access"><value>customers</value></Data><Data name="amenity"><value>shower</value></Data><Data name="fee"><value>no</value></Data><Data name="male"><value>yes</value></Data><Data name="wheelchair"><value>yes</value></Data></ExtendedData><Point><coordinates>-2.3540595,54.462439</coordinates></Point></Placemark><Placemark><ExtendedData><Data name="@id"><value>node/8895529019</value></Data><Data name="access"><value>yes</value></Data><Data name="amenity"><value>shower</value></Data><Data name="charge"><value>0.50 GBP</value></Data><Data name="fee"><value>yes</value></Data><Data name="payment:coins"><value>yes</value></Data><Data name="unisex"><value>yes</value></Data></ExtendedData><Point><coordinates>-4.5525398,50.8354517</coordinates></Point></Placemark><Placemark><ExtendedData><Data name="@id"><value>node/8922224931</value></Data><Data name="access"><value>customers</value></Data><Data name="amenity"><value>shower</value></Data><Data name="fee"><value>no</value></Data><Data name="location"><value>outdoor</value></Data><Data name="operator"><value>Wakeup Docklands</value></Data><Data name="supervised"><value>no</value></Data></ExtendedData><Point><coordinates>0.0169398,51.5058817</coordinates></Point></Placemark><Placemark><ExtendedData><Data name="@id"><value>node/8922224932</value></Data><Data name="access"><value>customers</value></Data><Data name="amenity"><value>shower</value></Data><Data name="fee"><value>no</value></Data><Data name="location"><value>outdoor</value></Data><Data name="operator"><value>Wakeup Docklands</value></Data><Data name="supervised"><value>no</value></Data></ExtendedData><Point><coordinates>0.0169403,51.505869</coordinates></Point></Placemark><Placemark><ExtendedData><Data name="@id"><value>node/8959095592</value></Data><Data name="amenity"><value>shower</value></Data></ExtendedData><Point><coordinates>-2.8173224,56.5880975</coordinates></Point></Placemark><Placemark><ExtendedData><Data name="@id"><value>node/8972053943</value></Data><Data name="amenity"><value>shower</value></Data></ExtendedData><Point><coordinates>-2.8173347,56.5881125</coordinates></Point></Placemark><Placemark><ExtendedData><Data name="@id"><value>node/8987671877</value></Data><Data name="access"><value>yes</value></Data><Data name="amenity"><value>shower</value></Data><Data name="fee"><value>no</value></Data><Data name="hot_water"><value>no</value></Data><Data name="opening_hours"><value>24/7</value></Data><Data name="supervised"><value>no</value></Data><Data name="wheelchair"><value>yes</value></Data></ExtendedData><Point><coordinates>-1.0600275,50.7824136</coordinates></Point></Placemark><Placemark><ExtendedData><Data name="@id"><value>node/8990095390</value></Data><Data name="access"><value>customers</value></Data><Data name="amenity"><value>shower</value></Data></ExtendedData><Point><coordinates>0.0219659,53.7369318</coordinates></Point></Placemark><Placemark><ExtendedData><Data name="@id"><value>node/8990256430</value></Data><Data name="amenity"><value>shower</value></Data></ExtendedData><Point><coordinates>0.0198416,53.7360346</coordinates></Point></Placemark><Placemark><ExtendedData><Data name="@id"><value>node/9002333736</value></Data><Data name="access"><value>customers</value></Data><Data name="amenity"><value>shower</value></Data><Data name="entrance"><value>yes</value></Data><Data name="male"><value>yes</value></Data></ExtendedData><Point><coordinates>-2.0993293,50.6432519</coordinates></Point></Placemark><Placemark><ExtendedData><Data name="@id"><value>node/9009922464</value></Data><Data name="amenity"><value>shower</value></Data></ExtendedData><Point><coordinates>-4.24165,51.1347796</coordinates></Point></Placemark><Placemark><ExtendedData><Data name="@id"><value>node/9021024038</value></Data><Data name="amenity"><value>shower</value></Data></ExtendedData><Point><coordinates>0.1225416,52.2129833</coordinates></Point></Placemark><Placemark><ExtendedData><Data name="@id"><value>node/9021024039</value></Data><Data name="wheelchair"><value>yes</value></Data><Data name="access"><value>customers</value></Data><Data name="amenity"><value>shower</value></Data><Data name="hot_water"><value>yes</value></Data></ExtendedData><Point><coordinates>0.1225621,52.2129971</coordinates></Point></Placemark><Placemark><ExtendedData><Data name="@id"><value>node/9021024040</value></Data><Data name="amenity"><value>shower</value></Data></ExtendedData><Point><coordinates>0.1238748,52.2131848</coordinates></Point></Placemark><Placemark><ExtendedData><Data name="@id"><value>node/9021024089</value></Data><Data name="amenity"><value>shower</value></Data></ExtendedData><Point><coordinates>0.1241341,52.2130559</coordinates></Point></Placemark><Placemark><ExtendedData><Data name="@id"><value>node/9041717700</value></Data><Data name="access"><value>customers</value></Data><Data name="amenity"><value>shower</value></Data></ExtendedData><Point><coordinates>-2.0446739,54.1449371</coordinates></Point></Placemark><Placemark><ExtendedData><Data name="@id"><value>node/9049001433</value></Data><Data name="access"><value>yes</value></Data><Data name="amenity"><value>shower</value></Data><Data name="fee"><value>no</value></Data><Data name="hot_water"><value>no</value></Data><Data name="supervised"><value>no</value></Data><Data name="wheelchair"><value>no</value></Data></ExtendedData><Point><coordinates>-1.2268766,50.8143289</coordinates></Point></Placemark><Placemark><ExtendedData><Data name="@id"><value>node/9057088538</value></Data><Data name="amenity"><value>shower</value></Data></ExtendedData><Point><coordinates>0.1238125,52.2131402</coordinates></Point></Placemark><Placemark><ExtendedData><Data name="@id"><value>node/9060254854</value></Data><Data name="opening_hours:covid19"><value>same</value></Data><Data name="access"><value>yes</value></Data><Data name="amenity"><value>shower</value></Data><Data name="fee"><value>no</value></Data></ExtendedData><Point><coordinates>1.1900099,51.0810436</coordinates></Point></Placemark><Placemark><description>Showers for women who's boats are docked</description><ExtendedData><Data name="@id"><value>node/9060263447</value></Data><Data name="access"><value>permit</value></Data><Data name="amenity"><value>shower</value></Data><Data name="description"><value>Showers for women who's boats are docked</value></Data><Data name="gender"><value>female</value></Data><Data name="seamark:small_craft_facility:category"><value>showers</value></Data></ExtendedData><Point><coordinates>-6.0680775,56.6201252</coordinates></Point></Placemark><Placemark><ExtendedData><Data name="@id"><value>node/9070990602</value></Data><Data name="access"><value>yes</value></Data><Data name="amenity"><value>shower</value></Data><Data name="fee"><value>no</value></Data><Data name="hot_water"><value>no</value></Data><Data name="opening_hours"><value>24/7</value></Data><Data name="supervised"><value>no</value></Data></ExtendedData><Point><coordinates>1.2058279,52.9458803</coordinates></Point></Placemark><Placemark><ExtendedData><Data name="@id"><value>node/9071017903</value></Data><Data name="access"><value>yes</value></Data><Data name="amenity"><value>shower</value></Data><Data name="fee"><value>no</value></Data><Data name="hot_water"><value>no</value></Data><Data name="supervised"><value>no</value></Data></ExtendedData><Point><coordinates>1.2078931,52.945724</coordinates></Point></Placemark><Placemark><ExtendedData><Data name="@id"><value>node/9092310352</value></Data><Data name="amenity"><value>shower</value></Data></ExtendedData><Point><coordinates>-2.224689,53.4831419</coordinates></Point></Placemark><Placemark><ExtendedData><Data name="@id"><value>node/9105754777</value></Data><Data name="amenity"><value>shower</value></Data></ExtendedData><Point><coordinates>-5.2343253,50.2769618</coordinates></Point></Placemark><Placemark><ExtendedData><Data name="@id"><value>node/9105754778</value></Data><Data name="amenity"><value>shower</value></Data></ExtendedData><Point><coordinates>-5.2342805,50.2769922</coordinates></Point></Placemark><Placemark><ExtendedData><Data name="@id"><value>node/9105754784</value></Data><Data name="amenity"><value>shower</value></Data></ExtendedData><Point><coordinates>-5.2342093,50.2770301</coordinates></Point></Placemark><Placemark><ExtendedData><Data name="@id"><value>node/9107850672</value></Data><Data name="amenity"><value>shower</value></Data><Data name="fee"><value>no</value></Data><Data name="hot_water"><value>yes</value></Data><Data name="supervised"><value>no</value></Data></ExtendedData><Point><coordinates>-3.2978718,51.8766423</coordinates></Point></Placemark><Placemark><ExtendedData><Data name="@id"><value>node/9119300561</value></Data><Data name="access"><value>private</value></Data><Data name="amenity"><value>shower</value></Data><Data name="operator"><value>Sunnylea Cabins</value></Data></ExtendedData><Point><coordinates>-3.2419357,52.7066515</coordinates></Point></Placemark><Placemark><ExtendedData><Data name="@id"><value>node/9131821723</value></Data><Data name="access"><value>yes</value></Data><Data name="amenity"><value>shower</value></Data></ExtendedData><Point><coordinates>-4.501215,52.8239937</coordinates></Point></Placemark><Placemark><ExtendedData><Data name="@id"><value>node/9143279977</value></Data><Data name="amenity"><value>shower</value></Data></ExtendedData><Point><coordinates>-5.7226968,56.7119509</coordinates></Point></Placemark><Placemark><ExtendedData><Data name="@id"><value>node/9165294880</value></Data><Data name="opening_hours:covid19"><value>Mo-Th 06:00-21:00; Fr-Sa 06:00-22:00; Su 06:00-21:00</value></Data><Data name="access"><value>customers</value></Data><Data name="addr:city"><value>Easter Compton</value></Data><Data name="addr:postcode"><value>BS35 5RE</value></Data><Data name="addr:street"><value>Blackhorse Hill</value></Data><Data name="amenity"><value>shower</value></Data><Data name="hot_water"><value>no</value></Data><Data name="opening_hours"><value>Mo-Th 06:00-21:00; Fr-Sa 06:00-22:00; Su 06:00-21:00</value></Data><Data name="operator"><value>The Wave</value></Data><Data name="supervised"><value>no</value></Data><Data name="unisex"><value>yes</value></Data><Data name="wheelchair"><value>yes</value></Data></ExtendedData><Point><coordinates>-2.6060116,51.5445763</coordinates></Point></Placemark><Placemark><ExtendedData><Data name="@id"><value>node/9165294881</value></Data><Data name="opening_hours:covid19"><value>Mo-Th 06:00-21:00; Fr-Sa 06:00-22:00; Su 06:00-21:00</value></Data><Data name="access"><value>customers</value></Data><Data name="addr:city"><value>Easter Compton</value></Data><Data name="addr:postcode"><value>BS35 5RE</value></Data><Data name="addr:street"><value>Blackhorse Hill</value></Data><Data name="amenity"><value>shower</value></Data><Data name="hot_water"><value>no</value></Data><Data name="opening_hours"><value>Mo-Th 06:00-21:00; Fr-Sa 06:00-22:00; Su 06:00-21:00</value></Data><Data name="operator"><value>The Wave</value></Data><Data name="supervised"><value>no</value></Data><Data name="unisex"><value>yes</value></Data><Data name="wheelchair"><value>yes</value></Data></ExtendedData><Point><coordinates>-2.6060228,51.5445696</coordinates></Point></Placemark><Placemark><ExtendedData><Data name="@id"><value>node/9165294882</value></Data><Data name="opening_hours:covid19"><value>Mo-Th 06:00-21:00; Fr-Sa 06:00-22:00; Su 06:00-21:00</value></Data><Data name="access"><value>customers</value></Data><Data name="addr:city"><value>Easter Compton</value></Data><Data name="addr:postcode"><value>BS35 5RE</value></Data><Data name="addr:street"><value>Blackhorse Hill</value></Data><Data name="amenity"><value>shower</value></Data><Data name="hot_water"><value>no</value></Data><Data name="opening_hours"><value>Mo-Th 06:00-21:00; Fr-Sa 06:00-22:00; Su 06:00-21:00</value></Data><Data name="operator"><value>The Wave</value></Data><Data name="supervised"><value>no</value></Data><Data name="unisex"><value>yes</value></Data><Data name="wheelchair"><value>yes</value></Data></ExtendedData><Point><coordinates>-2.6060028,51.5445835</coordinates></Point></Placemark><Placemark><ExtendedData><Data name="@id"><value>node/9165294883</value></Data><Data name="opening_hours:covid19"><value>Mo-Th 06:00-21:00; Fr-Sa 06:00-22:00; Su 06:00-21:00</value></Data><Data name="access"><value>customers</value></Data><Data name="addr:city"><value>Easter Compton</value></Data><Data name="addr:postcode"><value>BS35 5RE</value></Data><Data name="addr:street"><value>Blackhorse Hill</value></Data><Data name="amenity"><value>shower</value></Data><Data name="hot_water"><value>no</value></Data><Data name="opening_hours"><value>Mo-Th 06:00-21:00; Fr-Sa 06:00-22:00; Su 06:00-21:00</value></Data><Data name="operator"><value>The Wave</value></Data><Data name="supervised"><value>no</value></Data><Data name="unisex"><value>yes</value></Data><Data name="wheelchair"><value>yes</value></Data></ExtendedData><Point><coordinates>-2.6059694,51.5446058</coordinates></Point></Placemark><Placemark><ExtendedData><Data name="@id"><value>node/9165294884</value></Data><Data name="opening_hours:covid19"><value>Mo-Th 06:00-21:00; Fr-Sa 06:00-22:00; Su 06:00-21:00</value></Data><Data name="access"><value>customers</value></Data><Data name="addr:city"><value>Easter Compton</value></Data><Data name="addr:postcode"><value>BS35 5RE</value></Data><Data name="addr:street"><value>Blackhorse Hill</value></Data><Data name="amenity"><value>shower</value></Data><Data name="hot_water"><value>no</value></Data><Data name="opening_hours"><value>Mo-Th 06:00-21:00; Fr-Sa 06:00-22:00; Su 06:00-21:00</value></Data><Data name="operator"><value>The Wave</value></Data><Data name="supervised"><value>no</value></Data><Data name="unisex"><value>yes</value></Data><Data name="wheelchair"><value>yes</value></Data></ExtendedData><Point><coordinates>-2.6059573,51.5446129</coordinates></Point></Placemark><Placemark><ExtendedData><Data name="@id"><value>node/9165294885</value></Data><Data name="opening_hours:covid19"><value>Mo-Th 06:00-21:00; Fr-Sa 06:00-22:00; Su 06:00-21:00</value></Data><Data name="access"><value>customers</value></Data><Data name="addr:city"><value>Easter Compton</value></Data><Data name="addr:postcode"><value>BS35 5RE</value></Data><Data name="addr:street"><value>Blackhorse Hill</value></Data><Data name="amenity"><value>shower</value></Data><Data name="hot_water"><value>no</value></Data><Data name="opening_hours"><value>Mo-Th 06:00-21:00; Fr-Sa 06:00-22:00; Su 06:00-21:00</value></Data><Data name="operator"><value>The Wave</value></Data><Data name="supervised"><value>no</value></Data><Data name="unisex"><value>yes</value></Data><Data name="wheelchair"><value>yes</value></Data></ExtendedData><Point><coordinates>-2.6059433,51.5446213</coordinates></Point></Placemark><Placemark><ExtendedData><Data name="@id"><value>node/9165294886</value></Data><Data name="opening_hours:covid19"><value>Mo-Th 06:00-21:00; Fr-Sa 06:00-22:00; Su 06:00-21:00</value></Data><Data name="access"><value>customers</value></Data><Data name="addr:city"><value>Easter Compton</value></Data><Data name="addr:postcode"><value>BS35 5RE</value></Data><Data name="addr:street"><value>Blackhorse Hill</value></Data><Data name="amenity"><value>shower</value></Data><Data name="hot_water"><value>no</value></Data><Data name="opening_hours"><value>Mo-Th 06:00-21:00; Fr-Sa 06:00-22:00; Su 06:00-21:00</value></Data><Data name="operator"><value>The Wave</value></Data><Data name="supervised"><value>no</value></Data><Data name="unisex"><value>yes</value></Data><Data name="wheelchair"><value>yes</value></Data></ExtendedData><Point><coordinates>-2.6059133,51.5446426</coordinates></Point></Placemark><Placemark><ExtendedData><Data name="@id"><value>node/9165294887</value></Data><Data name="opening_hours:covid19"><value>Mo-Th 06:00-21:00; Fr-Sa 06:00-22:00; Su 06:00-21:00</value></Data><Data name="access"><value>customers</value></Data><Data name="addr:city"><value>Easter Compton</value></Data><Data name="addr:postcode"><value>BS35 5RE</value></Data><Data name="addr:street"><value>Blackhorse Hill</value></Data><Data name="amenity"><value>shower</value></Data><Data name="hot_water"><value>no</value></Data><Data name="opening_hours"><value>Mo-Th 06:00-21:00; Fr-Sa 06:00-22:00; Su 06:00-21:00</value></Data><Data name="operator"><value>The Wave</value></Data><Data name="supervised"><value>no</value></Data><Data name="unisex"><value>yes</value></Data><Data name="wheelchair"><value>yes</value></Data></ExtendedData><Point><coordinates>-2.6059002,51.5446508</coordinates></Point></Placemark><Placemark><ExtendedData><Data name="@id"><value>node/9165294888</value></Data><Data name="opening_hours:covid19"><value>Mo-Th 06:00-21:00; Fr-Sa 06:00-22:00; Su 06:00-21:00</value></Data><Data name="access"><value>customers</value></Data><Data name="addr:city"><value>Easter Compton</value></Data><Data name="addr:postcode"><value>BS35 5RE</value></Data><Data name="addr:street"><value>Blackhorse Hill</value></Data><Data name="amenity"><value>shower</value></Data><Data name="hot_water"><value>no</value></Data><Data name="opening_hours"><value>Mo-Th 06:00-21:00; Fr-Sa 06:00-22:00; Su 06:00-21:00</value></Data><Data name="operator"><value>The Wave</value></Data><Data name="supervised"><value>no</value></Data><Data name="unisex"><value>yes</value></Data><Data name="wheelchair"><value>yes</value></Data></ExtendedData><Point><coordinates>-2.605888,51.5446584</coordinates></Point></Placemark><Placemark><ExtendedData><Data name="@id"><value>node/9165677460</value></Data><Data name="operator"><value>Canal and River Trust</value></Data><Data name="centralkey"><value>crt_watermate</value></Data><Data name="access"><value>customers</value></Data><Data name="amenity"><value>shower</value></Data></ExtendedData><Point><coordinates>-1.8788478,53.6232632</coordinates></Point></Placemark><Placemark><ExtendedData><Data name="@id"><value>node/9181244218</value></Data><Data name="access"><value>yes</value></Data><Data name="amenity"><value>shower</value></Data><Data name="unisex"><value>yes</value></Data></ExtendedData><Point><coordinates>-3.3147725,50.6299453</coordinates></Point></Placemark><Placemark><ExtendedData><Data name="@id"><value>node/9248249624</value></Data><Data name="amenity"><value>shower</value></Data><Data name="capacity"><value>2</value></Data><Data name="fee"><value>no</value></Data><Data name="note"><value>Key at WHSmiths</value></Data></ExtendedData><Point><coordinates>-1.333025,53.1362549</coordinates></Point></Placemark><Placemark><ExtendedData><Data name="@id"><value>node/9248250628</value></Data><Data name="amenity"><value>shower</value></Data><Data name="fee"><value>no</value></Data><Data name="note"><value>Key at WHSmith</value></Data></ExtendedData><Point><coordinates>-1.328204,53.1393113</coordinates></Point></Placemark><Placemark><ExtendedData><Data name="@id"><value>node/9268170256</value></Data><Data name="amenity"><value>shower</value></Data></ExtendedData><Point><coordinates>-2.3271435,56.796782</coordinates></Point></Placemark><Placemark><ExtendedData><Data name="@id"><value>node/9326892258</value></Data><Data name="amenity"><value>shower</value></Data></ExtendedData><Point><coordinates>0.5019737,51.3411597</coordinates></Point></Placemark><Placemark><ExtendedData><Data name="@id"><value>node/9571222753</value></Data><Data name="amenity"><value>shower</value></Data><Data name="fee"><value>no</value></Data><Data name="hot_water"><value>yes</value></Data><Data name="unisex"><value>yes</value></Data><Data name="wheelchair"><value>no</value></Data></ExtendedData><Point><coordinates>-1.9334549,51.7305644</coordinates></Point></Placemark><Placemark><ExtendedData><Data name="@id"><value>node/9571879382</value></Data><Data name="amenity"><value>shower</value></Data></ExtendedData><Point><coordinates>-1.4480329,50.9566146</coordinates></Point></Placemark><Placemark><ExtendedData><Data name="@id"><value>node/9571889748</value></Data><Data name="amenity"><value>shower</value></Data></ExtendedData><Point><coordinates>-0.9942578,50.8468321</coordinates></Point></Placemark><Placemark><ExtendedData><Data name="@id"><value>node/9656810363</value></Data><Data name="amenity"><value>shower</value></Data></ExtendedData><Point><coordinates>-3.6650495,52.8560553</coordinates></Point></Placemark><Placemark><ExtendedData><Data name="@id"><value>node/9672319884</value></Data><Data name="amenity"><value>shower</value></Data><Data name="access"><value>yes</value></Data></ExtendedData><Point><coordinates>-1.9537998,50.6515551</coordinates></Point></Placemark><Placemark><ExtendedData><Data name="@id"><value>node/9710024409</value></Data><Data name="amenity"><value>shower</value></Data></ExtendedData><Point><coordinates>-0.0659099,53.5782241</coordinates></Point></Placemark><Placemark><ExtendedData><Data name="@id"><value>node/9742070768</value></Data><Data name="access"><value>customers</value></Data><Data name="amenity"><value>shower</value></Data><Data name="fee"><value>no</value></Data><Data name="female"><value>yes</value></Data><Data name="male"><value>yes</value></Data><Data name="wheelchair"><value>yes</value></Data></ExtendedData><Point><coordinates>0.9536587,50.9996993</coordinates></Point></Placemark><Placemark><ExtendedData><Data name="@id"><value>node/9765285951</value></Data><Data name="access"><value>customers</value></Data><Data name="amenity"><value>shower</value></Data><Data name="female"><value>yes</value></Data><Data name="hot_water"><value>yes</value></Data></ExtendedData><Point><coordinates>-3.110889,54.5917607</coordinates></Point></Placemark><Placemark><ExtendedData><Data name="@id"><value>node/9765285952</value></Data><Data name="access"><value>customers</value></Data><Data name="amenity"><value>shower</value></Data><Data name="hot_water"><value>yes</value></Data><Data name="male"><value>yes</value></Data></ExtendedData><Point><coordinates>-3.1108,54.5917597</coordinates></Point></Placemark><Placemark><description>Showers functional part-time, at councils discretion. Publicly Visible in the open! So only suitable to clean off sandy feet or similar. No privacy!</description><ExtendedData><Data name="@id"><value>node/9770285001</value></Data><Data name="access"><value>yes</value></Data><Data name="amenity"><value>shower</value></Data><Data name="description"><value>Showers functional part-time, at councils discretion. Publicly Visible in the open! So only suitable to clean off sandy feet or similar. No privacy!</value></Data><Data name="fee"><value>no</value></Data><Data name="operator"><value>East Riding Council</value></Data><Data name="supervised"><value>no</value></Data><Data name="wheelchair"><value>yes</value></Data></ExtendedData><Point><coordinates>-0.2004089,54.0756569</coordinates></Point></Placemark><Placemark><description>Showers functional part-time, at councils discretion. Publicly Visible in the open! So only suitable to clean off sandy feet or similar. No privacy!</description><ExtendedData><Data name="@id"><value>node/9770285002</value></Data><Data name="access"><value>yes</value></Data><Data name="amenity"><value>shower</value></Data><Data name="description"><value>Showers functional part-time, at councils discretion. Publicly Visible in the open! So only suitable to clean off sandy feet or similar. No privacy!</value></Data><Data name="fee"><value>no</value></Data><Data name="operator"><value>East Riding Council</value></Data><Data name="supervised"><value>no</value></Data><Data name="wheelchair"><value>yes</value></Data></ExtendedData><Point><coordinates>-0.2004404,54.0756148</coordinates></Point></Placemark><Placemark><description>Showers functional part-time, at councils discretion. Publicly Visible in the open! So only suitable to clean off sandy feet or similar. No privacy!</description><ExtendedData><Data name="@id"><value>node/9770285003</value></Data><Data name="access"><value>yes</value></Data><Data name="amenity"><value>shower</value></Data><Data name="description"><value>Showers functional part-time, at councils discretion. Publicly Visible in the open! So only suitable to clean off sandy feet or similar. No privacy!</value></Data><Data name="fee"><value>no</value></Data><Data name="operator"><value>East Riding Council</value></Data><Data name="supervised"><value>no</value></Data><Data name="wheelchair"><value>yes</value></Data></ExtendedData><Point><coordinates>-0.2004679,54.0755739</coordinates></Point></Placemark><Placemark><ExtendedData><Data name="@id"><value>node/9785136146</value></Data><Data name="amenity"><value>shower</value></Data></ExtendedData><Point><coordinates>-2.6399057,51.8152891</coordinates></Point></Placemark><Placemark><ExtendedData><Data name="@id"><value>node/9823166615</value></Data><Data name="amenity"><value>shower</value></Data><Data name="opening_hours"><value>09:00-17:00</value></Data></ExtendedData><Point><coordinates>-3.6519905,58.1163762</coordinates></Point></Placemark><Placemark><ExtendedData><Data name="@id"><value>node/9823179306</value></Data><Data name="amenity"><value>shower</value></Data></ExtendedData><Point><coordinates>-3.9961386,57.9053107</coordinates></Point></Placemark><Placemark><ExtendedData><Data name="@id"><value>node/9827831817</value></Data><Data name="amenity"><value>shower</value></Data></ExtendedData><Point><coordinates>-5.50342,57.5439298</coordinates></Point></Placemark><Placemark><ExtendedData><Data name="@id"><value>node/9833999252</value></Data><Data name="access"><value>customers</value></Data><Data name="amenity"><value>shower</value></Data><Data name="operator"><value>Craobh Marina</value></Data></ExtendedData><Point><coordinates>-5.5557681,56.2111383</coordinates></Point></Placemark><Placemark><ExtendedData><Data name="@id"><value>node/9834343621</value></Data><Data name="amenity"><value>shower</value></Data></ExtendedData><Point><coordinates>-1.0913264,52.9453437</coordinates></Point></Placemark><Placemark><ExtendedData><Data name="@id"><value>node/9849040093</value></Data><Data name="hot_water"><value>no</value></Data><Data name="access"><value>yes</value></Data><Data name="amenity"><value>shower</value></Data><Data name="fee"><value>no</value></Data><Data name="survey:date"><value>2022-06-26</value></Data></ExtendedData><Point><coordinates>-3.5550539,50.4063204</coordinates></Point></Placemark><Placemark><ExtendedData><Data name="@id"><value>node/9849853699</value></Data><Data name="access"><value>customers</value></Data><Data name="amenity"><value>shower</value></Data><Data name="charge"><value>Purchase pass online https://www.puregym.com/join/package/   1 DAY PASS £6.99 SELECT  3 DAY PASS £14.99 SELECT  7 DAY PASS ( Shower all week ) £18.99 SELECT</value></Data><Data name="fee"><value>yes</value></Data><Data name="hot_water"><value>yes</value></Data></ExtendedData><Point><coordinates>-6.0410022,54.5092931</coordinates></Point></Placemark><Placemark><ExtendedData><Data name="@id"><value>node/9861945202</value></Data><Data name="access"><value>customers</value></Data><Data name="amenity"><value>shower</value></Data><Data name="unisex"><value>yes</value></Data></ExtendedData><Point><coordinates>-2.4820589,54.1558339</coordinates></Point></Placemark><Placemark><ExtendedData><Data name="@id"><value>node/9880968750</value></Data><Data name="access"><value>permissive</value></Data><Data name="access:conditional"><value>private @ (Nov-Mar 19:00-07:00; Apr-Oct 22:00-07:00)</value></Data><Data name="amenity"><value>shower</value></Data><Data name="indoor"><value>yes</value></Data><Data name="opening_hours"><value>Nov-Mar 07:00-19:00; Apr-Oct 07:00-22:00; PH yes</value></Data></ExtendedData><Point><coordinates>-1.5028024,50.705073</coordinates></Point></Placemark><Placemark><ExtendedData><Data name="@id"><value>node/9881700408</value></Data><Data name="access"><value>customers</value></Data><Data name="amenity"><value>shower</value></Data><Data name="fee"><value>no</value></Data><Data name="hot_water"><value>yes</value></Data><Data name="wheelchair"><value>no</value></Data></ExtendedData><Point><coordinates>-5.6692892,50.1624187</coordinates></Point></Placemark><Placemark><ExtendedData><Data name="@id"><value>node/9881700409</value></Data><Data name="access"><value>customers</value></Data><Data name="amenity"><value>shower</value></Data><Data name="fee"><value>no</value></Data><Data name="hot_water"><value>yes</value></Data><Data name="wheelchair"><value>no</value></Data></ExtendedData><Point><coordinates>-5.6693094,50.1624197</coordinates></Point></Placemark><Placemark><ExtendedData><Data name="@id"><value>node/9887918519</value></Data><Data name="access"><value>customers</value></Data><Data name="amenity"><value>shower</value></Data></ExtendedData><Point><coordinates>-1.100392,50.695736</coordinates></Point></Placemark><Placemark><ExtendedData><Data name="@id"><value>node/9890011237</value></Data><Data name="amenity"><value>shower</value></Data></ExtendedData><Point><coordinates>-0.1668338,50.8234328</coordinates></Point></Placemark><Placemark><ExtendedData><Data name="@id"><value>node/9917886461</value></Data><Data name="amenity"><value>shower</value></Data></ExtendedData><Point><coordinates>-4.9986626,56.8523853</coordinates></Point></Placemark><Placemark><ExtendedData><Data name="@id"><value>node/9920717059</value></Data><Data name="operator"><value>Scottish Waterways</value></Data><Data name="hot_water"><value>yes</value></Data><Data name="amenity"><value>shower</value></Data><Data name="cold_water"><value>yes</value></Data></ExtendedData><Point><coordinates>-5.0914506,56.8481861</coordinates></Point></Placemark><Placemark><ExtendedData><Data name="@id"><value>node/9924765605</value></Data><Data name="access"><value>private</value></Data><Data name="amenity"><value>shower</value></Data><Data name="charge"><value>0.50 GBP</value></Data><Data name="fee"><value>yes</value></Data></ExtendedData><Point><coordinates>-3.6306802,52.8785805</coordinates></Point></Placemark><Placemark><ExtendedData><Data name="@id"><value>node/9925165324</value></Data><Data name="access"><value>customers</value></Data><Data name="amenity"><value>shower</value></Data><Data name="female"><value>yes</value></Data><Data name="operator"><value>Wheal Vreagh Farm Campsite</value></Data></ExtendedData><Point><coordinates>-5.3234835,50.1252234</coordinates></Point></Placemark><Placemark><ExtendedData><Data name="@id"><value>node/9925165327</value></Data><Data name="access"><value>customers</value></Data><Data name="amenity"><value>shower</value></Data><Data name="male"><value>yes</value></Data><Data name="operator"><value>Wheal Vreagh Farm Campsite</value></Data></ExtendedData><Point><coordinates>-5.3234466,50.1250811</coordinates></Point></Placemark><Placemark><ExtendedData><Data name="@id"><value>node/9936243892</value></Data><Data name="access"><value>customers</value></Data><Data name="amenity"><value>shower</value></Data></ExtendedData><Point><coordinates>-5.1318059,54.940752</coordinates></Point></Placemark><Placemark><ExtendedData><Data name="@id"><value>node/9936250122</value></Data><Data name="amenity"><value>shower</value></Data><Data name="survey:date"><value>2022-08-06</value></Data></ExtendedData><Point><coordinates>-3.5368475,50.4622126</coordinates></Point></Placemark><Placemark><ExtendedData><Data name="@id"><value>node/9955260978</value></Data><Data name="amenity"><value>shower</value></Data></ExtendedData><Point><coordinates>-2.4500759,50.5271102</coordinates></Point></Placemark><Placemark><ExtendedData><Data name="@id"><value>node/9955270425</value></Data><Data name="access"><value>customers</value></Data><Data name="amenity"><value>shower</value></Data></ExtendedData><Point><coordinates>-2.944869,53.1938706</coordinates></Point></Placemark><Placemark><ExtendedData><Data name="@id"><value>node/9986925238</value></Data><Data name="access"><value>customers</value></Data><Data name="amenity"><value>shower</value></Data><Data name="wheelchair"><value>no</value></Data></ExtendedData><Point><coordinates>-2.7134851,52.6108892</coordinates></Point></Placemark><Placemark><ExtendedData><Data name="@id"><value>node/9993691694</value></Data><Data name="access"><value>customers</value></Data><Data name="amenity"><value>shower</value></Data></ExtendedData><Point><coordinates>-3.3301707,52.6344499</coordinates></Point></Placemark><Placemark><ExtendedData><Data name="@id"><value>node/10013385954</value></Data><Data name="access"><value>customers</value></Data><Data name="amenity"><value>shower</value></Data><Data name="fee"><value>no</value></Data></ExtendedData><Point><coordinates>-4.2877524,51.594812</coordinates></Point></Placemark><Placemark><ExtendedData><Data name="@id"><value>node/10018674811</value></Data><Data name="amenity"><value>shower</value></Data></ExtendedData><Point><coordinates>-3.8816808,52.6843696</coordinates></Point></Placemark><Placemark><ExtendedData><Data name="@id"><value>node/10031886438</value></Data><Data name="amenity"><value>shower</value></Data></ExtendedData><Point><coordinates>-2.643466,51.8177137</coordinates></Point></Placemark><Placemark><ExtendedData><Data name="@id"><value>node/10031886457</value></Data><Data name="amenity"><value>shower</value></Data></ExtendedData><Point><coordinates>-2.6423051,51.8156368</coordinates></Point></Placemark><Placemark><ExtendedData><Data name="@id"><value>node/10032390022</value></Data><Data name="amenity"><value>shower</value></Data></ExtendedData><Point><coordinates>-3.8689524,52.6910831</coordinates></Point></Placemark><Placemark><ExtendedData><Data name="@id"><value>node/10046781540</value></Data><Data name="amenity"><value>shower</value></Data><Data name="charge"><value>3 GBP</value></Data><Data name="fee"><value>yes</value></Data><Data name="hot_water"><value>yes</value></Data><Data name="payment:contactless"><value>yes</value></Data></ExtendedData><Point><coordinates>-3.8289692,57.1904995</coordinates></Point></Placemark><Placemark><ExtendedData><Data name="@id"><value>node/10046782796</value></Data><Data name="amenity"><value>shower</value></Data><Data name="fee"><value>yes</value></Data><Data name="hot_water"><value>yes</value></Data></ExtendedData><Point><coordinates>-3.6108061,57.3281838</coordinates></Point></Placemark><Placemark><ExtendedData><Data name="@id"><value>node/10129721004</value></Data><Data name="amenity"><value>give_box</value></Data><Data name="disused:amenity"><value>telephone</value></Data><Data name="booth"><value>K6</value></Data></ExtendedData><Point><coordinates>1.1894473,51.9043301</coordinates></Point></Placemark><Placemark><ExtendedData><Data name="@id"><value>node/10180582980</value></Data><Data name="operator"><value>Love Open Water</value></Data><Data name="access"><value>customers</value></Data><Data name="amenity"><value>shower</value></Data><Data name="hot_water"><value>no</value></Data><Data name="outdoor"><value>yes</value></Data></ExtendedData><Point><coordinates>0.0174207,51.5068555</coordinates></Point></Placemark><Placemark><ExtendedData><Data name="@id"><value>node/10270339884</value></Data><Data name="access"><value>customers</value></Data><Data name="amenity"><value>shower</value></Data><Data name="indoor"><value>yes</value></Data><Data name="male"><value>yes</value></Data></ExtendedData><Point><coordinates>-2.008671,50.6065755</coordinates></Point></Placemark><Placemark><ExtendedData><Data name="@id"><value>node/10270339885</value></Data><Data name="access"><value>customers</value></Data><Data name="amenity"><value>shower</value></Data><Data name="female"><value>yes</value></Data><Data name="fixme"><value>check position</value></Data><Data name="indoor"><value>yes</value></Data></ExtendedData><Point><coordinates>-2.0085637,50.6065902</coordinates></Point></Placemark></Document></kml>