{
  "type": "FeatureCollection",
  "generator": "overpass-turbo",
  "copyright": "The data included in this document is from www.openstreetmap.org. The data is made available under ODbL.",
  "timestamp": "2025-10-27T21:39:55Z",
  "features": [
    {
      "type": "Feature",
      "properties": {
        "@id": "relation/2380651",
        "amenity": "hospital",
        "building": "hospital",
        "healthcare": "hospital",
        "name": "Dom zdravlja Herceg Novi",
        "name:sr": "Дом здравља Херцег Нови",
        "name:sr-Latn": "Dom zdravlja Herceg Novi",
        "type": "multipolygon",
        "website": "http://domzdravljahercegnovi.com/",
        "@geometry": "center"
      },
      "geometry": {
        "type": "Point",
        "coordinates": [
          18.5274564,
          42.4586678
        ]
      },
      "id": "relation/2380651"
    },
    {
      "type": "Feature",
      "properties": {
        "@id": "relation/2380652",
        "amenity": "hospital",
        "healthcare": "hospital",
        "type": "multipolygon",
        "@geometry": "center"
      },
      "geometry": {
        "type": "Point",
        "coordinates": [
          18.5273947,
          42.4586052
        ]
      },
      "id": "relation/2380652"
    },
    {
      "type": "Feature",
      "properties": {
        "@id": "relation/3652472",
        "name": "Dom Zdravlja",
        "addr:city": "Berane",
        "addr:postcode": "84300",
        "addr:street": "Miljana Tomičića",
        "amenity": "hospital",
        "building": "hospital",
        "healthcare": "hospital",
        "type": "multipolygon",
        "@geometry": "center"
      },
      "geometry": {
        "type": "Point",
        "coordinates": [
          19.8695602,
          42.8500618
        ]
      },
      "id": "relation/3652472"
    },
    {
      "type": "Feature",
      "properties": {
        "@id": "relation/13003968",
        "type": "multipolygon",
        "amenity": "school",
        "name:sr-Latn": "Škola Meksiko",
        "@geometry": "center"
      },
      "geometry": {
        "type": "Point",
        "coordinates": [
          19.1117758,
          42.0900874
        ]
      },
      "id": "relation/13003968"
    },
    {
      "type": "Feature",
      "properties": {
        "@id": "relation/14098747",
        "amenity": "university",
        "man_made": "monitoring_station",
        "name": "Hidrometeorološki zavod Crne Gore",
        "name:en": "Hydrometeorological Institute of Montenegro",
        "type": "multipolygon",
        "@geometry": "center"
      },
      "geometry": {
        "type": "Point",
        "coordinates": [
          19.0893641,
          42.105644
        ]
      },
      "id": "relation/14098747"
    },
    {
      "type": "Feature",
      "properties": {
        "@id": "relation/14098920",
        "type": "multipolygon",
        "name": "Pijaca mjesovite robe",
        "building": "yes",
        "amenity": "marketplace",
        "@geometry": "center"
      },
      "geometry": {
        "type": "Point",
        "coordinates": [
          19.0994498,
          42.1044993
        ]
      },
      "id": "relation/14098920"
    },
    {
      "type": "Feature",
      "properties": {
        "@id": "relation/15049697",
        "amenity": "place_of_worship",
        "landuse": "religious",
        "type": "multipolygon",
        "@geometry": "center"
      },
      "geometry": {
        "type": "Point",
        "coordinates": [
          19.0472203,
          42.2045029
        ]
      },
      "id": "relation/15049697"
    },
    {
      "type": "Feature",
      "properties": {
        "@id": "way/28131044",
        "amenity": "hospital",
        "addr:housenumber": "bb",
        "name": "Klinički centar Crne Gore",
        "addr:city": "Podgorica",
        "addr:postcode": "81000",
        "addr:street": "Ljubljanska",
        "building": "hospital",
        "emergency": "yes",
        "healthcare": "hospital",
        "@geometry": "center"
      },
      "geometry": {
        "type": "Point",
        "coordinates": [
          19.2458921,
          42.4374505
        ]
      },
      "id": "way/28131044"
    },
    {
      "type": "Feature",
      "properties": {
        "@id": "way/28131284",
        "wikidata": "Q5624190",
        "amenity": "school",
        "name": "Gimnazija Slobodan Škerović",
        "name:sr": "Гимназија Слободан Шкеровић",
        "@geometry": "center"
      },
      "geometry": {
        "type": "Point",
        "coordinates": [
          19.2635316,
          42.4469144
        ]
      },
      "id": "way/28131284"
    },
    {
      "type": "Feature",
      "properties": {
        "@id": "way/28131830",
        "amenity": "university",
        "building": "yes",
        "name": "Ekonomski fakultet Podgorica",
        "@geometry": "center"
      },
      "geometry": {
        "type": "Point",
        "coordinates": [
          19.2570396,
          42.4461407
        ]
      },
      "id": "way/28131830"
    },
    {
      "type": "Feature",
      "properties": {
        "@id": "way/28131839",
        "amenity": "university",
        "building": "yes",
        "name": "Pravni fakultet",
        "@geometry": "center"
      },
      "geometry": {
        "type": "Point",
        "coordinates": [
          19.2564924,
          42.4460179
        ]
      },
      "id": "way/28131839"
    },
    {
      "type": "Feature",
      "properties": {
        "@id": "way/28158361",
        "amenity": "school",
        "@geometry": "center"
      },
      "geometry": {
        "type": "Point",
        "coordinates": [
          19.2526052,
          42.4234188
        ]
      },
      "id": "way/28158361"
    },
    {
      "type": "Feature",
      "properties": {
        "@id": "way/28523991",
        "addr:city": "podgorica",
        "addr:housenumber": "1",
        "addr:street": "Vasa Raičkovića",
        "amenity": "school",
        "building": "yes",
        "name": "JU Srednja stručna škola \"Ivan Uskoković\"",
        "@geometry": "center"
      },
      "geometry": {
        "type": "Point",
        "coordinates": [
          19.2544743,
          42.4431307
        ]
      },
      "id": "way/28523991"
    },
    {
      "type": "Feature",
      "properties": {
        "@id": "way/56694203",
        "amenity": "community_centre",
        "building": "yes",
        "name": "Dom kulture Pljevlja",
        "@geometry": "center"
      },
      "geometry": {
        "type": "Point",
        "coordinates": [
          19.3561456,
          43.3558053
        ]
      },
      "id": "way/56694203"
    },
    {
      "type": "Feature",
      "properties": {
        "@id": "way/113573066",
        "wheelchair": "no",
        "tourism": "attraction",
        "religion": "christian",
        "name": "Crkva sv. Tome",
        "amenity": "place_of_worship",
        "building": "church",
        "@geometry": "center"
      },
      "geometry": {
        "type": "Point",
        "coordinates": [
          18.869991,
          42.2815785
        ]
      },
      "id": "way/113573066"
    },
    {
      "type": "Feature",
      "properties": {
        "@id": "way/113573071",
        "name": "Trznica",
        "amenity": "marketplace",
        "@geometry": "center"
      },
      "geometry": {
        "type": "Point",
        "coordinates": [
          18.8402309,
          42.2903755
        ]
      },
      "id": "way/113573071"
    },
    {
      "type": "Feature",
      "properties": {
        "@id": "way/115888407",
        "name": "Spomen-Dom",
        "amenity": "community_centre",
        "architect:wikidata": "Q10326618",
        "building": "yes",
        "start_date": "1978",
        "@geometry": "center"
      },
      "geometry": {
        "type": "Point",
        "coordinates": [
          19.5190452,
          42.8242161
        ]
      },
      "id": "way/115888407"
    },
    {
      "type": "Feature",
      "properties": {
        "@id": "way/130226173",
        "name": "Crkva-džamija Ulcinj - Kishë-Xhamia e Ulqinit",
        "religion": "christian;muslim",
        "old_name:1571-1880": "Xhamia Mbretrore",
        "amenity": "place_of_worship",
        "building": "yes",
        "old_name:1510-1571": "Crkva svete Marije",
        "@geometry": "center"
      },
      "geometry": {
        "type": "Point",
        "coordinates": [
          19.201479,
          41.9246904
        ]
      },
      "id": "way/130226173"
    },
    {
      "type": "Feature",
      "properties": {
        "@id": "way/145925734",
        "religion": "christian",
        "name:sr": "Црква светог Архангела Михаила",
        "name": "Crkva sv. Arhangela Mihaila",
        "amenity": "place_of_worship",
        "building": "church",
        "denomination": "serbian_orthodox",
        "@geometry": "center"
      },
      "geometry": {
        "type": "Point",
        "coordinates": [
          18.5375903,
          42.4515251
        ]
      },
      "id": "way/145925734"
    },
    {
      "type": "Feature",
      "properties": {
        "@id": "way/146176819",
        "amenity": "school",
        "@geometry": "center"
      },
      "geometry": {
        "type": "Point",
        "coordinates": [
          18.5263407,
          42.4573338
        ]
      },
      "id": "way/146176819"
    },
    {
      "type": "Feature",
      "properties": {
        "@id": "way/146176821",
        "amenity": "kindergarten",
        "@geometry": "center"
      },
      "geometry": {
        "type": "Point",
        "coordinates": [
          18.5261418,
          42.4568573
        ]
      },
      "id": "way/146176821"
    },
    {
      "type": "Feature",
      "properties": {
        "@id": "way/146232106",
        "amenity": "place_of_worship",
        "building": "church",
        "denomination": "serbian_orthodox",
        "name": "Crkva svetog Spasa",
        "name:sr": "Црква светог Спаса",
        "religion": "christian",
        "@geometry": "center"
      },
      "geometry": {
        "type": "Point",
        "coordinates": [
          18.5270469,
          42.4557975
        ]
      },
      "id": "way/146232106"
    },
    {
      "type": "Feature",
      "properties": {
        "@id": "way/146404591",
        "name:sr": "Градска пијаца",
        "opening_hours": "Mo-Su 08:00-20:00",
        "addr:city": "Kotor",
        "addr:postcode": "85330",
        "addr:street": "Riva",
        "amenity": "marketplace",
        "name": "Gradska pijaca - Markat",
        "name:en": "Farmers Market",
        "@geometry": "center"
      },
      "geometry": {
        "type": "Point",
        "coordinates": [
          18.7701883,
          42.4240763
        ]
      },
      "id": "way/146404591"
    },
    {
      "type": "Feature",
      "properties": {
        "@id": "way/146506570",
        "amenity": "place_of_worship",
        "building": "church",
        "name": "Sv. Ana",
        "religion": "christian",
        "@geometry": "center"
      },
      "geometry": {
        "type": "Point",
        "coordinates": [
          18.5447334,
          42.4524648
        ]
      },
      "id": "way/146506570"
    },
    {
      "type": "Feature",
      "properties": {
        "@id": "way/146506597",
        "religion": "christian",
        "name:sr": "Црква светог Јеронима",
        "denomination": "roman_catholic",
        "historic": "yes",
        "name": "Crkva Svetog Jeronima",
        "building": "church",
        "amenity": "place_of_worship",
        "@geometry": "center"
      },
      "geometry": {
        "type": "Point",
        "coordinates": [
          18.5374848,
          42.4506279
        ]
      },
      "id": "way/146506597"
    },
    {
      "type": "Feature",
      "properties": {
        "@id": "way/146629621",
        "amenity": "place_of_worship",
        "denomination": "serbian_orthodox",
        "religion": "christian",
        "building": "church",
        "@geometry": "center"
      },
      "geometry": {
        "type": "Point",
        "coordinates": [
          18.5028073,
          42.452124
        ]
      },
      "id": "way/146629621"
    },
    {
      "type": "Feature",
      "properties": {
        "@id": "way/149415239",
        "amenity": "hospital",
        "emergency": "no",
        "healthcare": "hospital",
        "name": "Dom Zdravlja Plav",
        "name:sr": "Дом здравља Плав",
        "@geometry": "center"
      },
      "geometry": {
        "type": "Point",
        "coordinates": [
          19.939945,
          42.599905
        ]
      },
      "id": "way/149415239"
    },
    {
      "type": "Feature",
      "properties": {
        "@id": "way/149418307",
        "amenity": "school",
        "@geometry": "center"
      },
      "geometry": {
        "type": "Point",
        "coordinates": [
          19.9393089,
          42.597614
        ]
      },
      "id": "way/149418307"
    },
    {
      "type": "Feature",
      "properties": {
        "@id": "way/153733688",
        "amenity": "community_centre",
        "building": "yes",
        "name": "Dom kulture Plav",
        "@geometry": "center"
      },
      "geometry": {
        "type": "Point",
        "coordinates": [
          19.9427797,
          42.597679
        ]
      },
      "id": "way/153733688"
    },
    {
      "type": "Feature",
      "properties": {
        "@id": "way/154644842",
        "amenity": "school",
        "building": "school",
        "name": "Osnovna škola “Savo Pejanović”",
        "name:sr": "Основна школа “Саво Пејановић”",
        "@geometry": "center"
      },
      "geometry": {
        "type": "Point",
        "coordinates": [
          19.2677237,
          42.4406876
        ]
      },
      "id": "way/154644842"
    },
    {
      "type": "Feature",
      "properties": {
        "@id": "way/161886546",
        "amenity": "place_of_worship",
        "building": "church",
        "denomination": "serbian_orthodox",
        "name": "Hram Uspenja Presvete Bogorodice",
        "name:sr": "Храм Успења Пресвете Богородице",
        "religion": "christian",
        "@geometry": "center"
      },
      "geometry": {
        "type": "Point",
        "coordinates": [
          18.8446874,
          42.2980219
        ]
      },
      "id": "way/161886546"
    },
    {
      "type": "Feature",
      "properties": {
        "@id": "way/162094702",
        "amenity": "place_of_worship",
        "building": "church",
        "denomination": "orthodox",
        "religion": "christian",
        "@geometry": "center"
      },
      "geometry": {
        "type": "Point",
        "coordinates": [
          18.554338,
          42.4522146
        ]
      },
      "id": "way/162094702"
    },
    {
      "type": "Feature",
      "properties": {
        "@id": "way/162094794",
        "amenity": "kindergarten",
        "@geometry": "center"
      },
      "geometry": {
        "type": "Point",
        "coordinates": [
          18.5500484,
          42.451853
        ]
      },
      "id": "way/162094794"
    },
    {
      "type": "Feature",
      "properties": {
        "@id": "way/162094795",
        "amenity": "school",
        "name": "Osnovna škola “Milan Vuković”",
        "wikidata": "Q82283363",
        "@geometry": "center"
      },
      "geometry": {
        "type": "Point",
        "coordinates": [
          18.5511115,
          42.4511916
        ]
      },
      "id": "way/162094795"
    },
    {
      "type": "Feature",
      "properties": {
        "@id": "way/162094796",
        "amenity": "school",
        "@geometry": "center"
      },
      "geometry": {
        "type": "Point",
        "coordinates": [
          18.5110264,
          42.4582423
        ]
      },
      "id": "way/162094796"
    },
    {
      "type": "Feature",
      "properties": {
        "@id": "way/162094797",
        "amenity": "hospital",
        "healthcare": "hospital",
        "@geometry": "center"
      },
      "geometry": {
        "type": "Point",
        "coordinates": [
          18.5555653,
          42.4514769
        ]
      },
      "id": "way/162094797"
    },
    {
      "type": "Feature",
      "properties": {
        "@id": "way/162277940",
        "addr:city": "Igalo",
        "addr:housenumber": "5",
        "addr:postcode": "85347",
        "addr:street": "Sava Ilića",
        "amenity": "hospital",
        "designation": "Igalo",
        "emergency": "yes",
        "healthcare": "hospital",
        "name": "Institut Dr. Simo Milošević",
        "name:sr": "Институт Др. Симо Милошевић",
        "@geometry": "center"
      },
      "geometry": {
        "type": "Point",
        "coordinates": [
          18.5132393,
          42.4585453
        ]
      },
      "id": "way/162277940"
    },
    {
      "type": "Feature",
      "properties": {
        "@id": "way/162566741",
        "amenity": "place_of_worship",
        "building": "yes",
        "denomination": "serbian_orthodox",
        "int_name": "Saint Sava",
        "name": "Svetog Save",
        "name:sr": "Светог Саве",
        "religion": "christian",
        "@geometry": "center"
      },
      "geometry": {
        "type": "Point",
        "coordinates": [
          18.5536514,
          42.4528328
        ]
      },
      "id": "way/162566741"
    },
    {
      "type": "Feature",
      "properties": {
        "@id": "way/162776337",
        "amenity": "place_of_worship",
        "building": "church",
        "denomination": "roman_catholic",
        "name": "Crkva sv. Leopolda",
        "name:sr": "Црква светог Леополда",
        "religion": "christian",
        "@geometry": "center"
      },
      "geometry": {
        "type": "Point",
        "coordinates": [
          18.5373938,
          42.450209
        ]
      },
      "id": "way/162776337"
    },
    {
      "type": "Feature",
      "properties": {
        "@id": "way/162776340",
        "religion": "christian",
        "amenity": "place_of_worship",
        "building": "church",
        "denomination": "roman_catholic",
        "@geometry": "center"
      },
      "geometry": {
        "type": "Point",
        "coordinates": [
          18.5318013,
          42.4524146
        ]
      },
      "id": "way/162776340"
    },
    {
      "type": "Feature",
      "properties": {
        "@id": "way/162848564",
        "name:ru": "Русский культурный центр",
        "amenity": "community_centre",
        "building": "yes",
        "name": "Ruski kulturni centar",
        "addr:city": "Herceg Novi",
        "addr:housenumber": "2",
        "addr:postcode": "85340",
        "addr:street": "Manastirska",
        "@geometry": "center"
      },
      "geometry": {
        "type": "Point",
        "coordinates": [
          18.539495,
          42.4532326
        ]
      },
      "id": "way/162848564"
    },
    {
      "type": "Feature",
      "properties": {
        "@id": "way/164382468",
        "name:ru": "Церковь Св. Николая",
        "amenity": "place_of_worship",
        "building": "yes",
        "denomination": "roman_catholic",
        "image": "https://commons.wikimedia.org/wiki/File:Perast,_2013-05-04_-_panoramio_(9).jpg",
        "name": "Crkva svetog Nikole",
        "name:en": "St. Nicholas Church",
        "note": "The back part of this building is a musuem",
        "religion": "christian",
        "start_date": "1616",
        "wikidata": "Q20526809",
        "wikipedia": "hr:Crkva sv. Nikole u Perastu",
        "@geometry": "center"
      },
      "geometry": {
        "type": "Point",
        "coordinates": [
          18.6986431,
          42.4861616
        ]
      },
      "id": "way/164382468"
    },
    {
      "type": "Feature",
      "properties": {
        "@id": "way/164382478",
        "name:ru": "Православный храм рождения Пресвятой Богородицы",
        "denomination": "greek_orthodox",
        "amenity": "place_of_worship",
        "building": "chapel",
        "name": "Hram Rođenja Presvete Bogorodice",
        "name:en": "Orthodox Church of the Nativity of the Virgin",
        "name:uk": "Православний храм народження Пресвятої Богородиці",
        "religion": "christian",
        "start_date": "1757",
        "@geometry": "center"
      },
      "geometry": {
        "type": "Point",
        "coordinates": [
          18.7020198,
          42.485845
        ]
      },
      "id": "way/164382478"
    },
    {
      "type": "Feature",
      "properties": {
        "@id": "way/164382496",
        "start_date": "1678",
        "amenity": "place_of_worship",
        "building": "yes",
        "denomination": "roman_catholic",
        "name": "Crkva Gospe od Ružarija",
        "name:en": "Our Lady of the Rosaries",
        "religion": "christian",
        "@geometry": "center"
      },
      "geometry": {
        "type": "Point",
        "coordinates": [
          18.6977866,
          42.4877488
        ]
      },
      "id": "way/164382496"
    },
    {
      "type": "Feature",
      "properties": {
        "@id": "way/164426514",
        "amenity": "place_of_worship",
        "building": "yes",
        "denomination": "roman_catholic",
        "name:en": "Our Lady of Carmen",
        "religion": "christian",
        "@geometry": "center"
      },
      "geometry": {
        "type": "Point",
        "coordinates": [
          18.7035661,
          42.4851833
        ]
      },
      "id": "way/164426514"
    },
    {
      "type": "Feature",
      "properties": {
        "@id": "way/165389709",
        "name:ru": "Кафедральный собор Святого Трифона",
        "wikipedia": "sr:Катедрала Светог Трипуна",
        "wikidata": "Q966429",
        "religion": "christian",
        "name:uk": "Собор Святого Трифона",
        "name:sr": "Катедрала светог Трипуна",
        "name:fr": "Cathédrale Saint-Tryphon",
        "name:en": "St. Tryphon Cathedral",
        "addr:city": "Kotor",
        "addr:postcode": "85330",
        "addr:street": "Pjaca Svetog Tripuna",
        "amenity": "place_of_worship",
        "building": "cathedral",
        "building:levels": "2",
        "denomination": "roman_catholic",
        "name": "Katedrala Svetog Tripuna",
        "name:de": "Katedrala Svetog Tripuna",
        "@geometry": "center"
      },
      "geometry": {
        "type": "Point",
        "coordinates": [
          18.7715434,
          42.424171
        ]
      },
      "id": "way/165389709"
    },
    {
      "type": "Feature",
      "properties": {
        "@id": "way/165389719",
        "name:ru": "Церковь Святой Марии от реки",
        "wikidata": "Q107232433",
        "alt_name": "Svete Ozane",
        "amenity": "place_of_worship",
        "building": "yes",
        "name": "Svete Marije Koleđate",
        "name:es": "Santa María de la Salud",
        "name:fr": "Église Sainte-Marie",
        "name:sr": "Свете Марије Колеђате",
        "name:sr-Latn": "Svete Marije Koleđate",
        "name:uk": "Церква святої Марії біля річки",
        "religion": "christian",
        "@geometry": "center"
      },
      "geometry": {
        "type": "Point",
        "coordinates": [
          18.7720087,
          42.4259809
        ]
      },
      "id": "way/165389719"
    },
    {
      "type": "Feature",
      "properties": {
        "@id": "way/165635394",
        "addr:city": "Podgorica",
        "addr:housenumber": "1",
        "addr:street": "Ivana Vujoševića",
        "amenity": "school",
        "name": "JU Osnovna škola \"Maksim Gorki\"",
        "@geometry": "center"
      },
      "geometry": {
        "type": "Point",
        "coordinates": [
          19.2502269,
          42.441074
        ]
      },
      "id": "way/165635394"
    },
    {
      "type": "Feature",
      "properties": {
        "@id": "way/167047356",
        "name:sr": "Болница Дамило I",
        "name": "Bolnica \"Danilo I\"",
        "amenity": "hospital",
        "building": "yes",
        "emergency": "yes",
        "healthcare": "hospital",
        "@geometry": "center"
      },
      "geometry": {
        "type": "Point",
        "coordinates": [
          18.9284174,
          42.3887994
        ]
      },
      "id": "way/167047356"
    },
    {
      "type": "Feature",
      "properties": {
        "@id": "way/167612701",
        "addr:city": "Igalo",
        "addr:housenumber": "39",
        "addr:postcode": "85347",
        "addr:street": "Skojevska",
        "amenity": "kindergarten",
        "name": "Naša radost",
        "@geometry": "center"
      },
      "geometry": {
        "type": "Point",
        "coordinates": [
          18.5099075,
          42.4611228
        ]
      },
      "id": "way/167612701"
    },
    {
      "type": "Feature",
      "properties": {
        "@id": "way/167975416",
        "amenity": "kindergarten",
        "@geometry": "center"
      },
      "geometry": {
        "type": "Point",
        "coordinates": [
          18.7717443,
          42.4274973
        ]
      },
      "id": "way/167975416"
    },
    {
      "type": "Feature",
      "properties": {
        "@id": "way/167977029",
        "amenity": "place_of_worship",
        "building": "mosque",
        "name": "Džamija Sultan Murat II",
        "name:sr": "Џамија Султан Мурат II",
        "religion": "muslim",
        "@geometry": "center"
      },
      "geometry": {
        "type": "Point",
        "coordinates": [
          20.1667639,
          42.8445141
        ]
      },
      "id": "way/167977029"
    },
    {
      "type": "Feature",
      "properties": {
        "@id": "way/167978117",
        "amenity": "hospital",
        "healthcare": "hospital",
        "@geometry": "center"
      },
      "geometry": {
        "type": "Point",
        "coordinates": [
          20.1650549,
          42.8407618
        ]
      },
      "id": "way/167978117"
    },
    {
      "type": "Feature",
      "properties": {
        "@id": "way/169092211",
        "amenity": "nightclub",
        "building": "yes",
        "name": "Paradiso",
        "name:sr": "Парадизо",
        "@geometry": "center"
      },
      "geometry": {
        "type": "Point",
        "coordinates": [
          19.1512037,
          42.0101164
        ]
      },
      "id": "way/169092211"
    },
    {
      "type": "Feature",
      "properties": {
        "@id": "way/170605796",
        "wikipedia": "hr:Džamija Selimija u Baru",
        "religion": "muslim",
        "amenity": "place_of_worship",
        "building": "yes",
        "name": "Džamija Selimija",
        "name:sr": "Џамија Селимија",
        "@geometry": "center"
      },
      "geometry": {
        "type": "Point",
        "coordinates": [
          19.1287517,
          42.0883039
        ]
      },
      "id": "way/170605796"
    },
    {
      "type": "Feature",
      "properties": {
        "@id": "way/172300111",
        "name": "Dom Zdravlja",
        "healthcare": "clinic",
        "building": "yes",
        "amenity": "clinic",
        "addr:city": "Bar",
        "addr:housenumber": "32",
        "addr:street": "Jovana Tomaševića",
        "@geometry": "center"
      },
      "geometry": {
        "type": "Point",
        "coordinates": [
          19.0943487,
          42.0998079
        ]
      },
      "id": "way/172300111"
    },
    {
      "type": "Feature",
      "properties": {
        "@id": "way/172302153",
        "name:sr": "Зелена пијаца",
        "name": "Zelena pijaca",
        "height": "7",
        "amenity": "marketplace",
        "building": "yes",
        "building:levels": "1",
        "@geometry": "center"
      },
      "geometry": {
        "type": "Point",
        "coordinates": [
          19.0994871,
          42.0978867
        ]
      },
      "id": "way/172302153"
    },
    {
      "type": "Feature",
      "properties": {
        "@id": "way/173055738",
        "amenity": "school",
        "@geometry": "center"
      },
      "geometry": {
        "type": "Point",
        "coordinates": [
          18.5753017,
          42.4488044
        ]
      },
      "id": "way/173055738"
    },
    {
      "type": "Feature",
      "properties": {
        "@id": "way/174830814",
        "amenity": "place_of_worship",
        "building": "yes",
        "@geometry": "center"
      },
      "geometry": {
        "type": "Point",
        "coordinates": [
          19.2729464,
          42.4417473
        ]
      },
      "id": "way/174830814"
    },
    {
      "type": "Feature",
      "properties": {
        "@id": "way/175188663",
        "addr:city": "Podgorica",
        "addr:street": "Cara Lazara",
        "amenity": "school",
        "name": "OŠ “Pavle Rovinski”",
        "@geometry": "center"
      },
      "geometry": {
        "type": "Point",
        "coordinates": [
          19.2766901,
          42.4278242
        ]
      },
      "id": "way/175188663"
    },
    {
      "type": "Feature",
      "properties": {
        "@id": "way/175188832",
        "addr:city": "Virpazar",
        "addr:housenumber": "bb",
        "addr:postcode": "81305",
        "addr:street": "Virpazar",
        "amenity": "school",
        "email": "os.j.tomasevic@gmail.com",
        "fax": "020/ 711-116",
        "name": "OŠ \"Jovan Tomašević\" Virpazar",
        "name:sr": "ОШ \"Јован Томашевић\" Виирпазар",
        "phone": "020/711-116",
        "start_date": "1970-4-27",
        "website": "https://osjovantomasevic.wordpress.com",
        "@geometry": "center"
      },
      "geometry": {
        "type": "Point",
        "coordinates": [
          19.0825326,
          42.2394092
        ]
      },
      "id": "way/175188832"
    },
    {
      "type": "Feature",
      "properties": {
        "@id": "way/175397069",
        "addr:city": "Podgorica",
        "addr:housenumber": "22",
        "addr:postcode": "81000",
        "addr:street": "Njegoševa",
        "amenity": "library",
        "building": "yes",
        "email": "nbp@t-com.me",
        "fax": "+382 (20) 664-718",
        "internet_access": "yes",
        "name": "Narodna biblioteka \"Radosav Ljumović\"",
        "name:sr": "Народна библиотека \"Радосав Љумовић\"",
        "phone": "+382 (20) 664-715",
        "website": "https://www.nbpg.me",
        "@geometry": "center"
      },
      "geometry": {
        "type": "Point",
        "coordinates": [
          19.2623099,
          42.441677
        ]
      },
      "id": "way/175397069"
    },
    {
      "type": "Feature",
      "properties": {
        "@id": "way/175397090",
        "healthcare": "hospital",
        "amenity": "hospital",
        "@geometry": "center"
      },
      "geometry": {
        "type": "Point",
        "coordinates": [
          19.24532,
          42.437209
        ]
      },
      "id": "way/175397090"
    },
    {
      "type": "Feature",
      "properties": {
        "@id": "way/175397092",
        "amenity": "school",
        "@geometry": "center"
      },
      "geometry": {
        "type": "Point",
        "coordinates": [
          19.2553646,
          42.4477506
        ]
      },
      "id": "way/175397092"
    },
    {
      "type": "Feature",
      "properties": {
        "@id": "way/175397093",
        "amenity": "school",
        "@geometry": "center"
      },
      "geometry": {
        "type": "Point",
        "coordinates": [
          19.2542557,
          42.4431965
        ]
      },
      "id": "way/175397093"
    },
    {
      "type": "Feature",
      "properties": {
        "@id": "way/175500983",
        "amenity": "place_of_worship",
        "building": "yes",
        "religion": "christian",
        "@geometry": "center"
      },
      "geometry": {
        "type": "Point",
        "coordinates": [
          19.2498266,
          42.4384792
        ]
      },
      "id": "way/175500983"
    },
    {
      "type": "Feature",
      "properties": {
        "@id": "way/175501033",
        "addr:city": "Podgorica",
        "addr:street": "Bulevar Džordža Vašingtona",
        "amenity": "place_of_worship",
        "building": "temple",
        "denomination": "serbian_orthodox",
        "name": "Hram Hristovog vaskrsenja",
        "name:de": "Kathedrale der Auferstehung Christi",
        "name:en": "Cathedral of the Resurrection of Christ",
        "name:sr": "Храм Христовог Васкрсења",
        "religion": "christian",
        "wikidata": "Q658743",
        "wikipedia": "it:Cattedrale della Resurrezione (Podgorica)",
        "@geometry": "center"
      },
      "geometry": {
        "type": "Point",
        "coordinates": [
          19.2482358,
          42.4456928
        ]
      },
      "id": "way/175501033"
    },
    {
      "type": "Feature",
      "properties": {
        "@id": "way/175501134",
        "amenity": "school",
        "@geometry": "center"
      },
      "geometry": {
        "type": "Point",
        "coordinates": [
          19.2517891,
          42.4453448
        ]
      },
      "id": "way/175501134"
    },
    {
      "type": "Feature",
      "properties": {
        "@id": "way/175501135",
        "addr:city": "Podgorica",
        "addr:street": "Trg Nikole Kovačevića",
        "amenity": "school",
        "name": "JU Osnovna škola \"Štampar Makarije\"",
        "@geometry": "center"
      },
      "geometry": {
        "type": "Point",
        "coordinates": [
          19.2415655,
          42.4465594
        ]
      },
      "id": "way/175501135"
    },
    {
      "type": "Feature",
      "properties": {
        "@id": "way/175641124",
        "name": "JU Osnovna škola \"Božidar Vuković Podgoričanin\"",
        "amenity": "school",
        "addr:housenumber": "bb",
        "addr:street": "VIII crnogorske brigade",
        "@geometry": "center"
      },
      "geometry": {
        "type": "Point",
        "coordinates": [
          19.2918839,
          42.4317986
        ]
      },
      "id": "way/175641124"
    },
    {
      "type": "Feature",
      "properties": {
        "@id": "way/176147859",
        "amenity": "school",
        "name": "Osnovna škola \"Dragiša Ivanović\"",
        "@geometry": "center"
      },
      "geometry": {
        "type": "Point",
        "coordinates": [
          19.2953964,
          42.4608934
        ]
      },
      "id": "way/176147859"
    },
    {
      "type": "Feature",
      "properties": {
        "@id": "way/176180433",
        "name:ru": "Госпа од Шкрпела",
        "amenity": "place_of_worship",
        "building": "yes",
        "denomination": "roman_catholic",
        "image": "https://commons.wikimedia.org/wiki/File:Gospa_od_Skrpjela_-_church.jpg",
        "int_name": "Our Lady of the Rocks",
        "name": "Gospa od Škrpjela",
        "name:de": "Maria vom Felsen",
        "name:en": "Our Lady of the Rocks",
        "name:es": "Nuestra Señora de las Rocas",
        "name:fr": "Église Notre-Dame-des-rochers",
        "name:hr": "Gospa od Škrpjela",
        "name:it": "Madonna dello Scarpello",
        "religion": "christian",
        "start_date": "1630",
        "wikidata": "Q1538617",
        "wikipedia": "en:Our Lady of the Rocks",
        "@geometry": "center"
      },
      "geometry": {
        "type": "Point",
        "coordinates": [
          18.6887324,
          42.4867
        ]
      },
      "id": "way/176180433"
    },
    {
      "type": "Feature",
      "properties": {
        "@id": "way/177915126",
        "amenity": "place_of_worship",
        "building": "church",
        "denomination": "catholic",
        "name": "Crkva Svetog Nikole",
        "name:sr": "Црква Светог Николе",
        "religion": "christian",
        "wheelchair": "no",
        "@geometry": "center"
      },
      "geometry": {
        "type": "Point",
        "coordinates": [
          18.6157319,
          42.4383939
        ]
      },
      "id": "way/177915126"
    },
    {
      "type": "Feature",
      "properties": {
        "@id": "way/178553602",
        "amenity": "place_of_worship",
        "building": "church",
        "denomination": "orthodox",
        "name": "Crkva Svetog Dimitrija",
        "religion": "christian",
        "@geometry": "center"
      },
      "geometry": {
        "type": "Point",
        "coordinates": [
          18.9833668,
          42.322787
        ]
      },
      "id": "way/178553602"
    },
    {
      "type": "Feature",
      "properties": {
        "@id": "way/179465927",
        "amenity": "place_of_worship",
        "building": "yes",
        "denomination": "orthodox",
        "religion": "christian",
        "@geometry": "center"
      },
      "geometry": {
        "type": "Point",
        "coordinates": [
          18.4956382,
          42.5027576
        ]
      },
      "id": "way/179465927"
    },
    {
      "type": "Feature",
      "properties": {
        "@id": "way/181583420",
        "amenity": "school",
        "name": "Gimnazija 30. septembar",
        "name:sr": "Гимназија 30. септембар",
        "@geometry": "center"
      },
      "geometry": {
        "type": "Point",
        "coordinates": [
          20.1734123,
          42.8438975
        ]
      },
      "id": "way/181583420"
    },
    {
      "type": "Feature",
      "properties": {
        "@id": "way/181584017",
        "amenity": "school",
        "name": "OŠ Mustafa Pećanin",
        "name:sr": "ОШ Мустафа Пећанин",
        "@geometry": "center"
      },
      "geometry": {
        "type": "Point",
        "coordinates": [
          20.167338,
          42.8448881
        ]
      },
      "id": "way/181584017"
    },
    {
      "type": "Feature",
      "properties": {
        "@id": "way/183791595",
        "amenity": "hospital",
        "name:sr": "Дом здравља",
        "healthcare": "hospital",
        "ele": "2",
        "building": "yes",
        "name": "Dom Zdravlja",
        "@geometry": "center"
      },
      "geometry": {
        "type": "Point",
        "coordinates": [
          18.8402959,
          42.2896868
        ]
      },
      "id": "way/183791595"
    },
    {
      "type": "Feature",
      "properties": {
        "@id": "way/185576891",
        "amenity": "university",
        "name": "Univerzitet Crne Gore",
        "name:sr": "Универзитет Црне Горе",
        "wikidata": "Q1786067",
        "@geometry": "center"
      },
      "geometry": {
        "type": "Point",
        "coordinates": [
          19.2402984,
          42.4427537
        ]
      },
      "id": "way/185576891"
    },
    {
      "type": "Feature",
      "properties": {
        "@id": "way/186817702",
        "name:ru": "Собор Святого Иоанна Крестителя",
        "wikidata": "Q11742529",
        "name:sr-Latn": "Crkva svetog Jovana Krstitelja",
        "name": "Crkva svetog Ivana Krstitelja",
        "name:sr": "Црква светог Јована Крститеља",
        "name:fr": "Église Saint-Jean-Baptiste",
        "name:en": "St. John the Baptist Church",
        "denomination": "roman_catholic",
        "religion": "christian",
        "amenity": "place_of_worship",
        "building": "church",
        "@geometry": "center"
      },
      "geometry": {
        "type": "Point",
        "coordinates": [
          18.8382987,
          42.2774662
        ]
      },
      "id": "way/186817702"
    },
    {
      "type": "Feature",
      "properties": {
        "@id": "way/186817704",
        "wikidata": "Q90901563",
        "name:ru": "Церковь Святой Троицы",
        "religion": "christian",
        "name:zh": "圣三一教堂",
        "name:uk": "Церква Святої Трійці",
        "name:sr": "Црква Свete Тројице",
        "name:fr": "Église de la Sainte-Trinité",
        "name:es": "Iglesia de Santa Trinidad",
        "amenity": "place_of_worship",
        "building": "church",
        "denomination": "serbian_orthodox",
        "name": "Crkva Svete Trojice",
        "name:en": "Church of the Holy Trinity",
        "@geometry": "center"
      },
      "geometry": {
        "type": "Point",
        "coordinates": [
          18.8379241,
          42.2773777
        ]
      },
      "id": "way/186817704"
    },
    {
      "type": "Feature",
      "properties": {
        "@id": "way/188148097",
        "addr:housenumber": "17",
        "addr:street": "ulica Vrankovića",
        "amenity": "nightclub",
        "building": "yes",
        "name": "Tondo",
        "name:sr": "Тондо",
        "@geometry": "center"
      },
      "geometry": {
        "type": "Point",
        "coordinates": [
          18.5321552,
          42.4518511
        ]
      },
      "id": "way/188148097"
    },
    {
      "type": "Feature",
      "properties": {
        "@id": "way/188808212",
        "amenity": "marketplace",
        "@geometry": "center"
      },
      "geometry": {
        "type": "Point",
        "coordinates": [
          18.5120506,
          42.4598316
        ]
      },
      "id": "way/188808212"
    },
    {
      "type": "Feature",
      "properties": {
        "@id": "way/189277321",
        "religion": "christian",
        "amenity": "place_of_worship",
        "building": "church",
        "denomination": "serbian_orthodox",
        "name": "Crkva Svete Trojice",
        "name:sr": "Црква Свете Тројице",
        "@geometry": "center"
      },
      "geometry": {
        "type": "Point",
        "coordinates": [
          18.5812357,
          42.4565418
        ]
      },
      "id": "way/189277321"
    },
    {
      "type": "Feature",
      "properties": {
        "@id": "way/192084423",
        "amenity": "place_of_worship",
        "building": "yes",
        "denomination": "serbian_orthodox",
        "name": "Sveti Jovan",
        "name:sr": "Свети Јован",
        "religion": "christian",
        "@geometry": "center"
      },
      "geometry": {
        "type": "Point",
        "coordinates": [
          18.6809713,
          42.3957047
        ]
      },
      "id": "way/192084423"
    },
    {
      "type": "Feature",
      "properties": {
        "@id": "way/192084448",
        "amenity": "place_of_worship",
        "building": "yes",
        "denomination": "serbian_orthodox",
        "name": "Црква Успења Пресвете Богородице",
        "religion": "christian",
        "@geometry": "center"
      },
      "geometry": {
        "type": "Point",
        "coordinates": [
          18.6714985,
          42.3989198
        ]
      },
      "id": "way/192084448"
    },
    {
      "type": "Feature",
      "properties": {
        "@id": "way/194016412",
        "amenity": "place_of_worship",
        "building": "church",
        "denomination": "roman_catholic",
        "name": "Crkva Svetog Antona",
        "religion": "christian",
        "@geometry": "center"
      },
      "geometry": {
        "type": "Point",
        "coordinates": [
          18.7072843,
          42.4321745
        ]
      },
      "id": "way/194016412"
    },
    {
      "type": "Feature",
      "properties": {
        "@id": "way/197031545",
        "name": "Crveni krst Crne Gore",
        "addr:street": "Jovana Tomaševića",
        "amenity": "clinic",
        "building": "yes",
        "healthcare": "clinic",
        "@geometry": "center"
      },
      "geometry": {
        "type": "Point",
        "coordinates": [
          19.2562881,
          42.4433298
        ]
      },
      "id": "way/197031545"
    },
    {
      "type": "Feature",
      "properties": {
        "@id": "way/197510017",
        "amenity": "hospital",
        "healthcare": "hospital",
        "name": "Dom zdravlja",
        "name:sr": "Дом здравља",
        "@geometry": "center"
      },
      "geometry": {
        "type": "Point",
        "coordinates": [
          19.2684723,
          42.4401697
        ]
      },
      "id": "way/197510017"
    },
    {
      "type": "Feature",
      "properties": {
        "@id": "way/197800217",
        "amenity": "place_of_worship",
        "building": "yes",
        "denomination": "serbian_orthodox",
        "name": "Crkva Svetog Đorđa",
        "name:de": "St. Georg",
        "name:en": "St. George",
        "name:sr": "Црква Светог Ђорђа",
        "religion": "christian",
        "@geometry": "center"
      },
      "geometry": {
        "type": "Point",
        "coordinates": [
          19.2671432,
          42.4454236
        ]
      },
      "id": "way/197800217"
    },
    {
      "type": "Feature",
      "properties": {
        "@id": "way/197926360",
        "addr:city": "Kotor",
        "addr:postcode": "85330",
        "addr:street": "Stari Grad",
        "amenity": "place_of_worship",
        "building": "yes",
        "denomination": "catholic",
        "description": "Crkva Svete Klare / Svetog Antuna u današnjem obliku potiče iz XVIII vijeka. U crkvi se nalazi raskošni barokni oltar, rad vajara Frančeska Kabjanke. Na mjestu današnjeg franjevačkog samostana nekada se nalazio ženski benediktinski samostan sa crkvom",
        "name": "Crkva Svete Klare / Svetog Antuna",
        "religion": "christian",
        "@geometry": "center"
      },
      "geometry": {
        "type": "Point",
        "coordinates": [
          18.7703978,
          42.4257135
        ]
      },
      "id": "way/197926360"
    },
    {
      "type": "Feature",
      "properties": {
        "@id": "way/197926361",
        "name:ru": "Церковь Святого Николая",
        "wikipedia": "sr:Црква Светог Николе у Котору",
        "wikidata": "Q26696607",
        "religion": "christian",
        "amenity": "place_of_worship",
        "building": "yes",
        "denomination": "serbian_orthodox",
        "name": "Crkva Svetog Nikole",
        "name:en": "Church of St Nicolas",
        "name:sr": "Црква Светог Николе",
        "name:sr-Latn": "Crkva Svetog Nikole",
        "name:uk": "Церква Святого Миколая",
        "@geometry": "center"
      },
      "geometry": {
        "type": "Point",
        "coordinates": [
          18.7708903,
          42.4258146
        ]
      },
      "id": "way/197926361"
    },
    {
      "type": "Feature",
      "properties": {
        "@id": "way/197926383",
        "religion": "christian",
        "name:es": "Iglesia de San Pablo",
        "amenity": "place_of_worship",
        "building": "yes",
        "name": "Crkva Svetog Pavla",
        "name:en": "Church of St Paul",
        "@geometry": "center"
      },
      "geometry": {
        "type": "Point",
        "coordinates": [
          18.7719668,
          42.4242826
        ]
      },
      "id": "way/197926383"
    },
    {
      "type": "Feature",
      "properties": {
        "@id": "way/203671965",
        "addr:housenumber": "11",
        "addr:street": "Trg Nikole Kovačevića",
        "amenity": "kindergarten",
        "name:sr": "Дјечији вртић Сунце",
        "name": "Dječiji vrtić Sunce",
        "@geometry": "center"
      },
      "geometry": {
        "type": "Point",
        "coordinates": [
          19.2416021,
          42.4481844
        ]
      },
      "id": "way/203671965"
    },
    {
      "type": "Feature",
      "properties": {
        "@id": "way/204500207",
        "amenity": "place_of_worship",
        "building": "yes",
        "religion": "christian",
        "@geometry": "center"
      },
      "geometry": {
        "type": "Point",
        "coordinates": [
          18.9380381,
          43.18979
        ]
      },
      "id": "way/204500207"
    },
    {
      "type": "Feature",
      "properties": {
        "@id": "way/206240905",
        "amenity": "school",
        "name": "OŠ 25. Maj",
        "@geometry": "center"
      },
      "geometry": {
        "type": "Point",
        "coordinates": [
          20.1659903,
          42.8395511
        ]
      },
      "id": "way/206240905"
    },
    {
      "type": "Feature",
      "properties": {
        "@id": "way/207343026",
        "addr:country": "ME",
        "amenity": "place_of_worship",
        "building": "yes",
        "name": "Osmanagića džamija",
        "religion": "muslim",
        "@geometry": "center"
      },
      "geometry": {
        "type": "Point",
        "coordinates": [
          19.2575201,
          42.4348937
        ]
      },
      "id": "way/207343026"
    },
    {
      "type": "Feature",
      "properties": {
        "@id": "way/207343036",
        "addr:housenumber": "44",
        "addr:street": "Božane Vučinić",
        "amenity": "school",
        "isced:level": "1;2",
        "name": "JU Osnovna škola 'Milorad Musa Burzan'",
        "website": "https://osmiloradmusaburzan.jimdofree.com",
        "@geometry": "center"
      },
      "geometry": {
        "type": "Point",
        "coordinates": [
          19.2611406,
          42.4325071
        ]
      },
      "id": "way/207343036"
    },
    {
      "type": "Feature",
      "properties": {
        "@id": "way/207363955",
        "religion": "christian",
        "building": "church",
        "amenity": "place_of_worship",
        "@geometry": "center"
      },
      "geometry": {
        "type": "Point",
        "coordinates": [
          18.7165187,
          42.4666617
        ]
      },
      "id": "way/207363955"
    },
    {
      "type": "Feature",
      "properties": {
        "@id": "way/207368583",
        "amenity": "community_centre",
        "building": "yes",
        "name": "Dom kulture \"Ilija Marković\"",
        "@geometry": "center"
      },
      "geometry": {
        "type": "Point",
        "coordinates": [
          18.707428,
          42.4541088
        ]
      },
      "id": "way/207368583"
    },
    {
      "type": "Feature",
      "properties": {
        "@id": "way/207368589",
        "name": "Sveta Marija",
        "amenity": "place_of_worship",
        "building": "church",
        "denomination": "roman_catholic",
        "religion": "christian",
        "start_date": "1410",
        "@geometry": "center"
      },
      "geometry": {
        "type": "Point",
        "coordinates": [
          18.7070274,
          42.4541689
        ]
      },
      "id": "way/207368589"
    },
    {
      "type": "Feature",
      "properties": {
        "@id": "way/207371525",
        "religion": "christian",
        "amenity": "place_of_worship",
        "name": "Sveti Petar",
        "@geometry": "center"
      },
      "geometry": {
        "type": "Point",
        "coordinates": [
          18.7343148,
          42.4263944
        ]
      },
      "id": "way/207371525"
    },
    {
      "type": "Feature",
      "properties": {
        "@id": "way/207434563",
        "tourism": "attraction",
        "amenity": "place_of_worship",
        "name:en": "Church of Our Lady of Remedy",
        "building": "yes",
        "religion": "christian",
        "name:ru": "Церковь Богоматери Здравоохранения",
        "name:de": "Cskva Gospa od Zdravlja",
        "denomination": "roman_catholic",
        "name": "Crkva Gospe od Zdravlja",
        "@geometry": "center"
      },
      "geometry": {
        "type": "Point",
        "coordinates": [
          18.7732589,
          42.4242714
        ]
      },
      "id": "way/207434563"
    },
    {
      "type": "Feature",
      "properties": {
        "@id": "way/207440508",
        "ruins": "yes",
        "name": "Stara Župna crkva",
        "religion": "christian",
        "denomination": "catholic",
        "amenity": "place_of_worship",
        "@geometry": "center"
      },
      "geometry": {
        "type": "Point",
        "coordinates": [
          18.7445287,
          42.4496933
        ]
      },
      "id": "way/207440508"
    },
    {
      "type": "Feature",
      "properties": {
        "@id": "way/207477335",
        "amenity": "place_of_worship",
        "name": "Sveti Ilija",
        "religion": "christian",
        "@geometry": "center"
      },
      "geometry": {
        "type": "Point",
        "coordinates": [
          18.763681,
          42.4360464
        ]
      },
      "id": "way/207477335"
    },
    {
      "type": "Feature",
      "properties": {
        "@id": "way/207524461",
        "name:ru": "Монастырь Острог",
        "amenity": "place_of_worship",
        "building": "monastery",
        "denomination": "serbian_orthodox",
        "historic": "monastery",
        "int_name": "Monastery Ostrog",
        "name": "Манастир Острог",
        "name:en": "Ostrog Monastery",
        "name:pl": "Monaster Ostrog",
        "name:sr-Latn": "Manastir Ostrog",
        "name:zh": "奥斯特罗格修道院",
        "religion": "christian",
        "tourism": "attraction",
        "wikidata": "Q1257434",
        "wikipedia": "en:Ostrog Monastery",
        "@geometry": "center"
      },
      "geometry": {
        "type": "Point",
        "coordinates": [
          19.0305778,
          42.6747668
        ]
      },
      "id": "way/207524461"
    },
    {
      "type": "Feature",
      "properties": {
        "@id": "way/207626327",
        "name:ru": "Церковь Святого Луки",
        "wikipedia": "sr:Црква Светог Луке у Котору",
        "amenity": "place_of_worship",
        "building": "church",
        "denomination": "serbian_orthodox",
        "name": "Crkva sv. Luke",
        "name:en": "Church of Saint Luke",
        "name:es": "Iglesia de San Lucas",
        "name:sr": "Црква светог Луке",
        "name:uk": "Церква Святого Луки",
        "religion": "christian",
        "wikidata": "Q16535581",
        "@geometry": "center"
      },
      "geometry": {
        "type": "Point",
        "coordinates": [
          18.7712129,
          42.4255036
        ]
      },
      "id": "way/207626327"
    },
    {
      "type": "Feature",
      "properties": {
        "@id": "way/207627692",
        "amenity": "place_of_worship",
        "building": "yes",
        "denomination": "orthodox",
        "name": "Sv. Vasilija Ostroskog",
        "religion": "christian",
        "@geometry": "center"
      },
      "geometry": {
        "type": "Point",
        "coordinates": [
          19.1251314,
          42.3916237
        ]
      },
      "id": "way/207627692"
    },
    {
      "type": "Feature",
      "properties": {
        "@id": "way/207974715",
        "amenity": "place_of_worship",
        "name": "Sveti Toma",
        "religion": "christian",
        "@geometry": "center"
      },
      "geometry": {
        "type": "Point",
        "coordinates": [
          18.5230816,
          42.4725081
        ]
      },
      "id": "way/207974715"
    },
    {
      "type": "Feature",
      "properties": {
        "@id": "way/208308361",
        "amenity": "place_of_worship",
        "building": "church",
        "denomination": "serbian_orthodox",
        "name": "Crkva Svetog Nikole",
        "name:sr": "Црква Светог Николе",
        "religion": "christian",
        "@geometry": "center"
      },
      "geometry": {
        "type": "Point",
        "coordinates": [
          19.1452267,
          42.2706329
        ]
      },
      "id": "way/208308361"
    },
    {
      "type": "Feature",
      "properties": {
        "@id": "way/208387667",
        "religion": "christian",
        "amenity": "place_of_worship",
        "building": "yes",
        "@geometry": "center"
      },
      "geometry": {
        "type": "Point",
        "coordinates": [
          18.9008136,
          42.3741083
        ]
      },
      "id": "way/208387667"
    },
    {
      "type": "Feature",
      "properties": {
        "@id": "way/208412973",
        "wikidata": "Q3824331",
        "amenity": "place_of_worship",
        "denomination": "orthodox",
        "historic": "monastery",
        "name": "Kom",
        "name:en": "Kom Monastry",
        "name:sr": "Manastir Kom",
        "religion": "christian",
        "@geometry": "center"
      },
      "geometry": {
        "type": "Point",
        "coordinates": [
          19.1282055,
          42.3100807
        ]
      },
      "id": "way/208412973"
    },
    {
      "type": "Feature",
      "properties": {
        "@id": "way/208416343",
        "amenity": "place_of_worship",
        "building": "church",
        "religion": "christian",
        "@geometry": "center"
      },
      "geometry": {
        "type": "Point",
        "coordinates": [
          19.1575361,
          42.3172805
        ]
      },
      "id": "way/208416343"
    },
    {
      "type": "Feature",
      "properties": {
        "@id": "way/209749977",
        "name": "Državni arhiv Crne Gore",
        "building": "yes",
        "amenity": "library",
        "@geometry": "center"
      },
      "geometry": {
        "type": "Point",
        "coordinates": [
          18.9239141,
          42.3883316
        ]
      },
      "id": "way/209749977"
    },
    {
      "type": "Feature",
      "properties": {
        "@id": "way/209773562",
        "amenity": "school",
        "building": "school",
        "@geometry": "center"
      },
      "geometry": {
        "type": "Point",
        "coordinates": [
          19.0790589,
          42.5651469
        ]
      },
      "id": "way/209773562"
    },
    {
      "type": "Feature",
      "properties": {
        "@id": "way/210205459",
        "addr:street": "arhitekete Milana Popovića",
        "website": "http://www.ljubicapopovic.com",
        "amenity": "kindergarten",
        "name": "Dječiji vrtić - JPU \"Ljubica Popović\"",
        "addr:housenumber": "1",
        "addr:city": "Podgorica",
        "@geometry": "center"
      },
      "geometry": {
        "type": "Point",
        "coordinates": [
          19.2530719,
          42.4402871
        ]
      },
      "id": "way/210205459"
    },
    {
      "type": "Feature",
      "properties": {
        "@id": "way/210209304",
        "building": "yes",
        "name": "Klinika za onkologiju i radioterapiju",
        "amenity": "clinic",
        "healthcare": "clinic",
        "@geometry": "center"
      },
      "geometry": {
        "type": "Point",
        "coordinates": [
          19.2472759,
          42.4366725
        ]
      },
      "id": "way/210209304"
    },
    {
      "type": "Feature",
      "properties": {
        "@id": "way/210209839",
        "addr:housenumber": "bb",
        "name": "Institut za patologiju",
        "healthcare": "clinic",
        "building": "yes",
        "addr:city": "Podgorica",
        "addr:postcode": "81000",
        "addr:street": "Ljubljanska",
        "amenity": "clinic",
        "@geometry": "center"
      },
      "geometry": {
        "type": "Point",
        "coordinates": [
          19.2435659,
          42.4383228
        ]
      },
      "id": "way/210209839"
    },
    {
      "type": "Feature",
      "properties": {
        "@id": "way/210292089",
        "name": "Osnovna škola LPO",
        "amenity": "school",
        "@geometry": "center"
      },
      "geometry": {
        "type": "Point",
        "coordinates": [
          18.9179829,
          42.3919211
        ]
      },
      "id": "way/210292089"
    },
    {
      "type": "Feature",
      "properties": {
        "@id": "way/211465183",
        "addr:city": "Podgorica",
        "addr:postcode": "81000",
        "addr:street": "Bulevar Peka Dapčevića",
        "amenity": "place_of_worship",
        "building": "church",
        "denomination": "roman_catholic",
        "name": "Crkva Presvetog Srca Isusovog",
        "name:sr": "Црква Пресветог Срца Исусовог",
        "religion": "christian",
        "wikidata": "Q5117907",
        "@geometry": "center"
      },
      "geometry": {
        "type": "Point",
        "coordinates": [
          19.2756882,
          42.4377741
        ]
      },
      "id": "way/211465183"
    },
    {
      "type": "Feature",
      "properties": {
        "@id": "way/211671844",
        "addr:city": "Podgorica",
        "addr:country": "ME",
        "addr:housenumber": "42",
        "addr:street": "Gojka Radonjića",
        "amenity": "place_of_worship",
        "building": "yes",
        "name": "Starodoganjska džamija",
        "religion": "muslim",
        "@geometry": "center"
      },
      "geometry": {
        "type": "Point",
        "coordinates": [
          19.2590959,
          42.4376582
        ]
      },
      "id": "way/211671844"
    },
    {
      "type": "Feature",
      "properties": {
        "@id": "way/212468797",
        "religion": "christian",
        "abandoned:building": "yes",
        "amenity": "place_of_worship",
        "building": "church",
        "name": "Sveti Đorđe",
        "@geometry": "center"
      },
      "geometry": {
        "type": "Point",
        "coordinates": [
          18.7759154,
          42.4224849
        ]
      },
      "id": "way/212468797"
    },
    {
      "type": "Feature",
      "properties": {
        "@id": "way/212741491",
        "amenity": "hospital",
        "emergency": "yes",
        "healthcare": "hospital",
        "name": "Opšta bolnica Nikšić",
        "name:sr": "Општа болница Никшић",
        "name:sr-Latn": "Opšta bolnica Nikšić",
        "@geometry": "center"
      },
      "geometry": {
        "type": "Point",
        "coordinates": [
          18.9441989,
          42.7775209
        ]
      },
      "id": "way/212741491"
    },
    {
      "type": "Feature",
      "properties": {
        "@id": "way/213586025",
        "amenity": "place_of_worship",
        "building": "yes",
        "@geometry": "center"
      },
      "geometry": {
        "type": "Point",
        "coordinates": [
          18.8276279,
          42.4275296
        ]
      },
      "id": "way/213586025"
    },
    {
      "type": "Feature",
      "properties": {
        "@id": "way/213586034",
        "amenity": "place_of_worship",
        "building": "yes",
        "@geometry": "center"
      },
      "geometry": {
        "type": "Point",
        "coordinates": [
          18.8276725,
          42.4276
        ]
      },
      "id": "way/213586034"
    },
    {
      "type": "Feature",
      "properties": {
        "@id": "way/213904557",
        "amenity": "place_of_worship",
        "building": "yes",
        "name": "Manastir Ždrebaonik",
        "@geometry": "center"
      },
      "geometry": {
        "type": "Point",
        "coordinates": [
          19.1228278,
          42.5604202
        ]
      },
      "id": "way/213904557"
    },
    {
      "type": "Feature",
      "properties": {
        "@id": "way/214205516",
        "amenity": "place_of_worship",
        "@geometry": "center"
      },
      "geometry": {
        "type": "Point",
        "coordinates": [
          19.0030487,
          42.2738138
        ]
      },
      "id": "way/214205516"
    },
    {
      "type": "Feature",
      "properties": {
        "@id": "way/215331598",
        "amenity": "marketplace",
        "@geometry": "center"
      },
      "geometry": {
        "type": "Point",
        "coordinates": [
          18.7940582,
          42.4033117
        ]
      },
      "id": "way/215331598"
    },
    {
      "type": "Feature",
      "properties": {
        "@id": "way/218650351",
        "name": "Gradska pijaca",
        "amenity": "marketplace",
        "@geometry": "center"
      },
      "geometry": {
        "type": "Point",
        "coordinates": [
          18.9501357,
          42.7746136
        ]
      },
      "id": "way/218650351"
    },
    {
      "type": "Feature",
      "properties": {
        "@id": "way/219105861",
        "religion": "christian",
        "name": "Cetinjski manastir",
        "amenity": "place_of_worship",
        "building": "yes",
        "denomination": "serbian_orthodox",
        "@geometry": "center"
      },
      "geometry": {
        "type": "Point",
        "coordinates": [
          18.9216729,
          42.3877518
        ]
      },
      "id": "way/219105861"
    },
    {
      "type": "Feature",
      "properties": {
        "@id": "way/219757345",
        "name:ru": "Собор Святого Иоанна Владимира",
        "wikipedia": "sr:Саборни храм у Бару",
        "addr:city": "Bar",
        "addr:housenumber": "38",
        "addr:postcode": "85000",
        "addr:street": "Jovana Tomaševića",
        "amenity": "place_of_worship",
        "building": "church",
        "denomination": "serbian_orthodox",
        "email": "hrambar@t-com.me",
        "name": "Hram svetog Jovana Vladimira",
        "name:sr": "Храм светог Јована Владимира",
        "phone": "+38230315106",
        "religion": "christian",
        "website": "http://www.hrambar.com",
        "wheelchair": "yes",
        "wikidata": "Q61133033",
        "@geometry": "center"
      },
      "geometry": {
        "type": "Point",
        "coordinates": [
          19.0939504,
          42.1015025
        ]
      },
      "id": "way/219757345"
    },
    {
      "type": "Feature",
      "properties": {
        "@id": "way/220109292",
        "addr:city": "Sutorina",
        "addr:street": "Hercegovačka",
        "amenity": "school",
        "building": "yes",
        "@geometry": "center"
      },
      "geometry": {
        "type": "Point",
        "coordinates": [
          18.477596,
          42.4747995
        ]
      },
      "id": "way/220109292"
    },
    {
      "type": "Feature",
      "properties": {
        "@id": "way/220335613",
        "amenity": "community_centre",
        "building": "yes",
        "name": "Centar za kulturu Bijela",
        "@geometry": "center"
      },
      "geometry": {
        "type": "Point",
        "coordinates": [
          18.650365,
          42.4507742
        ]
      },
      "id": "way/220335613"
    },
    {
      "type": "Feature",
      "properties": {
        "@id": "way/220704646",
        "amenity": "place_of_worship",
        "building": "yes",
        "name": "Kučanska džamija",
        "religion": "muslim",
        "@geometry": "center"
      },
      "geometry": {
        "type": "Point",
        "coordinates": [
          20.1696504,
          42.8448507
        ]
      },
      "id": "way/220704646"
    },
    {
      "type": "Feature",
      "properties": {
        "@id": "way/220706781",
        "amenity": "place_of_worship",
        "building": "yes",
        "denomination": "serbian_orthodox",
        "name": "Ruzica",
        "name:sr": "Ружица",
        "religion": "christian",
        "@geometry": "center"
      },
      "geometry": {
        "type": "Point",
        "coordinates": [
          20.1642797,
          42.841405
        ]
      },
      "id": "way/220706781"
    },
    {
      "type": "Feature",
      "properties": {
        "@id": "way/221505365",
        "amenity": "place_of_worship",
        "building": "mosque",
        "name": "Sultanija",
        "religion": "muslim",
        "tourism": "attraction",
        "@geometry": "center"
      },
      "geometry": {
        "type": "Point",
        "coordinates": [
          19.9441513,
          42.5974179
        ]
      },
      "id": "way/221505365"
    },
    {
      "type": "Feature",
      "properties": {
        "@id": "way/221505369",
        "amenity": "place_of_worship",
        "building": "mosque",
        "name": "Sabovica",
        "religion": "muslim",
        "@geometry": "center"
      },
      "geometry": {
        "type": "Point",
        "coordinates": [
          19.9440696,
          42.5948987
        ]
      },
      "id": "way/221505369"
    },
    {
      "type": "Feature",
      "properties": {
        "@id": "way/223248486",
        "amenity": "place_of_worship",
        "building": "church",
        "denomination": "serbian_orthodox",
        "name": "Crkva Svetog Save",
        "name:sr": "Црква Светог Саве",
        "religion": "christian",
        "@geometry": "center"
      },
      "geometry": {
        "type": "Point",
        "coordinates": [
          18.6983763,
          42.4326636
        ]
      },
      "id": "way/223248486"
    },
    {
      "type": "Feature",
      "properties": {
        "@id": "way/223248493",
        "building:levels": "1",
        "amenity": "community_centre",
        "building": "yes",
        "@geometry": "center"
      },
      "geometry": {
        "type": "Point",
        "coordinates": [
          18.6936813,
          42.4369621
        ]
      },
      "id": "way/223248493"
    },
    {
      "type": "Feature",
      "properties": {
        "@id": "way/223248497",
        "addr:housenumber": "4",
        "addr:street": "Luke Tomanovića",
        "amenity": "community_centre",
        "building": "yes",
        "building:levels": "4",
        "name": "Centar za kulturu Tivat",
        "@geometry": "center"
      },
      "geometry": {
        "type": "Point",
        "coordinates": [
          18.6979567,
          42.4319607
        ]
      },
      "id": "way/223248497"
    },
    {
      "type": "Feature",
      "properties": {
        "@id": "way/223689393",
        "building": "yes",
        "amenity": "place_of_worship",
        "denomination": "serbian_orthodox",
        "religion": "christian",
        "@geometry": "center"
      },
      "geometry": {
        "type": "Point",
        "coordinates": [
          18.5891678,
          42.7267367
        ]
      },
      "id": "way/223689393"
    },
    {
      "type": "Feature",
      "properties": {
        "@id": "way/224396419",
        "addr:city": "Kotor",
        "addr:postcode": "85330",
        "addr:street": "Benovo",
        "amenity": "school",
        "building": "school",
        "building:levels": "2",
        "email": "skola@os-njegos-ko.edu.me",
        "name": "Osnovna škola \"Njegoš\"",
        "name:sr": "Основна школа \"Његош\"",
        "name:sr-Latn": "Osnovna škola \"Njegoš\"",
        "phone": "+38232304284",
        "@geometry": "center"
      },
      "geometry": {
        "type": "Point",
        "coordinates": [
          18.7714225,
          42.4267744
        ]
      },
      "id": "way/224396419"
    },
    {
      "type": "Feature",
      "properties": {
        "@id": "way/224470430",
        "amenity": "school",
        "@geometry": "center"
      },
      "geometry": {
        "type": "Point",
        "coordinates": [
          18.9482822,
          42.2033809
        ]
      },
      "id": "way/224470430"
    },
    {
      "type": "Feature",
      "properties": {
        "@id": "way/225566950",
        "building": "yes",
        "name": "Vrtić \"Lastavica\"",
        "amenity": "school",
        "@geometry": "center"
      },
      "geometry": {
        "type": "Point",
        "coordinates": [
          18.9493302,
          42.7784964
        ]
      },
      "id": "way/225566950"
    },
    {
      "type": "Feature",
      "properties": {
        "@id": "way/225567343",
        "amenity": "place_of_worship",
        "building": "yes",
        "name": "Džamija",
        "name:es": "Mezquita",
        "religion": "muslim",
        "@geometry": "center"
      },
      "geometry": {
        "type": "Point",
        "coordinates": [
          18.9460828,
          42.7773912
        ]
      },
      "id": "way/225567343"
    },
    {
      "type": "Feature",
      "properties": {
        "@id": "way/225619268",
        "amenity": "school",
        "@geometry": "center"
      },
      "geometry": {
        "type": "Point",
        "coordinates": [
          18.9545932,
          42.7762312
        ]
      },
      "id": "way/225619268"
    },
    {
      "type": "Feature",
      "properties": {
        "@id": "way/225682481",
        "amenity": "hospital",
        "building": "yes",
        "emergency": "no",
        "healthcare": "hospital",
        "name": "Centralni dom zdravlja Stari Aerodrom",
        "@geometry": "center"
      },
      "geometry": {
        "type": "Point",
        "coordinates": [
          19.2785121,
          42.4306867
        ]
      },
      "id": "way/225682481"
    },
    {
      "type": "Feature",
      "properties": {
        "@id": "way/225682563",
        "name:ru": "Церковь Рождества Богородицы на Джипуре",
        "wikipedia": "sr:Дворска црква на Ћипуру",
        "wikidata": "Q16108236",
        "start_date": "1886",
        "religion": "christian",
        "name:uk": "Церква на Дворі",
        "name:sr": "Црква на Ћипуру",
        "name:fr": "Chapelle de la Nativité de la Sainte Vierge à Ćipur",
        "name:en": "Court Church",
        "amenity": "place_of_worship",
        "building": "church",
        "denomination": "serbian_orthodox",
        "name": "Crkva na Ćipuru",
        "@geometry": "center"
      },
      "geometry": {
        "type": "Point",
        "coordinates": [
          18.9235165,
          42.3869049
        ]
      },
      "id": "way/225682563"
    },
    {
      "type": "Feature",
      "properties": {
        "@id": "way/226311398",
        "amenity": "place_of_worship",
        "building": "yes",
        "religion": "christian",
        "@geometry": "center"
      },
      "geometry": {
        "type": "Point",
        "coordinates": [
          18.7679167,
          42.415369
        ]
      },
      "id": "way/226311398"
    },
    {
      "type": "Feature",
      "properties": {
        "@id": "way/228264502",
        "religion": "christian",
        "building": "yes",
        "amenity": "place_of_worship",
        "denomination": "catholic",
        "name": "Sveti Roko",
        "@geometry": "center"
      },
      "geometry": {
        "type": "Point",
        "coordinates": [
          18.6868145,
          42.447545
        ]
      },
      "id": "way/228264502"
    },
    {
      "type": "Feature",
      "properties": {
        "@id": "way/231615068",
        "religion": "christian",
        "amenity": "place_of_worship",
        "building": "yes",
        "name": "Sv. Jovan",
        "name:sr": "Св. Јован",
        "@geometry": "center"
      },
      "geometry": {
        "type": "Point",
        "coordinates": [
          18.8393534,
          42.3041372
        ]
      },
      "id": "way/231615068"
    },
    {
      "type": "Feature",
      "properties": {
        "@id": "way/231615069",
        "name:ru": "Церковь святого Иоанна богослова",
        "amenity": "place_of_worship",
        "religion": "christian",
        "@geometry": "center"
      },
      "geometry": {
        "type": "Point",
        "coordinates": [
          18.8391589,
          42.3041009
        ]
      },
      "id": "way/231615069"
    },
    {
      "type": "Feature",
      "properties": {
        "@id": "way/233666370",
        "addr:city": "Niksic",
        "addr:housenumber": "7",
        "addr:postcode": "81400",
        "addr:street": "Skadarska",
        "amenity": "school",
        "building": "yes",
        "building:levels": "3",
        "name": "OŠ \"Olga Golović\"",
        "name:sr": "ОШ \"Олга Головић\"",
        "name:sr-Latn": "OŠ \"Olga Golović\"",
        "opening_hours": "Mo-Fr 08:00-19:00",
        "website": "https://www.facebook.com/os.golovic",
        "@geometry": "center"
      },
      "geometry": {
        "type": "Point",
        "coordinates": [
          18.9463322,
          42.7760111
        ]
      },
      "id": "way/233666370"
    },
    {
      "type": "Feature",
      "properties": {
        "@id": "way/234157447",
        "building": "yes",
        "amenity": "place_of_worship",
        "@geometry": "center"
      },
      "geometry": {
        "type": "Point",
        "coordinates": [
          18.8463314,
          42.2941119
        ]
      },
      "id": "way/234157447"
    },
    {
      "type": "Feature",
      "properties": {
        "@id": "way/234157577",
        "building": "yes",
        "amenity": "place_of_worship",
        "@geometry": "center"
      },
      "geometry": {
        "type": "Point",
        "coordinates": [
          18.8464369,
          42.2939835
        ]
      },
      "id": "way/234157577"
    },
    {
      "type": "Feature",
      "properties": {
        "@id": "way/234291666",
        "religion": "christian",
        "name:sr": "Цркве светог Томе",
        "name": "Crkva svetog Tome",
        "amenity": "place_of_worship",
        "building": "yes",
        "denomination": "serbian_orthodox",
        "@geometry": "center"
      },
      "geometry": {
        "type": "Point",
        "coordinates": [
          18.8352277,
          42.2814032
        ]
      },
      "id": "way/234291666"
    },
    {
      "type": "Feature",
      "properties": {
        "@id": "way/234291670",
        "opening_hours": "Mo-Fr 08:00-22:00",
        "name": "Apoteka Molekul",
        "healthcare": "pharmacy",
        "dispensing": "yes",
        "building": "yes",
        "amenity": "pharmacy",
        "@geometry": "center"
      },
      "geometry": {
        "type": "Point",
        "coordinates": [
          18.83901,
          42.2867237
        ]
      },
      "id": "way/234291670"
    },
    {
      "type": "Feature",
      "properties": {
        "@id": "way/234291861",
        "religion": "christian",
        "name:sr": "Црква светог Анђела",
        "name": "Crkva svetog Anđela",
        "amenity": "place_of_worship",
        "building": "yes",
        "denomination": "serbian_orthodox",
        "@geometry": "center"
      },
      "geometry": {
        "type": "Point",
        "coordinates": [
          18.8352157,
          42.281194
        ]
      },
      "id": "way/234291861"
    },
    {
      "type": "Feature",
      "properties": {
        "@id": "way/234335181",
        "amenity": "place_of_worship",
        "building": "yes",
        "@geometry": "center"
      },
      "geometry": {
        "type": "Point",
        "coordinates": [
          19.3561168,
          43.324488
        ]
      },
      "id": "way/234335181"
    },
    {
      "type": "Feature",
      "properties": {
        "@id": "way/234538976",
        "amenity": "place_of_worship",
        "building": "church",
        "building:levels": "1",
        "denomination": "orthodox",
        "name": "Crkva Sv Ivana Krstitelja",
        "religion": "christian",
        "@geometry": "center"
      },
      "geometry": {
        "type": "Point",
        "coordinates": [
          18.7528844,
          42.4493016
        ]
      },
      "id": "way/234538976"
    },
    {
      "type": "Feature",
      "properties": {
        "@id": "way/234538988",
        "addr:city": "Kotor",
        "addr:postcode": "85330",
        "addr:street": "Škaljari",
        "amenity": "hospital",
        "emergency": "yes",
        "healthcare": "hospital",
        "name": "Opšta bolnica Kotor",
        "name:sr": "Општа болница Котор",
        "name:sr-Latn": "Opšta bolnica Kotor",
        "@geometry": "center"
      },
      "geometry": {
        "type": "Point",
        "coordinates": [
          18.7635779,
          42.4207814
        ]
      },
      "id": "way/234538988"
    },
    {
      "type": "Feature",
      "properties": {
        "@id": "way/235874252",
        "name": "Brezovik",
        "amenity": "hospital",
        "contact:website": "http://www.brezovik.me/",
        "@geometry": "center"
      },
      "geometry": {
        "type": "Point",
        "coordinates": [
          18.924178,
          42.8190647
        ]
      },
      "id": "way/235874252"
    },
    {
      "type": "Feature",
      "properties": {
        "@id": "way/236430021",
        "website": "http://www.kotorskabiskupija.net/index.php?option=com_content&task=view&id=31&Itemid=51",
        "religion": "christian",
        "name": "Crkva Svetog Eustahija",
        "name:sr": "Црква светог Еустахија",
        "amenity": "place_of_worship",
        "building": "church",
        "denomination": "roman_catholic",
        "name:en": "Church of St. Eustachius",
        "name:pl": "Kościół św. Eustachego",
        "@geometry": "center"
      },
      "geometry": {
        "type": "Point",
        "coordinates": [
          18.7637785,
          42.4670409
        ]
      },
      "id": "way/236430021"
    },
    {
      "type": "Feature",
      "properties": {
        "@id": "way/237291174",
        "amenity": "marketplace",
        "name": "Pijaca Konik",
        "@geometry": "center"
      },
      "geometry": {
        "type": "Point",
        "coordinates": [
          19.2816477,
          42.4376398
        ]
      },
      "id": "way/237291174"
    },
    {
      "type": "Feature",
      "properties": {
        "@id": "way/237666534",
        "url": "https://youtu.be/3j0nfjpO7wg",
        "religion": "christian",
        "amenity": "place_of_worship",
        "building": "yes",
        "name": "Sveta Nedjelja",
        "@geometry": "center"
      },
      "geometry": {
        "type": "Point",
        "coordinates": [
          18.9364789,
          42.1984379
        ]
      },
      "id": "way/237666534"
    },
    {
      "type": "Feature",
      "properties": {
        "@id": "way/238788024",
        "amenity": "pharmacy",
        "healthcare": "pharmacy",
        "name": "Mogren",
        "operator": "Mogren",
        "@geometry": "center"
      },
      "geometry": {
        "type": "Point",
        "coordinates": [
          18.8401127,
          42.2897066
        ]
      },
      "id": "way/238788024"
    },
    {
      "type": "Feature",
      "properties": {
        "@id": "way/239639613",
        "addr:city": "Ostros",
        "addr:postcode": "85635",
        "amenity": "school",
        "email": "skola@os-djkskenderbeg-br.edu.me",
        "name": "Osnova škola “Đerđ Kastrioti Skenderbeg”",
        "name:sq": "Shkolla Fillore \"Gjergj Kastrioti Skenderbeu\"",
        "phone": "030-752-002",
        "@geometry": "center"
      },
      "geometry": {
        "type": "Point",
        "coordinates": [
          19.3049393,
          42.0883337
        ]
      },
      "id": "way/239639613"
    },
    {
      "type": "Feature",
      "properties": {
        "@id": "way/239874539",
        "amenity": "school",
        "@geometry": "center"
      },
      "geometry": {
        "type": "Point",
        "coordinates": [
          19.0444482,
          42.140083
        ]
      },
      "id": "way/239874539"
    },
    {
      "type": "Feature",
      "properties": {
        "@id": "way/239882349",
        "name": "Obdanište",
        "amenity": "kindergarten",
        "@geometry": "center"
      },
      "geometry": {
        "type": "Point",
        "coordinates": [
          18.8500012,
          42.2895357
        ]
      },
      "id": "way/239882349"
    },
    {
      "type": "Feature",
      "properties": {
        "@id": "way/239882383",
        "amenity": "school",
        "@geometry": "center"
      },
      "geometry": {
        "type": "Point",
        "coordinates": [
          18.8458578,
          42.293009
        ]
      },
      "id": "way/239882383"
    },
    {
      "type": "Feature",
      "properties": {
        "@id": "way/240245092",
        "amenity": "place_of_worship",
        "building": "church",
        "denomination": "serbian_orthodox",
        "name": "Crkva svetog Petra i Pavla",
        "name:sr": "Црква светог Петра и Павла",
        "religion": "christian",
        "@geometry": "center"
      },
      "geometry": {
        "type": "Point",
        "coordinates": [
          18.6962399,
          42.5137359
        ]
      },
      "id": "way/240245092"
    },
    {
      "type": "Feature",
      "properties": {
        "@id": "way/240511684",
        "name:sr": "Дјечији вртић Сунцокрили",
        "name": "Dječiji vrtić Suncokrili",
        "is_in": "blok 5",
        "amenity": "kindergarten",
        "@geometry": "center"
      },
      "geometry": {
        "type": "Point",
        "coordinates": [
          19.244884,
          42.446308
        ]
      },
      "id": "way/240511684"
    },
    {
      "type": "Feature",
      "properties": {
        "@id": "way/241217010",
        "amenity": "place_of_worship",
        "building": "mosque",
        "int_name": "Husein-paša's Mosque",
        "name": "Husein-pašina džamija",
        "religion": "muslim",
        "wikidata": "Q1639036",
        "wikipedia": "en:Husein-paša's Mosque",
        "@geometry": "center"
      },
      "geometry": {
        "type": "Point",
        "coordinates": [
          19.3576811,
          43.3567431
        ]
      },
      "id": "way/241217010"
    },
    {
      "type": "Feature",
      "properties": {
        "@id": "way/241225730",
        "amenity": "place_of_worship",
        "building": "mosque",
        "name": "Rizvan Čauš džamija",
        "religion": "muslim",
        "@geometry": "center"
      },
      "geometry": {
        "type": "Point",
        "coordinates": [
          19.3575204,
          43.3591526
        ]
      },
      "id": "way/241225730"
    },
    {
      "type": "Feature",
      "properties": {
        "@id": "way/241225732",
        "amenity": "marketplace",
        "@geometry": "center"
      },
      "geometry": {
        "type": "Point",
        "coordinates": [
          19.3574223,
          43.3574859
        ]
      },
      "id": "way/241225732"
    },
    {
      "type": "Feature",
      "properties": {
        "@id": "way/241256130",
        "amenity": "place_of_worship",
        "building": "yes",
        "denomination": "serbian_orthodox",
        "religion": "christian",
        "@geometry": "center"
      },
      "geometry": {
        "type": "Point",
        "coordinates": [
          19.5783051,
          42.9581926
        ]
      },
      "id": "way/241256130"
    },
    {
      "type": "Feature",
      "properties": {
        "@id": "way/241342998",
        "amenity": "place_of_worship",
        "building": "yes",
        "denomination": "serbian_orthodox",
        "name": "Crkva Sv. Janja",
        "name:sr": "Црква света Јања",
        "religion": "christian",
        "@geometry": "center"
      },
      "geometry": {
        "type": "Point",
        "coordinates": [
          19.7692823,
          42.8562242
        ]
      },
      "id": "way/241342998"
    },
    {
      "type": "Feature",
      "properties": {
        "@id": "way/241936456",
        "amenity": "hospital",
        "building": "hospital",
        "emergency": "yes",
        "healthcare": "hospital",
        "name": "Opšta Bolnica Bijelo Polje",
        "@geometry": "center"
      },
      "geometry": {
        "type": "Point",
        "coordinates": [
          19.7309236,
          43.0295641
        ]
      },
      "id": "way/241936456"
    },
    {
      "type": "Feature",
      "properties": {
        "@id": "way/243552434",
        "amenity": "place_of_worship",
        "building": "church",
        "building:levels": "1",
        "denomination": "orthodox",
        "name": "Sveti Nikola",
        "religion": "christian",
        "@geometry": "center"
      },
      "geometry": {
        "type": "Point",
        "coordinates": [
          18.5692211,
          42.4793662
        ]
      },
      "id": "way/243552434"
    },
    {
      "type": "Feature",
      "properties": {
        "@id": "way/244342951",
        "amenity": "place_of_worship",
        "building": "yes",
        "denomination": "jehovahs_witness",
        "religion": "christian",
        "@geometry": "center"
      },
      "geometry": {
        "type": "Point",
        "coordinates": [
          19.5803232,
          42.9634436
        ]
      },
      "id": "way/244342951"
    },
    {
      "type": "Feature",
      "properties": {
        "@id": "way/244811391",
        "amenity": "school",
        "@geometry": "center"
      },
      "geometry": {
        "type": "Point",
        "coordinates": [
          18.6484439,
          42.4499724
        ]
      },
      "id": "way/244811391"
    },
    {
      "type": "Feature",
      "properties": {
        "@id": "way/246698212",
        "amenity": "kindergarten",
        "@geometry": "center"
      },
      "geometry": {
        "type": "Point",
        "coordinates": [
          18.6977758,
          42.4324311
        ]
      },
      "id": "way/246698212"
    },
    {
      "type": "Feature",
      "properties": {
        "@id": "way/252335297",
        "amenity": "place_of_worship",
        "building": "yes",
        "religion": "christian",
        "@geometry": "center"
      },
      "geometry": {
        "type": "Point",
        "coordinates": [
          18.6780728,
          42.4106978
        ]
      },
      "id": "way/252335297"
    },
    {
      "type": "Feature",
      "properties": {
        "@id": "way/252969136",
        "religion": "christian",
        "building": "church",
        "amenity": "place_of_worship",
        "@geometry": "center"
      },
      "geometry": {
        "type": "Point",
        "coordinates": [
          18.676447,
          42.4695605
        ]
      },
      "id": "way/252969136"
    },
    {
      "type": "Feature",
      "properties": {
        "@id": "way/255700472",
        "religion": "christian",
        "name:sr": "Црква свете Марије",
        "name": "Crkva svete Marije",
        "amenity": "place_of_worship",
        "building": "church",
        "denomination": "roman_catholic",
        "@geometry": "center"
      },
      "geometry": {
        "type": "Point",
        "coordinates": [
          19.0925071,
          42.1200371
        ]
      },
      "id": "way/255700472"
    },
    {
      "type": "Feature",
      "properties": {
        "@id": "way/255708321",
        "wikipedia": "hr:Konkatedrala sv. Petra u Baru",
        "amenity": "place_of_worship",
        "building": "cathedral",
        "denomination": "roman_catholic",
        "loc_name": "Nova katedrala",
        "name": "Konkatedrala svetog Petra",
        "name:cs": "Konkatedrála svatého Petra",
        "name:de": "Konkathedrale des Heiligen Petrus",
        "name:en": "Co-cathedral of Saint Peter the Apostle",
        "name:hr": "Konktedrala svetog Petra",
        "name:it": "Concattedrale di San Pietro Apostolo",
        "name:sr": "Конкатедрала светог Петра",
        "name:sr-Latn": "Konktedrala svetog Petra",
        "religion": "christian",
        "start_date": "2017",
        "@geometry": "center"
      },
      "geometry": {
        "type": "Point",
        "coordinates": [
          19.0976706,
          42.0946455
        ]
      },
      "id": "way/255708321"
    },
    {
      "type": "Feature",
      "properties": {
        "@id": "way/255708341",
        "amenity": "college",
        "@geometry": "center"
      },
      "geometry": {
        "type": "Point",
        "coordinates": [
          19.1021352,
          42.1050804
        ]
      },
      "id": "way/255708341"
    },
    {
      "type": "Feature",
      "properties": {
        "@id": "way/255708343",
        "amenity": "school",
        "@geometry": "center"
      },
      "geometry": {
        "type": "Point",
        "coordinates": [
          19.1030049,
          42.1042257
        ]
      },
      "id": "way/255708343"
    },
    {
      "type": "Feature",
      "properties": {
        "@id": "way/255733524",
        "name:sr": "Општа болница Бар",
        "name": "Opšta bolnica Bar",
        "healthcare": "hospital",
        "amenity": "hospital",
        "@geometry": "center"
      },
      "geometry": {
        "type": "Point",
        "coordinates": [
          19.1312187,
          42.089258
        ]
      },
      "id": "way/255733524"
    },
    {
      "type": "Feature",
      "properties": {
        "@id": "way/256162380",
        "amenity": "place_of_worship",
        "building": "yes",
        "denomination": "catholic",
        "name": "Sveti Nikola",
        "name:sr": "Црква Светог Николе",
        "religion": "christian",
        "@geometry": "center"
      },
      "geometry": {
        "type": "Point",
        "coordinates": [
          18.6381927,
          42.4063178
        ]
      },
      "id": "way/256162380"
    },
    {
      "type": "Feature",
      "properties": {
        "@id": "way/256603985",
        "religion": "christian",
        "amenity": "place_of_worship",
        "building": "yes",
        "denomination": "orthodox",
        "name": "Sveti Dimitrije",
        "@geometry": "center"
      },
      "geometry": {
        "type": "Point",
        "coordinates": [
          19.5229414,
          42.8224883
        ]
      },
      "id": "way/256603985"
    },
    {
      "type": "Feature",
      "properties": {
        "@id": "way/256604040",
        "amenity": "marketplace",
        "name": "Pjaca",
        "name:sr": "Пјаца",
        "@geometry": "center"
      },
      "geometry": {
        "type": "Point",
        "coordinates": [
          19.5240131,
          42.8232015
        ]
      },
      "id": "way/256604040"
    },
    {
      "type": "Feature",
      "properties": {
        "@id": "way/257356061",
        "amenity": "place_of_worship",
        "building": "yes",
        "religion": "christian",
        "@geometry": "center"
      },
      "geometry": {
        "type": "Point",
        "coordinates": [
          18.486021,
          42.4907261
        ]
      },
      "id": "way/257356061"
    },
    {
      "type": "Feature",
      "properties": {
        "@id": "way/257501585",
        "addr:city": "Ulcinj",
        "addr:housenumber": "bb",
        "addr:postcode": "85360",
        "addr:street": "Buda Tomovića - Rruga e Budo Tomoviqit",
        "amenity": "school",
        "designation": "Elementary School",
        "email": "info@osboskostrugar.me",
        "fax": "+382 30 402 082",
        "name": "OŠ \"Boško Strugar\"",
        "name:sq": "SHF \"Boshko Strugar\"",
        "name:sr": "ОШ \"Бошко Стругар\"",
        "name:sr-Latn": "OŠ \"Boško Strugar\"",
        "phone": "+382 30 402 080",
        "website": "http://osboskostrugar.me",
        "@geometry": "center"
      },
      "geometry": {
        "type": "Point",
        "coordinates": [
          19.2021855,
          41.925897
        ]
      },
      "id": "way/257501585"
    },
    {
      "type": "Feature",
      "properties": {
        "@id": "way/257501604",
        "wikipedia": "en:Pasha's Mosque",
        "amenity": "place_of_worship",
        "building": "yes",
        "denomination": "sunni",
        "name": "Pašina džamija - Xhamia e Pashës",
        "name:en": "Pasha's Mosque",
        "name:sq": "Xhamia e Pashës",
        "name:sr": "Пашина џамија",
        "name:sr-Latn": "Pašina džamija",
        "religion": "muslim",
        "wikidata": "Q15410528",
        "@geometry": "center"
      },
      "geometry": {
        "type": "Point",
        "coordinates": [
          19.2038001,
          41.9258777
        ]
      },
      "id": "way/257501604"
    },
    {
      "type": "Feature",
      "properties": {
        "@id": "way/257686364",
        "amenity": "place_of_worship",
        "building": "yes",
        "religion": "christian",
        "@geometry": "center"
      },
      "geometry": {
        "type": "Point",
        "coordinates": [
          18.6457757,
          42.489441
        ]
      },
      "id": "way/257686364"
    },
    {
      "type": "Feature",
      "properties": {
        "@id": "way/258792476",
        "amenity": "place_of_worship",
        "building": "yes",
        "religion": "christian",
        "@geometry": "center"
      },
      "geometry": {
        "type": "Point",
        "coordinates": [
          18.6905232,
          42.485759
        ]
      },
      "id": "way/258792476"
    },
    {
      "type": "Feature",
      "properties": {
        "@id": "way/259434288",
        "amenity": "place_of_worship",
        "building": "yes",
        "denomination": "orthodox",
        "religion": "christian",
        "@geometry": "center"
      },
      "geometry": {
        "type": "Point",
        "coordinates": [
          18.5673134,
          42.4680879
        ]
      },
      "id": "way/259434288"
    },
    {
      "type": "Feature",
      "properties": {
        "@id": "way/269997308",
        "amenity": "community_centre",
        "building": "yes",
        "email": "kult.c.kotor@t-com.me",
        "name": "Kulturni centar \"Nikola Đurković\"",
        "opening_hours": "Mo-Sa 08:00-14:00",
        "phone": "+38232304140",
        "website": "http://www.kcentar.me",
        "@geometry": "center"
      },
      "geometry": {
        "type": "Point",
        "coordinates": [
          18.7716192,
          42.4230498
        ]
      },
      "id": "way/269997308"
    },
    {
      "type": "Feature",
      "properties": {
        "@id": "way/281829100",
        "amenity": "school",
        "@geometry": "center"
      },
      "geometry": {
        "type": "Point",
        "coordinates": [
          19.8790417,
          42.8481993
        ]
      },
      "id": "way/281829100"
    },
    {
      "type": "Feature",
      "properties": {
        "@id": "way/282188954",
        "amenity": "school",
        "@geometry": "center"
      },
      "geometry": {
        "type": "Point",
        "coordinates": [
          19.8313481,
          42.5643825
        ]
      },
      "id": "way/282188954"
    },
    {
      "type": "Feature",
      "properties": {
        "@id": "way/282188966",
        "religion": "muslim",
        "addr:postcode": "84326",
        "addr:street": "Čaršijska",
        "amenity": "place_of_worship",
        "name:en": "Mosque Radoncica",
        "@geometry": "center"
      },
      "geometry": {
        "type": "Point",
        "coordinates": [
          19.8338852,
          42.5638432
        ]
      },
      "id": "way/282188966"
    },
    {
      "type": "Feature",
      "properties": {
        "@id": "way/282188967",
        "religion": "muslim",
        "amenity": "place_of_worship",
        "building": "yes",
        "name": "Vezirova",
        "@geometry": "center"
      },
      "geometry": {
        "type": "Point",
        "coordinates": [
          19.8315794,
          42.5636896
        ]
      },
      "id": "way/282188967"
    },
    {
      "type": "Feature",
      "properties": {
        "@id": "way/282188971",
        "amenity": "community_centre",
        "building": "public",
        "name": "Dom Kulture",
        "@geometry": "center"
      },
      "geometry": {
        "type": "Point",
        "coordinates": [
          19.832763,
          42.5662979
        ]
      },
      "id": "way/282188971"
    },
    {
      "type": "Feature",
      "properties": {
        "@id": "way/282281367",
        "amenity": "place_of_worship",
        "building": "yes",
        "name": "Čekića",
        "religion": "muslim",
        "@geometry": "center"
      },
      "geometry": {
        "type": "Point",
        "coordinates": [
          19.8341614,
          42.5603626
        ]
      },
      "id": "way/282281367"
    },
    {
      "type": "Feature",
      "properties": {
        "@id": "way/282543254",
        "amenity": "marketplace",
        "building": "yes",
        "@geometry": "center"
      },
      "geometry": {
        "type": "Point",
        "coordinates": [
          19.3276847,
          42.3625427
        ]
      },
      "id": "way/282543254"
    },
    {
      "type": "Feature",
      "properties": {
        "@id": "way/282646489",
        "amenity": "place_of_worship",
        "building": "yes",
        "name": "Džamija",
        "religion": "muslim",
        "@geometry": "center"
      },
      "geometry": {
        "type": "Point",
        "coordinates": [
          19.3507358,
          42.4075049
        ]
      },
      "id": "way/282646489"
    },
    {
      "type": "Feature",
      "properties": {
        "@id": "way/282646491",
        "amenity": "place_of_worship",
        "building": "yes",
        "denomination": "catholic",
        "name": "Crkva sv. Mihaila",
        "religion": "christian",
        "@geometry": "center"
      },
      "geometry": {
        "type": "Point",
        "coordinates": [
          19.3361298,
          42.4135701
        ]
      },
      "id": "way/282646491"
    },
    {
      "type": "Feature",
      "properties": {
        "@id": "way/283891857",
        "name": "JU Osnovna škola \"Radojica Perović\"",
        "addr:city": "Podgorica",
        "addr:street": "Đoka Miraševića",
        "amenity": "school",
        "@geometry": "center"
      },
      "geometry": {
        "type": "Point",
        "coordinates": [
          19.2356341,
          42.4487498
        ]
      },
      "id": "way/283891857"
    },
    {
      "type": "Feature",
      "properties": {
        "@id": "way/284063423",
        "addr:city": "Podgorica",
        "addr:street": "Radosava Burića",
        "amenity": "hospital",
        "building": "hospital",
        "healthcare": "hospital",
        "name": "CODRA",
        "website": "http://www.codrahospital.com",
        "@geometry": "center"
      },
      "geometry": {
        "type": "Point",
        "coordinates": [
          19.2544768,
          42.4292989
        ]
      },
      "id": "way/284063423"
    },
    {
      "type": "Feature",
      "properties": {
        "@id": "way/288755437",
        "amenity": "hospital",
        "building": "yes",
        "healthcare": "hospital",
        "@geometry": "center"
      },
      "geometry": {
        "type": "Point",
        "coordinates": [
          18.9417947,
          42.2078954
        ]
      },
      "id": "way/288755437"
    },
    {
      "type": "Feature",
      "properties": {
        "@id": "way/289837132",
        "addr:city": "Podgorica",
        "addr:street": "Bulevar Džordža Vašingtona",
        "amenity": "place_of_worship",
        "building": "church",
        "denomination": "serbian_orthodox",
        "religion": "christian",
        "@geometry": "center"
      },
      "geometry": {
        "type": "Point",
        "coordinates": [
          19.2481377,
          42.446081
        ]
      },
      "id": "way/289837132"
    },
    {
      "type": "Feature",
      "properties": {
        "@id": "way/292744390",
        "amenity": "place_of_worship",
        "building": "chapel",
        "denomination": "serbian_orthodox",
        "religion": "christian",
        "@geometry": "center"
      },
      "geometry": {
        "type": "Point",
        "coordinates": [
          18.8554989,
          42.4747188
        ]
      },
      "id": "way/292744390"
    },
    {
      "type": "Feature",
      "properties": {
        "@id": "way/293467443",
        "amenity": "school",
        "landuse": "education",
        "name": "JU Osnovna škola \"Marko Miljanov\"",
        "name:sr": "Основна школа \"Марко Миљанов\"",
        "@geometry": "center"
      },
      "geometry": {
        "type": "Point",
        "coordinates": [
          19.2833512,
          42.438038
        ]
      },
      "id": "way/293467443"
    },
    {
      "type": "Feature",
      "properties": {
        "@id": "way/293583488",
        "name": "JU Osnovna škola \"Branko Božović\"",
        "landuse": "education",
        "amenity": "school",
        "@geometry": "center"
      },
      "geometry": {
        "type": "Point",
        "coordinates": [
          19.2741307,
          42.4554972
        ]
      },
      "id": "way/293583488"
    },
    {
      "type": "Feature",
      "properties": {
        "@id": "way/295635519",
        "amenity": "place_of_worship",
        "building": "church",
        "denomination": "serbian_orthodox",
        "name": "Црква Успења Пресвете Богородице",
        "religion": "christian",
        "@geometry": "center"
      },
      "geometry": {
        "type": "Point",
        "coordinates": [
          19.3906277,
          42.7661548
        ]
      },
      "id": "way/295635519"
    },
    {
      "type": "Feature",
      "properties": {
        "@id": "way/295783263",
        "amenity": "place_of_worship",
        "building": "church",
        "denomination": "serbian_orthodox",
        "religion": "christian",
        "@geometry": "center"
      },
      "geometry": {
        "type": "Point",
        "coordinates": [
          19.0300621,
          42.6685297
        ]
      },
      "id": "way/295783263"
    },
    {
      "type": "Feature",
      "properties": {
        "@id": "way/295783271",
        "amenity": "place_of_worship",
        "building": "yes",
        "denomination": "serbian_orthodox",
        "religion": "christian",
        "@geometry": "center"
      },
      "geometry": {
        "type": "Point",
        "coordinates": [
          19.0304821,
          42.6689403
        ]
      },
      "id": "way/295783271"
    },
    {
      "type": "Feature",
      "properties": {
        "@id": "way/297229612",
        "amenity": "place_of_worship",
        "building": "church",
        "denomination": "serbian_orthodox",
        "religion": "christian",
        "@geometry": "center"
      },
      "geometry": {
        "type": "Point",
        "coordinates": [
          19.1926995,
          42.3092226
        ]
      },
      "id": "way/297229612"
    },
    {
      "type": "Feature",
      "properties": {
        "@id": "way/301763276",
        "religion": "christian",
        "wikipedia": "hr:Crkva sv. Petke - Venerande u Gornjem Šušanju, Bar",
        "name:sr": "Црква св. Петке - Венеранде",
        "amenity": "place_of_worship",
        "building": "yes",
        "denomination": "roman_catholic",
        "name": "Crkva sv. Petke - Venerande",
        "@geometry": "center"
      },
      "geometry": {
        "type": "Point",
        "coordinates": [
          19.0787099,
          42.1262787
        ]
      },
      "id": "way/301763276"
    },
    {
      "type": "Feature",
      "properties": {
        "@id": "way/302952323",
        "amenity": "school",
        "@geometry": "center"
      },
      "geometry": {
        "type": "Point",
        "coordinates": [
          19.751455,
          43.037568
        ]
      },
      "id": "way/302952323"
    },
    {
      "type": "Feature",
      "properties": {
        "@id": "way/303308880",
        "amenity": "marketplace",
        "name": "Пијаца",
        "name:sr": "Пијаца",
        "@geometry": "center"
      },
      "geometry": {
        "type": "Point",
        "coordinates": [
          18.9415476,
          42.2075799
        ]
      },
      "id": "way/303308880"
    },
    {
      "type": "Feature",
      "properties": {
        "@id": "way/304385985",
        "amenity": "place_of_worship",
        "building": "yes",
        "denomination": "serbian_orthodox",
        "religion": "christian",
        "@geometry": "center"
      },
      "geometry": {
        "type": "Point",
        "coordinates": [
          18.853547,
          43.345273
        ]
      },
      "id": "way/304385985"
    },
    {
      "type": "Feature",
      "properties": {
        "@id": "way/305641942",
        "addr:city": "Kotor",
        "addr:postcode": "85330",
        "addr:street": "Zanatska ulica",
        "amenity": "place_of_worship",
        "building": "church",
        "denomination": "catholic",
        "name": "Sv. Ana",
        "name:en": "St. Anna church",
        "name:uk": "Церква Святої Ани",
        "religion": "christian",
        "@geometry": "center"
      },
      "geometry": {
        "type": "Point",
        "coordinates": [
          18.7718994,
          42.4252283
        ]
      },
      "id": "way/305641942"
    },
    {
      "type": "Feature",
      "properties": {
        "@id": "way/312760420",
        "addr:city": "Podgorica",
        "addr:housenumber": "1",
        "addr:postcode": "81000",
        "addr:street": "Oktoih",
        "amenity": "university",
        "building": "university",
        "building:levels": "5",
        "name": "Univerzitet Donja Gorica",
        "name:sr": "Универзитет Доња Горица",
        "wikidata": "Q7895345",
        "@geometry": "center"
      },
      "geometry": {
        "type": "Point",
        "coordinates": [
          19.2031517,
          42.4175398
        ]
      },
      "id": "way/312760420"
    },
    {
      "type": "Feature",
      "properties": {
        "@id": "way/320089821",
        "amenity": "place_of_worship",
        "building": "church",
        "denomination": "serbian_orthodox",
        "religion": "christian",
        "@geometry": "center"
      },
      "geometry": {
        "type": "Point",
        "coordinates": [
          18.8831894,
          42.5154158
        ]
      },
      "id": "way/320089821"
    },
    {
      "type": "Feature",
      "properties": {
        "@id": "way/329760991",
        "amenity": "place_of_worship",
        "building": "church",
        "denomination": "roman_catholic",
        "name": "Sveti Antun",
        "religion": "christian",
        "@geometry": "center"
      },
      "geometry": {
        "type": "Point",
        "coordinates": [
          19.3292166,
          42.364728
        ]
      },
      "id": "way/329760991"
    },
    {
      "type": "Feature",
      "properties": {
        "@id": "way/331561283",
        "amenity": "place_of_worship",
        "building": "church",
        "name": "St. Nicholas",
        "@geometry": "center"
      },
      "geometry": {
        "type": "Point",
        "coordinates": [
          19.3663386,
          42.4704486
        ]
      },
      "id": "way/331561283"
    },
    {
      "type": "Feature",
      "properties": {
        "@id": "way/331572836",
        "amenity": "place_of_worship",
        "denomination": "orthodox",
        "name": "Manastir Piperska Celija",
        "religion": "christian",
        "@geometry": "center"
      },
      "geometry": {
        "type": "Point",
        "coordinates": [
          19.2215601,
          42.546456
        ]
      },
      "id": "way/331572836"
    },
    {
      "type": "Feature",
      "properties": {
        "@id": "way/336474132",
        "addr:street": "V Proleterske brigade",
        "amenity": "school",
        "name": "Osnovna škola “21 Maj”",
        "@geometry": "center"
      },
      "geometry": {
        "type": "Point",
        "coordinates": [
          19.2713377,
          42.4384378
        ]
      },
      "id": "way/336474132"
    },
    {
      "type": "Feature",
      "properties": {
        "@id": "way/340657005",
        "amenity": "place_of_worship",
        "@geometry": "center"
      },
      "geometry": {
        "type": "Point",
        "coordinates": [
          18.4854202,
          42.9360037
        ]
      },
      "id": "way/340657005"
    },
    {
      "type": "Feature",
      "properties": {
        "@id": "way/341521631",
        "amenity": "place_of_worship",
        "building": "church",
        "denomination": "serbian_orthodox",
        "religion": "christian",
        "@geometry": "center"
      },
      "geometry": {
        "type": "Point",
        "coordinates": [
          18.5064085,
          42.8085686
        ]
      },
      "id": "way/341521631"
    },
    {
      "type": "Feature",
      "properties": {
        "@id": "way/341528906",
        "amenity": "place_of_worship",
        "building": "church",
        "denomination": "serbian_orthodox",
        "religion": "christian",
        "@geometry": "center"
      },
      "geometry": {
        "type": "Point",
        "coordinates": [
          18.4830243,
          42.8452941
        ]
      },
      "id": "way/341528906"
    },
    {
      "type": "Feature",
      "properties": {
        "@id": "way/341808337",
        "amenity": "place_of_worship",
        "building": "church",
        "religion": "christian",
        "@geometry": "center"
      },
      "geometry": {
        "type": "Point",
        "coordinates": [
          18.7842347,
          42.4552661
        ]
      },
      "id": "way/341808337"
    },
    {
      "type": "Feature",
      "properties": {
        "@id": "way/341897212",
        "addr:city": "Bijelo Polje",
        "addr:street": "Vladike Kneževića Volođina",
        "amenity": "school",
        "building": "school",
        "name": "Elektro-Ekonomska Škola",
        "@geometry": "center"
      },
      "geometry": {
        "type": "Point",
        "coordinates": [
          19.7340849,
          43.0322607
        ]
      },
      "id": "way/341897212"
    },
    {
      "type": "Feature",
      "properties": {
        "@id": "way/341897731",
        "addr:city": "Bijelo Polje",
        "addr:street": "Vladike Kneževića Volođina",
        "amenity": "school",
        "building": "school",
        "name": "Gimnazija Miloje Dobrašinović",
        "@geometry": "center"
      },
      "geometry": {
        "type": "Point",
        "coordinates": [
          19.7344688,
          43.0326595
        ]
      },
      "id": "way/341897731"
    },
    {
      "type": "Feature",
      "properties": {
        "@id": "way/342112503",
        "amenity": "marketplace",
        "name": "Pijac",
        "@geometry": "center"
      },
      "geometry": {
        "type": "Point",
        "coordinates": [
          19.7463907,
          43.0365808
        ]
      },
      "id": "way/342112503"
    },
    {
      "type": "Feature",
      "properties": {
        "@id": "way/343327515",
        "addr:city": "Bijelo Polje",
        "addr:street": "Lenke Jurišević",
        "amenity": "kindergarten",
        "name": "Crvenkapa",
        "@geometry": "center"
      },
      "geometry": {
        "type": "Point",
        "coordinates": [
          19.749818,
          43.0340367
        ]
      },
      "id": "way/343327515"
    },
    {
      "type": "Feature",
      "properties": {
        "@id": "way/343462609",
        "addr:street": "NEDELJKA MERDOVIĆA",
        "addr:city": "Bijelo Polje",
        "amenity": "school",
        "building": "school",
        "name": "Risto Ratković",
        "@geometry": "center"
      },
      "geometry": {
        "type": "Point",
        "coordinates": [
          19.7423378,
          43.0289145
        ]
      },
      "id": "way/343462609"
    },
    {
      "type": "Feature",
      "properties": {
        "@id": "way/343982735",
        "building": "yes",
        "religion": "muslim",
        "amenity": "place_of_worship",
        "name": "Džamija Nedakusi",
        "@geometry": "center"
      },
      "geometry": {
        "type": "Point",
        "coordinates": [
          19.7657979,
          43.0548979
        ]
      },
      "id": "way/343982735"
    },
    {
      "type": "Feature",
      "properties": {
        "@id": "way/343992813",
        "amenity": "place_of_worship",
        "building": "yes",
        "name": "Rasovska džamija",
        "religion": "muslim",
        "@geometry": "center"
      },
      "geometry": {
        "type": "Point",
        "coordinates": [
          19.7779703,
          43.0459579
        ]
      },
      "id": "way/343992813"
    },
    {
      "type": "Feature",
      "properties": {
        "@id": "way/344304476",
        "addr:city": "Bijelo Polje",
        "addr:postcode": "84000",
        "addr:street": "Šukrije Međedovića",
        "amenity": "place_of_worship",
        "building": "yes",
        "name": "Gradska džamija",
        "religion": "muslim",
        "@geometry": "center"
      },
      "geometry": {
        "type": "Point",
        "coordinates": [
          19.7428966,
          43.0333934
        ]
      },
      "id": "way/344304476"
    },
    {
      "type": "Feature",
      "properties": {
        "@id": "way/344326512",
        "amenity": "place_of_worship",
        "building": "church",
        "denomination": "serbian_orthodox",
        "religion": "christian",
        "@geometry": "center"
      },
      "geometry": {
        "type": "Point",
        "coordinates": [
          18.541053,
          42.9564596
        ]
      },
      "id": "way/344326512"
    },
    {
      "type": "Feature",
      "properties": {
        "@id": "way/344360170",
        "addr:city": "Bijelo Polje",
        "addr:street": "Kneza Miroslava",
        "amenity": "place_of_worship",
        "building": "church",
        "denomination": "orthodox",
        "name": "Crkva Svetog Petra i Pavla",
        "religion": "christian",
        "wikipedia": "sr:Crkva Svetih apostola Petra i Pavla u Bijelom Polju",
        "@geometry": "center"
      },
      "geometry": {
        "type": "Point",
        "coordinates": [
          19.7447234,
          43.0356942
        ]
      },
      "id": "way/344360170"
    },
    {
      "type": "Feature",
      "properties": {
        "@id": "way/344530783",
        "amenity": "place_of_worship",
        "building": "chapel",
        "denomination": "serbian_orthodox",
        "religion": "christian",
        "@geometry": "center"
      },
      "geometry": {
        "type": "Point",
        "coordinates": [
          18.8717833,
          42.8830648
        ]
      },
      "id": "way/344530783"
    },
    {
      "type": "Feature",
      "properties": {
        "@id": "way/347290467",
        "building": "chapel",
        "amenity": "place_of_worship",
        "denomination": "serbian_orthodox",
        "religion": "christian",
        "@geometry": "center"
      },
      "geometry": {
        "type": "Point",
        "coordinates": [
          18.8908797,
          42.7630661
        ]
      },
      "id": "way/347290467"
    },
    {
      "type": "Feature",
      "properties": {
        "@id": "way/347691049",
        "amenity": "place_of_worship",
        "building": "chapel",
        "denomination": "serbian_orthodox",
        "religion": "christian",
        "@geometry": "center"
      },
      "geometry": {
        "type": "Point",
        "coordinates": [
          19.2708066,
          42.5375993
        ]
      },
      "id": "way/347691049"
    },
    {
      "type": "Feature",
      "properties": {
        "@id": "way/347864448",
        "amenity": "place_of_worship",
        "building": "chapel",
        "denomination": "serbian_orthodox",
        "religion": "christian",
        "@geometry": "center"
      },
      "geometry": {
        "type": "Point",
        "coordinates": [
          19.1317318,
          42.5966009
        ]
      },
      "id": "way/347864448"
    },
    {
      "type": "Feature",
      "properties": {
        "@id": "way/348731296",
        "amenity": "place_of_worship",
        "building": "chapel",
        "denomination": "serbian_orthodox",
        "religion": "christian",
        "@geometry": "center"
      },
      "geometry": {
        "type": "Point",
        "coordinates": [
          19.0522141,
          42.6229131
        ]
      },
      "id": "way/348731296"
    },
    {
      "type": "Feature",
      "properties": {
        "@id": "way/349243692",
        "amenity": "place_of_worship",
        "building": "chapel",
        "denomination": "serbian_orthodox",
        "religion": "christian",
        "@geometry": "center"
      },
      "geometry": {
        "type": "Point",
        "coordinates": [
          18.8746917,
          42.4565666
        ]
      },
      "id": "way/349243692"
    },
    {
      "type": "Feature",
      "properties": {
        "@id": "way/349243695",
        "amenity": "place_of_worship",
        "building": "church",
        "denomination": "orthodox",
        "name": "Crkva Sv. Save",
        "religion": "christian",
        "@geometry": "center"
      },
      "geometry": {
        "type": "Point",
        "coordinates": [
          18.8223938,
          42.4313528
        ]
      },
      "id": "way/349243695"
    },
    {
      "type": "Feature",
      "properties": {
        "@id": "way/351432562",
        "amenity": "social_facility",
        "building": "yes",
        "name": "JU Dom starih \"Bijelo Polje\"",
        "nohousenumber": "yes",
        "phone": "+382 50 486 335",
        "social_facility": "assisted_living",
        "social_facility:for": "senior",
        "website": "https://www.domstarihbp.me",
        "@geometry": "center"
      },
      "geometry": {
        "type": "Point",
        "coordinates": [
          19.7323805,
          43.0296913
        ]
      },
      "id": "way/351432562"
    },
    {
      "type": "Feature",
      "properties": {
        "@id": "way/352100117",
        "amenity": "place_of_worship",
        "building": "church",
        "denomination": "serbian_orthodox",
        "religion": "christian",
        "@geometry": "center"
      },
      "geometry": {
        "type": "Point",
        "coordinates": [
          19.3583581,
          43.3698633
        ]
      },
      "id": "way/352100117"
    },
    {
      "type": "Feature",
      "properties": {
        "@id": "way/358620998",
        "amenity": "place_of_worship",
        "building": "yes",
        "religion": "christian",
        "@geometry": "center"
      },
      "geometry": {
        "type": "Point",
        "coordinates": [
          18.7350267,
          42.3322377
        ]
      },
      "id": "way/358620998"
    },
    {
      "type": "Feature",
      "properties": {
        "@id": "way/358629796",
        "amenity": "place_of_worship",
        "building": "chapel",
        "religion": "christian",
        "@geometry": "center"
      },
      "geometry": {
        "type": "Point",
        "coordinates": [
          18.7638586,
          42.4147162
        ]
      },
      "id": "way/358629796"
    },
    {
      "type": "Feature",
      "properties": {
        "@id": "way/360905084",
        "amenity": "place_of_worship",
        "building": "yes",
        "denomination": "serbian_orthodox",
        "name": "Crkva Svetog Nikole",
        "name:sr": "Црква Светог Николе",
        "religion": "christian",
        "@geometry": "center"
      },
      "geometry": {
        "type": "Point",
        "coordinates": [
          18.7895106,
          42.3440026
        ]
      },
      "id": "way/360905084"
    },
    {
      "type": "Feature",
      "properties": {
        "@id": "way/363908668",
        "amenity": "doctors",
        "building": "yes",
        "healthcare": "doctor",
        "healthcare:speciality": "gynaecology",
        "name": "Vita Feminae",
        "source": "bing",
        "@geometry": "center"
      },
      "geometry": {
        "type": "Point",
        "coordinates": [
          18.7659053,
          42.4529531
        ]
      },
      "id": "way/363908668"
    },
    {
      "type": "Feature",
      "properties": {
        "@id": "way/368598282",
        "amenity": "social_facility",
        "name": "Centar za djecu i mlade - Ljubović",
        "social_facility": "group_home",
        "social_facility:for": "juvenile",
        "@geometry": "center"
      },
      "geometry": {
        "type": "Point",
        "coordinates": [
          19.2491729,
          42.4308587
        ]
      },
      "id": "way/368598282"
    },
    {
      "type": "Feature",
      "properties": {
        "@id": "way/368610793",
        "amenity": "marketplace",
        "building": "yes",
        "name": "Planet",
        "@geometry": "center"
      },
      "geometry": {
        "type": "Point",
        "coordinates": [
          19.2165825,
          42.4229163
        ]
      },
      "id": "way/368610793"
    },
    {
      "type": "Feature",
      "properties": {
        "@id": "way/368628194",
        "addr:street": "Mirka Banjevića",
        "amenity": "hospital",
        "healthcare": "hospital",
        "name": "Centralni dom zdravlja Stari Aerodrom",
        "@geometry": "center"
      },
      "geometry": {
        "type": "Point",
        "coordinates": [
          19.2785688,
          42.4306926
        ]
      },
      "id": "way/368628194"
    },
    {
      "type": "Feature",
      "properties": {
        "@id": "way/369452230",
        "amenity": "place_of_worship",
        "building": "yes",
        "@geometry": "center"
      },
      "geometry": {
        "type": "Point",
        "coordinates": [
          18.6821237,
          42.6116744
        ]
      },
      "id": "way/369452230"
    },
    {
      "type": "Feature",
      "properties": {
        "@id": "way/369748695",
        "amenity": "place_of_worship",
        "building": "yes",
        "name": "Sveti Nikola",
        "name:sr": "Свети Никола",
        "religion": "christian",
        "@geometry": "center"
      },
      "geometry": {
        "type": "Point",
        "coordinates": [
          19.3753325,
          41.8820705
        ]
      },
      "id": "way/369748695"
    },
    {
      "type": "Feature",
      "properties": {
        "@id": "way/370024175",
        "amenity": "school",
        "name": "Srednja mješovita škola \"Bratstvo-jedinstvo\"",
        "name:sq": "Gjimnazi i Pergjithshem \"Vëllazërim Bashkim\"",
        "name:sr": "Средња мјешовита школа \"Братство-јединство\"",
        "name:sr-Latn": "Srednja mješovita škola \"Bratstvo-jedinstvo\"",
        "@geometry": "center"
      },
      "geometry": {
        "type": "Point",
        "coordinates": [
          19.2181605,
          41.9313874
        ]
      },
      "id": "way/370024175"
    },
    {
      "type": "Feature",
      "properties": {
        "@id": "way/371237975",
        "amenity": "school",
        "name": "OŠ \"Drago Milović\"",
        "@geometry": "center"
      },
      "geometry": {
        "type": "Point",
        "coordinates": [
          18.6911073,
          42.443018
        ]
      },
      "id": "way/371237975"
    },
    {
      "type": "Feature",
      "properties": {
        "@id": "way/372337085",
        "amenity": "school",
        "@geometry": "center"
      },
      "geometry": {
        "type": "Point",
        "coordinates": [
          19.7275895,
          42.6898547
        ]
      },
      "id": "way/372337085"
    },
    {
      "type": "Feature",
      "properties": {
        "@id": "way/373001085",
        "amenity": "school",
        "building": "yes",
        "@geometry": "center"
      },
      "geometry": {
        "type": "Point",
        "coordinates": [
          19.7871782,
          42.61974
        ]
      },
      "id": "way/373001085"
    },
    {
      "type": "Feature",
      "properties": {
        "@id": "way/373234359",
        "amenity": "place_of_worship",
        "denomination": "serbian_orthodox",
        "religion": "christian",
        "@geometry": "center"
      },
      "geometry": {
        "type": "Point",
        "coordinates": [
          19.947445,
          42.7005733
        ]
      },
      "id": "way/373234359"
    },
    {
      "type": "Feature",
      "properties": {
        "@id": "way/373914797",
        "amenity": "place_of_worship",
        "building": "church",
        "denomination": "serbian_orthodox",
        "name": "Sv. Jovan",
        "name:sr": "Св. Јован",
        "religion": "christian",
        "@geometry": "center"
      },
      "geometry": {
        "type": "Point",
        "coordinates": [
          19.0958433,
          42.1953844
        ]
      },
      "id": "way/373914797"
    },
    {
      "type": "Feature",
      "properties": {
        "@id": "way/373918870",
        "amenity": "place_of_worship",
        "building": "church",
        "denomination": "orthodox",
        "name": "sv. Petka",
        "religion": "christian",
        "@geometry": "center"
      },
      "geometry": {
        "type": "Point",
        "coordinates": [
          19.1011243,
          42.1873556
        ]
      },
      "id": "way/373918870"
    },
    {
      "type": "Feature",
      "properties": {
        "@id": "way/374429293",
        "amenity": "place_of_worship",
        "denomination": "serbian_orthodox",
        "religion": "christian",
        "@geometry": "center"
      },
      "geometry": {
        "type": "Point",
        "coordinates": [
          19.9173934,
          42.7974357
        ]
      },
      "id": "way/374429293"
    },
    {
      "type": "Feature",
      "properties": {
        "@id": "way/374429314",
        "amenity": "place_of_worship",
        "denomination": "serbian_orthodox",
        "religion": "christian",
        "@geometry": "center"
      },
      "geometry": {
        "type": "Point",
        "coordinates": [
          19.9172393,
          42.7975912
        ]
      },
      "id": "way/374429314"
    },
    {
      "type": "Feature",
      "properties": {
        "@id": "way/374860623",
        "amenity": "place_of_worship",
        "building": "yes",
        "denomination": "serbian_orthodox",
        "religion": "christian",
        "@geometry": "center"
      },
      "geometry": {
        "type": "Point",
        "coordinates": [
          19.8234426,
          42.7769818
        ]
      },
      "id": "way/374860623"
    },
    {
      "type": "Feature",
      "properties": {
        "@id": "way/375708779",
        "amenity": "school",
        "name": "Škola",
        "@geometry": "center"
      },
      "geometry": {
        "type": "Point",
        "coordinates": [
          19.9269361,
          42.7375436
        ]
      },
      "id": "way/375708779"
    },
    {
      "type": "Feature",
      "properties": {
        "@id": "way/375758239",
        "amenity": "school",
        "@geometry": "center"
      },
      "geometry": {
        "type": "Point",
        "coordinates": [
          19.8972048,
          42.7453994
        ]
      },
      "id": "way/375758239"
    },
    {
      "type": "Feature",
      "properties": {
        "@id": "way/377666031",
        "amenity": "school",
        "name": "Škola",
        "@geometry": "center"
      },
      "geometry": {
        "type": "Point",
        "coordinates": [
          19.8292279,
          42.8615708
        ]
      },
      "id": "way/377666031"
    },
    {
      "type": "Feature",
      "properties": {
        "@id": "way/380695648",
        "amenity": "place_of_worship",
        "building": "church",
        "denomination": "orthodox",
        "name": "Crkva Sv.vmč.Georgija",
        "religion": "christian",
        "@geometry": "center"
      },
      "geometry": {
        "type": "Point",
        "coordinates": [
          19.0957806,
          42.9580208
        ]
      },
      "id": "way/380695648"
    },
    {
      "type": "Feature",
      "properties": {
        "@id": "way/380695927",
        "name": "Sv. Petka",
        "amenity": "place_of_worship",
        "building": "church",
        "denomination": "orthodox",
        "religion": "christian",
        "@geometry": "center"
      },
      "geometry": {
        "type": "Point",
        "coordinates": [
          19.3614101,
          43.3568523
        ]
      },
      "id": "way/380695927"
    },
    {
      "type": "Feature",
      "properties": {
        "@id": "way/384774521",
        "amenity": "hospital",
        "healthcare": "hospital",
        "name": "Opšta bolnica Pljevlja",
        "@geometry": "center"
      },
      "geometry": {
        "type": "Point",
        "coordinates": [
          19.3505076,
          43.3603156
        ]
      },
      "id": "way/384774521"
    },
    {
      "type": "Feature",
      "properties": {
        "@id": "way/386780457",
        "amenity": "university",
        "building": "yes",
        "name": "Filozofski fakultet",
        "@geometry": "center"
      },
      "geometry": {
        "type": "Point",
        "coordinates": [
          18.9549335,
          42.774248
        ]
      },
      "id": "way/386780457"
    },
    {
      "type": "Feature",
      "properties": {
        "@id": "way/386806943",
        "name": "Muzička škola \"Dara Čokorilo\"",
        "building": "yes",
        "amenity": "school",
        "@geometry": "center"
      },
      "geometry": {
        "type": "Point",
        "coordinates": [
          18.9490883,
          42.7800443
        ]
      },
      "id": "way/386806943"
    },
    {
      "type": "Feature",
      "properties": {
        "@id": "way/386810684",
        "amenity": "kindergarten",
        "building": "yes",
        "name": "Centralni vrtić",
        "@geometry": "center"
      },
      "geometry": {
        "type": "Point",
        "coordinates": [
          18.9524476,
          42.7779826
        ]
      },
      "id": "way/386810684"
    },
    {
      "type": "Feature",
      "properties": {
        "@id": "way/386822902",
        "amenity": "school",
        "building": "yes",
        "name": "Gimnazija \"Stojan Cerović\"",
        "name:sr": "Гимназија \"Стојан Церовић\"",
        "name:sr-Latn": "Gimnazija \"Stojan Cerović\"",
        "@geometry": "center"
      },
      "geometry": {
        "type": "Point",
        "coordinates": [
          18.94187,
          42.781798
        ]
      },
      "id": "way/386822902"
    },
    {
      "type": "Feature",
      "properties": {
        "@id": "way/388257454",
        "religion": "christian",
        "denomination": "orthodox",
        "building": "church",
        "amenity": "place_of_worship",
        "@geometry": "center"
      },
      "geometry": {
        "type": "Point",
        "coordinates": [
          19.8056556,
          42.9655325
        ]
      },
      "id": "way/388257454"
    },
    {
      "type": "Feature",
      "properties": {
        "@id": "way/391415099",
        "amenity": "school",
        "building": "yes",
        "name": "Škola",
        "@geometry": "center"
      },
      "geometry": {
        "type": "Point",
        "coordinates": [
          19.8435501,
          42.5295532
        ]
      },
      "id": "way/391415099"
    },
    {
      "type": "Feature",
      "properties": {
        "@id": "way/392496789",
        "amenity": "school",
        "@geometry": "center"
      },
      "geometry": {
        "type": "Point",
        "coordinates": [
          19.7857283,
          42.9217312
        ]
      },
      "id": "way/392496789"
    },
    {
      "type": "Feature",
      "properties": {
        "@id": "way/392602368",
        "amenity": "place_of_worship",
        "building": "mosque",
        "name": "Petnjička džamija",
        "religion": "muslim",
        "@geometry": "center"
      },
      "geometry": {
        "type": "Point",
        "coordinates": [
          19.9648848,
          42.9089119
        ]
      },
      "id": "way/392602368"
    },
    {
      "type": "Feature",
      "properties": {
        "@id": "way/393261811",
        "amenity": "school",
        "name": "Tehnička škola",
        "@geometry": "center"
      },
      "geometry": {
        "type": "Point",
        "coordinates": [
          19.8676118,
          42.8369075
        ]
      },
      "id": "way/393261811"
    },
    {
      "type": "Feature",
      "properties": {
        "@id": "way/394610932",
        "amenity": "school",
        "building": "school",
        "name": "Osnovna škola Vuk Karadžić - područno odjeljenje Dolac",
        "@geometry": "center"
      },
      "geometry": {
        "type": "Point",
        "coordinates": [
          19.8598487,
          42.849618
        ]
      },
      "id": "way/394610932"
    },
    {
      "type": "Feature",
      "properties": {
        "@id": "way/399254134",
        "religion": "christian",
        "amenity": "place_of_worship",
        "building": "yes",
        "name": "Crkva Blagovjesti",
        "@geometry": "center"
      },
      "geometry": {
        "type": "Point",
        "coordinates": [
          18.6917016,
          42.4383583
        ]
      },
      "id": "way/399254134"
    },
    {
      "type": "Feature",
      "properties": {
        "@id": "way/400432494",
        "amenity": "school",
        "building": "yes",
        "@geometry": "center"
      },
      "geometry": {
        "type": "Point",
        "coordinates": [
          19.8355715,
          42.8941188
        ]
      },
      "id": "way/400432494"
    },
    {
      "type": "Feature",
      "properties": {
        "@id": "way/405081521",
        "amenity": "school",
        "@geometry": "center"
      },
      "geometry": {
        "type": "Point",
        "coordinates": [
          19.9163223,
          42.8455586
        ]
      },
      "id": "way/405081521"
    },
    {
      "type": "Feature",
      "properties": {
        "@id": "way/405125544",
        "amenity": "school",
        "@geometry": "center"
      },
      "geometry": {
        "type": "Point",
        "coordinates": [
          19.8789762,
          42.8477974
        ]
      },
      "id": "way/405125544"
    },
    {
      "type": "Feature",
      "properties": {
        "@id": "way/405125549",
        "amenity": "school",
        "@geometry": "center"
      },
      "geometry": {
        "type": "Point",
        "coordinates": [
          19.8793354,
          42.8476477
        ]
      },
      "id": "way/405125549"
    },
    {
      "type": "Feature",
      "properties": {
        "@id": "way/407174535",
        "amenity": "place_of_worship",
        "building": "yes",
        "denomination": "serbian_orthodox",
        "religion": "christian",
        "@geometry": "center"
      },
      "geometry": {
        "type": "Point",
        "coordinates": [
          19.8849176,
          42.7520044
        ]
      },
      "id": "way/407174535"
    },
    {
      "type": "Feature",
      "properties": {
        "@id": "way/412512631",
        "building": "church",
        "amenity": "place_of_worship",
        "@geometry": "center"
      },
      "geometry": {
        "type": "Point",
        "coordinates": [
          19.4526999,
          42.7971899
        ]
      },
      "id": "way/412512631"
    },
    {
      "type": "Feature",
      "properties": {
        "@id": "way/420655007",
        "amenity": "place_of_worship",
        "building": "mosque",
        "name": "Stara džamija",
        "official_name": "Carska",
        "religion": "muslim",
        "@geometry": "center"
      },
      "geometry": {
        "type": "Point",
        "coordinates": [
          19.9443329,
          42.596489
        ]
      },
      "id": "way/420655007"
    },
    {
      "type": "Feature",
      "properties": {
        "@id": "way/421147212",
        "amenity": "place_of_worship",
        "building": "mosque",
        "name": "Klanac",
        "religion": "muslim",
        "@geometry": "center"
      },
      "geometry": {
        "type": "Point",
        "coordinates": [
          20.1432952,
          42.875287
        ]
      },
      "id": "way/421147212"
    },
    {
      "type": "Feature",
      "properties": {
        "@id": "way/422239140",
        "amenity": "marketplace",
        "building": "yes",
        "name": "Pijaca Plav",
        "name:sr": "Пијаца Плав",
        "@geometry": "center"
      },
      "geometry": {
        "type": "Point",
        "coordinates": [
          19.9470094,
          42.5972397
        ]
      },
      "id": "way/422239140"
    },
    {
      "type": "Feature",
      "properties": {
        "@id": "way/424807450",
        "amenity": "school",
        "name": "Osnovna škola \"Mahmut Lekić\"",
        "@geometry": "center"
      },
      "geometry": {
        "type": "Point",
        "coordinates": [
          19.3277832,
          42.3610242
        ]
      },
      "id": "way/424807450"
    },
    {
      "type": "Feature",
      "properties": {
        "@id": "way/424807469",
        "amenity": "place_of_worship",
        "building": "yes",
        "name": "Nizam Mosque",
        "name:sq": "Xhamia e Nizamit",
        "name:sr": "Низамска џамија",
        "name:sr-Latn": "Nizamska džamija",
        "religion": "muslim",
        "@geometry": "center"
      },
      "geometry": {
        "type": "Point",
        "coordinates": [
          19.3315241,
          42.3674927
        ]
      },
      "id": "way/424807469"
    },
    {
      "type": "Feature",
      "properties": {
        "@id": "way/424807476",
        "amenity": "school",
        "name": "Gimnazija \"25 Maj\"",
        "name:sq": "Gjimnazi \"25 Maji\"",
        "@geometry": "center"
      },
      "geometry": {
        "type": "Point",
        "coordinates": [
          19.3287065,
          42.3596345
        ]
      },
      "id": "way/424807476"
    },
    {
      "type": "Feature",
      "properties": {
        "@id": "way/424807482",
        "amenity": "school",
        "@geometry": "center"
      },
      "geometry": {
        "type": "Point",
        "coordinates": [
          19.3287234,
          42.3643203
        ]
      },
      "id": "way/424807482"
    },
    {
      "type": "Feature",
      "properties": {
        "@id": "way/425127367",
        "building": "yes",
        "amenity": "place_of_worship",
        "@geometry": "center"
      },
      "geometry": {
        "type": "Point",
        "coordinates": [
          18.9382292,
          42.2080128
        ]
      },
      "id": "way/425127367"
    },
    {
      "type": "Feature",
      "properties": {
        "@id": "way/427077051",
        "name": "Crkva Svetog Preobraženja",
        "religion": "christian",
        "denomination": "serbian_orthodox",
        "amenity": "place_of_worship",
        "building": "yes",
        "@geometry": "center"
      },
      "geometry": {
        "type": "Point",
        "coordinates": [
          19.1240541,
          43.1576941
        ]
      },
      "id": "way/427077051"
    },
    {
      "type": "Feature",
      "properties": {
        "@id": "way/427631439",
        "amenity": "school",
        "@geometry": "center"
      },
      "geometry": {
        "type": "Point",
        "coordinates": [
          19.5801837,
          42.9633762
        ]
      },
      "id": "way/427631439"
    },
    {
      "type": "Feature",
      "properties": {
        "@id": "way/427631443",
        "amenity": "school",
        "@geometry": "center"
      },
      "geometry": {
        "type": "Point",
        "coordinates": [
          19.5844072,
          42.9618049
        ]
      },
      "id": "way/427631443"
    },
    {
      "type": "Feature",
      "properties": {
        "@id": "way/427631444",
        "amenity": "school",
        "@geometry": "center"
      },
      "geometry": {
        "type": "Point",
        "coordinates": [
          19.5832648,
          42.9618724
        ]
      },
      "id": "way/427631444"
    },
    {
      "type": "Feature",
      "properties": {
        "@id": "way/427784424",
        "amenity": "place_of_worship",
        "building": "yes",
        "denomination": "serbian_orthodox",
        "religion": "christian",
        "@geometry": "center"
      },
      "geometry": {
        "type": "Point",
        "coordinates": [
          19.120299,
          42.5813089
        ]
      },
      "id": "way/427784424"
    },
    {
      "type": "Feature",
      "properties": {
        "@id": "way/427810242",
        "amenity": "place_of_worship",
        "building": "yes",
        "denomination": "serbian_orthodox",
        "religion": "christian",
        "@geometry": "center"
      },
      "geometry": {
        "type": "Point",
        "coordinates": [
          19.1749254,
          42.5466791
        ]
      },
      "id": "way/427810242"
    },
    {
      "type": "Feature",
      "properties": {
        "@id": "way/427822378",
        "amenity": "place_of_worship",
        "building": "church",
        "religion": "christian",
        "@geometry": "center"
      },
      "geometry": {
        "type": "Point",
        "coordinates": [
          19.1364489,
          42.3299021
        ]
      },
      "id": "way/427822378"
    },
    {
      "type": "Feature",
      "properties": {
        "@id": "way/430887675",
        "religion": "christian",
        "building": "chapel",
        "amenity": "place_of_worship",
        "@geometry": "center"
      },
      "geometry": {
        "type": "Point",
        "coordinates": [
          18.5563202,
          42.4283303
        ]
      },
      "id": "way/430887675"
    },
    {
      "type": "Feature",
      "properties": {
        "@id": "way/432533109",
        "amenity": "place_of_worship",
        "building": "church",
        "denomination": "serbian_orthodox",
        "religion": "christian",
        "@geometry": "center"
      },
      "geometry": {
        "type": "Point",
        "coordinates": [
          19.8366806,
          42.9562694
        ]
      },
      "id": "way/432533109"
    },
    {
      "type": "Feature",
      "properties": {
        "@id": "way/440418990",
        "wikipedia": "hr:Katolička crkva sv. Nikole u Starom Baru",
        "amenity": "place_of_worship",
        "building": "yes",
        "denomination": "roman_catholic",
        "name": "Crkva sv. Nikole",
        "name:sr": "Црква светог Николе",
        "religion": "christian",
        "@geometry": "center"
      },
      "geometry": {
        "type": "Point",
        "coordinates": [
          19.113592,
          42.0931581
        ]
      },
      "id": "way/440418990"
    },
    {
      "type": "Feature",
      "properties": {
        "@id": "way/440612351",
        "building": "yes",
        "religion": "christian",
        "denomination": "serbian_orthodox",
        "amenity": "place_of_worship",
        "@geometry": "center"
      },
      "geometry": {
        "type": "Point",
        "coordinates": [
          18.9436013,
          42.2209117
        ]
      },
      "id": "way/440612351"
    },
    {
      "type": "Feature",
      "properties": {
        "@id": "way/458113474",
        "amenity": "kindergarten",
        "@geometry": "center"
      },
      "geometry": {
        "type": "Point",
        "coordinates": [
          19.349086,
          43.3515927
        ]
      },
      "id": "way/458113474"
    },
    {
      "type": "Feature",
      "properties": {
        "@id": "way/458775085",
        "name": "Sv. Ivan",
        "amenity": "place_of_worship",
        "building": "yes",
        "denomination": "roman_catholic",
        "religion": "christian",
        "ruins": "yes",
        "@geometry": "center"
      },
      "geometry": {
        "type": "Point",
        "coordinates": [
          18.7155736,
          42.4901402
        ]
      },
      "id": "way/458775085"
    },
    {
      "type": "Feature",
      "properties": {
        "@id": "way/459398625",
        "amenity": "place_of_worship",
        "building": "church",
        "denomination": "serbian_orthodox",
        "name": "Храм Светих апостола Петра и Павла",
        "religion": "christian",
        "@geometry": "center"
      },
      "geometry": {
        "type": "Point",
        "coordinates": [
          19.2170015,
          43.4634222
        ]
      },
      "id": "way/459398625"
    },
    {
      "type": "Feature",
      "properties": {
        "@id": "way/461766069",
        "amenity": "place_of_worship",
        "building": "yes",
        "name": "Sveti Stjepan",
        "religion": "christian",
        "@geometry": "center"
      },
      "geometry": {
        "type": "Point",
        "coordinates": [
          18.6107537,
          42.4450215
        ]
      },
      "id": "way/461766069"
    },
    {
      "type": "Feature",
      "properties": {
        "@id": "way/471185405",
        "amenity": "place_of_worship",
        "building": "yes",
        "@geometry": "center"
      },
      "geometry": {
        "type": "Point",
        "coordinates": [
          19.285426,
          43.1567848
        ]
      },
      "id": "way/471185405"
    },
    {
      "type": "Feature",
      "properties": {
        "@id": "way/475987030",
        "amenity": "place_of_worship",
        "building": "church",
        "denomination": "serbian_orthodox",
        "religion": "christian",
        "@geometry": "center"
      },
      "geometry": {
        "type": "Point",
        "coordinates": [
          19.1355174,
          42.2789822
        ]
      },
      "id": "way/475987030"
    },
    {
      "type": "Feature",
      "properties": {
        "@id": "way/475992267",
        "amenity": "place_of_worship",
        "building": "church",
        "denomination": "serbian_orthodox",
        "name": "Crkva Svetog Đorđa",
        "name:sr": "Црква светог Ђорђа",
        "religion": "christian",
        "wikidata": "Q20437104",
        "wikipedia": "sr:Црква светог Ђорђа (Бешка горица)",
        "@geometry": "center"
      },
      "geometry": {
        "type": "Point",
        "coordinates": [
          19.2306341,
          42.1656039
        ]
      },
      "id": "way/475992267"
    },
    {
      "type": "Feature",
      "properties": {
        "@id": "way/475992268",
        "amenity": "place_of_worship",
        "building": "church",
        "denomination": "serbian_orthodox",
        "name": "Crkva Presvete Bogorodice",
        "name:sr": "Црква Пресвете Богородице",
        "religion": "christian",
        "@geometry": "center"
      },
      "geometry": {
        "type": "Point",
        "coordinates": [
          19.2310717,
          42.1654721
        ]
      },
      "id": "way/475992268"
    },
    {
      "type": "Feature",
      "properties": {
        "@id": "way/475994899",
        "amenity": "place_of_worship",
        "building": "church",
        "denomination": "serbian_orthodox",
        "name": "Crkva Svete Trojice",
        "name:sr": "Црква Свете Тројице",
        "name:sr-Latn": "Crkva Svete Trojice",
        "religion": "christian",
        "wikidata": "Q61132801",
        "wikipedia": "sr:Црква Свете Тројице на Румији",
        "@geometry": "center"
      },
      "geometry": {
        "type": "Point",
        "coordinates": [
          19.1884842,
          42.1032235
        ]
      },
      "id": "way/475994899"
    },
    {
      "type": "Feature",
      "properties": {
        "@id": "way/475996080",
        "name:sr": "Цркква Сергеја Радоњешког",
        "amenity": "place_of_worship",
        "building": "church",
        "denomination": "serbian_orthodox",
        "name": "Crkva Sergeja Radonješkog",
        "name:sr-Latn": "Crkva Sergeja Radonješkog",
        "religion": "christian",
        "@geometry": "center"
      },
      "geometry": {
        "type": "Point",
        "coordinates": [
          19.1821131,
          42.094052
        ]
      },
      "id": "way/475996080"
    },
    {
      "type": "Feature",
      "properties": {
        "@id": "way/490599684",
        "amenity": "place_of_worship",
        "building": "yes",
        "denomination": "catholic",
        "name": "Crkva Sv. Antuna Padovanskog",
        "religion": "christian",
        "@geometry": "center"
      },
      "geometry": {
        "type": "Point",
        "coordinates": [
          18.6864359,
          42.468038
        ]
      },
      "id": "way/490599684"
    },
    {
      "type": "Feature",
      "properties": {
        "@id": "way/494506647",
        "amenity": "place_of_worship",
        "building": "chapel",
        "name": "Gradska kapela",
        "religion": "christian",
        "@geometry": "center"
      },
      "geometry": {
        "type": "Point",
        "coordinates": [
          19.1243355,
          43.1568588
        ]
      },
      "id": "way/494506647"
    },
    {
      "type": "Feature",
      "properties": {
        "@id": "way/495922613",
        "amenity": "place_of_worship",
        "building": "yes",
        "denomination": "serbian_orthodox",
        "religion": "christian",
        "source": "Bing",
        "@geometry": "center"
      },
      "geometry": {
        "type": "Point",
        "coordinates": [
          18.9075187,
          42.253305
        ]
      },
      "id": "way/495922613"
    },
    {
      "type": "Feature",
      "properties": {
        "@id": "way/500492611",
        "religion": "christian",
        "amenity": "place_of_worship",
        "building": "yes",
        "building:levels": "1",
        "denomination": "serbian_orthodox",
        "name": "Crkva Svetog Nikole",
        "name:en": "Church of St. Nicolas",
        "name:it": "Chiesa di San Nicola",
        "name:sr": "Црква Светог Николе",
        "@geometry": "center"
      },
      "geometry": {
        "type": "Point",
        "coordinates": [
          19.0902311,
          42.230223
        ]
      },
      "id": "way/500492611"
    },
    {
      "type": "Feature",
      "properties": {
        "@id": "way/503576005",
        "addr:place": "Kameno",
        "amenity": "place_of_worship",
        "building": "yes",
        "denomination": "serbian_orthodox",
        "name": "Sveti Stefan",
        "name:en": "St. Stephan",
        "name:sr-Latn": "Sveti Stefan",
        "religion": "christian",
        "@geometry": "center"
      },
      "geometry": {
        "type": "Point",
        "coordinates": [
          18.5336861,
          42.4829003
        ]
      },
      "id": "way/503576005"
    },
    {
      "type": "Feature",
      "properties": {
        "@id": "way/506918016",
        "building": "chapel",
        "name": "Sveti Sava",
        "amenity": "place_of_worship",
        "denomination": "serbian_orthodox",
        "name:sr": "Црква Светог Саве",
        "religion": "christian",
        "@geometry": "center"
      },
      "geometry": {
        "type": "Point",
        "coordinates": [
          18.9008325,
          42.2577747
        ]
      },
      "id": "way/506918016"
    },
    {
      "type": "Feature",
      "properties": {
        "@id": "way/507034509",
        "amenity": "place_of_worship",
        "building": "yes",
        "denomination": "serbian_orthodox",
        "religion": "christian",
        "@geometry": "center"
      },
      "geometry": {
        "type": "Point",
        "coordinates": [
          19.091035,
          42.222893
        ]
      },
      "id": "way/507034509"
    },
    {
      "type": "Feature",
      "properties": {
        "@id": "way/513990912",
        "addr:city": "Dobrota",
        "addr:postcode": "85330",
        "addr:street": "Jadranska magistrala",
        "amenity": "clinic",
        "building": "yes",
        "healthcare": "clinic",
        "name": "Dom zdravlja Kotor",
        "opening_hours": "24/7",
        "@geometry": "center"
      },
      "geometry": {
        "type": "Point",
        "coordinates": [
          18.7656242,
          42.4375712
        ]
      },
      "id": "way/513990912"
    },
    {
      "type": "Feature",
      "properties": {
        "@id": "node/517251346",
        "access": "yes",
        "amenity": "shower",
        "fee": "no",
        "hot_water": "no"
      },
      "geometry": {
        "type": "Point",
        "coordinates": [
          18.768207,
          42.4293739
        ]
      },
      "id": "node/517251346"
    },
    {
      "type": "Feature",
      "properties": {
        "@id": "way/529562662",
        "amenity": "school",
        "@geometry": "center"
      },
      "geometry": {
        "type": "Point",
        "coordinates": [
          19.2000392,
          42.4182524
        ]
      },
      "id": "way/529562662"
    },
    {
      "type": "Feature",
      "properties": {
        "@id": "way/534049303",
        "amenity": "place_of_worship",
        "building": "mosque",
        "name:sq": "Xhamija Kshtenjs",
        "religion": "muslim",
        "@geometry": "center"
      },
      "geometry": {
        "type": "Point",
        "coordinates": [
          19.2791118,
          42.0916386
        ]
      },
      "id": "way/534049303"
    },
    {
      "type": "Feature",
      "properties": {
        "@id": "way/538876004",
        "amenity": "place_of_worship",
        "building": "yes",
        "denomination": "roman_catholic",
        "name": "Crkva svetog Marka",
        "name:en": "St. Mark’s Church",
        "name:it": "San Marco",
        "name:sr": "Црква светог Марка",
        "religion": "christian",
        "@geometry": "center"
      },
      "geometry": {
        "type": "Point",
        "coordinates": [
          18.6976176,
          42.4869831
        ]
      },
      "id": "way/538876004"
    },
    {
      "type": "Feature",
      "properties": {
        "@id": "way/538876006",
        "amenity": "place_of_worship",
        "building": "yes",
        "denomination": "roman_catholic",
        "name": "Sveti Jovan krstitelj",
        "name:en": "Church of St. John the Baptist",
        "religion": "christian",
        "start_date": "1595",
        "@geometry": "center"
      },
      "geometry": {
        "type": "Point",
        "coordinates": [
          18.6961667,
          42.4879612
        ]
      },
      "id": "way/538876006"
    },
    {
      "type": "Feature",
      "properties": {
        "@id": "way/552330290",
        "addr:city": "Dobrota",
        "addr:housenumber": "36",
        "addr:postcode": "85330",
        "amenity": "college",
        "internet_access": "wlan",
        "name": "Pomorski Fakultet Kotor",
        "name:sr": "Поморски Факултет Котор",
        "name:sr-Latn": "Pomorski Fakultet Kotor",
        "operator": "UCG",
        "@geometry": "center"
      },
      "geometry": {
        "type": "Point",
        "coordinates": [
          18.7678712,
          42.4326561
        ]
      },
      "id": "way/552330290"
    },
    {
      "type": "Feature",
      "properties": {
        "@id": "way/561385996",
        "amenity": "place_of_worship",
        "building": "yes",
        "denomination": "serbian_orthodox",
        "name": "crkva Sv. Arhangela Mihaila",
        "religion": "christian",
        "@geometry": "center"
      },
      "geometry": {
        "type": "Point",
        "coordinates": [
          19.3039284,
          42.4635951
        ]
      },
      "id": "way/561385996"
    },
    {
      "type": "Feature",
      "properties": {
        "@id": "way/565172015",
        "amenity": "kindergarten",
        "int_name": "Zvoncic",
        "name": "Zvončić",
        "name:sr": "Звончић",
        "name:sr-Latn": "Zvončić",
        "building": "kindergarten",
        "@geometry": "center"
      },
      "geometry": {
        "type": "Point",
        "coordinates": [
          19.2886173,
          42.4521518
        ]
      },
      "id": "way/565172015"
    },
    {
      "type": "Feature",
      "properties": {
        "@id": "way/566418329",
        "addr:city": "Podgorica",
        "addr:housenumber": "28",
        "addr:postcode": "81000",
        "addr:street": "Ivangradska",
        "amenity": "kindergarten",
        "name": "Dječiji vrtić Lane",
        "@geometry": "center"
      },
      "geometry": {
        "type": "Point",
        "coordinates": [
          19.2245737,
          42.4516538
        ]
      },
      "id": "way/566418329"
    },
    {
      "type": "Feature",
      "properties": {
        "@id": "way/567052477",
        "amenity": "place_of_worship",
        "building": "church",
        "denomination": "serbian_orthodox",
        "name": "Crkva Svetih mučenika Makaveja",
        "religion": "christian",
        "@geometry": "center"
      },
      "geometry": {
        "type": "Point",
        "coordinates": [
          19.2153883,
          42.4549162
        ]
      },
      "id": "way/567052477"
    },
    {
      "type": "Feature",
      "properties": {
        "@id": "way/569039138",
        "amenity": "place_of_worship",
        "building": "yes",
        "religion": "christian",
        "@geometry": "center"
      },
      "geometry": {
        "type": "Point",
        "coordinates": [
          19.1355718,
          42.956896
        ]
      },
      "id": "way/569039138"
    },
    {
      "type": "Feature",
      "properties": {
        "@id": "way/570084765",
        "amenity": "place_of_worship",
        "building": "yes",
        "religion": "christian",
        "@geometry": "center"
      },
      "geometry": {
        "type": "Point",
        "coordinates": [
          19.2507664,
          42.4334937
        ]
      },
      "id": "way/570084765"
    },
    {
      "type": "Feature",
      "properties": {
        "@id": "way/585686058",
        "amenity": "place_of_worship",
        "building": "mosque",
        "denomination": "sunni",
        "religion": "muslim",
        "@geometry": "center"
      },
      "geometry": {
        "type": "Point",
        "coordinates": [
          19.1885319,
          42.0793154
        ]
      },
      "id": "way/585686058"
    },
    {
      "type": "Feature",
      "properties": {
        "@id": "way/586349810",
        "amenity": "place_of_worship",
        "building": "yes",
        "denomination": "orthodox",
        "name": "Ст. Никола",
        "religion": "christian",
        "@geometry": "center"
      },
      "geometry": {
        "type": "Point",
        "coordinates": [
          18.8951495,
          42.307187
        ]
      },
      "id": "way/586349810"
    },
    {
      "type": "Feature",
      "properties": {
        "@id": "way/597921791",
        "amenity": "place_of_worship",
        "building": "church",
        "denomination": "serbian_orthodox",
        "name": "Crkva Svete. Trojice",
        "religion": "christian",
        "@geometry": "center"
      },
      "geometry": {
        "type": "Point",
        "coordinates": [
          18.7033548,
          42.4064394
        ]
      },
      "id": "way/597921791"
    },
    {
      "type": "Feature",
      "properties": {
        "@id": "way/600466939",
        "addr:city": "Stari Bar",
        "amenity": "place_of_worship",
        "denomination": "sunni",
        "name": "Omerbašića džamija",
        "religion": "muslim",
        "@geometry": "center"
      },
      "geometry": {
        "type": "Point",
        "coordinates": [
          19.1343053,
          42.0945018
        ]
      },
      "id": "way/600466939"
    },
    {
      "type": "Feature",
      "properties": {
        "@id": "way/602247777",
        "amenity": "place_of_worship",
        "name": "Sehidska",
        "religion": "muslim",
        "@geometry": "center"
      },
      "geometry": {
        "type": "Point",
        "coordinates": [
          19.9163649,
          42.5797624
        ]
      },
      "id": "way/602247777"
    },
    {
      "type": "Feature",
      "properties": {
        "@id": "way/604048545",
        "wikipedia": "hr:Katedrala Bezgrešnog začeća Blažene Djevice Marije na Gretvi, Stari Bar",
        "amenity": "place_of_worship",
        "building": "cathedral",
        "denomination": "roman_catholic",
        "loc_name": "Stara katedrala",
        "name": "Katedrala Bezgrešnog začeća Blažene Djevice Marije",
        "name:de": "Kathedrale der Unbefleckten Empfängnis der Heiligen Jungfrau Maria",
        "name:en": "Cathedral of the Immaculate Conception of the Blessed Virgin Mary",
        "name:es": "Catedral de la Inmaculada Concepción de la Bienaventurada Virgen María",
        "name:hr": "Katedrala Bezgrešnog začeća Blažene Djevice Marije",
        "name:it": "Cattedrale dell'Immacolata Concezione della Beata Vergine Maria",
        "name:sr": "Катедрала Безгрешног зачећа Блажене Дјевице Марије",
        "name:sr-Latn": "Katedrala Bezgrešnog začeća Blažene Djevice Marije",
        "religion": "christian",
        "@geometry": "center"
      },
      "geometry": {
        "type": "Point",
        "coordinates": [
          19.1306034,
          42.0945263
        ]
      },
      "id": "way/604048545"
    },
    {
      "type": "Feature",
      "properties": {
        "@id": "way/605574693",
        "survey:date": "2022-09-06",
        "religion": "christian",
        "denomination": "roman_catholic",
        "name": "Katolička Crkva",
        "name:en": "Catholic Church",
        "name:es": "Iglesia Católica",
        "name:sr": "Католичка црква",
        "name:sr-Latn": "Katolička crkva",
        "building": "church",
        "amenity": "place_of_worship",
        "@geometry": "center"
      },
      "geometry": {
        "type": "Point",
        "coordinates": [
          18.944023,
          42.7858486
        ]
      },
      "id": "way/605574693"
    },
    {
      "type": "Feature",
      "properties": {
        "@id": "way/605743932",
        "wheelchair": "no",
        "religion": "christian",
        "name": "Sveti Vid",
        "denomination": "roman_catholic",
        "building": "church",
        "amenity": "place_of_worship",
        "@geometry": "center"
      },
      "geometry": {
        "type": "Point",
        "coordinates": [
          18.9447022,
          42.2071558
        ]
      },
      "id": "way/605743932"
    },
    {
      "type": "Feature",
      "properties": {
        "@id": "way/605864978",
        "name:ru": "Святого Пантелия",
        "amenity": "place_of_worship",
        "building": "yes",
        "name": "Sveti Pantelija",
        "religion": "christian",
        "@geometry": "center"
      },
      "geometry": {
        "type": "Point",
        "coordinates": [
          18.5607813,
          42.4224145
        ]
      },
      "id": "way/605864978"
    },
    {
      "type": "Feature",
      "properties": {
        "@id": "way/608565175",
        "amenity": "place_of_worship",
        "building": "church",
        "name": "Gospa od Anđela",
        "name:sr": "Госпа од анђела",
        "religion": "christian",
        "@geometry": "center"
      },
      "geometry": {
        "type": "Point",
        "coordinates": [
          18.6903807,
          42.4774623
        ]
      },
      "id": "way/608565175"
    },
    {
      "type": "Feature",
      "properties": {
        "@id": "way/609042021",
        "addr:city": "Dobrota",
        "addr:housenumber": "b.b.",
        "addr:postcode": "85330",
        "addr:street": "Dobrota",
        "amenity": "hospital",
        "healthcare": "hospital",
        "healthcare:speciality": "psychiatry",
        "name": "Specijalna bolnica za psihijatriju Kotor",
        "name:en": "Kotor Psychiatric Hospital",
        "name:sr": "Специјална болница за психијатрију Котор",
        "phone": "+382 32 330 920",
        "@geometry": "center"
      },
      "geometry": {
        "type": "Point",
        "coordinates": [
          18.7641766,
          42.4415452
        ]
      },
      "id": "way/609042021"
    },
    {
      "type": "Feature",
      "properties": {
        "@id": "way/614367591",
        "service_times": "Su 10:00",
        "denomination": "catholic",
        "religion": "christian",
        "name": "Sv. Matej",
        "building": "church",
        "addr:city": "Dobrota",
        "addr:postcode": "85330",
        "amenity": "place_of_worship",
        "@geometry": "center"
      },
      "geometry": {
        "type": "Point",
        "coordinates": [
          18.7626403,
          42.442076
        ]
      },
      "id": "way/614367591"
    },
    {
      "type": "Feature",
      "properties": {
        "@id": "way/615345873",
        "addr:place": "Kameno",
        "amenity": "place_of_worship",
        "building": "yes",
        "building:use": "religious",
        "denomination": "serbian_orthodox",
        "name": "Св. Никола",
        "name:en": "St. Nikola",
        "name:sr-Latn": "Sveti Nikola",
        "religion": "christian",
        "@geometry": "center"
      },
      "geometry": {
        "type": "Point",
        "coordinates": [
          18.5316842,
          42.487388
        ]
      },
      "id": "way/615345873"
    },
    {
      "type": "Feature",
      "properties": {
        "@id": "way/615985115",
        "religion": "christian",
        "amenity": "place_of_worship",
        "building": "yes",
        "denomination": "serbian_orthodox",
        "name": "Sveti Ilija",
        "@geometry": "center"
      },
      "geometry": {
        "type": "Point",
        "coordinates": [
          18.5048623,
          42.4875986
        ]
      },
      "id": "way/615985115"
    },
    {
      "type": "Feature",
      "properties": {
        "@id": "way/616292680",
        "amenity": "place_of_worship",
        "building": "church",
        "denomination": "serbian_orthodox",
        "level": "1",
        "name": "Св. Илиjа",
        "name:en": "St. Ilija",
        "name:sr-Latn": "Sveti Ilija",
        "religion": "christian",
        "roof:material": "stone",
        "wall:material": "stone",
        "@geometry": "center"
      },
      "geometry": {
        "type": "Point",
        "coordinates": [
          18.6026641,
          42.4952913
        ]
      },
      "id": "way/616292680"
    },
    {
      "type": "Feature",
      "properties": {
        "@id": "way/623050505",
        "name:ru": "Церковь св. Иоанна",
        "amenity": "place_of_worship",
        "building": "yes",
        "denomination": "serbian_orthodox",
        "name": "Crkva sv. Jovana",
        "name:en": "Church of St. John",
        "name:es": "Iglesia San Juan",
        "name:sr": "Црква св. Јована",
        "religion": "christian",
        "tourism": "attraction",
        "@geometry": "center"
      },
      "geometry": {
        "type": "Point",
        "coordinates": [
          19.1357394,
          42.0932574
        ]
      },
      "id": "way/623050505"
    },
    {
      "type": "Feature",
      "properties": {
        "@id": "way/626337228",
        "amenity": "place_of_worship",
        "building": "chapel",
        "denomination": "orthodox",
        "religion": "christian",
        "source": "Bing",
        "@geometry": "center"
      },
      "geometry": {
        "type": "Point",
        "coordinates": [
          19.0588545,
          42.3773154
        ]
      },
      "id": "way/626337228"
    },
    {
      "type": "Feature",
      "properties": {
        "@id": "way/626337282",
        "amenity": "place_of_worship",
        "building": "chapel",
        "religion": "christian",
        "source": "Bing",
        "@geometry": "center"
      },
      "geometry": {
        "type": "Point",
        "coordinates": [
          19.0365658,
          42.3648118
        ]
      },
      "id": "way/626337282"
    },
    {
      "type": "Feature",
      "properties": {
        "@id": "way/626583361",
        "religion": "muslim",
        "amenity": "place_of_worship",
        "building": "yes",
        "@geometry": "center"
      },
      "geometry": {
        "type": "Point",
        "coordinates": [
          19.8414974,
          42.5301413
        ]
      },
      "id": "way/626583361"
    },
    {
      "type": "Feature",
      "properties": {
        "@id": "way/626757091",
        "amenity": "place_of_worship",
        "building": "mosque",
        "name": "Xhamija Boboshtit",
        "religion": "muslim",
        "@geometry": "center"
      },
      "geometry": {
        "type": "Point",
        "coordinates": [
          19.2711789,
          42.1171817
        ]
      },
      "id": "way/626757091"
    },
    {
      "type": "Feature",
      "properties": {
        "@id": "way/627558701",
        "religion": "christian",
        "amenity": "place_of_worship",
        "building": "yes",
        "denomination": "orthodox",
        "@geometry": "center"
      },
      "geometry": {
        "type": "Point",
        "coordinates": [
          19.0338056,
          42.1416796
        ]
      },
      "id": "way/627558701"
    },
    {
      "type": "Feature",
      "properties": {
        "@id": "way/641859383",
        "amenity": "place_of_worship",
        "building": "church",
        "denomination": "serbian_orthodox",
        "religion": "christian",
        "@geometry": "center"
      },
      "geometry": {
        "type": "Point",
        "coordinates": [
          19.0807177,
          43.2156925
        ]
      },
      "id": "way/641859383"
    },
    {
      "type": "Feature",
      "properties": {
        "@id": "way/649564887",
        "building": "yes",
        "name": "Crkva",
        "amenity": "place_of_worship",
        "@geometry": "center"
      },
      "geometry": {
        "type": "Point",
        "coordinates": [
          18.7659609,
          42.4199845
        ]
      },
      "id": "way/649564887"
    },
    {
      "type": "Feature",
      "properties": {
        "@id": "way/657043765",
        "amenity": "school",
        "@geometry": "center"
      },
      "geometry": {
        "type": "Point",
        "coordinates": [
          18.7624882,
          42.4202573
        ]
      },
      "id": "way/657043765"
    },
    {
      "type": "Feature",
      "properties": {
        "@id": "way/673128415",
        "amenity": "place_of_worship",
        "building": "church",
        "denomination": "roman_catholic",
        "name": "Crkva svetog Andrije",
        "name:sr": "Црква светог Андрије",
        "religion": "christian",
        "@geometry": "center"
      },
      "geometry": {
        "type": "Point",
        "coordinates": [
          19.0644295,
          42.135801
        ]
      },
      "id": "way/673128415"
    },
    {
      "type": "Feature",
      "properties": {
        "@id": "way/676514984",
        "amenity": "place_of_worship",
        "building": "yes",
        "name": "Hadži Zekerija džamija",
        "religion": "muslim",
        "@geometry": "center"
      },
      "geometry": {
        "type": "Point",
        "coordinates": [
          19.351186,
          43.355627
        ]
      },
      "id": "way/676514984"
    },
    {
      "type": "Feature",
      "properties": {
        "@id": "way/676514985",
        "amenity": "place_of_worship",
        "building": "mosque",
        "name": "Hadži Alija Penda džamija",
        "religion": "muslim",
        "@geometry": "center"
      },
      "geometry": {
        "type": "Point",
        "coordinates": [
          19.3510978,
          43.3535902
        ]
      },
      "id": "way/676514985"
    },
    {
      "type": "Feature",
      "properties": {
        "@id": "way/676518390",
        "religion": "muslim",
        "name": "Hadži Hasan džamija",
        "building": "mosque",
        "amenity": "place_of_worship",
        "@geometry": "center"
      },
      "geometry": {
        "type": "Point",
        "coordinates": [
          19.3549098,
          43.3581677
        ]
      },
      "id": "way/676518390"
    },
    {
      "type": "Feature",
      "properties": {
        "@id": "way/695795967",
        "amenity": "place_of_worship",
        "building": "yes",
        "@geometry": "center"
      },
      "geometry": {
        "type": "Point",
        "coordinates": [
          18.7567991,
          42.3594919
        ]
      },
      "id": "way/695795967"
    },
    {
      "type": "Feature",
      "properties": {
        "@id": "way/701081283",
        "amenity": "place_of_worship",
        "building": "temple",
        "denomination": "serbian_orthodox",
        "name": "Manastir Svetog Nikolaja",
        "name:sr": "Манасти Светог Николаја",
        "religion": "christian",
        "@geometry": "center"
      },
      "geometry": {
        "type": "Point",
        "coordinates": [
          19.3922985,
          42.5809539
        ]
      },
      "id": "way/701081283"
    },
    {
      "type": "Feature",
      "properties": {
        "@id": "way/706237592",
        "amenity": "place_of_worship",
        "building": "church",
        "denomination": "serbian_orthodox",
        "name": "Crkva svetog Ilije",
        "name:sr": "Црква светог Илије",
        "religion": "christian",
        "@geometry": "center"
      },
      "geometry": {
        "type": "Point",
        "coordinates": [
          18.5841188,
          42.4728454
        ]
      },
      "id": "way/706237592"
    },
    {
      "type": "Feature",
      "properties": {
        "@id": "way/721744516",
        "amenity": "place_of_worship",
        "building": "yes",
        "denomination": "orthodox",
        "name": "Crkva Svetog Nikole",
        "religion": "christian",
        "@geometry": "center"
      },
      "geometry": {
        "type": "Point",
        "coordinates": [
          18.98037,
          42.320084
        ]
      },
      "id": "way/721744516"
    },
    {
      "type": "Feature",
      "properties": {
        "@id": "way/730173952",
        "amenity": "school",
        "building": "school",
        "int_name": "Elementary school Kurikuce",
        "name": "Osnovna škola Kurikuće",
        "name:en": "Primary School Kurikuce",
        "@geometry": "center"
      },
      "geometry": {
        "type": "Point",
        "coordinates": [
          19.7462983,
          42.8791611
        ]
      },
      "id": "way/730173952"
    },
    {
      "type": "Feature",
      "properties": {
        "@id": "way/739029434",
        "amenity": "marketplace",
        "@geometry": "center"
      },
      "geometry": {
        "type": "Point",
        "coordinates": [
          19.0479256,
          42.1406956
        ]
      },
      "id": "way/739029434"
    },
    {
      "type": "Feature",
      "properties": {
        "@id": "way/739641727",
        "religion": "muslim",
        "amenity": "place_of_worship",
        "building": "mosque",
        "@geometry": "center"
      },
      "geometry": {
        "type": "Point",
        "coordinates": [
          19.1444217,
          42.0514999
        ]
      },
      "id": "way/739641727"
    },
    {
      "type": "Feature",
      "properties": {
        "@id": "way/739662321",
        "religion": "christian",
        "amenity": "place_of_worship",
        "building": "church",
        "denomination": "serbian_orthodox",
        "name": "Crkva sv. Nikole",
        "@geometry": "center"
      },
      "geometry": {
        "type": "Point",
        "coordinates": [
          19.0091284,
          42.2472514
        ]
      },
      "id": "way/739662321"
    },
    {
      "type": "Feature",
      "properties": {
        "@id": "way/740841064",
        "religion": "christian",
        "amenity": "place_of_worship",
        "building": "church",
        "name": "Sv. Ilija",
        "name:sr": "Св. Илија",
        "@geometry": "center"
      },
      "geometry": {
        "type": "Point",
        "coordinates": [
          19.009775,
          42.2037795
        ]
      },
      "id": "way/740841064"
    },
    {
      "type": "Feature",
      "properties": {
        "@id": "way/741101121",
        "religion": "christian",
        "amenity": "place_of_worship",
        "building": "church",
        "@geometry": "center"
      },
      "geometry": {
        "type": "Point",
        "coordinates": [
          19.108454,
          42.2179903
        ]
      },
      "id": "way/741101121"
    },
    {
      "type": "Feature",
      "properties": {
        "@id": "way/741101137",
        "amenity": "place_of_worship",
        "building": "church",
        "religion": "christian",
        "@geometry": "center"
      },
      "geometry": {
        "type": "Point",
        "coordinates": [
          19.010184,
          42.2416488
        ]
      },
      "id": "way/741101137"
    },
    {
      "type": "Feature",
      "properties": {
        "@id": "way/741758886",
        "amenity": "place_of_worship",
        "building": "church",
        "denomination": "serbian_orthodox",
        "religion": "christian",
        "@geometry": "center"
      },
      "geometry": {
        "type": "Point",
        "coordinates": [
          19.0583699,
          42.2878903
        ]
      },
      "id": "way/741758886"
    },
    {
      "type": "Feature",
      "properties": {
        "@id": "way/742013930",
        "amenity": "place_of_worship",
        "building": "church",
        "religion": "christian",
        "@geometry": "center"
      },
      "geometry": {
        "type": "Point",
        "coordinates": [
          19.1723232,
          42.1979517
        ]
      },
      "id": "way/742013930"
    },
    {
      "type": "Feature",
      "properties": {
        "@id": "way/742023536",
        "amenity": "place_of_worship",
        "building": "mosque",
        "religion": "muslim",
        "@geometry": "center"
      },
      "geometry": {
        "type": "Point",
        "coordinates": [
          19.1849816,
          42.0133664
        ]
      },
      "id": "way/742023536"
    },
    {
      "type": "Feature",
      "properties": {
        "@id": "way/742692198",
        "amenity": "place_of_worship",
        "building": "church",
        "denomination": "serbian_orthodox",
        "religion": "christian",
        "@geometry": "center"
      },
      "geometry": {
        "type": "Point",
        "coordinates": [
          19.0956551,
          42.1983404
        ]
      },
      "id": "way/742692198"
    },
    {
      "type": "Feature",
      "properties": {
        "@id": "way/744188575",
        "amenity": "place_of_worship",
        "building": "church",
        "denomination": "roman_catholic",
        "name": "Crkva sv. Mihovila",
        "religion": "christian",
        "@geometry": "center"
      },
      "geometry": {
        "type": "Point",
        "coordinates": [
          18.6947515,
          42.4891669
        ]
      },
      "id": "way/744188575"
    },
    {
      "type": "Feature",
      "properties": {
        "@id": "way/746165300",
        "amenity": "place_of_worship",
        "building": "yes",
        "name": "Sv Vasilije Ostroški",
        "religion": "christian",
        "@geometry": "center"
      },
      "geometry": {
        "type": "Point",
        "coordinates": [
          18.5902383,
          42.4398977
        ]
      },
      "id": "way/746165300"
    },
    {
      "type": "Feature",
      "properties": {
        "@id": "way/746480299",
        "amenity": "clinic",
        "building": "yes",
        "healthcare": "clinic",
        "name": "Područna jedinica Ostros",
        "name:sq": "Stacioni shëndetsor Ostros",
        "opening_hours": "Mo-Su 07:00-15:00",
        "operator": "J.Z.U Dom zdravlja - Bar",
        "phone": "+382 30 753-032",
        "website": "http://www.domzdravljabar.com/ostros_01359365416209.php",
        "@geometry": "center"
      },
      "geometry": {
        "type": "Point",
        "coordinates": [
          19.3041914,
          42.0878752
        ]
      },
      "id": "way/746480299"
    },
    {
      "type": "Feature",
      "properties": {
        "@id": "way/746558635",
        "amenity": "place_of_worship",
        "building": "mosque",
        "name": "Džamija Ćurjan",
        "name:sq": "Xhamija Qyrjanit",
        "religion": "muslim",
        "@geometry": "center"
      },
      "geometry": {
        "type": "Point",
        "coordinates": [
          19.3072669,
          42.0931456
        ]
      },
      "id": "way/746558635"
    },
    {
      "type": "Feature",
      "properties": {
        "@id": "way/749196995",
        "wikipedia": "hr:Pravoslavna crkva sv. Nikole u Starom Baru",
        "religion": "christian",
        "name:sr": "Црква светог Николе",
        "name": "Crkva svetog Nikole",
        "amenity": "place_of_worship",
        "building": "church",
        "denomination": "serbian_orthodox",
        "@geometry": "center"
      },
      "geometry": {
        "type": "Point",
        "coordinates": [
          19.1314443,
          42.087422
        ]
      },
      "id": "way/749196995"
    },
    {
      "type": "Feature",
      "properties": {
        "@id": "way/749445464",
        "wikipedia": "hr:Crkva sv. Vita na Gretvi, Stari Bar",
        "amenity": "place_of_worship",
        "building": "chapel",
        "denomination": "roman_catholic",
        "name": "Crkva sv. Vita",
        "name:sr": "Црква св. Вита",
        "religion": "christian",
        "@geometry": "center"
      },
      "geometry": {
        "type": "Point",
        "coordinates": [
          19.1283655,
          42.0926221
        ]
      },
      "id": "way/749445464"
    },
    {
      "type": "Feature",
      "properties": {
        "@id": "way/750459876",
        "amenity": "kindergarten",
        "@geometry": "center"
      },
      "geometry": {
        "type": "Point",
        "coordinates": [
          19.1038069,
          42.1031553
        ]
      },
      "id": "way/750459876"
    },
    {
      "type": "Feature",
      "properties": {
        "@id": "way/753521357",
        "amenity": "place_of_worship",
        "building": "church",
        "denomination": "serbian_orthodox",
        "name": "Црква светог Илије",
        "name:sr": "Црква светог Илије",
        "religion": "christian",
        "@geometry": "center"
      },
      "geometry": {
        "type": "Point",
        "coordinates": [
          19.1898638,
          41.9727613
        ]
      },
      "id": "way/753521357"
    },
    {
      "type": "Feature",
      "properties": {
        "@id": "way/753521367",
        "amenity": "place_of_worship",
        "building": "mosque",
        "name": "Džamija Kruče",
        "religion": "muslim",
        "@geometry": "center"
      },
      "geometry": {
        "type": "Point",
        "coordinates": [
          19.1717666,
          41.9810916
        ]
      },
      "id": "way/753521367"
    },
    {
      "type": "Feature",
      "properties": {
        "@id": "way/753534314",
        "amenity": "place_of_worship",
        "building": "church",
        "denomination": "serbian_orthodox",
        "name": "Црква светог Николе",
        "name:sr": "Црква светог Николе",
        "religion": "christian",
        "tourism": "attraction",
        "@geometry": "center"
      },
      "geometry": {
        "type": "Point",
        "coordinates": [
          19.2008291,
          41.925631
        ]
      },
      "id": "way/753534314"
    },
    {
      "type": "Feature",
      "properties": {
        "@id": "way/753534319",
        "alt_name:sq": "Xhamia e Marinarëve",
        "amenity": "place_of_worship",
        "building": "mosque",
        "denomination": "sunni",
        "name": "Džamija pomoraca - Xhamia e Detarëve",
        "name:en": "Seaman's Mosque",
        "name:sq": "Xhamia e Detarëve",
        "name:sr": "Џамија помораца",
        "name:sr-Latn": "Džamija pomoraca",
        "religion": "muslim",
        "wikidata": "Q7440686",
        "wikipedia": "en:Sailors' Mosque",
        "@geometry": "center"
      },
      "geometry": {
        "type": "Point",
        "coordinates": [
          19.2044629,
          41.9243645
        ]
      },
      "id": "way/753534319"
    },
    {
      "type": "Feature",
      "properties": {
        "@id": "way/755271752",
        "amenity": "school",
        "name": "O.Š Marko Miljanov",
        "@geometry": "center"
      },
      "geometry": {
        "type": "Point",
        "coordinates": [
          19.7415436,
          43.0347331
        ]
      },
      "id": "way/755271752"
    },
    {
      "type": "Feature",
      "properties": {
        "@id": "way/756392950",
        "amenity": "place_of_worship",
        "building": "yes",
        "religion": "muslim",
        "@geometry": "center"
      },
      "geometry": {
        "type": "Point",
        "coordinates": [
          19.1361797,
          42.0912089
        ]
      },
      "id": "way/756392950"
    },
    {
      "type": "Feature",
      "properties": {
        "@id": "way/756754819",
        "religion": "muslim",
        "amenity": "place_of_worship",
        "building": "yes",
        "name": "Džamija Tejani",
        "name:sq": "Xhamia e Ftjanit",
        "name:sr": "Џамија Тејани",
        "@geometry": "center"
      },
      "geometry": {
        "type": "Point",
        "coordinates": [
          19.2419629,
          42.103564
        ]
      },
      "id": "way/756754819"
    },
    {
      "type": "Feature",
      "properties": {
        "@id": "way/757081907",
        "amenity": "place_of_worship",
        "building": "mosque",
        "name": "Džamija Tuđemili",
        "religion": "muslim",
        "@geometry": "center"
      },
      "geometry": {
        "type": "Point",
        "coordinates": [
          19.1451439,
          42.133954
        ]
      },
      "id": "way/757081907"
    },
    {
      "type": "Feature",
      "properties": {
        "@id": "way/757540822",
        "amenity": "place_of_worship",
        "building": "mosque",
        "name": "Džamija Gorana",
        "name:sr": "Џамија Горана",
        "religion": "muslim",
        "@geometry": "center"
      },
      "geometry": {
        "type": "Point",
        "coordinates": [
          19.2137246,
          41.9991124
        ]
      },
      "id": "way/757540822"
    },
    {
      "type": "Feature",
      "properties": {
        "@id": "way/757540842",
        "amenity": "place_of_worship",
        "building": "yes",
        "denomination": "serbian_orthodox",
        "name": "Crkva sv. Gospođe",
        "name:en": "Church of Holy Lady",
        "name:sr": "Црква св. Госпође",
        "religion": "christian",
        "@geometry": "center"
      },
      "geometry": {
        "type": "Point",
        "coordinates": [
          19.0802232,
          42.2391778
        ]
      },
      "id": "way/757540842"
    },
    {
      "type": "Feature",
      "properties": {
        "@id": "way/757920434",
        "amenity": "place_of_worship",
        "building": "church",
        "denomination": "serbian_orthodox",
        "name": "Crkva svetog Ilije",
        "name:sr": "Црква светог Илије",
        "religion": "christian",
        "@geometry": "center"
      },
      "geometry": {
        "type": "Point",
        "coordinates": [
          19.0828906,
          42.0820841
        ]
      },
      "id": "way/757920434"
    },
    {
      "type": "Feature",
      "properties": {
        "@id": "way/757925839",
        "religion": "christian",
        "amenity": "place_of_worship",
        "building": "church",
        "denomination": "roman_catholic",
        "name": "Crkva sv. Ivana Krstitelja",
        "name:sr": "Црква св. Ивана Крститеља",
        "@geometry": "center"
      },
      "geometry": {
        "type": "Point",
        "coordinates": [
          19.1219898,
          42.1294369
        ]
      },
      "id": "way/757925839"
    },
    {
      "type": "Feature",
      "properties": {
        "@id": "way/757925841",
        "amenity": "place_of_worship",
        "building": "yes",
        "denomination": "serbian_orthodox",
        "name": "Crkva svetog Vasilija Ostroškog",
        "name:sr": "Црква светог Василија Острошког",
        "religion": "christian",
        "start_date": "1886",
        "@geometry": "center"
      },
      "geometry": {
        "type": "Point",
        "coordinates": [
          19.1235039,
          42.1338472
        ]
      },
      "id": "way/757925841"
    },
    {
      "type": "Feature",
      "properties": {
        "@id": "way/757925845",
        "religion": "christian",
        "amenity": "place_of_worship",
        "building": "church",
        "denomination": "serbian_orthodox",
        "name": "Crkva sv. Jovana",
        "name:sr": "Црква св. Јована",
        "@geometry": "center"
      },
      "geometry": {
        "type": "Point",
        "coordinates": [
          19.1238631,
          42.135205
        ]
      },
      "id": "way/757925845"
    },
    {
      "type": "Feature",
      "properties": {
        "@id": "way/757925846",
        "start_date": "2019",
        "amenity": "place_of_worship",
        "building": "church",
        "denomination": "serbian_orthodox",
        "name": "Crkva sv. Petra i Pavla",
        "name:sr": "Црква св. Петра и Павла",
        "religion": "christian",
        "@geometry": "center"
      },
      "geometry": {
        "type": "Point",
        "coordinates": [
          19.1240169,
          42.1351042
        ]
      },
      "id": "way/757925846"
    },
    {
      "type": "Feature",
      "properties": {
        "@id": "way/763370083",
        "website": "http://smsigkovacic.me",
        "amenity": "school",
        "name:sr-Latn": "Srednja mješovita škola \"Ivan Goran Kovačić\"",
        "wikidata": "Q82285247",
        "@geometry": "center"
      },
      "geometry": {
        "type": "Point",
        "coordinates": [
          18.5483342,
          42.4514003
        ]
      },
      "id": "way/763370083"
    },
    {
      "type": "Feature",
      "properties": {
        "@id": "way/768100940",
        "amenity": "place_of_worship",
        "building": "church",
        "religion": "christian",
        "@geometry": "center"
      },
      "geometry": {
        "type": "Point",
        "coordinates": [
          18.7313101,
          42.3611992
        ]
      },
      "id": "way/768100940"
    },
    {
      "type": "Feature",
      "properties": {
        "@id": "way/768256822",
        "amenity": "place_of_worship",
        "building": "church",
        "denomination": "serbian_orthodox",
        "name": "Crkva Svete Nedjelje",
        "name:sr": "Црква Свете Недјеље",
        "religion": "christian",
        "wikidata": "Q97192449",
        "wikipedia": "sr:Црква Свете Недјеље у Јошици",
        "@geometry": "center"
      },
      "geometry": {
        "type": "Point",
        "coordinates": [
          18.674347,
          42.460075
        ]
      },
      "id": "way/768256822"
    },
    {
      "type": "Feature",
      "properties": {
        "@id": "way/791052359",
        "amenity": "place_of_worship",
        "building": "chapel",
        "denomination": "serbian_orthodox",
        "religion": "christian",
        "@geometry": "center"
      },
      "geometry": {
        "type": "Point",
        "coordinates": [
          18.9001803,
          42.2837516
        ]
      },
      "id": "way/791052359"
    },
    {
      "type": "Feature",
      "properties": {
        "@id": "way/800614418",
        "name:ru": "Св. Ильи",
        "amenity": "place_of_worship",
        "building": "yes",
        "denomination": "orthodox",
        "name": "Sveti Ilija",
        "name:cnr": "Sveti Ilija",
        "name:en": "Saint Iliya",
        "religion": "christian",
        "@geometry": "center"
      },
      "geometry": {
        "type": "Point",
        "coordinates": [
          19.1940783,
          42.0383898
        ]
      },
      "id": "way/800614418"
    },
    {
      "type": "Feature",
      "properties": {
        "@id": "way/800638467",
        "amenity": "place_of_worship",
        "building": "yes",
        "religion": "muslim",
        "@geometry": "center"
      },
      "geometry": {
        "type": "Point",
        "coordinates": [
          19.1982255,
          42.0331293
        ]
      },
      "id": "way/800638467"
    },
    {
      "type": "Feature",
      "properties": {
        "@id": "way/831736332",
        "amenity": "place_of_worship",
        "building": "yes",
        "religion": "christian",
        "@geometry": "center"
      },
      "geometry": {
        "type": "Point",
        "coordinates": [
          19.349613,
          41.9519853
        ]
      },
      "id": "way/831736332"
    },
    {
      "type": "Feature",
      "properties": {
        "@id": "way/837644815",
        "amenity": "place_of_worship",
        "religion": "christian",
        "@geometry": "center"
      },
      "geometry": {
        "type": "Point",
        "coordinates": [
          19.286243,
          42.7794625
        ]
      },
      "id": "way/837644815"
    },
    {
      "type": "Feature",
      "properties": {
        "@id": "way/838996896",
        "amenity": "place_of_worship",
        "building": "yes",
        "religion": "christian",
        "@geometry": "center"
      },
      "geometry": {
        "type": "Point",
        "coordinates": [
          19.3526318,
          42.688952
        ]
      },
      "id": "way/838996896"
    },
    {
      "type": "Feature",
      "properties": {
        "@id": "way/858162045",
        "amenity": "place_of_worship",
        "building": "church",
        "denomination": "orthodox",
        "name": "Црква Светог Крста",
        "name:en": "St. Cross Church",
        "name:sr": "Црква Светог Крста",
        "name:sr-Latn": "Crkva Svetog Krsta",
        "religion": "christian",
        "@geometry": "center"
      },
      "geometry": {
        "type": "Point",
        "coordinates": [
          18.9592168,
          42.2186784
        ]
      },
      "id": "way/858162045"
    },
    {
      "type": "Feature",
      "properties": {
        "@id": "way/891074681",
        "amenity": "place_of_worship",
        "building": "church",
        "@geometry": "center"
      },
      "geometry": {
        "type": "Point",
        "coordinates": [
          19.4380616,
          42.7275647
        ]
      },
      "id": "way/891074681"
    },
    {
      "type": "Feature",
      "properties": {
        "@id": "way/921841122",
        "religion": "christian",
        "amenity": "place_of_worship",
        "building": "yes",
        "name": "Crkva Svetog Nikole",
        "@geometry": "center"
      },
      "geometry": {
        "type": "Point",
        "coordinates": [
          18.8468329,
          42.2712827
        ]
      },
      "id": "way/921841122"
    },
    {
      "type": "Feature",
      "properties": {
        "@id": "way/922850908",
        "amenity": "place_of_worship",
        "building": "yes",
        "name": "Džamija Gubavač",
        "religion": "muslim",
        "@geometry": "center"
      },
      "geometry": {
        "type": "Point",
        "coordinates": [
          19.7850446,
          43.1015259
        ]
      },
      "id": "way/922850908"
    },
    {
      "type": "Feature",
      "properties": {
        "@id": "way/923102352",
        "amenity": "place_of_worship",
        "building": "yes",
        "name": "Ibarčanska džamija",
        "religion": "muslim",
        "@geometry": "center"
      },
      "geometry": {
        "type": "Point",
        "coordinates": [
          20.1618016,
          42.8359461
        ]
      },
      "id": "way/923102352"
    },
    {
      "type": "Feature",
      "properties": {
        "@id": "way/923102624",
        "amenity": "place_of_worship",
        "building": "yes",
        "name": "Džamija Almin Murić",
        "religion": "muslim",
        "@geometry": "center"
      },
      "geometry": {
        "type": "Point",
        "coordinates": [
          20.169862,
          42.8395323
        ]
      },
      "id": "way/923102624"
    },
    {
      "type": "Feature",
      "properties": {
        "@id": "way/923120173",
        "amenity": "place_of_worship",
        "building": "yes",
        "name": "Gasulhana",
        "religion": "muslim",
        "@geometry": "center"
      },
      "geometry": {
        "type": "Point",
        "coordinates": [
          19.7491025,
          43.0371661
        ]
      },
      "id": "way/923120173"
    },
    {
      "type": "Feature",
      "properties": {
        "@id": "way/923124981",
        "amenity": "place_of_worship",
        "building": "yes",
        "name": "Nokićka džamija",
        "religion": "muslim",
        "@geometry": "center"
      },
      "geometry": {
        "type": "Point",
        "coordinates": [
          20.1515322,
          42.8354496
        ]
      },
      "id": "way/923124981"
    },
    {
      "type": "Feature",
      "properties": {
        "@id": "way/923243068",
        "amenity": "place_of_worship",
        "building": "yes",
        "name": "Džamija Sutivan",
        "religion": "muslim",
        "@geometry": "center"
      },
      "geometry": {
        "type": "Point",
        "coordinates": [
          19.7694551,
          43.0867814
        ]
      },
      "id": "way/923243068"
    },
    {
      "type": "Feature",
      "properties": {
        "@id": "way/923962120",
        "website": "http://smsgolubovci.me",
        "addr:city": "Golubovci",
        "addr:housenumber": "Golubovci",
        "addr:postcode": "81304",
        "addr:street": "bb",
        "amenity": "school",
        "email": "skola@smsgolubovci.edu.me",
        "name": "Srednja mješovita škola Golubovci",
        "phone": "+382 20 255 121",
        "@geometry": "center"
      },
      "geometry": {
        "type": "Point",
        "coordinates": [
          19.227289,
          42.3305968
        ]
      },
      "id": "way/923962120"
    },
    {
      "type": "Feature",
      "properties": {
        "@id": "way/923962121",
        "addr:city": "Golubovci",
        "addr:housenumber": "bb",
        "addr:postcode": "81304",
        "addr:street": "Golubovci",
        "amenity": "school",
        "email": "skola@os-mvukotic.edu.me",
        "name": "Oš \"Milan Vukotić\"",
        "website": "http://osmilanvukotic.edu.me",
        "@geometry": "center"
      },
      "geometry": {
        "type": "Point",
        "coordinates": [
          19.2222941,
          42.3322217
        ]
      },
      "id": "way/923962121"
    },
    {
      "type": "Feature",
      "properties": {
        "@id": "way/923962127",
        "addr:city": "Golubovci",
        "addr:postcode": "81304",
        "amenity": "kindergarten",
        "name": "Dečiji vrtić Zvjezdani vrt",
        "@geometry": "center"
      },
      "geometry": {
        "type": "Point",
        "coordinates": [
          19.223493,
          42.3325467
        ]
      },
      "id": "way/923962127"
    },
    {
      "type": "Feature",
      "properties": {
        "@id": "way/926662809",
        "amenity": "school",
        "name": "Osnovna škola Vuko Jovović",
        "@geometry": "center"
      },
      "geometry": {
        "type": "Point",
        "coordinates": [
          19.1075608,
          42.5502376
        ]
      },
      "id": "way/926662809"
    },
    {
      "type": "Feature",
      "properties": {
        "@id": "way/926662813",
        "amenity": "school",
        "name": "Gimanzija Petar I Petrović Njegoš",
        "@geometry": "center"
      },
      "geometry": {
        "type": "Point",
        "coordinates": [
          19.1092399,
          42.5494753
        ]
      },
      "id": "way/926662813"
    },
    {
      "type": "Feature",
      "properties": {
        "@id": "way/926719636",
        "amenity": "kindergarten",
        "name": "DV Jaglika Adžić",
        "@geometry": "center"
      },
      "geometry": {
        "type": "Point",
        "coordinates": [
          18.8439642,
          43.1551999
        ]
      },
      "id": "way/926719636"
    },
    {
      "type": "Feature",
      "properties": {
        "@id": "way/926767110",
        "amenity": "place_of_worship",
        "building": "mosque",
        "denomination": "sunni",
        "name": "Ćazim-beg Mosque",
        "name:sq": "Xhamia e Qazim Begut",
        "name:sr": "Ћазим-бегова џамија",
        "name:sr-Latn": "Ćazim-begova džamija",
        "religion": "muslim",
        "@geometry": "center"
      },
      "geometry": {
        "type": "Point",
        "coordinates": [
          19.3282482,
          42.3676681
        ]
      },
      "id": "way/926767110"
    },
    {
      "type": "Feature",
      "properties": {
        "@id": "way/927103334",
        "amenity": "place_of_worship",
        "building": "church",
        "denomination": "serbian_orthodox",
        "name": "Crkva Svete Petke",
        "religion": "christian",
        "@geometry": "center"
      },
      "geometry": {
        "type": "Point",
        "coordinates": [
          18.5947744,
          42.4866375
        ]
      },
      "id": "way/927103334"
    },
    {
      "type": "Feature",
      "properties": {
        "@id": "way/946441724",
        "amenity": "community_centre",
        "building": "yes",
        "community_centre": "cultural_centre",
        "name": "Kulturni centar Tuzi",
        "@geometry": "center"
      },
      "geometry": {
        "type": "Point",
        "coordinates": [
          19.328732,
          42.3626081
        ]
      },
      "id": "way/946441724"
    },
    {
      "type": "Feature",
      "properties": {
        "@id": "way/961923552",
        "amenity": "place_of_worship",
        "building": "yes",
        "religion": "christian",
        "@geometry": "center"
      },
      "geometry": {
        "type": "Point",
        "coordinates": [
          19.1909562,
          42.5053693
        ]
      },
      "id": "way/961923552"
    },
    {
      "type": "Feature",
      "properties": {
        "@id": "way/961923555",
        "amenity": "school",
        "@geometry": "center"
      },
      "geometry": {
        "type": "Point",
        "coordinates": [
          19.1902185,
          42.5044231
        ]
      },
      "id": "way/961923555"
    },
    {
      "type": "Feature",
      "properties": {
        "@id": "way/972354507",
        "amenity": "place_of_worship",
        "building": "church",
        "denomination": "orthodox",
        "name": "Hram Sv. Dmitrija",
        "religion": "christian",
        "@geometry": "center"
      },
      "geometry": {
        "type": "Point",
        "coordinates": [
          19.4548277,
          43.216009
        ]
      },
      "id": "way/972354507"
    },
    {
      "type": "Feature",
      "properties": {
        "@id": "way/972362369",
        "amenity": "school",
        "building": "school",
        "name": "JUOŠ \"Krsto Radojević\"",
        "@geometry": "center"
      },
      "geometry": {
        "type": "Point",
        "coordinates": [
          19.6371122,
          43.0694962
        ]
      },
      "id": "way/972362369"
    },
    {
      "type": "Feature",
      "properties": {
        "@id": "way/972362373",
        "amenity": "place_of_worship",
        "building": "church",
        "denomination": "orthodox",
        "religion": "christian",
        "@geometry": "center"
      },
      "geometry": {
        "type": "Point",
        "coordinates": [
          19.6353422,
          43.0720903
        ]
      },
      "id": "way/972362373"
    },
    {
      "type": "Feature",
      "properties": {
        "@id": "way/972362390",
        "amenity": "place_of_worship",
        "building": "church",
        "denomination": "orthodox",
        "religion": "christian",
        "@geometry": "center"
      },
      "geometry": {
        "type": "Point",
        "coordinates": [
          19.6154503,
          43.1655414
        ]
      },
      "id": "way/972362390"
    },
    {
      "type": "Feature",
      "properties": {
        "@id": "way/972378450",
        "addr:city": "Bijelo Polje",
        "addr:street": "Nedeljka Merdovića",
        "amenity": "place_of_worship",
        "building": "church",
        "denomination": "serbian_orthodox",
        "name": "Crkva svetog Nikole",
        "name:sr": "Црква светог Николе",
        "religion": "christian",
        "@geometry": "center"
      },
      "geometry": {
        "type": "Point",
        "coordinates": [
          19.7396406,
          43.0263781
        ]
      },
      "id": "way/972378450"
    },
    {
      "type": "Feature",
      "properties": {
        "@id": "way/973159356",
        "amenity": "place_of_worship",
        "building": "church",
        "denomination": "serbian_orthodox",
        "religion": "christian",
        "@geometry": "center"
      },
      "geometry": {
        "type": "Point",
        "coordinates": [
          19.1070762,
          42.1573133
        ]
      },
      "id": "way/973159356"
    },
    {
      "type": "Feature",
      "properties": {
        "@id": "way/973255373",
        "amenity": "place_of_worship",
        "building": "yes",
        "religion": "christian",
        "@geometry": "center"
      },
      "geometry": {
        "type": "Point",
        "coordinates": [
          18.6042227,
          42.8570169
        ]
      },
      "id": "way/973255373"
    },
    {
      "type": "Feature",
      "properties": {
        "@id": "way/973256633",
        "amenity": "place_of_worship",
        "building": "yes",
        "level": "1",
        "religion": "christian",
        "@geometry": "center"
      },
      "geometry": {
        "type": "Point",
        "coordinates": [
          18.6113066,
          42.8368606
        ]
      },
      "id": "way/973256633"
    },
    {
      "type": "Feature",
      "properties": {
        "@id": "way/973270261",
        "amenity": "place_of_worship",
        "building": "mosque",
        "religion": "muslim",
        "@geometry": "center"
      },
      "geometry": {
        "type": "Point",
        "coordinates": [
          19.8551939,
          42.9329428
        ]
      },
      "id": "way/973270261"
    },
    {
      "type": "Feature",
      "properties": {
        "@id": "way/973270262",
        "amenity": "place_of_worship",
        "building": "church",
        "denomination": "orthodox",
        "religion": "christian",
        "@geometry": "center"
      },
      "geometry": {
        "type": "Point",
        "coordinates": [
          19.8565378,
          42.930134
        ]
      },
      "id": "way/973270262"
    },
    {
      "type": "Feature",
      "properties": {
        "@id": "way/973284009",
        "amenity": "place_of_worship",
        "building": "mosque",
        "religion": "muslim",
        "@geometry": "center"
      },
      "geometry": {
        "type": "Point",
        "coordinates": [
          20.1769921,
          42.8093562
        ]
      },
      "id": "way/973284009"
    },
    {
      "type": "Feature",
      "properties": {
        "@id": "way/976322313",
        "amenity": "place_of_worship",
        "building": "yes",
        "religion": "christian",
        "@geometry": "center"
      },
      "geometry": {
        "type": "Point",
        "coordinates": [
          18.8407123,
          43.1561724
        ]
      },
      "id": "way/976322313"
    },
    {
      "type": "Feature",
      "properties": {
        "@id": "way/977420703",
        "amenity": "place_of_worship",
        "building": "church",
        "religion": "christian",
        "@geometry": "center"
      },
      "geometry": {
        "type": "Point",
        "coordinates": [
          19.1249596,
          42.1246565
        ]
      },
      "id": "way/977420703"
    },
    {
      "type": "Feature",
      "properties": {
        "@id": "way/977420704",
        "amenity": "place_of_worship",
        "landuse": "religious",
        "religion": "christian",
        "@geometry": "center"
      },
      "geometry": {
        "type": "Point",
        "coordinates": [
          19.1250649,
          42.1247451
        ]
      },
      "id": "way/977420704"
    },
    {
      "type": "Feature",
      "properties": {
        "@id": "way/977795339",
        "name": "Sveti Vid",
        "start_date": "1327",
        "religion": "christian",
        "building": "church",
        "amenity": "place_of_worship",
        "@geometry": "center"
      },
      "geometry": {
        "type": "Point",
        "coordinates": [
          18.698436,
          42.4555595
        ]
      },
      "id": "way/977795339"
    },
    {
      "type": "Feature",
      "properties": {
        "@id": "way/980880915",
        "amenity": "social_facility",
        "building": "yes",
        "social_facility": "group_home",
        "social_facility:for": "senior",
        "@geometry": "center"
      },
      "geometry": {
        "type": "Point",
        "coordinates": [
          18.7003434,
          42.512823
        ]
      },
      "id": "way/980880915"
    },
    {
      "type": "Feature",
      "properties": {
        "@id": "way/988243835",
        "amenity": "place_of_worship",
        "building": "yes",
        "denomination": "orthodox",
        "religion": "christian",
        "@geometry": "center"
      },
      "geometry": {
        "type": "Point",
        "coordinates": [
          19.2104638,
          42.8059545
        ]
      },
      "id": "way/988243835"
    },
    {
      "type": "Feature",
      "properties": {
        "@id": "way/995156219",
        "name:sr": "Дом здравља „Златица”",
        "amenity": "clinic",
        "building": "public",
        "government": "healthcare",
        "healthcare": "clinic",
        "int_name": "Health center \"Zlatica\"",
        "name": "Dom zdravlja „Zlatica”",
        "@geometry": "center"
      },
      "geometry": {
        "type": "Point",
        "coordinates": [
          19.2927159,
          42.4616067
        ]
      },
      "id": "way/995156219"
    },
    {
      "type": "Feature",
      "properties": {
        "@id": "way/1002368138",
        "amenity": "place_of_worship",
        "building": "church",
        "religion": "christian",
        "@geometry": "center"
      },
      "geometry": {
        "type": "Point",
        "coordinates": [
          19.1716953,
          43.1916046
        ]
      },
      "id": "way/1002368138"
    },
    {
      "type": "Feature",
      "properties": {
        "@id": "way/1004520354",
        "abandoned": "no",
        "amenity": "place_of_worship",
        "building": "chapel",
        "denomination": "orthodox",
        "name": "Stubica",
        "religion": "christian",
        "@geometry": "center"
      },
      "geometry": {
        "type": "Point",
        "coordinates": [
          18.980416,
          42.7000063
        ]
      },
      "id": "way/1004520354"
    },
    {
      "type": "Feature",
      "properties": {
        "@id": "way/1021434550",
        "amenity": "kindergarten",
        "@geometry": "center"
      },
      "geometry": {
        "type": "Point",
        "coordinates": [
          19.2651525,
          42.4313492
        ]
      },
      "id": "way/1021434550"
    },
    {
      "type": "Feature",
      "properties": {
        "@id": "way/1031673227",
        "amenity": "place_of_worship",
        "building": "yes",
        "denomination": "serbian_orthodox",
        "name": "Manastir Dubočica, Crkva Sv.Nikole",
        "religion": "christian",
        "@geometry": "center"
      },
      "geometry": {
        "type": "Point",
        "coordinates": [
          19.4209603,
          43.2994095
        ]
      },
      "id": "way/1031673227"
    },
    {
      "type": "Feature",
      "properties": {
        "@id": "way/1031675133",
        "amenity": "place_of_worship",
        "building": "yes",
        "denomination": "serbian_orthodox",
        "name": "Manastir Dovolja",
        "religion": "christian",
        "@geometry": "center"
      },
      "geometry": {
        "type": "Point",
        "coordinates": [
          19.3432555,
          43.1235472
        ]
      },
      "id": "way/1031675133"
    },
    {
      "type": "Feature",
      "properties": {
        "@id": "way/1031680693",
        "amenity": "place_of_worship",
        "building": "yes",
        "denomination": "serbian_orthodox",
        "name": "Crkva Sv.Prokopije",
        "religion": "christian",
        "@geometry": "center"
      },
      "geometry": {
        "type": "Point",
        "coordinates": [
          19.0614583,
          43.3894002
        ]
      },
      "id": "way/1031680693"
    },
    {
      "type": "Feature",
      "properties": {
        "@id": "way/1032080433",
        "name": "Dom vojske",
        "amenity": "community_centre",
        "building": "yes",
        "@geometry": "center"
      },
      "geometry": {
        "type": "Point",
        "coordinates": [
          19.3609528,
          43.3588047
        ]
      },
      "id": "way/1032080433"
    },
    {
      "type": "Feature",
      "properties": {
        "@id": "way/1033566466",
        "religion": "christian",
        "amenity": "place_of_worship",
        "building": "yes",
        "@geometry": "center"
      },
      "geometry": {
        "type": "Point",
        "coordinates": [
          19.3323662,
          43.3609076
        ]
      },
      "id": "way/1033566466"
    },
    {
      "type": "Feature",
      "properties": {
        "@id": "way/1036857425",
        "amenity": "place_of_worship",
        "building": "church",
        "denomination": "serbian_orthodox",
        "religion": "christian",
        "@geometry": "center"
      },
      "geometry": {
        "type": "Point",
        "coordinates": [
          19.2125267,
          42.4340461
        ]
      },
      "id": "way/1036857425"
    },
    {
      "type": "Feature",
      "properties": {
        "@id": "way/1044815358",
        "amenity": "place_of_worship",
        "building": "church",
        "denomination": "serbian_orthodox",
        "name": "Svetog prvomučenika i arhiđakona Stefana",
        "name:sr": "Светог првомученика и архиђакона Стефана",
        "religion": "christian",
        "@geometry": "center"
      },
      "geometry": {
        "type": "Point",
        "coordinates": [
          19.3659728,
          42.4500041
        ]
      },
      "id": "way/1044815358"
    },
    {
      "type": "Feature",
      "properties": {
        "@id": "way/1046172419",
        "amenity": "place_of_worship",
        "building": "church",
        "denomination": "serbian_orthodox",
        "religion": "christian",
        "@geometry": "center"
      },
      "geometry": {
        "type": "Point",
        "coordinates": [
          19.3861407,
          42.4767125
        ]
      },
      "id": "way/1046172419"
    },
    {
      "type": "Feature",
      "properties": {
        "@id": "way/1046205695",
        "amenity": "place_of_worship",
        "building": "church",
        "denomination": "serbian_orthodox",
        "religion": "christian",
        "@geometry": "center"
      },
      "geometry": {
        "type": "Point",
        "coordinates": [
          19.3760844,
          42.4959198
        ]
      },
      "id": "way/1046205695"
    },
    {
      "type": "Feature",
      "properties": {
        "@id": "way/1046205763",
        "amenity": "place_of_worship",
        "building": "church",
        "denomination": "serbian_orthodox",
        "religion": "christian",
        "@geometry": "center"
      },
      "geometry": {
        "type": "Point",
        "coordinates": [
          19.3886366,
          42.4888977
        ]
      },
      "id": "way/1046205763"
    },
    {
      "type": "Feature",
      "properties": {
        "@id": "way/1046305452",
        "amenity": "place_of_worship",
        "building": "church",
        "denomination": "serbian_orthodox",
        "name": "Svetog Jovana Bogoslova",
        "name:sr": "Светог Јована Богслова",
        "religion": "christian",
        "@geometry": "center"
      },
      "geometry": {
        "type": "Point",
        "coordinates": [
          19.3984832,
          42.4948828
        ]
      },
      "id": "way/1046305452"
    },
    {
      "type": "Feature",
      "properties": {
        "@id": "way/1046305453",
        "amenity": "place_of_worship",
        "building": "church",
        "denomination": "serbian_orthodox",
        "name": "Vaznesenja Gospodnjeg",
        "name:sr": "Вазнесења Господњег",
        "religion": "christian",
        "@geometry": "center"
      },
      "geometry": {
        "type": "Point",
        "coordinates": [
          19.3984756,
          42.4947387
        ]
      },
      "id": "way/1046305453"
    },
    {
      "type": "Feature",
      "properties": {
        "@id": "way/1050983744",
        "amenity": "school",
        "@geometry": "center"
      },
      "geometry": {
        "type": "Point",
        "coordinates": [
          19.0958125,
          42.1008657
        ]
      },
      "id": "way/1050983744"
    },
    {
      "type": "Feature",
      "properties": {
        "@id": "way/1051040924",
        "amenity": "place_of_worship",
        "building": "church",
        "name": "Crkva Svetog Ilije",
        "name:sr": "Црква Светог Илије",
        "@geometry": "center"
      },
      "geometry": {
        "type": "Point",
        "coordinates": [
          19.0833386,
          42.4078803
        ]
      },
      "id": "way/1051040924"
    },
    {
      "type": "Feature",
      "properties": {
        "@id": "way/1056630223",
        "amenity": "university",
        "man_made": "monitoring_station",
        "name": "Hidrometeorološki zavod Crne Gore",
        "building": "yes",
        "@geometry": "center"
      },
      "geometry": {
        "type": "Point",
        "coordinates": [
          19.0895055,
          42.1056217
        ]
      },
      "id": "way/1056630223"
    },
    {
      "type": "Feature",
      "properties": {
        "@id": "way/1056925681",
        "amenity": "place_of_worship",
        "building": "yes",
        "religion": "christian",
        "@geometry": "center"
      },
      "geometry": {
        "type": "Point",
        "coordinates": [
          19.1038644,
          42.5520257
        ]
      },
      "id": "way/1056925681"
    },
    {
      "type": "Feature",
      "properties": {
        "@id": "way/1059214296",
        "amenity": "school",
        "name": "Osnovna škola \"Zarija Vujošević\"",
        "name:sr": "Основна школа \"Зарија Вујошевић\"",
        "landuse": "education",
        "@geometry": "center"
      },
      "geometry": {
        "type": "Point",
        "coordinates": [
          19.284666,
          42.3255071
        ]
      },
      "id": "way/1059214296"
    },
    {
      "type": "Feature",
      "properties": {
        "@id": "way/1069659964",
        "name": "JU Srednja ekonomska škola \"Mirko Vešović\"",
        "amenity": "school",
        "addr:city": "Podgorica",
        "addr:housenumber": "95",
        "addr:street": "Kralja Nikole",
        "@geometry": "center"
      },
      "geometry": {
        "type": "Point",
        "coordinates": [
          19.2595579,
          42.4328089
        ]
      },
      "id": "way/1069659964"
    },
    {
      "type": "Feature",
      "properties": {
        "@id": "way/1071020675",
        "amenity": "school",
        "landuse": "education",
        "name": "JU Osnovna škola \"18. oktobaр\"",
        "name:sr": "ЈУ Основна школа \"18. окобар\"",
        "@geometry": "center"
      },
      "geometry": {
        "type": "Point",
        "coordinates": [
          19.3418148,
          42.513357
        ]
      },
      "id": "way/1071020675"
    },
    {
      "type": "Feature",
      "properties": {
        "@id": "way/1080010059",
        "amenity": "school",
        "@geometry": "center"
      },
      "geometry": {
        "type": "Point",
        "coordinates": [
          18.6972826,
          42.4359962
        ]
      },
      "id": "way/1080010059"
    },
    {
      "type": "Feature",
      "properties": {
        "@id": "way/1080738951",
        "amenity": "place_of_worship",
        "building": "yes",
        "religion": "christian",
        "@geometry": "center"
      },
      "geometry": {
        "type": "Point",
        "coordinates": [
          19.3646971,
          42.0806669
        ]
      },
      "id": "way/1080738951"
    },
    {
      "type": "Feature",
      "properties": {
        "@id": "way/1082918116",
        "amenity": "place_of_worship",
        "building": "yes",
        "name": "Xhamia e Pinjeshit",
        "religion": "muslim",
        "@geometry": "center"
      },
      "geometry": {
        "type": "Point",
        "coordinates": [
          19.2133996,
          41.9256592
        ]
      },
      "id": "way/1082918116"
    },
    {
      "type": "Feature",
      "properties": {
        "@id": "way/1087449103",
        "amenity": "school",
        "email": "osmtito@t-com.me",
        "fax": "+38230401491",
        "name": "OŠ \"Maršal Tito\"",
        "name:sq": "SHF \"Marshall Tito\"",
        "name:sr": "ОШ \"Маршал Тито\"",
        "name:sr-Latn": "OŠ \"Maršal Tito\"",
        "phone": "+38230401488",
        "website": "https://osmarsaltito.wordpress.com",
        "@geometry": "center"
      },
      "geometry": {
        "type": "Point",
        "coordinates": [
          19.2170163,
          41.9309589
        ]
      },
      "id": "way/1087449103"
    },
    {
      "type": "Feature",
      "properties": {
        "@id": "way/1087450401",
        "amenity": "school",
        "name": "Shkolla Fillore \"Bedri Elezaga\"",
        "name:sq": "Shkolla Fillore \"Bedri Elezaga\"",
        "name:sr-Latn": "Osnovna škola \"Bedri Elezaga\"",
        "@geometry": "center"
      },
      "geometry": {
        "type": "Point",
        "coordinates": [
          19.3124239,
          42.0100395
        ]
      },
      "id": "way/1087450401"
    },
    {
      "type": "Feature",
      "properties": {
        "@id": "way/1091299927",
        "addr:city": "Podgorica",
        "addr:street": "Ivangradska",
        "amenity": "school",
        "name": "JU Osnovna škola \"Novka Ubović\"",
        "@geometry": "center"
      },
      "geometry": {
        "type": "Point",
        "coordinates": [
          19.2234852,
          42.4517285
        ]
      },
      "id": "way/1091299927"
    },
    {
      "type": "Feature",
      "properties": {
        "@id": "way/1092804511",
        "amenity": "school",
        "landuse": "education",
        "name": "JU OŠ „Vladimir Nazor“",
        "@geometry": "center"
      },
      "geometry": {
        "type": "Point",
        "coordinates": [
          19.2817039,
          42.4432962
        ]
      },
      "id": "way/1092804511"
    },
    {
      "type": "Feature",
      "properties": {
        "@id": "way/1098081484",
        "amenity": "place_of_worship",
        "building": "yes",
        "religion": "christian",
        "@geometry": "center"
      },
      "geometry": {
        "type": "Point",
        "coordinates": [
          19.1493113,
          42.1344484
        ]
      },
      "id": "way/1098081484"
    },
    {
      "type": "Feature",
      "properties": {
        "@id": "way/1103207172",
        "amenity": "school",
        "name": "Skola Savin Bor",
        "@geometry": "center"
      },
      "geometry": {
        "type": "Point",
        "coordinates": [
          20.0544217,
          42.9516627
        ]
      },
      "id": "way/1103207172"
    },
    {
      "type": "Feature",
      "properties": {
        "@id": "way/1113567586",
        "amenity": "place_of_worship",
        "building": "church",
        "religion": "christian",
        "@geometry": "center"
      },
      "geometry": {
        "type": "Point",
        "coordinates": [
          18.6029226,
          42.3998199
        ]
      },
      "id": "way/1113567586"
    },
    {
      "type": "Feature",
      "properties": {
        "@id": "way/1124790104",
        "amenity": "place_of_worship",
        "building": "yes",
        "name": "Church St. Ilija",
        "name:sr": "Црква Св. Илије",
        "religion": "christian",
        "@geometry": "center"
      },
      "geometry": {
        "type": "Point",
        "coordinates": [
          18.8118726,
          42.3149018
        ]
      },
      "id": "way/1124790104"
    },
    {
      "type": "Feature",
      "properties": {
        "@id": "node/1832221248",
        "amenity": "shower"
      },
      "geometry": {
        "type": "Point",
        "coordinates": [
          19.2651074,
          41.9034961
        ]
      },
      "id": "node/1832221248"
    },
    {
      "type": "Feature",
      "properties": {
        "@id": "node/3680242689",
        "amenity": "shower",
        "source": "bing, survey"
      },
      "geometry": {
        "type": "Point",
        "coordinates": [
          18.7627755,
          42.467325
        ]
      },
      "id": "node/3680242689"
    },
    {
      "type": "Feature",
      "properties": {
        "@id": "node/4918648556",
        "amenity": "shower"
      },
      "geometry": {
        "type": "Point",
        "coordinates": [
          19.2656609,
          41.9033431
        ]
      },
      "id": "node/4918648556"
    },
    {
      "type": "Feature",
      "properties": {
        "@id": "node/4965929506",
        "amenity": "shower"
      },
      "geometry": {
        "type": "Point",
        "coordinates": [
          19.0292779,
          42.1382949
        ]
      },
      "id": "node/4965929506"
    },
    {
      "type": "Feature",
      "properties": {
        "@id": "node/4965937631",
        "amenity": "shower"
      },
      "geometry": {
        "type": "Point",
        "coordinates": [
          18.8952013,
          42.2555552
        ]
      },
      "id": "node/4965937631"
    },
    {
      "type": "Feature",
      "properties": {
        "@id": "node/5040180722",
        "amenity": "shower",
        "wheelchair": "no"
      },
      "geometry": {
        "type": "Point",
        "coordinates": [
          18.923509,
          43.350555
        ]
      },
      "id": "node/5040180722"
    },
    {
      "type": "Feature",
      "properties": {
        "@id": "node/5775567453",
        "amenity": "shower"
      },
      "geometry": {
        "type": "Point",
        "coordinates": [
          18.6112905,
          42.366951
        ]
      },
      "id": "node/5775567453"
    },
    {
      "type": "Feature",
      "properties": {
        "@id": "node/5791949515",
        "amenity": "shower"
      },
      "geometry": {
        "type": "Point",
        "coordinates": [
          19.2737857,
          41.9005158
        ]
      },
      "id": "node/5791949515"
    },
    {
      "type": "Feature",
      "properties": {
        "@id": "node/5791949516",
        "amenity": "shower"
      },
      "geometry": {
        "type": "Point",
        "coordinates": [
          19.2732976,
          41.9008192
        ]
      },
      "id": "node/5791949516"
    },
    {
      "type": "Feature",
      "properties": {
        "@id": "node/6535493789",
        "amenity": "shower",
        "opening_hours": "Mo-Su 09:00-18:00"
      },
      "geometry": {
        "type": "Point",
        "coordinates": [
          18.8324121,
          42.2772106
        ]
      },
      "id": "node/6535493789"
    },
    {
      "type": "Feature",
      "properties": {
        "@id": "node/6550963436",
        "amenity": "shower"
      },
      "geometry": {
        "type": "Point",
        "coordinates": [
          18.8928531,
          42.2565172
        ]
      },
      "id": "node/6550963436"
    },
    {
      "type": "Feature",
      "properties": {
        "@id": "node/6550985262",
        "amenity": "shower"
      },
      "geometry": {
        "type": "Point",
        "coordinates": [
          18.8933916,
          42.2564687
        ]
      },
      "id": "node/6550985262"
    },
    {
      "type": "Feature",
      "properties": {
        "@id": "node/6551000901",
        "amenity": "shower"
      },
      "geometry": {
        "type": "Point",
        "coordinates": [
          18.8930201,
          42.2565257
        ]
      },
      "id": "node/6551000901"
    },
    {
      "type": "Feature",
      "properties": {
        "@id": "node/6559577085",
        "name:ru": "пляж",
        "amenity": "shower"
      },
      "geometry": {
        "type": "Point",
        "coordinates": [
          18.7345512,
          42.4836632
        ]
      },
      "id": "node/6559577085"
    },
    {
      "type": "Feature",
      "properties": {
        "@id": "node/6671718426",
        "name": "Shower",
        "amenity": "shower",
        "fee": "no"
      },
      "geometry": {
        "type": "Point",
        "coordinates": [
          18.9031294,
          42.2343281
        ]
      },
      "id": "node/6671718426"
    },
    {
      "type": "Feature",
      "properties": {
        "@id": "node/6682079188",
        "amenity": "shower"
      },
      "geometry": {
        "type": "Point",
        "coordinates": [
          19.2690757,
          41.9020618
        ]
      },
      "id": "node/6682079188"
    },
    {
      "type": "Feature",
      "properties": {
        "@id": "node/6754319515",
        "access": "yes",
        "amenity": "shower",
        "fee": "no",
        "supervised": "no"
      },
      "geometry": {
        "type": "Point",
        "coordinates": [
          18.5592904,
          42.4528715
        ]
      },
      "id": "node/6754319515"
    },
    {
      "type": "Feature",
      "properties": {
        "@id": "node/7024724123",
        "amenity": "shower"
      },
      "geometry": {
        "type": "Point",
        "coordinates": [
          19.0027015,
          42.1584053
        ]
      },
      "id": "node/7024724123"
    },
    {
      "type": "Feature",
      "properties": {
        "@id": "node/7024724124",
        "amenity": "shower"
      },
      "geometry": {
        "type": "Point",
        "coordinates": [
          19.0026707,
          42.1584349
        ]
      },
      "id": "node/7024724124"
    },
    {
      "type": "Feature",
      "properties": {
        "@id": "node/7029976927",
        "amenity": "shower"
      },
      "geometry": {
        "type": "Point",
        "coordinates": [
          19.0006869,
          42.160115
        ]
      },
      "id": "node/7029976927"
    },
    {
      "type": "Feature",
      "properties": {
        "@id": "node/7030046052",
        "amenity": "shower"
      },
      "geometry": {
        "type": "Point",
        "coordinates": [
          19.0011536,
          42.1598754
        ]
      },
      "id": "node/7030046052"
    },
    {
      "type": "Feature",
      "properties": {
        "@id": "node/8890288417",
        "amenity": "shower"
      },
      "geometry": {
        "type": "Point",
        "coordinates": [
          18.8683052,
          42.2812848
        ]
      },
      "id": "node/8890288417"
    },
    {
      "type": "Feature",
      "properties": {
        "@id": "node/8975196301",
        "amenity": "shower"
      },
      "geometry": {
        "type": "Point",
        "coordinates": [
          19.0887914,
          42.104038
        ]
      },
      "id": "node/8975196301"
    },
    {
      "type": "Feature",
      "properties": {
        "@id": "node/9031773417",
        "amenity": "shower"
      },
      "geometry": {
        "type": "Point",
        "coordinates": [
          19.0848531,
          42.1114294
        ]
      },
      "id": "node/9031773417"
    },
    {
      "type": "Feature",
      "properties": {
        "@id": "node/9873296754",
        "access": "yes",
        "amenity": "shower",
        "fee": "no",
        "hot_water": "no"
      },
      "geometry": {
        "type": "Point",
        "coordinates": [
          18.6946249,
          42.4887745
        ]
      },
      "id": "node/9873296754"
    },
    {
      "type": "Feature",
      "properties": {
        "@id": "node/9873296755",
        "access": "yes",
        "amenity": "shower",
        "fee": "no",
        "hot_water": "no"
      },
      "geometry": {
        "type": "Point",
        "coordinates": [
          18.7676273,
          42.4300665
        ]
      },
      "id": "node/9873296755"
    },
    {
      "type": "Feature",
      "properties": {
        "@id": "node/9873296756",
        "access": "yes",
        "amenity": "shower",
        "fee": "no",
        "hot_water": "no"
      },
      "geometry": {
        "type": "Point",
        "coordinates": [
          18.7676741,
          42.4299997
        ]
      },
      "id": "node/9873296756"
    },
    {
      "type": "Feature",
      "properties": {
        "@id": "node/9873296757",
        "access": "yes",
        "amenity": "shower",
        "fee": "no",
        "hot_water": "no"
      },
      "geometry": {
        "type": "Point",
        "coordinates": [
          18.7681935,
          42.4293953
        ]
      },
      "id": "node/9873296757"
    },
    {
      "type": "Feature",
      "properties": {
        "@id": "node/9879432431",
        "amenity": "shower"
      },
      "geometry": {
        "type": "Point",
        "coordinates": [
          19.0904533,
          42.1004435
        ]
      },
      "id": "node/9879432431"
    },
    {
      "type": "Feature",
      "properties": {
        "@id": "node/9957359617",
        "access": "customers",
        "amenity": "shower",
        "fee": "no",
        "hot_water": "no",
        "supervised": "no",
        "wheelchair": "no"
      },
      "geometry": {
        "type": "Point",
        "coordinates": [
          18.5693771,
          42.4524205
        ]
      },
      "id": "node/9957359617"
    },
    {
      "type": "Feature",
      "properties": {
        "@id": "node/9998079565",
        "access": "customers",
        "amenity": "shower",
        "drinking_water": "yes",
        "unisex": "yes"
      },
      "geometry": {
        "type": "Point",
        "coordinates": [
          19.4103113,
          43.0178313
        ]
      },
      "id": "node/9998079565"
    }
  ]
}