{
  "type": "FeatureCollection",
  "generator": "overpass-turbo",
  "copyright": "The data included in this document is from www.openstreetmap.org. The data is made available under ODbL.",
  "timestamp": "2025-10-29T19:25:02Z",
  "features": [
    {
      "type": "Feature",
      "properties": {
        "@id": "relation/1775626",
        "amenity": "nursing_home",
        "building": "yes",
        "name": "Jadeveien sykehjem",
        "type": "multipolygon",
        "@geometry": "center"
      },
      "geometry": {
        "type": "Point",
        "coordinates": [
          19.0642093,
          69.6795406
        ]
      },
      "id": "relation/1775626"
    },
    {
      "type": "Feature",
      "properties": {
        "@id": "relation/1785671",
        "amenity": "clinic",
        "building": "civic",
        "name": "Straume Helsesenter",
        "ref:bygningsnr": "12200048",
        "type": "multipolygon",
        "@geometry": "center"
      },
      "geometry": {
        "type": "Point",
        "coordinates": [
          5.1187331,
          60.3623258
        ]
      },
      "id": "relation/1785671"
    },
    {
      "type": "Feature",
      "properties": {
        "@id": "relation/2170579",
        "wikidata": "Q61932718",
        "website": "https://vestreviken.no/steder/kongsberg-sykehus",
        "type": "multipolygon",
        "ref:bygningsnr": "7856946",
        "name": "Kongsberg sykehus",
        "amenity": "hospital",
        "building": "hospital",
        "emergency": "yes",
        "healthcare": "hospital",
        "@geometry": "center"
      },
      "geometry": {
        "type": "Point",
        "coordinates": [
          9.6565555,
          59.670434
        ]
      },
      "id": "relation/2170579"
    },
    {
      "type": "Feature",
      "properties": {
        "@id": "way/4617195",
        "wikidata": "Q456196",
        "amenity": "hospital",
        "emergency": "yes",
        "healthcare": "hospital",
        "name": "Ullevål sykehus",
        "official_name": "Oslo universitetssykehus, Ullevål",
        "old_name": "Ullevål universitetssykehus",
        "url": "http://www.oslo-universitetssykehus.no",
        "@geometry": "center"
      },
      "geometry": {
        "type": "Point",
        "coordinates": [
          10.7391512,
          59.9390992
        ]
      },
      "id": "way/4617195"
    },
    {
      "type": "Feature",
      "properties": {
        "@id": "relation/4688550",
        "amenity": "social_facility",
        "name": "Moen sjukehjem",
        "social_facility": "group_home",
        "social_facility:for": "senior",
        "building": "civic",
        "ref:bygningsnr": "153980721",
        "type": "multipolygon",
        "@geometry": "center"
      },
      "geometry": {
        "type": "Point",
        "coordinates": [
          11.5657609,
          60.8867852
        ]
      },
      "id": "relation/4688550"
    },
    {
      "type": "Feature",
      "properties": {
        "@id": "relation/4754815",
        "amenity": "social_facility",
        "name": "Knarvik Sjukeheim",
        "social_facility": "assisted_living",
        "social_facility:for": "senior",
        "building": "yes",
        "type": "multipolygon",
        "@geometry": "center"
      },
      "geometry": {
        "type": "Point",
        "coordinates": [
          5.290642,
          60.5482684
        ]
      },
      "id": "relation/4754815"
    },
    {
      "type": "Feature",
      "properties": {
        "@id": "way/4759187",
        "amenity": "hospital",
        "healthcare": "hospital",
        "name": "Aker sykehus",
        "official_name": "Oslo universitetssykehus, Aker",
        "old_name": "Aker universitetssykehus",
        "wikidata": "Q4700637",
        "@geometry": "center"
      },
      "geometry": {
        "type": "Point",
        "coordinates": [
          10.7924752,
          59.9385337
        ]
      },
      "id": "way/4759187"
    },
    {
      "type": "Feature",
      "properties": {
        "@id": "way/5016059",
        "amenity": "hospital",
        "healthcare": "hospital",
        "name": "Diakonhjemmet sykehus",
        "wikidata": "Q11965600",
        "@geometry": "center"
      },
      "geometry": {
        "type": "Point",
        "coordinates": [
          10.7047262,
          59.9363146
        ]
      },
      "id": "way/5016059"
    },
    {
      "type": "Feature",
      "properties": {
        "@id": "relation/6185762",
        "amenity": "hospital",
        "emergency": "yes",
        "name": "Haraldsplass diakonale sykehus",
        "phone": "+47 55978500",
        "type": "multipolygon",
        "website": "https://www.haraldsplass.no/",
        "@geometry": "center"
      },
      "geometry": {
        "type": "Point",
        "coordinates": [
          5.3621863,
          60.3789662
        ]
      },
      "id": "relation/6185762"
    },
    {
      "type": "Feature",
      "properties": {
        "@id": "relation/6659795",
        "amenity": "pharmacy",
        "branch": "Amfi Voss",
        "brand": "Apotek 1",
        "dispensing": "yes",
        "email": "apotek1.amfivoss@apotek1.no",
        "indoor": "room",
        "level": "0",
        "name": "Apotek 1 Amfi Voss",
        "opening_hours": "Mo-Fr 10:00-19:00, Sa 10:00-18:00",
        "phone": "+47 56 52 30 30",
        "ref:apotek1": "952",
        "type": "multipolygon",
        "@geometry": "center"
      },
      "geometry": {
        "type": "Point",
        "coordinates": [
          6.4343402,
          60.6286644
        ]
      },
      "id": "relation/6659795"
    },
    {
      "type": "Feature",
      "properties": {
        "@id": "relation/7078504",
        "amenity": "hospital",
        "emergency": "yes",
        "healthcare": "hospital",
        "name": "Førde sentralsjukehus",
        "short_name": "FSS",
        "type": "multipolygon",
        "wikidata": "Q12714973",
        "wikipedia": "nn:Førde sentralsjukehus",
        "@geometry": "center"
      },
      "geometry": {
        "type": "Point",
        "coordinates": [
          5.8885411,
          61.4570415
        ]
      },
      "id": "relation/7078504"
    },
    {
      "type": "Feature",
      "properties": {
        "@id": "relation/7750999",
        "website": "https://betanien.no/hospitalet",
        "amenity": "hospital",
        "name": "Betanien sykehus",
        "operator": "Stiftelsen Betanien Bergen",
        "phone": "+47 55 50 70 00",
        "type": "multipolygon",
        "@geometry": "center"
      },
      "geometry": {
        "type": "Point",
        "coordinates": [
          5.2922197,
          60.3632456
        ]
      },
      "id": "relation/7750999"
    },
    {
      "type": "Feature",
      "properties": {
        "@id": "relation/8384845",
        "wikidata": "Q17781974",
        "alt_name": "Hamar Sykehus",
        "amenity": "hospital",
        "building": "yes",
        "emergency": "yes",
        "name": "Sykehuset Innlandet Hamar",
        "ref:bygningsnr": "7136196;13787549",
        "toilets:wheelchair": "yes",
        "type": "multipolygon",
        "wheelchair": "yes",
        "@geometry": "center"
      },
      "geometry": {
        "type": "Point",
        "coordinates": [
          11.0714403,
          60.7982882
        ]
      },
      "id": "relation/8384845"
    },
    {
      "type": "Feature",
      "properties": {
        "@id": "relation/9589091",
        "amenity": "hospital",
        "healthcare": "hospital",
        "name": "Tjølling sykehjem",
        "type": "multipolygon",
        "@geometry": "center"
      },
      "geometry": {
        "type": "Point",
        "coordinates": [
          10.123032,
          59.0560035
        ]
      },
      "id": "relation/9589091"
    },
    {
      "type": "Feature",
      "properties": {
        "@id": "relation/9765066",
        "amenity": "social_facility",
        "social_facility": "assisted_living",
        "type": "multipolygon",
        "@geometry": "center"
      },
      "geometry": {
        "type": "Point",
        "coordinates": [
          10.3906267,
          61.1537162
        ]
      },
      "id": "relation/9765066"
    },
    {
      "type": "Feature",
      "properties": {
        "@id": "relation/10546829",
        "amenity": "social_facility",
        "building": "yes",
        "social_facility": "nursing_home",
        "social_facility:for": "senior",
        "type": "multipolygon",
        "@geometry": "center"
      },
      "geometry": {
        "type": "Point",
        "coordinates": [
          10.9186884,
          63.4446887
        ]
      },
      "id": "relation/10546829"
    },
    {
      "type": "Feature",
      "properties": {
        "@id": "relation/11058191",
        "type": "multipolygon",
        "amenity": "hospital",
        "building": "hospital",
        "name": "Finnmarkssykehuset, Klinikk Alta",
        "name:no": "Finnmarkssykehuset, Klinikk Alta",
        "name:se": "Finnmárkku buohcciviesu, Alta lagasbuohcciviessu",
        "@geometry": "center"
      },
      "geometry": {
        "type": "Point",
        "coordinates": [
          23.2761063,
          69.9688437
        ]
      },
      "id": "relation/11058191"
    },
    {
      "type": "Feature",
      "properties": {
        "@id": "relation/11205510",
        "amenity": "social_facility",
        "name": "Furuheim sykehjem",
        "phone": "33 17 35 00",
        "social_facility": "nursing_home",
        "type": "multipolygon",
        "website": "https://www.larvik.kommune.no/helse-og-mestring/sykehjem-og-omsorgsbolig/sykehjem/#index6",
        "@geometry": "center"
      },
      "geometry": {
        "type": "Point",
        "coordinates": [
          10.0328685,
          59.0631529
        ]
      },
      "id": "relation/11205510"
    },
    {
      "type": "Feature",
      "properties": {
        "@id": "relation/12095234",
        "amenity": "social_facility",
        "social_facility": "nursing_home",
        "type": "multipolygon",
        "@geometry": "center"
      },
      "geometry": {
        "type": "Point",
        "coordinates": [
          8.0607666,
          59.6932621
        ]
      },
      "id": "relation/12095234"
    },
    {
      "type": "Feature",
      "properties": {
        "@id": "relation/12255616",
        "amenity": "social_facility",
        "social_facility": "nursing_home",
        "type": "multipolygon",
        "@geometry": "center"
      },
      "geometry": {
        "type": "Point",
        "coordinates": [
          10.4120795,
          61.2657651
        ]
      },
      "id": "relation/12255616"
    },
    {
      "type": "Feature",
      "properties": {
        "@id": "relation/12255617",
        "amenity": "social_facility",
        "social_facility": "nursing_home",
        "type": "multipolygon",
        "@geometry": "center"
      },
      "geometry": {
        "type": "Point",
        "coordinates": [
          10.4143961,
          61.2663067
        ]
      },
      "id": "relation/12255617"
    },
    {
      "type": "Feature",
      "properties": {
        "@id": "relation/12468614",
        "amenity": "social_facility",
        "building": "civic",
        "building:levels": "2",
        "ref:bygningsnr": "9061975",
        "social_facility": "nursing_home",
        "social_facility:for": "senior",
        "type": "multipolygon",
        "@geometry": "center"
      },
      "geometry": {
        "type": "Point",
        "coordinates": [
          7.1018345,
          58.158098
        ]
      },
      "id": "relation/12468614"
    },
    {
      "type": "Feature",
      "properties": {
        "@id": "relation/12583871",
        "amenity": "hospital",
        "healthcare": "hospital",
        "name": "Lovisenberg diakonale sykehus",
        "old_name": "Lovisenberg sykehus",
        "type": "multipolygon",
        "@geometry": "center"
      },
      "geometry": {
        "type": "Point",
        "coordinates": [
          10.7457716,
          59.9326006
        ]
      },
      "id": "relation/12583871"
    },
    {
      "type": "Feature",
      "properties": {
        "@id": "relation/12715990",
        "amenity": "social_facility",
        "name": "Haugmotun sjukeheim",
        "social_facility:for": "senior",
        "building": "civic",
        "ref:bygningsnr": "8525358",
        "type": "multipolygon",
        "@geometry": "center"
      },
      "geometry": {
        "type": "Point",
        "coordinates": [
          9.191231,
          59.5750775
        ]
      },
      "id": "relation/12715990"
    },
    {
      "type": "Feature",
      "properties": {
        "@id": "relation/12768110",
        "amenity": "social_facility",
        "building": "residential",
        "social_facility": "assisted_living",
        "social_facility:for": "senior",
        "type": "multipolygon",
        "@geometry": "center"
      },
      "geometry": {
        "type": "Point",
        "coordinates": [
          11.117355,
          60.7762175
        ]
      },
      "id": "relation/12768110"
    },
    {
      "type": "Feature",
      "properties": {
        "@id": "relation/13373890",
        "amenity": "social_facility",
        "name": "Løten Helsetun",
        "social_facility:for": "senior",
        "building": "civic",
        "ref:bygningsnr": "152851499",
        "type": "multipolygon",
        "@geometry": "center"
      },
      "geometry": {
        "type": "Point",
        "coordinates": [
          11.351374,
          60.8215015
        ]
      },
      "id": "relation/13373890"
    },
    {
      "type": "Feature",
      "properties": {
        "@id": "relation/13488098",
        "type": "multipolygon",
        "name": "LHL-sykehuset Gardermoen",
        "amenity": "hospital",
        "building": "hospital",
        "healthcare": "hospital",
        "image": "https://images.mapillary.com/YHriGEq3AmbyEN5orlTjHR/thumb-2048.jpg",
        "image:0": "https://images.mapillary.com/GsFXp9BKut9u7iHr6Xpbfm/thumb-2048.jpg",
        "image:1": "https://images.mapillary.com/yY3aml7YlCbwFtdHyOWRMX/thumb-2048.jpg",
        "image:2": "https://images.mapillary.com/xxvQd1EZZICqhyaaNZaXQP/thumb-2048.jpg",
        "ref:bygningsnr": "300528865",
        "@geometry": "center"
      },
      "geometry": {
        "type": "Point",
        "coordinates": [
          11.1641305,
          60.165534
        ]
      },
      "id": "relation/13488098"
    },
    {
      "type": "Feature",
      "properties": {
        "@id": "relation/13497453",
        "amenity": "hospital",
        "building": "hospital",
        "building:levels": "5",
        "description": "Klinikk Kirkenes gir tilbud innenfor følgende fagområder; akuttmedisin kirurgi, ortopedi, indremedisin, gynekologi/føde, voksenrehabilitering og -habilitering og psykisk helsevern og rus. Klinikken gir desentraliserte tilbud i Vadsø.",
        "emergency": "yes",
        "healthcare": "hospital",
        "name": "Kirkenes sykehus",
        "ref:bygningsnr": "300431416",
        "start_date": "2018-10-12",
        "type": "multipolygon",
        "website": "https://finnmarkssykehuset.no/steder/kirkenes-sykehus",
        "@geometry": "center"
      },
      "geometry": {
        "type": "Point",
        "coordinates": [
          30.0349306,
          69.7070596
        ]
      },
      "id": "relation/13497453"
    },
    {
      "type": "Feature",
      "properties": {
        "@id": "relation/13550625",
        "amenity": "nursing_home",
        "building": "civic",
        "ref:bygningsnr": "6427464",
        "type": "multipolygon",
        "@geometry": "center"
      },
      "geometry": {
        "type": "Point",
        "coordinates": [
          11.1690525,
          59.4706575
        ]
      },
      "id": "relation/13550625"
    },
    {
      "type": "Feature",
      "properties": {
        "@id": "relation/13699002",
        "amenity": "nursing_home",
        "name": "Grefsenhjemmet",
        "building": "yes",
        "building:levels": "2",
        "ref:bygningsnr": "80706960",
        "type": "multipolygon",
        "@geometry": "center"
      },
      "geometry": {
        "type": "Point",
        "coordinates": [
          10.7855265,
          59.950863
        ]
      },
      "id": "relation/13699002"
    },
    {
      "type": "Feature",
      "properties": {
        "@id": "relation/13851783",
        "amenity": "social_facility",
        "name": "Sjømannshjemmet",
        "social_facility": "retirement_home",
        "social_facility:for": "senior",
        "building": "civic",
        "building:levels": "2",
        "ref:bygningsnr": "8366187;21260320",
        "type": "multipolygon",
        "@geometry": "center"
      },
      "geometry": {
        "type": "Point",
        "coordinates": [
          10.0334925,
          58.9980175
        ]
      },
      "id": "relation/13851783"
    },
    {
      "type": "Feature",
      "properties": {
        "@id": "relation/13964712",
        "amenity": "nursing_home",
        "name": "Øyane sykehjem",
        "building": "civic",
        "ref:bygningsnr": "4230345",
        "type": "multipolygon",
        "@geometry": "center"
      },
      "geometry": {
        "type": "Point",
        "coordinates": [
          5.739803,
          58.9970005
        ]
      },
      "id": "relation/13964712"
    },
    {
      "type": "Feature",
      "properties": {
        "@id": "relation/14048344",
        "name": "Stavern sykehjem",
        "operator": "Larvik kommune",
        "social_facility": "nursing_home",
        "social_facility:for": "senior",
        "amenity": "social_facility",
        "type": "multipolygon",
        "@geometry": "center"
      },
      "geometry": {
        "type": "Point",
        "coordinates": [
          10.0249213,
          58.9986469
        ]
      },
      "id": "relation/14048344"
    },
    {
      "type": "Feature",
      "properties": {
        "@id": "relation/14086466",
        "amenity": "hospital",
        "emergency": "yes",
        "healthcare": "hospital",
        "name": "Rikshospitalet",
        "official_name": "Oslo universitetssykehus, Rikshospitalet",
        "phone": "02770",
        "type": "multipolygon",
        "website": "https://oslo-universitetssykehus.no/pasient_/nyttig_/kart_/Sider/Kart-over-Rikshospitalet.aspx",
        "wheelchair": "yes",
        "wikidata": "Q3050696",
        "@geometry": "center"
      },
      "geometry": {
        "type": "Point",
        "coordinates": [
          10.7167603,
          59.9477155
        ]
      },
      "id": "relation/14086466"
    },
    {
      "type": "Feature",
      "properties": {
        "@id": "relation/14367192",
        "amenity": "social_facility",
        "name": "Alderstun omsorgssenter",
        "operator": "Rødøy kommune",
        "social_facility": "nursing_home",
        "type": "multipolygon",
        "@geometry": "center"
      },
      "geometry": {
        "type": "Point",
        "coordinates": [
          13.4168105,
          66.696836
        ]
      },
      "id": "relation/14367192"
    },
    {
      "type": "Feature",
      "properties": {
        "@id": "way/25091625",
        "alt_name": "Haukeland sykehus",
        "amenity": "hospital",
        "emergency": "yes",
        "healthcare": "hospital",
        "name": "Haukeland Universitetssjukehus",
        "name:en": "Haukeland University Hospital",
        "name:nb": "Haukeland universitetssykehus",
        "name:nn": "Haukeland universitetssjukehus",
        "old_name": "Haukeland Universitetssykehus",
        "short_name": "Haukeland sjukehus",
        "ssr:stedsnr": "126716",
        "toilets:wheelchair": "yes",
        "url": "http://www.helse-bergen.no/",
        "wheelchair": "yes",
        "wikidata": "Q1770239",
        "wikipedia": "nn:Haukeland universitetssjukehus",
        "@geometry": "center"
      },
      "geometry": {
        "type": "Point",
        "coordinates": [
          5.3574421,
          60.3735734
        ]
      },
      "id": "way/25091625"
    },
    {
      "type": "Feature",
      "properties": {
        "@id": "way/25444602",
        "amenity": "hospital",
        "emergency": "yes",
        "healthcare": "hospital",
        "name": "Universitetssykehuset Nord-Norge",
        "name:en": "University Hospital of North Norway",
        "name:nb": "Universitetssykehuset Nord-Norge",
        "name:nn": "Universitetssjukehuset Nord-Noreg",
        "name:se": "Davvi-Norgga universitehtabuohcceviessu",
        "old_name": "Regionsykehuset i Tomsø",
        "old_short_name": "RiTø",
        "short_name": "UNN",
        "url": "http://www.unn.no/",
        "wikidata": "Q4586373",
        "wikipedia": "no:Universitetssykehuset Nord-Norge",
        "@geometry": "center"
      },
      "geometry": {
        "type": "Point",
        "coordinates": [
          18.9826543,
          69.6839341
        ]
      },
      "id": "way/25444602"
    },
    {
      "type": "Feature",
      "properties": {
        "@id": "way/31819643",
        "amenity": "doctors",
        "building": "yes",
        "emergency": "yes",
        "entrance": "main",
        "healthcare": "doctor",
        "highway": "emergency_access_point",
        "name": "Stavanger Legevakt",
        "operator": "Legevakten",
        "ref:bygningsnr": "4800400",
        "url": "http://www.stavanger.kommune.no/Tilbud-tjenester-og-skjema/Helse/Legevakt/",
        "wheelchair": "yes",
        "@geometry": "center"
      },
      "geometry": {
        "type": "Point",
        "coordinates": [
          5.7303905,
          58.9534425
        ]
      },
      "id": "way/31819643"
    },
    {
      "type": "Feature",
      "properties": {
        "@id": "way/33003899",
        "amenity": "social_facility",
        "name": "Stokka sykehjem",
        "social_facility": "assisted_living",
        "social_facility:for": "senior",
        "building": "civic",
        "ref:bygningsnr": "4342577",
        "@geometry": "center"
      },
      "geometry": {
        "type": "Point",
        "coordinates": [
          5.6933315,
          58.960762
        ]
      },
      "id": "way/33003899"
    },
    {
      "type": "Feature",
      "properties": {
        "@id": "way/34389216",
        "amenity": "nursing_home",
        "building": "civic",
        "name": "Mosvangen aldershjem",
        "ref:bygningsnr": "4574478",
        "@geometry": "center"
      },
      "geometry": {
        "type": "Point",
        "coordinates": [
          5.7121001,
          58.9521007
        ]
      },
      "id": "way/34389216"
    },
    {
      "type": "Feature",
      "properties": {
        "@id": "way/35217528",
        "amenity": "social_facility",
        "name": "Bråset bo- og omsorgssenter",
        "social_facility": "group_home",
        "building": "civic",
        "ref:bygningsnr": "18418134",
        "@geometry": "center"
      },
      "geometry": {
        "type": "Point",
        "coordinates": [
          10.3862345,
          59.7426405
        ]
      },
      "id": "way/35217528"
    },
    {
      "type": "Feature",
      "properties": {
        "@id": "way/36073467",
        "amenity": "hospital",
        "emergency": "yes",
        "healthcare": "hospital",
        "name": "Sørlandet sykehus Kristiansand",
        "operator": "Helse Sør-Øst RHF",
        "operator:type": "public/government",
        "phone": "+47 906 10 600",
        "website": "https://sshf.no",
        "wikidata": "Q12004887",
        "wikipedia": "no:Sørlandet sykehus Kristiansand",
        "@geometry": "center"
      },
      "geometry": {
        "type": "Point",
        "coordinates": [
          7.9820732,
          58.1643882
        ]
      },
      "id": "way/36073467"
    },
    {
      "type": "Feature",
      "properties": {
        "@id": "way/38895672",
        "amenity": "nursing_home",
        "name": "Gjerpen sykehjem",
        "@geometry": "center"
      },
      "geometry": {
        "type": "Point",
        "coordinates": [
          9.6105779,
          59.2208897
        ]
      },
      "id": "way/38895672"
    },
    {
      "type": "Feature",
      "properties": {
        "@id": "way/39223391",
        "amenity": "pharmacy",
        "building": "warehouse",
        "name": "Gourmet matvarebutikk",
        "ref:bygningsnr": "184701634",
        "shop": "greengrocer",
        "@geometry": "center"
      },
      "geometry": {
        "type": "Point",
        "coordinates": [
          10.796194,
          63.411093
        ]
      },
      "id": "way/39223391"
    },
    {
      "type": "Feature",
      "properties": {
        "@id": "way/43556465",
        "wikipedia": "en:Sunnaas Hospital",
        "wikidata": "Q12003999",
        "wheelchair": "yes",
        "landuse": "residential",
        "name": "Sunnaas sykehus",
        "toilets:wheelchair": "yes",
        "amenity": "hospital",
        "description": "Specializes on rehabilitation. No other services.",
        "@geometry": "center"
      },
      "geometry": {
        "type": "Point",
        "coordinates": [
          10.6409505,
          59.8349613
        ]
      },
      "id": "way/43556465"
    },
    {
      "type": "Feature",
      "properties": {
        "@id": "way/46035184",
        "amenity": "hospital",
        "emergency": "yes",
        "healthcare": "hospital",
        "healthcare:speciality": "general;intensive;emergency;surgery;maternity",
        "building": "hospital",
        "heritage": "yes",
        "name": "Stord sjukehus",
        "ref:bygningsnr": "174048592",
        "wheelchair": "yes",
        "@geometry": "center"
      },
      "geometry": {
        "type": "Point",
        "coordinates": [
          5.5116265,
          59.792712
        ]
      },
      "id": "way/46035184"
    },
    {
      "type": "Feature",
      "properties": {
        "@id": "way/48810601",
        "amenity": "clinic",
        "healthcare": "rehabilitation",
        "name": "Høyås bo- og rehabiliteringssenter",
        "@geometry": "center"
      },
      "geometry": {
        "type": "Point",
        "coordinates": [
          10.8154662,
          59.8183198
        ]
      },
      "id": "way/48810601"
    },
    {
      "type": "Feature",
      "properties": {
        "@id": "way/48917350",
        "name": "Hole Bo og Rehabiliteringssenter",
        "amenity": "nursing_home",
        "@geometry": "center"
      },
      "geometry": {
        "type": "Point",
        "coordinates": [
          10.2929865,
          60.0644757
        ]
      },
      "id": "way/48917350"
    },
    {
      "type": "Feature",
      "properties": {
        "@id": "way/51446838",
        "alt_name": "Akerhus universitetssykehus",
        "amenity": "hospital",
        "email": "postmottak@ahus.no",
        "emergency": "yes",
        "emergency:helipad": "yes",
        "healthcare": "hospital",
        "name": "Akershus universitetssykehus",
        "opening_hours": "24/7",
        "phone": "+47 67 96 00 00",
        "website": "https://www.ahus.no/",
        "wheelchair": "yes",
        "wikidata": "Q4700653",
        "wikipedia": "no:Akershus universitetssykehus",
        "@geometry": "center"
      },
      "geometry": {
        "type": "Point",
        "coordinates": [
          10.9949696,
          59.9314479
        ]
      },
      "id": "way/51446838"
    },
    {
      "type": "Feature",
      "properties": {
        "@id": "way/53046862",
        "name": "Ryenhjemmet",
        "amenity": "nursing_home",
        "building": "civic",
        "ref:bygningsnr": "300677102",
        "@geometry": "center"
      },
      "geometry": {
        "type": "Point",
        "coordinates": [
          10.800211,
          59.897963
        ]
      },
      "id": "way/53046862"
    },
    {
      "type": "Feature",
      "properties": {
        "@id": "way/54753844",
        "amenity": "nursing_home",
        "name": "Stange sykehjem",
        "@geometry": "center"
      },
      "geometry": {
        "type": "Point",
        "coordinates": [
          11.1820218,
          60.7192931
        ]
      },
      "id": "way/54753844"
    },
    {
      "type": "Feature",
      "properties": {
        "@id": "way/61484798",
        "amenity": "social_facility",
        "building": "civic",
        "ref:bygningsnr": "149844589",
        "social_facility:for": "senior",
        "@geometry": "center"
      },
      "geometry": {
        "type": "Point",
        "coordinates": [
          10.4371915,
          59.8224085
        ]
      },
      "id": "way/61484798"
    },
    {
      "type": "Feature",
      "properties": {
        "@id": "way/67413116",
        "wikidata": "Q1773522",
        "amenity": "hospital",
        "healthcare": "hospital",
        "name": "Gaustad sykehus",
        "note": "Part of Oslo University Hospital",
        "@geometry": "center"
      },
      "geometry": {
        "type": "Point",
        "coordinates": [
          10.7202879,
          59.9501834
        ]
      },
      "id": "way/67413116"
    },
    {
      "type": "Feature",
      "properties": {
        "@id": "way/72152540",
        "amenity": "social_facility",
        "name": "Marithaugen Sykehjem",
        "social_facility": "nursing_home",
        "social_facility:for": "senior",
        "building": "civic",
        "ref:bygningsnr": "21505765;21505757;21500402;189700288",
        "@geometry": "center"
      },
      "geometry": {
        "type": "Point",
        "coordinates": [
          14.4750175,
          68.2128375
        ]
      },
      "id": "way/72152540"
    },
    {
      "type": "Feature",
      "properties": {
        "@id": "way/73995644",
        "amenity": "hospital",
        "building": "civic",
        "building:levels": "2",
        "emergency": "no",
        "healthcare": "hospital",
        "name": "Kysthospitalet",
        "ref:bygningsnr": "162856383",
        "@geometry": "center"
      },
      "geometry": {
        "type": "Point",
        "coordinates": [
          10.0294251,
          58.9881962
        ]
      },
      "id": "way/73995644"
    },
    {
      "type": "Feature",
      "properties": {
        "@id": "way/80913766",
        "amenity": "nursing_home",
        "building": "civic",
        "building:levels": "9",
        "name": "Kalbakken eldresenter",
        "ref:bygningsnr": "80228163",
        "social_facility": "group_home",
        "social_facility:for": "senior",
        "@geometry": "center"
      },
      "geometry": {
        "type": "Point",
        "coordinates": [
          10.8660855,
          59.9509346
        ]
      },
      "id": "way/80913766"
    },
    {
      "type": "Feature",
      "properties": {
        "@id": "way/87216980",
        "amenity": "hospital",
        "healthcare": "hospital",
        "name": "Administrasjon, Luftambulanse",
        "@geometry": "center"
      },
      "geometry": {
        "type": "Point",
        "coordinates": [
          5.7347061,
          58.9533458
        ]
      },
      "id": "way/87216980"
    },
    {
      "type": "Feature",
      "properties": {
        "@id": "way/87312088",
        "amenity": "social_facility",
        "name": "Bergåstjern Sykehjem",
        "social_facility": "nursing_home",
        "building": "civic",
        "note": "replaced by new building in 2011",
        "ref:bygningsnr": "4310330",
        "@geometry": "center"
      },
      "geometry": {
        "type": "Point",
        "coordinates": [
          5.7337675,
          58.944449
        ]
      },
      "id": "way/87312088"
    },
    {
      "type": "Feature",
      "properties": {
        "@id": "way/87312754",
        "amenity": "nursing_home",
        "building": "civic",
        "ref:bygningsnr": "4687698",
        "@geometry": "center"
      },
      "geometry": {
        "type": "Point",
        "coordinates": [
          5.7297915,
          58.947216
        ]
      },
      "id": "way/87312754"
    },
    {
      "type": "Feature",
      "properties": {
        "@id": "way/87441783",
        "amenity": "hospital",
        "building": "public",
        "emergency": "ambulance_station",
        "name": "Ambulansesentral Stavanger",
        "ref:bygningsnr": "4312724",
        "@geometry": "center"
      },
      "geometry": {
        "type": "Point",
        "coordinates": [
          5.7416185,
          58.9505255
        ]
      },
      "id": "way/87441783"
    },
    {
      "type": "Feature",
      "properties": {
        "@id": "way/87481915",
        "amenity": "doctors",
        "building": "commercial",
        "healthcare:service": "fastlege",
        "healthcare:speciality": "general",
        "name": "Heistad legekontor",
        "ref:bygningsnr": "8421641",
        "ref:nhn": "976532848",
        "@geometry": "center"
      },
      "geometry": {
        "type": "Point",
        "coordinates": [
          9.6834767,
          59.0856229
        ]
      },
      "id": "way/87481915"
    },
    {
      "type": "Feature",
      "properties": {
        "@id": "way/87571105",
        "social_facility:for": "senior",
        "amenity": "social_facility",
        "building": "civic",
        "name": "Moholt sykehjem",
        "ref:bygningsnr": "21016608",
        "social_facility": "nursing_home",
        "@geometry": "center"
      },
      "geometry": {
        "type": "Point",
        "coordinates": [
          10.4366985,
          63.4123135
        ]
      },
      "id": "way/87571105"
    },
    {
      "type": "Feature",
      "properties": {
        "@id": "way/88443238",
        "amenity": "nursing_home",
        "building": "civic",
        "name": "Nidarvoll Helsehus",
        "ref:bygningsnr": "10444519",
        "@geometry": "center"
      },
      "geometry": {
        "type": "Point",
        "coordinates": [
          10.4083078,
          63.3998242
        ]
      },
      "id": "way/88443238"
    },
    {
      "type": "Feature",
      "properties": {
        "@id": "way/90132639",
        "amenity": "nursing_home",
        "architect": "Gustav W. Helland",
        "building": "civic",
        "name": "Solvang",
        "ref:bygningsnr": "4585038",
        "@geometry": "center"
      },
      "geometry": {
        "type": "Point",
        "coordinates": [
          5.723901,
          58.9677675
        ]
      },
      "id": "way/90132639"
    },
    {
      "type": "Feature",
      "properties": {
        "@id": "way/90506032",
        "amenity": "social_facility",
        "building": "civic",
        "building:levels": "3",
        "name": "Tjensvolltunet dagsenter",
        "operator": "Stavanger kommune",
        "phone": "+47 51 87 73 54",
        "ref:bygningsnr": "4799194",
        "social_facility": "nursing_home",
        "website": "tjensvolltunet.no",
        "@geometry": "center"
      },
      "geometry": {
        "type": "Point",
        "coordinates": [
          5.6960445,
          58.949203
        ]
      },
      "id": "way/90506032"
    },
    {
      "type": "Feature",
      "properties": {
        "@id": "way/91955824",
        "amenity": "social_facility",
        "building": "civic",
        "name": "Grønlien Bosenter",
        "ref:bygningsnr": "193832903",
        "@geometry": "center"
      },
      "geometry": {
        "type": "Point",
        "coordinates": [
          10.9912833,
          59.2537656
        ]
      },
      "id": "way/91955824"
    },
    {
      "type": "Feature",
      "properties": {
        "@id": "way/92931533",
        "amenity": "social_facility",
        "building": "residential",
        "ref:bygningsnr": "149937811",
        "social_facility": "group_home",
        "social_facility:for": "migrant",
        "@geometry": "center"
      },
      "geometry": {
        "type": "Point",
        "coordinates": [
          10.4631864,
          59.8619596
        ]
      },
      "id": "way/92931533"
    },
    {
      "type": "Feature",
      "properties": {
        "@id": "way/92931535",
        "amenity": "social_facility",
        "building": "residential",
        "ref:bygningsnr": "149937765",
        "social_facility": "group_home",
        "social_facility:for": "migrant",
        "@geometry": "center"
      },
      "geometry": {
        "type": "Point",
        "coordinates": [
          10.4617815,
          59.8619733
        ]
      },
      "id": "way/92931535"
    },
    {
      "type": "Feature",
      "properties": {
        "@id": "way/92931538",
        "amenity": "social_facility",
        "building": "residential",
        "ref:bygningsnr": "149937846",
        "social_facility": "group_home",
        "social_facility:for": "migrant",
        "@geometry": "center"
      },
      "geometry": {
        "type": "Point",
        "coordinates": [
          10.4612175,
          59.861661
        ]
      },
      "id": "way/92931538"
    },
    {
      "type": "Feature",
      "properties": {
        "@id": "way/92931539",
        "amenity": "social_facility",
        "building": "residential",
        "ref:bygningsnr": "149937781",
        "social_facility": "group_home",
        "social_facility:for": "migrant",
        "@geometry": "center"
      },
      "geometry": {
        "type": "Point",
        "coordinates": [
          10.4627756,
          59.8620879
        ]
      },
      "id": "way/92931539"
    },
    {
      "type": "Feature",
      "properties": {
        "@id": "way/92931540",
        "amenity": "social_facility",
        "building": "office",
        "ref:bygningsnr": "140108014",
        "social_facility": "group_home",
        "social_facility:for": "migrant",
        "@geometry": "center"
      },
      "geometry": {
        "type": "Point",
        "coordinates": [
          10.4628125,
          59.8617075
        ]
      },
      "id": "way/92931540"
    },
    {
      "type": "Feature",
      "properties": {
        "@id": "way/92931541",
        "amenity": "social_facility",
        "building": "school",
        "ref:bygningsnr": "149937757",
        "social_facility": "group_home",
        "social_facility:for": "migrant",
        "@geometry": "center"
      },
      "geometry": {
        "type": "Point",
        "coordinates": [
          10.4621346,
          59.8617735
        ]
      },
      "id": "way/92931541"
    },
    {
      "type": "Feature",
      "properties": {
        "@id": "way/92931542",
        "amenity": "social_facility",
        "building": "residential",
        "ref:bygningsnr": "149937803",
        "social_facility": "group_home",
        "social_facility:for": "migrant",
        "@geometry": "center"
      },
      "geometry": {
        "type": "Point",
        "coordinates": [
          10.4632014,
          59.8621674
        ]
      },
      "id": "way/92931542"
    },
    {
      "type": "Feature",
      "properties": {
        "@id": "way/92931543",
        "amenity": "social_facility",
        "building": "office",
        "ref:bygningsnr": "149937773",
        "social_facility": "group_home",
        "social_facility:for": "migrant",
        "@geometry": "center"
      },
      "geometry": {
        "type": "Point",
        "coordinates": [
          10.462165,
          59.862158
        ]
      },
      "id": "way/92931543"
    },
    {
      "type": "Feature",
      "properties": {
        "@id": "way/94373295",
        "amenity": "social_facility",
        "building": "civic",
        "name": "Lassahagen Bofellesskap",
        "operator": "Stavanger kommune",
        "ref:bygningsnr": "4660722",
        "social_facility": "assisted_living",
        "@geometry": "center"
      },
      "geometry": {
        "type": "Point",
        "coordinates": [
          5.695934,
          58.960845
        ]
      },
      "id": "way/94373295"
    },
    {
      "type": "Feature",
      "properties": {
        "@id": "way/94597322",
        "amenity": "clinic",
        "building": "civic",
        "healthcare": "clinic",
        "healthcare:speciality": "psychiatry",
        "name": "Leistad Etterbehandling / KAD",
        "ref:bygningsnr": "10534852",
        "website": "https://www.trondheim.kommune.no/tema/helse-og-omsorg/helsetjenester/psykisk-helse/leistad-etterbehandling--kad/",
        "wheelchair": "yes",
        "@geometry": "center"
      },
      "geometry": {
        "type": "Point",
        "coordinates": [
          10.4798875,
          63.420877
        ]
      },
      "id": "way/94597322"
    },
    {
      "type": "Feature",
      "properties": {
        "@id": "way/94691882",
        "amenity": "clinic",
        "building": "civic",
        "healthcare": "clinic",
        "name": "Trondsletten habiliteringssenter",
        "ref:bygningsnr": "182222968",
        "roof:shape": "hipped",
        "website": "https://stolav.no/avdelinger/barne-og-ungdomsklinikken/trondsletten-habiliteringssenter",
        "@geometry": "center"
      },
      "geometry": {
        "type": "Point",
        "coordinates": [
          10.4467051,
          63.4233851
        ]
      },
      "id": "way/94691882"
    },
    {
      "type": "Feature",
      "properties": {
        "@id": "way/94822868",
        "amenity": "social_facility",
        "building": "civic",
        "name": "Skipper Worse",
        "ref:bygningsnr": "4602323",
        "social_facility": "nursing_home",
        "social_facility:for": "senior",
        "@geometry": "center"
      },
      "geometry": {
        "type": "Point",
        "coordinates": [
          5.719165,
          58.9667173
        ]
      },
      "id": "way/94822868"
    },
    {
      "type": "Feature",
      "properties": {
        "@id": "way/95906660",
        "amenity": "social_facility",
        "name": "Lervig sykehjem",
        "operator": "Stavanger kommune",
        "social_facility": "nursing_home",
        "building": "civic",
        "ref:bygningsnr": "300482774",
        "@geometry": "center"
      },
      "geometry": {
        "type": "Point",
        "coordinates": [
          5.758753,
          58.9666615
        ]
      },
      "id": "way/95906660"
    },
    {
      "type": "Feature",
      "properties": {
        "@id": "way/96762076",
        "amenity": "doctors",
        "building": "civic",
        "name": "Betesda Spesialistsenter",
        "ref:bygningsnr": "193970451",
        "@geometry": "center"
      },
      "geometry": {
        "type": "Point",
        "coordinates": [
          10.950973,
          59.2096705
        ]
      },
      "id": "way/96762076"
    },
    {
      "type": "Feature",
      "properties": {
        "@id": "way/97253654",
        "amenity": "social_facility",
        "building": "civic",
        "name": "Trasoppklinikken",
        "old_name": "A-klinikken",
        "ref:bygningsnr": "81574480",
        "website": "https://www.trasoppklinikken.no/",
        "@geometry": "center"
      },
      "geometry": {
        "type": "Point",
        "coordinates": [
          10.8545205,
          59.9061315
        ]
      },
      "id": "way/97253654"
    },
    {
      "type": "Feature",
      "properties": {
        "@id": "way/97741604",
        "amenity": "nursing_home",
        "name": "Kroken sykehjem",
        "ref:bygningsnr": "16558664;11438695",
        "website": "https://www.tromso.kommune.no/kroken-sykehjem.121426.no.html",
        "building": "civic",
        "@geometry": "center"
      },
      "geometry": {
        "type": "Point",
        "coordinates": [
          19.0667405,
          69.6793765
        ]
      },
      "id": "way/97741604"
    },
    {
      "type": "Feature",
      "properties": {
        "@id": "way/98396343",
        "amenity": "social_facility",
        "name": "Fredrikstad korttidssenter",
        "old_name": "Borge sykehjem",
        "social_facility": "nursing_home",
        "ssr:stedsnr": "786775",
        "website": "https://www.fredrikstad.kommune.no/kontakt-oss/organisasjon/helseogvelferd/omsorgssentre/Fredrikstad-korttidssenter/",
        "building": "civic",
        "ref:bygningsnr": "146874584",
        "wheelchair": "yes",
        "@geometry": "center"
      },
      "geometry": {
        "type": "Point",
        "coordinates": [
          11.011063,
          59.235501
        ]
      },
      "id": "way/98396343"
    },
    {
      "type": "Feature",
      "properties": {
        "@id": "way/100214056",
        "amenity": "doctors",
        "building": "civic",
        "building:levels": "1",
        "name": "Kolsås helsestasjon",
        "ref:bygningsnr": "6703429",
        "@geometry": "center"
      },
      "geometry": {
        "type": "Point",
        "coordinates": [
          10.5001466,
          59.9159042
        ]
      },
      "id": "way/100214056"
    },
    {
      "type": "Feature",
      "properties": {
        "@id": "way/101828685",
        "amenity": "social_facility",
        "building": "civic",
        "name": "Zion sykehjem",
        "ref:bygningsnr": "196100660",
        "social_facility": "nursing_home",
        "social_facility:for": "senior",
        "@geometry": "center"
      },
      "geometry": {
        "type": "Point",
        "coordinates": [
          10.445562,
          63.4198215
        ]
      },
      "id": "way/101828685"
    },
    {
      "type": "Feature",
      "properties": {
        "@id": "way/102747924",
        "operator": "Skedsmo kommune",
        "amenity": "social_facility",
        "building": "civic",
        "name": "Asak avlastningssenter",
        "ref:bygningsnr": "6865267",
        "social_facility": "assisted_living",
        "@geometry": "center"
      },
      "geometry": {
        "type": "Point",
        "coordinates": [
          11.1052982,
          59.9885644
        ]
      },
      "id": "way/102747924"
    },
    {
      "type": "Feature",
      "properties": {
        "@id": "way/103088720",
        "amenity": "hospital",
        "building": "hospital",
        "emergency": "yes",
        "healthcare": "hospital",
        "name": "Harstad sykehus",
        "ref:bygningsnr": "13086672",
        "toilets:wheelchair": "yes",
        "wheelchair": "yes",
        "@geometry": "center"
      },
      "geometry": {
        "type": "Point",
        "coordinates": [
          16.524761,
          68.7962655
        ]
      },
      "id": "way/103088720"
    },
    {
      "type": "Feature",
      "properties": {
        "@id": "way/103088732",
        "amenity": "hospital",
        "building": "hospital",
        "healthcare": "hospital",
        "ref:bygningsnr": "20233540",
        "toilets:wheelchair": "yes",
        "wheelchair": "yes",
        "@geometry": "center"
      },
      "geometry": {
        "type": "Point",
        "coordinates": [
          16.5236695,
          68.7966845
        ]
      },
      "id": "way/103088732"
    },
    {
      "type": "Feature",
      "properties": {
        "@id": "way/103916955",
        "alt_name": "Sørtromsøya bo- og rehabilitetssenter",
        "amenity": "nursing_home",
        "name": "Sør-Tromsøya sykehjem",
        "building": "civic",
        "ref:bygningsnr": "22380516",
        "@geometry": "center"
      },
      "geometry": {
        "type": "Point",
        "coordinates": [
          18.9135415,
          69.637206
        ]
      },
      "id": "way/103916955"
    },
    {
      "type": "Feature",
      "properties": {
        "@id": "way/103977467",
        "amenity": "social_facility",
        "name": "Furumoen sykehjem",
        "phone": "+47 76 91 33 00",
        "social_facility": "group_home",
        "social_facility:for": "senior",
        "building": "civic",
        "ref:bygningsnr": "23793385",
        "@geometry": "center"
      },
      "geometry": {
        "type": "Point",
        "coordinates": [
          17.4613641,
          68.4469044
        ]
      },
      "id": "way/103977467"
    },
    {
      "type": "Feature",
      "properties": {
        "@id": "way/104004495",
        "name": "Rolvsøy sykehjem",
        "social_facility": "nursing_home",
        "social_facility:for": "senior",
        "amenity": "social_facility",
        "@geometry": "center"
      },
      "geometry": {
        "type": "Point",
        "coordinates": [
          10.9954702,
          59.2650307
        ]
      },
      "id": "way/104004495"
    },
    {
      "type": "Feature",
      "properties": {
        "@id": "way/104733266",
        "amenity": "hospital",
        "building": "hospital",
        "emergency": "yes",
        "healthcare": "hospital",
        "name": "Narvik sykehus",
        "ref:bygningsnr": "187347351;187411491",
        "wikidata": "Q30259442",
        "@geometry": "center"
      },
      "geometry": {
        "type": "Point",
        "coordinates": [
          17.412922,
          68.4420925
        ]
      },
      "id": "way/104733266"
    },
    {
      "type": "Feature",
      "properties": {
        "@id": "way/104961652",
        "amenity": "social_facility",
        "building": "apartments",
        "building:levels": "2",
        "ref:bygningsnr": "13400156",
        "@geometry": "center"
      },
      "geometry": {
        "type": "Point",
        "coordinates": [
          10.9517242,
          59.2276672
        ]
      },
      "id": "way/104961652"
    },
    {
      "type": "Feature",
      "properties": {
        "@id": "way/104961653",
        "amenity": "social_facility",
        "building": "civic",
        "ref:bygningsnr": "6273467",
        "@geometry": "center"
      },
      "geometry": {
        "type": "Point",
        "coordinates": [
          10.9516095,
          59.2285615
        ]
      },
      "id": "way/104961653"
    },
    {
      "type": "Feature",
      "properties": {
        "@id": "way/104961656",
        "amenity": "social_facility",
        "building": "house",
        "building:levels": "2",
        "ref:bygningsnr": "24214796",
        "@geometry": "center"
      },
      "geometry": {
        "type": "Point",
        "coordinates": [
          10.9494066,
          59.2279635
        ]
      },
      "id": "way/104961656"
    },
    {
      "type": "Feature",
      "properties": {
        "@id": "way/104961658",
        "amenity": "social_facility",
        "building": "civic",
        "ref:bygningsnr": "193829112",
        "@geometry": "center"
      },
      "geometry": {
        "type": "Point",
        "coordinates": [
          10.9496567,
          59.2282571
        ]
      },
      "id": "way/104961658"
    },
    {
      "type": "Feature",
      "properties": {
        "@id": "way/104961659",
        "amenity": "social_facility",
        "building": "civic",
        "ref:bygningsnr": "13400741",
        "@geometry": "center"
      },
      "geometry": {
        "type": "Point",
        "coordinates": [
          10.9499222,
          59.2279424
        ]
      },
      "id": "way/104961659"
    },
    {
      "type": "Feature",
      "properties": {
        "@id": "way/108914227",
        "amenity": "social_facility",
        "building": "kindergarten",
        "name": "Skistua Asylsøkermottak",
        "ref:bygningsnr": "11015700",
        "social_facility": "group_home",
        "social_facility:for": "migrant",
        "@geometry": "center"
      },
      "geometry": {
        "type": "Point",
        "coordinates": [
          17.4452115,
          68.4365168
        ]
      },
      "id": "way/108914227"
    },
    {
      "type": "Feature",
      "properties": {
        "@id": "way/110084731",
        "amenity": "social_facility",
        "name": "Stovnerskogen sykehjem",
        "social_facility": "group_home",
        "social_facility:for": "senior",
        "source:ref": "survey",
        "building": "civic",
        "ref:bygningsnr": "81812799",
        "@geometry": "center"
      },
      "geometry": {
        "type": "Point",
        "coordinates": [
          10.9309715,
          59.9487385
        ]
      },
      "id": "way/110084731"
    },
    {
      "type": "Feature",
      "properties": {
        "@id": "way/110315974",
        "amenity": "clinic",
        "building": "civic",
        "healthcare": "clinic",
        "name": "Incognito klinikk",
        "ref:bygningsnr": "80785658",
        "@geometry": "center"
      },
      "geometry": {
        "type": "Point",
        "coordinates": [
          10.8593645,
          59.9558305
        ]
      },
      "id": "way/110315974"
    },
    {
      "type": "Feature",
      "properties": {
        "@id": "way/113196372",
        "amenity": "hospital",
        "name": "Sanderud sykehus",
        "@geometry": "center"
      },
      "geometry": {
        "type": "Point",
        "coordinates": [
          11.1601515,
          60.7817175
        ]
      },
      "id": "way/113196372"
    },
    {
      "type": "Feature",
      "properties": {
        "@id": "way/113444624",
        "start_date": "2007",
        "amenity": "clinic",
        "building": "industrial",
        "description": "Health clinic located at Økern in Oslo, Norway. The clinic is multi-disciplinary clinic with chiropractors, physiotherapist, massage therapists, osteopaths and the clinic has a little gym. The clinic was established i 2007. Book an appointment online from",
        "healthcare": "clinic",
        "name": "Fokusklinikken",
        "note": "Working Hours: M: 08:00-17:00 | T: 08:00-19:00 | W: 07:00-17:00 | Th: 08:00-18:00 | F: 08:00-15:00 | Sat: closed | Sun: closed",
        "ref:bygningsnr": "80717202",
        "@geometry": "center"
      },
      "geometry": {
        "type": "Point",
        "coordinates": [
          10.806369,
          59.927728
        ]
      },
      "id": "way/113444624"
    },
    {
      "type": "Feature",
      "properties": {
        "@id": "way/114513211",
        "amenity": "nursing_home",
        "name": "Parkgården Sykehjem",
        "social_facility": "nursing_home",
        "building": "civic",
        "ref:bygningsnr": "7142269;16764043",
        "@geometry": "center"
      },
      "geometry": {
        "type": "Point",
        "coordinates": [
          11.0797255,
          60.793225
        ]
      },
      "id": "way/114513211"
    },
    {
      "type": "Feature",
      "properties": {
        "@id": "way/115788871",
        "amenity": "nursing_home",
        "name": "Fjeldberg aldershjem",
        "building": "civic",
        "ref:bygningsnr": "193812643",
        "@geometry": "center"
      },
      "geometry": {
        "type": "Point",
        "coordinates": [
          10.921027,
          59.2207195
        ]
      },
      "id": "way/115788871"
    },
    {
      "type": "Feature",
      "properties": {
        "@id": "way/115829770",
        "wheelchair": "yes",
        "amenity": "hospital",
        "emergency": "yes",
        "healthcare": "hospital",
        "name": "Bærum sykehus",
        "toilets:wheelchair": "yes",
        "@geometry": "center"
      },
      "geometry": {
        "type": "Point",
        "coordinates": [
          10.5110665,
          59.8984363
        ]
      },
      "id": "way/115829770"
    },
    {
      "type": "Feature",
      "properties": {
        "@id": "way/115917732",
        "amenity": "nursing_home",
        "building": "civic",
        "email": "postmottak.majorstutunet@sye.oslo.kommune.no",
        "fax": "+47 23429601",
        "name": "Majorstutunet bo- og behandlingssenter",
        "phone": "+47 23429600",
        "ref:bygningsnr": "80901844",
        "social_facility": "group_home",
        "social_facility:for": "senior",
        "website": "http://www.sykehjemsetaten.oslo.kommune.no/article.php?articleID=106325&categoryID=24307",
        "@geometry": "center"
      },
      "geometry": {
        "type": "Point",
        "coordinates": [
          10.7155005,
          59.9317935
        ]
      },
      "id": "way/115917732"
    },
    {
      "type": "Feature",
      "properties": {
        "@id": "way/117554040",
        "amenity": "social_facility",
        "description:de": "Dagnsanstalt (Pflegeheim)",
        "social_facility": "assisted_living",
        "building": "civic",
        "ref:bygningsnr": "232289",
        "@geometry": "center"
      },
      "geometry": {
        "type": "Point",
        "coordinates": [
          6.7154324,
          58.6636776
        ]
      },
      "id": "way/117554040"
    },
    {
      "type": "Feature",
      "properties": {
        "@id": "way/118372010",
        "amenity": "social_facility",
        "name": "Smedbakken Sykehjem",
        "social_facility": "group_home",
        "social_facility:for": "senior",
        "building": "civic",
        "ref:bygningsnr": "13395438",
        "@geometry": "center"
      },
      "geometry": {
        "type": "Point",
        "coordinates": [
          10.9531475,
          59.227116
        ]
      },
      "id": "way/118372010"
    },
    {
      "type": "Feature",
      "properties": {
        "@id": "way/118686854",
        "amenity": "hospital",
        "healthcare": "hospital",
        "name": "Østmarka psykiatriske sykehus",
        "@geometry": "center"
      },
      "geometry": {
        "type": "Point",
        "coordinates": [
          10.4522955,
          63.4533839
        ]
      },
      "id": "way/118686854"
    },
    {
      "type": "Feature",
      "properties": {
        "@id": "way/120226616",
        "amenity": "hospital",
        "emergency": "yes",
        "name": "Ringerike Sykehus HF",
        "wheelchair": "yes",
        "wikidata": "Q7334859",
        "@geometry": "center"
      },
      "geometry": {
        "type": "Point",
        "coordinates": [
          10.2552972,
          60.1482001
        ]
      },
      "id": "way/120226616"
    },
    {
      "type": "Feature",
      "properties": {
        "@id": "way/120742571",
        "amenity": "nursing_home",
        "name": "Ottestad helse- og omsorgssenter",
        "start_date": "1999",
        "building": "civic",
        "ref:bygningsnr": "20034424",
        "@geometry": "center"
      },
      "geometry": {
        "type": "Point",
        "coordinates": [
          11.1170205,
          60.7768875
        ]
      },
      "id": "way/120742571"
    },
    {
      "type": "Feature",
      "properties": {
        "@id": "way/123988016",
        "amenity": "social_facility",
        "social_facility": "group_home",
        "social_facility:for": "senior",
        "building": "civic",
        "ref:bygningsnr": "158958023",
        "@geometry": "center"
      },
      "geometry": {
        "type": "Point",
        "coordinates": [
          9.6312725,
          59.6790155
        ]
      },
      "id": "way/123988016"
    },
    {
      "type": "Feature",
      "properties": {
        "@id": "way/126043249",
        "amenity": "social_facility",
        "emergency": "no",
        "name": "Moer Sykehjem",
        "social_facility": "nursing_home",
        "social_facility:for": "senior",
        "building": "civic",
        "ref:bygningsnr": "21899216",
        "@geometry": "center"
      },
      "geometry": {
        "type": "Point",
        "coordinates": [
          10.79394,
          59.656533
        ]
      },
      "id": "way/126043249"
    },
    {
      "type": "Feature",
      "properties": {
        "@id": "way/127701149",
        "amenity": "nursing_home",
        "name": "Lørenskog sykehjem",
        "social_facility": "group_home",
        "social_facility:for": "senior",
        "building": "civic",
        "ref:bygningsnr": "6856152",
        "@geometry": "center"
      },
      "geometry": {
        "type": "Point",
        "coordinates": [
          10.9594185,
          59.918314
        ]
      },
      "id": "way/127701149"
    },
    {
      "type": "Feature",
      "properties": {
        "@id": "way/127701176",
        "amenity": "nursing_home",
        "name": "Bekkelagshjemmet",
        "social_facility": "group_home",
        "social_facility:for": "senior",
        "building": "civic",
        "ref:bygningsnr": "80357370",
        "@geometry": "center"
      },
      "geometry": {
        "type": "Point",
        "coordinates": [
          10.7853508,
          59.8859951
        ]
      },
      "id": "way/127701176"
    },
    {
      "type": "Feature",
      "properties": {
        "@id": "way/129805444",
        "amenity": "nursing_home",
        "building": "civic",
        "name": "Ølve alderspensjonat",
        "operator": "Kvinnherad kommune",
        "ref:bygningsnr": "9664076",
        "@geometry": "center"
      },
      "geometry": {
        "type": "Point",
        "coordinates": [
          5.811368,
          60.0098725
        ]
      },
      "id": "way/129805444"
    },
    {
      "type": "Feature",
      "properties": {
        "@id": "way/131442039",
        "amenity": "nursing_home",
        "name": "Tromsøysund sykehjem",
        "building": "civic",
        "ref:bygningsnr": "190686132",
        "@geometry": "center"
      },
      "geometry": {
        "type": "Point",
        "coordinates": [
          18.9894292,
          69.6484217
        ]
      },
      "id": "way/131442039"
    },
    {
      "type": "Feature",
      "properties": {
        "@id": "way/131443447",
        "amenity": "nursing_home",
        "name": "Kvaløysletta sykehjem",
        "building": "civic",
        "ref:bygningsnr": "190726762",
        "@geometry": "center"
      },
      "geometry": {
        "type": "Point",
        "coordinates": [
          18.863016,
          69.6927025
        ]
      },
      "id": "way/131443447"
    },
    {
      "type": "Feature",
      "properties": {
        "@id": "way/133145335",
        "amenity": "nursing_home",
        "name": "Gullhaug bo- og behandlingshjem",
        "building": "civic",
        "ref:bygningsnr": "6724361",
        "@geometry": "center"
      },
      "geometry": {
        "type": "Point",
        "coordinates": [
          10.4951053,
          59.938964
        ]
      },
      "id": "way/133145335"
    },
    {
      "type": "Feature",
      "properties": {
        "@id": "way/133284057",
        "amenity": "social_facility",
        "name": "Solvik aldershjem",
        "social_facility": "nursing_home",
        "building": "civic",
        "ref:bygningsnr": "6672612",
        "@geometry": "center"
      },
      "geometry": {
        "type": "Point",
        "coordinates": [
          10.561065,
          59.8929725
        ]
      },
      "id": "way/133284057"
    },
    {
      "type": "Feature",
      "properties": {
        "@id": "way/134886389",
        "amenity": "nursing_home",
        "name": "Granås Sykehjem",
        "building": "civic",
        "ref:bygningsnr": "149122893",
        "@geometry": "center"
      },
      "geometry": {
        "type": "Point",
        "coordinates": [
          10.834756,
          59.640632
        ]
      },
      "id": "way/134886389"
    },
    {
      "type": "Feature",
      "properties": {
        "@id": "way/137123376",
        "amenity": "social_facility",
        "building": "civic",
        "name": "Kråkstadtunet omsorgsboliger",
        "ref:bygningsnr": "6567207",
        "social_facility": "assisted_living",
        "@geometry": "center"
      },
      "geometry": {
        "type": "Point",
        "coordinates": [
          10.8870524,
          59.6789675
        ]
      },
      "id": "way/137123376"
    },
    {
      "type": "Feature",
      "properties": {
        "@id": "way/137871967",
        "amenity": "social_facility",
        "building": "civic",
        "building:levels": "2",
        "ref:bygningsnr": "16311472",
        "@geometry": "center"
      },
      "geometry": {
        "type": "Point",
        "coordinates": [
          10.9496165,
          59.227705
        ]
      },
      "id": "way/137871967"
    },
    {
      "type": "Feature",
      "properties": {
        "@id": "way/143526382",
        "alt_name": "Det norske radiumhospital",
        "amenity": "hospital",
        "healthcare": "hospital",
        "healthcare:speciality": "oncology",
        "name": "Radiumhospitalet",
        "note": "Part of Oslo University Hospital",
        "wikidata": "Q3417050",
        "wikipedia": "en:Oslo University Hospital, Radiumhospitalet",
        "@geometry": "center"
      },
      "geometry": {
        "type": "Point",
        "coordinates": [
          10.6625828,
          59.9309528
        ]
      },
      "id": "way/143526382"
    },
    {
      "type": "Feature",
      "properties": {
        "@id": "way/152636077",
        "alt_name": "SUS",
        "amenity": "hospital",
        "emergency": "yes",
        "healthcare": "hospital",
        "name": "Stavanger Universitetssjukehus",
        "url": "http://www.helse-stavanger.no/",
        "wheelchair": "yes",
        "wikidata": "Q4580602",
        "wikipedia": "en:Stavanger University Hospital",
        "@geometry": "center"
      },
      "geometry": {
        "type": "Point",
        "coordinates": [
          5.7346352,
          58.9524066
        ]
      },
      "id": "way/152636077"
    },
    {
      "type": "Feature",
      "properties": {
        "@id": "way/157139110",
        "website": "https://www.hospitalet.no/",
        "name": "Trondhjems Hospital",
        "amenity": "nursing_home",
        "@geometry": "center"
      },
      "geometry": {
        "type": "Point",
        "coordinates": [
          10.383357,
          63.431041
        ]
      },
      "id": "way/157139110"
    },
    {
      "type": "Feature",
      "properties": {
        "@id": "way/158120577",
        "amenity": "hospital",
        "building": "hospital",
        "name": "Betanien hospital",
        "ref:bygningsnr": "164504999",
        "source": "Bing",
        "wikidata": "Q50036489",
        "@geometry": "center"
      },
      "geometry": {
        "type": "Point",
        "coordinates": [
          9.596223,
          59.209222
        ]
      },
      "id": "way/158120577"
    },
    {
      "type": "Feature",
      "properties": {
        "@id": "way/163119132",
        "amenity": "doctors",
        "building": "commercial",
        "healthcare": "doctor",
        "healthcare:service": "fastlege",
        "healthcare:speciality": "general",
        "name": "Risøyhamn legekontor",
        "ref:bygningsnr": "11383327",
        "ref:nhn": "916040555",
        "website": "https://www.risoyhamnlegekontor.no/",
        "@geometry": "center"
      },
      "geometry": {
        "type": "Point",
        "coordinates": [
          15.6457445,
          68.9754371
        ]
      },
      "id": "way/163119132"
    },
    {
      "type": "Feature",
      "properties": {
        "@id": "way/165347803",
        "amenity": "nursing_home",
        "name": "Sjursnes bo- og servicesenter",
        "@geometry": "center"
      },
      "geometry": {
        "type": "Point",
        "coordinates": [
          19.6409941,
          69.533257
        ]
      },
      "id": "way/165347803"
    },
    {
      "type": "Feature",
      "properties": {
        "@id": "way/167516904",
        "amenity": "nursing_home",
        "name": "Listaheimen",
        "building": "civic",
        "ref:bygningsnr": "168801904",
        "@geometry": "center"
      },
      "geometry": {
        "type": "Point",
        "coordinates": [
          6.6963175,
          58.096815
        ]
      },
      "id": "way/167516904"
    },
    {
      "type": "Feature",
      "properties": {
        "@id": "way/170064294",
        "amenity": "hospital",
        "building": "hospital",
        "layer": "1",
        "name": "Voss sjukehus",
        "ref:bygningsnr": "174927987",
        "wheelchair": "yes",
        "@geometry": "center"
      },
      "geometry": {
        "type": "Point",
        "coordinates": [
          6.4203787,
          60.6332149
        ]
      },
      "id": "way/170064294"
    },
    {
      "type": "Feature",
      "properties": {
        "@id": "way/178014907",
        "amenity": "social_facility",
        "social_facility": "nursing_home",
        "social_facility:for": "senior",
        "building": "civic",
        "ref:bygningsnr": "16433713",
        "@geometry": "center"
      },
      "geometry": {
        "type": "Point",
        "coordinates": [
          10.64323,
          59.8375045
        ]
      },
      "id": "way/178014907"
    },
    {
      "type": "Feature",
      "properties": {
        "@id": "way/178014908",
        "amenity": "social_facility",
        "social_facility": "nursing_home",
        "social_facility:for": "senior",
        "building": "civic",
        "ref:bygningsnr": "6610846",
        "@geometry": "center"
      },
      "geometry": {
        "type": "Point",
        "coordinates": [
          10.6423595,
          59.837588
        ]
      },
      "id": "way/178014908"
    },
    {
      "type": "Feature",
      "properties": {
        "@id": "way/179011295",
        "amenity": "nursing_home",
        "name": "Voss sjukeheim",
        "building": "civic",
        "layer": "1",
        "ref:bygningsnr": "9724664",
        "@geometry": "center"
      },
      "geometry": {
        "type": "Point",
        "coordinates": [
          6.4217734,
          60.6331945
        ]
      },
      "id": "way/179011295"
    },
    {
      "type": "Feature",
      "properties": {
        "@id": "way/181904382",
        "amenity": "nursing_home",
        "name": "Stabekktunet Bo- og Behandlingssenter",
        "building": "civic",
        "ref:bygningsnr": "16130532",
        "@geometry": "center"
      },
      "geometry": {
        "type": "Point",
        "coordinates": [
          10.6035046,
          59.9076642
        ]
      },
      "id": "way/181904382"
    },
    {
      "type": "Feature",
      "properties": {
        "@id": "way/182602336",
        "amenity": "nursing_home",
        "building": "public",
        "name": "Tysnes sykehjem",
        "@geometry": "center"
      },
      "geometry": {
        "type": "Point",
        "coordinates": [
          5.5022964,
          60.0065771
        ]
      },
      "id": "way/182602336"
    },
    {
      "type": "Feature",
      "properties": {
        "@id": "way/184481087",
        "amenity": "social_facility",
        "building": "yes",
        "social_facility": "assisted_living",
        "@geometry": "center"
      },
      "geometry": {
        "type": "Point",
        "coordinates": [
          5.5037977,
          60.0070946
        ]
      },
      "id": "way/184481087"
    },
    {
      "type": "Feature",
      "properties": {
        "@id": "way/184483076",
        "amenity": "social_facility",
        "building": "yes",
        "social_facility": "assisted_living",
        "@geometry": "center"
      },
      "geometry": {
        "type": "Point",
        "coordinates": [
          5.5014596,
          60.0064339
        ]
      },
      "id": "way/184483076"
    },
    {
      "type": "Feature",
      "properties": {
        "@id": "way/187737389",
        "amenity": "nursing_home",
        "name": "Dønski bo- og behandlingssenter",
        "ref:bygningsnr": "6680895",
        "building:levels": "6",
        "building": "civic",
        "@geometry": "center"
      },
      "geometry": {
        "type": "Point",
        "coordinates": [
          10.5044045,
          59.901934
        ]
      },
      "id": "way/187737389"
    },
    {
      "type": "Feature",
      "properties": {
        "@id": "way/188542412",
        "amenity": "nursing_home",
        "name": "Øvsttunheimen sykehjem",
        "building": "civic",
        "ref:bygningsnr": "9456910",
        "@geometry": "center"
      },
      "geometry": {
        "type": "Point",
        "coordinates": [
          5.3694565,
          60.3120465
        ]
      },
      "id": "way/188542412"
    },
    {
      "type": "Feature",
      "properties": {
        "@id": "way/188810481",
        "amenity": "doctors",
        "fixme": "Vet ikke om dette er et legekontor, men det er iallefall ikke et sykehus. Trenger navn, nettside, etc",
        "@geometry": "center"
      },
      "geometry": {
        "type": "Point",
        "coordinates": [
          28.1771454,
          70.1992059
        ]
      },
      "id": "way/188810481"
    },
    {
      "type": "Feature",
      "properties": {
        "@id": "way/190020788",
        "amenity": "nursing_home",
        "building": "civic",
        "name": "Unicare Fram",
        "old_name": "Sjømennenes helseheim",
        "ref:bygningsnr": "6688519",
        "ssr:stedsnr": "750062",
        "@geometry": "center"
      },
      "geometry": {
        "type": "Point",
        "coordinates": [
          10.476496,
          59.9342245
        ]
      },
      "id": "way/190020788"
    },
    {
      "type": "Feature",
      "properties": {
        "@id": "way/190025212",
        "name:ru": "Больница",
        "wikidata": "Q21778088",
        "amenity": "hospital",
        "building": "yes",
        "building:colour": "yellow",
        "building:levels": "2",
        "emergency": "yes",
        "healthcare": "hospital",
        "name": "Longyearbyen sykehus",
        "name:en": "Longyearbyen Hospital",
        "name:lt": "Longjyrbieno ligoninė",
        "name:se": "Longyearbyen buohcceviessu",
        "roof:shape": "gabled",
        "start_date": "1991",
        "website": "https://unn.no/longyear",
        "wheelchair": "yes",
        "@geometry": "center"
      },
      "geometry": {
        "type": "Point",
        "coordinates": [
          15.6449128,
          78.2200179
        ]
      },
      "id": "way/190025212"
    },
    {
      "type": "Feature",
      "properties": {
        "@id": "way/190335052",
        "operator": "Nesodden Kommune",
        "amenity": "nursing_home",
        "landuse": "residential",
        "name": "Nesoddtunet Sykehjem",
        "@geometry": "center"
      },
      "geometry": {
        "type": "Point",
        "coordinates": [
          10.6432136,
          59.8380473
        ]
      },
      "id": "way/190335052"
    },
    {
      "type": "Feature",
      "properties": {
        "@id": "way/191505733",
        "amenity": "nursing_home",
        "name": "Randaberg alders- og sjukeheim",
        "building": "civic",
        "ref:bygningsnr": "9275231",
        "@geometry": "center"
      },
      "geometry": {
        "type": "Point",
        "coordinates": [
          5.621343,
          59.000777
        ]
      },
      "id": "way/191505733"
    },
    {
      "type": "Feature",
      "properties": {
        "@id": "way/193032943",
        "alt_name": "Ilevollen sykehjem; Ilevollen HVS",
        "amenity": "social_facility",
        "building": "civic",
        "building:levels": "2",
        "name": "Ilevollen helse- og velferdssenter",
        "ref:bygningsnr": "10512328",
        "roof:levels": "1",
        "social_facility": "nursing_home",
        "website": "https://www.trondheim.kommune.no/ilevollen-og-ilsvika-hvsenter/",
        "@geometry": "center"
      },
      "geometry": {
        "type": "Point",
        "coordinates": [
          10.370245,
          63.4297465
        ]
      },
      "id": "way/193032943"
    },
    {
      "type": "Feature",
      "properties": {
        "@id": "way/194488536",
        "amenity": "clinic",
        "building": "clinic",
        "healthcare": "clinic",
        "name": "Sykestua",
        "ref:bygningsnr": "14022392",
        "@geometry": "center"
      },
      "geometry": {
        "type": "Point",
        "coordinates": [
          5.224777,
          60.340362
        ]
      },
      "id": "way/194488536"
    },
    {
      "type": "Feature",
      "properties": {
        "@id": "way/194926191",
        "amenity": "social_facility",
        "building": "civic",
        "name": "Daltun",
        "operator": "Måsøy Kommune",
        "ref:bygningsnr": "11690696",
        "social_facility": "group_home",
        "social_facility:for": "senior",
        "@geometry": "center"
      },
      "geometry": {
        "type": "Point",
        "coordinates": [
          24.6568538,
          70.9977994
        ]
      },
      "id": "way/194926191"
    },
    {
      "type": "Feature",
      "properties": {
        "@id": "way/194926192",
        "amenity": "social_facility",
        "building": "civic",
        "name": "Daltun",
        "operator": "Måsøy Kommune",
        "ref:bygningsnr": "11691226",
        "social_facility": "group_home",
        "social_facility:for": "senior",
        "@geometry": "center"
      },
      "geometry": {
        "type": "Point",
        "coordinates": [
          24.6577653,
          70.9974634
        ]
      },
      "id": "way/194926192"
    },
    {
      "type": "Feature",
      "properties": {
        "@id": "way/194959718",
        "amenity": "nursing_home",
        "name": "Sykestua",
        "operator": "Bergen Kommune",
        "building": "civic",
        "ref:bygningsnr": "192733928",
        "@geometry": "center"
      },
      "geometry": {
        "type": "Point",
        "coordinates": [
          24.658778,
          70.996309
        ]
      },
      "id": "way/194959718"
    },
    {
      "type": "Feature",
      "properties": {
        "@id": "way/201678118",
        "amenity": "clinic",
        "building": "hospital",
        "emergency": "yes",
        "healthcare": "clinic",
        "name": "Haugesund legevakt",
        "phone": "+47 52 80 40 00",
        "ref:bygningsnr": "18692368",
        "@geometry": "center"
      },
      "geometry": {
        "type": "Point",
        "coordinates": [
          5.2937503,
          59.4037745
        ]
      },
      "id": "way/201678118"
    },
    {
      "type": "Feature",
      "properties": {
        "@id": "way/204191589",
        "amenity": "nursing_home",
        "name": "Lørenskog sykehjem",
        "source": "Bing",
        "@geometry": "center"
      },
      "geometry": {
        "type": "Point",
        "coordinates": [
          10.9587153,
          59.9134318
        ]
      },
      "id": "way/204191589"
    },
    {
      "type": "Feature",
      "properties": {
        "@id": "way/204993286",
        "amenity": "social_facility",
        "name": "Byskogen sykehjem",
        "social_facility": "nursing_home",
        "social_facility:for": "senior",
        "building": "civic",
        "ref:bygningsnr": "8365016",
        "@geometry": "center"
      },
      "geometry": {
        "type": "Point",
        "coordinates": [
          10.036517,
          59.0534075
        ]
      },
      "id": "way/204993286"
    },
    {
      "type": "Feature",
      "properties": {
        "@id": "way/206682748",
        "amenity": "social_facility",
        "social_facility": "assisted_living/nursing_home/group_home",
        "social_facility:for": "senior",
        "building": "civic",
        "ref:bygningsnr": "187688388",
        "@geometry": "center"
      },
      "geometry": {
        "type": "Point",
        "coordinates": [
          11.9608015,
          65.678511
        ]
      },
      "id": "way/206682748"
    },
    {
      "type": "Feature",
      "properties": {
        "@id": "way/209762129",
        "amenity": "nursing_home",
        "loc_name": "Helsetunet",
        "name": "Balestrand sjukeheim",
        "building": "civic",
        "ref:bygningsnr": "9935479",
        "@geometry": "center"
      },
      "geometry": {
        "type": "Point",
        "coordinates": [
          6.5301368,
          61.204058
        ]
      },
      "id": "way/209762129"
    },
    {
      "type": "Feature",
      "properties": {
        "@id": "way/218781803",
        "amenity": "social_facility",
        "building": "warehouse",
        "ref:bygningsnr": "140108030",
        "social_facility": "group_home",
        "social_facility:for": "migrant",
        "@geometry": "center"
      },
      "geometry": {
        "type": "Point",
        "coordinates": [
          10.4616318,
          59.8621975
        ]
      },
      "id": "way/218781803"
    },
    {
      "type": "Feature",
      "properties": {
        "@id": "way/218781813",
        "amenity": "social_facility",
        "building": "residential",
        "ref:bygningsnr": "140108057",
        "social_facility": "group_home",
        "social_facility:for": "migrant",
        "@geometry": "center"
      },
      "geometry": {
        "type": "Point",
        "coordinates": [
          10.4624938,
          59.862565
        ]
      },
      "id": "way/218781813"
    },
    {
      "type": "Feature",
      "properties": {
        "@id": "way/219059422",
        "amenity": "social_facility",
        "building": "civic",
        "building:levels": "5",
        "ref:bygningsnr": "182776300;182127043",
        "social_facility": "assisted_living",
        "social_facility:for": "senior",
        "@geometry": "center"
      },
      "geometry": {
        "type": "Point",
        "coordinates": [
          10.4331445,
          63.439328
        ]
      },
      "id": "way/219059422"
    },
    {
      "type": "Feature",
      "properties": {
        "@id": "way/220664760",
        "amenity": "social_facility",
        "building": "civic",
        "ref:bygningsnr": "186525590",
        "social_facility": "nursing_home",
        "social_facility:for": "senior",
        "@geometry": "center"
      },
      "geometry": {
        "type": "Point",
        "coordinates": [
          12.298807,
          64.6282885
        ]
      },
      "id": "way/220664760"
    },
    {
      "type": "Feature",
      "properties": {
        "@id": "way/227968694",
        "amenity": "hospital",
        "healthcare": "hospital",
        "name": "Sykehuset Telemark - Notodden",
        "website": "https://www.sthf.no/steder/notodden",
        "@geometry": "center"
      },
      "geometry": {
        "type": "Point",
        "coordinates": [
          9.2556836,
          59.5663871
        ]
      },
      "id": "way/227968694"
    },
    {
      "type": "Feature",
      "properties": {
        "@id": "way/228558578",
        "amenity": "social_facility",
        "building": "civic",
        "ref:bygningsnr": "18297426",
        "social_facility": "assisted_living",
        "@geometry": "center"
      },
      "geometry": {
        "type": "Point",
        "coordinates": [
          13.7047888,
          66.8752097
        ]
      },
      "id": "way/228558578"
    },
    {
      "type": "Feature",
      "properties": {
        "@id": "way/228558579",
        "amenity": "social_facility",
        "building": "civic",
        "ref:bygningsnr": "18303582",
        "social_facility": "assisted_living",
        "@geometry": "center"
      },
      "geometry": {
        "type": "Point",
        "coordinates": [
          13.704989,
          66.8758185
        ]
      },
      "id": "way/228558579"
    },
    {
      "type": "Feature",
      "properties": {
        "@id": "way/228558603",
        "amenity": "social_facility",
        "building": "civic",
        "building:levels": "2",
        "ref:bygningsnr": "18305658",
        "social_facility": "assisted_living",
        "@geometry": "center"
      },
      "geometry": {
        "type": "Point",
        "coordinates": [
          13.704911,
          66.8755285
        ]
      },
      "id": "way/228558603"
    },
    {
      "type": "Feature",
      "properties": {
        "@id": "way/228867498",
        "amenity": "social_facility",
        "name": "Ørnes omsorgssenter",
        "social_facility": "nursing_home",
        "social_facility:for": "senior",
        "building": "civic",
        "building:levels": "1",
        "ref:bygningsnr": "11183069",
        "roof:levels": "1",
        "@geometry": "center"
      },
      "geometry": {
        "type": "Point",
        "coordinates": [
          13.7060425,
          66.874191
        ]
      },
      "id": "way/228867498"
    },
    {
      "type": "Feature",
      "properties": {
        "@id": "way/230765404",
        "amenity": "social_facility",
        "building": "civic",
        "building:levels": "4",
        "name": "Handelsstanden Eldreboliger Hasselbakken",
        "ref:bygningsnr": "182152749",
        "social_facility": "group_home",
        "social_facility:for": "senior",
        "@geometry": "center"
      },
      "geometry": {
        "type": "Point",
        "coordinates": [
          10.4943853,
          63.4367184
        ]
      },
      "id": "way/230765404"
    },
    {
      "type": "Feature",
      "properties": {
        "@id": "way/231910215",
        "amenity": "social_facility",
        "building": "civic",
        "ref:bygningsnr": "18299003",
        "social_facility": "group_home",
        "social_facility:for": "senior",
        "@geometry": "center"
      },
      "geometry": {
        "type": "Point",
        "coordinates": [
          13.5617261,
          66.7415166
        ]
      },
      "id": "way/231910215"
    },
    {
      "type": "Feature",
      "properties": {
        "@id": "way/235014690",
        "alt_name": "Bøheimen",
        "amenity": "social_facility",
        "name": "Bø helse- og sosialsenter",
        "building": "civic",
        "building:levels": "3",
        "ref:bygningsnr": "190010279",
        "@geometry": "center"
      },
      "geometry": {
        "type": "Point",
        "coordinates": [
          14.4671355,
          68.680245
        ]
      },
      "id": "way/235014690"
    },
    {
      "type": "Feature",
      "properties": {
        "@id": "way/241567291",
        "amenity": "clinic",
        "name": "Karmøy DPS",
        "@geometry": "center"
      },
      "geometry": {
        "type": "Point",
        "coordinates": [
          5.283387,
          59.2822155
        ]
      },
      "id": "way/241567291"
    },
    {
      "type": "Feature",
      "properties": {
        "@id": "way/243535054",
        "amenity": "social_facility",
        "building": "civic",
        "building:levels": "2",
        "ref:bygningsnr": "152923201",
        "social_facility": "group_home",
        "source": "Kartverket",
        "@geometry": "center"
      },
      "geometry": {
        "type": "Point",
        "coordinates": [
          11.1182694,
          60.7848888
        ]
      },
      "id": "way/243535054"
    },
    {
      "type": "Feature",
      "properties": {
        "@id": "way/243535058",
        "amenity": "social_facility",
        "building": "civic",
        "ref:bygningsnr": "7255276",
        "social_facility": "group_home",
        "@geometry": "center"
      },
      "geometry": {
        "type": "Point",
        "coordinates": [
          11.1203816,
          60.7848984
        ]
      },
      "id": "way/243535058"
    },
    {
      "type": "Feature",
      "properties": {
        "@id": "way/243535064",
        "amenity": "social_facility",
        "building": "apartments",
        "building:levels": "2",
        "ref:bygningsnr": "152923171",
        "social_facility": "group_home",
        "source": "Kartverket",
        "@geometry": "center"
      },
      "geometry": {
        "type": "Point",
        "coordinates": [
          11.1186971,
          60.7845054
        ]
      },
      "id": "way/243535064"
    },
    {
      "type": "Feature",
      "properties": {
        "@id": "way/243535066",
        "amenity": "social_facility",
        "building": "civic",
        "building:levels": "2",
        "ref:bygningsnr": "7259085",
        "social_facility": "group_home",
        "source": "Kartverket",
        "@geometry": "center"
      },
      "geometry": {
        "type": "Point",
        "coordinates": [
          11.1180288,
          60.7844887
        ]
      },
      "id": "way/243535066"
    },
    {
      "type": "Feature",
      "properties": {
        "@id": "way/243535067",
        "amenity": "social_facility",
        "building": "civic",
        "building:levels": "2",
        "ref:bygningsnr": "152921373",
        "social_facility": "group_home",
        "source": "Kartverket",
        "@geometry": "center"
      },
      "geometry": {
        "type": "Point",
        "coordinates": [
          11.116962,
          60.7849322
        ]
      },
      "id": "way/243535067"
    },
    {
      "type": "Feature",
      "properties": {
        "@id": "way/243593214",
        "wheelchair": "yes",
        "amenity": "hospital",
        "emergency": "yes",
        "healthcare": "hospital",
        "name": "Sykehuset Østfold Kalnes",
        "toilets:wheelchair": "yes",
        "@geometry": "center"
      },
      "geometry": {
        "type": "Point",
        "coordinates": [
          11.0242768,
          59.3183557
        ]
      },
      "id": "way/243593214"
    },
    {
      "type": "Feature",
      "properties": {
        "@id": "way/244633680",
        "amenity": "social_facility",
        "name": "Sentrum sykehjem",
        "social_facility": "nursing_home",
        "social_facility:for": "senior",
        "building": "civic",
        "ref:bygningsnr": "19573540",
        "@geometry": "center"
      },
      "geometry": {
        "type": "Point",
        "coordinates": [
          14.3812075,
          67.281064
        ]
      },
      "id": "way/244633680"
    },
    {
      "type": "Feature",
      "properties": {
        "@id": "way/254572865",
        "amenity": "hospital",
        "emergency": "yes",
        "name": "Sørlandet Sykehus Arendal",
        "wheelchair": "limited",
        "wikidata": "Q12004884",
        "wikipedia": "no:Sørlandet sykehus Arendal",
        "@geometry": "center"
      },
      "geometry": {
        "type": "Point",
        "coordinates": [
          8.7553499,
          58.4669645
        ]
      },
      "id": "way/254572865"
    },
    {
      "type": "Feature",
      "properties": {
        "@id": "way/258486906",
        "amenity": "social_facility",
        "building": "civic",
        "ref:bygningsnr": "20037431",
        "social_facility": "assisted_living",
        "social_facility:for": "senior",
        "source": "Kartverket",
        "@geometry": "center"
      },
      "geometry": {
        "type": "Point",
        "coordinates": [
          11.1179668,
          60.775359
        ]
      },
      "id": "way/258486906"
    },
    {
      "type": "Feature",
      "properties": {
        "@id": "way/258486907",
        "amenity": "social_facility",
        "building": "civic",
        "ref:bygningsnr": "20037342",
        "social_facility": "assisted_living",
        "social_facility:for": "senior",
        "source": "Kartverket",
        "@geometry": "center"
      },
      "geometry": {
        "type": "Point",
        "coordinates": [
          11.1180425,
          60.7759494
        ]
      },
      "id": "way/258486907"
    },
    {
      "type": "Feature",
      "properties": {
        "@id": "way/258486908",
        "amenity": "social_facility",
        "building": "civic",
        "ref:bygningsnr": "20037512",
        "social_facility": "assisted_living",
        "social_facility:for": "senior",
        "source": "Kartverket",
        "@geometry": "center"
      },
      "geometry": {
        "type": "Point",
        "coordinates": [
          11.1176015,
          60.775149
        ]
      },
      "id": "way/258486908"
    },
    {
      "type": "Feature",
      "properties": {
        "@id": "way/258486911",
        "amenity": "social_facility",
        "building": "civic",
        "ref:bygningsnr": "20037415",
        "social_facility": "assisted_living / nursing_home / group_home",
        "social_facility:for": "senior",
        "source": "Kartverket",
        "@geometry": "center"
      },
      "geometry": {
        "type": "Point",
        "coordinates": [
          11.1183417,
          60.775379
        ]
      },
      "id": "way/258486911"
    },
    {
      "type": "Feature",
      "properties": {
        "@id": "way/258486912",
        "amenity": "social_facility",
        "building": "civic",
        "ref:bygningsnr": "20037385",
        "social_facility": "assisted_living",
        "social_facility:for": "senior",
        "source": "Kartverket",
        "@geometry": "center"
      },
      "geometry": {
        "type": "Point",
        "coordinates": [
          11.1182431,
          60.775569
        ]
      },
      "id": "way/258486912"
    },
    {
      "type": "Feature",
      "properties": {
        "@id": "way/258486915",
        "amenity": "social_facility",
        "building": "civic",
        "ref:bygningsnr": "20037369",
        "social_facility": "assisted_living",
        "social_facility:for": "senior",
        "source": "Kartverket",
        "@geometry": "center"
      },
      "geometry": {
        "type": "Point",
        "coordinates": [
          11.1181428,
          60.7757592
        ]
      },
      "id": "way/258486915"
    },
    {
      "type": "Feature",
      "properties": {
        "@id": "way/258486920",
        "amenity": "social_facility",
        "building": "civic",
        "ref:bygningsnr": "20037466",
        "social_facility": "assisted_living",
        "social_facility:for": "senior",
        "source": "Kartverket",
        "@geometry": "center"
      },
      "geometry": {
        "type": "Point",
        "coordinates": [
          11.1177106,
          60.775812
        ]
      },
      "id": "way/258486920"
    },
    {
      "type": "Feature",
      "properties": {
        "@id": "way/258486921",
        "amenity": "social_facility",
        "building": "civic",
        "ref:bygningsnr": "20037474",
        "social_facility": "assisted_living",
        "social_facility:for": "senior",
        "source": "Kartverket",
        "@geometry": "center"
      },
      "geometry": {
        "type": "Point",
        "coordinates": [
          11.117905,
          60.7748152
        ]
      },
      "id": "way/258486921"
    },
    {
      "type": "Feature",
      "properties": {
        "@id": "way/258486922",
        "amenity": "social_facility",
        "building": "civic",
        "ref:bygningsnr": "20037555",
        "social_facility": "assisted_living",
        "social_facility:for": "senior",
        "source": "Kartverket",
        "@geometry": "center"
      },
      "geometry": {
        "type": "Point",
        "coordinates": [
          11.1174174,
          60.7755854
        ]
      },
      "id": "way/258486922"
    },
    {
      "type": "Feature",
      "properties": {
        "@id": "way/258486924",
        "amenity": "social_facility",
        "building": "civic",
        "ref:bygningsnr": "20037539",
        "social_facility": "assisted_living",
        "social_facility:for": "senior",
        "source": "Kartverket",
        "@geometry": "center"
      },
      "geometry": {
        "type": "Point",
        "coordinates": [
          11.1175797,
          60.7754105
        ]
      },
      "id": "way/258486924"
    },
    {
      "type": "Feature",
      "properties": {
        "@id": "way/258486926",
        "amenity": "social_facility",
        "building": "civic",
        "ref:bygningsnr": "20037490",
        "source": "Kartverket",
        "@geometry": "center"
      },
      "geometry": {
        "type": "Point",
        "coordinates": [
          11.1177631,
          60.774983
        ]
      },
      "id": "way/258486926"
    },
    {
      "type": "Feature",
      "properties": {
        "@id": "way/263711078",
        "amenity": "nursing_home",
        "name": "Vallset bo- og servicesenter",
        "@geometry": "center"
      },
      "geometry": {
        "type": "Point",
        "coordinates": [
          11.3428752,
          60.6837096
        ]
      },
      "id": "way/263711078"
    },
    {
      "type": "Feature",
      "properties": {
        "@id": "way/264622346",
        "name": "Greverud sykehjem",
        "amenity": "nursing_home",
        "@geometry": "center"
      },
      "geometry": {
        "type": "Point",
        "coordinates": [
          10.8043623,
          59.7728264
        ]
      },
      "id": "way/264622346"
    },
    {
      "type": "Feature",
      "properties": {
        "@id": "way/275491943",
        "amenity": "nursing_home",
        "name": "Løkentunet",
        "@geometry": "center"
      },
      "geometry": {
        "type": "Point",
        "coordinates": [
          11.1699437,
          59.5788167
        ]
      },
      "id": "way/275491943"
    },
    {
      "type": "Feature",
      "properties": {
        "@id": "way/280094936",
        "amenity": "nursing_home",
        "name": "Grande rekreasjonshjem",
        "@geometry": "center"
      },
      "geometry": {
        "type": "Point",
        "coordinates": [
          10.9473565,
          60.7686741
        ]
      },
      "id": "way/280094936"
    },
    {
      "type": "Feature",
      "properties": {
        "@id": "way/281771272",
        "amenity": "hospital",
        "building": "hospital",
        "name": "Nordfjord sjukehus",
        "ref:bygningsnr": "10052939",
        "wheelchair": "yes",
        "wikidata": "Q11991783",
        "@geometry": "center"
      },
      "geometry": {
        "type": "Point",
        "coordinates": [
          5.978261,
          61.9160965
        ]
      },
      "id": "way/281771272"
    },
    {
      "type": "Feature",
      "properties": {
        "@id": "way/285977691",
        "amenity": "nursing_home",
        "building": "civic",
        "ref:bygningsnr": "22422715",
        "@geometry": "center"
      },
      "geometry": {
        "type": "Point",
        "coordinates": [
          18.9807285,
          69.6866225
        ]
      },
      "id": "way/285977691"
    },
    {
      "type": "Feature",
      "properties": {
        "@id": "way/285977694",
        "amenity": "nursing_home",
        "building": "civic",
        "ref:bygningsnr": "16544965",
        "@geometry": "center"
      },
      "geometry": {
        "type": "Point",
        "coordinates": [
          18.9794845,
          69.6868705
        ]
      },
      "id": "way/285977694"
    },
    {
      "type": "Feature",
      "properties": {
        "@id": "way/285978911",
        "amenity": "nursing_home",
        "name": "Mortensnes sykehjem",
        "ref:bygningsnr": "16557641",
        "building": "civic",
        "@geometry": "center"
      },
      "geometry": {
        "type": "Point",
        "coordinates": [
          18.9368865,
          69.6813945
        ]
      },
      "id": "way/285978911"
    },
    {
      "type": "Feature",
      "properties": {
        "@id": "way/285982048",
        "amenity": "hospital",
        "building": "civic",
        "email": "firmapost@vigor.no",
        "emergency": "no",
        "healthcare": "hospital",
        "healthcare:speciality": "physiatry",
        "loc_name": "Kurbadet",
        "name": "Vigør Rehabiliteringssykehus",
        "phone": "+47 77 66 88 00",
        "ref:bygningsnr": "190639568",
        "website": "http://www.vigor.no",
        "@geometry": "center"
      },
      "geometry": {
        "type": "Point",
        "coordinates": [
          18.951258,
          69.664876
        ]
      },
      "id": "way/285982048"
    },
    {
      "type": "Feature",
      "properties": {
        "@id": "way/285982837",
        "name": "Laureng",
        "amenity": "nursing_home",
        "building": "civic",
        "building:levels": "4",
        "ref:bygningsnr": "190629066",
        "@geometry": "center"
      },
      "geometry": {
        "type": "Point",
        "coordinates": [
          18.9400959,
          69.6444406
        ]
      },
      "id": "way/285982837"
    },
    {
      "type": "Feature",
      "properties": {
        "@id": "way/286603812",
        "amenity": "social_facility",
        "name": "Vall Sykehjem",
        "operator": "Meløy kommune",
        "social_facility": "nursing_home",
        "social_facility:for": "senior",
        "website": "https://www.meloy.kommune.no/no/Virksomheter1/Helse-og-omsorg/Vare-virksomheter/Vall-omsorgssenter/",
        "building": "civic",
        "ref:bygningsnr": "11180760",
        "@geometry": "center"
      },
      "geometry": {
        "type": "Point",
        "coordinates": [
          13.501706,
          66.7994095
        ]
      },
      "id": "way/286603812"
    },
    {
      "type": "Feature",
      "properties": {
        "@id": "way/287373372",
        "amenity": "nursing_home",
        "name": "Leikanger sjukeheim",
        "operator": "Leikanger kommune",
        "building": "civic",
        "ref:bygningsnr": "9940286",
        "@geometry": "center"
      },
      "geometry": {
        "type": "Point",
        "coordinates": [
          6.85328,
          61.1864475
        ]
      },
      "id": "way/287373372"
    },
    {
      "type": "Feature",
      "properties": {
        "@id": "way/287872245",
        "amenity": "social_facility",
        "building": "civic",
        "ref:bygningsnr": "11186912",
        "social_facility": "group_home",
        "social_facility:for": "senior",
        "@geometry": "center"
      },
      "geometry": {
        "type": "Point",
        "coordinates": [
          13.5305934,
          66.7792309
        ]
      },
      "id": "way/287872245"
    },
    {
      "type": "Feature",
      "properties": {
        "@id": "way/288109824",
        "website": "https://helse-mr.no/steder/alesund-sjukehus",
        "alt_name": "Ålesund Sykehus",
        "amenity": "hospital",
        "emergency": "yes",
        "name": "Ålesund sjukehus",
        "@geometry": "center"
      },
      "geometry": {
        "type": "Point",
        "coordinates": [
          6.313317,
          62.4638315
        ]
      },
      "id": "way/288109824"
    },
    {
      "type": "Feature",
      "properties": {
        "@id": "way/288431779",
        "amenity": "nursing_home",
        "building": "yes",
        "ref:bygningsnr": "7531486",
        "@geometry": "center"
      },
      "geometry": {
        "type": "Point",
        "coordinates": [
          8.3663105,
          62.2324782
        ]
      },
      "id": "way/288431779"
    },
    {
      "type": "Feature",
      "properties": {
        "@id": "way/288431798",
        "amenity": "nursing_home",
        "building": "civic",
        "name": "Lesjaskog eldresenter",
        "ref:bygningsnr": "155920556",
        "@geometry": "center"
      },
      "geometry": {
        "type": "Point",
        "coordinates": [
          8.3644715,
          62.2325336
        ]
      },
      "id": "way/288431798"
    },
    {
      "type": "Feature",
      "properties": {
        "@id": "way/292899601",
        "amenity": "social_facility",
        "building": "civic",
        "building:levels": "3",
        "name": "Dovre trygdesenter",
        "ref:bygningsnr": "150691915",
        "social_facility": "group_home",
        "social_facility:for": "senior",
        "@geometry": "center"
      },
      "geometry": {
        "type": "Point",
        "coordinates": [
          10.9715325,
          59.9338935
        ]
      },
      "id": "way/292899601"
    },
    {
      "type": "Feature",
      "properties": {
        "@id": "way/295701916",
        "amenity": "social_facility",
        "building": "civic",
        "ref:bygningsnr": "193869610",
        "social_facility": "group_home",
        "social_facility:for": "senior",
        "@geometry": "center"
      },
      "geometry": {
        "type": "Point",
        "coordinates": [
          10.9640695,
          59.2028208
        ]
      },
      "id": "way/295701916"
    },
    {
      "type": "Feature",
      "properties": {
        "@id": "way/298835403",
        "amenity": "hospital",
        "healthcare": "hospital",
        "name": "Kleppheimen",
        "operator": "klepp kommune",
        "@geometry": "center"
      },
      "geometry": {
        "type": "Point",
        "coordinates": [
          5.6278365,
          58.7718281
        ]
      },
      "id": "way/298835403"
    },
    {
      "type": "Feature",
      "properties": {
        "@id": "way/299628774",
        "amenity": "nursing_home",
        "name": "Bryneheimen",
        "building": "civic",
        "ref:bygningsnr": "13147434",
        "@geometry": "center"
      },
      "geometry": {
        "type": "Point",
        "coordinates": [
          5.6461065,
          58.727835
        ]
      },
      "id": "way/299628774"
    },
    {
      "type": "Feature",
      "properties": {
        "@id": "way/299628776",
        "amenity": "social_facility",
        "building": "terrace",
        "ref:bygningsnr": "171743451",
        "social_facility": "group_home",
        "social_facility:for": "senior",
        "@geometry": "center"
      },
      "geometry": {
        "type": "Point",
        "coordinates": [
          5.64597,
          58.7285225
        ]
      },
      "id": "way/299628776"
    },
    {
      "type": "Feature",
      "properties": {
        "@id": "way/299843796",
        "amenity": "social_facility",
        "name": "Jæren distriktspsykiatriske senter",
        "@geometry": "center"
      },
      "geometry": {
        "type": "Point",
        "coordinates": [
          5.6443921,
          58.7284399
        ]
      },
      "id": "way/299843796"
    },
    {
      "type": "Feature",
      "properties": {
        "@id": "way/299843797",
        "amenity": "nursing_home",
        "name": "Sivdamsenteret",
        "@geometry": "center"
      },
      "geometry": {
        "type": "Point",
        "coordinates": [
          5.6561903,
          58.7365211
        ]
      },
      "id": "way/299843797"
    },
    {
      "type": "Feature",
      "properties": {
        "@id": "way/306413362",
        "amenity": "clinic",
        "building": "civic",
        "name": "Unicare Røros",
        "old_name": "LHL-klinikken Røros",
        "ref:bygningsnr": "17765051",
        "@geometry": "center"
      },
      "geometry": {
        "type": "Point",
        "coordinates": [
          11.401582,
          62.5737035
        ]
      },
      "id": "way/306413362"
    },
    {
      "type": "Feature",
      "properties": {
        "@id": "way/307332280",
        "amenity": "nursing_home",
        "name": "Omsorgstun",
        "building": "civic",
        "ref:bygningsnr": "9620311",
        "@geometry": "center"
      },
      "geometry": {
        "type": "Point",
        "coordinates": [
          5.2089106,
          59.6042536
        ]
      },
      "id": "way/307332280"
    },
    {
      "type": "Feature",
      "properties": {
        "@id": "way/307766786",
        "amenity": "clinic",
        "building": "civic",
        "name": "Egge Helsetun",
        "ref:bygningsnr": "184966557",
        "@geometry": "center"
      },
      "geometry": {
        "type": "Point",
        "coordinates": [
          11.481166,
          64.032627
        ]
      },
      "id": "way/307766786"
    },
    {
      "type": "Feature",
      "properties": {
        "@id": "way/309638040",
        "amenity": "nursing_home",
        "healthcare": "rehabilitation",
        "name": "Finsalsenteret",
        "building": "civic",
        "ref:bygningsnr": "16749664",
        "@geometry": "center"
      },
      "geometry": {
        "type": "Point",
        "coordinates": [
          11.1332873,
          60.804371
        ]
      },
      "id": "way/309638040"
    },
    {
      "type": "Feature",
      "properties": {
        "@id": "way/316354302",
        "amenity": "social_facility",
        "name": "Finstadtunet",
        "social_facility": "nursing_home",
        "building": "civic",
        "ref:bygningsnr": "300265040;148893926",
        "@geometry": "center"
      },
      "geometry": {
        "type": "Point",
        "coordinates": [
          10.841325,
          59.7078015
        ]
      },
      "id": "way/316354302"
    },
    {
      "type": "Feature",
      "properties": {
        "@id": "way/318628153",
        "amenity": "doctors",
        "building": "yes",
        "healthcare": "clinic",
        "healthcare:service": "fastlege",
        "healthcare:speciality": "general",
        "name": "Karasjok helsesenter",
        "name:se": "Kárášjoga dearvvašvuođaguovddáš",
        "ref:bygningsnr": "11708773",
        "ref:nhn": "974599457",
        "@geometry": "center"
      },
      "geometry": {
        "type": "Point",
        "coordinates": [
          25.5218023,
          69.4716973
        ]
      },
      "id": "way/318628153"
    },
    {
      "type": "Feature",
      "properties": {
        "@id": "way/319724912",
        "amenity": "social_facility",
        "building": "kindergarten",
        "description": "Mor Ravnåsen (Helene Karoline Simensen) sitt gamle hus (tidl. enn 1886) er fortsatt intakt og er i dag kjent som \"Byttestua\".",
        "name": "Mor Ravnåsen byttestue",
        "ref:bygningsnr": "81401233",
        "social_facility": "distribution",
        "@geometry": "center"
      },
      "geometry": {
        "type": "Point",
        "coordinates": [
          10.7927187,
          59.8394143
        ]
      },
      "id": "way/319724912"
    },
    {
      "type": "Feature",
      "properties": {
        "@id": "way/319796743",
        "amenity": "nursing_home",
        "name": "Sykehjemmet",
        "ssr:stedsnr": "773677",
        "ssr:type": "helseinstitusjon",
        "building": "civic",
        "building:levels": "4",
        "ref:bygningsnr": "168226004",
        "@geometry": "center"
      },
      "geometry": {
        "type": "Point",
        "coordinates": [
          7.9988165,
          58.151204
        ]
      },
      "id": "way/319796743"
    },
    {
      "type": "Feature",
      "properties": {
        "@id": "way/320102518",
        "wheelchair": "yes",
        "amenity": "social_facility",
        "building": "garage",
        "name": "Solhagan",
        "operator": "Oslo kommune, Barne- og familieetaten",
        "ref:bygningsnr": "81455759",
        "social_facility:for": "child",
        "@geometry": "center"
      },
      "geometry": {
        "type": "Point",
        "coordinates": [
          10.7258254,
          59.9548025
        ]
      },
      "id": "way/320102518"
    },
    {
      "type": "Feature",
      "properties": {
        "@id": "way/325409165",
        "amenity": "social_facility",
        "name": "Horg alders- og sykehjem",
        "social_facility": "nursing_home",
        "social_facility:for": "senior",
        "@geometry": "center"
      },
      "geometry": {
        "type": "Point",
        "coordinates": [
          10.2564935,
          63.135101
        ]
      },
      "id": "way/325409165"
    },
    {
      "type": "Feature",
      "properties": {
        "@id": "way/326450124",
        "amenity": "nursing_home",
        "name": "Solåsheimen",
        "operator": "Gjesdal Kommune",
        "building": "civic",
        "ref:bygningsnr": "9256237",
        "@geometry": "center"
      },
      "geometry": {
        "type": "Point",
        "coordinates": [
          5.866576,
          58.767709
        ]
      },
      "id": "way/326450124"
    },
    {
      "type": "Feature",
      "properties": {
        "@id": "way/327747505",
        "amenity": "social_facility",
        "building": "yes",
        "social_facility": "assisted_living",
        "@geometry": "center"
      },
      "geometry": {
        "type": "Point",
        "coordinates": [
          14.0255435,
          67.0334258
        ]
      },
      "id": "way/327747505"
    },
    {
      "type": "Feature",
      "properties": {
        "@id": "way/330844807",
        "amenity": "nursing_home",
        "name": "Lunner omsorgssenter",
        "website": "https://www.lunner.kommune.no/lunner-omsorgssenter.297915.no.html",
        "building": "civic",
        "ref:bygningsnr": "157360817",
        "@geometry": "center"
      },
      "geometry": {
        "type": "Point",
        "coordinates": [
          10.571597,
          60.2905095
        ]
      },
      "id": "way/330844807"
    },
    {
      "type": "Feature",
      "properties": {
        "@id": "way/331849056",
        "amenity": "nursing_home",
        "name": "Fjell bo- og servicesenter",
        "building": "civic",
        "ref:bygningsnr": "7784244",
        "@geometry": "center"
      },
      "geometry": {
        "type": "Point",
        "coordinates": [
          10.2250495,
          59.721594
        ]
      },
      "id": "way/331849056"
    },
    {
      "type": "Feature",
      "properties": {
        "@id": "way/333172569",
        "amenity": "social_facility",
        "name": "Skogvegen aldershjem",
        "ref:bygningsnr": "7349017",
        "social_facility": "nursing_home",
        "social_facility:for": "senior",
        "building": "civic",
        "@geometry": "center"
      },
      "geometry": {
        "type": "Point",
        "coordinates": [
          11.5732365,
          60.8800875
        ]
      },
      "id": "way/333172569"
    },
    {
      "type": "Feature",
      "properties": {
        "@id": "way/333172570",
        "amenity": "social_facility",
        "name": "Jotunhaugen sykehjem",
        "social_facility": "nursing_home",
        "social_facility:for": "senior",
        "building": "civic",
        "ref:bygningsnr": "153955352",
        "@geometry": "center"
      },
      "geometry": {
        "type": "Point",
        "coordinates": [
          11.5721975,
          60.8799955
        ]
      },
      "id": "way/333172570"
    },
    {
      "type": "Feature",
      "properties": {
        "@id": "way/337847189",
        "amenity": "doctors",
        "building": "commercial",
        "name": "Fana Helsestasjon",
        "ref:bygningsnr": "9451854",
        "wheelchair": "yes",
        "@geometry": "center"
      },
      "geometry": {
        "type": "Point",
        "coordinates": [
          5.3433352,
          60.2631837
        ]
      },
      "id": "way/337847189"
    },
    {
      "type": "Feature",
      "properties": {
        "@id": "way/338581791",
        "amenity": "doctors",
        "building": "commercial",
        "healthcare": "doctor",
        "healthcare:service": "fastlege",
        "healthcare:speciality": "general",
        "name": "Utne legekontor",
        "operator": "Ullensvang kommune",
        "ref:bygningsnr": "9694609",
        "ref:nhn": "876673142",
        "@geometry": "center"
      },
      "geometry": {
        "type": "Point",
        "coordinates": [
          6.620602,
          60.423322
        ]
      },
      "id": "way/338581791"
    },
    {
      "type": "Feature",
      "properties": {
        "@id": "way/342157998",
        "amenity": "nursing_home",
        "building": "civic",
        "name": "Nypantunet helse- og velferdssenter",
        "ref:bygningsnr": "10531209",
        "@geometry": "center"
      },
      "geometry": {
        "type": "Point",
        "coordinates": [
          10.29685,
          63.3318675
        ]
      },
      "id": "way/342157998"
    },
    {
      "type": "Feature",
      "properties": {
        "@id": "way/360063601",
        "name:ru": "Больница",
        "amenity": "hospital",
        "building": "hospital",
        "building:levels": "4",
        "healthcare": "hospital",
        "image": "https://commons.wikimedia.org/wiki/File:22_Barentsburg,Hospital.JPG",
        "name": "Hospital - Больница",
        "name:en": "Hospital",
        "name:nb": "Sykehus",
        "@geometry": "center"
      },
      "geometry": {
        "type": "Point",
        "coordinates": [
          14.2172669,
          78.0615448
        ]
      },
      "id": "way/360063601"
    },
    {
      "type": "Feature",
      "properties": {
        "@id": "way/360719741",
        "amenity": "social_facility",
        "building": "civic",
        "ref:bygningsnr": "11191797",
        "social_facility": "assisted_living",
        "@geometry": "center"
      },
      "geometry": {
        "type": "Point",
        "coordinates": [
          14.0856209,
          67.1445008
        ]
      },
      "id": "way/360719741"
    },
    {
      "type": "Feature",
      "properties": {
        "@id": "way/363606089",
        "amenity": "social_facility",
        "building": "apartments",
        "building:levels": "3",
        "name": "Nordby Eldresenter",
        "ref:bygningsnr": "21888753",
        "social_facility": "nursing_home",
        "@geometry": "center"
      },
      "geometry": {
        "type": "Point",
        "coordinates": [
          10.8014342,
          59.7189178
        ]
      },
      "id": "way/363606089"
    },
    {
      "type": "Feature",
      "properties": {
        "@id": "way/367457266",
        "amenity": "social_facility",
        "name": "Eplehagen Bofellesskap",
        "social_facility": "nursing_home",
        "@geometry": "center"
      },
      "geometry": {
        "type": "Point",
        "coordinates": [
          11.0421215,
          59.2677248
        ]
      },
      "id": "way/367457266"
    },
    {
      "type": "Feature",
      "properties": {
        "@id": "way/368759779",
        "ref:nmd": "1368",
        "buildingpart": "room",
        "phone": "+47 77615310",
        "amenity": "pharmacy",
        "branch": "Nerstranda",
        "brand": "Vitusapotek",
        "brand:wikidata": "Q17047215",
        "brand:wikipedia": "no:Vitusapotek",
        "email": "nerstranda@vitusapotek.no",
        "healthcare": "pharmacy",
        "level": "0",
        "name": "Vitusapotek Nerstranda",
        "opening_hours": "Mo-Fr 09:00-20:00, Sa 10:00-18:00",
        "@geometry": "center"
      },
      "geometry": {
        "type": "Point",
        "coordinates": [
          18.9553802,
          69.6467525
        ]
      },
      "id": "way/368759779"
    },
    {
      "type": "Feature",
      "properties": {
        "@id": "way/370849280",
        "website": "https://fredheim.org/",
        "tourism": "hotel",
        "ref:bygningsnr": "158930544",
        "name": "Fredheim Helsesenter",
        "amenity": "clinic",
        "building": "civic",
        "healthcare": "clinic",
        "heritage": "yes",
        "int_name": "Fredheim Health Center",
        "@geometry": "center"
      },
      "geometry": {
        "type": "Point",
        "coordinates": [
          9.5956768,
          59.6398539
        ]
      },
      "id": "way/370849280"
    },
    {
      "type": "Feature",
      "properties": {
        "@id": "way/371820274",
        "amenity": "social_facility",
        "name": "Metodistkirkens alders- og sykehjem",
        "social_facility": "group_home",
        "social_facility:for": "senior",
        "building": "civic",
        "ref:bygningsnr": "9419128",
        "@geometry": "center"
      },
      "geometry": {
        "type": "Point",
        "coordinates": [
          5.362479,
          60.381186
        ]
      },
      "id": "way/371820274"
    },
    {
      "type": "Feature",
      "properties": {
        "@id": "way/373508010",
        "amenity": "social_facility",
        "name": "Solborg bo- og aktiviseringssenter",
        "social_facility": "nursing_home",
        "@geometry": "center"
      },
      "geometry": {
        "type": "Point",
        "coordinates": [
          10.8653612,
          59.7249351
        ]
      },
      "id": "way/373508010"
    },
    {
      "type": "Feature",
      "properties": {
        "@id": "way/376824214",
        "amenity": "social_facility",
        "name": "Glomstua omsorgssenter",
        "operator": "Molde kommune",
        "social_facility": "nursing_home",
        "social_facility:for": "senior",
        "building": "civic",
        "ref:bygningsnr": "13427933",
        "@geometry": "center"
      },
      "geometry": {
        "type": "Point",
        "coordinates": [
          7.1295085,
          62.7395477
        ]
      },
      "id": "way/376824214"
    },
    {
      "type": "Feature",
      "properties": {
        "@id": "way/378275773",
        "social_facility:for": "senior",
        "social_facility": "group_home",
        "roof:shape": "flat",
        "ref:bygningsnr": "117839796",
        "name": "Solheims Alderpensjonat",
        "building:levels": "4",
        "building": "civic",
        "amenity": "social_facility",
        "@geometry": "center"
      },
      "geometry": {
        "type": "Point",
        "coordinates": [
          5.3387725,
          60.37404
        ]
      },
      "id": "way/378275773"
    },
    {
      "type": "Feature",
      "properties": {
        "@id": "way/378275797",
        "website": "https://helse-bergen.no/no/OmOss/Avdelinger/kronstad-dps/Sider/default.aspx",
        "amenity": "clinic",
        "building": "civic",
        "healthcare": "clinic",
        "name": "Kronstad distriktspsykiatriske senter",
        "ref:bygningsnr": "300160864",
        "@geometry": "center"
      },
      "geometry": {
        "type": "Point",
        "coordinates": [
          5.340289,
          60.375493
        ]
      },
      "id": "way/378275797"
    },
    {
      "type": "Feature",
      "properties": {
        "@id": "way/380416929",
        "amenity": "social_facility",
        "name": "Vetleflaten Omsorgsenter",
        "operator": "Voss Kommune",
        "social_facility": "group_home",
        "social_facility:for": "senior",
        "building": "civic",
        "building:levels": "2",
        "ref:bygningsnr": "18916762",
        "@geometry": "center"
      },
      "geometry": {
        "type": "Point",
        "coordinates": [
          6.4387982,
          60.6295229
        ]
      },
      "id": "way/380416929"
    },
    {
      "type": "Feature",
      "properties": {
        "@id": "way/386381518",
        "alt_name": "Presteseter sykehus",
        "amenity": "hospital",
        "name": "Reinsvoll sykehus",
        "wikidata": "Q11997499",
        "@geometry": "center"
      },
      "geometry": {
        "type": "Point",
        "coordinates": [
          10.6454269,
          60.6818958
        ]
      },
      "id": "way/386381518"
    },
    {
      "type": "Feature",
      "properties": {
        "@id": "way/390636103",
        "amenity": "nursing_home",
        "building:levels": "3",
        "height": "4",
        "name": "Sykeheimen",
        "operator": "Ulstein Kommune",
        "@geometry": "center"
      },
      "geometry": {
        "type": "Point",
        "coordinates": [
          5.8590016,
          62.337732
        ]
      },
      "id": "way/390636103"
    },
    {
      "type": "Feature",
      "properties": {
        "@id": "way/395598342",
        "amenity": "social_facility",
        "social_facility": "nursing_home",
        "social_facility:for": "senior",
        "building": "civic",
        "building:levels": "3",
        "ref:bygningsnr": "147198523",
        "@geometry": "center"
      },
      "geometry": {
        "type": "Point",
        "coordinates": [
          11.3139285,
          59.6390395
        ]
      },
      "id": "way/395598342"
    },
    {
      "type": "Feature",
      "properties": {
        "@id": "way/395598351",
        "amenity": "social_facility",
        "building": "garages",
        "ref:bygningsnr": "147198558",
        "social_facility": "nursing_home",
        "social_facility:for": "senior",
        "@geometry": "center"
      },
      "geometry": {
        "type": "Point",
        "coordinates": [
          11.314084,
          59.638646
        ]
      },
      "id": "way/395598351"
    },
    {
      "type": "Feature",
      "properties": {
        "@id": "way/395598399",
        "amenity": "social_facility",
        "name": "Trøgstadheimen bo- og servicesenter",
        "social_facility": "nursing_home",
        "social_facility:for": "senior",
        "building": "civic",
        "ref:bygningsnr": "6381545",
        "@geometry": "center"
      },
      "geometry": {
        "type": "Point",
        "coordinates": [
          11.3132565,
          59.639463
        ]
      },
      "id": "way/395598399"
    },
    {
      "type": "Feature",
      "properties": {
        "@id": "way/395599072",
        "amenity": "social_facility",
        "building": "civic",
        "ref:bygningsnr": "23065843",
        "social_facility": "nursing_home",
        "social_facility:for": "senior",
        "@geometry": "center"
      },
      "geometry": {
        "type": "Point",
        "coordinates": [
          11.3138055,
          59.638693
        ]
      },
      "id": "way/395599072"
    },
    {
      "type": "Feature",
      "properties": {
        "@id": "way/396742652",
        "name": "Nordlandsykehuset",
        "amenity": "hospital",
        "emergency": "yes",
        "healthcare": "hospital",
        "wikidata": "Q7050829",
        "wikipedia": "en:Nordland Hospital Trust",
        "@geometry": "center"
      },
      "geometry": {
        "type": "Point",
        "coordinates": [
          14.396882,
          67.2830443
        ]
      },
      "id": "way/396742652"
    },
    {
      "type": "Feature",
      "properties": {
        "@id": "way/397959960",
        "amenity": "hospital",
        "emergency": "yes",
        "name": "Stokmarknes sykehus",
        "@geometry": "center"
      },
      "geometry": {
        "type": "Point",
        "coordinates": [
          14.9102323,
          68.5599874
        ]
      },
      "id": "way/397959960"
    },
    {
      "type": "Feature",
      "properties": {
        "@id": "way/397963715",
        "amenity": "hospital",
        "emergency": "yes",
        "healthcare": "hospital",
        "name": "Drammen sykehus",
        "old_name": "Sykehuset Buskerud",
        "wheelchair": "yes",
        "wikidata": "Q11966016",
        "@geometry": "center"
      },
      "geometry": {
        "type": "Point",
        "coordinates": [
          10.1988049,
          59.7483551
        ]
      },
      "id": "way/397963715"
    },
    {
      "type": "Feature",
      "properties": {
        "@id": "way/397965575",
        "alt_name": "Elverum sykehus",
        "amenity": "hospital",
        "emergency": "yes",
        "healthcare": "hospital",
        "name": "Sykehuset Innlandet HF Elverum",
        "@geometry": "center"
      },
      "geometry": {
        "type": "Point",
        "coordinates": [
          11.5725393,
          60.8767758
        ]
      },
      "id": "way/397965575"
    },
    {
      "type": "Feature",
      "properties": {
        "@id": "way/397973286",
        "amenity": "hospital",
        "emergency": "yes",
        "name": "Sykehuset Namsos",
        "old_name": "Namdal Sykehus",
        "wikidata": "Q6962088",
        "@geometry": "center"
      },
      "geometry": {
        "type": "Point",
        "coordinates": [
          11.5048809,
          64.4706211
        ]
      },
      "id": "way/397973286"
    },
    {
      "type": "Feature",
      "properties": {
        "@id": "way/397975531",
        "name": "Sykehuset Telemark, Skien",
        "amenity": "hospital",
        "emergency": "yes",
        "@geometry": "center"
      },
      "geometry": {
        "type": "Point",
        "coordinates": [
          9.5921148,
          59.1922049
        ]
      },
      "id": "way/397975531"
    },
    {
      "type": "Feature",
      "properties": {
        "@id": "way/399244420",
        "amenity": "nursing_home",
        "name": "Beiarn sykehjem",
        "building": "civic",
        "building:levels": "2",
        "ref:bygningsnr": "188723810",
        "@geometry": "center"
      },
      "geometry": {
        "type": "Point",
        "coordinates": [
          14.597351,
          67.006193
        ]
      },
      "id": "way/399244420"
    },
    {
      "type": "Feature",
      "properties": {
        "@id": "way/401423370",
        "amenity": "hospital",
        "emergency": "yes",
        "name": "Helgelandssykehuset Mo i Rana",
        "@geometry": "center"
      },
      "geometry": {
        "type": "Point",
        "coordinates": [
          14.1857683,
          66.3259811
        ]
      },
      "id": "way/401423370"
    },
    {
      "type": "Feature",
      "properties": {
        "@id": "way/401424367",
        "amenity": "hospital",
        "emergency": "yes",
        "healthcare": "hospital",
        "name": "Hammerfest sykehus",
        "wikidata": "Q30279702",
        "@geometry": "center"
      },
      "geometry": {
        "type": "Point",
        "coordinates": [
          23.6715072,
          70.673039
        ]
      },
      "id": "way/401424367"
    },
    {
      "type": "Feature",
      "properties": {
        "@id": "way/401426859",
        "amenity": "hospital",
        "emergency": "yes",
        "healthcare": "hospital",
        "name": "Haugesund sykehus",
        "toilets:wheelchair": "yes",
        "wheelchair": "yes",
        "@geometry": "center"
      },
      "geometry": {
        "type": "Point",
        "coordinates": [
          5.2791728,
          59.4091629
        ]
      },
      "id": "way/401426859"
    },
    {
      "type": "Feature",
      "properties": {
        "@id": "way/404419369",
        "amenity": "social_facility",
        "name": "Løkentunet",
        "social_facility": "nursing_home",
        "social_facility:for": "senior",
        "building": "civic",
        "building:levels": "3",
        "ref:bygningsnr": "147343841",
        "@geometry": "center"
      },
      "geometry": {
        "type": "Point",
        "coordinates": [
          11.1706335,
          59.5788835
        ]
      },
      "id": "way/404419369"
    },
    {
      "type": "Feature",
      "properties": {
        "@id": "way/430048833",
        "amenity": "nursing_home",
        "name": "Solundheimen",
        "building": "civic",
        "ref:bygningsnr": "176808179",
        "@geometry": "center"
      },
      "geometry": {
        "type": "Point",
        "coordinates": [
          4.840405,
          61.076308
        ]
      },
      "id": "way/430048833"
    },
    {
      "type": "Feature",
      "properties": {
        "@id": "way/437020370",
        "name": "Langhus bo- og servicesenter",
        "social_facility": "nursing_home",
        "amenity": "social_facility",
        "@geometry": "center"
      },
      "geometry": {
        "type": "Point",
        "coordinates": [
          10.8426885,
          59.753691
        ]
      },
      "id": "way/437020370"
    },
    {
      "type": "Feature",
      "properties": {
        "@id": "way/439450667",
        "amenity": "social_facility",
        "building": "civic",
        "building:levels": "2",
        "ref:bygningsnr": "300010733",
        "@geometry": "center"
      },
      "geometry": {
        "type": "Point",
        "coordinates": [
          11.1866335,
          60.0256105
        ]
      },
      "id": "way/439450667"
    },
    {
      "type": "Feature",
      "properties": {
        "@id": "way/443043927",
        "amenity": "social_facility",
        "building": "civic",
        "ref:bygningsnr": "8399360",
        "roof:shape": "hipped",
        "social_facility": "group_home",
        "social_facility:for": "senior",
        "start_date": "1965-05-24..2002-08-14",
        "@geometry": "center"
      },
      "geometry": {
        "type": "Point",
        "coordinates": [
          9.9530971,
          59.400991
        ]
      },
      "id": "way/443043927"
    },
    {
      "type": "Feature",
      "properties": {
        "@id": "way/446954104",
        "amenity": "social_facility",
        "social_facility": "nursing_home",
        "social_facility:for": "senior",
        "building": "civic",
        "ref:bygningsnr": "8699232",
        "@geometry": "center"
      },
      "geometry": {
        "type": "Point",
        "coordinates": [
          9.214009,
          58.7197455
        ]
      },
      "id": "way/446954104"
    },
    {
      "type": "Feature",
      "properties": {
        "@id": "way/450228100",
        "ref:bygningsnr": "9956182",
        "amenity": "hospital",
        "building": "hospital",
        "name": "Lærdal sjukehus",
        "phone": "+4757640000",
        "@geometry": "center"
      },
      "geometry": {
        "type": "Point",
        "coordinates": [
          7.5190505,
          61.102087
        ]
      },
      "id": "way/450228100"
    },
    {
      "type": "Feature",
      "properties": {
        "@id": "way/460872920",
        "amenity": "nursing_home",
        "name": "Stranda omsorgsenter",
        "building": "civic",
        "building:levels": "2",
        "ref:bygningsnr": "20871083",
        "@geometry": "center"
      },
      "geometry": {
        "type": "Point",
        "coordinates": [
          6.9291841,
          62.308497
        ]
      },
      "id": "way/460872920"
    },
    {
      "type": "Feature",
      "properties": {
        "@id": "way/469543905",
        "amenity": "clinic",
        "building": "hospital",
        "emergency": "yes",
        "healthcare": "clinic",
        "heritage": "yes",
        "name": "Haldenklinikken",
        "ref:bygningsnr": "145045312;145045320",
        "website": "https://sykehuset-ostfold.no/steder/haldenklinikken",
        "@geometry": "center"
      },
      "geometry": {
        "type": "Point",
        "coordinates": [
          11.375585,
          59.128661
        ]
      },
      "id": "way/469543905"
    },
    {
      "type": "Feature",
      "properties": {
        "@id": "way/475113098",
        "amenity": "hospital",
        "emergency": "yes",
        "healthcare": "hospital",
        "name": "Volda Sjukehus",
        "@geometry": "center"
      },
      "geometry": {
        "type": "Point",
        "coordinates": [
          6.089968,
          62.149295
        ]
      },
      "id": "way/475113098"
    },
    {
      "type": "Feature",
      "properties": {
        "@id": "way/475521259",
        "building": "no",
        "name": "Sundheim bo- og treningssenter",
        "operator": "Sundheim",
        "owner": "Nord-Fron kommune",
        "toilets:wheelchair": "yes",
        "wheelchair": "yes",
        "amenity": "social_facility",
        "@geometry": "center"
      },
      "geometry": {
        "type": "Point",
        "coordinates": [
          9.7342494,
          61.6011387
        ]
      },
      "id": "way/475521259"
    },
    {
      "type": "Feature",
      "properties": {
        "@id": "way/480861977",
        "amenity": "doctors",
        "building": "yes",
        "healthcare": "doctor",
        "name": "Sunnfjord og Ytre Sogn interkommunale legevakt",
        "opening_hours": "24/7",
        "ref:bygningsnr": "300535078",
        "@geometry": "center"
      },
      "geometry": {
        "type": "Point",
        "coordinates": [
          5.8892365,
          61.4567231
        ]
      },
      "id": "way/480861977"
    },
    {
      "type": "Feature",
      "properties": {
        "@id": "way/480888513",
        "amenity": "nursing_home",
        "name": "Førde sjukeheim",
        "building": "yes",
        "@geometry": "center"
      },
      "geometry": {
        "type": "Point",
        "coordinates": [
          5.8585396,
          61.4544856
        ]
      },
      "id": "way/480888513"
    },
    {
      "type": "Feature",
      "properties": {
        "@id": "way/481018556",
        "amenity": "clinic",
        "building": "commercial",
        "healthcare": "clinic",
        "name": "Bremnes helsestasjon",
        "ref:bygningsnr": "173859163",
        "@geometry": "center"
      },
      "geometry": {
        "type": "Point",
        "coordinates": [
          5.1777043,
          59.7943744
        ]
      },
      "id": "way/481018556"
    },
    {
      "type": "Feature",
      "properties": {
        "@id": "way/481018559",
        "amenity": "social_facility",
        "building": "civic",
        "building:levels": "2",
        "name": "Bømlo bu- og rehabilitering",
        "ref:bygningsnr": "173859953",
        "social_facility": "nursing_home",
        "social_facility:for": "senior",
        "@geometry": "center"
      },
      "geometry": {
        "type": "Point",
        "coordinates": [
          5.1749766,
          59.7942872
        ]
      },
      "id": "way/481018559"
    },
    {
      "type": "Feature",
      "properties": {
        "@id": "way/483957963",
        "amenity": "social_facility",
        "building": "civic",
        "ref:bygningsnr": "166593573",
        "social_facility": "group_home",
        "social_facility:for": "senior",
        "@geometry": "center"
      },
      "geometry": {
        "type": "Point",
        "coordinates": [
          9.2240523,
          58.7163337
        ]
      },
      "id": "way/483957963"
    },
    {
      "type": "Feature",
      "properties": {
        "@id": "way/483957964",
        "amenity": "social_facility",
        "building": "civic",
        "ref:bygningsnr": "8707871",
        "social_facility": "group_home",
        "social_facility:for": "senior",
        "@geometry": "center"
      },
      "geometry": {
        "type": "Point",
        "coordinates": [
          9.2241069,
          58.7165141
        ]
      },
      "id": "way/483957964"
    },
    {
      "type": "Feature",
      "properties": {
        "@id": "way/484959213",
        "name": "Nordre Byre",
        "amenity": "clinic",
        "amenity_1": "doctors",
        "amenity_2": "dentists",
        "@geometry": "center"
      },
      "geometry": {
        "type": "Point",
        "coordinates": [
          9.7402419,
          61.6010804
        ]
      },
      "id": "way/484959213"
    },
    {
      "type": "Feature",
      "properties": {
        "@id": "way/492430347",
        "amenity": "nursing_home",
        "name": "Marienlyst helse- og omsorgstrikt",
        "building": "civic",
        "ref:bygningsnr": "7823002",
        "@geometry": "center"
      },
      "geometry": {
        "type": "Point",
        "coordinates": [
          10.205424,
          59.7331425
        ]
      },
      "id": "way/492430347"
    },
    {
      "type": "Feature",
      "properties": {
        "@id": "way/493422612",
        "amenity": "social_facility",
        "name": "Nygård sykehjem",
        "social_facility": "nursing_home",
        "social_facility:for": "senior",
        "building": "civic",
        "ref:bygningsnr": "162457411",
        "@geometry": "center"
      },
      "geometry": {
        "type": "Point",
        "coordinates": [
          10.1914553,
          59.139919
        ]
      },
      "id": "way/493422612"
    },
    {
      "type": "Feature",
      "properties": {
        "@id": "way/493473703",
        "amenity": "hospital",
        "healthcare": "hospital",
        "@geometry": "center"
      },
      "geometry": {
        "type": "Point",
        "coordinates": [
          10.2123559,
          59.1339459
        ]
      },
      "id": "way/493473703"
    },
    {
      "type": "Feature",
      "properties": {
        "@id": "way/493768592",
        "amenity": "social_facility",
        "building": "religious",
        "name": "Frelsesarmeen",
        "operator": "Frelsesarmeen Norge",
        "ref:bygningsnr": "162490516",
        "religion": "salva",
        "wheelchair": "yes",
        "@geometry": "center"
      },
      "geometry": {
        "type": "Point",
        "coordinates": [
          10.2186611,
          59.1332497
        ]
      },
      "id": "way/493768592"
    },
    {
      "type": "Feature",
      "properties": {
        "@id": "way/495955054",
        "amenity": "social_facility",
        "social_facility": "nursing_home",
        "social_facility:for": "senior",
        "building": "civic",
        "ref:bygningsnr": "20185724",
        "@geometry": "center"
      },
      "geometry": {
        "type": "Point",
        "coordinates": [
          10.1811545,
          59.748353
        ]
      },
      "id": "way/495955054"
    },
    {
      "type": "Feature",
      "properties": {
        "@id": "way/496274263",
        "amenity": "social_facility",
        "building": "civic",
        "name": "Hokksund rehabilitering",
        "ref:bygningsnr": "160750642",
        "social_facility": "nursing_home",
        "social_facility:for": "senior",
        "@geometry": "center"
      },
      "geometry": {
        "type": "Point",
        "coordinates": [
          9.916125,
          59.766006
        ]
      },
      "id": "way/496274263"
    },
    {
      "type": "Feature",
      "properties": {
        "@id": "way/504413190",
        "amenity": "social_facility",
        "building": "yes",
        "operator": "Inderøy Kommune",
        "social_facility": "nursing_home",
        "social_facility:for": "senior",
        "@geometry": "center"
      },
      "geometry": {
        "type": "Point",
        "coordinates": [
          11.2979674,
          63.8717191
        ]
      },
      "id": "way/504413190"
    },
    {
      "type": "Feature",
      "properties": {
        "@id": "way/509090070",
        "ref:bygningsnr": "13433615",
        "amenity": "pharmacy",
        "healthcare": "pharmacy",
        "name": "Sjukehusapoteket i Molde",
        "operator": "Sykehusapotekene Midt-Norge HF",
        "building": "civic",
        "building:levels": "1",
        "@geometry": "center"
      },
      "geometry": {
        "type": "Point",
        "coordinates": [
          7.1408253,
          62.737537
        ]
      },
      "id": "way/509090070"
    },
    {
      "type": "Feature",
      "properties": {
        "@id": "way/512382703",
        "amenity": "social_facility",
        "building": "warehouse",
        "ref:bygningsnr": "16756512",
        "social_facility": "assisted_living",
        "social_facility:for": "juvenile",
        "@geometry": "center"
      },
      "geometry": {
        "type": "Point",
        "coordinates": [
          11.0952995,
          60.8117455
        ]
      },
      "id": "way/512382703"
    },
    {
      "type": "Feature",
      "properties": {
        "@id": "way/512382704",
        "amenity": "social_facility",
        "building": "civic",
        "name": "Hedmark ungdoms- og familiesenter, avd. Vien",
        "ref:bygningsnr": "17813668",
        "social_facility": "assisted_living",
        "social_facility:for": "juvenile",
        "website": "https://www.bufdir.no/Barnevernsinstitusjoner/Hedmark_akutt/",
        "@geometry": "center"
      },
      "geometry": {
        "type": "Point",
        "coordinates": [
          11.095359,
          60.812147
        ]
      },
      "id": "way/512382704"
    },
    {
      "type": "Feature",
      "properties": {
        "@id": "way/530230269",
        "amenity": "social_facility",
        "building": "apartments",
        "building:levels": "3",
        "name": "Hålogalandsgata 131",
        "ref:bygningsnr": "300379931",
        "social_facility:for": "drug_addicted",
        "@geometry": "center"
      },
      "geometry": {
        "type": "Point",
        "coordinates": [
          14.416225,
          67.2800905
        ]
      },
      "id": "way/530230269"
    },
    {
      "type": "Feature",
      "properties": {
        "@id": "way/533145524",
        "amenity": "hospital",
        "healthcare": "hospital",
        "source": "aerial_imagery",
        "@geometry": "center"
      },
      "geometry": {
        "type": "Point",
        "coordinates": [
          10.7776568,
          62.2701416
        ]
      },
      "id": "way/533145524"
    },
    {
      "type": "Feature",
      "properties": {
        "@id": "way/533145525",
        "amenity": "hospital",
        "healthcare": "hospital",
        "name": "Tynset DPS",
        "source": "aerial_imagery;local_knowledge",
        "@geometry": "center"
      },
      "geometry": {
        "type": "Point",
        "coordinates": [
          10.776114,
          62.2696942
        ]
      },
      "id": "way/533145525"
    },
    {
      "type": "Feature",
      "properties": {
        "@id": "way/545756272",
        "alt_name": "Orkdal sykehus; Orkdal Sjukehus",
        "amenity": "hospital",
        "healthcare": "hospital",
        "name": "St. Olavs, avdeling Orkdal",
        "wikidata": "Q11994089",
        "wikipedia": "no:Orkdal Sjukehus",
        "@geometry": "center"
      },
      "geometry": {
        "type": "Point",
        "coordinates": [
          9.8453365,
          63.2923807
        ]
      },
      "id": "way/545756272"
    },
    {
      "type": "Feature",
      "properties": {
        "@id": "way/549793196",
        "amenity": "social_facility",
        "name": "Hovdejordet sykehjem",
        "social_facility": "nursing_home",
        "social_facility:for": "senior",
        "building": "civic",
        "building:levels": "3",
        "ref:bygningsnr": "19571211",
        "@geometry": "center"
      },
      "geometry": {
        "type": "Point",
        "coordinates": [
          14.41783,
          67.2849099
        ]
      },
      "id": "way/549793196"
    },
    {
      "type": "Feature",
      "properties": {
        "@id": "way/556810603",
        "wikipedia": "no:Sandviken sykehus",
        "amenity": "clinic",
        "healthcare": "clinic",
        "healthcare:speciality": "psychiatry",
        "name": "Psykiatrisk klinikk, Haukeland universitetssjukehus",
        "@geometry": "center"
      },
      "geometry": {
        "type": "Point",
        "coordinates": [
          5.3125126,
          60.4199961
        ]
      },
      "id": "way/556810603"
    },
    {
      "type": "Feature",
      "properties": {
        "@id": "way/577733490",
        "website": "https://www.sthf.no/steder/rjukan",
        "name": "Sykehuset Telemark - Rjukan",
        "amenity": "clinic",
        "@geometry": "center"
      },
      "geometry": {
        "type": "Point",
        "coordinates": [
          8.6059419,
          59.8803527
        ]
      },
      "id": "way/577733490"
    },
    {
      "type": "Feature",
      "properties": {
        "@id": "way/578785421",
        "amenity": "social_facility",
        "building": "civic",
        "ref:bygningsnr": "11171966",
        "social_facility": "assisted_living",
        "social_facility:for": "senior",
        "@geometry": "center"
      },
      "geometry": {
        "type": "Point",
        "coordinates": [
          13.1009187,
          66.5020858
        ]
      },
      "id": "way/578785421"
    },
    {
      "type": "Feature",
      "properties": {
        "@id": "way/580772200",
        "amenity": "nursing_home",
        "name": "Rødøya omsorgssenter",
        "building": "civic",
        "ref:bygningsnr": "188518753",
        "@geometry": "center"
      },
      "geometry": {
        "type": "Point",
        "coordinates": [
          13.0764307,
          66.660405
        ]
      },
      "id": "way/580772200"
    },
    {
      "type": "Feature",
      "properties": {
        "@id": "way/582199463",
        "amenity": "social_facility",
        "building": "civic",
        "building:levels": "3",
        "layer": "1",
        "ref:bygningsnr": "9991883",
        "@geometry": "center"
      },
      "geometry": {
        "type": "Point",
        "coordinates": [
          5.335556,
          61.3337535
        ]
      },
      "id": "way/582199463"
    },
    {
      "type": "Feature",
      "properties": {
        "@id": "way/582199464",
        "amenity": "social_facility",
        "building": "civic",
        "name": "Røde Kors Haugland Rehabiliteringssenter",
        "name:en": "Red Cross Haugland Rehabilitation Centre",
        "name:nb": "Røde Kors Haugland Rehabiliteringssenter",
        "ref:bygningsnr": "9988920",
        "website": "https://www.rkhr.no/",
        "@geometry": "center"
      },
      "geometry": {
        "type": "Point",
        "coordinates": [
          5.3345815,
          61.3342775
        ]
      },
      "id": "way/582199464"
    },
    {
      "type": "Feature",
      "properties": {
        "@id": "way/583040195",
        "amenity": "social_facility",
        "name": "Landås Menighet Eldresenter",
        "social_facility": "group_home",
        "social_facility:for": "senior",
        "building": "civic",
        "building:levels": "3",
        "ref:bygningsnr": "9426671",
        "@geometry": "center"
      },
      "geometry": {
        "type": "Point",
        "coordinates": [
          5.371041,
          60.363698
        ]
      },
      "id": "way/583040195"
    },
    {
      "type": "Feature",
      "properties": {
        "@id": "way/583439001",
        "amenity": "social_facility",
        "building": "civic",
        "ref:bygningsnr": "11167349",
        "social_facility": "assisted_living",
        "social_facility:for": "senior",
        "@geometry": "center"
      },
      "geometry": {
        "type": "Point",
        "coordinates": [
          13.1262667,
          66.3887455
        ]
      },
      "id": "way/583439001"
    },
    {
      "type": "Feature",
      "properties": {
        "@id": "way/584281932",
        "amenity": "clinic",
        "building": "civic",
        "healthcare": "clinic",
        "ref:bygningsnr": "14674217",
        "@geometry": "center"
      },
      "geometry": {
        "type": "Point",
        "coordinates": [
          5.409447,
          59.4146629
        ]
      },
      "id": "way/584281932"
    },
    {
      "type": "Feature",
      "properties": {
        "@id": "way/584752912",
        "amenity": "nursing_home",
        "building": "civic",
        "name": "Austmarka sykehjem",
        "ref:bygningsnr": "420646",
        "@geometry": "center"
      },
      "geometry": {
        "type": "Point",
        "coordinates": [
          12.3203771,
          60.1030273
        ]
      },
      "id": "way/584752912"
    },
    {
      "type": "Feature",
      "properties": {
        "@id": "way/591392892",
        "amenity": "social_facility",
        "image": "https://photos.app.goo.gl/7ioDAcpwBs32JyWVA",
        "name": "Nannestad sykehjem",
        "social_facility": "nursing_home",
        "social_facility:for": "senior",
        "building": "civic",
        "ref:bygningsnr": "151826865",
        "wheelchair": "yes",
        "@geometry": "center"
      },
      "geometry": {
        "type": "Point",
        "coordinates": [
          11.020256,
          60.222596
        ]
      },
      "id": "way/591392892"
    },
    {
      "type": "Feature",
      "properties": {
        "@id": "way/597009281",
        "amenity": "hospital",
        "emergency": "yes",
        "healthcare": "hospital",
        "name": "Mosjøen sykehus",
        "@geometry": "center"
      },
      "geometry": {
        "type": "Point",
        "coordinates": [
          13.2123922,
          65.8309286
        ]
      },
      "id": "way/597009281"
    },
    {
      "type": "Feature",
      "properties": {
        "@id": "way/597045411",
        "amenity": "hospital",
        "healthcare": "hospital",
        "name": "Kragerø sykehus",
        "@geometry": "center"
      },
      "geometry": {
        "type": "Point",
        "coordinates": [
          9.4056233,
          58.8793208
        ]
      },
      "id": "way/597045411"
    },
    {
      "type": "Feature",
      "properties": {
        "@id": "way/605447050",
        "amenity": "social_facility",
        "building": "kindergarten",
        "name": "Symra dagsenter",
        "ref:bygningsnr": "186994337",
        "social_facility": "day_care",
        "social_facility:for": "disabled",
        "@geometry": "center"
      },
      "geometry": {
        "type": "Point",
        "coordinates": [
          14.4263417,
          67.2908085
        ]
      },
      "id": "way/605447050"
    },
    {
      "type": "Feature",
      "properties": {
        "@id": "way/608442973",
        "amenity": "social_facility",
        "social_facility": "nursing_home",
        "social_facility:for": "senior",
        "building": "civic",
        "ref:bygningsnr": "300380013",
        "wheelchair": "yes",
        "@geometry": "center"
      },
      "geometry": {
        "type": "Point",
        "coordinates": [
          17.2970791,
          69.4454929
        ]
      },
      "id": "way/608442973"
    },
    {
      "type": "Feature",
      "properties": {
        "@id": "way/610051646",
        "amenity": "social_facility",
        "social_facility:for": "elderly",
        "name": "Vollsletta Sykehjem",
        "social_facility": "nursing_home",
        "@geometry": "center"
      },
      "geometry": {
        "type": "Point",
        "coordinates": [
          14.4379543,
          67.2932025
        ]
      },
      "id": "way/610051646"
    },
    {
      "type": "Feature",
      "properties": {
        "@id": "way/612784177",
        "email": "apotek1.andenes@apotek1.no",
        "ref:bygningsnr": "190328422",
        "ref:apotek1": "1289",
        "amenity": "pharmacy",
        "branch": "Neptun",
        "brand": "Apotek 1",
        "building": "office",
        "healthcare": "pharmacy",
        "name": "Apotek 1 Neptun",
        "opening_hours": "Mo-Fr 09:00-16:30, Sa 10:00-15:00",
        "phone": "+47 76 14 16 00",
        "@geometry": "center"
      },
      "geometry": {
        "type": "Point",
        "coordinates": [
          16.12447,
          69.320935
        ]
      },
      "id": "way/612784177"
    },
    {
      "type": "Feature",
      "properties": {
        "@id": "way/614199888",
        "amenity": "social_facility",
        "name": "Solheim senter",
        "social_facility": "nursing_home",
        "social_facility:for": "senior",
        "building": "civic",
        "ref:bygningsnr": "24613534",
        "@geometry": "center"
      },
      "geometry": {
        "type": "Point",
        "coordinates": [
          11.43839,
          59.132368
        ]
      },
      "id": "way/614199888"
    },
    {
      "type": "Feature",
      "properties": {
        "@id": "way/619731933",
        "amenity": "nursing_home",
        "name": "Furulund alders og sykehjem",
        "@geometry": "center"
      },
      "geometry": {
        "type": "Point",
        "coordinates": [
          10.623322,
          60.9518439
        ]
      },
      "id": "way/619731933"
    },
    {
      "type": "Feature",
      "properties": {
        "@id": "way/620495749",
        "amenity": "doctors",
        "building": "house",
        "healthcare": "doctor",
        "ref:bygningsnr": "7162014",
        "@geometry": "center"
      },
      "geometry": {
        "type": "Point",
        "coordinates": [
          10.9538252,
          60.876339
        ]
      },
      "id": "way/620495749"
    },
    {
      "type": "Feature",
      "properties": {
        "@id": "way/620931828",
        "amenity": "hospital",
        "healthcare": "hospital",
        "@geometry": "center"
      },
      "geometry": {
        "type": "Point",
        "coordinates": [
          12.2688621,
          61.314528
        ]
      },
      "id": "way/620931828"
    },
    {
      "type": "Feature",
      "properties": {
        "@id": "way/625369020",
        "amenity": "social_facility",
        "name": "Tednebakkane omsorgssenter",
        "social_facility": "nursing_home",
        "social_facility:for": "senior",
        "building": "civic",
        "ref:bygningsnr": "9857036",
        "@geometry": "center"
      },
      "geometry": {
        "type": "Point",
        "coordinates": [
          4.9117185,
          60.516322
        ]
      },
      "id": "way/625369020"
    },
    {
      "type": "Feature",
      "properties": {
        "@id": "way/625709461",
        "amenity": "social_facility",
        "building": "civic",
        "name": "Kvednatunet",
        "operator": "Fjell kommune",
        "ref:bygningsnr": "22578618",
        "social_facility": "nursing_home",
        "social_facility:for": "senior",
        "wheelchair": "yes",
        "@geometry": "center"
      },
      "geometry": {
        "type": "Point",
        "coordinates": [
          5.00809,
          60.4059575
        ]
      },
      "id": "way/625709461"
    },
    {
      "type": "Feature",
      "properties": {
        "@id": "way/625751300",
        "wheelchair": "yes",
        "alt_name": "Lillehammer Sykehus",
        "amenity": "hospital",
        "emergency": "yes",
        "name": "Sykehuset Innlandet HF Lillehammer",
        "phone": "06200",
        "source": "website",
        "website": "https://sykehuset-innlandet.no/omoss/avdelinger/divisjon-lillehammer/Sider/enhet.aspx",
        "@geometry": "center"
      },
      "geometry": {
        "type": "Point",
        "coordinates": [
          10.4737814,
          61.1124303
        ]
      },
      "id": "way/625751300"
    },
    {
      "type": "Feature",
      "properties": {
        "@id": "way/626365399",
        "amenity": "nursing_home",
        "name": "Asker bo- og omsorgssenter",
        "@geometry": "center"
      },
      "geometry": {
        "type": "Point",
        "coordinates": [
          10.4299079,
          59.8439748
        ]
      },
      "id": "way/626365399"
    },
    {
      "type": "Feature",
      "properties": {
        "@id": "way/626417089",
        "amenity": "social_facility",
        "name": "Inndyr sykehjem",
        "social_facility": "nursing_home",
        "@geometry": "center"
      },
      "geometry": {
        "type": "Point",
        "coordinates": [
          14.0309706,
          67.0360679
        ]
      },
      "id": "way/626417089"
    },
    {
      "type": "Feature",
      "properties": {
        "@id": "way/628554104",
        "alt_name": "Gjøvik sykehus",
        "amenity": "hospital",
        "name": "Sykehuset Innlandet HF Gjøvik",
        "@geometry": "center"
      },
      "geometry": {
        "type": "Point",
        "coordinates": [
          10.6796497,
          60.8031363
        ]
      },
      "id": "way/628554104"
    },
    {
      "type": "Feature",
      "properties": {
        "@id": "way/639316153",
        "amenity": "social_facility",
        "name": "Myrvåg Omsorgssenter",
        "social_facility": "group_home",
        "social_facility:for": "senior",
        "building": "civic",
        "ref:bygningsnr": "10182395",
        "wheelchair": "yes",
        "@geometry": "center"
      },
      "geometry": {
        "type": "Point",
        "coordinates": [
          5.7995415,
          62.2784915
        ]
      },
      "id": "way/639316153"
    },
    {
      "type": "Feature",
      "properties": {
        "@id": "way/640544349",
        "amenity": "social_facility",
        "building": "civic",
        "building:levels": "3",
        "name": "Træleborg sykehjem",
        "ref:bygningsnr": "162136836;22171453",
        "social_facility": "nursing_home",
        "social_facility:for": "senior",
        "@geometry": "center"
      },
      "geometry": {
        "type": "Point",
        "coordinates": [
          10.4231593,
          59.2653177
        ]
      },
      "id": "way/640544349"
    },
    {
      "type": "Feature",
      "properties": {
        "@id": "way/647801715",
        "amenity": "social_facility",
        "name": "Tretten Sjukeheim",
        "social_facility": "nursing_home",
        "social_facility:for": "senior",
        "@geometry": "center"
      },
      "geometry": {
        "type": "Point",
        "coordinates": [
          10.3036798,
          61.3140725
        ]
      },
      "id": "way/647801715"
    },
    {
      "type": "Feature",
      "properties": {
        "@id": "way/648891127",
        "amenity": "hospital",
        "healthcare": "hospital",
        "name": "Sykehuset i Vestfold, DPS sør",
        "@geometry": "center"
      },
      "geometry": {
        "type": "Point",
        "coordinates": [
          10.2365969,
          59.1327625
        ]
      },
      "id": "way/648891127"
    },
    {
      "type": "Feature",
      "properties": {
        "@id": "way/648893783",
        "amenity": "hospital",
        "healthcare": "hospital",
        "name": "Kjelleparken",
        "@geometry": "center"
      },
      "geometry": {
        "type": "Point",
        "coordinates": [
          10.3971351,
          59.2848968
        ]
      },
      "id": "way/648893783"
    },
    {
      "type": "Feature",
      "properties": {
        "@id": "way/649169756",
        "ref:bygningsnr": "18712075",
        "amenity": "doctors",
        "building": "office",
        "healthcare": "doctor",
        "name": "Fastleger",
        "@geometry": "center"
      },
      "geometry": {
        "type": "Point",
        "coordinates": [
          10.3616673,
          59.2643664
        ]
      },
      "id": "way/649169756"
    },
    {
      "type": "Feature",
      "properties": {
        "@id": "way/649176085",
        "amenity": "doctors",
        "building": "commercial",
        "healthcare": "doctor",
        "name": "Tjølling legekontor",
        "ref:bygningsnr": "162961845",
        "@geometry": "center"
      },
      "geometry": {
        "type": "Point",
        "coordinates": [
          10.1207148,
          59.0535962
        ]
      },
      "id": "way/649176085"
    },
    {
      "type": "Feature",
      "properties": {
        "@id": "way/649207326",
        "name": "Spesialsykehuset for epilepsi (SSE)",
        "alt_name": "Statens senter for epilepsi",
        "amenity": "hospital",
        "emergency": "no",
        "healthcare": "hospital",
        "healthcare:speciality": "neurology;epilepsy;surgery;biology;community",
        "@geometry": "center"
      },
      "geometry": {
        "type": "Point",
        "coordinates": [
          10.53787,
          59.9063881
        ]
      },
      "id": "way/649207326"
    },
    {
      "type": "Feature",
      "properties": {
        "@id": "way/649207577",
        "amenity": "hospital",
        "email": "post@siv.no",
        "emergency": "yes",
        "healthcare": "hospital",
        "name": "Sykehuset i Vestfold, Tønsberg",
        "phone": "+47 33342000",
        "website": "https://www.siv.no/",
        "wheelchair": "yes",
        "wikidata": "Q7923433",
        "wikipedia": "en:Vestfold Hospital Trust",
        "@geometry": "center"
      },
      "geometry": {
        "type": "Point",
        "coordinates": [
          10.4188638,
          59.2722477
        ]
      },
      "id": "way/649207577"
    },
    {
      "type": "Feature",
      "properties": {
        "@id": "way/649210218",
        "amenity": "hospital",
        "emergency": "no",
        "healthcare": "hospital",
        "healthcare:speciality": "psychiatry",
        "internet_access": "yes",
        "name": "Sykehuset i Vestfold, DPS nord",
        "operator": "SiV",
        "website": "https://www.siv.no/",
        "wheelchair": "yes",
        "@geometry": "center"
      },
      "geometry": {
        "type": "Point",
        "coordinates": [
          10.4242519,
          59.2553231
        ]
      },
      "id": "way/649210218"
    },
    {
      "type": "Feature",
      "properties": {
        "@id": "way/649327763",
        "amenity": "hospital",
        "healthcare": "hospital",
        "name": "Sem bo- og servicesenter",
        "@geometry": "center"
      },
      "geometry": {
        "type": "Point",
        "coordinates": [
          10.3277119,
          59.283462
        ]
      },
      "id": "way/649327763"
    },
    {
      "type": "Feature",
      "properties": {
        "@id": "way/650209240",
        "amenity": "social_facility",
        "name": "Hosters Minde bo- og servicesenter",
        "operator": "Lillehammer kommune",
        "social_facility": "nursing_home",
        "social_facility:for": "senior",
        "website": "https://www.lillehammer.kommune.no/horsters-minde-bo-og-servicesenter.424500.no.html",
        "@geometry": "center"
      },
      "geometry": {
        "type": "Point",
        "coordinates": [
          10.4665086,
          61.1105112
        ]
      },
      "id": "way/650209240"
    },
    {
      "type": "Feature",
      "properties": {
        "@id": "way/650774004",
        "name": "Lillehammer helsehus",
        "operator": "Lillehammer kommune",
        "social_facility": "nursing_home",
        "social_facility:for": "senior",
        "website": "https://www.lillehammer.kommune.no/lillehammer-helsehus.460731.no.html",
        "amenity": "social_facility",
        "@geometry": "center"
      },
      "geometry": {
        "type": "Point",
        "coordinates": [
          10.4385453,
          61.1368595
        ]
      },
      "id": "way/650774004"
    },
    {
      "type": "Feature",
      "properties": {
        "@id": "way/655913806",
        "amenity": "social_facility",
        "name": "Åslundmarka bo- og servicesenter",
        "operator": "Gjøvik kommune",
        "phone": "61158830",
        "social_facility": "nursing_home",
        "social_facility:for": "senior",
        "website": "https://www.gjovik.kommune.no/helse-og-omsorg/omsorgssentrene",
        "@geometry": "center"
      },
      "geometry": {
        "type": "Point",
        "coordinates": [
          10.6342909,
          60.7872522
        ]
      },
      "id": "way/655913806"
    },
    {
      "type": "Feature",
      "properties": {
        "@id": "way/655913813",
        "website": "https://www.gjovik.kommune.no/helse-og-omsorg/omsorgssentrene",
        "amenity": "social_facility",
        "name": "Nordbyen omsorgssenter",
        "operator": "Gjøvik kommune",
        "phone": "61158950",
        "social_facility": "nursing_home",
        "social_facility:for": "senior",
        "@geometry": "center"
      },
      "geometry": {
        "type": "Point",
        "coordinates": [
          10.6572714,
          60.7989056
        ]
      },
      "id": "way/655913813"
    },
    {
      "type": "Feature",
      "properties": {
        "@id": "way/655913846",
        "amenity": "social_facility",
        "name": "Haugtun omsorgssenter",
        "operator": "Gjøvik kommune",
        "phone": "61146900",
        "social_facility": "nursing_home",
        "social_facility:for": "senior",
        "website": "https://www.gjovik.kommune.no/helse-og-omsorg/omsorgssentrene",
        "@geometry": "center"
      },
      "geometry": {
        "type": "Point",
        "coordinates": [
          10.6867839,
          60.7928531
        ]
      },
      "id": "way/655913846"
    },
    {
      "type": "Feature",
      "properties": {
        "@id": "way/655913847",
        "name": "Sørbyen omsorgssenter",
        "operator": "Gjøvik kommune",
        "phone": "61184950",
        "social_facility": "nursing_home",
        "social_facility:for": "senior",
        "website": "https://www.gjovik.kommune.no/helse-og-omsorg/omsorgssentrene",
        "amenity": "social_facility",
        "@geometry": "center"
      },
      "geometry": {
        "type": "Point",
        "coordinates": [
          10.6811075,
          60.7734343
        ]
      },
      "id": "way/655913847"
    },
    {
      "type": "Feature",
      "properties": {
        "@id": "way/655913852",
        "name": "Snertingdal omsorgssenter",
        "operator": "Gjøvik kommune",
        "phone": "61158725",
        "social_facility": "nursing_home",
        "social_facility:for": "senior",
        "website": "https://www.gjovik.kommune.no/helse-og-omsorg/omsorgssentrene",
        "amenity": "social_facility",
        "@geometry": "center"
      },
      "geometry": {
        "type": "Point",
        "coordinates": [
          10.3860316,
          60.8817391
        ]
      },
      "id": "way/655913852"
    },
    {
      "type": "Feature",
      "properties": {
        "@id": "way/655915619",
        "amenity": "social_facility",
        "name": "Busmoen bo-og servicesenter",
        "operator": "Lillehammer kommune",
        "social_facility": "nursing_home",
        "social_facility:for": "senior",
        "website": "https://www.lillehammer.kommune.no/busmoen-bo-og-servicesenter.6011300-424497.html",
        "@geometry": "center"
      },
      "geometry": {
        "type": "Point",
        "coordinates": [
          10.4567112,
          61.1175317
        ]
      },
      "id": "way/655915619"
    },
    {
      "type": "Feature",
      "properties": {
        "@id": "way/655915620",
        "amenity": "social_facility",
        "name": "Gartnerhagen bo- og servicesenter",
        "operator": "Lillehammer kommune",
        "social_facility": "nursing_home",
        "social_facility:for": "senior",
        "website": "https://www.lillehammer.kommune.no/gartnerhagen-bo-og-servicesenter.6011311-424499.html",
        "@geometry": "center"
      },
      "geometry": {
        "type": "Point",
        "coordinates": [
          10.4555619,
          61.1236429
        ]
      },
      "id": "way/655915620"
    },
    {
      "type": "Feature",
      "properties": {
        "@id": "way/655915621",
        "amenity": "social_facility",
        "name": "Skårsetlia bo- og servicesenter",
        "operator": "Lillehammer kommune",
        "social_facility": "nursing_home",
        "social_facility:for": "senior",
        "website": "https://www.lillehammer.kommune.no/skaarsetlia-bo-og-servicesenter.6011318-424502.html",
        "@geometry": "center"
      },
      "geometry": {
        "type": "Point",
        "coordinates": [
          10.4705363,
          61.135988
        ]
      },
      "id": "way/655915621"
    },
    {
      "type": "Feature",
      "properties": {
        "@id": "way/655915622",
        "amenity": "social_facility",
        "name": "Søre Ål bo- og servicesenter",
        "operator": "Lillehammer kommune",
        "social_facility": "nursing_home",
        "social_facility:for": "senior",
        "website": "https://www.lillehammer.kommune.no/soere-al-bo-og-servicesenter.424503.no.html",
        "@geometry": "center"
      },
      "geometry": {
        "type": "Point",
        "coordinates": [
          10.4759816,
          61.0995233
        ]
      },
      "id": "way/655915622"
    },
    {
      "type": "Feature",
      "properties": {
        "@id": "way/658288027",
        "social_facility:for": "senior",
        "social_facility": "nursing_home",
        "ref:bygningsnr": "139853253",
        "building": "school",
        "amenity": "social_facility",
        "@geometry": "center"
      },
      "geometry": {
        "type": "Point",
        "coordinates": [
          5.3604815,
          60.368964
        ]
      },
      "id": "way/658288027"
    },
    {
      "type": "Feature",
      "properties": {
        "@id": "way/660013766",
        "amenity": "doctors",
        "building": "commercial",
        "healthcare": "doctor",
        "healthcare:service": "fastlege",
        "healthcare:speciality": "general",
        "name": "Tau legesenter",
        "ref:bygningsnr": "172135862",
        "ref:nhn": "980924122",
        "@geometry": "center"
      },
      "geometry": {
        "type": "Point",
        "coordinates": [
          5.913395,
          59.06515
        ]
      },
      "id": "way/660013766"
    },
    {
      "type": "Feature",
      "properties": {
        "@id": "way/661360269",
        "amenity": "pharmacy",
        "branch": "Oslo lufthavn",
        "brand": "Apotek 1",
        "email": "apotek1.oslolufthavn@apotek1.no",
        "indoor": "room",
        "level": "0",
        "name": "Apotek 1 Oslo lufthavn",
        "opening_hours": "Mo-Fr 09:00-16:00, Su 12:00-18:00",
        "phone": "+47 63980020",
        "ref:apotek1": "1209",
        "@geometry": "center"
      },
      "geometry": {
        "type": "Point",
        "coordinates": [
          11.0984411,
          60.193875
        ]
      },
      "id": "way/661360269"
    },
    {
      "type": "Feature",
      "properties": {
        "@id": "way/663284576",
        "amenity": "social_facility",
        "social_facility": "nursing_home",
        "social_facility:for": "senior",
        "building": "civic",
        "ref:bygningsnr": "300503132",
        "@geometry": "center"
      },
      "geometry": {
        "type": "Point",
        "coordinates": [
          9.634609,
          59.146246
        ]
      },
      "id": "way/663284576"
    },
    {
      "type": "Feature",
      "properties": {
        "@id": "way/668277250",
        "alt_name": "Larvik Sykehus",
        "amenity": "hospital",
        "healthcare": "hospital",
        "name": "Sykehuset i Vestfold, Larvik",
        "@geometry": "center"
      },
      "geometry": {
        "type": "Point",
        "coordinates": [
          10.0354146,
          59.0531791
        ]
      },
      "id": "way/668277250"
    },
    {
      "type": "Feature",
      "properties": {
        "@id": "way/668281464",
        "amenity": "hospital",
        "healthcare": "hospital",
        "name": "Sykehuset i Vestfold, DPS sør",
        "@geometry": "center"
      },
      "geometry": {
        "type": "Point",
        "coordinates": [
          10.041187,
          59.0505936
        ]
      },
      "id": "way/668281464"
    },
    {
      "type": "Feature",
      "properties": {
        "@id": "way/668283278",
        "amenity": "hospital",
        "healthcare": "hospital",
        "name": "Nøtterøy helsesenter",
        "@geometry": "center"
      },
      "geometry": {
        "type": "Point",
        "coordinates": [
          10.3968235,
          59.2404296
        ]
      },
      "id": "way/668283278"
    },
    {
      "type": "Feature",
      "properties": {
        "@id": "way/669241148",
        "amenity": "hospital",
        "healthcare": "hospital",
        "name": "Sykehuset i Vestfold, Granli",
        "@geometry": "center"
      },
      "geometry": {
        "type": "Point",
        "coordinates": [
          10.3040327,
          59.2912197
        ]
      },
      "id": "way/669241148"
    },
    {
      "type": "Feature",
      "properties": {
        "@id": "way/669243228",
        "amenity": "hospital",
        "healthcare": "hospital",
        "name": "Smidsrød helsehus",
        "@geometry": "center"
      },
      "geometry": {
        "type": "Point",
        "coordinates": [
          10.4247416,
          59.238036
        ]
      },
      "id": "way/669243228"
    },
    {
      "type": "Feature",
      "properties": {
        "@id": "way/670301662",
        "amenity": "hospital",
        "healthcare": "hospital",
        "healthcare:speciality": "general",
        "name": "Bjønnessåsen sykehjem",
        "@geometry": "center"
      },
      "geometry": {
        "type": "Point",
        "coordinates": [
          10.4268629,
          59.2145251
        ]
      },
      "id": "way/670301662"
    },
    {
      "type": "Feature",
      "properties": {
        "@id": "way/670449780",
        "amenity": "social_facility",
        "name": "Sørreisa sykehjem",
        "operator": "Sørreisa kommune",
        "social_facility": "nursing_home",
        "building": "civic",
        "ref:bygningsnr": "12809050",
        "@geometry": "center"
      },
      "geometry": {
        "type": "Point",
        "coordinates": [
          18.154146,
          69.1472155
        ]
      },
      "id": "way/670449780"
    },
    {
      "type": "Feature",
      "properties": {
        "@id": "way/670889000",
        "amenity": "social_facility",
        "name": "Skånland sykehjem",
        "social_facility": "nursing_home",
        "social_facility:for": "senior",
        "building": "civic",
        "ref:bygningsnr": "117947629",
        "wheelchair": "yes",
        "@geometry": "center"
      },
      "geometry": {
        "type": "Point",
        "coordinates": [
          16.5777265,
          68.5860935
        ]
      },
      "id": "way/670889000"
    },
    {
      "type": "Feature",
      "properties": {
        "@id": "way/678140689",
        "amenity": "social_facility",
        "name": "Bråvolltunet",
        "operator": "Ullensvang kommune",
        "operator:type": "government",
        "social_facility": "nursing_home",
        "social_facility:for": "senior",
        "building": "civic",
        "ref:bygningsnr": "9694021",
        "wheelchair": "yes",
        "@geometry": "center"
      },
      "geometry": {
        "type": "Point",
        "coordinates": [
          6.7277029,
          60.3757564
        ]
      },
      "id": "way/678140689"
    },
    {
      "type": "Feature",
      "properties": {
        "@id": "way/682247055",
        "amenity": "social_facility",
        "building": "civic",
        "building:levels": "3",
        "name": "Dragvoll helse- og velferdssenter",
        "ref:bygningsnr": "300297877",
        "social_facility": "nursing_home",
        "social_facility:for": "senior",
        "@geometry": "center"
      },
      "geometry": {
        "type": "Point",
        "coordinates": [
          10.4673448,
          63.4115879
        ]
      },
      "id": "way/682247055"
    },
    {
      "type": "Feature",
      "properties": {
        "@id": "way/682379068",
        "social_facility:for": "senior",
        "amenity": "social_facility",
        "building": "civic",
        "building:levels": "2",
        "ref:bygningsnr": "21586714",
        "social_facility": "nursing_home",
        "@geometry": "center"
      },
      "geometry": {
        "type": "Point",
        "coordinates": [
          9.551974,
          60.823384
        ]
      },
      "id": "way/682379068"
    },
    {
      "type": "Feature",
      "properties": {
        "@id": "way/683917442",
        "amenity": "hospital",
        "emergency": "yes",
        "healthcare": "hospital",
        "name": "Molde sjukehus",
        "operator": "Helse Møre og Romsdal HF",
        "phone": "+4771120000",
        "wikidata": "Q19381798",
        "@geometry": "center"
      },
      "geometry": {
        "type": "Point",
        "coordinates": [
          7.1374985,
          62.7369464
        ]
      },
      "id": "way/683917442"
    },
    {
      "type": "Feature",
      "properties": {
        "@id": "way/685253802",
        "amenity": "social_facility",
        "name": "Sokna Omsorgssenter",
        "social_facility": "group_home",
        "social_facility:for": "senior",
        "building": "civic",
        "ref:bygningsnr": "159206769",
        "wheelchair": "yes",
        "@geometry": "center"
      },
      "geometry": {
        "type": "Point",
        "coordinates": [
          9.9333664,
          60.2507151
        ]
      },
      "id": "way/685253802"
    },
    {
      "type": "Feature",
      "properties": {
        "@id": "way/685253803",
        "amenity": "social_facility",
        "building": "civic",
        "building:levels": "2",
        "name": "Soknatunet Aktivitetssenter",
        "ref:bygningsnr": "159148904",
        "social_facility": "assisted_living",
        "social_facility:for": "senior",
        "wheelchair": "yes",
        "@geometry": "center"
      },
      "geometry": {
        "type": "Point",
        "coordinates": [
          9.9300232,
          60.2405478
        ]
      },
      "id": "way/685253803"
    },
    {
      "type": "Feature",
      "properties": {
        "@id": "way/686455570",
        "wheelchair": "no",
        "name": "Sykehuset Østfold Moss",
        "healthcare": "hospital",
        "amenity": "hospital",
        "@geometry": "center"
      },
      "geometry": {
        "type": "Point",
        "coordinates": [
          10.6963356,
          59.4473142
        ]
      },
      "id": "way/686455570"
    },
    {
      "type": "Feature",
      "properties": {
        "@id": "way/686919148",
        "amenity": "pharmacy",
        "branch": "Trondheim torg",
        "brand": "Vitusapotek",
        "brand:wikidata": "Q17047215",
        "email": "trondheimtorg@vitusapotek.no",
        "healthcare": "pharmacy",
        "indoor": "room",
        "level": "0",
        "name": "Vitusapotek Trondheim torg",
        "opening_hours": "Mo-Fr 09:00-20:00, Sa 09:00-18:00",
        "phone": "+47 73807900",
        "ref:nmd": "1381",
        "wheelchair": "yes",
        "@geometry": "center"
      },
      "geometry": {
        "type": "Point",
        "coordinates": [
          10.3927734,
          63.4301799
        ]
      },
      "id": "way/686919148"
    },
    {
      "type": "Feature",
      "properties": {
        "@id": "way/697288024",
        "amenity": "social_facility",
        "social_facility": "nursing_home",
        "@geometry": "center"
      },
      "geometry": {
        "type": "Point",
        "coordinates": [
          14.5715157,
          67.2891182
        ]
      },
      "id": "way/697288024"
    },
    {
      "type": "Feature",
      "properties": {
        "@id": "way/697555594",
        "amenity": "social_facility",
        "building": "civic",
        "building:levels": "3",
        "ref:bygningsnr": "4815157",
        "social_facility": "nursing_home",
        "social_facility:for": "senior",
        "@geometry": "center"
      },
      "geometry": {
        "type": "Point",
        "coordinates": [
          5.691601,
          58.9791555
        ]
      },
      "id": "way/697555594"
    },
    {
      "type": "Feature",
      "properties": {
        "@id": "way/697572261",
        "amenity": "social_facility",
        "building": "civic",
        "name": "Soknedal Eldrehjem",
        "ref:bygningsnr": "184393204",
        "social_facility": "nursing_home",
        "social_facility:for": "senior",
        "@geometry": "center"
      },
      "geometry": {
        "type": "Point",
        "coordinates": [
          10.1877574,
          62.9515095
        ]
      },
      "id": "way/697572261"
    },
    {
      "type": "Feature",
      "properties": {
        "@id": "way/700428887",
        "amenity": "social_facility",
        "name": "Hvalsmoen Transittmottak",
        "phone": "+47 46548039",
        "website": "https://www.folkehjelp.no/Vaart-arbeid/Flyktning-og-inkludering/Asylmottak/Haslemoen-transittmottak",
        "@geometry": "center"
      },
      "geometry": {
        "type": "Point",
        "coordinates": [
          10.3018805,
          60.1891931
        ]
      },
      "id": "way/700428887"
    },
    {
      "type": "Feature",
      "properties": {
        "@id": "way/706196766",
        "amenity": "social_facility",
        "social_facility": "nursing_home",
        "social_facility:for": "senior",
        "building": "civic",
        "building:levels": "3",
        "ref:bygningsnr": "300260213",
        "@geometry": "center"
      },
      "geometry": {
        "type": "Point",
        "coordinates": [
          11.0928742,
          59.2918315
        ]
      },
      "id": "way/706196766"
    },
    {
      "type": "Feature",
      "properties": {
        "@id": "way/706925739",
        "amenity": "social_facility",
        "name": "Rauma sjukeheim",
        "social_facility": "nursing_home",
        "@geometry": "center"
      },
      "geometry": {
        "type": "Point",
        "coordinates": [
          7.7845176,
          62.5821721
        ]
      },
      "id": "way/706925739"
    },
    {
      "type": "Feature",
      "properties": {
        "@id": "way/712706319",
        "amenity": "social_facility",
        "name": "Solberglia sykehjem",
        "operator": "Drammen kommune",
        "social_facility": "nursing_home",
        "social_facility:for": "senior",
        "building": "civic",
        "ref:bygningsnr": "193244890",
        "@geometry": "center"
      },
      "geometry": {
        "type": "Point",
        "coordinates": [
          10.0500415,
          59.760835
        ]
      },
      "id": "way/712706319"
    },
    {
      "type": "Feature",
      "properties": {
        "@id": "way/717947818",
        "opening_hours": "Mo-Fr 10:00-20:00, Sa 10:00-18:00",
        "amenity": "pharmacy",
        "branch": "Holmlia",
        "brand": "Apotek 1",
        "brand:wikidata": "Q4581428",
        "brand:wikipedia": "no:Apotek 1",
        "email": "apotek1.holmlia@apotek1.no",
        "healthcare": "pharmacy",
        "indoor": "room",
        "level": "1",
        "name": "Apotek 1 Holmlia",
        "phone": "+47 22 75 05 05",
        "ref:apotek1": "1455",
        "start_date": "2021-11-12",
        "@geometry": "center"
      },
      "geometry": {
        "type": "Point",
        "coordinates": [
          10.7952077,
          59.8344323
        ]
      },
      "id": "way/717947818"
    },
    {
      "type": "Feature",
      "properties": {
        "@id": "way/719309917",
        "amenity": "social_facility",
        "building": "civic",
        "name": "Hjemmesykepleien Nord 3 Sentrum",
        "operator": "Asker Kommune",
        "operator:type": "government",
        "ref:bygningsnr": "149851887",
        "social_facility": "nursing_home",
        "social_facility:for": "senior",
        "wheelchair": "yes",
        "@geometry": "center"
      },
      "geometry": {
        "type": "Point",
        "coordinates": [
          10.4483,
          59.848986
        ]
      },
      "id": "way/719309917"
    },
    {
      "type": "Feature",
      "properties": {
        "@id": "way/720330856",
        "amenity": "social_facility",
        "name": "Tislegård Bo- og behandlingssenter",
        "social_facility": "nursing_home",
        "social_facility:for": "senior",
        "building": "civic",
        "ref:bygningsnr": "20160632",
        "@geometry": "center"
      },
      "geometry": {
        "type": "Point",
        "coordinates": [
          9.6552569,
          59.6614359
        ]
      },
      "id": "way/720330856"
    },
    {
      "type": "Feature",
      "properties": {
        "@id": "way/722475904",
        "amenity": "social_facility",
        "name": "Stavanger Sanitetsforening Bo- og aktivitetssenter",
        "number_of_apartments": "21",
        "phone": "+47 51 87 01 10",
        "social_facility": "nursing_home",
        "website": "https://www.stavanger-sanitetsforening.no/",
        "@geometry": "center"
      },
      "geometry": {
        "type": "Point",
        "coordinates": [
          5.7049341,
          58.9498353
        ]
      },
      "id": "way/722475904"
    },
    {
      "type": "Feature",
      "properties": {
        "@id": "way/728251166",
        "amenity": "social_facility",
        "building": "civic",
        "name": "Løkentunet",
        "ref:bygningsnr": "300590779",
        "social_facility": "nursing_home",
        "social_facility:for": "senior",
        "@geometry": "center"
      },
      "geometry": {
        "type": "Point",
        "coordinates": [
          11.1686696,
          59.5792306
        ]
      },
      "id": "way/728251166"
    },
    {
      "type": "Feature",
      "properties": {
        "@id": "way/737371583",
        "amenity": "doctors",
        "healthcare": "doctor",
        "building": "civic",
        "ref:bygningsnr": "4692225",
        "@geometry": "center"
      },
      "geometry": {
        "type": "Point",
        "coordinates": [
          5.721968,
          58.9210215
        ]
      },
      "id": "way/737371583"
    },
    {
      "type": "Feature",
      "properties": {
        "@id": "way/739126499",
        "amenity": "social_facility",
        "name": "Naustdal alders- og sjukeheim",
        "social_facility": "nursing_home",
        "social_facility:for": "senior",
        "building": "civic",
        "ref:bygningsnr": "15867329",
        "@geometry": "center"
      },
      "geometry": {
        "type": "Point",
        "coordinates": [
          5.7262975,
          61.515064
        ]
      },
      "id": "way/739126499"
    },
    {
      "type": "Feature",
      "properties": {
        "@id": "way/751244264",
        "amenity": "hospital",
        "@geometry": "center"
      },
      "geometry": {
        "type": "Point",
        "coordinates": [
          10.5547835,
          61.0278031
        ]
      },
      "id": "way/751244264"
    },
    {
      "type": "Feature",
      "properties": {
        "@id": "way/751244265",
        "amenity": "nursing_home",
        "name": "Brøttum aldershjem",
        "social_facility": "assisted_living",
        "@geometry": "center"
      },
      "geometry": {
        "type": "Point",
        "coordinates": [
          10.5561327,
          61.0273224
        ]
      },
      "id": "way/751244265"
    },
    {
      "type": "Feature",
      "properties": {
        "@id": "way/751406681",
        "amenity": "hospital",
        "healthcare": "hospital",
        "name": "Træleborg sykehjem",
        "@geometry": "center"
      },
      "geometry": {
        "type": "Point",
        "coordinates": [
          10.4232462,
          59.2653658
        ]
      },
      "id": "way/751406681"
    },
    {
      "type": "Feature",
      "properties": {
        "@id": "way/751406682",
        "amenity": "hospital",
        "healthcare": "hospital",
        "name": "Hjemmetjeneste sentral",
        "@geometry": "center"
      },
      "geometry": {
        "type": "Point",
        "coordinates": [
          10.4237129,
          59.2662718
        ]
      },
      "id": "way/751406682"
    },
    {
      "type": "Feature",
      "properties": {
        "@id": "way/754919296",
        "amenity": "social_facility",
        "social_facility": "nursing_home",
        "social_facility:for": "senior",
        "building": "civic",
        "ref:bygningsnr": "154907890",
        "wheelchair": "yes",
        "@geometry": "center"
      },
      "geometry": {
        "type": "Point",
        "coordinates": [
          10.999076,
          62.4050541
        ]
      },
      "id": "way/754919296"
    },
    {
      "type": "Feature",
      "properties": {
        "@id": "way/758522583",
        "social_facility": "nursing_home",
        "amenity": "social_facility",
        "@geometry": "center"
      },
      "geometry": {
        "type": "Point",
        "coordinates": [
          8.2587268,
          61.8886086
        ]
      },
      "id": "way/758522583"
    },
    {
      "type": "Feature",
      "properties": {
        "@id": "way/759503546",
        "amenity": "social_facility",
        "building": "civic",
        "name": "Halsen Sykehjem",
        "ref:bygningsnr": "10839343",
        "social_facility": "nursing_home",
        "social_facility:for": "senior",
        "wheelchair": "yes",
        "@geometry": "center"
      },
      "geometry": {
        "type": "Point",
        "coordinates": [
          10.940032,
          63.4695658
        ]
      },
      "id": "way/759503546"
    },
    {
      "type": "Feature",
      "properties": {
        "@id": "way/760199611",
        "amenity": "social_facility",
        "name": "Bergsodden sykehjem",
        "social_facility": "nursing_home",
        "social_facility:for": "senior",
        "building": "civic",
        "ref:bygningsnr": "300489469",
        "@geometry": "center"
      },
      "geometry": {
        "type": "Point",
        "coordinates": [
          16.524008,
          68.8202765
        ]
      },
      "id": "way/760199611"
    },
    {
      "type": "Feature",
      "properties": {
        "@id": "way/766065353",
        "amenity": "social_facility",
        "name": "Sundheim bo- og treningssenter",
        "social_facility": "group_home",
        "social_facility:for": "senior",
        "building": "civic",
        "ref:bygningsnr": "7559909",
        "toilets:wheelchair": "yes",
        "wheelchair": "yes",
        "@geometry": "center"
      },
      "geometry": {
        "type": "Point",
        "coordinates": [
          9.734721,
          61.6010615
        ]
      },
      "id": "way/766065353"
    },
    {
      "type": "Feature",
      "properties": {
        "@id": "way/767931007",
        "wikidata": "Q19378208",
        "amenity": "hospital",
        "building": "hospital",
        "emergency": "yes",
        "healthcare": "hospital",
        "name": "Kristiansund sykehus",
        "ref:bygningsnr": "117877248",
        "@geometry": "center"
      },
      "geometry": {
        "type": "Point",
        "coordinates": [
          7.7244025,
          63.10832
        ]
      },
      "id": "way/767931007"
    },
    {
      "type": "Feature",
      "properties": {
        "@id": "way/768874641",
        "name": "Rokilde sykehjem",
        "amenity": "social_facility",
        "building": "civic",
        "building:levels": "5",
        "ref:bygningsnr": "10103398",
        "social_facility": "nursing_home",
        "social_facility:for": "senior",
        "@geometry": "center"
      },
      "geometry": {
        "type": "Point",
        "coordinates": [
          7.7161325,
          63.1128215
        ]
      },
      "id": "way/768874641"
    },
    {
      "type": "Feature",
      "properties": {
        "@id": "way/769061601",
        "amenity": "social_facility",
        "building": "civic",
        "building:levels": "6",
        "name": "Barmanhaugen",
        "ref:bygningsnr": "12593902",
        "social_facility": "nursing_home",
        "social_facility:for": "senior",
        "@geometry": "center"
      },
      "geometry": {
        "type": "Point",
        "coordinates": [
          7.725834,
          63.1101058
        ]
      },
      "id": "way/769061601"
    },
    {
      "type": "Feature",
      "properties": {
        "@id": "way/769649008",
        "wikipedia": "no:Martina Hansens Hospital",
        "amenity": "hospital",
        "emergency": "no",
        "healthcare": "hospital",
        "name": "Martina Hansens hospital",
        "note": "Dette ser ut som et separat sykehus inne på området til det andre sykehuset",
        "phone": "+47 06780",
        "website": "https://martinahansen.no/",
        "@geometry": "center"
      },
      "geometry": {
        "type": "Point",
        "coordinates": [
          10.5078596,
          59.8979236
        ]
      },
      "id": "way/769649008"
    },
    {
      "type": "Feature",
      "properties": {
        "@id": "way/790510656",
        "amenity": "social_facility",
        "name": "Gimle Sykehjem",
        "social_facility": "nursing_home",
        "@geometry": "center"
      },
      "geometry": {
        "type": "Point",
        "coordinates": [
          10.677403,
          60.6655896
        ]
      },
      "id": "way/790510656"
    },
    {
      "type": "Feature",
      "properties": {
        "@id": "way/792269423",
        "amenity": "social_facility",
        "building": "civic",
        "ref:bygningsnr": "10677440",
        "social_facility": "group_home",
        "social_facility:for": "senior",
        "@geometry": "center"
      },
      "geometry": {
        "type": "Point",
        "coordinates": [
          9.840149,
          62.877551
        ]
      },
      "id": "way/792269423"
    },
    {
      "type": "Feature",
      "properties": {
        "@id": "way/793790365",
        "amenity": "hospital",
        "healthcare": "hospital",
        "name": "Alta helsesenter",
        "name:en": "Alta Health Centre",
        "opening_hours": "Mo-Fr 08:00-15:30",
        "operator": "Finnmarkssykehuset",
        "phone": "+47 78 48 39 00",
        "website": "https://finnmarkssykehuset.no/steder/alta-helsesenter",
        "@geometry": "center"
      },
      "geometry": {
        "type": "Point",
        "coordinates": [
          23.2766283,
          69.9683692
        ]
      },
      "id": "way/793790365"
    },
    {
      "type": "Feature",
      "properties": {
        "@id": "way/803108298",
        "amenity": "social_facility",
        "name": "Utne sjukeheim",
        "operator": "Ullensvang kommune",
        "operator:type": "public/government",
        "social_facility": "nursing_home",
        "social_facility:for": "senior",
        "building": "civic",
        "layer": "1",
        "ref:bygningsnr": "174673829",
        "wheelchair": "yes",
        "@geometry": "center"
      },
      "geometry": {
        "type": "Point",
        "coordinates": [
          6.616484,
          60.425162
        ]
      },
      "id": "way/803108298"
    },
    {
      "type": "Feature",
      "properties": {
        "@id": "way/803256299",
        "website": "http://www.alfabehandling.no/",
        "amenity": "social_facility",
        "building": "civic",
        "description": "alcohol,drugs,gaming",
        "name": "Alfa kurs- og behandlingssenter",
        "ref:bygningsnr": "8269823",
        "social_facility:for": "drug_addicted",
        "@geometry": "center"
      },
      "geometry": {
        "type": "Point",
        "coordinates": [
          10.0649738,
          59.3235205
        ]
      },
      "id": "way/803256299"
    },
    {
      "type": "Feature",
      "properties": {
        "@id": "way/816096885",
        "amenity": "social_facility",
        "name": "Solgården bo- og omsorgssenter",
        "operator": "Asker Kommune",
        "operator:type": "government",
        "phone": "+4766909988",
        "social_facility": "nursing_home",
        "social_facility:for": "senior",
        "building": "civic",
        "ref:bygningsnr": "6761984",
        "wheelchair": "yes",
        "@geometry": "center"
      },
      "geometry": {
        "type": "Point",
        "coordinates": [
          10.4448785,
          59.8482828
        ]
      },
      "id": "way/816096885"
    },
    {
      "type": "Feature",
      "properties": {
        "@id": "way/827513943",
        "amenity": "doctors",
        "building": "civic",
        "healthcare": "doctor",
        "ref:bygningsnr": "156168041",
        "@geometry": "center"
      },
      "geometry": {
        "type": "Point",
        "coordinates": [
          9.7402884,
          61.6004915
        ]
      },
      "id": "way/827513943"
    },
    {
      "type": "Feature",
      "properties": {
        "@id": "way/827513945",
        "amenity": "doctors",
        "building": "civic",
        "healthcare": "doctor",
        "ref:bygningsnr": "156168033",
        "@geometry": "center"
      },
      "geometry": {
        "type": "Point",
        "coordinates": [
          9.7402887,
          61.6007081
        ]
      },
      "id": "way/827513945"
    },
    {
      "type": "Feature",
      "properties": {
        "@id": "way/832999451",
        "amenity": "social_facility",
        "name": "Liertun Sykehjem",
        "social_facility": "nursing_home",
        "social_facility:for": "senior",
        "building": "civic",
        "ref:bygningsnr": "160901543",
        "@geometry": "center"
      },
      "geometry": {
        "type": "Point",
        "coordinates": [
          10.2687085,
          59.8119295
        ]
      },
      "id": "way/832999451"
    },
    {
      "type": "Feature",
      "properties": {
        "@id": "way/839345810",
        "amenity": "social_facility",
        "social_facility": "nursing_home",
        "social_facility:for": "senior",
        "building": "apartments",
        "building:levels": "2",
        "ref:bygningsnr": "12104316",
        "@geometry": "center"
      },
      "geometry": {
        "type": "Point",
        "coordinates": [
          10.643771,
          59.83812
        ]
      },
      "id": "way/839345810"
    },
    {
      "type": "Feature",
      "properties": {
        "@id": "way/839358668",
        "amenity": "social_facility",
        "social_facility": "nursing_home",
        "social_facility:for": "senior",
        "building": "apartments",
        "building:levels": "3",
        "ref:bygningsnr": "12104308",
        "@geometry": "center"
      },
      "geometry": {
        "type": "Point",
        "coordinates": [
          10.6439094,
          59.8386845
        ]
      },
      "id": "way/839358668"
    },
    {
      "type": "Feature",
      "properties": {
        "@id": "way/840177168",
        "amenity": "doctors",
        "building": "commercial",
        "healthcare": "doctor",
        "healthcare:speciality": "general",
        "name": "Sunnhordland Interkommunale Legevakt",
        "ref:bygningsnr": "300550395",
        "@geometry": "center"
      },
      "geometry": {
        "type": "Point",
        "coordinates": [
          5.5121865,
          59.792042
        ]
      },
      "id": "way/840177168"
    },
    {
      "type": "Feature",
      "properties": {
        "@id": "way/840511371",
        "amenity": "social_facility",
        "building": "terrace",
        "ref:bygningsnr": "195060770",
        "social_facility": "nursing_home",
        "social_facility:for": "senior",
        "@geometry": "center"
      },
      "geometry": {
        "type": "Point",
        "coordinates": [
          9.5512834,
          60.823106
        ]
      },
      "id": "way/840511371"
    },
    {
      "type": "Feature",
      "properties": {
        "@id": "way/841483437",
        "amenity": "social_facility",
        "social_facility": "nursing_home",
        "social_facility:for": "senior",
        "building": "civic",
        "ref:bygningsnr": "163899167",
        "@geometry": "center"
      },
      "geometry": {
        "type": "Point",
        "coordinates": [
          10.393576,
          59.1126705
        ]
      },
      "id": "way/841483437"
    },
    {
      "type": "Feature",
      "properties": {
        "@id": "way/841483446",
        "amenity": "social_facility",
        "building": "apartments",
        "operator": "Møllebakken bofelleskap",
        "operator:type": "public",
        "ref:bygningsnr": "8351910",
        "social_facility": "assisted_living",
        "social_facility:for": "disabled",
        "@geometry": "center"
      },
      "geometry": {
        "type": "Point",
        "coordinates": [
          10.3941345,
          59.1117373
        ]
      },
      "id": "way/841483446"
    },
    {
      "type": "Feature",
      "properties": {
        "@id": "way/846993973",
        "amenity": "nursing_home",
        "@geometry": "center"
      },
      "geometry": {
        "type": "Point",
        "coordinates": [
          10.5772275,
          60.3697717
        ]
      },
      "id": "way/846993973"
    },
    {
      "type": "Feature",
      "properties": {
        "@id": "way/868997958",
        "amenity": "doctors",
        "building": "commercial",
        "healthcare": "doctor",
        "name": "Herøy helsesenter",
        "ref:bygningsnr": "300577121",
        "@geometry": "center"
      },
      "geometry": {
        "type": "Point",
        "coordinates": [
          12.288376,
          65.9814635
        ]
      },
      "id": "way/868997958"
    },
    {
      "type": "Feature",
      "properties": {
        "@id": "way/868999187",
        "amenity": "hospital",
        "healthcare": "hospital",
        "name": "Sandnessjøen sykehus",
        "@geometry": "center"
      },
      "geometry": {
        "type": "Point",
        "coordinates": [
          12.6185819,
          66.0183325
        ]
      },
      "id": "way/868999187"
    },
    {
      "type": "Feature",
      "properties": {
        "@id": "way/871453447",
        "amenity": "hospital",
        "healthcare": "hospital",
        "healthcare:speciality": "general;intensive;emergency;internal;dentistry;cardiology;gynaecology;surgery;dialysis;radiology",
        "name": "Sandnessjøen sykehus",
        "operator": "Helgelandssykehuset",
        "operator:type": "government",
        "@geometry": "center"
      },
      "geometry": {
        "type": "Point",
        "coordinates": [
          12.618002,
          66.0182031
        ]
      },
      "id": "way/871453447"
    },
    {
      "type": "Feature",
      "properties": {
        "@id": "way/873265113",
        "amenity": "hospital",
        "healthcare": "hospital",
        "name": "Herøy helsesenter",
        "@geometry": "center"
      },
      "geometry": {
        "type": "Point",
        "coordinates": [
          12.2883049,
          65.9815953
        ]
      },
      "id": "way/873265113"
    },
    {
      "type": "Feature",
      "properties": {
        "@id": "way/879323760",
        "amenity": "social_facility",
        "building": "civic",
        "operator": "Møllebakken Bofelleskap",
        "operator:type": "public",
        "ref:bygningsnr": "18381990",
        "social_facility": "assisted_living",
        "social_facility:for": "disabled",
        "@geometry": "center"
      },
      "geometry": {
        "type": "Point",
        "coordinates": [
          10.395475,
          59.1111445
        ]
      },
      "id": "way/879323760"
    },
    {
      "type": "Feature",
      "properties": {
        "@id": "way/879323762",
        "amenity": "social_facility",
        "building": "civic",
        "operator": "Møllebakken Bofelleskap",
        "operator:type": "public",
        "ref:bygningsnr": "24662101",
        "social_facility": "assisted_living",
        "social_facility:for": "disabled",
        "@geometry": "center"
      },
      "geometry": {
        "type": "Point",
        "coordinates": [
          10.3959645,
          59.1111185
        ]
      },
      "id": "way/879323762"
    },
    {
      "type": "Feature",
      "properties": {
        "@id": "way/879461818",
        "amenity": "doctors",
        "building": "commercial",
        "healthcare": "doctor",
        "healthcare:speciality": "general",
        "name": "Legekontoret på Tjøme",
        "ref:bygningsnr": "140487082",
        "@geometry": "center"
      },
      "geometry": {
        "type": "Point",
        "coordinates": [
          10.3909609,
          59.1128763
        ]
      },
      "id": "way/879461818"
    },
    {
      "type": "Feature",
      "properties": {
        "@id": "way/879877020",
        "amenity": "social_facility",
        "social_facility": "nursing_home",
        "social_facility:for": "senior",
        "building": "civic",
        "ref:bygningsnr": "21705950",
        "@geometry": "center"
      },
      "geometry": {
        "type": "Point",
        "coordinates": [
          5.4781505,
          60.1855787
        ]
      },
      "id": "way/879877020"
    },
    {
      "type": "Feature",
      "properties": {
        "@id": "way/881113462",
        "amenity": "doctors",
        "building": "commercial",
        "healthcare": "doctor",
        "ref:bygningsnr": "163949156",
        "@geometry": "center"
      },
      "geometry": {
        "type": "Point",
        "coordinates": [
          10.3919021,
          59.1163282
        ]
      },
      "id": "way/881113462"
    },
    {
      "type": "Feature",
      "properties": {
        "@id": "way/889953645",
        "amenity": "hospital",
        "healthcare": "hospital",
        "@geometry": "center"
      },
      "geometry": {
        "type": "Point",
        "coordinates": [
          5.3948522,
          60.179797
        ]
      },
      "id": "way/889953645"
    },
    {
      "type": "Feature",
      "properties": {
        "@id": "way/890590320",
        "amenity": "hospital",
        "building": "hospital",
        "emergency": "no",
        "healthcare": "hospital",
        "image": "https://images.mapillary.com/jROzvwoFWjl5KkIv6Uihi1/thumb-2048.jpg",
        "image:0": "https://images.mapillary.com/plWChE3LvavMK6HVACapYZ/thumb-2048.jpg",
        "image:1": "https://images.mapillary.com/TqGhHWWDmrfgIT8ioY8ruP/thumb-2048.jpg",
        "mapillary": "481652392953134",
        "name": "Glittreklinikken",
        "phone": "+47 67058000",
        "ref:bygningsnr": "6904815",
        "website": "https://www.lhl.no/glittreklinikken",
        "wikidata": "Q21795344",
        "@geometry": "center"
      },
      "geometry": {
        "type": "Point",
        "coordinates": [
          10.878904,
          60.1125135
        ]
      },
      "id": "way/890590320"
    },
    {
      "type": "Feature",
      "properties": {
        "@id": "way/892646573",
        "amenity": "social_facility",
        "name": "Åskollen bo- og servicesenter",
        "social_facility": "nursing_home",
        "social_facility:for": "senior",
        "building": "civic",
        "ref:bygningsnr": "158417057",
        "@geometry": "center"
      },
      "geometry": {
        "type": "Point",
        "coordinates": [
          10.2603999,
          59.717249
        ]
      },
      "id": "way/892646573"
    },
    {
      "type": "Feature",
      "properties": {
        "@id": "way/898073159",
        "amenity": "social_facility",
        "name": "Spikkestad omsorgsboliger",
        "operator": "Asker Kommune",
        "operator:type": "public",
        "phone": "+4731296219",
        "social_facility": "nursing_home",
        "social_facility:for": "senior",
        "website": "https://www.asker.kommune.no/helse-og-omsorg/bo--og-omsorgssenter-og-omsorgsbolig/spikkestad-omsorgsboliger/",
        "@geometry": "center"
      },
      "geometry": {
        "type": "Point",
        "coordinates": [
          10.3435157,
          59.7455883
        ]
      },
      "id": "way/898073159"
    },
    {
      "type": "Feature",
      "properties": {
        "@id": "way/905836810",
        "amenity": "clinic",
        "building": "civic",
        "healthcare": "clinic",
        "ref:bygningsnr": "300439657",
        "@geometry": "center"
      },
      "geometry": {
        "type": "Point",
        "coordinates": [
          9.8996485,
          59.766601
        ]
      },
      "id": "way/905836810"
    },
    {
      "type": "Feature",
      "properties": {
        "@id": "way/916400907",
        "opening_hours:covid19": "same",
        "amenity": "hospital",
        "alt_name": "Legevakten",
        "name": "Oslo Legevakt",
        "name:en": "Oslo Emergency Ward",
        "name:no": "Oslo Legevakt",
        "website": "http://www.legevakten.oslo.kommune.no/",
        "check_date": "2022-12-18",
        "email": "postmottak@hel.oslo.kommune.no",
        "emergency": "yes",
        "fax": "+47 23487070",
        "healthcare": "hospital",
        "healthcare:speciality": "emergency",
        "opening_hours": "24/7",
        "phone": "+47 22932293",
        "wheelchair": "yes",
        "@geometry": "center"
      },
      "geometry": {
        "type": "Point",
        "coordinates": [
          10.7587602,
          59.9166362
        ]
      },
      "id": "way/916400907"
    },
    {
      "type": "Feature",
      "properties": {
        "@id": "way/919177654",
        "amenity": "hospital",
        "healthcare": "hospital",
        "@geometry": "center"
      },
      "geometry": {
        "type": "Point",
        "coordinates": [
          10.6739969,
          59.3261915
        ]
      },
      "id": "way/919177654"
    },
    {
      "type": "Feature",
      "properties": {
        "@id": "way/921742149",
        "amenity": "social_facility",
        "name": "Lyngholtet sykehjem",
        "social_facility": "nursing_home",
        "social_facility:for": "senior",
        "building": "civic",
        "ref:bygningsnr": "19631508",
        "@geometry": "center"
      },
      "geometry": {
        "type": "Point",
        "coordinates": [
          11.5696045,
          60.8663275
        ]
      },
      "id": "way/921742149"
    },
    {
      "type": "Feature",
      "properties": {
        "@id": "way/925592247",
        "amenity": "social_facility",
        "building": "civic",
        "building:levels": "2",
        "name": "Jotuntoppen bo- og omsorgssenter",
        "ref:bygningsnr": "300571281",
        "social_facility": "nursing_home",
        "social_facility:for": "senior",
        "@geometry": "center"
      },
      "geometry": {
        "type": "Point",
        "coordinates": [
          11.5730375,
          60.879176
        ]
      },
      "id": "way/925592247"
    },
    {
      "type": "Feature",
      "properties": {
        "@id": "way/925636988",
        "amenity": "social_facility",
        "social_facility": "nursing_home",
        "social_facility:for": "senior",
        "building": "yes",
        "building:levels": "2",
        "ref:bygningsnr": "194962746",
        "@geometry": "center"
      },
      "geometry": {
        "type": "Point",
        "coordinates": [
          9.550963,
          60.8233215
        ]
      },
      "id": "way/925636988"
    },
    {
      "type": "Feature",
      "properties": {
        "@id": "way/927083610",
        "amenity": "social_facility",
        "building": "civic",
        "building:levels": "4",
        "name": "Meløy helse- og velferdssenter",
        "ref:bygningsnr": "300686664",
        "roof:levels": "0",
        "social_facility": "nursing_home",
        "social_facility:for": "senior",
        "@geometry": "center"
      },
      "geometry": {
        "type": "Point",
        "coordinates": [
          13.7060249,
          66.8749511
        ]
      },
      "id": "way/927083610"
    },
    {
      "type": "Feature",
      "properties": {
        "@id": "way/928085091",
        "amenity": "doctors",
        "healthcare": "doctor",
        "healthcare:service": "fastlege",
        "healthcare:speciality": "general",
        "name": "Skreia legesenter",
        "ref:nhn": "979352352",
        "@geometry": "center"
      },
      "geometry": {
        "type": "Point",
        "coordinates": [
          10.9323563,
          60.6531844
        ]
      },
      "id": "way/928085091"
    },
    {
      "type": "Feature",
      "properties": {
        "@id": "way/930991473",
        "amenity": "hospital",
        "healthcare": "hospital",
        "name": "Diakonhjemmet sykehus Vinderen",
        "old_name": "Vinderen psykiatriske klinikk",
        "@geometry": "center"
      },
      "geometry": {
        "type": "Point",
        "coordinates": [
          10.7120834,
          59.9417325
        ]
      },
      "id": "way/930991473"
    },
    {
      "type": "Feature",
      "properties": {
        "@id": "way/932147359",
        "amenity": "social_facility",
        "wheelchair": "yes",
        "social_facility": "nursing_home",
        "social_facility:for": "senior",
        "@geometry": "center"
      },
      "geometry": {
        "type": "Point",
        "coordinates": [
          10.623296,
          60.9516863
        ]
      },
      "id": "way/932147359"
    },
    {
      "type": "Feature",
      "properties": {
        "@id": "way/935771209",
        "amenity": "social_facility",
        "building": "civic",
        "ref:bygningsnr": "149844597",
        "@geometry": "center"
      },
      "geometry": {
        "type": "Point",
        "coordinates": [
          10.4365715,
          59.822431
        ]
      },
      "id": "way/935771209"
    },
    {
      "type": "Feature",
      "properties": {
        "@id": "way/943314998",
        "amenity": "social_facility",
        "name": "Haugmotun sjukeheim",
        "social_facility:for": "senior",
        "building": "civic",
        "ref:bygningsnr": "8531641",
        "@geometry": "center"
      },
      "geometry": {
        "type": "Point",
        "coordinates": [
          9.1921195,
          59.5743255
        ]
      },
      "id": "way/943314998"
    },
    {
      "type": "Feature",
      "properties": {
        "@id": "way/945978281",
        "amenity": "hospital",
        "name": "DPS Molde - Knausensenteret",
        "@geometry": "center"
      },
      "geometry": {
        "type": "Point",
        "coordinates": [
          7.2108882,
          62.7435159
        ]
      },
      "id": "way/945978281"
    },
    {
      "type": "Feature",
      "properties": {
        "@id": "way/964429734",
        "amenity": "pharmacy",
        "brand": "Vitusapotek",
        "brand:wikidata": "Q17047215",
        "brand:wikipedia": "no:Vitusapotek",
        "building": "no",
        "dispensing": "yes",
        "healthcare": "pharmacy",
        "name": "Vitusapotek",
        "@geometry": "center"
      },
      "geometry": {
        "type": "Point",
        "coordinates": [
          11.1354897,
          59.5845678
        ]
      },
      "id": "way/964429734"
    },
    {
      "type": "Feature",
      "properties": {
        "@id": "way/966305465",
        "buildingpart": "room",
        "amenity": "pharmacy",
        "branch": "Sirkus Shopping",
        "brand": "Vitusapotek",
        "email": "sirkus@vitusapotek.no",
        "healthcare": "pharmacy",
        "indoor": "room",
        "level": "0",
        "name": "Vitusapotek Sirkus Shopping",
        "opening_hours": "Mo-Fr 09:00-21:00, Sa 09:00-20:00",
        "phone": "+47 73827460",
        "ref:nmd": "1380",
        "website": "https://www.vitusapotek.no/apotek/NO/Tr%C3%B8ndelag/Trondheim/Vitusapotek-Sirkus-Shopping",
        "@geometry": "center"
      },
      "geometry": {
        "type": "Point",
        "coordinates": [
          10.455034,
          63.4361774
        ]
      },
      "id": "way/966305465"
    },
    {
      "type": "Feature",
      "properties": {
        "@id": "way/977408773",
        "amenity": "social_facility",
        "social_facility": "nursing_home",
        "social_facility:for": "senior",
        "wheelchair": "yes",
        "@geometry": "center"
      },
      "geometry": {
        "type": "Point",
        "coordinates": [
          10.6233198,
          60.9520107
        ]
      },
      "id": "way/977408773"
    },
    {
      "type": "Feature",
      "properties": {
        "@id": "way/978670022",
        "amenity": "social_facility",
        "name": "Eskelundstunet omsorgsbolig",
        "operator": "Moss kommune",
        "operator:type": "public",
        "social_facility": "assisted_living",
        "social_facility:for": "senior",
        "@geometry": "center"
      },
      "geometry": {
        "type": "Point",
        "coordinates": [
          10.7742335,
          59.3706197
        ]
      },
      "id": "way/978670022"
    },
    {
      "type": "Feature",
      "properties": {
        "@id": "way/987072856",
        "amenity": "hospital",
        "healthcare": "hospital",
        "name": "Villa Solsiden",
        "operator": "Furukollen Psykiatriske Senter",
        "operator:type": "private",
        "ref:bygningsnr": "300523006",
        "@geometry": "center"
      },
      "geometry": {
        "type": "Point",
        "coordinates": [
          11.4964272,
          60.1152925
        ]
      },
      "id": "way/987072856"
    },
    {
      "type": "Feature",
      "properties": {
        "@id": "way/991522963",
        "amenity": "doctors",
        "building": "yes",
        "healthcare": "doctor",
        "ref:bygningsnr": "193210457",
        "@geometry": "center"
      },
      "geometry": {
        "type": "Point",
        "coordinates": [
          10.027644,
          59.7510835
        ]
      },
      "id": "way/991522963"
    },
    {
      "type": "Feature",
      "properties": {
        "@id": "way/1001943454",
        "amenity": "clinic",
        "building": "civic",
        "healthcare": "clinic",
        "healthcare:speciality": "psychiatry",
        "name": "Løbakk Psykiatriske senter",
        "ref:bygningsnr": "7208057",
        "@geometry": "center"
      },
      "geometry": {
        "type": "Point",
        "coordinates": [
          11.1411887,
          60.8279388
        ]
      },
      "id": "way/1001943454"
    },
    {
      "type": "Feature",
      "properties": {
        "@id": "way/1003202799",
        "amenity": "hospital",
        "healthcare": "hospital",
        "name": "Os Legevakt",
        "@geometry": "center"
      },
      "geometry": {
        "type": "Point",
        "coordinates": [
          5.4432617,
          60.1980957
        ]
      },
      "id": "way/1003202799"
    },
    {
      "type": "Feature",
      "properties": {
        "@id": "way/1003692224",
        "amenity": "nursing_home",
        "building": "civic",
        "name": "Steensheim",
        "ref:bygningsnr": "160129379",
        "ssr:stedsnr": "930957",
        "@geometry": "center"
      },
      "geometry": {
        "type": "Point",
        "coordinates": [
          8.3164022,
          60.6059885
        ]
      },
      "id": "way/1003692224"
    },
    {
      "type": "Feature",
      "properties": {
        "@id": "way/1005303958",
        "heritage": "yes",
        "ref:bygningsnr": "174048592",
        "amenity": "hospital",
        "emergency": "yes",
        "healthcare": "hospital",
        "healthcare:speciality": "general;intensive;emergency;surgery;maternity",
        "name": "Stord sjukehus",
        "wheelchair": "yes",
        "@geometry": "center"
      },
      "geometry": {
        "type": "Point",
        "coordinates": [
          5.5126319,
          59.7928442
        ]
      },
      "id": "way/1005303958"
    },
    {
      "type": "Feature",
      "properties": {
        "@id": "way/1006526245",
        "amenity": "pharmacy",
        "building": "yes",
        "dispensing": "yes",
        "healthcare": "pharmacy",
        "@geometry": "center"
      },
      "geometry": {
        "type": "Point",
        "coordinates": [
          5.4988281,
          59.7783313
        ]
      },
      "id": "way/1006526245"
    },
    {
      "type": "Feature",
      "properties": {
        "@id": "way/1006689192",
        "amenity": "pharmacy",
        "building": "yes",
        "dispensing": "yes",
        "healthcare": "pharmacy",
        "name": "Vitusapotek",
        "@geometry": "center"
      },
      "geometry": {
        "type": "Point",
        "coordinates": [
          5.5002286,
          59.7802427
        ]
      },
      "id": "way/1006689192"
    },
    {
      "type": "Feature",
      "properties": {
        "@id": "way/1007209619",
        "amenity": "nursing_home",
        "building": "civic",
        "ref:bygningsnr": "188454577;300109532",
        "@geometry": "center"
      },
      "geometry": {
        "type": "Point",
        "coordinates": [
          12.862067,
          66.3997495
        ]
      },
      "id": "way/1007209619"
    },
    {
      "type": "Feature",
      "properties": {
        "@id": "way/1011186959",
        "amenity": "social_facility",
        "social_facility": "nursing_home",
        "social_facility:for": "senior",
        "building": "yes",
        "ref:bygningsnr": "189538073",
        "@geometry": "center"
      },
      "geometry": {
        "type": "Point",
        "coordinates": [
          13.534751,
          68.1198325
        ]
      },
      "id": "way/1011186959"
    },
    {
      "type": "Feature",
      "properties": {
        "@id": "way/1028188709",
        "operator:type": "public",
        "operator": "AHUS",
        "name": "Akershus universitetssykehus Kongsvinger",
        "healthcare": "hospital",
        "amenity": "hospital",
        "@geometry": "center"
      },
      "geometry": {
        "type": "Point",
        "coordinates": [
          11.9940171,
          60.1945687
        ]
      },
      "id": "way/1028188709"
    },
    {
      "type": "Feature",
      "properties": {
        "@id": "way/1030389340",
        "amenity": "hospital",
        "emergency": "no",
        "healthcare": "hospital",
        "name": "Valen Sjukehus",
        "@geometry": "center"
      },
      "geometry": {
        "type": "Point",
        "coordinates": [
          5.7908642,
          59.8299117
        ]
      },
      "id": "way/1030389340"
    },
    {
      "type": "Feature",
      "properties": {
        "@id": "way/1046174045",
        "amenity": "hospital",
        "email": "postmottak.rehab@helse-bergen.no",
        "healthcare": "hospital",
        "name": "ReHabiliteringsklinikken",
        "phone": "+47 55 97 50 00",
        "website": "https://helse-bergen.no/avdelinger/rehabiliteringsklinikken",
        "@geometry": "center"
      },
      "geometry": {
        "type": "Point",
        "coordinates": [
          5.3216701,
          60.3082322
        ]
      },
      "id": "way/1046174045"
    },
    {
      "type": "Feature",
      "properties": {
        "@id": "way/1060260621",
        "amenity": "hospital",
        "@geometry": "center"
      },
      "geometry": {
        "type": "Point",
        "coordinates": [
          10.3692907,
          59.8008401
        ]
      },
      "id": "way/1060260621"
    },
    {
      "type": "Feature",
      "properties": {
        "@id": "way/1091659615",
        "amenity": "social_facility",
        "name": "Luster omsorgssenter",
        "social_facility": "nursing_home",
        "website": "https://www.luster.kommune.no/luster-omsorgssenter.539447.nn.html",
        "building": "civic",
        "@geometry": "center"
      },
      "geometry": {
        "type": "Point",
        "coordinates": [
          7.4637009,
          61.4466929
        ]
      },
      "id": "way/1091659615"
    }
  ]
}