<?xml version="1.0" encoding="UTF-8"?><kml xmlns="http://www.opengis.net/kml/2.2"><Document><name>overpass-turbo.eu export</name><description>Filtered OSM data converted to KML by overpass turbo.
Copyright: The data included in this document is from www.openstreetmap.org. The data is made available under ODbL.
Timestamp: 2025-10-30T11:26:15Z</description><Placemark><name>Skaraborgs Sjukhus Lidköping</name><ExtendedData><Data name="@id"><value>relation/280131</value></Data><Data name="brand"><value>Västra Götalandsregionen</value></Data><Data name="website"><value>https://www.vgregion.se/sv/Skaraborgs-sjukhus/Skaraborgs-sjukhus/Om-sjukhuset1/Sjukhuset-i-Lidkoping/</value></Data><Data name="amenity"><value>hospital</value></Data><Data name="building"><value>hospital</value></Data><Data name="emergency"><value>yes</value></Data><Data name="health_specialty:emergency_medicine"><value>yes</value></Data><Data name="health_specialty:family_medicine"><value>yes</value></Data><Data name="health_specialty:intensive_care_medicine"><value>yes</value></Data><Data name="health_specialty:orthopaedics"><value>yes</value></Data><Data name="health_specialty:paediatrics"><value>yes</value></Data><Data name="health_specialty:surgery"><value>yes</value></Data><Data name="healthcare"><value>hospital</value></Data><Data name="name"><value>Skaraborgs Sjukhus Lidköping</value></Data><Data name="opening_hours"><value>24/7</value></Data><Data name="opening_hours:surgery"><value>Mo-Fr 07:30-16:00</value></Data><Data name="operator"><value>Västra Götalandsregionen</value></Data><Data name="type"><value>multipolygon</value></Data><Data name="@geometry"><value>center</value></Data></ExtendedData><Point><coordinates>13.1527288,58.4975338</coordinates></Point></Placemark><Placemark><name>Skånes Universitetssjukhus i Lund (SUS)</name><ExtendedData><Data name="@id"><value>relation/909092</value></Data><Data name="amenity"><value>hospital</value></Data><Data name="contact:website"><value>http://www.skane.se/sus</value></Data><Data name="emergency"><value>yes</value></Data><Data name="health_specialty:cardiothoracic_surgery"><value>yes</value></Data><Data name="health_specialty:emergency_medicine"><value>yes</value></Data><Data name="health_specialty:family_medicine"><value>yes</value></Data><Data name="health_specialty:intensive_care_medicine"><value>yes</value></Data><Data name="health_specialty:neurosurgery"><value>yes</value></Data><Data name="health_specialty:orthopaedics"><value>yes</value></Data><Data name="health_specialty:paediatric_intensive_care_medicine"><value>yes</value></Data><Data name="health_specialty:paediatrics"><value>yes</value></Data><Data name="health_specialty:surgery"><value>yes</value></Data><Data name="healthcare"><value>hospital</value></Data><Data name="name"><value>Skånes Universitetssjukhus i Lund (SUS)</value></Data><Data name="opening_hours"><value>24/7</value></Data><Data name="type"><value>multipolygon</value></Data><Data name="wikidata"><value>Q781200</value></Data><Data name="wikipedia"><value>sv:Skånes universitetssjukhus</value></Data><Data name="@geometry"><value>center</value></Data></ExtendedData><Point><coordinates>13.1983436,55.7131206</coordinates></Point></Placemark><Placemark><name>Ekdalagården</name><ExtendedData><Data name="@id"><value>relation/1029027</value></Data><Data name="type"><value>multipolygon</value></Data><Data name="name"><value>Ekdalagården</value></Data><Data name="social_facility:for"><value>senior</value></Data><Data name="social_facility"><value>group_home</value></Data><Data name="building"><value>yes</value></Data><Data name="amenity"><value>social_facility</value></Data><Data name="@geometry"><value>center</value></Data></ExtendedData><Point><coordinates>12.1125839,57.6601723</coordinates></Point></Placemark><Placemark><name>Psykiatrisk mottagning Lund</name><ExtendedData><Data name="@id"><value>relation/1302933</value></Data><Data name="type"><value>multipolygon</value></Data><Data name="name"><value>Psykiatrisk mottagning Lund</value></Data><Data name="designation"><value>psychiatric</value></Data><Data name="building"><value>yes</value></Data><Data name="amenity"><value>hospital</value></Data><Data name="addr:city"><value>Lund</value></Data><Data name="addr:country"><value>SE</value></Data><Data name="addr:housenumber"><value>1</value></Data><Data name="addr:street"><value>Baravägen</value></Data><Data name="@geometry"><value>center</value></Data></ExtendedData><Point><coordinates>13.1908027,55.7180668</coordinates></Point></Placemark><Placemark><name>Vårdcentral Tisken</name><ExtendedData><Data name="@id"><value>relation/1319264</value></Data><Data name="wheelchair"><value>yes</value></Data><Data name="website"><value>https://www.1177.se/hitta-vard/kontaktkort/Vardcentral-Tisken/</value></Data><Data name="type"><value>multipolygon</value></Data><Data name="source"><value>Bing</value></Data><Data name="roof:shape"><value>gabled</value></Data><Data name="roof:levels"><value>1</value></Data><Data name="addr:city"><value>Falun</value></Data><Data name="addr:country"><value>SE</value></Data><Data name="addr:housenumber"><value>8</value></Data><Data name="addr:postcode"><value>791 51</value></Data><Data name="addr:street"><value>Myntgatan</value></Data><Data name="alt_name"><value>Tiskens Vårdcentral</value></Data><Data name="amenity"><value>clinic</value></Data><Data name="building"><value>civic</value></Data><Data name="building:levels"><value>1</value></Data><Data name="emergency"><value>no</value></Data><Data name="healthcare"><value>clinic</value></Data><Data name="name"><value>Vårdcentral Tisken</value></Data><Data name="opening_hours"><value>Mo-Fr 08:00-12:00, 13:00-17:00</value></Data><Data name="operator"><value>Region Dalarna</value></Data><Data name="operator:type"><value>government</value></Data><Data name="@geometry"><value>center</value></Data></ExtendedData><Point><coordinates>15.6329048,60.6027653</coordinates></Point></Placemark><Placemark><name>Vrinnevisjukhuset</name><ExtendedData><Data name="@id"><value>relation/1325759</value></Data><Data name="addr:county"><value>Östergötlands län</value></Data><Data name="addr:municipality"><value>Norrköpings kommun</value></Data><Data name="wikidata"><value>Q10716987</value></Data><Data name="type"><value>multipolygon</value></Data><Data name="opening_hours"><value>24/7</value></Data><Data name="addr:city"><value>Norrköping</value></Data><Data name="addr:country"><value>SE</value></Data><Data name="addr:housenumber"><value>25</value></Data><Data name="addr:street"><value>Gamla Övägen</value></Data><Data name="amenity"><value>hospital</value></Data><Data name="building"><value>hospital</value></Data><Data name="emergency"><value>yes</value></Data><Data name="health_specialty:emergency_medicine"><value>yes</value></Data><Data name="health_specialty:family_medicine"><value>yes</value></Data><Data name="health_specialty:intensive_care_medicine"><value>yes</value></Data><Data name="health_specialty:orthopaedics"><value>yes</value></Data><Data name="health_specialty:surgery"><value>yes</value></Data><Data name="healthcare"><value>hospital</value></Data><Data name="layer"><value>1</value></Data><Data name="name"><value>Vrinnevisjukhuset</value></Data><Data name="@geometry"><value>center</value></Data></ExtendedData><Point><coordinates>16.1782773,58.5634112</coordinates></Point></Placemark><Placemark><name>Östersunds Sjukhus</name><ExtendedData><Data name="@id"><value>relation/1326359</value></Data><Data name="type"><value>multipolygon</value></Data><Data name="amenity"><value>hospital</value></Data><Data name="emergency"><value>yes</value></Data><Data name="healthcare"><value>hospital</value></Data><Data name="name"><value>Östersunds Sjukhus</value></Data><Data name="operator"><value>Region Jämtland Härjedalen</value></Data><Data name="operator:type"><value>state_primary_health_care</value></Data><Data name="@geometry"><value>center</value></Data></ExtendedData><Point><coordinates>14.6351675,63.1828889</coordinates></Point></Placemark><Placemark><name>Trossö Vårdcentral</name><ExtendedData><Data name="@id"><value>relation/1328874</value></Data><Data name="amenity"><value>clinic</value></Data><Data name="building"><value>yes</value></Data><Data name="emergency"><value>no</value></Data><Data name="name"><value>Trossö Vårdcentral</value></Data><Data name="phone"><value>+46 455 735755</value></Data><Data name="type"><value>multipolygon</value></Data><Data name="website"><value>https://www.1177.se/Hitta-vard/Blekinge/Kontakt/Trosso-vardcentral-Karlskrona/?hvq=v%C3%A5rdcentral</value></Data><Data name="@geometry"><value>center</value></Data></ExtendedData><Point><coordinates>15.5877663,56.1605684</coordinates></Point></Placemark><Placemark><name>Stensbergshemmet</name><ExtendedData><Data name="@id"><value>relation/1358981</value></Data><Data name="amenity"><value>hospital</value></Data><Data name="building"><value>yes</value></Data><Data name="name"><value>Stensbergshemmet</value></Data><Data name="type"><value>multipolygon</value></Data><Data name="@geometry"><value>center</value></Data></ExtendedData><Point><coordinates>16.3355647,56.6595526</coordinates></Point></Placemark><Placemark><ExtendedData><Data name="@id"><value>relation/1359572</value></Data><Data name="type"><value>multipolygon</value></Data><Data name="building"><value>yes</value></Data><Data name="amenity"><value>nursing_home</value></Data><Data name="@geometry"><value>center</value></Data></ExtendedData><Point><coordinates>13.1932911,55.7284682</coordinates></Point></Placemark><Placemark><ExtendedData><Data name="@id"><value>relation/1359573</value></Data><Data name="type"><value>multipolygon</value></Data><Data name="building"><value>yes</value></Data><Data name="amenity"><value>nursing_home</value></Data><Data name="@geometry"><value>center</value></Data></ExtendedData><Point><coordinates>13.1939187,55.7291619</coordinates></Point></Placemark><Placemark><ExtendedData><Data name="@id"><value>relation/1369717</value></Data><Data name="amenity"><value>social_facility</value></Data><Data name="social_facility"><value>assisted_living</value></Data><Data name="social_facility:for"><value>senior</value></Data><Data name="building"><value>yes</value></Data><Data name="type"><value>multipolygon</value></Data><Data name="@geometry"><value>center</value></Data></ExtendedData><Point><coordinates>13.1679091,55.7053261</coordinates></Point></Placemark><Placemark><name>Frikadellen</name><ExtendedData><Data name="@id"><value>relation/1379066</value></Data><Data name="building"><value>yes</value></Data><Data name="type"><value>multipolygon</value></Data><Data name="amenity"><value>social_facility</value></Data><Data name="name"><value>Frikadellen</value></Data><Data name="old_name"><value>Frikadellen Äldreboende</value></Data><Data name="operator"><value>Kalmar kommun</value></Data><Data name="social_facility:for"><value>elderly</value></Data><Data name="@geometry"><value>center</value></Data></ExtendedData><Point><coordinates>16.2951984,56.7349141</coordinates></Point></Placemark><Placemark><name>Gävle sjukhus</name><ExtendedData><Data name="@id"><value>relation/1403717</value></Data><Data name="wikidata"><value>Q59618354</value></Data><Data name="website"><value>https://www.regiongavleborg.se/Halsa-vard-och-tandvard/Sjukhus/Sjukhuset-i-Gavle/</value></Data><Data name="type"><value>multipolygon</value></Data><Data name="opening_hours"><value>24/7</value></Data><Data name="amenity"><value>hospital</value></Data><Data name="healthcare"><value>hospital</value></Data><Data name="building"><value>hospital</value></Data><Data name="emergency"><value>yes</value></Data><Data name="health_specialty:emergency_medicine"><value>yes</value></Data><Data name="health_specialty:family_medicine"><value>yes</value></Data><Data name="health_specialty:intensive_care_medicine"><value>yes</value></Data><Data name="health_specialty:orthopaedics"><value>yes</value></Data><Data name="health_specialty:paediatrics"><value>yes</value></Data><Data name="health_specialty:surgery"><value>yes</value></Data><Data name="health_specialty:vascular_surgery"><value>yes</value></Data><Data name="name"><value>Gävle sjukhus</value></Data><Data name="name:ar"><value>مستشفى يافلا</value></Data><Data name="@geometry"><value>center</value></Data></ExtendedData><Point><coordinates>17.1182918,60.6777357</coordinates></Point></Placemark><Placemark><name>Stattena vårdcentral</name><ExtendedData><Data name="@id"><value>relation/1414584</value></Data><Data name="amenity"><value>clinic</value></Data><Data name="building"><value>yes</value></Data><Data name="name"><value>Stattena vårdcentral</value></Data><Data name="source"><value>Bing</value></Data><Data name="type"><value>multipolygon</value></Data><Data name="wheelchair"><value>yes</value></Data><Data name="@geometry"><value>center</value></Data></ExtendedData><Point><coordinates>12.6972629,56.0594434</coordinates></Point></Placemark><Placemark><name>Vårdcentralen Planteringen</name><ExtendedData><Data name="@id"><value>relation/1450266</value></Data><Data name="type"><value>multipolygon</value></Data><Data name="addr:city"><value>Helsingborg</value></Data><Data name="addr:country"><value>SE</value></Data><Data name="addr:housenumber"><value>9</value></Data><Data name="addr:postcode"><value>252 28</value></Data><Data name="addr:street"><value>Öresundsgatan</value></Data><Data name="amenity"><value>clinic</value></Data><Data name="building"><value>yes</value></Data><Data name="emergency"><value>no</value></Data><Data name="name"><value>Vårdcentralen Planteringen</value></Data><Data name="source"><value>Bing</value></Data><Data name="source:address"><value>Helsingborgs kommun</value></Data><Data name="@geometry"><value>center</value></Data></ExtendedData><Point><coordinates>12.7093097,56.0283004</coordinates></Point></Placemark><Placemark><name>Samariterhemmet</name><ExtendedData><Data name="@id"><value>relation/1513386</value></Data><Data name="wikipedia"><value>sv:Diakonistiftelsen Samariterhemmet</value></Data><Data name="wikidata"><value>Q10470403</value></Data><Data name="addr:city"><value>Uppsala</value></Data><Data name="addr:country"><value>SE</value></Data><Data name="addr:housenumber"><value>70</value></Data><Data name="addr:postcode"><value>75320</value></Data><Data name="addr:street"><value>Dragarbrunnsgatan</value></Data><Data name="amenity"><value>clinic</value></Data><Data name="building"><value>yes</value></Data><Data name="healthcare"><value>clinic</value></Data><Data name="layer"><value>-1</value></Data><Data name="name"><value>Samariterhemmet</value></Data><Data name="phone"><value>+46 18 564000</value></Data><Data name="type"><value>multipolygon</value></Data><Data name="website"><value>https://www.samariterhemmet.se/</value></Data><Data name="@geometry"><value>center</value></Data></ExtendedData><Point><coordinates>17.6479924,59.8555044</coordinates></Point></Placemark><Placemark><ExtendedData><Data name="@id"><value>relation/1571277</value></Data><Data name="amenity"><value>nursing_home</value></Data><Data name="building"><value>yes</value></Data><Data name="type"><value>multipolygon</value></Data><Data name="@geometry"><value>center</value></Data></ExtendedData><Point><coordinates>13.1596964,55.7043458</coordinates></Point></Placemark><Placemark><name>Visby Lasarett</name><ExtendedData><Data name="@id"><value>relation/1722775</value></Data><Data name="addr:city"><value>Visby</value></Data><Data name="addr:country"><value>SE</value></Data><Data name="addr:housenumber"><value>5</value></Data><Data name="addr:postcode"><value>621 84</value></Data><Data name="addr:street"><value>S:t Göransgatan</value></Data><Data name="amenity"><value>hospital</value></Data><Data name="building"><value>hospital</value></Data><Data name="emergency"><value>yes</value></Data><Data name="health_specialty:anaesthesiology"><value>yes</value></Data><Data name="health_specialty:audiology"><value>yes</value></Data><Data name="health_specialty:cardiology"><value>yes</value></Data><Data name="health_specialty:clinical_pathology"><value>yes</value></Data><Data name="health_specialty:dermatology"><value>yes</value></Data><Data name="health_specialty:diabetology"><value>yes</value></Data><Data name="health_specialty:ear_nose_throat"><value>yes</value></Data><Data name="health_specialty:emergency_medicine"><value>yes</value></Data><Data name="health_specialty:endocrinology"><value>yes</value></Data><Data name="health_specialty:family_medicine"><value>yes</value></Data><Data name="health_specialty:general_surgery"><value>yes</value></Data><Data name="health_specialty:gynaecology"><value>yes</value></Data><Data name="health_specialty:haematology"><value>yes</value></Data><Data name="health_specialty:hepatology"><value>yes</value></Data><Data name="health_specialty:infectiology"><value>yes</value></Data><Data name="health_specialty:intensive_care_medicine"><value>yes</value></Data><Data name="health_specialty:medical_microbiology"><value>yes</value></Data><Data name="health_specialty:neurology"><value>yes</value></Data><Data name="health_specialty:oncology"><value>yes</value></Data><Data name="health_specialty:ophthalmology"><value>yes</value></Data><Data name="health_specialty:orthopaedics"><value>yes</value></Data><Data name="health_specialty:paediatrics"><value>yes</value></Data><Data name="health_specialty:radiology"><value>yes</value></Data><Data name="health_specialty:surgery"><value>yes</value></Data><Data name="health_specialty:transfusion_medicine"><value>yes</value></Data><Data name="health_specialty:urology"><value>yes</value></Data><Data name="health_specialty:vascular_surgery"><value>yes</value></Data><Data name="name"><value>Visby Lasarett</value></Data><Data name="opening_hours"><value>24/7</value></Data><Data name="phone"><value>+46 498 269000</value></Data><Data name="source"><value>Bing</value></Data><Data name="type"><value>multipolygon</value></Data><Data name="website"><value>https://www.gotland.se/visbylasarett</value></Data><Data name="wikidata"><value>Q10716057</value></Data><Data name="@geometry"><value>center</value></Data></ExtendedData><Point><coordinates>18.3005989,57.6487391</coordinates></Point></Placemark><Placemark><name>Södra Älvsborgs Sjukhus</name><ExtendedData><Data name="@id"><value>relation/1734405</value></Data><Data name="amenity"><value>hospital</value></Data><Data name="emergency"><value>yes</value></Data><Data name="health_specialty:emergency_medicine"><value>yes</value></Data><Data name="health_specialty:family_medicine"><value>yes</value></Data><Data name="health_specialty:intensive_care_medicine"><value>yes</value></Data><Data name="health_specialty:orthopaedics"><value>yes</value></Data><Data name="health_specialty:paediatrics"><value>yes</value></Data><Data name="health_specialty:surgery"><value>yes</value></Data><Data name="health_specialty:vascular_surgery"><value>yes</value></Data><Data name="healthcare"><value>hospital</value></Data><Data name="name"><value>Södra Älvsborgs Sjukhus</value></Data><Data name="opening_hours"><value>24/7</value></Data><Data name="type"><value>multipolygon</value></Data><Data name="website"><value>https://www.vgregion.se/sas/</value></Data><Data name="wikidata"><value>Q30264316</value></Data><Data name="@geometry"><value>center</value></Data></ExtendedData><Point><coordinates>12.9620925,57.7260774</coordinates></Point></Placemark><Placemark><name>Dalby Vårdcentral</name><ExtendedData><Data name="@id"><value>relation/1780177</value></Data><Data name="type"><value>multipolygon</value></Data><Data name="addr:city"><value>Dalby</value></Data><Data name="addr:country"><value>SE</value></Data><Data name="addr:housenumber"><value>1</value></Data><Data name="addr:street"><value>Skolgatan</value></Data><Data name="amenity"><value>clinic</value></Data><Data name="building"><value>yes</value></Data><Data name="name"><value>Dalby Vårdcentral</value></Data><Data name="@geometry"><value>center</value></Data></ExtendedData><Point><coordinates>13.3504702,55.6634794</coordinates></Point></Placemark><Placemark><name>Kungsbacka sjukhus</name><ExtendedData><Data name="@id"><value>relation/1994650</value></Data><Data name="amenity"><value>hospital</value></Data><Data name="name"><value>Kungsbacka sjukhus</value></Data><Data name="type"><value>site</value></Data><Data name="@geometry"><value>center</value></Data></ExtendedData><Point><coordinates>12.0865873,57.4946798</coordinates></Point></Placemark><Placemark><name>Åleryds sjukhem</name><ExtendedData><Data name="@id"><value>relation/2029114</value></Data><Data name="addr:city"><value>Linköping</value></Data><Data name="addr:country"><value>SE</value></Data><Data name="addr:housenumber"><value>7</value></Data><Data name="addr:street"><value>Ålerydsvägen</value></Data><Data name="amenity"><value>nursing_home</value></Data><Data name="building"><value>yes</value></Data><Data name="name"><value>Åleryds sjukhem</value></Data><Data name="type"><value>multipolygon</value></Data><Data name="@geometry"><value>center</value></Data></ExtendedData><Point><coordinates>15.6626344,58.382156</coordinates></Point></Placemark><Placemark><name>Hofors Hälsocentral</name><ExtendedData><Data name="@id"><value>relation/2090442</value></Data><Data name="type"><value>multipolygon</value></Data><Data name="name"><value>Hofors Hälsocentral</value></Data><Data name="building"><value>yes</value></Data><Data name="amenity"><value>clinic</value></Data><Data name="@geometry"><value>center</value></Data></ExtendedData><Point><coordinates>16.2863267,60.547627</coordinates></Point></Placemark><Placemark><name>Kiruna sjukhus</name><ExtendedData><Data name="@id"><value>relation/2129957</value></Data><Data name="type"><value>multipolygon</value></Data><Data name="amenity"><value>hospital</value></Data><Data name="building"><value>yes</value></Data><Data name="emergency"><value>yes</value></Data><Data name="health_specialty:emergency_medicine"><value>yes</value></Data><Data name="health_specialty:family_medicine"><value>yes</value></Data><Data name="health_specialty:intensive_care_medicine"><value>yes</value></Data><Data name="health_specialty:surgery"><value>yes</value></Data><Data name="name"><value>Kiruna sjukhus</value></Data><Data name="opening_hours"><value>24/7</value></Data><Data name="opening_hours:emergency"><value>24/7</value></Data><Data name="@geometry"><value>center</value></Data></ExtendedData><Point><coordinates>20.2387256,67.8496581</coordinates></Point></Placemark><Placemark><ExtendedData><Data name="@id"><value>relation/2262742</value></Data><Data name="amenity"><value>nursing_home</value></Data><Data name="building"><value>yes</value></Data><Data name="type"><value>multipolygon</value></Data><Data name="@geometry"><value>center</value></Data></ExtendedData><Point><coordinates>12.6947533,56.0668106</coordinates></Point></Placemark><Placemark><name>Kvarnbergets äldrecentrum</name><ExtendedData><Data name="@id"><value>relation/2320043</value></Data><Data name="type"><value>multipolygon</value></Data><Data name="social_facility"><value>assisted_living</value></Data><Data name="alt_name"><value>Kvarnbergshemmet</value></Data><Data name="amenity"><value>social_facility</value></Data><Data name="building"><value>yes</value></Data><Data name="name"><value>Kvarnbergets äldrecentrum</value></Data><Data name="social_facility:for"><value>senior</value></Data><Data name="@geometry"><value>center</value></Data></ExtendedData><Point><coordinates>11.2518991,58.3655299</coordinates></Point></Placemark><Placemark><name>Vårdcentral</name><ExtendedData><Data name="@id"><value>relation/2381463</value></Data><Data name="type"><value>multipolygon</value></Data><Data name="amenity"><value>clinic</value></Data><Data name="building"><value>yes</value></Data><Data name="emergency"><value>no</value></Data><Data name="name"><value>Vårdcentral</value></Data><Data name="@geometry"><value>center</value></Data></ExtendedData><Point><coordinates>12.2469819,57.1037039</coordinates></Point></Placemark><Placemark><name>Annetorpsgården</name><ExtendedData><Data name="@id"><value>relation/2539995</value></Data><Data name="addr:country"><value>SE</value></Data><Data name="addr:housenumber"><value>119A</value></Data><Data name="addr:street"><value>Västanväg</value></Data><Data name="amenity"><value>social_facility</value></Data><Data name="building"><value>yes</value></Data><Data name="name"><value>Annetorpsgården</value></Data><Data name="operator"><value>Malmö stad</value></Data><Data name="operator:type"><value>government</value></Data><Data name="social_facility"><value>nursing_home</value></Data><Data name="social_facility:for"><value>senior</value></Data><Data name="type"><value>multipolygon</value></Data><Data name="website"><value>https://malmo.se/Hitta-och-jamfor/Aldreboenden/Hitta-och-jamfor-aldreboenden/Boende.html?object=Annetorpsg%C3%A5rden</value></Data><Data name="wheelchair"><value>yes</value></Data><Data name="@geometry"><value>center</value></Data></ExtendedData><Point><coordinates>12.9385454,55.5753565</coordinates></Point></Placemark><Placemark><name>Handens Närsjukhus</name><ExtendedData><Data name="@id"><value>relation/2630363</value></Data><Data name="addr:city"><value>Handen</value></Data><Data name="addr:country"><value>SE</value></Data><Data name="addr:housenumber"><value>6</value></Data><Data name="addr:postcode"><value>136 45</value></Data><Data name="addr:street"><value>Dalarövägen</value></Data><Data name="amenity"><value>hospital</value></Data><Data name="building"><value>yes</value></Data><Data name="healthcare"><value>hospital</value></Data><Data name="name"><value>Handens Närsjukhus</value></Data><Data name="operator"><value>Stockholms Läns Landsting</value></Data><Data name="type"><value>multipolygon</value></Data><Data name="@geometry"><value>center</value></Data></ExtendedData><Point><coordinates>18.1413107,59.1733824</coordinates></Point></Placemark><Placemark><name>Morö Backe vårdcentral</name><ExtendedData><Data name="@id"><value>relation/2734689</value></Data><Data name="amenity"><value>clinic</value></Data><Data name="building"><value>yes</value></Data><Data name="name"><value>Morö Backe vårdcentral</value></Data><Data name="type"><value>multipolygon</value></Data><Data name="@geometry"><value>center</value></Data></ExtendedData><Point><coordinates>21.0268146,64.7533591</coordinates></Point></Placemark><Placemark><name>Harakärrsgården</name><ExtendedData><Data name="@id"><value>relation/2790854</value></Data><Data name="type"><value>multipolygon</value></Data><Data name="name"><value>Harakärrsgården</value></Data><Data name="amenity"><value>nursing_home</value></Data><Data name="building"><value>yes</value></Data><Data name="@geometry"><value>center</value></Data></ExtendedData><Point><coordinates>13.1098197,55.6523949</coordinates></Point></Placemark><Placemark><name>Strängnäs vårdcentral</name><ExtendedData><Data name="@id"><value>relation/2801330</value></Data><Data name="type"><value>multipolygon</value></Data><Data name="amenity"><value>clinic</value></Data><Data name="building"><value>public</value></Data><Data name="emergency"><value>no</value></Data><Data name="name"><value>Strängnäs vårdcentral</value></Data><Data name="@geometry"><value>center</value></Data></ExtendedData><Point><coordinates>17.0280047,59.3671415</coordinates></Point></Placemark><Placemark><name>Torshälla vårdcentral</name><ExtendedData><Data name="@id"><value>relation/2891617</value></Data><Data name="amenity"><value>clinic</value></Data><Data name="building"><value>yes</value></Data><Data name="emergency"><value>no</value></Data><Data name="name"><value>Torshälla vårdcentral</value></Data><Data name="type"><value>multipolygon</value></Data><Data name="@geometry"><value>center</value></Data></ExtendedData><Point><coordinates>16.4855497,59.4196055</coordinates></Point></Placemark><Placemark><ExtendedData><Data name="@id"><value>relation/2925210</value></Data><Data name="addr:city"><value>Svedala</value></Data><Data name="addr:country"><value>SE</value></Data><Data name="addr:housenumber"><value>27</value></Data><Data name="addr:street"><value>Kapellvägen</value></Data><Data name="amenity"><value>social_facility</value></Data><Data name="building"><value>yes</value></Data><Data name="social_facility"><value>assisted_living</value></Data><Data name="social_facility:for"><value>elderly</value></Data><Data name="type"><value>multipolygon</value></Data><Data name="@geometry"><value>center</value></Data></ExtendedData><Point><coordinates>13.2184795,55.5115554</coordinates></Point></Placemark><Placemark><name>Sveakliniken</name><ExtendedData><Data name="@id"><value>relation/2947560</value></Data><Data name="amenity"><value>clinic</value></Data><Data name="building"><value>yes</value></Data><Data name="name"><value>Sveakliniken</value></Data><Data name="type"><value>multipolygon</value></Data><Data name="@geometry"><value>center</value></Data></ExtendedData><Point><coordinates>13.230184,55.5183604</coordinates></Point></Placemark><Placemark><name>Hallands sjukhus Kungsbacka</name><ExtendedData><Data name="@id"><value>relation/3022869</value></Data><Data name="amenity"><value>hospital</value></Data><Data name="building"><value>hospital</value></Data><Data name="healthcare"><value>hospital</value></Data><Data name="name"><value>Hallands sjukhus Kungsbacka</value></Data><Data name="type"><value>multipolygon</value></Data><Data name="@geometry"><value>center</value></Data></ExtendedData><Point><coordinates>12.0864381,57.4949117</coordinates></Point></Placemark><Placemark><ExtendedData><Data name="@id"><value>relation/3147202</value></Data><Data name="type"><value>multipolygon</value></Data><Data name="building"><value>yes</value></Data><Data name="amenity"><value>nursing_home</value></Data><Data name="@geometry"><value>center</value></Data></ExtendedData><Point><coordinates>13.1082591,55.7957053</coordinates></Point></Placemark><Placemark><name>Salarps äldreboende</name><ExtendedData><Data name="@id"><value>relation/3148811</value></Data><Data name="operator"><value>Salems Kommun</value></Data><Data name="addr:city"><value>Rönninge</value></Data><Data name="addr:country"><value>SE</value></Data><Data name="addr:housenumber"><value>15</value></Data><Data name="addr:postcode"><value>14462</value></Data><Data name="addr:street"><value>Fiskaruddsvägen</value></Data><Data name="amenity"><value>nursing_home</value></Data><Data name="building"><value>yes</value></Data><Data name="name"><value>Salarps äldreboende</value></Data><Data name="source"><value>survey:20130812</value></Data><Data name="type"><value>multipolygon</value></Data><Data name="website"><value>https://www.salem.se/Innehall/Aldrefragor/Aldreboende/Salarps-Aldreboende/</value></Data><Data name="@geometry"><value>center</value></Data></ExtendedData><Point><coordinates>17.754042,59.1920493</coordinates></Point></Placemark><Placemark><name>Vårdcentralen Löddeköpinge</name><ExtendedData><Data name="@id"><value>relation/3166550</value></Data><Data name="addr:city"><value>Löddeköpinge</value></Data><Data name="addr:country"><value>SE</value></Data><Data name="addr:housenumber"><value>15</value></Data><Data name="addr:postcode"><value>24630</value></Data><Data name="addr:street"><value>Bagerivägen</value></Data><Data name="amenity"><value>clinic</value></Data><Data name="building"><value>yes</value></Data><Data name="name"><value>Vårdcentralen Löddeköpinge</value></Data><Data name="type"><value>multipolygon</value></Data><Data name="@geometry"><value>center</value></Data></ExtendedData><Point><coordinates>13.0159048,55.7598307</coordinates></Point></Placemark><Placemark><name>Hörby vårdcentral</name><ExtendedData><Data name="@id"><value>relation/3236009</value></Data><Data name="amenity"><value>clinic</value></Data><Data name="building"><value>yes</value></Data><Data name="name"><value>Hörby vårdcentral</value></Data><Data name="opening_hours"><value>Mo-Fr 08:00-17:00</value></Data><Data name="phone"><value>+46415251300</value></Data><Data name="type"><value>multipolygon</value></Data><Data name="@geometry"><value>center</value></Data></ExtendedData><Point><coordinates>13.6702028,55.8453837</coordinates></Point></Placemark><Placemark><name>Vårdcentralen Råå</name><ExtendedData><Data name="@id"><value>relation/3322701</value></Data><Data name="amenity"><value>clinic</value></Data><Data name="building"><value>yes</value></Data><Data name="emergency"><value>no</value></Data><Data name="name"><value>Vårdcentralen Råå</value></Data><Data name="type"><value>multipolygon</value></Data><Data name="@geometry"><value>center</value></Data></ExtendedData><Point><coordinates>12.7321385,56.00377</coordinates></Point></Placemark><Placemark><ExtendedData><Data name="@id"><value>relation/3334939</value></Data><Data name="type"><value>multipolygon</value></Data><Data name="healthcare"><value>clinic</value></Data><Data name="building"><value>yes</value></Data><Data name="amenity"><value>clinic</value></Data><Data name="@geometry"><value>center</value></Data></ExtendedData><Point><coordinates>15.16031,59.2391351</coordinates></Point></Placemark><Placemark><name>Odensbackens Vårdcentral</name><ExtendedData><Data name="@id"><value>relation/3398477</value></Data><Data name="amenity"><value>clinic</value></Data><Data name="building"><value>yes</value></Data><Data name="name"><value>Odensbackens Vårdcentral</value></Data><Data name="type"><value>multipolygon</value></Data><Data name="@geometry"><value>center</value></Data></ExtendedData><Point><coordinates>15.524889,59.1582287</coordinates></Point></Placemark><Placemark><name>Vilan äldreboende</name><ExtendedData><Data name="@id"><value>relation/3402689</value></Data><Data name="addr:city"><value>Vetlanda</value></Data><Data name="addr:country"><value>SE</value></Data><Data name="addr:housenumber"><value>3-5</value></Data><Data name="addr:postcode"><value>57722</value></Data><Data name="addr:street"><value>Kettilsgatan</value></Data><Data name="amenity"><value>social_facility</value></Data><Data name="building"><value>yes</value></Data><Data name="name"><value>Vilan äldreboende</value></Data><Data name="social_facility"><value>group_home</value></Data><Data name="social_facility:for"><value>senior</value></Data><Data name="type"><value>multipolygon</value></Data><Data name="@geometry"><value>center</value></Data></ExtendedData><Point><coordinates>15.0694934,57.4269395</coordinates></Point></Placemark><Placemark><name>Rättspsykiatrisk akutenhet 6</name><ExtendedData><Data name="@id"><value>relation/3500165</value></Data><Data name="type"><value>multipolygon</value></Data><Data name="building"><value>hospital</value></Data><Data name="alt_name"><value>Rågården</value></Data><Data name="amenity"><value>hospital</value></Data><Data name="healthcare"><value>hospital</value></Data><Data name="name"><value>Rättspsykiatrisk akutenhet 6</value></Data><Data name="operator"><value>Sahlgrenska Universitetssjukhus</value></Data><Data name="@geometry"><value>center</value></Data></ExtendedData><Point><coordinates>12.1176054,57.7896335</coordinates></Point></Placemark><Placemark><name>Kärråkra vårdcentral</name><ExtendedData><Data name="@id"><value>relation/3591801</value></Data><Data name="amenity"><value>clinic</value></Data><Data name="building"><value>yes</value></Data><Data name="name"><value>Kärråkra vårdcentral</value></Data><Data name="type"><value>multipolygon</value></Data><Data name="@geometry"><value>center</value></Data></ExtendedData><Point><coordinates>13.2866655,55.8442084</coordinates></Point></Placemark><Placemark><name>Ytterbyhemmet</name><ExtendedData><Data name="@id"><value>relation/3602154</value></Data><Data name="type"><value>multipolygon</value></Data><Data name="amenity"><value>social_facility</value></Data><Data name="building"><value>yes</value></Data><Data name="name"><value>Ytterbyhemmet</value></Data><Data name="social_facility"><value>group_home</value></Data><Data name="social_facility:for"><value>senior</value></Data><Data name="@geometry"><value>center</value></Data></ExtendedData><Point><coordinates>11.9235265,57.8608572</coordinates></Point></Placemark><Placemark><name>Ölycke servicehus</name><ExtendedData><Data name="@id"><value>relation/3629389</value></Data><Data name="addr:city"><value>Löberöd</value></Data><Data name="addr:country"><value>SE</value></Data><Data name="addr:housenumber"><value>31</value></Data><Data name="addr:street"><value>Storgatan</value></Data><Data name="amenity"><value>nursing_home</value></Data><Data name="building"><value>yes</value></Data><Data name="name"><value>Ölycke servicehus</value></Data><Data name="type"><value>multipolygon</value></Data><Data name="@geometry"><value>center</value></Data></ExtendedData><Point><coordinates>13.5216989,55.7758771</coordinates></Point></Placemark><Placemark><name>Gruppboende Näregården</name><ExtendedData><Data name="@id"><value>relation/3863718</value></Data><Data name="amenity"><value>social_facility</value></Data><Data name="name"><value>Gruppboende Näregården</value></Data><Data name="operator"><value>Falköpings kommun</value></Data><Data name="social_facility"><value>group_home</value></Data><Data name="social_facility:for"><value>mental_health</value></Data><Data name="type"><value>multipolygon</value></Data><Data name="@geometry"><value>center</value></Data></ExtendedData><Point><coordinates>13.5551772,58.1934699</coordinates></Point></Placemark><Placemark><name>Norrgårdens äldreboende</name><ExtendedData><Data name="@id"><value>relation/3898893</value></Data><Data name="addr:city"><value>Vetlanda</value></Data><Data name="addr:country"><value>SE</value></Data><Data name="addr:housenumber"><value>10</value></Data><Data name="addr:postcode"><value>57434</value></Data><Data name="addr:street"><value>Norrvägen</value></Data><Data name="amenity"><value>social_facility</value></Data><Data name="building"><value>yes</value></Data><Data name="name"><value>Norrgårdens äldreboende</value></Data><Data name="operator"><value>Vetlanda kommun</value></Data><Data name="social_facility"><value>group_home</value></Data><Data name="social_facility:for"><value>senior</value></Data><Data name="type"><value>multipolygon</value></Data><Data name="@geometry"><value>center</value></Data></ExtendedData><Point><coordinates>15.0810197,57.4382239</coordinates></Point></Placemark><Placemark><ExtendedData><Data name="@id"><value>relation/4032018</value></Data><Data name="amenity"><value>social_facility</value></Data><Data name="building"><value>yes</value></Data><Data name="social_facility"><value>group_home</value></Data><Data name="social_facility:for"><value>senior</value></Data><Data name="type"><value>multipolygon</value></Data><Data name="@geometry"><value>center</value></Data></ExtendedData><Point><coordinates>17.9085132,58.9819732</coordinates></Point></Placemark><Placemark><ExtendedData><Data name="@id"><value>relation/4107948</value></Data><Data name="amenity"><value>social_facility</value></Data><Data name="building"><value>yes</value></Data><Data name="social_facility"><value>group_home</value></Data><Data name="social_facility:for"><value>senior</value></Data><Data name="type"><value>multipolygon</value></Data><Data name="@geometry"><value>center</value></Data></ExtendedData><Point><coordinates>16.3869759,56.5222558</coordinates></Point></Placemark><Placemark><name>Vevrehemmet</name><ExtendedData><Data name="@id"><value>relation/4166162</value></Data><Data name="addr:city"><value>Veberöd</value></Data><Data name="addr:country"><value>SE</value></Data><Data name="addr:housenumber"><value>4</value></Data><Data name="addr:street"><value>Sandgatan</value></Data><Data name="amenity"><value>social_facility</value></Data><Data name="building"><value>yes</value></Data><Data name="name"><value>Vevrehemmet</value></Data><Data name="social_facility"><value>group_home</value></Data><Data name="social_facility:for"><value>senior</value></Data><Data name="type"><value>multipolygon</value></Data><Data name="@geometry"><value>center</value></Data></ExtendedData><Point><coordinates>13.4943531,55.6336361</coordinates></Point></Placemark><Placemark><name>Ekersro</name><ExtendedData><Data name="@id"><value>relation/4239222</value></Data><Data name="amenity"><value>nursing_home</value></Data><Data name="building"><value>yes</value></Data><Data name="name"><value>Ekersro</value></Data><Data name="type"><value>multipolygon</value></Data><Data name="@geometry"><value>center</value></Data></ExtendedData><Point><coordinates>16.3976333,57.2681203</coordinates></Point></Placemark><Placemark><name>Mathildenborgs korttidsboende</name><ExtendedData><Data name="@id"><value>relation/4541940</value></Data><Data name="addr:city"><value>Limhamn</value></Data><Data name="addr:country"><value>SE</value></Data><Data name="addr:housenumber"><value>1</value></Data><Data name="addr:street"><value>Rudbecksgatan</value></Data><Data name="amenity"><value>nursing_home</value></Data><Data name="building"><value>yes</value></Data><Data name="name"><value>Mathildenborgs korttidsboende</value></Data><Data name="old_name"><value>Stadsdelsförvaltning Limhamn-Bunkeflo</value></Data><Data name="type"><value>multipolygon</value></Data><Data name="@geometry"><value>center</value></Data></ExtendedData><Point><coordinates>12.9443288,55.5801064</coordinates></Point></Placemark><Placemark><ExtendedData><Data name="@id"><value>relation/4547414</value></Data><Data name="addr:country"><value>SE</value></Data><Data name="addr:housenumber"><value>6</value></Data><Data name="addr:postcode"><value>69231</value></Data><Data name="addr:street"><value>Norra Kungsvägen</value></Data><Data name="amenity"><value>social_facility</value></Data><Data name="building"><value>yes</value></Data><Data name="social_facility"><value>group_home</value></Data><Data name="source:amenity"><value>local knowledge</value></Data><Data name="source:geometry"><value>Bing 2012</value></Data><Data name="type"><value>multipolygon</value></Data><Data name="@geometry"><value>center</value></Data></ExtendedData><Point><coordinates>15.1475544,59.1305413</coordinates></Point></Placemark><Placemark><name>Seniorboende Solgården</name><ExtendedData><Data name="@id"><value>relation/4570757</value></Data><Data name="operator"><value>Örebro Kommun</value></Data><Data name="amenity"><value>social_facility</value></Data><Data name="building"><value>yes</value></Data><Data name="name"><value>Seniorboende Solgården</value></Data><Data name="social_facility"><value>group_home</value></Data><Data name="type"><value>multipolygon</value></Data><Data name="@geometry"><value>center</value></Data></ExtendedData><Point><coordinates>15.5052805,59.2137659</coordinates></Point></Placemark><Placemark><name>Solbacka</name><ExtendedData><Data name="@id"><value>relation/4613393</value></Data><Data name="addr:country"><value>SE</value></Data><Data name="addr:housenumber"><value>3</value></Data><Data name="addr:postcode"><value>69231</value></Data><Data name="addr:street"><value>Östra Drottninggatan</value></Data><Data name="amenity"><value>social_facility</value></Data><Data name="building"><value>yes</value></Data><Data name="name"><value>Solbacka</value></Data><Data name="social_facility"><value>assisted_living</value></Data><Data name="source:addr"><value>local knowledge</value></Data><Data name="source:amenity"><value>local knowledge</value></Data><Data name="source:geometry"><value>Bing 2012</value></Data><Data name="type"><value>multipolygon</value></Data><Data name="@geometry"><value>center</value></Data></ExtendedData><Point><coordinates>15.1442155,59.1300179</coordinates></Point></Placemark><Placemark><name>Haga vårdcentral</name><ExtendedData><Data name="@id"><value>relation/4834699</value></Data><Data name="type"><value>multipolygon</value></Data><Data name="amenity"><value>clinic</value></Data><Data name="building"><value>yes</value></Data><Data name="contact:website"><value>http://www.regionorebrolan.se/haga</value></Data><Data name="name"><value>Haga vårdcentral</value></Data><Data name="source:geometry"><value>Bing 2012</value></Data><Data name="@geometry"><value>center</value></Data></ExtendedData><Point><coordinates>15.1663829,59.275035</coordinates></Point></Placemark><Placemark><name>Vidarkliniken</name><ExtendedData><Data name="@id"><value>way/5199597</value></Data><Data name="amenity"><value>clinic</value></Data><Data name="name"><value>Vidarkliniken</value></Data><Data name="@geometry"><value>center</value></Data></ExtendedData><Point><coordinates>17.6163245,59.0649588</coordinates></Point></Placemark><Placemark><name>Valåsens äldreboende</name><ExtendedData><Data name="@id"><value>relation/5424688</value></Data><Data name="type"><value>multipolygon</value></Data><Data name="social_facility:for"><value>senior</value></Data><Data name="social_facility"><value>group_home</value></Data><Data name="name"><value>Valåsens äldreboende</value></Data><Data name="contact:website"><value>http://www.tjorn.se/valasen</value></Data><Data name="amenity"><value>social_facility</value></Data><Data name="building"><value>public</value></Data><Data name="@geometry"><value>center</value></Data></ExtendedData><Point><coordinates>11.6622899,58.0294895</coordinates></Point></Placemark><Placemark><ExtendedData><Data name="@id"><value>relation/5677845</value></Data><Data name="amenity"><value>social_facility</value></Data><Data name="building"><value>yes</value></Data><Data name="building:levels"><value>1</value></Data><Data name="social_facility"><value>group_home</value></Data><Data name="social_facility:for"><value>senior</value></Data><Data name="type"><value>multipolygon</value></Data><Data name="@geometry"><value>center</value></Data></ExtendedData><Point><coordinates>17.444514,59.8541762</coordinates></Point></Placemark><Placemark><name>Dalens närsjukhus</name><ExtendedData><Data name="@id"><value>relation/5754750</value></Data><Data name="type"><value>building</value></Data><Data name="name"><value>Dalens närsjukhus</value></Data><Data name="alt_name"><value>Dalens sjukhus</value></Data><Data name="amenity"><value>hospital</value></Data><Data name="building"><value>hospital</value></Data><Data name="@geometry"><value>center</value></Data></ExtendedData><Point><coordinates>18.0977813,59.2886054</coordinates></Point></Placemark><Placemark><name>Valnötsvägens Gruppbostad</name><ExtendedData><Data name="@id"><value>relation/5760733</value></Data><Data name="amenity"><value>social_facility</value></Data><Data name="name"><value>Valnötsvägens Gruppbostad</value></Data><Data name="social_facility"><value>group_home</value></Data><Data name="type"><value>multipolygon</value></Data><Data name="@geometry"><value>center</value></Data></ExtendedData><Point><coordinates>17.7968781,59.4020653</coordinates></Point></Placemark><Placemark><name>Hemmet för Gamla</name><ExtendedData><Data name="@id"><value>relation/5843569</value></Data><Data name="addr:country"><value>SE</value></Data><Data name="addr:housenumber"><value>349</value></Data><Data name="addr:street"><value>Gamla Tyresövägen</value></Data><Data name="amenity"><value>social_facility</value></Data><Data name="building"><value>yes</value></Data><Data name="name"><value>Hemmet för Gamla</value></Data><Data name="operator"><value>Vardaga</value></Data><Data name="social_facility"><value>group_home</value></Data><Data name="social_facility:for"><value>senior</value></Data><Data name="type"><value>multipolygon</value></Data><Data name="website"><value>https://www.vardaga.se/sv/Search/Stockholm/Enskededalen/Hemmet-for-Gamla/</value></Data><Data name="wheelchair"><value>yes</value></Data><Data name="wikidata"><value>Q10521817</value></Data><Data name="wikipedia"><value>sv:Hemmet för gamla</value></Data><Data name="@geometry"><value>center</value></Data></ExtendedData><Point><coordinates>18.1061581,59.2822628</coordinates></Point></Placemark><Placemark><name>Sunnerbo</name><ExtendedData><Data name="@id"><value>relation/6019442</value></Data><Data name="addr:city"><value>Sorunda</value></Data><Data name="addr:country"><value>SE</value></Data><Data name="addr:housenumber"><value>1</value></Data><Data name="addr:postcode"><value>148 71</value></Data><Data name="addr:street"><value>Sunnerbostigen</value></Data><Data name="amenity"><value>social_facility</value></Data><Data name="building"><value>yes</value></Data><Data name="name"><value>Sunnerbo</value></Data><Data name="social_facility"><value>nursing_home</value></Data><Data name="social_facility:for"><value>senior</value></Data><Data name="type"><value>multipolygon</value></Data><Data name="website"><value>https://nynashamn.se/service/omsorg--stod/stod-till-aldre/boenden-for-aldre</value></Data><Data name="@geometry"><value>center</value></Data></ExtendedData><Point><coordinates>17.8236503,59.0191995</coordinates></Point></Placemark><Placemark><name>Smedby sjukhem</name><ExtendedData><Data name="@id"><value>relation/6021935</value></Data><Data name="amenity"><value>clinic</value></Data><Data name="healthcare"><value>clinic</value></Data><Data name="name"><value>Smedby sjukhem</value></Data><Data name="type"><value>multipolygon</value></Data><Data name="building"><value>yes</value></Data><Data name="@geometry"><value>center</value></Data></ExtendedData><Point><coordinates>16.2312757,56.6811776</coordinates></Point></Placemark><Placemark><name>Borgmästargården</name><ExtendedData><Data name="@id"><value>relation/6199115</value></Data><Data name="amenity"><value>social_facility</value></Data><Data name="name"><value>Borgmästargården</value></Data><Data name="operator"><value>Norlandia Care AB</value></Data><Data name="social_facility"><value>group_home</value></Data><Data name="social_facility:for"><value>senior</value></Data><Data name="type"><value>multipolygon</value></Data><Data name="@geometry"><value>center</value></Data></ExtendedData><Point><coordinates>18.337936,59.4056889</coordinates></Point></Placemark><Placemark><name>Cyrillus</name><ExtendedData><Data name="@id"><value>relation/6199116</value></Data><Data name="addr:city"><value>Vaxholm</value></Data><Data name="addr:country"><value>SE</value></Data><Data name="addr:housenumber"><value>1D</value></Data><Data name="addr:postcode"><value>185 34</value></Data><Data name="addr:street"><value>Ullbergs väg</value></Data><Data name="amenity"><value>social_facility</value></Data><Data name="name"><value>Cyrillus</value></Data><Data name="operator"><value>Norlandia Care AB</value></Data><Data name="social_facility"><value>group_home</value></Data><Data name="social_facility:for"><value>senior</value></Data><Data name="type"><value>multipolygon</value></Data><Data name="@geometry"><value>center</value></Data></ExtendedData><Point><coordinates>18.3394785,59.4049076</coordinates></Point></Placemark><Placemark><name>Framnäshagen</name><ExtendedData><Data name="@id"><value>relation/6199118</value></Data><Data name="addr:city"><value>Vaxholm</value></Data><Data name="addr:country"><value>SE</value></Data><Data name="addr:housenumber"><value>6</value></Data><Data name="addr:postcode"><value>185 34</value></Data><Data name="addr:street"><value>Ullbergs väg</value></Data><Data name="amenity"><value>social_facility</value></Data><Data name="name"><value>Framnäshagen</value></Data><Data name="operator"><value>Norlandia Care AB</value></Data><Data name="social_facility"><value>group_home</value></Data><Data name="social_facility:for"><value>senior</value></Data><Data name="type"><value>multipolygon</value></Data><Data name="@geometry"><value>center</value></Data></ExtendedData><Point><coordinates>18.3382411,59.4059048</coordinates></Point></Placemark><Placemark><name>Gustavsbergs Vårdcentral</name><ExtendedData><Data name="@id"><value>way/6238036</value></Data><Data name="roof:colour"><value>gray</value></Data><Data name="amenity"><value>clinic</value></Data><Data name="building"><value>hospital</value></Data><Data name="emergency"><value>no</value></Data><Data name="name"><value>Gustavsbergs Vårdcentral</value></Data><Data name="operator"><value>Stockholms Läns Landsting</value></Data><Data name="@geometry"><value>center</value></Data></ExtendedData><Point><coordinates>18.3804655,59.3228363</coordinates></Point></Placemark><Placemark><name>Åbacken</name><ExtendedData><Data name="@id"><value>relation/6281794</value></Data><Data name="type"><value>multipolygon</value></Data><Data name="social_facility:for"><value>disabled</value></Data><Data name="social_facility"><value>day_care</value></Data><Data name="roof:levels"><value>2</value></Data><Data name="roof:shape"><value>gabled</value></Data><Data name="addr:country"><value>SE</value></Data><Data name="addr:housenumber"><value>26</value></Data><Data name="addr:street"><value>Villagatan</value></Data><Data name="amenity"><value>social_facility</value></Data><Data name="building"><value>yes</value></Data><Data name="building:levels"><value>1</value></Data><Data name="name"><value>Åbacken</value></Data><Data name="@geometry"><value>center</value></Data></ExtendedData><Point><coordinates>13.9434043,56.8297417</coordinates></Point></Placemark><Placemark><name>Ljungby Lasarett</name><ExtendedData><Data name="@id"><value>relation/6359614</value></Data><Data name="name"><value>Ljungby Lasarett</value></Data><Data name="amenity"><value>hospital</value></Data><Data name="emergency"><value>yes</value></Data><Data name="health_specialty:emergency_medicine"><value>yes</value></Data><Data name="health_specialty:family_medicine"><value>yes</value></Data><Data name="health_specialty:intensive_care_medicine"><value>yes</value></Data><Data name="health_specialty:orthopaedics"><value>yes</value></Data><Data name="health_specialty:surgery"><value>yes</value></Data><Data name="healthcare"><value>hospital</value></Data><Data name="healthcare:speciality"><value>general;emergency</value></Data><Data name="name:en"><value>Ljungby Hospital</value></Data><Data name="name:sv"><value>Lasarettet Ljungby</value></Data><Data name="opening_hours"><value>24/7</value></Data><Data name="operator"><value>Region Kronoberg</value></Data><Data name="type"><value>multipolygon</value></Data><Data name="wikidata"><value>Q56248604</value></Data><Data name="@geometry"><value>center</value></Data></ExtendedData><Point><coordinates>13.9339786,56.8357552</coordinates></Point></Placemark><Placemark><name>Tierps vårdcentral</name><ExtendedData><Data name="@id"><value>relation/6360413</value></Data><Data name="website"><value>http://www.lul.se/sv/Vard-halsa/Sjukvard/Primarvard/Landstingets-vardcentraler/Vardcentral/Tierps-vardcentral/</value></Data><Data name="addr:country"><value>SE</value></Data><Data name="addr:housenumber"><value>2</value></Data><Data name="addr:street"><value>Liljevägen</value></Data><Data name="amenity"><value>clinic</value></Data><Data name="building"><value>hospital</value></Data><Data name="name"><value>Tierps vårdcentral</value></Data><Data name="opening_hours"><value>Mo-Su 08:00-17:00</value></Data><Data name="operator"><value>Landstinget i Uppsala län</value></Data><Data name="phone"><value>+4629320200</value></Data><Data name="type"><value>multipolygon</value></Data><Data name="@geometry"><value>center</value></Data></ExtendedData><Point><coordinates>17.5144934,60.337002</coordinates></Point></Placemark><Placemark><name>Stenkilsgården</name><ExtendedData><Data name="@id"><value>relation/6582524</value></Data><Data name="amenity"><value>social_facility</value></Data><Data name="name"><value>Stenkilsgården</value></Data><Data name="operator"><value>Vara kommun</value></Data><Data name="social_facility"><value>assisted_living</value></Data><Data name="social_facility:for"><value>senior</value></Data><Data name="type"><value>multipolygon</value></Data><Data name="@geometry"><value>center</value></Data></ExtendedData><Point><coordinates>12.9144707,58.3271496</coordinates></Point></Placemark><Placemark><name>Fröslunda Vårdcentral</name><ExtendedData><Data name="@id"><value>relation/6612252</value></Data><Data name="amenity"><value>clinic</value></Data><Data name="building"><value>yes</value></Data><Data name="healthcare"><value>clinic</value></Data><Data name="name"><value>Fröslunda Vårdcentral</value></Data><Data name="type"><value>multipolygon</value></Data><Data name="@geometry"><value>center</value></Data></ExtendedData><Point><coordinates>16.4958973,59.3523891</coordinates></Point></Placemark><Placemark><name>Skaraborgs Sjukhus Mariestad</name><ExtendedData><Data name="@id"><value>relation/7241191</value></Data><Data name="brand"><value>Västra Götalandsregionen</value></Data><Data name="type"><value>multipolygon</value></Data><Data name="amenity"><value>hospital</value></Data><Data name="healthcare"><value>hospital</value></Data><Data name="name"><value>Skaraborgs Sjukhus Mariestad</value></Data><Data name="operator"><value>Västra Götalandsregionen</value></Data><Data name="@geometry"><value>center</value></Data></ExtendedData><Point><coordinates>13.795187,58.7047807</coordinates></Point></Placemark><Placemark><name>Angereds Närsjukhus</name><ExtendedData><Data name="@id"><value>relation/7370484</value></Data><Data name="wikidata"><value>Q10411783</value></Data><Data name="type"><value>multipolygon</value></Data><Data name="name"><value>Angereds Närsjukhus</value></Data><Data name="building:levels"><value>3</value></Data><Data name="addr:country"><value>SE</value></Data><Data name="addr:housenumber"><value>1</value></Data><Data name="addr:street"><value>Halmtorget</value></Data><Data name="amenity"><value>hospital</value></Data><Data name="building"><value>hospital</value></Data><Data name="@geometry"><value>center</value></Data></ExtendedData><Point><coordinates>12.0477377,57.7964212</coordinates></Point></Placemark><Placemark><name>Gullspång vårdcentrum</name><ExtendedData><Data name="@id"><value>relation/7456434</value></Data><Data name="amenity"><value>hospital</value></Data><Data name="building"><value>yes</value></Data><Data name="emergency"><value>no</value></Data><Data name="name"><value>Gullspång vårdcentrum</value></Data><Data name="type"><value>multipolygon</value></Data><Data name="@geometry"><value>center</value></Data></ExtendedData><Point><coordinates>14.0878785,58.979319</coordinates></Point></Placemark><Placemark><name>Vårdcentralen Sjöcrona</name><ExtendedData><Data name="@id"><value>relation/7594481</value></Data><Data name="addr:city"><value>Höganäs</value></Data><Data name="addr:country"><value>SE</value></Data><Data name="addr:housenumber"><value>2</value></Data><Data name="addr:street"><value>Decauvillegatan</value></Data><Data name="amenity"><value>clinic</value></Data><Data name="building"><value>yes</value></Data><Data name="building:levels"><value>1</value></Data><Data name="healthcare"><value>clinic</value></Data><Data name="name"><value>Vårdcentralen Sjöcrona</value></Data><Data name="type"><value>multipolygon</value></Data><Data name="@geometry"><value>center</value></Data></ExtendedData><Point><coordinates>12.5770223,56.1961658</coordinates></Point></Placemark><Placemark><name>Vråens vårdcentral</name><ExtendedData><Data name="@id"><value>relation/7640967</value></Data><Data name="addr:city"><value>Värnamo</value></Data><Data name="addr:country"><value>SE</value></Data><Data name="addr:housenumber"><value>31</value></Data><Data name="addr:postcode"><value>33185</value></Data><Data name="addr:street"><value>Vråenvägen</value></Data><Data name="amenity"><value>clinic</value></Data><Data name="building"><value>yes</value></Data><Data name="healthcare"><value>clinic</value></Data><Data name="name"><value>Vråens vårdcentral</value></Data><Data name="opening_hours"><value>Mo-Fr 08:00-17:00</value></Data><Data name="type"><value>multipolygon</value></Data><Data name="website"><value>https://www.rjl.se/vardcentralernabraliv/Vardcentraler/Vraens-vardcentral/</value></Data><Data name="@geometry"><value>center</value></Data></ExtendedData><Point><coordinates>14.0675734,57.1822722</coordinates></Point></Placemark><Placemark><name>Kolla äldreboende</name><ExtendedData><Data name="@id"><value>relation/7727229</value></Data><Data name="name"><value>Kolla äldreboende</value></Data><Data name="type"><value>multipolygon</value></Data><Data name="social_facility"><value>nursing_home</value></Data><Data name="amenity"><value>social_facility</value></Data><Data name="building"><value>yes</value></Data><Data name="social_facility:for"><value>senior</value></Data><Data name="@geometry"><value>center</value></Data></ExtendedData><Point><coordinates>12.0629798,57.4810922</coordinates></Point></Placemark><Placemark><ExtendedData><Data name="@id"><value>relation/7878846</value></Data><Data name="amenity"><value>clinic</value></Data><Data name="type"><value>multipolygon</value></Data><Data name="@geometry"><value>center</value></Data></ExtendedData><Point><coordinates>14.2304581,60.516154</coordinates></Point></Placemark><Placemark><name>Tunagården</name><ExtendedData><Data name="@id"><value>relation/8242001</value></Data><Data name="addr:city"><value>Eskilstuna</value></Data><Data name="addr:country"><value>SE</value></Data><Data name="addr:housenumber"><value>2</value></Data><Data name="addr:postcode"><value>633 56</value></Data><Data name="addr:street"><value>Svante Lundkvists gata</value></Data><Data name="amenity"><value>social_facility</value></Data><Data name="building"><value>yes</value></Data><Data name="healthcare"><value>hospital</value></Data><Data name="name"><value>Tunagården</value></Data><Data name="operator"><value>Eskilstuna kommun</value></Data><Data name="social_facility"><value>nursing_home</value></Data><Data name="social_facility:for"><value>senior</value></Data><Data name="type"><value>multipolygon</value></Data><Data name="url"><value>https://www.eskilstuna.se/omsorg-och-stod/aldreomsorg-och-senior/boenden-for-aldre/vard--och-omsorgsboenden-sarskilt-boende/tunagarden.html</value></Data><Data name="@geometry"><value>center</value></Data></ExtendedData><Point><coordinates>16.5262427,59.3580028</coordinates></Point></Placemark><Placemark><name>Koltrasten</name><ExtendedData><Data name="@id"><value>relation/8341932</value></Data><Data name="addr:country"><value>SE</value></Data><Data name="addr:housenumber"><value>139</value></Data><Data name="addr:street"><value>Koltrastvägen</value></Data><Data name="amenity"><value>social_facility</value></Data><Data name="building"><value>yes</value></Data><Data name="name"><value>Koltrasten</value></Data><Data name="opening_hours"><value>24/7</value></Data><Data name="operator"><value>Härnösands Kommun</value></Data><Data name="social_facility"><value>nursing_home</value></Data><Data name="social_facility:for"><value>senior</value></Data><Data name="type"><value>multipolygon</value></Data><Data name="website"><value>https://www.harnosand.se/stodochomsorg/funktionsnedsattningochpsykiskohalsa/boende/kontaktuppgiftertillvaraboenden.4.4bdf634915b0f61ea4e3ea2.html</value></Data><Data name="wheelchair"><value>yes</value></Data><Data name="@geometry"><value>center</value></Data></ExtendedData><Point><coordinates>17.9572894,62.620136</coordinates></Point></Placemark><Placemark><name>Ängelholms sjukhus</name><ExtendedData><Data name="@id"><value>relation/8382766</value></Data><Data name="wikidata"><value>Q10725865</value></Data><Data name="amenity"><value>hospital</value></Data><Data name="emergency"><value>yes</value></Data><Data name="health_specialty:emergency_medicine"><value>yes</value></Data><Data name="health_specialty:family_medicine"><value>yes</value></Data><Data name="health_specialty:orthopaedics"><value>yes</value></Data><Data name="health_specialty:surgery"><value>yes</value></Data><Data name="healthcare"><value>hospital</value></Data><Data name="name"><value>Ängelholms sjukhus</value></Data><Data name="opening_hours"><value>Mo-Su 08:00-20:00</value></Data><Data name="type"><value>multipolygon</value></Data><Data name="@geometry"><value>center</value></Data></ExtendedData><Point><coordinates>12.8560039,56.2392057</coordinates></Point></Placemark><Placemark><name>Äldreboende Furugården</name><ExtendedData><Data name="@id"><value>relation/8497062</value></Data><Data name="amenity"><value>social_facility</value></Data><Data name="building"><value>yes</value></Data><Data name="name"><value>Äldreboende Furugården</value></Data><Data name="social_facility"><value>nursing_home</value></Data><Data name="social_facility:for"><value>senior</value></Data><Data name="type"><value>multipolygon</value></Data><Data name="@geometry"><value>center</value></Data></ExtendedData><Point><coordinates>17.0074193,60.6450709</coordinates></Point></Placemark><Placemark><name>Tåstorps Demenscentrum</name><ExtendedData><Data name="@id"><value>relation/8840117</value></Data><Data name="amenity"><value>social_facility</value></Data><Data name="building"><value>yes</value></Data><Data name="name"><value>Tåstorps Demenscentrum</value></Data><Data name="operator"><value>Falköpings kommun</value></Data><Data name="social_facility"><value>group_home</value></Data><Data name="social_facility:for"><value>senior</value></Data><Data name="type"><value>multipolygon</value></Data><Data name="@geometry"><value>center</value></Data></ExtendedData><Point><coordinates>13.5797471,58.1736464</coordinates></Point></Placemark><Placemark><name>Bedagårdens äldreboende</name><ExtendedData><Data name="@id"><value>relation/8864273</value></Data><Data name="name"><value>Bedagårdens äldreboende</value></Data><Data name="type"><value>multipolygon</value></Data><Data name="social_facility"><value>nursing_home</value></Data><Data name="amenity"><value>social_facility</value></Data><Data name="building"><value>yes</value></Data><Data name="social_facility:for"><value>senior</value></Data><Data name="@geometry"><value>center</value></Data></ExtendedData><Point><coordinates>12.0401353,57.4362665</coordinates></Point></Placemark><Placemark><name>Munkhättans gruppboende</name><ExtendedData><Data name="@id"><value>relation/8888297</value></Data><Data name="amenity"><value>social_facility</value></Data><Data name="building"><value>yes</value></Data><Data name="name"><value>Munkhättans gruppboende</value></Data><Data name="social_facility"><value>group_home</value></Data><Data name="social_facility:for"><value>senior</value></Data><Data name="type"><value>multipolygon</value></Data><Data name="@geometry"><value>center</value></Data></ExtendedData><Point><coordinates>11.9938775,57.4652617</coordinates></Point></Placemark><Placemark><name>Ringhems äldreboende</name><ExtendedData><Data name="@id"><value>relation/8973406</value></Data><Data name="amenity"><value>social_facility</value></Data><Data name="building"><value>yes</value></Data><Data name="name"><value>Ringhems äldreboende</value></Data><Data name="operator"><value>Vänersborgs kommun</value></Data><Data name="social_facility"><value>group_home</value></Data><Data name="social_facility:for"><value>senior</value></Data><Data name="type"><value>multipolygon</value></Data><Data name="@geometry"><value>center</value></Data></ExtendedData><Point><coordinates>12.2755162,58.4934921</coordinates></Point></Placemark><Placemark><name>Bygårdens äldreboende</name><ExtendedData><Data name="@id"><value>relation/9062661</value></Data><Data name="amenity"><value>social_facility</value></Data><Data name="building"><value>yes</value></Data><Data name="name"><value>Bygårdens äldreboende</value></Data><Data name="operator"><value>Härryda kommun</value></Data><Data name="social_facility"><value>group_home</value></Data><Data name="social_facility:for"><value>senior</value></Data><Data name="type"><value>multipolygon</value></Data><Data name="@geometry"><value>center</value></Data></ExtendedData><Point><coordinates>12.2100001,57.6842264</coordinates></Point></Placemark><Placemark><name>Frustunagården</name><ExtendedData><Data name="@id"><value>relation/9188749</value></Data><Data name="amenity"><value>social_facility</value></Data><Data name="building"><value>yes</value></Data><Data name="name"><value>Frustunagården</value></Data><Data name="social_facility"><value>nursing_home</value></Data><Data name="type"><value>multipolygon</value></Data><Data name="@geometry"><value>center</value></Data></ExtendedData><Point><coordinates>17.3007288,59.0459691</coordinates></Point></Placemark><Placemark><name>Byalagsgatan 3</name><ExtendedData><Data name="@id"><value>relation/9220701</value></Data><Data name="operator"><value>Göteborgs stad</value></Data><Data name="type"><value>multipolygon</value></Data><Data name="social_facility:for"><value>senior</value></Data><Data name="amenity"><value>social_facility</value></Data><Data name="building"><value>yes</value></Data><Data name="name"><value>Byalagsgatan 3</value></Data><Data name="old_name"><value>Kyrkbyhemmet</value></Data><Data name="social_facility"><value>group_home</value></Data><Data name="@geometry"><value>center</value></Data></ExtendedData><Point><coordinates>11.913537,57.711776</coordinates></Point></Placemark><Placemark><name>Zakrisdals vårdboende</name><ExtendedData><Data name="@id"><value>relation/9768439</value></Data><Data name="type"><value>multipolygon</value></Data><Data name="social_facility"><value>nursing_home</value></Data><Data name="amenity"><value>social_facility</value></Data><Data name="building"><value>yes</value></Data><Data name="name"><value>Zakrisdals vårdboende</value></Data><Data name="@geometry"><value>center</value></Data></ExtendedData><Point><coordinates>13.4432545,59.367772</coordinates></Point></Placemark><Placemark><name>Heffnersgården</name><ExtendedData><Data name="@id"><value>relation/9774482</value></Data><Data name="addr:city"><value>Sundsvall</value></Data><Data name="addr:country"><value>SE</value></Data><Data name="addr:housenumber"><value>12</value></Data><Data name="addr:postcode"><value>856 31</value></Data><Data name="addr:street"><value>Bruksgatan</value></Data><Data name="amenity"><value>social_facility</value></Data><Data name="building"><value>yes</value></Data><Data name="name"><value>Heffnersgården</value></Data><Data name="operator"><value>Sundsvalls kommun</value></Data><Data name="operator:type"><value>community</value></Data><Data name="social_facility"><value>nursing_home</value></Data><Data name="social_facility:for"><value>senior</value></Data><Data name="type"><value>multipolygon</value></Data><Data name="wheelchair"><value>yes</value></Data><Data name="@geometry"><value>center</value></Data></ExtendedData><Point><coordinates>17.3450285,62.398032</coordinates></Point></Placemark><Placemark><name>Ryttershovs äldreboende</name><ExtendedData><Data name="@id"><value>relation/10206544</value></Data><Data name="building"><value>yes</value></Data><Data name="addr:city"><value>Ulricehamn</value></Data><Data name="addr:country"><value>SE</value></Data><Data name="addr:housenumber"><value>1</value></Data><Data name="addr:postcode"><value>52338</value></Data><Data name="addr:street"><value>Hestervägen</value></Data><Data name="amenity"><value>social_facility</value></Data><Data name="name"><value>Ryttershovs äldreboende</value></Data><Data name="social_facility"><value>nursing_home</value></Data><Data name="social_facility:for"><value>senior</value></Data><Data name="type"><value>multipolygon</value></Data><Data name="@geometry"><value>center</value></Data></ExtendedData><Point><coordinates>13.4364169,57.8023467</coordinates></Point></Placemark><Placemark><name>Vidablick</name><ExtendedData><Data name="@id"><value>relation/10271694</value></Data><Data name="amenity"><value>social_facility</value></Data><Data name="name"><value>Vidablick</value></Data><Data name="social_facility"><value>senior</value></Data><Data name="type"><value>multipolygon</value></Data><Data name="website"><value>http://www.ronneby.se/sv/omsorg-hjalp/boenden-sarskilda/sarskilt-boende/ronneby/vidablicksvagen-1-och-3/</value></Data><Data name="@geometry"><value>center</value></Data></ExtendedData><Point><coordinates>15.2731178,56.1993247</coordinates></Point></Placemark><Placemark><name>Mörbylånga hälsocentral</name><ExtendedData><Data name="@id"><value>relation/10272747</value></Data><Data name="amenity"><value>clinic</value></Data><Data name="healthcare"><value>clinic</value></Data><Data name="name"><value>Mörbylånga hälsocentral</value></Data><Data name="neighborhood"><value>Alvan</value></Data><Data name="type"><value>multipolygon</value></Data><Data name="@geometry"><value>center</value></Data></ExtendedData><Point><coordinates>16.3947961,56.5223699</coordinates></Point></Placemark><Placemark><name>Gävle Strands vård- och omsorgsboende</name><ExtendedData><Data name="@id"><value>relation/10355797</value></Data><Data name="addr:city"><value>Gävle</value></Data><Data name="addr:country"><value>SE</value></Data><Data name="addr:housenumber"><value>3</value></Data><Data name="addr:street"><value>Wilhelmina Skoghs gata</value></Data><Data name="amenity"><value>social_facility</value></Data><Data name="building"><value>yes</value></Data><Data name="building:levels"><value>4</value></Data><Data name="name"><value>Gävle Strands vård- och omsorgsboende</value></Data><Data name="social_facility"><value>nursing_home</value></Data><Data name="social_facility:for"><value>senior</value></Data><Data name="type"><value>multipolygon</value></Data><Data name="wheelchair"><value>yes</value></Data><Data name="@geometry"><value>center</value></Data></ExtendedData><Point><coordinates>17.1681042,60.681546</coordinates></Point></Placemark><Placemark><name>Migrationsverket</name><ExtendedData><Data name="@id"><value>relation/10410892</value></Data><Data name="amenity"><value>social_facility</value></Data><Data name="government"><value>administrative</value></Data><Data name="name"><value>Migrationsverket</value></Data><Data name="office"><value>government</value></Data><Data name="social_facility"><value>shelter</value></Data><Data name="social_facility:for"><value>migrant</value></Data><Data name="type"><value>multipolygon</value></Data><Data name="website"><value>https://www.migrationsverket.se/</value></Data><Data name="@geometry"><value>center</value></Data></ExtendedData><Point><coordinates>12.0724155,57.6051056</coordinates></Point></Placemark><Placemark><name>Hallands sjukhus Halmstad</name><ExtendedData><Data name="@id"><value>relation/10460973</value></Data><Data name="type"><value>multipolygon</value></Data><Data name="addr:city"><value>Halmstad</value></Data><Data name="addr:street"><value>Lasarettsvägen</value></Data><Data name="amenity"><value>hospital</value></Data><Data name="contact:phone"><value>+46 35-131000</value></Data><Data name="contact:website"><value>http://www.regionhalland.se/hallandssjukhushalmstad</value></Data><Data name="emergency"><value>yes</value></Data><Data name="emergency:paediatric"><value>yes</value></Data><Data name="health_specialty:emergency_medicine"><value>yes</value></Data><Data name="health_specialty:family_medicine"><value>yes</value></Data><Data name="health_specialty:intensive_care_medicine"><value>yes</value></Data><Data name="health_specialty:orthopaedics"><value>yes</value></Data><Data name="health_specialty:paediatrics"><value>yes</value></Data><Data name="health_specialty:surgery"><value>yes</value></Data><Data name="health_specialty:vascular_surgery"><value>yes</value></Data><Data name="name"><value>Hallands sjukhus Halmstad</value></Data><Data name="opening_hours"><value>24/7</value></Data><Data name="@geometry"><value>center</value></Data></ExtendedData><Point><coordinates>12.8463704,56.6816136</coordinates></Point></Placemark><Placemark><name>Södra Älvsborgs Sjukhus Skene</name><ExtendedData><Data name="@id"><value>relation/10648276</value></Data><Data name="amenity"><value>hospital</value></Data><Data name="healthcare"><value>hospital</value></Data><Data name="name"><value>Södra Älvsborgs Sjukhus Skene</value></Data><Data name="type"><value>multipolygon</value></Data><Data name="@geometry"><value>center</value></Data></ExtendedData><Point><coordinates>12.6471814,57.4928256</coordinates></Point></Placemark><Placemark><name>Östra Sjukhuset</name><ExtendedData><Data name="@id"><value>relation/10757570</value></Data><Data name="operator"><value>Västra Götalands regionen</value></Data><Data name="check_date"><value>2022-10-30</value></Data><Data name="wikidata"><value>Q30302690</value></Data><Data name="wheelchair"><value>yes</value></Data><Data name="website"><value>https://www.sahlgrenska.se/</value></Data><Data name="type"><value>multipolygon</value></Data><Data name="amenity"><value>hospital</value></Data><Data name="emergency"><value>yes</value></Data><Data name="health_specialty:emergency_medicine"><value>yes</value></Data><Data name="health_specialty:family_medicine"><value>yes</value></Data><Data name="health_specialty:intensive_care_medicine"><value>yes</value></Data><Data name="health_specialty:orthopaedics"><value>yes</value></Data><Data name="health_specialty:surgery"><value>yes</value></Data><Data name="healthcare"><value>hospital</value></Data><Data name="internet_access"><value>wlan</value></Data><Data name="internet_access:fee"><value>no</value></Data><Data name="name"><value>Östra Sjukhuset</value></Data><Data name="opening_hours"><value>24/7</value></Data><Data name="short_name"><value>SU/Ö</value></Data><Data name="@geometry"><value>center</value></Data></ExtendedData><Point><coordinates>12.051645,57.7206696</coordinates></Point></Placemark><Placemark><name>Hallands sjukhus Varberg</name><ExtendedData><Data name="@id"><value>relation/10950273</value></Data><Data name="wikidata"><value>Q7915503</value></Data><Data name="amenity"><value>hospital</value></Data><Data name="emergency"><value>yes</value></Data><Data name="health_specialty:emergency_medicine"><value>yes</value></Data><Data name="health_specialty:family_medicine"><value>yes</value></Data><Data name="health_specialty:intensive_care_medicine"><value>yes</value></Data><Data name="health_specialty:orthopaedics"><value>yes</value></Data><Data name="health_specialty:paediatrics"><value>yes</value></Data><Data name="health_specialty:surgery"><value>yes</value></Data><Data name="name"><value>Hallands sjukhus Varberg</value></Data><Data name="opening_hours"><value>24/7</value></Data><Data name="type"><value>multipolygon</value></Data><Data name="website"><value>https://www.regionhalland.se/vard-halsa/hitta-din-vard/sjukhuset-i-varberg</value></Data><Data name="@geometry"><value>center</value></Data></ExtendedData><Point><coordinates>12.2776312,57.0985688</coordinates></Point></Placemark><Placemark><name>Djupängen</name><ExtendedData><Data name="@id"><value>relation/11105514</value></Data><Data name="addr:city"><value>Skoghall</value></Data><Data name="addr:country"><value>SE</value></Data><Data name="addr:housenumber"><value>1</value></Data><Data name="addr:postcode"><value>66334</value></Data><Data name="addr:street"><value>Djupsundsvägen</value></Data><Data name="amenity"><value>social_facility</value></Data><Data name="building"><value>yes</value></Data><Data name="name"><value>Djupängen</value></Data><Data name="opening_date"><value>2020</value></Data><Data name="social_facility"><value>group_home</value></Data><Data name="social_facility:for"><value>senior</value></Data><Data name="type"><value>multipolygon</value></Data><Data name="website"><value>https://www.hammaro.se/Stod--omsorg/Aldreomsorg/Boende/nyttsarskiltboende/</value></Data><Data name="wheelchair"><value>yes</value></Data><Data name="@geometry"><value>center</value></Data></ExtendedData><Point><coordinates>13.4764375,59.3340407</coordinates></Point></Placemark><Placemark><name>Ljungsätra</name><ExtendedData><Data name="@id"><value>relation/11186156</value></Data><Data name="amenity"><value>social_facility</value></Data><Data name="name"><value>Ljungsätra</value></Data><Data name="operator"><value>Region Kronoberg</value></Data><Data name="operator:type"><value>government</value></Data><Data name="social_facility"><value>nursing_home</value></Data><Data name="social_facility:for"><value>senior</value></Data><Data name="type"><value>multipolygon</value></Data><Data name="wheelchair"><value>yes</value></Data><Data name="@geometry"><value>center</value></Data></ExtendedData><Point><coordinates>13.9500735,56.8295123</coordinates></Point></Placemark><Placemark><ExtendedData><Data name="@id"><value>relation/11187773</value></Data><Data name="amenity"><value>social_facility</value></Data><Data name="building"><value>yes</value></Data><Data name="social_facility"><value>nursing_home</value></Data><Data name="social_facility:for"><value>senior</value></Data><Data name="type"><value>multipolygon</value></Data><Data name="@geometry"><value>center</value></Data></ExtendedData><Point><coordinates>13.9498206,56.8295001</coordinates></Point></Placemark><Placemark><ExtendedData><Data name="@id"><value>relation/11307024</value></Data><Data name="amenity"><value>nursing_home</value></Data><Data name="type"><value>multipolygon</value></Data><Data name="@geometry"><value>center</value></Data></ExtendedData><Point><coordinates>11.902662,57.7310325</coordinates></Point></Placemark><Placemark><name>Värnamo sjukhus</name><ExtendedData><Data name="@id"><value>relation/11587856</value></Data><Data name="amenity"><value>hospital</value></Data><Data name="emergency"><value>yes</value></Data><Data name="healthcare"><value>hospital</value></Data><Data name="healthcare:speciality"><value>general;surgery;orthopaedics;family_medicine;emergency</value></Data><Data name="name"><value>Värnamo sjukhus</value></Data><Data name="opening_hours"><value>24/7</value></Data><Data name="operator"><value>Region Jönköpings län</value></Data><Data name="operator:type"><value>public</value></Data><Data name="operator:wikidata"><value>Q3231587</value></Data><Data name="start_date"><value>1976</value></Data><Data name="type"><value>multipolygon</value></Data><Data name="website"><value>https://www.rjl.se/varnamosjukhus</value></Data><Data name="wikidata"><value>Q7944365</value></Data><Data name="wikipedia"><value>sv:Värnamo sjukhus</value></Data><Data name="@geometry"><value>center</value></Data></ExtendedData><Point><coordinates>14.029285,57.1736325</coordinates></Point></Placemark><Placemark><name>Slottet</name><ExtendedData><Data name="@id"><value>relation/11795651</value></Data><Data name="type"><value>multipolygon</value></Data><Data name="roof:shape"><value>gabled</value></Data><Data name="name"><value>Slottet</value></Data><Data name="building:material"><value>wood</value></Data><Data name="building:levels"><value>4</value></Data><Data name="building"><value>apartments</value></Data><Data name="amenity"><value>social_facility</value></Data><Data name="@geometry"><value>center</value></Data></ExtendedData><Point><coordinates>15.6271408,60.624956</coordinates></Point></Placemark><Placemark><name>Öxnehaga vårdcentral</name><ExtendedData><Data name="@id"><value>relation/12127428</value></Data><Data name="amenity"><value>clinic</value></Data><Data name="building"><value>yes</value></Data><Data name="healthcare"><value>clinic</value></Data><Data name="layer"><value>1</value></Data><Data name="name"><value>Öxnehaga vårdcentral</value></Data><Data name="type"><value>multipolygon</value></Data><Data name="@geometry"><value>center</value></Data></ExtendedData><Point><coordinates>14.2654293,57.7747183</coordinates></Point></Placemark><Placemark><name>Risholnsgården</name><ExtendedData><Data name="@id"><value>relation/12209927</value></Data><Data name="addr:city"><value>Sundborn</value></Data><Data name="addr:country"><value>SE</value></Data><Data name="addr:housenumber"><value>16</value></Data><Data name="addr:postcode"><value>791 15</value></Data><Data name="addr:street"><value>Parkvägen</value></Data><Data name="amenity"><value>social_facility</value></Data><Data name="building"><value>yes</value></Data><Data name="name"><value>Risholnsgården</value></Data><Data name="operator"><value>Falu Kommun</value></Data><Data name="operator:type"><value>government</value></Data><Data name="social_facility"><value>nursing_home</value></Data><Data name="social_facility:for"><value>senior</value></Data><Data name="type"><value>multipolygon</value></Data><Data name="website"><value>https://www.falun.se/stod--omsorg/boenden-sarskilda/aldreboende/risholnsgarden.html</value></Data><Data name="@geometry"><value>center</value></Data></ExtendedData><Point><coordinates>15.7923216,60.6182801</coordinates></Point></Placemark><Placemark><name>Gunnarskärsgården</name><ExtendedData><Data name="@id"><value>relation/12495118</value></Data><Data name="amenity"><value>social_facility</value></Data><Data name="name"><value>Gunnarskärsgården</value></Data><Data name="social_facility"><value>assisted_living</value></Data><Data name="type"><value>multipolygon</value></Data><Data name="@geometry"><value>center</value></Data></ExtendedData><Point><coordinates>13.4927297,59.3220462</coordinates></Point></Placemark><Placemark><name>SiS ungdomshem Nereby</name><ExtendedData><Data name="@id"><value>relation/12584373</value></Data><Data name="amenity"><value>social_facility</value></Data><Data name="contact:website"><value>https://www.stat-inst.se/var-verksamhet/vard-av-unga/vara-ungdomshem/nereby/</value></Data><Data name="name"><value>SiS ungdomshem Nereby</value></Data><Data name="operator"><value>Statens institutionsstyrelse</value></Data><Data name="social_facility"><value>group_home</value></Data><Data name="social_facility:for"><value>juvenile</value></Data><Data name="type"><value>multipolygon</value></Data><Data name="@geometry"><value>center</value></Data></ExtendedData><Point><coordinates>11.8460861,57.8092913</coordinates></Point></Placemark><Placemark><name>Mogårdens äldreboende</name><ExtendedData><Data name="@id"><value>relation/12648732</value></Data><Data name="addr:city"><value>Bottnaryd</value></Data><Data name="addr:country"><value>SE</value></Data><Data name="addr:housenumber"><value>1</value></Data><Data name="addr:postcode"><value>56576</value></Data><Data name="addr:street"><value>Mostigen</value></Data><Data name="amenity"><value>social_facility</value></Data><Data name="building"><value>civic</value></Data><Data name="name"><value>Mogårdens äldreboende</value></Data><Data name="operator"><value>Jönköpings kommun</value></Data><Data name="social_facility"><value>nursing_home</value></Data><Data name="social_facility:for"><value>senior</value></Data><Data name="type"><value>multipolygon</value></Data><Data name="@geometry"><value>center</value></Data></ExtendedData><Point><coordinates>13.8268187,57.7738614</coordinates></Point></Placemark><Placemark><name>Mölndals Sjukhus</name><ExtendedData><Data name="@id"><value>relation/12707317</value></Data><Data name="name"><value>Mölndals Sjukhus</value></Data><Data name="wikipedia"><value>sv:Mölndals sjukhus</value></Data><Data name="amenity"><value>hospital</value></Data><Data name="emergency"><value>yes</value></Data><Data name="health_specialty:emergency_medicine"><value>yes</value></Data><Data name="health_specialty:family_medicine"><value>yes</value></Data><Data name="health_specialty:intensive_care_medicine"><value>yes</value></Data><Data name="health_specialty:orthopaedics"><value>yes</value></Data><Data name="health_specialty:surgery"><value>no</value></Data><Data name="healthcare"><value>hospital</value></Data><Data name="opening_hours"><value>24/7</value></Data><Data name="short_name"><value>SU/M</value></Data><Data name="type"><value>multipolygon</value></Data><Data name="website"><value>https://www.sahlgrenska.se/sjukhus/molndals-sjukhus/</value></Data><Data name="wikidata"><value>Q22977108</value></Data><Data name="@geometry"><value>center</value></Data></ExtendedData><Point><coordinates>12.0108011,57.6610236</coordinates></Point></Placemark><Placemark><name>Sehlstedts Vård- och omsorgsboende</name><ExtendedData><Data name="@id"><value>relation/12856585</value></Data><Data name="amenity"><value>social_facility</value></Data><Data name="building"><value>yes</value></Data><Data name="name"><value>Sehlstedts Vård- och omsorgsboende</value></Data><Data name="note"><value>Yes this is a &quot;correct&quot; estimated shape. This is another building now.</value></Data><Data name="old_name"><value>Bjurslätts Äldreboende</value></Data><Data name="operator"><value>Göteborgs Stad</value></Data><Data name="social_facility"><value>nursing_home</value></Data><Data name="social_facility:for"><value>senior</value></Data><Data name="type"><value>multipolygon</value></Data><Data name="@geometry"><value>center</value></Data></ExtendedData><Point><coordinates>11.9388446,57.727038</coordinates></Point></Placemark><Placemark><name>Nordängens äldreboende</name><ExtendedData><Data name="@id"><value>relation/13288701</value></Data><Data name="name"><value>Nordängens äldreboende</value></Data><Data name="type"><value>multipolygon</value></Data><Data name="social_facility:for"><value>senior</value></Data><Data name="addr:city"><value>Sjuntorp</value></Data><Data name="addr:country"><value>SE</value></Data><Data name="addr:housenumber"><value>18</value></Data><Data name="addr:postcode"><value>461 77</value></Data><Data name="addr:street"><value>Blackstorpsvägen</value></Data><Data name="amenity"><value>social_facility</value></Data><Data name="building"><value>yes</value></Data><Data name="social_facility"><value>nursing_home</value></Data><Data name="@geometry"><value>center</value></Data></ExtendedData><Point><coordinates>12.24057,58.197766</coordinates></Point></Placemark><Placemark><name>Drottning Silvias barnsjukhus</name><ExtendedData><Data name="@id"><value>relation/13327546</value></Data><Data name="type"><value>multipolygon</value></Data><Data name="alt_name"><value>Barnsjukhuset</value></Data><Data name="amenity"><value>hospital</value></Data><Data name="check_date"><value>2022-10-30</value></Data><Data name="emergency"><value>yes</value></Data><Data name="healthcare"><value>hospital</value></Data><Data name="healthcare:speciality"><value>paediatrics</value></Data><Data name="internet_access"><value>wlan</value></Data><Data name="internet_access:fee"><value>no</value></Data><Data name="name"><value>Drottning Silvias barnsjukhus</value></Data><Data name="name:en"><value>Queen Silvia's Children's Hospital</value></Data><Data name="operator"><value>Västra Götalandsregionen</value></Data><Data name="operator:type"><value>public</value></Data><Data name="short_name"><value>DSBS</value></Data><Data name="source:name"><value>https://www.sahlgrenska.se/for-dig-som-ar/patient/kartor-over-vara-sjukhus/karta-drottning-silvias-barn--och-ungdomssjukhus/</value></Data><Data name="website"><value>https://www.sahlgrenska.se/for-dig-som-ar/patient/kartor-over-vara-sjukhus/karta-drottning-silvias-barn--och-ungdomssjukhus/</value></Data><Data name="wheelchair"><value>yes</value></Data><Data name="wikidata"><value>Q18288613</value></Data><Data name="wikipedia"><value>sv:Drottning Silvias barnsjukhus</value></Data><Data name="@geometry"><value>center</value></Data></ExtendedData><Point><coordinates>12.0519603,57.7195325</coordinates></Point></Placemark><Placemark><name>Centrallasarettet Växjö</name><ExtendedData><Data name="@id"><value>relation/13413186</value></Data><Data name="amenity"><value>hospital</value></Data><Data name="emergency"><value>yes</value></Data><Data name="health_specialty:emergency_medicine"><value>yes</value></Data><Data name="health_specialty:family_medicine"><value>yes</value></Data><Data name="health_specialty:intensive_care_medicine"><value>yes</value></Data><Data name="health_specialty:orthopaedics"><value>yes</value></Data><Data name="health_specialty:surgery"><value>yes</value></Data><Data name="health_specialty:vascular_surgery"><value>yes</value></Data><Data name="healthcare"><value>hospital</value></Data><Data name="name"><value>Centrallasarettet Växjö</value></Data><Data name="opening_hours"><value>24/7</value></Data><Data name="type"><value>multipolygon</value></Data><Data name="@geometry"><value>center</value></Data></ExtendedData><Point><coordinates>14.8059628,56.874291</coordinates></Point></Placemark><Placemark><name>Gagnefsgården</name><ExtendedData><Data name="@id"><value>relation/13604424</value></Data><Data name="amenity"><value>social_facility</value></Data><Data name="name"><value>Gagnefsgården</value></Data><Data name="type"><value>multipolygon</value></Data><Data name="@geometry"><value>center</value></Data></ExtendedData><Point><coordinates>15.0689708,60.593159</coordinates></Point></Placemark><Placemark><name>Familjecentralen</name><ExtendedData><Data name="@id"><value>relation/13894276</value></Data><Data name="addr:city"><value>Värnamo</value></Data><Data name="addr:country"><value>SE</value></Data><Data name="addr:housenumber"><value>7B</value></Data><Data name="addr:postcode"><value>33152</value></Data><Data name="addr:street"><value>Doktorsgatan</value></Data><Data name="amenity"><value>clinic</value></Data><Data name="building"><value>yes</value></Data><Data name="contact:facebook"><value>familjecentralenvarnamo</value></Data><Data name="healthcare:speciality"><value>paediatrics;child_psychiatry;gynaecology</value></Data><Data name="name"><value>Familjecentralen</value></Data><Data name="phone"><value>+46 370-37 72 90</value></Data><Data name="type"><value>multipolygon</value></Data><Data name="website"><value>https://www.varnamo.se/varnamose/boochleva/utbildningomsorgochstod/familjecentralen</value></Data><Data name="@geometry"><value>center</value></Data></ExtendedData><Point><coordinates>14.0241251,57.1754734</coordinates></Point></Placemark><Placemark><name>Södra sjukhusområdet</name><ExtendedData><Data name="@id"><value>relation/14410078</value></Data><Data name="amenity"><value>hospital</value></Data><Data name="healthcare"><value>hospital</value></Data><Data name="name"><value>Södra sjukhusområdet</value></Data><Data name="type"><value>multipolygon</value></Data><Data name="@geometry"><value>center</value></Data></ExtendedData><Point><coordinates>12.8536013,56.2389881</coordinates></Point></Placemark><Placemark><name>Särskilt boende Slottsängen</name><ExtendedData><Data name="@id"><value>relation/14521857</value></Data><Data name="name"><value>Särskilt boende Slottsängen</value></Data><Data name="social_facility"><value>retirement_home</value></Data><Data name="type"><value>multipolygon</value></Data><Data name="amenity"><value>social_facility</value></Data><Data name="@geometry"><value>center</value></Data></ExtendedData><Point><coordinates>16.5642325,59.0563411</coordinates></Point></Placemark><Placemark><name>Gröna Lunden</name><description>Äldre- och demensboende</description><ExtendedData><Data name="@id"><value>relation/14526149</value></Data><Data name="addr:city"><value>Värnamo</value></Data><Data name="addr:country"><value>SE</value></Data><Data name="addr:housenumber"><value>30</value></Data><Data name="addr:postcode"><value>33150</value></Data><Data name="addr:street"><value>Sveavägen</value></Data><Data name="amenity"><value>social_facility</value></Data><Data name="building"><value>yes</value></Data><Data name="capacity"><value>35</value></Data><Data name="description"><value>Äldre- och demensboende</value></Data><Data name="name"><value>Gröna Lunden</value></Data><Data name="social_facility"><value>group_home</value></Data><Data name="social_facility:for"><value>senior</value></Data><Data name="type"><value>multipolygon</value></Data><Data name="@geometry"><value>center</value></Data></ExtendedData><Point><coordinates>14.0308705,57.1885348</coordinates></Point></Placemark><Placemark><name>Öbacka vårdcentral</name><ExtendedData><Data name="@id"><value>relation/14572132</value></Data><Data name="wheelchair"><value>yes</value></Data><Data name="healthcare:speciality"><value>community</value></Data><Data name="addr:city"><value>Härnösand</value></Data><Data name="addr:country"><value>SE</value></Data><Data name="addr:housenumber"><value>24</value></Data><Data name="addr:street"><value>Kapellgatan</value></Data><Data name="amenity"><value>clinic</value></Data><Data name="building"><value>hospital</value></Data><Data name="name"><value>Öbacka vårdcentral</value></Data><Data name="toilets"><value>unisex</value></Data><Data name="toilets:wheelchair"><value>yes</value></Data><Data name="type"><value>multipolygon</value></Data><Data name="@geometry"><value>center</value></Data></ExtendedData><Point><coordinates>17.957671,62.6320311</coordinates></Point></Placemark><Placemark><name>Skaraborgs sjukhus Skövde</name><ExtendedData><Data name="@id"><value>relation/14629580</value></Data><Data name="alt_name"><value>KSS</value></Data><Data name="amenity"><value>hospital</value></Data><Data name="brand"><value>Västra Götalandsregionen</value></Data><Data name="emergency"><value>yes</value></Data><Data name="health_specialty:emergency_medicine"><value>yes</value></Data><Data name="health_specialty:family_medicine"><value>yes</value></Data><Data name="health_specialty:intensive_care_medicine"><value>yes</value></Data><Data name="health_specialty:paediatrics"><value>yes</value></Data><Data name="health_specialty:surgery"><value>yes</value></Data><Data name="health_specialty:vascular_surgery"><value>yes</value></Data><Data name="healthcare"><value>hospital</value></Data><Data name="name"><value>Skaraborgs sjukhus Skövde</value></Data><Data name="old_name"><value>Kärnsjukhuset i Skövde</value></Data><Data name="opening_hours"><value>24/7</value></Data><Data name="operator"><value>Västra Götalandsregionen</value></Data><Data name="short_name"><value>SkaS Skövde</value></Data><Data name="wikidata"><value>Q10551871</value></Data><Data name="building"><value>hospital</value></Data><Data name="type"><value>multipolygon</value></Data><Data name="@geometry"><value>center</value></Data></ExtendedData><Point><coordinates>13.849029,58.4272313</coordinates></Point></Placemark><Placemark><name>Hagagården</name><ExtendedData><Data name="@id"><value>relation/14650985</value></Data><Data name="addr:city"><value>Glanshammar</value></Data><Data name="addr:country"><value>SE</value></Data><Data name="addr:housenumber"><value>17</value></Data><Data name="addr:postcode"><value>703 85</value></Data><Data name="addr:street"><value>Gamla Arbogavägen</value></Data><Data name="amenity"><value>social_facility</value></Data><Data name="name"><value>Hagagården</value></Data><Data name="social_facility"><value>nursing_home</value></Data><Data name="social_facility:for"><value>senior</value></Data><Data name="type"><value>multipolygon</value></Data><Data name="@geometry"><value>center</value></Data></ExtendedData><Point><coordinates>15.3996004,59.3181347</coordinates></Point></Placemark><Placemark><name>Oskarshamns Sjukhus</name><ExtendedData><Data name="@id"><value>relation/14678665</value></Data><Data name="operator"><value>Region Kalmar Län</value></Data><Data name="amenity"><value>hospital</value></Data><Data name="emergency"><value>yes</value></Data><Data name="healthcare"><value>hospital</value></Data><Data name="name"><value>Oskarshamns Sjukhus</value></Data><Data name="operator:type"><value>public</value></Data><Data name="type"><value>multipolygon</value></Data><Data name="@geometry"><value>center</value></Data></ExtendedData><Point><coordinates>16.4218116,57.2636569</coordinates></Point></Placemark><Placemark><name>Fredriksdals Vård- och omsorgsboende</name><ExtendedData><Data name="@id"><value>relation/14705822</value></Data><Data name="amenity"><value>social_facility</value></Data><Data name="name"><value>Fredriksdals Vård- och omsorgsboende</value></Data><Data name="social_facility"><value>nursing_home</value></Data><Data name="type"><value>multipolygon</value></Data><Data name="@geometry"><value>center</value></Data></ExtendedData><Point><coordinates>11.9969464,57.6828271</coordinates></Point></Placemark><Placemark><name>Gudarpsgården</name><ExtendedData><Data name="@id"><value>relation/15005507</value></Data><Data name="amenity"><value>social_facility</value></Data><Data name="building"><value>yes</value></Data><Data name="name"><value>Gudarpsgården</value></Data><Data name="social_facility"><value>nursing_home</value></Data><Data name="social_facility:for"><value>senior</value></Data><Data name="type"><value>multipolygon</value></Data><Data name="@geometry"><value>center</value></Data></ExtendedData><Point><coordinates>13.3501323,57.478772</coordinates></Point></Placemark><Placemark><name>Axets dagliga sysselsättning</name><ExtendedData><Data name="@id"><value>relation/15035614</value></Data><Data name="amenity"><value>social_facility</value></Data><Data name="name"><value>Axets dagliga sysselsättning</value></Data><Data name="social_facility:for"><value>mental_health</value></Data><Data name="type"><value>multipolygon</value></Data><Data name="website"><value>https://goteborg.se/wps/portal/enhetssida/axet-daglig-sysselsattning</value></Data><Data name="@geometry"><value>center</value></Data></ExtendedData><Point><coordinates>11.9327895,57.6677844</coordinates></Point></Placemark><Placemark><name>Sahlgrenska Universitetssjukhuset</name><ExtendedData><Data name="@id"><value>way/15220954</value></Data><Data name="wikipedia"><value>sv:Sahlgrenska Universitetssjukhuset</value></Data><Data name="wikidata"><value>Q3290496</value></Data><Data name="short_name"><value>SU/S</value></Data><Data name="operator:type"><value>public</value></Data><Data name="operator"><value>Västra Götalandsregionen</value></Data><Data name="opening_hours"><value>24/7</value></Data><Data name="name:zh-Hant"><value>薩赫爾格雷斯卡大學醫院</value></Data><Data name="name:zh-Hans"><value>萨赫尔格雷斯卡大学医院</value></Data><Data name="name:uk"><value>Сальгренська Університетська Лікарня</value></Data><Data name="amenity"><value>hospital</value></Data><Data name="contact:phone"><value>+46-31-342 10 00</value></Data><Data name="contact:website"><value>http://www.sahlgrenska.se/sv/SU/Sahlgrenska-Universitetssjukhuset/</value></Data><Data name="emergency"><value>yes</value></Data><Data name="health_specialty:cardiothoracic_surgery"><value>yes</value></Data><Data name="health_specialty:emergency_medicine"><value>yes</value></Data><Data name="health_specialty:family_medicine"><value>yes</value></Data><Data name="health_specialty:intensive"><value>yes</value></Data><Data name="health_specialty:intensive_care_medicine"><value>yes</value></Data><Data name="health_specialty:neurosurgery"><value>yes</value></Data><Data name="health_specialty:orthopaedics"><value>yes</value></Data><Data name="health_specialty:paediatrics"><value>yes</value></Data><Data name="health_specialty:surgery"><value>yes</value></Data><Data name="health_specialty:vascular_surgery"><value>yes</value></Data><Data name="healthcare"><value>hospital</value></Data><Data name="name"><value>Sahlgrenska Universitetssjukhuset</value></Data><Data name="name:ar"><value>مستشفى ساهلغرينسكا الجامعي</value></Data><Data name="name:en"><value>Sahlgrenska University Hospital</value></Data><Data name="name:es"><value>Hospital Universitario de Sahlgrenska</value></Data><Data name="name:fr"><value>Hôpital universitaire Sahlgrenska</value></Data><Data name="name:pt"><value>Hospital Universitário Sahlgrenska</value></Data><Data name="@geometry"><value>center</value></Data></ExtendedData><Point><coordinates>11.9613666,57.6817602</coordinates></Point></Placemark><Placemark><ExtendedData><Data name="@id"><value>way/16300368</value></Data><Data name="amenity"><value>hospital</value></Data><Data name="building"><value>yes</value></Data><Data name="healthcare"><value>hospital</value></Data><Data name="@geometry"><value>center</value></Data></ExtendedData><Point><coordinates>17.937697,59.3864028</coordinates></Point></Placemark><Placemark><name>Norrvikens vårdcentral</name><ExtendedData><Data name="@id"><value>way/23239642</value></Data><Data name="name"><value>Norrvikens vårdcentral</value></Data><Data name="amenity"><value>clinic</value></Data><Data name="@geometry"><value>center</value></Data></ExtendedData><Point><coordinates>17.9214629,59.4601632</coordinates></Point></Placemark><Placemark><name>Skarpnäcks Gård</name><ExtendedData><Data name="@id"><value>way/24014718</value></Data><Data name="amenity"><value>social_facility</value></Data><Data name="building"><value>yes</value></Data><Data name="building:colour"><value>yellow</value></Data><Data name="building:levels"><value>2</value></Data><Data name="building:material"><value>plaster</value></Data><Data name="name"><value>Skarpnäcks Gård</value></Data><Data name="roof:colour"><value>black</value></Data><Data name="start_date"><value>1867</value></Data><Data name="website"><value>https://nytida.se/verksamheter/skarpnacksgarden-herrgarden/</value></Data><Data name="wikidata"><value>Q16740498</value></Data><Data name="wikipedia"><value>sv:Skarpnäcks gård (gods)</value></Data><Data name="@geometry"><value>center</value></Data></ExtendedData><Point><coordinates>18.1462662,59.2674387</coordinates></Point></Placemark><Placemark><name>Förenade Care Vinddraget vård- och omsorgsboende</name><ExtendedData><Data name="@id"><value>way/24558813</value></Data><Data name="social_facility:for"><value>senior</value></Data><Data name="building"><value>yes</value></Data><Data name="source"><value>Bing</value></Data><Data name="addr:city"><value>Gävle</value></Data><Data name="addr:country"><value>SE</value></Data><Data name="addr:housenumber"><value>14</value></Data><Data name="addr:street"><value>Vinddraget</value></Data><Data name="amenity"><value>social_facility</value></Data><Data name="name"><value>Förenade Care Vinddraget vård- och omsorgsboende</value></Data><Data name="social_facility"><value>nursing_home</value></Data><Data name="@geometry"><value>center</value></Data></ExtendedData><Point><coordinates>17.1367489,60.650064</coordinates></Point></Placemark><Placemark><name>Kronparksgården</name><ExtendedData><Data name="@id"><value>way/25017484</value></Data><Data name="amenity"><value>social_facility</value></Data><Data name="building"><value>yes</value></Data><Data name="name"><value>Kronparksgården</value></Data><Data name="social_facility"><value>nursing_home</value></Data><Data name="social_facility:for"><value>senior</value></Data><Data name="@geometry"><value>center</value></Data></ExtendedData><Point><coordinates>17.6507154,59.8280269</coordinates></Point></Placemark><Placemark><name>Högsätra äldreboende</name><ExtendedData><Data name="@id"><value>way/27488025</value></Data><Data name="source"><value>Yahoo</value></Data><Data name="amenity"><value>social_facility</value></Data><Data name="building"><value>yes</value></Data><Data name="name"><value>Högsätra äldreboende</value></Data><Data name="social_facility"><value>group_home</value></Data><Data name="social_facility:for"><value>senior</value></Data><Data name="@geometry"><value>center</value></Data></ExtendedData><Point><coordinates>18.1525388,59.3505923</coordinates></Point></Placemark><Placemark><name>Kungsgärdets vårdcentral</name><ExtendedData><Data name="@id"><value>way/27652344</value></Data><Data name="website"><value>http://www.lul.se/sv/Vard-halsa/Sjukvard/Primarvard/Landstingets-vardcentraler/Vardcentral/Kungsgardets-vardcentral/</value></Data><Data name="addr:city"><value>Uppsala</value></Data><Data name="addr:country"><value>SE</value></Data><Data name="addr:housenumber"><value>28A</value></Data><Data name="addr:street"><value>Sankt Johannesgatan</value></Data><Data name="amenity"><value>clinic</value></Data><Data name="emergency"><value>no</value></Data><Data name="name"><value>Kungsgärdets vårdcentral</value></Data><Data name="source"><value>yahoo!</value></Data><Data name="building"><value>yes</value></Data><Data name="@geometry"><value>center</value></Data></ExtendedData><Point><coordinates>17.6203985,59.8552119</coordinates></Point></Placemark><Placemark><name>Sockens Vård- och omsorgsboende</name><ExtendedData><Data name="@id"><value>way/28260706</value></Data><Data name="social_facility:for"><value>senior</value></Data><Data name="social_facility"><value>group_home</value></Data><Data name="building"><value>yes</value></Data><Data name="addr:country"><value>SE</value></Data><Data name="addr:housenumber"><value>28</value></Data><Data name="addr:street"><value>Sockenvägen</value></Data><Data name="amenity"><value>social_facility</value></Data><Data name="name"><value>Sockens Vård- och omsorgsboende</value></Data><Data name="old_name"><value>Sockenvägen 28 äldreboende</value></Data><Data name="operator"><value>Göteborgs Stad</value></Data><Data name="@geometry"><value>center</value></Data></ExtendedData><Point><coordinates>11.9298396,57.7243629</coordinates></Point></Placemark><Placemark><ExtendedData><Data name="@id"><value>way/28791084</value></Data><Data name="amenity"><value>social_facility</value></Data><Data name="building"><value>yes</value></Data><Data name="social_facility"><value>nursing_home</value></Data><Data name="social_facility:for"><value>senior</value></Data><Data name="@geometry"><value>center</value></Data></ExtendedData><Point><coordinates>12.9450109,55.5800039</coordinates></Point></Placemark><Placemark><name>Skånes Universitetsjukhus Malmö</name><ExtendedData><Data name="@id"><value>way/28807180</value></Data><Data name="wikidata"><value>Q781200</value></Data><Data name="amenity"><value>hospital</value></Data><Data name="emergency"><value>yes</value></Data><Data name="health_specialty:emergency_medicine"><value>yes</value></Data><Data name="health_specialty:family_medicine"><value>yes</value></Data><Data name="health_specialty:intensive_care_medicine"><value>yes</value></Data><Data name="health_specialty:orthopaedics"><value>yes</value></Data><Data name="health_specialty:paediatrics"><value>yes</value></Data><Data name="health_specialty:surgery"><value>yes</value></Data><Data name="health_specialty:vascular_surgery"><value>yes</value></Data><Data name="healthcare"><value>hospital</value></Data><Data name="name"><value>Skånes Universitetsjukhus Malmö</value></Data><Data name="opening_hours"><value>24/7</value></Data><Data name="wheelchair"><value>yes</value></Data><Data name="@geometry"><value>center</value></Data></ExtendedData><Point><coordinates>13.0018988,55.5870809</coordinates></Point></Placemark><Placemark><name>Fässbergshemmet</name><ExtendedData><Data name="@id"><value>way/29169769</value></Data><Data name="name"><value>Fässbergshemmet</value></Data><Data name="social_facility:for"><value>senior</value></Data><Data name="amenity"><value>social_facility</value></Data><Data name="social_facility"><value>assisted_living</value></Data><Data name="addr:street"><value>Lantbruksgatan</value></Data><Data name="building"><value>yes</value></Data><Data name="addr:country"><value>SE</value></Data><Data name="addr:housenumber"><value>19</value></Data><Data name="@geometry"><value>center</value></Data></ExtendedData><Point><coordinates>11.9890245,57.6648132</coordinates></Point></Placemark><Placemark><name>Edsbergs vårdcentral</name><ExtendedData><Data name="@id"><value>way/30484363</value></Data><Data name="name"><value>Edsbergs vårdcentral</value></Data><Data name="emergency"><value>no</value></Data><Data name="addr:street"><value>Edsbergs Torg</value></Data><Data name="building"><value>yes</value></Data><Data name="amenity"><value>clinic</value></Data><Data name="addr:city"><value>Sollentuna</value></Data><Data name="addr:country"><value>SE</value></Data><Data name="addr:housenumber"><value>1</value></Data><Data name="addr:postcode"><value>19252</value></Data><Data name="@geometry"><value>center</value></Data></ExtendedData><Point><coordinates>17.9665935,59.444445</coordinates></Point></Placemark><Placemark><name>Alpklyftan HVB</name><ExtendedData><Data name="@id"><value>way/30617187</value></Data><Data name="addr:street"><value>Villa Parkudden</value></Data><Data name="addr:housenumber"><value>10</value></Data><Data name="addr:country"><value>SE</value></Data><Data name="amenity"><value>social_facility</value></Data><Data name="building:name"><value>Villa Parkudden</value></Data><Data name="name"><value>Alpklyftan HVB</value></Data><Data name="operator"><value>Apklyftan AB</value></Data><Data name="social_facility"><value>group_home</value></Data><Data name="social_facility:for"><value>juvenile</value></Data><Data name="building"><value>yes</value></Data><Data name="@geometry"><value>center</value></Data></ExtendedData><Point><coordinates>11.942593,57.7156737</coordinates></Point></Placemark><Placemark><name>Flogsta vårdcentral</name><ExtendedData><Data name="@id"><value>way/32062364</value></Data><Data name="amenity"><value>clinic</value></Data><Data name="name"><value>Flogsta vårdcentral</value></Data><Data name="building"><value>yes</value></Data><Data name="opening_hours"><value>Mo,Tu,Th,Fr 08:00-17:00; We 07:30-19:00</value></Data><Data name="addr:street"><value>Flogstavägen</value></Data><Data name="website"><value>https://www.1177.se/Uppsala-lan/hitta-vard/kontaktkort/Flogsta-vardcentral-Uppsala/</value></Data><Data name="addr:city"><value>Uppsala</value></Data><Data name="addr:country"><value>SE</value></Data><Data name="addr:housenumber"><value>95</value></Data><Data name="@geometry"><value>center</value></Data></ExtendedData><Point><coordinates>17.5833743,59.8509154</coordinates></Point></Placemark><Placemark><name>Granlo vårdcentral</name><ExtendedData><Data name="@id"><value>way/32388049</value></Data><Data name="source"><value>survey</value></Data><Data name="amenity"><value>clinic</value></Data><Data name="building"><value>yes</value></Data><Data name="healthcare"><value>clinic</value></Data><Data name="name"><value>Granlo vårdcentral</value></Data><Data name="opening_hours"><value>Mo-Fr 07:45-12:00,13:00-16:30</value></Data><Data name="@geometry"><value>center</value></Data></ExtendedData><Point><coordinates>17.2554019,62.4038561</coordinates></Point></Placemark><Placemark><name>Socialtjänst SDF Östra Göteborg</name><ExtendedData><Data name="@id"><value>way/32597637</value></Data><Data name="name"><value>Socialtjänst SDF Östra Göteborg</value></Data><Data name="wheelchair"><value>yes</value></Data><Data name="roof:shape"><value>gabled</value></Data><Data name="roof:colour"><value>#CCF2EB</value></Data><Data name="building:levels"><value>5</value></Data><Data name="building"><value>yes</value></Data><Data name="amenity"><value>social_facility</value></Data><Data name="addr:city"><value>Göteborg</value></Data><Data name="addr:country"><value>SE</value></Data><Data name="addr:housenumber"><value>2</value></Data><Data name="addr:postcode"><value>415 19</value></Data><Data name="addr:street"><value>Tellusgatan</value></Data><Data name="@geometry"><value>center</value></Data></ExtendedData><Point><coordinates>12.07276,57.7572974</coordinates></Point></Placemark><Placemark><name>Gerdas gård</name><ExtendedData><Data name="@id"><value>way/32602956</value></Data><Data name="name"><value>Gerdas gård</value></Data><Data name="social_facility:for"><value>senior</value></Data><Data name="amenity"><value>social_facility</value></Data><Data name="social_facility"><value>assisted_living</value></Data><Data name="building"><value>yes</value></Data><Data name="@geometry"><value>center</value></Data></ExtendedData><Point><coordinates>11.9161077,57.6713518</coordinates></Point></Placemark><Placemark><name>Elisabethsjukhuset</name><ExtendedData><Data name="@id"><value>way/35220167</value></Data><Data name="addr:city"><value>Uppsala</value></Data><Data name="addr:country"><value>SE</value></Data><Data name="addr:housenumber"><value>20</value></Data><Data name="addr:street"><value>Geijersgatan</value></Data><Data name="amenity"><value>hospital</value></Data><Data name="building"><value>yes</value></Data><Data name="email"><value>elisabethsjukhuset@aleris.se</value></Data><Data name="healthcare"><value>hospital</value></Data><Data name="name"><value>Elisabethsjukhuset</value></Data><Data name="opening_hours"><value>Mo-Th 07:00-16:30; Fr 07:00-15:00</value></Data><Data name="phone"><value>+46 18 188800</value></Data><Data name="website"><value>https://www.aleris.se/Har-finns-vi/Uppsala/elisabethsjukhuset/</value></Data><Data name="wikidata"><value>Q10481559</value></Data><Data name="wikipedia"><value>sv:Elisabethsjukhuset</value></Data><Data name="@geometry"><value>center</value></Data></ExtendedData><Point><coordinates>17.6202106,59.8630668</coordinates></Point></Placemark><Placemark><ExtendedData><Data name="@id"><value>way/35425889</value></Data><Data name="amenity"><value>hospital</value></Data><Data name="healthcare"><value>hospital</value></Data><Data name="layer"><value>-1</value></Data><Data name="@geometry"><value>center</value></Data></ExtendedData><Point><coordinates>17.9377461,59.3864629</coordinates></Point></Placemark><Placemark><name>Berga Sjukhus</name><ExtendedData><Data name="@id"><value>way/35764846</value></Data><Data name="amenity"><value>hospital</value></Data><Data name="name"><value>Berga Sjukhus</value></Data><Data name="@geometry"><value>center</value></Data></ExtendedData><Point><coordinates>18.1343691,59.0822218</coordinates></Point></Placemark><Placemark><name>Örnsköldsviks sjukhus</name><ExtendedData><Data name="@id"><value>way/37097656</value></Data><Data name="wikidata"><value>Q21979793</value></Data><Data name="amenity"><value>hospital</value></Data><Data name="emergency"><value>yes</value></Data><Data name="health_specialty:emergency_medicine"><value>yes</value></Data><Data name="health_specialty:family_medicine"><value>yes</value></Data><Data name="health_specialty:intensive_care_medicine"><value>yes</value></Data><Data name="health_specialty:orthopaedics"><value>yes</value></Data><Data name="health_specialty:paediatrics"><value>yes</value></Data><Data name="health_specialty:surgery"><value>yes</value></Data><Data name="name"><value>Örnsköldsviks sjukhus</value></Data><Data name="opening_hours"><value>Mo-Th 07:00-16:30; Fr 07:00-16:00</value></Data><Data name="opening_hours:emergency"><value>24/7</value></Data><Data name="opening_hours:surgery"><value>24/7</value></Data><Data name="@geometry"><value>center</value></Data></ExtendedData><Point><coordinates>18.7118574,63.2994118</coordinates></Point></Placemark><Placemark><name>Trygghetsboendet Fristad</name><ExtendedData><Data name="@id"><value>way/37919096</value></Data><Data name="social_facility"><value>for=senior</value></Data><Data name="name"><value>Trygghetsboendet Fristad</value></Data><Data name="amenity"><value>social_facility</value></Data><Data name="building"><value>apartments</value></Data><Data name="@geometry"><value>center</value></Data></ExtendedData><Point><coordinates>17.9206233,62.6238502</coordinates></Point></Placemark><Placemark><name>Råsunda vårdcentral</name><ExtendedData><Data name="@id"><value>way/38163350</value></Data><Data name="opening_hours"><value>Mo-Fr 08:00-17:00</value></Data><Data name="amenity"><value>doctors</value></Data><Data name="building"><value>yes</value></Data><Data name="healthcare"><value>doctor</value></Data><Data name="name"><value>Råsunda vårdcentral</value></Data><Data name="@geometry"><value>center</value></Data></ExtendedData><Point><coordinates>17.9927756,59.3634351</coordinates></Point></Placemark><Placemark><name>Rydsvägen 9A-B</name><ExtendedData><Data name="@id"><value>way/38330456</value></Data><Data name="amenity"><value>social_facility</value></Data><Data name="capacity"><value>7</value></Data><Data name="name"><value>Rydsvägen 9A-B</value></Data><Data name="operator"><value>Nytida</value></Data><Data name="social_facility"><value>group_home</value></Data><Data name="social_facility:for"><value>disabled</value></Data><Data name="@geometry"><value>center</value></Data></ExtendedData><Point><coordinates>15.5695791,58.4150006</coordinates></Point></Placemark><Placemark><name>Östersunds sjukhus</name><ExtendedData><Data name="@id"><value>way/39773881</value></Data><Data name="amenity"><value>hospital</value></Data><Data name="emergency"><value>yes</value></Data><Data name="health_specialty:emergency_medicine"><value>yes</value></Data><Data name="health_specialty:family_medicine"><value>yes</value></Data><Data name="health_specialty:intensive_care_medicine"><value>yes</value></Data><Data name="health_specialty:orthopaedics"><value>yes</value></Data><Data name="health_specialty:paediatrics"><value>yes</value></Data><Data name="health_specialty:surgery"><value>yes</value></Data><Data name="health_specialty:vascular_surgery"><value>yes</value></Data><Data name="healthcare"><value>hospital</value></Data><Data name="name"><value>Östersunds sjukhus</value></Data><Data name="opening_hours"><value>Mo-Su 06:00-22:00</value></Data><Data name="opening_hours:emergency"><value>24/7</value></Data><Data name="opening_hours:surgery"><value>https://www.regionjh.se/halsaochsjukvard/hittavard/ostersundssjukhus.4.632d0e0a1545e3686a15b2.html</value></Data><Data name="wheelchair"><value>yes</value></Data><Data name="wikidata"><value>Q30270208</value></Data><Data name="@geometry"><value>center</value></Data></ExtendedData><Point><coordinates>14.6352545,63.1832783</coordinates></Point></Placemark><Placemark><name>Orsa Vårdcentral</name><ExtendedData><Data name="@id"><value>way/40006580</value></Data><Data name="wheelchair"><value>yes</value></Data><Data name="amenity"><value>doctors</value></Data><Data name="building"><value>yes</value></Data><Data name="email"><value>Vardcentral.Orsa@ltdalarna.se</value></Data><Data name="fax"><value>+46 250 49 88 33</value></Data><Data name="name"><value>Orsa Vårdcentral</value></Data><Data name="phone"><value>+46 250 49 88 00</value></Data><Data name="toilets:wheelchair"><value>yes</value></Data><Data name="url"><value>http://www.ltdalarna.se/templates/Base____380.aspx</value></Data><Data name="@geometry"><value>center</value></Data></ExtendedData><Point><coordinates>14.6141973,61.1187631</coordinates></Point></Placemark><Placemark><name>Björkens äldreboende</name><ExtendedData><Data name="@id"><value>way/40014150</value></Data><Data name="amenity"><value>social_facility</value></Data><Data name="building"><value>yes</value></Data><Data name="name"><value>Björkens äldreboende</value></Data><Data name="social_facility"><value>assisted_living</value></Data><Data name="social_facility:for"><value>senior</value></Data><Data name="website"><value>http://www.jarfallaomsorg.se/vara-verksamheter/bostad/bjorkens-aldreboende/</value></Data><Data name="@geometry"><value>center</value></Data></ExtendedData><Point><coordinates>17.8029967,59.4141949</coordinates></Point></Placemark><Placemark><name>Sällskapet Länkarna</name><ExtendedData><Data name="@id"><value>way/40407989</value></Data><Data name="amenity"><value>social_facility</value></Data><Data name="building"><value>yes</value></Data><Data name="building:levels"><value>1</value></Data><Data name="name"><value>Sällskapet Länkarna</value></Data><Data name="social_facility"><value>social_club</value></Data><Data name="social_facility:for"><value>drug_addicted</value></Data><Data name="source"><value>Yahoo</value></Data><Data name="@geometry"><value>center</value></Data></ExtendedData><Point><coordinates>18.0086852,59.3606349</coordinates></Point></Placemark><Placemark><ExtendedData><Data name="@id"><value>way/40426494</value></Data><Data name="addr:country"><value>SE</value></Data><Data name="addr:housenumber"><value>16</value></Data><Data name="addr:postcode"><value>17158</value></Data><Data name="addr:street"><value>Polhemsgatan</value></Data><Data name="amenity"><value>nursing_home</value></Data><Data name="building"><value>yes</value></Data><Data name="source"><value>Yahoo</value></Data><Data name="website"><value>https://vardaga.se/verksamheter/polhemsgarden/</value></Data><Data name="@geometry"><value>center</value></Data></ExtendedData><Point><coordinates>17.9932519,59.3537975</coordinates></Point></Placemark><Placemark><name>Solhaga äldreboende</name><ExtendedData><Data name="@id"><value>way/41961283</value></Data><Data name="social_facility:for"><value>senior</value></Data><Data name="building"><value>yes</value></Data><Data name="amenity"><value>social_facility</value></Data><Data name="name"><value>Solhaga äldreboende</value></Data><Data name="social_facility"><value>group_home</value></Data><Data name="@geometry"><value>center</value></Data></ExtendedData><Point><coordinates>13.1603556,58.4964077</coordinates></Point></Placemark><Placemark><name>Lisebergs vårdcentral</name><ExtendedData><Data name="@id"><value>way/42328787</value></Data><Data name="name"><value>Lisebergs vårdcentral</value></Data><Data name="addr:country"><value>SE</value></Data><Data name="addr:housenumber"><value>4-6</value></Data><Data name="addr:street"><value>Annebodavägen</value></Data><Data name="amenity"><value>doctors</value></Data><Data name="building"><value>public</value></Data><Data name="@geometry"><value>center</value></Data></ExtendedData><Point><coordinates>18.0303853,59.2848365</coordinates></Point></Placemark><Placemark><name>Stureby Vårdcentral</name><ExtendedData><Data name="@id"><value>way/42330512</value></Data><Data name="name"><value>Stureby Vårdcentral</value></Data><Data name="addr:country"><value>SE</value></Data><Data name="addr:housenumber"><value>181</value></Data><Data name="addr:street"><value>Tussmötevägen</value></Data><Data name="amenity"><value>doctors</value></Data><Data name="building"><value>yes</value></Data><Data name="@geometry"><value>center</value></Data></ExtendedData><Point><coordinates>18.0662061,59.2780968</coordinates></Point></Placemark><Placemark><ExtendedData><Data name="@id"><value>way/42330513</value></Data><Data name="website:stock"><value>https://www.fass.se/</value></Data><Data name="operator"><value>Apoteket</value></Data><Data name="building"><value>yes</value></Data><Data name="amenity"><value>pharmacy</value></Data><Data name="addr:country"><value>SE</value></Data><Data name="addr:housenumber"><value>179</value></Data><Data name="addr:street"><value>Tussmötevägen</value></Data><Data name="@geometry"><value>center</value></Data></ExtendedData><Point><coordinates>18.0658295,59.278241</coordinates></Point></Placemark><Placemark><name>Östhaga Äldreboende</name><ExtendedData><Data name="@id"><value>way/42688621</value></Data><Data name="name"><value>Östhaga Äldreboende</value></Data><Data name="social_facility:for"><value>senior</value></Data><Data name="social_facility"><value>group_home</value></Data><Data name="building"><value>yes</value></Data><Data name="amenity"><value>social_facility</value></Data><Data name="@geometry"><value>center</value></Data></ExtendedData><Point><coordinates>13.1697444,58.4938708</coordinates></Point></Placemark><Placemark><name>Humlahuset</name><ExtendedData><Data name="@id"><value>way/42802228</value></Data><Data name="social_facility:for"><value>juvenile</value></Data><Data name="social_facility"><value>social_club</value></Data><Data name="amenity"><value>social_facility</value></Data><Data name="building"><value>sports_centre</value></Data><Data name="name"><value>Humlahuset</value></Data><Data name="opening_hours"><value>Tu-Sa 15:00-21:00</value></Data><Data name="@geometry"><value>center</value></Data></ExtendedData><Point><coordinates>18.0705631,59.3400434</coordinates></Point></Placemark><Placemark><name>Universitetssjukhuset i Linköping</name><ExtendedData><Data name="@id"><value>way/42877273</value></Data><Data name="amenity"><value>hospital</value></Data><Data name="emergency"><value>yes</value></Data><Data name="health_specialty:cardiothoracic_surgery"><value>yes</value></Data><Data name="health_specialty:emergency_medicine"><value>yes</value></Data><Data name="health_specialty:family_medicine"><value>yes</value></Data><Data name="health_specialty:intensive_care_medicine"><value>yes</value></Data><Data name="health_specialty:neurosurgery"><value>yes</value></Data><Data name="health_specialty:surgery"><value>yes</value></Data><Data name="health_specialty:vascular_surgery"><value>yes</value></Data><Data name="healthcare"><value>hospital</value></Data><Data name="name"><value>Universitetssjukhuset i Linköping</value></Data><Data name="opening_hours"><value>24/7</value></Data><Data name="operator"><value>Region Östergötland</value></Data><Data name="wikidata"><value>Q6554447</value></Data><Data name="wikipedia"><value>sv:Universitetssjukhuset i Linköping</value></Data><Data name="@geometry"><value>center</value></Data></ExtendedData><Point><coordinates>15.6215098,58.4017542</coordinates></Point></Placemark><Placemark><name>Valla vårdcentral</name><ExtendedData><Data name="@id"><value>way/43008359</value></Data><Data name="addr:postcode"><value>58216</value></Data><Data name="check_date:opening_hours"><value>2022-01-06</value></Data><Data name="wheelchair"><value>yes</value></Data><Data name="name"><value>Valla vårdcentral</value></Data><Data name="opening_hours"><value>Mo-Fr 08:00-17:00</value></Data><Data name="building:levels"><value>2</value></Data><Data name="building"><value>hospital</value></Data><Data name="addr:city"><value>Linköping</value></Data><Data name="addr:country"><value>SE</value></Data><Data name="addr:housenumber"><value>25</value></Data><Data name="addr:street"><value>Westmansgatan</value></Data><Data name="amenity"><value>clinic</value></Data><Data name="@geometry"><value>center</value></Data></ExtendedData><Point><coordinates>15.6045171,58.4028498</coordinates></Point></Placemark><Placemark><name>Frölunda specialistsjukhus</name><ExtendedData><Data name="@id"><value>way/45100043</value></Data><Data name="building"><value>yes</value></Data><Data name="amenity"><value>hospital</value></Data><Data name="name"><value>Frölunda specialistsjukhus</value></Data><Data name="wikidata"><value>Q5506755</value></Data><Data name="building:levels"><value>17</value></Data><Data name="health_specialty:orthopaedics"><value>yes</value></Data><Data name="@geometry"><value>center</value></Data></ExtendedData><Point><coordinates>11.9121546,57.6504592</coordinates></Point></Placemark><Placemark><name>Vällingby Läkarhus</name><ExtendedData><Data name="@id"><value>way/46770670</value></Data><Data name="website"><value>http://www.ptj.se/vallingby-lakarhus/</value></Data><Data name="FIXME"><value>check floors</value></Data><Data name="addr:city"><value>Vällingby</value></Data><Data name="addr:country"><value>SE</value></Data><Data name="addr:housenumber"><value>1</value></Data><Data name="addr:postcode"><value>162 68</value></Data><Data name="addr:street"><value>Indalsbacken</value></Data><Data name="amenity"><value>clinic</value></Data><Data name="building"><value>yes</value></Data><Data name="building:levels"><value>10</value></Data><Data name="name"><value>Vällingby Läkarhus</value></Data><Data name="@geometry"><value>center</value></Data></ExtendedData><Point><coordinates>17.8714138,59.3640705</coordinates></Point></Placemark><Placemark><name>Berzelius äldreboende</name><ExtendedData><Data name="@id"><value>way/48109457</value></Data><Data name="social_facility:for"><value>senior</value></Data><Data name="social_facility"><value>group_home</value></Data><Data name="building"><value>yes</value></Data><Data name="addr:country"><value>SE</value></Data><Data name="addr:housenumber"><value>1A</value></Data><Data name="addr:street"><value>Terrakottagatan</value></Data><Data name="amenity"><value>social_facility</value></Data><Data name="name"><value>Berzelius äldreboende</value></Data><Data name="@geometry"><value>center</value></Data></ExtendedData><Point><coordinates>12.0086134,57.6577365</coordinates></Point></Placemark><Placemark><name>Trollbacken HVB-hem</name><ExtendedData><Data name="@id"><value>way/48562978</value></Data><Data name="amenity"><value>social_facility</value></Data><Data name="building"><value>yes</value></Data><Data name="name"><value>Trollbacken HVB-hem</value></Data><Data name="social_facility"><value>group_home</value></Data><Data name="social_facility:for"><value>juvenile</value></Data><Data name="@geometry"><value>center</value></Data></ExtendedData><Point><coordinates>11.9605714,57.8894786</coordinates></Point></Placemark><Placemark><name>Palliativa enheten</name><ExtendedData><Data name="@id"><value>way/49094870</value></Data><Data name="addr:city"><value>Lund</value></Data><Data name="addr:country"><value>SE</value></Data><Data name="addr:housenumber"><value>81</value></Data><Data name="addr:postcode"><value>22270</value></Data><Data name="addr:street"><value>Sankt Lars väg</value></Data><Data name="alt_name"><value>Källbyhemmet</value></Data><Data name="amenity"><value>nursing_home</value></Data><Data name="building"><value>yes</value></Data><Data name="health_specialty:palliative_medicine"><value>yes</value></Data><Data name="name"><value>Palliativa enheten</value></Data><Data name="@geometry"><value>center</value></Data></ExtendedData><Point><coordinates>13.1782749,55.6875342</coordinates></Point></Placemark><Placemark><name>Björkåshemmet</name><ExtendedData><Data name="@id"><value>way/49179630</value></Data><Data name="name"><value>Björkåshemmet</value></Data><Data name="social_facility:for"><value>senior</value></Data><Data name="social_facility"><value>assisted_living</value></Data><Data name="operator"><value>Göteborgs Stad</value></Data><Data name="building"><value>yes</value></Data><Data name="addr:country"><value>SE</value></Data><Data name="addr:housenumber"><value>4</value></Data><Data name="addr:street"><value>Jordledningsgatan</value></Data><Data name="amenity"><value>social_facility</value></Data><Data name="@geometry"><value>center</value></Data></ExtendedData><Point><coordinates>11.9303376,57.6555165</coordinates></Point></Placemark><Placemark><name>Vårdcentralen Kryddgården</name><ExtendedData><Data name="@id"><value>way/51334455</value></Data><Data name="alt_name"><value>Vårdcentralen Rosengård;Vårdcentralen Törnrosen</value></Data><Data name="amenity"><value>clinic</value></Data><Data name="addr:street"><value>Von Troils väg</value></Data><Data name="addr:postcode"><value>21373</value></Data><Data name="building"><value>yes</value></Data><Data name="addr:housenumber"><value>1</value></Data><Data name="name"><value>Vårdcentralen Kryddgården</value></Data><Data name="opening_hours"><value>Mo-Fr 08:00-17:00</value></Data><Data name="phone"><value>+46 40-623 48 80</value></Data><Data name="website"><value>https://www.1177.se/Skane/hitta-vard/kontaktkort/Vardcentralen-Kryddgarden/</value></Data><Data name="addr:country"><value>SE</value></Data><Data name="addr:city"><value>Malmö</value></Data><Data name="@geometry"><value>center</value></Data></ExtendedData><Point><coordinates>13.0487551,55.5860931</coordinates></Point></Placemark><Placemark><name>Högsbo sjukhus</name><ExtendedData><Data name="@id"><value>way/52031658</value></Data><Data name="name"><value>Högsbo sjukhus</value></Data><Data name="healthcare"><value>hospital</value></Data><Data name="amenity"><value>hospital</value></Data><Data name="building"><value>hospital</value></Data><Data name="@geometry"><value>center</value></Data></ExtendedData><Point><coordinates>11.9308743,57.6671084</coordinates></Point></Placemark><Placemark><ExtendedData><Data name="@id"><value>way/52031665</value></Data><Data name="building"><value>yes</value></Data><Data name="amenity"><value>hospital</value></Data><Data name="@geometry"><value>center</value></Data></ExtendedData><Point><coordinates>11.9289768,57.6668227</coordinates></Point></Placemark><Placemark><name>Kaverös äng</name><ExtendedData><Data name="@id"><value>way/52032264</value></Data><Data name="name"><value>Kaverös äng</value></Data><Data name="social_facility:for"><value>senior</value></Data><Data name="amenity"><value>social_facility</value></Data><Data name="social_facility"><value>assisted_living</value></Data><Data name="addr:street"><value>Kaverös Äng</value></Data><Data name="addr:housenumber"><value>7</value></Data><Data name="building"><value>yes</value></Data><Data name="addr:country"><value>SE</value></Data><Data name="@geometry"><value>center</value></Data></ExtendedData><Point><coordinates>11.9171861,57.6624084</coordinates></Point></Placemark><Placemark><name>Nya Varvets Vård- och omsorgsboende</name><ExtendedData><Data name="@id"><value>way/52071397</value></Data><Data name="social_facility:for"><value>senior</value></Data><Data name="social_facility"><value>assisted_living</value></Data><Data name="name"><value>Nya Varvets Vård- och omsorgsboende</value></Data><Data name="operator"><value>Göteborgs Stad</value></Data><Data name="old_name"><value>Svaleboskogens äldreboende</value></Data><Data name="amenity"><value>social_facility</value></Data><Data name="building"><value>yes</value></Data><Data name="@geometry"><value>center</value></Data></ExtendedData><Point><coordinates>11.9233873,57.6765644</coordinates></Point></Placemark><Placemark><name>Gyllebogården</name><ExtendedData><Data name="@id"><value>way/52090690</value></Data><Data name="addr:city"><value>Malmö</value></Data><Data name="addr:country"><value>SE</value></Data><Data name="addr:housenumber"><value>26 B</value></Data><Data name="addr:street"><value>Mellanhedsgatan</value></Data><Data name="amenity"><value>social_facility</value></Data><Data name="building"><value>yes</value></Data><Data name="building:levels"><value>4</value></Data><Data name="name"><value>Gyllebogården</value></Data><Data name="roof:shape"><value>hipped</value></Data><Data name="social_facility"><value>group_home</value></Data><Data name="social_facility:for"><value>senior</value></Data><Data name="@geometry"><value>center</value></Data></ExtendedData><Point><coordinates>12.9641532,55.5893385</coordinates></Point></Placemark><Placemark><name>Tunåsen Förenade Care</name><ExtendedData><Data name="@id"><value>way/52101646</value></Data><Data name="addr:city"><value>Uppsala</value></Data><Data name="addr:country"><value>SE</value></Data><Data name="addr:housenumber"><value>9</value></Data><Data name="addr:street"><value>Styrbjörnsgatan</value></Data><Data name="amenity"><value>social_facility</value></Data><Data name="building"><value>yes</value></Data><Data name="name"><value>Tunåsen Förenade Care</value></Data><Data name="social_facility"><value>nursing_home</value></Data><Data name="@geometry"><value>center</value></Data></ExtendedData><Point><coordinates>17.6304266,59.8754258</coordinates></Point></Placemark><Placemark><name>Västergården</name><ExtendedData><Data name="@id"><value>way/52104172</value></Data><Data name="addr:city"><value>Uppsala</value></Data><Data name="addr:country"><value>SE</value></Data><Data name="addr:housenumber"><value>56</value></Data><Data name="addr:street"><value>Svartbäcksgatan</value></Data><Data name="amenity"><value>nursing_home</value></Data><Data name="building"><value>yes</value></Data><Data name="name"><value>Västergården</value></Data><Data name="source"><value>bing</value></Data><Data name="website"><value>http://www.kosmo.se/aeldreboende/vaestergarden</value></Data><Data name="@geometry"><value>center</value></Data></ExtendedData><Point><coordinates>17.6258145,59.8676549</coordinates></Point></Placemark><Placemark><ExtendedData><Data name="@id"><value>way/52303668</value></Data><Data name="social_facility:for"><value>senior</value></Data><Data name="amenity"><value>social_facility</value></Data><Data name="building"><value>yes</value></Data><Data name="social_facility"><value>group_home</value></Data><Data name="@geometry"><value>center</value></Data></ExtendedData><Point><coordinates>12.5629993,57.9138827</coordinates></Point></Placemark><Placemark><ExtendedData><Data name="@id"><value>way/52303673</value></Data><Data name="social_facility:for"><value>senior</value></Data><Data name="amenity"><value>social_facility</value></Data><Data name="building"><value>yes</value></Data><Data name="social_facility"><value>group_home</value></Data><Data name="@geometry"><value>center</value></Data></ExtendedData><Point><coordinates>12.5634138,57.9136762</coordinates></Point></Placemark><Placemark><ExtendedData><Data name="@id"><value>way/52303674</value></Data><Data name="social_facility:for"><value>senior</value></Data><Data name="amenity"><value>social_facility</value></Data><Data name="building"><value>yes</value></Data><Data name="social_facility"><value>group_home</value></Data><Data name="@geometry"><value>center</value></Data></ExtendedData><Point><coordinates>12.5634036,57.9139864</coordinates></Point></Placemark><Placemark><ExtendedData><Data name="@id"><value>way/52303692</value></Data><Data name="social_facility:for"><value>senior</value></Data><Data name="amenity"><value>social_facility</value></Data><Data name="building"><value>yes</value></Data><Data name="social_facility"><value>group_home</value></Data><Data name="@geometry"><value>center</value></Data></ExtendedData><Point><coordinates>12.5631462,57.9142641</coordinates></Point></Placemark><Placemark><name>Styrsöhemmet</name><ExtendedData><Data name="@id"><value>way/52740988</value></Data><Data name="name"><value>Styrsöhemmet</value></Data><Data name="social_facility:for"><value>senior</value></Data><Data name="building"><value>yes</value></Data><Data name="social_facility"><value>assisted_living</value></Data><Data name="amenity"><value>social_facility</value></Data><Data name="addr:street"><value>Styrsö Kungspark</value></Data><Data name="addr:city"><value>Styrsö</value></Data><Data name="addr:country"><value>SE</value></Data><Data name="addr:housenumber"><value>6</value></Data><Data name="addr:postcode"><value>43084</value></Data><Data name="@geometry"><value>center</value></Data></ExtendedData><Point><coordinates>11.7943941,57.6137315</coordinates></Point></Placemark><Placemark><name>Pilegården</name><ExtendedData><Data name="@id"><value>way/53072670</value></Data><Data name="amenity"><value>nursing_home</value></Data><Data name="building"><value>yes</value></Data><Data name="name"><value>Pilegården</value></Data><Data name="@geometry"><value>center</value></Data></ExtendedData><Point><coordinates>13.2074805,55.6444967</coordinates></Point></Placemark><Placemark><name>Norra Dragspels Vård- och omsorgsboende</name><ExtendedData><Data name="@id"><value>way/53211347</value></Data><Data name="social_facility:for"><value>senior</value></Data><Data name="building"><value>yes</value></Data><Data name="addr:country"><value>SE</value></Data><Data name="addr:housenumber"><value>33</value></Data><Data name="addr:street"><value>Norra Dragspelsgatan</value></Data><Data name="amenity"><value>social_facility</value></Data><Data name="name"><value>Norra Dragspels Vård- och omsorgsboende</value></Data><Data name="old_name"><value>Norra Dragspelsgatan äldreboende</value></Data><Data name="operator"><value>Göteborgs Stad</value></Data><Data name="social_facility"><value>assisted_living</value></Data><Data name="@geometry"><value>center</value></Data></ExtendedData><Point><coordinates>11.9176706,57.6539475</coordinates></Point></Placemark><Placemark><name>Åkerhus Vård- och omsorgsboende</name><ExtendedData><Data name="@id"><value>way/53581140</value></Data><Data name="social_facility:for"><value>senior</value></Data><Data name="social_facility"><value>assisted_living</value></Data><Data name="building"><value>yes</value></Data><Data name="addr:city"><value>Västra Frölunda</value></Data><Data name="addr:country"><value>SE</value></Data><Data name="addr:housenumber"><value>2</value></Data><Data name="addr:postcode"><value>421 59</value></Data><Data name="addr:street"><value>Juteskärsgatan</value></Data><Data name="amenity"><value>social_facility</value></Data><Data name="name"><value>Åkerhus Vård- och omsorgsboende</value></Data><Data name="old_name"><value>Åkerhus äldreboende</value></Data><Data name="operator"><value>Göteborgs Stad</value></Data><Data name="@geometry"><value>center</value></Data></ExtendedData><Point><coordinates>11.8825922,57.639291</coordinates></Point></Placemark><Placemark><name>Västmanlands sjukhus Sala</name><ExtendedData><Data name="@id"><value>way/53850049</value></Data><Data name="amenity"><value>hospital</value></Data><Data name="building"><value>yes</value></Data><Data name="healthcare"><value>hospital</value></Data><Data name="name"><value>Västmanlands sjukhus Sala</value></Data><Data name="@geometry"><value>center</value></Data></ExtendedData><Point><coordinates>16.6020816,59.9238917</coordinates></Point></Placemark><Placemark><name>Fiskebäck äldreboende</name><ExtendedData><Data name="@id"><value>way/54974698</value></Data><Data name="social_facility:for"><value>senior</value></Data><Data name="social_facility"><value>assisted_living</value></Data><Data name="name"><value>Fiskebäck äldreboende</value></Data><Data name="amenity"><value>social_facility</value></Data><Data name="building"><value>yes</value></Data><Data name="addr:street"><value>Hälleflundregatan</value></Data><Data name="addr:country"><value>SE</value></Data><Data name="addr:housenumber"><value>20</value></Data><Data name="@geometry"><value>center</value></Data></ExtendedData><Point><coordinates>11.856259,57.6483102</coordinates></Point></Placemark><Placemark><name>Vårdcentralen Söderåsen</name><ExtendedData><Data name="@id"><value>way/55610133</value></Data><Data name="amenity"><value>clinic</value></Data><Data name="building"><value>yes</value></Data><Data name="emergency"><value>no</value></Data><Data name="name"><value>Vårdcentralen Söderåsen</value></Data><Data name="@geometry"><value>center</value></Data></ExtendedData><Point><coordinates>12.9217248,56.0788017</coordinates></Point></Placemark><Placemark><name>Vendelsö vårdcentral</name><ExtendedData><Data name="@id"><value>way/58071060</value></Data><Data name="amenity"><value>clinic</value></Data><Data name="building"><value>yes</value></Data><Data name="name"><value>Vendelsö vårdcentral</value></Data><Data name="@geometry"><value>center</value></Data></ExtendedData><Point><coordinates>18.1961997,59.1930594</coordinates></Point></Placemark><Placemark><name>Bjöla Vård- och omsorgsboende</name><ExtendedData><Data name="@id"><value>way/58642580</value></Data><Data name="social_facility:for"><value>senior</value></Data><Data name="social_facility"><value>assisted_living</value></Data><Data name="building"><value>yes</value></Data><Data name="addr:city"><value>Västra Frölunda</value></Data><Data name="addr:country"><value>SE</value></Data><Data name="addr:housenumber"><value>1</value></Data><Data name="addr:postcode"><value>421 66</value></Data><Data name="addr:street"><value>Bjölavägen</value></Data><Data name="amenity"><value>social_facility</value></Data><Data name="name"><value>Bjöla Vård- och omsorgsboende</value></Data><Data name="old_name"><value>Bjöla äldreboende</value></Data><Data name="operator"><value>Göteborgs Stad</value></Data><Data name="@geometry"><value>center</value></Data></ExtendedData><Point><coordinates>11.9026527,57.6233559</coordinates></Point></Placemark><Placemark><name>Toftaåsens äldrecenter</name><ExtendedData><Data name="@id"><value>way/59076987</value></Data><Data name="amenity"><value>social_facility</value></Data><Data name="social_facility"><value>assisted_living</value></Data><Data name="social_facility:for"><value>senior</value></Data><Data name="name"><value>Toftaåsens äldrecenter</value></Data><Data name="addr:street"><value>Toftaåsgatan</value></Data><Data name="addr:housenumber"><value>82</value></Data><Data name="building"><value>yes</value></Data><Data name="addr:country"><value>SE</value></Data><Data name="@geometry"><value>center</value></Data></ExtendedData><Point><coordinates>11.9211249,57.6458712</coordinates></Point></Placemark><Placemark><name>Näsets läkargrupp</name><ExtendedData><Data name="@id"><value>way/60323509</value></Data><Data name="amenity"><value>clinic</value></Data><Data name="building"><value>yes</value></Data><Data name="name"><value>Näsets läkargrupp</value></Data><Data name="@geometry"><value>center</value></Data></ExtendedData><Point><coordinates>12.9513998,55.4183859</coordinates></Point></Placemark><Placemark><name>Carlanderska sjukhus</name><ExtendedData><Data name="@id"><value>way/60981844</value></Data><Data name="website"><value>https://carlanderska.se/</value></Data><Data name="name"><value>Carlanderska sjukhus</value></Data><Data name="healthcare"><value>hospital</value></Data><Data name="health_specialty:surgery"><value>yes</value></Data><Data name="health_specialty:orthopaedics"><value>yes</value></Data><Data name="building"><value>yes</value></Data><Data name="amenity"><value>hospital</value></Data><Data name="addr:street"><value>Carlandersplatsen</value></Data><Data name="addr:postcode"><value>412 55</value></Data><Data name="addr:city"><value>Göteborg</value></Data><Data name="@geometry"><value>center</value></Data></ExtendedData><Point><coordinates>11.9896346,57.692383</coordinates></Point></Placemark><Placemark><name>Apotek Hjärtat</name><ExtendedData><Data name="@id"><value>way/65420875</value></Data><Data name="brand"><value>Apotek Hjärtat Orsa</value></Data><Data name="wheelchair"><value>yes</value></Data><Data name="website:stock"><value>https://www.fass.se/</value></Data><Data name="addr:city"><value>Orsa</value></Data><Data name="addr:country"><value>SE</value></Data><Data name="amenity"><value>pharmacy</value></Data><Data name="app:apple"><value>https://itunes.apple.com/se/app/apotek-hj%C3%A4rtat-n%C3%A4ra-dig/id1150817089</value></Data><Data name="app:google"><value>https://play.google.com/store/apps/details?id=com.presencekit.apotek.se&amp;hl=en_US</value></Data><Data name="building"><value>yes</value></Data><Data name="contact:website"><value>http://www.apotekhjartat.se/hitta-apotek-hjartat/dalarna/apotek_hjartat_centralgatan_2_orsa/</value></Data><Data name="dispensing"><value>yes</value></Data><Data name="name"><value>Apotek Hjärtat</value></Data><Data name="opening_hours"><value>Mo-Fr 09:30-18:00; Sa 10:00-14:00</value></Data><Data name="operator"><value>Apotek Hjärtat Retail AB</value></Data><Data name="owner"><value>ICA Gruppen AB</value></Data><Data name="ownership"><value>private</value></Data><Data name="phone"><value>+46771405405</value></Data><Data name="@geometry"><value>center</value></Data></ExtendedData><Point><coordinates>14.6192573,61.1204852</coordinates></Point></Placemark><Placemark><name>Sankt Görans sjukhus</name><ExtendedData><Data name="@id"><value>way/66342599</value></Data><Data name="wikipedia"><value>sv:Sankt Görans Sjukhus</value></Data><Data name="wikidata"><value>Q7401336</value></Data><Data name="amenity"><value>hospital</value></Data><Data name="emergency"><value>yes</value></Data><Data name="health_specialty:emergency_medicine"><value>yes</value></Data><Data name="health_specialty:family_medicine"><value>yes</value></Data><Data name="health_specialty:intensive_care_medicine"><value>yes</value></Data><Data name="health_specialty:orthopaedics"><value>yes</value></Data><Data name="health_specialty:surgery"><value>yes</value></Data><Data name="healthcare"><value>hospital</value></Data><Data name="name"><value>Sankt Görans sjukhus</value></Data><Data name="name:fi"><value>Pyhän Yrjön sairaala</value></Data><Data name="opening_hours"><value>24/7</value></Data><Data name="@geometry"><value>center</value></Data></ExtendedData><Point><coordinates>18.0206155,59.3342367</coordinates></Point></Placemark><Placemark><name>Tannefors vårdcentral</name><ExtendedData><Data name="@id"><value>way/70107773</value></Data><Data name="building:levels"><value>4</value></Data><Data name="building"><value>hospital</value></Data><Data name="name"><value>Tannefors vårdcentral</value></Data><Data name="amenity"><value>clinic</value></Data><Data name="addr:street"><value>Nya Tanneforsvägen</value></Data><Data name="addr:housenumber"><value>43C</value></Data><Data name="addr:city"><value>Linköping</value></Data><Data name="addr:country"><value>SE</value></Data><Data name="@geometry"><value>center</value></Data></ExtendedData><Point><coordinates>15.6417056,58.4070545</coordinates></Point></Placemark><Placemark><name>Nya Varvets Vård- och omsorgsboende</name><ExtendedData><Data name="@id"><value>way/77775649</value></Data><Data name="social_facility:for"><value>senior</value></Data><Data name="addr:country"><value>SE</value></Data><Data name="addr:housenumber"><value>2</value></Data><Data name="addr:street"><value>Finnjollegatan</value></Data><Data name="amenity"><value>social_facility</value></Data><Data name="building"><value>yes</value></Data><Data name="name"><value>Nya Varvets Vård- och omsorgsboende</value></Data><Data name="old_name"><value>Nya varvets äldreboende</value></Data><Data name="operator"><value>Göteborgs Stad</value></Data><Data name="social_facility"><value>assisted_living</value></Data><Data name="@geometry"><value>center</value></Data></ExtendedData><Point><coordinates>11.8902464,57.6799044</coordinates></Point></Placemark><Placemark><ExtendedData><Data name="@id"><value>way/79519717</value></Data><Data name="building"><value>yes</value></Data><Data name="amenity"><value>nursing_home</value></Data><Data name="@geometry"><value>center</value></Data></ExtendedData><Point><coordinates>11.9094331,57.6763196</coordinates></Point></Placemark><Placemark><ExtendedData><Data name="@id"><value>way/79519723</value></Data><Data name="building"><value>yes</value></Data><Data name="amenity"><value>nursing_home</value></Data><Data name="addr:street"><value>Ängåsgatan</value></Data><Data name="addr:city"><value>Västra Frölunda</value></Data><Data name="addr:country"><value>SE</value></Data><Data name="addr:housenumber"><value>23</value></Data><Data name="addr:postcode"><value>426 68</value></Data><Data name="@geometry"><value>center</value></Data></ExtendedData><Point><coordinates>11.9097307,57.6761289</coordinates></Point></Placemark><Placemark><ExtendedData><Data name="@id"><value>way/79610507</value></Data><Data name="building"><value>yes</value></Data><Data name="amenity"><value>nursing_home</value></Data><Data name="@geometry"><value>center</value></Data></ExtendedData><Point><coordinates>11.905608,57.6730823</coordinates></Point></Placemark><Placemark><ExtendedData><Data name="@id"><value>way/79610612</value></Data><Data name="building"><value>yes</value></Data><Data name="amenity"><value>nursing_home</value></Data><Data name="@geometry"><value>center</value></Data></ExtendedData><Point><coordinates>11.9056898,57.6729298</coordinates></Point></Placemark><Placemark><ExtendedData><Data name="@id"><value>way/79610645</value></Data><Data name="building"><value>yes</value></Data><Data name="amenity"><value>nursing_home</value></Data><Data name="@geometry"><value>center</value></Data></ExtendedData><Point><coordinates>11.9052757,57.6729336</coordinates></Point></Placemark><Placemark><name>Altplatsens Vård- och omsorgsboende</name><ExtendedData><Data name="@id"><value>way/80635545</value></Data><Data name="social_facility:for"><value>senior</value></Data><Data name="operator"><value>Göteborgs Stad</value></Data><Data name="old_name"><value>Altplatsens äldreboende</value></Data><Data name="name"><value>Altplatsens Vård- och omsorgsboende</value></Data><Data name="social_facility"><value>group_home</value></Data><Data name="building"><value>yes</value></Data><Data name="addr:country"><value>SE</value></Data><Data name="addr:housenumber"><value>15</value></Data><Data name="addr:street"><value>Positivgatan</value></Data><Data name="amenity"><value>social_facility</value></Data><Data name="@geometry"><value>center</value></Data></ExtendedData><Point><coordinates>11.9141113,57.6593613</coordinates></Point></Placemark><Placemark><name>Lasarettet i Ystad</name><ExtendedData><Data name="@id"><value>way/80956157</value></Data><Data name="amenity"><value>hospital</value></Data><Data name="emergency"><value>yes</value></Data><Data name="health_specialty:emergency_medicine"><value>yes</value></Data><Data name="health_specialty:family_medicine"><value>yes</value></Data><Data name="health_specialty:intensive_care_medicine"><value>yes</value></Data><Data name="health_specialty:surgery"><value>yes</value></Data><Data name="name"><value>Lasarettet i Ystad</value></Data><Data name="opening_hours"><value>24/7</value></Data><Data name="toilets:wheelchair"><value>yes</value></Data><Data name="wheelchair"><value>yes</value></Data><Data name="wikidata"><value>Q30263870</value></Data><Data name="@geometry"><value>center</value></Data></ExtendedData><Point><coordinates>13.8169593,55.4342177</coordinates></Point></Placemark><Placemark><name>Björkbacken</name><ExtendedData><Data name="@id"><value>way/81286375</value></Data><Data name="name"><value>Björkbacken</value></Data><Data name="amenity"><value>social_facility</value></Data><Data name="addr:street"><value>Tunnlandsgatan</value></Data><Data name="addr:housenumber"><value>4</value></Data><Data name="addr:country"><value>SE</value></Data><Data name="building"><value>yes</value></Data><Data name="@geometry"><value>center</value></Data></ExtendedData><Point><coordinates>11.9278126,57.6675768</coordinates></Point></Placemark><Placemark><ExtendedData><Data name="@id"><value>way/82260826</value></Data><Data name="amenity"><value>social_facility</value></Data><Data name="social_facility"><value>shelter</value></Data><Data name="social_facility:for"><value>migrant</value></Data><Data name="old_name"><value>Hotel F1</value></Data><Data name="addr:street"><value>Axel Adlers Gata</value></Data><Data name="building"><value>yes</value></Data><Data name="addr:housenumber"><value>2</value></Data><Data name="addr:country"><value>SE</value></Data><Data name="@geometry"><value>center</value></Data></ExtendedData><Point><coordinates>11.934178,57.647683</coordinates></Point></Placemark><Placemark><name>Mjölkuddens hälsocentral</name><ExtendedData><Data name="@id"><value>way/86384974</value></Data><Data name="name"><value>Mjölkuddens hälsocentral</value></Data><Data name="website"><value>http://www.nll.se/sv/Halsa-och-sjukvard/Vardcentraler1/Lulea/Lulea-Mjolkuddens-halsocentral/</value></Data><Data name="source"><value>bing</value></Data><Data name="healthcare"><value>clinic</value></Data><Data name="addr:city"><value>Luleå</value></Data><Data name="addr:country"><value>SE</value></Data><Data name="addr:housenumber"><value>75</value></Data><Data name="addr:postcode"><value>97341</value></Data><Data name="addr:street"><value>Mjölkuddsvägen</value></Data><Data name="amenity"><value>clinic</value></Data><Data name="building"><value>yes</value></Data><Data name="@geometry"><value>center</value></Data></ExtendedData><Point><coordinates>22.1298348,65.6012008</coordinates></Point></Placemark><Placemark><name>Tillfälligt boende för asylsökande</name><ExtendedData><Data name="@id"><value>way/86570063</value></Data><Data name="social_facility:for"><value>migrant</value></Data><Data name="social_facility"><value>group_home</value></Data><Data name="addr:country"><value>SE</value></Data><Data name="addr:housenumber"><value>15</value></Data><Data name="addr:street"><value>Lillhagsparken</value></Data><Data name="amenity"><value>social_facility</value></Data><Data name="building"><value>yes</value></Data><Data name="name"><value>Tillfälligt boende för asylsökande</value></Data><Data name="@geometry"><value>center</value></Data></ExtendedData><Point><coordinates>11.9528561,57.7611062</coordinates></Point></Placemark><Placemark><ExtendedData><Data name="@id"><value>way/87305373</value></Data><Data name="amenity"><value>social_facility</value></Data><Data name="building"><value>yes</value></Data><Data name="roof:colour"><value>firebrick</value></Data><Data name="roof:shape"><value>gabled</value></Data><Data name="social_facility"><value>nursing_home</value></Data><Data name="social_facility:for"><value>senior</value></Data><Data name="@geometry"><value>center</value></Data></ExtendedData><Point><coordinates>18.2616661,59.3309044</coordinates></Point></Placemark><Placemark><name>Sockens Vård- och omsorgsboende</name><ExtendedData><Data name="@id"><value>way/87366723</value></Data><Data name="operator"><value>Göteborgs stad</value></Data><Data name="name"><value>Sockens Vård- och omsorgsboende</value></Data><Data name="source"><value>Bing</value></Data><Data name="social_facility:for"><value>senior</value></Data><Data name="building"><value>yes</value></Data><Data name="amenity"><value>social_facility</value></Data><Data name="old_name"><value>Fyrväpplingsgatan 5 äldreboende</value></Data><Data name="social_facility"><value>group_home</value></Data><Data name="@geometry"><value>center</value></Data></ExtendedData><Point><coordinates>11.9134873,57.7144789</coordinates></Point></Placemark><Placemark><name>Södervärns Vårdcentral</name><ExtendedData><Data name="@id"><value>way/87663984</value></Data><Data name="building"><value>yes</value></Data><Data name="name"><value>Södervärns Vårdcentral</value></Data><Data name="healthcare"><value>clinic</value></Data><Data name="amenity"><value>clinic</value></Data><Data name="@geometry"><value>center</value></Data></ExtendedData><Point><coordinates>13.0044534,55.5891193</coordinates></Point></Placemark><Placemark><name>Norra Fäladen Vårdcentral</name><ExtendedData><Data name="@id"><value>way/88293017</value></Data><Data name="check_date:opening_hours"><value>2021-06-06</value></Data><Data name="addr:city"><value>Lund</value></Data><Data name="addr:country"><value>SE</value></Data><Data name="addr:housenumber"><value>4</value></Data><Data name="addr:street"><value>Fäladstorget</value></Data><Data name="amenity"><value>clinic</value></Data><Data name="building"><value>yes</value></Data><Data name="healthcare"><value>clinic</value></Data><Data name="name"><value>Norra Fäladen Vårdcentral</value></Data><Data name="opening_hours"><value>Mo-Fr 08:00-17:00</value></Data><Data name="phone"><value>+46 46 275 21 00</value></Data><Data name="website"><value>https://www.1177.se/Skane/hitta-vard/kontaktkort/Vardcentralen-Norra-Faladen/</value></Data><Data name="@geometry"><value>center</value></Data></ExtendedData><Point><coordinates>13.2044464,55.7236204</coordinates></Point></Placemark><Placemark><name>Särskilt boende för äldre</name><ExtendedData><Data name="@id"><value>way/88300116</value></Data><Data name="addr:country"><value>SE</value></Data><Data name="addr:housenumber"><value>36</value></Data><Data name="addr:postcode"><value>61634</value></Data><Data name="addr:street"><value>Jurslavägen</value></Data><Data name="alt_name"><value>Kvillinge Äldrecentrum</value></Data><Data name="amenity"><value>social_facility</value></Data><Data name="building"><value>yes</value></Data><Data name="name"><value>Särskilt boende för äldre</value></Data><Data name="@geometry"><value>center</value></Data></ExtendedData><Point><coordinates>16.1647515,58.6556272</coordinates></Point></Placemark><Placemark><name>Sankt Lars vårdcentral</name><ExtendedData><Data name="@id"><value>way/88457585</value></Data><Data name="name"><value>Sankt Lars vårdcentral</value></Data><Data name="addr:city"><value>Lund</value></Data><Data name="addr:country"><value>SE</value></Data><Data name="addr:housename"><value>Vårdcentralen Sankt Lars</value></Data><Data name="addr:housenumber"><value>6</value></Data><Data name="addr:postcode"><value>22185</value></Data><Data name="addr:street"><value>Sankt Lars väg</value></Data><Data name="amenity"><value>clinic</value></Data><Data name="building"><value>yes</value></Data><Data name="healthcare"><value>clinic</value></Data><Data name="@geometry"><value>center</value></Data></ExtendedData><Point><coordinates>13.1849979,55.6868451</coordinates></Point></Placemark><Placemark><name>Granliden</name><ExtendedData><Data name="@id"><value>way/89138773</value></Data><Data name="social_facility"><value>nursing_home</value></Data><Data name="building"><value>yes</value></Data><Data name="addr:country"><value>SE</value></Data><Data name="addr:housenumber"><value>19</value></Data><Data name="addr:street"><value>Granlidsvägen</value></Data><Data name="amenity"><value>social_facility</value></Data><Data name="name"><value>Granliden</value></Data><Data name="@geometry"><value>center</value></Data></ExtendedData><Point><coordinates>11.9375771,57.6134622</coordinates></Point></Placemark><Placemark><name>Kryckan</name><ExtendedData><Data name="@id"><value>way/89349509</value></Data><Data name="amenity"><value>social_facility</value></Data><Data name="building"><value>church</value></Data><Data name="building:levels"><value>1</value></Data><Data name="name"><value>Kryckan</value></Data><Data name="operator"><value>Svenska kyrkan</value></Data><Data name="@geometry"><value>center</value></Data></ExtendedData><Point><coordinates>18.1396706,59.1630665</coordinates></Point></Placemark><Placemark><name>Bergalid</name><ExtendedData><Data name="@id"><value>way/89744171</value></Data><Data name="addr:city"><value>Helsingborg</value></Data><Data name="addr:country"><value>SE</value></Data><Data name="addr:housenumber"><value>6</value></Data><Data name="addr:postcode"><value>252 23</value></Data><Data name="addr:street"><value>Prins Kristians gata</value></Data><Data name="amenity"><value>social_facility</value></Data><Data name="building"><value>yes</value></Data><Data name="name"><value>Bergalid</value></Data><Data name="operator"><value>Helsingborgs kommun</value></Data><Data name="social_facility"><value>group_home</value></Data><Data name="social_facility:for"><value>senior</value></Data><Data name="source"><value>Bing</value></Data><Data name="source:address"><value>Helsingborgs kommun</value></Data><Data name="@geometry"><value>center</value></Data></ExtendedData><Point><coordinates>12.7033166,56.0435794</coordinates></Point></Placemark><Placemark><name>Helsingborgs lasarett</name><ExtendedData><Data name="@id"><value>way/89744244</value></Data><Data name="addr:city"><value>Helsingborg</value></Data><Data name="addr:country"><value>SE</value></Data><Data name="addr:housenumber"><value>10</value></Data><Data name="addr:street"><value>Charlotte Yhlens gata</value></Data><Data name="amenity"><value>hospital</value></Data><Data name="emergency"><value>yes</value></Data><Data name="health_specialty:emergency_medicine"><value>yes</value></Data><Data name="health_specialty:family_medicine"><value>yes</value></Data><Data name="health_specialty:intensive_care_medicine"><value>yes</value></Data><Data name="health_specialty:orthopaedics"><value>yes</value></Data><Data name="health_specialty:paediatrics"><value>yes</value></Data><Data name="health_specialty:surgery"><value>yes</value></Data><Data name="health_specialty:vascular_surgery"><value>yes</value></Data><Data name="healthcare"><value>hospital</value></Data><Data name="name"><value>Helsingborgs lasarett</value></Data><Data name="opening_hours"><value>24/7</value></Data><Data name="operator"><value>Region Skåne</value></Data><Data name="operator:type"><value>public</value></Data><Data name="source"><value>Bing</value></Data><Data name="wheelchair"><value>yes</value></Data><Data name="@geometry"><value>center</value></Data></ExtendedData><Point><coordinates>12.7047913,56.0459884</coordinates></Point></Placemark><Placemark><ExtendedData><Data name="@id"><value>way/90394838</value></Data><Data name="amenity"><value>social_facility</value></Data><Data name="building"><value>yes</value></Data><Data name="social_facility"><value>group_home</value></Data><Data name="social_facility:for"><value>senior</value></Data><Data name="@geometry"><value>center</value></Data></ExtendedData><Point><coordinates>11.9241178,58.3644351</coordinates></Point></Placemark><Placemark><name>Matcentralen</name><ExtendedData><Data name="@id"><value>way/90629814</value></Data><Data name="amenity"><value>social_facility</value></Data><Data name="name"><value>Matcentralen</value></Data><Data name="social_facility"><value>food_bank</value></Data><Data name="building"><value>yes</value></Data><Data name="operator"><value>Uppsala Stadsmission</value></Data><Data name="source"><value>Bing</value></Data><Data name="@geometry"><value>center</value></Data></ExtendedData><Point><coordinates>17.6638438,59.8482426</coordinates></Point></Placemark><Placemark><name>Midskogens vård och omsorgsboende</name><ExtendedData><Data name="@id"><value>way/90843742</value></Data><Data name="addr:city"><value>Luleå</value></Data><Data name="addr:country"><value>SE</value></Data><Data name="addr:housenumber"><value>6</value></Data><Data name="addr:postcode"><value>97332</value></Data><Data name="addr:street"><value>Gymnasievägen</value></Data><Data name="amenity"><value>social_facility</value></Data><Data name="building"><value>yes</value></Data><Data name="name"><value>Midskogens vård och omsorgsboende</value></Data><Data name="operator"><value>Luleå kommun</value></Data><Data name="social_facility:for"><value>senior</value></Data><Data name="website"><value>https://www.lulea.se/omsorg--stod/aldre-senior/vard--och-omsorgsboende/midskogens-vard-och-omsorgsboende.html</value></Data><Data name="@geometry"><value>center</value></Data></ExtendedData><Point><coordinates>22.1639452,65.5955358</coordinates></Point></Placemark><Placemark><ExtendedData><Data name="@id"><value>way/90989604</value></Data><Data name="amenity"><value>social_facility</value></Data><Data name="building"><value>yes</value></Data><Data name="building:levels"><value>1</value></Data><Data name="social_facility"><value>group_home</value></Data><Data name="social_facility:for"><value>senior</value></Data><Data name="@geometry"><value>center</value></Data></ExtendedData><Point><coordinates>11.9079328,58.3614043</coordinates></Point></Placemark><Placemark><ExtendedData><Data name="@id"><value>way/90989645</value></Data><Data name="amenity"><value>social_facility</value></Data><Data name="building"><value>yes</value></Data><Data name="social_facility"><value>group_home</value></Data><Data name="social_facility:for"><value>senior</value></Data><Data name="@geometry"><value>center</value></Data></ExtendedData><Point><coordinates>11.9121026,58.362713</coordinates></Point></Placemark><Placemark><ExtendedData><Data name="@id"><value>way/90989656</value></Data><Data name="amenity"><value>social_facility</value></Data><Data name="building"><value>yes</value></Data><Data name="building:levels"><value>2</value></Data><Data name="social_facility"><value>group_home</value></Data><Data name="social_facility:for"><value>senior</value></Data><Data name="@geometry"><value>center</value></Data></ExtendedData><Point><coordinates>11.9102816,58.3616684</coordinates></Point></Placemark><Placemark><name>Skellefteå Lasarett</name><ExtendedData><Data name="@id"><value>way/91876692</value></Data><Data name="name"><value>Skellefteå Lasarett</value></Data><Data name="website"><value>https://www.vll.se/default.aspx?id=25725&amp;refid=1931</value></Data><Data name="amenity"><value>hospital</value></Data><Data name="emergency"><value>yes</value></Data><Data name="health_specialty:emergency_medicine"><value>yes</value></Data><Data name="health_specialty:family_medicine"><value>yes</value></Data><Data name="health_specialty:intensive_care_medicine"><value>yes</value></Data><Data name="health_specialty:orthopaedics"><value>yes</value></Data><Data name="health_specialty:paediatrics"><value>yes</value></Data><Data name="health_specialty:surgery"><value>yes</value></Data><Data name="healthcare"><value>hospital</value></Data><Data name="opening_hours"><value>24/7</value></Data><Data name="source"><value>Bing</value></Data><Data name="wikidata"><value>Q30280741</value></Data><Data name="@geometry"><value>center</value></Data></ExtendedData><Point><coordinates>20.9382278,64.7574109</coordinates></Point></Placemark><Placemark><ExtendedData><Data name="@id"><value>way/91926309</value></Data><Data name="building"><value>yes</value></Data><Data name="amenity"><value>hospital</value></Data><Data name="@geometry"><value>center</value></Data></ExtendedData><Point><coordinates>16.3669189,56.6649993</coordinates></Point></Placemark><Placemark><ExtendedData><Data name="@id"><value>way/91926317</value></Data><Data name="building"><value>yes</value></Data><Data name="amenity"><value>hospital</value></Data><Data name="@geometry"><value>center</value></Data></ExtendedData><Point><coordinates>16.3666703,56.6645488</coordinates></Point></Placemark><Placemark><ExtendedData><Data name="@id"><value>way/91926352</value></Data><Data name="building"><value>yes</value></Data><Data name="amenity"><value>hospital</value></Data><Data name="@geometry"><value>center</value></Data></ExtendedData><Point><coordinates>16.3673224,56.6647533</coordinates></Point></Placemark><Placemark><name>Rosenhäll Vård- och omsorgsboende</name><ExtendedData><Data name="@id"><value>way/91973210</value></Data><Data name="social_facility:for"><value>senior</value></Data><Data name="building"><value>yes</value></Data><Data name="amenity"><value>social_facility</value></Data><Data name="name"><value>Rosenhäll Vård- och omsorgsboende</value></Data><Data name="social_facility"><value>group_home</value></Data><Data name="@geometry"><value>center</value></Data></ExtendedData><Point><coordinates>11.9750642,58.3437422</coordinates></Point></Placemark><Placemark><ExtendedData><Data name="@id"><value>way/91973218</value></Data><Data name="amenity"><value>social_facility</value></Data><Data name="building"><value>yes</value></Data><Data name="building:levels"><value>1</value></Data><Data name="social_facility"><value>group_home</value></Data><Data name="@geometry"><value>center</value></Data></ExtendedData><Point><coordinates>11.9661655,58.3422855</coordinates></Point></Placemark><Placemark><name>Bruksgården 2 äldreboende</name><ExtendedData><Data name="@id"><value>way/92035455</value></Data><Data name="amenity"><value>social_facility</value></Data><Data name="building"><value>yes</value></Data><Data name="name"><value>Bruksgården 2 äldreboende</value></Data><Data name="social_facility"><value>group_home</value></Data><Data name="social_facility:for"><value>senior</value></Data><Data name="@geometry"><value>center</value></Data></ExtendedData><Point><coordinates>17.3426201,62.3980301</coordinates></Point></Placemark><Placemark><name>Bruksgården 1 äldreboende</name><ExtendedData><Data name="@id"><value>way/92043216</value></Data><Data name="amenity"><value>social_facility</value></Data><Data name="building"><value>yes</value></Data><Data name="name"><value>Bruksgården 1 äldreboende</value></Data><Data name="social_facility"><value>group_home</value></Data><Data name="social_facility:for"><value>senior</value></Data><Data name="@geometry"><value>center</value></Data></ExtendedData><Point><coordinates>17.3416328,62.398067</coordinates></Point></Placemark><Placemark><ExtendedData><Data name="@id"><value>way/92894137</value></Data><Data name="addr:city"><value>Kungsbacka</value></Data><Data name="addr:country"><value>SE</value></Data><Data name="addr:housenumber"><value>2</value></Data><Data name="addr:street"><value>Kraftvägen</value></Data><Data name="amenity"><value>social_facility</value></Data><Data name="building"><value>industrial</value></Data><Data name="old_name"><value>Elanders tryckeri</value></Data><Data name="operator"><value>Jokarjo AB</value></Data><Data name="social_facility"><value>shelter</value></Data><Data name="social_facility:for"><value>migrant</value></Data><Data name="@geometry"><value>center</value></Data></ExtendedData><Point><coordinates>12.0771573,57.5034998</coordinates></Point></Placemark><Placemark><ExtendedData><Data name="@id"><value>way/93088881</value></Data><Data name="amenity"><value>clinic</value></Data><Data name="building"><value>yes</value></Data><Data name="source"><value>Bing</value></Data><Data name="@geometry"><value>center</value></Data></ExtendedData><Point><coordinates>20.9902405,64.746341</coordinates></Point></Placemark><Placemark><name>Fästan</name><ExtendedData><Data name="@id"><value>way/93213543</value></Data><Data name="addr:city"><value>Södra Sandby</value></Data><Data name="addr:country"><value>SE</value></Data><Data name="addr:housenumber"><value>15</value></Data><Data name="addr:street"><value>Backgatan</value></Data><Data name="amenity"><value>social_facility</value></Data><Data name="building"><value>yes</value></Data><Data name="name"><value>Fästan</value></Data><Data name="operator"><value>Lunds kommun</value></Data><Data name="social_facility"><value>assisted_living</value></Data><Data name="social_facility:for"><value>senior</value></Data><Data name="@geometry"><value>center</value></Data></ExtendedData><Point><coordinates>13.3448938,55.7202365</coordinates></Point></Placemark><Placemark><name>Vårdcentralen Kasernhöjden</name><ExtendedData><Data name="@id"><value>way/93420124</value></Data><Data name="operator"><value>Praktikertjänst</value></Data><Data name="opening_hours"><value>Mo-Fr 08:00-17:00</value></Data><Data name="name"><value>Vårdcentralen Kasernhöjden</value></Data><Data name="building"><value>yes</value></Data><Data name="amenity"><value>clinic</value></Data><Data name="website"><value>http://www.ptj.se/vardcentralen-kasernhojden/</value></Data><Data name="@geometry"><value>center</value></Data></ExtendedData><Point><coordinates>13.4876844,59.3873053</coordinates></Point></Placemark><Placemark><name>Hillebarden</name><ExtendedData><Data name="@id"><value>way/93562087</value></Data><Data name="addr:city"><value>Lund</value></Data><Data name="addr:country"><value>SE</value></Data><Data name="addr:housenumber"><value>1f</value></Data><Data name="addr:street"><value>Hillebardsgränden</value></Data><Data name="amenity"><value>social_facility</value></Data><Data name="building"><value>yes</value></Data><Data name="name"><value>Hillebarden</value></Data><Data name="social_facility"><value>group_home</value></Data><Data name="social_facility:for"><value>disabled</value></Data><Data name="@geometry"><value>center</value></Data></ExtendedData><Point><coordinates>13.1946703,55.7302347</coordinates></Point></Placemark><Placemark><name>Svartedalens Vård- och omsorgsboende</name><ExtendedData><Data name="@id"><value>way/93955704</value></Data><Data name="social_facility:for"><value>senior</value></Data><Data name="operator"><value>Göteborgs Stad</value></Data><Data name="social_facility"><value>group_home</value></Data><Data name="addr:country"><value>SE</value></Data><Data name="addr:housenumber"><value>2</value></Data><Data name="addr:street"><value>Svartedalsgatan</value></Data><Data name="amenity"><value>social_facility</value></Data><Data name="building"><value>yes</value></Data><Data name="name"><value>Svartedalens Vård- och omsorgsboende</value></Data><Data name="old_name"><value>Svartedalens Äldreboende</value></Data><Data name="@geometry"><value>center</value></Data></ExtendedData><Point><coordinates>11.9020574,57.730505</coordinates></Point></Placemark><Placemark><ExtendedData><Data name="@id"><value>way/94088538</value></Data><Data name="amenity"><value>social_facility</value></Data><Data name="building"><value>yes</value></Data><Data name="building:levels"><value>2</value></Data><Data name="roof:colour"><value>firebrick</value></Data><Data name="roof:shape"><value>gabled</value></Data><Data name="social_facility"><value>group_home</value></Data><Data name="social_facility:for"><value>disabled</value></Data><Data name="source"><value>bing</value></Data><Data name="@geometry"><value>center</value></Data></ExtendedData><Point><coordinates>18.2539007,59.3281458</coordinates></Point></Placemark><Placemark><ExtendedData><Data name="@id"><value>way/94088546</value></Data><Data name="amenity"><value>social_facility</value></Data><Data name="building"><value>yes</value></Data><Data name="building:levels"><value>2</value></Data><Data name="roof:colour"><value>firebrick</value></Data><Data name="roof:shape"><value>gabled</value></Data><Data name="social_facility"><value>group_home</value></Data><Data name="social_facility:for"><value>disabled</value></Data><Data name="source"><value>bing</value></Data><Data name="@geometry"><value>center</value></Data></ExtendedData><Point><coordinates>18.2541602,59.3284154</coordinates></Point></Placemark><Placemark><name>Falu Vårdcentral</name><ExtendedData><Data name="@id"><value>way/94180950</value></Data><Data name="source"><value>Bing + local knowledge + website</value></Data><Data name="name"><value>Falu Vårdcentral</value></Data><Data name="website"><value>https://faluvc.se/</value></Data><Data name="addr:city"><value>Falun</value></Data><Data name="addr:country"><value>SE</value></Data><Data name="addr:housenumber"><value>18</value></Data><Data name="addr:postcode"><value>79170</value></Data><Data name="addr:street"><value>Södra Mariegatan</value></Data><Data name="amenity"><value>clinic</value></Data><Data name="building"><value>yes</value></Data><Data name="healthcare"><value>clinic</value></Data><Data name="@geometry"><value>center</value></Data></ExtendedData><Point><coordinates>15.6205078,60.6130506</coordinates></Point></Placemark><Placemark><name>Rättspsykiatriska regionkliniken i Sundsvall</name><ExtendedData><Data name="@id"><value>way/94246770</value></Data><Data name="amenity"><value>hospital</value></Data><Data name="emergency"><value>no</value></Data><Data name="healthcare"><value>hospital</value></Data><Data name="name"><value>Rättspsykiatriska regionkliniken i Sundsvall</value></Data><Data name="@geometry"><value>center</value></Data></ExtendedData><Point><coordinates>17.2407527,62.3937567</coordinates></Point></Placemark><Placemark><ExtendedData><Data name="@id"><value>way/94352781</value></Data><Data name="source"><value>Bing</value></Data><Data name="addr:city"><value>Uppsala</value></Data><Data name="addr:country"><value>SE</value></Data><Data name="addr:housenumber"><value>63</value></Data><Data name="addr:street"><value>Eksoppsvägen</value></Data><Data name="amenity"><value>social_facility</value></Data><Data name="building"><value>yes</value></Data><Data name="social_facility"><value>group_home</value></Data><Data name="@geometry"><value>center</value></Data></ExtendedData><Point><coordinates>17.6109833,59.8212559</coordinates></Point></Placemark><Placemark><name>Habiliteringsmottagning Sundsvall</name><description>Det finns en mottagning för barn med fyra barnteam och en mottagning för unga och vuxna med tre ungdomsteam och tre vuxenteam.</description><ExtendedData><Data name="@id"><value>way/94404282</value></Data><Data name="source"><value>https://www.rvn.se/sv/Om-regionen/regionens-organisation/specialistvarden/Habilitering/Habilitering-Sundsvall/</value></Data><Data name="addr:city"><value>Sundsvall</value></Data><Data name="addr:country"><value>SE</value></Data><Data name="addr:housenumber"><value>30</value></Data><Data name="addr:postcode"><value>856 40</value></Data><Data name="addr:street"><value>Kungsvägen</value></Data><Data name="amenity"><value>hospital</value></Data><Data name="contact:email"><value>habilitering.sundsvall@rvn.se</value></Data><Data name="contact:fax"><value>+46 60 18 29 35</value></Data><Data name="contact:phone"><value>+46 60 18 29 00</value></Data><Data name="contact:website"><value>https://www.rvn.se/sv/Om-regionen/regionens-organisation/specialistvarden/Habilitering/Habilitering-Sundsvall/</value></Data><Data name="description"><value>Det finns en mottagning för barn med fyra barnteam och en mottagning för unga och vuxna med tre ungdomsteam och tre vuxenteam.</value></Data><Data name="emergency"><value>no</value></Data><Data name="name"><value>Habiliteringsmottagning Sundsvall</value></Data><Data name="operator"><value>Region Västernorrland</value></Data><Data name="@geometry"><value>center</value></Data></ExtendedData><Point><coordinates>17.3131129,62.4004848</coordinates></Point></Placemark><Placemark><name>Lillåns Vårdcentral</name><ExtendedData><Data name="@id"><value>way/94501618</value></Data><Data name="amenity"><value>doctors</value></Data><Data name="building"><value>yes</value></Data><Data name="name"><value>Lillåns Vårdcentral</value></Data><Data name="@geometry"><value>center</value></Data></ExtendedData><Point><coordinates>15.223809,59.3193836</coordinates></Point></Placemark><Placemark><ExtendedData><Data name="@id"><value>way/94830415</value></Data><Data name="addr:city"><value>Lund</value></Data><Data name="addr:country"><value>SE</value></Data><Data name="addr:housenumber"><value>2</value></Data><Data name="addr:street"><value>Nöbbelövsvägen</value></Data><Data name="amenity"><value>nursing_home</value></Data><Data name="building"><value>yes</value></Data><Data name="@geometry"><value>center</value></Data></ExtendedData><Point><coordinates>13.1775055,55.7243024</coordinates></Point></Placemark><Placemark><name>Såpkullens vårdcentral</name><ExtendedData><Data name="@id"><value>way/94830645</value></Data><Data name="addr:county"><value>Östergötlands län</value></Data><Data name="addr:municipality"><value>Norrköpings kommun</value></Data><Data name="addr:city"><value>Norrköping</value></Data><Data name="addr:country"><value>SE</value></Data><Data name="addr:housenumber"><value>18</value></Data><Data name="addr:street"><value>Gamla Lasarettsgatan</value></Data><Data name="amenity"><value>doctors</value></Data><Data name="building"><value>yes</value></Data><Data name="healthcare"><value>doctor</value></Data><Data name="name"><value>Såpkullens vårdcentral</value></Data><Data name="@geometry"><value>center</value></Data></ExtendedData><Point><coordinates>16.1782278,58.5828995</coordinates></Point></Placemark><Placemark><name>Nöbbelöv vårdcentral</name><ExtendedData><Data name="@id"><value>way/94831562</value></Data><Data name="name"><value>Nöbbelöv vårdcentral</value></Data><Data name="height"><value>7</value></Data><Data name="addr:city"><value>Lund</value></Data><Data name="addr:country"><value>SE</value></Data><Data name="addr:housenumber"><value>1</value></Data><Data name="addr:street"><value>Nöbbelövs torg</value></Data><Data name="amenity"><value>clinic</value></Data><Data name="building"><value>yes</value></Data><Data name="building:levels"><value>2</value></Data><Data name="@geometry"><value>center</value></Data></ExtendedData><Point><coordinates>13.1767543,55.7281197</coordinates></Point></Placemark><Placemark><ExtendedData><Data name="@id"><value>way/94914634</value></Data><Data name="addr:city"><value>Kalmar</value></Data><Data name="addr:country"><value>SE</value></Data><Data name="addr:housenumber"><value>3</value></Data><Data name="addr:street"><value>Sankt Kristoffers väg</value></Data><Data name="amenity"><value>social_facility</value></Data><Data name="social_facility"><value>nursing_home</value></Data><Data name="social_facility:for"><value>senior</value></Data><Data name="wheelchair"><value>yes</value></Data><Data name="@geometry"><value>center</value></Data></ExtendedData><Point><coordinates>16.3382975,56.6798029</coordinates></Point></Placemark><Placemark><name>Särskilt boende för äldre</name><ExtendedData><Data name="@id"><value>way/95534485</value></Data><Data name="addr:county"><value>Östergötlands län</value></Data><Data name="addr:municipality"><value>Norrköpings kommun</value></Data><Data name="addr:city"><value>Norrköping</value></Data><Data name="addr:country"><value>SE</value></Data><Data name="addr:housename"><value>Borgmästaregården</value></Data><Data name="addr:housenumber"><value>34</value></Data><Data name="addr:street"><value>Klingsbergsgatan</value></Data><Data name="amenity"><value>social_facility</value></Data><Data name="building"><value>yes</value></Data><Data name="name"><value>Särskilt boende för äldre</value></Data><Data name="operator"><value>A&amp;O Ansvar och Omsorg AB</value></Data><Data name="@geometry"><value>center</value></Data></ExtendedData><Point><coordinates>16.1827191,58.5786399</coordinates></Point></Placemark><Placemark><name>Habo Vårdcentral</name><ExtendedData><Data name="@id"><value>way/95952565</value></Data><Data name="addr:street"><value>Kärrsvägen</value></Data><Data name="alt_name"><value>Kärrsgårdens äldrecentrum</value></Data><Data name="amenity"><value>clinic</value></Data><Data name="building"><value>yes</value></Data><Data name="name"><value>Habo Vårdcentral</value></Data><Data name="source"><value>Bing</value></Data><Data name="@geometry"><value>center</value></Data></ExtendedData><Point><coordinates>14.0895474,57.9099307</coordinates></Point></Placemark><Placemark><name>Vårdcentralen Måsen</name><ExtendedData><Data name="@id"><value>way/96031169</value></Data><Data name="name"><value>Vårdcentralen Måsen</value></Data><Data name="amenity"><value>clinic</value></Data><Data name="building"><value>yes</value></Data><Data name="building:levels"><value>3</value></Data><Data name="@geometry"><value>center</value></Data></ExtendedData><Point><coordinates>13.1720266,55.707752</coordinates></Point></Placemark><Placemark><ExtendedData><Data name="@id"><value>way/96173866</value></Data><Data name="amenity"><value>social_facility</value></Data><Data name="building"><value>yes</value></Data><Data name="social_facility"><value>group_home</value></Data><Data name="social_facility:for"><value>senior</value></Data><Data name="@geometry"><value>center</value></Data></ExtendedData><Point><coordinates>12.9424323,57.6992168</coordinates></Point></Placemark><Placemark><name>Bardisanen</name><ExtendedData><Data name="@id"><value>way/96328264</value></Data><Data name="building"><value>yes</value></Data><Data name="name"><value>Bardisanen</value></Data><Data name="social_facility"><value>group_home</value></Data><Data name="social_facility:for"><value>senior</value></Data><Data name="amenity"><value>social_facility</value></Data><Data name="addr:street"><value>Bardisangränden</value></Data><Data name="addr:city"><value>Lund</value></Data><Data name="addr:country"><value>SE</value></Data><Data name="addr:housenumber"><value>2</value></Data><Data name="@geometry"><value>center</value></Data></ExtendedData><Point><coordinates>13.1964619,55.7301016</coordinates></Point></Placemark><Placemark><name>Hellbergsgårdens äldreboende</name><ExtendedData><Data name="@id"><value>way/96384838</value></Data><Data name="addr:country"><value>SE</value></Data><Data name="addr:housenumber"><value>1</value></Data><Data name="addr:postcode"><value>85631</value></Data><Data name="addr:street"><value>Hellbergsgatan</value></Data><Data name="amenity"><value>social_facility</value></Data><Data name="building"><value>yes</value></Data><Data name="name"><value>Hellbergsgårdens äldreboende</value></Data><Data name="social_facility"><value>group_home</value></Data><Data name="social_facility:for"><value>senior</value></Data><Data name="@geometry"><value>center</value></Data></ExtendedData><Point><coordinates>17.3460269,62.397199</coordinates></Point></Placemark><Placemark><ExtendedData><Data name="@id"><value>way/96388776</value></Data><Data name="amenity"><value>clinic</value></Data><Data name="building"><value>yes</value></Data><Data name="source"><value>Bing</value></Data><Data name="@geometry"><value>center</value></Data></ExtendedData><Point><coordinates>18.6901874,63.2657668</coordinates></Point></Placemark><Placemark><name>Eriksbergs Vårdcentral</name><ExtendedData><Data name="@id"><value>way/96573184</value></Data><Data name="website"><value>http://www.lul.se/eriksberg</value></Data><Data name="phone"><value>+46 18 6117900</value></Data><Data name="addr:city"><value>Uppsala</value></Data><Data name="addr:country"><value>SE</value></Data><Data name="addr:housenumber"><value>5</value></Data><Data name="addr:street"><value>Granitvägen</value></Data><Data name="amenity"><value>doctors</value></Data><Data name="building"><value>yes</value></Data><Data name="healthcare"><value>doctor</value></Data><Data name="name"><value>Eriksbergs Vårdcentral</value></Data><Data name="@geometry"><value>center</value></Data></ExtendedData><Point><coordinates>17.6002995,59.8406876</coordinates></Point></Placemark><Placemark><name>Skarptorps vårdcentral</name><ExtendedData><Data name="@id"><value>way/96686164</value></Data><Data name="addr:county"><value>Östergötlands län</value></Data><Data name="addr:municipality"><value>Norrköpings kommun</value></Data><Data name="addr:city"><value>Norrköping</value></Data><Data name="addr:country"><value>SE</value></Data><Data name="addr:housenumber"><value>69</value></Data><Data name="addr:street"><value>Dalviksgatan</value></Data><Data name="amenity"><value>doctors</value></Data><Data name="building"><value>yes</value></Data><Data name="name"><value>Skarptorps vårdcentral</value></Data><Data name="@geometry"><value>center</value></Data></ExtendedData><Point><coordinates>16.147362,58.5730743</coordinates></Point></Placemark><Placemark><name>Sjöjungfruns Vård- och omsorgsboende</name><ExtendedData><Data name="@id"><value>way/97066261</value></Data><Data name="social_facility"><value>assisted_living</value></Data><Data name="addr:city"><value>Umeå</value></Data><Data name="addr:country"><value>SE</value></Data><Data name="addr:housenumber"><value>161</value></Data><Data name="addr:postcode"><value>90751</value></Data><Data name="addr:street"><value>Sjöfruvägen</value></Data><Data name="amenity"><value>social_facility</value></Data><Data name="building"><value>public</value></Data><Data name="capacity"><value>48</value></Data><Data name="name"><value>Sjöjungfruns Vård- och omsorgsboende</value></Data><Data name="operator"><value>Umeå kommun</value></Data><Data name="short_name"><value>Sjöjungfrun</value></Data><Data name="@geometry"><value>center</value></Data></ExtendedData><Point><coordinates>20.3452665,63.8067209</coordinates></Point></Placemark><Placemark><name>Vårdcentralen Höör</name><ExtendedData><Data name="@id"><value>way/97237836</value></Data><Data name="addr:city"><value>Höör</value></Data><Data name="addr:country"><value>SE</value></Data><Data name="addr:housenumber"><value>2</value></Data><Data name="addr:postcode"><value>243 30</value></Data><Data name="addr:street"><value>Storgatan</value></Data><Data name="amenity"><value>clinic</value></Data><Data name="building"><value>yes</value></Data><Data name="dispensing"><value>no</value></Data><Data name="electricity"><value>grid</value></Data><Data name="emergency"><value>no</value></Data><Data name="healthcare"><value>clinic;doctor;physiotherapist;rehabilitation</value></Data><Data name="name"><value>Vårdcentralen Höör</value></Data><Data name="opening_hours"><value>Mo-Fr 08:00-16:00</value></Data><Data name="operational_status"><value>operational</value></Data><Data name="operator"><value>Region Skåne</value></Data><Data name="phone"><value>+46 413 35 11 00</value></Data><Data name="url"><value>https://www.1177.se/hitta-vard/kontaktkort/Vardcentralen-Hoor/</value></Data><Data name="website"><value>https://www.skane.se/sv/Webbplatser/Primarvarden_Skane/Vardcentraler/Vara-vardcentraler/Orter-A-L/Hoor/</value></Data><Data name="@geometry"><value>center</value></Data></ExtendedData><Point><coordinates>13.547574,55.9312114</coordinates></Point></Placemark><Placemark><name>Dragkrokens äldreboende</name><ExtendedData><Data name="@id"><value>way/97429029</value></Data><Data name="name"><value>Dragkrokens äldreboende</value></Data><Data name="amenity"><value>social_facility</value></Data><Data name="building"><value>yes</value></Data><Data name="@geometry"><value>center</value></Data></ExtendedData><Point><coordinates>16.2961446,56.7367035</coordinates></Point></Placemark><Placemark><name>Edsätra</name><ExtendedData><Data name="@id"><value>way/98736886</value></Data><Data name="amenity"><value>social_facility</value></Data><Data name="building"><value>yes</value></Data><Data name="building:use"><value>residential</value></Data><Data name="name"><value>Edsätra</value></Data><Data name="social_facility"><value>group_home</value></Data><Data name="social_facility:for"><value>senior</value></Data><Data name="source"><value>knowledge</value></Data><Data name="@geometry"><value>center</value></Data></ExtendedData><Point><coordinates>17.9159126,59.284168</coordinates></Point></Placemark><Placemark><name>Huskvarna Vårdcentrum</name><ExtendedData><Data name="@id"><value>way/99492100</value></Data><Data name="name"><value>Huskvarna Vårdcentrum</value></Data><Data name="amenity"><value>doctors</value></Data><Data name="building"><value>yes</value></Data><Data name="@geometry"><value>center</value></Data></ExtendedData><Point><coordinates>14.2724392,57.7897327</coordinates></Point></Placemark><Placemark><ExtendedData><Data name="@id"><value>way/99838679</value></Data><Data name="addr:city"><value>Lund</value></Data><Data name="addr:country"><value>SE</value></Data><Data name="addr:housenumber"><value>3</value></Data><Data name="addr:street"><value>Karl XII gatan</value></Data><Data name="amenity"><value>nursing_home</value></Data><Data name="building"><value>yes</value></Data><Data name="@geometry"><value>center</value></Data></ExtendedData><Point><coordinates>13.1912318,55.7098326</coordinates></Point></Placemark><Placemark><name>IOGT-NTO</name><ExtendedData><Data name="@id"><value>way/101842047</value></Data><Data name="amenity"><value>social_facility</value></Data><Data name="building"><value>yes</value></Data><Data name="description:en"><value>Temperance Movement</value></Data><Data name="name"><value>IOGT-NTO</value></Data><Data name="social_facility"><value>outreach</value></Data><Data name="social_facility:for"><value>drug_addicted</value></Data><Data name="@geometry"><value>center</value></Data></ExtendedData><Point><coordinates>12.0122525,57.6502144</coordinates></Point></Placemark><Placemark><name>Kneippens vårdcentral</name><ExtendedData><Data name="@id"><value>way/102022271</value></Data><Data name="addr:county"><value>Östergötlands län</value></Data><Data name="addr:municipality"><value>Norrköpings kommun</value></Data><Data name="addr:city"><value>Norrköping</value></Data><Data name="addr:country"><value>SE</value></Data><Data name="addr:housenumber"><value>4</value></Data><Data name="addr:street"><value>Kneippgatan</value></Data><Data name="amenity"><value>doctors</value></Data><Data name="building"><value>yes</value></Data><Data name="healthcare"><value>doctor</value></Data><Data name="name"><value>Kneippens vårdcentral</value></Data><Data name="@geometry"><value>center</value></Data></ExtendedData><Point><coordinates>16.1628211,58.5856203</coordinates></Point></Placemark><Placemark><name>Klippangården</name><ExtendedData><Data name="@id"><value>way/102591142</value></Data><Data name="social_facility:for"><value>under_privileged</value></Data><Data name="addr:country"><value>SE</value></Data><Data name="addr:housenumber"><value>38</value></Data><Data name="addr:postcode"><value>85238</value></Data><Data name="addr:street"><value>Fredsgatan</value></Data><Data name="amenity"><value>social_facility</value></Data><Data name="name"><value>Klippangården</value></Data><Data name="operator"><value>Frälsningsarmén</value></Data><Data name="social_facility"><value>outreach</value></Data><Data name="@geometry"><value>center</value></Data></ExtendedData><Point><coordinates>17.2998552,62.3817166</coordinates></Point></Placemark><Placemark><name>Östregården</name><ExtendedData><Data name="@id"><value>way/102872892</value></Data><Data name="amenity"><value>social_facility</value></Data><Data name="building"><value>yes</value></Data><Data name="name"><value>Östregården</value></Data><Data name="operator"><value>Växjö kommun</value></Data><Data name="social_facility"><value>assisted_living</value></Data><Data name="social_facility:for"><value>dementia</value></Data><Data name="@geometry"><value>center</value></Data></ExtendedData><Point><coordinates>14.8154002,56.8775147</coordinates></Point></Placemark><Placemark><name>Tomtebo Vård- och omsorgsboende</name><ExtendedData><Data name="@id"><value>way/102949899</value></Data><Data name="social_facility"><value>assisted_living</value></Data><Data name="addr:city"><value>Umeå</value></Data><Data name="addr:country"><value>SE</value></Data><Data name="addr:housenumber"><value>231</value></Data><Data name="addr:postcode"><value>90751</value></Data><Data name="addr:street"><value>Vittervägen</value></Data><Data name="amenity"><value>social_facility</value></Data><Data name="building"><value>public</value></Data><Data name="capacity"><value>32</value></Data><Data name="name"><value>Tomtebo Vård- och omsorgsboende</value></Data><Data name="operator"><value>Umeå kommun</value></Data><Data name="@geometry"><value>center</value></Data></ExtendedData><Point><coordinates>20.3449489,63.8086539</coordinates></Point></Placemark><Placemark><name>Valltorp</name><ExtendedData><Data name="@id"><value>way/103717829</value></Data><Data name="amenity"><value>social_facility</value></Data><Data name="landuse"><value>residential</value></Data><Data name="name"><value>Valltorp</value></Data><Data name="operator"><value>Helsingborgs kommun</value></Data><Data name="social_facility"><value>group_home</value></Data><Data name="social_facility:for"><value>senior</value></Data><Data name="@geometry"><value>center</value></Data></ExtendedData><Point><coordinates>12.6939788,56.0512621</coordinates></Point></Placemark><Placemark><name>Kalix sjukhus</name><ExtendedData><Data name="@id"><value>way/103818571</value></Data><Data name="wikipedia"><value>sv:Kalix sjukhus</value></Data><Data name="amenity"><value>hospital</value></Data><Data name="emergency"><value>yes</value></Data><Data name="health_specialty:emergency_medicine"><value>yes</value></Data><Data name="health_specialty:family_medicine"><value>yes</value></Data><Data name="health_specialty:intensive_care_medicine"><value>yes</value></Data><Data name="health_specialty:paediatrics"><value>yes</value></Data><Data name="health_specialty:radiology"><value>yes</value></Data><Data name="health_specialty:surgery"><value>yes</value></Data><Data name="name"><value>Kalix sjukhus</value></Data><Data name="opening_hours"><value>Mo-Su 06:00-20:00</value></Data><Data name="opening_hours:emergency"><value>24/7</value></Data><Data name="opening_hours:surgery"><value>Mo-Th 08:00-15:00; Fr 08:00-11:00</value></Data><Data name="operator"><value>Norrbottens läns landsting</value></Data><Data name="source"><value>Bing</value></Data><Data name="wikidata"><value>Q18291116</value></Data><Data name="@geometry"><value>center</value></Data></ExtendedData><Point><coordinates>23.1573746,65.8546625</coordinates></Point></Placemark><Placemark><ExtendedData><Data name="@id"><value>way/104979038</value></Data><Data name="addr:city"><value>Helsingborg</value></Data><Data name="addr:country"><value>SE</value></Data><Data name="addr:housenumber"><value>82A</value></Data><Data name="addr:postcode"><value>254 63</value></Data><Data name="addr:street"><value>Dalhemsvägen</value></Data><Data name="amenity"><value>social_facility</value></Data><Data name="building"><value>yes</value></Data><Data name="social_facility"><value>nursing_home</value></Data><Data name="social_facility:for"><value>senior</value></Data><Data name="source"><value>Bing</value></Data><Data name="source:address"><value>Helsingborgs kommun</value></Data><Data name="@geometry"><value>center</value></Data></ExtendedData><Point><coordinates>12.733495,56.0681656</coordinates></Point></Placemark><Placemark><ExtendedData><Data name="@id"><value>way/104979040</value></Data><Data name="addr:city"><value>Helsingborg</value></Data><Data name="addr:country"><value>SE</value></Data><Data name="addr:housenumber"><value>82B</value></Data><Data name="addr:postcode"><value>254 63</value></Data><Data name="addr:street"><value>Dalhemsvägen</value></Data><Data name="amenity"><value>social_facility</value></Data><Data name="building"><value>yes</value></Data><Data name="social_facility"><value>nursing_home</value></Data><Data name="social_facility:for"><value>senior</value></Data><Data name="source"><value>Bing</value></Data><Data name="source:address"><value>Helsingborgs kommun</value></Data><Data name="@geometry"><value>center</value></Data></ExtendedData><Point><coordinates>12.7338447,56.0679348</coordinates></Point></Placemark><Placemark><name>Gunnerns vårdboende</name><ExtendedData><Data name="@id"><value>way/105509698</value></Data><Data name="addr:city"><value>Karlstad</value></Data><Data name="addr:country"><value>SE</value></Data><Data name="addr:housenumber"><value>4</value></Data><Data name="addr:postcode"><value>654 66</value></Data><Data name="addr:street"><value>Rudsgårdsvägen</value></Data><Data name="amenity"><value>social_facility</value></Data><Data name="building"><value>apartments</value></Data><Data name="name"><value>Gunnerns vårdboende</value></Data><Data name="social_facility"><value>nursing_home</value></Data><Data name="@geometry"><value>center</value></Data></ExtendedData><Point><coordinates>13.5188247,59.4021269</coordinates></Point></Placemark><Placemark><name>Höganäs Vårdboende</name><ExtendedData><Data name="@id"><value>way/106371116</value></Data><Data name="social_facility:for"><value>senior</value></Data><Data name="social_facility"><value>group_home</value></Data><Data name="name"><value>Höganäs Vårdboende</value></Data><Data name="addr:city"><value>Uppsala</value></Data><Data name="addr:country"><value>SE</value></Data><Data name="addr:housenumber"><value>42</value></Data><Data name="addr:postcode"><value>753 29</value></Data><Data name="addr:street"><value>Torkelsgatan</value></Data><Data name="amenity"><value>social_facility</value></Data><Data name="building"><value>yes</value></Data><Data name="@geometry"><value>center</value></Data></ExtendedData><Point><coordinates>17.6438464,59.8675129</coordinates></Point></Placemark><Placemark><name>Hotel Selma Lagerlöf</name><ExtendedData><Data name="@id"><value>way/106797730</value></Data><Data name="name"><value>Hotel Selma Lagerlöf</value></Data><Data name="amenity"><value>social_facility</value></Data><Data name="building"><value>yes</value></Data><Data name="operator"><value>Sunne kommun</value></Data><Data name="operator:type"><value>government</value></Data><Data name="@geometry"><value>center</value></Data></ExtendedData><Point><coordinates>13.134794,59.8274654</coordinates></Point></Placemark><Placemark><name>Hälsocentralen Centrum</name><ExtendedData><Data name="@id"><value>way/107236228</value></Data><Data name="name"><value>Hälsocentralen Centrum</value></Data><Data name="amenity"><value>clinic</value></Data><Data name="@geometry"><value>center</value></Data></ExtendedData><Point><coordinates>17.3122928,62.3953491</coordinates></Point></Placemark><Placemark><name>Granlunda</name><ExtendedData><Data name="@id"><value>way/107802901</value></Data><Data name="amenity"><value>social_facility</value></Data><Data name="name"><value>Granlunda</value></Data><Data name="ref"><value>Lillhällom 1:26</value></Data><Data name="social_facility"><value>assisted_living</value></Data><Data name="@geometry"><value>center</value></Data></ExtendedData><Point><coordinates>17.2118259,62.4183017</coordinates></Point></Placemark><Placemark><name>Kisa vårdcentral</name><ExtendedData><Data name="@id"><value>way/108015771</value></Data><Data name="name"><value>Kisa vårdcentral</value></Data><Data name="building"><value>yes</value></Data><Data name="amenity"><value>clinic</value></Data><Data name="@geometry"><value>center</value></Data></ExtendedData><Point><coordinates>15.6363765,57.993289</coordinates></Point></Placemark><Placemark><ExtendedData><Data name="@id"><value>way/108221360</value></Data><Data name="amenity"><value>doctors</value></Data><Data name="building"><value>yes</value></Data><Data name="@geometry"><value>center</value></Data></ExtendedData><Point><coordinates>16.5466665,60.0832848</coordinates></Point></Placemark><Placemark><name>Gerlesborgs ålderdomshem</name><ExtendedData><Data name="@id"><value>way/110450709</value></Data><Data name="name"><value>Gerlesborgs ålderdomshem</value></Data><Data name="social_facility:for"><value>senior</value></Data><Data name="amenity"><value>social_facility</value></Data><Data name="building"><value>yes</value></Data><Data name="social_facility"><value>group_home</value></Data><Data name="@geometry"><value>center</value></Data></ExtendedData><Point><coordinates>11.3404898,58.4910742</coordinates></Point></Placemark><Placemark><name>Sävjahus</name><ExtendedData><Data name="@id"><value>way/110517485</value></Data><Data name="amenity"><value>nursing_home</value></Data><Data name="building"><value>residential</value></Data><Data name="name"><value>Sävjahus</value></Data><Data name="@geometry"><value>center</value></Data></ExtendedData><Point><coordinates>17.7040502,59.8093748</coordinates></Point></Placemark><Placemark><name>Harmånger hälsocentral</name><ExtendedData><Data name="@id"><value>way/111143491</value></Data><Data name="name"><value>Harmånger hälsocentral</value></Data><Data name="building"><value>yes</value></Data><Data name="addr:country"><value>SE</value></Data><Data name="addr:housenumber"><value>3</value></Data><Data name="addr:postcode"><value>82075</value></Data><Data name="addr:street"><value>Backvägen</value></Data><Data name="amenity"><value>doctors</value></Data><Data name="@geometry"><value>center</value></Data></ExtendedData><Point><coordinates>17.219365,61.9265751</coordinates></Point></Placemark><Placemark><ExtendedData><Data name="@id"><value>way/111288669</value></Data><Data name="social_facility:for"><value>senior</value></Data><Data name="building"><value>yes</value></Data><Data name="amenity"><value>social_facility</value></Data><Data name="social_facility"><value>nursing_home</value></Data><Data name="@geometry"><value>center</value></Data></ExtendedData><Point><coordinates>15.1629804,59.2392173</coordinates></Point></Placemark><Placemark><ExtendedData><Data name="@id"><value>way/111288698</value></Data><Data name="amenity"><value>social_facility</value></Data><Data name="building"><value>yes</value></Data><Data name="social_facility"><value>nursing_home</value></Data><Data name="social_facility:for"><value>senior</value></Data><Data name="@geometry"><value>center</value></Data></ExtendedData><Point><coordinates>15.1621838,59.2388149</coordinates></Point></Placemark><Placemark><name>Mitt Hjärta - Varvet Hälsocentral</name><ExtendedData><Data name="@id"><value>way/113588486</value></Data><Data name="website"><value>http://www.mitthjarta.se/index.php?s=25</value></Data><Data name="amenity"><value>clinic</value></Data><Data name="building"><value>yes</value></Data><Data name="healthcare"><value>clinic</value></Data><Data name="name"><value>Mitt Hjärta - Varvet Hälsocentral</value></Data><Data name="source"><value>bing</value></Data><Data name="toilets:wheelchair"><value>yes</value></Data><Data name="wheelchair"><value>yes</value></Data><Data name="@geometry"><value>center</value></Data></ExtendedData><Point><coordinates>17.1218122,61.7262469</coordinates></Point></Placemark><Placemark><name>Björkekärrshus Vård- och omsorgsboende</name><ExtendedData><Data name="@id"><value>way/116291317</value></Data><Data name="wheelchair"><value>yes</value></Data><Data name="website"><value>https://goteborg.se/wps/portal/enhetssida/bjorkekarrshus/kontakt</value></Data><Data name="check_date"><value>2022-10-31</value></Data><Data name="source"><value>Bing</value></Data><Data name="building"><value>yes</value></Data><Data name="addr:country"><value>SE</value></Data><Data name="addr:housenumber"><value>10</value></Data><Data name="addr:street"><value>Rosendalsgatan</value></Data><Data name="amenity"><value>social_facility</value></Data><Data name="email"><value>bjorkekarrshus.aldreboende@aldrevardomsorg.goteborg.se</value></Data><Data name="name"><value>Björkekärrshus Vård- och omsorgsboende</value></Data><Data name="operator"><value>Göteborgs Stad</value></Data><Data name="phone"><value>+46 31 365 55 47</value></Data><Data name="social_facility"><value>assisted_living</value></Data><Data name="social_facility:for"><value>senior</value></Data><Data name="@geometry"><value>center</value></Data></ExtendedData><Point><coordinates>12.0445091,57.7143713</coordinates></Point></Placemark><Placemark><name>Stattenahemmet</name><ExtendedData><Data name="@id"><value>way/117393792</value></Data><Data name="addr:city"><value>Helsingborg</value></Data><Data name="addr:country"><value>SE</value></Data><Data name="addr:housenumber"><value>29</value></Data><Data name="addr:postcode"><value>254 54</value></Data><Data name="addr:street"><value>Ringstorpsvägen</value></Data><Data name="amenity"><value>social_facility</value></Data><Data name="building"><value>yes</value></Data><Data name="name"><value>Stattenahemmet</value></Data><Data name="operator"><value>Omsorg Helsingborg</value></Data><Data name="phone"><value>+46 42 4900601</value></Data><Data name="social_facility"><value>group_home</value></Data><Data name="social_facility:for"><value>senior</value></Data><Data name="source"><value>Bing</value></Data><Data name="source:address"><value>Helsingborgs kommun</value></Data><Data name="wheelchair"><value>yes</value></Data><Data name="@geometry"><value>center</value></Data></ExtendedData><Point><coordinates>12.6999109,56.0617126</coordinates></Point></Placemark><Placemark><name>Näsby vårdcentral</name><ExtendedData><Data name="@id"><value>way/118149015</value></Data><Data name="building"><value>yes</value></Data><Data name="amenity"><value>clinic</value></Data><Data name="name"><value>Näsby vårdcentral</value></Data><Data name="@geometry"><value>center</value></Data></ExtendedData><Point><coordinates>14.1631041,56.0601616</coordinates></Point></Placemark><Placemark><name>Håstaholmens Hälsocentral</name><ExtendedData><Data name="@id"><value>way/118479483</value></Data><Data name="amenity"><value>clinic</value></Data><Data name="building"><value>yes</value></Data><Data name="healthcare"><value>clinic</value></Data><Data name="name"><value>Håstaholmens Hälsocentral</value></Data><Data name="@geometry"><value>center</value></Data></ExtendedData><Point><coordinates>17.1053099,61.7179357</coordinates></Point></Placemark><Placemark><ExtendedData><Data name="@id"><value>way/119367606</value></Data><Data name="source"><value>bing</value></Data><Data name="social_facility:for"><value>senior</value></Data><Data name="building"><value>yes</value></Data><Data name="amenity"><value>social_facility</value></Data><Data name="@geometry"><value>center</value></Data></ExtendedData><Point><coordinates>17.0900875,61.7229722</coordinates></Point></Placemark><Placemark><ExtendedData><Data name="@id"><value>way/121226009</value></Data><Data name="social_facility:for"><value>mental_health</value></Data><Data name="ref:se:scb:cfar"><value>27562842</value></Data><Data name="amenity"><value>social_facility</value></Data><Data name="building"><value>civic</value></Data><Data name="operator"><value>Umeå kommun</value></Data><Data name="operator:type"><value>public</value></Data><Data name="social_facility"><value>assisted_living</value></Data><Data name="@geometry"><value>center</value></Data></ExtendedData><Point><coordinates>20.1656024,63.8333885</coordinates></Point></Placemark><Placemark><name>Solbackens Vård- och omsorgsboende</name><ExtendedData><Data name="@id"><value>way/121226011</value></Data><Data name="wheelchair"><value>yes</value></Data><Data name="ref:se:scb:cfar"><value>46660502</value></Data><Data name="addr:city"><value>Umeå</value></Data><Data name="addr:country"><value>SE</value></Data><Data name="addr:housenumber"><value>184</value></Data><Data name="addr:postcode"><value>90362</value></Data><Data name="addr:street"><value>Backenvägen</value></Data><Data name="amenity"><value>social_facility</value></Data><Data name="building"><value>civic</value></Data><Data name="name"><value>Solbackens Vård- och omsorgsboende</value></Data><Data name="old_name"><value>Backens äldreboende</value></Data><Data name="operator"><value>Umeå kommun</value></Data><Data name="operator:type"><value>public</value></Data><Data name="short_name"><value>Solbacken</value></Data><Data name="social_facility"><value>nursing_home</value></Data><Data name="social_facility:for"><value>senior</value></Data><Data name="website"><value>https://umea.se/umeakommun/omsorgochhjalp/aldresenior/vardochomsorgsboende/vardochomsorgsboendeniumeakommun/solbacken</value></Data><Data name="@geometry"><value>center</value></Data></ExtendedData><Point><coordinates>20.1652177,63.834185</coordinates></Point></Placemark><Placemark><name>Axlagården</name><ExtendedData><Data name="@id"><value>way/121820056</value></Data><Data name="amenity"><value>social_facility</value></Data><Data name="building"><value>yes</value></Data><Data name="name"><value>Axlagården</value></Data><Data name="social_facility"><value>assisted_living</value></Data><Data name="@geometry"><value>center</value></Data></ExtendedData><Point><coordinates>20.1781128,63.8345762</coordinates></Point></Placemark><Placemark><name>Gruppboende Tallen</name><ExtendedData><Data name="@id"><value>way/121820079</value></Data><Data name="social_facility:for"><value>mental_health</value></Data><Data name="ref:se:scb:cfar"><value>27265941</value></Data><Data name="addr:city"><value>Umeå</value></Data><Data name="addr:country"><value>SE</value></Data><Data name="addr:housenumber"><value>1B</value></Data><Data name="addr:postcode"><value>90362</value></Data><Data name="addr:street"><value>Vårdhemsvägen</value></Data><Data name="amenity"><value>social_facility</value></Data><Data name="building"><value>civic</value></Data><Data name="name"><value>Gruppboende Tallen</value></Data><Data name="operator"><value>Umeå kommun</value></Data><Data name="operator:type"><value>public</value></Data><Data name="short_name"><value>Tallen</value></Data><Data name="social_facility"><value>assisted_living</value></Data><Data name="@geometry"><value>center</value></Data></ExtendedData><Point><coordinates>20.1729013,63.8346579</coordinates></Point></Placemark><Placemark><name>Storvretas vårdcentral</name><ExtendedData><Data name="@id"><value>way/124600665</value></Data><Data name="amenity"><value>clinic</value></Data><Data name="building"><value>yes</value></Data><Data name="healthcare"><value>clinic</value></Data><Data name="name"><value>Storvretas vårdcentral</value></Data><Data name="source"><value>Bing</value></Data><Data name="@geometry"><value>center</value></Data></ExtendedData><Point><coordinates>17.7032148,59.9604138</coordinates></Point></Placemark><Placemark><name>Grannskapshus</name><ExtendedData><Data name="@id"><value>way/125094743</value></Data><Data name="amenity"><value>social_facility</value></Data><Data name="building"><value>residential</value></Data><Data name="name"><value>Grannskapshus</value></Data><Data name="social_facility:for"><value>senior</value></Data><Data name="source"><value>Bing</value></Data><Data name="@geometry"><value>center</value></Data></ExtendedData><Point><coordinates>15.7884676,58.4274149</coordinates></Point></Placemark><Placemark><ExtendedData><Data name="@id"><value>way/125094756</value></Data><Data name="amenity"><value>social_facility</value></Data><Data name="building"><value>yes</value></Data><Data name="social_facility"><value>assisted_living</value></Data><Data name="source"><value>Bing</value></Data><Data name="@geometry"><value>center</value></Data></ExtendedData><Point><coordinates>15.7887317,58.4271425</coordinates></Point></Placemark><Placemark><ExtendedData><Data name="@id"><value>way/125094760</value></Data><Data name="amenity"><value>social_facility</value></Data><Data name="building"><value>yes</value></Data><Data name="social_facility"><value>assisted_living</value></Data><Data name="source"><value>Bing</value></Data><Data name="@geometry"><value>center</value></Data></ExtendedData><Point><coordinates>15.7877571,58.4272015</coordinates></Point></Placemark><Placemark><name>Speldosans Gruppboende</name><ExtendedData><Data name="@id"><value>way/125534145</value></Data><Data name="addr:city"><value>Upplands Väsby</value></Data><Data name="addr:country"><value>SE</value></Data><Data name="addr:housenumber"><value>61</value></Data><Data name="addr:postcode"><value>194 31</value></Data><Data name="addr:street"><value>Hovslagargatan</value></Data><Data name="amenity"><value>nursing_home</value></Data><Data name="building"><value>yes</value></Data><Data name="name"><value>Speldosans Gruppboende</value></Data><Data name="@geometry"><value>center</value></Data></ExtendedData><Point><coordinates>17.9168953,59.5092432</coordinates></Point></Placemark><Placemark><name>Skönsmons vårdcentral</name><ExtendedData><Data name="@id"><value>way/125551848</value></Data><Data name="amenity"><value>clinic</value></Data><Data name="emergency"><value>no</value></Data><Data name="name"><value>Skönsmons vårdcentral</value></Data><Data name="ref"><value>Berget 9</value></Data><Data name="@geometry"><value>center</value></Data></ExtendedData><Point><coordinates>17.3471812,62.379124</coordinates></Point></Placemark><Placemark><name>Almedalens äldreboende</name><ExtendedData><Data name="@id"><value>way/125689897</value></Data><Data name="amenity"><value>social_facility</value></Data><Data name="name"><value>Almedalens äldreboende</value></Data><Data name="ref"><value>Almedal 19</value></Data><Data name="social_facility"><value>assisted_living</value></Data><Data name="social_facility:for"><value>senior</value></Data><Data name="@geometry"><value>center</value></Data></ExtendedData><Point><coordinates>17.3445176,62.3808201</coordinates></Point></Placemark><Placemark><name>Servicehuset Tomtegränd</name><ExtendedData><Data name="@id"><value>way/126094408</value></Data><Data name="amenity"><value>social_facility</value></Data><Data name="name"><value>Servicehuset Tomtegränd</value></Data><Data name="ref"><value>Roten 9</value></Data><Data name="@geometry"><value>center</value></Data></ExtendedData><Point><coordinates>17.3219285,62.3995704</coordinates></Point></Placemark><Placemark><name>Karolinska universitetssjukhuset</name><ExtendedData><Data name="@id"><value>way/126241903</value></Data><Data name="wikipedia"><value>sv:Karolinska universitetssjukhuset</value></Data><Data name="amenity"><value>hospital</value></Data><Data name="emergency"><value>yes</value></Data><Data name="emergency:paediatric"><value>yes</value></Data><Data name="health_specialty:cardiothoracic_surgery"><value>yes</value></Data><Data name="health_specialty:emergency_medicine"><value>yes</value></Data><Data name="health_specialty:family_medicine"><value>yes</value></Data><Data name="health_specialty:intensive_care_medicine"><value>yes</value></Data><Data name="health_specialty:neurosurgery"><value>yes</value></Data><Data name="health_specialty:orthopaedics"><value>yes</value></Data><Data name="health_specialty:paediatric_intensive_care_medicine"><value>yes</value></Data><Data name="health_specialty:paediatrics"><value>yes</value></Data><Data name="health_specialty:surgery"><value>yes</value></Data><Data name="health_specialty:vascular_surgery"><value>yes</value></Data><Data name="healthcare"><value>hospital</value></Data><Data name="name"><value>Karolinska universitetssjukhuset</value></Data><Data name="name:en"><value>Karolinska University Hospital</value></Data><Data name="name:fi"><value>Karoliininen yliopistosairaala</value></Data><Data name="name:sv"><value>Karolinska universitetssjukhuset</value></Data><Data name="opening_hours"><value>24/7</value></Data><Data name="operator"><value>Region Stockholm</value></Data><Data name="operator:type"><value>government</value></Data><Data name="website"><value>https://www.karolinska.se/</value></Data><Data name="wikidata"><value>Q1734280</value></Data><Data name="@geometry"><value>center</value></Data></ExtendedData><Point><coordinates>18.0335762,59.3509102</coordinates></Point></Placemark><Placemark><name>Lyckeby Vårdcentral</name><ExtendedData><Data name="@id"><value>way/126248317</value></Data><Data name="addr:street"><value>Källevägen</value></Data><Data name="amenity"><value>clinic</value></Data><Data name="name"><value>Lyckeby Vårdcentral</value></Data><Data name="building"><value>yes</value></Data><Data name="addr:city"><value>Lyckeby</value></Data><Data name="addr:country"><value>SE</value></Data><Data name="addr:housenumber"><value>12</value></Data><Data name="addr:postcode"><value>37162</value></Data><Data name="@geometry"><value>center</value></Data></ExtendedData><Point><coordinates>15.649315,56.1985935</coordinates></Point></Placemark><Placemark><name>Umeå Stadsmission</name><ExtendedData><Data name="@id"><value>way/126271723</value></Data><Data name="addr:city"><value>Umeå</value></Data><Data name="addr:country"><value>SE</value></Data><Data name="addr:housenumber"><value>79</value></Data><Data name="addr:postcode"><value>903 30</value></Data><Data name="addr:street"><value>Kungsgatan</value></Data><Data name="amenity"><value>social_facility</value></Data><Data name="building"><value>yes</value></Data><Data name="email"><value>info@umeastadsmission.se</value></Data><Data name="name"><value>Umeå Stadsmission</value></Data><Data name="office"><value>association</value></Data><Data name="social_facility"><value>shelter;soup_kitchen</value></Data><Data name="website"><value>https://www.umeastadsmission.se/</value></Data><Data name="@geometry"><value>center</value></Data></ExtendedData><Point><coordinates>20.2716565,63.8245886</coordinates></Point></Placemark><Placemark><name>Allégården</name><ExtendedData><Data name="@id"><value>way/126533289</value></Data><Data name="amenity"><value>social_facility</value></Data><Data name="name"><value>Allégården</value></Data><Data name="ref"><value>Hermes 4</value></Data><Data name="social_facility"><value>assisted_living</value></Data><Data name="social_facility:for"><value>senior</value></Data><Data name="@geometry"><value>center</value></Data></ExtendedData><Point><coordinates>17.2980852,62.3864559</coordinates></Point></Placemark><Placemark><name>Trampolinen</name><ExtendedData><Data name="@id"><value>way/126610067</value></Data><Data name="amenity"><value>social_facility</value></Data><Data name="name"><value>Trampolinen</value></Data><Data name="ref"><value>Granlo 3:220</value></Data><Data name="social_facility"><value>workshop</value></Data><Data name="social_facility:for"><value>mental_health</value></Data><Data name="@geometry"><value>center</value></Data></ExtendedData><Point><coordinates>17.2805103,62.411428</coordinates></Point></Placemark><Placemark><ExtendedData><Data name="@id"><value>way/126617001</value></Data><Data name="amenity"><value>social_facility</value></Data><Data name="social_facility"><value>group_home</value></Data><Data name="social_facility:for"><value>disabled</value></Data><Data name="@geometry"><value>center</value></Data></ExtendedData><Point><coordinates>17.2842596,62.4074376</coordinates></Point></Placemark><Placemark><name>Korttidsboendet Delfinen</name><ExtendedData><Data name="@id"><value>way/126712481</value></Data><Data name="amenity"><value>social_facility</value></Data><Data name="name"><value>Korttidsboendet Delfinen</value></Data><Data name="social_facility"><value>group_home</value></Data><Data name="social_facility:for"><value>disabled</value></Data><Data name="@geometry"><value>center</value></Data></ExtendedData><Point><coordinates>17.2743944,62.4064447</coordinates></Point></Placemark><Placemark><name>Vårdcentralen Ryd</name><ExtendedData><Data name="@id"><value>way/127841628</value></Data><Data name="wheelchair"><value>yes</value></Data><Data name="website"><value>http://www.lio.se/vc/ryd</value></Data><Data name="addr:city"><value>Linköping</value></Data><Data name="addr:country"><value>SE</value></Data><Data name="addr:housenumber"><value>40 A</value></Data><Data name="addr:postcode"><value>584 32</value></Data><Data name="addr:street"><value>Alsättersgatan</value></Data><Data name="amenity"><value>clinic</value></Data><Data name="building"><value>hospital</value></Data><Data name="name"><value>Vårdcentralen Ryd</value></Data><Data name="opening_hours"><value>Mo-Fr 08:00-17:00</value></Data><Data name="operator"><value>Region Östergötland</value></Data><Data name="phone"><value>+46 10-105 96 60</value></Data><Data name="@geometry"><value>center</value></Data></ExtendedData><Point><coordinates>15.5609927,58.4097392</coordinates></Point></Placemark><Placemark><ExtendedData><Data name="@id"><value>way/130578354</value></Data><Data name="addr:city"><value>Lund</value></Data><Data name="addr:country"><value>SE</value></Data><Data name="addr:housenumber"><value>87</value></Data><Data name="addr:postcode"><value>22270</value></Data><Data name="addr:street"><value>Sankt Lars väg</value></Data><Data name="amenity"><value>nursing_home</value></Data><Data name="building"><value>yes</value></Data><Data name="@geometry"><value>center</value></Data></ExtendedData><Point><coordinates>13.1809418,55.6871701</coordinates></Point></Placemark><Placemark><name>Sörgården</name><ExtendedData><Data name="@id"><value>way/131069026</value></Data><Data name="amenity"><value>social_facility</value></Data><Data name="name"><value>Sörgården</value></Data><Data name="operator"><value>Nordanstigs kommun</value></Data><Data name="social_facility"><value>group_home</value></Data><Data name="social_facility:for"><value>senior</value></Data><Data name="@geometry"><value>center</value></Data></ExtendedData><Point><coordinates>17.0546537,61.9776251</coordinates></Point></Placemark><Placemark><name>Kyrkbackens gruppbostad</name><ExtendedData><Data name="@id"><value>way/131426397</value></Data><Data name="amenity"><value>social_facility</value></Data><Data name="building"><value>yes</value></Data><Data name="name"><value>Kyrkbackens gruppbostad</value></Data><Data name="social_facility"><value>group_home</value></Data><Data name="social_facility:for"><value>senior</value></Data><Data name="@geometry"><value>center</value></Data></ExtendedData><Point><coordinates>18.0397841,59.1051705</coordinates></Point></Placemark><Placemark><name>Löwenströmska sjukhuset</name><ExtendedData><Data name="@id"><value>way/131899212</value></Data><Data name="name"><value>Löwenströmska sjukhuset</value></Data><Data name="amenity"><value>hospital</value></Data><Data name="health_specialty:orthopaedics"><value>yes</value></Data><Data name="@geometry"><value>center</value></Data></ExtendedData><Point><coordinates>17.9084894,59.545407</coordinates></Point></Placemark><Placemark><name>Spånga Vårdcentral</name><ExtendedData><Data name="@id"><value>way/132607204</value></Data><Data name="url"><value>http://www.vardguiden.se/Hitta-vard-och-omsorg/Hitta-vard-och-omsorg/Kontaktkort/?HSAID=SE2321000016-1625</value></Data><Data name="source"><value>Bing</value></Data><Data name="amenity"><value>clinic</value></Data><Data name="fax"><value>+46812349578</value></Data><Data name="name"><value>Spånga Vårdcentral</value></Data><Data name="opening_hours"><value>Mo-Fr 08:00-17:00</value></Data><Data name="phone"><value>+46812339300</value></Data><Data name="@geometry"><value>center</value></Data></ExtendedData><Point><coordinates>17.8990503,59.3808329</coordinates></Point></Placemark><Placemark><name>Capio Citykliniken</name><ExtendedData><Data name="@id"><value>way/132645778</value></Data><Data name="name"><value>Capio Citykliniken</value></Data><Data name="healthcare"><value>clinic</value></Data><Data name="building"><value>yes</value></Data><Data name="addr:city"><value>Limhamn</value></Data><Data name="addr:country"><value>SE</value></Data><Data name="addr:housenumber"><value>56</value></Data><Data name="addr:street"><value>Järnvägsgatan</value></Data><Data name="amenity"><value>clinic</value></Data><Data name="@geometry"><value>center</value></Data></ExtendedData><Point><coordinates>12.9324897,55.5799675</coordinates></Point></Placemark><Placemark><name>Hagängsgården</name><ExtendedData><Data name="@id"><value>way/134062771</value></Data><Data name="amenity"><value>social_facility</value></Data><Data name="name"><value>Hagängsgården</value></Data><Data name="social_facility"><value>assisted_living</value></Data><Data name="social_facility:for"><value>senior</value></Data><Data name="@geometry"><value>center</value></Data></ExtendedData><Point><coordinates>17.221279,61.9322134</coordinates></Point></Placemark><Placemark><name>Vikadamm äldreboende</name><ExtendedData><Data name="@id"><value>way/134226997</value></Data><Data name="wheelchair"><value>yes</value></Data><Data name="building"><value>yes</value></Data><Data name="addr:city"><value>Älvängen</value></Data><Data name="addr:country"><value>SE</value></Data><Data name="addr:housenumber"><value>3</value></Data><Data name="addr:postcode"><value>44635</value></Data><Data name="addr:street"><value>Vallmovägen</value></Data><Data name="amenity"><value>social_facility</value></Data><Data name="name"><value>Vikadamm äldreboende</value></Data><Data name="operator"><value>Axet</value></Data><Data name="social_facility"><value>group_home</value></Data><Data name="social_facility:for"><value>senior</value></Data><Data name="@geometry"><value>center</value></Data></ExtendedData><Point><coordinates>12.1074727,57.9451306</coordinates></Point></Placemark><Placemark><name>Rosenlunds vårdcentral</name><ExtendedData><Data name="@id"><value>way/134579245</value></Data><Data name="operator"><value>Region Jönköpings län</value></Data><Data name="amenity"><value>clinic</value></Data><Data name="building"><value>yes</value></Data><Data name="building:levels"><value>7</value></Data><Data name="name"><value>Rosenlunds vårdcentral</value></Data><Data name="@geometry"><value>center</value></Data></ExtendedData><Point><coordinates>14.2073737,57.7781835</coordinates></Point></Placemark><Placemark><name>Glöstorpsvägens Vård- och omsorgsboende</name><ExtendedData><Data name="@id"><value>way/134622012</value></Data><Data name="amenity"><value>social_facility</value></Data><Data name="building"><value>yes</value></Data><Data name="building:levels"><value>3</value></Data><Data name="name"><value>Glöstorpsvägens Vård- och omsorgsboende</value></Data><Data name="social_facility"><value>group_home</value></Data><Data name="social_facility:for"><value>senior</value></Data><Data name="@geometry"><value>center</value></Data></ExtendedData><Point><coordinates>11.9263392,57.7541505</coordinates></Point></Placemark><Placemark><name>Tunbacka</name><ExtendedData><Data name="@id"><value>way/134822288</value></Data><Data name="amenity"><value>social_facility</value></Data><Data name="building"><value>yes</value></Data><Data name="name"><value>Tunbacka</value></Data><Data name="social_facility"><value>nursing_home</value></Data><Data name="social_facility:for"><value>senior</value></Data><Data name="source"><value>bing</value></Data><Data name="@geometry"><value>center</value></Data></ExtendedData><Point><coordinates>17.1029882,61.723039</coordinates></Point></Placemark><Placemark><name>Gråbergets Vård- och omsorgsboende</name><ExtendedData><Data name="@id"><value>way/134924791</value></Data><Data name="building"><value>yes</value></Data><Data name="amenity"><value>social_facility</value></Data><Data name="name"><value>Gråbergets Vård- och omsorgsboende</value></Data><Data name="old_name"><value>Gråbergets äldreboende</value></Data><Data name="operator"><value>Göteborgs Stad</value></Data><Data name="social_facility"><value>assisted_living</value></Data><Data name="social_facility:for"><value>senior</value></Data><Data name="@geometry"><value>center</value></Data></ExtendedData><Point><coordinates>11.9224321,57.689741</coordinates></Point></Placemark><Placemark><ExtendedData><Data name="@id"><value>way/134991784</value></Data><Data name="amenity"><value>nursing_home</value></Data><Data name="building"><value>yes</value></Data><Data name="fixme"><value>nursing_home?? måste kollas! är väl vanliga bostäder?</value></Data><Data name="@geometry"><value>center</value></Data></ExtendedData><Point><coordinates>12.0755731,57.754303</coordinates></Point></Placemark><Placemark><name>Hudiksvalls sjukhus</name><ExtendedData><Data name="@id"><value>way/136207757</value></Data><Data name="wikidata"><value>Q31898376</value></Data><Data name="website"><value>https://www.regiongavleborg.se/Halsa-vard-och-tandvard/Sjukhus/Sjukhuset-i-Hudiksvall/</value></Data><Data name="opening_hours"><value>24/7</value></Data><Data name="name"><value>Hudiksvalls sjukhus</value></Data><Data name="amenity"><value>hospital</value></Data><Data name="emergency"><value>yes</value></Data><Data name="health_specialty:emergency_medicine"><value>yes</value></Data><Data name="health_specialty:family_medicine"><value>yes</value></Data><Data name="health_specialty:intensive_care_medicine"><value>yes</value></Data><Data name="health_specialty:orthopaedics"><value>yes</value></Data><Data name="health_specialty:paediatrics"><value>yes</value></Data><Data name="health_specialty:surgery"><value>yes</value></Data><Data name="health_specialty:vascular_surgery"><value>yes</value></Data><Data name="healthcare"><value>hospital</value></Data><Data name="@geometry"><value>center</value></Data></ExtendedData><Point><coordinates>17.0984932,61.730224</coordinates></Point></Placemark><Placemark><name>Fredens Kulle</name><ExtendedData><Data name="@id"><value>way/136315980</value></Data><Data name="amenity"><value>social_facility</value></Data><Data name="name"><value>Fredens Kulle</value></Data><Data name="social_facility:for"><value>senior</value></Data><Data name="@geometry"><value>center</value></Data></ExtendedData><Point><coordinates>17.1030723,61.7346421</coordinates></Point></Placemark><Placemark><name>Furulund</name><ExtendedData><Data name="@id"><value>way/136352851</value></Data><Data name="amenity"><value>social_facility</value></Data><Data name="landuse"><value>residential</value></Data><Data name="name"><value>Furulund</value></Data><Data name="operator"><value>Hudiksvalls kommun</value></Data><Data name="social_facility"><value>group_home</value></Data><Data name="social_facility:for"><value>mental_health</value></Data><Data name="wheelchair"><value>designated</value></Data><Data name="@geometry"><value>center</value></Data></ExtendedData><Point><coordinates>17.0853037,61.7323036</coordinates></Point></Placemark><Placemark><name>Ånestad vårdboende</name><ExtendedData><Data name="@id"><value>way/138259157</value></Data><Data name="addr:city"><value>Linköping</value></Data><Data name="addr:country"><value>SE</value></Data><Data name="addr:housenumber"><value>2</value></Data><Data name="addr:street"><value>Ridhusgatan</value></Data><Data name="amenity"><value>social_facility</value></Data><Data name="building"><value>residential</value></Data><Data name="name"><value>Ånestad vårdboende</value></Data><Data name="operator"><value>Norlandia</value></Data><Data name="social_facility"><value>assisted_living</value></Data><Data name="social_facility:for"><value>senior</value></Data><Data name="@geometry"><value>center</value></Data></ExtendedData><Point><coordinates>15.6496092,58.3850947</coordinates></Point></Placemark><Placemark><name>Berga vårdboende</name><ExtendedData><Data name="@id"><value>way/138263468</value></Data><Data name="social_facility:for"><value>senior</value></Data><Data name="social_facility"><value>assisted_living</value></Data><Data name="addr:city"><value>Linköping</value></Data><Data name="addr:country"><value>SE</value></Data><Data name="addr:housenumber"><value>1A</value></Data><Data name="addr:street"><value>Pionjärgatan</value></Data><Data name="amenity"><value>social_facility</value></Data><Data name="building"><value>residential</value></Data><Data name="building:levels"><value>2</value></Data><Data name="capacity"><value>42</value></Data><Data name="name"><value>Berga vårdboende</value></Data><Data name="operator"><value>Leanlink</value></Data><Data name="roof:levels"><value>0</value></Data><Data name="@geometry"><value>center</value></Data></ExtendedData><Point><coordinates>15.6357986,58.3911696</coordinates></Point></Placemark><Placemark><name>Ekholmens vårdcentral</name><ExtendedData><Data name="@id"><value>way/138313166</value></Data><Data name="opening_hours"><value>Mo-Fr 07:30-17:00</value></Data><Data name="building"><value>hospital</value></Data><Data name="name"><value>Ekholmens vårdcentral</value></Data><Data name="amenity"><value>clinic</value></Data><Data name="addr:street"><value>Ekholmsvägen</value></Data><Data name="addr:city"><value>Linköping</value></Data><Data name="addr:country"><value>SE</value></Data><Data name="addr:housenumber"><value>7</value></Data><Data name="@geometry"><value>center</value></Data></ExtendedData><Point><coordinates>15.6806525,58.3774031</coordinates></Point></Placemark><Placemark><ExtendedData><Data name="@id"><value>way/138522444</value></Data><Data name="amenity"><value>social_facility</value></Data><Data name="social_facility"><value>assisted_living</value></Data><Data name="social_facility:for"><value>senior</value></Data><Data name="@geometry"><value>center</value></Data></ExtendedData><Point><coordinates>15.574603,58.4255754</coordinates></Point></Placemark><Placemark><name>Ringöhemmet</name><ExtendedData><Data name="@id"><value>way/139914836</value></Data><Data name="amenity"><value>social_facility</value></Data><Data name="name"><value>Ringöhemmet</value></Data><Data name="social_facility"><value>group_home</value></Data><Data name="social_facility:for"><value>senior</value></Data><Data name="@geometry"><value>center</value></Data></ExtendedData><Point><coordinates>15.6488762,56.1870052</coordinates></Point></Placemark><Placemark><name>Järnbrottshus</name><ExtendedData><Data name="@id"><value>way/140709454</value></Data><Data name="name"><value>Järnbrottshus</value></Data><Data name="social_facility:for"><value>senior</value></Data><Data name="amenity"><value>social_facility</value></Data><Data name="social_facility"><value>assisted_living</value></Data><Data name="addr:street"><value>Kondensatorsgatan</value></Data><Data name="addr:housenumber"><value>2</value></Data><Data name="building"><value>yes</value></Data><Data name="addr:country"><value>SE</value></Data><Data name="@geometry"><value>center</value></Data></ExtendedData><Point><coordinates>11.9309247,57.6586294</coordinates></Point></Placemark><Placemark><name>Falu Lasarett</name><ExtendedData><Data name="@id"><value>way/142528033</value></Data><Data name="wikipedia"><value>sv:Falu lasarett</value></Data><Data name="wikimedia_commons"><value>Category:Falu_lasarett</value></Data><Data name="addr:city"><value>Falun</value></Data><Data name="addr:postcode"><value>791 82</value></Data><Data name="addr:street"><value>Lasarettsvägen</value></Data><Data name="amenity"><value>hospital</value></Data><Data name="emergency"><value>yes</value></Data><Data name="healthcare"><value>hospital</value></Data><Data name="healthcare:speciality"><value>orthopaedics;surgery;intensive;emergency;gynaecology;ophthalmology;cardiology;dialysis;oncology;maternity;osteopathy;physiatry;psychiatry;paediatrics;dermatology;dentistry;endocrinology;general;chiropractic;child_psychiatry;anaesthetics;otolaryngology</value></Data><Data name="name"><value>Falu Lasarett</value></Data><Data name="name:en"><value>Falu Hospital</value></Data><Data name="name:sv"><value>Falu Lasarett</value></Data><Data name="opening_hours"><value>24/7</value></Data><Data name="operator"><value>Region Dalarna</value></Data><Data name="operator:type"><value>government</value></Data><Data name="phone"><value>+46 23 49 20 00</value></Data><Data name="start_date"><value>1696</value></Data><Data name="website"><value>https://www.1177.se/Dalarna/hitta-vard/kontaktkort/Falu-lasarett/</value></Data><Data name="wikidata"><value>Q10493890</value></Data><Data name="@geometry"><value>center</value></Data></ExtendedData><Point><coordinates>15.6434046,60.6089156</coordinates></Point></Placemark><Placemark><name>Bräcke Hälsocentral</name><ExtendedData><Data name="@id"><value>way/142784332</value></Data><Data name="addr:city"><value>Bräcke</value></Data><Data name="addr:country"><value>SE</value></Data><Data name="addr:housenumber"><value>19</value></Data><Data name="addr:postcode"><value>84060</value></Data><Data name="addr:street"><value>Norrlandsgatan</value></Data><Data name="amenity"><value>doctors</value></Data><Data name="building"><value>yes</value></Data><Data name="name"><value>Bräcke Hälsocentral</value></Data><Data name="@geometry"><value>center</value></Data></ExtendedData><Point><coordinates>15.4260614,62.7483694</coordinates></Point></Placemark><Placemark><name>Marielund äldreboende</name><ExtendedData><Data name="@id"><value>way/142983614</value></Data><Data name="amenity"><value>social_facility</value></Data><Data name="building"><value>yes</value></Data><Data name="name"><value>Marielund äldreboende</value></Data><Data name="social_facility"><value>group_home</value></Data><Data name="social_facility:for"><value>senior</value></Data><Data name="@geometry"><value>center</value></Data></ExtendedData><Point><coordinates>20.3265247,63.8307657</coordinates></Point></Placemark><Placemark><name>Blekingesjukhuset Karlskrona</name><ExtendedData><Data name="@id"><value>way/143104485</value></Data><Data name="opening_hours"><value>24/7</value></Data><Data name="name"><value>Blekingesjukhuset Karlskrona</value></Data><Data name="website"><value>http://www.ltblekinge.se</value></Data><Data name="amenity"><value>hospital</value></Data><Data name="emergency"><value>yes</value></Data><Data name="health_specialty:cardiothoracic_surgery"><value>yes</value></Data><Data name="health_specialty:emergency_medicine"><value>yes</value></Data><Data name="health_specialty:family_medicine"><value>yes</value></Data><Data name="health_specialty:intensive_care_medicine"><value>yes</value></Data><Data name="health_specialty:paediatrics"><value>yes</value></Data><Data name="health_specialty:surgery"><value>yes</value></Data><Data name="health_specialty:vascular_surgery"><value>yes</value></Data><Data name="@geometry"><value>center</value></Data></ExtendedData><Point><coordinates>15.6052828,56.1821249</coordinates></Point></Placemark><Placemark><name>Skogsrået</name><ExtendedData><Data name="@id"><value>way/143414080</value></Data><Data name="amenity"><value>nursing_home</value></Data><Data name="building"><value>yes</value></Data><Data name="name"><value>Skogsrået</value></Data><Data name="@geometry"><value>center</value></Data></ExtendedData><Point><coordinates>16.3357907,56.6934121</coordinates></Point></Placemark><Placemark><name>Jakobsbergs sjukhus</name><ExtendedData><Data name="@id"><value>way/146664276</value></Data><Data name="amenity"><value>hospital</value></Data><Data name="name"><value>Jakobsbergs sjukhus</value></Data><Data name="name:fi"><value>Jakobsbergin sairaala</value></Data><Data name="name:sv"><value>Jakobsbergs sjukhus</value></Data><Data name="wikidata"><value>Q10539306</value></Data><Data name="@geometry"><value>center</value></Data></ExtendedData><Point><coordinates>17.846091,59.4223688</coordinates></Point></Placemark><Placemark><name>Vårdcentralen Åhus</name><ExtendedData><Data name="@id"><value>way/147604971</value></Data><Data name="amenity"><value>clinic</value></Data><Data name="emergency"><value>no</value></Data><Data name="name"><value>Vårdcentralen Åhus</value></Data><Data name="building"><value>yes</value></Data><Data name="@geometry"><value>center</value></Data></ExtendedData><Point><coordinates>14.2850339,55.9290182</coordinates></Point></Placemark><Placemark><name>Länssjukhuset i Kalmar</name><ExtendedData><Data name="@id"><value>way/148061439</value></Data><Data name="amenity"><value>hospital</value></Data><Data name="emergency"><value>yes</value></Data><Data name="health_specialty:emergency_medicine"><value>yes</value></Data><Data name="health_specialty:family_medicine"><value>yes</value></Data><Data name="health_specialty:intensive_care_medicine"><value>yes</value></Data><Data name="health_specialty:orthopaedics"><value>yes</value></Data><Data name="health_specialty:paediatrics"><value>yes</value></Data><Data name="health_specialty:surgery"><value>yes</value></Data><Data name="health_specialty:vascular_surgery"><value>yes</value></Data><Data name="healthcare"><value>hospital</value></Data><Data name="name"><value>Länssjukhuset i Kalmar</value></Data><Data name="opening_hours"><value>24/7</value></Data><Data name="@geometry"><value>center</value></Data></ExtendedData><Point><coordinates>16.3292402,56.6589916</coordinates></Point></Placemark><Placemark><name>Kvibergs Vård- och omsorgsboende</name><ExtendedData><Data name="@id"><value>way/148187244</value></Data><Data name="social_facility:for"><value>senior</value></Data><Data name="social_facility"><value>assisted_living</value></Data><Data name="addr:city"><value>Göteborg</value></Data><Data name="addr:country"><value>SE</value></Data><Data name="addr:housenumber"><value>17</value></Data><Data name="addr:street"><value>Landerigatan</value></Data><Data name="amenity"><value>social_facility</value></Data><Data name="building"><value>yes</value></Data><Data name="name"><value>Kvibergs Vård- och omsorgsboende</value></Data><Data name="old_name"><value>Bagaregårdens äldreboende</value></Data><Data name="operator"><value>Göteborgs Stad</value></Data><Data name="@geometry"><value>center</value></Data></ExtendedData><Point><coordinates>12.0122701,57.7219174</coordinates></Point></Placemark><Placemark><name>Ryggkirurgiska Kliniken</name><ExtendedData><Data name="@id"><value>way/148322362</value></Data><Data name="addr:city"><value>Strängnäs</value></Data><Data name="addr:country"><value>SE</value></Data><Data name="addr:housenumber"><value>1</value></Data><Data name="addr:postcode"><value>645 94</value></Data><Data name="addr:street"><value>Löt</value></Data><Data name="amenity"><value>clinic</value></Data><Data name="building"><value>yes</value></Data><Data name="healthcare"><value>clinic</value></Data><Data name="name"><value>Ryggkirurgiska Kliniken</value></Data><Data name="source"><value>bing</value></Data><Data name="@geometry"><value>center</value></Data></ExtendedData><Point><coordinates>17.0751269,59.3512985</coordinates></Point></Placemark><Placemark><name>Päronskogen</name><ExtendedData><Data name="@id"><value>way/149200617</value></Data><Data name="addr:city"><value>Malmö</value></Data><Data name="addr:country"><value>SE</value></Data><Data name="addr:housenumber"><value>14</value></Data><Data name="addr:postcode"><value>215 67</value></Data><Data name="addr:street"><value>Andersgatan</value></Data><Data name="amenity"><value>social_facility</value></Data><Data name="building"><value>yes</value></Data><Data name="name"><value>Päronskogen</value></Data><Data name="operator"><value>Malmö stad</value></Data><Data name="operator:type"><value>government</value></Data><Data name="social_facility"><value>nursing_home</value></Data><Data name="social_facility:for"><value>senior</value></Data><Data name="wheelchair"><value>yes</value></Data><Data name="@geometry"><value>center</value></Data></ExtendedData><Point><coordinates>12.99768,55.5764785</coordinates></Point></Placemark><Placemark><name>Helix</name><ExtendedData><Data name="@id"><value>way/150090688</value></Data><Data name="name"><value>Helix</value></Data><Data name="amenity"><value>hospital</value></Data><Data name="description:sv"><value>Rättspsykiatrisk klinik</value></Data><Data name="@geometry"><value>center</value></Data></ExtendedData><Point><coordinates>17.9329846,59.2145245</coordinates></Point></Placemark><Placemark><name>Järdalavägens vårdbostäder</name><ExtendedData><Data name="@id"><value>way/150508759</value></Data><Data name="social_facility:for"><value>senior</value></Data><Data name="amenity"><value>social_facility</value></Data><Data name="building"><value>yes</value></Data><Data name="name"><value>Järdalavägens vårdbostäder</value></Data><Data name="social_facility"><value>assisted_living</value></Data><Data name="@geometry"><value>center</value></Data></ExtendedData><Point><coordinates>15.6767848,58.382715</coordinates></Point></Placemark><Placemark><name>Sictoniagården</name><ExtendedData><Data name="@id"><value>way/150825203</value></Data><Data name="amenity"><value>social_facility</value></Data><Data name="building"><value>yes</value></Data><Data name="name"><value>Sictoniagården</value></Data><Data name="social_facility"><value>assisted_living</value></Data><Data name="social_facility:for"><value>senior</value></Data><Data name="@geometry"><value>center</value></Data></ExtendedData><Point><coordinates>16.9430704,59.4051405</coordinates></Point></Placemark><Placemark><name>Kista Motessoriskolas Fritidshem</name><ExtendedData><Data name="@id"><value>way/150936513</value></Data><Data name="amenity"><value>social_facility</value></Data><Data name="name"><value>Kista Motessoriskolas Fritidshem</value></Data><Data name="@geometry"><value>center</value></Data></ExtendedData><Point><coordinates>17.9365246,59.4034724</coordinates></Point></Placemark><Placemark><name>Örsundsbro vårdcentral</name><ExtendedData><Data name="@id"><value>way/151069485</value></Data><Data name="opening_hours"><value>Mo-Fr 08:00-17:00</value></Data><Data name="amenity"><value>clinic</value></Data><Data name="building"><value>yes</value></Data><Data name="name"><value>Örsundsbro vårdcentral</value></Data><Data name="@geometry"><value>center</value></Data></ExtendedData><Point><coordinates>17.3086511,59.7317</coordinates></Point></Placemark><Placemark><name>Valbo Sportcentrum</name><ExtendedData><Data name="@id"><value>way/152801966</value></Data><Data name="social_facility:for"><value>migrant</value></Data><Data name="amenity"><value>social_facility</value></Data><Data name="building"><value>yes</value></Data><Data name="name"><value>Valbo Sportcentrum</value></Data><Data name="social_facility"><value>shelter</value></Data><Data name="@geometry"><value>center</value></Data></ExtendedData><Point><coordinates>17.0074885,60.637631</coordinates></Point></Placemark><Placemark><name>Södersjukhuset</name><ExtendedData><Data name="@id"><value>way/153260921</value></Data><Data name="wikipedia"><value>sv:Södersjukhuset</value></Data><Data name="amenity"><value>hospital</value></Data><Data name="emergency"><value>yes</value></Data><Data name="emergency:paediatric"><value>yes</value></Data><Data name="health_specialty:emergency_medicine"><value>yes</value></Data><Data name="health_specialty:family_medicine"><value>yes</value></Data><Data name="health_specialty:intensive_care_medicine"><value>yes</value></Data><Data name="health_specialty:orthopaedics"><value>yes</value></Data><Data name="health_specialty:paediatrics"><value>yes</value></Data><Data name="health_specialty:surgery"><value>yes</value></Data><Data name="health_specialty:vascular_surgery"><value>yes</value></Data><Data name="name"><value>Södersjukhuset</value></Data><Data name="name:fi"><value>Eteläsairaala</value></Data><Data name="opening_hours"><value>24/7</value></Data><Data name="wikidata"><value>Q1509325</value></Data><Data name="@geometry"><value>center</value></Data></ExtendedData><Point><coordinates>18.0561288,59.3093022</coordinates></Point></Placemark><Placemark><name>Båtsmanstorpet</name><ExtendedData><Data name="@id"><value>way/153393494</value></Data><Data name="amenity"><value>nursing_home</value></Data><Data name="name"><value>Båtsmanstorpet</value></Data><Data name="@geometry"><value>center</value></Data></ExtendedData><Point><coordinates>18.6653984,63.2722987</coordinates></Point></Placemark><Placemark><name>Sundhem</name><ExtendedData><Data name="@id"><value>way/153406888</value></Data><Data name="amenity"><value>nursing_home</value></Data><Data name="name"><value>Sundhem</value></Data><Data name="@geometry"><value>center</value></Data></ExtendedData><Point><coordinates>18.6887318,63.2651297</coordinates></Point></Placemark><Placemark><name>Blackebergs sjukhus</name><ExtendedData><Data name="@id"><value>way/154477682</value></Data><Data name="building"><value>yes</value></Data><Data name="amenity"><value>hospital</value></Data><Data name="healthcare"><value>hospital</value></Data><Data name="name"><value>Blackebergs sjukhus</value></Data><Data name="@geometry"><value>center</value></Data></ExtendedData><Point><coordinates>17.880512,59.3407915</coordinates></Point></Placemark><Placemark><ExtendedData><Data name="@id"><value>way/155858681</value></Data><Data name="addr:country"><value>SE</value></Data><Data name="addr:housenumber"><value>4</value></Data><Data name="addr:street"><value>Solstickegatan</value></Data><Data name="amenity"><value>social_facility</value></Data><Data name="building"><value>yes</value></Data><Data name="building:levels"><value>5</value></Data><Data name="social_facility"><value>nursing_home</value></Data><Data name="social_facility:for"><value>senior</value></Data><Data name="@geometry"><value>center</value></Data></ExtendedData><Point><coordinates>14.149006,57.7795456</coordinates></Point></Placemark><Placemark><name>Tule Plaza</name><ExtendedData><Data name="@id"><value>way/157560514</value></Data><Data name="amenity"><value>social_facility</value></Data><Data name="building"><value>yes</value></Data><Data name="name"><value>Tule Plaza</value></Data><Data name="operator"><value>Aleris</value></Data><Data name="social_facility"><value>nursing_home</value></Data><Data name="@geometry"><value>center</value></Data></ExtendedData><Point><coordinates>17.9724813,59.3651849</coordinates></Point></Placemark><Placemark><name>Moheda Vårdcentral</name><ExtendedData><Data name="@id"><value>way/157728937</value></Data><Data name="amenity"><value>clinic</value></Data><Data name="name"><value>Moheda Vårdcentral</value></Data><Data name="building"><value>yes</value></Data><Data name="@geometry"><value>center</value></Data></ExtendedData><Point><coordinates>14.5745332,57.0006503</coordinates></Point></Placemark><Placemark><name>Forsagården</name><ExtendedData><Data name="@id"><value>way/157881952</value></Data><Data name="amenity"><value>social_facility</value></Data><Data name="name"><value>Forsagården</value></Data><Data name="operator"><value>Hudiksvalls kommun</value></Data><Data name="social_facility"><value>group_home</value></Data><Data name="social_facility:for"><value>senior</value></Data><Data name="@geometry"><value>center</value></Data></ExtendedData><Point><coordinates>16.9729376,61.7181242</coordinates></Point></Placemark><Placemark><name>Torsby sjukhus</name><ExtendedData><Data name="@id"><value>way/158324369</value></Data><Data name="amenity"><value>hospital</value></Data><Data name="beds:health_specialty:intensive_care_medicine"><value>6</value></Data><Data name="emergency"><value>yes</value></Data><Data name="health_specialty:emergency_medicine"><value>yes</value></Data><Data name="health_specialty:family_medicine"><value>yes</value></Data><Data name="health_specialty:intensive_care_medicine"><value>yes</value></Data><Data name="health_specialty:orthopaedics"><value>yes</value></Data><Data name="health_specialty:surgery"><value>yes</value></Data><Data name="name"><value>Torsby sjukhus</value></Data><Data name="opening_hours"><value>24/7</value></Data><Data name="website"><value>https://www.liv.se/Om-Landstinget-i-Varmland/Halsa-vard-och-patientinformation/Sjukhus-i-Varmland/Sjukhuset-i-Torsby/</value></Data><Data name="@geometry"><value>center</value></Data></ExtendedData><Point><coordinates>12.9989898,60.1378749</coordinates></Point></Placemark><Placemark><name>Jänkeberga dagverksamhet</name><ExtendedData><Data name="@id"><value>way/159026865</value></Data><Data name="amenity"><value>social_facility</value></Data><Data name="name"><value>Jänkeberga dagverksamhet</value></Data><Data name="social_facility"><value>outreach</value></Data><Data name="@geometry"><value>center</value></Data></ExtendedData><Point><coordinates>15.5951099,56.1885656</coordinates></Point></Placemark><Placemark><ExtendedData><Data name="@id"><value>way/159102785</value></Data><Data name="amenity"><value>social_facility</value></Data><Data name="building"><value>yes</value></Data><Data name="social_facility"><value>shelter</value></Data><Data name="social_facility:for"><value>homeless</value></Data><Data name="@geometry"><value>center</value></Data></ExtendedData><Point><coordinates>16.5188789,59.3702222</coordinates></Point></Placemark><Placemark><name>Biskopsgården</name><ExtendedData><Data name="@id"><value>way/159606143</value></Data><Data name="amenity"><value>social_facility</value></Data><Data name="building"><value>yes</value></Data><Data name="name"><value>Biskopsgården</value></Data><Data name="social_facility"><value>assisted_living</value></Data><Data name="source"><value>Bing</value></Data><Data name="@geometry"><value>center</value></Data></ExtendedData><Point><coordinates>15.2063743,60.1563056</coordinates></Point></Placemark><Placemark><name>Ekliden</name><ExtendedData><Data name="@id"><value>way/159693215</value></Data><Data name="social_facility:for"><value>senior</value></Data><Data name="operator"><value>Karlskrona kommun</value></Data><Data name="name"><value>Ekliden</value></Data><Data name="addr:postcode"><value>37142</value></Data><Data name="amenity"><value>social_facility</value></Data><Data name="social_facility"><value>assisted_living</value></Data><Data name="@geometry"><value>center</value></Data></ExtendedData><Point><coordinates>15.6119356,56.1987133</coordinates></Point></Placemark><Placemark><name>HVB Roslunden</name><ExtendedData><Data name="@id"><value>way/159733020</value></Data><Data name="amenity"><value>social_facility</value></Data><Data name="name"><value>HVB Roslunden</value></Data><Data name="operator"><value>Karlskrona kommun</value></Data><Data name="social_facility"><value>group_home</value></Data><Data name="social_facility:for"><value>juvenile</value></Data><Data name="@geometry"><value>center</value></Data></ExtendedData><Point><coordinates>15.6117212,56.197635</coordinates></Point></Placemark><Placemark><name>Gruppbostad</name><ExtendedData><Data name="@id"><value>way/159763290</value></Data><Data name="addr:country"><value>SE</value></Data><Data name="addr:housenumber"><value>93</value></Data><Data name="addr:street"><value>Sparvsångsvägen</value></Data><Data name="amenity"><value>social_facility</value></Data><Data name="building"><value>residential</value></Data><Data name="name"><value>Gruppbostad</value></Data><Data name="social_facility"><value>group_home</value></Data><Data name="source"><value>Bing</value></Data><Data name="@geometry"><value>center</value></Data></ExtendedData><Point><coordinates>15.7911589,58.4264723</coordinates></Point></Placemark><Placemark><name>Edshemmet</name><ExtendedData><Data name="@id"><value>way/160554331</value></Data><Data name="amenity"><value>social_facility</value></Data><Data name="name"><value>Edshemmet</value></Data><Data name="social_facility"><value>healthcare</value></Data><Data name="social_facility:for"><value>drug_addicted</value></Data><Data name="@geometry"><value>center</value></Data></ExtendedData><Point><coordinates>17.8700107,59.5064524</coordinates></Point></Placemark><Placemark><name>Husie vårdcentral</name><ExtendedData><Data name="@id"><value>way/161293456</value></Data><Data name="emergency"><value>no</value></Data><Data name="building"><value>yes</value></Data><Data name="amenity"><value>clinic</value></Data><Data name="name"><value>Husie vårdcentral</value></Data><Data name="@geometry"><value>center</value></Data></ExtendedData><Point><coordinates>13.0677134,55.5802903</coordinates></Point></Placemark><Placemark><name>Skogsborg</name><ExtendedData><Data name="@id"><value>way/161381340</value></Data><Data name="amenity"><value>social_facility</value></Data><Data name="name"><value>Skogsborg</value></Data><Data name="social_facility"><value>assisted_living</value></Data><Data name="social_facility:for"><value>senior</value></Data><Data name="@geometry"><value>center</value></Data></ExtendedData><Point><coordinates>15.066484,58.5392006</coordinates></Point></Placemark><Placemark><ExtendedData><Data name="@id"><value>way/161517389</value></Data><Data name="amenity"><value>nursing_home</value></Data><Data name="building"><value>yes</value></Data><Data name="@geometry"><value>center</value></Data></ExtendedData><Point><coordinates>11.8194401,58.141326</coordinates></Point></Placemark><Placemark><name>Eklunden</name><ExtendedData><Data name="@id"><value>way/161517391</value></Data><Data name="amenity"><value>social_facility</value></Data><Data name="building"><value>yes</value></Data><Data name="name"><value>Eklunden</value></Data><Data name="social_facility"><value>group_home</value></Data><Data name="social_facility:for"><value>senior</value></Data><Data name="@geometry"><value>center</value></Data></ExtendedData><Point><coordinates>11.8181802,58.1423394</coordinates></Point></Placemark><Placemark><name>Ljungskär</name><ExtendedData><Data name="@id"><value>way/161896592</value></Data><Data name="amenity"><value>social_facility</value></Data><Data name="social_facility:for"><value>senior</value></Data><Data name="social_facility"><value>assisted_living</value></Data><Data name="name"><value>Ljungskär</value></Data><Data name="@geometry"><value>center</value></Data></ExtendedData><Point><coordinates>15.6335797,56.1928496</coordinates></Point></Placemark><Placemark><name>Östergården</name><ExtendedData><Data name="@id"><value>way/161898568</value></Data><Data name="amenity"><value>social_facility</value></Data><Data name="name"><value>Östergården</value></Data><Data name="social_facility"><value>assisted_living</value></Data><Data name="social_facility:for"><value>senior</value></Data><Data name="@geometry"><value>center</value></Data></ExtendedData><Point><coordinates>15.6356316,56.1907014</coordinates></Point></Placemark><Placemark><name>Mora lasarett</name><ExtendedData><Data name="@id"><value>way/162063827</value></Data><Data name="amenity"><value>hospital</value></Data><Data name="building"><value>yes</value></Data><Data name="emergency"><value>yes</value></Data><Data name="health_specialty:emergency_medicine"><value>yes</value></Data><Data name="health_specialty:family_medicine"><value>yes</value></Data><Data name="health_specialty:intensive_care_medicine"><value>yes</value></Data><Data name="health_specialty:orthopaedics"><value>yes</value></Data><Data name="health_specialty:paediatrics"><value>yes</value></Data><Data name="health_specialty:surgery"><value>yes</value></Data><Data name="healthcare"><value>hospital</value></Data><Data name="name"><value>Mora lasarett</value></Data><Data name="opening_hours"><value>24/7</value></Data><Data name="operator"><value>Region Dalarna</value></Data><Data name="toilets:wheelchair"><value>yes</value></Data><Data name="website"><value>https://www.ltdalarna.se/Halso--och-sjukvard/Hitta-ratt-i-varden/Sjukhus/Mora-lasarett/</value></Data><Data name="wheelchair"><value>yes</value></Data><Data name="wikidata"><value>Q30270134</value></Data><Data name="@geometry"><value>center</value></Data></ExtendedData><Point><coordinates>14.584551,61.0165213</coordinates></Point></Placemark><Placemark><name>Byle Gård</name><ExtendedData><Data name="@id"><value>way/162277447</value></Data><Data name="amenity"><value>clinic</value></Data><Data name="name"><value>Byle Gård</value></Data><Data name="@geometry"><value>center</value></Data></ExtendedData><Point><coordinates>18.0774385,59.4973655</coordinates></Point></Placemark><Placemark><name>Lasarettet i Motala</name><ExtendedData><Data name="@id"><value>way/162837811</value></Data><Data name="wikidata"><value>Q76448896</value></Data><Data name="amenity"><value>hospital</value></Data><Data name="emergency"><value>yes</value></Data><Data name="health_specialty:emergency_medicine"><value>yes</value></Data><Data name="health_specialty:family_medicine"><value>yes</value></Data><Data name="health_specialty:intensive_care_medicine"><value>no</value></Data><Data name="health_specialty:orthopaedics"><value>yes</value></Data><Data name="health_specialty:surgery"><value>yes</value></Data><Data name="name"><value>Lasarettet i Motala</value></Data><Data name="website"><value>https://www.regionostergotland.se/Halsa-och-vard/Vara-sjukhus/Lasarettet-i-Motala/</value></Data><Data name="@geometry"><value>center</value></Data></ExtendedData><Point><coordinates>15.0273262,58.5442588</coordinates></Point></Placemark><Placemark><name>Stortorpskliniken</name><ExtendedData><Data name="@id"><value>way/163286847</value></Data><Data name="addr:country"><value>SE</value></Data><Data name="addr:housenumber"><value>41A</value></Data><Data name="addr:street"><value>Stortorpsvägen</value></Data><Data name="amenity"><value>hospital</value></Data><Data name="emergency"><value>no</value></Data><Data name="name"><value>Stortorpskliniken</value></Data><Data name="@geometry"><value>center</value></Data></ExtendedData><Point><coordinates>18.1292366,59.2407085</coordinates></Point></Placemark><Placemark><name>Askebyvägens gruppbostad</name><ExtendedData><Data name="@id"><value>way/163410592</value></Data><Data name="addr:country"><value>SE</value></Data><Data name="addr:housenumber"><value>2</value></Data><Data name="addr:street"><value>Askebyvägen</value></Data><Data name="amenity"><value>social_facility</value></Data><Data name="building"><value>residential</value></Data><Data name="name"><value>Askebyvägens gruppbostad</value></Data><Data name="social_facility"><value>assisted_living</value></Data><Data name="source"><value>survey</value></Data><Data name="wheelchair"><value>yes</value></Data><Data name="@geometry"><value>center</value></Data></ExtendedData><Point><coordinates>15.7929161,58.4353943</coordinates></Point></Placemark><Placemark><name>Vedebylunds äldreboende</name><ExtendedData><Data name="@id"><value>way/163606328</value></Data><Data name="social_facility:for"><value>senior</value></Data><Data name="amenity"><value>social_facility</value></Data><Data name="social_facility"><value>assisted_living</value></Data><Data name="name"><value>Vedebylunds äldreboende</value></Data><Data name="@geometry"><value>center</value></Data></ExtendedData><Point><coordinates>15.6448774,56.1985686</coordinates></Point></Placemark><Placemark><name>Fembo</name><ExtendedData><Data name="@id"><value>way/163609260</value></Data><Data name="amenity"><value>social_facility</value></Data><Data name="name"><value>Fembo</value></Data><Data name="social_facility"><value>assisted_living</value></Data><Data name="@geometry"><value>center</value></Data></ExtendedData><Point><coordinates>15.6461572,56.1989737</coordinates></Point></Placemark><Placemark><name>Björkbackens äldreboende</name><ExtendedData><Data name="@id"><value>way/163611203</value></Data><Data name="layer"><value>-1</value></Data><Data name="amenity"><value>social_facility</value></Data><Data name="social_facility"><value>assisted_living</value></Data><Data name="name"><value>Björkbackens äldreboende</value></Data><Data name="@geometry"><value>center</value></Data></ExtendedData><Point><coordinates>15.6451124,56.1996253</coordinates></Point></Placemark><Placemark><name>Åsbacka</name><ExtendedData><Data name="@id"><value>way/164592768</value></Data><Data name="building"><value>yes</value></Data><Data name="source"><value>Bing</value></Data><Data name="wheelchair"><value>yes</value></Data><Data name="addr:city"><value>Molkom</value></Data><Data name="addr:country"><value>SE</value></Data><Data name="addr:housenumber"><value>2</value></Data><Data name="addr:postcode"><value>655 60</value></Data><Data name="addr:street"><value>Stationsgatan</value></Data><Data name="amenity"><value>social_facility</value></Data><Data name="name"><value>Åsbacka</value></Data><Data name="operator"><value>Vardaga</value></Data><Data name="operator:type"><value>private</value></Data><Data name="social_facility"><value>nursing_home</value></Data><Data name="social_facility:for"><value>senior</value></Data><Data name="@geometry"><value>center</value></Data></ExtendedData><Point><coordinates>13.7236693,59.601109</coordinates></Point></Placemark><Placemark><name>Valla Park</name><ExtendedData><Data name="@id"><value>way/165193547</value></Data><Data name="social_facility:for"><value>senior</value></Data><Data name="amenity"><value>social_facility</value></Data><Data name="building"><value>yes</value></Data><Data name="building:levels"><value>2</value></Data><Data name="name"><value>Valla Park</value></Data><Data name="social_facility"><value>group_home</value></Data><Data name="@geometry"><value>center</value></Data></ExtendedData><Point><coordinates>15.5969837,58.4023889</coordinates></Point></Placemark><Placemark><name>Boklunden</name><ExtendedData><Data name="@id"><value>way/165836691</value></Data><Data name="addr:city"><value>Arlöv</value></Data><Data name="addr:country"><value>SE</value></Data><Data name="addr:housenumber"><value>1</value></Data><Data name="addr:street"><value>Sockerbruksgatan</value></Data><Data name="amenity"><value>nursing_home</value></Data><Data name="building"><value>yes</value></Data><Data name="name"><value>Boklunden</value></Data><Data name="@geometry"><value>center</value></Data></ExtendedData><Point><coordinates>13.070136,55.6316032</coordinates></Point></Placemark><Placemark><name>Valhallavägen 1A</name><ExtendedData><Data name="@id"><value>way/166650858</value></Data><Data name="amenity"><value>nursing_home</value></Data><Data name="building"><value>yes</value></Data><Data name="name"><value>Valhallavägen 1A</value></Data><Data name="operator"><value>Norrköpings kommun</value></Data><Data name="@geometry"><value>center</value></Data></ExtendedData><Point><coordinates>16.3658802,58.671014</coordinates></Point></Placemark><Placemark><ExtendedData><Data name="@id"><value>way/169026400</value></Data><Data name="amenity"><value>nursing_home</value></Data><Data name="landuse"><value>residential</value></Data><Data name="@geometry"><value>center</value></Data></ExtendedData><Point><coordinates>12.7204645,56.0319169</coordinates></Point></Placemark><Placemark><name>Linneberg</name><description>Äldre- och demensboende</description><ExtendedData><Data name="@id"><value>way/169601289</value></Data><Data name="building"><value>yes</value></Data><Data name="addr:city"><value>Värnamo</value></Data><Data name="addr:country"><value>SE</value></Data><Data name="addr:housenumber"><value>105</value></Data><Data name="addr:postcode"><value>33153</value></Data><Data name="addr:street"><value>Bolavägen</value></Data><Data name="amenity"><value>social_facility</value></Data><Data name="capacity"><value>86</value></Data><Data name="description"><value>Äldre- och demensboende</value></Data><Data name="name"><value>Linneberg</value></Data><Data name="social_facility"><value>group_home</value></Data><Data name="social_facility:for"><value>senior</value></Data><Data name="website"><value>https://kommun.varnamo.se/omsorg-stod-och-hjalp/sarskilda-boenden/sarskilda-boenden/linneberg.html</value></Data><Data name="@geometry"><value>center</value></Data></ExtendedData><Point><coordinates>14.0239706,57.1837331</coordinates></Point></Placemark><Placemark><name>Kolmårdens Vårdcentral</name><ExtendedData><Data name="@id"><value>way/169842435</value></Data><Data name="opening_hours"><value>Mo-Fr 08:30-16:30</value></Data><Data name="name"><value>Kolmårdens Vårdcentral</value></Data><Data name="amenity"><value>clinic</value></Data><Data name="building"><value>hospital</value></Data><Data name="@geometry"><value>center</value></Data></ExtendedData><Point><coordinates>16.3635291,58.6690172</coordinates></Point></Placemark><Placemark><ExtendedData><Data name="@id"><value>way/169999085</value></Data><Data name="amenity"><value>nursing_home</value></Data><Data name="building"><value>yes</value></Data><Data name="source"><value>Bing</value></Data><Data name="@geometry"><value>center</value></Data></ExtendedData><Point><coordinates>12.6948201,56.0691492</coordinates></Point></Placemark><Placemark><name>Lindegård Äldreboende</name><ExtendedData><Data name="@id"><value>way/170557859</value></Data><Data name="social_facility:for"><value>senior</value></Data><Data name="addr:city"><value>Bromma</value></Data><Data name="addr:country"><value>SE</value></Data><Data name="addr:housenumber"><value>297</value></Data><Data name="addr:postcode"><value>168 60</value></Data><Data name="addr:street"><value>Beckombergavägen</value></Data><Data name="amenity"><value>social_facility</value></Data><Data name="building"><value>yes</value></Data><Data name="name"><value>Lindegård Äldreboende</value></Data><Data name="operator"><value>Vardaga</value></Data><Data name="phone"><value>+46841045720</value></Data><Data name="social_facility"><value>group_home</value></Data><Data name="@geometry"><value>center</value></Data></ExtendedData><Point><coordinates>17.8997374,59.3560224</coordinates></Point></Placemark><Placemark><name>Nyköpings lasarett</name><ExtendedData><Data name="@id"><value>way/170863669</value></Data><Data name="opening_hours"><value>24/7</value></Data><Data name="name"><value>Nyköpings lasarett</value></Data><Data name="health_specialty:surgery"><value>yes</value></Data><Data name="amenity"><value>hospital</value></Data><Data name="emergency"><value>yes</value></Data><Data name="health_specialty:emergency_medicine"><value>yes</value></Data><Data name="health_specialty:family_medicine"><value>yes</value></Data><Data name="health_specialty:intensive_care_medicine"><value>yes</value></Data><Data name="health_specialty:orthopaedics"><value>yes</value></Data><Data name="@geometry"><value>center</value></Data></ExtendedData><Point><coordinates>16.9963653,58.7597665</coordinates></Point></Placemark><Placemark><name>Ösmos Vård</name><ExtendedData><Data name="@id"><value>way/172547434</value></Data><Data name="amenity"><value>clinic</value></Data><Data name="building"><value>yes</value></Data><Data name="emergency"><value>no</value></Data><Data name="name"><value>Ösmos Vård</value></Data><Data name="@geometry"><value>center</value></Data></ExtendedData><Point><coordinates>17.8995546,58.9834082</coordinates></Point></Placemark><Placemark><name>Dagcenter Bryggan</name><ExtendedData><Data name="@id"><value>way/173763434</value></Data><Data name="amenity"><value>social_facility</value></Data><Data name="building"><value>yes</value></Data><Data name="name"><value>Dagcenter Bryggan</value></Data><Data name="operator"><value>Sotenäs kommun</value></Data><Data name="social_facility"><value>day_care</value></Data><Data name="social_facility:for"><value>disabled</value></Data><Data name="@geometry"><value>center</value></Data></ExtendedData><Point><coordinates>11.2575356,58.3609941</coordinates></Point></Placemark><Placemark><name>Trosa Vårdcentral</name><ExtendedData><Data name="@id"><value>way/175551828</value></Data><Data name="amenity"><value>clinic</value></Data><Data name="building"><value>hospital</value></Data><Data name="name"><value>Trosa Vårdcentral</value></Data><Data name="source"><value>Bing</value></Data><Data name="@geometry"><value>center</value></Data></ExtendedData><Point><coordinates>17.559208,58.9020828</coordinates></Point></Placemark><Placemark><name>Rostahemmet</name><ExtendedData><Data name="@id"><value>way/176706542</value></Data><Data name="amenity"><value>nursing_home</value></Data><Data name="name"><value>Rostahemmet</value></Data><Data name="@geometry"><value>center</value></Data></ExtendedData><Point><coordinates>15.1886047,59.2745258</coordinates></Point></Placemark><Placemark><name>Vråenvägen</name><ExtendedData><Data name="@id"><value>way/176762565</value></Data><Data name="addr:country"><value>SE</value></Data><Data name="addr:housenumber"><value>23</value></Data><Data name="addr:street"><value>Vråenvägen</value></Data><Data name="amenity"><value>social_facility</value></Data><Data name="building"><value>yes</value></Data><Data name="capacity"><value>4</value></Data><Data name="name"><value>Vråenvägen</value></Data><Data name="social_facility"><value>group_home</value></Data><Data name="social_facility:for"><value>disabled</value></Data><Data name="@geometry"><value>center</value></Data></ExtendedData><Point><coordinates>14.0696459,57.1831501</coordinates></Point></Placemark><Placemark><name>Skogslyckan</name><ExtendedData><Data name="@id"><value>way/176762587</value></Data><Data name="addr:country"><value>SE</value></Data><Data name="addr:housenumber"><value>15</value></Data><Data name="addr:street"><value>Vråenvägen</value></Data><Data name="amenity"><value>social_facility</value></Data><Data name="building"><value>yes</value></Data><Data name="capacity"><value>6</value></Data><Data name="name"><value>Skogslyckan</value></Data><Data name="social_facility"><value>group_home</value></Data><Data name="social_facility:for"><value>disabled</value></Data><Data name="@geometry"><value>center</value></Data></ExtendedData><Point><coordinates>14.0698207,57.1834653</coordinates></Point></Placemark><Placemark><name>Lanternan</name><ExtendedData><Data name="@id"><value>way/176872514</value></Data><Data name="amenity"><value>social_facility</value></Data><Data name="building"><value>yes</value></Data><Data name="name"><value>Lanternan</value></Data><Data name="old_name"><value>Lanternan Äldreboende</value></Data><Data name="operator"><value>Kristianstads kommun</value></Data><Data name="social_facility"><value>assisted_living</value></Data><Data name="social_facility:for"><value>senior</value></Data><Data name="@geometry"><value>center</value></Data></ExtendedData><Point><coordinates>14.2746747,55.9373268</coordinates></Point></Placemark><Placemark><name>Solgården äldreboende</name><ExtendedData><Data name="@id"><value>way/179291755</value></Data><Data name="addr:city"><value>Indal</value></Data><Data name="addr:country"><value>SE</value></Data><Data name="addr:housenumber"><value>1</value></Data><Data name="addr:postcode"><value>860 40</value></Data><Data name="addr:street"><value>Solgårdsvägen</value></Data><Data name="amenity"><value>nursing_home</value></Data><Data name="building"><value>house</value></Data><Data name="name"><value>Solgården äldreboende</value></Data><Data name="operator"><value>Sundsvalls Kommun</value></Data><Data name="@geometry"><value>center</value></Data></ExtendedData><Point><coordinates>17.0948529,62.5772867</coordinates></Point></Placemark><Placemark><name>Ängebo</name><ExtendedData><Data name="@id"><value>way/179416184</value></Data><Data name="addr:city"><value>Indal</value></Data><Data name="addr:country"><value>SE</value></Data><Data name="addr:housenumber"><value>3</value></Data><Data name="addr:postcode"><value>860 40</value></Data><Data name="addr:street"><value>Stigevägen</value></Data><Data name="amenity"><value>nursing_home</value></Data><Data name="building"><value>house</value></Data><Data name="name"><value>Ängebo</value></Data><Data name="operator"><value>Sundsvalls Kommun</value></Data><Data name="@geometry"><value>center</value></Data></ExtendedData><Point><coordinates>17.0917079,62.5800178</coordinates></Point></Placemark><Placemark><name>Närhälsan Torpavallen vårdcentral</name><ExtendedData><Data name="@id"><value>way/179620207</value></Data><Data name="operator"><value>Västra Götalandsregionen</value></Data><Data name="name"><value>Närhälsan Torpavallen vårdcentral</value></Data><Data name="addr:city"><value>Göteborg</value></Data><Data name="addr:country"><value>SE</value></Data><Data name="addr:housenumber"><value>9</value></Data><Data name="addr:postcode"><value>416 73</value></Data><Data name="addr:street"><value>Torpavallsgatan</value></Data><Data name="amenity"><value>clinic</value></Data><Data name="building"><value>public</value></Data><Data name="contact:phone"><value>+46-31-747 81 00</value></Data><Data name="contact:website"><value>https://www.narhalsan.se/hitta-mottagning/goteborg/goteborg-ostra-centrum/narhalsan-torpavallen-vardcentral/</value></Data><Data name="healthcare"><value>clinic</value></Data><Data name="@geometry"><value>center</value></Data></ExtendedData><Point><coordinates>12.0340358,57.7242651</coordinates></Point></Placemark><Placemark><name>Olaus Petri Vårdcentral</name><ExtendedData><Data name="@id"><value>way/180588339</value></Data><Data name="addr:street"><value>Ribbingsgatan</value></Data><Data name="amenity"><value>clinic</value></Data><Data name="building"><value>yes</value></Data><Data name="emergency"><value>no</value></Data><Data name="healthcare"><value>clinic</value></Data><Data name="name"><value>Olaus Petri Vårdcentral</value></Data><Data name="@geometry"><value>center</value></Data></ExtendedData><Point><coordinates>15.2173048,59.2806015</coordinates></Point></Placemark><Placemark><name>Kaggeleds Vård- och omsorgsboende</name><ExtendedData><Data name="@id"><value>way/181272925</value></Data><Data name="social_facility:for"><value>senior</value></Data><Data name="social_facility"><value>assisted_living</value></Data><Data name="building"><value>yes</value></Data><Data name="addr:country"><value>SE</value></Data><Data name="addr:housenumber"><value>36</value></Data><Data name="addr:street"><value>Kaggeledsgatan</value></Data><Data name="amenity"><value>social_facility</value></Data><Data name="name"><value>Kaggeleds Vård- och omsorgsboende</value></Data><Data name="old_name"><value>Kaggeleds äldreboende</value></Data><Data name="operator"><value>Göteborgs Stad</value></Data><Data name="@geometry"><value>center</value></Data></ExtendedData><Point><coordinates>12.0348139,57.721696</coordinates></Point></Placemark><Placemark><name>Älvdalens vårdcentral</name><ExtendedData><Data name="@id"><value>way/182237233</value></Data><Data name="addr:city"><value>Älvdalen</value></Data><Data name="addr:country"><value>SE</value></Data><Data name="addr:housenumber"><value>12</value></Data><Data name="addr:postcode"><value>796 30</value></Data><Data name="addr:street"><value>Furuvägen</value></Data><Data name="amenity"><value>clinic</value></Data><Data name="emergency"><value>no</value></Data><Data name="name"><value>Älvdalens vårdcentral</value></Data><Data name="@geometry"><value>center</value></Data></ExtendedData><Point><coordinates>14.0406059,61.2314217</coordinates></Point></Placemark><Placemark><ExtendedData><Data name="@id"><value>way/183877340</value></Data><Data name="building"><value>yes</value></Data><Data name="social_facility:for"><value>mental_health</value></Data><Data name="social_facility"><value>group_home</value></Data><Data name="amenity"><value>social_facility</value></Data><Data name="addr:street"><value>Häradsvägen</value></Data><Data name="addr:city"><value>Lund</value></Data><Data name="addr:country"><value>SE</value></Data><Data name="addr:housenumber"><value>40</value></Data><Data name="@geometry"><value>center</value></Data></ExtendedData><Point><coordinates>13.2032644,55.7310097</coordinates></Point></Placemark><Placemark><name>Akademiska sjukhuset</name><ExtendedData><Data name="@id"><value>way/184649365</value></Data><Data name="wikipedia"><value>sv:Akademiska sjukhuset</value></Data><Data name="alt_name"><value>Uppsala akademiska sjukhus</value></Data><Data name="amenity"><value>hospital</value></Data><Data name="emergency"><value>yes</value></Data><Data name="health_specialty:cardiothoracic_surgery"><value>yes</value></Data><Data name="health_specialty:emergency_medicine"><value>yes</value></Data><Data name="health_specialty:family_medicine"><value>yes</value></Data><Data name="health_specialty:intensive_care_medicine"><value>yes</value></Data><Data name="health_specialty:neurosurgery"><value>yes</value></Data><Data name="health_specialty:orthopaedics"><value>yes</value></Data><Data name="health_specialty:paediatric_intensive_care_medicine"><value>yes</value></Data><Data name="health_specialty:paediatrics"><value>yes</value></Data><Data name="health_specialty:surgery"><value>yes</value></Data><Data name="health_specialty:vascular_surgery"><value>yes</value></Data><Data name="healthcare"><value>hospital</value></Data><Data name="loc_name"><value>Ackis</value></Data><Data name="name"><value>Akademiska sjukhuset</value></Data><Data name="name:fi"><value>Akateeminen sairaala</value></Data><Data name="opening_hours"><value>24/7</value></Data><Data name="wikidata"><value>Q430594</value></Data><Data name="@geometry"><value>center</value></Data></ExtendedData><Point><coordinates>17.6401989,59.8498819</coordinates></Point></Placemark><Placemark><name>BVC Hjortens Vårdcentral</name><ExtendedData><Data name="@id"><value>way/184729156</value></Data><Data name="amenity"><value>doctors</value></Data><Data name="name"><value>BVC Hjortens Vårdcentral</value></Data><Data name="building"><value>yes</value></Data><Data name="addr:country"><value>SE</value></Data><Data name="addr:housenumber"><value>2</value></Data><Data name="addr:postcode"><value>46152</value></Data><Data name="addr:street"><value>Lasarettsvägen</value></Data><Data name="@geometry"><value>center</value></Data></ExtendedData><Point><coordinates>12.2902714,58.2738128</coordinates></Point></Placemark><Placemark><name>Apotek Hjärtat</name><ExtendedData><Data name="@id"><value>way/184770670</value></Data><Data name="check_date:opening_hours"><value>2022-08-18</value></Data><Data name="amenity"><value>pharmacy</value></Data><Data name="branch"><value>Göteborg</value></Data><Data name="brand"><value>Apotek Hjärtat</value></Data><Data name="brand:wikidata"><value>Q10416114</value></Data><Data name="brand:wikipedia"><value>sv:Apotek Hjärtat</value></Data><Data name="contact:phone"><value>+46771405405</value></Data><Data name="dispensing"><value>yes</value></Data><Data name="healthcare"><value>pharmacy</value></Data><Data name="name"><value>Apotek Hjärtat</value></Data><Data name="opening_hours"><value>Mo-Fr 07:00-22:00; Sa-Su 08:00-22:00</value></Data><Data name="operator"><value>Apotek Hjärtat AB</value></Data><Data name="@geometry"><value>center</value></Data></ExtendedData><Point><coordinates>11.9696868,57.707992</coordinates></Point></Placemark><Placemark><name>Hälsans hus</name><ExtendedData><Data name="@id"><value>way/184989695</value></Data><Data name="addr:city"><value>Gustavsberg</value></Data><Data name="addr:country"><value>SE</value></Data><Data name="addr:housenumber"><value>5</value></Data><Data name="addr:postcode"><value>134 30</value></Data><Data name="addr:street"><value>Skogsbovägen</value></Data><Data name="amenity"><value>doctors</value></Data><Data name="building"><value>commercial</value></Data><Data name="name"><value>Hälsans hus</value></Data><Data name="source"><value>yahoo_imagery</value></Data><Data name="@geometry"><value>center</value></Data></ExtendedData><Point><coordinates>18.398493,59.3234279</coordinates></Point></Placemark><Placemark><name>BålstaDoktorn</name><ExtendedData><Data name="@id"><value>way/185518444</value></Data><Data name="amenity"><value>clinic</value></Data><Data name="building"><value>yes</value></Data><Data name="healthcare"><value>clinic</value></Data><Data name="name"><value>BålstaDoktorn</value></Data><Data name="website"><value>http://www2.praktikertjanst.se/8/BalstaDoktorn/</value></Data><Data name="@geometry"><value>center</value></Data></ExtendedData><Point><coordinates>17.5380399,59.5579005</coordinates></Point></Placemark><Placemark><name>Maria Alberts Vårdcentral</name><ExtendedData><Data name="@id"><value>way/186155058</value></Data><Data name="name"><value>Maria Alberts Vårdcentral</value></Data><Data name="addr:country"><value>SE</value></Data><Data name="addr:housenumber"><value>21C</value></Data><Data name="addr:postcode"><value>46132</value></Data><Data name="addr:street"><value>Djupebäcksgatan</value></Data><Data name="amenity"><value>clinic</value></Data><Data name="building"><value>yes</value></Data><Data name="healthcare"><value>clinic</value></Data><Data name="@geometry"><value>center</value></Data></ExtendedData><Point><coordinates>12.2919433,58.2832942</coordinates></Point></Placemark><Placemark><name>Norrgården</name><ExtendedData><Data name="@id"><value>way/186662725</value></Data><Data name="social_facility:for"><value>senior</value></Data><Data name="social_facility"><value>group_home</value></Data><Data name="name"><value>Norrgården</value></Data><Data name="operator"><value>Aleris</value></Data><Data name="building"><value>yes</value></Data><Data name="amenity"><value>social_facility</value></Data><Data name="addr:country"><value>SE</value></Data><Data name="addr:housenumber"><value>5-7</value></Data><Data name="addr:postcode"><value>19272</value></Data><Data name="addr:street"><value>Johan Berndes väg</value></Data><Data name="@geometry"><value>center</value></Data></ExtendedData><Point><coordinates>17.9176047,59.4678349</coordinates></Point></Placemark><Placemark><ExtendedData><Data name="@id"><value>way/186949784</value></Data><Data name="emergency"><value>no</value></Data><Data name="building"><value>yes</value></Data><Data name="amenity"><value>clinic</value></Data><Data name="@geometry"><value>center</value></Data></ExtendedData><Point><coordinates>14.9124027,57.3705604</coordinates></Point></Placemark><Placemark><name>Bagarmossens vårdcentral</name><ExtendedData><Data name="@id"><value>way/187514685</value></Data><Data name="amenity"><value>clinic</value></Data><Data name="building"><value>yes</value></Data><Data name="building:levels"><value>2</value></Data><Data name="name"><value>Bagarmossens vårdcentral</value></Data><Data name="roof:orientation"><value>along</value></Data><Data name="roof:shape"><value>gabled</value></Data><Data name="url"><value>http://www.dvcb.se/</value></Data><Data name="@geometry"><value>center</value></Data></ExtendedData><Point><coordinates>18.1354236,59.2763637</coordinates></Point></Placemark><Placemark><ExtendedData><Data name="@id"><value>way/187736442</value></Data><Data name="amenity"><value>social_facility</value></Data><Data name="social_facility"><value>group_home</value></Data><Data name="@geometry"><value>center</value></Data></ExtendedData><Point><coordinates>18.1468484,59.273764</coordinates></Point></Placemark><Placemark><name>Uggledals Vård- och omsorgsboende</name><ExtendedData><Data name="@id"><value>way/188929064</value></Data><Data name="building"><value>yes</value></Data><Data name="addr:country"><value>SE</value></Data><Data name="addr:housenumber"><value>37</value></Data><Data name="addr:street"><value>Uggledalsvägen</value></Data><Data name="amenity"><value>social_facility</value></Data><Data name="name"><value>Uggledals Vård- och omsorgsboende</value></Data><Data name="old_name"><value>Uggledalsvägen äldreboende</value></Data><Data name="operator"><value>Göteborgs Stad</value></Data><Data name="social_facility"><value>assisted_living</value></Data><Data name="social_facility:for"><value>senior</value></Data><Data name="@geometry"><value>center</value></Data></ExtendedData><Point><coordinates>11.9520042,57.5909645</coordinates></Point></Placemark><Placemark><name>Brinkens Vårdcentral</name><ExtendedData><Data name="@id"><value>way/189602676</value></Data><Data name="amenity"><value>clinic</value></Data><Data name="building"><value>yes</value></Data><Data name="emergency"><value>no</value></Data><Data name="name"><value>Brinkens Vårdcentral</value></Data><Data name="@geometry"><value>center</value></Data></ExtendedData><Point><coordinates>15.0512662,58.5291693</coordinates></Point></Placemark><Placemark><name>Mellannorrlands Hospice</name><ExtendedData><Data name="@id"><value>way/190018625</value></Data><Data name="website"><value>http://www.hospice.se/</value></Data><Data name="addr:city"><value>Sundsvall</value></Data><Data name="addr:country"><value>SE</value></Data><Data name="addr:housenumber"><value>7</value></Data><Data name="addr:postcode"><value>852 40</value></Data><Data name="addr:street"><value>Växthusstigen</value></Data><Data name="amenity"><value>social_facility</value></Data><Data name="name"><value>Mellannorrlands Hospice</value></Data><Data name="operator"><value>Mellannorrlands Hospice AB</value></Data><Data name="social_facility"><value>nursing_home</value></Data><Data name="social_facility:for"><value>diseased</value></Data><Data name="@geometry"><value>center</value></Data></ExtendedData><Point><coordinates>17.2830303,62.3764242</coordinates></Point></Placemark><Placemark><name>Kärrahus Vård- och omsorgsboende</name><ExtendedData><Data name="@id"><value>way/190048987</value></Data><Data name="social_facility:for"><value>senior</value></Data><Data name="social_facility"><value>group_home</value></Data><Data name="addr:city"><value>Hisings Kärra</value></Data><Data name="addr:country"><value>SE</value></Data><Data name="addr:housenumber"><value>55</value></Data><Data name="addr:postcode"><value>425 31</value></Data><Data name="addr:street"><value>Lillekärr Södra</value></Data><Data name="amenity"><value>social_facility</value></Data><Data name="building"><value>yes</value></Data><Data name="name"><value>Kärrahus Vård- och omsorgsboende</value></Data><Data name="old_name"><value>Kärrahus äldreboende</value></Data><Data name="operator"><value>Göteborgs Stad</value></Data><Data name="@geometry"><value>center</value></Data></ExtendedData><Point><coordinates>11.9932261,57.79391</coordinates></Point></Placemark><Placemark><name>Länssjukhuset Sundsvall-Härnösand</name><ExtendedData><Data name="@id"><value>way/190922279</value></Data><Data name="amenity"><value>hospital</value></Data><Data name="emergency"><value>yes</value></Data><Data name="health_specialty:emergency_medicine"><value>yes</value></Data><Data name="health_specialty:family_medicine"><value>yes</value></Data><Data name="health_specialty:intensive_care_medicine"><value>yes</value></Data><Data name="health_specialty:orthopaedics"><value>yes</value></Data><Data name="health_specialty:paediatrics"><value>yes</value></Data><Data name="health_specialty:surgery"><value>yes</value></Data><Data name="health_specialty:vascular_surgery"><value>yes</value></Data><Data name="healthcare"><value>hospital</value></Data><Data name="name"><value>Länssjukhuset Sundsvall-Härnösand</value></Data><Data name="opening_hours"><value>Mo-Fr 07:30-16:00</value></Data><Data name="opening_hours:emergency"><value>24/7</value></Data><Data name="opening_hours:surgery"><value>24/7</value></Data><Data name="wikidata"><value>Q10571976</value></Data><Data name="@geometry"><value>center</value></Data></ExtendedData><Point><coordinates>17.3050938,62.4088517</coordinates></Point></Placemark><Placemark><name>Aspens aktivitetscenter</name><ExtendedData><Data name="@id"><value>way/191455835</value></Data><Data name="amenity"><value>social_facility</value></Data><Data name="name"><value>Aspens aktivitetscenter</value></Data><Data name="social_facility"><value>outreach</value></Data><Data name="@geometry"><value>center</value></Data></ExtendedData><Point><coordinates>17.2845432,62.4118551</coordinates></Point></Placemark><Placemark><name>Karla vårdcentral</name><ExtendedData><Data name="@id"><value>way/191478737</value></Data><Data name="name"><value>Karla vårdcentral</value></Data><Data name="amenity"><value>clinic</value></Data><Data name="building"><value>civic</value></Data><Data name="@geometry"><value>center</value></Data></ExtendedData><Point><coordinates>15.1970574,59.2759251</coordinates></Point></Placemark><Placemark><name>Gruppboende Kuskvägen</name><ExtendedData><Data name="@id"><value>way/191673912</value></Data><Data name="amenity"><value>social_facility</value></Data><Data name="name"><value>Gruppboende Kuskvägen</value></Data><Data name="operator"><value>Sundsvalls kommun</value></Data><Data name="ref"><value>Bergsåker 6:9</value></Data><Data name="social_facility"><value>group_home</value></Data><Data name="@geometry"><value>center</value></Data></ExtendedData><Point><coordinates>17.2291063,62.4211934</coordinates></Point></Placemark><Placemark><name>Nora Vårdcentral</name><description>Vårdcentral</description><ExtendedData><Data name="@id"><value>way/194792515</value></Data><Data name="addr:city"><value>Nora</value></Data><Data name="addr:country"><value>SE</value></Data><Data name="addr:housenumber"><value>11</value></Data><Data name="addr:postcode"><value>71331</value></Data><Data name="addr:street"><value>Kvarnvägen</value></Data><Data name="amenity"><value>clinic</value></Data><Data name="building"><value>yes</value></Data><Data name="description"><value>Vårdcentral</value></Data><Data name="healthcare"><value>clinic</value></Data><Data name="name"><value>Nora Vårdcentral</value></Data><Data name="operator"><value>Region Örebro</value></Data><Data name="website"><value>https://www.regionorebrolan.se/sv/vard-och-halsa/vardcentraler/norr/nora-vardcentral/</value></Data><Data name="@geometry"><value>center</value></Data></ExtendedData><Point><coordinates>15.0313872,59.521121</coordinates></Point></Placemark><Placemark><name>Kvibergs Vård- och omsorgsboende</name><ExtendedData><Data name="@id"><value>way/196225242</value></Data><Data name="social_facility:for"><value>senior</value></Data><Data name="building"><value>yes</value></Data><Data name="addr:city"><value>Göteborg</value></Data><Data name="addr:country"><value>SE</value></Data><Data name="addr:housenumber"><value>1</value></Data><Data name="addr:street"><value>Alivallsgatan</value></Data><Data name="amenity"><value>social_facility</value></Data><Data name="name"><value>Kvibergs Vård- och omsorgsboende</value></Data><Data name="old_name"><value>Kvibergs äldreboende</value></Data><Data name="operator"><value>Göteborgs Stad</value></Data><Data name="social_facility"><value>group_home</value></Data><Data name="@geometry"><value>center</value></Data></ExtendedData><Point><coordinates>12.0253313,57.7369975</coordinates></Point></Placemark><Placemark><name>Änghagsgården äldreboende</name><ExtendedData><Data name="@id"><value>way/197196162</value></Data><Data name="amenity"><value>social_facility</value></Data><Data name="building"><value>yes</value></Data><Data name="name"><value>Änghagsgården äldreboende</value></Data><Data name="social_facility"><value>assisted_living</value></Data><Data name="social_facility:for"><value>senior</value></Data><Data name="@geometry"><value>center</value></Data></ExtendedData><Point><coordinates>11.7883583,57.731412</coordinates></Point></Placemark><Placemark><name>HVB BjörköBo</name><ExtendedData><Data name="@id"><value>way/198078013</value></Data><Data name="amenity"><value>social_facility</value></Data><Data name="contact:website"><value>http://www.raddningsmissionen.se/verksamhet/bjorkobo</value></Data><Data name="name"><value>HVB BjörköBo</value></Data><Data name="old_name"><value>Skarviksskolan</value></Data><Data name="operator"><value>Göteborgs Räddningsmission</value></Data><Data name="social_facility"><value>assisted_living</value></Data><Data name="social_facility:for"><value>migrant</value></Data><Data name="building"><value>yes</value></Data><Data name="addr:city"><value>BOHUS-BJÖRKÖ</value></Data><Data name="addr:country"><value>SE</value></Data><Data name="addr:housenumber"><value>4</value></Data><Data name="addr:postcode"><value>475 37</value></Data><Data name="addr:street"><value>Kyrkvägen</value></Data><Data name="@geometry"><value>center</value></Data></ExtendedData><Point><coordinates>11.6766579,57.733709</coordinates></Point></Placemark><Placemark><ExtendedData><Data name="@id"><value>way/199525895</value></Data><Data name="amenity"><value>nursing_home</value></Data><Data name="@geometry"><value>center</value></Data></ExtendedData><Point><coordinates>16.6205714,60.6076966</coordinates></Point></Placemark><Placemark><name>Attendo Stålbogavägen</name><ExtendedData><Data name="@id"><value>way/200282642</value></Data><Data name="website"><value>https://www.attendo.se/lss-verksamhet/attendo-stalbogavagen-korttidsboende/</value></Data><Data name="addr:city"><value>Bandhagen</value></Data><Data name="addr:country"><value>SE</value></Data><Data name="addr:housenumber"><value>44</value></Data><Data name="addr:postcode"><value>124 56</value></Data><Data name="addr:street"><value>Stålbogavägen</value></Data><Data name="amenity"><value>social_facility</value></Data><Data name="building"><value>yes</value></Data><Data name="name"><value>Attendo Stålbogavägen</value></Data><Data name="operator"><value>Attendo</value></Data><Data name="operator:type"><value>private</value></Data><Data name="social_facility"><value>group_home</value></Data><Data name="social_facility:for"><value>child</value></Data><Data name="@geometry"><value>center</value></Data></ExtendedData><Point><coordinates>18.0493908,59.265187</coordinates></Point></Placemark><Placemark><name>Bäckgården</name><ExtendedData><Data name="@id"><value>way/200505826</value></Data><Data name="amenity"><value>social_facility</value></Data><Data name="building"><value>yes</value></Data><Data name="name"><value>Bäckgården</value></Data><Data name="social_facility"><value>group_home</value></Data><Data name="social_facility:for"><value>senior</value></Data><Data name="@geometry"><value>center</value></Data></ExtendedData><Point><coordinates>20.0478343,64.7894335</coordinates></Point></Placemark><Placemark><name>Gruppboende Bäckebovägen</name><ExtendedData><Data name="@id"><value>way/200638072</value></Data><Data name="ref"><value>Lakejen 1</value></Data><Data name="amenity"><value>social_facility</value></Data><Data name="name"><value>Gruppboende Bäckebovägen</value></Data><Data name="@geometry"><value>center</value></Data></ExtendedData><Point><coordinates>17.3332626,62.4184528</coordinates></Point></Placemark><Placemark><name>Rosendala Åldreboende</name><ExtendedData><Data name="@id"><value>way/201275078</value></Data><Data name="social_facility:for"><value>senior</value></Data><Data name="building"><value>yes</value></Data><Data name="addr:country"><value>SE</value></Data><Data name="addr:housenumber"><value>8</value></Data><Data name="addr:street"><value>Odengatan</value></Data><Data name="amenity"><value>social_facility</value></Data><Data name="name"><value>Rosendala Åldreboende</value></Data><Data name="social_facility"><value>group_home</value></Data><Data name="@geometry"><value>center</value></Data></ExtendedData><Point><coordinates>14.2718865,57.7950559</coordinates></Point></Placemark><Placemark><name>Kavlagården</name><ExtendedData><Data name="@id"><value>way/201594650</value></Data><Data name="social_facility:for"><value>senior</value></Data><Data name="social_facility"><value>group_home</value></Data><Data name="amenity"><value>social_facility</value></Data><Data name="building"><value>yes</value></Data><Data name="name"><value>Kavlagården</value></Data><Data name="@geometry"><value>center</value></Data></ExtendedData><Point><coordinates>14.2683872,57.7918868</coordinates></Point></Placemark><Placemark><name>Solängsvägen 57 äldreboende</name><ExtendedData><Data name="@id"><value>way/201881911</value></Data><Data name="amenity"><value>social_facility</value></Data><Data name="building"><value>yes</value></Data><Data name="name"><value>Solängsvägen 57 äldreboende</value></Data><Data name="social_facility"><value>assisted_living</value></Data><Data name="social_facility:for"><value>senior</value></Data><Data name="@geometry"><value>center</value></Data></ExtendedData><Point><coordinates>11.7736468,57.7231442</coordinates></Point></Placemark><Placemark><name>Solgläntans Vård- och omsorgsboende</name><ExtendedData><Data name="@id"><value>way/201882117</value></Data><Data name="amenity"><value>social_facility</value></Data><Data name="building"><value>yes</value></Data><Data name="name"><value>Solgläntans Vård- och omsorgsboende</value></Data><Data name="old_name"><value>Solängsvägen 55 äldreboende</value></Data><Data name="operator"><value>Göteborgs Stad</value></Data><Data name="social_facility"><value>assisted_living</value></Data><Data name="social_facility:for"><value>senior</value></Data><Data name="@geometry"><value>center</value></Data></ExtendedData><Point><coordinates>11.7731328,57.7230603</coordinates></Point></Placemark><Placemark><ExtendedData><Data name="@id"><value>way/202351707</value></Data><Data name="building"><value>yes</value></Data><Data name="amenity"><value>social_facility</value></Data><Data name="social_facility"><value>group_home</value></Data><Data name="social_facility:for"><value>senior</value></Data><Data name="addr:postcode"><value>422 57</value></Data><Data name="addr:housenumber"><value>2</value></Data><Data name="addr:street"><value>Båtsman Hisings Gata</value></Data><Data name="addr:city"><value>Hisings Backa</value></Data><Data name="addr:country"><value>SE</value></Data><Data name="@geometry"><value>center</value></Data></ExtendedData><Point><coordinates>11.9688633,57.7631204</coordinates></Point></Placemark><Placemark><name>Sölvesborgs vårdcentral</name><ExtendedData><Data name="@id"><value>way/202394178</value></Data><Data name="name"><value>Sölvesborgs vårdcentral</value></Data><Data name="healthcare"><value>clinic</value></Data><Data name="amenity"><value>clinic</value></Data><Data name="building"><value>hospital</value></Data><Data name="@geometry"><value>center</value></Data></ExtendedData><Point><coordinates>14.5834418,56.0562204</coordinates></Point></Placemark><Placemark><name>TryggaKliniken</name><ExtendedData><Data name="@id"><value>way/202596074</value></Data><Data name="healthcare"><value>clinic</value></Data><Data name="building"><value>yes</value></Data><Data name="amenity"><value>clinic</value></Data><Data name="name"><value>TryggaKliniken</value></Data><Data name="@geometry"><value>center</value></Data></ExtendedData><Point><coordinates>14.4683319,56.064563</coordinates></Point></Placemark><Placemark><name>Norrlands universitetssjukhus</name><ExtendedData><Data name="@id"><value>way/202665362</value></Data><Data name="amenity"><value>hospital</value></Data><Data name="emergency"><value>yes</value></Data><Data name="health_specialty:cardiothoracic_surgery"><value>yes</value></Data><Data name="health_specialty:emergency_medicine"><value>yes</value></Data><Data name="health_specialty:family_medicine"><value>yes</value></Data><Data name="health_specialty:intensive_care_medicine"><value>yes</value></Data><Data name="health_specialty:neurosurgery"><value>yes</value></Data><Data name="health_specialty:orthopaedics"><value>yes</value></Data><Data name="health_specialty:paediatrics"><value>yes</value></Data><Data name="health_specialty:surgery"><value>yes</value></Data><Data name="health_specialty:vascular_surgery"><value>yes</value></Data><Data name="name"><value>Norrlands universitetssjukhus</value></Data><Data name="name:fi"><value>Norlannin yliopistollinen sairaala</value></Data><Data name="name:sv"><value>Norrlands universitetssjukhus</value></Data><Data name="opening_hours"><value>24/7</value></Data><Data name="opening_hours:emergency"><value>24/7</value></Data><Data name="opening_hours:surgery"><value>24/7</value></Data><Data name="operator"><value>Västerbottens läns landsting</value></Data><Data name="short_name"><value>NUS</value></Data><Data name="website"><value>http://www.vll.se/default.aspx?id=25719</value></Data><Data name="wikidata"><value>Q2000141</value></Data><Data name="@geometry"><value>center</value></Data></ExtendedData><Point><coordinates>20.2995486,63.8171359</coordinates></Point></Placemark><Placemark><name>Landstinget Torkelbergsgatan</name><ExtendedData><Data name="@id"><value>way/203207245</value></Data><Data name="source"><value>Bing</value></Data><Data name="building:levels"><value>6</value></Data><Data name="amenity"><value>clinic</value></Data><Data name="building"><value>hospital</value></Data><Data name="name"><value>Landstinget Torkelbergsgatan</value></Data><Data name="addr:street"><value>Sankt Larsgatan</value></Data><Data name="addr:housenumber"><value>49</value></Data><Data name="addr:country"><value>SE</value></Data><Data name="@geometry"><value>center</value></Data></ExtendedData><Point><coordinates>15.6265527,58.4061816</coordinates></Point></Placemark><Placemark><name>Centralsjukhuset Kristianstad</name><ExtendedData><Data name="@id"><value>way/203226671</value></Data><Data name="wikipedia"><value>sv:Centralsjukhuset Kristianstad</value></Data><Data name="addr:city"><value>Kristianstad</value></Data><Data name="addr:country"><value>SE</value></Data><Data name="addr:housenumber"><value>5</value></Data><Data name="addr:postcode"><value>29133</value></Data><Data name="addr:street"><value>J A Hedlunds väg</value></Data><Data name="alt_name"><value>CSK</value></Data><Data name="amenity"><value>hospital</value></Data><Data name="emergency"><value>yes</value></Data><Data name="health_specialty:emergency_medicine"><value>yes</value></Data><Data name="health_specialty:family_medicine"><value>yes</value></Data><Data name="health_specialty:intensive_care_medicine"><value>yes</value></Data><Data name="health_specialty:paediatrics"><value>yes</value></Data><Data name="health_specialty:surgery"><value>yes</value></Data><Data name="health_specialty:vascular_surgery"><value>yes</value></Data><Data name="name"><value>Centralsjukhuset Kristianstad</value></Data><Data name="opening_hours"><value>24/7</value></Data><Data name="operator:type"><value>public</value></Data><Data name="phone"><value>+46 44 3091000</value></Data><Data name="toilets:wheelchair"><value>yes</value></Data><Data name="website"><value>https://www.skane.se/webbplatser/csk/centralsjukhuset-kristianstad/</value></Data><Data name="wheelchair"><value>yes</value></Data><Data name="wikidata"><value>Q10444909</value></Data><Data name="@geometry"><value>center</value></Data></ExtendedData><Point><coordinates>14.1736025,56.030586</coordinates></Point></Placemark><Placemark><name>Apotek Hjärtat</name><ExtendedData><Data name="@id"><value>way/203229223</value></Data><Data name="wheelchair"><value>yes</value></Data><Data name="toilets:wheelchair"><value>no</value></Data><Data name="ownership"><value>private</value></Data><Data name="website"><value>https://www.apotekhjartat.se/hitta-apotek-hjartat/skane/apotek_hjartat_centralsjukhuset_kristianstad/</value></Data><Data name="addr:city"><value>Kristianstad</value></Data><Data name="addr:housenumber"><value>5</value></Data><Data name="addr:postcode"><value>29133</value></Data><Data name="addr:street"><value>J A Hedlunds väg</value></Data><Data name="name"><value>Apotek Hjärtat</value></Data><Data name="opening_hours"><value>Mo-Th 08:00-18:00; Fr 10:00-13:00</value></Data><Data name="addr:country"><value>SE</value></Data><Data name="amenity"><value>pharmacy</value></Data><Data name="building"><value>yes</value></Data><Data name="@geometry"><value>center</value></Data></ExtendedData><Point><coordinates>14.1736883,56.0294784</coordinates></Point></Placemark><Placemark><name>Seniorhusen Backen</name><ExtendedData><Data name="@id"><value>way/203243510</value></Data><Data name="addr:city"><value>Umeå</value></Data><Data name="addr:country"><value>SE</value></Data><Data name="addr:housenumber"><value>1</value></Data><Data name="addr:postcode"><value>90362</value></Data><Data name="addr:street"><value>Vårdhemsvägen</value></Data><Data name="amenity"><value>social_facility</value></Data><Data name="building"><value>yes</value></Data><Data name="name"><value>Seniorhusen Backen</value></Data><Data name="operator"><value>Seniorhusen Sverige AB</value></Data><Data name="operator:type"><value>private</value></Data><Data name="social_facility"><value>nursing_home</value></Data><Data name="social_facility:for"><value>senior</value></Data><Data name="@geometry"><value>center</value></Data></ExtendedData><Point><coordinates>20.1729827,63.8340957</coordinates></Point></Placemark><Placemark><name>Ålderdomshem Gerbogården</name><ExtendedData><Data name="@id"><value>way/203866776</value></Data><Data name="wheelchair"><value>yes</value></Data><Data name="social_facility"><value>nursing_home</value></Data><Data name="amenity"><value>social_facility</value></Data><Data name="social_facility:for"><value>senior</value></Data><Data name="name"><value>Ålderdomshem Gerbogården</value></Data><Data name="@geometry"><value>center</value></Data></ExtendedData><Point><coordinates>14.5843324,56.0567338</coordinates></Point></Placemark><Placemark><name>Visby Lasarett</name><ExtendedData><Data name="@id"><value>way/204060138</value></Data><Data name="addr:city"><value>Visby</value></Data><Data name="addr:country"><value>SE</value></Data><Data name="addr:housenumber"><value>5</value></Data><Data name="addr:postcode"><value>621 84</value></Data><Data name="addr:street"><value>S:t Göransgatan</value></Data><Data name="amenity"><value>hospital</value></Data><Data name="emergency"><value>yes</value></Data><Data name="health_specialty:anaesthesiology"><value>yes</value></Data><Data name="health_specialty:audiology"><value>yes</value></Data><Data name="health_specialty:cardiology"><value>yes</value></Data><Data name="health_specialty:clinical_pathology"><value>yes</value></Data><Data name="health_specialty:dermatology"><value>yes</value></Data><Data name="health_specialty:diabetology"><value>yes</value></Data><Data name="health_specialty:ear_nose_throat"><value>yes</value></Data><Data name="health_specialty:emergency_medicine"><value>yes</value></Data><Data name="health_specialty:endocrinology"><value>yes</value></Data><Data name="health_specialty:family_medicine"><value>yes</value></Data><Data name="health_specialty:general_surgery"><value>yes</value></Data><Data name="health_specialty:gynaecology"><value>yes</value></Data><Data name="health_specialty:haematology"><value>yes</value></Data><Data name="health_specialty:hepatology"><value>yes</value></Data><Data name="health_specialty:infectiology"><value>yes</value></Data><Data name="health_specialty:intensive_care_medicine"><value>yes</value></Data><Data name="health_specialty:medical_microbiology"><value>yes</value></Data><Data name="health_specialty:neurology"><value>yes</value></Data><Data name="health_specialty:oncology"><value>yes</value></Data><Data name="health_specialty:ophthalmology"><value>yes</value></Data><Data name="health_specialty:orthopaedics"><value>yes</value></Data><Data name="health_specialty:paediatrics"><value>yes</value></Data><Data name="health_specialty:radiology"><value>yes</value></Data><Data name="health_specialty:surgery"><value>yes</value></Data><Data name="health_specialty:transfusion_medicine"><value>yes</value></Data><Data name="health_specialty:urology"><value>yes</value></Data><Data name="health_specialty:vascular_surgery"><value>yes</value></Data><Data name="name"><value>Visby Lasarett</value></Data><Data name="opening_hours"><value>24/7</value></Data><Data name="phone"><value>+46 498 269000</value></Data><Data name="source"><value>Bing</value></Data><Data name="website"><value>https://www.gotland.se/visbylasarett</value></Data><Data name="@geometry"><value>center</value></Data></ExtendedData><Point><coordinates>18.3003069,57.6487881</coordinates></Point></Placemark><Placemark><name>Lilla Torps akutenhet</name><ExtendedData><Data name="@id"><value>way/204799005</value></Data><Data name="social_facility:for"><value>mental_health</value></Data><Data name="addr:country"><value>SE</value></Data><Data name="addr:housenumber"><value>6</value></Data><Data name="addr:street"><value>Iskällareliden</value></Data><Data name="amenity"><value>social_facility</value></Data><Data name="building"><value>yes</value></Data><Data name="name"><value>Lilla Torps akutenhet</value></Data><Data name="operator"><value>Gryning</value></Data><Data name="social_facility"><value>nursing_home</value></Data><Data name="@geometry"><value>center</value></Data></ExtendedData><Point><coordinates>12.0236313,57.7002236</coordinates></Point></Placemark><Placemark><ExtendedData><Data name="@id"><value>way/205387745</value></Data><Data name="addr:country"><value>SE</value></Data><Data name="addr:housenumber"><value>1</value></Data><Data name="addr:postcode"><value>19279</value></Data><Data name="addr:street"><value>Wesströms väg</value></Data><Data name="amenity"><value>social_facility</value></Data><Data name="building"><value>yes</value></Data><Data name="social_facility"><value>group_home</value></Data><Data name="social_facility:for"><value>senior</value></Data><Data name="@geometry"><value>center</value></Data></ExtendedData><Point><coordinates>17.9311727,59.4863032</coordinates></Point></Placemark><Placemark><ExtendedData><Data name="@id"><value>way/205387763</value></Data><Data name="addr:country"><value>SE</value></Data><Data name="addr:housenumber"><value>82</value></Data><Data name="addr:postcode"><value>19279</value></Data><Data name="addr:street"><value>Bergkällavägen</value></Data><Data name="amenity"><value>social_facility</value></Data><Data name="building"><value>yes</value></Data><Data name="social_facility"><value>group_home</value></Data><Data name="social_facility:for"><value>senior</value></Data><Data name="@geometry"><value>center</value></Data></ExtendedData><Point><coordinates>17.931307,59.4860385</coordinates></Point></Placemark><Placemark><name>Lomma vårdcentral</name><ExtendedData><Data name="@id"><value>way/206372602</value></Data><Data name="source"><value>Lomma kommun</value></Data><Data name="name"><value>Lomma vårdcentral</value></Data><Data name="amenity"><value>clinic</value></Data><Data name="building"><value>yes</value></Data><Data name="@geometry"><value>center</value></Data></ExtendedData><Point><coordinates>13.0702299,55.6747235</coordinates></Point></Placemark><Placemark><name>Dagling tveksamhet</name><ExtendedData><Data name="@id"><value>way/206594370</value></Data><Data name="addr:city"><value>Gustavsberg</value></Data><Data name="addr:country"><value>SE</value></Data><Data name="addr:housenumber"><value>39</value></Data><Data name="addr:postcode"><value>134 35</value></Data><Data name="addr:street"><value>Björnskogsvägen</value></Data><Data name="amenity"><value>social_facility</value></Data><Data name="barrier"><value>fence</value></Data><Data name="name"><value>Dagling tveksamhet</value></Data><Data name="operator"><value>Värmdö Kommun</value></Data><Data name="social_facility"><value>workshop</value></Data><Data name="social_facility:for"><value>disabled</value></Data><Data name="@geometry"><value>center</value></Data></ExtendedData><Point><coordinates>18.3966342,59.3360339</coordinates></Point></Placemark><Placemark><name>Alingsås lasarett</name><ExtendedData><Data name="@id"><value>way/206662524</value></Data><Data name="wikidata"><value>Q10405293</value></Data><Data name="wheelchair"><value>yes</value></Data><Data name="amenity"><value>hospital</value></Data><Data name="emergency"><value>yes</value></Data><Data name="health_specialty:emergency_medicine"><value>yes</value></Data><Data name="health_specialty:family_medicine"><value>yes</value></Data><Data name="health_specialty:intensive_care_medicine"><value>yes</value></Data><Data name="health_specialty:orthopaedics"><value>yes</value></Data><Data name="health_specialty:paediatrics"><value>yes</value></Data><Data name="health_specialty:surgery"><value>yes</value></Data><Data name="name"><value>Alingsås lasarett</value></Data><Data name="opening_hours"><value>Mo-Fr 07:15-16:00</value></Data><Data name="opening_hours:emergency"><value>Mo-Su 08:00-22:00</value></Data><Data name="website"><value>https://www.vgregion.se/sv/Alingsas-lasarett/</value></Data><Data name="@geometry"><value>center</value></Data></ExtendedData><Point><coordinates>12.52152,57.9287686</coordinates></Point></Placemark><Placemark><name>Gränna äldreboende</name><ExtendedData><Data name="@id"><value>way/207209302</value></Data><Data name="amenity"><value>social_facility</value></Data><Data name="name"><value>Gränna äldreboende</value></Data><Data name="operator"><value>Jönköpings kommun</value></Data><Data name="social_facility"><value>assisted_living</value></Data><Data name="social_facility:for"><value>senior</value></Data><Data name="@geometry"><value>center</value></Data></ExtendedData><Point><coordinates>14.4649165,58.025796</coordinates></Point></Placemark><Placemark><name>Vårby Vårdcentral</name><ExtendedData><Data name="@id"><value>way/209795593</value></Data><Data name="amenity"><value>clinic</value></Data><Data name="building"><value>yes</value></Data><Data name="healthcare"><value>clinic</value></Data><Data name="name"><value>Vårby Vårdcentral</value></Data><Data name="@geometry"><value>center</value></Data></ExtendedData><Point><coordinates>17.8795585,59.253903</coordinates></Point></Placemark><Placemark><name>Sunnebo</name><ExtendedData><Data name="@id"><value>way/210593684</value></Data><Data name="amenity"><value>social_facility</value></Data><Data name="name"><value>Sunnebo</value></Data><Data name="social_facility"><value>group_home</value></Data><Data name="social_facility:for"><value>senior</value></Data><Data name="@geometry"><value>center</value></Data></ExtendedData><Point><coordinates>18.0876426,62.8745488</coordinates></Point></Placemark><Placemark><name>Bellisgården</name><ExtendedData><Data name="@id"><value>way/211702352</value></Data><Data name="addr:city"><value>Malmö</value></Data><Data name="addr:country"><value>SE</value></Data><Data name="addr:housenumber"><value>13</value></Data><Data name="addr:street"><value>Bellisgatan</value></Data><Data name="amenity"><value>social_facility</value></Data><Data name="building"><value>yes</value></Data><Data name="name"><value>Bellisgården</value></Data><Data name="social_facility"><value>nursing_home</value></Data><Data name="@geometry"><value>center</value></Data></ExtendedData><Point><coordinates>13.0787696,55.5914062</coordinates></Point></Placemark><Placemark><ExtendedData><Data name="@id"><value>way/212344532</value></Data><Data name="addr:city"><value>Bunkeflostrand</value></Data><Data name="addr:country"><value>SE</value></Data><Data name="addr:housenumber"><value>56</value></Data><Data name="addr:postcode"><value>218 31</value></Data><Data name="addr:street"><value>Sjövägen</value></Data><Data name="amenity"><value>social_facility</value></Data><Data name="building"><value>yes</value></Data><Data name="social_facility"><value>group_home</value></Data><Data name="@geometry"><value>center</value></Data></ExtendedData><Point><coordinates>12.9110451,55.5591155</coordinates></Point></Placemark><Placemark><name>HVB Triton</name><ExtendedData><Data name="@id"><value>way/213212392</value></Data><Data name="operator"><value>Göteborgs Stad</value></Data><Data name="social_facility:for"><value>juvenile</value></Data><Data name="social_facility"><value>group_home</value></Data><Data name="amenity"><value>social_facility</value></Data><Data name="building"><value>yes</value></Data><Data name="name"><value>HVB Triton</value></Data><Data name="@geometry"><value>center</value></Data></ExtendedData><Point><coordinates>12.0701567,57.7426984</coordinates></Point></Placemark><Placemark><ExtendedData><Data name="@id"><value>way/213883262</value></Data><Data name="amenity"><value>social_facility</value></Data><Data name="building"><value>yes</value></Data><Data name="social_facility"><value>nursing_home</value></Data><Data name="social_facility:for"><value>senior</value></Data><Data name="@geometry"><value>center</value></Data></ExtendedData><Point><coordinates>19.6357853,65.2603713</coordinates></Point></Placemark><Placemark><name>Rådahemmet</name><ExtendedData><Data name="@id"><value>way/214122922</value></Data><Data name="name"><value>Rådahemmet</value></Data><Data name="social_facility:for"><value>senior</value></Data><Data name="social_facility"><value>group_home</value></Data><Data name="amenity"><value>social_facility</value></Data><Data name="building"><value>yes</value></Data><Data name="@geometry"><value>center</value></Data></ExtendedData><Point><coordinates>12.1138137,57.6625571</coordinates></Point></Placemark><Placemark><description>Vårdcentral</description><ExtendedData><Data name="@id"><value>way/214438233</value></Data><Data name="amenity"><value>clinic</value></Data><Data name="building"><value>yes</value></Data><Data name="description"><value>Vårdcentral</value></Data><Data name="@geometry"><value>center</value></Data></ExtendedData><Point><coordinates>15.5800118,57.3198314</coordinates></Point></Placemark><Placemark><name>Heby vårdcentral</name><ExtendedData><Data name="@id"><value>way/214848637</value></Data><Data name="addr:city"><value>Heby</value></Data><Data name="addr:country"><value>SE</value></Data><Data name="addr:housenumber"><value>16</value></Data><Data name="addr:postcode"><value>74432</value></Data><Data name="addr:street"><value>Brogatan</value></Data><Data name="amenity"><value>clinic</value></Data><Data name="building"><value>clinic</value></Data><Data name="healthcare"><value>clinic</value></Data><Data name="name"><value>Heby vårdcentral</value></Data><Data name="opening_hours"><value>Mo-Fr 08:00-17:00</value></Data><Data name="operator"><value>Region Uppsala</value></Data><Data name="operator:type"><value>government</value></Data><Data name="phone"><value>+46 18 611 01 50</value></Data><Data name="@geometry"><value>center</value></Data></ExtendedData><Point><coordinates>16.8615564,59.9421146</coordinates></Point></Placemark><Placemark><name>Ekliden</name><ExtendedData><Data name="@id"><value>way/215900896</value></Data><Data name="amenity"><value>social_facility</value></Data><Data name="building"><value>yes</value></Data><Data name="name"><value>Ekliden</value></Data><Data name="social_facility"><value>group_home</value></Data><Data name="social_facility:for"><value>senior</value></Data><Data name="@geometry"><value>center</value></Data></ExtendedData><Point><coordinates>15.5667886,57.3213246</coordinates></Point></Placemark><Placemark><name>Hallsbergs Vårdcentral</name><ExtendedData><Data name="@id"><value>way/217162052</value></Data><Data name="amenity"><value>clinic</value></Data><Data name="building"><value>hospital</value></Data><Data name="contact:phone"><value>+46 582-880 22</value></Data><Data name="name"><value>Hallsbergs Vårdcentral</value></Data><Data name="@geometry"><value>center</value></Data></ExtendedData><Point><coordinates>15.1177593,59.0602296</coordinates></Point></Placemark><Placemark><name>Torvalla Hälsocentral</name><ExtendedData><Data name="@id"><value>way/217461351</value></Data><Data name="amenity"><value>doctors</value></Data><Data name="building"><value>yes</value></Data><Data name="name"><value>Torvalla Hälsocentral</value></Data><Data name="@geometry"><value>center</value></Data></ExtendedData><Point><coordinates>14.7437673,63.1577208</coordinates></Point></Placemark><Placemark><ExtendedData><Data name="@id"><value>way/217532079</value></Data><Data name="amenity"><value>social_facility</value></Data><Data name="building"><value>yes</value></Data><Data name="fixme"><value>approximate shape from survey and imagery of unfinished state. Needs adjustment</value></Data><Data name="social_facility"><value>group_home</value></Data><Data name="social_facility:for"><value>senior</value></Data><Data name="@geometry"><value>center</value></Data></ExtendedData><Point><coordinates>21.0291264,64.7535988</coordinates></Point></Placemark><Placemark><description>LSS-boende</description><ExtendedData><Data name="@id"><value>way/217625406</value></Data><Data name="addr:city"><value>Oxie</value></Data><Data name="addr:country"><value>SE</value></Data><Data name="addr:housenumber"><value>1</value></Data><Data name="addr:street"><value>Planetgatan</value></Data><Data name="amenity"><value>social_facility</value></Data><Data name="building"><value>yes</value></Data><Data name="description"><value>LSS-boende</value></Data><Data name="social_facility:for"><value>disabled</value></Data><Data name="@geometry"><value>center</value></Data></ExtendedData><Point><coordinates>13.0795983,55.5388202</coordinates></Point></Placemark><Placemark><name>Blomstergården</name><ExtendedData><Data name="@id"><value>way/218458953</value></Data><Data name="addr:city"><value>Oxie</value></Data><Data name="addr:country"><value>SE</value></Data><Data name="addr:housenumber"><value>4</value></Data><Data name="addr:street"><value>Stengodsvägen</value></Data><Data name="amenity"><value>social_facility</value></Data><Data name="building"><value>yes</value></Data><Data name="name"><value>Blomstergården</value></Data><Data name="social_facility"><value>group_home</value></Data><Data name="social_facility:for"><value>senior</value></Data><Data name="@geometry"><value>center</value></Data></ExtendedData><Point><coordinates>13.0928726,55.5395633</coordinates></Point></Placemark><Placemark><name>Rosengårdskliniken</name><ExtendedData><Data name="@id"><value>way/219542114</value></Data><Data name="website"><value>https://www.rosengardskliniken.se/</value></Data><Data name="addr:city"><value>Malmö</value></Data><Data name="addr:country"><value>SE</value></Data><Data name="addr:housenumber"><value>8A</value></Data><Data name="addr:postcode"><value>21373</value></Data><Data name="addr:street"><value>Von Troils väg</value></Data><Data name="amenity"><value>clinic</value></Data><Data name="building"><value>yes</value></Data><Data name="name"><value>Rosengårdskliniken</value></Data><Data name="opening_hours"><value>Mo-Fr 09:00-12:00,13:00-17:00</value></Data><Data name="phone"><value>+46 40-18 19 19</value></Data><Data name="url"><value>https://www.1177.se/Skane/hitta-vard/kontaktkort/Rosengardskliniken-Malmo/</value></Data><Data name="@geometry"><value>center</value></Data></ExtendedData><Point><coordinates>13.0503512,55.5854722</coordinates></Point></Placemark><Placemark><name>Mälarsjukhuset</name><ExtendedData><Data name="@id"><value>way/219869005</value></Data><Data name="name"><value>Mälarsjukhuset</value></Data><Data name="amenity"><value>hospital</value></Data><Data name="emergency"><value>yes</value></Data><Data name="health_specialty:intensive_care_medicine"><value>yes</value></Data><Data name="health_specialty:orthopaedics"><value>yes</value></Data><Data name="health_specialty:vascular_surgery"><value>yes</value></Data><Data name="@geometry"><value>center</value></Data></ExtendedData><Point><coordinates>16.5355893,59.3629182</coordinates></Point></Placemark><Placemark><name>Södra vårdcentral</name><ExtendedData><Data name="@id"><value>way/220777032</value></Data><Data name="amenity"><value>doctors</value></Data><Data name="healthcare"><value>doctor</value></Data><Data name="healthcare:speciality"><value>general</value></Data><Data name="name"><value>Södra vårdcentral</value></Data><Data name="addr:country"><value>SE</value></Data><Data name="addr:housenumber"><value>10</value></Data><Data name="addr:street"><value>Kaserngatan</value></Data><Data name="building"><value>yes</value></Data><Data name="@geometry"><value>center</value></Data></ExtendedData><Point><coordinates>18.6752193,59.7520144</coordinates></Point></Placemark><Placemark><name>Sundbrolunds Vårdcentral</name><ExtendedData><Data name="@id"><value>way/221624178</value></Data><Data name="amenity"><value>clinic</value></Data><Data name="name"><value>Sundbrolunds Vårdcentral</value></Data><Data name="@geometry"><value>center</value></Data></ExtendedData><Point><coordinates>18.184659,63.0143957</coordinates></Point></Placemark><Placemark><name>Vårdcentralen Mjölby</name><ExtendedData><Data name="@id"><value>way/221892858</value></Data><Data name="amenity"><value>clinic</value></Data><Data name="building"><value>hospital</value></Data><Data name="name"><value>Vårdcentralen Mjölby</value></Data><Data name="source"><value>Bing</value></Data><Data name="@geometry"><value>center</value></Data></ExtendedData><Point><coordinates>15.123537,58.3244619</coordinates></Point></Placemark><Placemark><name>Råneå Vardcentral</name><ExtendedData><Data name="@id"><value>way/222474682</value></Data><Data name="amenity"><value>clinic</value></Data><Data name="emergency"><value>yes</value></Data><Data name="name"><value>Råneå Vardcentral</value></Data><Data name="source"><value>local_knowledge</value></Data><Data name="@geometry"><value>center</value></Data></ExtendedData><Point><coordinates>22.2969208,65.8584034</coordinates></Point></Placemark><Placemark><name>Nacka seniorcenter Sofiero</name><ExtendedData><Data name="@id"><value>way/224082666</value></Data><Data name="amenity"><value>social_facility</value></Data><Data name="building"><value>yes</value></Data><Data name="building:colour"><value>yellow</value></Data><Data name="building:levels"><value>3</value></Data><Data name="name"><value>Nacka seniorcenter Sofiero</value></Data><Data name="roof:colour"><value>firebrick</value></Data><Data name="roof:material"><value>roof_tiles</value></Data><Data name="roof:shape"><value>gabled</value></Data><Data name="social_facility"><value>nursing_home</value></Data><Data name="social_facility:for"><value>senior</value></Data><Data name="@geometry"><value>center</value></Data></ExtendedData><Point><coordinates>18.2303303,59.3172022</coordinates></Point></Placemark><Placemark><name>Hagtorp Äldreboende</name><ExtendedData><Data name="@id"><value>way/224132937</value></Data><Data name="addr:country"><value>SE</value></Data><Data name="addr:housenumber"><value>121</value></Data><Data name="addr:postcode"><value>196 35</value></Data><Data name="addr:street"><value>Hjortronvägen</value></Data><Data name="amenity"><value>nursing_home</value></Data><Data name="building"><value>yes</value></Data><Data name="name"><value>Hagtorp Äldreboende</value></Data><Data name="@geometry"><value>center</value></Data></ExtendedData><Point><coordinates>17.7352513,59.4856885</coordinates></Point></Placemark><Placemark><name>Östergården</name><ExtendedData><Data name="@id"><value>way/225934937</value></Data><Data name="amenity"><value>social_facility</value></Data><Data name="building"><value>yes</value></Data><Data name="name"><value>Östergården</value></Data><Data name="social_facility"><value>group_home</value></Data><Data name="social_facility:for"><value>senior</value></Data><Data name="@geometry"><value>center</value></Data></ExtendedData><Point><coordinates>12.2633868,57.1045191</coordinates></Point></Placemark><Placemark><name>Västberga gård</name><ExtendedData><Data name="@id"><value>way/226145229</value></Data><Data name="website"><value>http://nygemenskap.org/vastberga-gard/</value></Data><Data name="amenity"><value>social_facility</value></Data><Data name="building"><value>yes</value></Data><Data name="building:colour"><value>yellow</value></Data><Data name="building:levels"><value>1</value></Data><Data name="building:material"><value>plaster</value></Data><Data name="name"><value>Västberga gård</value></Data><Data name="roof:colour"><value>firebrick</value></Data><Data name="roof:levels"><value>1</value></Data><Data name="roof:material"><value>roof_tiles</value></Data><Data name="roof:shape"><value>half-hipped</value></Data><Data name="wikidata"><value>Q10717845</value></Data><Data name="wikipedia"><value>sv:Västberga gård</value></Data><Data name="@geometry"><value>center</value></Data></ExtendedData><Point><coordinates>18.0147913,59.2925554</coordinates></Point></Placemark><Placemark><name>Ömheten</name><ExtendedData><Data name="@id"><value>way/227328455</value></Data><Data name="amenity"><value>social_facility</value></Data><Data name="building"><value>yes</value></Data><Data name="name"><value>Ömheten</value></Data><Data name="social_facility"><value>group_home</value></Data><Data name="social_facility:for"><value>senior</value></Data><Data name="@geometry"><value>center</value></Data></ExtendedData><Point><coordinates>21.0333219,64.7501223</coordinates></Point></Placemark><Placemark><name>Marklyckan</name><ExtendedData><Data name="@id"><value>way/227404152</value></Data><Data name="amenity"><value>social_facility</value></Data><Data name="building"><value>yes</value></Data><Data name="name"><value>Marklyckan</value></Data><Data name="social_facility"><value>group_home</value></Data><Data name="social_facility:for"><value>senior</value></Data><Data name="source"><value>Bing</value></Data><Data name="@geometry"><value>center</value></Data></ExtendedData><Point><coordinates>15.1971869,59.2777468</coordinates></Point></Placemark><Placemark><name>Kallinge Vårdcentral</name><ExtendedData><Data name="@id"><value>way/228970608</value></Data><Data name="website"><value>http://www.1177.se/Hitta-vard/Blekinge/Kontakt/Kallinge-vardcentral-Ronneby//?hvq=v%C3%A5rdcentral</value></Data><Data name="amenity"><value>clinic</value></Data><Data name="check_date:opening_hours"><value>2021-05-19</value></Data><Data name="name"><value>Kallinge Vårdcentral</value></Data><Data name="opening_hours"><value>Mo-Th 08:00-17:00; Fr 08:00-15:00</value></Data><Data name="phone"><value>+46 457 731790</value></Data><Data name="wheelchair"><value>yes</value></Data><Data name="@geometry"><value>center</value></Data></ExtendedData><Point><coordinates>15.287381,56.2469774</coordinates></Point></Placemark><Placemark><name>Postilionen</name><ExtendedData><Data name="@id"><value>way/229550913</value></Data><Data name="wheelchair"><value>yes</value></Data><Data name="amenity"><value>social_facility</value></Data><Data name="building"><value>yes</value></Data><Data name="name"><value>Postilionen</value></Data><Data name="social_facility:for"><value>senior</value></Data><Data name="@geometry"><value>center</value></Data></ExtendedData><Point><coordinates>12.9541334,55.4181954</coordinates></Point></Placemark><Placemark><name>Postgården</name><ExtendedData><Data name="@id"><value>way/229550915</value></Data><Data name="amenity"><value>social_facility</value></Data><Data name="building"><value>yes</value></Data><Data name="name"><value>Postgården</value></Data><Data name="social_facility:for"><value>senior</value></Data><Data name="wheelchair"><value>yes</value></Data><Data name="@geometry"><value>center</value></Data></ExtendedData><Point><coordinates>12.9541113,55.4177021</coordinates></Point></Placemark><Placemark><name>Öjersbogården</name><ExtendedData><Data name="@id"><value>way/229725374</value></Data><Data name="amenity"><value>social_facility</value></Data><Data name="building"><value>yes</value></Data><Data name="fixme"><value>Ange typ av social_facility</value></Data><Data name="government"><value>social_services</value></Data><Data name="name"><value>Öjersbogården</value></Data><Data name="office"><value>government</value></Data><Data name="operator"><value>Norbergs kommun</value></Data><Data name="operator:type"><value>government</value></Data><Data name="@geometry"><value>center</value></Data></ExtendedData><Point><coordinates>15.9210804,60.0606918</coordinates></Point></Placemark><Placemark><name>Sunderby sjukhus</name><ExtendedData><Data name="@id"><value>way/230709556</value></Data><Data name="wikidata"><value>Q10683767</value></Data><Data name="amenity"><value>hospital</value></Data><Data name="emergency"><value>yes</value></Data><Data name="health_specialty:emergency_medicine"><value>yes</value></Data><Data name="health_specialty:family_medicine"><value>yes</value></Data><Data name="health_specialty:intensive_care_medicine"><value>yes</value></Data><Data name="health_specialty:orthopaedics"><value>yes</value></Data><Data name="health_specialty:paediatrics"><value>yes</value></Data><Data name="health_specialty:radiology"><value>yes</value></Data><Data name="health_specialty:surgery"><value>yes</value></Data><Data name="health_specialty:vascular_surgery"><value>yes</value></Data><Data name="name"><value>Sunderby sjukhus</value></Data><Data name="opening_hours"><value>Mo-Su 06:00-22:00</value></Data><Data name="opening_hours:emergency"><value>24/7</value></Data><Data name="opening_hours:surgery"><value>24/7</value></Data><Data name="website"><value>http://www.nll.se/sunderbysjukhus</value></Data><Data name="@geometry"><value>center</value></Data></ExtendedData><Point><coordinates>21.9300969,65.6721136</coordinates></Point></Placemark><Placemark><name>Ekoxen</name><ExtendedData><Data name="@id"><value>way/232167200</value></Data><Data name="addr:country"><value>SE</value></Data><Data name="addr:housenumber"><value>5</value></Data><Data name="addr:street"><value>Thenstedtsgatan</value></Data><Data name="amenity"><value>nursing_home</value></Data><Data name="building"><value>yes</value></Data><Data name="name"><value>Ekoxen</value></Data><Data name="source"><value>Bing;survey</value></Data><Data name="@geometry"><value>center</value></Data></ExtendedData><Point><coordinates>15.4169884,60.4870404</coordinates></Point></Placemark><Placemark><name>Centralsjukhuset i Karlstad</name><ExtendedData><Data name="@id"><value>way/232336422</value></Data><Data name="opening_hours"><value>24/7</value></Data><Data name="name"><value>Centralsjukhuset i Karlstad</value></Data><Data name="health_specialty:vascular_surgery"><value>yes</value></Data><Data name="health_specialty:surgery"><value>yes</value></Data><Data name="health_specialty:paediatrics"><value>yes</value></Data><Data name="health_specialty:orthopaedics"><value>yes</value></Data><Data name="health_specialty:intensive_care_medicine"><value>yes</value></Data><Data name="health_specialty:family_medicine"><value>yes</value></Data><Data name="health_specialty:emergency_medicine"><value>yes</value></Data><Data name="website"><value>https://www.liv.se/Halsa-och-vard/Sjukhus/Centralsjukhuset-Karlstad/</value></Data><Data name="emergency"><value>yes</value></Data><Data name="amenity"><value>hospital</value></Data><Data name="@geometry"><value>center</value></Data></ExtendedData><Point><coordinates>13.4783451,59.375301</coordinates></Point></Placemark><Placemark><ExtendedData><Data name="@id"><value>way/232438218</value></Data><Data name="amenity"><value>nursing_home</value></Data><Data name="building"><value>yes</value></Data><Data name="@geometry"><value>center</value></Data></ExtendedData><Point><coordinates>13.0903898,55.773786</coordinates></Point></Placemark><Placemark><name>Kävlinge vårdcentral</name><ExtendedData><Data name="@id"><value>way/233127897</value></Data><Data name="operator"><value>Region Skåne</value></Data><Data name="name"><value>Kävlinge vårdcentral</value></Data><Data name="amenity"><value>clinic</value></Data><Data name="building"><value>yes</value></Data><Data name="@geometry"><value>center</value></Data></ExtendedData><Point><coordinates>13.1125393,55.7905565</coordinates></Point></Placemark><Placemark><name>Skottsundsbacken</name><ExtendedData><Data name="@id"><value>way/233256147</value></Data><Data name="amenity"><value>social_facility</value></Data><Data name="name"><value>Skottsundsbacken</value></Data><Data name="social_facility"><value>assisted_living</value></Data><Data name="social_facility:for"><value>senior</value></Data><Data name="@geometry"><value>center</value></Data></ExtendedData><Point><coordinates>17.3895118,62.2903829</coordinates></Point></Placemark><Placemark><ExtendedData><Data name="@id"><value>way/233920080</value></Data><Data name="addr:city"><value>Sollentuna</value></Data><Data name="addr:country"><value>SE</value></Data><Data name="addr:housenumber"><value>28</value></Data><Data name="addr:postcode"><value>19252</value></Data><Data name="addr:street"><value>Ribbings väg</value></Data><Data name="amenity"><value>social_facility</value></Data><Data name="building"><value>yes</value></Data><Data name="building:levels"><value>5</value></Data><Data name="social_facility"><value>group_home</value></Data><Data name="social_facility:for"><value>senior</value></Data><Data name="@geometry"><value>center</value></Data></ExtendedData><Point><coordinates>17.9756329,59.4473778</coordinates></Point></Placemark><Placemark><name>Vallatorpsdoktorn</name><ExtendedData><Data name="@id"><value>way/234985178</value></Data><Data name="addr:city"><value>Täby</value></Data><Data name="addr:country"><value>SE</value></Data><Data name="addr:housenumber"><value>10</value></Data><Data name="addr:postcode"><value>187 52</value></Data><Data name="addr:street"><value>Vallatorpsvägen</value></Data><Data name="amenity"><value>clinic</value></Data><Data name="building"><value>hospital</value></Data><Data name="building:levels"><value>1</value></Data><Data name="name"><value>Vallatorpsdoktorn</value></Data><Data name="opening_hours"><value>Mo-Fr 08:00-17:00</value></Data><Data name="website"><value>https://www.vallatorpsdoktorn.se/</value></Data><Data name="@geometry"><value>center</value></Data></ExtendedData><Point><coordinates>18.0431022,59.4657679</coordinates></Point></Placemark><Placemark><name>Katarinagården</name><ExtendedData><Data name="@id"><value>way/235756002</value></Data><Data name="amenity"><value>nursing_home</value></Data><Data name="name"><value>Katarinagården</value></Data><Data name="@geometry"><value>center</value></Data></ExtendedData><Point><coordinates>13.6047622,58.2095558</coordinates></Point></Placemark><Placemark><name>HVB Hönö</name><ExtendedData><Data name="@id"><value>way/236579956</value></Data><Data name="social_facility:for"><value>migrant</value></Data><Data name="addr:city"><value>Hönö</value></Data><Data name="addr:country"><value>SE</value></Data><Data name="addr:housenumber"><value>67</value></Data><Data name="addr:postcode"><value>475 42</value></Data><Data name="addr:street"><value>Västra vägen</value></Data><Data name="amenity"><value>social_facility</value></Data><Data name="building"><value>yes</value></Data><Data name="contact:website"><value>http://www.raddningsmissionen.se/verksamhet/bjorkobo</value></Data><Data name="name"><value>HVB Hönö</value></Data><Data name="old_name"><value>Hönö Hotell</value></Data><Data name="operator"><value>HVB Living Nordic AB</value></Data><Data name="social_facility"><value>assisted_living</value></Data><Data name="@geometry"><value>center</value></Data></ExtendedData><Point><coordinates>11.6436417,57.6848751</coordinates></Point></Placemark><Placemark><ExtendedData><Data name="@id"><value>way/238232184</value></Data><Data name="addr:city"><value>Landsbro</value></Data><Data name="addr:postcode"><value>570 12</value></Data><Data name="addr:street"><value>Östergatan</value></Data><Data name="amenity"><value>social_facility</value></Data><Data name="building"><value>yes</value></Data><Data name="social_facility"><value>nursing_home</value></Data><Data name="social_facility:for"><value>senior</value></Data><Data name="@geometry"><value>center</value></Data></ExtendedData><Point><coordinates>14.9115985,57.3711537</coordinates></Point></Placemark><Placemark><name>Östhammars vårdcentral</name><ExtendedData><Data name="@id"><value>way/238417028</value></Data><Data name="addr:city"><value>Östhammar</value></Data><Data name="addr:country"><value>SE</value></Data><Data name="addr:housenumber"><value>1</value></Data><Data name="addr:postcode"><value>74234</value></Data><Data name="addr:street"><value>Lasarettsvägen</value></Data><Data name="amenity"><value>clinic</value></Data><Data name="healthcare"><value>clinic</value></Data><Data name="name"><value>Östhammars vårdcentral</value></Data><Data name="phone"><value>+46 173 88000</value></Data><Data name="website"><value>https://lul.se/osthammar</value></Data><Data name="@geometry"><value>center</value></Data></ExtendedData><Point><coordinates>18.3648009,60.2572957</coordinates></Point></Placemark><Placemark><name>Välengården</name><ExtendedData><Data name="@id"><value>way/238460777</value></Data><Data name="social_facility"><value>group_home</value></Data><Data name="amenity"><value>social_facility</value></Data><Data name="building"><value>yes</value></Data><Data name="name"><value>Välengården</value></Data><Data name="@geometry"><value>center</value></Data></ExtendedData><Point><coordinates>15.6613885,57.1475119</coordinates></Point></Placemark><Placemark><name>Lasarettet Trelleborg</name><ExtendedData><Data name="@id"><value>way/238923748</value></Data><Data name="amenity"><value>hospital</value></Data><Data name="emergency"><value>yes</value></Data><Data name="health_specialty:emergency_medicine"><value>yes</value></Data><Data name="health_specialty:family_medicine"><value>yes</value></Data><Data name="name"><value>Lasarettet Trelleborg</value></Data><Data name="opening_hours"><value>Mo-Su 08:00-20:00</value></Data><Data name="wikidata"><value>Q69407863</value></Data><Data name="@geometry"><value>center</value></Data></ExtendedData><Point><coordinates>13.1613678,55.3811531</coordinates></Point></Placemark><Placemark><ExtendedData><Data name="@id"><value>way/242176674</value></Data><Data name="amenity"><value>nursing_home</value></Data><Data name="building"><value>yes</value></Data><Data name="@geometry"><value>center</value></Data></ExtendedData><Point><coordinates>13.3664046,55.3417744</coordinates></Point></Placemark><Placemark><name>Björntorps Äldreboende</name><ExtendedData><Data name="@id"><value>way/243984202</value></Data><Data name="amenity"><value>social_facility</value></Data><Data name="building"><value>yes</value></Data><Data name="name"><value>Björntorps Äldreboende</value></Data><Data name="social_facility"><value>assisted_living</value></Data><Data name="social_facility:for"><value>senior</value></Data><Data name="@geometry"><value>center</value></Data></ExtendedData><Point><coordinates>17.0745582,58.6768012</coordinates></Point></Placemark><Placemark><name>Björkängen</name><ExtendedData><Data name="@id"><value>way/244214458</value></Data><Data name="addr:city"><value>Norberg</value></Data><Data name="addr:country"><value>SE</value></Data><Data name="addr:housenumber"><value>1C</value></Data><Data name="addr:postcode"><value>73832</value></Data><Data name="addr:street"><value>Bobergsvägen</value></Data><Data name="amenity"><value>social_facility</value></Data><Data name="building"><value>yes</value></Data><Data name="fixme"><value>Ange typ av social_facility</value></Data><Data name="healthcare"><value>hospice</value></Data><Data name="healthcare:speciality"><value>palliative</value></Data><Data name="name"><value>Björkängen</value></Data><Data name="operator"><value>Norbergs kommun</value></Data><Data name="@geometry"><value>center</value></Data></ExtendedData><Point><coordinates>15.9169824,60.0635464</coordinates></Point></Placemark><Placemark><name>Norbergs vårdcentral</name><ExtendedData><Data name="@id"><value>way/244214462</value></Data><Data name="amenity"><value>clinic</value></Data><Data name="building"><value>yes</value></Data><Data name="healthcare"><value>clinic</value></Data><Data name="name"><value>Norbergs vårdcentral</value></Data><Data name="operator"><value>Region Västmanland</value></Data><Data name="@geometry"><value>center</value></Data></ExtendedData><Point><coordinates>15.9283455,60.0600608</coordinates></Point></Placemark><Placemark><name>Lindgården</name><ExtendedData><Data name="@id"><value>way/244867449</value></Data><Data name="amenity"><value>social_facility</value></Data><Data name="name"><value>Lindgården</value></Data><Data name="ref"><value>Sjukhemmet 1</value></Data><Data name="social_facility"><value>assisted_living</value></Data><Data name="social_facility:for"><value>senior</value></Data><Data name="@geometry"><value>center</value></Data></ExtendedData><Point><coordinates>17.316939,62.4066388</coordinates></Point></Placemark><Placemark><name>Bredängs Gruppbostad</name><ExtendedData><Data name="@id"><value>way/245223839</value></Data><Data name="addr:city"><value>Skärholmen</value></Data><Data name="addr:country"><value>SE</value></Data><Data name="addr:housenumber"><value>89</value></Data><Data name="addr:postcode"><value>127 32</value></Data><Data name="addr:street"><value>Ålgrytevägen</value></Data><Data name="amenity"><value>social_facility</value></Data><Data name="name"><value>Bredängs Gruppbostad</value></Data><Data name="social_facility"><value>assisted_living</value></Data><Data name="social_facility:for"><value>disabled</value></Data><Data name="@geometry"><value>center</value></Data></ExtendedData><Point><coordinates>17.9345838,59.2974403</coordinates></Point></Placemark><Placemark><name>Rönningeborg</name><ExtendedData><Data name="@id"><value>way/245272242</value></Data><Data name="website"><value>http://www.ronningeborg.se</value></Data><Data name="addr:city"><value>Rönninge</value></Data><Data name="addr:country"><value>SE</value></Data><Data name="addr:housenumber"><value>2</value></Data><Data name="addr:postcode"><value>144 30</value></Data><Data name="addr:street"><value>Emanuel Birkes väg</value></Data><Data name="amenity"><value>social_facility</value></Data><Data name="building"><value>yes</value></Data><Data name="name"><value>Rönningeborg</value></Data><Data name="social_facility"><value>group_home</value></Data><Data name="social_facility:for"><value>senior</value></Data><Data name="@geometry"><value>center</value></Data></ExtendedData><Point><coordinates>17.7704795,59.2004351</coordinates></Point></Placemark><Placemark><name>Landskrona lasarett</name><ExtendedData><Data name="@id"><value>way/247822846</value></Data><Data name="amenity"><value>hospital</value></Data><Data name="name"><value>Landskrona lasarett</value></Data><Data name="@geometry"><value>center</value></Data></ExtendedData><Point><coordinates>12.8407478,55.8778573</coordinates></Point></Placemark><Placemark><name>Äldreboende Lillängen</name><ExtendedData><Data name="@id"><value>way/248123994</value></Data><Data name="addr:city"><value>Nacka</value></Data><Data name="addr:country"><value>SE</value></Data><Data name="addr:housenumber"><value>1</value></Data><Data name="addr:postcode"><value>131 41</value></Data><Data name="addr:street"><value>Fjällstigen</value></Data><Data name="amenity"><value>social_facility</value></Data><Data name="building"><value>yes</value></Data><Data name="name"><value>Äldreboende Lillängen</value></Data><Data name="phone"><value>+46 73-377 56 99</value></Data><Data name="roof:colour"><value>black</value></Data><Data name="social_facility"><value>nursing_home</value></Data><Data name="social_facility:for"><value>senior</value></Data><Data name="@geometry"><value>center</value></Data></ExtendedData><Point><coordinates>18.1596646,59.3069388</coordinates></Point></Placemark><Placemark><name>Attendo Skiftesvägen</name><ExtendedData><Data name="@id"><value>way/248377056</value></Data><Data name="website"><value>https://www.attendo.se/aldreboende-verksamhet/attendo-skiftesvagen-aldreboende/</value></Data><Data name="addr:housenumber"><value>2A,2B</value></Data><Data name="social_facility:for"><value>senior</value></Data><Data name="operator:type"><value>private</value></Data><Data name="operator"><value>Attendo</value></Data><Data name="addr:city"><value>Landskrona</value></Data><Data name="addr:country"><value>SE</value></Data><Data name="addr:postcode"><value>261 53</value></Data><Data name="addr:street"><value>Skiftesvägen</value></Data><Data name="amenity"><value>social_facility</value></Data><Data name="building"><value>residential</value></Data><Data name="name"><value>Attendo Skiftesvägen</value></Data><Data name="@geometry"><value>center</value></Data></ExtendedData><Point><coordinates>12.8416217,55.8800528</coordinates></Point></Placemark><Placemark><name>Askenäshemmet</name><ExtendedData><Data name="@id"><value>way/248688811</value></Data><Data name="operator"><value>Örebro Kommun</value></Data><Data name="amenity"><value>nursing_home</value></Data><Data name="name"><value>Askenäshemmet</value></Data><Data name="building"><value>yes</value></Data><Data name="@geometry"><value>center</value></Data></ExtendedData><Point><coordinates>15.5248145,59.1604852</coordinates></Point></Placemark><Placemark><name>Södermalmshemmet</name><ExtendedData><Data name="@id"><value>way/248833367</value></Data><Data name="amenity"><value>social_facility</value></Data><Data name="building"><value>civic</value></Data><Data name="name"><value>Södermalmshemmet</value></Data><Data name="social_facility"><value>nursing_home</value></Data><Data name="social_facility:for"><value>senior</value></Data><Data name="@geometry"><value>center</value></Data></ExtendedData><Point><coordinates>15.2094869,59.2652391</coordinates></Point></Placemark><Placemark><ExtendedData><Data name="@id"><value>way/249158862</value></Data><Data name="amenity"><value>social_facility</value></Data><Data name="building"><value>yes</value></Data><Data name="social_facility"><value>group_home</value></Data><Data name="social_facility:for"><value>senior</value></Data><Data name="@geometry"><value>center</value></Data></ExtendedData><Point><coordinates>13.0595583,55.616585</coordinates></Point></Placemark><Placemark><name>Nynäshamns Sjukhus</name><ExtendedData><Data name="@id"><value>way/249199710</value></Data><Data name="name"><value>Nynäshamns Sjukhus</value></Data><Data name="amenity"><value>hospital</value></Data><Data name="emergency"><value>yes</value></Data><Data name="@geometry"><value>center</value></Data></ExtendedData><Point><coordinates>17.9440977,58.9030035</coordinates></Point></Placemark><Placemark><name>Rosengården</name><ExtendedData><Data name="@id"><value>way/249745463</value></Data><Data name="amenity"><value>social_facility</value></Data><Data name="building"><value>yes</value></Data><Data name="name"><value>Rosengården</value></Data><Data name="social_facility"><value>group_home</value></Data><Data name="social_facility:for"><value>senior</value></Data><Data name="@geometry"><value>center</value></Data></ExtendedData><Point><coordinates>17.9451231,58.90153</coordinates></Point></Placemark><Placemark><name>Rosengården</name><ExtendedData><Data name="@id"><value>way/249745691</value></Data><Data name="amenity"><value>social_facility</value></Data><Data name="building"><value>yes</value></Data><Data name="name"><value>Rosengården</value></Data><Data name="social_facility"><value>group_home</value></Data><Data name="social_facility:for"><value>senior</value></Data><Data name="@geometry"><value>center</value></Data></ExtendedData><Point><coordinates>17.9445851,58.9016584</coordinates></Point></Placemark><Placemark><ExtendedData><Data name="@id"><value>way/249771575</value></Data><Data name="addr:country"><value>SE</value></Data><Data name="addr:housenumber"><value>24</value></Data><Data name="addr:postcode"><value>865 31</value></Data><Data name="addr:street"><value>Raholmsvägen</value></Data><Data name="amenity"><value>clinic</value></Data><Data name="building"><value>yes</value></Data><Data name="@geometry"><value>center</value></Data></ExtendedData><Point><coordinates>17.415331,62.4269327</coordinates></Point></Placemark><Placemark><name>Baggängens vårdcentral</name><ExtendedData><Data name="@id"><value>way/250295483</value></Data><Data name="amenity"><value>clinic</value></Data><Data name="building"><value>yes</value></Data><Data name="name"><value>Baggängens vårdcentral</value></Data><Data name="opening_hours"><value>Mo-Fr 08:00-17:00</value></Data><Data name="@geometry"><value>center</value></Data></ExtendedData><Point><coordinates>14.488234,59.3145437</coordinates></Point></Placemark><Placemark><name>Sköllergården</name><ExtendedData><Data name="@id"><value>way/250823200</value></Data><Data name="amenity"><value>social_facility</value></Data><Data name="building"><value>apartments</value></Data><Data name="name"><value>Sköllergården</value></Data><Data name="operator"><value>Hallsbergs kommun</value></Data><Data name="social_facility"><value>nursing_home</value></Data><Data name="social_facility:for"><value>senior</value></Data><Data name="@geometry"><value>center</value></Data></ExtendedData><Point><coordinates>15.3389821,59.065077</coordinates></Point></Placemark><Placemark><name>Tybble vårdcentral</name><ExtendedData><Data name="@id"><value>way/251469482</value></Data><Data name="name"><value>Tybble vårdcentral</value></Data><Data name="amenity"><value>clinic</value></Data><Data name="building"><value>yes</value></Data><Data name="healthcare"><value>clinic</value></Data><Data name="@geometry"><value>center</value></Data></ExtendedData><Point><coordinates>15.2369428,59.2544344</coordinates></Point></Placemark><Placemark><name>Gammeluddshemmet</name><ExtendedData><Data name="@id"><value>way/251523844</value></Data><Data name="wikipedia"><value>sv:Gammeluddshemmet</value></Data><Data name="addr:city"><value>Saltsjö-Boo</value></Data><Data name="addr:country"><value>SE</value></Data><Data name="addr:housenumber"><value>51</value></Data><Data name="addr:postcode"><value>132 46</value></Data><Data name="addr:street"><value>Gammeluddsvägen</value></Data><Data name="amenity"><value>nursing_home</value></Data><Data name="building"><value>house</value></Data><Data name="building:levels"><value>3</value></Data><Data name="name"><value>Gammeluddshemmet</value></Data><Data name="start_date"><value>1910</value></Data><Data name="website"><value>www.gammeluddshemmet.nu</value></Data><Data name="@geometry"><value>center</value></Data></ExtendedData><Point><coordinates>18.2746586,59.2998959</coordinates></Point></Placemark><Placemark><name>Månstorps ängar</name><ExtendedData><Data name="@id"><value>way/252403000</value></Data><Data name="addr:city"><value>Västra Ingelstad</value></Data><Data name="addr:country"><value>SE</value></Data><Data name="addr:housenumber"><value>1</value></Data><Data name="addr:street"><value>Stationsvägen</value></Data><Data name="amenity"><value>social_facility</value></Data><Data name="building"><value>yes</value></Data><Data name="name"><value>Månstorps ängar</value></Data><Data name="social_facility"><value>assisted_living</value></Data><Data name="social_facility:for"><value>senior</value></Data><Data name="@geometry"><value>center</value></Data></ExtendedData><Point><coordinates>13.104621,55.4950742</coordinates></Point></Placemark><Placemark><name>Kvarngårdens äldreboende</name><ExtendedData><Data name="@id"><value>way/253456848</value></Data><Data name="addr:city"><value>Vetlanda</value></Data><Data name="addr:country"><value>SE</value></Data><Data name="addr:housenumber"><value>91</value></Data><Data name="addr:postcode"><value>57431</value></Data><Data name="addr:street"><value>Storgatan</value></Data><Data name="amenity"><value>social_facility</value></Data><Data name="building"><value>yes</value></Data><Data name="name"><value>Kvarngårdens äldreboende</value></Data><Data name="operator"><value>Vetlanda kommun</value></Data><Data name="phone"><value>+46 383 558103</value></Data><Data name="social_facility"><value>group_home</value></Data><Data name="social_facility:for"><value>senior</value></Data><Data name="website"><value>http://www.caremacare.se</value></Data><Data name="@geometry"><value>center</value></Data></ExtendedData><Point><coordinates>15.0691254,57.434088</coordinates></Point></Placemark><Placemark><name>Gruppbostaden Fjordhem</name><ExtendedData><Data name="@id"><value>way/254022328</value></Data><Data name="social_facility:for"><value>senior</value></Data><Data name="social_facility"><value>group_home</value></Data><Data name="addr:street"><value>Bengta Hanssons väg</value></Data><Data name="addr:city"><value>Askim</value></Data><Data name="addr:country"><value>SE</value></Data><Data name="addr:housenumber"><value>51</value></Data><Data name="amenity"><value>social_facility</value></Data><Data name="building"><value>yes</value></Data><Data name="name"><value>Gruppbostaden Fjordhem</value></Data><Data name="operator"><value>Föreningen Betaniahemet</value></Data><Data name="@geometry"><value>center</value></Data></ExtendedData><Point><coordinates>11.9269924,57.6288119</coordinates></Point></Placemark><Placemark><name>Skaraborgs Sjukhus Falköping</name><ExtendedData><Data name="@id"><value>way/254336750</value></Data><Data name="brand"><value>Västra Götalandsregionen</value></Data><Data name="wikidata"><value>Q10669255</value></Data><Data name="amenity"><value>hospital</value></Data><Data name="healthcare"><value>hospital</value></Data><Data name="name"><value>Skaraborgs Sjukhus Falköping</value></Data><Data name="operator"><value>Västra Götalandsregionen</value></Data><Data name="phone"><value>+46-515-87000</value></Data><Data name="@geometry"><value>center</value></Data></ExtendedData><Point><coordinates>13.5543377,58.1891012</coordinates></Point></Placemark><Placemark><name>Kårebacken</name><ExtendedData><Data name="@id"><value>way/255103925</value></Data><Data name="addr:city"><value>Falun</value></Data><Data name="addr:country"><value>SE</value></Data><Data name="addr:housenumber"><value>63</value></Data><Data name="addr:street"><value>Nedre Gruvrisvägen</value></Data><Data name="amenity"><value>nursing_home</value></Data><Data name="name"><value>Kårebacken</value></Data><Data name="operator"><value>Falu Kommun</value></Data><Data name="operator:type"><value>government</value></Data><Data name="social_facility"><value>nursing_home</value></Data><Data name="social_facility:for"><value>senior</value></Data><Data name="@geometry"><value>center</value></Data></ExtendedData><Point><coordinates>15.6385661,60.5836652</coordinates></Point></Placemark><Placemark><name>Skymningsvägens gruppbostad</name><ExtendedData><Data name="@id"><value>way/255447914</value></Data><Data name="amenity"><value>social_facility</value></Data><Data name="building"><value>yes</value></Data><Data name="name"><value>Skymningsvägens gruppbostad</value></Data><Data name="social_facility"><value>group_home</value></Data><Data name="social_facility:for"><value>disabled</value></Data><Data name="wheelchair"><value>yes</value></Data><Data name="@geometry"><value>center</value></Data></ExtendedData><Point><coordinates>18.2305962,59.3082187</coordinates></Point></Placemark><Placemark><name>Höglandssjukhuset Eksjö</name><ExtendedData><Data name="@id"><value>way/255675984</value></Data><Data name="addr:city"><value>Eksjö</value></Data><Data name="addr:country"><value>SE</value></Data><Data name="addr:housenumber"><value>9</value></Data><Data name="addr:postcode"><value>575 81</value></Data><Data name="addr:street"><value>Västanågatan</value></Data><Data name="amenity"><value>hospital</value></Data><Data name="emergency"><value>yes</value></Data><Data name="health_specialty:emergency_medicine"><value>yes</value></Data><Data name="health_specialty:family_medicine"><value>yes</value></Data><Data name="health_specialty:intensive_care_medicine"><value>yes</value></Data><Data name="health_specialty:paediatrics"><value>yes</value></Data><Data name="health_specialty:surgery"><value>yes</value></Data><Data name="health_specialty:vascular_surgery"><value>yes</value></Data><Data name="healthcare"><value>hospital</value></Data><Data name="name"><value>Höglandssjukhuset Eksjö</value></Data><Data name="opening_hours"><value>24/7</value></Data><Data name="operator"><value>Region Jönköpings län</value></Data><Data name="operator:type"><value>public</value></Data><Data name="operator:wikidata"><value>Q3231587</value></Data><Data name="operator:wikipedia"><value>sv:Region Jönköpings län</value></Data><Data name="wikidata"><value>Q10532315</value></Data><Data name="wikipedia"><value>sv:Höglandssjukhuset</value></Data><Data name="@geometry"><value>center</value></Data></ExtendedData><Point><coordinates>14.9656434,57.6662827</coordinates></Point></Placemark><Placemark><ExtendedData><Data name="@id"><value>way/255735554</value></Data><Data name="amenity"><value>nursing_home</value></Data><Data name="building"><value>yes</value></Data><Data name="@geometry"><value>center</value></Data></ExtendedData><Point><coordinates>13.8699392,55.4690059</coordinates></Point></Placemark><Placemark><description>Servicehus</description><ExtendedData><Data name="@id"><value>way/255752683</value></Data><Data name="amenity"><value>social_facility</value></Data><Data name="building"><value>yes</value></Data><Data name="description"><value>Servicehus</value></Data><Data name="social_facility:for"><value>senior</value></Data><Data name="start_date"><value>1995</value></Data><Data name="@geometry"><value>center</value></Data></ExtendedData><Point><coordinates>17.101138,58.9284412</coordinates></Point></Placemark><Placemark><name>Särskilt boende för äldre</name><ExtendedData><Data name="@id"><value>way/255830025</value></Data><Data name="source"><value>Bing</value></Data><Data name="addr:country"><value>SE</value></Data><Data name="addr:housename"><value>Tegelgården</value></Data><Data name="addr:housenumber"><value>102</value></Data><Data name="addr:postcode"><value>603 75</value></Data><Data name="addr:street"><value>Lindövägen</value></Data><Data name="alt_name"><value>Tegelgården</value></Data><Data name="amenity"><value>social_facility</value></Data><Data name="building"><value>yes</value></Data><Data name="name"><value>Särskilt boende för äldre</value></Data><Data name="operator"><value>Norrköpings kommun</value></Data><Data name="@geometry"><value>center</value></Data></ExtendedData><Point><coordinates>16.2551197,58.6020698</coordinates></Point></Placemark><Placemark><name>Särskilt boende för äldre</name><ExtendedData><Data name="@id"><value>way/257675953</value></Data><Data name="addr:city"><value>Norrköping</value></Data><Data name="addr:country"><value>SE</value></Data><Data name="addr:housenumber"><value>2</value></Data><Data name="addr:street"><value>Nils Åbergs gata</value></Data><Data name="amenity"><value>social_facility</value></Data><Data name="building"><value>yes</value></Data><Data name="name"><value>Särskilt boende för äldre</value></Data><Data name="@geometry"><value>center</value></Data></ExtendedData><Point><coordinates>16.1429254,58.5810014</coordinates></Point></Placemark><Placemark><name>Älvgården</name><description>LVM-hem Älvgården SiS LVM-hem Älvgården i Hedemora tar emot män med alkohol-, narkotika- eller blandmissbruk, i kombination med psykisk störning.</description><ExtendedData><Data name="@id"><value>way/259317302</value></Data><Data name="addr:city"><value>Hedemora</value></Data><Data name="addr:country"><value>SE</value></Data><Data name="addr:housenumber"><value>4</value></Data><Data name="addr:postcode"><value>776 90</value></Data><Data name="addr:street"><value>Älvgården</value></Data><Data name="amenity"><value>hospital</value></Data><Data name="description"><value>LVM-hem Älvgården SiS LVM-hem Älvgården i Hedemora tar emot män med alkohol-, narkotika- eller blandmissbruk, i kombination med psykisk störning.</value></Data><Data name="email"><value>alvgarden@stat-inst.se</value></Data><Data name="emergency"><value>no</value></Data><Data name="fax"><value>+46 10 453 70 10</value></Data><Data name="name"><value>Älvgården</value></Data><Data name="operator"><value>SiS,Statens institutionsstyrelse</value></Data><Data name="phone"><value>+46 10 453 70 00</value></Data><Data name="website"><value>https://www.stat-inst.se/alvgarden</value></Data><Data name="@geometry"><value>center</value></Data></ExtendedData><Point><coordinates>16.0461319,60.3468724</coordinates></Point></Placemark><Placemark><name>Svartnäsgården</name><ExtendedData><Data name="@id"><value>way/260656821</value></Data><Data name="amenity"><value>social_facility</value></Data><Data name="name"><value>Svartnäsgården</value></Data><Data name="@geometry"><value>center</value></Data></ExtendedData><Point><coordinates>16.1397457,60.9131946</coordinates></Point></Placemark><Placemark><name>Erikslunds hälsocentral</name><ExtendedData><Data name="@id"><value>way/263056142</value></Data><Data name="amenity"><value>clinic</value></Data><Data name="building"><value>yes</value></Data><Data name="healthcare"><value>clinic</value></Data><Data name="name"><value>Erikslunds hälsocentral</value></Data><Data name="phone"><value>+46 921-130 45</value></Data><Data name="website"><value>http://nll.se/sv/Halsa-och-sjukvard/Vardcentraler1/Boden/Boden-Erikslunds-halsocentral/</value></Data><Data name="@geometry"><value>center</value></Data></ExtendedData><Point><coordinates>21.7277209,65.8295243</coordinates></Point></Placemark><Placemark><name>Villa Riddarstens Stöd &amp; Jourboende AB</name><ExtendedData><Data name="@id"><value>way/263130236</value></Data><Data name="social_facility"><value>assisted_living</value></Data><Data name="addr:city"><value>lerum</value></Data><Data name="addr:country"><value>SE</value></Data><Data name="addr:housenumber"><value>15</value></Data><Data name="addr:postcode"><value>44333</value></Data><Data name="addr:street"><value>Riddarstensvägen</value></Data><Data name="amenity"><value>social_facility</value></Data><Data name="building"><value>yes</value></Data><Data name="name"><value>Villa Riddarstens Stöd &amp; Jourboende AB</value></Data><Data name="@geometry"><value>center</value></Data></ExtendedData><Point><coordinates>12.2606188,57.7787319</coordinates></Point></Placemark><Placemark><name>Äldreboendet Muraren</name><ExtendedData><Data name="@id"><value>way/263298969</value></Data><Data name="addr:city"><value>Rimbo</value></Data><Data name="addr:country"><value>SE</value></Data><Data name="addr:housenumber"><value>14</value></Data><Data name="addr:postcode"><value>76231</value></Data><Data name="addr:street"><value>Västra Stockholmsvägen</value></Data><Data name="amenity"><value>social_facility</value></Data><Data name="building"><value>yes</value></Data><Data name="building:levels"><value>3</value></Data><Data name="name"><value>Äldreboendet Muraren</value></Data><Data name="operator"><value>Kavat vård AB</value></Data><Data name="roof:shape"><value>gabled</value></Data><Data name="social_facility"><value>group_home</value></Data><Data name="social_facility:for"><value>senior</value></Data><Data name="@geometry"><value>center</value></Data></ExtendedData><Point><coordinates>18.3693656,59.7423397</coordinates></Point></Placemark><Placemark><name>Birgittagården</name><ExtendedData><Data name="@id"><value>way/263298979</value></Data><Data name="addr:city"><value>Rimbo</value></Data><Data name="addr:country"><value>SE</value></Data><Data name="addr:housenumber"><value>2</value></Data><Data name="addr:street"><value>De gamlas väg</value></Data><Data name="amenity"><value>social_facility</value></Data><Data name="building"><value>yes</value></Data><Data name="name"><value>Birgittagården</value></Data><Data name="operator"><value>Vårdbolaget Tiohundra</value></Data><Data name="social_facility"><value>nursing_home</value></Data><Data name="social_facility:for"><value>senior</value></Data><Data name="@geometry"><value>center</value></Data></ExtendedData><Point><coordinates>18.3683091,59.7405351</coordinates></Point></Placemark><Placemark><ExtendedData><Data name="@id"><value>way/263299632</value></Data><Data name="addr:country"><value>SE</value></Data><Data name="addr:housenumber"><value>11</value></Data><Data name="addr:street"><value>Västra Stockholmsvägen</value></Data><Data name="amenity"><value>clinic</value></Data><Data name="building"><value>hospital</value></Data><Data name="building:levels"><value>3</value></Data><Data name="healthcare"><value>clinic</value></Data><Data name="@geometry"><value>center</value></Data></ExtendedData><Point><coordinates>18.3707483,59.741282</coordinates></Point></Placemark><Placemark><name>Lysekils sjukhus</name><ExtendedData><Data name="@id"><value>way/263537491</value></Data><Data name="amenity"><value>hospital</value></Data><Data name="healthcare"><value>hospital</value></Data><Data name="name"><value>Lysekils sjukhus</value></Data><Data name="name:en"><value>Lysekil's Hospital</value></Data><Data name="@geometry"><value>center</value></Data></ExtendedData><Point><coordinates>11.44024,58.281138</coordinates></Point></Placemark><Placemark><name>Linné äldreboende</name><ExtendedData><Data name="@id"><value>way/264629602</value></Data><Data name="amenity"><value>nursing_home</value></Data><Data name="building"><value>yes</value></Data><Data name="name"><value>Linné äldreboende</value></Data><Data name="operator"><value>Uppsala Kommun</value></Data><Data name="@geometry"><value>center</value></Data></ExtendedData><Point><coordinates>17.6926691,59.8082674</coordinates></Point></Placemark><Placemark><name>Attendo Fortuna-Onnela</name><ExtendedData><Data name="@id"><value>way/264629605</value></Data><Data name="amenity"><value>nursing_home</value></Data><Data name="building"><value>yes</value></Data><Data name="building:levels"><value>2</value></Data><Data name="name"><value>Attendo Fortuna-Onnela</value></Data><Data name="operator"><value>Attendo</value></Data><Data name="@geometry"><value>center</value></Data></ExtendedData><Point><coordinates>17.6974177,59.8083387</coordinates></Point></Placemark><Placemark><name>Dalbygården</name><ExtendedData><Data name="@id"><value>way/265257165</value></Data><Data name="addr:city"><value>Sysslebäck</value></Data><Data name="addr:country"><value>SE</value></Data><Data name="addr:housenumber"><value>94</value></Data><Data name="addr:postcode"><value>680 60</value></Data><Data name="addr:street"><value>Klarälvsvägen</value></Data><Data name="amenity"><value>social_facility</value></Data><Data name="building"><value>yes</value></Data><Data name="name"><value>Dalbygården</value></Data><Data name="social_facility"><value>group_home</value></Data><Data name="social_facility:for"><value>senior</value></Data><Data name="source"><value>Ekonomiska kartan;survey</value></Data><Data name="@geometry"><value>center</value></Data></ExtendedData><Point><coordinates>12.8788057,60.7186282</coordinates></Point></Placemark><Placemark><name>Kronans Apotek</name><ExtendedData><Data name="@id"><value>way/265367909</value></Data><Data name="amenity"><value>pharmacy</value></Data><Data name="app:apple"><value>https://itunes.apple.com/se/app/kronans-apotek/id1129771604?l=en</value></Data><Data name="app:google"><value>https://play.google.com/store/apps/details?id=se.kronansapotek.kronan</value></Data><Data name="brand"><value>Kronans Apotek Likenäs</value></Data><Data name="building"><value>yes</value></Data><Data name="dispensing"><value>yes</value></Data><Data name="name"><value>Kronans Apotek</value></Data><Data name="operator"><value>Kronans Droghandel Apotek AB</value></Data><Data name="phone"><value>+46771612612</value></Data><Data name="website:stock"><value>https://www.fass.se/</value></Data><Data name="@geometry"><value>center</value></Data></ExtendedData><Point><coordinates>13.0459643,60.6120234</coordinates></Point></Placemark><Placemark><name>Likenäs vårdcentral</name><ExtendedData><Data name="@id"><value>way/265367913</value></Data><Data name="amenity"><value>clinic</value></Data><Data name="building"><value>yes</value></Data><Data name="name"><value>Likenäs vårdcentral</value></Data><Data name="opening_hours"><value>Mo-Fr 08:00-17:00</value></Data><Data name="phone"><value>+46-564-47950</value></Data><Data name="@geometry"><value>center</value></Data></ExtendedData><Point><coordinates>13.0437444,60.611985</coordinates></Point></Placemark><Placemark><name>Dalslands Sjukhus</name><ExtendedData><Data name="@id"><value>way/265389751</value></Data><Data name="amenity"><value>hospital</value></Data><Data name="emergency"><value>yes</value></Data><Data name="health_specialty:orthopaedics"><value>yes</value></Data><Data name="name"><value>Dalslands Sjukhus</value></Data><Data name="@geometry"><value>center</value></Data></ExtendedData><Point><coordinates>12.1612851,58.7987404</coordinates></Point></Placemark><Placemark><name>Gjutaregården</name><ExtendedData><Data name="@id"><value>way/265567547</value></Data><Data name="social_facility:for"><value>senior</value></Data><Data name="addr:city"><value>Eslöv</value></Data><Data name="addr:country"><value>SE</value></Data><Data name="addr:housenumber"><value>10</value></Data><Data name="addr:postcode"><value>241 33</value></Data><Data name="addr:street"><value>Bastugatan</value></Data><Data name="amenity"><value>social_facility</value></Data><Data name="building"><value>yes</value></Data><Data name="name"><value>Gjutaregården</value></Data><Data name="official_name"><value>Gjutaregårdens vård- och omsorgsboende</value></Data><Data name="old_name"><value>Gjutaregården Äldreboende</value></Data><Data name="operator"><value>Eslövs kommun</value></Data><Data name="social_facility"><value>assisted_living</value></Data><Data name="@geometry"><value>center</value></Data></ExtendedData><Point><coordinates>13.3049988,55.840165</coordinates></Point></Placemark><Placemark><name>Vilhelmina vårdcentral</name><ExtendedData><Data name="@id"><value>way/267311611</value></Data><Data name="name"><value>Vilhelmina vårdcentral</value></Data><Data name="amenity"><value>clinic</value></Data><Data name="building"><value>yes</value></Data><Data name="@geometry"><value>center</value></Data></ExtendedData><Point><coordinates>16.6627254,64.6251407</coordinates></Point></Placemark><Placemark><name>Rexegården äldreboende</name><ExtendedData><Data name="@id"><value>way/267333959</value></Data><Data name="name"><value>Rexegården äldreboende</value></Data><Data name="social_facility:for"><value>senior</value></Data><Data name="building"><value>yes</value></Data><Data name="social_facility"><value>group_home</value></Data><Data name="amenity"><value>social_facility</value></Data><Data name="@geometry"><value>center</value></Data></ExtendedData><Point><coordinates>11.9827481,57.874676</coordinates></Point></Placemark><Placemark><name>Specialisthuset Eslöv</name><ExtendedData><Data name="@id"><value>way/267430826</value></Data><Data name="addr:city"><value>Eslöv</value></Data><Data name="addr:country"><value>SE</value></Data><Data name="addr:housenumber"><value>66</value></Data><Data name="addr:postcode"><value>241 35</value></Data><Data name="addr:street"><value>Odengatan</value></Data><Data name="amenity"><value>clinic</value></Data><Data name="name"><value>Specialisthuset Eslöv</value></Data><Data name="operator"><value>Capio</value></Data><Data name="@geometry"><value>center</value></Data></ExtendedData><Point><coordinates>13.2806466,55.8405163</coordinates></Point></Placemark><Placemark><name>Håvestensgården</name><ExtendedData><Data name="@id"><value>way/270715423</value></Data><Data name="building"><value>yes</value></Data><Data name="amenity"><value>social_facility</value></Data><Data name="name"><value>Håvestensgården</value></Data><Data name="operator"><value>Färgelanda kommun</value></Data><Data name="social_facility"><value>group_home</value></Data><Data name="social_facility:for"><value>senior</value></Data><Data name="@geometry"><value>center</value></Data></ExtendedData><Point><coordinates>11.9903515,58.5606389</coordinates></Point></Placemark><Placemark><ExtendedData><Data name="@id"><value>way/270844930</value></Data><Data name="amenity"><value>nursing_home</value></Data><Data name="@geometry"><value>center</value></Data></ExtendedData><Point><coordinates>13.4327066,58.6278329</coordinates></Point></Placemark><Placemark><name>IOGT</name><ExtendedData><Data name="@id"><value>way/272559509</value></Data><Data name="amenity"><value>social_facility</value></Data><Data name="name"><value>IOGT</value></Data><Data name="social_facility:for"><value>drug_addicted</value></Data><Data name="addr:city"><value>Vadstena</value></Data><Data name="addr:country"><value>SE</value></Data><Data name="addr:housenumber"><value>8</value></Data><Data name="addr:postcode"><value>592 30</value></Data><Data name="addr:street"><value>Stockmakaregatan</value></Data><Data name="building"><value>yes</value></Data><Data name="social_facility"><value>healthcare</value></Data><Data name="@geometry"><value>center</value></Data></ExtendedData><Point><coordinates>14.8903372,58.4460421</coordinates></Point></Placemark><Placemark><name>Apoteket</name><ExtendedData><Data name="@id"><value>way/272561863</value></Data><Data name="website:stock"><value>https://www.fass.se/</value></Data><Data name="phone"><value>+46771450450</value></Data><Data name="name"><value>Apoteket</value></Data><Data name="addr:city"><value>Vadstena</value></Data><Data name="addr:country"><value>SE</value></Data><Data name="addr:housenumber"><value>7</value></Data><Data name="addr:postcode"><value>592 30</value></Data><Data name="addr:street"><value>Rådhustorget</value></Data><Data name="amenity"><value>pharmacy</value></Data><Data name="app:apk"><value>se.apoteket.recept</value></Data><Data name="app:apple"><value>https://itunes.apple.com/se/app/mitt-apotek/id1053398061</value></Data><Data name="branch"><value>Apoteket Örnen</value></Data><Data name="brand"><value>Apoteket</value></Data><Data name="building"><value>yes</value></Data><Data name="operator"><value>Apoteket AB (556138-6532)</value></Data><Data name="owner"><value>Svenska Staten</value></Data><Data name="ownership"><value>national</value></Data><Data name="@geometry"><value>center</value></Data></ExtendedData><Point><coordinates>14.8876411,58.4474196</coordinates></Point></Placemark><Placemark><name>Daghem Smultronstället</name><ExtendedData><Data name="@id"><value>way/272564502</value></Data><Data name="addr:city"><value>Vadstena</value></Data><Data name="addr:country"><value>SE</value></Data><Data name="addr:housenumber"><value>24</value></Data><Data name="addr:postcode"><value>592 30</value></Data><Data name="addr:street"><value>Kråkegatan</value></Data><Data name="amenity"><value>social_facility</value></Data><Data name="building"><value>yes</value></Data><Data name="name"><value>Daghem Smultronstället</value></Data><Data name="social_facility"><value>workshop</value></Data><Data name="social_facility:for"><value>disabled</value></Data><Data name="@geometry"><value>center</value></Data></ExtendedData><Point><coordinates>14.8919148,58.44738</coordinates></Point></Placemark><Placemark><ExtendedData><Data name="@id"><value>way/273443646</value></Data><Data name="amenity"><value>hospital</value></Data><Data name="building"><value>yes</value></Data><Data name="@geometry"><value>center</value></Data></ExtendedData><Point><coordinates>18.7554003,65.1754777</coordinates></Point></Placemark><Placemark><name>Linden</name><ExtendedData><Data name="@id"><value>way/273586372</value></Data><Data name="building"><value>yes</value></Data><Data name="amenity"><value>social_facility</value></Data><Data name="name"><value>Linden</value></Data><Data name="social_facility"><value>group_home</value></Data><Data name="social_facility:for"><value>senior</value></Data><Data name="@geometry"><value>center</value></Data></ExtendedData><Point><coordinates>12.9978203,60.1405556</coordinates></Point></Placemark><Placemark><name>Valbergsgården</name><ExtendedData><Data name="@id"><value>way/273586375</value></Data><Data name="amenity"><value>social_facility</value></Data><Data name="building"><value>yes</value></Data><Data name="name"><value>Valbergsgården</value></Data><Data name="social_facility"><value>group_home</value></Data><Data name="social_facility:for"><value>senior</value></Data><Data name="@geometry"><value>center</value></Data></ExtendedData><Point><coordinates>12.9993738,60.1403586</coordinates></Point></Placemark><Placemark><name>Sunne vårdcentral</name><ExtendedData><Data name="@id"><value>way/273773298</value></Data><Data name="amenity"><value>clinic</value></Data><Data name="building"><value>public</value></Data><Data name="name"><value>Sunne vårdcentral</value></Data><Data name="@geometry"><value>center</value></Data></ExtendedData><Point><coordinates>13.1410097,59.8444093</coordinates></Point></Placemark><Placemark><name>Dagcenter Freja</name><ExtendedData><Data name="@id"><value>way/273789666</value></Data><Data name="operator"><value>Falköpings Kommun</value></Data><Data name="amenity"><value>social_facility</value></Data><Data name="building"><value>civic</value></Data><Data name="name"><value>Dagcenter Freja</value></Data><Data name="social_facility"><value>group_home</value></Data><Data name="social_facility:for"><value>senior</value></Data><Data name="@geometry"><value>center</value></Data></ExtendedData><Point><coordinates>13.5475459,58.1643706</coordinates></Point></Placemark><Placemark><name>Äldreboende Sankt Olofsgatan 11</name><ExtendedData><Data name="@id"><value>way/273789739</value></Data><Data name="operator"><value>Falköpings Kommun</value></Data><Data name="amenity"><value>social_facility</value></Data><Data name="building"><value>civic</value></Data><Data name="name"><value>Äldreboende Sankt Olofsgatan 11</value></Data><Data name="social_facility"><value>group_home</value></Data><Data name="social_facility:for"><value>senior</value></Data><Data name="source"><value>MapBox</value></Data><Data name="@geometry"><value>center</value></Data></ExtendedData><Point><coordinates>13.5512352,58.163691</coordinates></Point></Placemark><Placemark><name>Merlogården</name><ExtendedData><Data name="@id"><value>way/275149412</value></Data><Data name="amenity"><value>social_facility</value></Data><Data name="name"><value>Merlogården</value></Data><Data name="@geometry"><value>center</value></Data></ExtendedData><Point><coordinates>17.3047105,62.4781435</coordinates></Point></Placemark><Placemark><name>Ranlidens äldreboende</name><ExtendedData><Data name="@id"><value>way/275262220</value></Data><Data name="amenity"><value>social_facility</value></Data><Data name="capacity"><value>65</value></Data><Data name="name"><value>Ranlidens äldreboende</value></Data><Data name="social_facility"><value>group_home</value></Data><Data name="social_facility:for"><value>senior</value></Data><Data name="building"><value>civic</value></Data><Data name="operator"><value>Falköpings kommun</value></Data><Data name="@geometry"><value>center</value></Data></ExtendedData><Point><coordinates>13.5436805,58.1719865</coordinates></Point></Placemark><Placemark><name>Filipstad vårdcentral</name><ExtendedData><Data name="@id"><value>way/276209259</value></Data><Data name="amenity"><value>hospital</value></Data><Data name="building"><value>yes</value></Data><Data name="name"><value>Filipstad vårdcentral</value></Data><Data name="@geometry"><value>center</value></Data></ExtendedData><Point><coordinates>14.1784567,59.7121379</coordinates></Point></Placemark><Placemark><name>Äldreboende Bergsliden</name><ExtendedData><Data name="@id"><value>way/276369891</value></Data><Data name="social_facility:for"><value>senior</value></Data><Data name="social_facility"><value>group_home</value></Data><Data name="operator"><value>Falköpings kommun</value></Data><Data name="name"><value>Äldreboende Bergsliden</value></Data><Data name="addr:country"><value>SE</value></Data><Data name="addr:housenumber"><value>1</value></Data><Data name="amenity"><value>social_facility</value></Data><Data name="building"><value>civic</value></Data><Data name="@geometry"><value>center</value></Data></ExtendedData><Point><coordinates>13.5533163,58.1840428</coordinates></Point></Placemark><Placemark><name>LSS boende</name><ExtendedData><Data name="@id"><value>way/276411129</value></Data><Data name="amenity"><value>social_facility</value></Data><Data name="building"><value>civic</value></Data><Data name="capacity"><value>5</value></Data><Data name="name"><value>LSS boende</value></Data><Data name="operator"><value>Falköpings kommun</value></Data><Data name="social_facility"><value>group_home</value></Data><Data name="social_facility:for"><value>disabled</value></Data><Data name="@geometry"><value>center</value></Data></ExtendedData><Point><coordinates>13.5544135,58.1839925</coordinates></Point></Placemark><Placemark><name>Bollegårdens äldreboende</name><ExtendedData><Data name="@id"><value>way/278634657</value></Data><Data name="social_facility:for"><value>senior</value></Data><Data name="addr:city"><value>Bollebygd</value></Data><Data name="addr:country"><value>SE</value></Data><Data name="addr:housenumber"><value>8</value></Data><Data name="addr:street"><value>Skattegårdsvägen</value></Data><Data name="amenity"><value>social_facility</value></Data><Data name="building"><value>yes</value></Data><Data name="building:name"><value>Bollegården</value></Data><Data name="name"><value>Bollegårdens äldreboende</value></Data><Data name="operator"><value>Bollebygds kommun</value></Data><Data name="social_facility"><value>group_home</value></Data><Data name="@geometry"><value>center</value></Data></ExtendedData><Point><coordinates>12.5714714,57.6703842</coordinates></Point></Placemark><Placemark><name>Ängslyckan</name><ExtendedData><Data name="@id"><value>way/280013905</value></Data><Data name="addr:city"><value>Teckomatorp</value></Data><Data name="addr:country"><value>SE</value></Data><Data name="addr:housenumber"><value>35</value></Data><Data name="addr:street"><value>Västergatan</value></Data><Data name="amenity"><value>social_facility</value></Data><Data name="building"><value>yes</value></Data><Data name="name"><value>Ängslyckan</value></Data><Data name="social_facility"><value>assisted_living</value></Data><Data name="social_facility:for"><value>senior</value></Data><Data name="@geometry"><value>center</value></Data></ExtendedData><Point><coordinates>13.0907514,55.8655554</coordinates></Point></Placemark><Placemark><name>Hagalid</name><ExtendedData><Data name="@id"><value>way/280419047</value></Data><Data name="amenity"><value>social_facility</value></Data><Data name="name"><value>Hagalid</value></Data><Data name="@geometry"><value>center</value></Data></ExtendedData><Point><coordinates>17.3142906,62.4840147</coordinates></Point></Placemark><Placemark><name>Timrågården</name><ExtendedData><Data name="@id"><value>way/280419049</value></Data><Data name="amenity"><value>social_facility</value></Data><Data name="name"><value>Timrågården</value></Data><Data name="@geometry"><value>center</value></Data></ExtendedData><Point><coordinates>17.3149566,62.484498</coordinates></Point></Placemark><Placemark><ExtendedData><Data name="@id"><value>way/280783665</value></Data><Data name="amenity"><value>social_facility</value></Data><Data name="building"><value>yes</value></Data><Data name="social_facility"><value>assisted_living</value></Data><Data name="social_facility:for"><value>senior</value></Data><Data name="@geometry"><value>center</value></Data></ExtendedData><Point><coordinates>15.6933909,59.8285665</coordinates></Point></Placemark><Placemark><name>Klockarbergsgården</name><ExtendedData><Data name="@id"><value>way/280783666</value></Data><Data name="amenity"><value>social_facility</value></Data><Data name="building"><value>yes</value></Data><Data name="name"><value>Klockarbergsgården</value></Data><Data name="social_facility"><value>nursing_home</value></Data><Data name="social_facility:for"><value>senior</value></Data><Data name="@geometry"><value>center</value></Data></ExtendedData><Point><coordinates>15.6916207,59.8286368</coordinates></Point></Placemark><Placemark><name>Lärlingens älderboende</name><ExtendedData><Data name="@id"><value>way/282640450</value></Data><Data name="amenity"><value>social_facility</value></Data><Data name="building"><value>yes</value></Data><Data name="name"><value>Lärlingens älderboende</value></Data><Data name="social_facility"><value>group_home</value></Data><Data name="social_facility:for"><value>senior</value></Data><Data name="@geometry"><value>center</value></Data></ExtendedData><Point><coordinates>14.2677135,57.7849576</coordinates></Point></Placemark><Placemark><name>Västängsgården</name><ExtendedData><Data name="@id"><value>way/282891522</value></Data><Data name="addr:country"><value>SE</value></Data><Data name="addr:housenumber"><value>2</value></Data><Data name="addr:street"><value>Baldersbrågatan</value></Data><Data name="amenity"><value>social_facility</value></Data><Data name="building"><value>yes</value></Data><Data name="name"><value>Västängsgården</value></Data><Data name="social_facility"><value>nursing_home</value></Data><Data name="@geometry"><value>center</value></Data></ExtendedData><Point><coordinates>12.5644503,59.6644881</coordinates></Point></Placemark><Placemark><ExtendedData><Data name="@id"><value>way/283625277</value></Data><Data name="social_facility:for"><value>senior</value></Data><Data name="social_facility"><value>group_home</value></Data><Data name="amenity"><value>social_facility</value></Data><Data name="building"><value>civic</value></Data><Data name="@geometry"><value>center</value></Data></ExtendedData><Point><coordinates>13.5183221,58.073046</coordinates></Point></Placemark><Placemark><name>Fridhem</name><ExtendedData><Data name="@id"><value>way/283919435</value></Data><Data name="amenity"><value>social_facility</value></Data><Data name="building"><value>yes</value></Data><Data name="name"><value>Fridhem</value></Data><Data name="official_name"><value>Fridhem särskilt boende</value></Data><Data name="old_name"><value>Fridhem Äldreboende</value></Data><Data name="operator"><value>Ale kommun</value></Data><Data name="social_facility"><value>group_home</value></Data><Data name="social_facility:for"><value>senior</value></Data><Data name="@geometry"><value>center</value></Data></ExtendedData><Point><coordinates>12.0163164,57.8258596</coordinates></Point></Placemark><Placemark><name>Pålsboda Vårdcentral</name><ExtendedData><Data name="@id"><value>way/284901386</value></Data><Data name="amenity"><value>clinic</value></Data><Data name="building"><value>yes</value></Data><Data name="name"><value>Pålsboda Vårdcentral</value></Data><Data name="@geometry"><value>center</value></Data></ExtendedData><Point><coordinates>15.3329727,59.0693557</coordinates></Point></Placemark><Placemark><name>Hessegården</name><ExtendedData><Data name="@id"><value>way/285248574</value></Data><Data name="amenity"><value>nursing_home</value></Data><Data name="building"><value>yes</value></Data><Data name="name"><value>Hessegården</value></Data><Data name="source"><value>Bing</value></Data><Data name="@geometry"><value>center</value></Data></ExtendedData><Point><coordinates>15.4808866,60.4439833</coordinates></Point></Placemark><Placemark><name>Vårdcentralen Husum-Trehörningsjö</name><ExtendedData><Data name="@id"><value>way/286046059</value></Data><Data name="addr:city"><value>Husum</value></Data><Data name="addr:country"><value>SE</value></Data><Data name="addr:housenumber"><value>187</value></Data><Data name="addr:postcode"><value>89631</value></Data><Data name="addr:street"><value>Bruksvägen</value></Data><Data name="amenity"><value>clinic</value></Data><Data name="building"><value>yes</value></Data><Data name="emergency"><value>no</value></Data><Data name="healthcare"><value>clinic</value></Data><Data name="name"><value>Vårdcentralen Husum-Trehörningsjö</value></Data><Data name="operator"><value>Landstinget Västernorrland</value></Data><Data name="@geometry"><value>center</value></Data></ExtendedData><Point><coordinates>19.1651897,63.3396432</coordinates></Point></Placemark><Placemark><name>Ekensberg vårdcentral</name><ExtendedData><Data name="@id"><value>way/287132111</value></Data><Data name="name"><value>Ekensberg vårdcentral</value></Data><Data name="building"><value>yes</value></Data><Data name="amenity"><value>clinic</value></Data><Data name="@geometry"><value>center</value></Data></ExtendedData><Point><coordinates>17.0342193,58.7608973</coordinates></Point></Placemark><Placemark><name>Hjärtat Vårdcentralen</name><ExtendedData><Data name="@id"><value>way/288347361</value></Data><Data name="building:levels"><value>1</value></Data><Data name="name"><value>Hjärtat Vårdcentralen</value></Data><Data name="healthcare"><value>clinic</value></Data><Data name="building"><value>hospital</value></Data><Data name="amenity"><value>clinic</value></Data><Data name="@geometry"><value>center</value></Data></ExtendedData><Point><coordinates>15.1287103,59.7144431</coordinates></Point></Placemark><Placemark><name>Vårdcentral</name><ExtendedData><Data name="@id"><value>way/289123569</value></Data><Data name="building"><value>hospital</value></Data><Data name="name"><value>Vårdcentral</value></Data><Data name="amenity"><value>clinic</value></Data><Data name="@geometry"><value>center</value></Data></ExtendedData><Point><coordinates>16.4681572,63.5354298</coordinates></Point></Placemark><Placemark><name>Hönö Vårdcentral</name><ExtendedData><Data name="@id"><value>way/289885060</value></Data><Data name="brand"><value>Västra Götalandsregionen</value></Data><Data name="ownership"><value>private</value></Data><Data name="addr:city"><value>Hönö</value></Data><Data name="addr:country"><value>SE</value></Data><Data name="addr:housenumber"><value>3A</value></Data><Data name="addr:postcode"><value>475 40</value></Data><Data name="addr:street"><value>Minkebergsvägen</value></Data><Data name="amenity"><value>clinic</value></Data><Data name="building"><value>commercial</value></Data><Data name="contact:phone"><value>+46 31 712 76 60</value></Data><Data name="contact:website"><value>http://www.honovardcentral.se/</value></Data><Data name="healthcare"><value>clinic</value></Data><Data name="name"><value>Hönö Vårdcentral</value></Data><Data name="operator"><value>Hönö vårdcentral</value></Data><Data name="@geometry"><value>center</value></Data></ExtendedData><Point><coordinates>11.6514175,57.6970417</coordinates></Point></Placemark><Placemark><ExtendedData><Data name="@id"><value>way/292121954</value></Data><Data name="amenity"><value>hospital</value></Data><Data name="building"><value>yes</value></Data><Data name="source"><value>MapBox</value></Data><Data name="@geometry"><value>center</value></Data></ExtendedData><Point><coordinates>16.4177062,64.2592418</coordinates></Point></Placemark><Placemark><name>Kullagårdens äldreboende</name><ExtendedData><Data name="@id"><value>way/292474072</value></Data><Data name="amenity"><value>social_facility</value></Data><Data name="name"><value>Kullagårdens äldreboende</value></Data><Data name="social_facility"><value>group_home</value></Data><Data name="social_facility:for"><value>senior</value></Data><Data name="@geometry"><value>center</value></Data></ExtendedData><Point><coordinates>16.6396996,58.9063938</coordinates></Point></Placemark><Placemark><name>Björkgården</name><ExtendedData><Data name="@id"><value>way/292585552</value></Data><Data name="amenity"><value>social_facility</value></Data><Data name="building"><value>yes</value></Data><Data name="name"><value>Björkgården</value></Data><Data name="social_facility"><value>assisted_living</value></Data><Data name="social_facility:for"><value>senior</value></Data><Data name="@geometry"><value>center</value></Data></ExtendedData><Point><coordinates>18.2614344,59.9080089</coordinates></Point></Placemark><Placemark><name>Degeberga Vårdcentral</name><ExtendedData><Data name="@id"><value>way/293104840</value></Data><Data name="building"><value>yes</value></Data><Data name="name"><value>Degeberga Vårdcentral</value></Data><Data name="amenity"><value>doctors</value></Data><Data name="@geometry"><value>center</value></Data></ExtendedData><Point><coordinates>14.0921459,55.8376887</coordinates></Point></Placemark><Placemark><name>Turistläkare</name><ExtendedData><Data name="@id"><value>way/295433388</value></Data><Data name="amenity"><value>doctors</value></Data><Data name="name"><value>Turistläkare</value></Data><Data name="building"><value>yes</value></Data><Data name="@geometry"><value>center</value></Data></ExtendedData><Point><coordinates>13.2939955,62.1146126</coordinates></Point></Placemark><Placemark><name>Kallkällans äldreboende</name><ExtendedData><Data name="@id"><value>way/296075555</value></Data><Data name="social_facility:for"><value>senior</value></Data><Data name="addr:city"><value>Luleå</value></Data><Data name="addr:country"><value>SE</value></Data><Data name="addr:housenumber"><value>235</value></Data><Data name="addr:postcode"><value>97333</value></Data><Data name="addr:street"><value>Lingonstigen</value></Data><Data name="amenity"><value>social_facility</value></Data><Data name="building"><value>yes</value></Data><Data name="name"><value>Kallkällans äldreboende</value></Data><Data name="operator"><value>Luleå kommun</value></Data><Data name="@geometry"><value>center</value></Data></ExtendedData><Point><coordinates>22.1590758,65.6004242</coordinates></Point></Placemark><Placemark><name>Gruvrisgården</name><ExtendedData><Data name="@id"><value>way/296753619</value></Data><Data name="amenity"><value>nursing_home</value></Data><Data name="landuse"><value>residential</value></Data><Data name="name"><value>Gruvrisgården</value></Data><Data name="@geometry"><value>center</value></Data></ExtendedData><Point><coordinates>15.6300997,60.585338</coordinates></Point></Placemark><Placemark><name>Götetorps Gruppbostad</name><ExtendedData><Data name="@id"><value>way/297212124</value></Data><Data name="addr:city"><value>Skoghall</value></Data><Data name="addr:country"><value>SE</value></Data><Data name="addr:housenumber"><value>19</value></Data><Data name="addr:postcode"><value>66334</value></Data><Data name="addr:street"><value>Götetorpsvägen</value></Data><Data name="amenity"><value>social_facility</value></Data><Data name="building"><value>apartments</value></Data><Data name="building:levels"><value>1</value></Data><Data name="name"><value>Götetorps Gruppbostad</value></Data><Data name="roof:levels"><value>0</value></Data><Data name="roof:shape"><value>gabled</value></Data><Data name="social_facility"><value>group_home</value></Data><Data name="social_facility:for"><value>senior</value></Data><Data name="@geometry"><value>center</value></Data></ExtendedData><Point><coordinates>13.4826216,59.3301761</coordinates></Point></Placemark><Placemark><ExtendedData><Data name="@id"><value>way/297362549</value></Data><Data name="amenity"><value>social_facility</value></Data><Data name="building"><value>residential</value></Data><Data name="building:colour"><value>white</value></Data><Data name="building:levels"><value>3</value></Data><Data name="building:material"><value>plaster</value></Data><Data name="roof:colour"><value>black</value></Data><Data name="roof:shape"><value>gabled</value></Data><Data name="@geometry"><value>center</value></Data></ExtendedData><Point><coordinates>18.1476064,59.2672947</coordinates></Point></Placemark><Placemark><ExtendedData><Data name="@id"><value>way/297362550</value></Data><Data name="amenity"><value>social_facility</value></Data><Data name="building"><value>residential</value></Data><Data name="building:colour"><value>white</value></Data><Data name="building:levels"><value>3</value></Data><Data name="building:material"><value>plaster</value></Data><Data name="roof:colour"><value>black</value></Data><Data name="roof:shape"><value>gabled</value></Data><Data name="@geometry"><value>center</value></Data></ExtendedData><Point><coordinates>18.1470019,59.2663551</coordinates></Point></Placemark><Placemark><ExtendedData><Data name="@id"><value>way/297362552</value></Data><Data name="amenity"><value>social_facility</value></Data><Data name="building"><value>residential</value></Data><Data name="building:colour"><value>white</value></Data><Data name="building:levels"><value>3</value></Data><Data name="building:material"><value>plaster</value></Data><Data name="roof:colour"><value>black</value></Data><Data name="roof:shape"><value>gabled</value></Data><Data name="@geometry"><value>center</value></Data></ExtendedData><Point><coordinates>18.1473042,59.2668489</coordinates></Point></Placemark><Placemark><ExtendedData><Data name="@id"><value>way/297362553</value></Data><Data name="amenity"><value>social_facility</value></Data><Data name="building"><value>residential</value></Data><Data name="building:colour"><value>white</value></Data><Data name="building:levels"><value>3</value></Data><Data name="building:material"><value>plaster</value></Data><Data name="roof:colour"><value>black</value></Data><Data name="roof:shape"><value>gabled</value></Data><Data name="@geometry"><value>center</value></Data></ExtendedData><Point><coordinates>18.1464194,59.2661136</coordinates></Point></Placemark><Placemark><ExtendedData><Data name="@id"><value>way/297997307</value></Data><Data name="amenity"><value>social_facility</value></Data><Data name="building"><value>yes</value></Data><Data name="social_facility"><value>group_home</value></Data><Data name="social_facility:for"><value>senior</value></Data><Data name="@geometry"><value>center</value></Data></ExtendedData><Point><coordinates>12.5632584,59.5532052</coordinates></Point></Placemark><Placemark><name>Arjeplogs hälsocentral</name><ExtendedData><Data name="@id"><value>way/298334517</value></Data><Data name="name:en"><value>Arjeplog Health Centre</value></Data><Data name="amenity"><value>clinic</value></Data><Data name="building"><value>yes</value></Data><Data name="name"><value>Arjeplogs hälsocentral</value></Data><Data name="name:de"><value>Arjeplog Gesundheitszentrum</value></Data><Data name="@geometry"><value>center</value></Data></ExtendedData><Point><coordinates>17.8917078,66.0499351</coordinates></Point></Placemark><Placemark><ExtendedData><Data name="@id"><value>way/298337393</value></Data><Data name="amenity"><value>nursing_home</value></Data><Data name="building"><value>yes</value></Data><Data name="@geometry"><value>center</value></Data></ExtendedData><Point><coordinates>17.8956129,66.0465605</coordinates></Point></Placemark><Placemark><name>Kvarnbackens trygghetsboende</name><ExtendedData><Data name="@id"><value>way/298984493</value></Data><Data name="amenity"><value>social_facility</value></Data><Data name="building"><value>yes</value></Data><Data name="name"><value>Kvarnbackens trygghetsboende</value></Data><Data name="social_facility"><value>group_home</value></Data><Data name="social_facility:for"><value>senior</value></Data><Data name="@geometry"><value>center</value></Data></ExtendedData><Point><coordinates>11.5819637,57.9398124</coordinates></Point></Placemark><Placemark><ExtendedData><Data name="@id"><value>way/300898162</value></Data><Data name="amenity"><value>social_facility</value></Data><Data name="building"><value>yes</value></Data><Data name="social_facility"><value>group_home</value></Data><Data name="social_facility:for"><value>senior</value></Data><Data name="@geometry"><value>center</value></Data></ExtendedData><Point><coordinates>12.3379658,58.3761223</coordinates></Point></Placemark><Placemark><name>Björkens Demenscentra</name><ExtendedData><Data name="@id"><value>way/301433314</value></Data><Data name="addr:city"><value>Höör</value></Data><Data name="addr:country"><value>SE</value></Data><Data name="addr:housenumber"><value>3</value></Data><Data name="addr:postcode"><value>243 30</value></Data><Data name="addr:street"><value>Östergatan</value></Data><Data name="amenity"><value>social_facility</value></Data><Data name="building"><value>yes</value></Data><Data name="name"><value>Björkens Demenscentra</value></Data><Data name="phone"><value>+46 - 413 - 285 86</value></Data><Data name="social_facility"><value>nursing_home</value></Data><Data name="social_facility:for"><value>senior</value></Data><Data name="toilets:wheelchair"><value>yes</value></Data><Data name="wheelchair"><value>yes</value></Data><Data name="@geometry"><value>center</value></Data></ExtendedData><Point><coordinates>13.5464332,55.938293</coordinates></Point></Placemark><Placemark><name>Psykiatrisk Öppenvårdsmottagning</name><ExtendedData><Data name="@id"><value>way/301651396</value></Data><Data name="website"><value>https://www.vgregion.se/</value></Data><Data name="name"><value>Psykiatrisk Öppenvårdsmottagning</value></Data><Data name="addr:city"><value>Lerum</value></Data><Data name="addr:country"><value>SE</value></Data><Data name="addr:housenumber"><value>1</value></Data><Data name="addr:postcode"><value>44338</value></Data><Data name="addr:street"><value>Hedlunds backe</value></Data><Data name="amenity"><value>clinic</value></Data><Data name="building"><value>yes</value></Data><Data name="healthcare"><value>clinic</value></Data><Data name="@geometry"><value>center</value></Data></ExtendedData><Point><coordinates>12.2731398,57.768416</coordinates></Point></Placemark><Placemark><name>Stenbergska</name><ExtendedData><Data name="@id"><value>way/301961279</value></Data><Data name="name"><value>Stenbergska</value></Data><Data name="amenity"><value>doctors</value></Data><Data name="building"><value>yes</value></Data><Data name="@geometry"><value>center</value></Data></ExtendedData><Point><coordinates>18.6728948,64.6000581</coordinates></Point></Placemark><Placemark><name>Ljungs äldreboende</name><ExtendedData><Data name="@id"><value>way/302155659</value></Data><Data name="amenity"><value>social_facility</value></Data><Data name="name"><value>Ljungs äldreboende</value></Data><Data name="social_facility"><value>group_home</value></Data><Data name="social_facility:for"><value>senior</value></Data><Data name="@geometry"><value>center</value></Data></ExtendedData><Point><coordinates>18.4656277,59.3171522</coordinates></Point></Placemark><Placemark><name>Lycksele lasarett</name><ExtendedData><Data name="@id"><value>way/302950635</value></Data><Data name="website"><value>https://www.vll.se/default.aspx?id=25717&amp;refid=1426</value></Data><Data name="amenity"><value>hospital</value></Data><Data name="emergency"><value>yes</value></Data><Data name="health_specialty:emergency_medicine"><value>yes</value></Data><Data name="health_specialty:family_medicine"><value>yes</value></Data><Data name="health_specialty:intensive_care_medicine"><value>yes</value></Data><Data name="health_specialty:orthopaedics"><value>yes</value></Data><Data name="health_specialty:paediatrics"><value>yes</value></Data><Data name="health_specialty:surgery"><value>yes</value></Data><Data name="name"><value>Lycksele lasarett</value></Data><Data name="opening_hours"><value>Mo-Su 06:00-22:00</value></Data><Data name="opening_hours:emergency"><value>24/7</value></Data><Data name="opening_hours:surgery"><value>Mo-Th 07:30-16:00; Fr 07:30-15:00</value></Data><Data name="@geometry"><value>center</value></Data></ExtendedData><Point><coordinates>18.6791231,64.5850277</coordinates></Point></Placemark><Placemark><name>Bokebo sjukhem</name><ExtendedData><Data name="@id"><value>way/303173015</value></Data><Data name="amenity"><value>nursing_home</value></Data><Data name="building"><value>yes</value></Data><Data name="name"><value>Bokebo sjukhem</value></Data><Data name="@geometry"><value>center</value></Data></ExtendedData><Point><coordinates>13.6034906,55.9083716</coordinates></Point></Placemark><Placemark><name>Bråviksgården</name><ExtendedData><Data name="@id"><value>way/303447556</value></Data><Data name="amenity"><value>social_facility</value></Data><Data name="building"><value>yes</value></Data><Data name="building:levels"><value>2</value></Data><Data name="building:material"><value>brick</value></Data><Data name="name"><value>Bråviksgården</value></Data><Data name="roof:shape"><value>gabled</value></Data><Data name="social_facility"><value>assisted_living</value></Data><Data name="@geometry"><value>center</value></Data></ExtendedData><Point><coordinates>16.3917498,58.6615699</coordinates></Point></Placemark><Placemark><name>Norrehed</name><ExtendedData><Data name="@id"><value>way/303577057</value></Data><Data name="amenity"><value>nursing_home</value></Data><Data name="name"><value>Norrehed</value></Data><Data name="@geometry"><value>center</value></Data></ExtendedData><Point><coordinates>13.0140686,55.7596938</coordinates></Point></Placemark><Placemark><name>Tallnäs äldreboende</name><ExtendedData><Data name="@id"><value>way/304050196</value></Data><Data name="amenity"><value>social_facility</value></Data><Data name="name"><value>Tallnäs äldreboende</value></Data><Data name="ref"><value>Tallnäs 1:123</value></Data><Data name="social_facility"><value>assisted_living</value></Data><Data name="social_facility:for"><value>senior</value></Data><Data name="@geometry"><value>center</value></Data></ExtendedData><Point><coordinates>17.353712,62.5011723</coordinates></Point></Placemark><Placemark><name>Edsbacka</name><ExtendedData><Data name="@id"><value>way/305570061</value></Data><Data name="amenity"><value>social_facility</value></Data><Data name="building"><value>yes</value></Data><Data name="name"><value>Edsbacka</value></Data><Data name="social_facility"><value>nursing_home</value></Data><Data name="social_facility:for"><value>senior</value></Data><Data name="@geometry"><value>center</value></Data></ExtendedData><Point><coordinates>17.006842,61.5475107</coordinates></Point></Placemark><Placemark><name>Gruppboende Björnlyckan</name><ExtendedData><Data name="@id"><value>way/306556705</value></Data><Data name="amenity"><value>social_facility</value></Data><Data name="building"><value>yes</value></Data><Data name="name"><value>Gruppboende Björnlyckan</value></Data><Data name="social_facility"><value>group_home</value></Data><Data name="social_facility:for"><value>senior</value></Data><Data name="@geometry"><value>center</value></Data></ExtendedData><Point><coordinates>14.5945425,56.06137</coordinates></Point></Placemark><Placemark><name>Borlänge Sjukhus</name><ExtendedData><Data name="@id"><value>way/307034586</value></Data><Data name="amenity"><value>hospital</value></Data><Data name="healthcare"><value>hospital</value></Data><Data name="name"><value>Borlänge Sjukhus</value></Data><Data name="source"><value>Bing</value></Data><Data name="@geometry"><value>center</value></Data></ExtendedData><Point><coordinates>15.4662286,60.5037733</coordinates></Point></Placemark><Placemark><name>Karlslund servicehus</name><ExtendedData><Data name="@id"><value>way/307303313</value></Data><Data name="amenity"><value>social_facility</value></Data><Data name="building"><value>yes</value></Data><Data name="name"><value>Karlslund servicehus</value></Data><Data name="social_facility"><value>group_home</value></Data><Data name="social_facility:for"><value>senior</value></Data><Data name="@geometry"><value>center</value></Data></ExtendedData><Point><coordinates>16.3994184,61.3578443</coordinates></Point></Placemark><Placemark><name>Karlslund servicehus</name><ExtendedData><Data name="@id"><value>way/307303314</value></Data><Data name="amenity"><value>social_facility</value></Data><Data name="building"><value>yes</value></Data><Data name="name"><value>Karlslund servicehus</value></Data><Data name="social_facility"><value>group_home</value></Data><Data name="social_facility:for"><value>senior</value></Data><Data name="@geometry"><value>center</value></Data></ExtendedData><Point><coordinates>16.3990226,61.3573819</coordinates></Point></Placemark><Placemark><name>Karlslund servicehus</name><ExtendedData><Data name="@id"><value>way/307303315</value></Data><Data name="amenity"><value>social_facility</value></Data><Data name="building"><value>yes</value></Data><Data name="name"><value>Karlslund servicehus</value></Data><Data name="social_facility"><value>group_home</value></Data><Data name="social_facility:for"><value>senior</value></Data><Data name="@geometry"><value>center</value></Data></ExtendedData><Point><coordinates>16.3992771,61.356872</coordinates></Point></Placemark><Placemark><name>Karlslund servicehus</name><ExtendedData><Data name="@id"><value>way/307303316</value></Data><Data name="amenity"><value>social_facility</value></Data><Data name="building"><value>yes</value></Data><Data name="name"><value>Karlslund servicehus</value></Data><Data name="social_facility"><value>group_home</value></Data><Data name="social_facility:for"><value>senior</value></Data><Data name="@geometry"><value>center</value></Data></ExtendedData><Point><coordinates>16.4000709,61.3566961</coordinates></Point></Placemark><Placemark><name>Karlslund servicehus</name><ExtendedData><Data name="@id"><value>way/307303317</value></Data><Data name="amenity"><value>social_facility</value></Data><Data name="building"><value>yes</value></Data><Data name="name"><value>Karlslund servicehus</value></Data><Data name="social_facility"><value>group_home</value></Data><Data name="social_facility:for"><value>senior</value></Data><Data name="@geometry"><value>center</value></Data></ExtendedData><Point><coordinates>16.3999535,61.3571283</coordinates></Point></Placemark><Placemark><name>Vårgården</name><ExtendedData><Data name="@id"><value>way/307335216</value></Data><Data name="building"><value>yes</value></Data><Data name="amenity"><value>social_facility</value></Data><Data name="name"><value>Vårgården</value></Data><Data name="operator"><value>Vårgårda kommun</value></Data><Data name="social_facility"><value>nursing_home</value></Data><Data name="@geometry"><value>center</value></Data></ExtendedData><Point><coordinates>12.7982406,58.0277445</coordinates></Point></Placemark><Placemark><name>Kullingshemmet</name><ExtendedData><Data name="@id"><value>way/307341953</value></Data><Data name="amenity"><value>social_facility</value></Data><Data name="building"><value>yes</value></Data><Data name="name"><value>Kullingshemmet</value></Data><Data name="operator"><value>Vårgårda kommun</value></Data><Data name="social_facility"><value>nursing_home</value></Data><Data name="@geometry"><value>center</value></Data></ExtendedData><Point><coordinates>12.7992497,58.029162</coordinates></Point></Placemark><Placemark><name>Högalidshemmet</name><ExtendedData><Data name="@id"><value>way/307562843</value></Data><Data name="amenity"><value>social_facility</value></Data><Data name="building"><value>yes</value></Data><Data name="name"><value>Högalidshemmet</value></Data><Data name="social_facility:for"><value>elderly</value></Data><Data name="@geometry"><value>center</value></Data></ExtendedData><Point><coordinates>13.776686,56.1568863</coordinates></Point></Placemark><Placemark><ExtendedData><Data name="@id"><value>way/308211177</value></Data><Data name="amenity"><value>hospital</value></Data><Data name="building"><value>yes</value></Data><Data name="healthcare"><value>hospital</value></Data><Data name="@geometry"><value>center</value></Data></ExtendedData><Point><coordinates>17.0000767,58.7599876</coordinates></Point></Placemark><Placemark><name>Sarvträsk äldreboende</name><ExtendedData><Data name="@id"><value>way/309129053</value></Data><Data name="amenity"><value>social_facility</value></Data><Data name="name"><value>Sarvträsk äldreboende</value></Data><Data name="operator"><value>Nacka kommun</value></Data><Data name="social_facility"><value>group_home</value></Data><Data name="social_facility:for"><value>senior</value></Data><Data name="@geometry"><value>center</value></Data></ExtendedData><Point><coordinates>18.2619812,59.3309484</coordinates></Point></Placemark><Placemark><name>Tuvängen äldreboende</name><ExtendedData><Data name="@id"><value>way/309600535</value></Data><Data name="social_facility:for"><value>senior</value></Data><Data name="building"><value>yes</value></Data><Data name="amenity"><value>social_facility</value></Data><Data name="name"><value>Tuvängen äldreboende</value></Data><Data name="social_facility"><value>group_home</value></Data><Data name="@geometry"><value>center</value></Data></ExtendedData><Point><coordinates>12.2819826,57.7811606</coordinates></Point></Placemark><Placemark><name>Gruppboende Omsorgen</name><ExtendedData><Data name="@id"><value>way/309865042</value></Data><Data name="amenity"><value>social_facility</value></Data><Data name="landuse"><value>residential</value></Data><Data name="name"><value>Gruppboende Omsorgen</value></Data><Data name="social_facility"><value>group_home</value></Data><Data name="social_facility:for"><value>disabled</value></Data><Data name="@geometry"><value>center</value></Data></ExtendedData><Point><coordinates>17.3738801,62.5044264</coordinates></Point></Placemark><Placemark><name>Adina Hälsan Vårdcentral</name><ExtendedData><Data name="@id"><value>way/311375597</value></Data><Data name="website"><value>https://doktor.se/mottagningar/adina-halsan/</value></Data><Data name="addr:city"><value>Nol</value></Data><Data name="addr:country"><value>SE</value></Data><Data name="addr:housenumber"><value>12</value></Data><Data name="addr:postcode"><value>44942</value></Data><Data name="addr:street"><value>Noltorget</value></Data><Data name="amenity"><value>clinic</value></Data><Data name="building"><value>yes</value></Data><Data name="email"><value>info@adinahalsan.se</value></Data><Data name="healthcare"><value>clinic</value></Data><Data name="name"><value>Adina Hälsan Vårdcentral</value></Data><Data name="operator"><value>Doktor.se</value></Data><Data name="phone"><value>+46 31-383 04 20</value></Data><Data name="@geometry"><value>center</value></Data></ExtendedData><Point><coordinates>12.0657533,57.91678</coordinates></Point></Placemark><Placemark><name>Backaviks äldreboende</name><ExtendedData><Data name="@id"><value>way/311377675</value></Data><Data name="social_facility:for"><value>senior</value></Data><Data name="amenity"><value>social_facility</value></Data><Data name="building"><value>yes</value></Data><Data name="name"><value>Backaviks äldreboende</value></Data><Data name="operator"><value>Ale kommun</value></Data><Data name="social_facility"><value>group_home</value></Data><Data name="@geometry"><value>center</value></Data></ExtendedData><Point><coordinates>12.0515289,57.8899446</coordinates></Point></Placemark><Placemark><name>Hunnebohemmets äldreboende</name><ExtendedData><Data name="@id"><value>way/312083980</value></Data><Data name="social_facility"><value>assisted_living</value></Data><Data name="alt_name"><value>Hunnebohemmet</value></Data><Data name="amenity"><value>social_facility</value></Data><Data name="building"><value>yes</value></Data><Data name="name"><value>Hunnebohemmets äldreboende</value></Data><Data name="operator"><value>Sotenäs kommun</value></Data><Data name="social_facility:for"><value>senior</value></Data><Data name="@geometry"><value>center</value></Data></ExtendedData><Point><coordinates>11.315179,58.4381626</coordinates></Point></Placemark><Placemark><name>Västerviks sjukhus</name><ExtendedData><Data name="@id"><value>way/312683614</value></Data><Data name="operator"><value>Region Kalmar Län</value></Data><Data name="addr:city"><value>Västervik</value></Data><Data name="addr:country"><value>SE</value></Data><Data name="addr:housenumber"><value>48</value></Data><Data name="addr:postcode"><value>59330</value></Data><Data name="addr:street"><value>Östra Kyrkogatan</value></Data><Data name="amenity"><value>hospital</value></Data><Data name="emergency"><value>yes</value></Data><Data name="health_specialty:emergency_medicine"><value>yes</value></Data><Data name="health_specialty:family_medicine"><value>yes</value></Data><Data name="health_specialty:intensive_care_medicine"><value>yes</value></Data><Data name="health_specialty:orthopaedics"><value>yes</value></Data><Data name="health_specialty:surgery"><value>yes</value></Data><Data name="health_specialty:vascular_surgery"><value>yes</value></Data><Data name="healthcare"><value>hospital</value></Data><Data name="hospital"><value>yes</value></Data><Data name="name"><value>Västerviks sjukhus</value></Data><Data name="opening_hours"><value>24/7</value></Data><Data name="operator:type"><value>public</value></Data><Data name="@geometry"><value>center</value></Data></ExtendedData><Point><coordinates>16.6348304,57.755072</coordinates></Point></Placemark><Placemark><name>Solgårdens särskilda boende</name><ExtendedData><Data name="@id"><value>way/312982327</value></Data><Data name="addr:city"><value>Högsäter</value></Data><Data name="addr:country"><value>SE</value></Data><Data name="addr:housenumber"><value>2</value></Data><Data name="addr:postcode"><value>458 70</value></Data><Data name="addr:street"><value>Solbergsvägen</value></Data><Data name="amenity"><value>social_facility</value></Data><Data name="building"><value>yes</value></Data><Data name="name"><value>Solgårdens särskilda boende</value></Data><Data name="old_name"><value>Solgården Äldreboende</value></Data><Data name="operator"><value>Färgelanda kommun</value></Data><Data name="social_facility"><value>group_home</value></Data><Data name="social_facility:for"><value>senior</value></Data><Data name="wheelchair"><value>yes</value></Data><Data name="@geometry"><value>center</value></Data></ExtendedData><Point><coordinates>12.0539653,58.6513982</coordinates></Point></Placemark><Placemark><name>Avonova</name><ExtendedData><Data name="@id"><value>way/313312014</value></Data><Data name="ownership"><value>private</value></Data><Data name="addr:city"><value>Lidköping</value></Data><Data name="addr:country"><value>SE</value></Data><Data name="addr:housenumber"><value>4</value></Data><Data name="addr:postcode"><value>531 30</value></Data><Data name="addr:street"><value>Kållandsgatan</value></Data><Data name="amenity"><value>clinic</value></Data><Data name="building"><value>yes</value></Data><Data name="healthcare"><value>clinic</value></Data><Data name="name"><value>Avonova</value></Data><Data name="operator"><value>Avonova Hälsa AB</value></Data><Data name="@geometry"><value>center</value></Data></ExtendedData><Point><coordinates>13.1595594,58.5054993</coordinates></Point></Placemark><Placemark><name>Rättviks vårdcentral</name><ExtendedData><Data name="@id"><value>way/313487012</value></Data><Data name="is_in:municipality"><value>Rättviks kommun</value></Data><Data name="name"><value>Rättviks vårdcentral</value></Data><Data name="amenity"><value>clinic</value></Data><Data name="@geometry"><value>center</value></Data></ExtendedData><Point><coordinates>15.1154247,60.8887095</coordinates></Point></Placemark><Placemark><ExtendedData><Data name="@id"><value>way/313820410</value></Data><Data name="social_facility:for"><value>senior</value></Data><Data name="addr:place"><value>Gläntan</value></Data><Data name="addr:city"><value>Partille</value></Data><Data name="addr:country"><value>SE</value></Data><Data name="addr:housenumber"><value>A2</value></Data><Data name="addr:street"><value>Törevägen</value></Data><Data name="amenity"><value>social_facility</value></Data><Data name="building"><value>residential</value></Data><Data name="building:levels"><value>1</value></Data><Data name="social_facility"><value>group_home</value></Data><Data name="@geometry"><value>center</value></Data></ExtendedData><Point><coordinates>12.1341639,57.7229473</coordinates></Point></Placemark><Placemark><ExtendedData><Data name="@id"><value>way/313820418</value></Data><Data name="social_facility:for"><value>senior</value></Data><Data name="addr:place"><value>Gläntan</value></Data><Data name="addr:city"><value>Partille</value></Data><Data name="addr:country"><value>SE</value></Data><Data name="addr:housenumber"><value>12</value></Data><Data name="addr:street"><value>Törevägen</value></Data><Data name="amenity"><value>social_facility</value></Data><Data name="building"><value>house</value></Data><Data name="social_facility"><value>assisted_living</value></Data><Data name="@geometry"><value>center</value></Data></ExtendedData><Point><coordinates>12.134464,57.7236237</coordinates></Point></Placemark><Placemark><ExtendedData><Data name="@id"><value>way/313820419</value></Data><Data name="social_facility:for"><value>senior</value></Data><Data name="addr:place"><value>Gläntan</value></Data><Data name="addr:city"><value>Partille</value></Data><Data name="addr:country"><value>SE</value></Data><Data name="addr:housenumber"><value>14</value></Data><Data name="addr:street"><value>Törevägen</value></Data><Data name="amenity"><value>social_facility</value></Data><Data name="building"><value>house</value></Data><Data name="social_facility"><value>assisted_living</value></Data><Data name="@geometry"><value>center</value></Data></ExtendedData><Point><coordinates>12.134889,57.7235505</coordinates></Point></Placemark><Placemark><ExtendedData><Data name="@id"><value>way/313820420</value></Data><Data name="social_facility:for"><value>senior</value></Data><Data name="addr:place"><value>Gläntan</value></Data><Data name="addr:city"><value>Partille</value></Data><Data name="addr:country"><value>SE</value></Data><Data name="addr:housenumber"><value>20</value></Data><Data name="addr:street"><value>Törevägen</value></Data><Data name="amenity"><value>social_facility</value></Data><Data name="building"><value>house</value></Data><Data name="social_facility"><value>assisted_living</value></Data><Data name="@geometry"><value>center</value></Data></ExtendedData><Point><coordinates>12.1346616,57.7232938</coordinates></Point></Placemark><Placemark><ExtendedData><Data name="@id"><value>way/313820422</value></Data><Data name="building"><value>house</value></Data><Data name="addr:place"><value>Gläntan</value></Data><Data name="amenity"><value>social_facility</value></Data><Data name="addr:street"><value>Törevägen</value></Data><Data name="addr:city"><value>Partille</value></Data><Data name="addr:country"><value>SE</value></Data><Data name="addr:housenumber"><value>16</value></Data><Data name="@geometry"><value>center</value></Data></ExtendedData><Point><coordinates>12.1348206,57.7234849</coordinates></Point></Placemark><Placemark><name>Finspångs Lasarett</name><ExtendedData><Data name="@id"><value>way/314324630</value></Data><Data name="amenity"><value>hospital</value></Data><Data name="name"><value>Finspångs Lasarett</value></Data><Data name="@geometry"><value>center</value></Data></ExtendedData><Point><coordinates>15.7610346,58.7103355</coordinates></Point></Placemark><Placemark><name>Furunäsets hälsocentral</name><ExtendedData><Data name="@id"><value>way/314415035</value></Data><Data name="amenity"><value>clinic</value></Data><Data name="building"><value>yes</value></Data><Data name="name"><value>Furunäsets hälsocentral</value></Data><Data name="@geometry"><value>center</value></Data></ExtendedData><Point><coordinates>21.4852052,65.2939594</coordinates></Point></Placemark><Placemark><name>Mogården</name><ExtendedData><Data name="@id"><value>way/314415037</value></Data><Data name="amenity"><value>social_facility</value></Data><Data name="building"><value>yes</value></Data><Data name="name"><value>Mogården</value></Data><Data name="social_facility"><value>group_home</value></Data><Data name="social_facility:for"><value>senior</value></Data><Data name="@geometry"><value>center</value></Data></ExtendedData><Point><coordinates>21.4866818,65.2939798</coordinates></Point></Placemark><Placemark><name>Betaren</name><ExtendedData><Data name="@id"><value>way/314478129</value></Data><Data name="addr:city"><value>Finspång</value></Data><Data name="addr:country"><value>SE</value></Data><Data name="addr:housenumber"><value>19</value></Data><Data name="addr:postcode"><value>612 35</value></Data><Data name="addr:street"><value>Profilvägen</value></Data><Data name="amenity"><value>social_facility</value></Data><Data name="capacity"><value>8</value></Data><Data name="name"><value>Betaren</value></Data><Data name="operator"><value>Finspångs kommun</value></Data><Data name="social_facility"><value>group_home</value></Data><Data name="social_facility:for"><value>senior</value></Data><Data name="@geometry"><value>center</value></Data></ExtendedData><Point><coordinates>15.7505942,58.7069167</coordinates></Point></Placemark><Placemark><name>Nanolfsvillan</name><ExtendedData><Data name="@id"><value>way/314799653</value></Data><Data name="building"><value>social</value></Data><Data name="name"><value>Nanolfsvillan</value></Data><Data name="addr:city"><value>Finspång</value></Data><Data name="addr:country"><value>SE</value></Data><Data name="addr:housenumber"><value>8</value></Data><Data name="addr:postcode"><value>612 37</value></Data><Data name="addr:street"><value>Nanolfsvägen</value></Data><Data name="amenity"><value>social_facility</value></Data><Data name="@geometry"><value>center</value></Data></ExtendedData><Point><coordinates>15.7645558,58.7079252</coordinates></Point></Placemark><Placemark><ExtendedData><Data name="@id"><value>way/314944625</value></Data><Data name="addr:city"><value>Finspång</value></Data><Data name="addr:country"><value>SE</value></Data><Data name="addr:housenumber"><value>14</value></Data><Data name="addr:postcode"><value>612 40</value></Data><Data name="addr:street"><value>Hyttvägen</value></Data><Data name="amenity"><value>social_facility</value></Data><Data name="building"><value>yes</value></Data><Data name="@geometry"><value>center</value></Data></ExtendedData><Point><coordinates>15.7670549,58.7067332</coordinates></Point></Placemark><Placemark><ExtendedData><Data name="@id"><value>way/314944626</value></Data><Data name="addr:city"><value>Finspång</value></Data><Data name="addr:country"><value>SE</value></Data><Data name="addr:housenumber"><value>3</value></Data><Data name="addr:postcode"><value>612 37</value></Data><Data name="addr:street"><value>Hyttvägen</value></Data><Data name="amenity"><value>social_facility</value></Data><Data name="building"><value>yes</value></Data><Data name="@geometry"><value>center</value></Data></ExtendedData><Point><coordinates>15.7688698,58.7076838</coordinates></Point></Placemark><Placemark><name>Praktikertjänst Närsjukhus Strömstad</name><ExtendedData><Data name="@id"><value>way/314977827</value></Data><Data name="addr:city"><value>Strömstad</value></Data><Data name="addr:country"><value>SE</value></Data><Data name="addr:housenumber"><value>10-12</value></Data><Data name="addr:postcode"><value>452 37</value></Data><Data name="addr:street"><value>Västra Hamngatan</value></Data><Data name="brand"><value>Västra Götalandsregionen</value></Data><Data name="ownership"><value>private</value></Data><Data name="amenity"><value>hospital</value></Data><Data name="building"><value>yes</value></Data><Data name="contact:phone"><value>+46 10 167 39 00</value></Data><Data name="contact:website"><value>https://www.narsjukhusvast.se/Start/Stromstad/</value></Data><Data name="healthcare"><value>hospital</value></Data><Data name="name"><value>Praktikertjänst Närsjukhus Strömstad</value></Data><Data name="operator"><value>Praktikertjänst Närsjukhus</value></Data><Data name="@geometry"><value>center</value></Data></ExtendedData><Point><coordinates>11.1693947,58.9416784</coordinates></Point></Placemark><Placemark><name>Finspång rehab</name><ExtendedData><Data name="@id"><value>way/315257208</value></Data><Data name="addr:city"><value>Finspång</value></Data><Data name="addr:country"><value>SE</value></Data><Data name="addr:housenumber"><value>7</value></Data><Data name="addr:postcode"><value>612 43</value></Data><Data name="addr:street"><value>Ekkällevägen</value></Data><Data name="amenity"><value>doctors</value></Data><Data name="building"><value>yes</value></Data><Data name="name"><value>Finspång rehab</value></Data><Data name="@geometry"><value>center</value></Data></ExtendedData><Point><coordinates>15.7970712,58.7049646</coordinates></Point></Placemark><Placemark><name>Munberga älderboende</name><ExtendedData><Data name="@id"><value>way/315745024</value></Data><Data name="amenity"><value>social_facility</value></Data><Data name="building"><value>yes</value></Data><Data name="name"><value>Munberga älderboende</value></Data><Data name="social_facility"><value>group_home</value></Data><Data name="social_facility:for"><value>senior</value></Data><Data name="@geometry"><value>center</value></Data></ExtendedData><Point><coordinates>21.503697,65.2949376</coordinates></Point></Placemark><Placemark><name>Esplanaden vårdcentral</name><ExtendedData><Data name="@id"><value>way/315909710</value></Data><Data name="name"><value>Esplanaden vårdcentral</value></Data><Data name="amenity"><value>clinic</value></Data><Data name="building"><value>hospital</value></Data><Data name="@geometry"><value>center</value></Data></ExtendedData><Point><coordinates>16.6402718,57.7534345</coordinates></Point></Placemark><Placemark><name>Sophiahemmet</name><ExtendedData><Data name="@id"><value>way/318079499</value></Data><Data name="wikipedia"><value>sv:Sophiahemmet</value></Data><Data name="amenity"><value>hospital</value></Data><Data name="emergency"><value>no</value></Data><Data name="healthcare"><value>hospital</value></Data><Data name="healthcare:speciality"><value>orthopaedics</value></Data><Data name="name"><value>Sophiahemmet</value></Data><Data name="website"><value>https://www.sophiahemmet.se/</value></Data><Data name="wikidata"><value>Q10673801</value></Data><Data name="@geometry"><value>center</value></Data></ExtendedData><Point><coordinates>18.0757318,59.3459479</coordinates></Point></Placemark><Placemark><name>Svegs hälsocentral</name><ExtendedData><Data name="@id"><value>way/319105750</value></Data><Data name="amenity"><value>clinic</value></Data><Data name="healthcare"><value>clinic</value></Data><Data name="name"><value>Svegs hälsocentral</value></Data><Data name="@geometry"><value>center</value></Data></ExtendedData><Point><coordinates>14.353362,62.0401421</coordinates></Point></Placemark><Placemark><name>Bollmora vårdcentral</name><ExtendedData><Data name="@id"><value>way/319919533</value></Data><Data name="amenity"><value>clinic</value></Data><Data name="building"><value>yes</value></Data><Data name="healthcare"><value>clinic</value></Data><Data name="name"><value>Bollmora vårdcentral</value></Data><Data name="@geometry"><value>center</value></Data></ExtendedData><Point><coordinates>18.2291962,59.2463127</coordinates></Point></Placemark><Placemark><name>Rånäs rehabiliteringscenter</name><ExtendedData><Data name="@id"><value>way/321892582</value></Data><Data name="amenity"><value>social_facility</value></Data><Data name="building"><value>yes</value></Data><Data name="name"><value>Rånäs rehabiliteringscenter</value></Data><Data name="operator"><value>Aleris Omsorg AB</value></Data><Data name="social_facility"><value>group_home</value></Data><Data name="social_facility:for"><value>mental_health</value></Data><Data name="website"><value>http://www.aleris.se/Har-finns-vi/Ranas/Ranas-Rehabiliteringscenter/</value></Data><Data name="@geometry"><value>center</value></Data></ExtendedData><Point><coordinates>18.2935451,59.7916847</coordinates></Point></Placemark><Placemark><name>Piteå Rättspsykiatriska</name><ExtendedData><Data name="@id"><value>way/321940420</value></Data><Data name="amenity"><value>nursing_home</value></Data><Data name="building"><value>yes</value></Data><Data name="name"><value>Piteå Rättspsykiatriska</value></Data><Data name="operator"><value>Norrbottens Läns Landsting</value></Data><Data name="@geometry"><value>center</value></Data></ExtendedData><Point><coordinates>21.4174883,65.3497477</coordinates></Point></Placemark><Placemark><name>Nacka seniorcenter</name><ExtendedData><Data name="@id"><value>way/322318124</value></Data><Data name="addr:city"><value>Saltsjö-Boo</value></Data><Data name="addr:country"><value>SE</value></Data><Data name="addr:housenumber"><value>12</value></Data><Data name="addr:postcode"><value>132 48</value></Data><Data name="addr:street"><value>Talluddsvägen</value></Data><Data name="amenity"><value>social_facility</value></Data><Data name="name"><value>Nacka seniorcenter</value></Data><Data name="social_facility"><value>group_home</value></Data><Data name="social_facility:for"><value>senior</value></Data><Data name="@geometry"><value>center</value></Data></ExtendedData><Point><coordinates>18.2303241,59.3171725</coordinates></Point></Placemark><Placemark><name>Bostadsgruppen Rudsjövägen</name><ExtendedData><Data name="@id"><value>way/322753056</value></Data><Data name="amenity"><value>social_facility</value></Data><Data name="name"><value>Bostadsgruppen Rudsjövägen</value></Data><Data name="social_facility"><value>group_home</value></Data><Data name="social_facility:for"><value>mental_health</value></Data><Data name="@geometry"><value>center</value></Data></ExtendedData><Point><coordinates>18.2065643,59.3257967</coordinates></Point></Placemark><Placemark><name>Forellplan 1B vård- och omsorgsboende</name><ExtendedData><Data name="@id"><value>way/323144271</value></Data><Data name="addr:country"><value>SE</value></Data><Data name="addr:housenumber"><value>1 B</value></Data><Data name="addr:street"><value>Forellplan</value></Data><Data name="amenity"><value>social_facility</value></Data><Data name="building"><value>yes</value></Data><Data name="name"><value>Forellplan 1B vård- och omsorgsboende</value></Data><Data name="social_facility"><value>nursing_home</value></Data><Data name="social_facility:for"><value>senior</value></Data><Data name="wheelchair"><value>yes</value></Data><Data name="@geometry"><value>center</value></Data></ExtendedData><Point><coordinates>17.1143028,60.6921603</coordinates></Point></Placemark><Placemark><name>Bråvallavägens gruppbostad</name><ExtendedData><Data name="@id"><value>way/323563528</value></Data><Data name="name"><value>Bråvallavägens gruppbostad</value></Data><Data name="social_facility:for"><value>mental_health</value></Data><Data name="addr:city"><value>Nacka</value></Data><Data name="addr:country"><value>SE</value></Data><Data name="addr:housenumber"><value>11</value></Data><Data name="addr:postcode"><value>131 47</value></Data><Data name="addr:street"><value>Bråvallavägen</value></Data><Data name="amenity"><value>social_facility</value></Data><Data name="operator"><value>Nacka kommun</value></Data><Data name="social_facility"><value>group_home</value></Data><Data name="@geometry"><value>center</value></Data></ExtendedData><Point><coordinates>18.2006142,59.3176397</coordinates></Point></Placemark><Placemark><name>Nacka Seniorcenter</name><ExtendedData><Data name="@id"><value>way/323565254</value></Data><Data name="addr:city"><value>Nacka</value></Data><Data name="addr:country"><value>SE</value></Data><Data name="addr:housenumber"><value>17</value></Data><Data name="addr:street"><value>Ektorpsvägen</value></Data><Data name="amenity"><value>social_facility</value></Data><Data name="building"><value>yes</value></Data><Data name="building:colour"><value>firebrick</value></Data><Data name="building:material"><value>brick</value></Data><Data name="name"><value>Nacka Seniorcenter</value></Data><Data name="social_facility"><value>nursing_home</value></Data><Data name="social_facility:for"><value>senior</value></Data><Data name="@geometry"><value>center</value></Data></ExtendedData><Point><coordinates>18.1987872,59.3144396</coordinates></Point></Placemark><Placemark><name>Nacka seniorcenter Ektorp</name><ExtendedData><Data name="@id"><value>way/323565265</value></Data><Data name="amenity"><value>social_facility</value></Data><Data name="name"><value>Nacka seniorcenter Ektorp</value></Data><Data name="social_facility"><value>group_home</value></Data><Data name="social_facility:for"><value>senior</value></Data><Data name="@geometry"><value>center</value></Data></ExtendedData><Point><coordinates>18.1987468,59.3143567</coordinates></Point></Placemark><Placemark><name>Nacka sjukhus</name><ExtendedData><Data name="@id"><value>way/323566225</value></Data><Data name="amenity"><value>hospital</value></Data><Data name="emergency"><value>yes</value></Data><Data name="health_specialty:orthopaedics"><value>yes</value></Data><Data name="healthcare"><value>hospital</value></Data><Data name="name"><value>Nacka sjukhus</value></Data><Data name="operator"><value>Aleris</value></Data><Data name="start_date"><value>1962</value></Data><Data name="@geometry"><value>center</value></Data></ExtendedData><Point><coordinates>18.196309,59.3118793</coordinates></Point></Placemark><Placemark><name>Vårdcentral Kungsvägsmottagningen</name><ExtendedData><Data name="@id"><value>way/325811635</value></Data><Data name="addr:country"><value>SE</value></Data><Data name="addr:housenumber"><value>10</value></Data><Data name="addr:postcode"><value>69231</value></Data><Data name="addr:street"><value>Norra Kungsvägen</value></Data><Data name="amenity"><value>doctors</value></Data><Data name="building"><value>yes</value></Data><Data name="contact:website"><value>http://www.regionorebrolan.se/kumlavc</value></Data><Data name="emergency"><value>no</value></Data><Data name="healthcare"><value>doctor</value></Data><Data name="name"><value>Vårdcentral Kungsvägsmottagningen</value></Data><Data name="source:geometry"><value>Bing 2012</value></Data><Data name="@geometry"><value>center</value></Data></ExtendedData><Point><coordinates>15.1470071,59.1315024</coordinates></Point></Placemark><Placemark><name>Svärdliljans gruppbostad</name><ExtendedData><Data name="@id"><value>way/326232188</value></Data><Data name="addr:city"><value>Hässelby</value></Data><Data name="addr:country"><value>SE</value></Data><Data name="addr:housenumber"><value>153</value></Data><Data name="addr:postcode"><value>165 78</value></Data><Data name="addr:street"><value>Svärdsliljevägen</value></Data><Data name="amenity"><value>social_facility</value></Data><Data name="name"><value>Svärdliljans gruppbostad</value></Data><Data name="@geometry"><value>center</value></Data></ExtendedData><Point><coordinates>17.8176614,59.3962073</coordinates></Point></Placemark><Placemark><ExtendedData><Data name="@id"><value>way/326845497</value></Data><Data name="amenity"><value>clinic</value></Data><Data name="@geometry"><value>center</value></Data></ExtendedData><Point><coordinates>15.0030847,59.8740887</coordinates></Point></Placemark><Placemark><name>Almby på öster</name><ExtendedData><Data name="@id"><value>way/326964572</value></Data><Data name="social_facility"><value>group_home</value></Data><Data name="source:geometry"><value>Bing 2012</value></Data><Data name="amenity"><value>social_facility</value></Data><Data name="building"><value>yes</value></Data><Data name="level"><value>2</value></Data><Data name="name"><value>Almby på öster</value></Data><Data name="social_facility:for"><value>senior</value></Data><Data name="@geometry"><value>center</value></Data></ExtendedData><Point><coordinates>15.2423454,59.2594472</coordinates></Point></Placemark><Placemark><name>Vårdcentral Fylstamottagningen</name><ExtendedData><Data name="@id"><value>way/327160818</value></Data><Data name="addr:country"><value>SE</value></Data><Data name="addr:housenumber"><value>8</value></Data><Data name="addr:street"><value>Sörbyvägen</value></Data><Data name="amenity"><value>doctors</value></Data><Data name="building"><value>yes</value></Data><Data name="contact:website"><value>http://www.regionorebrolan.se/kumlavc</value></Data><Data name="name"><value>Vårdcentral Fylstamottagningen</value></Data><Data name="source"><value>local knowledge</value></Data><Data name="source:geometry"><value>Bing 2012</value></Data><Data name="@geometry"><value>center</value></Data></ExtendedData><Point><coordinates>15.122461,59.1286219</coordinates></Point></Placemark><Placemark><ExtendedData><Data name="@id"><value>way/327506604</value></Data><Data name="amenity"><value>nursing_home</value></Data><Data name="@geometry"><value>center</value></Data></ExtendedData><Point><coordinates>17.9762342,59.247856</coordinates></Point></Placemark><Placemark><name>Söderbymalms gruppboende</name><ExtendedData><Data name="@id"><value>way/328400492</value></Data><Data name="amenity"><value>social_facility</value></Data><Data name="name"><value>Söderbymalms gruppboende</value></Data><Data name="@geometry"><value>center</value></Data></ExtendedData><Point><coordinates>18.1537746,59.1734825</coordinates></Point></Placemark><Placemark><name>Ekgården Äldreboende</name><ExtendedData><Data name="@id"><value>way/329065548</value></Data><Data name="social_facility:for"><value>senior</value></Data><Data name="amenity"><value>social_facility</value></Data><Data name="name"><value>Ekgården Äldreboende</value></Data><Data name="social_facility"><value>group_home</value></Data><Data name="@geometry"><value>center</value></Data></ExtendedData><Point><coordinates>15.5827842,59.435542</coordinates></Point></Placemark><Placemark><name>Fellingsbro vårdcentral</name><ExtendedData><Data name="@id"><value>way/329066227</value></Data><Data name="addr:city"><value>Fellingsbro</value></Data><Data name="addr:country"><value>SE</value></Data><Data name="addr:housenumber"><value>3</value></Data><Data name="addr:postcode"><value>732 71</value></Data><Data name="addr:street"><value>Torgvägen</value></Data><Data name="amenity"><value>clinic</value></Data><Data name="name"><value>Fellingsbro vårdcentral</value></Data><Data name="@geometry"><value>center</value></Data></ExtendedData><Point><coordinates>15.5912923,59.4350767</coordinates></Point></Placemark><Placemark><name>Brahevägens Serviceboende</name><ExtendedData><Data name="@id"><value>way/329200989</value></Data><Data name="amenity"><value>social_facility</value></Data><Data name="building"><value>yes</value></Data><Data name="name"><value>Brahevägens Serviceboende</value></Data><Data name="social_facility"><value>assisted_living</value></Data><Data name="@geometry"><value>center</value></Data></ExtendedData><Point><coordinates>12.3685864,57.8065857</coordinates></Point></Placemark><Placemark><name>Sollefteå sjukhus</name><ExtendedData><Data name="@id"><value>way/330603825</value></Data><Data name="addr:city"><value>Sollefteå</value></Data><Data name="addr:country"><value>SE</value></Data><Data name="addr:housenumber"><value>6</value></Data><Data name="addr:postcode"><value>881 60</value></Data><Data name="addr:street"><value>Lassarettsgatan</value></Data><Data name="amenity"><value>hospital</value></Data><Data name="emergency"><value>yes</value></Data><Data name="health_specialty:emergency_medicine"><value>yes</value></Data><Data name="health_specialty:family_medicine"><value>yes</value></Data><Data name="health_specialty:intensive_care_medicine"><value>yes</value></Data><Data name="health_specialty:paediatrics"><value>yes</value></Data><Data name="health_specialty:surgery"><value>yes</value></Data><Data name="healthcare"><value>hospital</value></Data><Data name="name"><value>Sollefteå sjukhus</value></Data><Data name="opening_hours"><value>Mo-We 07:45-16:30; Th 09:00-16:30; Fr 08:00-16:30</value></Data><Data name="opening_hours:emergency"><value>24/7</value></Data><Data name="opening_hours:surgery"><value>Mo-Th 07:00-17:00; Fr 07:00-14:00</value></Data><Data name="website"><value>http://www.lvn.se/delplatser/Halsocentralerna/Halsocentraler/Solleftea/Solleftea/</value></Data><Data name="wikidata"><value>Q7558331</value></Data><Data name="@geometry"><value>center</value></Data></ExtendedData><Point><coordinates>17.2350218,63.1748445</coordinates></Point></Placemark><Placemark><name>Familjeläkarna Saltsjöbaden</name><ExtendedData><Data name="@id"><value>way/330674844</value></Data><Data name="website"><value>http://www.famlak.se/saltsjobaden/</value></Data><Data name="addr:city"><value>Saltsjöbaden</value></Data><Data name="addr:country"><value>SE</value></Data><Data name="addr:housenumber"><value>52</value></Data><Data name="addr:postcode"><value>13334</value></Data><Data name="addr:street"><value>Byvägen</value></Data><Data name="amenity"><value>clinic</value></Data><Data name="building"><value>yes</value></Data><Data name="name"><value>Familjeläkarna Saltsjöbaden</value></Data><Data name="@geometry"><value>center</value></Data></ExtendedData><Point><coordinates>18.2810461,59.2855909</coordinates></Point></Placemark><Placemark><name>Södertälje sjukhus</name><ExtendedData><Data name="@id"><value>way/331006879</value></Data><Data name="operator"><value>Stockholms Landsting</value></Data><Data name="check_date"><value>2022-07-13</value></Data><Data name="amenity"><value>hospital</value></Data><Data name="emergency"><value>yes</value></Data><Data name="health_specialty:emergency_medicine"><value>yes</value></Data><Data name="health_specialty:family_medicine"><value>yes</value></Data><Data name="health_specialty:intensive_care_medicine"><value>yes</value></Data><Data name="health_specialty:orthopaedics"><value>yes</value></Data><Data name="health_specialty:surgery"><value>yes</value></Data><Data name="name"><value>Södertälje sjukhus</value></Data><Data name="opening_hours"><value>24/7</value></Data><Data name="@geometry"><value>center</value></Data></ExtendedData><Point><coordinates>17.6329585,59.19883</coordinates></Point></Placemark><Placemark><name>Lindegård Äldreboende</name><ExtendedData><Data name="@id"><value>way/331882428</value></Data><Data name="addr:country"><value>SE</value></Data><Data name="amenity"><value>social_facility</value></Data><Data name="building"><value>house</value></Data><Data name="name"><value>Lindegård Äldreboende</value></Data><Data name="operator"><value>Vardaga</value></Data><Data name="phone"><value>+46841045720</value></Data><Data name="social_facility"><value>group_home</value></Data><Data name="social_facility:for"><value>senior</value></Data><Data name="@geometry"><value>center</value></Data></ExtendedData><Point><coordinates>17.8958781,59.3708273</coordinates></Point></Placemark><Placemark><name>Kungsängen äldreboende</name><ExtendedData><Data name="@id"><value>way/331906074</value></Data><Data name="addr:city"><value>Kungsäter</value></Data><Data name="addr:country"><value>SE</value></Data><Data name="addr:housenumber"><value>2B</value></Data><Data name="addr:postcode"><value>51992</value></Data><Data name="addr:street"><value>Skolvägen</value></Data><Data name="amenity"><value>social_facility</value></Data><Data name="building"><value>yes</value></Data><Data name="name"><value>Kungsängen äldreboende</value></Data><Data name="social_facility"><value>group_home</value></Data><Data name="social_facility:for"><value>senior</value></Data><Data name="@geometry"><value>center</value></Data></ExtendedData><Point><coordinates>12.566981,57.3070552</coordinates></Point></Placemark><Placemark><name>Brobacken</name><ExtendedData><Data name="@id"><value>way/332193944</value></Data><Data name="social_facility:for"><value>senior</value></Data><Data name="amenity"><value>social_facility</value></Data><Data name="building"><value>yes</value></Data><Data name="name"><value>Brobacken</value></Data><Data name="social_facility"><value>nursing_home</value></Data><Data name="@geometry"><value>center</value></Data></ExtendedData><Point><coordinates>17.9005747,59.519584</coordinates></Point></Placemark><Placemark><name>Vårdcentral och tandläkare</name><ExtendedData><Data name="@id"><value>way/332321769</value></Data><Data name="name"><value>Vårdcentral och tandläkare</value></Data><Data name="amenity"><value>clinic</value></Data><Data name="building"><value>yes</value></Data><Data name="@geometry"><value>center</value></Data></ExtendedData><Point><coordinates>13.1016697,59.3527599</coordinates></Point></Placemark><Placemark><name>Seniorcenter Sjötäppan</name><ExtendedData><Data name="@id"><value>way/333491955</value></Data><Data name="addr:city"><value>Saltsjöbaden</value></Data><Data name="addr:country"><value>SE</value></Data><Data name="addr:housenumber"><value>21</value></Data><Data name="addr:postcode"><value>133 34</value></Data><Data name="addr:street"><value>Neglingevägen</value></Data><Data name="amenity"><value>social_facility</value></Data><Data name="capacity"><value>62</value></Data><Data name="name"><value>Seniorcenter Sjötäppan</value></Data><Data name="operator"><value>Nacka kommun</value></Data><Data name="social_facility"><value>group_home</value></Data><Data name="social_facility:for"><value>senior</value></Data><Data name="@geometry"><value>center</value></Data></ExtendedData><Point><coordinates>18.2902182,59.2864162</coordinates></Point></Placemark><Placemark><name>Källgården Äldreboende</name><ExtendedData><Data name="@id"><value>way/334365999</value></Data><Data name="social_facility:for"><value>senior</value></Data><Data name="addr:city"><value>Lindesberg</value></Data><Data name="addr:country"><value>SE</value></Data><Data name="addr:housenumber"><value>3</value></Data><Data name="addr:postcode"><value>711 31</value></Data><Data name="addr:street"><value>Skarpskyttegatan</value></Data><Data name="amenity"><value>social_facility</value></Data><Data name="name"><value>Källgården Äldreboende</value></Data><Data name="social_facility"><value>group_home</value></Data><Data name="@geometry"><value>center</value></Data></ExtendedData><Point><coordinates>15.2288377,59.5967081</coordinates></Point></Placemark><Placemark><name>Simrishamns Sjukhus</name><ExtendedData><Data name="@id"><value>way/334429295</value></Data><Data name="amenity"><value>hospital</value></Data><Data name="name"><value>Simrishamns Sjukhus</value></Data><Data name="@geometry"><value>center</value></Data></ExtendedData><Point><coordinates>14.3402705,55.5523494</coordinates></Point></Placemark><Placemark><name>Ersta sjukhus</name><ExtendedData><Data name="@id"><value>way/336708178</value></Data><Data name="wikipedia"><value>sv:Ersta sjukhus</value></Data><Data name="amenity"><value>hospital</value></Data><Data name="health_specialty:intensive_care_medicine"><value>yes</value></Data><Data name="healthcare"><value>hospital</value></Data><Data name="name"><value>Ersta sjukhus</value></Data><Data name="name:fi"><value>Erstan sairaala</value></Data><Data name="wikidata"><value>Q10488447</value></Data><Data name="wikimedia_commons"><value>Category:Ersta sjukhus</value></Data><Data name="@geometry"><value>center</value></Data></ExtendedData><Point><coordinates>18.091162,59.3164934</coordinates></Point></Placemark><Placemark><name>Dalsgården</name><ExtendedData><Data name="@id"><value>way/336922272</value></Data><Data name="amenity"><value>social_facility</value></Data><Data name="name"><value>Dalsgården</value></Data><Data name="social_facility"><value>assisted_living</value></Data><Data name="social_facility:for"><value>senior</value></Data><Data name="@geometry"><value>center</value></Data></ExtendedData><Point><coordinates>16.5329302,57.7220262</coordinates></Point></Placemark><Placemark><name>Alvershus</name><ExtendedData><Data name="@id"><value>way/336984509</value></Data><Data name="amenity"><value>social_facility</value></Data><Data name="building"><value>civic</value></Data><Data name="name"><value>Alvershus</value></Data><Data name="social_facility"><value>group_home</value></Data><Data name="social_facility:for"><value>senior</value></Data><Data name="@geometry"><value>center</value></Data></ExtendedData><Point><coordinates>13.5668715,58.0230175</coordinates></Point></Placemark><Placemark><name>Vårdcentral, Tandläkare och Äldreboende</name><ExtendedData><Data name="@id"><value>way/337865469</value></Data><Data name="name"><value>Vårdcentral, Tandläkare och Äldreboende</value></Data><Data name="amenity"><value>clinic</value></Data><Data name="building"><value>yes</value></Data><Data name="healthcare"><value>clinic</value></Data><Data name="@geometry"><value>center</value></Data></ExtendedData><Point><coordinates>19.1689777,65.5969749</coordinates></Point></Placemark><Placemark><name>Roslagens Sjukhus</name><ExtendedData><Data name="@id"><value>way/338003906</value></Data><Data name="name"><value>Roslagens Sjukhus</value></Data><Data name="addr:city"><value>Norrtälje</value></Data><Data name="addr:country"><value>SE</value></Data><Data name="addr:housenumber"><value>12</value></Data><Data name="addr:street"><value>Hamnvägen</value></Data><Data name="alt_name"><value>ROS</value></Data><Data name="amenity"><value>hospital</value></Data><Data name="emergency"><value>no</value></Data><Data name="health_specialty:emergency_medicine"><value>no</value></Data><Data name="@geometry"><value>center</value></Data></ExtendedData><Point><coordinates>18.7148964,59.7626171</coordinates></Point></Placemark><Placemark><name>Oxelgården</name><ExtendedData><Data name="@id"><value>way/338275994</value></Data><Data name="amenity"><value>social_facility</value></Data><Data name="building"><value>yes</value></Data><Data name="name"><value>Oxelgården</value></Data><Data name="social_facility"><value>nursing_home</value></Data><Data name="social_facility:for"><value>senior</value></Data><Data name="@geometry"><value>center</value></Data></ExtendedData><Point><coordinates>14.8731007,59.1752802</coordinates></Point></Placemark><Placemark><name>Vårdcentralen</name><ExtendedData><Data name="@id"><value>way/338278274</value></Data><Data name="building"><value>yes</value></Data><Data name="amenity"><value>clinic</value></Data><Data name="name"><value>Vårdcentralen</value></Data><Data name="@geometry"><value>center</value></Data></ExtendedData><Point><coordinates>14.1341725,57.4919228</coordinates></Point></Placemark><Placemark><name>Västanvid</name><ExtendedData><Data name="@id"><value>way/338650034</value></Data><Data name="addr:country"><value>SE</value></Data><Data name="addr:housenumber"><value>14</value></Data><Data name="addr:street"><value>Föreningsgatan</value></Data><Data name="amenity"><value>nursing_home</value></Data><Data name="building"><value>yes</value></Data><Data name="name"><value>Västanvid</value></Data><Data name="@geometry"><value>center</value></Data></ExtendedData><Point><coordinates>14.0856949,56.194409</coordinates></Point></Placemark><Placemark><name>Attmarhem</name><ExtendedData><Data name="@id"><value>way/338686102</value></Data><Data name="amenity"><value>social_facility</value></Data><Data name="building"><value>yes</value></Data><Data name="name"><value>Attmarhem</value></Data><Data name="social_facility"><value>nursing_home</value></Data><Data name="social_facility:for"><value>senior</value></Data><Data name="@geometry"><value>center</value></Data></ExtendedData><Point><coordinates>17.0513635,62.2961715</coordinates></Point></Placemark><Placemark><name>Äldreboende Allégården</name><ExtendedData><Data name="@id"><value>way/340746122</value></Data><Data name="amenity"><value>social_facility</value></Data><Data name="building"><value>yes</value></Data><Data name="name"><value>Äldreboende Allégården</value></Data><Data name="@geometry"><value>center</value></Data></ExtendedData><Point><coordinates>17.8262169,59.1955365</coordinates></Point></Placemark><Placemark><name>Strömsunds vårdcentral</name><ExtendedData><Data name="@id"><value>way/340768914</value></Data><Data name="amenity"><value>clinic</value></Data><Data name="name"><value>Strömsunds vårdcentral</value></Data><Data name="@geometry"><value>center</value></Data></ExtendedData><Point><coordinates>15.5643956,63.8591033</coordinates></Point></Placemark><Placemark><name>Båthöjden Plaza Äldreboende</name><ExtendedData><Data name="@id"><value>way/341353213</value></Data><Data name="amenity"><value>social_facility</value></Data><Data name="name"><value>Båthöjden Plaza Äldreboende</value></Data><Data name="social_facility"><value>group_home</value></Data><Data name="social_facility:for"><value>senior</value></Data><Data name="@geometry"><value>center</value></Data></ExtendedData><Point><coordinates>18.2517352,59.2886273</coordinates></Point></Placemark><Placemark><name>Bergmans gruppboende</name><description>Demensboende</description><ExtendedData><Data name="@id"><value>way/341873255</value></Data><Data name="social_facility:for"><value>mental_health</value></Data><Data name="amenity"><value>social_facility</value></Data><Data name="building"><value>yes</value></Data><Data name="description"><value>Demensboende</value></Data><Data name="name"><value>Bergmans gruppboende</value></Data><Data name="operator"><value>Öckerö kommun</value></Data><Data name="social_facility"><value>group_home</value></Data><Data name="@geometry"><value>center</value></Data></ExtendedData><Point><coordinates>11.6481568,57.7170812</coordinates></Point></Placemark><Placemark><name>Trädgårdarna</name><ExtendedData><Data name="@id"><value>way/342315071</value></Data><Data name="building"><value>yes</value></Data><Data name="social_facility"><value>Demensboende</value></Data><Data name="social_facility:for"><value>senior</value></Data><Data name="addr:city"><value>Örebro</value></Data><Data name="addr:country"><value>SE</value></Data><Data name="addr:housenumber"><value>55</value></Data><Data name="addr:postcode"><value>70374</value></Data><Data name="addr:street"><value>Hedgatan</value></Data><Data name="amenity"><value>social_facility</value></Data><Data name="name"><value>Trädgårdarna</value></Data><Data name="@geometry"><value>center</value></Data></ExtendedData><Point><coordinates>15.195326,59.3041167</coordinates></Point></Placemark><Placemark><name>Elvagården</name><ExtendedData><Data name="@id"><value>way/342316906</value></Data><Data name="building"><value>civic</value></Data><Data name="amenity"><value>social_facility</value></Data><Data name="capacity"><value>25</value></Data><Data name="name"><value>Elvagården</value></Data><Data name="social_facility"><value>group_home</value></Data><Data name="social_facility:for"><value>senior</value></Data><Data name="@geometry"><value>center</value></Data></ExtendedData><Point><coordinates>13.6333373,58.0961597</coordinates></Point></Placemark><Placemark><name>Skånes Statsmission</name><ExtendedData><Data name="@id"><value>way/342618583</value></Data><Data name="amenity"><value>social_facility</value></Data><Data name="building"><value>yes</value></Data><Data name="name"><value>Skånes Statsmission</value></Data><Data name="social_facility"><value>shelter</value></Data><Data name="social_facility:for"><value>homeless</value></Data><Data name="@geometry"><value>center</value></Data></ExtendedData><Point><coordinates>14.150448,56.0462104</coordinates></Point></Placemark><Placemark><name>Linebäck äldreboende</name><ExtendedData><Data name="@id"><value>way/343241035</value></Data><Data name="amenity"><value>nursing_home</value></Data><Data name="name"><value>Linebäck äldreboende</value></Data><Data name="@geometry"><value>center</value></Data></ExtendedData><Point><coordinates>13.2301319,55.6995414</coordinates></Point></Placemark><Placemark><name>Läkar Mottagning</name><ExtendedData><Data name="@id"><value>way/346368546</value></Data><Data name="amenity"><value>clinic</value></Data><Data name="building"><value>yes</value></Data><Data name="healthcare"><value>clinic</value></Data><Data name="name"><value>Läkar Mottagning</value></Data><Data name="@geometry"><value>center</value></Data></ExtendedData><Point><coordinates>13.0024817,61.1741598</coordinates></Point></Placemark><Placemark><name>Sjösgården</name><ExtendedData><Data name="@id"><value>way/346638274</value></Data><Data name="amenity"><value>social_facility</value></Data><Data name="name"><value>Sjösgården</value></Data><Data name="social_facility"><value>group_home</value></Data><Data name="source"><value>local_knowledge;Bing</value></Data><Data name="@geometry"><value>center</value></Data></ExtendedData><Point><coordinates>15.4522883,60.481312</coordinates></Point></Placemark><Placemark><ExtendedData><Data name="@id"><value>way/347273074</value></Data><Data name="amenity"><value>clinic</value></Data><Data name="@geometry"><value>center</value></Data></ExtendedData><Point><coordinates>14.9002684,58.4485423</coordinates></Point></Placemark><Placemark><name>Vårdcentralen Södertull</name><ExtendedData><Data name="@id"><value>way/347618244</value></Data><Data name="website"><value>http://www.vardcentralensodertull.se/</value></Data><Data name="name"><value>Vårdcentralen Södertull</value></Data><Data name="addr:city"><value>Lund</value></Data><Data name="addr:country"><value>SE</value></Data><Data name="addr:housenumber"><value>16</value></Data><Data name="addr:street"><value>Helgeandsgatan</value></Data><Data name="amenity"><value>clinic</value></Data><Data name="building"><value>yes</value></Data><Data name="@geometry"><value>center</value></Data></ExtendedData><Point><coordinates>13.1915495,55.6980072</coordinates></Point></Placemark><Placemark><name>Gruppbostad</name><ExtendedData><Data name="@id"><value>way/348429021</value></Data><Data name="amenity"><value>social_facility</value></Data><Data name="name"><value>Gruppbostad</value></Data><Data name="social_facility"><value>assisted_living</value></Data><Data name="@geometry"><value>center</value></Data></ExtendedData><Point><coordinates>14.8962701,58.4396031</coordinates></Point></Placemark><Placemark><name>Rättspsykiatriska Regionskliniken</name><ExtendedData><Data name="@id"><value>way/349918593</value></Data><Data name="amenity"><value>nursing_home</value></Data><Data name="name"><value>Rättspsykiatriska Regionskliniken</value></Data><Data name="@geometry"><value>center</value></Data></ExtendedData><Point><coordinates>14.8990327,58.4544112</coordinates></Point></Placemark><Placemark><ExtendedData><Data name="@id"><value>way/349921345</value></Data><Data name="amenity"><value>hospital</value></Data><Data name="@geometry"><value>center</value></Data></ExtendedData><Point><coordinates>14.9002949,58.4530208</coordinates></Point></Placemark><Placemark><name>Wasagården</name><ExtendedData><Data name="@id"><value>way/349934741</value></Data><Data name="amenity"><value>social_facility</value></Data><Data name="name"><value>Wasagården</value></Data><Data name="social_facility"><value>group_home</value></Data><Data name="social_facility:for"><value>senior</value></Data><Data name="@geometry"><value>center</value></Data></ExtendedData><Point><coordinates>14.8845708,58.4438071</coordinates></Point></Placemark><Placemark><name>Tapiren</name><ExtendedData><Data name="@id"><value>way/352948498</value></Data><Data name="amenity"><value>social_facility</value></Data><Data name="building"><value>yes</value></Data><Data name="name"><value>Tapiren</value></Data><Data name="social_facility"><value>nursing_home</value></Data><Data name="social_facility:for"><value>senior</value></Data><Data name="@geometry"><value>center</value></Data></ExtendedData><Point><coordinates>14.1044269,59.3126636</coordinates></Point></Placemark><Placemark><ExtendedData><Data name="@id"><value>way/352955204</value></Data><Data name="social_facility:for"><value>senior</value></Data><Data name="social_facility"><value>group_home</value></Data><Data name="building:material"><value>brick</value></Data><Data name="building"><value>yes</value></Data><Data name="amenity"><value>social_facility</value></Data><Data name="@geometry"><value>center</value></Data></ExtendedData><Point><coordinates>15.6334371,60.6122038</coordinates></Point></Placemark><Placemark><name>Olsgården</name><ExtendedData><Data name="@id"><value>way/353254164</value></Data><Data name="amenity"><value>social_facility</value></Data><Data name="name"><value>Olsgården</value></Data><Data name="@geometry"><value>center</value></Data></ExtendedData><Point><coordinates>15.2942066,56.2468113</coordinates></Point></Placemark><Placemark><name>Gruppbostad Frödingsvägen</name><ExtendedData><Data name="@id"><value>way/354130281</value></Data><Data name="addr:city"><value>Skoghall</value></Data><Data name="addr:country"><value>SE</value></Data><Data name="addr:housenumber"><value>3 B</value></Data><Data name="addr:postcode"><value>66334</value></Data><Data name="addr:street"><value>Frödingsvägen</value></Data><Data name="amenity"><value>social_facility</value></Data><Data name="building"><value>detached</value></Data><Data name="building:levels"><value>0</value></Data><Data name="name"><value>Gruppbostad Frödingsvägen</value></Data><Data name="phone"><value>+4654519021</value></Data><Data name="social_facility"><value>group_home</value></Data><Data name="@geometry"><value>center</value></Data></ExtendedData><Point><coordinates>13.488557,59.3249778</coordinates></Point></Placemark><Placemark><name>Stavsjö Värdshus</name><ExtendedData><Data name="@id"><value>way/354585500</value></Data><Data name="amenity"><value>social_facility</value></Data><Data name="building"><value>yes</value></Data><Data name="name"><value>Stavsjö Värdshus</value></Data><Data name="social_facility"><value>shelter</value></Data><Data name="social_facility:for"><value>migrant</value></Data><Data name="@geometry"><value>center</value></Data></ExtendedData><Point><coordinates>16.4180845,58.7241595</coordinates></Point></Placemark><Placemark><name>Lilldals äldreboende</name><ExtendedData><Data name="@id"><value>way/354936360</value></Data><Data name="social_facility:for"><value>senior</value></Data><Data name="social_facility"><value>group_home</value></Data><Data name="name"><value>Lilldals äldreboende</value></Data><Data name="contact:website"><value>http://www.tjorn.se/lilldalshemmet</value></Data><Data name="building"><value>public</value></Data><Data name="amenity"><value>social_facility</value></Data><Data name="@geometry"><value>center</value></Data></ExtendedData><Point><coordinates>11.6607799,58.0309382</coordinates></Point></Placemark><Placemark><ExtendedData><Data name="@id"><value>way/355759989</value></Data><Data name="amenity"><value>social_facility</value></Data><Data name="note"><value>senior group home construction (2015-06-23)</value></Data><Data name="social_facility"><value>nursing_home</value></Data><Data name="social_facility:for"><value>senior</value></Data><Data name="@geometry"><value>center</value></Data></ExtendedData><Point><coordinates>17.9080737,59.4566489</coordinates></Point></Placemark><Placemark><name>Byske Hälsocentral</name><ExtendedData><Data name="@id"><value>way/357291824</value></Data><Data name="amenity"><value>clinic</value></Data><Data name="building"><value>yes</value></Data><Data name="emergency"><value>yes</value></Data><Data name="name"><value>Byske Hälsocentral</value></Data><Data name="@geometry"><value>center</value></Data></ExtendedData><Point><coordinates>21.2073738,64.9506052</coordinates></Point></Placemark><Placemark><name>Klövedals äldreboende</name><ExtendedData><Data name="@id"><value>way/358356102</value></Data><Data name="social_facility:for"><value>senior</value></Data><Data name="social_facility"><value>group_home</value></Data><Data name="operator"><value>Tjörns kommun</value></Data><Data name="name"><value>Klövedals äldreboende</value></Data><Data name="amenity"><value>social_facility</value></Data><Data name="building"><value>yes</value></Data><Data name="@geometry"><value>center</value></Data></ExtendedData><Point><coordinates>11.5518305,58.033597</coordinates></Point></Placemark><Placemark><name>Strandgården</name><ExtendedData><Data name="@id"><value>way/359245706</value></Data><Data name="social_facility:for"><value>senior</value></Data><Data name="social_facility"><value>group_home</value></Data><Data name="building"><value>yes</value></Data><Data name="amenity"><value>social_facility</value></Data><Data name="name"><value>Strandgården</value></Data><Data name="@geometry"><value>center</value></Data></ExtendedData><Point><coordinates>11.4687542,58.1793088</coordinates></Point></Placemark><Placemark><name>Universitetssjukhuset Örebro</name><ExtendedData><Data name="@id"><value>way/360413263</value></Data><Data name="addr:street"><value>Södra Grev Rosengatan</value></Data><Data name="amenity"><value>hospital</value></Data><Data name="healthcare"><value>hospital</value></Data><Data name="healthcare:speciality"><value>general;surgery;intensive;psychiatry;paediatrics;ophthalmology;orthopaedics;gynaecology;emergency;cardiology;dialysis;oncology;dermatology;radiology;maternity;physiatry;internal</value></Data><Data name="name"><value>Universitetssjukhuset Örebro</value></Data><Data name="opening_hours"><value>24/7</value></Data><Data name="operator"><value>Region Örebro Län</value></Data><Data name="phone"><value>+46 19-6021000</value></Data><Data name="website"><value>https://www.regionorebrolan.se/uso/</value></Data><Data name="wheelchair"><value>yes</value></Data><Data name="wikidata"><value>Q1388689</value></Data><Data name="@geometry"><value>center</value></Data></ExtendedData><Point><coordinates>15.2293162,59.2753637</coordinates></Point></Placemark><Placemark><ExtendedData><Data name="@id"><value>way/360475593</value></Data><Data name="addr:city"><value>Mörarp</value></Data><Data name="addr:country"><value>SE</value></Data><Data name="addr:housenumber"><value>10</value></Data><Data name="addr:postcode"><value>253 54</value></Data><Data name="addr:street"><value>Postiljonsgatan</value></Data><Data name="amenity"><value>nursing_home</value></Data><Data name="building"><value>yes</value></Data><Data name="source:address"><value>Helsingborgs kommun</value></Data><Data name="@geometry"><value>center</value></Data></ExtendedData><Point><coordinates>12.870328,56.0538939</coordinates></Point></Placemark><Placemark><name>Laröds vårdcentral</name><ExtendedData><Data name="@id"><value>way/361057288</value></Data><Data name="amenity"><value>clinic</value></Data><Data name="building"><value>yes</value></Data><Data name="emergency"><value>no</value></Data><Data name="name"><value>Laröds vårdcentral</value></Data><Data name="@geometry"><value>center</value></Data></ExtendedData><Point><coordinates>12.6567576,56.0939798</coordinates></Point></Placemark><Placemark><name>Arlövs vårdcentral</name><ExtendedData><Data name="@id"><value>way/361096422</value></Data><Data name="name"><value>Arlövs vårdcentral</value></Data><Data name="addr:city"><value>Arlöv</value></Data><Data name="addr:country"><value>SE</value></Data><Data name="addr:housenumber"><value>6</value></Data><Data name="addr:postcode"><value>232 38</value></Data><Data name="addr:street"><value>Svenshögsvägen</value></Data><Data name="amenity"><value>clinic</value></Data><Data name="@geometry"><value>center</value></Data></ExtendedData><Point><coordinates>13.0854746,55.6346424</coordinates></Point></Placemark><Placemark><name>Rosenlunds sjukhus</name><ExtendedData><Data name="@id"><value>way/361946020</value></Data><Data name="wikipedia"><value>sv:Rosenlunds sjukhus</value></Data><Data name="amenity"><value>hospital</value></Data><Data name="healthcare"><value>hospital</value></Data><Data name="name"><value>Rosenlunds sjukhus</value></Data><Data name="name:fi"><value>Rosenlundin sairaala</value></Data><Data name="wikidata"><value>Q10657005</value></Data><Data name="@geometry"><value>center</value></Data></ExtendedData><Point><coordinates>18.0618591,59.3106807</coordinates></Point></Placemark><Placemark><description>Vårdcentral</description><ExtendedData><Data name="@id"><value>way/362157844</value></Data><Data name="description"><value>Vårdcentral</value></Data><Data name="amenity"><value>clinic</value></Data><Data name="building"><value>yes</value></Data><Data name="@geometry"><value>center</value></Data></ExtendedData><Point><coordinates>14.9546072,60.2160377</coordinates></Point></Placemark><Placemark><name>Gruppbostad Ljungholmsgatan</name><ExtendedData><Data name="@id"><value>way/363629180</value></Data><Data name="addr:city"><value>Malmö</value></Data><Data name="addr:country"><value>SE</value></Data><Data name="addr:housenumber"><value>12</value></Data><Data name="addr:postcode"><value>213 74</value></Data><Data name="addr:street"><value>Ljungholmsgatan</value></Data><Data name="amenity"><value>social_facility</value></Data><Data name="name"><value>Gruppbostad Ljungholmsgatan</value></Data><Data name="social_facility"><value>group_home</value></Data><Data name="social_facility:for"><value>disabled</value></Data><Data name="@geometry"><value>center</value></Data></ExtendedData><Point><coordinates>13.0328978,55.5667655</coordinates></Point></Placemark><Placemark><name>Tubberödshus äldreboende</name><ExtendedData><Data name="@id"><value>way/364035444</value></Data><Data name="social_facility:for"><value>senior</value></Data><Data name="social_facility"><value>group_home</value></Data><Data name="name"><value>Tubberödshus äldreboende</value></Data><Data name="amenity"><value>social_facility</value></Data><Data name="building"><value>yes</value></Data><Data name="@geometry"><value>center</value></Data></ExtendedData><Point><coordinates>11.5581995,57.9942451</coordinates></Point></Placemark><Placemark><name>Fågelkärrsvägens gruppboende</name><ExtendedData><Data name="@id"><value>way/364535231</value></Data><Data name="social_facility:for"><value>disabled</value></Data><Data name="social_facility"><value>assisted_living</value></Data><Data name="operator"><value>Tjörns kommun</value></Data><Data name="name"><value>Fågelkärrsvägens gruppboende</value></Data><Data name="building"><value>yes</value></Data><Data name="amenity"><value>social_facility</value></Data><Data name="@geometry"><value>center</value></Data></ExtendedData><Point><coordinates>11.7392771,58.0314238</coordinates></Point></Placemark><Placemark><name>Karl Hovbergsgatan Gruppbostad</name><ExtendedData><Data name="@id"><value>way/364829871</value></Data><Data name="addr:city"><value>Eskilstuna</value></Data><Data name="addr:country"><value>SE</value></Data><Data name="addr:housenumber"><value>23</value></Data><Data name="addr:postcode"><value>633 48</value></Data><Data name="addr:street"><value>Måstavägen</value></Data><Data name="amenity"><value>social_facility</value></Data><Data name="name"><value>Karl Hovbergsgatan Gruppbostad</value></Data><Data name="social_facility"><value>group_home</value></Data><Data name="@geometry"><value>center</value></Data></ExtendedData><Point><coordinates>16.4960951,59.3953807</coordinates></Point></Placemark><Placemark><ExtendedData><Data name="@id"><value>way/366195542</value></Data><Data name="amenity"><value>clinic</value></Data><Data name="building"><value>yes</value></Data><Data name="@geometry"><value>center</value></Data></ExtendedData><Point><coordinates>16.7338262,59.1343791</coordinates></Point></Placemark><Placemark><ExtendedData><Data name="@id"><value>way/366195804</value></Data><Data name="amenity"><value>social_facility</value></Data><Data name="building"><value>yes</value></Data><Data name="@geometry"><value>center</value></Data></ExtendedData><Point><coordinates>16.7346692,59.1346626</coordinates></Point></Placemark><Placemark><name>Tranan</name><ExtendedData><Data name="@id"><value>way/366301218</value></Data><Data name="amenity"><value>nursing_home</value></Data><Data name="building"><value>yes</value></Data><Data name="name"><value>Tranan</value></Data><Data name="@geometry"><value>center</value></Data></ExtendedData><Point><coordinates>17.1058299,65.0926147</coordinates></Point></Placemark><Placemark><name>Hedemora vårdcentral</name><ExtendedData><Data name="@id"><value>way/369156105</value></Data><Data name="amenity"><value>clinic</value></Data><Data name="building"><value>yes</value></Data><Data name="emergency"><value>no</value></Data><Data name="healthcare"><value>clinic</value></Data><Data name="name"><value>Hedemora vårdcentral</value></Data><Data name="@geometry"><value>center</value></Data></ExtendedData><Point><coordinates>15.996305,60.2733963</coordinates></Point></Placemark><Placemark><name>Vinstragårdens äldreboende</name><ExtendedData><Data name="@id"><value>way/369156111</value></Data><Data name="amenity"><value>social_facility</value></Data><Data name="building"><value>yes</value></Data><Data name="name"><value>Vinstragårdens äldreboende</value></Data><Data name="social_facility:for"><value>senior</value></Data><Data name="@geometry"><value>center</value></Data></ExtendedData><Point><coordinates>15.9957877,60.2728968</coordinates></Point></Placemark><Placemark><name>Ronneby rehabiliteringscenter</name><ExtendedData><Data name="@id"><value>way/369167210</value></Data><Data name="amenity"><value>clinic</value></Data><Data name="building"><value>yes</value></Data><Data name="name"><value>Ronneby rehabiliteringscenter</value></Data><Data name="phone"><value>+46 457 731490</value></Data><Data name="website"><value>https://www.1177.se/Blekinge/Fakta-och-rad/Behandlingar/Ronneby-rehabiliteringscenter/</value></Data><Data name="@geometry"><value>center</value></Data></ExtendedData><Point><coordinates>15.2745803,56.212466</coordinates></Point></Placemark><Placemark><ExtendedData><Data name="@id"><value>way/370294564</value></Data><Data name="amenity"><value>nursing_home</value></Data><Data name="building"><value>yes</value></Data><Data name="@geometry"><value>center</value></Data></ExtendedData><Point><coordinates>11.8191801,58.1410267</coordinates></Point></Placemark><Placemark><name>Kronans Apotek</name><ExtendedData><Data name="@id"><value>way/370367242</value></Data><Data name="website:stock"><value>https://www.fass.se/</value></Data><Data name="phone"><value>+46771612612</value></Data><Data name="amenity"><value>pharmacy</value></Data><Data name="app:apple"><value>https://itunes.apple.com/se/app/kronans-apotek/id1129771604?l=en</value></Data><Data name="app:google"><value>https://play.google.com/store/apps/details?id=se.kronansapotek.kronan</value></Data><Data name="brand"><value>Kronans Apotek</value></Data><Data name="building"><value>yes</value></Data><Data name="dispensing"><value>yes</value></Data><Data name="name"><value>Kronans Apotek</value></Data><Data name="operator"><value>Kronans Droghandel Apotek AB</value></Data><Data name="@geometry"><value>center</value></Data></ExtendedData><Point><coordinates>20.5498403,63.9011434</coordinates></Point></Placemark><Placemark><name>Frennarps äldreboende</name><ExtendedData><Data name="@id"><value>way/372361319</value></Data><Data name="source"><value>Bing</value></Data><Data name="social_facility:for"><value>senior</value></Data><Data name="social_facility"><value>assisted_living</value></Data><Data name="addr:city"><value>Halmstad</value></Data><Data name="addr:country"><value>SE</value></Data><Data name="addr:housenumber"><value>131</value></Data><Data name="addr:street"><value>Frennarpsvägen</value></Data><Data name="amenity"><value>social_facility</value></Data><Data name="building"><value>apartments</value></Data><Data name="name"><value>Frennarps äldreboende</value></Data><Data name="@geometry"><value>center</value></Data></ExtendedData><Point><coordinates>12.8759442,56.6892337</coordinates></Point></Placemark><Placemark><ExtendedData><Data name="@id"><value>way/375777559</value></Data><Data name="amenity"><value>social_facility</value></Data><Data name="building"><value>yes</value></Data><Data name="social_facility"><value>nursing_home</value></Data><Data name="social_facility:for"><value>senior</value></Data><Data name="@geometry"><value>center</value></Data></ExtendedData><Point><coordinates>14.2211725,56.6429934</coordinates></Point></Placemark><Placemark><ExtendedData><Data name="@id"><value>way/376036638</value></Data><Data name="addr:city"><value>Åkersberga</value></Data><Data name="addr:country"><value>SE</value></Data><Data name="addr:housenumber"><value>7</value></Data><Data name="addr:postcode"><value>184 33</value></Data><Data name="addr:street"><value>Solskiftesvägen</value></Data><Data name="amenity"><value>social_facility</value></Data><Data name="building"><value>yes</value></Data><Data name="social_facility"><value>nursing_home</value></Data><Data name="social_facility:for"><value>senior</value></Data><Data name="source"><value>Bing</value></Data><Data name="@geometry"><value>center</value></Data></ExtendedData><Point><coordinates>18.3059971,59.5014431</coordinates></Point></Placemark><Placemark><ExtendedData><Data name="@id"><value>way/376036647</value></Data><Data name="addr:city"><value>Åkersberga</value></Data><Data name="addr:country"><value>SE</value></Data><Data name="addr:housenumber"><value>5</value></Data><Data name="addr:postcode"><value>184 33</value></Data><Data name="addr:street"><value>Solskiftesvägen</value></Data><Data name="amenity"><value>social_facility</value></Data><Data name="building"><value>yes</value></Data><Data name="social_facility"><value>nursing_home</value></Data><Data name="social_facility:for"><value>senior</value></Data><Data name="source"><value>Bing</value></Data><Data name="@geometry"><value>center</value></Data></ExtendedData><Point><coordinates>18.3056465,59.5018046</coordinates></Point></Placemark><Placemark><name>Svärdsjö vårdcentral</name><ExtendedData><Data name="@id"><value>way/376477724</value></Data><Data name="amenity"><value>clinic</value></Data><Data name="building"><value>yes</value></Data><Data name="healthcare"><value>clinic</value></Data><Data name="name"><value>Svärdsjö vårdcentral</value></Data><Data name="@geometry"><value>center</value></Data></ExtendedData><Point><coordinates>15.9080629,60.7414334</coordinates></Point></Placemark><Placemark><name>Västmanlands sjukhus Fagersta</name><ExtendedData><Data name="@id"><value>way/378426445</value></Data><Data name="operator"><value>Region Västmanland</value></Data><Data name="addr:city"><value>Fagersta</value></Data><Data name="addr:country"><value>SE</value></Data><Data name="addr:housenumber"><value>1</value></Data><Data name="addr:postcode"><value>73742</value></Data><Data name="addr:street"><value>Floravägen</value></Data><Data name="amenity"><value>hospital</value></Data><Data name="name"><value>Västmanlands sjukhus Fagersta</value></Data><Data name="old_name"><value>Bergslagssjukhuset</value></Data><Data name="@geometry"><value>center</value></Data></ExtendedData><Point><coordinates>15.8097882,59.9972536</coordinates></Point></Placemark><Placemark><ExtendedData><Data name="@id"><value>way/378441350</value></Data><Data name="addr:street"><value>Stationsvägen</value></Data><Data name="amenity"><value>pharmacy</value></Data><Data name="building"><value>yes</value></Data><Data name="website:stock"><value>https://www.fass.se/</value></Data><Data name="@geometry"><value>center</value></Data></ExtendedData><Point><coordinates>15.7971312,60.0051021</coordinates></Point></Placemark><Placemark><name>Enköpings Lasarett</name><ExtendedData><Data name="@id"><value>way/380155787</value></Data><Data name="opening_hours"><value>24/7</value></Data><Data name="amenity"><value>hospital</value></Data><Data name="emergency"><value>yes</value></Data><Data name="health_specialty:emergency_medicine"><value>yes</value></Data><Data name="health_specialty:family_medicine"><value>yes</value></Data><Data name="health_specialty:orthopaedics"><value>yes</value></Data><Data name="health_specialty:surgery"><value>yes</value></Data><Data name="healthcare"><value>hospital</value></Data><Data name="name"><value>Enköpings Lasarett</value></Data><Data name="@geometry"><value>center</value></Data></ExtendedData><Point><coordinates>17.069778,59.6296174</coordinates></Point></Placemark><Placemark><ExtendedData><Data name="@id"><value>way/380437164</value></Data><Data name="amenity"><value>social_facility</value></Data><Data name="building"><value>yes</value></Data><Data name="social_facility"><value>shelter</value></Data><Data name="social_facility:for"><value>migrant</value></Data><Data name="@geometry"><value>center</value></Data></ExtendedData><Point><coordinates>16.8663078,58.7410846</coordinates></Point></Placemark><Placemark><ExtendedData><Data name="@id"><value>way/380538999</value></Data><Data name="amenity"><value>social_facility</value></Data><Data name="building"><value>yes</value></Data><Data name="old_name"><value>Äldreboende Bukärrsgården</value></Data><Data name="social_facility"><value>shelter</value></Data><Data name="social_facility:for"><value>migrant</value></Data><Data name="@geometry"><value>center</value></Data></ExtendedData><Point><coordinates>11.9646299,57.5188591</coordinates></Point></Placemark><Placemark><name>Axess Medica Spenshults sjukhus</name><ExtendedData><Data name="@id"><value>way/380946903</value></Data><Data name="building"><value>yes</value></Data><Data name="amenity"><value>social_facility</value></Data><Data name="name"><value>Axess Medica Spenshults sjukhus</value></Data><Data name="official_name"><value>Axess Medica Spenshults sjukhus</value></Data><Data name="old_name"><value>Axess Medica Spenshults sjukhus</value></Data><Data name="short_name"><value>Spenshults sjukhus</value></Data><Data name="social_facility"><value>shelter</value></Data><Data name="social_facility:for"><value>migrant</value></Data><Data name="wikidata"><value>Q55593604</value></Data><Data name="@geometry"><value>center</value></Data></ExtendedData><Point><coordinates>13.0196781,56.8504323</coordinates></Point></Placemark><Placemark><name>Åkershem</name><ExtendedData><Data name="@id"><value>way/383558817</value></Data><Data name="social_facility:for"><value>senior</value></Data><Data name="name"><value>Åkershem</value></Data><Data name="building"><value>yes</value></Data><Data name="amenity"><value>social_facility</value></Data><Data name="@geometry"><value>center</value></Data></ExtendedData><Point><coordinates>15.4206811,60.5126656</coordinates></Point></Placemark><Placemark><name>Korsnäsgården</name><ExtendedData><Data name="@id"><value>way/384053404</value></Data><Data name="name"><value>Korsnäsgården</value></Data><Data name="building"><value>yes</value></Data><Data name="amenity"><value>nursing_home</value></Data><Data name="@geometry"><value>center</value></Data></ExtendedData><Point><coordinates>15.7108574,60.5884889</coordinates></Point></Placemark><Placemark><name>Hela Människan Ria Borlänge</name><ExtendedData><Data name="@id"><value>way/384520749</value></Data><Data name="roof:shape"><value>mansard</value></Data><Data name="amenity"><value>social_facility</value></Data><Data name="building"><value>yes</value></Data><Data name="building:colour"><value>#801818</value></Data><Data name="building:levels"><value>1</value></Data><Data name="building:material"><value>wood</value></Data><Data name="name"><value>Hela Människan Ria Borlänge</value></Data><Data name="operator"><value>Hela Människan</value></Data><Data name="phone"><value>+46 243 18189</value></Data><Data name="roof:levels"><value>1</value></Data><Data name="roof:material"><value>roof_tiles</value></Data><Data name="short_name"><value>RIA</value></Data><Data name="social_facility"><value>shelter</value></Data><Data name="website"><value>http://helamanniskan.se/borlange</value></Data><Data name="@geometry"><value>center</value></Data></ExtendedData><Point><coordinates>15.439616,60.4831011</coordinates></Point></Placemark><Placemark><name>Tunagården</name><ExtendedData><Data name="@id"><value>way/384532682</value></Data><Data name="amenity"><value>nursing_home</value></Data><Data name="building"><value>yes</value></Data><Data name="name"><value>Tunagården</value></Data><Data name="source"><value>Bing</value></Data><Data name="@geometry"><value>center</value></Data></ExtendedData><Point><coordinates>15.4834173,60.4438109</coordinates></Point></Placemark><Placemark><ExtendedData><Data name="@id"><value>way/384639489</value></Data><Data name="addr:housename"><value>Tölö församlingshem</value></Data><Data name="amenity"><value>social_facility</value></Data><Data name="building"><value>yes</value></Data><Data name="social_facility"><value>shelter</value></Data><Data name="social_facility:for"><value>migrant</value></Data><Data name="@geometry"><value>center</value></Data></ExtendedData><Point><coordinates>12.0870148,57.4976113</coordinates></Point></Placemark><Placemark><name>Pomona</name><ExtendedData><Data name="@id"><value>way/385671322</value></Data><Data name="addr:housenumber"><value>2</value></Data><Data name="addr:street"><value>Plommonvägen</value></Data><Data name="website"><value>https://www.humana.se/aldreboende/aldreboenden/Habo-Pomona/</value></Data><Data name="addr:city"><value>Bålsta</value></Data><Data name="addr:country"><value>SE</value></Data><Data name="addr:postcode"><value>746 33</value></Data><Data name="amenity"><value>social_facility</value></Data><Data name="building"><value>yes</value></Data><Data name="name"><value>Pomona</value></Data><Data name="operator"><value>Humana omsorg AB</value></Data><Data name="social_facility"><value>nursing_home</value></Data><Data name="social_facility:for"><value>senior</value></Data><Data name="@geometry"><value>center</value></Data></ExtendedData><Point><coordinates>17.5278905,59.5688536</coordinates></Point></Placemark><Placemark><name>Högsommaren gruppbostad</name><ExtendedData><Data name="@id"><value>way/387464183</value></Data><Data name="addr:city"><value>Skogås</value></Data><Data name="addr:country"><value>SE</value></Data><Data name="addr:housenumber"><value>4</value></Data><Data name="addr:postcode"><value>142 42</value></Data><Data name="addr:street"><value>Vitnäsvägen</value></Data><Data name="amenity"><value>social_facility</value></Data><Data name="name"><value>Högsommaren gruppbostad</value></Data><Data name="social_facility"><value>group_home</value></Data><Data name="social_facility:for"><value>disabled</value></Data><Data name="@geometry"><value>center</value></Data></ExtendedData><Point><coordinates>18.1663432,59.2175031</coordinates></Point></Placemark><Placemark><name>Högsommaren gruppbostad</name><ExtendedData><Data name="@id"><value>way/387464184</value></Data><Data name="addr:city"><value>Skogås</value></Data><Data name="addr:country"><value>SE</value></Data><Data name="addr:housenumber"><value>2</value></Data><Data name="addr:postcode"><value>142 42</value></Data><Data name="addr:street"><value>Vitnäsvägen</value></Data><Data name="amenity"><value>social_facility</value></Data><Data name="name"><value>Högsommaren gruppbostad</value></Data><Data name="social_facility"><value>group_home</value></Data><Data name="social_facility:for"><value>disabled</value></Data><Data name="@geometry"><value>center</value></Data></ExtendedData><Point><coordinates>18.1657509,59.2175841</coordinates></Point></Placemark><Placemark><name>Capio Vårdcentral Lekeberg</name><ExtendedData><Data name="@id"><value>way/389514409</value></Data><Data name="amenity"><value>clinic</value></Data><Data name="building"><value>civic</value></Data><Data name="building:levels"><value>1</value></Data><Data name="check_date:opening_hours"><value>2022-10-13</value></Data><Data name="name"><value>Capio Vårdcentral Lekeberg</value></Data><Data name="opening_hours"><value>Mo-Fr 08:00-17:00</value></Data><Data name="website"><value>https://capio.se/narsjukvard/orebro/fjugesta-lekeberg-vardcentral/</value></Data><Data name="@geometry"><value>center</value></Data></ExtendedData><Point><coordinates>14.8650028,59.1753125</coordinates></Point></Placemark><Placemark><name>Ekoxens dagliga verksamhet</name><ExtendedData><Data name="@id"><value>way/390579464</value></Data><Data name="amenity"><value>social_facility</value></Data><Data name="name"><value>Ekoxens dagliga verksamhet</value></Data><Data name="social_facility"><value>workshop</value></Data><Data name="@geometry"><value>center</value></Data></ExtendedData><Point><coordinates>18.031256,59.4383454</coordinates></Point></Placemark><Placemark><name>Strandbo</name><ExtendedData><Data name="@id"><value>way/391263395</value></Data><Data name="amenity"><value>social_facility</value></Data><Data name="name"><value>Strandbo</value></Data><Data name="operator"><value>Timrå kommun</value></Data><Data name="social_facility"><value>group_home</value></Data><Data name="social_facility:for"><value>senior</value></Data><Data name="@geometry"><value>center</value></Data></ExtendedData><Point><coordinates>17.5162235,62.5006538</coordinates></Point></Placemark><Placemark><ExtendedData><Data name="@id"><value>way/391802648</value></Data><Data name="social_facility:for"><value>senior</value></Data><Data name="social_facility"><value>group_home</value></Data><Data name="amenity"><value>social_facility</value></Data><Data name="building"><value>yes</value></Data><Data name="@geometry"><value>center</value></Data></ExtendedData><Point><coordinates>12.1742561,57.7448448</coordinates></Point></Placemark><Placemark><ExtendedData><Data name="@id"><value>way/391805766</value></Data><Data name="amenity"><value>social_facility</value></Data><Data name="building"><value>yes</value></Data><Data name="social_facility"><value>group_home</value></Data><Data name="social_facility:for"><value>senior</value></Data><Data name="@geometry"><value>center</value></Data></ExtendedData><Point><coordinates>12.1750167,57.7449997</coordinates></Point></Placemark><Placemark><name>Västerås Centrallasarett</name><ExtendedData><Data name="@id"><value>way/392774319</value></Data><Data name="name"><value>Västerås Centrallasarett</value></Data><Data name="amenity"><value>hospital</value></Data><Data name="emergency"><value>yes</value></Data><Data name="health_specialty:emergency_medicine"><value>yes</value></Data><Data name="health_specialty:family_medicine"><value>yes</value></Data><Data name="health_specialty:intensive_care_medicine"><value>yes</value></Data><Data name="health_specialty:orthopaedics"><value>yes</value></Data><Data name="health_specialty:surgery"><value>yes</value></Data><Data name="health_specialty:vascular_surgery"><value>yes</value></Data><Data name="healthcare"><value>hospital</value></Data><Data name="opening_hours"><value>24/7</value></Data><Data name="website"><value>http://www.ltv.se/Halsa_och_vard/vardcentraler-och-mottagningar/sjukhus1/vastmanlands-sjukhus-vasteras/</value></Data><Data name="@geometry"><value>center</value></Data></ExtendedData><Point><coordinates>16.5829602,59.6184516</coordinates></Point></Placemark><Placemark><name>Karolinska universitetssjukhuset Huddinge</name><ExtendedData><Data name="@id"><value>way/392785310</value></Data><Data name="amenity"><value>hospital</value></Data><Data name="emergency"><value>yes</value></Data><Data name="emergency:paediatric"><value>yes</value></Data><Data name="health_specialty:emergency_medicine"><value>yes</value></Data><Data name="health_specialty:family_medicine"><value>yes</value></Data><Data name="health_specialty:intensive_care_medicine"><value>yes</value></Data><Data name="health_specialty:orthopaedics"><value>yes</value></Data><Data name="health_specialty:surgery"><value>yes</value></Data><Data name="health_specialty:vascular_surgery"><value>yes</value></Data><Data name="healthcare"><value>hospital</value></Data><Data name="name"><value>Karolinska universitetssjukhuset Huddinge</value></Data><Data name="name:fi"><value>Huddingen karoliininen yliopistosairaala</value></Data><Data name="name:sv"><value>Karolinska universitetssjukhuset Huddinge</value></Data><Data name="opening_hours"><value>24/7</value></Data><Data name="operator"><value>Region Stockholm</value></Data><Data name="operator:type"><value>public</value></Data><Data name="website"><value>https://www.karolinska.se/</value></Data><Data name="@geometry"><value>center</value></Data></ExtendedData><Point><coordinates>17.9345567,59.221299</coordinates></Point></Placemark><Placemark><name>Bollnäs sjukhus</name><ExtendedData><Data name="@id"><value>way/392790200</value></Data><Data name="website"><value>https://www.regiongavleborg.se/Halsa-vard-och-tandvard/Sjukhus/Sjukhuset-i-Bollnas/</value></Data><Data name="amenity"><value>hospital</value></Data><Data name="emergency"><value>yes</value></Data><Data name="health_specialty:emergency_medicine"><value>yes</value></Data><Data name="health_specialty:family_medicine"><value>yes</value></Data><Data name="health_specialty:orthopaedics"><value>yes</value></Data><Data name="health_specialty:paediatrics"><value>yes</value></Data><Data name="name"><value>Bollnäs sjukhus</value></Data><Data name="@geometry"><value>center</value></Data></ExtendedData><Point><coordinates>16.3619155,61.3537142</coordinates></Point></Placemark><Placemark><name>Höglandssjukhuset Eksjö-Nässjö</name><ExtendedData><Data name="@id"><value>way/392793539</value></Data><Data name="amenity"><value>hospital</value></Data><Data name="health_specialty:orthopaedics"><value>yes</value></Data><Data name="name"><value>Höglandssjukhuset Eksjö-Nässjö</value></Data><Data name="opening_hours"><value>24/7</value></Data><Data name="website"><value>https://www.rjl.se/hoglandssjukhuset</value></Data><Data name="@geometry"><value>center</value></Data></ExtendedData><Point><coordinates>14.7132697,57.6556949</coordinates></Point></Placemark><Placemark><name>Piteå Älvdals Sjukhus</name><ExtendedData><Data name="@id"><value>way/392852737</value></Data><Data name="wheelchair"><value>yes</value></Data><Data name="amenity"><value>hospital</value></Data><Data name="emergency"><value>yes</value></Data><Data name="health_specialty:intensive_care_medicine"><value>yes</value></Data><Data name="health_specialty:orthopaedics"><value>yes</value></Data><Data name="health_specialty:radiology"><value>yes</value></Data><Data name="name"><value>Piteå Älvdals Sjukhus</value></Data><Data name="opening_hours:emergency"><value>24/7</value></Data><Data name="toilets:wheelchair"><value>yes</value></Data><Data name="@geometry"><value>center</value></Data></ExtendedData><Point><coordinates>21.4960996,65.31236</coordinates></Point></Placemark><Placemark><name>Hässleholms Sjukhus</name><ExtendedData><Data name="@id"><value>way/393345175</value></Data><Data name="wheelchair"><value>yes</value></Data><Data name="amenity"><value>hospital</value></Data><Data name="emergency"><value>yes</value></Data><Data name="health_specialty:emergency_medicine"><value>yes</value></Data><Data name="health_specialty:family_medicine"><value>yes</value></Data><Data name="health_specialty:orthopaedics"><value>yes</value></Data><Data name="health_specialty:paediatrics"><value>yes</value></Data><Data name="name"><value>Hässleholms Sjukhus</value></Data><Data name="opening_hours"><value>Mo-Su 08:00-20:00</value></Data><Data name="toilets:wheelchair"><value>yes</value></Data><Data name="website"><value>https://www.skane.se/webbplatser/hassleholm/hassleholm_internet/</value></Data><Data name="@geometry"><value>center</value></Data></ExtendedData><Point><coordinates>13.7772917,56.1600924</coordinates></Point></Placemark><Placemark><name>Rungården, Ålderdomshem</name><ExtendedData><Data name="@id"><value>way/393402919</value></Data><Data name="amenity"><value>social_facility</value></Data><Data name="building"><value>yes</value></Data><Data name="name"><value>Rungården, Ålderdomshem</value></Data><Data name="social_facility"><value>nursing_home</value></Data><Data name="social_facility:for"><value>senior</value></Data><Data name="@geometry"><value>center</value></Data></ExtendedData><Point><coordinates>16.9696272,59.9336095</coordinates></Point></Placemark><Placemark><name>Sjukhuset Arvika</name><ExtendedData><Data name="@id"><value>way/393456227</value></Data><Data name="amenity"><value>hospital</value></Data><Data name="beds:health_specialty:intensive_care_medicine"><value>6</value></Data><Data name="emergency"><value>yes</value></Data><Data name="health_specialty:emergency_medicine"><value>yes</value></Data><Data name="health_specialty:family_medicine"><value>yes</value></Data><Data name="health_specialty:intensive_care_medicine"><value>yes</value></Data><Data name="health_specialty:orthopaedics"><value>yes</value></Data><Data name="health_specialty:surgery"><value>yes</value></Data><Data name="healthcare"><value>hospital</value></Data><Data name="name"><value>Sjukhuset Arvika</value></Data><Data name="opening_hours"><value>24/7</value></Data><Data name="website"><value>https://www.liv.se/Om-Landstinget-i-Varmland/Halsa-vard-och-patientinformation/Sjukhus-i-Varmland/Sjukhuset-i-Arvika/</value></Data><Data name="@geometry"><value>center</value></Data></ExtendedData><Point><coordinates>12.6158443,59.66542</coordinates></Point></Placemark><Placemark><name>Norra Älvsborgs Länssjukhus</name><ExtendedData><Data name="@id"><value>way/394646100</value></Data><Data name="wikidata"><value>Q7053233</value></Data><Data name="amenity"><value>hospital</value></Data><Data name="emergency"><value>yes</value></Data><Data name="health_specialty:emergency_medicine"><value>yes</value></Data><Data name="health_specialty:family_medicine"><value>yes</value></Data><Data name="health_specialty:intensive_care_medicine"><value>yes</value></Data><Data name="health_specialty:paediatrics"><value>yes</value></Data><Data name="health_specialty:surgery"><value>yes</value></Data><Data name="health_specialty:vascular_surgery"><value>yes</value></Data><Data name="healthcare"><value>hospital</value></Data><Data name="name"><value>Norra Älvsborgs Länssjukhus</value></Data><Data name="opening_hours"><value>24/7</value></Data><Data name="short_name"><value>NÄL</value></Data><Data name="toilets:wheelchair"><value>yes</value></Data><Data name="website"><value>https://www.nusjukvarden.se/sv/NU-sjukvarden/Hitta-varden/Nal/</value></Data><Data name="wheelchair"><value>yes</value></Data><Data name="@geometry"><value>center</value></Data></ExtendedData><Point><coordinates>12.2650627,58.3189078</coordinates></Point></Placemark><Placemark><name>Karlskoga Lasarett</name><ExtendedData><Data name="@id"><value>way/395221047</value></Data><Data name="amenity"><value>hospital</value></Data><Data name="emergency"><value>yes</value></Data><Data name="health_specialty:emergency_medicine"><value>yes</value></Data><Data name="health_specialty:family_medicine"><value>yes</value></Data><Data name="health_specialty:intensive_care_medicine"><value>yes</value></Data><Data name="health_specialty:orthopaedics"><value>yes</value></Data><Data name="health_specialty:paediatrics"><value>yes</value></Data><Data name="health_specialty:surgery"><value>yes</value></Data><Data name="name"><value>Karlskoga Lasarett</value></Data><Data name="opening_hours"><value>24/7</value></Data><Data name="website"><value>https://www.regionorebrolan.se/karlskoga/</value></Data><Data name="wheelchair"><value>yes</value></Data><Data name="wikidata"><value>Q10543862</value></Data><Data name="@geometry"><value>center</value></Data></ExtendedData><Point><coordinates>14.5058359,59.3151212</coordinates></Point></Placemark><Placemark><name>Gällivare sjukhus</name><ExtendedData><Data name="@id"><value>way/395251419</value></Data><Data name="addr:city"><value>Gällivare</value></Data><Data name="addr:country"><value>SE</value></Data><Data name="addr:housenumber"><value>14</value></Data><Data name="addr:postcode"><value>98234</value></Data><Data name="addr:street"><value>Källgatan</value></Data><Data name="amenity"><value>hospital</value></Data><Data name="emergency"><value>yes</value></Data><Data name="health_specialty:emergency_medicine"><value>yes</value></Data><Data name="health_specialty:family_medicine"><value>yes</value></Data><Data name="health_specialty:intensive_care_medicine"><value>yes</value></Data><Data name="health_specialty:orthopaedics"><value>yes</value></Data><Data name="health_specialty:paediatrics"><value>yes</value></Data><Data name="health_specialty:radiology"><value>yes</value></Data><Data name="health_specialty:surgery"><value>yes</value></Data><Data name="healthcare"><value>hospital</value></Data><Data name="name"><value>Gällivare sjukhus</value></Data><Data name="opening_hours"><value>Mo-Su 06:00-20:00</value></Data><Data name="opening_hours:emergency"><value>24/7</value></Data><Data name="opening_hours:surgery"><value>Mo-Th 07:15-16:30; Fr 07:15-12:00</value></Data><Data name="operator"><value>Norrbottens läns landsting</value></Data><Data name="website"><value>http://www.nll.se/gallivaresjukhus</value></Data><Data name="@geometry"><value>center</value></Data></ExtendedData><Point><coordinates>20.6860685,67.1311282</coordinates></Point></Placemark><Placemark><name>Långbroberg servicehus</name><ExtendedData><Data name="@id"><value>way/395443486</value></Data><Data name="wheelchair"><value>yes</value></Data><Data name="social_facility:for"><value>senior</value></Data><Data name="amenity"><value>social_facility</value></Data><Data name="name"><value>Långbroberg servicehus</value></Data><Data name="operator"><value>Attendo</value></Data><Data name="social_facility"><value>group_home</value></Data><Data name="@geometry"><value>center</value></Data></ExtendedData><Point><coordinates>17.9832242,59.282572</coordinates></Point></Placemark><Placemark><ExtendedData><Data name="@id"><value>way/396604012</value></Data><Data name="amenity"><value>social_facility</value></Data><Data name="@geometry"><value>center</value></Data></ExtendedData><Point><coordinates>18.0702586,59.5454275</coordinates></Point></Placemark><Placemark><name>Gusums hembygdsgård</name><ExtendedData><Data name="@id"><value>way/397287504</value></Data><Data name="amenity"><value>social_facility</value></Data><Data name="building"><value>yes</value></Data><Data name="name"><value>Gusums hembygdsgård</value></Data><Data name="@geometry"><value>center</value></Data></ExtendedData><Point><coordinates>16.4904137,58.2741654</coordinates></Point></Placemark><Placemark><name>Ösby Skolväg 1</name><ExtendedData><Data name="@id"><value>way/398850414</value></Data><Data name="amenity"><value>social_facility</value></Data><Data name="name"><value>Ösby Skolväg 1</value></Data><Data name="operator"><value>Värmdö Kommun</value></Data><Data name="social_facility"><value>group_home</value></Data><Data name="social_facility:for"><value>disabled</value></Data><Data name="@geometry"><value>center</value></Data></ExtendedData><Point><coordinates>18.4166887,59.3167048</coordinates></Point></Placemark><Placemark><name>Ösby Skolväg 3</name><ExtendedData><Data name="@id"><value>way/398850415</value></Data><Data name="amenity"><value>social_facility</value></Data><Data name="name"><value>Ösby Skolväg 3</value></Data><Data name="operator"><value>Värmdö Kommun</value></Data><Data name="social_facility"><value>group_home</value></Data><Data name="social_facility:for"><value>disabled</value></Data><Data name="@geometry"><value>center</value></Data></ExtendedData><Point><coordinates>18.4175602,59.3166238</coordinates></Point></Placemark><Placemark><name>Norra sjukhusområdet</name><ExtendedData><Data name="@id"><value>way/399518256</value></Data><Data name="amenity"><value>hospital</value></Data><Data name="healthcare"><value>hospital</value></Data><Data name="name"><value>Norra sjukhusområdet</value></Data><Data name="@geometry"><value>center</value></Data></ExtendedData><Point><coordinates>12.8591983,56.2392057</coordinates></Point></Placemark><Placemark><name>Bromma sjukhus</name><ExtendedData><Data name="@id"><value>way/400152301</value></Data><Data name="wheelchair"><value>yes</value></Data><Data name="phone"><value>+4686875000</value></Data><Data name="addr:city"><value>Bromma</value></Data><Data name="addr:country"><value>SE</value></Data><Data name="addr:housenumber"><value>32</value></Data><Data name="addr:postcode"><value>168 62</value></Data><Data name="addr:street"><value>Follingbogatan</value></Data><Data name="amenity"><value>hospital</value></Data><Data name="healthcare"><value>hospital</value></Data><Data name="name"><value>Bromma sjukhus</value></Data><Data name="name:en"><value>Bromma Hospital</value></Data><Data name="name:fi"><value>Bromman sairaala</value></Data><Data name="name:sv"><value>Bromma sjukhus</value></Data><Data name="@geometry"><value>center</value></Data></ExtendedData><Point><coordinates>17.9000524,59.3589933</coordinates></Point></Placemark><Placemark><name>Tunets äldreboende</name><ExtendedData><Data name="@id"><value>way/400331828</value></Data><Data name="social_facility:for"><value>senior</value></Data><Data name="amenity"><value>social_facility</value></Data><Data name="name"><value>Tunets äldreboende</value></Data><Data name="social_facility"><value>group_home</value></Data><Data name="@geometry"><value>center</value></Data></ExtendedData><Point><coordinates>17.8906637,59.3570419</coordinates></Point></Placemark><Placemark><name>Servicehus</name><ExtendedData><Data name="@id"><value>way/400662620</value></Data><Data name="amenity"><value>social_facility</value></Data><Data name="name"><value>Servicehus</value></Data><Data name="@geometry"><value>center</value></Data></ExtendedData><Point><coordinates>18.0718523,59.4324727</coordinates></Point></Placemark><Placemark><name>Valbo Hälsocentral</name><ExtendedData><Data name="@id"><value>way/400792353</value></Data><Data name="amenity"><value>clinic</value></Data><Data name="building"><value>yes</value></Data><Data name="healthcare"><value>clinic</value></Data><Data name="name"><value>Valbo Hälsocentral</value></Data><Data name="@geometry"><value>center</value></Data></ExtendedData><Point><coordinates>17.007083,60.6439579</coordinates></Point></Placemark><Placemark><name>Sunnerbo Äldreboende</name><ExtendedData><Data name="@id"><value>way/401111237</value></Data><Data name="amenity"><value>social_facility</value></Data><Data name="name"><value>Sunnerbo Äldreboende</value></Data><Data name="social_facility"><value>assisted_living</value></Data><Data name="@geometry"><value>center</value></Data></ExtendedData><Point><coordinates>17.8237946,59.0192982</coordinates></Point></Placemark><Placemark><name>Sorunda gruppbostäder</name><ExtendedData><Data name="@id"><value>way/401114071</value></Data><Data name="amenity"><value>social_facility</value></Data><Data name="name"><value>Sorunda gruppbostäder</value></Data><Data name="social_facility"><value>group_home</value></Data><Data name="@geometry"><value>center</value></Data></ExtendedData><Point><coordinates>17.8291156,59.0153369</coordinates></Point></Placemark><Placemark><name>Kungsljuset</name><ExtendedData><Data name="@id"><value>way/401828327</value></Data><Data name="social_facility:for"><value>senior</value></Data><Data name="social_facility"><value>assisted_living/nursing_home/group_home</value></Data><Data name="amenity"><value>social_facility</value></Data><Data name="building"><value>residential</value></Data><Data name="name"><value>Kungsljuset</value></Data><Data name="@geometry"><value>center</value></Data></ExtendedData><Point><coordinates>15.4033724,60.5173135</coordinates></Point></Placemark><Placemark><name>Lundbygården</name><ExtendedData><Data name="@id"><value>way/403445560</value></Data><Data name="amenity"><value>social_facility</value></Data><Data name="building"><value>yes</value></Data><Data name="name"><value>Lundbygården</value></Data><Data name="social_facility"><value>group_home</value></Data><Data name="social_facility:for"><value>senior</value></Data><Data name="@geometry"><value>center</value></Data></ExtendedData><Point><coordinates>12.297439,57.8354692</coordinates></Point></Placemark><Placemark><name>Sofiedals trygghetsboende</name><ExtendedData><Data name="@id"><value>way/404806388</value></Data><Data name="building"><value>yes</value></Data><Data name="amenity"><value>social_facility</value></Data><Data name="name"><value>Sofiedals trygghetsboende</value></Data><Data name="old_name"><value>Sofiedal Äldreboende</value></Data><Data name="operator"><value>Uddevalla kommun</value></Data><Data name="social_facility"><value>assisted_living</value></Data><Data name="social_facility:for"><value>senior</value></Data><Data name="@geometry"><value>center</value></Data></ExtendedData><Point><coordinates>11.9235362,58.2251154</coordinates></Point></Placemark><Placemark><name>Norrevång</name><ExtendedData><Data name="@id"><value>way/405678888</value></Data><Data name="amenity"><value>social_facility</value></Data><Data name="building"><value>yes</value></Data><Data name="name"><value>Norrevång</value></Data><Data name="social_facility"><value>assisted_living</value></Data><Data name="social_facility:for"><value>senior</value></Data><Data name="@geometry"><value>center</value></Data></ExtendedData><Point><coordinates>13.9961309,55.6158549</coordinates></Point></Placemark><Placemark><name>Apotek Hjärtat</name><ExtendedData><Data name="@id"><value>way/405823889</value></Data><Data name="opening_hours"><value>Mo-Fr 11:00-19:00; Sa,Su 11:00-17:00</value></Data><Data name="amenity"><value>pharmacy</value></Data><Data name="app:apple"><value>https://itunes.apple.com/se/app/apotek-hj%C3%A4rtat-n%C3%A4ra-dig/id1150817089</value></Data><Data name="app:google"><value>https://play.google.com/store/apps/details?id=com.presencekit.apotek.se&amp;hl=en_US</value></Data><Data name="brand"><value>Apotek Hjärtat</value></Data><Data name="brand:wikidata"><value>Q10416114</value></Data><Data name="brand:wikipedia"><value>sv:Apotek Hjärtat</value></Data><Data name="dispensing"><value>yes</value></Data><Data name="healthcare"><value>pharmacy</value></Data><Data name="indoor"><value>room</value></Data><Data name="level"><value>0</value></Data><Data name="name"><value>Apotek Hjärtat</value></Data><Data name="operator"><value>Apotek Hjärtat Retail AB</value></Data><Data name="owner"><value>ICA Gruppen AB</value></Data><Data name="ownership"><value>private</value></Data><Data name="phone"><value>+46771405405</value></Data><Data name="room"><value>shop</value></Data><Data name="website:stock"><value>https://www.fass.se/</value></Data><Data name="@geometry"><value>center</value></Data></ExtendedData><Point><coordinates>15.585954,58.4339878</coordinates></Point></Placemark><Placemark><ExtendedData><Data name="@id"><value>way/406245475</value></Data><Data name="addr:city"><value>Linköping</value></Data><Data name="addr:country"><value>SE</value></Data><Data name="addr:housenumber"><value>120</value></Data><Data name="addr:street"><value>Aspnäsvägen</value></Data><Data name="amenity"><value>social_facility</value></Data><Data name="capacity"><value>5</value></Data><Data name="operator"><value>Leanlink</value></Data><Data name="social_facility"><value>group_home</value></Data><Data name="social_facility:for"><value>senior</value></Data><Data name="@geometry"><value>center</value></Data></ExtendedData><Point><coordinates>15.6816781,58.3728298</coordinates></Point></Placemark><Placemark><name>Gustavsgården</name><ExtendedData><Data name="@id"><value>way/406837802</value></Data><Data name="amenity"><value>social_facility</value></Data><Data name="capacity"><value>101</value></Data><Data name="name"><value>Gustavsgården</value></Data><Data name="operator"><value>Värmdö kommun</value></Data><Data name="social_facility"><value>group_home</value></Data><Data name="social_facility:for"><value>senior</value></Data><Data name="@geometry"><value>center</value></Data></ExtendedData><Point><coordinates>18.3960943,59.3198993</coordinates></Point></Placemark><Placemark><name>Byavången</name><ExtendedData><Data name="@id"><value>way/409072729</value></Data><Data name="amenity"><value>social_facility</value></Data><Data name="building"><value>yes</value></Data><Data name="name"><value>Byavången</value></Data><Data name="social_facility:for"><value>elderly</value></Data><Data name="@geometry"><value>center</value></Data></ExtendedData><Point><coordinates>13.946542,55.5407555</coordinates></Point></Placemark><Placemark><name>Nydalastugan</name><ExtendedData><Data name="@id"><value>way/412549444</value></Data><Data name="addr:city"><value>Umeå</value></Data><Data name="addr:country"><value>SE</value></Data><Data name="addr:housenumber"><value>25</value></Data><Data name="addr:postcode"><value>90750</value></Data><Data name="addr:street"><value>Olle Fiskares väg</value></Data><Data name="amenity"><value>social_facility</value></Data><Data name="building"><value>yes</value></Data><Data name="name"><value>Nydalastugan</value></Data><Data name="operator"><value>Aros</value></Data><Data name="phone"><value>+46-90 719058</value></Data><Data name="social_facility"><value>outreach</value></Data><Data name="social_facility:for"><value>unemployed;mental_health</value></Data><Data name="@geometry"><value>center</value></Data></ExtendedData><Point><coordinates>20.3409767,63.8194511</coordinates></Point></Placemark><Placemark><ExtendedData><Data name="@id"><value>way/412940755</value></Data><Data name="amenity"><value>social_facility</value></Data><Data name="social_facility"><value>assisted_living</value></Data><Data name="social_facility:for"><value>mental_health</value></Data><Data name="@geometry"><value>center</value></Data></ExtendedData><Point><coordinates>15.6537471,58.400585</coordinates></Point></Placemark><Placemark><name>Bjurbäcksgården</name><ExtendedData><Data name="@id"><value>way/413028732</value></Data><Data name="amenity"><value>social_facility</value></Data><Data name="building"><value>service</value></Data><Data name="name"><value>Bjurbäcksgården</value></Data><Data name="social_facility"><value>group_home</value></Data><Data name="social_facility:for"><value>senior</value></Data><Data name="@geometry"><value>center</value></Data></ExtendedData><Point><coordinates>15.5424318,56.6351289</coordinates></Point></Placemark><Placemark><ExtendedData><Data name="@id"><value>way/413085099</value></Data><Data name="amenity"><value>social_facility</value></Data><Data name="building"><value>yes</value></Data><Data name="social_facility"><value>group_home</value></Data><Data name="social_facility:for"><value>senior</value></Data><Data name="@geometry"><value>center</value></Data></ExtendedData><Point><coordinates>15.5332029,56.6311111</coordinates></Point></Placemark><Placemark><name>Esplanaden 8</name><ExtendedData><Data name="@id"><value>way/413373034</value></Data><Data name="addr:city"><value>Emmaboda</value></Data><Data name="addr:country"><value>SE</value></Data><Data name="addr:housenumber"><value>8</value></Data><Data name="addr:postcode"><value>36133</value></Data><Data name="addr:street"><value>Esplanaden</value></Data><Data name="amenity"><value>social_facility</value></Data><Data name="building"><value>yes</value></Data><Data name="name"><value>Esplanaden 8</value></Data><Data name="social_facility"><value>assisted_living</value></Data><Data name="social_facility:for"><value>senior</value></Data><Data name="@geometry"><value>center</value></Data></ExtendedData><Point><coordinates>15.5515894,56.6358428</coordinates></Point></Placemark><Placemark><name>Kilafors hälsocentral</name><ExtendedData><Data name="@id"><value>way/414770319</value></Data><Data name="addr:country"><value>SE</value></Data><Data name="addr:housenumber"><value>2</value></Data><Data name="addr:street"><value>Stationsgatan</value></Data><Data name="amenity"><value>doctors</value></Data><Data name="building"><value>yes</value></Data><Data name="name"><value>Kilafors hälsocentral</value></Data><Data name="@geometry"><value>center</value></Data></ExtendedData><Point><coordinates>16.5683394,61.2307049</coordinates></Point></Placemark><Placemark><name>Villa Ryd</name><ExtendedData><Data name="@id"><value>way/414837316</value></Data><Data name="social_facility:for"><value>senior</value></Data><Data name="social_facility"><value>group_home</value></Data><Data name="operator"><value>Aleris</value></Data><Data name="name"><value>Villa Ryd</value></Data><Data name="capacity"><value>21</value></Data><Data name="amenity"><value>social_facility</value></Data><Data name="@geometry"><value>center</value></Data></ExtendedData><Point><coordinates>15.5685698,58.4151621</coordinates></Point></Placemark><Placemark><name>Baldersro</name><ExtendedData><Data name="@id"><value>way/416555316</value></Data><Data name="amenity"><value>social_facility</value></Data><Data name="name"><value>Baldersro</value></Data><Data name="social_facility"><value>nursing_home</value></Data><Data name="@geometry"><value>center</value></Data></ExtendedData><Point><coordinates>18.1373983,59.1595414</coordinates></Point></Placemark><Placemark><name>Individ- och Familjecenter</name><ExtendedData><Data name="@id"><value>way/416584522</value></Data><Data name="social_facility:for"><value>underprivileged</value></Data><Data name="name"><value>Individ- och Familjecenter</value></Data><Data name="building:levels"><value>2</value></Data><Data name="building"><value>yes</value></Data><Data name="amenity"><value>social_facility</value></Data><Data name="@geometry"><value>center</value></Data></ExtendedData><Point><coordinates>13.9374733,56.8346858</coordinates></Point></Placemark><Placemark><name>Hagalund</name><ExtendedData><Data name="@id"><value>way/418288385</value></Data><Data name="amenity"><value>social_facility</value></Data><Data name="name"><value>Hagalund</value></Data><Data name="social_facility"><value>group_home</value></Data><Data name="social_facility:for"><value>senior</value></Data><Data name="@geometry"><value>center</value></Data></ExtendedData><Point><coordinates>15.6074948,58.400349</coordinates></Point></Placemark><Placemark><name>Brunnsgården</name><ExtendedData><Data name="@id"><value>way/422111698</value></Data><Data name="social_facility:for"><value>senior</value></Data><Data name="social_facility"><value>group_home</value></Data><Data name="name"><value>Brunnsgården</value></Data><Data name="operator"><value>Ljungby Kommun</value></Data><Data name="building"><value>yes</value></Data><Data name="addr:city"><value>Ljungby</value></Data><Data name="addr:country"><value>SE</value></Data><Data name="addr:housenumber"><value>1</value></Data><Data name="addr:postcode"><value>341 83</value></Data><Data name="addr:street"><value>Harabergsgatan</value></Data><Data name="amenity"><value>social_facility</value></Data><Data name="@geometry"><value>center</value></Data></ExtendedData><Point><coordinates>13.9436277,56.8368768</coordinates></Point></Placemark><Placemark><name>Integrerad missbruks- och beroendemottagning</name><ExtendedData><Data name="@id"><value>way/422539153</value></Data><Data name="social_facility:for"><value>drug_addicted</value></Data><Data name="operator:type"><value>government</value></Data><Data name="operator"><value>Region Kronoberg</value></Data><Data name="name"><value>Integrerad missbruks- och beroendemottagning</value></Data><Data name="healthcare:speciality"><value>drug_addicted;psychiatry</value></Data><Data name="healthcare"><value>clinic</value></Data><Data name="building"><value>yes</value></Data><Data name="amenity"><value>clinic</value></Data><Data name="addr:city"><value>Ljungby</value></Data><Data name="addr:country"><value>SE</value></Data><Data name="addr:housenumber"><value>36</value></Data><Data name="addr:street"><value>Storgatan</value></Data><Data name="@geometry"><value>center</value></Data></ExtendedData><Point><coordinates>13.9482112,56.8307638</coordinates></Point></Placemark><Placemark><name>Ljungberga</name><ExtendedData><Data name="@id"><value>way/422941388</value></Data><Data name="start_date"><value>1986</value></Data><Data name="social_facility:for"><value>senior</value></Data><Data name="social_facility"><value>nursing_home</value></Data><Data name="roof:shape"><value>hipped</value></Data><Data name="building"><value>yes</value></Data><Data name="addr:city"><value>Ljungby</value></Data><Data name="addr:country"><value>SE</value></Data><Data name="addr:housenumber"><value>20</value></Data><Data name="addr:postcode"><value>341 35</value></Data><Data name="addr:street"><value>Kungshögsgatan</value></Data><Data name="amenity"><value>social_facility</value></Data><Data name="building:levels"><value>3</value></Data><Data name="name"><value>Ljungberga</value></Data><Data name="roof:levels"><value>1</value></Data><Data name="@geometry"><value>center</value></Data></ExtendedData><Point><coordinates>13.9313613,56.8362035</coordinates></Point></Placemark><Placemark><ExtendedData><Data name="@id"><value>way/426411852</value></Data><Data name="operator"><value>Tibro Kommun</value></Data><Data name="social_facility:for"><value>senior</value></Data><Data name="addr:city"><value>Tibro</value></Data><Data name="amenity"><value>social_facility</value></Data><Data name="building"><value>yes</value></Data><Data name="social_facility"><value>nursing_home</value></Data><Data name="@geometry"><value>center</value></Data></ExtendedData><Point><coordinates>14.1809709,58.4185387</coordinates></Point></Placemark><Placemark><ExtendedData><Data name="@id"><value>way/426477395</value></Data><Data name="amenity"><value>social_facility</value></Data><Data name="building"><value>yes</value></Data><Data name="building:colour"><value>yellow</value></Data><Data name="building:levels"><value>2</value></Data><Data name="building:levels:underground"><value>1</value></Data><Data name="building:material"><value>wood</value></Data><Data name="roof:levels"><value>1</value></Data><Data name="roof:material"><value>roof_tiles</value></Data><Data name="roof:shape"><value>gabled</value></Data><Data name="social_facility"><value>group_home</value></Data><Data name="@geometry"><value>center</value></Data></ExtendedData><Point><coordinates>15.6197505,60.4228827</coordinates></Point></Placemark><Placemark><name>Lindängen</name><ExtendedData><Data name="@id"><value>way/427977901</value></Data><Data name="building"><value>yes</value></Data><Data name="amenity"><value>social_facility</value></Data><Data name="name"><value>Lindängen</value></Data><Data name="operator"><value>Tidaholms kommun</value></Data><Data name="social_facility"><value>group_home</value></Data><Data name="social_facility:for"><value>senior</value></Data><Data name="@geometry"><value>center</value></Data></ExtendedData><Point><coordinates>13.8408056,58.197772</coordinates></Point></Placemark><Placemark><ExtendedData><Data name="@id"><value>way/428198728</value></Data><Data name="amenity"><value>clinic</value></Data><Data name="building"><value>yes</value></Data><Data name="@geometry"><value>center</value></Data></ExtendedData><Point><coordinates>14.0932507,57.426301</coordinates></Point></Placemark><Placemark><name>Vårdcentral Solbrinken</name><ExtendedData><Data name="@id"><value>way/428894292</value></Data><Data name="name"><value>Vårdcentral Solbrinken</value></Data><Data name="building"><value>clinic</value></Data><Data name="amenity"><value>clinic</value></Data><Data name="@geometry"><value>center</value></Data></ExtendedData><Point><coordinates>13.7868406,56.1667134</coordinates></Point></Placemark><Placemark><name>Björken</name><ExtendedData><Data name="@id"><value>way/428999411</value></Data><Data name="amenity"><value>social_facility</value></Data><Data name="name"><value>Björken</value></Data><Data name="social_facility"><value>group_home</value></Data><Data name="social_facility:for"><value>senior</value></Data><Data name="@geometry"><value>center</value></Data></ExtendedData><Point><coordinates>17.5101942,60.3448714</coordinates></Point></Placemark><Placemark><name>Korttidsenheten</name><ExtendedData><Data name="@id"><value>way/431817503</value></Data><Data name="amenity"><value>social_facility</value></Data><Data name="building"><value>yes</value></Data><Data name="name"><value>Korttidsenheten</value></Data><Data name="operator"><value>Härnösands Kommun</value></Data><Data name="social_facility"><value>nursing_home</value></Data><Data name="@geometry"><value>center</value></Data></ExtendedData><Point><coordinates>17.9628057,62.6356183</coordinates></Point></Placemark><Placemark><name>Ädelhem</name><ExtendedData><Data name="@id"><value>way/431818277</value></Data><Data name="amenity"><value>social_facility</value></Data><Data name="building"><value>government</value></Data><Data name="fixme"><value>levels</value></Data><Data name="name"><value>Ädelhem</value></Data><Data name="social_facility"><value>senior</value></Data><Data name="@geometry"><value>center</value></Data></ExtendedData><Point><coordinates>17.9659699,62.6346987</coordinates></Point></Placemark><Placemark><ExtendedData><Data name="@id"><value>way/435867941</value></Data><Data name="amenity"><value>pharmacy</value></Data><Data name="building"><value>yes</value></Data><Data name="@geometry"><value>center</value></Data></ExtendedData><Point><coordinates>14.0928566,57.4264374</coordinates></Point></Placemark><Placemark><name>Vendelsögården</name><ExtendedData><Data name="@id"><value>way/436941074</value></Data><Data name="amenity"><value>nursing_home</value></Data><Data name="name"><value>Vendelsögården</value></Data><Data name="social_facility:for"><value>senior</value></Data><Data name="@geometry"><value>center</value></Data></ExtendedData><Point><coordinates>18.1979394,59.2044879</coordinates></Point></Placemark><Placemark><name>Hedegårdens äldreboende</name><ExtendedData><Data name="@id"><value>way/437134743</value></Data><Data name="social_facility:for"><value>senior</value></Data><Data name="social_facility"><value>group_home</value></Data><Data name="building"><value>yes</value></Data><Data name="addr:city"><value>Stenkullen</value></Data><Data name="addr:country"><value>SE</value></Data><Data name="addr:housenumber"><value>157</value></Data><Data name="addr:postcode"><value>443 60</value></Data><Data name="addr:street"><value>Öslands Gärde</value></Data><Data name="amenity"><value>social_facility</value></Data><Data name="name"><value>Hedegårdens äldreboende</value></Data><Data name="@geometry"><value>center</value></Data></ExtendedData><Point><coordinates>12.2982663,57.785725</coordinates></Point></Placemark><Placemark><name>Myrebo Daglig Verksamhet</name><ExtendedData><Data name="@id"><value>way/437212184</value></Data><Data name="operator"><value>Ljungby Kommun</value></Data><Data name="amenity"><value>social_facility</value></Data><Data name="building"><value>yes</value></Data><Data name="name"><value>Myrebo Daglig Verksamhet</value></Data><Data name="social_facility"><value>workshop</value></Data><Data name="social_facility:for"><value>disabled; mental_health</value></Data><Data name="@geometry"><value>center</value></Data></ExtendedData><Point><coordinates>13.9584164,56.8520232</coordinates></Point></Placemark><Placemark><name>Vårdcentralen Kil</name><ExtendedData><Data name="@id"><value>way/437902505</value></Data><Data name="amenity"><value>clinic</value></Data><Data name="building"><value>yes</value></Data><Data name="name"><value>Vårdcentralen Kil</value></Data><Data name="@geometry"><value>center</value></Data></ExtendedData><Point><coordinates>13.3198983,59.4981756</coordinates></Point></Placemark><Placemark><name>Brinkåsen</name><ExtendedData><Data name="@id"><value>way/441579293</value></Data><Data name="brand"><value>Västra Götalandsregionen</value></Data><Data name="website"><value>https://www.nusjukvarden.se/kontakt/karta-och-parkering/brinkasen/</value></Data><Data name="alt_name"><value>Brinkåsen pskykiatrianläggning</value></Data><Data name="amenity"><value>hospital</value></Data><Data name="healthcare"><value>hospital</value></Data><Data name="healthcare:speciality"><value>psychiatry</value></Data><Data name="name"><value>Brinkåsen</value></Data><Data name="operator"><value>Västra Götalandsregionen</value></Data><Data name="@geometry"><value>center</value></Data></ExtendedData><Point><coordinates>12.3626409,58.3454415</coordinates></Point></Placemark><Placemark><name>Health Sub Center</name><ExtendedData><Data name="@id"><value>way/441628272</value></Data><Data name="amenity"><value>clinic</value></Data><Data name="building"><value>yes</value></Data><Data name="name"><value>Health Sub Center</value></Data><Data name="@geometry"><value>center</value></Data></ExtendedData><Point><coordinates>16.2679516,57.1248316</coordinates></Point></Placemark><Placemark><ExtendedData><Data name="@id"><value>way/441721437</value></Data><Data name="amenity"><value>social_facility</value></Data><Data name="building"><value>yes</value></Data><Data name="social_facility"><value>group_home</value></Data><Data name="social_facility:for"><value>senior</value></Data><Data name="@geometry"><value>center</value></Data></ExtendedData><Point><coordinates>14.4741628,57.7004647</coordinates></Point></Placemark><Placemark><ExtendedData><Data name="@id"><value>way/441721803</value></Data><Data name="amenity"><value>clinic</value></Data><Data name="building"><value>yes</value></Data><Data name="@geometry"><value>center</value></Data></ExtendedData><Point><coordinates>14.4776237,57.7027582</coordinates></Point></Placemark><Placemark><name>Solängens äldreomsorg</name><ExtendedData><Data name="@id"><value>way/442204494</value></Data><Data name="building"><value>yes</value></Data><Data name="amenity"><value>social_facility</value></Data><Data name="name"><value>Solängens äldreomsorg</value></Data><Data name="social_facility"><value>group_home</value></Data><Data name="social_facility:for"><value>senior</value></Data><Data name="@geometry"><value>center</value></Data></ExtendedData><Point><coordinates>12.3333469,58.3683226</coordinates></Point></Placemark><Placemark><name>Hemtjänst Kungshög/Angelstad</name><ExtendedData><Data name="@id"><value>way/442346231</value></Data><Data name="social_facility:for"><value>senior</value></Data><Data name="operator"><value>Ljungby Kommun</value></Data><Data name="addr:housenumber"><value>44B</value></Data><Data name="amenity"><value>social_facility</value></Data><Data name="building"><value>yes</value></Data><Data name="name"><value>Hemtjänst Kungshög/Angelstad</value></Data><Data name="social_facility"><value>ambulatory_care</value></Data><Data name="@geometry"><value>center</value></Data></ExtendedData><Point><coordinates>13.9199835,56.8349653</coordinates></Point></Placemark><Placemark><name>Haparanda vårdcentral</name><ExtendedData><Data name="@id"><value>way/444468435</value></Data><Data name="addr:postcode"><value>95322</value></Data><Data name="addr:street"><value>Lasarettsgatan</value></Data><Data name="amenity"><value>clinic</value></Data><Data name="fax"><value>+46-922-147-28</value></Data><Data name="healthcare"><value>clinic</value></Data><Data name="name"><value>Haparanda vårdcentral</value></Data><Data name="opening_hours"><value>Mo-Fr 07:00-17:00</value></Data><Data name="phone"><value>+46-922-251-00</value></Data><Data name="@geometry"><value>center</value></Data></ExtendedData><Point><coordinates>24.1354231,65.8385397</coordinates></Point></Placemark><Placemark><name>Storvreten Gruppbostad</name><ExtendedData><Data name="@id"><value>way/445398839</value></Data><Data name="amenity"><value>social_facility</value></Data><Data name="name"><value>Storvreten Gruppbostad</value></Data><Data name="social_facility"><value>group_home</value></Data><Data name="social_facility:for"><value>disabled</value></Data><Data name="@geometry"><value>center</value></Data></ExtendedData><Point><coordinates>17.8396432,59.1954171</coordinates></Point></Placemark><Placemark><name>Axelsbergs vårdcentral</name><ExtendedData><Data name="@id"><value>way/446541166</value></Data><Data name="name"><value>Axelsbergs vårdcentral</value></Data><Data name="addr:city"><value>Hägersten</value></Data><Data name="addr:country"><value>SE</value></Data><Data name="addr:housenumber"><value>2</value></Data><Data name="addr:postcode"><value>129 38</value></Data><Data name="addr:street"><value>Axelsbergs Torg</value></Data><Data name="amenity"><value>clinic</value></Data><Data name="emergency"><value>no</value></Data><Data name="@geometry"><value>center</value></Data></ExtendedData><Point><coordinates>17.9744629,59.3037123</coordinates></Point></Placemark><Placemark><name>Särskilt boende för äldre</name><ExtendedData><Data name="@id"><value>way/449066473</value></Data><Data name="addr:city"><value>Norrköping</value></Data><Data name="addr:country"><value>SE</value></Data><Data name="addr:housenumber"><value>5</value></Data><Data name="addr:street"><value>Kalkstensgatan</value></Data><Data name="amenity"><value>social_facility</value></Data><Data name="building"><value>yes</value></Data><Data name="building:levels"><value>3</value></Data><Data name="name"><value>Särskilt boende för äldre</value></Data><Data name="@geometry"><value>center</value></Data></ExtendedData><Point><coordinates>16.1686765,58.5708429</coordinates></Point></Placemark><Placemark><ExtendedData><Data name="@id"><value>way/450417458</value></Data><Data name="amenity"><value>social_facility</value></Data><Data name="building"><value>yes</value></Data><Data name="social_facility"><value>nursing_home</value></Data><Data name="social_facility:for"><value>senior</value></Data><Data name="@geometry"><value>center</value></Data></ExtendedData><Point><coordinates>12.5098195,56.9173735</coordinates></Point></Placemark><Placemark><name>Bandyvägens gruppbostad</name><ExtendedData><Data name="@id"><value>way/451668504</value></Data><Data name="addr:city"><value>Hägersten</value></Data><Data name="addr:country"><value>SE</value></Data><Data name="addr:housenumber"><value>3</value></Data><Data name="addr:postcode"><value>129 49</value></Data><Data name="addr:street"><value>Bandyvägen</value></Data><Data name="amenity"><value>social_facility</value></Data><Data name="name"><value>Bandyvägens gruppbostad</value></Data><Data name="social_facility"><value>assisted_living</value></Data><Data name="@geometry"><value>center</value></Data></ExtendedData><Point><coordinates>17.9772865,59.2916479</coordinates></Point></Placemark><Placemark><name>Alnö vårdcentral</name><ExtendedData><Data name="@id"><value>way/455477057</value></Data><Data name="amenity"><value>clinic</value></Data><Data name="name"><value>Alnö vårdcentral</value></Data><Data name="@geometry"><value>center</value></Data></ExtendedData><Point><coordinates>17.4152331,62.4268305</coordinates></Point></Placemark><Placemark><name>Brunnegården</name><ExtendedData><Data name="@id"><value>way/455484911</value></Data><Data name="amenity"><value>social_facility</value></Data><Data name="building"><value>yes</value></Data><Data name="name"><value>Brunnegården</value></Data><Data name="social_facility"><value>group_home</value></Data><Data name="@geometry"><value>center</value></Data></ExtendedData><Point><coordinates>17.6315899,62.6546604</coordinates></Point></Placemark><Placemark><name>Orestrand servicehus</name><ExtendedData><Data name="@id"><value>way/455767815</value></Data><Data name="amenity"><value>social_facility</value></Data><Data name="building"><value>civic</value></Data><Data name="name"><value>Orestrand servicehus</value></Data><Data name="social_facility"><value>group_home</value></Data><Data name="social_facility:for"><value>senior</value></Data><Data name="@geometry"><value>center</value></Data></ExtendedData><Point><coordinates>15.143793,61.1684291</coordinates></Point></Placemark><Placemark><name>Alnösol</name><ExtendedData><Data name="@id"><value>way/456085416</value></Data><Data name="amenity"><value>social_facility</value></Data><Data name="name"><value>Alnösol</value></Data><Data name="social_facility"><value>nursing_home</value></Data><Data name="social_facility:for"><value>senior</value></Data><Data name="@geometry"><value>center</value></Data></ExtendedData><Point><coordinates>17.4131522,62.4211029</coordinates></Point></Placemark><Placemark><name>Alnö servicehus</name><ExtendedData><Data name="@id"><value>way/456428007</value></Data><Data name="amenity"><value>social_facility</value></Data><Data name="name"><value>Alnö servicehus</value></Data><Data name="social_facility"><value>nursing_home</value></Data><Data name="@geometry"><value>center</value></Data></ExtendedData><Point><coordinates>17.4173215,62.4265718</coordinates></Point></Placemark><Placemark><ExtendedData><Data name="@id"><value>way/458649736</value></Data><Data name="amenity"><value>social_facility</value></Data><Data name="social_facility"><value>group_home</value></Data><Data name="social_facility:for"><value>disabled</value></Data><Data name="@geometry"><value>center</value></Data></ExtendedData><Point><coordinates>17.4273831,62.4192446</coordinates></Point></Placemark><Placemark><ExtendedData><Data name="@id"><value>way/458960974</value></Data><Data name="amenity"><value>social_facility</value></Data><Data name="building"><value>yes</value></Data><Data name="social_facility:for"><value>senior</value></Data><Data name="@geometry"><value>center</value></Data></ExtendedData><Point><coordinates>13.6773459,56.0421745</coordinates></Point></Placemark><Placemark><name>Attendo Broder Pehr</name><ExtendedData><Data name="@id"><value>way/461642105</value></Data><Data name="social_facility"><value>group_home</value></Data><Data name="addr:city"><value>Hägersten</value></Data><Data name="addr:country"><value>SE</value></Data><Data name="addr:housenumber"><value>19-21</value></Data><Data name="addr:postcode"><value>129 37</value></Data><Data name="addr:street"><value>Hägerstens Allé</value></Data><Data name="amenity"><value>social_facility</value></Data><Data name="name"><value>Attendo Broder Pehr</value></Data><Data name="operator"><value>Attendo</value></Data><Data name="@geometry"><value>center</value></Data></ExtendedData><Point><coordinates>17.9746145,59.3053241</coordinates></Point></Placemark><Placemark><name>Hortlax Hälsocentral</name><ExtendedData><Data name="@id"><value>way/462653750</value></Data><Data name="amenity"><value>clinic</value></Data><Data name="building"><value>yes</value></Data><Data name="healthcare"><value>clinic</value></Data><Data name="name"><value>Hortlax Hälsocentral</value></Data><Data name="@geometry"><value>center</value></Data></ExtendedData><Point><coordinates>21.4107541,65.2881753</coordinates></Point></Placemark><Placemark><ExtendedData><Data name="@id"><value>way/463515665</value></Data><Data name="amenity"><value>nursing_home</value></Data><Data name="building:part"><value>*</value></Data><Data name="height"><value>7</value></Data><Data name="roof:colour"><value>maroon</value></Data><Data name="roof:height"><value>2</value></Data><Data name="roof:shape"><value>hipped</value></Data><Data name="@geometry"><value>center</value></Data></ExtendedData><Point><coordinates>14.9170955,56.6384622</coordinates></Point></Placemark><Placemark><ExtendedData><Data name="@id"><value>way/465293183</value></Data><Data name="amenity"><value>social_facility</value></Data><Data name="social_facility"><value>day_care</value></Data><Data name="@geometry"><value>center</value></Data></ExtendedData><Point><coordinates>14.9224122,56.6402705</coordinates></Point></Placemark><Placemark><ExtendedData><Data name="@id"><value>way/469235754</value></Data><Data name="amenity"><value>social_facility</value></Data><Data name="building"><value>yes</value></Data><Data name="building:levels"><value>1</value></Data><Data name="building:levels:underground"><value>0</value></Data><Data name="roof:levels"><value>0</value></Data><Data name="roof:shape"><value>gabled</value></Data><Data name="social_facility"><value>group_home</value></Data><Data name="social_facility:for"><value>senior</value></Data><Data name="@geometry"><value>center</value></Data></ExtendedData><Point><coordinates>11.9266023,58.3665654</coordinates></Point></Placemark><Placemark><name>Uddevalla sjukhus</name><ExtendedData><Data name="@id"><value>way/469525457</value></Data><Data name="name"><value>Uddevalla sjukhus</value></Data><Data name="amenity"><value>hospital</value></Data><Data name="@geometry"><value>center</value></Data></ExtendedData><Point><coordinates>11.9289677,58.3560552</coordinates></Point></Placemark><Placemark><name>Petersborgs äldreboende</name><ExtendedData><Data name="@id"><value>way/469727664</value></Data><Data name="amenity"><value>nursing_home</value></Data><Data name="building"><value>civic</value></Data><Data name="name"><value>Petersborgs äldreboende</value></Data><Data name="@geometry"><value>center</value></Data></ExtendedData><Point><coordinates>12.3080124,59.8828977</coordinates></Point></Placemark><Placemark><name>Saltsjöbadens sjukhus</name><ExtendedData><Data name="@id"><value>way/475948816</value></Data><Data name="addr:city"><value>Saltsjöbaden</value></Data><Data name="addr:country"><value>SE</value></Data><Data name="addr:housenumber"><value>2</value></Data><Data name="addr:postcode"><value>133 36</value></Data><Data name="addr:street"><value>Rösundavägen</value></Data><Data name="amenity"><value>hospital</value></Data><Data name="healthcare"><value>hospital</value></Data><Data name="name"><value>Saltsjöbadens sjukhus</value></Data><Data name="operator"><value>Carema Vård och Omsorg AB</value></Data><Data name="wikidata"><value>Q26253308</value></Data><Data name="@geometry"><value>center</value></Data></ExtendedData><Point><coordinates>18.3073922,59.273728</coordinates></Point></Placemark><Placemark><name>Trumslagargården</name><ExtendedData><Data name="@id"><value>way/476395671</value></Data><Data name="addr:city"><value>Eskilstuna</value></Data><Data name="addr:country"><value>SE</value></Data><Data name="addr:housenumber"><value>21</value></Data><Data name="addr:postcode"><value>63349</value></Data><Data name="addr:street"><value>Sveavägen</value></Data><Data name="amenity"><value>social_facility</value></Data><Data name="building"><value>yes</value></Data><Data name="name"><value>Trumslagargården</value></Data><Data name="social_facility"><value>group_home</value></Data><Data name="social_facility:for"><value>senior</value></Data><Data name="@geometry"><value>center</value></Data></ExtendedData><Point><coordinates>16.5326859,59.3584898</coordinates></Point></Placemark><Placemark><name>Tillfälligt boende för asylsökande</name><ExtendedData><Data name="@id"><value>way/477631299</value></Data><Data name="amenity"><value>social_facility</value></Data><Data name="building"><value>yes</value></Data><Data name="contact:phone"><value>+46 (0)525 - 20074</value></Data><Data name="contact:website"><value>http://www.hotelvinback.se</value></Data><Data name="name"><value>Tillfälligt boende för asylsökande</value></Data><Data name="old_name"><value>Hotel Vinbäck</value></Data><Data name="operator"><value>Hotel Vinbäck</value></Data><Data name="social_facility"><value>group_home</value></Data><Data name="social_facility:for"><value>migrant</value></Data><Data name="tourism"><value>hotel</value></Data><Data name="@geometry"><value>center</value></Data></ExtendedData><Point><coordinates>11.3370724,58.7149706</coordinates></Point></Placemark><Placemark><name>Kramfors Hälsocentral</name><ExtendedData><Data name="@id"><value>way/477969112</value></Data><Data name="addr:country"><value>SE</value></Data><Data name="addr:housenumber"><value>12-14</value></Data><Data name="addr:postcode"><value>87230</value></Data><Data name="addr:street"><value>Bruksgatan</value></Data><Data name="amenity"><value>clinic</value></Data><Data name="name"><value>Kramfors Hälsocentral</value></Data><Data name="name:en"><value>Kramfors Health Center</value></Data><Data name="opening_hours"><value>Mo-Fr 08:00-16:30</value></Data><Data name="operator"><value>Landstinget Västernorrland</value></Data><Data name="phone"><value>+46-612-86042</value></Data><Data name="@geometry"><value>center</value></Data></ExtendedData><Point><coordinates>17.780374,62.9333523</coordinates></Point></Placemark><Placemark><name>Hedegårdens äldreboende</name><ExtendedData><Data name="@id"><value>way/478264335</value></Data><Data name="social_facility:for"><value>senior</value></Data><Data name="social_facility"><value>group_home</value></Data><Data name="addr:city"><value>Tanumshede</value></Data><Data name="addr:country"><value>SE</value></Data><Data name="addr:housenumber"><value>2</value></Data><Data name="addr:postcode"><value>457 30</value></Data><Data name="addr:street"><value>Hedevägen</value></Data><Data name="alt_name"><value>Äldreboende Hedegården</value></Data><Data name="amenity"><value>social_facility</value></Data><Data name="building"><value>yes</value></Data><Data name="name"><value>Hedegårdens äldreboende</value></Data><Data name="operator"><value>Tanums kommun</value></Data><Data name="@geometry"><value>center</value></Data></ExtendedData><Point><coordinates>11.3193577,58.7265297</coordinates></Point></Placemark><Placemark><description>Gruppboende</description><ExtendedData><Data name="@id"><value>way/480938217</value></Data><Data name="amenity"><value>social_facility</value></Data><Data name="building"><value>yes</value></Data><Data name="description"><value>Gruppboende</value></Data><Data name="social_facility:for"><value>assisted_living</value></Data><Data name="@geometry"><value>center</value></Data></ExtendedData><Point><coordinates>13.8475826,58.6692913</coordinates></Point></Placemark><Placemark><ExtendedData><Data name="@id"><value>way/480987987</value></Data><Data name="amenity"><value>hospital</value></Data><Data name="@geometry"><value>center</value></Data></ExtendedData><Point><coordinates>13.4862749,59.5284318</coordinates></Point></Placemark><Placemark><name>Ullerås</name><description>servicehus</description><ExtendedData><Data name="@id"><value>way/481126345</value></Data><Data name="social_facility:for"><value>senior</value></Data><Data name="name"><value>Ullerås</value></Data><Data name="building"><value>yes</value></Data><Data name="amenity"><value>social_facility</value></Data><Data name="description"><value>servicehus</value></Data><Data name="@geometry"><value>center</value></Data></ExtendedData><Point><coordinates>13.8625554,58.6663815</coordinates></Point></Placemark><Placemark><name>Vårdcentralen Vinslöv</name><ExtendedData><Data name="@id"><value>way/484343911</value></Data><Data name="amenity"><value>clinic</value></Data><Data name="building"><value>yes</value></Data><Data name="name"><value>Vårdcentralen Vinslöv</value></Data><Data name="@geometry"><value>center</value></Data></ExtendedData><Point><coordinates>13.9089709,56.0948905</coordinates></Point></Placemark><Placemark><name>Granparkens Äldreboende</name><ExtendedData><Data name="@id"><value>way/487137953</value></Data><Data name="addr:city"><value>Norrtälje</value></Data><Data name="addr:country"><value>SE</value></Data><Data name="addr:housenumber"><value>1</value></Data><Data name="addr:postcode"><value>761 40</value></Data><Data name="addr:street"><value>Granliden</value></Data><Data name="amenity"><value>social_facility</value></Data><Data name="building"><value>yes</value></Data><Data name="name"><value>Granparkens Äldreboende</value></Data><Data name="social_facility"><value>nursing_home</value></Data><Data name="social_facility:for"><value>senior</value></Data><Data name="@geometry"><value>center</value></Data></ExtendedData><Point><coordinates>18.7172942,59.7552242</coordinates></Point></Placemark><Placemark><name>Granen 6</name><ExtendedData><Data name="@id"><value>way/488459042</value></Data><Data name="amenity"><value>social_facility</value></Data><Data name="building"><value>yes</value></Data><Data name="name"><value>Granen 6</value></Data><Data name="social_facility"><value>group_home</value></Data><Data name="@geometry"><value>center</value></Data></ExtendedData><Point><coordinates>13.9523287,56.8276309</coordinates></Point></Placemark><Placemark><name>Familjefrid Kronoberg</name><ExtendedData><Data name="@id"><value>way/488927788</value></Data><Data name="amenity"><value>social_facility</value></Data><Data name="building"><value>yes</value></Data><Data name="name"><value>Familjefrid Kronoberg</value></Data><Data name="website"><value>https://www.ljungby.se/sv/stod-hjalp-och-omsorg/barn-ungdom-och-familj/familjestod-och-radgivning/</value></Data><Data name="@geometry"><value>center</value></Data></ExtendedData><Point><coordinates>13.9486877,56.8286799</coordinates></Point></Placemark><Placemark><name>Tegelbacken</name><ExtendedData><Data name="@id"><value>way/489105511</value></Data><Data name="amenity"><value>social_facility</value></Data><Data name="name"><value>Tegelbacken</value></Data><Data name="social_facility"><value>nursing_home</value></Data><Data name="social_facility:for"><value>senior</value></Data><Data name="wheelchair"><value>yes</value></Data><Data name="@geometry"><value>center</value></Data></ExtendedData><Point><coordinates>16.864627,59.9412437</coordinates></Point></Placemark><Placemark><name>Gäsenegården äldreboende</name><ExtendedData><Data name="@id"><value>way/492806673</value></Data><Data name="social_facility:for"><value>senior</value></Data><Data name="building"><value>yes</value></Data><Data name="amenity"><value>social_facility</value></Data><Data name="name"><value>Gäsenegården äldreboende</value></Data><Data name="social_facility"><value>nursing_home</value></Data><Data name="@geometry"><value>center</value></Data></ExtendedData><Point><coordinates>13.0546184,57.9872594</coordinates></Point></Placemark><Placemark><name>Malmgården</name><ExtendedData><Data name="@id"><value>way/493251916</value></Data><Data name="amenity"><value>social_facility</value></Data><Data name="building"><value>yes</value></Data><Data name="name"><value>Malmgården</value></Data><Data name="social_facility"><value>nursing_home</value></Data><Data name="social_facility:for"><value>senior</value></Data><Data name="@geometry"><value>center</value></Data></ExtendedData><Point><coordinates>16.4502464,59.0318721</coordinates></Point></Placemark><Placemark><name>Tillfälligt boende för asylsökande</name><ExtendedData><Data name="@id"><value>way/494182902</value></Data><Data name="amenity"><value>social_facility</value></Data><Data name="building"><value>yes</value></Data><Data name="name"><value>Tillfälligt boende för asylsökande</value></Data><Data name="old_name"><value>Hotell Galaxen</value></Data><Data name="social_facility"><value>group_home</value></Data><Data name="social_facility:for"><value>migrant</value></Data><Data name="tourism"><value>hotel</value></Data><Data name="@geometry"><value>center</value></Data></ExtendedData><Point><coordinates>14.5346182,56.3550872</coordinates></Point></Placemark><Placemark><name>Ängsbacken</name><ExtendedData><Data name="@id"><value>way/495191483</value></Data><Data name="social_facility"><value>nursing_home</value></Data><Data name="name"><value>Ängsbacken</value></Data><Data name="amenity"><value>social_facility</value></Data><Data name="building"><value>yes</value></Data><Data name="@geometry"><value>center</value></Data></ExtendedData><Point><coordinates>16.7915233,60.6372059</coordinates></Point></Placemark><Placemark><name>Lessebo Vårdcentral</name><ExtendedData><Data name="@id"><value>way/497673453</value></Data><Data name="amenity"><value>clinic</value></Data><Data name="healthcare"><value>clinic</value></Data><Data name="name"><value>Lessebo Vårdcentral</value></Data><Data name="addr:city"><value>Lessebo</value></Data><Data name="addr:country"><value>SE</value></Data><Data name="addr:housenumber"><value>67</value></Data><Data name="addr:street"><value>Storgatan</value></Data><Data name="building"><value>yes</value></Data><Data name="@geometry"><value>center</value></Data></ExtendedData><Point><coordinates>15.2704706,56.7526491</coordinates></Point></Placemark><Placemark><name>Ingelstad Vårdcentral</name><ExtendedData><Data name="@id"><value>way/498824272</value></Data><Data name="name"><value>Ingelstad Vårdcentral</value></Data><Data name="building"><value>yes</value></Data><Data name="amenity"><value>clinic</value></Data><Data name="@geometry"><value>center</value></Data></ExtendedData><Point><coordinates>14.9214875,56.7437866</coordinates></Point></Placemark><Placemark><ExtendedData><Data name="@id"><value>way/499501071</value></Data><Data name="amenity"><value>social_facility</value></Data><Data name="@geometry"><value>center</value></Data></ExtendedData><Point><coordinates>11.9382304,57.6470309</coordinates></Point></Placemark><Placemark><name>Stockholms sjukhem</name><ExtendedData><Data name="@id"><value>way/499678529</value></Data><Data name="wikipedia"><value>sv:Stockholms sjukhem</value></Data><Data name="amenity"><value>hospital</value></Data><Data name="healthcare"><value>hospital</value></Data><Data name="name"><value>Stockholms sjukhem</value></Data><Data name="website"><value>https://www.stockholmssjukhem.se/</value></Data><Data name="wikidata"><value>Q10680638</value></Data><Data name="@geometry"><value>center</value></Data></ExtendedData><Point><coordinates>18.0255712,59.3327302</coordinates></Point></Placemark><Placemark><ExtendedData><Data name="@id"><value>way/499715726</value></Data><Data name="amenity"><value>doctors</value></Data><Data name="building"><value>yes</value></Data><Data name="healthcare"><value>doctor</value></Data><Data name="@geometry"><value>center</value></Data></ExtendedData><Point><coordinates>13.5475123,58.407863</coordinates></Point></Placemark><Placemark><ExtendedData><Data name="@id"><value>way/502413560</value></Data><Data name="addr:city"><value>Enköping</value></Data><Data name="addr:country"><value>SE</value></Data><Data name="addr:housenumber"><value>1</value></Data><Data name="addr:postcode"><value>74538</value></Data><Data name="addr:street"><value>Golfgatan</value></Data><Data name="amenity"><value>social_facility</value></Data><Data name="building"><value>yes</value></Data><Data name="social_facility"><value>group_home</value></Data><Data name="social_facility:for"><value>disabled</value></Data><Data name="@geometry"><value>center</value></Data></ExtendedData><Point><coordinates>17.0575226,59.6211747</coordinates></Point></Placemark><Placemark><ExtendedData><Data name="@id"><value>way/502413561</value></Data><Data name="addr:city"><value>Enköping</value></Data><Data name="addr:country"><value>SE</value></Data><Data name="addr:housenumber"><value>3</value></Data><Data name="addr:postcode"><value>74538</value></Data><Data name="addr:street"><value>Golfgatan</value></Data><Data name="amenity"><value>social_facility</value></Data><Data name="building"><value>yes</value></Data><Data name="social_facility"><value>group_home</value></Data><Data name="social_facility:for"><value>senior</value></Data><Data name="@geometry"><value>center</value></Data></ExtendedData><Point><coordinates>17.0584143,59.62128</coordinates></Point></Placemark><Placemark><name>Kungsgårdens omvårdnadsboende</name><ExtendedData><Data name="@id"><value>way/502560751</value></Data><Data name="addr:city"><value>Enköping</value></Data><Data name="addr:country"><value>SE</value></Data><Data name="addr:housenumber"><value>11</value></Data><Data name="addr:postcode"><value>74538</value></Data><Data name="addr:street"><value>Tennisgatan</value></Data><Data name="amenity"><value>social_facility</value></Data><Data name="building"><value>yes</value></Data><Data name="name"><value>Kungsgårdens omvårdnadsboende</value></Data><Data name="social_facility"><value>nursing_home</value></Data><Data name="social_facility:for"><value>senior</value></Data><Data name="wheelchair"><value>yes</value></Data><Data name="@geometry"><value>center</value></Data></ExtendedData><Point><coordinates>17.0606211,59.6227782</coordinates></Point></Placemark><Placemark><name>Hiernegården</name><ExtendedData><Data name="@id"><value>way/503242460</value></Data><Data name="amenity"><value>social_facility</value></Data><Data name="building"><value>yes</value></Data><Data name="name"><value>Hiernegården</value></Data><Data name="social_facility"><value>nursing_home</value></Data><Data name="@geometry"><value>center</value></Data></ExtendedData><Point><coordinates>12.1612324,59.7165622</coordinates></Point></Placemark><Placemark><name>Sophiahemmet</name><ExtendedData><Data name="@id"><value>way/503363776</value></Data><Data name="amenity"><value>hospital</value></Data><Data name="healthcare"><value>hospital</value></Data><Data name="name"><value>Sophiahemmet</value></Data><Data name="@geometry"><value>center</value></Data></ExtendedData><Point><coordinates>18.0796173,59.3480943</coordinates></Point></Placemark><Placemark><ExtendedData><Data name="@id"><value>way/504326763</value></Data><Data name="social_facility:for"><value>senior</value></Data><Data name="building"><value>yes</value></Data><Data name="social_facility"><value>nursing_home</value></Data><Data name="amenity"><value>social_facility</value></Data><Data name="@geometry"><value>center</value></Data></ExtendedData><Point><coordinates>11.6886667,58.3403988</coordinates></Point></Placemark><Placemark><name>Bruksgården</name><ExtendedData><Data name="@id"><value>way/504758940</value></Data><Data name="amenity"><value>social_facility</value></Data><Data name="name"><value>Bruksgården</value></Data><Data name="social_facility"><value>assisted_living</value></Data><Data name="social_facility:for"><value>senior</value></Data><Data name="@geometry"><value>center</value></Data></ExtendedData><Point><coordinates>13.5965568,55.4764944</coordinates></Point></Placemark><Placemark><name>Fröjdekulla</name><ExtendedData><Data name="@id"><value>way/504861777</value></Data><Data name="amenity"><value>social_facility</value></Data><Data name="name"><value>Fröjdekulla</value></Data><Data name="social_facility"><value>group_home</value></Data><Data name="building"><value>yes</value></Data><Data name="@geometry"><value>center</value></Data></ExtendedData><Point><coordinates>15.9126354,56.9429856</coordinates></Point></Placemark><Placemark><name>Älvens Hus</name><ExtendedData><Data name="@id"><value>way/507204820</value></Data><Data name="alt_name"><value>Sörberge Hälsocentral, Barn och Mödravård</value></Data><Data name="amenity"><value>clinic</value></Data><Data name="healthcare"><value>clinic</value></Data><Data name="name"><value>Älvens Hus</value></Data><Data name="operator"><value>Premicare AB</value></Data><Data name="@geometry"><value>center</value></Data></ExtendedData><Point><coordinates>17.3923629,62.5196153</coordinates></Point></Placemark><Placemark><name>Lyckbackens ålderdomshem</name><ExtendedData><Data name="@id"><value>way/508520767</value></Data><Data name="addr:city"><value>Njutånger</value></Data><Data name="addr:country"><value>SE</value></Data><Data name="addr:housenumber"><value>35</value></Data><Data name="addr:street"><value>Fegärdevägen</value></Data><Data name="amenity"><value>nursing_home</value></Data><Data name="building"><value>yes</value></Data><Data name="name"><value>Lyckbackens ålderdomshem</value></Data><Data name="@geometry"><value>center</value></Data></ExtendedData><Point><coordinates>17.0548457,61.6130967</coordinates></Point></Placemark><Placemark><name>Skymningsvägen</name><ExtendedData><Data name="@id"><value>way/511582196</value></Data><Data name="amenity"><value>social_facility</value></Data><Data name="name"><value>Skymningsvägen</value></Data><Data name="operator"><value>Vännäs kommun</value></Data><Data name="social_facility"><value>group_home</value></Data><Data name="social_facility:for"><value>handicapped</value></Data><Data name="@geometry"><value>center</value></Data></ExtendedData><Point><coordinates>19.7538739,63.9129104</coordinates></Point></Placemark><Placemark><name>Nättraby vårdcentral</name><ExtendedData><Data name="@id"><value>way/520867820</value></Data><Data name="name"><value>Nättraby vårdcentral</value></Data><Data name="healthcare"><value>clinic</value></Data><Data name="building"><value>yes</value></Data><Data name="amenity"><value>clinic</value></Data><Data name="addr:street"><value>Kyrkvägen</value></Data><Data name="addr:city"><value>Nättraby</value></Data><Data name="addr:country"><value>SE</value></Data><Data name="addr:housenumber"><value>16</value></Data><Data name="addr:postcode"><value>37024</value></Data><Data name="@geometry"><value>center</value></Data></ExtendedData><Point><coordinates>15.5367016,56.2018949</coordinates></Point></Placemark><Placemark><name>Svanen</name><ExtendedData><Data name="@id"><value>way/521082816</value></Data><Data name="amenity"><value>social_facility</value></Data><Data name="building"><value>yes</value></Data><Data name="name"><value>Svanen</value></Data><Data name="social_facility"><value>group_home</value></Data><Data name="@geometry"><value>center</value></Data></ExtendedData><Point><coordinates>12.5540143,59.1767004</coordinates></Point></Placemark><Placemark><name>Björkgårdens äldreboende</name><ExtendedData><Data name="@id"><value>way/523489132</value></Data><Data name="amenity"><value>social_facility</value></Data><Data name="fixme"><value>Addera värde på social_facility</value></Data><Data name="name"><value>Björkgårdens äldreboende</value></Data><Data name="operator"><value>Sala kommun</value></Data><Data name="social_facility:for"><value>senior</value></Data><Data name="@geometry"><value>center</value></Data></ExtendedData><Point><coordinates>16.2826659,59.942613</coordinates></Point></Placemark><Placemark><name>Slite dagcenter</name><ExtendedData><Data name="@id"><value>way/524505028</value></Data><Data name="amenity"><value>social_facility</value></Data><Data name="name"><value>Slite dagcenter</value></Data><Data name="social_facility"><value>workshop</value></Data><Data name="@geometry"><value>center</value></Data></ExtendedData><Point><coordinates>18.8011858,57.7045098</coordinates></Point></Placemark><Placemark><name>Karsuddens sjukhus</name><ExtendedData><Data name="@id"><value>way/527237143</value></Data><Data name="amenity"><value>hospital</value></Data><Data name="building"><value>yes</value></Data><Data name="name"><value>Karsuddens sjukhus</value></Data><Data name="@geometry"><value>center</value></Data></ExtendedData><Point><coordinates>16.2075463,59.0169193</coordinates></Point></Placemark><Placemark><name>Karsuddens sjukhus</name><ExtendedData><Data name="@id"><value>way/527237144</value></Data><Data name="amenity"><value>hospital</value></Data><Data name="building"><value>yes</value></Data><Data name="name"><value>Karsuddens sjukhus</value></Data><Data name="@geometry"><value>center</value></Data></ExtendedData><Point><coordinates>16.2046214,59.0174927</coordinates></Point></Placemark><Placemark><ExtendedData><Data name="@id"><value>way/527905545</value></Data><Data name="amenity"><value>social_facility</value></Data><Data name="@geometry"><value>center</value></Data></ExtendedData><Point><coordinates>17.3823685,62.5250827</coordinates></Point></Placemark><Placemark><name>Humlegården</name><ExtendedData><Data name="@id"><value>way/535706401</value></Data><Data name="amenity"><value>social_facility</value></Data><Data name="building"><value>yes</value></Data><Data name="building:levels"><value>2</value></Data><Data name="name"><value>Humlegården</value></Data><Data name="social_facility"><value>nursing_home</value></Data><Data name="social_facility:for"><value>senior</value></Data><Data name="@geometry"><value>center</value></Data></ExtendedData><Point><coordinates>14.2788265,59.5424902</coordinates></Point></Placemark><Placemark><ExtendedData><Data name="@id"><value>way/536335887</value></Data><Data name="amenity"><value>clinic</value></Data><Data name="healthcare"><value>clinic</value></Data><Data name="building"><value>yes</value></Data><Data name="@geometry"><value>center</value></Data></ExtendedData><Point><coordinates>14.2768199,59.5316165</coordinates></Point></Placemark><Placemark><ExtendedData><Data name="@id"><value>way/537226505</value></Data><Data name="amenity"><value>social_facility</value></Data><Data name="building"><value>yes</value></Data><Data name="social_facility"><value>nursing_home</value></Data><Data name="social_facility:for"><value>senior</value></Data><Data name="@geometry"><value>center</value></Data></ExtendedData><Point><coordinates>18.9780478,63.4789042</coordinates></Point></Placemark><Placemark><description>Vårdcentral</description><ExtendedData><Data name="@id"><value>way/538214483</value></Data><Data name="addr:city"><value>Flen</value></Data><Data name="addr:country"><value>SE</value></Data><Data name="addr:housenumber"><value>10</value></Data><Data name="addr:postcode"><value>64232</value></Data><Data name="addr:street"><value>Orrögatan</value></Data><Data name="amenity"><value>clinic</value></Data><Data name="building"><value>yes</value></Data><Data name="description"><value>Vårdcentral</value></Data><Data name="healthcare"><value>clinic</value></Data><Data name="@geometry"><value>center</value></Data></ExtendedData><Point><coordinates>16.5858476,59.067678</coordinates></Point></Placemark><Placemark><name>Lövnäs vårdcentral</name><ExtendedData><Data name="@id"><value>way/538805752</value></Data><Data name="building"><value>yes</value></Data><Data name="name"><value>Lövnäs vårdcentral</value></Data><Data name="amenity"><value>clinic</value></Data><Data name="@geometry"><value>center</value></Data></ExtendedData><Point><coordinates>13.5327972,59.3318173</coordinates></Point></Placemark><Placemark><name>Ekhaga</name><ExtendedData><Data name="@id"><value>way/543918957</value></Data><Data name="social_facility:for"><value>senior</value></Data><Data name="social_facility"><value>nursing_home</value></Data><Data name="amenity"><value>social_facility</value></Data><Data name="building"><value>yes</value></Data><Data name="name"><value>Ekhaga</value></Data><Data name="@geometry"><value>center</value></Data></ExtendedData><Point><coordinates>12.0263718,57.9240018</coordinates></Point></Placemark><Placemark><ExtendedData><Data name="@id"><value>way/545211439</value></Data><Data name="amenity"><value>social_facility</value></Data><Data name="building"><value>civic</value></Data><Data name="@geometry"><value>center</value></Data></ExtendedData><Point><coordinates>12.363534,59.7651499</coordinates></Point></Placemark><Placemark><ExtendedData><Data name="@id"><value>way/545211440</value></Data><Data name="amenity"><value>social_facility</value></Data><Data name="building"><value>civic</value></Data><Data name="@geometry"><value>center</value></Data></ExtendedData><Point><coordinates>12.3619769,59.7650697</coordinates></Point></Placemark><Placemark><name>Gruppbostad Måsen</name><ExtendedData><Data name="@id"><value>way/545304105</value></Data><Data name="amenity"><value>social_facility</value></Data><Data name="building"><value>civic</value></Data><Data name="name"><value>Gruppbostad Måsen</value></Data><Data name="social_facility"><value>nursing_home</value></Data><Data name="@geometry"><value>center</value></Data></ExtendedData><Point><coordinates>12.3459893,59.7681736</coordinates></Point></Placemark><Placemark><name>Gruppbostad Svanen</name><ExtendedData><Data name="@id"><value>way/545304109</value></Data><Data name="amenity"><value>social_facility</value></Data><Data name="building"><value>civic</value></Data><Data name="name"><value>Gruppbostad Svanen</value></Data><Data name="social_facility"><value>nursing_home</value></Data><Data name="@geometry"><value>center</value></Data></ExtendedData><Point><coordinates>12.3470707,59.7675434</coordinates></Point></Placemark><Placemark><name>Sannagården</name><ExtendedData><Data name="@id"><value>way/545803860</value></Data><Data name="amenity"><value>social_facility</value></Data><Data name="building"><value>yes</value></Data><Data name="name"><value>Sannagården</value></Data><Data name="social_facility"><value>nursing_home</value></Data><Data name="social_facility:for"><value>senior</value></Data><Data name="@geometry"><value>center</value></Data></ExtendedData><Point><coordinates>14.0917735,59.3093136</coordinates></Point></Placemark><Placemark><name>Stångberga Omsorg</name><ExtendedData><Data name="@id"><value>way/546058049</value></Data><Data name="amenity"><value>nursing_home</value></Data><Data name="name"><value>Stångberga Omsorg</value></Data><Data name="operator"><value>Stångberga Omsorg AB</value></Data><Data name="source"><value>Bing</value></Data><Data name="@geometry"><value>center</value></Data></ExtendedData><Point><coordinates>18.3180642,59.6075349</coordinates></Point></Placemark><Placemark><ExtendedData><Data name="@id"><value>way/547120057</value></Data><Data name="addr:city"><value>Järfälla</value></Data><Data name="addr:country"><value>SE</value></Data><Data name="addr:housenumber"><value>7</value></Data><Data name="addr:postcode"><value>175 53</value></Data><Data name="addr:street"><value>Tegvägen</value></Data><Data name="amenity"><value>social_facility</value></Data><Data name="building"><value>yes</value></Data><Data name="social_facility"><value>assisted_living</value></Data><Data name="social_facility:for"><value>senior</value></Data><Data name="@geometry"><value>center</value></Data></ExtendedData><Point><coordinates>17.7992275,59.4096954</coordinates></Point></Placemark><Placemark><name>Björkskatans hälsocentral</name><ExtendedData><Data name="@id"><value>way/547177502</value></Data><Data name="website"><value>http://www.nll.se/sv/Halsa-och-sjukvard/Vardcentraler1/Lulea/Lulea-Bjorkskatans-halsocentral/</value></Data><Data name="addr:city"><value>Luleå</value></Data><Data name="addr:country"><value>SE</value></Data><Data name="addr:housenumber"><value>7</value></Data><Data name="addr:postcode"><value>976 33</value></Data><Data name="addr:street"><value>Höstvägen</value></Data><Data name="amenity"><value>clinic</value></Data><Data name="name"><value>Björkskatans hälsocentral</value></Data><Data name="@geometry"><value>center</value></Data></ExtendedData><Point><coordinates>22.1705355,65.6145099</coordinates></Point></Placemark><Placemark><name>Tåbelunds Vårdcentral</name><ExtendedData><Data name="@id"><value>way/549238684</value></Data><Data name="addr:city"><value>Eslöv</value></Data><Data name="addr:country"><value>SE</value></Data><Data name="addr:housenumber"><value>33</value></Data><Data name="addr:postcode"><value>241 31</value></Data><Data name="addr:street"><value>Solvägen</value></Data><Data name="amenity"><value>clinic</value></Data><Data name="healthcare"><value>clinic</value></Data><Data name="name"><value>Tåbelunds Vårdcentral</value></Data><Data name="@geometry"><value>center</value></Data></ExtendedData><Point><coordinates>13.2888261,55.8328018</coordinates></Point></Placemark><Placemark><name>Hede Hälsocentral</name><ExtendedData><Data name="@id"><value>way/550301505</value></Data><Data name="amenity"><value>doctors</value></Data><Data name="building"><value>civic</value></Data><Data name="name"><value>Hede Hälsocentral</value></Data><Data name="@geometry"><value>center</value></Data></ExtendedData><Point><coordinates>13.5193935,62.4171349</coordinates></Point></Placemark><Placemark><name>Solhaga äldreboende</name><ExtendedData><Data name="@id"><value>way/552089337</value></Data><Data name="amenity"><value>social_facility</value></Data><Data name="name"><value>Solhaga äldreboende</value></Data><Data name="social_facility"><value>assisted_living</value></Data><Data name="social_facility:for"><value>senior</value></Data><Data name="@geometry"><value>center</value></Data></ExtendedData><Point><coordinates>11.8488427,57.9444865</coordinates></Point></Placemark><Placemark><name>Hälsa</name><ExtendedData><Data name="@id"><value>way/552162708</value></Data><Data name="building"><value>yes</value></Data><Data name="amenity"><value>doctors</value></Data><Data name="healthcare"><value>doctor</value></Data><Data name="name"><value>Hälsa</value></Data><Data name="@geometry"><value>center</value></Data></ExtendedData><Point><coordinates>14.1344606,56.5545934</coordinates></Point></Placemark><Placemark><name>Måsta äng</name><ExtendedData><Data name="@id"><value>way/552579020</value></Data><Data name="amenity"><value>social_facility</value></Data><Data name="building"><value>yes</value></Data><Data name="name"><value>Måsta äng</value></Data><Data name="social_facility"><value>nursing_home</value></Data><Data name="social_facility:for"><value>senior</value></Data><Data name="@geometry"><value>center</value></Data></ExtendedData><Point><coordinates>16.5049305,59.3925183</coordinates></Point></Placemark><Placemark><name>Villa Tollare</name><ExtendedData><Data name="@id"><value>way/553084844</value></Data><Data name="addr:country"><value>SE</value></Data><Data name="addr:housenumber"><value>2</value></Data><Data name="addr:street"><value>Tollarevägen</value></Data><Data name="amenity"><value>social_facility</value></Data><Data name="building"><value>yes</value></Data><Data name="name"><value>Villa Tollare</value></Data><Data name="social_facility"><value>nursing_home</value></Data><Data name="social_facility:for"><value>senior</value></Data><Data name="@geometry"><value>center</value></Data></ExtendedData><Point><coordinates>18.2427764,59.3031498</coordinates></Point></Placemark><Placemark><ExtendedData><Data name="@id"><value>way/553191678</value></Data><Data name="amenity"><value>clinic</value></Data><Data name="building"><value>yes</value></Data><Data name="healthcare"><value>clinic</value></Data><Data name="healthcare:speciality"><value>dentistry</value></Data><Data name="@geometry"><value>center</value></Data></ExtendedData><Point><coordinates>12.6454672,56.9766036</coordinates></Point></Placemark><Placemark><ExtendedData><Data name="@id"><value>way/555667324</value></Data><Data name="amenity"><value>doctors</value></Data><Data name="building"><value>yes</value></Data><Data name="healthcare"><value>doctor</value></Data><Data name="@geometry"><value>center</value></Data></ExtendedData><Point><coordinates>16.2077909,64.114413</coordinates></Point></Placemark><Placemark><name>Åkerbo särskilda boende</name><ExtendedData><Data name="@id"><value>way/556129702</value></Data><Data name="amenity"><value>social_facility</value></Data><Data name="building"><value>yes</value></Data><Data name="building:levels"><value>1</value></Data><Data name="name"><value>Åkerbo särskilda boende</value></Data><Data name="social_facility"><value>assisted_living</value></Data><Data name="social_facility:for"><value>senior</value></Data><Data name="@geometry"><value>center</value></Data></ExtendedData><Point><coordinates>13.3144155,59.5091417</coordinates></Point></Placemark><Placemark><name>Äldreboende Karlslund</name><ExtendedData><Data name="@id"><value>way/556131680</value></Data><Data name="amenity"><value>social_facility</value></Data><Data name="building"><value>yes</value></Data><Data name="name"><value>Äldreboende Karlslund</value></Data><Data name="social_facility"><value>assisted_living</value></Data><Data name="social_facility:for"><value>senior</value></Data><Data name="@geometry"><value>center</value></Data></ExtendedData><Point><coordinates>13.3129668,59.5076868</coordinates></Point></Placemark><Placemark><name>Solvikens Äldreboende</name><ExtendedData><Data name="@id"><value>way/556147751</value></Data><Data name="addr:city"><value>Flen</value></Data><Data name="addr:country"><value>SE</value></Data><Data name="addr:housenumber"><value>10</value></Data><Data name="addr:postcode"><value>64232</value></Data><Data name="addr:street"><value>Orrögatan</value></Data><Data name="amenity"><value>social_facility</value></Data><Data name="building"><value>yes</value></Data><Data name="name"><value>Solvikens Äldreboende</value></Data><Data name="social_facility"><value>nursing_home</value></Data><Data name="social_facility:for"><value>senior</value></Data><Data name="@geometry"><value>center</value></Data></ExtendedData><Point><coordinates>16.5865263,59.0674146</coordinates></Point></Placemark><Placemark><name>Äldreboendet Östanvind</name><ExtendedData><Data name="@id"><value>way/559586306</value></Data><Data name="social_facility:for"><value>senior</value></Data><Data name="social_facility"><value>group_home</value></Data><Data name="operator"><value>Tanums kommun</value></Data><Data name="name"><value>Äldreboendet Östanvind</value></Data><Data name="amenity"><value>social_facility</value></Data><Data name="building"><value>yes</value></Data><Data name="@geometry"><value>center</value></Data></ExtendedData><Point><coordinates>11.5614552,58.7745193</coordinates></Point></Placemark><Placemark><name>Lugnets äldreboende</name><ExtendedData><Data name="@id"><value>way/561341537</value></Data><Data name="amenity"><value>social_facility</value></Data><Data name="name"><value>Lugnets äldreboende</value></Data><Data name="operator"><value>Lidköpings kommun</value></Data><Data name="social_facility"><value>group_home</value></Data><Data name="social_facility:for"><value>senior</value></Data><Data name="@geometry"><value>center</value></Data></ExtendedData><Point><coordinates>13.0056973,58.510918</coordinates></Point></Placemark><Placemark><name>Landeryds Ängar</name><ExtendedData><Data name="@id"><value>way/561846173</value></Data><Data name="amenity"><value>social_facility</value></Data><Data name="name"><value>Landeryds Ängar</value></Data><Data name="operator"><value>Leanlink</value></Data><Data name="social_facility"><value>assisted_living</value></Data><Data name="social_facility:for"><value>mental_health</value></Data><Data name="@geometry"><value>center</value></Data></ExtendedData><Point><coordinates>15.7245269,58.3753793</coordinates></Point></Placemark><Placemark><name>Landeryds vårdboende</name><ExtendedData><Data name="@id"><value>way/561846174</value></Data><Data name="amenity"><value>social_facility</value></Data><Data name="name"><value>Landeryds vårdboende</value></Data><Data name="operator"><value>Aleris</value></Data><Data name="social_facility"><value>group_home</value></Data><Data name="social_facility:for"><value>senior</value></Data><Data name="@geometry"><value>center</value></Data></ExtendedData><Point><coordinates>15.7220575,58.3765633</coordinates></Point></Placemark><Placemark><name>Tallgläntan</name><ExtendedData><Data name="@id"><value>way/562090994</value></Data><Data name="amenity"><value>social_facility</value></Data><Data name="building"><value>yes</value></Data><Data name="name"><value>Tallgläntan</value></Data><Data name="operator"><value>Falkenbergs kommun</value></Data><Data name="social_facility"><value>nursing_home</value></Data><Data name="social_facility:for"><value>senior</value></Data><Data name="@geometry"><value>center</value></Data></ExtendedData><Point><coordinates>12.50691,56.9025221</coordinates></Point></Placemark><Placemark><name>Solsäterhemmet</name><ExtendedData><Data name="@id"><value>way/563465900</value></Data><Data name="social_facility:for"><value>senior</value></Data><Data name="amenity"><value>social_facility</value></Data><Data name="building"><value>yes</value></Data><Data name="name"><value>Solsäterhemmet</value></Data><Data name="social_facility"><value>group_home</value></Data><Data name="@geometry"><value>center</value></Data></ExtendedData><Point><coordinates>12.640714,58.9712052</coordinates></Point></Placemark><Placemark><name>Björklidens äldreboende</name><ExtendedData><Data name="@id"><value>way/565121502</value></Data><Data name="social_facility:for"><value>senior</value></Data><Data name="addr:country"><value>SE</value></Data><Data name="addr:housenumber"><value>9A</value></Data><Data name="addr:street"><value>Ledetvägen</value></Data><Data name="amenity"><value>social_facility</value></Data><Data name="building"><value>yes</value></Data><Data name="name"><value>Björklidens äldreboende</value></Data><Data name="operator"><value>Ale kommun</value></Data><Data name="social_facility"><value>group_home</value></Data><Data name="@geometry"><value>center</value></Data></ExtendedData><Point><coordinates>12.0852192,57.9252944</coordinates></Point></Placemark><Placemark><name>Gruppboende Gullvivan</name><ExtendedData><Data name="@id"><value>way/566129678</value></Data><Data name="addr:city"><value>Ljusdal</value></Data><Data name="addr:country"><value>SE</value></Data><Data name="addr:housenumber"><value>24</value></Data><Data name="addr:postcode"><value>82734</value></Data><Data name="addr:street"><value>Verkstadsskolevägen</value></Data><Data name="amenity"><value>social_facility</value></Data><Data name="building"><value>yes</value></Data><Data name="name"><value>Gruppboende Gullvivan</value></Data><Data name="social_facility"><value>nursing_home</value></Data><Data name="social_facility:for"><value>senior</value></Data><Data name="@geometry"><value>center</value></Data></ExtendedData><Point><coordinates>16.110709,61.8311853</coordinates></Point></Placemark><Placemark><ExtendedData><Data name="@id"><value>way/567578075</value></Data><Data name="amenity"><value>clinic</value></Data><Data name="healthcare"><value>clinic</value></Data><Data name="building"><value>yes</value></Data><Data name="@geometry"><value>center</value></Data></ExtendedData><Point><coordinates>18.0775216,60.0634498</coordinates></Point></Placemark><Placemark><name>Ringskatans Nattis</name><ExtendedData><Data name="@id"><value>way/567604552</value></Data><Data name="amenity"><value>social_facility</value></Data><Data name="building"><value>yes</value></Data><Data name="name"><value>Ringskatans Nattis</value></Data><Data name="social_facility:for"><value>child</value></Data><Data name="@geometry"><value>center</value></Data></ExtendedData><Point><coordinates>21.4831165,65.3330756</coordinates></Point></Placemark><Placemark><name>Kronans Apotek</name><ExtendedData><Data name="@id"><value>way/573981848</value></Data><Data name="amenity"><value>pharmacy</value></Data><Data name="app:apple"><value>https://itunes.apple.com/se/app/kronans-apotek/id1129771604?l=en</value></Data><Data name="app:google"><value>https://play.google.com/store/apps/details?id=se.kronansapotek.kronan</value></Data><Data name="brand"><value>Kronans Apotek</value></Data><Data name="dispensing"><value>yes</value></Data><Data name="indoor"><value>room</value></Data><Data name="level"><value>0</value></Data><Data name="name"><value>Kronans Apotek</value></Data><Data name="operator"><value>Kronans Droghandel Apotek AB</value></Data><Data name="phone"><value>+46771612612</value></Data><Data name="website:stock"><value>https://www.fass.se/</value></Data><Data name="@geometry"><value>center</value></Data></ExtendedData><Point><coordinates>17.3373273,62.4467369</coordinates></Point></Placemark><Placemark><name>Apoteket</name><ExtendedData><Data name="@id"><value>way/573994128</value></Data><Data name="amenity"><value>pharmacy</value></Data><Data name="indoor"><value>room</value></Data><Data name="level"><value>0</value></Data><Data name="name"><value>Apoteket</value></Data><Data name="@geometry"><value>center</value></Data></ExtendedData><Point><coordinates>17.3370273,62.4469588</coordinates></Point></Placemark><Placemark><name>Strandvillan</name><ExtendedData><Data name="@id"><value>way/576370715</value></Data><Data name="amenity"><value>social_facility</value></Data><Data name="landuse"><value>residential</value></Data><Data name="name"><value>Strandvillan</value></Data><Data name="operator"><value>Timrå kommun</value></Data><Data name="social_facility"><value>group_home</value></Data><Data name="social_facility:for"><value>disabled</value></Data><Data name="@geometry"><value>center</value></Data></ExtendedData><Point><coordinates>17.5148463,62.5013615</coordinates></Point></Placemark><Placemark><name>Barn- och ungdomshabilitering Gävle</name><ExtendedData><Data name="@id"><value>way/577367319</value></Data><Data name="addr:postcode"><value>806 33</value></Data><Data name="addr:city"><value>Gävle</value></Data><Data name="addr:country"><value>SE</value></Data><Data name="addr:housenumber"><value>5</value></Data><Data name="addr:street"><value>Folkparksvägen</value></Data><Data name="addr:unit"><value>314</value></Data><Data name="amenity"><value>clinic</value></Data><Data name="building"><value>yes</value></Data><Data name="healthcare"><value>clinic</value></Data><Data name="name"><value>Barn- och ungdomshabilitering Gävle</value></Data><Data name="operator"><value>Region Gävleborg</value></Data><Data name="@geometry"><value>center</value></Data></ExtendedData><Point><coordinates>17.1332931,60.6864689</coordinates></Point></Placemark><Placemark><name>Enskede nya servicehus</name><ExtendedData><Data name="@id"><value>way/579403675</value></Data><Data name="website"><value>http://www.stockholm.se/-/Serviceenhetsdetaljer/?enhet=a2890dae810c4d2bafe24fca84b73788</value></Data><Data name="addr:city"><value>Enskede</value></Data><Data name="addr:country"><value>SE</value></Data><Data name="addr:housenumber"><value>170B</value></Data><Data name="addr:postcode"><value>122 38</value></Data><Data name="addr:street"><value>Handelsvägen</value></Data><Data name="amenity"><value>social_facility</value></Data><Data name="capacity"><value>66</value></Data><Data name="name"><value>Enskede nya servicehus</value></Data><Data name="phone"><value>+46850814840</value></Data><Data name="social_facility"><value>group_home</value></Data><Data name="social_facility:for"><value>senior</value></Data><Data name="@geometry"><value>center</value></Data></ExtendedData><Point><coordinates>18.0738827,59.2797045</coordinates></Point></Placemark><Placemark><ExtendedData><Data name="@id"><value>way/580977515</value></Data><Data name="amenity"><value>social_facility</value></Data><Data name="building"><value>yes</value></Data><Data name="social_facility"><value>nursing_home</value></Data><Data name="social_facility:for"><value>senior</value></Data><Data name="@geometry"><value>center</value></Data></ExtendedData><Point><coordinates>15.7541327,60.8059509</coordinates></Point></Placemark><Placemark><name>Bäckagården</name><ExtendedData><Data name="@id"><value>way/581391693</value></Data><Data name="addr:city"><value>Ängelholm</value></Data><Data name="addr:country"><value>SE</value></Data><Data name="addr:housenumber"><value>1</value></Data><Data name="addr:postcode"><value>262 57</value></Data><Data name="addr:street"><value>Vildgåsgatan</value></Data><Data name="amenity"><value>social_facility</value></Data><Data name="building"><value>yes</value></Data><Data name="name"><value>Bäckagården</value></Data><Data name="operator"><value>Vardaga</value></Data><Data name="social_facility"><value>assisted_living</value></Data><Data name="social_facility:for"><value>senior</value></Data><Data name="@geometry"><value>center</value></Data></ExtendedData><Point><coordinates>12.8778106,56.2346733</coordinates></Point></Placemark><Placemark><name>Edsbyns Hälsocentral</name><ExtendedData><Data name="@id"><value>way/582249879</value></Data><Data name="amenity"><value>clinic</value></Data><Data name="building"><value>yes</value></Data><Data name="healthcare"><value>clinic</value></Data><Data name="name"><value>Edsbyns Hälsocentral</value></Data><Data name="@geometry"><value>center</value></Data></ExtendedData><Point><coordinates>15.8102767,61.3798645</coordinates></Point></Placemark><Placemark><name>Apotek Hjärtat</name><ExtendedData><Data name="@id"><value>way/582249880</value></Data><Data name="amenity"><value>pharmacy</value></Data><Data name="app:apple"><value>https://itunes.apple.com/se/app/apotek-hj%C3%A4rtat-n%C3%A4ra-dig/id1150817089</value></Data><Data name="app:google"><value>https://play.google.com/store/apps/details?id=com.presencekit.apotek.se&amp;hl=en_US</value></Data><Data name="brand"><value>Apotek Hjärtat</value></Data><Data name="building"><value>yes</value></Data><Data name="dispensing"><value>yes</value></Data><Data name="healthcare"><value>pharmacy</value></Data><Data name="name"><value>Apotek Hjärtat</value></Data><Data name="operator"><value>Apotek Hjärtat Retail AB</value></Data><Data name="owner"><value>ICA Gruppen AB</value></Data><Data name="ownership"><value>private</value></Data><Data name="phone"><value>+46771405405</value></Data><Data name="website:stock"><value>https://www.fass.se/</value></Data><Data name="wheelchair"><value>yes</value></Data><Data name="@geometry"><value>center</value></Data></ExtendedData><Point><coordinates>15.8105338,61.3800576</coordinates></Point></Placemark><Placemark><ExtendedData><Data name="@id"><value>way/582813459</value></Data><Data name="amenity"><value>social_facility</value></Data><Data name="building"><value>yes</value></Data><Data name="social_facility"><value>nursing_home</value></Data><Data name="social_facility:for"><value>senior</value></Data><Data name="@geometry"><value>center</value></Data></ExtendedData><Point><coordinates>12.1295008,59.3944447</coordinates></Point></Placemark><Placemark><name>Näset</name><ExtendedData><Data name="@id"><value>way/582833658</value></Data><Data name="addr:city"><value>Djurås</value></Data><Data name="addr:country"><value>SE</value></Data><Data name="addr:housenumber"><value>22</value></Data><Data name="addr:postcode"><value>785 61</value></Data><Data name="addr:street"><value>Fiolvägen</value></Data><Data name="amenity"><value>social_facility</value></Data><Data name="building"><value>yes</value></Data><Data name="building:colour"><value>#801818</value></Data><Data name="building:levels"><value>1</value></Data><Data name="building:material"><value>wood</value></Data><Data name="name"><value>Näset</value></Data><Data name="roof:shape"><value>gabled</value></Data><Data name="@geometry"><value>center</value></Data></ExtendedData><Point><coordinates>15.1121091,60.5559623</coordinates></Point></Placemark><Placemark><name>Kajen</name><ExtendedData><Data name="@id"><value>way/582861613</value></Data><Data name="addr:city"><value>Djurås</value></Data><Data name="addr:country"><value>SE</value></Data><Data name="addr:housenumber"><value>18</value></Data><Data name="addr:postcode"><value>785 61</value></Data><Data name="addr:street"><value>Båtvägen</value></Data><Data name="amenity"><value>social_facility</value></Data><Data name="building"><value>yes</value></Data><Data name="building:colour"><value>#801818</value></Data><Data name="building:levels"><value>1</value></Data><Data name="building:material"><value>wood</value></Data><Data name="name"><value>Kajen</value></Data><Data name="roof:shape"><value>gabled</value></Data><Data name="@geometry"><value>center</value></Data></ExtendedData><Point><coordinates>15.1223842,60.554834</coordinates></Point></Placemark><Placemark><name>Vårdcentralen</name><ExtendedData><Data name="@id"><value>way/583176196</value></Data><Data name="addr:city"><value>Djurås</value></Data><Data name="addr:country"><value>SE</value></Data><Data name="addr:housenumber"><value>42</value></Data><Data name="addr:postcode"><value>78561</value></Data><Data name="addr:street"><value>Älvuddsvägen</value></Data><Data name="amenity"><value>clinic</value></Data><Data name="building"><value>yes</value></Data><Data name="healthcare"><value>clinic</value></Data><Data name="name"><value>Vårdcentralen</value></Data><Data name="@geometry"><value>center</value></Data></ExtendedData><Point><coordinates>15.1291717,60.5525166</coordinates></Point></Placemark><Placemark><name>Rättspsykiatri Västmanland</name><ExtendedData><Data name="@id"><value>way/583805787</value></Data><Data name="amenity"><value>hospital</value></Data><Data name="emergency"><value>no</value></Data><Data name="name"><value>Rättspsykiatri Västmanland</value></Data><Data name="@geometry"><value>center</value></Data></ExtendedData><Point><coordinates>16.6057836,59.9345326</coordinates></Point></Placemark><Placemark><name>Kungälvs sjukhus</name><ExtendedData><Data name="@id"><value>way/585734883</value></Data><Data name="wikidata"><value>Q30263857</value></Data><Data name="amenity"><value>hospital</value></Data><Data name="emergency"><value>yes</value></Data><Data name="health_specialty:emergency_medicine"><value>yes</value></Data><Data name="health_specialty:family_medicine"><value>yes</value></Data><Data name="health_specialty:intensive_care_medicine"><value>yes</value></Data><Data name="health_specialty:orthopaedics"><value>yes</value></Data><Data name="health_specialty:surgery"><value>yes</value></Data><Data name="healthcare"><value>hospital</value></Data><Data name="name"><value>Kungälvs sjukhus</value></Data><Data name="opening_hours"><value>24/7</value></Data><Data name="operator"><value>Västra Götalandsregionen</value></Data><Data name="website"><value>https://www.vgregion.se/sv/Kungalvs-sjukhus/Kungalvs-sjukhus1/</value></Data><Data name="@geometry"><value>center</value></Data></ExtendedData><Point><coordinates>11.9682704,57.878247</coordinates></Point></Placemark><Placemark><name>Vårdhem</name><ExtendedData><Data name="@id"><value>way/589093161</value></Data><Data name="amenity"><value>hospital</value></Data><Data name="emergency"><value>no</value></Data><Data name="name"><value>Vårdhem</value></Data><Data name="@geometry"><value>center</value></Data></ExtendedData><Point><coordinates>16.4621409,58.98822</coordinates></Point></Placemark><Placemark><ExtendedData><Data name="@id"><value>way/599871017</value></Data><Data name="amenity"><value>social_facility</value></Data><Data name="building"><value>yes</value></Data><Data name="social_facility"><value>nursing_home</value></Data><Data name="social_facility:for"><value>senior</value></Data><Data name="@geometry"><value>center</value></Data></ExtendedData><Point><coordinates>16.4124869,59.4000268</coordinates></Point></Placemark><Placemark><name>Högdalens äldreboende</name><ExtendedData><Data name="@id"><value>way/600871084</value></Data><Data name="addr:city"><value>Bandhagen</value></Data><Data name="addr:country"><value>SE</value></Data><Data name="addr:housenumber"><value>38</value></Data><Data name="addr:postcode"><value>124 51</value></Data><Data name="addr:street"><value>Ripsavägen</value></Data><Data name="amenity"><value>social_facility</value></Data><Data name="name"><value>Högdalens äldreboende</value></Data><Data name="social_facility"><value>assisted_living</value></Data><Data name="social_facility:for"><value>senior</value></Data><Data name="@geometry"><value>center</value></Data></ExtendedData><Point><coordinates>18.0316393,59.2661319</coordinates></Point></Placemark><Placemark><ExtendedData><Data name="@id"><value>way/601354525</value></Data><Data name="amenity"><value>social_facility</value></Data><Data name="building"><value>yes</value></Data><Data name="social_facility"><value>nursing_home</value></Data><Data name="social_facility:for"><value>senior</value></Data><Data name="@geometry"><value>center</value></Data></ExtendedData><Point><coordinates>17.0510713,61.3127887</coordinates></Point></Placemark><Placemark><name>Solgårdens Äldreboende</name><ExtendedData><Data name="@id"><value>way/601816319</value></Data><Data name="addr:city"><value>Ingatorp</value></Data><Data name="addr:country"><value>SE</value></Data><Data name="addr:housenumber"><value>1</value></Data><Data name="addr:postcode"><value>57031</value></Data><Data name="addr:street"><value>Brogatan</value></Data><Data name="amenity"><value>social_facility</value></Data><Data name="building"><value>yes</value></Data><Data name="name"><value>Solgårdens Äldreboende</value></Data><Data name="social_facility"><value>nursing_home</value></Data><Data name="social_facility:for"><value>senior</value></Data><Data name="@geometry"><value>center</value></Data></ExtendedData><Point><coordinates>15.4121917,57.636674</coordinates></Point></Placemark><Placemark><ExtendedData><Data name="@id"><value>way/604382248</value></Data><Data name="building"><value>yes</value></Data><Data name="amenity"><value>social_facility</value></Data><Data name="social_facility"><value>care_home</value></Data><Data name="social_facility:for"><value>disabled</value></Data><Data name="@geometry"><value>center</value></Data></ExtendedData><Point><coordinates>15.8224424,58.7090885</coordinates></Point></Placemark><Placemark><ExtendedData><Data name="@id"><value>way/605399575</value></Data><Data name="building"><value>yes</value></Data><Data name="amenity"><value>clinic</value></Data><Data name="@geometry"><value>center</value></Data></ExtendedData><Point><coordinates>17.1865549,60.1821156</coordinates></Point></Placemark><Placemark><name>Norden</name><ExtendedData><Data name="@id"><value>way/606729351</value></Data><Data name="amenity"><value>social_facility</value></Data><Data name="name"><value>Norden</value></Data><Data name="social_facility"><value>assisted_living</value></Data><Data name="start_date"><value>1993</value></Data><Data name="@geometry"><value>center</value></Data></ExtendedData><Point><coordinates>15.9977915,60.2738073</coordinates></Point></Placemark><Placemark><name>Lindgården Stiftelsen Torpahemmet</name><ExtendedData><Data name="@id"><value>way/606838277</value></Data><Data name="addr:city"><value>Jönköping</value></Data><Data name="addr:country"><value>SE</value></Data><Data name="addr:housenumber"><value>1</value></Data><Data name="addr:postcode"><value>55454</value></Data><Data name="addr:street"><value>Ringvägen</value></Data><Data name="amenity"><value>social_facility</value></Data><Data name="building"><value>yes</value></Data><Data name="name"><value>Lindgården Stiftelsen Torpahemmet</value></Data><Data name="social_facility"><value>nursing_home</value></Data><Data name="@geometry"><value>center</value></Data></ExtendedData><Point><coordinates>14.2169557,57.7835834</coordinates></Point></Placemark><Placemark><name>Ekhaga</name><ExtendedData><Data name="@id"><value>way/606926381</value></Data><Data name="social_facility:for"><value>senior</value></Data><Data name="building"><value>yes</value></Data><Data name="amenity"><value>social_facility</value></Data><Data name="name"><value>Ekhaga</value></Data><Data name="social_facility"><value>group_home</value></Data><Data name="@geometry"><value>center</value></Data></ExtendedData><Point><coordinates>12.0182827,57.4122048</coordinates></Point></Placemark><Placemark><name>Österängen</name><ExtendedData><Data name="@id"><value>way/610184687</value></Data><Data name="amenity"><value>social_facility</value></Data><Data name="building"><value>yes</value></Data><Data name="name"><value>Österängen</value></Data><Data name="social_facility"><value>group_home</value></Data><Data name="social_facility:for"><value>senior</value></Data><Data name="@geometry"><value>center</value></Data></ExtendedData><Point><coordinates>11.9541704,58.3463837</coordinates></Point></Placemark><Placemark><name>Knäred Vårdcentral</name><ExtendedData><Data name="@id"><value>way/610645601</value></Data><Data name="amenity"><value>hospital</value></Data><Data name="healthcare"><value>hospital</value></Data><Data name="emergency"><value>yes</value></Data><Data name="healthcare:speciality"><value>emergency</value></Data><Data name="name"><value>Knäred Vårdcentral</value></Data><Data name="@geometry"><value>center</value></Data></ExtendedData><Point><coordinates>13.3145958,56.5212975</coordinates></Point></Placemark><Placemark><ExtendedData><Data name="@id"><value>way/610645627</value></Data><Data name="building"><value>yes</value></Data><Data name="amenity"><value>social_facility</value></Data><Data name="social_facility"><value>group_home</value></Data><Data name="social_facility:for"><value>senior</value></Data><Data name="@geometry"><value>center</value></Data></ExtendedData><Point><coordinates>13.3189239,56.5215056</coordinates></Point></Placemark><Placemark><ExtendedData><Data name="@id"><value>way/610645628</value></Data><Data name="amenity"><value>social_facility</value></Data><Data name="building"><value>yes</value></Data><Data name="social_facility"><value>group_home</value></Data><Data name="social_facility:for"><value>senior</value></Data><Data name="@geometry"><value>center</value></Data></ExtendedData><Point><coordinates>13.3180429,56.5218728</coordinates></Point></Placemark><Placemark><ExtendedData><Data name="@id"><value>way/610645629</value></Data><Data name="amenity"><value>social_facility</value></Data><Data name="building"><value>yes</value></Data><Data name="social_facility"><value>group_home</value></Data><Data name="social_facility:for"><value>senior</value></Data><Data name="@geometry"><value>center</value></Data></ExtendedData><Point><coordinates>13.3180898,56.5217325</coordinates></Point></Placemark><Placemark><ExtendedData><Data name="@id"><value>way/610645631</value></Data><Data name="amenity"><value>social_facility</value></Data><Data name="building"><value>yes</value></Data><Data name="social_facility"><value>group_home</value></Data><Data name="social_facility:for"><value>senior</value></Data><Data name="@geometry"><value>center</value></Data></ExtendedData><Point><coordinates>13.3183695,56.5220974</coordinates></Point></Placemark><Placemark><ExtendedData><Data name="@id"><value>way/610645632</value></Data><Data name="amenity"><value>social_facility</value></Data><Data name="building"><value>yes</value></Data><Data name="social_facility"><value>group_home</value></Data><Data name="social_facility:for"><value>senior</value></Data><Data name="@geometry"><value>center</value></Data></ExtendedData><Point><coordinates>13.3186079,56.5220873</coordinates></Point></Placemark><Placemark><ExtendedData><Data name="@id"><value>way/610645633</value></Data><Data name="amenity"><value>social_facility</value></Data><Data name="building"><value>yes</value></Data><Data name="social_facility"><value>group_home</value></Data><Data name="social_facility:for"><value>senior</value></Data><Data name="@geometry"><value>center</value></Data></ExtendedData><Point><coordinates>13.3189125,56.5218943</coordinates></Point></Placemark><Placemark><name>Ekhaga äldreboende</name><ExtendedData><Data name="@id"><value>way/611099805</value></Data><Data name="amenity"><value>social_facility</value></Data><Data name="name"><value>Ekhaga äldreboende</value></Data><Data name="social_facility"><value>nursing_home</value></Data><Data name="social_facility:for"><value>senior</value></Data><Data name="@geometry"><value>center</value></Data></ExtendedData><Point><coordinates>12.9781937,56.0534342</coordinates></Point></Placemark><Placemark><ExtendedData><Data name="@id"><value>way/611890092</value></Data><Data name="amenity"><value>hospital</value></Data><Data name="healthcare"><value>hospital</value></Data><Data name="@geometry"><value>center</value></Data></ExtendedData><Point><coordinates>13.6024566,56.158458</coordinates></Point></Placemark><Placemark><name>Solgården</name><ExtendedData><Data name="@id"><value>way/613424859</value></Data><Data name="amenity"><value>social_facility</value></Data><Data name="building"><value>yes</value></Data><Data name="name"><value>Solgården</value></Data><Data name="social_facility"><value>nursing_home</value></Data><Data name="social_facility:for"><value>senior</value></Data><Data name="@geometry"><value>center</value></Data></ExtendedData><Point><coordinates>15.8597247,61.7987742</coordinates></Point></Placemark><Placemark><ExtendedData><Data name="@id"><value>way/615256895</value></Data><Data name="amenity"><value>clinic</value></Data><Data name="building"><value>yes</value></Data><Data name="healthcare"><value>clinic</value></Data><Data name="@geometry"><value>center</value></Data></ExtendedData><Point><coordinates>13.4005077,56.1380488</coordinates></Point></Placemark><Placemark><ExtendedData><Data name="@id"><value>way/615256898</value></Data><Data name="amenity"><value>hospital</value></Data><Data name="healthcare"><value>hospital</value></Data><Data name="@geometry"><value>center</value></Data></ExtendedData><Point><coordinates>13.4005077,56.1380488</coordinates></Point></Placemark><Placemark><name>Gruppboende Skolgatan</name><ExtendedData><Data name="@id"><value>way/617427627</value></Data><Data name="social_facility"><value>group_home</value></Data><Data name="amenity"><value>social_facility</value></Data><Data name="name"><value>Gruppboende Skolgatan</value></Data><Data name="@geometry"><value>center</value></Data></ExtendedData><Point><coordinates>17.3827095,62.2964688</coordinates></Point></Placemark><Placemark><name>Borgholms Hälsocentral</name><ExtendedData><Data name="@id"><value>way/619429071</value></Data><Data name="amenity"><value>clinic</value></Data><Data name="building"><value>yes</value></Data><Data name="name"><value>Borgholms Hälsocentral</value></Data><Data name="@geometry"><value>center</value></Data></ExtendedData><Point><coordinates>16.6631257,56.8809672</coordinates></Point></Placemark><Placemark><name>Björkhaga äldreboende</name><ExtendedData><Data name="@id"><value>way/619467292</value></Data><Data name="name"><value>Björkhaga äldreboende</value></Data><Data name="social_facility:for"><value>senior</value></Data><Data name="amenity"><value>social_facility</value></Data><Data name="building"><value>yes</value></Data><Data name="operator"><value>Humana</value></Data><Data name="social_facility"><value>group_home</value></Data><Data name="@geometry"><value>center</value></Data></ExtendedData><Point><coordinates>12.6860364,56.8554406</coordinates></Point></Placemark><Placemark><name>Harplinges äldreboende</name><ExtendedData><Data name="@id"><value>way/619522580</value></Data><Data name="social_facility:for"><value>senior</value></Data><Data name="name"><value>Harplinges äldreboende</value></Data><Data name="social_facility"><value>assisted_living</value></Data><Data name="building"><value>yes</value></Data><Data name="amenity"><value>social_facility</value></Data><Data name="@geometry"><value>center</value></Data></ExtendedData><Point><coordinates>12.7319343,56.7447242</coordinates></Point></Placemark><Placemark><name>Bjärnums vårdcentral</name><ExtendedData><Data name="@id"><value>way/620630150</value></Data><Data name="addr:country"><value>SE</value></Data><Data name="addr:housenumber"><value>12</value></Data><Data name="addr:street"><value>Algatan</value></Data><Data name="amenity"><value>clinic</value></Data><Data name="name"><value>Bjärnums vårdcentral</value></Data><Data name="@geometry"><value>center</value></Data></ExtendedData><Point><coordinates>13.7153497,56.2916022</coordinates></Point></Placemark><Placemark><name>Äldreboendet Nybo</name><ExtendedData><Data name="@id"><value>way/621835326</value></Data><Data name="amenity"><value>social_facility</value></Data><Data name="capacity"><value>49</value></Data><Data name="name"><value>Äldreboendet Nybo</value></Data><Data name="social_facility"><value>group_home</value></Data><Data name="social_facility:for"><value>senior</value></Data><Data name="@geometry"><value>center</value></Data></ExtendedData><Point><coordinates>13.7123926,56.2832029</coordinates></Point></Placemark><Placemark><name>Lyckåsa korttidsboende</name><ExtendedData><Data name="@id"><value>way/621841575</value></Data><Data name="addr:country"><value>SE</value></Data><Data name="addr:housenumber"><value>56</value></Data><Data name="addr:street"><value>Verumsvägen</value></Data><Data name="amenity"><value>social_facility</value></Data><Data name="name"><value>Lyckåsa korttidsboende</value></Data><Data name="social_facility"><value>nursing_home</value></Data><Data name="@geometry"><value>center</value></Data></ExtendedData><Point><coordinates>13.7236298,56.2952943</coordinates></Point></Placemark><Placemark><name>Fjärås vårdcentral</name><ExtendedData><Data name="@id"><value>way/622832661</value></Data><Data name="addr:city"><value>Fjärås</value></Data><Data name="addr:country"><value>SE</value></Data><Data name="addr:housenumber"><value>1</value></Data><Data name="addr:postcode"><value>439 71</value></Data><Data name="addr:street"><value>Rajgräsvägen</value></Data><Data name="amenity"><value>clinic</value></Data><Data name="building"><value>yes</value></Data><Data name="contact:phone"><value>+46 300-56 52 50</value></Data><Data name="healthcare"><value>clinic</value></Data><Data name="name"><value>Fjärås vårdcentral</value></Data><Data name="opening_hours"><value>Mo-Fr 08:00-17:00</value></Data><Data name="operator"><value>Region Halland</value></Data><Data name="@geometry"><value>center</value></Data></ExtendedData><Point><coordinates>12.1715156,57.462327</coordinates></Point></Placemark><Placemark><name>Sandlyckans Vård och Omsorgsboende</name><ExtendedData><Data name="@id"><value>way/622836614</value></Data><Data name="name"><value>Sandlyckans Vård och Omsorgsboende</value></Data><Data name="building"><value>yes</value></Data><Data name="amenity"><value>social_facility</value></Data><Data name="operator"><value>Kungsbacka kommun</value></Data><Data name="social_facility"><value>nursing_home</value></Data><Data name="social_facility:for"><value>senior</value></Data><Data name="@geometry"><value>center</value></Data></ExtendedData><Point><coordinates>11.9581949,57.5497662</coordinates></Point></Placemark><Placemark><name>Nya Lundbygården</name><ExtendedData><Data name="@id"><value>way/623043577</value></Data><Data name="social_facility:for"><value>senior</value></Data><Data name="social_facility"><value>assisted_living</value></Data><Data name="operator"><value>Lerum kommun</value></Data><Data name="building"><value>yes</value></Data><Data name="addr:city"><value>Gråbo</value></Data><Data name="addr:country"><value>SE</value></Data><Data name="addr:housenumber"><value>47</value></Data><Data name="addr:street"><value>Lundbyvägen</value></Data><Data name="amenity"><value>social_facility</value></Data><Data name="building:levels"><value>3</value></Data><Data name="name"><value>Nya Lundbygården</value></Data><Data name="@geometry"><value>center</value></Data></ExtendedData><Point><coordinates>12.2974617,57.8344288</coordinates></Point></Placemark><Placemark><name>Idrottsvägen Servicebostad</name><ExtendedData><Data name="@id"><value>way/623106042</value></Data><Data name="amenity"><value>social_facility</value></Data><Data name="name"><value>Idrottsvägen Servicebostad</value></Data><Data name="social_facility"><value>assisted_living</value></Data><Data name="@geometry"><value>center</value></Data></ExtendedData><Point><coordinates>17.9279345,59.4628666</coordinates></Point></Placemark><Placemark><ExtendedData><Data name="@id"><value>way/625032020</value></Data><Data name="addr:city"><value>Enköping</value></Data><Data name="addr:country"><value>SE</value></Data><Data name="addr:housenumber"><value>3</value></Data><Data name="addr:postcode"><value>74944</value></Data><Data name="addr:street"><value>Åkersbergsvägen</value></Data><Data name="amenity"><value>social_facility</value></Data><Data name="building"><value>yes</value></Data><Data name="social_facility"><value>group_home</value></Data><Data name="social_facility:for"><value>senior</value></Data><Data name="wheelchair"><value>yes</value></Data><Data name="@geometry"><value>center</value></Data></ExtendedData><Point><coordinates>17.1257661,59.6282609</coordinates></Point></Placemark><Placemark><name>Uttervägen 1A</name><ExtendedData><Data name="@id"><value>way/627088674</value></Data><Data name="amenity"><value>social_facility</value></Data><Data name="name"><value>Uttervägen 1A</value></Data><Data name="social_facility"><value>group_home</value></Data><Data name="social_facility:for"><value>disabled</value></Data><Data name="@geometry"><value>center</value></Data></ExtendedData><Point><coordinates>17.3711282,62.2895361</coordinates></Point></Placemark><Placemark><name>Tingstagården</name><ExtendedData><Data name="@id"><value>way/627320806</value></Data><Data name="amenity"><value>social_facility</value></Data><Data name="name"><value>Tingstagården</value></Data><Data name="social_facility"><value>group_home</value></Data><Data name="social_facility:for"><value>senior</value></Data><Data name="@geometry"><value>center</value></Data></ExtendedData><Point><coordinates>17.3726099,62.2900651</coordinates></Point></Placemark><Placemark><name>Tibble servicehus</name><ExtendedData><Data name="@id"><value>way/628478438</value></Data><Data name="source"><value>DigitalGlobe-Standard</value></Data><Data name="amenity"><value>social_facility</value></Data><Data name="name"><value>Tibble servicehus</value></Data><Data name="social_facility"><value>nursing_home</value></Data><Data name="@geometry"><value>center</value></Data></ExtendedData><Point><coordinates>15.0266155,60.732186</coordinates></Point></Placemark><Placemark><name>Kastanjens vårdboende</name><ExtendedData><Data name="@id"><value>way/631604093</value></Data><Data name="website"><value>https://www.vardaga.se/verksamheter/kastanjen/</value></Data><Data name="addr:city"><value>Linköping</value></Data><Data name="addr:country"><value>SE</value></Data><Data name="addr:housenumber"><value>11F</value></Data><Data name="addr:postcode"><value>58727</value></Data><Data name="addr:street"><value>Skogslyckegatan</value></Data><Data name="amenity"><value>social_facility</value></Data><Data name="name"><value>Kastanjens vårdboende</value></Data><Data name="operator"><value>Vardaga</value></Data><Data name="social_facility"><value>assisted_living</value></Data><Data name="social_facility:for"><value>senior</value></Data><Data name="@geometry"><value>center</value></Data></ExtendedData><Point><coordinates>15.6644128,58.3947691</coordinates></Point></Placemark><Placemark><name>Vickans äldreboende</name><ExtendedData><Data name="@id"><value>way/639344277</value></Data><Data name="amenity"><value>social_facility</value></Data><Data name="building"><value>yes</value></Data><Data name="name"><value>Vickans äldreboende</value></Data><Data name="social_facility"><value>group_home</value></Data><Data name="social_facility:for"><value>senior</value></Data><Data name="@geometry"><value>center</value></Data></ExtendedData><Point><coordinates>12.026759,57.4278817</coordinates></Point></Placemark><Placemark><ExtendedData><Data name="@id"><value>way/639358311</value></Data><Data name="social_facility:for"><value>senior</value></Data><Data name="social_facility"><value>group_home</value></Data><Data name="building"><value>yes</value></Data><Data name="amenity"><value>social_facility</value></Data><Data name="@geometry"><value>center</value></Data></ExtendedData><Point><coordinates>11.9918204,57.4671205</coordinates></Point></Placemark><Placemark><name>Gruppboende Apotekarängen</name><ExtendedData><Data name="@id"><value>way/642290363</value></Data><Data name="amenity"><value>social_facility</value></Data><Data name="building"><value>yes</value></Data><Data name="name"><value>Gruppboende Apotekarängen</value></Data><Data name="social_facility"><value>group_home</value></Data><Data name="social_facility:for"><value>senior</value></Data><Data name="@geometry"><value>center</value></Data></ExtendedData><Point><coordinates>12.0780214,57.497129</coordinates></Point></Placemark><Placemark><name>Signeshus Vård- och omsorgsboende</name><ExtendedData><Data name="@id"><value>way/642290364</value></Data><Data name="amenity"><value>social_facility</value></Data><Data name="building"><value>yes</value></Data><Data name="name"><value>Signeshus Vård- och omsorgsboende</value></Data><Data name="social_facility"><value>nursing_home</value></Data><Data name="social_facility:for"><value>senior</value></Data><Data name="@geometry"><value>center</value></Data></ExtendedData><Point><coordinates>12.0775366,57.4977605</coordinates></Point></Placemark><Placemark><name>Omsorgens Hus</name><ExtendedData><Data name="@id"><value>way/642293632</value></Data><Data name="amenity"><value>social_facility</value></Data><Data name="building"><value>yes</value></Data><Data name="name"><value>Omsorgens Hus</value></Data><Data name="social_facility"><value>nursing_home</value></Data><Data name="social_facility:for"><value>senior</value></Data><Data name="@geometry"><value>center</value></Data></ExtendedData><Point><coordinates>12.0781055,57.500969</coordinates></Point></Placemark><Placemark><name>Måhaga äldreboende</name><ExtendedData><Data name="@id"><value>way/642707038</value></Data><Data name="social_facility:for"><value>senior</value></Data><Data name="building"><value>yes</value></Data><Data name="amenity"><value>social_facility</value></Data><Data name="name"><value>Måhaga äldreboende</value></Data><Data name="social_facility"><value>nursing_home</value></Data><Data name="@geometry"><value>center</value></Data></ExtendedData><Point><coordinates>12.1735239,57.4573606</coordinates></Point></Placemark><Placemark><name>Onsalagården</name><ExtendedData><Data name="@id"><value>way/643497121</value></Data><Data name="amenity"><value>social_facility</value></Data><Data name="building"><value>yes</value></Data><Data name="name"><value>Onsalagården</value></Data><Data name="social_facility"><value>group_home</value></Data><Data name="social_facility:for"><value>senior</value></Data><Data name="wheelchair"><value>yes</value></Data><Data name="@geometry"><value>center</value></Data></ExtendedData><Point><coordinates>12.0373949,57.4172394</coordinates></Point></Placemark><Placemark><name>Mikaeli vårdcentral</name><ExtendedData><Data name="@id"><value>way/645050696</value></Data><Data name="amenity"><value>clinic</value></Data><Data name="building"><value>civic</value></Data><Data name="healthcare"><value>clinic</value></Data><Data name="healthcare:speciality"><value>general</value></Data><Data name="name"><value>Mikaeli vårdcentral</value></Data><Data name="@geometry"><value>center</value></Data></ExtendedData><Point><coordinates>15.1991917,59.2881854</coordinates></Point></Placemark><Placemark><name>SiS Björkbacken</name><ExtendedData><Data name="@id"><value>way/650650943</value></Data><Data name="social_facility:for"><value>juvenile</value></Data><Data name="social_facility"><value>group_home</value></Data><Data name="amenity"><value>social_facility</value></Data><Data name="name"><value>SiS Björkbacken</value></Data><Data name="operator"><value>Statens Institutionsstyrelse</value></Data><Data name="@geometry"><value>center</value></Data></ExtendedData><Point><coordinates>12.05845,57.7537041</coordinates></Point></Placemark><Placemark><name>Selggrensgården</name><ExtendedData><Data name="@id"><value>way/653294578</value></Data><Data name="addr:city"><value>Gävle</value></Data><Data name="addr:country"><value>SE</value></Data><Data name="addr:housenumber"><value>17</value></Data><Data name="addr:postcode"><value>80646</value></Data><Data name="addr:street"><value>Sanatorievägen</value></Data><Data name="amenity"><value>social_facility</value></Data><Data name="building"><value>yes</value></Data><Data name="name"><value>Selggrensgården</value></Data><Data name="social_facility"><value>nursing_home</value></Data><Data name="social_facility:for"><value>senior</value></Data><Data name="wheelchair"><value>yes</value></Data><Data name="@geometry"><value>center</value></Data></ExtendedData><Point><coordinates>17.1664988,60.7099014</coordinates></Point></Placemark><Placemark><name>Rådans äldreboende</name><ExtendedData><Data name="@id"><value>way/653458865</value></Data><Data name="amenity"><value>nursing_home</value></Data><Data name="name"><value>Rådans äldreboende</value></Data><Data name="@geometry"><value>center</value></Data></ExtendedData><Point><coordinates>17.9891176,59.4003127</coordinates></Point></Placemark><Placemark><name>Tryggebo</name><ExtendedData><Data name="@id"><value>way/654215106</value></Data><Data name="social_facility:for"><value>senior</value></Data><Data name="amenity"><value>social_facility</value></Data><Data name="building"><value>yes</value></Data><Data name="name"><value>Tryggebo</value></Data><Data name="social_facility"><value>nursing_home</value></Data><Data name="@geometry"><value>center</value></Data></ExtendedData><Point><coordinates>17.0742992,61.6430363</coordinates></Point></Placemark><Placemark><name>Iggesunds Hälsocentral</name><ExtendedData><Data name="@id"><value>way/654217831</value></Data><Data name="amenity"><value>clinic</value></Data><Data name="building"><value>yes</value></Data><Data name="healthcare"><value>clinic</value></Data><Data name="name"><value>Iggesunds Hälsocentral</value></Data><Data name="@geometry"><value>center</value></Data></ExtendedData><Point><coordinates>17.0745383,61.6435846</coordinates></Point></Placemark><Placemark><name>Åsgården</name><ExtendedData><Data name="@id"><value>way/655443646</value></Data><Data name="addr:city"><value>Kågeröd</value></Data><Data name="addr:country"><value>SE</value></Data><Data name="addr:housenumber"><value>70</value></Data><Data name="addr:street"><value>Tycho Brahegatan</value></Data><Data name="amenity"><value>social_facility</value></Data><Data name="building"><value>yes</value></Data><Data name="name"><value>Åsgården</value></Data><Data name="social_facility"><value>assisted_living</value></Data><Data name="social_facility:for"><value>senior</value></Data><Data name="@geometry"><value>center</value></Data></ExtendedData><Point><coordinates>13.0951251,55.9968649</coordinates></Point></Placemark><Placemark><name>Granberga vårdboende</name><ExtendedData><Data name="@id"><value>way/659686675</value></Data><Data name="addr:city"><value>Väse</value></Data><Data name="addr:country"><value>SE</value></Data><Data name="addr:housenumber"><value>30</value></Data><Data name="addr:postcode"><value>660 57</value></Data><Data name="addr:street"><value>Storgatan</value></Data><Data name="amenity"><value>social_facility</value></Data><Data name="building"><value>yes</value></Data><Data name="name"><value>Granberga vårdboende</value></Data><Data name="social_facility"><value>nursing_home</value></Data><Data name="@geometry"><value>center</value></Data></ExtendedData><Point><coordinates>13.8515131,59.3851547</coordinates></Point></Placemark><Placemark><name>Solvändan</name><ExtendedData><Data name="@id"><value>way/659772585</value></Data><Data name="amenity"><value>social_facility</value></Data><Data name="building"><value>yes</value></Data><Data name="name"><value>Solvändan</value></Data><Data name="social_facility"><value>nursing_home</value></Data><Data name="@geometry"><value>center</value></Data></ExtendedData><Point><coordinates>15.8319001,57.4938344</coordinates></Point></Placemark><Placemark><name>Lindgården</name><ExtendedData><Data name="@id"><value>way/659772586</value></Data><Data name="social_facility"><value>group_home</value></Data><Data name="name"><value>Lindgården</value></Data><Data name="amenity"><value>social_facility</value></Data><Data name="building"><value>yes</value></Data><Data name="@geometry"><value>center</value></Data></ExtendedData><Point><coordinates>15.8322534,57.49334</coordinates></Point></Placemark><Placemark><name>Floran</name><ExtendedData><Data name="@id"><value>way/660051887</value></Data><Data name="name"><value>Floran</value></Data><Data name="building"><value>yes</value></Data><Data name="amenity"><value>social_facility</value></Data><Data name="@geometry"><value>center</value></Data></ExtendedData><Point><coordinates>15.8333381,57.4890447</coordinates></Point></Placemark><Placemark><name>Brommagården Äldreboende</name><ExtendedData><Data name="@id"><value>way/660402455</value></Data><Data name="amenity"><value>social_facility</value></Data><Data name="name"><value>Brommagården Äldreboende</value></Data><Data name="social_facility"><value>group_home</value></Data><Data name="social_facility:for"><value>senior</value></Data><Data name="@geometry"><value>center</value></Data></ExtendedData><Point><coordinates>17.9241802,59.3499958</coordinates></Point></Placemark><Placemark><name>Gnesta Vårdcentral</name><ExtendedData><Data name="@id"><value>way/660806429</value></Data><Data name="addr:city"><value>Gnesta</value></Data><Data name="addr:country"><value>SE</value></Data><Data name="addr:housenumber"><value>29</value></Data><Data name="addr:postcode"><value>646 35</value></Data><Data name="addr:street"><value>Nygatan</value></Data><Data name="amenity"><value>clinic</value></Data><Data name="building"><value>yes</value></Data><Data name="emergency"><value>no</value></Data><Data name="healthcare"><value>clinic</value></Data><Data name="name"><value>Gnesta Vårdcentral</value></Data><Data name="@geometry"><value>center</value></Data></ExtendedData><Point><coordinates>17.3019073,59.045601</coordinates></Point></Placemark><Placemark><ExtendedData><Data name="@id"><value>way/660806430</value></Data><Data name="amenity"><value>clinic</value></Data><Data name="@geometry"><value>center</value></Data></ExtendedData><Point><coordinates>17.3010354,59.0454866</coordinates></Point></Placemark><Placemark><name>Bergsjöhöjd</name><ExtendedData><Data name="@id"><value>way/661680870</value></Data><Data name="social_facility"><value>nursing_home</value></Data><Data name="social_facility:for"><value>senior</value></Data><Data name="name"><value>Bergsjöhöjd</value></Data><Data name="addr:housenumber"><value>5</value></Data><Data name="amenity"><value>social_facility</value></Data><Data name="building"><value>yes</value></Data><Data name="addr:street"><value>Saturnusgatan</value></Data><Data name="addr:city"><value>Göteborg</value></Data><Data name="addr:country"><value>SE</value></Data><Data name="addr:postcode"><value>41520</value></Data><Data name="@geometry"><value>center</value></Data></ExtendedData><Point><coordinates>12.0739936,57.7554088</coordinates></Point></Placemark><Placemark><name>Solgård</name><ExtendedData><Data name="@id"><value>way/661871940</value></Data><Data name="amenity"><value>social_facility</value></Data><Data name="building"><value>yes</value></Data><Data name="name"><value>Solgård</value></Data><Data name="social_facility"><value>nursing_home</value></Data><Data name="social_facility:for"><value>senior</value></Data><Data name="@geometry"><value>center</value></Data></ExtendedData><Point><coordinates>12.7888914,57.5542507</coordinates></Point></Placemark><Placemark><name>Basunvägen</name><ExtendedData><Data name="@id"><value>way/665464613</value></Data><Data name="addr:city"><value>Sollentuna</value></Data><Data name="addr:country"><value>SE</value></Data><Data name="addr:housenumber"><value>60</value></Data><Data name="addr:postcode"><value>192 74</value></Data><Data name="addr:street"><value>Basunvägen</value></Data><Data name="amenity"><value>social_facility</value></Data><Data name="building"><value>yes</value></Data><Data name="name"><value>Basunvägen</value></Data><Data name="operator"><value>Mango Omsorg</value></Data><Data name="social_facility"><value>group_home</value></Data><Data name="@geometry"><value>center</value></Data></ExtendedData><Point><coordinates>17.8871823,59.4607859</coordinates></Point></Placemark><Placemark><name>Furugården</name><ExtendedData><Data name="@id"><value>way/666782917</value></Data><Data name="amenity"><value>social_facility</value></Data><Data name="building"><value>yes</value></Data><Data name="name"><value>Furugården</value></Data><Data name="social_facility"><value>group_home</value></Data><Data name="@geometry"><value>center</value></Data></ExtendedData><Point><coordinates>15.362419,56.6707949</coordinates></Point></Placemark><Placemark><name>Emmaboda hälsocentral</name><ExtendedData><Data name="@id"><value>way/668321984</value></Data><Data name="addr:city"><value>Emmaboda</value></Data><Data name="addr:country"><value>SE</value></Data><Data name="addr:housenumber"><value>12</value></Data><Data name="addr:postcode"><value>361 30</value></Data><Data name="addr:street"><value>Rådhusgatan</value></Data><Data name="amenity"><value>clinic</value></Data><Data name="healthcare"><value>clinic</value></Data><Data name="name"><value>Emmaboda hälsocentral</value></Data><Data name="operator"><value>Landstingen i Kalmar län</value></Data><Data name="building"><value>yes</value></Data><Data name="@geometry"><value>center</value></Data></ExtendedData><Point><coordinates>15.5370556,56.6323376</coordinates></Point></Placemark><Placemark><name>Malmagården</name><ExtendedData><Data name="@id"><value>way/669154727</value></Data><Data name="building"><value>yes</value></Data><Data name="amenity"><value>social_facility</value></Data><Data name="name"><value>Malmagården</value></Data><Data name="operator"><value>Hylte kommun</value></Data><Data name="social_facility"><value>nursing_home</value></Data><Data name="social_facility:for"><value>senior</value></Data><Data name="wheelchair"><value>yes</value></Data><Data name="@geometry"><value>center</value></Data></ExtendedData><Point><coordinates>13.2445267,57.0008873</coordinates></Point></Placemark><Placemark><name>Villa Ekeberg</name><ExtendedData><Data name="@id"><value>way/672275646</value></Data><Data name="social_facility"><value>assisted_living</value></Data><Data name="wheelchair"><value>yes</value></Data><Data name="social_facility:for"><value>senior</value></Data><Data name="addr:city"><value>Angered</value></Data><Data name="addr:country"><value>SE</value></Data><Data name="addr:housenumber"><value>18</value></Data><Data name="addr:postcode"><value>424 67</value></Data><Data name="addr:street"><value>Betselvägen</value></Data><Data name="amenity"><value>social_facility</value></Data><Data name="building"><value>yes</value></Data><Data name="capacity"><value>72</value></Data><Data name="name"><value>Villa Ekeberg</value></Data><Data name="operator"><value>Vardaga</value></Data><Data name="@geometry"><value>center</value></Data></ExtendedData><Point><coordinates>12.0470882,57.7985599</coordinates></Point></Placemark><Placemark><name>Folktandvården</name><ExtendedData><Data name="@id"><value>way/675732317</value></Data><Data name="operator"><value>Region Östergötland</value></Data><Data name="amenity"><value>clinic</value></Data><Data name="building"><value>yes</value></Data><Data name="healthcare"><value>dentist</value></Data><Data name="healthcare:speciality"><value>dentistry</value></Data><Data name="name"><value>Folktandvården</value></Data><Data name="@geometry"><value>center</value></Data></ExtendedData><Point><coordinates>15.6865578,58.1356598</coordinates></Point></Placemark><Placemark><name>Vammarhöjden</name><ExtendedData><Data name="@id"><value>way/678240221</value></Data><Data name="amenity"><value>social_facility</value></Data><Data name="building"><value>yes</value></Data><Data name="name"><value>Vammarhöjden</value></Data><Data name="social_facility"><value>nursing_home</value></Data><Data name="@geometry"><value>center</value></Data></ExtendedData><Point><coordinates>16.5919179,58.2022156</coordinates></Point></Placemark><Placemark><name>Knektagården</name><ExtendedData><Data name="@id"><value>way/679592937</value></Data><Data name="social_facility"><value>group_home</value></Data><Data name="name"><value>Knektagården</value></Data><Data name="amenity"><value>social_facility</value></Data><Data name="building"><value>yes</value></Data><Data name="@geometry"><value>center</value></Data></ExtendedData><Point><coordinates>15.8563386,57.5071629</coordinates></Point></Placemark><Placemark><name>Imis</name><ExtendedData><Data name="@id"><value>way/679595452</value></Data><Data name="amenity"><value>social_facility</value></Data><Data name="name"><value>Imis</value></Data><Data name="social_facility:for"><value>mental_health</value></Data><Data name="@geometry"><value>center</value></Data></ExtendedData><Point><coordinates>15.8573738,57.5085186</coordinates></Point></Placemark><Placemark><name>Norrbygården</name><ExtendedData><Data name="@id"><value>way/690059762</value></Data><Data name="amenity"><value>social_facility</value></Data><Data name="building"><value>yes</value></Data><Data name="name"><value>Norrbygården</value></Data><Data name="social_facility"><value>nursing_home</value></Data><Data name="social_facility:for"><value>senior</value></Data><Data name="@geometry"><value>center</value></Data></ExtendedData><Point><coordinates>15.5899571,64.4369919</coordinates></Point></Placemark><Placemark><name>Ekbacken</name><ExtendedData><Data name="@id"><value>way/692258374</value></Data><Data name="amenity"><value>hospital</value></Data><Data name="healthcare"><value>hospital</value></Data><Data name="name"><value>Ekbacken</value></Data><Data name="@geometry"><value>center</value></Data></ExtendedData><Point><coordinates>14.5914319,57.1684913</coordinates></Point></Placemark><Placemark><name>Gävle Sjukhus ingång 25</name><ExtendedData><Data name="@id"><value>way/692959744</value></Data><Data name="amenity"><value>hospital</value></Data><Data name="name"><value>Gävle Sjukhus ingång 25</value></Data><Data name="healthcare"><value>hospital</value></Data><Data name="@geometry"><value>center</value></Data></ExtendedData><Point><coordinates>17.1189952,60.6789807</coordinates></Point></Placemark><Placemark><ExtendedData><Data name="@id"><value>way/696025223</value></Data><Data name="social_facility:for"><value>senior</value></Data><Data name="social_facility"><value>group_home</value></Data><Data name="building"><value>yes</value></Data><Data name="amenity"><value>social_facility</value></Data><Data name="@geometry"><value>center</value></Data></ExtendedData><Point><coordinates>11.320254,58.7261149</coordinates></Point></Placemark><Placemark><ExtendedData><Data name="@id"><value>way/697770783</value></Data><Data name="amenity"><value>social_facility</value></Data><Data name="building"><value>yes</value></Data><Data name="social_facility"><value>nursing_home</value></Data><Data name="social_facility:for"><value>senior</value></Data><Data name="@geometry"><value>center</value></Data></ExtendedData><Point><coordinates>16.2280459,59.5609771</coordinates></Point></Placemark><Placemark><name>Orion äldreboende</name><ExtendedData><Data name="@id"><value>way/697842084</value></Data><Data name="amenity"><value>social_facility</value></Data><Data name="building"><value>yes</value></Data><Data name="name"><value>Orion äldreboende</value></Data><Data name="social_facility"><value>group_home</value></Data><Data name="social_facility:for"><value>senior</value></Data><Data name="@geometry"><value>center</value></Data></ExtendedData><Point><coordinates>17.1050014,59.6253238</coordinates></Point></Placemark><Placemark><name>Källbogården</name><ExtendedData><Data name="@id"><value>way/699182650</value></Data><Data name="addr:city"><value>Surahammar</value></Data><Data name="addr:country"><value>SE</value></Data><Data name="addr:housenumber"><value>35</value></Data><Data name="addr:street"><value>Hjulmakarvägen</value></Data><Data name="amenity"><value>social_facility</value></Data><Data name="name"><value>Källbogården</value></Data><Data name="social_facility"><value>nursing_home</value></Data><Data name="@geometry"><value>center</value></Data></ExtendedData><Point><coordinates>16.2397188,59.7109541</coordinates></Point></Placemark><Placemark><name>Familjens hus</name><ExtendedData><Data name="@id"><value>way/700721254</value></Data><Data name="operator"><value>Bergs kommun</value></Data><Data name="building"><value>yes</value></Data><Data name="amenity"><value>social_facility</value></Data><Data name="social_facility:for"><value>family</value></Data><Data name="name"><value>Familjens hus</value></Data><Data name="name:sma"><value>Fuelhkien gåetie</value></Data><Data name="name:sv"><value>Familjens hus</value></Data><Data name="social_facility"><value>outreach</value></Data><Data name="@geometry"><value>center</value></Data></ExtendedData><Point><coordinates>14.4344024,62.7671897</coordinates></Point></Placemark><Placemark><name>Gruppboende</name><ExtendedData><Data name="@id"><value>way/700951834</value></Data><Data name="addr:city"><value>Linköping</value></Data><Data name="addr:country"><value>SE</value></Data><Data name="addr:housenumber"><value>2</value></Data><Data name="addr:postcode"><value>587 39</value></Data><Data name="addr:street"><value>Tunngatan</value></Data><Data name="amenity"><value>social_facility</value></Data><Data name="capacity"><value>6</value></Data><Data name="name"><value>Gruppboende</value></Data><Data name="operator"><value>Omsorgsgruppen</value></Data><Data name="social_facility"><value>group_home</value></Data><Data name="social_facility:for"><value>disabled</value></Data><Data name="@geometry"><value>center</value></Data></ExtendedData><Point><coordinates>15.6434628,58.3790627</coordinates></Point></Placemark><Placemark><ExtendedData><Data name="@id"><value>way/703190650</value></Data><Data name="amenity"><value>social_facility</value></Data><Data name="building"><value>yes</value></Data><Data name="social_facility"><value>group_home</value></Data><Data name="social_facility:for"><value>senior</value></Data><Data name="@geometry"><value>center</value></Data></ExtendedData><Point><coordinates>20.3245095,63.8954865</coordinates></Point></Placemark><Placemark><name>Årsta vård- och omsorgsboende</name><ExtendedData><Data name="@id"><value>way/704136116</value></Data><Data name="amenity"><value>nursing_home</value></Data><Data name="name"><value>Årsta vård- och omsorgsboende</value></Data><Data name="@geometry"><value>center</value></Data></ExtendedData><Point><coordinates>18.0418513,59.3003976</coordinates></Point></Placemark><Placemark><name>Kvarnliden</name><ExtendedData><Data name="@id"><value>way/704698315</value></Data><Data name="amenity"><value>social_facility</value></Data><Data name="building"><value>yes</value></Data><Data name="name"><value>Kvarnliden</value></Data><Data name="social_facility"><value>assisted_living</value></Data><Data name="social_facility:for"><value>senior</value></Data><Data name="@geometry"><value>center</value></Data></ExtendedData><Point><coordinates>12.9698506,56.2629329</coordinates></Point></Placemark><Placemark><name>Munkaljungbygården</name><ExtendedData><Data name="@id"><value>way/704698319</value></Data><Data name="addr:city"><value>Munka-Ljungby</value></Data><Data name="addr:country"><value>SE</value></Data><Data name="addr:housenumber"><value>4A</value></Data><Data name="addr:street"><value>Nygatan</value></Data><Data name="amenity"><value>social_facility</value></Data><Data name="building"><value>yes</value></Data><Data name="name"><value>Munkaljungbygården</value></Data><Data name="social_facility"><value>assisted_living</value></Data><Data name="social_facility:for"><value>senior</value></Data><Data name="@geometry"><value>center</value></Data></ExtendedData><Point><coordinates>12.9709999,56.2622698</coordinates></Point></Placemark><Placemark><name>Brattska gården</name><ExtendedData><Data name="@id"><value>way/706050335</value></Data><Data name="social_facility"><value>nursing_home</value></Data><Data name="name"><value>Brattska gården</value></Data><Data name="amenity"><value>social_facility</value></Data><Data name="building"><value>yes</value></Data><Data name="@geometry"><value>center</value></Data></ExtendedData><Point><coordinates>13.1916923,59.4029369</coordinates></Point></Placemark><Placemark><name>Järvsö hälsocentral</name><ExtendedData><Data name="@id"><value>way/708398111</value></Data><Data name="name"><value>Järvsö hälsocentral</value></Data><Data name="addr:city"><value>Järvsö</value></Data><Data name="addr:country"><value>SE</value></Data><Data name="addr:housenumber"><value>19</value></Data><Data name="addr:postcode"><value>827 51</value></Data><Data name="addr:street"><value>Stationsgatan</value></Data><Data name="amenity"><value>clinic</value></Data><Data name="building"><value>yes</value></Data><Data name="contact:phone"><value>+46 651 172 30</value></Data><Data name="@geometry"><value>center</value></Data></ExtendedData><Point><coordinates>16.1700985,61.712488</coordinates></Point></Placemark><Placemark><name>Ambulansstation</name><ExtendedData><Data name="@id"><value>way/708817792</value></Data><Data name="amenity"><value>hospital</value></Data><Data name="healthcare"><value>hospital</value></Data><Data name="name"><value>Ambulansstation</value></Data><Data name="@geometry"><value>center</value></Data></ExtendedData><Point><coordinates>13.5873519,60.0271193</coordinates></Point></Placemark><Placemark><name>Enådal</name><ExtendedData><Data name="@id"><value>way/710458526</value></Data><Data name="amenity"><value>social_facility</value></Data><Data name="name"><value>Enådal</value></Data><Data name="source"><value>Maxar-Premium</value></Data><Data name="@geometry"><value>center</value></Data></ExtendedData><Point><coordinates>15.1262688,60.8899033</coordinates></Point></Placemark><Placemark><name>Enåbacken</name><ExtendedData><Data name="@id"><value>way/710458527</value></Data><Data name="amenity"><value>social_facility</value></Data><Data name="name"><value>Enåbacken</value></Data><Data name="source"><value>Maxar-Premium</value></Data><Data name="@geometry"><value>center</value></Data></ExtendedData><Point><coordinates>15.1283871,60.8895303</coordinates></Point></Placemark><Placemark><name>Vårdcentralen</name><ExtendedData><Data name="@id"><value>way/713462776</value></Data><Data name="operator:type"><value>public</value></Data><Data name="operator"><value>Region Östergötland</value></Data><Data name="healthcare"><value>clinic</value></Data><Data name="name"><value>Vårdcentralen</value></Data><Data name="building"><value>hospital</value></Data><Data name="amenity"><value>clinic</value></Data><Data name="addr:street"><value>Mjölbygatan</value></Data><Data name="@geometry"><value>center</value></Data></ExtendedData><Point><coordinates>15.0879067,58.3883632</coordinates></Point></Placemark><Placemark><name>Enebacken</name><ExtendedData><Data name="@id"><value>way/717051250</value></Data><Data name="addr:city"><value>Åkersberga</value></Data><Data name="addr:country"><value>SE</value></Data><Data name="addr:housenumber"><value>14</value></Data><Data name="addr:postcode"><value>184 33</value></Data><Data name="addr:street"><value>Solskiftesvägen</value></Data><Data name="amenity"><value>social_facility</value></Data><Data name="building"><value>yes</value></Data><Data name="name"><value>Enebacken</value></Data><Data name="social_facility"><value>nursing_home</value></Data><Data name="social_facility:for"><value>senior</value></Data><Data name="@geometry"><value>center</value></Data></ExtendedData><Point><coordinates>18.3029286,59.4998779</coordinates></Point></Placemark><Placemark><ExtendedData><Data name="@id"><value>way/726158478</value></Data><Data name="amenity"><value>social_facility</value></Data><Data name="building"><value>apartments</value></Data><Data name="social_facility"><value>group_home</value></Data><Data name="social_facility:for"><value>senior</value></Data><Data name="@geometry"><value>center</value></Data></ExtendedData><Point><coordinates>14.8294754,63.0712821</coordinates></Point></Placemark><Placemark><name>Ålidhems hälsocentral/Primärvårdsjouren</name><ExtendedData><Data name="@id"><value>way/727925213</value></Data><Data name="addr:city"><value>Umeå</value></Data><Data name="addr:country"><value>SE</value></Data><Data name="addr:housenumber"><value>2</value></Data><Data name="addr:postcode"><value>907 36</value></Data><Data name="addr:street"><value>Tvistevägen</value></Data><Data name="amenity"><value>clinic</value></Data><Data name="building"><value>commercial</value></Data><Data name="building:levels"><value>2</value></Data><Data name="healthcare"><value>clinic</value></Data><Data name="healthcare:speciality"><value>general</value></Data><Data name="name"><value>Ålidhems hälsocentral/Primärvårdsjouren</value></Data><Data name="note"><value>Primärvårdsjouren öppen 17-23 mån-tors, 17-24 fredag samt 08-24 lördag + söndag.</value></Data><Data name="opening_hours"><value>Ålidhems hälsocentral: 08-17 Vardagar.</value></Data><Data name="operator"><value>Region västerbotten</value></Data><Data name="operator:type"><value>government</value></Data><Data name="@geometry"><value>center</value></Data></ExtendedData><Point><coordinates>20.3169113,63.8149801</coordinates></Point></Placemark><Placemark><name>Solgläntan</name><ExtendedData><Data name="@id"><value>way/728196011</value></Data><Data name="amenity"><value>social_facility</value></Data><Data name="building"><value>yes</value></Data><Data name="name"><value>Solgläntan</value></Data><Data name="social_facility"><value>group_home</value></Data><Data name="social_facility:for"><value>senior</value></Data><Data name="@geometry"><value>center</value></Data></ExtendedData><Point><coordinates>14.1703321,57.1135077</coordinates></Point></Placemark><Placemark><ExtendedData><Data name="@id"><value>way/732984020</value></Data><Data name="addr:city"><value>Kalmar</value></Data><Data name="addr:country"><value>SE</value></Data><Data name="addr:housenumber"><value>6</value></Data><Data name="addr:postcode"><value>39359</value></Data><Data name="addr:street"><value>Vänskapens väg</value></Data><Data name="amenity"><value>social_facility</value></Data><Data name="building"><value>yes</value></Data><Data name="social_facility"><value>nursing_home</value></Data><Data name="@geometry"><value>center</value></Data></ExtendedData><Point><coordinates>16.3433014,56.7066513</coordinates></Point></Placemark><Placemark><name>Jakobsbergsgården</name><ExtendedData><Data name="@id"><value>way/736431612</value></Data><Data name="amenity"><value>social_facility</value></Data><Data name="building"><value>yes</value></Data><Data name="name"><value>Jakobsbergsgården</value></Data><Data name="social_facility"><value>group_home</value></Data><Data name="social_facility:for"><value>senior</value></Data><Data name="@geometry"><value>center</value></Data></ExtendedData><Point><coordinates>16.5888012,59.9178321</coordinates></Point></Placemark><Placemark><ExtendedData><Data name="@id"><value>way/736431613</value></Data><Data name="amenity"><value>social_facility</value></Data><Data name="building"><value>yes</value></Data><Data name="social_facility"><value>group_home</value></Data><Data name="social_facility:for"><value>senior</value></Data><Data name="@geometry"><value>center</value></Data></ExtendedData><Point><coordinates>16.5880164,59.9179051</coordinates></Point></Placemark><Placemark><ExtendedData><Data name="@id"><value>way/736431614</value></Data><Data name="amenity"><value>social_facility</value></Data><Data name="building"><value>yes</value></Data><Data name="social_facility"><value>group_home</value></Data><Data name="social_facility:for"><value>senior</value></Data><Data name="@geometry"><value>center</value></Data></ExtendedData><Point><coordinates>16.5875318,59.9176188</coordinates></Point></Placemark><Placemark><ExtendedData><Data name="@id"><value>way/736431615</value></Data><Data name="amenity"><value>social_facility</value></Data><Data name="building"><value>yes</value></Data><Data name="social_facility"><value>group_home</value></Data><Data name="social_facility:for"><value>senior</value></Data><Data name="@geometry"><value>center</value></Data></ExtendedData><Point><coordinates>16.588393,59.9176303</coordinates></Point></Placemark><Placemark><name>Vårdcentralen Falkenberg</name><ExtendedData><Data name="@id"><value>way/739562880</value></Data><Data name="amenity"><value>clinic</value></Data><Data name="building"><value>yes</value></Data><Data name="healthcare"><value>clinic</value></Data><Data name="name"><value>Vårdcentralen Falkenberg</value></Data><Data name="@geometry"><value>center</value></Data></ExtendedData><Point><coordinates>12.5011064,56.9073961</coordinates></Point></Placemark><Placemark><ExtendedData><Data name="@id"><value>way/741306099</value></Data><Data name="amenity"><value>doctors</value></Data><Data name="building"><value>yes</value></Data><Data name="healthcare"><value>doctor</value></Data><Data name="@geometry"><value>center</value></Data></ExtendedData><Point><coordinates>14.8334214,63.0824428</coordinates></Point></Placemark><Placemark><name>Rönningegården</name><ExtendedData><Data name="@id"><value>way/743219457</value></Data><Data name="amenity"><value>social_facility</value></Data><Data name="building"><value>yes</value></Data><Data name="name"><value>Rönningegården</value></Data><Data name="social_facility"><value>group_home</value></Data><Data name="social_facility:for"><value>senior</value></Data><Data name="@geometry"><value>center</value></Data></ExtendedData><Point><coordinates>16.3954836,56.5220826</coordinates></Point></Placemark><Placemark><name>Sjögläntan</name><ExtendedData><Data name="@id"><value>way/744456867</value></Data><Data name="amenity"><value>social_facility</value></Data><Data name="building"><value>yes</value></Data><Data name="name"><value>Sjögläntan</value></Data><Data name="social_facility"><value>nursing_home</value></Data><Data name="social_facility:for"><value>senior</value></Data><Data name="@geometry"><value>center</value></Data></ExtendedData><Point><coordinates>14.2807201,59.5427211</coordinates></Point></Placemark><Placemark><name>Danderyds sjukhus</name><ExtendedData><Data name="@id"><value>way/745152371</value></Data><Data name="wikidata"><value>Q1439312</value></Data><Data name="amenity"><value>hospital</value></Data><Data name="emergency"><value>yes</value></Data><Data name="emergency:paediatric"><value>yes</value></Data><Data name="health_specialty:emergency_medicine"><value>yes</value></Data><Data name="health_specialty:family_medicine"><value>yes</value></Data><Data name="health_specialty:intensive_care_medicine"><value>yes</value></Data><Data name="health_specialty:orthopaedics"><value>yes</value></Data><Data name="health_specialty:surgery"><value>yes</value></Data><Data name="name"><value>Danderyds sjukhus</value></Data><Data name="opening_hours"><value>24/7</value></Data><Data name="wheelchair"><value>yes</value></Data><Data name="@geometry"><value>center</value></Data></ExtendedData><Point><coordinates>18.0374299,59.3915274</coordinates></Point></Placemark><Placemark><name>Norrtälje Sjukhus</name><description>ett litet sjukhus, men kan erbjuda all basal akutsjukvård utom förlossning. intensivvårdsavdelning, röntgenklinik, egen helikopterplatta och operationsavdelning.</description><ExtendedData><Data name="@id"><value>way/745153976</value></Data><Data name="amenity"><value>hospital</value></Data><Data name="contact:phone"><value>+46 176 10 100</value></Data><Data name="description"><value>ett litet sjukhus, men kan erbjuda all basal akutsjukvård utom förlossning. intensivvårdsavdelning, röntgenklinik, egen helikopterplatta och operationsavdelning.</value></Data><Data name="description:en"><value>small hospital, but can offer all basic emergency care except childbirth. ICU, X-Ray clinic, helipad</value></Data><Data name="emergency"><value>yes</value></Data><Data name="health_specialty:emergency_medicine"><value>yes</value></Data><Data name="health_specialty:family_medicine"><value>yes</value></Data><Data name="health_specialty:intensive_care_medicine"><value>yes</value></Data><Data name="health_specialty:orthopaedics"><value>yes</value></Data><Data name="health_specialty:paediatrics"><value>yes</value></Data><Data name="health_specialty:surgery"><value>yes</value></Data><Data name="healthcare"><value>hospital</value></Data><Data name="name"><value>Norrtälje Sjukhus</value></Data><Data name="opening_hours"><value>24/7</value></Data><Data name="website"><value>https://www.tiohundra.se/norrtaljesjukhus</value></Data><Data name="@geometry"><value>center</value></Data></ExtendedData><Point><coordinates>18.689324,59.7578932</coordinates></Point></Placemark><Placemark><name>Ängslyckan</name><ExtendedData><Data name="@id"><value>way/750403167</value></Data><Data name="amenity"><value>social_facility</value></Data><Data name="building"><value>yes</value></Data><Data name="name"><value>Ängslyckan</value></Data><Data name="social_facility"><value>nursing_home</value></Data><Data name="social_facility:for"><value>senior</value></Data><Data name="@geometry"><value>center</value></Data></ExtendedData><Point><coordinates>17.0023682,60.3916716</coordinates></Point></Placemark><Placemark><name>Stigslunds äldreboende</name><ExtendedData><Data name="@id"><value>way/750928043</value></Data><Data name="amenity"><value>social_facility</value></Data><Data name="name"><value>Stigslunds äldreboende</value></Data><Data name="social_facility"><value>nursing_home</value></Data><Data name="social_facility:for"><value>senior</value></Data><Data name="addr:city"><value>Gävle</value></Data><Data name="addr:country"><value>SE</value></Data><Data name="addr:housenumber"><value>22</value></Data><Data name="addr:street"><value>Tallåsvägen</value></Data><Data name="building"><value>yes</value></Data><Data name="wheelchair"><value>yes</value></Data><Data name="@geometry"><value>center</value></Data></ExtendedData><Point><coordinates>17.1501154,60.6959546</coordinates></Point></Placemark><Placemark><name>Humana Södra Centralgatan vård- och omsorgsboende</name><ExtendedData><Data name="@id"><value>way/750929625</value></Data><Data name="addr:city"><value>Gävle</value></Data><Data name="addr:country"><value>SE</value></Data><Data name="addr:housenumber"><value>19</value></Data><Data name="addr:street"><value>Södra Centralgatan</value></Data><Data name="building"><value>yes</value></Data><Data name="amenity"><value>social_facility</value></Data><Data name="name"><value>Humana Södra Centralgatan vård- och omsorgsboende</value></Data><Data name="social_facility"><value>nursing_home</value></Data><Data name="social_facility:for"><value>senior</value></Data><Data name="@geometry"><value>center</value></Data></ExtendedData><Point><coordinates>17.1549872,60.6708074</coordinates></Point></Placemark><Placemark><name>Vallongården vård- och omsorgsboende</name><ExtendedData><Data name="@id"><value>way/751004898</value></Data><Data name="addr:city"><value>Gävle</value></Data><Data name="addr:country"><value>SE</value></Data><Data name="addr:housenumber"><value>1</value></Data><Data name="addr:street"><value>Vallongatan</value></Data><Data name="amenity"><value>social_facility</value></Data><Data name="building"><value>yes</value></Data><Data name="name"><value>Vallongården vård- och omsorgsboende</value></Data><Data name="social_facility"><value>nursing_home</value></Data><Data name="social_facility:for"><value>senior</value></Data><Data name="wheelchair"><value>yes</value></Data><Data name="@geometry"><value>center</value></Data></ExtendedData><Point><coordinates>17.1469325,60.6658642</coordinates></Point></Placemark><Placemark><name>Fleminggatans vård- och omsorgsboende</name><ExtendedData><Data name="@id"><value>way/751005559</value></Data><Data name="addr:city"><value>Gävle</value></Data><Data name="addr:country"><value>SE</value></Data><Data name="addr:housenumber"><value>17</value></Data><Data name="addr:street"><value>Fleminggatan</value></Data><Data name="amenity"><value>social_facility</value></Data><Data name="building"><value>yes</value></Data><Data name="name"><value>Fleminggatans vård- och omsorgsboende</value></Data><Data name="social_facility"><value>nursing_home</value></Data><Data name="social_facility:for"><value>senior</value></Data><Data name="@geometry"><value>center</value></Data></ExtendedData><Point><coordinates>17.15096,60.6647209</coordinates></Point></Placemark><Placemark><name>Villa Vallonen vård- och omsorgsboende</name><ExtendedData><Data name="@id"><value>way/751005560</value></Data><Data name="social_facility:for"><value>senior</value></Data><Data name="addr:city"><value>Gävle</value></Data><Data name="addr:country"><value>SE</value></Data><Data name="addr:housenumber"><value>5</value></Data><Data name="addr:street"><value>Vallongatan</value></Data><Data name="amenity"><value>social_facility</value></Data><Data name="building"><value>yes</value></Data><Data name="name"><value>Villa Vallonen vård- och omsorgsboende</value></Data><Data name="social_facility"><value>nursing_home</value></Data><Data name="@geometry"><value>center</value></Data></ExtendedData><Point><coordinates>17.1485937,60.6640497</coordinates></Point></Placemark><Placemark><name>Attendo Pukslagarvägens vård och omsorgsboende</name><ExtendedData><Data name="@id"><value>way/751006549</value></Data><Data name="social_facility:for"><value>senior</value></Data><Data name="social_facility"><value>nursing_home</value></Data><Data name="addr:city"><value>Gävle</value></Data><Data name="addr:country"><value>SE</value></Data><Data name="addr:housenumber"><value>16</value></Data><Data name="addr:street"><value>Pukslagarvägen</value></Data><Data name="amenity"><value>social_facility</value></Data><Data name="building"><value>yes</value></Data><Data name="name"><value>Attendo Pukslagarvägens vård och omsorgsboende</value></Data><Data name="@geometry"><value>center</value></Data></ExtendedData><Point><coordinates>17.2409977,60.6632153</coordinates></Point></Placemark><Placemark><ExtendedData><Data name="@id"><value>way/753444507</value></Data><Data name="amenity"><value>social_facility</value></Data><Data name="building"><value>yes</value></Data><Data name="social_facility"><value>nursing_home</value></Data><Data name="social_facility:for"><value>senior</value></Data><Data name="@geometry"><value>center</value></Data></ExtendedData><Point><coordinates>15.2411628,59.2865878</coordinates></Point></Placemark><Placemark><name>Malmslätt gruppbostad</name><ExtendedData><Data name="@id"><value>way/757511522</value></Data><Data name="social_facility:for"><value>mental_health</value></Data><Data name="amenity"><value>social_facility</value></Data><Data name="name"><value>Malmslätt gruppbostad</value></Data><Data name="operator"><value>Nytida</value></Data><Data name="operator:type"><value>private</value></Data><Data name="social_facility"><value>assisted_living</value></Data><Data name="@geometry"><value>center</value></Data></ExtendedData><Point><coordinates>15.5131994,58.4196017</coordinates></Point></Placemark><Placemark><name>Kanalgårdens äldreboende</name><ExtendedData><Data name="@id"><value>way/758182891</value></Data><Data name="amenity"><value>social_facility</value></Data><Data name="capacity"><value>23</value></Data><Data name="name"><value>Kanalgårdens äldreboende</value></Data><Data name="operator"><value>Vardaga</value></Data><Data name="social_facility"><value>nursing_home</value></Data><Data name="@geometry"><value>center</value></Data></ExtendedData><Point><coordinates>15.5345735,58.4868216</coordinates></Point></Placemark><Placemark><name>Fjällglimtens gemensamhetsboende</name><ExtendedData><Data name="@id"><value>way/758738211</value></Data><Data name="amenity"><value>social_facility</value></Data><Data name="building"><value>yes</value></Data><Data name="name"><value>Fjällglimtens gemensamhetsboende</value></Data><Data name="social_facility"><value>nursing_home</value></Data><Data name="social_facility:for"><value>senior</value></Data><Data name="@geometry"><value>center</value></Data></ExtendedData><Point><coordinates>13.8597089,62.4485917</coordinates></Point></Placemark><Placemark><name>Sollentuna Sjukhus</name><ExtendedData><Data name="@id"><value>way/759041593</value></Data><Data name="amenity"><value>hospital</value></Data><Data name="healthcare"><value>hospital</value></Data><Data name="name"><value>Sollentuna Sjukhus</value></Data><Data name="@geometry"><value>center</value></Data></ExtendedData><Point><coordinates>17.9544919,59.4310574</coordinates></Point></Placemark><Placemark><ExtendedData><Data name="@id"><value>way/759349101</value></Data><Data name="amenity"><value>social_facility</value></Data><Data name="social_facility"><value>group_home</value></Data><Data name="social_facility:for"><value>senior</value></Data><Data name="@geometry"><value>center</value></Data></ExtendedData><Point><coordinates>15.1186517,58.3268695</coordinates></Point></Placemark><Placemark><name>Funäsdalens hälsocentral</name><ExtendedData><Data name="@id"><value>way/759923340</value></Data><Data name="addr:city"><value>Funäsdalen</value></Data><Data name="addr:country"><value>SE</value></Data><Data name="addr:housenumber"><value>35</value></Data><Data name="addr:postcode"><value>84095</value></Data><Data name="addr:street"><value>Rörosvägen</value></Data><Data name="amenity"><value>clinic</value></Data><Data name="building"><value>yes</value></Data><Data name="healthcare"><value>clinic</value></Data><Data name="name"><value>Funäsdalens hälsocentral</value></Data><Data name="@geometry"><value>center</value></Data></ExtendedData><Point><coordinates>12.5259293,62.5489563</coordinates></Point></Placemark><Placemark><name>Servicehuset Fjällsol</name><ExtendedData><Data name="@id"><value>way/759923343</value></Data><Data name="addr:city"><value>Funäsdalen</value></Data><Data name="addr:country"><value>SE</value></Data><Data name="addr:housenumber"><value>33</value></Data><Data name="addr:postcode"><value>84095</value></Data><Data name="addr:street"><value>Rörosvägen</value></Data><Data name="amenity"><value>social_facility</value></Data><Data name="building"><value>yes</value></Data><Data name="name"><value>Servicehuset Fjällsol</value></Data><Data name="social_facility"><value>nursing_home</value></Data><Data name="social_facility:for"><value>senior</value></Data><Data name="@geometry"><value>center</value></Data></ExtendedData><Point><coordinates>12.527705,62.5490817</coordinates></Point></Placemark><Placemark><name>Växjövägen</name><ExtendedData><Data name="@id"><value>way/763268373</value></Data><Data name="addr:country"><value>SE</value></Data><Data name="addr:housenumber"><value>11</value></Data><Data name="addr:street"><value>Växjövägen</value></Data><Data name="amenity"><value>social_facility</value></Data><Data name="building"><value>residential</value></Data><Data name="capacity"><value>6</value></Data><Data name="name"><value>Växjövägen</value></Data><Data name="social_facility"><value>group_home</value></Data><Data name="social_facility:for"><value>disabled</value></Data><Data name="@geometry"><value>center</value></Data></ExtendedData><Point><coordinates>14.0552655,57.1826367</coordinates></Point></Placemark><Placemark><name>Strömgården</name><description>Korttidsboende för funktionshindrade</description><ExtendedData><Data name="@id"><value>way/763348891</value></Data><Data name="addr:country"><value>SE</value></Data><Data name="addr:housenumber"><value>22</value></Data><Data name="addr:street"><value>Egnahemsvägen</value></Data><Data name="amenity"><value>social_facility</value></Data><Data name="building"><value>yes</value></Data><Data name="capacity"><value>5</value></Data><Data name="description"><value>Korttidsboende för funktionshindrade</value></Data><Data name="name"><value>Strömgården</value></Data><Data name="social_facility"><value>group_home</value></Data><Data name="social_facility:for"><value>disabled</value></Data><Data name="@geometry"><value>center</value></Data></ExtendedData><Point><coordinates>14.0302555,57.1805485</coordinates></Point></Placemark><Placemark><name>Egnahemsvägen</name><description>Gruppbostad för funktionshindrade</description><ExtendedData><Data name="@id"><value>way/763348893</value></Data><Data name="addr:country"><value>SE</value></Data><Data name="addr:housenumber"><value>20</value></Data><Data name="addr:street"><value>Egnahemsvägen</value></Data><Data name="amenity"><value>social_facility</value></Data><Data name="building"><value>yes</value></Data><Data name="capacity"><value>5</value></Data><Data name="description"><value>Gruppbostad för funktionshindrade</value></Data><Data name="name"><value>Egnahemsvägen</value></Data><Data name="social_facility"><value>group_home</value></Data><Data name="social_facility:for"><value>disabled</value></Data><Data name="@geometry"><value>center</value></Data></ExtendedData><Point><coordinates>14.0300859,57.1809766</coordinates></Point></Placemark><Placemark><name>Slottsovalen</name><ExtendedData><Data name="@id"><value>way/768163267</value></Data><Data name="amenity"><value>social_facility</value></Data><Data name="capacity"><value>41</value></Data><Data name="name"><value>Slottsovalen</value></Data><Data name="operator"><value>Vardaga</value></Data><Data name="social_facility"><value>assisted_living</value></Data><Data name="social_facility:for"><value>senior</value></Data><Data name="@geometry"><value>center</value></Data></ExtendedData><Point><coordinates>18.3696463,59.3217556</coordinates></Point></Placemark><Placemark><name>Servicehuset Älmegården</name><ExtendedData><Data name="@id"><value>way/775267030</value></Data><Data name="amenity"><value>social_facility</value></Data><Data name="building"><value>yes</value></Data><Data name="name"><value>Servicehuset Älmegården</value></Data><Data name="social_facility"><value>group_home</value></Data><Data name="social_facility:for"><value>senior</value></Data><Data name="@geometry"><value>center</value></Data></ExtendedData><Point><coordinates>15.2664419,56.5570898</coordinates></Point></Placemark><Placemark><ExtendedData><Data name="@id"><value>way/778899019</value></Data><Data name="amenity"><value>social_facility</value></Data><Data name="social_facility"><value>group_home</value></Data><Data name="social_facility:for"><value>senior</value></Data><Data name="@geometry"><value>center</value></Data></ExtendedData><Point><coordinates>15.6650605,59.3544307</coordinates></Point></Placemark><Placemark><name>Tunastrand</name><ExtendedData><Data name="@id"><value>way/789759690</value></Data><Data name="addr:city"><value>Matfors</value></Data><Data name="addr:country"><value>SE</value></Data><Data name="addr:housenumber"><value>7</value></Data><Data name="addr:postcode"><value>86431</value></Data><Data name="addr:street"><value>Rännövägen</value></Data><Data name="amenity"><value>social_facility</value></Data><Data name="building"><value>yes</value></Data><Data name="name"><value>Tunastrand</value></Data><Data name="social_facility"><value>nursing_home</value></Data><Data name="social_facility:for"><value>senior</value></Data><Data name="@geometry"><value>center</value></Data></ExtendedData><Point><coordinates>17.0122941,62.3447321</coordinates></Point></Placemark><Placemark><name>Vimmerby Vårdcentral</name><ExtendedData><Data name="@id"><value>way/791160189</value></Data><Data name="name"><value>Vimmerby Vårdcentral</value></Data><Data name="amenity"><value>clinic</value></Data><Data name="building"><value>hospital</value></Data><Data name="@geometry"><value>center</value></Data></ExtendedData><Point><coordinates>15.8585012,57.6679216</coordinates></Point></Placemark><Placemark><name>Attendo Terra Nova</name><ExtendedData><Data name="@id"><value>way/791647355</value></Data><Data name="amenity"><value>nursing_home</value></Data><Data name="name"><value>Attendo Terra Nova</value></Data><Data name="@geometry"><value>center</value></Data></ExtendedData><Point><coordinates>18.3152953,57.6086378</coordinates></Point></Placemark><Placemark><name>Gullmarsgården</name><ExtendedData><Data name="@id"><value>way/792869865</value></Data><Data name="amenity"><value>social_facility</value></Data><Data name="contact:email"><value>info@gullmarsgarden.se</value></Data><Data name="contact:phone"><value>+46 524 234 56</value></Data><Data name="contact:website"><value>https://www.gullmarsgarden.se</value></Data><Data name="name"><value>Gullmarsgården</value></Data><Data name="social_facility"><value>assisted_living</value></Data><Data name="social_facility:for"><value>mental_health</value></Data><Data name="@geometry"><value>center</value></Data></ExtendedData><Point><coordinates>11.5819944,58.4912281</coordinates></Point></Placemark><Placemark><ExtendedData><Data name="@id"><value>way/803874573</value></Data><Data name="building"><value>yes</value></Data><Data name="amenity"><value>clinic</value></Data><Data name="@geometry"><value>center</value></Data></ExtendedData><Point><coordinates>16.1835318,58.9840803</coordinates></Point></Placemark><Placemark><name>Oskarslund vårdboende</name><ExtendedData><Data name="@id"><value>way/806677207</value></Data><Data name="social_facility"><value>nursing_home</value></Data><Data name="name"><value>Oskarslund vårdboende</value></Data><Data name="amenity"><value>social_facility</value></Data><Data name="building"><value>yes</value></Data><Data name="@geometry"><value>center</value></Data></ExtendedData><Point><coordinates>13.4585685,59.3747499</coordinates></Point></Placemark><Placemark><name>Dagverksamhet &amp; Boendestöd</name><ExtendedData><Data name="@id"><value>way/809943593</value></Data><Data name="addr:city"><value>Skoghall</value></Data><Data name="addr:country"><value>SE</value></Data><Data name="addr:housenumber"><value>21</value></Data><Data name="addr:postcode"><value>66330</value></Data><Data name="addr:street"><value>Spelvägen</value></Data><Data name="amenity"><value>social_facility</value></Data><Data name="building"><value>yes</value></Data><Data name="name"><value>Dagverksamhet &amp; Boendestöd</value></Data><Data name="social_facility"><value>group_home</value></Data><Data name="social_facility:for"><value>senior</value></Data><Data name="@geometry"><value>center</value></Data></ExtendedData><Point><coordinates>13.4728364,59.3290744</coordinates></Point></Placemark><Placemark><name>Gruppbostad Parkvägen</name><ExtendedData><Data name="@id"><value>way/809946417</value></Data><Data name="building:levels"><value>0</value></Data><Data name="social_facility:for"><value>senior</value></Data><Data name="addr:district"><value>Götetorp</value></Data><Data name="addr:city"><value>Skoghall</value></Data><Data name="addr:country"><value>SE</value></Data><Data name="addr:housenumber"><value>32</value></Data><Data name="addr:postcode"><value>66334</value></Data><Data name="addr:street"><value>Parkvägen</value></Data><Data name="amenity"><value>social_facility</value></Data><Data name="building"><value>detached</value></Data><Data name="name"><value>Gruppbostad Parkvägen</value></Data><Data name="phone"><value>+4654510602</value></Data><Data name="social_facility"><value>group_home</value></Data><Data name="@geometry"><value>center</value></Data></ExtendedData><Point><coordinates>13.4859831,59.3289437</coordinates></Point></Placemark><Placemark><name>Omtankens hus</name><ExtendedData><Data name="@id"><value>way/813474034</value></Data><Data name="social_facility:for"><value>senior</value></Data><Data name="amenity"><value>social_facility</value></Data><Data name="building"><value>yes</value></Data><Data name="name"><value>Omtankens hus</value></Data><Data name="social_facility"><value>group_home</value></Data><Data name="@geometry"><value>center</value></Data></ExtendedData><Point><coordinates>12.9660529,55.4253667</coordinates></Point></Placemark><Placemark><name>Fyren</name><ExtendedData><Data name="@id"><value>way/814328203</value></Data><Data name="social_facility:for"><value>juvenile</value></Data><Data name="operator"><value>Ljungby Kommun</value></Data><Data name="addr:housenumber"><value>10</value></Data><Data name="amenity"><value>social_facility</value></Data><Data name="name"><value>Fyren</value></Data><Data name="operator:type"><value>government</value></Data><Data name="social_facility"><value>group_home</value></Data><Data name="@geometry"><value>center</value></Data></ExtendedData><Point><coordinates>13.9487171,56.8289047</coordinates></Point></Placemark><Placemark><name>Gruppboende Högalidsvägen</name><ExtendedData><Data name="@id"><value>way/814338026</value></Data><Data name="operator"><value>Ljungby Kommun</value></Data><Data name="addr:city"><value>Ljungby</value></Data><Data name="addr:street"><value>Högalidsvägen</value></Data><Data name="amenity"><value>social_facility</value></Data><Data name="name"><value>Gruppboende Högalidsvägen</value></Data><Data name="operator:type"><value>government</value></Data><Data name="social_facility"><value>group_home</value></Data><Data name="social_facility:for"><value>mental_health</value></Data><Data name="@geometry"><value>center</value></Data></ExtendedData><Point><coordinates>13.9601617,56.8383585</coordinates></Point></Placemark><Placemark><name>Gruppbostad Kolmården</name><ExtendedData><Data name="@id"><value>way/816289845</value></Data><Data name="amenity"><value>social_facility</value></Data><Data name="building"><value>yes</value></Data><Data name="name"><value>Gruppbostad Kolmården</value></Data><Data name="operator"><value>Nytida AB</value></Data><Data name="social_facility"><value>group_home</value></Data><Data name="@geometry"><value>center</value></Data></ExtendedData><Point><coordinates>16.3719589,58.6677788</coordinates></Point></Placemark><Placemark><name>Söndagsgården</name><ExtendedData><Data name="@id"><value>way/818166392</value></Data><Data name="amenity"><value>social_facility</value></Data><Data name="name"><value>Söndagsgården</value></Data><Data name="social_facility"><value>nursing_home</value></Data><Data name="social_facility:for"><value>senior</value></Data><Data name="@geometry"><value>center</value></Data></ExtendedData><Point><coordinates>18.0943131,59.2586127</coordinates></Point></Placemark><Placemark><name>Linggårdens Skolhem</name><ExtendedData><Data name="@id"><value>way/818166404</value></Data><Data name="amenity"><value>social_facility</value></Data><Data name="name"><value>Linggårdens Skolhem</value></Data><Data name="@geometry"><value>center</value></Data></ExtendedData><Point><coordinates>18.0861041,59.2558567</coordinates></Point></Placemark><Placemark><ExtendedData><Data name="@id"><value>way/818662136</value></Data><Data name="amenity"><value>nursing_home</value></Data><Data name="building"><value>yes</value></Data><Data name="@geometry"><value>center</value></Data></ExtendedData><Point><coordinates>16.7221012,56.8792598</coordinates></Point></Placemark><Placemark><name>Ytterö Psykiatriska slutenvård</name><ExtendedData><Data name="@id"><value>way/819025204</value></Data><Data name="amenity"><value>social_facility</value></Data><Data name="name"><value>Ytterö Psykiatriska slutenvård</value></Data><Data name="social_facility:for"><value>mental_health</value></Data><Data name="@geometry"><value>center</value></Data></ExtendedData><Point><coordinates>18.0748879,59.2422197</coordinates></Point></Placemark><Placemark><ExtendedData><Data name="@id"><value>way/822826458</value></Data><Data name="amenity"><value>social_facility</value></Data><Data name="building"><value>yes</value></Data><Data name="social_facility"><value>group_home</value></Data><Data name="social_facility:for"><value>senior</value></Data><Data name="@geometry"><value>center</value></Data></ExtendedData><Point><coordinates>18.1334069,59.136854</coordinates></Point></Placemark><Placemark><name>SiS ungdomshem Tysslinge</name><ExtendedData><Data name="@id"><value>way/823943307</value></Data><Data name="amenity"><value>social_facility</value></Data><Data name="name"><value>SiS ungdomshem Tysslinge</value></Data><Data name="operator"><value>Statens institutionsstyrelse</value></Data><Data name="operator:type"><value>government</value></Data><Data name="social_facility"><value>group_home</value></Data><Data name="social_facility:for"><value>juvenile</value></Data><Data name="website"><value>https://www.stat-inst.se/var-verksamhet/vard-av-unga/vara-ungdomshem/tysslinge/</value></Data><Data name="@geometry"><value>center</value></Data></ExtendedData><Point><coordinates>17.7142861,59.161459</coordinates></Point></Placemark><Placemark><name>Bjursåsgården Vård- &amp; omsorgsboende</name><ExtendedData><Data name="@id"><value>way/825929881</value></Data><Data name="amenity"><value>social_facility</value></Data><Data name="building"><value>yes</value></Data><Data name="name"><value>Bjursåsgården Vård- &amp; omsorgsboende</value></Data><Data name="social_facility"><value>nursing_home</value></Data><Data name="social_facility:for"><value>senior</value></Data><Data name="@geometry"><value>center</value></Data></ExtendedData><Point><coordinates>15.4491761,60.7393503</coordinates></Point></Placemark><Placemark><name>Malmgården</name><ExtendedData><Data name="@id"><value>way/830331386</value></Data><Data name="building"><value>yes</value></Data><Data name="amenity"><value>social_facility</value></Data><Data name="name"><value>Malmgården</value></Data><Data name="operator"><value>Skara kommun</value></Data><Data name="social_facility"><value>nursing_home</value></Data><Data name="social_facility:for"><value>senior</value></Data><Data name="@geometry"><value>center</value></Data></ExtendedData><Point><coordinates>13.4335619,58.3898655</coordinates></Point></Placemark><Placemark><name>Villa Höjden</name><ExtendedData><Data name="@id"><value>way/832163367</value></Data><Data name="amenity"><value>nursing_home</value></Data><Data name="name"><value>Villa Höjden</value></Data><Data name="building"><value>apartments</value></Data><Data name="@geometry"><value>center</value></Data></ExtendedData><Point><coordinates>11.9179655,57.675298</coordinates></Point></Placemark><Placemark><name>Markheden särskilt boende</name><ExtendedData><Data name="@id"><value>way/834184745</value></Data><Data name="addr:city"><value>Valbo</value></Data><Data name="addr:country"><value>SE</value></Data><Data name="addr:housenumber"><value>6</value></Data><Data name="addr:postcode"><value>81831</value></Data><Data name="addr:street"><value>Barnstugevägen</value></Data><Data name="amenity"><value>social_facility</value></Data><Data name="building"><value>yes</value></Data><Data name="name"><value>Markheden särskilt boende</value></Data><Data name="social_facility"><value>assisted_living</value></Data><Data name="@geometry"><value>center</value></Data></ExtendedData><Point><coordinates>17.0106449,60.646484</coordinates></Point></Placemark><Placemark><ExtendedData><Data name="@id"><value>way/834719512</value></Data><Data name="building"><value>yes</value></Data><Data name="amenity"><value>social_facility</value></Data><Data name="addr:city"><value>Göteborg</value></Data><Data name="addr:country"><value>SE</value></Data><Data name="addr:housenumber"><value>2D</value></Data><Data name="addr:street"><value>Liegatan</value></Data><Data name="@geometry"><value>center</value></Data></ExtendedData><Point><coordinates>11.8996224,57.7097579</coordinates></Point></Placemark><Placemark><ExtendedData><Data name="@id"><value>way/837562703</value></Data><Data name="addr:housenumber"><value>58</value></Data><Data name="amenity"><value>hospital</value></Data><Data name="healthcare"><value>hospital</value></Data><Data name="@geometry"><value>center</value></Data></ExtendedData><Point><coordinates>15.546874,63.8588977</coordinates></Point></Placemark><Placemark><ExtendedData><Data name="@id"><value>way/837562704</value></Data><Data name="addr:housenumber"><value>60</value></Data><Data name="amenity"><value>hospital</value></Data><Data name="healthcare"><value>hospital</value></Data><Data name="@geometry"><value>center</value></Data></ExtendedData><Point><coordinates>15.5473023,63.8591624</coordinates></Point></Placemark><Placemark><ExtendedData><Data name="@id"><value>way/837562705</value></Data><Data name="addr:housenumber"><value>62</value></Data><Data name="amenity"><value>hospital</value></Data><Data name="healthcare"><value>hospital</value></Data><Data name="@geometry"><value>center</value></Data></ExtendedData><Point><coordinates>15.5468746,63.8593953</coordinates></Point></Placemark><Placemark><ExtendedData><Data name="@id"><value>way/839433866</value></Data><Data name="amenity"><value>social_facility</value></Data><Data name="social_facility"><value>nursing_home</value></Data><Data name="social_facility:for"><value>senior</value></Data><Data name="@geometry"><value>center</value></Data></ExtendedData><Point><coordinates>15.984607,60.2842522</coordinates></Point></Placemark><Placemark><name>Munkbohemmets Äldreboende</name><ExtendedData><Data name="@id"><value>way/839433867</value></Data><Data name="social_facility:for"><value>senior</value></Data><Data name="amenity"><value>social_facility</value></Data><Data name="name"><value>Munkbohemmets Äldreboende</value></Data><Data name="social_facility"><value>nursing_home</value></Data><Data name="@geometry"><value>center</value></Data></ExtendedData><Point><coordinates>15.9739472,60.281291</coordinates></Point></Placemark><Placemark><ExtendedData><Data name="@id"><value>way/839844467</value></Data><Data name="amenity"><value>social_facility</value></Data><Data name="@geometry"><value>center</value></Data></ExtendedData><Point><coordinates>15.9957065,60.2732297</coordinates></Point></Placemark><Placemark><ExtendedData><Data name="@id"><value>way/840612385</value></Data><Data name="amenity"><value>social_facility</value></Data><Data name="building"><value>yes</value></Data><Data name="social_facility"><value>nursing_home</value></Data><Data name="social_facility:for"><value>senior</value></Data><Data name="wheelchair"><value>yes</value></Data><Data name="@geometry"><value>center</value></Data></ExtendedData><Point><coordinates>14.2306356,57.7738942</coordinates></Point></Placemark><Placemark><ExtendedData><Data name="@id"><value>way/840647080</value></Data><Data name="amenity"><value>social_facility</value></Data><Data name="building"><value>yes</value></Data><Data name="social_facility"><value>nursing_home</value></Data><Data name="social_facility:for"><value>senior</value></Data><Data name="wheelchair"><value>yes</value></Data><Data name="@geometry"><value>center</value></Data></ExtendedData><Point><coordinates>14.2306732,57.7730847</coordinates></Point></Placemark><Placemark><name>Hilleborg vård- och omsorgsboende</name><ExtendedData><Data name="@id"><value>way/840945774</value></Data><Data name="building"><value>yes</value></Data><Data name="amenity"><value>social_facility</value></Data><Data name="name"><value>Hilleborg vård- och omsorgsboende</value></Data><Data name="social_facility"><value>nursing_home</value></Data><Data name="social_facility:for"><value>senior</value></Data><Data name="@geometry"><value>center</value></Data></ExtendedData><Point><coordinates>17.1657816,60.72544</coordinates></Point></Placemark><Placemark><name>Mora lasarett BUP, Kurator</name><ExtendedData><Data name="@id"><value>way/843006537</value></Data><Data name="amenity"><value>hospital</value></Data><Data name="building"><value>hospital</value></Data><Data name="healthcare"><value>hospital</value></Data><Data name="name"><value>Mora lasarett BUP, Kurator</value></Data><Data name="operator"><value>Region Dalarna</value></Data><Data name="@geometry"><value>center</value></Data></ExtendedData><Point><coordinates>14.5826625,61.0163887</coordinates></Point></Placemark><Placemark><ExtendedData><Data name="@id"><value>way/843006538</value></Data><Data name="amenity"><value>hospital</value></Data><Data name="building"><value>hospital</value></Data><Data name="healthcare"><value>hospital</value></Data><Data name="@geometry"><value>center</value></Data></ExtendedData><Point><coordinates>14.5817353,61.0162486</coordinates></Point></Placemark><Placemark><ExtendedData><Data name="@id"><value>way/843006539</value></Data><Data name="amenity"><value>hospital</value></Data><Data name="building"><value>hospital</value></Data><Data name="healthcare"><value>hospital</value></Data><Data name="roof:shape"><value>gabled</value></Data><Data name="@geometry"><value>center</value></Data></ExtendedData><Point><coordinates>14.581706,61.0165241</coordinates></Point></Placemark><Placemark><name>Tandregleringsklinik</name><ExtendedData><Data name="@id"><value>way/843006545</value></Data><Data name="amenity"><value>hospital</value></Data><Data name="building"><value>hospital</value></Data><Data name="healthcare"><value>hospital</value></Data><Data name="name"><value>Tandregleringsklinik</value></Data><Data name="@geometry"><value>center</value></Data></ExtendedData><Point><coordinates>14.5841528,61.0148428</coordinates></Point></Placemark><Placemark><ExtendedData><Data name="@id"><value>way/843510216</value></Data><Data name="amenity"><value>social_facility</value></Data><Data name="building"><value>yes</value></Data><Data name="social_facility"><value>nursing_home</value></Data><Data name="social_facility:for"><value>senior</value></Data><Data name="@geometry"><value>center</value></Data></ExtendedData><Point><coordinates>13.8599591,58.3895315</coordinates></Point></Placemark><Placemark><name>Hälsocentral Stöde</name><ExtendedData><Data name="@id"><value>way/849008342</value></Data><Data name="amenity"><value>clinic</value></Data><Data name="name"><value>Hälsocentral Stöde</value></Data><Data name="@geometry"><value>center</value></Data></ExtendedData><Point><coordinates>16.5880334,62.4185983</coordinates></Point></Placemark><Placemark><name>Knutshemmet</name><ExtendedData><Data name="@id"><value>way/850017465</value></Data><Data name="addr:city"><value>Stöde</value></Data><Data name="addr:country"><value>SE</value></Data><Data name="addr:housenumber"><value>5</value></Data><Data name="addr:street"><value>Knutsvägen</value></Data><Data name="amenity"><value>social_facility</value></Data><Data name="name"><value>Knutshemmet</value></Data><Data name="operator"><value>Sundsvalls kommun</value></Data><Data name="social_facility"><value>nursing_home</value></Data><Data name="@geometry"><value>center</value></Data></ExtendedData><Point><coordinates>16.5897157,62.4212414</coordinates></Point></Placemark><Placemark><name>Äldreboendet Skogsbrynet</name><ExtendedData><Data name="@id"><value>way/850114909</value></Data><Data name="amenity"><value>social_facility</value></Data><Data name="name"><value>Äldreboendet Skogsbrynet</value></Data><Data name="social_facility"><value>assisted_living</value></Data><Data name="social_facility:for"><value>senior</value></Data><Data name="@geometry"><value>center</value></Data></ExtendedData><Point><coordinates>16.5860431,62.4215542</coordinates></Point></Placemark><Placemark><name>Berggården</name><ExtendedData><Data name="@id"><value>way/852319052</value></Data><Data name="amenity"><value>social_facility</value></Data><Data name="building"><value>hospital</value></Data><Data name="name"><value>Berggården</value></Data><Data name="social_facility"><value>nursing_home</value></Data><Data name="@geometry"><value>center</value></Data></ExtendedData><Point><coordinates>15.9243802,58.8313868</coordinates></Point></Placemark><Placemark><name>Kronans Apotek</name><ExtendedData><Data name="@id"><value>way/853808146</value></Data><Data name="shop"><value>medical_supply</value></Data><Data name="room"><value>shop</value></Data><Data name="name"><value>Kronans Apotek</value></Data><Data name="level"><value>0</value></Data><Data name="amenity"><value>pharmacy</value></Data><Data name="dispensing"><value>yes</value></Data><Data name="healthcare"><value>pharmacy</value></Data><Data name="indoor"><value>room</value></Data><Data name="@geometry"><value>center</value></Data></ExtendedData><Point><coordinates>16.335865,56.6708393</coordinates></Point></Placemark><Placemark><name>Lloyds Apotek</name><ExtendedData><Data name="@id"><value>way/853808180</value></Data><Data name="name"><value>Lloyds Apotek</value></Data><Data name="opening_hours"><value>Mo-Fr 09:00-19:00; Sa 09:00-17:00; Su 10:00-17:00</value></Data><Data name="shop"><value>no</value></Data><Data name="website:stock"><value>https://www.fass.se/</value></Data><Data name="wheelchair"><value>yes</value></Data><Data name="room"><value>shop</value></Data><Data name="level"><value>0</value></Data><Data name="indoor"><value>room</value></Data><Data name="healthcare"><value>pharmacy</value></Data><Data name="amenity"><value>pharmacy</value></Data><Data name="@geometry"><value>center</value></Data></ExtendedData><Point><coordinates>16.3387313,56.6704155</coordinates></Point></Placemark><Placemark><name>Spelmannen</name><ExtendedData><Data name="@id"><value>way/854521678</value></Data><Data name="addr:city"><value>Torsåker</value></Data><Data name="addr:country"><value>SE</value></Data><Data name="addr:housenumber"><value>7</value></Data><Data name="addr:postcode"><value>81340</value></Data><Data name="addr:street"><value>Spelmansvägen</value></Data><Data name="amenity"><value>nursing_home</value></Data><Data name="building"><value>yes</value></Data><Data name="name"><value>Spelmannen</value></Data><Data name="@geometry"><value>center</value></Data></ExtendedData><Point><coordinates>16.4696182,60.5137134</coordinates></Point></Placemark><Placemark><name>Ekbacken</name><ExtendedData><Data name="@id"><value>way/857530956</value></Data><Data name="addr:city"><value>Linköping</value></Data><Data name="addr:country"><value>SE</value></Data><Data name="addr:housenumber"><value>2</value></Data><Data name="addr:street"><value>Kvinnebyvägen</value></Data><Data name="amenity"><value>social_facility</value></Data><Data name="name"><value>Ekbacken</value></Data><Data name="operator"><value>Leanlink</value></Data><Data name="social_facility"><value>group_home</value></Data><Data name="social_facility:for"><value>senior</value></Data><Data name="@geometry"><value>center</value></Data></ExtendedData><Point><coordinates>15.6849573,58.3829614</coordinates></Point></Placemark><Placemark><name>Lidingö sjukhus</name><ExtendedData><Data name="@id"><value>way/862157372</value></Data><Data name="amenity"><value>hospital</value></Data><Data name="healthcare"><value>hospital</value></Data><Data name="name"><value>Lidingö sjukhus</value></Data><Data name="name:en"><value>Lidingö Hospital</value></Data><Data name="name:fi"><value>Lidingön sairaala</value></Data><Data name="name:sv"><value>Lidingö sjukhus</value></Data><Data name="@geometry"><value>center</value></Data></ExtendedData><Point><coordinates>18.1506054,59.3506243</coordinates></Point></Placemark><Placemark><name>Strandhagens äldreboende</name><ExtendedData><Data name="@id"><value>way/862576987</value></Data><Data name="amenity"><value>social_facility</value></Data><Data name="building"><value>yes</value></Data><Data name="name"><value>Strandhagens äldreboende</value></Data><Data name="social_facility"><value>assisted_living</value></Data><Data name="@geometry"><value>center</value></Data></ExtendedData><Point><coordinates>17.304643,59.0521201</coordinates></Point></Placemark><Placemark><ExtendedData><Data name="@id"><value>way/862577002</value></Data><Data name="amenity"><value>social_facility</value></Data><Data name="social_facility"><value>assisted_living</value></Data><Data name="social_facility:for"><value>senior</value></Data><Data name="@geometry"><value>center</value></Data></ExtendedData><Point><coordinates>17.3045302,59.0521883</coordinates></Point></Placemark><Placemark><ExtendedData><Data name="@id"><value>way/863901109</value></Data><Data name="amenity"><value>social_facility</value></Data><Data name="building"><value>yes</value></Data><Data name="social_facility"><value>nursing_home</value></Data><Data name="social_facility:for"><value>senior</value></Data><Data name="@geometry"><value>center</value></Data></ExtendedData><Point><coordinates>15.161693,58.749559</coordinates></Point></Placemark><Placemark><name>Ekhagens Boende</name><ExtendedData><Data name="@id"><value>way/865444931</value></Data><Data name="amenity"><value>social_facility</value></Data><Data name="name"><value>Ekhagens Boende</value></Data><Data name="social_facility"><value>assisted_living</value></Data><Data name="social_facility:for"><value>senior</value></Data><Data name="@geometry"><value>center</value></Data></ExtendedData><Point><coordinates>17.1515862,59.0618898</coordinates></Point></Placemark><Placemark><name>Särskilt boende för äldre</name><ExtendedData><Data name="@id"><value>way/866267263</value></Data><Data name="amenity"><value>social_facility</value></Data><Data name="building"><value>yes</value></Data><Data name="name"><value>Särskilt boende för äldre</value></Data><Data name="operator"><value>A&amp;O Ansvar och Omsorg AB</value></Data><Data name="@geometry"><value>center</value></Data></ExtendedData><Point><coordinates>16.1748995,58.5829347</coordinates></Point></Placemark><Placemark><name>Särskilt boende för äldre</name><ExtendedData><Data name="@id"><value>way/866626123</value></Data><Data name="addr:city"><value>Skärblacka</value></Data><Data name="addr:country"><value>SE</value></Data><Data name="addr:housenumber"><value>10</value></Data><Data name="addr:street"><value>Sågvägen</value></Data><Data name="alt_name"><value>Vickelbygården</value></Data><Data name="amenity"><value>social_facility</value></Data><Data name="building"><value>yes</value></Data><Data name="name"><value>Särskilt boende för äldre</value></Data><Data name="@geometry"><value>center</value></Data></ExtendedData><Point><coordinates>15.9354088,58.5723766</coordinates></Point></Placemark><Placemark><name>Korttidshem Solrosen &amp; Knoppis</name><ExtendedData><Data name="@id"><value>way/866821115</value></Data><Data name="amenity"><value>social_facility</value></Data><Data name="name"><value>Korttidshem Solrosen &amp; Knoppis</value></Data><Data name="social_facility"><value>group_home</value></Data><Data name="social_facility:for"><value>senior</value></Data><Data name="@geometry"><value>center</value></Data></ExtendedData><Point><coordinates>17.0916342,61.7218831</coordinates></Point></Placemark><Placemark><name>Särskilt boende för äldre</name><ExtendedData><Data name="@id"><value>way/871203013</value></Data><Data name="addr:city"><value>Åby</value></Data><Data name="addr:country"><value>SE</value></Data><Data name="addr:housenumber"><value>5</value></Data><Data name="addr:street"><value>Katrineholmsvägen</value></Data><Data name="amenity"><value>social_facility</value></Data><Data name="building"><value>yes</value></Data><Data name="name"><value>Särskilt boende för äldre</value></Data><Data name="operator"><value>Norrköpings kommun</value></Data><Data name="@geometry"><value>center</value></Data></ExtendedData><Point><coordinates>16.1806078,58.6665064</coordinates></Point></Placemark><Placemark><name>Djurö vårdcentral</name><ExtendedData><Data name="@id"><value>way/871390885</value></Data><Data name="addr:city"><value>Djurhamn</value></Data><Data name="addr:country"><value>SE</value></Data><Data name="addr:housenumber"><value>11</value></Data><Data name="addr:postcode"><value>139 73</value></Data><Data name="addr:street"><value>Björkåsvägen</value></Data><Data name="amenity"><value>clinic</value></Data><Data name="building"><value>clinic</value></Data><Data name="name"><value>Djurö vårdcentral</value></Data><Data name="operator"><value>Region Stockholm</value></Data><Data name="website"><value>https://vardcentraler.sll.se/hitta-vardcentral/djuro/</value></Data><Data name="@geometry"><value>center</value></Data></ExtendedData><Point><coordinates>18.7040837,59.3116526</coordinates></Point></Placemark><Placemark><name>Vårdcentral</name><ExtendedData><Data name="@id"><value>way/871859969</value></Data><Data name="amenity"><value>doctors</value></Data><Data name="building"><value>yes</value></Data><Data name="healthcare"><value>doctor</value></Data><Data name="name"><value>Vårdcentral</value></Data><Data name="@geometry"><value>center</value></Data></ExtendedData><Point><coordinates>13.3561639,60.9412263</coordinates></Point></Placemark><Placemark><name>Djuröhemmet</name><ExtendedData><Data name="@id"><value>way/872760154</value></Data><Data name="addr:city"><value>Djurhamn</value></Data><Data name="addr:country"><value>SE</value></Data><Data name="addr:housenumber"><value>34</value></Data><Data name="addr:postcode"><value>139 73</value></Data><Data name="addr:street"><value>Sollenkrokavägen</value></Data><Data name="amenity"><value>social_facility</value></Data><Data name="name"><value>Djuröhemmet</value></Data><Data name="social_facility"><value>group_home</value></Data><Data name="social_facility:for"><value>senior</value></Data><Data name="@geometry"><value>center</value></Data></ExtendedData><Point><coordinates>18.6930174,59.3090482</coordinates></Point></Placemark><Placemark><name>Ouchterlonygatan</name><ExtendedData><Data name="@id"><value>way/883230844</value></Data><Data name="addr:country"><value>SE</value></Data><Data name="addr:housenumber"><value>30</value></Data><Data name="addr:street"><value>Ouchterlonygatan</value></Data><Data name="amenity"><value>social_facility</value></Data><Data name="building"><value>apartments</value></Data><Data name="capacity"><value>7</value></Data><Data name="name"><value>Ouchterlonygatan</value></Data><Data name="social_facility"><value>group_home</value></Data><Data name="social_facility:for"><value>disabled</value></Data><Data name="@geometry"><value>center</value></Data></ExtendedData><Point><coordinates>14.0445551,57.1836411</coordinates></Point></Placemark><Placemark><name>Skogsgården</name><ExtendedData><Data name="@id"><value>way/884902158</value></Data><Data name="amenity"><value>social_facility</value></Data><Data name="building"><value>yes</value></Data><Data name="name"><value>Skogsgården</value></Data><Data name="social_facility"><value>nursing_home</value></Data><Data name="social_facility:for"><value>senior</value></Data><Data name="wheelchair"><value>yes</value></Data><Data name="@geometry"><value>center</value></Data></ExtendedData><Point><coordinates>17.7087741,59.9563786</coordinates></Point></Placemark><Placemark><name>Skoggården</name><ExtendedData><Data name="@id"><value>way/884902159</value></Data><Data name="amenity"><value>social_facility</value></Data><Data name="building"><value>yes</value></Data><Data name="name"><value>Skoggården</value></Data><Data name="social_facility"><value>nursing_home</value></Data><Data name="social_facility:for"><value>senior</value></Data><Data name="wheelchair"><value>yes</value></Data><Data name="@geometry"><value>center</value></Data></ExtendedData><Point><coordinates>17.7085686,59.9567292</coordinates></Point></Placemark><Placemark><ExtendedData><Data name="@id"><value>way/885291328</value></Data><Data name="amenity"><value>social_facility</value></Data><Data name="building"><value>yes</value></Data><Data name="social_facility"><value>group_home</value></Data><Data name="social_facility:for"><value>senior</value></Data><Data name="@geometry"><value>center</value></Data></ExtendedData><Point><coordinates>17.7039337,59.9567694</coordinates></Point></Placemark><Placemark><name>Skogsgården</name><ExtendedData><Data name="@id"><value>way/885984200</value></Data><Data name="amenity"><value>social_facility</value></Data><Data name="layer"><value>1</value></Data><Data name="name"><value>Skogsgården</value></Data><Data name="social_facility"><value>group_home</value></Data><Data name="social_facility:for"><value>senior</value></Data><Data name="@geometry"><value>center</value></Data></ExtendedData><Point><coordinates>17.7086883,59.9565267</coordinates></Point></Placemark><Placemark><ExtendedData><Data name="@id"><value>way/886013586</value></Data><Data name="amenity"><value>social_facility</value></Data><Data name="building"><value>yes</value></Data><Data name="social_facility"><value>group_home</value></Data><Data name="social_facility:for"><value>senior</value></Data><Data name="wheelchair"><value>yes</value></Data><Data name="@geometry"><value>center</value></Data></ExtendedData><Point><coordinates>17.7108677,59.9602524</coordinates></Point></Placemark><Placemark><name>Gamla Vägens LSS</name><ExtendedData><Data name="@id"><value>way/887597772</value></Data><Data name="addr:city"><value>Åstorp</value></Data><Data name="addr:country"><value>SE</value></Data><Data name="addr:housenumber"><value>14</value></Data><Data name="addr:postcode"><value>265 39</value></Data><Data name="addr:street"><value>Gamla vägen</value></Data><Data name="amenity"><value>social_facility</value></Data><Data name="building"><value>yes</value></Data><Data name="name"><value>Gamla Vägens LSS</value></Data><Data name="operator"><value>Humana</value></Data><Data name="social_facility"><value>group_home</value></Data><Data name="social_facility:for"><value>senior</value></Data><Data name="@geometry"><value>center</value></Data></ExtendedData><Point><coordinates>12.9177913,56.1298412</coordinates></Point></Placemark><Placemark><name>Gamla Vägens LSS</name><ExtendedData><Data name="@id"><value>way/887597773</value></Data><Data name="addr:city"><value>Åstorp</value></Data><Data name="addr:country"><value>SE</value></Data><Data name="addr:housenumber"><value>14</value></Data><Data name="addr:postcode"><value>265 39</value></Data><Data name="addr:street"><value>Gamla vägen</value></Data><Data name="amenity"><value>social_facility</value></Data><Data name="building"><value>yes</value></Data><Data name="name"><value>Gamla Vägens LSS</value></Data><Data name="operator"><value>Humana</value></Data><Data name="operator:type"><value>private</value></Data><Data name="social_facility"><value>group_home</value></Data><Data name="social_facility:for"><value>senior</value></Data><Data name="@geometry"><value>center</value></Data></ExtendedData><Point><coordinates>12.9176406,56.1296099</coordinates></Point></Placemark><Placemark><ExtendedData><Data name="@id"><value>way/889618747</value></Data><Data name="amenity"><value>clinic</value></Data><Data name="building"><value>yes</value></Data><Data name="healthcare"><value>clinic</value></Data><Data name="@geometry"><value>center</value></Data></ExtendedData><Point><coordinates>14.4309837,62.7640605</coordinates></Point></Placemark><Placemark><name>Mölleberg</name><ExtendedData><Data name="@id"><value>way/890509599</value></Data><Data name="operator"><value>Karlskrona Kommun</value></Data><Data name="addr:city"><value>Ramdala</value></Data><Data name="addr:country"><value>SE</value></Data><Data name="addr:housenumber"><value>1</value></Data><Data name="addr:postcode"><value>37353</value></Data><Data name="addr:street"><value>Rosenhillsvägen</value></Data><Data name="amenity"><value>social_facility</value></Data><Data name="building"><value>residential</value></Data><Data name="building:levels"><value>2</value></Data><Data name="capacity"><value>16</value></Data><Data name="name"><value>Mölleberg</value></Data><Data name="social_facility"><value>assisted_living</value></Data><Data name="social_facility:for"><value>senior</value></Data><Data name="@geometry"><value>center</value></Data></ExtendedData><Point><coordinates>15.778395,56.184583</coordinates></Point></Placemark><Placemark><name>Gruppbostaden Gamla Ledbergsvägen 26</name><ExtendedData><Data name="@id"><value>way/891179605</value></Data><Data name="social_facility:for"><value>mental_health</value></Data><Data name="amenity"><value>social_facility</value></Data><Data name="name"><value>Gruppbostaden Gamla Ledbergsvägen 26</value></Data><Data name="operator"><value>Linköpings Komun</value></Data><Data name="operator:type"><value>public</value></Data><Data name="@geometry"><value>center</value></Data></ExtendedData><Point><coordinates>15.5077706,58.4191048</coordinates></Point></Placemark><Placemark><name>Vännäs Hälsocentral</name><ExtendedData><Data name="@id"><value>way/891847486</value></Data><Data name="amenity"><value>clinic</value></Data><Data name="building"><value>yes</value></Data><Data name="healthcare"><value>clinic</value></Data><Data name="name"><value>Vännäs Hälsocentral</value></Data><Data name="@geometry"><value>center</value></Data></ExtendedData><Point><coordinates>19.7733747,63.9095744</coordinates></Point></Placemark><Placemark><name>Hälsans vårdcentral</name><ExtendedData><Data name="@id"><value>way/894152048</value></Data><Data name="amenity"><value>clinic</value></Data><Data name="building"><value>yes</value></Data><Data name="healthcare"><value>clinic</value></Data><Data name="name"><value>Hälsans vårdcentral</value></Data><Data name="@geometry"><value>center</value></Data></ExtendedData><Point><coordinates>14.1588787,57.7795351</coordinates></Point></Placemark><Placemark><name>Juliahemmet</name><ExtendedData><Data name="@id"><value>way/898617063</value></Data><Data name="addr:city"><value>Uppsala</value></Data><Data name="addr:country"><value>SE</value></Data><Data name="addr:housenumber"><value>17</value></Data><Data name="addr:postcode"><value>75659</value></Data><Data name="addr:street"><value>Göte Turessons Väg</value></Data><Data name="alt_name"><value>Ersta Diakonisällskap - Juliahemmet</value></Data><Data name="amenity"><value>social_facility</value></Data><Data name="building"><value>yes</value></Data><Data name="name"><value>Juliahemmet</value></Data><Data name="operator"><value>Ersta Diakonisällskap</value></Data><Data name="social_facility"><value>nursing_home</value></Data><Data name="@geometry"><value>center</value></Data></ExtendedData><Point><coordinates>17.6469264,59.8179653</coordinates></Point></Placemark><Placemark><name>Hammarbygården</name><ExtendedData><Data name="@id"><value>way/899244948</value></Data><Data name="operator"><value>Karlskrona Kommun</value></Data><Data name="capacity"><value>48</value></Data><Data name="amenity"><value>social_facility</value></Data><Data name="social_facility"><value>nursing_home</value></Data><Data name="name"><value>Hammarbygården</value></Data><Data name="@geometry"><value>center</value></Data></ExtendedData><Point><coordinates>15.8369031,56.1887746</coordinates></Point></Placemark><Placemark><ExtendedData><Data name="@id"><value>way/902334550</value></Data><Data name="amenity"><value>hospital</value></Data><Data name="healthcare"><value>hospital</value></Data><Data name="@geometry"><value>center</value></Data></ExtendedData><Point><coordinates>16.2009192,60.1416769</coordinates></Point></Placemark><Placemark><ExtendedData><Data name="@id"><value>way/902717556</value></Data><Data name="source"><value>Mapbox</value></Data><Data name="building"><value>yes</value></Data><Data name="amenity"><value>social_facility</value></Data><Data name="@geometry"><value>center</value></Data></ExtendedData><Point><coordinates>15.7499379,60.3415263</coordinates></Point></Placemark><Placemark><name>Fagersro</name><ExtendedData><Data name="@id"><value>way/903782205</value></Data><Data name="amenity"><value>social_facility</value></Data><Data name="building"><value>yes</value></Data><Data name="name"><value>Fagersro</value></Data><Data name="social_facility"><value>nursing_home</value></Data><Data name="social_facility:for"><value>senior</value></Data><Data name="@geometry"><value>center</value></Data></ExtendedData><Point><coordinates>12.8723691,57.6252983</coordinates></Point></Placemark><Placemark><name>Apoteket</name><ExtendedData><Data name="@id"><value>way/904606932</value></Data><Data name="check_date:opening_hours"><value>2022-09-18</value></Data><Data name="amenity"><value>pharmacy</value></Data><Data name="app:apk"><value>se.apoteket.recept</value></Data><Data name="app:apple"><value>https://itunes.apple.com/se/app/mitt-apotek/id1053398061</value></Data><Data name="branch"><value>Apoteket Viggen</value></Data><Data name="brand"><value>Apoteket</value></Data><Data name="indoor"><value>room</value></Data><Data name="level"><value>0</value></Data><Data name="name"><value>Apoteket</value></Data><Data name="opening_hours"><value>Mo-Fr 09:00-19:00; Sa 10:00-15:00</value></Data><Data name="operator"><value>Apoteket AB (556138-6532)</value></Data><Data name="owner"><value>Svenska Staten</value></Data><Data name="ownership"><value>national</value></Data><Data name="phone"><value>+46771450450</value></Data><Data name="room"><value>shop</value></Data><Data name="website:stock"><value>https://www.fass.se/</value></Data><Data name="wheelchair"><value>yes</value></Data><Data name="@geometry"><value>center</value></Data></ExtendedData><Point><coordinates>15.6792945,58.3808018</coordinates></Point></Placemark><Placemark><ExtendedData><Data name="@id"><value>way/905033586</value></Data><Data name="amenity"><value>social_facility</value></Data><Data name="building"><value>yes</value></Data><Data name="social_facility"><value>group_home</value></Data><Data name="social_facility:for"><value>senior</value></Data><Data name="@geometry"><value>center</value></Data></ExtendedData><Point><coordinates>16.3371079,56.6741906</coordinates></Point></Placemark><Placemark><ExtendedData><Data name="@id"><value>way/905033587</value></Data><Data name="amenity"><value>social_facility</value></Data><Data name="building"><value>yes</value></Data><Data name="social_facility"><value>group_home</value></Data><Data name="social_facility:for"><value>senior</value></Data><Data name="@geometry"><value>center</value></Data></ExtendedData><Point><coordinates>16.3371093,56.6739385</coordinates></Point></Placemark><Placemark><ExtendedData><Data name="@id"><value>way/905033588</value></Data><Data name="amenity"><value>social_facility</value></Data><Data name="building"><value>yes</value></Data><Data name="social_facility"><value>group_home</value></Data><Data name="social_facility:for"><value>senior</value></Data><Data name="@geometry"><value>center</value></Data></ExtendedData><Point><coordinates>16.3375094,56.6739062</coordinates></Point></Placemark><Placemark><ExtendedData><Data name="@id"><value>way/905033589</value></Data><Data name="amenity"><value>social_facility</value></Data><Data name="building"><value>yes</value></Data><Data name="social_facility"><value>group_home</value></Data><Data name="social_facility:for"><value>senior</value></Data><Data name="@geometry"><value>center</value></Data></ExtendedData><Point><coordinates>16.3370771,56.6740512</coordinates></Point></Placemark><Placemark><name>Attendo</name><ExtendedData><Data name="@id"><value>way/906810670</value></Data><Data name="name"><value>Attendo</value></Data><Data name="amenity"><value>social_facility</value></Data><Data name="indoor"><value>room</value></Data><Data name="level"><value>0</value></Data><Data name="social_facility"><value>assisted_living</value></Data><Data name="social_facility:for"><value>senior</value></Data><Data name="@geometry"><value>center</value></Data></ExtendedData><Point><coordinates>15.6797836,58.3809665</coordinates></Point></Placemark><Placemark><name>Kronans Apotek</name><ExtendedData><Data name="@id"><value>way/907037319</value></Data><Data name="wheelchair"><value>yes</value></Data><Data name="shop"><value>chemist</value></Data><Data name="addr:city"><value>Lyckeby</value></Data><Data name="addr:postcode"><value>37162</value></Data><Data name="website"><value>https://www.kronansapotek.se/</value></Data><Data name="room"><value>shop</value></Data><Data name="name"><value>Kronans Apotek</value></Data><Data name="level"><value>0</value></Data><Data name="opening_hours"><value>Mo-Fr 09:00-19:00; Sa 10:00-15:00,Su 12:00-16:00;</value></Data><Data name="indoor"><value>room</value></Data><Data name="addr:country"><value>SE</value></Data><Data name="addr:housenumber"><value>19</value></Data><Data name="addr:street"><value>Stationsvägen</value></Data><Data name="amenity"><value>pharmacy</value></Data><Data name="dispensing"><value>yes</value></Data><Data name="@geometry"><value>center</value></Data></ExtendedData><Point><coordinates>15.6503591,56.1969811</coordinates></Point></Placemark><Placemark><name>Apotek Hjärtat</name><ExtendedData><Data name="@id"><value>way/907037345</value></Data><Data name="opening_hours"><value>08:00-21:00</value></Data><Data name="website:stock"><value>https://www.fass.se/</value></Data><Data name="website"><value>http://www.curaapoteket.se/karlskrona</value></Data><Data name="room"><value>shop</value></Data><Data name="phone"><value>+46 10 4229040</value></Data><Data name="name"><value>Apotek Hjärtat</value></Data><Data name="level"><value>0</value></Data><Data name="indoor"><value>room</value></Data><Data name="healthcare"><value>pharmacy</value></Data><Data name="amenity"><value>pharmacy</value></Data><Data name="brand"><value>Apotek Hjärtat</value></Data><Data name="brand:wikidata"><value>Q10416114</value></Data><Data name="brand:wikipedia"><value>sv:Apotek Hjärtat</value></Data><Data name="dispensing"><value>yes</value></Data><Data name="@geometry"><value>center</value></Data></ExtendedData><Point><coordinates>15.6404048,56.1966875</coordinates></Point></Placemark><Placemark><name>Apotek Hjärtat</name><ExtendedData><Data name="@id"><value>way/907179374</value></Data><Data name="amenity"><value>pharmacy</value></Data><Data name="brand"><value>Apotek Hjärtat</value></Data><Data name="brand:wikidata"><value>Q10416114</value></Data><Data name="dispensing"><value>yes</value></Data><Data name="healthcare"><value>pharmacy</value></Data><Data name="indoor"><value>room</value></Data><Data name="level"><value>1</value></Data><Data name="name"><value>Apotek Hjärtat</value></Data><Data name="opening_hours"><value>Mo-Fr 10:00-20:00; Sa 10:00-18:00;Su 11:00-18:00</value></Data><Data name="room"><value>shop</value></Data><Data name="@geometry"><value>center</value></Data></ExtendedData><Point><coordinates>15.1375538,59.2178099</coordinates></Point></Placemark><Placemark><name>Apoteket</name><ExtendedData><Data name="@id"><value>way/907179416</value></Data><Data name="wheelchair"><value>yes</value></Data><Data name="room"><value>shop</value></Data><Data name="phone"><value>+46 771-45 04 50</value></Data><Data name="name"><value>Apoteket</value></Data><Data name="level"><value>1</value></Data><Data name="indoor"><value>room</value></Data><Data name="healthcare"><value>pharmacy</value></Data><Data name="opening_hours"><value>Mo-Fr 10:00-20:00; Sa 10:00-18:00;Su 11:00-18:00</value></Data><Data name="dispensing"><value>yes</value></Data><Data name="amenity"><value>pharmacy</value></Data><Data name="@geometry"><value>center</value></Data></ExtendedData><Point><coordinates>15.1368193,59.2171103</coordinates></Point></Placemark><Placemark><ExtendedData><Data name="@id"><value>way/910944792</value></Data><Data name="amenity"><value>social_facility</value></Data><Data name="building"><value>yes</value></Data><Data name="social_facility"><value>nursing_home</value></Data><Data name="social_facility:for"><value>senior</value></Data><Data name="@geometry"><value>center</value></Data></ExtendedData><Point><coordinates>12.7336846,56.0680765</coordinates></Point></Placemark><Placemark><ExtendedData><Data name="@id"><value>way/912458807</value></Data><Data name="amenity"><value>social_facility</value></Data><Data name="building"><value>yes</value></Data><Data name="social_facility"><value>group_home</value></Data><Data name="social_facility:for"><value>senior</value></Data><Data name="@geometry"><value>center</value></Data></ExtendedData><Point><coordinates>14.1779037,57.7540798</coordinates></Point></Placemark><Placemark><ExtendedData><Data name="@id"><value>way/914187015</value></Data><Data name="healthcare"><value>hospital</value></Data><Data name="amenity"><value>hospital</value></Data><Data name="@geometry"><value>center</value></Data></ExtendedData><Point><coordinates>14.1950585,57.7677705</coordinates></Point></Placemark><Placemark><name>Lundagården</name><ExtendedData><Data name="@id"><value>way/920007913</value></Data><Data name="amenity"><value>social_facility</value></Data><Data name="building"><value>yes</value></Data><Data name="name"><value>Lundagården</value></Data><Data name="@geometry"><value>center</value></Data></ExtendedData><Point><coordinates>16.7143264,58.7454614</coordinates></Point></Placemark><Placemark><ExtendedData><Data name="@id"><value>way/922961553</value></Data><Data name="amenity"><value>hospital</value></Data><Data name="healthcare"><value>hospital</value></Data><Data name="@geometry"><value>center</value></Data></ExtendedData><Point><coordinates>14.2073479,57.778214</coordinates></Point></Placemark><Placemark><name>Orupssjukhuset</name><ExtendedData><Data name="@id"><value>way/923793083</value></Data><Data name="alt_name"><value>Orups sjukhem</value></Data><Data name="amenity"><value>social_facility</value></Data><Data name="name"><value>Orupssjukhuset</value></Data><Data name="social_facility"><value>nursing_home</value></Data><Data name="social_facility:for"><value>disabled</value></Data><Data name="@geometry"><value>center</value></Data></ExtendedData><Point><coordinates>13.5288931,55.9095825</coordinates></Point></Placemark><Placemark><ExtendedData><Data name="@id"><value>way/924562449</value></Data><Data name="amenity"><value>hospital</value></Data><Data name="healthcare"><value>hospital</value></Data><Data name="@geometry"><value>center</value></Data></ExtendedData><Point><coordinates>17.6536717,59.8213937</coordinates></Point></Placemark><Placemark><ExtendedData><Data name="@id"><value>way/937758059</value></Data><Data name="amenity"><value>social_facility</value></Data><Data name="building"><value>yes</value></Data><Data name="building:colour"><value>red</value></Data><Data name="building:levels"><value>1</value></Data><Data name="building:material"><value>wood</value></Data><Data name="roof:shape"><value>gabled</value></Data><Data name="start_date"><value>2020</value></Data><Data name="@geometry"><value>center</value></Data></ExtendedData><Point><coordinates>15.2115499,60.1526111</coordinates></Point></Placemark><Placemark><name>Hälsocentralen Liden</name><ExtendedData><Data name="@id"><value>way/952123738</value></Data><Data name="addr:city"><value>Liden</value></Data><Data name="addr:country"><value>SE</value></Data><Data name="addr:housenumber"><value>18</value></Data><Data name="addr:postcode"><value>85599</value></Data><Data name="addr:street"><value>Husåsvägen</value></Data><Data name="amenity"><value>clinic</value></Data><Data name="building"><value>yes</value></Data><Data name="name"><value>Hälsocentralen Liden</value></Data><Data name="operator"><value>Region Västernorrland</value></Data><Data name="@geometry"><value>center</value></Data></ExtendedData><Point><coordinates>16.8029244,62.7003816</coordinates></Point></Placemark><Placemark><name>Äldreboende Rutsgården</name><ExtendedData><Data name="@id"><value>way/952332585</value></Data><Data name="amenity"><value>social_facility</value></Data><Data name="building"><value>yes</value></Data><Data name="capacity"><value>18</value></Data><Data name="name"><value>Äldreboende Rutsgården</value></Data><Data name="operator"><value>Sundsvalls kommun</value></Data><Data name="social_facility"><value>assisted_living</value></Data><Data name="social_facility:for"><value>senior</value></Data><Data name="@geometry"><value>center</value></Data></ExtendedData><Point><coordinates>16.7988676,62.7013211</coordinates></Point></Placemark><Placemark><name>Servicehus Solhem</name><ExtendedData><Data name="@id"><value>way/964980040</value></Data><Data name="addr:city"><value>Insjön</value></Data><Data name="addr:country"><value>SE</value></Data><Data name="addr:housenumber"><value>1</value></Data><Data name="addr:postcode"><value>793 40</value></Data><Data name="addr:street"><value>Boställsvägen</value></Data><Data name="amenity"><value>social_facility</value></Data><Data name="building"><value>yes</value></Data><Data name="name"><value>Servicehus Solhem</value></Data><Data name="social_facility"><value>nursing_home</value></Data><Data name="social_facility:for"><value>senior</value></Data><Data name="@geometry"><value>center</value></Data></ExtendedData><Point><coordinates>15.0993889,60.6813992</coordinates></Point></Placemark><Placemark><name>Brattåsgårdens äldreboende</name><ExtendedData><Data name="@id"><value>way/966857940</value></Data><Data name="social_facility:for"><value>senior</value></Data><Data name="social_facility"><value>assisted_living</value></Data><Data name="amenity"><value>social_facility</value></Data><Data name="building"><value>yes</value></Data><Data name="name"><value>Brattåsgårdens äldreboende</value></Data><Data name="@geometry"><value>center</value></Data></ExtendedData><Point><coordinates>12.0523667,57.611246</coordinates></Point></Placemark><Placemark><name>Ersta Sarahemmet</name><ExtendedData><Data name="@id"><value>way/967226427</value></Data><Data name="amenity"><value>social_facility</value></Data><Data name="building"><value>apartments</value></Data><Data name="name"><value>Ersta Sarahemmet</value></Data><Data name="social_facility"><value>nursing_home</value></Data><Data name="@geometry"><value>center</value></Data></ExtendedData><Point><coordinates>18.1981652,59.2557438</coordinates></Point></Placemark><Placemark><ExtendedData><Data name="@id"><value>way/969885241</value></Data><Data name="amenity"><value>clinic</value></Data><Data name="building"><value>yes</value></Data><Data name="healthcare"><value>clinic</value></Data><Data name="@geometry"><value>center</value></Data></ExtendedData><Point><coordinates>14.1264898,57.861925</coordinates></Point></Placemark><Placemark><name>LSS Boende</name><ExtendedData><Data name="@id"><value>way/970884666</value></Data><Data name="addr:city"><value>Norrköping</value></Data><Data name="addr:country"><value>SE</value></Data><Data name="addr:housenumber"><value>12A</value></Data><Data name="addr:postcode"><value>603 71</value></Data><Data name="addr:street"><value>Havregatan</value></Data><Data name="amenity"><value>social_facility</value></Data><Data name="building"><value>yes</value></Data><Data name="name"><value>LSS Boende</value></Data><Data name="social_facility"><value>group_home</value></Data><Data name="social_facility:for"><value>senior</value></Data><Data name="@geometry"><value>center</value></Data></ExtendedData><Point><coordinates>16.242899,58.5685271</coordinates></Point></Placemark><Placemark><name>Ullvi-Tuna vårdcentral</name><ExtendedData><Data name="@id"><value>way/972843966</value></Data><Data name="operator"><value>Region Västmanland</value></Data><Data name="addr:city"><value>Köping</value></Data><Data name="addr:country"><value>SE</value></Data><Data name="addr:housenumber"><value>27</value></Data><Data name="addr:postcode"><value>731 81</value></Data><Data name="addr:street"><value>Glasgatan</value></Data><Data name="amenity"><value>clinic</value></Data><Data name="name"><value>Ullvi-Tuna vårdcentral</value></Data><Data name="@geometry"><value>center</value></Data></ExtendedData><Point><coordinates>16.003738,59.5089326</coordinates></Point></Placemark><Placemark><name>Västmanlands sjukhus Köping</name><ExtendedData><Data name="@id"><value>way/972843967</value></Data><Data name="operator"><value>Region Västmanland</value></Data><Data name="addr:city"><value>Köping</value></Data><Data name="addr:country"><value>SE</value></Data><Data name="addr:housenumber"><value>27</value></Data><Data name="addr:postcode"><value>731 81</value></Data><Data name="addr:street"><value>Glasgatan</value></Data><Data name="amenity"><value>hospital</value></Data><Data name="name"><value>Västmanlands sjukhus Köping</value></Data><Data name="@geometry"><value>center</value></Data></ExtendedData><Point><coordinates>16.0039398,59.510118</coordinates></Point></Placemark><Placemark><ExtendedData><Data name="@id"><value>way/972973382</value></Data><Data name="amenity"><value>social_facility</value></Data><Data name="social_facility"><value>assisted_living</value></Data><Data name="social_facility:for"><value>senior</value></Data><Data name="@geometry"><value>center</value></Data></ExtendedData><Point><coordinates>15.9891546,59.5157171</coordinates></Point></Placemark><Placemark><name>Grönbladsgården</name><ExtendedData><Data name="@id"><value>way/979751583</value></Data><Data name="social_facility:for"><value>senior</value></Data><Data name="social_facility"><value>group_home</value></Data><Data name="name"><value>Grönbladsgården</value></Data><Data name="amenity"><value>social_facility</value></Data><Data name="@geometry"><value>center</value></Data></ExtendedData><Point><coordinates>15.6288906,60.6210038</coordinates></Point></Placemark><Placemark><name>Gränsgatan</name><ExtendedData><Data name="@id"><value>way/981862072</value></Data><Data name="addr:country"><value>SE</value></Data><Data name="addr:housenumber"><value>63 I</value></Data><Data name="addr:street"><value>Gränsgatan</value></Data><Data name="amenity"><value>social_facility</value></Data><Data name="building"><value>yes</value></Data><Data name="capacity"><value>4</value></Data><Data name="name"><value>Gränsgatan</value></Data><Data name="social_facility"><value>group_home</value></Data><Data name="social_facility:for"><value>disabled</value></Data><Data name="@geometry"><value>center</value></Data></ExtendedData><Point><coordinates>14.0221389,57.1775835</coordinates></Point></Placemark><Placemark><name>Doktorn</name><ExtendedData><Data name="@id"><value>way/981862108</value></Data><Data name="addr:country"><value>SE</value></Data><Data name="addr:housenumber"><value>20</value></Data><Data name="addr:street"><value>Doktorsgatan</value></Data><Data name="amenity"><value>social_facility</value></Data><Data name="building"><value>apartments</value></Data><Data name="building:levels"><value>4</value></Data><Data name="name"><value>Doktorn</value></Data><Data name="social_facility"><value>group_home</value></Data><Data name="social_facility:for"><value>disabled</value></Data><Data name="@geometry"><value>center</value></Data></ExtendedData><Point><coordinates>14.0273303,57.1762473</coordinates></Point></Placemark><Placemark><name>Fortunagården</name><ExtendedData><Data name="@id"><value>way/981862119</value></Data><Data name="building"><value>yes</value></Data><Data name="addr:city"><value>Värnamo</value></Data><Data name="addr:country"><value>SE</value></Data><Data name="addr:housenumber"><value>9</value></Data><Data name="addr:postcode"><value>33156</value></Data><Data name="addr:street"><value>Doktorsgatan</value></Data><Data name="amenity"><value>social_facility</value></Data><Data name="name"><value>Fortunagården</value></Data><Data name="operator"><value>Statens institutionsstyrelse</value></Data><Data name="social_facility"><value>group_home</value></Data><Data name="social_facility:for"><value>drug_addicted</value></Data><Data name="@geometry"><value>center</value></Data></ExtendedData><Point><coordinates>14.0224979,57.1753547</coordinates></Point></Placemark><Placemark><name>Kanalgården</name><ExtendedData><Data name="@id"><value>way/984269101</value></Data><Data name="social_facility"><value>nursing_home</value></Data><Data name="wheelchair"><value>yes</value></Data><Data name="operator:type"><value>private_non_profit</value></Data><Data name="operator"><value>Kanalkyrkan</value></Data><Data name="name"><value>Kanalgården</value></Data><Data name="emergency:social_facility:for"><value>senior</value></Data><Data name="amenity"><value>social_facility</value></Data><Data name="building"><value>yes</value></Data><Data name="@geometry"><value>center</value></Data></ExtendedData><Point><coordinates>16.7704268,60.6215211</coordinates></Point></Placemark><Placemark><ExtendedData><Data name="@id"><value>way/985338506</value></Data><Data name="addr:city"><value>Skoghall</value></Data><Data name="addr:country"><value>SE</value></Data><Data name="addr:housenumber"><value>19</value></Data><Data name="addr:postcode"><value>66330</value></Data><Data name="addr:street"><value>Spelvägen</value></Data><Data name="amenity"><value>social_facility</value></Data><Data name="building"><value>yes</value></Data><Data name="social_facility"><value>group_home</value></Data><Data name="social_facility:for"><value>senior</value></Data><Data name="@geometry"><value>center</value></Data></ExtendedData><Point><coordinates>13.4715063,59.3289101</coordinates></Point></Placemark><Placemark><name>Brushanegatan</name><ExtendedData><Data name="@id"><value>way/986165936</value></Data><Data name="amenity"><value>social_facility</value></Data><Data name="building"><value>yes</value></Data><Data name="capacity"><value>11</value></Data><Data name="name"><value>Brushanegatan</value></Data><Data name="social_facility"><value>group_home</value></Data><Data name="social_facility:for"><value>disabled</value></Data><Data name="@geometry"><value>center</value></Data></ExtendedData><Point><coordinates>14.0685336,57.1816963</coordinates></Point></Placemark><Placemark><name>Mariatorget</name><ExtendedData><Data name="@id"><value>way/986165940</value></Data><Data name="addr:country"><value>SE</value></Data><Data name="addr:housenumber"><value>27</value></Data><Data name="addr:street"><value>Vråenvägen</value></Data><Data name="amenity"><value>social_facility</value></Data><Data name="building"><value>yes</value></Data><Data name="capacity"><value>6</value></Data><Data name="name"><value>Mariatorget</value></Data><Data name="social_facility"><value>group_home</value></Data><Data name="social_facility:for"><value>disabled</value></Data><Data name="@geometry"><value>center</value></Data></ExtendedData><Point><coordinates>14.0679931,57.1826057</coordinates></Point></Placemark><Placemark><name>Björkbackens servicehus</name><ExtendedData><Data name="@id"><value>way/989042459</value></Data><Data name="amenity"><value>social_facility</value></Data><Data name="name"><value>Björkbackens servicehus</value></Data><Data name="social_facility"><value>nursing_home</value></Data><Data name="social_facility:for"><value>senior</value></Data><Data name="@geometry"><value>center</value></Data></ExtendedData><Point><coordinates>14.8625781,60.7782402</coordinates></Point></Placemark><Placemark><name>Skedvigården</name><ExtendedData><Data name="@id"><value>way/992988305</value></Data><Data name="addr:city"><value>Stor Skedvi</value></Data><Data name="addr:country"><value>SE</value></Data><Data name="addr:housenumber"><value>1</value></Data><Data name="addr:postcode"><value>783 92</value></Data><Data name="addr:street"><value>Prästgårdsvägen</value></Data><Data name="amenity"><value>social_facility</value></Data><Data name="name"><value>Skedvigården</value></Data><Data name="operator"><value>Säters kommun</value></Data><Data name="social_facility"><value>group_home</value></Data><Data name="social_facility:for"><value>senior</value></Data><Data name="@geometry"><value>center</value></Data></ExtendedData><Point><coordinates>15.8040958,60.4044715</coordinates></Point></Placemark><Placemark><name>Enbackagården</name><ExtendedData><Data name="@id"><value>way/992989198</value></Data><Data name="addr:city"><value>Gustafs</value></Data><Data name="addr:country"><value>SE</value></Data><Data name="addr:housenumber"><value>1</value></Data><Data name="addr:postcode"><value>783 50</value></Data><Data name="addr:street"><value>Åkervägen</value></Data><Data name="amenity"><value>social_facility</value></Data><Data name="name"><value>Enbackagården</value></Data><Data name="operator"><value>Säters kommun</value></Data><Data name="social_facility"><value>group_home</value></Data><Data name="social_facility:for"><value>senior</value></Data><Data name="@geometry"><value>center</value></Data></ExtendedData><Point><coordinates>15.6128983,60.4100978</coordinates></Point></Placemark><Placemark><name>Norshöjdens Demensboende</name><ExtendedData><Data name="@id"><value>way/997370393</value></Data><Data name="social_facility:for"><value>senior</value></Data><Data name="operator"><value>A&amp;O Ansvar och Omsorg AB</value></Data><Data name="website"><value>https://ansvarochomsorg.se/verksamheter/norshojden</value></Data><Data name="social_facility"><value>nursing_home</value></Data><Data name="amenity"><value>social_facility</value></Data><Data name="name"><value>Norshöjdens Demensboende</value></Data><Data name="operator:type"><value>private</value></Data><Data name="short_name"><value>Norshöjden</value></Data><Data name="@geometry"><value>center</value></Data></ExtendedData><Point><coordinates>15.6701322,60.5978174</coordinates></Point></Placemark><Placemark><name>Barnhälsovården</name><ExtendedData><Data name="@id"><value>way/999459439</value></Data><Data name="amenity"><value>clinic</value></Data><Data name="building"><value>yes</value></Data><Data name="healthcare"><value>clinic</value></Data><Data name="healthcare:speciality"><value>child_psychiatry</value></Data><Data name="name"><value>Barnhälsovården</value></Data><Data name="operator"><value>Region Kronoberg</value></Data><Data name="@geometry"><value>center</value></Data></ExtendedData><Point><coordinates>13.9833019,56.9148967</coordinates></Point></Placemark><Placemark><ExtendedData><Data name="@id"><value>way/1000604692</value></Data><Data name="amenity"><value>hospital</value></Data><Data name="healthcare"><value>hospital</value></Data><Data name="@geometry"><value>center</value></Data></ExtendedData><Point><coordinates>14.2725744,57.7897155</coordinates></Point></Placemark><Placemark><ExtendedData><Data name="@id"><value>way/1001144967</value></Data><Data name="amenity"><value>hospital</value></Data><Data name="healthcare"><value>hospital</value></Data><Data name="@geometry"><value>center</value></Data></ExtendedData><Point><coordinates>17.6413258,59.8454863</coordinates></Point></Placemark><Placemark><name>Gruppbostaden Läkarvägen</name><ExtendedData><Data name="@id"><value>way/1005234865</value></Data><Data name="addr:city"><value>Säter</value></Data><Data name="addr:country"><value>SE</value></Data><Data name="addr:housenumber"><value>1</value></Data><Data name="addr:postcode"><value>783 32</value></Data><Data name="addr:street"><value>Läkarvägen</value></Data><Data name="amenity"><value>social_facility</value></Data><Data name="building"><value>yes</value></Data><Data name="building:colour"><value>grey</value></Data><Data name="building:levels"><value>1</value></Data><Data name="building:material"><value>wood</value></Data><Data name="name"><value>Gruppbostaden Läkarvägen</value></Data><Data name="operator"><value>Nytida</value></Data><Data name="roof:colour"><value>black</value></Data><Data name="roof:shape"><value>gabled</value></Data><Data name="social_facility"><value>group_home</value></Data><Data name="social_facility:for"><value>learning_disabled</value></Data><Data name="website"><value>https://nytida.se/verksamheter/lakarvagen</value></Data><Data name="@geometry"><value>center</value></Data></ExtendedData><Point><coordinates>15.7211871,60.3461205</coordinates></Point></Placemark><Placemark><name>Loftet</name><ExtendedData><Data name="@id"><value>way/1005491962</value></Data><Data name="addr:city"><value>Djurås</value></Data><Data name="addr:country"><value>SE</value></Data><Data name="addr:housenumber"><value>7</value></Data><Data name="addr:postcode"><value>785 61</value></Data><Data name="addr:street"><value>Fagervägen</value></Data><Data name="amenity"><value>social_facility</value></Data><Data name="building"><value>yes</value></Data><Data name="building:levels"><value>2</value></Data><Data name="building:material"><value>brick</value></Data><Data name="name"><value>Loftet</value></Data><Data name="@geometry"><value>center</value></Data></ExtendedData><Point><coordinates>15.1269456,60.5628073</coordinates></Point></Placemark><Placemark><name>Krabbängsgården</name><ExtendedData><Data name="@id"><value>way/1016401501</value></Data><Data name="amenity"><value>nursing_home</value></Data><Data name="name"><value>Krabbängsgården</value></Data><Data name="building"><value>yes</value></Data><Data name="@geometry"><value>center</value></Data></ExtendedData><Point><coordinates>14.0328048,58.6084614</coordinates></Point></Placemark><Placemark><name>Apotek Hjärtat</name><ExtendedData><Data name="@id"><value>way/1026095183</value></Data><Data name="website:stock"><value>https://www.fass.se/</value></Data><Data name="amenity"><value>pharmacy</value></Data><Data name="app:apple"><value>https://itunes.apple.com/se/app/apotek-hj%C3%A4rtat-n%C3%A4ra-dig/id1150817089</value></Data><Data name="app:google"><value>https://play.google.com/store/apps/details?id=com.presencekit.apotek.se&amp;hl=en_US</value></Data><Data name="brand"><value>Apotek Hjärtat</value></Data><Data name="name"><value>Apotek Hjärtat</value></Data><Data name="operator"><value>Apotek Hjärtat Retail AB</value></Data><Data name="owner"><value>ICA Gruppen AB</value></Data><Data name="ownership"><value>private</value></Data><Data name="phone"><value>+46771405405</value></Data><Data name="@geometry"><value>center</value></Data></ExtendedData><Point><coordinates>13.9153642,56.1036483</coordinates></Point></Placemark><Placemark><name>Junegårdens äldreboende</name><ExtendedData><Data name="@id"><value>way/1026304253</value></Data><Data name="addr:city"><value>Jönköping</value></Data><Data name="amenity"><value>social_facility</value></Data><Data name="name"><value>Junegårdens äldreboende</value></Data><Data name="operator"><value>Jönköpings kommun</value></Data><Data name="social_facility"><value>nursing_home</value></Data><Data name="social_facility:for"><value>senior</value></Data><Data name="wheelchair"><value>yes</value></Data><Data name="@geometry"><value>center</value></Data></ExtendedData><Point><coordinates>14.1372585,57.7655443</coordinates></Point></Placemark><Placemark><name>Solstenen i Lund</name><ExtendedData><Data name="@id"><value>way/1028945174</value></Data><Data name="name"><value>Solstenen i Lund</value></Data><Data name="amenity"><value>clinic</value></Data><Data name="healthcare"><value>clinic</value></Data><Data name="healthcare:counselling"><value>addiction</value></Data><Data name="@geometry"><value>center</value></Data></ExtendedData><Point><coordinates>13.1995726,55.7014873</coordinates></Point></Placemark><Placemark><name>Ljusdals Sjukhus</name><ExtendedData><Data name="@id"><value>way/1030698455</value></Data><Data name="addr:country"><value>SE</value></Data><Data name="addr:housenumber"><value>1</value></Data><Data name="addr:street"><value>Lasarettsgatan</value></Data><Data name="amenity"><value>hospital</value></Data><Data name="healthcare"><value>hospital</value></Data><Data name="name"><value>Ljusdals Sjukhus</value></Data><Data name="@geometry"><value>center</value></Data></ExtendedData><Point><coordinates>16.1105454,61.8289919</coordinates></Point></Placemark><Placemark><name>psykiatriboende</name><ExtendedData><Data name="@id"><value>way/1031331011</value></Data><Data name="amenity"><value>social_facility</value></Data><Data name="building"><value>yes</value></Data><Data name="name"><value>psykiatriboende</value></Data><Data name="social_facility"><value>nursing_home</value></Data><Data name="social_facility:for"><value>mental_health</value></Data><Data name="@geometry"><value>center</value></Data></ExtendedData><Point><coordinates>16.455787,59.6296271</coordinates></Point></Placemark><Placemark><name>Psykiatriboende</name><ExtendedData><Data name="@id"><value>way/1031331012</value></Data><Data name="amenity"><value>social_facility</value></Data><Data name="building"><value>yes</value></Data><Data name="name"><value>Psykiatriboende</value></Data><Data name="social_facility"><value>nursing_home</value></Data><Data name="social_facility:for"><value>mental_health</value></Data><Data name="wheelchair"><value>yes</value></Data><Data name="@geometry"><value>center</value></Data></ExtendedData><Point><coordinates>16.4554146,59.6300117</coordinates></Point></Placemark><Placemark><ExtendedData><Data name="@id"><value>way/1031628985</value></Data><Data name="amenity"><value>social_facility</value></Data><Data name="social_facility"><value>nursing_home</value></Data><Data name="social_facility:for"><value>senior</value></Data><Data name="@geometry"><value>center</value></Data></ExtendedData><Point><coordinates>14.1303922,57.7587198</coordinates></Point></Placemark><Placemark><ExtendedData><Data name="@id"><value>way/1031628986</value></Data><Data name="amenity"><value>social_facility</value></Data><Data name="social_facility"><value>nursing_home</value></Data><Data name="social_facility:for"><value>senior</value></Data><Data name="@geometry"><value>center</value></Data></ExtendedData><Point><coordinates>14.1301321,57.7584703</coordinates></Point></Placemark><Placemark><name>Hyllie daglig verksamhet</name><ExtendedData><Data name="@id"><value>way/1031855054</value></Data><Data name="addr:city"><value>Malmö</value></Data><Data name="addr:country"><value>SE</value></Data><Data name="addr:housenumber"><value>51B</value></Data><Data name="addr:postcode"><value>216 23</value></Data><Data name="addr:street"><value>Elinelundsvägen</value></Data><Data name="amenity"><value>social_facility</value></Data><Data name="branch"><value>Sociala resursförvaltningen</value></Data><Data name="name"><value>Hyllie daglig verksamhet</value></Data><Data name="operator"><value>Malmö stad</value></Data><Data name="operator:type"><value>government</value></Data><Data name="social_facility"><value>group_home</value></Data><Data name="social_facility:for"><value>disabled</value></Data><Data name="@geometry"><value>center</value></Data></ExtendedData><Point><coordinates>12.9542338,55.5672893</coordinates></Point></Placemark><Placemark><ExtendedData><Data name="@id"><value>way/1031855059</value></Data><Data name="addr:city"><value>Malmö</value></Data><Data name="addr:postcode"><value>216 23</value></Data><Data name="addr:street"><value>Elinelundsvägen</value></Data><Data name="amenity"><value>social_facility</value></Data><Data name="denomination"><value>evangelical</value></Data><Data name="operator"><value>Hyllie Park Diakoni AB</value></Data><Data name="operator:type"><value>private_non_profit</value></Data><Data name="religion"><value>christian</value></Data><Data name="social_facility"><value>nursing_home</value></Data><Data name="social_facility:for"><value>senior</value></Data><Data name="@geometry"><value>center</value></Data></ExtendedData><Point><coordinates>12.9513333,55.5671798</coordinates></Point></Placemark><Placemark><name>Nea daglig verksamhet</name><ExtendedData><Data name="@id"><value>way/1031855076</value></Data><Data name="addr:city"><value>Malmö</value></Data><Data name="addr:country"><value>SE</value></Data><Data name="addr:housenumber"><value>52E</value></Data><Data name="addr:postcode"><value>216 23</value></Data><Data name="addr:street"><value>Elinelundsvägen</value></Data><Data name="amenity"><value>social_facility</value></Data><Data name="branch"><value>Sociala resursförvaltningen</value></Data><Data name="name"><value>Nea daglig verksamhet</value></Data><Data name="operator"><value>Malmö stad</value></Data><Data name="operator:type"><value>government</value></Data><Data name="social_facility"><value>group_home</value></Data><Data name="social_facility:for"><value>disabled</value></Data><Data name="@geometry"><value>center</value></Data></ExtendedData><Point><coordinates>12.9569407,55.5670025</coordinates></Point></Placemark><Placemark><name>Korttidshem Elinelund</name><ExtendedData><Data name="@id"><value>way/1031855083</value></Data><Data name="addr:city"><value>Malmö</value></Data><Data name="addr:country"><value>SE</value></Data><Data name="addr:housenumber"><value>52F</value></Data><Data name="addr:postcode"><value>216 23</value></Data><Data name="addr:street"><value>Elinelundsvägen</value></Data><Data name="amenity"><value>social_facility</value></Data><Data name="name"><value>Korttidshem Elinelund</value></Data><Data name="operator"><value>Malmö stad</value></Data><Data name="operator:type"><value>government</value></Data><Data name="social_facility"><value>shelter</value></Data><Data name="social_facility:for"><value>disabled</value></Data><Data name="@geometry"><value>center</value></Data></ExtendedData><Point><coordinates>12.9574551,55.5666823</coordinates></Point></Placemark><Placemark><ExtendedData><Data name="@id"><value>way/1031855091</value></Data><Data name="addr:city"><value>Malmö</value></Data><Data name="addr:country"><value>SE</value></Data><Data name="addr:housenumber"><value>52C</value></Data><Data name="addr:postcode"><value>216 23</value></Data><Data name="addr:street"><value>Elinelundsvägen</value></Data><Data name="amenity"><value>social_facility</value></Data><Data name="operator"><value>Malmö stad</value></Data><Data name="operator:type"><value>government</value></Data><Data name="social_facility"><value>group_home</value></Data><Data name="social_facility:for"><value>disabled</value></Data><Data name="@geometry"><value>center</value></Data></ExtendedData><Point><coordinates>12.9557067,55.5671094</coordinates></Point></Placemark><Placemark><name>Apotek Hjärtat</name><ExtendedData><Data name="@id"><value>way/1034426044</value></Data><Data name="wheelchair"><value>yes</value></Data><Data name="amenity"><value>pharmacy</value></Data><Data name="app:apple"><value>https://itunes.apple.com/se/app/apotek-hj%C3%A4rtat-n%C3%A4ra-dig/id1150817089</value></Data><Data name="app:google"><value>https://play.google.com/store/apps/details?id=com.presencekit.apotek.se&amp;hl=en_US</value></Data><Data name="brand"><value>Apotek Hjärtat</value></Data><Data name="brand:wikidata"><value>Q10416114</value></Data><Data name="healthcare"><value>pharmacy</value></Data><Data name="name"><value>Apotek Hjärtat</value></Data><Data name="opening_hours"><value>Mo-Fr 09:00-20:00; Sa 09:00-19:00; Su 10:00-19:00; PH -1 day 09:00-17:00</value></Data><Data name="operator"><value>Apotek Hjärtat Retail AB</value></Data><Data name="owner"><value>ICA Gruppen AB</value></Data><Data name="ownership"><value>private</value></Data><Data name="phone"><value>+46771405405</value></Data><Data name="website:stock"><value>https://www.fass.se/</value></Data><Data name="@geometry"><value>center</value></Data></ExtendedData><Point><coordinates>13.1972125,55.7013114</coordinates></Point></Placemark><Placemark><name>Svea Vaccin</name><ExtendedData><Data name="@id"><value>way/1034426053</value></Data><Data name="name"><value>Svea Vaccin</value></Data><Data name="amenity"><value>clinic</value></Data><Data name="healthcare"><value>vaccination_centre</value></Data><Data name="@geometry"><value>center</value></Data></ExtendedData><Point><coordinates>13.1958434,55.7013639</coordinates></Point></Placemark><Placemark><name>LloydsApotek</name><ExtendedData><Data name="@id"><value>way/1034426067</value></Data><Data name="wikipedia"><value>sv:LloydsApotek</value></Data><Data name="website:stock"><value>https://www.fass.se/</value></Data><Data name="ownership"><value>private</value></Data><Data name="owner"><value>Admenta Sweden AB</value></Data><Data name="name"><value>LloydsApotek</value></Data><Data name="amenity"><value>pharmacy</value></Data><Data name="opening_hours"><value>Mo-Fr 09:00-19:00; Sa 10:00-16:00</value></Data><Data name="operator"><value>LloydsApotek AB</value></Data><Data name="@geometry"><value>center</value></Data></ExtendedData><Point><coordinates>13.1931565,55.7014679</coordinates></Point></Placemark><Placemark><name>Vaccin Direkt</name><ExtendedData><Data name="@id"><value>way/1034426091</value></Data><Data name="name"><value>Vaccin Direkt</value></Data><Data name="amenity"><value>clinic</value></Data><Data name="healthcare"><value>vaccination_centre</value></Data><Data name="@geometry"><value>center</value></Data></ExtendedData><Point><coordinates>13.1936069,55.7020851</coordinates></Point></Placemark><Placemark><name>Ortopedi Skåne</name><ExtendedData><Data name="@id"><value>way/1034773861</value></Data><Data name="name"><value>Ortopedi Skåne</value></Data><Data name="amenity"><value>doctors</value></Data><Data name="healthcare:speciality"><value>orthopaedics</value></Data><Data name="@geometry"><value>center</value></Data></ExtendedData><Point><coordinates>13.1902433,55.6979295</coordinates></Point></Placemark><Placemark><name>Blodcentral</name><ExtendedData><Data name="@id"><value>way/1035041626</value></Data><Data name="healthcare"><value>blood_donation</value></Data><Data name="name"><value>Blodcentral</value></Data><Data name="amenity"><value>clinic</value></Data><Data name="@geometry"><value>center</value></Data></ExtendedData><Point><coordinates>13.1918144,55.7021781</coordinates></Point></Placemark><Placemark><name>Kronans Apotek</name><ExtendedData><Data name="@id"><value>way/1035041630</value></Data><Data name="wheelchair"><value>yes</value></Data><Data name="website:stock"><value>https://www.fass.se/</value></Data><Data name="amenity"><value>pharmacy</value></Data><Data name="app:apple"><value>https://itunes.apple.com/se/app/kronans-apotek/id1129771604?l=en</value></Data><Data name="app:google"><value>https://play.google.com/store/apps/details?id=se.kronansapotek.kronan</value></Data><Data name="brand"><value>Kronans Apotek</value></Data><Data name="dispensing"><value>yes</value></Data><Data name="name"><value>Kronans Apotek</value></Data><Data name="opening_hours"><value>Mo-Fr 09:00-19:00; Sa 10:00-17:00</value></Data><Data name="operator"><value>Kronans Droghandel Apotek AB</value></Data><Data name="payment:cash"><value>yes</value></Data><Data name="phone"><value>+46771612612</value></Data><Data name="@geometry"><value>center</value></Data></ExtendedData><Point><coordinates>13.1925012,55.7022948</coordinates></Point></Placemark><Placemark><name>Storgården</name><ExtendedData><Data name="@id"><value>way/1036090651</value></Data><Data name="source"><value>https://www.uppvidinge.se/stod-och-omsorg/boenden-sarskilda/sarskilt-boende.html</value></Data><Data name="addr:city"><value>Älghult</value></Data><Data name="addr:country"><value>SE</value></Data><Data name="addr:housenumber"><value>28</value></Data><Data name="addr:postcode"><value>364 95</value></Data><Data name="addr:street"><value>Häradsvägen</value></Data><Data name="amenity"><value>social_facility</value></Data><Data name="capacity"><value>18</value></Data><Data name="name"><value>Storgården</value></Data><Data name="operator"><value>Uppvidinge kommun</value></Data><Data name="social_facility"><value>assisted_living</value></Data><Data name="social_facility:for"><value>senior</value></Data><Data name="@geometry"><value>center</value></Data></ExtendedData><Point><coordinates>15.5787471,57.0083604</coordinates></Point></Placemark><Placemark><name>Källegården</name><ExtendedData><Data name="@id"><value>way/1036209492</value></Data><Data name="addr:city"><value>Svärdsjö</value></Data><Data name="addr:country"><value>SE</value></Data><Data name="addr:housenumber"><value>1</value></Data><Data name="addr:postcode"><value>790 23</value></Data><Data name="addr:street"><value>Källevägen</value></Data><Data name="amenity"><value>social_facility</value></Data><Data name="building"><value>yes</value></Data><Data name="name"><value>Källegården</value></Data><Data name="operator"><value>Falu kommun</value></Data><Data name="social_facility"><value>group_home</value></Data><Data name="social_facility:for"><value>senior</value></Data><Data name="@geometry"><value>center</value></Data></ExtendedData><Point><coordinates>15.9078864,60.7470263</coordinates></Point></Placemark><Placemark><name>Svea Vaccin</name><ExtendedData><Data name="@id"><value>way/1036504110</value></Data><Data name="name"><value>Svea Vaccin</value></Data><Data name="healthcare"><value>vaccination_centre</value></Data><Data name="amenity"><value>clinic</value></Data><Data name="@geometry"><value>center</value></Data></ExtendedData><Point><coordinates>13.0014533,55.6021312</coordinates></Point></Placemark><Placemark><ExtendedData><Data name="@id"><value>way/1036511092</value></Data><Data name="amenity"><value>social_facility</value></Data><Data name="social_facility"><value>group_home</value></Data><Data name="social_facility:for"><value>senior</value></Data><Data name="@geometry"><value>center</value></Data></ExtendedData><Point><coordinates>15.999377,56.4157611</coordinates></Point></Placemark><Placemark><name>Luddö</name><ExtendedData><Data name="@id"><value>way/1037218188</value></Data><Data name="building"><value>yes</value></Data><Data name="addr:city"><value>Värnamo</value></Data><Data name="addr:country"><value>SE</value></Data><Data name="addr:housenumber"><value>6</value></Data><Data name="addr:postcode"><value>33133</value></Data><Data name="addr:street"><value>Brunnsgatan</value></Data><Data name="amenity"><value>social_facility</value></Data><Data name="capacity"><value>36</value></Data><Data name="name"><value>Luddö</value></Data><Data name="social_facility"><value>group_home</value></Data><Data name="social_facility:for"><value>senior</value></Data><Data name="@geometry"><value>center</value></Data></ExtendedData><Point><coordinates>14.0396291,57.1829051</coordinates></Point></Placemark><Placemark><ExtendedData><Data name="@id"><value>way/1037804423</value></Data><Data name="amenity"><value>pharmacy</value></Data><Data name="healthcare"><value>pharmacy</value></Data><Data name="source"><value>Bing</value></Data><Data name="building"><value>yes</value></Data><Data name="@geometry"><value>center</value></Data></ExtendedData><Point><coordinates>15.0403505,59.5199731</coordinates></Point></Placemark><Placemark><name>Trehörningsjö Vårdcentral</name><ExtendedData><Data name="@id"><value>way/1042708582</value></Data><Data name="amenity"><value>clinic</value></Data><Data name="building"><value>yes</value></Data><Data name="name"><value>Trehörningsjö Vårdcentral</value></Data><Data name="@geometry"><value>center</value></Data></ExtendedData><Point><coordinates>18.867996,63.6936256</coordinates></Point></Placemark><Placemark><name>Vårdcentralen Markaryd</name><ExtendedData><Data name="@id"><value>way/1046761835</value></Data><Data name="amenity"><value>clinic</value></Data><Data name="building"><value>yes</value></Data><Data name="name"><value>Vårdcentralen Markaryd</value></Data><Data name="@geometry"><value>center</value></Data></ExtendedData><Point><coordinates>13.6072251,56.460373</coordinates></Point></Placemark><Placemark><name>Hälsingebacken</name><ExtendedData><Data name="@id"><value>way/1051817406</value></Data><Data name="amenity"><value>social_facility</value></Data><Data name="name"><value>Hälsingebacken</value></Data><Data name="operator"><value>Falun kommun</value></Data><Data name="operator:type"><value>government</value></Data><Data name="social_facility"><value>nursing_home</value></Data><Data name="social_facility:for"><value>senior</value></Data><Data name="website"><value>https://www.falun.se/stod--omsorg/boenden-sarskilda/aldreboende/halsingebacken.html</value></Data><Data name="@geometry"><value>center</value></Data></ExtendedData><Point><coordinates>15.6894001,60.5895202</coordinates></Point></Placemark><Placemark><ExtendedData><Data name="@id"><value>way/1052626357</value></Data><Data name="social_facility:for"><value>senior</value></Data><Data name="social_facility"><value>group_home</value></Data><Data name="building"><value>yes</value></Data><Data name="amenity"><value>social_facility</value></Data><Data name="@geometry"><value>center</value></Data></ExtendedData><Point><coordinates>14.5953323,56.0628326</coordinates></Point></Placemark><Placemark><ExtendedData><Data name="@id"><value>way/1052626358</value></Data><Data name="amenity"><value>social_facility</value></Data><Data name="building"><value>yes</value></Data><Data name="social_facility"><value>group_home</value></Data><Data name="social_facility:for"><value>senior</value></Data><Data name="@geometry"><value>center</value></Data></ExtendedData><Point><coordinates>14.5953699,56.062657</coordinates></Point></Placemark><Placemark><ExtendedData><Data name="@id"><value>way/1056599611</value></Data><Data name="amenity"><value>social_facility</value></Data><Data name="social_facility"><value>nursing_home</value></Data><Data name="social_facility:for"><value>senior</value></Data><Data name="@geometry"><value>center</value></Data></ExtendedData><Point><coordinates>21.7332441,65.8204867</coordinates></Point></Placemark><Placemark><name>Hemgården</name><ExtendedData><Data name="@id"><value>way/1056781772</value></Data><Data name="website"><value>https://www.kalix.se/Omsorg/Boenden-sarskilda/Aldreboende/Hemgarden</value></Data><Data name="addr:city"><value>Töre</value></Data><Data name="addr:country"><value>SE</value></Data><Data name="addr:housenumber"><value>4</value></Data><Data name="addr:postcode"><value>952 43</value></Data><Data name="addr:street"><value>Hemvägen</value></Data><Data name="amenity"><value>social_facility</value></Data><Data name="building:levels"><value>2</value></Data><Data name="contact:email"><value>socialnamden@kalix.se</value></Data><Data name="name"><value>Hemgården</value></Data><Data name="social_facility"><value>nursing_home</value></Data><Data name="social_facility:for"><value>senior</value></Data><Data name="@geometry"><value>center</value></Data></ExtendedData><Point><coordinates>22.6444305,65.9118603</coordinates></Point></Placemark><Placemark><ExtendedData><Data name="@id"><value>way/1057000511</value></Data><Data name="amenity"><value>social_facility</value></Data><Data name="social_facility"><value>group_home</value></Data><Data name="social_facility:for"><value>senior</value></Data><Data name="@geometry"><value>center</value></Data></ExtendedData><Point><coordinates>12.2864403,57.1151989</coordinates></Point></Placemark><Placemark><name>Gränsvägens Gruppboende LSS</name><ExtendedData><Data name="@id"><value>way/1057593832</value></Data><Data name="amenity"><value>social_facility</value></Data><Data name="building"><value>yes</value></Data><Data name="name"><value>Gränsvägens Gruppboende LSS</value></Data><Data name="social_facility"><value>group_home</value></Data><Data name="social_facility:for"><value>senior</value></Data><Data name="wheelchair"><value>yes</value></Data><Data name="@geometry"><value>center</value></Data></ExtendedData><Point><coordinates>18.2115832,59.2492814</coordinates></Point></Placemark><Placemark><ExtendedData><Data name="@id"><value>way/1058376392</value></Data><Data name="social_facility:for"><value>senior</value></Data><Data name="addr:city"><value>Töre</value></Data><Data name="addr:country"><value>SE</value></Data><Data name="addr:housenumber"><value>1</value></Data><Data name="addr:postcode"><value>952 43</value></Data><Data name="addr:street"><value>Hantverksvägen</value></Data><Data name="amenity"><value>social_facility</value></Data><Data name="social_facility"><value>nursing_home</value></Data><Data name="@geometry"><value>center</value></Data></ExtendedData><Point><coordinates>22.6446313,65.9126863</coordinates></Point></Placemark><Placemark><name>Vardaga Villa Botvid</name><ExtendedData><Data name="@id"><value>way/1059862227</value></Data><Data name="social_facility:for"><value>senior</value></Data><Data name="social_facility"><value>nursing_home</value></Data><Data name="name"><value>Vardaga Villa Botvid</value></Data><Data name="addr:city"><value>Tumba</value></Data><Data name="addr:country"><value>SE</value></Data><Data name="addr:housenumber"><value>13</value></Data><Data name="addr:postcode"><value>147 33</value></Data><Data name="addr:street"><value>Däldvägen</value></Data><Data name="amenity"><value>social_facility</value></Data><Data name="building"><value>yes</value></Data><Data name="@geometry"><value>center</value></Data></ExtendedData><Point><coordinates>17.8285007,59.1926151</coordinates></Point></Placemark><Placemark><name>Gruppboende Däldvägen</name><ExtendedData><Data name="@id"><value>way/1059862228</value></Data><Data name="addr:country"><value>SE</value></Data><Data name="addr:housenumber"><value>20</value></Data><Data name="addr:street"><value>Däldvägen</value></Data><Data name="amenity"><value>social_facility</value></Data><Data name="building"><value>yes</value></Data><Data name="name"><value>Gruppboende Däldvägen</value></Data><Data name="social_facility"><value>group_home</value></Data><Data name="@geometry"><value>center</value></Data></ExtendedData><Point><coordinates>17.8297989,59.1916762</coordinates></Point></Placemark><Placemark><name>Frösunda Omsorg Bergfoten serviceboende</name><ExtendedData><Data name="@id"><value>way/1059862229</value></Data><Data name="amenity"><value>social_facility</value></Data><Data name="building"><value>yes</value></Data><Data name="name"><value>Frösunda Omsorg Bergfoten serviceboende</value></Data><Data name="social_facility"><value>group_home</value></Data><Data name="@geometry"><value>center</value></Data></ExtendedData><Point><coordinates>17.8287031,59.1935257</coordinates></Point></Placemark><Placemark><name>Laholmshälsan</name><ExtendedData><Data name="@id"><value>way/1068160121</value></Data><Data name="amenity"><value>clinic</value></Data><Data name="building"><value>yes</value></Data><Data name="healthcare"><value>clinic</value></Data><Data name="name"><value>Laholmshälsan</value></Data><Data name="@geometry"><value>center</value></Data></ExtendedData><Point><coordinates>13.032072,56.498864</coordinates></Point></Placemark><Placemark><name>Helsa vårdcentral</name><ExtendedData><Data name="@id"><value>way/1068190593</value></Data><Data name="amenity"><value>clinic</value></Data><Data name="building"><value>yes</value></Data><Data name="healthcare"><value>clinic</value></Data><Data name="name"><value>Helsa vårdcentral</value></Data><Data name="@geometry"><value>center</value></Data></ExtendedData><Point><coordinates>13.0516702,56.5026707</coordinates></Point></Placemark><Placemark><name>Björkelids äldreboende</name><ExtendedData><Data name="@id"><value>way/1077455939</value></Data><Data name="building"><value>yes</value></Data><Data name="amenity"><value>social_facility</value></Data><Data name="name"><value>Björkelids äldreboende</value></Data><Data name="operator"><value>Härryda kommun</value></Data><Data name="social_facility"><value>group_home</value></Data><Data name="social_facility:for"><value>senior</value></Data><Data name="@geometry"><value>center</value></Data></ExtendedData><Point><coordinates>12.4963943,57.6524384</coordinates></Point></Placemark><Placemark><name>Norlandia Björknäsgården</name><ExtendedData><Data name="@id"><value>way/1078147607</value></Data><Data name="addr:city"><value>Boden</value></Data><Data name="addr:country"><value>SE</value></Data><Data name="addr:housenumber"><value>1</value></Data><Data name="addr:postcode"><value>96164</value></Data><Data name="addr:street"><value>Björknäsgränd</value></Data><Data name="amenity"><value>social_facility</value></Data><Data name="building"><value>yes</value></Data><Data name="name"><value>Norlandia Björknäsgården</value></Data><Data name="social_facility"><value>nursing_home</value></Data><Data name="social_facility:for"><value>senior</value></Data><Data name="wheelchair"><value>yes</value></Data><Data name="@geometry"><value>center</value></Data></ExtendedData><Point><coordinates>21.6692707,65.8267185</coordinates></Point></Placemark><Placemark><name>Björknäs hälsocentral</name><ExtendedData><Data name="@id"><value>way/1078147617</value></Data><Data name="amenity"><value>clinic</value></Data><Data name="building"><value>yes</value></Data><Data name="healthcare"><value>clinic</value></Data><Data name="name"><value>Björknäs hälsocentral</value></Data><Data name="@geometry"><value>center</value></Data></ExtendedData><Point><coordinates>21.6827465,65.8275819</coordinates></Point></Placemark><Placemark><name>Ågården</name><ExtendedData><Data name="@id"><value>way/1078147642</value></Data><Data name="amenity"><value>social_facility</value></Data><Data name="building"><value>yes</value></Data><Data name="name"><value>Ågården</value></Data><Data name="social_facility"><value>nursing_home</value></Data><Data name="social_facility:for"><value>senior</value></Data><Data name="@geometry"><value>center</value></Data></ExtendedData><Point><coordinates>21.6886028,65.8233573</coordinates></Point></Placemark><Placemark><ExtendedData><Data name="@id"><value>way/1079375299</value></Data><Data name="amenity"><value>social_facility</value></Data><Data name="@geometry"><value>center</value></Data></ExtendedData><Point><coordinates>12.9727597,55.5859675</coordinates></Point></Placemark><Placemark><name>Bäckagårds sjukhem</name><ExtendedData><Data name="@id"><value>way/1079765522</value></Data><Data name="amenity"><value>nursing_home</value></Data><Data name="name"><value>Bäckagårds sjukhem</value></Data><Data name="alt_name"><value>Bäckagårds korttidsboende</value></Data><Data name="@geometry"><value>center</value></Data></ExtendedData><Point><coordinates>12.7815977,56.6625272</coordinates></Point></Placemark><Placemark><ExtendedData><Data name="@id"><value>way/1082157890</value></Data><Data name="amenity"><value>social_facility</value></Data><Data name="social_facility"><value>shelter</value></Data><Data name="social_facility:for"><value>refugee</value></Data><Data name="@geometry"><value>center</value></Data></ExtendedData><Point><coordinates>13.0222343,55.4599642</coordinates></Point></Placemark><Placemark><name>Apoteket</name><ExtendedData><Data name="@id"><value>way/1091108914</value></Data><Data name="name"><value>Apoteket</value></Data><Data name="wheelchair"><value>yes</value></Data><Data name="website:stock"><value>https://www.fass.se/</value></Data><Data name="addr:city"><value>Malmö</value></Data><Data name="addr:country"><value>SE</value></Data><Data name="addr:housenumber"><value>8</value></Data><Data name="addr:street"><value>Stortorget</value></Data><Data name="amenity"><value>pharmacy</value></Data><Data name="app:apk"><value>se.apoteket.recept</value></Data><Data name="app:apple"><value>https://itunes.apple.com/se/app/mitt-apotek/id1053398061</value></Data><Data name="branch"><value>Apoteket Lejonet</value></Data><Data name="brand"><value>Apoteket</value></Data><Data name="healthcare"><value>pharmacy</value></Data><Data name="operator"><value>Apoteket AB (556138-6532)</value></Data><Data name="owner"><value>Svenska Staten</value></Data><Data name="ownership"><value>national</value></Data><Data name="phone"><value>+46771450450</value></Data><Data name="@geometry"><value>center</value></Data></ExtendedData><Point><coordinates>13.0015419,55.6057163</coordinates></Point></Placemark><Placemark><name>Universitetsapoteket</name><ExtendedData><Data name="@id"><value>way/1092422255</value></Data><Data name="amenity"><value>pharmacy</value></Data><Data name="healthcare"><value>pharmacy</value></Data><Data name="name"><value>Universitetsapoteket</value></Data><Data name="website:stock"><value>https://www.fass.se/</value></Data><Data name="wheelchair"><value>yes</value></Data><Data name="@geometry"><value>center</value></Data></ExtendedData><Point><coordinates>13.1924071,55.7035757</coordinates></Point></Placemark><Placemark><name>Västergård</name><ExtendedData><Data name="@id"><value>way/1092638269</value></Data><Data name="amenity"><value>social_facility</value></Data><Data name="name"><value>Västergård</value></Data><Data name="social_facility"><value>assisted_living</value></Data><Data name="social_facility:for"><value>senior</value></Data><Data name="@geometry"><value>center</value></Data></ExtendedData><Point><coordinates>12.9966422,55.6036723</coordinates></Point></Placemark><Placemark><name>Psykiatrisk öppenvård</name><ExtendedData><Data name="@id"><value>way/1101669995</value></Data><Data name="operator"><value>Region Kalmar Län</value></Data><Data name="amenity"><value>clinic</value></Data><Data name="building"><value>yes</value></Data><Data name="healthcare"><value>clinic</value></Data><Data name="healthcare:speciality"><value>psychiatry</value></Data><Data name="name"><value>Psykiatrisk öppenvård</value></Data><Data name="operator:type"><value>public</value></Data><Data name="@geometry"><value>center</value></Data></ExtendedData><Point><coordinates>16.6315266,57.7540823</coordinates></Point></Placemark><Placemark><ExtendedData><Data name="@id"><value>way/1102525179</value></Data><Data name="amenity"><value>clinic</value></Data><Data name="building"><value>yes</value></Data><Data name="healthcare"><value>clinic</value></Data><Data name="@geometry"><value>center</value></Data></ExtendedData><Point><coordinates>16.0954957,59.4184663</coordinates></Point></Placemark><Placemark><name>Vårdcentralen Skärblacka</name><ExtendedData><Data name="@id"><value>way/1104378267</value></Data><Data name="addr:city"><value>Skärblacka</value></Data><Data name="addr:country"><value>SE</value></Data><Data name="addr:housenumber"><value>2</value></Data><Data name="addr:postcode"><value>617 22</value></Data><Data name="addr:street"><value>Stationsvägen</value></Data><Data name="amenity"><value>clinic</value></Data><Data name="building"><value>yes</value></Data><Data name="healthcare"><value>clinic</value></Data><Data name="layer"><value>1</value></Data><Data name="name"><value>Vårdcentralen Skärblacka</value></Data><Data name="opening_hours"><value>Mo-Fr 08:00-17:00</value></Data><Data name="operator"><value>Region Östergötland</value></Data><Data name="operator:type"><value>public</value></Data><Data name="@geometry"><value>center</value></Data></ExtendedData><Point><coordinates>15.9136443,58.58057</coordinates></Point></Placemark><Placemark><name>Tallmon</name><ExtendedData><Data name="@id"><value>way/1107941413</value></Data><Data name="addr:street"><value>Tallmovägen</value></Data><Data name="amenity"><value>social_facility</value></Data><Data name="name"><value>Tallmon</value></Data><Data name="social_facility"><value>nursing_home</value></Data><Data name="social_facility:for"><value>dementia;mental_health</value></Data><Data name="@geometry"><value>center</value></Data></ExtendedData><Point><coordinates>17.4301225,60.6156388</coordinates></Point></Placemark><Placemark><ExtendedData><Data name="@id"><value>way/1108154343</value></Data><Data name="amenity"><value>hospital</value></Data><Data name="healthcare"><value>hospital</value></Data><Data name="@geometry"><value>center</value></Data></ExtendedData><Point><coordinates>17.9310196,62.6249168</coordinates></Point></Placemark><Placemark><name>Frejagården</name><ExtendedData><Data name="@id"><value>way/1115662170</value></Data><Data name="amenity"><value>social_facility</value></Data><Data name="building"><value>yes</value></Data><Data name="name"><value>Frejagården</value></Data><Data name="operator"><value>Hudiksvalls kommun</value></Data><Data name="social_facility"><value>group_home</value></Data><Data name="social_facility:for"><value>senior</value></Data><Data name="source"><value>Maxar</value></Data><Data name="wheelchair"><value>yes</value></Data><Data name="@geometry"><value>center</value></Data></ExtendedData><Point><coordinates>16.553155,61.8960154</coordinates></Point></Placemark><Placemark><name>Solgården</name><ExtendedData><Data name="@id"><value>way/1121673708</value></Data><Data name="amenity"><value>social_facility</value></Data><Data name="building"><value>yes</value></Data><Data name="name"><value>Solgården</value></Data><Data name="@geometry"><value>center</value></Data></ExtendedData><Point><coordinates>15.4258805,60.1487615</coordinates></Point></Placemark><Placemark><name>Frölundaborg daglig verksamhet</name><ExtendedData><Data name="@id"><value>way/1123744913</value></Data><Data name="name"><value>Frölundaborg daglig verksamhet</value></Data><Data name="amenity"><value>social_facility</value></Data><Data name="social_facility"><value>day_care</value></Data><Data name="social_facility:for"><value>mental_health</value></Data><Data name="website"><value>https://goteborg.se/wps/portal/enhetssida/aktivitetscentrum-frolundaborg-daglig-verksamhet-goteborgs-stad</value></Data><Data name="@geometry"><value>center</value></Data></ExtendedData><Point><coordinates>11.9405554,57.6737946</coordinates></Point></Placemark><Placemark><name>Dalens sjukhus</name><ExtendedData><Data name="@id"><value>way/1123858793</value></Data><Data name="name"><value>Dalens sjukhus</value></Data><Data name="healthcare"><value>hospital</value></Data><Data name="amenity"><value>hospital</value></Data><Data name="@geometry"><value>center</value></Data></ExtendedData><Point><coordinates>18.0979506,59.2886347</coordinates></Point></Placemark><Placemark><name>Källans trygghetsboende</name><ExtendedData><Data name="@id"><value>way/1124831822</value></Data><Data name="amenity"><value>social_facility</value></Data><Data name="building"><value>yes</value></Data><Data name="name"><value>Källans trygghetsboende</value></Data><Data name="social_facility"><value>nursing_home</value></Data><Data name="@geometry"><value>center</value></Data></ExtendedData><Point><coordinates>13.4404274,59.4357408</coordinates></Point></Placemark></Document></kml>