{
  "type": "FeatureCollection",
  "generator": "overpass-turbo",
  "copyright": "The data included in this document is from www.openstreetmap.org. The data is made available under ODbL.",
  "timestamp": "2025-09-29T00:20:33Z",
  "features": [
    {
      "type": "Feature",
      "properties": {
        "@id": "relation/1071050",
        "website": "http://ck.lublin.pl/",
        "wikipedia": "pl:Centrum Kultury w Lublinie",
        "wikidata": "Q9186345",
        "type": "multipolygon",
        "source": "Uchwała Nr 370/XXIII/2000 z dnia 27 kwietnia 2000 w sprawie nadania statutu instytucji kultury pn. Centrum Kultury w Lublinie",
        "name": "Centrum Kultury w Lublinie",
        "amenity": "community_centre",
        "building": "yes",
        "@geometry": "center"
      },
      "geometry": {
        "type": "Point",
        "coordinates": [
          22.5577996,
          51.2462668
        ]
      },
      "id": "relation/1071050"
    },
    {
      "type": "Feature",
      "properties": {
        "@id": "relation/3201433",
        "wikipedia": "pl:Klub „Stodoła”",
        "wikidata": "Q11740269",
        "opening_hours": "Mo-Su 09:00-21:00",
        "website": "https://stodola.pl/",
        "addr:city": "Warszawa",
        "addr:housenumber": "10",
        "addr:postcode": "02-591",
        "addr:street": "Stefana Batorego",
        "amenity": "nightclub",
        "building": "hall",
        "building:levels": "2",
        "name": "Stodoła",
        "official_name": "Centralny Klub Studentów Politechniki Warszawskiej \"Stodoła\"",
        "type": "multipolygon",
        "@geometry": "center"
      },
      "geometry": {
        "type": "Point",
        "coordinates": [
          21.0102281,
          52.2115708
        ]
      },
      "id": "relation/3201433"
    },
    {
      "type": "Feature",
      "properties": {
        "@id": "relation/3600906",
        "addr:housename": "Politechnika Białostocka - Klub Studencki \"Gwint\"",
        "amenity": "nightclub",
        "type": "multipolygon",
        "operator": "Politechnika Białostocka",
        "name": "Klub Studencki \"Gwint\"",
        "addr:street": "Zwierzyniecka",
        "addr:postcode": "15-333",
        "addr:housenumber": "10",
        "building": "university",
        "university": "Politechnika Białostocka",
        "addr:city": "Białystok",
        "addr:country": "PL",
        "@geometry": "center"
      },
      "geometry": {
        "type": "Point",
        "coordinates": [
          23.151175,
          53.1187156
        ]
      },
      "id": "relation/3600906"
    },
    {
      "type": "Feature",
      "properties": {
        "@id": "relation/3717549",
        "amenity": "community_centre",
        "building": "yes",
        "name": "Ratusz - Zduńskowolskie Centrum Integracji",
        "type": "multipolygon",
        "@geometry": "center"
      },
      "geometry": {
        "type": "Point",
        "coordinates": [
          18.9331909,
          51.602733
        ]
      },
      "id": "relation/3717549"
    },
    {
      "type": "Feature",
      "properties": {
        "@id": "relation/6633637",
        "amenity": "community_centre",
        "name": "Europejskie Centrum Edukacji Geologicznej",
        "type": "building",
        "website": "http://eceg.e-kei.pl/",
        "@geometry": "center"
      },
      "geometry": {
        "type": "Point",
        "coordinates": [
          20.4478962,
          50.7977238
        ]
      },
      "id": "relation/6633637"
    },
    {
      "type": "Feature",
      "properties": {
        "@id": "relation/6886577",
        "website": "http://www.zg.xdemon.pl/",
        "url": "https://www.youtube.com/user/XdemonZG",
        "type": "multipolygon",
        "addr:city": "Zielona Góra",
        "addr:housenumber": "63",
        "addr:postcode": "65-058",
        "addr:street": "Kupiecka",
        "amenity": "nightclub",
        "building": "yes",
        "email": "maja@xdemon.pl",
        "facebook": "https://www.facebook.com/pg/XDemon/services/?service_id=1382681305134926&ref=page_internal",
        "image": "https://photos.app.goo.gl/BS4zkZCrmQetfXz78",
        "mapillary": "https://www.mapillary.com/map/im/a1gxuayQmj6XnNhfaCrSVQ",
        "name": "X-Demon",
        "phone": "+48797407885",
        "@geometry": "center"
      },
      "geometry": {
        "type": "Point",
        "coordinates": [
          15.504307,
          51.9418237
        ]
      },
      "id": "relation/6886577"
    },
    {
      "type": "Feature",
      "properties": {
        "@id": "relation/14343845",
        "website": "https://www.ckis.pruszkow.pl",
        "addr:city": "Pruszków",
        "addr:housename": "100-lecia odzyskania Niepodległości",
        "addr:housenumber": "4",
        "addr:street": "Bohaterów Warszawy",
        "amenity": "community_centre",
        "building": "yes",
        "name": "Centrum Kultury i Sportu w Pruszkowie",
        "name:en": "Center of Culture and Sports Pruszkowie",
        "source:addr:housename": "http://www.edziennik.mazowieckie.pl/legalact/2018/9521/",
        "type": "multipolygon",
        "@geometry": "center"
      },
      "geometry": {
        "type": "Point",
        "coordinates": [
          20.812577,
          52.1699431
        ]
      },
      "id": "relation/14343845"
    },
    {
      "type": "Feature",
      "properties": {
        "@id": "way/30669763",
        "addr:street:sym_ul": "26608",
        "addr:city": "Warszawa",
        "addr:city:simc": "0918123",
        "addr:housenumber": "99A",
        "addr:postcode": "02-089",
        "addr:street": "Żwirki i Wigury",
        "amenity": "nightclub",
        "building": "retail",
        "building:levels": "2",
        "name": "Proxima",
        "official_name": "Klub Studentów Uniwersytetu Warszawskiego Proxima",
        "source:addr": "mapa.um.warszawa.pl",
        "website": "https://klubproxima.com.pl/",
        "wikidata": "Q11740254",
        "wikipedia": "pl:Klub Proxima",
        "@geometry": "center"
      },
      "geometry": {
        "type": "Point",
        "coordinates": [
          20.9871961,
          52.2126016
        ]
      },
      "id": "way/30669763"
    },
    {
      "type": "Feature",
      "properties": {
        "@id": "way/33686464",
        "addr:city": "Warszawa",
        "addr:housenumber": "11",
        "addr:postcode": "04-294",
        "addr:street": "Kwatery Głównej",
        "addr:street:sym_ul": "10550",
        "source:addr": "mapa.um.warszawa.pl",
        "website": "http://www.opp1.waw.pl",
        "amenity": "community_centre",
        "barrier": "fence",
        "community_centre:for": "child;juvenile",
        "email": "opp1@opp1.waw.pl",
        "landuse": "education",
        "name": "Ognisko Pracy Pozaszkolnej nr 1 \"Jordanek\"",
        "official_name": "Ognisko Pracy Pozaszkolnej nr 1 \"Jordanek\"",
        "operator": "Praga-Południe",
        "operator:type": "government",
        "phone": "+48 226106777",
        "ref:regon": "141529174",
        "ref:rspo": "24886",
        "ref:vatin": "PL1132735029",
        "@geometry": "center"
      },
      "geometry": {
        "type": "Point",
        "coordinates": [
          21.1130798,
          52.2428379
        ]
      },
      "id": "way/33686464"
    },
    {
      "type": "Feature",
      "properties": {
        "@id": "way/34093588",
        "source:addr": "EMUiA (emuia.geoportal.gov.pl)",
        "website": "http://www.psmwinogrady.pl/domy-kultury/odk-slonce/",
        "addr:city": "Poznań",
        "addr:housenumber": "120",
        "addr:place": "Osiedle Przyjaźni",
        "addr:postcode": "61-686",
        "amenity": "community_centre",
        "building": "public",
        "email": "odkslonce@psmwinogrady.pl",
        "name": "Osiedlowy Dom Kultury \"Słońce\"",
        "phone": "+48 61 63 03 268",
        "short_name": "ODK Słońce",
        "@geometry": "center"
      },
      "geometry": {
        "type": "Point",
        "coordinates": [
          16.9251165,
          52.4314484
        ]
      },
      "id": "way/34093588"
    },
    {
      "type": "Feature",
      "properties": {
        "@id": "way/39393955",
        "start_date": "1927",
        "name": "Pałac Młodzieży",
        "addr:city": "Kraków",
        "addr:country": "PL",
        "addr:housenumber": "8",
        "addr:street": "Krowoderska",
        "amenity": "social_centre",
        "building": "yes",
        "building:levels": "4",
        "@geometry": "center"
      },
      "geometry": {
        "type": "Point",
        "coordinates": [
          19.9374487,
          50.0673471
        ]
      },
      "id": "way/39393955"
    },
    {
      "type": "Feature",
      "properties": {
        "@id": "way/43529182",
        "source:addr": "EMUiA (emuia.gugik.gov.pl)",
        "building": "yes",
        "name": "Miejski Ośrodek Kultury",
        "operator": "Miejski Ośrodek Kultury",
        "phone": "+48 18 443 89 59 wew.20",
        "website": "http://www.mok.i24.pl/",
        "addr:city": "Nowy Sącz",
        "addr:housenumber": "23",
        "addr:postcode": "33-300",
        "addr:street": "Aleja Wolności",
        "amenity": "community_centre",
        "@geometry": "center"
      },
      "geometry": {
        "type": "Point",
        "coordinates": [
          20.6976326,
          49.6161845
        ]
      },
      "id": "way/43529182"
    },
    {
      "type": "Feature",
      "properties": {
        "@id": "way/46236346",
        "addr:city": "Bydgoszcz",
        "addr:housenumber": "27a",
        "addr:postcode": "85-950",
        "addr:street": "Jagiellońska",
        "air_conditioning": "yes",
        "amenity": "community_centre",
        "baby_feeding": "no",
        "building": "yes",
        "email": "info@palac.bydgoszcz.pl",
        "fax": "52 321 16 42",
        "name": "Pałac Młodzieży",
        "opening_hours": "Mo-Sa 07:00-20:00",
        "opening_hours:covid19": "restricted",
        "operator": "Miasto Bydgoszcz",
        "operator:type": "government",
        "phone": "52 321 00 81",
        "polling_station": "no",
        "source": "http://ump.waw.pl/ retrieved 11:19:07 11/17/09 (UMP-Torun/src/TORUN.obszary.txt)",
        "start_date": "1974",
        "website": "http://palac.bydgoszcz.pl/",
        "wheelchair": "limited",
        "wikidata": "Q11814818",
        "wikipedia": "pl:Pałac Młodzieży w Bydgoszczy",
        "@geometry": "center"
      },
      "geometry": {
        "type": "Point",
        "coordinates": [
          18.0114231,
          53.1236199
        ]
      },
      "id": "way/46236346"
    },
    {
      "type": "Feature",
      "properties": {
        "@id": "way/47990148",
        "addr:city": "Grodzisk Mazowiecki",
        "addr:housenumber": "9",
        "addr:postcode": "05-825",
        "addr:street": "Spółdzielcza",
        "amenity": "community_centre",
        "building": "yes",
        "building:levels": "3",
        "name": "Centrum Kultury",
        "source": "www.geoportal.gov.pl",
        "website": "http://centrumkultury.eu",
        "@geometry": "center"
      },
      "geometry": {
        "type": "Point",
        "coordinates": [
          20.6245927,
          52.1050923
        ]
      },
      "id": "way/47990148"
    },
    {
      "type": "Feature",
      "properties": {
        "@id": "way/49696854",
        "amenity": "community_centre",
        "building": "yes",
        "name": "Dom Kultury w Długiej Goslinie",
        "@geometry": "center"
      },
      "geometry": {
        "type": "Point",
        "coordinates": [
          17.0336429,
          52.6315237
        ]
      },
      "id": "way/49696854"
    },
    {
      "type": "Feature",
      "properties": {
        "@id": "way/50495116",
        "building:levels": "2.5",
        "source": "survey",
        "phone": "+48815333201",
        "addr:city": "Lublin",
        "addr:housenumber": "16",
        "addr:postcode": "20-031",
        "addr:street": "Idziego Radziszewskiego",
        "amenity": "community_centre",
        "building": "yes",
        "image": "http://commons.wikimedia.org/wiki/File:Miasteczko_akademickie_UMCS_w_Lublinie,_Akademickie_Centrum_Kultury_%2829-03-2009%29.JPG",
        "name": "UMCS Akademickie Centrum Kultury i Mediów \"Chatka Żaka\"",
        "operator": "UMCS",
        "operator:type": "university",
        "@geometry": "center"
      },
      "geometry": {
        "type": "Point",
        "coordinates": [
          22.5382789,
          51.2451314
        ]
      },
      "id": "way/50495116"
    },
    {
      "type": "Feature",
      "properties": {
        "@id": "way/52084785",
        "source": "survey",
        "name": "Tarnogórskie Centrum Kultury",
        "website": "http://www.tck.net.pl/",
        "addr:city": "Tarnowskie Góry",
        "addr:housenumber": "7",
        "addr:postcode": "42-600",
        "addr:street": "Jana III Sobieskiego",
        "amenity": "community_centre",
        "building": "yes",
        "@geometry": "center"
      },
      "geometry": {
        "type": "Point",
        "coordinates": [
          18.8576672,
          50.4456625
        ]
      },
      "id": "way/52084785"
    },
    {
      "type": "Feature",
      "properties": {
        "@id": "way/53148551",
        "addr:city": "Szczecin",
        "addr:housenumber": "7",
        "addr:street": "aleja Piastów",
        "amenity": "community_centre",
        "building": "education",
        "building:levels": "4",
        "building:usage:pl": "Oświaty, nauki, kultury lub budynek sportowy",
        "community_centre": "youth_centre",
        "community_centre:for": "juvenile",
        "email": "sekretariat@palac.szczecin.pl",
        "fax": "+48 91 422 52 62",
        "name": "Pałac Młodzieży – Pomorskie Centrum Edukacji",
        "operator": "Gmina Miasto Szczecin",
        "phone": "+48 91 422 52 61",
        "ref:rspo": "34466",
        "short_name": "PM-PCE",
        "source": "gis.um.szczecin.pl",
        "website": "https://palac.szczecin.pl/",
        "@geometry": "center"
      },
      "geometry": {
        "type": "Point",
        "coordinates": [
          14.5381339,
          53.4312205
        ]
      },
      "id": "way/53148551"
    },
    {
      "type": "Feature",
      "properties": {
        "@id": "way/53789771",
        "addr:city": "Lublin",
        "addr:housename": "Dom Technika",
        "addr:housenumber": "3",
        "addr:postcode": "20-029",
        "addr:street": "Marii Skłodowskiej-Curie",
        "amenity": "community_centre",
        "building": "yes",
        "building:levels": "7",
        "name": "Lubelski Dom Technika NOT",
        "operator": "NOT",
        "phone": "+48 81 53227 38",
        "source": "MPZP",
        "wheelchair": "yes",
        "@geometry": "center"
      },
      "geometry": {
        "type": "Point",
        "coordinates": [
          22.5494991,
          51.2461349
        ]
      },
      "id": "way/53789771"
    },
    {
      "type": "Feature",
      "properties": {
        "@id": "way/53789862",
        "addr:city": "Lublin",
        "addr:housenumber": "6",
        "addr:postcode": "20-029",
        "addr:street": "Franciszka Żwirki i Stanisława Wigury",
        "amenity": "community_centre",
        "building": "yes",
        "building:levels": "4",
        "name": "Dom Żołnierza im. Marszałka Józefa Piłsudskiego",
        "source": "MPZP",
        "@geometry": "center"
      },
      "geometry": {
        "type": "Point",
        "coordinates": [
          22.5503754,
          51.2466261
        ]
      },
      "id": "way/53789862"
    },
    {
      "type": "Feature",
      "properties": {
        "@id": "way/54362764",
        "addr:city": "Lublin",
        "addr:housenumber": "4a",
        "addr:postcode": "20-607",
        "addr:street": "Konrada Wallenroda",
        "amenity": "community_centre",
        "building": "yes",
        "building:levels": "2",
        "email": "dom.kultury@spoldzielnialsm.pl",
        "name": "Dom Kultury LSM",
        "phone": "+48 81 743 48 29",
        "source": "MPZP",
        "website": "http://www.domkulturylsm.pl",
        "@geometry": "center"
      },
      "geometry": {
        "type": "Point",
        "coordinates": [
          22.5244761,
          51.2406073
        ]
      },
      "id": "way/54362764"
    },
    {
      "type": "Feature",
      "properties": {
        "@id": "way/55798047",
        "name": "GOKiR Połomia",
        "building": "yes",
        "amenity": "community_centre",
        "@geometry": "center"
      },
      "geometry": {
        "type": "Point",
        "coordinates": [
          18.5623167,
          49.9907344
        ]
      },
      "id": "way/55798047"
    },
    {
      "type": "Feature",
      "properties": {
        "@id": "way/56004840",
        "addr:city": "Złoty Stok",
        "addr:housenumber": "33",
        "addr:postcode": "57-250",
        "addr:street": "3 Maja",
        "amenity": "community_centre",
        "building": "yes",
        "name": "Dom działkowca",
        "@geometry": "center"
      },
      "geometry": {
        "type": "Point",
        "coordinates": [
          16.8802297,
          50.4496332
        ]
      },
      "id": "way/56004840"
    },
    {
      "type": "Feature",
      "properties": {
        "@id": "way/61909397",
        "addr:city:simc": "0857002",
        "addr:housenumber": "50",
        "addr:place": "Chwalisław",
        "addr:postcode": "57-250",
        "amenity": "community_centre",
        "building": "yes",
        "name": "Świetlica",
        "source:addr": "emuia.gugik.gov.pl",
        "@geometry": "center"
      },
      "geometry": {
        "type": "Point",
        "coordinates": [
          16.8265169,
          50.4246072
        ]
      },
      "id": "way/61909397"
    },
    {
      "type": "Feature",
      "properties": {
        "@id": "way/63271067",
        "addr:city": "Lublin",
        "addr:housenumber": "11",
        "addr:postcode": "20-535",
        "addr:street": "Jana Pawła II",
        "amenity": "community_centre",
        "building": "yes",
        "name": "Dom Akcji Katolickiej",
        "operator": "Archidiecezja Lubelska",
        "operator:type": "religious",
        "source": "MPZP",
        "@geometry": "center"
      },
      "geometry": {
        "type": "Point",
        "coordinates": [
          22.5209954,
          51.2278057
        ]
      },
      "id": "way/63271067"
    },
    {
      "type": "Feature",
      "properties": {
        "@id": "way/66117427",
        "addr:city": "Dąbrowa Górnicza",
        "addr:housenumber": "30",
        "addr:postcode": "41-300",
        "addr:street": "3 Maja",
        "amenity": "community_centre",
        "building": "yes",
        "building:colour": "#d9d7d4",
        "building:levels": "2",
        "name": "Młodzieżowy Ośrodek Pracy Twórczej",
        "roof:colour": "#6e6c6a",
        "source": "Geoportal 2: Ewidencja budynków WMS",
        "@geometry": "center"
      },
      "geometry": {
        "type": "Point",
        "coordinates": [
          19.1833151,
          50.3217245
        ]
      },
      "id": "way/66117427"
    },
    {
      "type": "Feature",
      "properties": {
        "@id": "way/72305570",
        "amenity": "community_centre",
        "building": "hall",
        "addr:postcode": "48-220",
        "name": "Wiejskie Centrum Kultury i Rekreacji",
        "addr:place": "Chrzelice",
        "addr:housenumber": "177",
        "@geometry": "center"
      },
      "geometry": {
        "type": "Point",
        "coordinates": [
          17.7336869,
          50.4729811
        ]
      },
      "id": "way/72305570"
    },
    {
      "type": "Feature",
      "properties": {
        "@id": "way/74297962",
        "amenity": "community_centre",
        "building": "yes",
        "description": "muszla koncertowa",
        "@geometry": "center"
      },
      "geometry": {
        "type": "Point",
        "coordinates": [
          18.4940844,
          50.0590107
        ]
      },
      "id": "way/74297962"
    },
    {
      "type": "Feature",
      "properties": {
        "@id": "way/76012666",
        "amenity": "community_centre",
        "building": "yes",
        "name": "Dom Kultury",
        "url": "https://dolny-slask.org.pl/535982,Gozdnica,Dom_Kultury.html",
        "@geometry": "center"
      },
      "geometry": {
        "type": "Point",
        "coordinates": [
          15.0953979,
          51.4397869
        ]
      },
      "id": "way/76012666"
    },
    {
      "type": "Feature",
      "properties": {
        "@id": "way/77047423",
        "amenity": "nightclub",
        "building": "yes",
        "name": "Młyn",
        "@geometry": "center"
      },
      "geometry": {
        "type": "Point",
        "coordinates": [
          17.6115012,
          52.5385779
        ]
      },
      "id": "way/77047423"
    },
    {
      "type": "Feature",
      "properties": {
        "@id": "way/77814966",
        "amenity": "community_centre",
        "building": "yes",
        "name": "Miejski Ośrodek Kultury",
        "@geometry": "center"
      },
      "geometry": {
        "type": "Point",
        "coordinates": [
          17.5995321,
          52.534133
        ]
      },
      "id": "way/77814966"
    },
    {
      "type": "Feature",
      "properties": {
        "@id": "way/83287773",
        "addr:city": "Kłodzko",
        "addr:housenumber": "1",
        "addr:postcode": "57-300",
        "addr:street": "Plac Władysława Jagiełły",
        "amenity": "community_centre",
        "building": "public",
        "name": "Kłodzko Ośrodek Kultury",
        "source": "mklodzko.e-mapa.net",
        "source:geometry": "geoportal.gov.pl, GPS",
        "wheelchair": "no",
        "@geometry": "center"
      },
      "geometry": {
        "type": "Point",
        "coordinates": [
          16.6508475,
          50.436334
        ]
      },
      "id": "way/83287773"
    },
    {
      "type": "Feature",
      "properties": {
        "@id": "way/87267681",
        "addr:city": "Łodygowice",
        "addr:city:simc": "0059559",
        "addr:housenumber": "5",
        "addr:postcode": "34-325",
        "addr:street": "Plac Wolności",
        "addr:street:sym_ul": "24685",
        "amenity": "community_centre",
        "building": "yes",
        "name": "Gminny Ośrodek Kultury",
        "source:addr": "lodygowice.e-mapa.net",
        "@geometry": "center"
      },
      "geometry": {
        "type": "Point",
        "coordinates": [
          19.1530727,
          49.7243739
        ]
      },
      "id": "way/87267681"
    },
    {
      "type": "Feature",
      "properties": {
        "@id": "way/87810103",
        "website": "https://cechownia-gliwice.pl/",
        "name": "Cechownia Gliwice",
        "building": "yes",
        "amenity": "community_centre",
        "addr:street": "Bojkowska",
        "addr:housenumber": "35a",
        "@geometry": "center"
      },
      "geometry": {
        "type": "Point",
        "coordinates": [
          18.6832416,
          50.2785685
        ]
      },
      "id": "way/87810103"
    },
    {
      "type": "Feature",
      "properties": {
        "@id": "way/90750246",
        "building:levels": "3",
        "source:addr": "Urząd Miasta Gdańsk",
        "name": "Dom Kultury PSM Przymorze",
        "addr:city": "Gdańsk",
        "addr:country": "PL",
        "addr:housenumber": "66B",
        "addr:postcode": "80-389",
        "addr:street": "Śląska",
        "amenity": "community_centre",
        "building": "yes",
        "@geometry": "center"
      },
      "geometry": {
        "type": "Point",
        "coordinates": [
          18.5850402,
          54.4058943
        ]
      },
      "id": "way/90750246"
    },
    {
      "type": "Feature",
      "properties": {
        "@id": "way/94258093",
        "addr:city": "Świdnik",
        "addr:housenumber": "24",
        "addr:postcode": "21-040",
        "addr:street": "Aleja Lotników Polskich",
        "amenity": "community_centre",
        "building": "yes",
        "height": "8",
        "name": "Miejski Ośrodek Kultury",
        "source": "Bing",
        "source:addr": "EMUiA (swidnik.e-mapa.net)",
        "@geometry": "center"
      },
      "geometry": {
        "type": "Point",
        "coordinates": [
          22.6937208,
          51.220279
        ]
      },
      "id": "way/94258093"
    },
    {
      "type": "Feature",
      "properties": {
        "@id": "way/95030920",
        "addr:street:sym_ul": "14441",
        "building": "yes",
        "source:addr": "mapa.um.warszawa.pl",
        "phone": "+48 22 838 34 96",
        "community_centre:for": "senior",
        "name": "CAM Nowolipie",
        "official_name": "Centrum Aktywności Międzypokoleniowej Nowolipie",
        "website": "http://cam.waw.pl",
        "community_centre": "community_hall",
        "addr:city": "Warszawa",
        "addr:city:simc": "0918123",
        "addr:housenumber": "25B",
        "addr:postcode": "01-002",
        "addr:street": "Nowolipie",
        "amenity": "community_centre",
        "@geometry": "center"
      },
      "geometry": {
        "type": "Point",
        "coordinates": [
          20.99016,
          52.2418706
        ]
      },
      "id": "way/95030920"
    },
    {
      "type": "Feature",
      "properties": {
        "@id": "way/96028576",
        "addr:city": "Łabiszyn",
        "addr:city:simc": "0929405",
        "addr:housenumber": "1",
        "addr:postcode": "89-210",
        "addr:street": "Parkowa",
        "addr:street:sym_ul": "15710",
        "amenity": "community_centre",
        "building": "yes",
        "contact:facebook": "https://www.facebook.com/bibliotekalabiszyn",
        "contact:instagram": "bibliotekalabiszyn",
        "name": "Łabiszyński Dom Kultury",
        "phone": "+48523844126",
        "source:addr": "labiszyn.e-mapa.net",
        "website": "http://www.labiszyn.naszabiblioteka.com",
        "@geometry": "center"
      },
      "geometry": {
        "type": "Point",
        "coordinates": [
          17.9217751,
          52.9512833
        ]
      },
      "id": "way/96028576"
    },
    {
      "type": "Feature",
      "properties": {
        "@id": "way/96107820",
        "amenity": "community_centre",
        "website": "http://domkulturystoklosy.com.pl/",
        "addr:city": "Warszawa",
        "addr:housenumber": "5",
        "addr:postcode": "02-786",
        "addr:street": "Wacława Lachmana",
        "building": "civic",
        "building:levels": "2",
        "name": "Dom Kultury Stokłosy",
        "opening_hours": "Mo-Sa 09:00-21:30",
        "@geometry": "center"
      },
      "geometry": {
        "type": "Point",
        "coordinates": [
          21.0412669,
          52.156606
        ]
      },
      "id": "way/96107820"
    },
    {
      "type": "Feature",
      "properties": {
        "@id": "way/97340017",
        "name": "Dom im. św. Maksymiliana Kolbego",
        "addr:city": "Gdańsk",
        "addr:housenumber": "4",
        "addr:postcode": "80-822",
        "addr:street": "Świętej Trójcy",
        "alt_name": "Maximilian-Kolbe-Haus Danzig",
        "amenity": "social_centre",
        "building": "yes",
        "source": "Bing",
        "source:addr": "Urząd Miasta Gdańsk",
        "@geometry": "center"
      },
      "geometry": {
        "type": "Point",
        "coordinates": [
          18.6475315,
          54.3460613
        ]
      },
      "id": "way/97340017"
    },
    {
      "type": "Feature",
      "properties": {
        "@id": "way/97999406",
        "addr:city": "Siedlce",
        "addr:housenumber": "3",
        "addr:street": "Kolejowa",
        "amenity": "nightclub",
        "building": "storage",
        "building:fireproof": "yes",
        "building:levels": "1",
        "building:type:pl": "Przyziemie budynku ognioodpornego",
        "building:use:pl": "Zbiornik, silos lub budynek magazynowy",
        "ewmapa:funkcja": "s",
        "ewmapa:kod_znakowy": "BZO",
        "ewmapa:warstwa": "Przyziemie budynku ognioodpornego, podpory, podcienia z pomiaru w terenie",
        "name": "Bohema",
        "source": "Powiat siedlecki, survey",
        "website": "http://bohemaklub.pl/",
        "@geometry": "center"
      },
      "geometry": {
        "type": "Point",
        "coordinates": [
          22.2825856,
          52.1576955
        ]
      },
      "id": "way/97999406"
    },
    {
      "type": "Feature",
      "properties": {
        "@id": "way/99776524",
        "name": "MDK",
        "building": "yes",
        "amenity": "community_centre",
        "@geometry": "center"
      },
      "geometry": {
        "type": "Point",
        "coordinates": [
          16.1975311,
          51.3905281
        ]
      },
      "id": "way/99776524"
    },
    {
      "type": "Feature",
      "properties": {
        "@id": "way/100041450",
        "website": "http://sok.slupsk.pl",
        "phone": "+48598456441",
        "amenity": "community_centre",
        "building": "yes",
        "name": "Baza kultury",
        "operator:type": "public",
        "@geometry": "center"
      },
      "geometry": {
        "type": "Point",
        "coordinates": [
          17.0026516,
          54.458716
        ]
      },
      "id": "way/100041450"
    },
    {
      "type": "Feature",
      "properties": {
        "@id": "way/100351353",
        "addr:city": "Słupsk",
        "addr:housenumber": "14",
        "addr:postcode": "76-200",
        "addr:street": "Zygmunta Augusta",
        "amenity": "community_centre",
        "building": "yes",
        "name": "Spółdzielczy Dom Kultury EMKA",
        "source": "UM Słupsk(WGiK)-EMUiA",
        "@geometry": "center"
      },
      "geometry": {
        "type": "Point",
        "coordinates": [
          17.0074149,
          54.4674424
        ]
      },
      "id": "way/100351353"
    },
    {
      "type": "Feature",
      "properties": {
        "@id": "way/101127801",
        "addr:city": "Wrocław",
        "addr:country": "PL",
        "addr:housenumber": "41",
        "addr:postcode": "51-677",
        "addr:street": "Andrzeja Potebni",
        "addr:street:sym_ul": "17271",
        "amenity": "community_centre",
        "building": "yes",
        "name": "Centrum Aktywności Mieszkańców „Gniazdo”",
        "source": "WroclawGIS",
        "source:addr": "WroclawGIS",
        "source:building": "WroclawGIS",
        "website": "http://rada.osiedla.wroc.pl/potebni-41/",
        "@geometry": "center"
      },
      "geometry": {
        "type": "Point",
        "coordinates": [
          17.1019697,
          51.1068304
        ]
      },
      "id": "way/101127801"
    },
    {
      "type": "Feature",
      "properties": {
        "@id": "way/101376148",
        "addr:city": "Łódź",
        "addr:housenumber": "166",
        "addr:postcode": "91-027",
        "addr:street": "Bolesława Limanowskiego",
        "amenity": "community_centre",
        "building": "yes",
        "name": "Bałucki Ośrodek Kultury „Rondo”",
        "source": "mapa.lodz.pl",
        "@geometry": "center"
      },
      "geometry": {
        "type": "Point",
        "coordinates": [
          19.4201497,
          51.7920667
        ]
      },
      "id": "way/101376148"
    },
    {
      "type": "Feature",
      "properties": {
        "@id": "way/101406763",
        "amenity": "community_centre",
        "name": "Klub Osiedlowy Maciuś",
        "addr:city": "Gdańsk",
        "addr:country": "PL",
        "addr:housenumber": "2",
        "addr:postcode": "80-395",
        "addr:street": "Opolska",
        "building": "yes",
        "source:addr": "Urząd Miasta Gdańsk",
        "@geometry": "center"
      },
      "geometry": {
        "type": "Point",
        "coordinates": [
          18.5972054,
          54.4037192
        ]
      },
      "id": "way/101406763"
    },
    {
      "type": "Feature",
      "properties": {
        "@id": "way/102879217",
        "amenity": "community_centre",
        "building": "yes",
        "description": "scena",
        "@geometry": "center"
      },
      "geometry": {
        "type": "Point",
        "coordinates": [
          18.4680841,
          50.0612163
        ]
      },
      "id": "way/102879217"
    },
    {
      "type": "Feature",
      "properties": {
        "@id": "way/106930553",
        "name": "klub Casino",
        "source": "www.geoportal.gov.pl",
        "building:levels": "3",
        "addr:city": "Pruszków",
        "addr:housenumber": "5",
        "addr:postcode": "05-800",
        "addr:street": "Niecała",
        "amenity": "nightclub",
        "building": "hotel",
        "@geometry": "center"
      },
      "geometry": {
        "type": "Point",
        "coordinates": [
          20.8060283,
          52.1643935
        ]
      },
      "id": "way/106930553"
    },
    {
      "type": "Feature",
      "properties": {
        "@id": "way/107707281",
        "amenity": "community_centre",
        "building": "yes",
        "castle_type": "palace",
        "description": "dawny pałac Rodu Preyssów",
        "historic": "castle",
        "image": "http://www.polskiezabytki.pl/img/93/9396/20121024162820_f7c22807c2b03b550ed43f24734cdd92.jpg",
        "name": "Świetlica Wiejska",
        "source": "bing",
        "@geometry": "center"
      },
      "geometry": {
        "type": "Point",
        "coordinates": [
          18.4669495,
          52.7515995
        ]
      },
      "id": "way/107707281"
    },
    {
      "type": "Feature",
      "properties": {
        "@id": "way/107807498",
        "amenity": "community_centre",
        "building": "public",
        "building:colour": "#C39F79",
        "community_centre": "cultural_centre",
        "height": "8",
        "int_name": "Miejski Dom Kultury",
        "name": "Miejski Dom Kultury",
        "roof:colour": "grey",
        "roof:shape": "flat",
        "@geometry": "center"
      },
      "geometry": {
        "type": "Point",
        "coordinates": [
          18.936271,
          51.6005484
        ]
      },
      "id": "way/107807498"
    },
    {
      "type": "Feature",
      "properties": {
        "@id": "way/108418471",
        "amenity": "community_centre",
        "name": "Meszniański Ośrodek Kultury „Nad Borami”",
        "addr:city": "Meszna",
        "addr:housenumber": "16",
        "addr:postcode": "43-360",
        "addr:street": "Handlowa",
        "building": "public",
        "source:addr": "EMUiA (emuia.gugik.gov.pl)",
        "@geometry": "center"
      },
      "geometry": {
        "type": "Point",
        "coordinates": [
          19.0635444,
          49.7465512
        ]
      },
      "id": "way/108418471"
    },
    {
      "type": "Feature",
      "properties": {
        "@id": "way/114603791",
        "source": "geoportal.gov.pl:ortofoto",
        "addr:city": "Mikołeska",
        "addr:housenumber": "7",
        "addr:postcode": "42-690",
        "addr:street": "Pniowiecka",
        "amenity": "community_centre",
        "building": "yes",
        "community_centre": "cultural_centre",
        "name": "Świetlica wiejska",
        "@geometry": "center"
      },
      "geometry": {
        "type": "Point",
        "coordinates": [
          18.8264717,
          50.5354622
        ]
      },
      "id": "way/114603791"
    },
    {
      "type": "Feature",
      "properties": {
        "@id": "way/114924868",
        "addr:city": "Wadowice",
        "addr:housenumber": "1",
        "addr:postcode": "34-100",
        "addr:street": "Teatralna",
        "amenity": "community_centre",
        "building": "yes",
        "name": "Wadowickie Centrum Kultury",
        "source:addr": "EMUiA (wadowice.e-mapa.net)",
        "@geometry": "center"
      },
      "geometry": {
        "type": "Point",
        "coordinates": [
          19.4945154,
          49.8856169
        ]
      },
      "id": "way/114924868"
    },
    {
      "type": "Feature",
      "properties": {
        "@id": "way/116696485",
        "website": "http://www.tck.net.pl/",
        "source": "Bing/UM TG",
        "phone": "+48 608 869 464",
        "opening_hours": "Mo 11:00-18:00; Tu 11:00-20:00; We 15:30-18:30; Th 12:00-19:30; PH off",
        "name": "Tarnogórskie Centrum Kultury w Opatowicach",
        "email": "ck.opatowice@tck.net.pl",
        "amenity": "community_centre",
        "building": "yes",
        "@geometry": "center"
      },
      "geometry": {
        "type": "Point",
        "coordinates": [
          18.8152858,
          50.45655
        ]
      },
      "id": "way/116696485"
    },
    {
      "type": "Feature",
      "properties": {
        "@id": "way/118434061",
        "source": "survey",
        "name": "Dom Kultury Jubilat",
        "building": "yes",
        "amenity": "community_centre",
        "@geometry": "center"
      },
      "geometry": {
        "type": "Point",
        "coordinates": [
          18.8264767,
          50.448972
        ]
      },
      "id": "way/118434061"
    },
    {
      "type": "Feature",
      "properties": {
        "@id": "way/124761968",
        "amenity": "community_centre",
        "name": "Zabytek techniki - Zbiornik gazu",
        "note": "Dawny zbiornik gazu przekształcony na salę widowiskową",
        "building": "storage_tank",
        "@geometry": "center"
      },
      "geometry": {
        "type": "Point",
        "coordinates": [
          18.6593472,
          54.3591691
        ]
      },
      "id": "way/124761968"
    },
    {
      "type": "Feature",
      "properties": {
        "@id": "way/124952487",
        "amenity": "nightclub",
        "building": "yes",
        "addr:street": "Wały Piastowskie",
        "name": "Klub Wolność",
        "smoking": "isolated",
        "addr:city": "Gdańsk",
        "addr:housenumber": "24",
        "addr:postcode": "80-855",
        "@geometry": "center"
      },
      "geometry": {
        "type": "Point",
        "coordinates": [
          18.6477783,
          54.3588091
        ]
      },
      "id": "way/124952487"
    },
    {
      "type": "Feature",
      "properties": {
        "@id": "way/127268878",
        "addr:city": "Olsztyn",
        "addr:housenumber": "4a",
        "addr:street": "Joachima Lelewela",
        "amenity": "nightclub",
        "building": "yes",
        "name": "Limonka",
        "outdoor_seating": "yes",
        "@geometry": "center"
      },
      "geometry": {
        "type": "Point",
        "coordinates": [
          20.4781188,
          53.7768207
        ]
      },
      "id": "way/127268878"
    },
    {
      "type": "Feature",
      "properties": {
        "@id": "way/127586448",
        "addr:city": "Końskie",
        "addr:housenumber": "9",
        "addr:postcode": "26-200",
        "addr:street": "Partyzantów",
        "amenity": "community_centre",
        "building": "yes",
        "email": "poczta@dkkonskie.pl",
        "name": "Miejsko-Gminny Dom Kultury w Końskich",
        "phone": "41 372 24 78",
        "website": "http://www.dkkonskie.pl/",
        "@geometry": "center"
      },
      "geometry": {
        "type": "Point",
        "coordinates": [
          20.4193711,
          51.1870261
        ]
      },
      "id": "way/127586448"
    },
    {
      "type": "Feature",
      "properties": {
        "@id": "way/129531537",
        "tourism": "information",
        "source:addr": "jezowsudecki.e-mapa.net",
        "information": "office",
        "building": "yes",
        "amenity": "community_centre",
        "source:geometry": "geoportal.gov.pl, GPS",
        "addr:city": "Siedlęcin",
        "addr:city:simc": "0189813",
        "addr:housenumber": "21",
        "addr:postcode": "58-522",
        "addr:street": "Długa",
        "addr:street:sym_ul": "03839",
        "@geometry": "center"
      },
      "geometry": {
        "type": "Point",
        "coordinates": [
          15.6855877,
          50.9348576
        ]
      },
      "id": "way/129531537"
    },
    {
      "type": "Feature",
      "properties": {
        "@id": "way/130230092",
        "building": "yes",
        "amenity": "nightclub",
        "name": "Klub Pomarańcza",
        "@geometry": "center"
      },
      "geometry": {
        "type": "Point",
        "coordinates": [
          19.0500624,
          49.8332182
        ]
      },
      "id": "way/130230092"
    },
    {
      "type": "Feature",
      "properties": {
        "@id": "way/130761150",
        "addr:city": "Rabowice",
        "addr:city:simc": "0595594",
        "addr:housenumber": "11",
        "addr:postcode": "62-020",
        "addr:street": "Bukowa",
        "addr:street:sym_ul": "02387",
        "amenity": "community_centre",
        "building": "yes",
        "name": "Świetlica wiejska w Rabowicach",
        "source": "survey",
        "source:addr": "swarzedz.e-mapa.net",
        "source:geometry": "Powiat Poznański: Ewidencja Gruntów i Budynków",
        "@geometry": "center"
      },
      "geometry": {
        "type": "Point",
        "coordinates": [
          17.1171454,
          52.3892728
        ]
      },
      "id": "way/130761150"
    },
    {
      "type": "Feature",
      "properties": {
        "@id": "way/130973789",
        "amenity": "community_centre",
        "name": "Dom Kultury Chemik",
        "building": "yes",
        "@geometry": "center"
      },
      "geometry": {
        "type": "Point",
        "coordinates": [
          19.0094172,
          49.907523
        ]
      },
      "id": "way/130973789"
    },
    {
      "type": "Feature",
      "properties": {
        "@id": "way/132749007",
        "source:addr": "UM Kielce",
        "note": "former synagogue",
        "amenity": "community_centre",
        "building": "yes",
        "name": "Świętokrzyskie Biuro Geodezji w Kielcach",
        "addr:city": "Kielce",
        "addr:housenumber": "18",
        "addr:postcode": "25-520",
        "addr:street": "Targowa",
        "building:levels": "15",
        "height": "57",
        "source": "Bing",
        "@geometry": "center"
      },
      "geometry": {
        "type": "Point",
        "coordinates": [
          20.6316483,
          50.8765198
        ]
      },
      "id": "way/132749007"
    },
    {
      "type": "Feature",
      "properties": {
        "@id": "way/134948887",
        "addr:city": "Bielsko-Biała",
        "addr:housenumber": "125",
        "addr:postcode": "43-300",
        "addr:street": "Karpacka",
        "amenity": "community_centre",
        "building": "yes",
        "name": "Dom Kultury w Kamienicy",
        "@geometry": "center"
      },
      "geometry": {
        "type": "Point",
        "coordinates": [
          19.0198174,
          49.8016961
        ]
      },
      "id": "way/134948887"
    },
    {
      "type": "Feature",
      "properties": {
        "@id": "way/135183915",
        "addr:city": "Bielsko-Biała",
        "addr:housenumber": "29",
        "addr:postcode": "43-300",
        "addr:street": "Podgórna",
        "amenity": "community_centre",
        "building": "yes",
        "name": "Dom Kultury w Lipniku",
        "@geometry": "center"
      },
      "geometry": {
        "type": "Point",
        "coordinates": [
          19.0849232,
          49.8196347
        ]
      },
      "id": "way/135183915"
    },
    {
      "type": "Feature",
      "properties": {
        "@id": "way/136181416",
        "addr:city": "Krzeszów",
        "addr:housenumber": "1",
        "addr:postcode": "58-405",
        "addr:street": "Kalwaria",
        "amenity": "community_centre",
        "building": "yes",
        "source:geometry": "geoportal.gov.pl, GPS",
        "@geometry": "center"
      },
      "geometry": {
        "type": "Point",
        "coordinates": [
          16.0664877,
          50.7318334
        ]
      },
      "id": "way/136181416"
    },
    {
      "type": "Feature",
      "properties": {
        "@id": "way/136486102",
        "addr:city": "Warszawa",
        "addr:city:simc": "0918123",
        "addr:housenumber": "32",
        "addr:postcode": "02-697",
        "addr:street": "Wincentego Rzymowskiego",
        "amenity": "community_centre",
        "building": "public",
        "building:levels": "4",
        "name": "Dom Kultury Kadr",
        "source:addr": "mapa.um.warszawa.pl",
        "website": "https://www.dkkadr.waw.pl/",
        "@geometry": "center"
      },
      "geometry": {
        "type": "Point",
        "coordinates": [
          21.003189,
          52.175497
        ]
      },
      "id": "way/136486102"
    },
    {
      "type": "Feature",
      "properties": {
        "@id": "way/139276443",
        "addr:city": "Bydgoszcz",
        "addr:housenumber": "21",
        "addr:street": "Stary Port",
        "amenity": "nightclub",
        "building": "yes",
        "name": "AVA 3.0",
        "@geometry": "center"
      },
      "geometry": {
        "type": "Point",
        "coordinates": [
          18.0060019,
          53.1225692
        ]
      },
      "id": "way/139276443"
    },
    {
      "type": "Feature",
      "properties": {
        "@id": "way/139615811",
        "amenity": "community_centre",
        "building": "yes",
        "source": "Bing",
        "source:geometry": "geoportal.gov.pl, GPS",
        "@geometry": "center"
      },
      "geometry": {
        "type": "Point",
        "coordinates": [
          16.0007435,
          50.7090805
        ]
      },
      "id": "way/139615811"
    },
    {
      "type": "Feature",
      "properties": {
        "@id": "way/139710878",
        "phone": "+48 721 502 121",
        "addr:city": "Bydgoszcz",
        "addr:housenumber": "18",
        "addr:street": "Teofila Magdzińskiego",
        "amenity": "nightclub",
        "building": "yes",
        "name": "Point Club",
        "@geometry": "center"
      },
      "geometry": {
        "type": "Point",
        "coordinates": [
          18.0023885,
          53.1210986
        ]
      },
      "id": "way/139710878"
    },
    {
      "type": "Feature",
      "properties": {
        "@id": "way/140182731",
        "addr:city": "Bydgoszcz",
        "addr:street": "Karola Marcinkowskiego",
        "amenity": "community_centre",
        "building": "yes",
        "@geometry": "center"
      },
      "geometry": {
        "type": "Point",
        "coordinates": [
          17.9977836,
          53.1273402
        ]
      },
      "id": "way/140182731"
    },
    {
      "type": "Feature",
      "properties": {
        "@id": "way/140323251",
        "building": "yes",
        "addr:city": "Reda",
        "addr:city:simc": "0934659",
        "addr:housenumber": "59A",
        "addr:postcode": "84-240",
        "addr:street": "Łąkowa",
        "addr:street:sym_ul": "11596",
        "amenity": "community_centre",
        "building:levels": "1",
        "community_centre": "cultural_centre",
        "name": "Miejski Dom Kultury w Redzie \"Fabryka Kultury\"",
        "source:addr": "reda.e-mapa.net",
        "@geometry": "center"
      },
      "geometry": {
        "type": "Point",
        "coordinates": [
          18.3570259,
          54.6040514
        ]
      },
      "id": "way/140323251"
    },
    {
      "type": "Feature",
      "properties": {
        "@id": "way/140429504",
        "addr:city": "Głogów",
        "addr:housenumber": "11",
        "addr:postcode": "67-200",
        "addr:street": "Perseusza",
        "amenity": "community_centre",
        "building": "yes",
        "building:levels": "2",
        "name": "Młodzieżowe Centrum Kultury \"Mayday\"",
        "operator": "Miejski Ośrodek Kultury w Głogowie",
        "short_name": "MCK Mayday",
        "source": "mglogow.e-mapa.net",
        "source:geometry": "geoportal.gov.pl, GPS",
        "@geometry": "center"
      },
      "geometry": {
        "type": "Point",
        "coordinates": [
          16.0596932,
          51.6519693
        ]
      },
      "id": "way/140429504"
    },
    {
      "type": "Feature",
      "properties": {
        "@id": "way/141691298",
        "addr:street:sym_ul": "14199",
        "amenity": "nightclub",
        "building": "retail",
        "source:addr": "gugik.gov.pl",
        "building:levels": "1",
        "name": "Park",
        "note": "Klub studencki SGH",
        "addr:postcode": "00-608",
        "opening_hours:signed": "no",
        "source": "www.geoportal.gov.pl",
        "addr:city:simc": "0918123",
        "addr:housename": "Park",
        "addr:housenumber": "196",
        "addr:street": "Aleja Niepodległości",
        "addr:city": "Warszawa",
        "@geometry": "center"
      },
      "geometry": {
        "type": "Point",
        "coordinates": [
          21.0080501,
          52.2140434
        ]
      },
      "id": "way/141691298"
    },
    {
      "type": "Feature",
      "properties": {
        "@id": "way/142811064",
        "website": "http://www.psmwinogrady.pl/domy-kultury/odk-podlipami/",
        "addr:city": "Poznań",
        "addr:housenumber": "108A",
        "addr:place": "Osiedle Pod Lipami",
        "amenity": "community_centre",
        "building": "public",
        "email": "odkpodlipami@psmwinogrady.pl",
        "name": "Osiedlowy Dom Kultury \"Pod Lipami\"",
        "phone": "+48 61 630 33 47",
        "short_name": "ODK Pod Lipami",
        "source:addr": "EMUiA (emuia.geoportal.gov.pl)",
        "@geometry": "center"
      },
      "geometry": {
        "type": "Point",
        "coordinates": [
          16.9403722,
          52.4311542
        ]
      },
      "id": "way/142811064"
    },
    {
      "type": "Feature",
      "properties": {
        "@id": "way/144814542",
        "addr:city": "Hucisko",
        "addr:city:simc": "0146726",
        "addr:housenumber": "18",
        "addr:postcode": "42-421",
        "addr:street": "Modrzewiowa",
        "addr:street:sym_ul": "13184",
        "amenity": "community_centre",
        "building": "yes",
        "name": "Świetlica wiejska",
        "source": "bing",
        "source:addr": "gugik.gov.pl",
        "@geometry": "center"
      },
      "geometry": {
        "type": "Point",
        "coordinates": [
          19.4971805,
          50.5930773
        ]
      },
      "id": "way/144814542"
    },
    {
      "type": "Feature",
      "properties": {
        "@id": "way/145614416",
        "amenity": "community_centre",
        "building": "yes",
        "name": "Centrum Integracji Społeczno-Zawodowej",
        "@geometry": "center"
      },
      "geometry": {
        "type": "Point",
        "coordinates": [
          19.3802203,
          50.2962041
        ]
      },
      "id": "way/145614416"
    },
    {
      "type": "Feature",
      "properties": {
        "@id": "way/145981291",
        "amenity": "community_centre",
        "barrier": "fence",
        "name": "Klub \"Kasztan\"",
        "operator": "MCKiS Jaworzno",
        "@geometry": "center"
      },
      "geometry": {
        "type": "Point",
        "coordinates": [
          19.3214256,
          50.1871962
        ]
      },
      "id": "way/145981291"
    },
    {
      "type": "Feature",
      "properties": {
        "@id": "way/146032015",
        "addr:postcode": "85-156",
        "addr:street": "Księdza Ignacego Skorupki",
        "name": "Młodzieżowy Dom Kultury nr 2 im. dra Henryka Jordana",
        "addr:city": "Bydgoszcz",
        "addr:housenumber": "42",
        "amenity": "community_centre",
        "building": "yes",
        "source:addr": "EMUiA (emuia.gugik.gov.pl)",
        "@geometry": "center"
      },
      "geometry": {
        "type": "Point",
        "coordinates": [
          17.9891026,
          53.1149608
        ]
      },
      "id": "way/146032015"
    },
    {
      "type": "Feature",
      "properties": {
        "@id": "way/146417536",
        "addr:city": "Dobra",
        "addr:city:simc": "0774167",
        "addr:housenumber": "31",
        "addr:postcode": "72-003",
        "addr:street": "Graniczna",
        "addr:street:sym_ul": "06075",
        "amenity": "community_centre",
        "building": "education",
        "building:levels": "2",
        "community_centre": "cultural_centre",
        "name": "Gminne Centrum Kultury i Bibliotek",
        "operator": "Urząd Gminy Dobra",
        "source:addr": "dobraszczecinska.e-mapa.net",
        "@geometry": "center"
      },
      "geometry": {
        "type": "Point",
        "coordinates": [
          14.3855467,
          53.4849249
        ]
      },
      "id": "way/146417536"
    },
    {
      "type": "Feature",
      "properties": {
        "@id": "way/146952322",
        "addr:city": "Kudowa-Zdrój",
        "addr:city:simc": "0984120",
        "addr:housenumber": "12",
        "addr:postcode": "57-350",
        "addr:street": "Pogodna",
        "addr:street:sym_ul": "2316",
        "amenity": "social_centre",
        "building": "yes",
        "name": "Inkubator przedsiębiorczości",
        "source:addr": "emuia.gugik.gov.pl",
        "source:geometry": "geoportal.gov.pl, GPS",
        "website": "http://zdrojowyinkubator.pl/",
        "@geometry": "center"
      },
      "geometry": {
        "type": "Point",
        "coordinates": [
          16.2391721,
          50.4417392
        ]
      },
      "id": "way/146952322"
    },
    {
      "type": "Feature",
      "properties": {
        "@id": "way/147421075",
        "amenity": "community_centre",
        "building": "public",
        "name": "Dom Kultury w Karsinie",
        "@geometry": "center"
      },
      "geometry": {
        "type": "Point",
        "coordinates": [
          17.9186506,
          53.9076891
        ]
      },
      "id": "way/147421075"
    },
    {
      "type": "Feature",
      "properties": {
        "@id": "way/147436151",
        "addr:street:sym_ul": "30026",
        "building": "yes",
        "name": "Stacja Grawitacja",
        "addr:city": "Warszawa",
        "addr:city:simc": "0918123",
        "addr:housenumber": "12",
        "addr:postcode": "02-389",
        "addr:street": "Aleja Bohaterów Września",
        "amenity": "community_centre",
        "@geometry": "center"
      },
      "geometry": {
        "type": "Point",
        "coordinates": [
          20.9621622,
          52.2126314
        ]
      },
      "id": "way/147436151"
    },
    {
      "type": "Feature",
      "properties": {
        "@id": "way/148078995",
        "addr:country": "PL",
        "addr:city": "Wejherowo",
        "addr:housenumber": "18",
        "addr:postcode": "84-200",
        "addr:street": "Generała Józefa Hallera",
        "amenity": "community_centre",
        "building": "yes",
        "name": "Powiatowy Cech Rzemiosł Małych i Średnich Przedsiębiorstw - Związek Pracodawców w Wejherowie",
        "@geometry": "center"
      },
      "geometry": {
        "type": "Point",
        "coordinates": [
          18.2268252,
          54.5988545
        ]
      },
      "id": "way/148078995"
    },
    {
      "type": "Feature",
      "properties": {
        "@id": "way/151622578",
        "addr:housenumber": "11a",
        "addr:postcode": "20-219",
        "addr:street": "Odlewnicza",
        "amenity": "community_centre",
        "building": "yes",
        "name": "Świetlica opiekuńczo-wychowawcza \"Promyk\"",
        "@geometry": "center"
      },
      "geometry": {
        "type": "Point",
        "coordinates": [
          22.5971056,
          51.2458194
        ]
      },
      "id": "way/151622578"
    },
    {
      "type": "Feature",
      "properties": {
        "@id": "way/153433736",
        "amenity": "community_centre",
        "landuse": "recreation_ground",
        "name": "Amfiteatr (ruina)",
        "@geometry": "center"
      },
      "geometry": {
        "type": "Point",
        "coordinates": [
          22.5965946,
          51.2453705
        ]
      },
      "id": "way/153433736"
    },
    {
      "type": "Feature",
      "properties": {
        "@id": "way/153445728",
        "amenity": "community_centre",
        "landuse": "recreation_ground",
        "@geometry": "center"
      },
      "geometry": {
        "type": "Point",
        "coordinates": [
          22.5964863,
          51.2453708
        ]
      },
      "id": "way/153445728"
    },
    {
      "type": "Feature",
      "properties": {
        "@id": "way/154406217",
        "name": "Dom Kultury w Rybniku Boguszowicach",
        "addr:city": "Rybnik",
        "addr:housenumber": "4",
        "addr:postcode": "44-253",
        "addr:street": "Plac Pokoju",
        "amenity": "community_centre",
        "building": "civic",
        "building:levels": "3",
        "building:roof": "hipped",
        "contact:phone": "324252016",
        "@geometry": "center"
      },
      "geometry": {
        "type": "Point",
        "coordinates": [
          18.605115,
          50.0456585
        ]
      },
      "id": "way/154406217"
    },
    {
      "type": "Feature",
      "properties": {
        "@id": "way/156312873",
        "addr:postcode": "98-215",
        "amenity": "nightclub",
        "building": "yes",
        "name": "Ramzes Club Pro Fusion",
        "@geometry": "center"
      },
      "geometry": {
        "type": "Point",
        "coordinates": [
          18.5484852,
          51.7881769
        ]
      },
      "id": "way/156312873"
    },
    {
      "type": "Feature",
      "properties": {
        "@id": "way/156868816",
        "website": "https://www.gdynia.pl/przystan",
        "addr:city": "Gdynia",
        "addr:housenumber": "237",
        "addr:postcode": "81-007",
        "addr:street": "Chylońska",
        "amenity": "community_centre",
        "email": "chylonska237@lis.gdynia.pl",
        "name": "Przystań Chylońska 237",
        "phone": "+48587273930",
        "@geometry": "center"
      },
      "geometry": {
        "type": "Point",
        "coordinates": [
          18.4444744,
          54.5467782
        ]
      },
      "id": "way/156868816"
    },
    {
      "type": "Feature",
      "properties": {
        "@id": "way/157101983",
        "amenity": "community_centre",
        "barrier": "fence",
        "community_centre": "environment_centre",
        "email": "biuro@cee.elk.pl",
        "name": "Centrum Edukacji Ekologicznej",
        "phone": "+48876101624",
        "website": "http://cee.elk.pl/",
        "@geometry": "center"
      },
      "geometry": {
        "type": "Point",
        "coordinates": [
          22.3508955,
          53.8156152
        ]
      },
      "id": "way/157101983"
    },
    {
      "type": "Feature",
      "properties": {
        "@id": "way/158213331",
        "addr:city": "Trzebinia",
        "addr:city:simc": "0944149",
        "addr:housenumber": "74",
        "addr:postcode": "32-540",
        "addr:street": "Tadeusza Kościuszki",
        "addr:street:sym_ul": "9582",
        "amenity": "community_centre",
        "building": "yes",
        "name": "Trzebińskie Centrum Kultury w Trzebini",
        "opening_hours": "Mo-Fr 07:30-15:30",
        "source:addr": "emuia.gugik.gov.pl",
        "website": "https://www.tck.trzebinia.pl/",
        "@geometry": "center"
      },
      "geometry": {
        "type": "Point",
        "coordinates": [
          19.4601796,
          50.1577492
        ]
      },
      "id": "way/158213331"
    },
    {
      "type": "Feature",
      "properties": {
        "@id": "way/159718228",
        "source:addr": "biskupiec.e-mapa.net",
        "name": "Świetlica wiejska",
        "building": "yes",
        "addr:city:simc": "0471857",
        "addr:housenumber": "79",
        "addr:place": "Rzeck",
        "addr:postcode": "11-300",
        "amenity": "community_centre",
        "@geometry": "center"
      },
      "geometry": {
        "type": "Point",
        "coordinates": [
          20.925624,
          53.839891
        ]
      },
      "id": "way/159718228"
    },
    {
      "type": "Feature",
      "properties": {
        "@id": "way/160405394",
        "website": "http://www.eck.elk.pl/",
        "addr:city": "Ełk",
        "addr:housenumber": "47",
        "addr:postcode": "19-300",
        "addr:street": "Wojska Polskiego",
        "amenity": "community_centre",
        "building": "yes",
        "building:levels": "2",
        "community_centre": "cultural_centre",
        "email": "sekretariat@eck.elk.pl",
        "name": "Ełckie Centrum Kultury",
        "phone": "+48876215250",
        "@geometry": "center"
      },
      "geometry": {
        "type": "Point",
        "coordinates": [
          22.3461518,
          53.8207899
        ]
      },
      "id": "way/160405394"
    },
    {
      "type": "Feature",
      "properties": {
        "@id": "way/160516909",
        "addr:city": "Kępno",
        "addr:city:simc": "0936871",
        "addr:housenumber": "11a",
        "addr:postcode": "63-600",
        "addr:street": "Dąbrowskiego",
        "addr:street:sym_ul": "03667",
        "amenity": "community_centre",
        "building": "yes",
        "name": "Kępiński Ośrodek Kultury",
        "source:addr": "kepno.e-mapa.net",
        "@geometry": "center"
      },
      "geometry": {
        "type": "Point",
        "coordinates": [
          17.9831485,
          51.2757981
        ]
      },
      "id": "way/160516909"
    },
    {
      "type": "Feature",
      "properties": {
        "@id": "way/160532692",
        "addr:city": "Kępno",
        "addr:housenumber": "5",
        "addr:postcode": "63-600",
        "addr:street": "Władysława Broniewskiego",
        "amenity": "community_centre",
        "building": "yes",
        "name": "Kępiński Ośrodek Kultury",
        "source:addr": "kepno.e-mapa.net",
        "@geometry": "center"
      },
      "geometry": {
        "type": "Point",
        "coordinates": [
          17.9838719,
          51.2810144
        ]
      },
      "id": "way/160532692"
    },
    {
      "type": "Feature",
      "properties": {
        "@id": "way/160572823",
        "addr:housenumber": "1",
        "addr:postcode": "86-050",
        "addr:street": "Generała Stefana Roweckiego \"Grota\"",
        "amenity": "community_centre",
        "building": "yes",
        "name": "Soleckie Centrum Kultury",
        "@geometry": "center"
      },
      "geometry": {
        "type": "Point",
        "coordinates": [
          18.2295693,
          53.0792533
        ]
      },
      "id": "way/160572823"
    },
    {
      "type": "Feature",
      "properties": {
        "@id": "way/160696527",
        "community_centre:for": "child; juvenile",
        "sport": "multi",
        "source:addr": "http://mkolobrzeg.punktyadresowe.pl",
        "roof:shape": "flat",
        "addr:city": "Kołobrzeg",
        "addr:housenumber": "1",
        "addr:postcode": "78-100",
        "addr:street": "Mazowiecka",
        "amenity": "community_centre",
        "building": "sports_hall",
        "building:levels": "2",
        "community_centre": "youth_centre",
        "email": "opp@kolobrzeg.powiat.pl",
        "operator": "Stowarzyszenie Przyjaciele Ogniska Pracy Pozaszkolnej w Kołobrzegu",
        "@geometry": "center"
      },
      "geometry": {
        "type": "Point",
        "coordinates": [
          15.5641491,
          54.1708756
        ]
      },
      "id": "way/160696527"
    },
    {
      "type": "Feature",
      "properties": {
        "@id": "way/161924748",
        "addr:city": "Tychy",
        "addr:housenumber": "56",
        "addr:postcode": "43-100",
        "addr:street": "Elfów",
        "amenity": "community_centre",
        "building": "yes",
        "community_centre": "cultural_centre",
        "name": "MDK nr 2",
        "@geometry": "center"
      },
      "geometry": {
        "type": "Point",
        "coordinates": [
          18.9958276,
          50.1164945
        ]
      },
      "id": "way/161924748"
    },
    {
      "type": "Feature",
      "properties": {
        "@id": "way/162584301",
        "addr:city": "Maszewo",
        "addr:housenumber": "1a",
        "addr:postcode": "72-130",
        "addr:street": "Szkolna",
        "amenity": "community_centre",
        "building": "yes",
        "name": "Ośrodek Kultury i Sportu",
        "@geometry": "center"
      },
      "geometry": {
        "type": "Point",
        "coordinates": [
          15.0577652,
          53.4972213
        ]
      },
      "id": "way/162584301"
    },
    {
      "type": "Feature",
      "properties": {
        "@id": "way/162743556",
        "addr:city": "Kęty",
        "addr:city:simc": "0924365",
        "addr:housenumber": "2a",
        "addr:postcode": "32-650",
        "addr:street": "Franciszka Żwirki i Stanisława Wigury",
        "addr:street:sym_ul": "26608",
        "amenity": "community_centre",
        "building": "yes",
        "name": "Dom Kultury",
        "source:addr": "emuia.gugik.gov.pl",
        "@geometry": "center"
      },
      "geometry": {
        "type": "Point",
        "coordinates": [
          19.2173477,
          49.8808676
        ]
      },
      "id": "way/162743556"
    },
    {
      "type": "Feature",
      "properties": {
        "@id": "way/164074146",
        "addr:city": "Ełk",
        "addr:housenumber": "31",
        "addr:postcode": "19-300",
        "addr:street": "Kolejowa",
        "amenity": "social_centre",
        "building": "yes",
        "email": "terapiawtz@wp.pl",
        "name": "Warsztaty Terapii Zajęciowej",
        "phone": "+48876104466",
        "website": "http://www.wtzelk.elk.pl/",
        "@geometry": "center"
      },
      "geometry": {
        "type": "Point",
        "coordinates": [
          22.373686,
          53.8024216
        ]
      },
      "id": "way/164074146"
    },
    {
      "type": "Feature",
      "properties": {
        "@id": "way/164314030",
        "name": "CAF3",
        "name:pl": "Centrum Aktywności Fabryczna 3",
        "contact:website": "http://www.marki.pl/235-caf_3",
        "contact:phone": "+48 22 4188100",
        "contact:email": "caf3@marki.pl",
        "building": "yes",
        "addr:city": "Marki",
        "addr:housenumber": "3",
        "addr:postcode": "05-270",
        "addr:street": "Fabryczna",
        "amenity": "community_centre",
        "@geometry": "center"
      },
      "geometry": {
        "type": "Point",
        "coordinates": [
          21.10503,
          52.3209217
        ]
      },
      "id": "way/164314030"
    },
    {
      "type": "Feature",
      "properties": {
        "@id": "way/164911660",
        "name": "Krąg - dom kultury",
        "amenity": "community_centre",
        "building": "yes",
        "@geometry": "center"
      },
      "geometry": {
        "type": "Point",
        "coordinates": [
          16.8999374,
          52.3905733
        ]
      },
      "id": "way/164911660"
    },
    {
      "type": "Feature",
      "properties": {
        "@id": "way/165301380",
        "website": "http://www.psmwinogrady.pl/domy-kultury/odk-orbita/",
        "addr:city": "Poznań",
        "addr:housenumber": "118",
        "addr:place": "Osiedle Kosmonautów",
        "addr:postcode": "61-641",
        "amenity": "community_centre",
        "building": "public",
        "building:levels": "2",
        "name": "Osiedlowy Dom Kultury \"Orbita\"",
        "phone": "+48 61 630 33 28",
        "short_name": "ODK Orbita",
        "source:addr": "EMUiA (emuia.geoportal.gov.pl)",
        "@geometry": "center"
      },
      "geometry": {
        "type": "Point",
        "coordinates": [
          16.9457564,
          52.4369467
        ]
      },
      "id": "way/165301380"
    },
    {
      "type": "Feature",
      "properties": {
        "@id": "way/165506298",
        "website": "https://www.mdk2.pl/",
        "addr:city": "Poznań",
        "addr:city:simc": "0969400",
        "addr:housenumber": "121",
        "addr:postcode": "61-659",
        "addr:street": "Za Cytadelą",
        "amenity": "community_centre",
        "building": "yes",
        "name": "Młodzieżowy Dom Kultury nr 2",
        "short_name": "MDK nr 2",
        "source:addr": "EMUiA (emuia.geoportal.gov.pl)",
        "@geometry": "center"
      },
      "geometry": {
        "type": "Point",
        "coordinates": [
          16.9293273,
          52.4234308
        ]
      },
      "id": "way/165506298"
    },
    {
      "type": "Feature",
      "properties": {
        "@id": "way/166291611",
        "name": "Świetlica Gminna",
        "building": "yes",
        "amenity": "community_centre",
        "addr:city": "Kowale",
        "addr:country": "PL",
        "addr:housenumber": "1",
        "addr:postcode": "80-180",
        "addr:street": "Glazurowa",
        "@geometry": "center"
      },
      "geometry": {
        "type": "Point",
        "coordinates": [
          18.5626292,
          54.308877
        ]
      },
      "id": "way/166291611"
    },
    {
      "type": "Feature",
      "properties": {
        "@id": "way/166962102",
        "addr:city": "Wyśmierzyce",
        "addr:housenumber": "11",
        "addr:postcode": "26-811",
        "addr:street": "Plac Wolności",
        "amenity": "community_centre",
        "building": "yes",
        "community_centre:for": "senior",
        "name": "Klub Seniora w Wyśmierzycach",
        "@geometry": "center"
      },
      "geometry": {
        "type": "Point",
        "coordinates": [
          20.8107622,
          51.6251011
        ]
      },
      "id": "way/166962102"
    },
    {
      "type": "Feature",
      "properties": {
        "@id": "way/167220098",
        "amenity": "community_centre",
        "building": "yes",
        "opening_hours": "Mo-Fr 08:30-20:00",
        "operator": "gmina Stargard",
        "@geometry": "center"
      },
      "geometry": {
        "type": "Point",
        "coordinates": [
          14.9076066,
          53.2690136
        ]
      },
      "id": "way/167220098"
    },
    {
      "type": "Feature",
      "properties": {
        "@id": "way/167355676",
        "addr:city": "Nowogród Bobrzański",
        "addr:city:simc": "0988572",
        "addr:housenumber": "7",
        "addr:postcode": "66-010",
        "addr:street": "Pocztowa",
        "addr:street:sym_ul": "16579",
        "amenity": "community_centre",
        "building": "yes",
        "name": "MGOKSiR - Nowogród Bobrzański",
        "phone": "+48 604 086 853",
        "source:addr": "nowogrodbobrzanski.e-mapa.net",
        "website": "http://www.mgoksir.pl/",
        "@geometry": "center"
      },
      "geometry": {
        "type": "Point",
        "coordinates": [
          15.2318273,
          51.7981443
        ]
      },
      "id": "way/167355676"
    },
    {
      "type": "Feature",
      "properties": {
        "@id": "way/167479792",
        "addr:city": "Bytom",
        "addr:country": "PL",
        "addr:postcode": "41-909",
        "addr:street": "Armii Krajowej",
        "amenity": "community_centre",
        "building": "yes",
        "source": "BytomGIS",
        "wikimedia_commons": "File:Bytom Łagiewniki church rectory 2019.jpg",
        "@geometry": "center"
      },
      "geometry": {
        "type": "Point",
        "coordinates": [
          18.9344582,
          50.3272736
        ]
      },
      "id": "way/167479792"
    },
    {
      "type": "Feature",
      "properties": {
        "@id": "way/167527421",
        "name": "Ognisko Pracy Pozaszkolnej nr 2",
        "addr:street:sym_ul": "14291",
        "source:addr": "mapa.um.warszawa.pl",
        "ref:vatin": "PL1132735006",
        "ref:rspo": "25090",
        "website": "http://www.opp2.waw.pl",
        "addr:city": "Warszawa",
        "addr:housenumber": "18",
        "addr:postcode": "03-930",
        "addr:street": "Alfreda Nobla",
        "amenity": "community_centre",
        "building": "yes",
        "community_centre:for": "child;juvenile",
        "email": "opp2@edu.um.warszawa.pl",
        "official_name": "Ognisko Pracy Pozaszkolnej nr 2 im. Dr Henryka Jordana",
        "operator": "Praga-Południe",
        "operator:type": "government",
        "phone": "+48 226175962",
        "ref:regon": "141526098",
        "@geometry": "center"
      },
      "geometry": {
        "type": "Point",
        "coordinates": [
          21.0593862,
          52.2345378
        ]
      },
      "id": "way/167527421"
    },
    {
      "type": "Feature",
      "properties": {
        "@id": "way/167698464",
        "addr:city": "Rzeszów",
        "addr:housenumber": "7",
        "addr:street": "Stefana Okrzei",
        "amenity": "community_centre",
        "building": "yes",
        "building:levels": "3",
        "name": "Wojewódzki Dom Kultury",
        "short_name": "WDK",
        "@geometry": "center"
      },
      "geometry": {
        "type": "Point",
        "coordinates": [
          22.0037631,
          50.039389
        ]
      },
      "id": "way/167698464"
    },
    {
      "type": "Feature",
      "properties": {
        "@id": "way/167723139",
        "addr:city": "Zamość",
        "addr:country": "PL",
        "addr:housenumber": "15",
        "addr:postcode": "22-400",
        "addr:street": "Obronna",
        "amenity": "community_centre",
        "building": "yes",
        "name": "Świetlica osiedlowa",
        "@geometry": "center"
      },
      "geometry": {
        "type": "Point",
        "coordinates": [
          23.2469558,
          50.7010168
        ]
      },
      "id": "way/167723139"
    },
    {
      "type": "Feature",
      "properties": {
        "@id": "way/167860869",
        "addr:city:simc": "0909704",
        "addr:housenumber": "19",
        "addr:place": "Czyżówek",
        "amenity": "community_centre",
        "building": "yes",
        "name": "Świetlica Wiejska",
        "source:addr": "ilowa.e-mapa.net",
        "@geometry": "center"
      },
      "geometry": {
        "type": "Point",
        "coordinates": [
          15.166406,
          51.50669
        ]
      },
      "id": "way/167860869"
    },
    {
      "type": "Feature",
      "properties": {
        "@id": "way/168476815",
        "phone": "792 366 660",
        "amenity": "community_centre",
        "building": "yes",
        "source": "Bing",
        "email": "biuro@uniwersytetrozwoju.pl",
        "name": "Uniwersytet Rozwoju",
        "opening_hours": "Mo-Fr 10:00-19:00",
        "addr:street": "Aleja Targowa",
        "website": "https://uniwersytetrozwoju.pl/",
        "addr:city": "Chorzów",
        "addr:housenumber": "4",
        "addr:postcode": "41-503",
        "@geometry": "center"
      },
      "geometry": {
        "type": "Point",
        "coordinates": [
          19.0039006,
          50.2922731
        ]
      },
      "id": "way/168476815"
    },
    {
      "type": "Feature",
      "properties": {
        "@id": "way/168538694",
        "addr:city": "Brzezia Łąka",
        "addr:city:simc": "0873685",
        "addr:housenumber": "2",
        "addr:postcode": "55-093",
        "addr:street": "Sportowa",
        "addr:street:sym_ul": "20683",
        "amenity": "community_centre",
        "building": "yes",
        "name": "Świetlica wiejska",
        "source:addr": "emuia.gugik.gov.pl",
        "@geometry": "center"
      },
      "geometry": {
        "type": "Point",
        "coordinates": [
          17.255439,
          51.123226
        ]
      },
      "id": "way/168538694"
    },
    {
      "type": "Feature",
      "properties": {
        "@id": "way/169044592",
        "addr:country": "PL",
        "addr:city": "Mikołów",
        "addr:housenumber": "19",
        "addr:postcode": "43-190",
        "addr:street": "Rynek",
        "amenity": "community_centre",
        "building": "yes",
        "heritage": "2",
        "heritage:operator": "nid",
        "historic": "yes",
        "name": "Miejski Dom Kultury MDK",
        "ref:nid": "A/689/66",
        "source": "geoportal.gov.pl:ortofoto",
        "@geometry": "center"
      },
      "geometry": {
        "type": "Point",
        "coordinates": [
          18.9044349,
          50.1696474
        ]
      },
      "id": "way/169044592"
    },
    {
      "type": "Feature",
      "properties": {
        "@id": "way/169210396",
        "website": "http://wisus.zory.pl/",
        "amenity": "community_centre",
        "building": "yes",
        "name": "Klub Wisus",
        "operator": "Miejski Ośrodek Kultury w Żorach",
        "@geometry": "center"
      },
      "geometry": {
        "type": "Point",
        "coordinates": [
          18.6924775,
          50.0302928
        ]
      },
      "id": "way/169210396"
    },
    {
      "type": "Feature",
      "properties": {
        "@id": "way/169343565",
        "addr:city": "Gdynia",
        "addr:housenumber": "49",
        "addr:street": "Inżyniera Jana Śmidowicza",
        "amenity": "community_centre",
        "email": "smidowicza49@lis.gdynia.pl",
        "name": "Centrum Sąsiedzkie \"Przystań Śmidowicza 49\"",
        "phone": "+4858587273925",
        "source": "knowledge",
        "website": "https://www.gdynia.pl/przystan",
        "@geometry": "center"
      },
      "geometry": {
        "type": "Point",
        "coordinates": [
          18.5362378,
          54.5429295
        ]
      },
      "id": "way/169343565"
    },
    {
      "type": "Feature",
      "properties": {
        "@id": "way/169712083",
        "addr:city": "Bełchatów",
        "addr:housenumber": "1a",
        "addr:postcode": "97-400",
        "addr:street": "Plac Gabriela Narutowicza",
        "amenity": "community_centre",
        "building": "yes",
        "name": "Miejskie Centrum Kultury",
        "source:addr": "EMUiA (emuia.geoportal.gov.pl)",
        "@geometry": "center"
      },
      "geometry": {
        "type": "Point",
        "coordinates": [
          19.3715497,
          51.3666049
        ]
      },
      "id": "way/169712083"
    },
    {
      "type": "Feature",
      "properties": {
        "@id": "way/169811923",
        "addr:city": "Pionki",
        "addr:housenumber": "12",
        "addr:postcode": "26-670",
        "addr:street": "Jesionowa",
        "amenity": "community_centre",
        "building": "house",
        "building:levels": "2",
        "name": "Stowarzyszenie \"SUMUS\"",
        "source": "www.geoportal.gov.pl",
        "@geometry": "center"
      },
      "geometry": {
        "type": "Point",
        "coordinates": [
          21.4615784,
          51.4695319
        ]
      },
      "id": "way/169811923"
    },
    {
      "type": "Feature",
      "properties": {
        "@id": "way/170087139",
        "amenity": "community_centre",
        "building": "yes",
        "source:addr": "EMUiA (emuia.geoportal.gov.pl)",
        "name": "Biuro Wystaw Artystycznych",
        "addr:city": "Krosno",
        "addr:housenumber": "4",
        "addr:postcode": "38-400",
        "addr:street": "Wojciecha Roberta Portiusa",
        "@geometry": "center"
      },
      "geometry": {
        "type": "Point",
        "coordinates": [
          21.7641865,
          49.6939957
        ]
      },
      "id": "way/170087139"
    },
    {
      "type": "Feature",
      "properties": {
        "@id": "way/170301632",
        "addr:city": "Śliwice",
        "addr:city:simc": "0874041",
        "addr:housenumber": "8",
        "addr:postcode": "55-093",
        "addr:street": "Topolowa",
        "amenity": "community_centre",
        "building": "yes",
        "name": "Świetlica wiejska",
        "source:addr": "emuia.gugik.gov.pl",
        "@geometry": "center"
      },
      "geometry": {
        "type": "Point",
        "coordinates": [
          17.2140815,
          51.1271625
        ]
      },
      "id": "way/170301632"
    },
    {
      "type": "Feature",
      "properties": {
        "@id": "way/170566533",
        "addr:city": "Oława",
        "addr:housenumber": "27",
        "addr:postcode": "55-200",
        "addr:street": "11 Listopada",
        "amenity": "community_centre",
        "building": "yes",
        "name": "Ośrodek Kultury",
        "source:addr": "molawa.e-mapa.net",
        "source:geometry": "geoportal.gov.pl, GPS",
        "@geometry": "center"
      },
      "geometry": {
        "type": "Point",
        "coordinates": [
          17.2947021,
          50.9400803
        ]
      },
      "id": "way/170566533"
    },
    {
      "type": "Feature",
      "properties": {
        "@id": "way/170781737",
        "phone": "+48876213200",
        "addr:city": "Ełk",
        "addr:housenumber": "2",
        "addr:postcode": "19-300",
        "addr:street": "11 Listopada",
        "amenity": "community_centre",
        "building": "yes",
        "building:levels": "1",
        "name": "Stowarzyszenie Mniejszości Niemieckiej \"Mazury\"",
        "@geometry": "center"
      },
      "geometry": {
        "type": "Point",
        "coordinates": [
          22.3398724,
          53.8301534
        ]
      },
      "id": "way/170781737"
    },
    {
      "type": "Feature",
      "properties": {
        "@id": "way/171962368",
        "addr:city": "Głowno",
        "addr:city:simc": "0958714",
        "addr:housenumber": "45",
        "addr:postcode": "95-015",
        "addr:street": "Mikołaja Kopernika",
        "addr:street:sym_ul": "09282",
        "amenity": "community_centre",
        "building": "yes",
        "name": "Miejski Ośrodek Kultury",
        "source:addr": "mglowno.e-mapa.net",
        "@geometry": "center"
      },
      "geometry": {
        "type": "Point",
        "coordinates": [
          19.7343049,
          51.947051
        ]
      },
      "id": "way/171962368"
    },
    {
      "type": "Feature",
      "properties": {
        "@id": "way/172281225",
        "name": "Świetlica wiejska w Rozmierce",
        "building": "yes",
        "amenity": "community_centre",
        "addr:place": "Rozmierka",
        "addr:postcode": "47-171",
        "addr:street": "Szkolna",
        "source": "Bing;http://www.sok.strzelceopolskie.pl/Swietlice,25",
        "@geometry": "center"
      },
      "geometry": {
        "type": "Point",
        "coordinates": [
          18.268662,
          50.5609786
        ]
      },
      "id": "way/172281225"
    },
    {
      "type": "Feature",
      "properties": {
        "@id": "way/172341411",
        "amenity": "community_centre",
        "building": "public",
        "building:levels": "1",
        "community_centre": "village_hall",
        "name": "Świetlica wiejska",
        "@geometry": "center"
      },
      "geometry": {
        "type": "Point",
        "coordinates": [
          20.5307872,
          52.2468827
        ]
      },
      "id": "way/172341411"
    },
    {
      "type": "Feature",
      "properties": {
        "@id": "way/172502414",
        "addr:city": "Poznań",
        "addr:city:simc": "0969400",
        "addr:housenumber": "21",
        "addr:postcode": "61-555",
        "addr:street": "Droga Dębińska",
        "name": "Młodzieżowy Dom Kultury nr 1",
        "barrier": "fence",
        "amenity": "community_centre",
        "website": "http://www.mdk1.pl/",
        "@geometry": "center"
      },
      "geometry": {
        "type": "Point",
        "coordinates": [
          16.9351447,
          52.3936265
        ]
      },
      "id": "way/172502414"
    },
    {
      "type": "Feature",
      "properties": {
        "@id": "way/173629418",
        "addr:city": "Ostrzyce",
        "addr:city:simc": "0172505",
        "addr:housenumber": "9",
        "addr:postcode": "81-311",
        "addr:street": "Droga Kaszubska",
        "addr:street:sym_ul": "30620",
        "amenity": "community_centre",
        "building": "yes",
        "name": "Centrum Integracji Społecznej w Ostrzycach",
        "phone": "+4858 6941978",
        "source:addr": "somonino.e-mapa.net",
        "website": "http://www.cis-ostrzyce.pl/",
        "@geometry": "center"
      },
      "geometry": {
        "type": "Point",
        "coordinates": [
          18.1147176,
          54.2545865
        ]
      },
      "id": "way/173629418"
    },
    {
      "type": "Feature",
      "properties": {
        "@id": "way/174995885",
        "short_name": "MDSM",
        "name": "Międzynarodowy Dom Spotkań Mlodzieży",
        "landuse": "commercial",
        "barrier": "fence",
        "amenity": "community_centre",
        "addr:street": "Legionów",
        "addr:housenumber": "11",
        "@geometry": "center"
      },
      "geometry": {
        "type": "Point",
        "coordinates": [
          19.2138244,
          50.0388585
        ]
      },
      "id": "way/174995885"
    },
    {
      "type": "Feature",
      "properties": {
        "@id": "way/175209672",
        "addr:housenumber": "24",
        "addr:street": "Jędrzeja Śniadeckiego",
        "amenity": "community_centre",
        "building": "yes",
        "name": "Oświęcimskie Centrum Kultury",
        "name:short": "OCK",
        "@geometry": "center"
      },
      "geometry": {
        "type": "Point",
        "coordinates": [
          19.2399184,
          50.0351229
        ]
      },
      "id": "way/175209672"
    },
    {
      "type": "Feature",
      "properties": {
        "@id": "way/175344152",
        "addr:city": "Przasnysz",
        "addr:city:simc": "0966398",
        "addr:housenumber": "2",
        "addr:street": "Świętego Stanisława Kostki",
        "addr:street:sym_ul": "09480",
        "amenity": "community_centre",
        "source:addr": "mprzasnysz.e-mapa.net",
        "building": "yes",
        "name": "Miejski Dom Kultury",
        "@geometry": "center"
      },
      "geometry": {
        "type": "Point",
        "coordinates": [
          20.8798803,
          53.0215426
        ]
      },
      "id": "way/175344152"
    },
    {
      "type": "Feature",
      "properties": {
        "@id": "way/176380901",
        "website": "http://mdk.miastoszczytno.pl/",
        "addr:city": "Szczytno",
        "addr:city:simc": "0964991",
        "addr:housenumber": "12",
        "addr:postcode": "12-100",
        "addr:street": "Polska",
        "addr:street:sym_ul": "17030",
        "amenity": "community_centre",
        "building": "yes",
        "name": "Miejski Dom Kultury",
        "phone": "+48 89 676 09 00",
        "source:addr": "Urząd Miejski w Szczytnie",
        "@geometry": "center"
      },
      "geometry": {
        "type": "Point",
        "coordinates": [
          20.9964219,
          53.5625024
        ]
      },
      "id": "way/176380901"
    },
    {
      "type": "Feature",
      "properties": {
        "@id": "way/176721899",
        "name": "Klub Maczki",
        "building": "yes",
        "amenity": "community_centre",
        "addr:city": "Sosnowiec",
        "addr:housenumber": "26",
        "addr:postcode": "41-953",
        "addr:street": "Krakowska",
        "@geometry": "center"
      },
      "geometry": {
        "type": "Point",
        "coordinates": [
          19.2704987,
          50.2587061
        ]
      },
      "id": "way/176721899"
    },
    {
      "type": "Feature",
      "properties": {
        "@id": "way/177478106",
        "addr:city": "Sieradz",
        "addr:country": "PL",
        "addr:housenumber": "3",
        "addr:postcode": "98-200",
        "addr:street": "1000-lecia Państwa Polskiego",
        "amenity": "community_centre",
        "building": "yes",
        "name": "Młodzieżowy Dom Kultury",
        "@geometry": "center"
      },
      "geometry": {
        "type": "Point",
        "coordinates": [
          18.7340261,
          51.5921033
        ]
      },
      "id": "way/177478106"
    },
    {
      "type": "Feature",
      "properties": {
        "@id": "way/177525624",
        "addr:city": "Boguszów-Gorce",
        "addr:city:simc": "0983824",
        "addr:housenumber": "8a",
        "addr:street": "Juliusza Słowackiego",
        "addr:street:sym_ul": "20291",
        "amenity": "nightclub",
        "building": "yes",
        "source:addr": "boguszowgorce.e-mapa.net",
        "source:geometry": "geoportal.gov.pl, GPS",
        "@geometry": "center"
      },
      "geometry": {
        "type": "Point",
        "coordinates": [
          16.1663905,
          50.7651614
        ]
      },
      "id": "way/177525624"
    },
    {
      "type": "Feature",
      "properties": {
        "@id": "way/178717105",
        "name": "Świetlica",
        "addr:city:simc": "0857019",
        "addr:housenumber": "126",
        "addr:place": "Laski",
        "addr:postcode": "57-251",
        "amenity": "community_centre",
        "building": "yes",
        "source:addr": "emuia.gugik.gov.pl",
        "@geometry": "center"
      },
      "geometry": {
        "type": "Point",
        "coordinates": [
          16.8035724,
          50.4575806
        ]
      },
      "id": "way/178717105"
    },
    {
      "type": "Feature",
      "properties": {
        "@id": "way/178942587",
        "source:addr": "grudziadz.e-mapa.net",
        "addr:city:simc": "0844436",
        "addr:housenumber": "49",
        "addr:place": "Węgrowo",
        "amenity": "community_centre",
        "building": "yes",
        "name": "Świetlica Wiejska w Węgrowie",
        "source": "Bing",
        "@geometry": "center"
      },
      "geometry": {
        "type": "Point",
        "coordinates": [
          18.8154932,
          53.461431
        ]
      },
      "id": "way/178942587"
    },
    {
      "type": "Feature",
      "properties": {
        "@id": "way/179770687",
        "access": "yes",
        "amenity": "community_centre",
        "barrier": "fence",
        "leisure": "common",
        "name": "Miejski Ośrodek Kultury im. Lotników Polskich",
        "@geometry": "center"
      },
      "geometry": {
        "type": "Point",
        "coordinates": [
          21.1800783,
          51.3850762
        ]
      },
      "id": "way/179770687"
    },
    {
      "type": "Feature",
      "properties": {
        "@id": "way/179855813",
        "addr:city": "Jeżewo",
        "addr:housenumber": "2",
        "addr:postcode": "86-131",
        "addr:street": "Główna",
        "amenity": "community_centre",
        "building": "yes",
        "@geometry": "center"
      },
      "geometry": {
        "type": "Point",
        "coordinates": [
          18.4941553,
          53.5093507
        ]
      },
      "id": "way/179855813"
    },
    {
      "type": "Feature",
      "properties": {
        "@id": "way/179919111",
        "operator": "EKO-LAN",
        "amenity": "community_centre",
        "covered": "no",
        "leisure": "sports_centre",
        "opening_hours": "24/7",
        "sport": "gymnastics",
        "surface": "paved",
        "@geometry": "center"
      },
      "geometry": {
        "type": "Point",
        "coordinates": [
          18.5635982,
          54.320475
        ]
      },
      "id": "way/179919111"
    },
    {
      "type": "Feature",
      "properties": {
        "@id": "way/180816934",
        "source:addr": "EMUiA (emuia.gugik.gov.pl)",
        "website": "http://www.wsparcie.sosnowiec.pl/",
        "building": "yes",
        "phone": "322633222, 322633276",
        "opening_hours": "Mo-Th 07:30-15:30; We 07:30-18:00; Fr 07:30-13:00",
        "name": "Sosnowieckie Centrum Organizacji Pozarządowych",
        "addr:city": "Sosnowiec",
        "addr:housenumber": "5",
        "addr:street": "Plac Tadeusza Kościuszki",
        "amenity": "community_centre",
        "email": "scop@um.sosnowiec.pl",
        "@geometry": "center"
      },
      "geometry": {
        "type": "Point",
        "coordinates": [
          19.1428438,
          50.287848
        ]
      },
      "id": "way/180816934"
    },
    {
      "type": "Feature",
      "properties": {
        "@id": "way/183637274",
        "addr:city": "Chorzów",
        "addr:city:simc": "0938887",
        "addr:housenumber": "6",
        "addr:postcode": "41-506",
        "addr:street": "Stefana Batorego",
        "amenity": "community_centre",
        "building": "yes",
        "building:colour": "#7a4123",
        "building:levels": "4",
        "building:material": "brick",
        "name": "Miejski Dom Kultury Batory",
        "phone": "+48 32 246-00-60",
        "source": "www.geoportal.gov.pl",
        "source:addr": "gugik.gov.pl",
        "website": "http://www.mdk-batory.com.pl",
        "@geometry": "center"
      },
      "geometry": {
        "type": "Point",
        "coordinates": [
          18.9394018,
          50.2756732
        ]
      },
      "id": "way/183637274"
    },
    {
      "type": "Feature",
      "properties": {
        "@id": "way/184339230",
        "amenity": "community_centre",
        "building": "yes",
        "name": "Świetlica",
        "@geometry": "center"
      },
      "geometry": {
        "type": "Point",
        "coordinates": [
          16.4456178,
          50.5973617
        ]
      },
      "id": "way/184339230"
    },
    {
      "type": "Feature",
      "properties": {
        "@id": "way/184914519",
        "addr:city:simc": "0848121",
        "addr:housenumber": "129",
        "addr:place": "Papowo Biskupie",
        "addr:postcode": "86-221",
        "amenity": "community_centre",
        "building": "yes",
        "name": "Gminny Ośrodek Kultury",
        "source:addr": "papowobiskupie.e-mapa.net",
        "@geometry": "center"
      },
      "geometry": {
        "type": "Point",
        "coordinates": [
          18.5639596,
          53.2492379
        ]
      },
      "id": "way/184914519"
    },
    {
      "type": "Feature",
      "properties": {
        "@id": "way/185636225",
        "addr:city": "Suwałki",
        "addr:housenumber": "5",
        "addr:postcode": "16-400",
        "addr:street": "Papieża Jana Pawła II",
        "amenity": "community_centre",
        "building": "yes",
        "name": "Suwalski Ośrodek Kultury",
        "@geometry": "center"
      },
      "geometry": {
        "type": "Point",
        "coordinates": [
          22.9364312,
          54.1121833
        ]
      },
      "id": "way/185636225"
    },
    {
      "type": "Feature",
      "properties": {
        "@id": "way/186663709",
        "addr:city": "Czeremcha",
        "addr:city:simc": "0025810",
        "addr:housenumber": "77",
        "addr:postcode": "17-240",
        "addr:street": "1 Maja",
        "addr:street:sym_ul": "11926",
        "amenity": "community_centre",
        "building": "yes",
        "name": "Gminny Ośrodek Kultury",
        "source:addr": "czeremcha.e-mapa.net",
        "@geometry": "center"
      },
      "geometry": {
        "type": "Point",
        "coordinates": [
          23.3511145,
          52.5173162
        ]
      },
      "id": "way/186663709"
    },
    {
      "type": "Feature",
      "properties": {
        "@id": "way/186899380",
        "addr:housenumber": "1",
        "addr:street": "Rynek",
        "amenity": "community_centre",
        "building": "yes",
        "building:levels": "2",
        "community_centre": "club_home",
        "community_centre:for": "scout",
        "name": "Hufiec ZHP Radom-Miasto",
        "roof:colour": "#A3CBD1",
        "roof:shape": "skillion",
        "@geometry": "center"
      },
      "geometry": {
        "type": "Point",
        "coordinates": [
          21.1431713,
          51.4036116
        ]
      },
      "id": "way/186899380"
    },
    {
      "type": "Feature",
      "properties": {
        "@id": "way/186955959",
        "addr:city": "Bielsko-Biała",
        "addr:housenumber": "16",
        "addr:postcode": "43-346",
        "addr:street": "Olimpijska",
        "amenity": "community_centre",
        "building": "yes",
        "name": "Dom Kultury w Komorowicach",
        "@geometry": "center"
      },
      "geometry": {
        "type": "Point",
        "coordinates": [
          19.04286,
          49.8528409
        ]
      },
      "id": "way/186955959"
    },
    {
      "type": "Feature",
      "properties": {
        "@id": "way/188237150",
        "addr:city": "Kaczorów",
        "addr:city:simc": "0189397",
        "addr:housenumber": "20",
        "addr:postcode": "59-421",
        "addr:street": "Jeleniogórska",
        "addr:street:sym_ul": "07459",
        "amenity": "nightclub",
        "building": "yes",
        "name": "Night Club Riviera",
        "source:addr": "emuia.gugik.gov.pl",
        "@geometry": "center"
      },
      "geometry": {
        "type": "Point",
        "coordinates": [
          15.9478227,
          50.9082774
        ]
      },
      "id": "way/188237150"
    },
    {
      "type": "Feature",
      "properties": {
        "@id": "way/188762462",
        "addr:city": "Kondratowice",
        "addr:city:simc": "0875804",
        "addr:housenumber": "23",
        "addr:postcode": "57-150",
        "addr:street": "Długa",
        "addr:street:sym_ul": "03839",
        "amenity": "community_centre",
        "building": "yes",
        "email": "gok_kondratowice@interia.pl",
        "name": "Gminny Ośrodek Kultury w Kondratowicach",
        "source:addr": "emuia.gugik.gov.pl",
        "website": "http://www.kondratowice.pl/asp/pl_start.asp?typ=14&submenu=62&menu=63&strona=1",
        "@geometry": "center"
      },
      "geometry": {
        "type": "Point",
        "coordinates": [
          16.9340654,
          50.7715187
        ]
      },
      "id": "way/188762462"
    },
    {
      "type": "Feature",
      "properties": {
        "@id": "way/189022947",
        "addr:city:simc": "169331",
        "amenity": "community_centre",
        "building": "public",
        "name": "Świetlica wiejska w Straszynie",
        "addr:city": "Straszyn",
        "addr:housenumber": "13",
        "addr:postcode": "83-010",
        "addr:street": "Spacerowa",
        "alt_name": "świetlica w straszynie",
        "source:addr": "pruszczgdanski.e-mapa.net",
        "@geometry": "center"
      },
      "geometry": {
        "type": "Point",
        "coordinates": [
          18.5697338,
          54.2732643
        ]
      },
      "id": "way/189022947"
    },
    {
      "type": "Feature",
      "properties": {
        "@id": "way/190435004",
        "addr:city": "Krosno",
        "addr:housenumber": "12",
        "addr:postcode": "38-400",
        "addr:street": "Grunwaldzka",
        "amenity": "community_centre",
        "building": "yes",
        "name": "Dom Ludowy w Suchodole",
        "phone": "+48134322844",
        "source": "http://ump.waw.pl/ retrieved 01:32:52 09/02/09 (UMP-Przemysl/src/POI-Przemysl.pnt-converted.txt)",
        "source:addr": "EMUiA (emuia.geoportal.gov.pl)",
        "@geometry": "center"
      },
      "geometry": {
        "type": "Point",
        "coordinates": [
          21.7637849,
          49.6687418
        ]
      },
      "id": "way/190435004"
    },
    {
      "type": "Feature",
      "properties": {
        "@id": "way/191707409",
        "source:addr": "miloradz.e-mapa.net",
        "name": "Gminny Ośrodek Kultury i Sportu",
        "addr:city": "Miłoradz",
        "addr:city:simc": "0152744",
        "addr:housenumber": "54",
        "addr:postcode": "82-213",
        "addr:street": "Główna",
        "addr:street:sym_ul": "05635",
        "amenity": "community_centre",
        "building": "civic",
        "@geometry": "center"
      },
      "geometry": {
        "type": "Point",
        "coordinates": [
          18.9111116,
          54.0149092
        ]
      },
      "id": "way/191707409"
    },
    {
      "type": "Feature",
      "properties": {
        "@id": "way/192929220",
        "addr:city": "Świętochłowice",
        "addr:housenumber": "1",
        "addr:postcode": "41-600",
        "addr:street": "Harcerska",
        "amenity": "community_centre",
        "building": "yes",
        "name": "Młodzieżowy Dom Kultury",
        "source:addr": "UM Świętochłowice",
        "@geometry": "center"
      },
      "geometry": {
        "type": "Point",
        "coordinates": [
          18.9137501,
          50.2938578
        ]
      },
      "id": "way/192929220"
    },
    {
      "type": "Feature",
      "properties": {
        "@id": "way/192987549",
        "amenity": "community_centre",
        "building": "yes",
        "name": "Centrum Kultury",
        "@geometry": "center"
      },
      "geometry": {
        "type": "Point",
        "coordinates": [
          22.8947422,
          51.2944799
        ]
      },
      "id": "way/192987549"
    },
    {
      "type": "Feature",
      "properties": {
        "@id": "way/193450913",
        "amenity": "community_centre",
        "name": "Gminny Ośrodek Kultury",
        "source:geometry": "geoportal.gov.pl:ortofoto",
        "building": "public",
        "@geometry": "center"
      },
      "geometry": {
        "type": "Point",
        "coordinates": [
          18.7363585,
          49.7346883
        ]
      },
      "id": "way/193450913"
    },
    {
      "type": "Feature",
      "properties": {
        "@id": "way/193877010",
        "addr:city": "Łańcut",
        "addr:housenumber": "15",
        "addr:postcode": "37-100",
        "addr:street": "Tadeusza Kościuszki",
        "amenity": "community_centre",
        "building": "public",
        "name": "Miejski Dom Kultury",
        "@geometry": "center"
      },
      "geometry": {
        "type": "Point",
        "coordinates": [
          22.2335377,
          50.0703073
        ]
      },
      "id": "way/193877010"
    },
    {
      "type": "Feature",
      "properties": {
        "@id": "way/193950501",
        "addr:city": "Gorzów Wielkopolski",
        "addr:housenumber": "39",
        "addr:postcode": "66-400",
        "addr:street": "Stefana Okrzei",
        "amenity": "community_centre",
        "building": "yes",
        "building:levels": "3",
        "name": "Ośrodek Interwencji Kryzysowej",
        "opening_hours": "24/7",
        "phone": "+48 95 7 214 215",
        "source": "UM Gorzów",
        "website": "http://www.oik.pl/gorzow/index.php",
        "@geometry": "center"
      },
      "geometry": {
        "type": "Point",
        "coordinates": [
          15.2256945,
          52.7496848
        ]
      },
      "id": "way/193950501"
    },
    {
      "type": "Feature",
      "properties": {
        "@id": "way/194448937",
        "source": "mapa.um.warszawa.pl",
        "addr:city": "Warszawa",
        "addr:housenumber": "10/8",
        "addr:street": "Jazdów",
        "amenity": "community_centre",
        "building": "detached",
        "building:levels": "1",
        "facebook": "TowarzystwoPolskaFinlandia",
        "name": "Towarzystwo Polska-Finlandia",
        "@geometry": "center"
      },
      "geometry": {
        "type": "Point",
        "coordinates": [
          21.0293218,
          52.2221177
        ]
      },
      "id": "way/194448937"
    },
    {
      "type": "Feature",
      "properties": {
        "@id": "way/194448954",
        "website": "http://panstwomiasto.pl",
        "addr:city": "Warszawa",
        "addr:housenumber": "3/12",
        "addr:postcode": "00-467",
        "addr:street": "Jazdów",
        "amenity": "community_centre",
        "building": "detached",
        "building:levels": "1",
        "name": "Państwomiasto",
        "operator": "Stowarzyszenie Państwomiasto",
        "operator:type": "ngo",
        "roof:shape": "gabled",
        "source": "mapa.um.warszawa.pl",
        "@geometry": "center"
      },
      "geometry": {
        "type": "Point",
        "coordinates": [
          21.0279224,
          52.2214587
        ]
      },
      "id": "way/194448954"
    },
    {
      "type": "Feature",
      "properties": {
        "@id": "way/194448963",
        "addr:city": "Warszawa",
        "addr:housenumber": "3/6",
        "addr:street": "Jazdów",
        "amenity": "community_centre",
        "arts_centre": "https://www.facebook.com/otwartapracowniajazdow",
        "building": "detached",
        "building:levels": "1",
        "name": "Otwarta Pracownia",
        "operator": "Stowarzyszenie Akademickie Wydziału Architektury PW",
        "source": "mapa.um.warszawa.pl",
        "@geometry": "center"
      },
      "geometry": {
        "type": "Point",
        "coordinates": [
          21.0286788,
          52.2209939
        ]
      },
      "id": "way/194448963"
    },
    {
      "type": "Feature",
      "properties": {
        "@id": "way/194448964",
        "addr:city": "Warszawa",
        "addr:housenumber": "3/8",
        "addr:postcode": "00-467",
        "addr:street": "Jazdów",
        "amenity": "community_centre",
        "building": "detached",
        "building:levels": "1",
        "facebook": "miejskiepszczoly",
        "name": "Miejskie Pszczoły",
        "operator": "Stowarzyszenie Państwomiasto",
        "operator:type": "ngo",
        "source": "mapa.um.warszawa.pl",
        "@geometry": "center"
      },
      "geometry": {
        "type": "Point",
        "coordinates": [
          21.0280694,
          52.2217735
        ]
      },
      "id": "way/194448964"
    },
    {
      "type": "Feature",
      "properties": {
        "@id": "way/194448984",
        "website": "ape-edu.org",
        "addr:city": "Warszawa",
        "addr:housenumber": "5A/4",
        "addr:street": "Jazdów",
        "amenity": "community_centre",
        "brand": "APE",
        "building": "detached",
        "building:levels": "2",
        "name": "Autonomiczna Przestrzeń Edukacyjna",
        "source": "mapa.um.warszawa.pl",
        "@geometry": "center"
      },
      "geometry": {
        "type": "Point",
        "coordinates": [
          21.0273908,
          52.221913
        ]
      },
      "id": "way/194448984"
    },
    {
      "type": "Feature",
      "properties": {
        "@id": "way/194449000",
        "amenity": "community_centre",
        "name": "Domek filmowy",
        "addr:city": "Warszawa",
        "addr:housenumber": "8/1",
        "addr:street": "Jazdów",
        "building": "detached",
        "building:levels": "1",
        "source": "mapa.um.warszawa.pl",
        "@geometry": "center"
      },
      "geometry": {
        "type": "Point",
        "coordinates": [
          21.0292169,
          52.2217361
        ]
      },
      "id": "way/194449000"
    },
    {
      "type": "Feature",
      "properties": {
        "@id": "way/194449001",
        "amenity": "community_centre",
        "source": "mapa.um.warszawa.pl",
        "facebook": "osiemprzezdwa",
        "name": "Osiem Przez Dwa",
        "addr:city": "Warszawa",
        "addr:housenumber": "8/2",
        "addr:street": "Jazdów",
        "building": "detached",
        "building:levels": "2",
        "@geometry": "center"
      },
      "geometry": {
        "type": "Point",
        "coordinates": [
          21.0292641,
          52.2215727
        ]
      },
      "id": "way/194449001"
    },
    {
      "type": "Feature",
      "properties": {
        "@id": "way/194603409",
        "addr:city": "Wilkowiczki",
        "addr:housenumber": "8",
        "addr:street": "Wiejska",
        "amenity": "community_centre",
        "building": "yes",
        "name": "Świetlica Wiejska",
        "source": "Bing",
        "@geometry": "center"
      },
      "geometry": {
        "type": "Point",
        "coordinates": [
          18.5666864,
          50.4514787
        ]
      },
      "id": "way/194603409"
    },
    {
      "type": "Feature",
      "properties": {
        "@id": "way/194693109",
        "website": "http://sck.stargard.pl",
        "addr:city": "Stargard",
        "addr:housenumber": "105",
        "addr:street": "Marszałka Józefa Piłsudskiego",
        "amenity": "community_centre",
        "building": "yes",
        "email": "sekretariat@sck.stargard.pl",
        "name": "Stargardzkie Centrum Kultury",
        "source:addr": "UM Stargard Szczeciński",
        "wikidata": "Q9344139",
        "wikipedia": "pl:Stargardzkie Centrum Kultury",
        "@geometry": "center"
      },
      "geometry": {
        "type": "Point",
        "coordinates": [
          15.0368911,
          53.3410266
        ]
      },
      "id": "way/194693109"
    },
    {
      "type": "Feature",
      "properties": {
        "@id": "way/194716290",
        "ref:nid": "A-8",
        "name": "Młodzieżowy Dom Kultury",
        "historic": "castle",
        "building": "yes",
        "heritage:operator": "nid",
        "heritage": "2",
        "castle_type": "palace",
        "amenity": "community_centre",
        "addr:street": "Portowa",
        "addr:postcode": "73-110",
        "addr:housenumber": "3",
        "@geometry": "center"
      },
      "geometry": {
        "type": "Point",
        "coordinates": [
          15.043752,
          53.3418883
        ]
      },
      "id": "way/194716290"
    },
    {
      "type": "Feature",
      "properties": {
        "@id": "way/195749422",
        "name": "Centrum Kultury Kwadrat",
        "building": "yes",
        "amenity": "community_centre",
        "@geometry": "center"
      },
      "geometry": {
        "type": "Point",
        "coordinates": [
          15.7347216,
          50.901552
        ]
      },
      "id": "way/195749422"
    },
    {
      "type": "Feature",
      "properties": {
        "@id": "way/196680716",
        "addr:city": "Konin",
        "addr:housenumber": "47A",
        "addr:postcode": "62-510",
        "addr:street": "Okólna",
        "amenity": "community_centre",
        "building": "yes",
        "name": "Centrum Kultury i Sztuki w Koninie",
        "@geometry": "center"
      },
      "geometry": {
        "type": "Point",
        "coordinates": [
          18.2814025,
          52.2359203
        ]
      },
      "id": "way/196680716"
    },
    {
      "type": "Feature",
      "properties": {
        "@id": "way/196690424",
        "addr:city": "Konin",
        "addr:housenumber": "3D",
        "addr:postcode": "62-510",
        "addr:street": "Przemysłowa",
        "amenity": "community_centre",
        "building": "yes",
        "name": "Młodzieżowy Dom Kultury-Energetyk w Koninie",
        "source:geometry": "bdot",
        "@geometry": "center"
      },
      "geometry": {
        "type": "Point",
        "coordinates": [
          18.2665205,
          52.2322914
        ]
      },
      "id": "way/196690424"
    },
    {
      "type": "Feature",
      "properties": {
        "@id": "way/196935657",
        "addr:city": "Konin",
        "addr:housenumber": "14",
        "addr:postcode": "62-510",
        "addr:street": "Powstańców Wielkopolskich",
        "amenity": "community_centre",
        "building": "yes",
        "name": "Młodzieżowy Dom Kultury w Koninie",
        "@geometry": "center"
      },
      "geometry": {
        "type": "Point",
        "coordinates": [
          18.2571244,
          52.2267197
        ]
      },
      "id": "way/196935657"
    },
    {
      "type": "Feature",
      "properties": {
        "@id": "way/196935660",
        "addr:city": "Konin",
        "addr:housenumber": "1",
        "addr:postcode": "62-510",
        "addr:street": "Plac Niepodległości",
        "amenity": "community_centre",
        "building": "yes",
        "name": "Koniński Dom Kultury",
        "@geometry": "center"
      },
      "geometry": {
        "type": "Point",
        "coordinates": [
          18.2509292,
          52.2265
        ]
      },
      "id": "way/196935660"
    },
    {
      "type": "Feature",
      "properties": {
        "@id": "way/197201478",
        "source:address": "UM Rzeszów, wms.erzeszow.pl",
        "source": "UM Rzeszów, wms.erzeszow.pl",
        "ref": "E3",
        "addr:city": "Rzeszów",
        "addr:housenumber": "4a",
        "addr:street": "Cicha",
        "amenity": "nightclub",
        "building": "commercial",
        "building:levels": "1",
        "name": "Klub Pod Palmą",
        "@geometry": "center"
      },
      "geometry": {
        "type": "Point",
        "coordinates": [
          22.0048168,
          50.0165064
        ]
      },
      "id": "way/197201478"
    },
    {
      "type": "Feature",
      "properties": {
        "@id": "way/197279180",
        "addr:housenumber": "2",
        "source:addr": "filipow.e-mapa.net",
        "addr:city": "Filipów",
        "addr:city:simc": "0757074",
        "addr:postcode": "16-424",
        "addr:street": "Garbaska",
        "amenity": "community_centre",
        "building": "yes",
        "name": "Gminny Ośrodek Kultury",
        "@geometry": "center"
      },
      "geometry": {
        "type": "Point",
        "coordinates": [
          22.6209315,
          54.1786977
        ]
      },
      "id": "way/197279180"
    },
    {
      "type": "Feature",
      "properties": {
        "@id": "way/197484459",
        "addr:city": "Ryki",
        "addr:housenumber": "11",
        "addr:postcode": "08-500",
        "addr:street": "Warszawska",
        "amenity": "community_centre",
        "building": "yes",
        "height": "0.3",
        "name": "Miejsko-Gminne Centrum Kultury",
        "@geometry": "center"
      },
      "geometry": {
        "type": "Point",
        "coordinates": [
          21.9332321,
          51.6244433
        ]
      },
      "id": "way/197484459"
    },
    {
      "type": "Feature",
      "properties": {
        "@id": "way/198020538",
        "website": "http://www.ck.gminalancut.pl",
        "addr:city:simc": "0655209",
        "addr:housenumber": "365A",
        "addr:place": "Sonina",
        "addr:postcode": "37-100",
        "amenity": "community_centre",
        "building": "yes",
        "name": "Ośrodek Kultury w Soninie",
        "opening_hours:covid19": "Mo-Fr 14:00-22:00",
        "phone": "+48 17 224 18 29",
        "source:addr": "lancut.e-mapa.net",
        "@geometry": "center"
      },
      "geometry": {
        "type": "Point",
        "coordinates": [
          22.2683817,
          50.0624885
        ]
      },
      "id": "way/198020538"
    },
    {
      "type": "Feature",
      "properties": {
        "@id": "way/198081216",
        "addr:city": "Rzeszów",
        "addr:housenumber": "3",
        "addr:street": "Herbowa",
        "amenity": "community_centre",
        "building": "yes",
        "building:levels": "1",
        "building:usage:pl": "Inny",
        "name": "RDK filia Country",
        "official_name": "Rzeszowski Dom Kultury filia Country",
        "source": "UM Rzeszów",
        "source:addr": "UM Rzeszów",
        "website": "https://country.rdk.rzeszow.pl",
        "@geometry": "center"
      },
      "geometry": {
        "type": "Point",
        "coordinates": [
          21.9932273,
          49.9788333
        ]
      },
      "id": "way/198081216"
    },
    {
      "type": "Feature",
      "properties": {
        "@id": "way/198367411",
        "addr:city": "Rawa Mazowiecka",
        "addr:housenumber": "6c",
        "addr:postcode": "96-200",
        "addr:street": "Krakowska",
        "amenity": "community_centre",
        "building": "yes",
        "name": "Miejski Dom Kultury im. Danuty Siedzikówny „Inki” w Rawie Mazowieckiej",
        "phone": "46 815 47 13",
        "website": "http://mdkrawa.pl/kontakt/",
        "@geometry": "center"
      },
      "geometry": {
        "type": "Point",
        "coordinates": [
          20.2541425,
          51.7629586
        ]
      },
      "id": "way/198367411"
    },
    {
      "type": "Feature",
      "properties": {
        "@id": "way/200072504",
        "addr:city:simc": "0591060",
        "addr:housenumber": "155",
        "addr:place": "Glinno",
        "addr:postcode": "64-300",
        "amenity": "community_centre",
        "building": "yes",
        "name": "Świetlica Wiejska we wsi Glinno",
        "source:addr": "nowytomysl.e-mapa.net",
        "@geometry": "center"
      },
      "geometry": {
        "type": "Point",
        "coordinates": [
          16.1274273,
          52.3345626
        ]
      },
      "id": "way/200072504"
    },
    {
      "type": "Feature",
      "properties": {
        "@id": "way/200346090",
        "addr:housename": "Klub JW4395",
        "addr:housenumber": "1",
        "addr:place": "Leźnica Wielka-Osiedle",
        "addr:postcode": "95-043",
        "alt_name": "Klub Garnizonowy w Leźnicy Wielkiej-Osiedle",
        "amenity": "community_centre",
        "building": "yes",
        "name": "Klub JW4395",
        "@geometry": "center"
      },
      "geometry": {
        "type": "Point",
        "coordinates": [
          19.1259277,
          51.9909292
        ]
      },
      "id": "way/200346090"
    },
    {
      "type": "Feature",
      "properties": {
        "@id": "way/200609989",
        "amenity": "nightclub",
        "email": "menadzer@klubborabora.pl",
        "name": "Bora Bora - Muzyczna Wyspa",
        "website": "http://klubborabora.pl",
        "addr:city": "Zawadzkie",
        "addr:city:simc": "0966004",
        "addr:housenumber": "2",
        "addr:postcode": "47-120",
        "addr:street": "Ludwika Waryńskiego",
        "addr:street:sym_ul": "23703",
        "building": "yes",
        "source:addr": "zawadzkie.e-mapa.net",
        "@geometry": "center"
      },
      "geometry": {
        "type": "Point",
        "coordinates": [
          18.4753766,
          50.6117772
        ]
      },
      "id": "way/200609989"
    },
    {
      "type": "Feature",
      "properties": {
        "@id": "way/201038251",
        "name": "Świetlica Wiejska Przyłęk",
        "addr:city:simc": "0591142",
        "addr:housenumber": "39",
        "addr:place": "Przyłęk",
        "addr:postcode": "64-300",
        "amenity": "community_centre",
        "building": "yes",
        "source:addr": "nowytomysl.e-mapa.net",
        "@geometry": "center"
      },
      "geometry": {
        "type": "Point",
        "coordinates": [
          16.0826284,
          52.3296919
        ]
      },
      "id": "way/201038251"
    },
    {
      "type": "Feature",
      "properties": {
        "@id": "way/201185007",
        "addr:city": "Kielce",
        "addr:housenumber": "2",
        "addr:street": "Zamkowa",
        "amenity": "nightclub",
        "building": "yes",
        "name": "Klub Gatsby",
        "@geometry": "center"
      },
      "geometry": {
        "type": "Point",
        "coordinates": [
          20.6256088,
          50.8688133
        ]
      },
      "id": "way/201185007"
    },
    {
      "type": "Feature",
      "properties": {
        "@id": "way/201594000",
        "addr:city": "Rosnówko",
        "addr:city:simc": "0585911",
        "addr:housenumber": "50",
        "addr:postcode": "62-052",
        "addr:street": "1 Maja",
        "addr:street:sym_ul": "11926",
        "amenity": "community_centre",
        "building": "yes",
        "name": "Dom Kultury „Klub”",
        "source:addr": "komorniki.e-mapa.net",
        "@geometry": "center"
      },
      "geometry": {
        "type": "Point",
        "coordinates": [
          16.764995,
          52.3020497
        ]
      },
      "id": "way/201594000"
    },
    {
      "type": "Feature",
      "properties": {
        "@id": "way/201675317",
        "addr:city": "Katowice",
        "addr:housenumber": "25",
        "addr:postcode": "40-748",
        "addr:street": "Sołtysia",
        "amenity": "community_centre",
        "building": "yes",
        "name": "Miejski Dom Kultury „Południe” - filia nr 4 w Podlesiu",
        "source": "UM Katowice",
        "@geometry": "center"
      },
      "geometry": {
        "type": "Point",
        "coordinates": [
          18.9762845,
          50.1800917
        ]
      },
      "id": "way/201675317"
    },
    {
      "type": "Feature",
      "properties": {
        "@id": "way/201897436",
        "addr:city": "Katowice",
        "addr:housenumber": "10",
        "addr:postcode": "40-379",
        "addr:street": "Obrońców Westerplatte",
        "amenity": "community_centre",
        "building": "yes",
        "email": "filia19@mbp.katowice.pl",
        "name": "Miejski Dom Kultury „Szopienice-Giszowiec” Filia nr 1",
        "opening_hours": "Mo-Fr 08:00-19:00",
        "phone": "+48 32 256 99 77",
        "source": "UM Katowice",
        "@geometry": "center"
      },
      "geometry": {
        "type": "Point",
        "coordinates": [
          19.0950561,
          50.2636304
        ]
      },
      "id": "way/201897436"
    },
    {
      "type": "Feature",
      "properties": {
        "@id": "way/201897469",
        "addr:city": "Katowice",
        "addr:housenumber": "119",
        "addr:postcode": "40-353",
        "addr:street": "Morawa",
        "amenity": "community_centre",
        "building": "yes",
        "description": "im. gen. Mariusza Zaruskiego w Katowicach Szopienicach",
        "name": "10 Harcerska Drużyna Żeglarska",
        "source": "UM Katowice",
        "@geometry": "center"
      },
      "geometry": {
        "type": "Point",
        "coordinates": [
          19.1075053,
          50.2649876
        ]
      },
      "id": "way/201897469"
    },
    {
      "type": "Feature",
      "properties": {
        "@id": "way/202024968",
        "website": "http://mdk.katowice.pl",
        "addr:city": "Katowice",
        "addr:housenumber": "28",
        "addr:street": "Generała Józefa Hallera",
        "amenity": "community_centre",
        "building": "yes",
        "email": "sekretariat@mdk.katowice.pl",
        "fax": "+48 32 352 72 50",
        "name": "Miejski Dom Kultury „Szopienice-Giszowiec”",
        "phone": "+48 32 256 84 53;+48 32 256 12 25",
        "source": "UM Katowice",
        "@geometry": "center"
      },
      "geometry": {
        "type": "Point",
        "coordinates": [
          19.077742,
          50.2702332
        ]
      },
      "id": "way/202024968"
    },
    {
      "type": "Feature",
      "properties": {
        "@id": "way/202031947",
        "addr:street": "Leopolda Markiefki",
        "amenity": "community_centre",
        "building": "yes",
        "addr:housenumber": "44a",
        "addr:city": "Katowice",
        "email": "sekretariatmdk@mdkbogucice-zawodzie.pl",
        "fax": "+48 32 203 55 24",
        "name": "Miejski Dom Kultury \"Bogucice - Zawodzie\"",
        "phone": "+48 32 203 05 17",
        "source": "UM Katowice",
        "website": "http://www.mdkbogucice-zawodzie.pl",
        "@geometry": "center"
      },
      "geometry": {
        "type": "Point",
        "coordinates": [
          19.0412592,
          50.2642879
        ]
      },
      "id": "way/202031947"
    },
    {
      "type": "Feature",
      "properties": {
        "@id": "way/202044349",
        "addr:city": "Katowice",
        "addr:housenumber": "90",
        "addr:postcode": "40-519",
        "addr:street": "Tadeusza Kościuszki",
        "amenity": "community_centre",
        "building": "public",
        "name": "Hala Parkowa",
        "@geometry": "center"
      },
      "geometry": {
        "type": "Point",
        "coordinates": [
          19.0112965,
          50.2459374
        ]
      },
      "id": "way/202044349"
    },
    {
      "type": "Feature",
      "properties": {
        "@id": "way/202375108",
        "addr:city": "Kórnik",
        "addr:city:simc": "0970922",
        "addr:housenumber": "6",
        "addr:postcode": "62-035",
        "addr:street": "Prowent",
        "amenity": "community_centre",
        "building": "yes",
        "name": "Kórnicki Ośrodek Kultury",
        "source:addr": "EMUiA (kornik.e-mapa.net)",
        "@geometry": "center"
      },
      "geometry": {
        "type": "Point",
        "coordinates": [
          17.0893777,
          52.2401578
        ]
      },
      "id": "way/202375108"
    },
    {
      "type": "Feature",
      "properties": {
        "@id": "way/202399907",
        "addr:city": "Ziębice",
        "addr:city:simc": "0984700",
        "addr:housenumber": "10",
        "addr:postcode": "57-220",
        "addr:street": "Wojska Polskiego",
        "addr:street:sym_ul": "24628",
        "amenity": "community_centre",
        "building": "yes",
        "name": "Ziębickie Centrum Kultury",
        "source:addr": "emuia.gugik.gov.pl",
        "@geometry": "center"
      },
      "geometry": {
        "type": "Point",
        "coordinates": [
          17.0482149,
          50.6041326
        ]
      },
      "id": "way/202399907"
    },
    {
      "type": "Feature",
      "properties": {
        "@id": "way/202576736",
        "amenity": "community_centre",
        "name": "Dom Kultury \"Silesia\"",
        "addr:city": "Czechowice-Dziedzice",
        "addr:housenumber": "1C",
        "addr:postcode": "43-500",
        "addr:street": "Nad Białką",
        "building": "yes",
        "source": "UM Czechowice-Dziedzice",
        "@geometry": "center"
      },
      "geometry": {
        "type": "Point",
        "coordinates": [
          19.0138385,
          49.9331739
        ]
      },
      "id": "way/202576736"
    },
    {
      "type": "Feature",
      "properties": {
        "@id": "way/202618090",
        "addr:housenumber": "49",
        "addr:place": "Cicha Góra",
        "addr:postcode": "64-300",
        "amenity": "community_centre",
        "building": "yes",
        "name": "Świetlica Wiejska we wsi Cicha Góra",
        "operator": "Sołectwo Cicha Góra",
        "operator:type": "public/government",
        "source:addr": "nowytomysl.e-mapa.net",
        "website": "http://www.cichagora.pl/",
        "@geometry": "center"
      },
      "geometry": {
        "type": "Point",
        "coordinates": [
          16.1915723,
          52.2806008
        ]
      },
      "id": "way/202618090"
    },
    {
      "type": "Feature",
      "properties": {
        "@id": "way/202706611",
        "amenity": "community_centre",
        "building": "yes",
        "building:levels": "1",
        "building:usage:pl": "Inny niemieszkalny",
        "community_centre": "parish_hall",
        "source": "UM Zabrze",
        "@geometry": "center"
      },
      "geometry": {
        "type": "Point",
        "coordinates": [
          18.7421371,
          50.3099837
        ]
      },
      "id": "way/202706611"
    },
    {
      "type": "Feature",
      "properties": {
        "@id": "way/202840530",
        "addr:city": "Człuchów",
        "addr:housename": "MDK",
        "addr:housenumber": "2",
        "addr:postcode": "77-300",
        "addr:street": "Romualda Traugutta",
        "amenity": "community_centre",
        "building": "yes",
        "name": "Miejski Dom Kultury",
        "@geometry": "center"
      },
      "geometry": {
        "type": "Point",
        "coordinates": [
          17.3552239,
          53.6631469
        ]
      },
      "id": "way/202840530"
    },
    {
      "type": "Feature",
      "properties": {
        "@id": "way/202956185",
        "amenity": "nightclub",
        "building": "yes",
        "addr:street": "Aleja Franciszka Mamuszki",
        "addr:postcode": "81-718",
        "name": "HAH",
        "source": "Bing",
        "addr:housenumber": "21",
        "addr:city": "Sopot",
        "@geometry": "center"
      },
      "geometry": {
        "type": "Point",
        "coordinates": [
          18.5639867,
          54.4529665
        ]
      },
      "id": "way/202956185"
    },
    {
      "type": "Feature",
      "properties": {
        "@id": "way/203476212",
        "source:addr": "ozarowmazowiecki.e-mapa.net",
        "name": "Dom Kultury \"Uśmiech\", Filia w Józefowie",
        "addr:street:sym_ul": "04863",
        "addr:city": "Józefów",
        "addr:city:simc": "0005820",
        "addr:housenumber": "15",
        "addr:postcode": "05-860",
        "addr:street": "Fabryczna",
        "amenity": "community_centre",
        "building": "public",
        "community_centre": "cultural_centre",
        "@geometry": "center"
      },
      "geometry": {
        "type": "Point",
        "coordinates": [
          20.6960586,
          52.1960103
        ]
      },
      "id": "way/203476212"
    },
    {
      "type": "Feature",
      "properties": {
        "@id": "way/204057073",
        "website": "http://ldk.lidzbarkwarminski.pl/",
        "phone": "89 767 26 88",
        "addr:city": "Lidzbark Warmiński",
        "addr:housenumber": "4",
        "addr:postcode": "11-100",
        "addr:street": "Juliusza Słowackiego",
        "amenity": "community_centre",
        "building": "public",
        "community_centre": "cultural_centre",
        "community_centre:for": "multigeneration",
        "email": "sekretariatldk@gmail.com",
        "name": "Lidzbarski Dom Kultury",
        "@geometry": "center"
      },
      "geometry": {
        "type": "Point",
        "coordinates": [
          20.5737521,
          54.1254848
        ]
      },
      "id": "way/204057073"
    },
    {
      "type": "Feature",
      "properties": {
        "@id": "way/204189220",
        "addr:city": "Złotoryja",
        "addr:city:simc": "0954219",
        "addr:housenumber": "5",
        "addr:postcode": "59-500",
        "addr:street": "Plac Władysława Reymonta",
        "addr:street:sym_ul": "28151",
        "amenity": "community_centre",
        "building": "yes",
        "name": "Złotoryjski Ośrodek Kultury",
        "source:addr": "emuia.gugik.gov.pl",
        "source:geometry": "geoportal.gov.pl:Orto/ISOK_CIEŃ-laser/EGB",
        "@geometry": "center"
      },
      "geometry": {
        "type": "Point",
        "coordinates": [
          15.914102,
          51.1220342
        ]
      },
      "id": "way/204189220"
    },
    {
      "type": "Feature",
      "properties": {
        "@id": "way/204418208",
        "website": "http://mdk.czechowice-dziedzice.pl/",
        "addr:city": "Czechowice-Dziedzice",
        "addr:housenumber": "42",
        "addr:postcode": "43-502",
        "addr:street": "Niepodległości",
        "amenity": "community_centre",
        "building": "yes",
        "email": "mdk@mdk.czechowice-dziedzice.pl",
        "name": "Miejski Dom Kultury",
        "phone": "+48322153285",
        "short_name": "MDK",
        "@geometry": "center"
      },
      "geometry": {
        "type": "Point",
        "coordinates": [
          19.0054904,
          49.9097036
        ]
      },
      "id": "way/204418208"
    },
    {
      "type": "Feature",
      "properties": {
        "@id": "way/205265867",
        "amenity": "community_centre",
        "landuse": "commercial",
        "@geometry": "center"
      },
      "geometry": {
        "type": "Point",
        "coordinates": [
          15.2335473,
          52.7476676
        ]
      },
      "id": "way/205265867"
    },
    {
      "type": "Feature",
      "properties": {
        "@id": "way/205743260",
        "website": "http://www.oksroda.pl",
        "addr:city": "Środa Wielkopolska",
        "addr:city:simc": "0971614",
        "addr:housenumber": "30",
        "addr:postcode": "63-000",
        "addr:street": "20 Października",
        "amenity": "community_centre",
        "building": "yes",
        "name": "Ośrodek Kultury",
        "@geometry": "center"
      },
      "geometry": {
        "type": "Point",
        "coordinates": [
          17.2753737,
          52.2252904
        ]
      },
      "id": "way/205743260"
    },
    {
      "type": "Feature",
      "properties": {
        "@id": "way/206135760",
        "addr:city:simc": "0190934",
        "addr:housenumber": "20B",
        "addr:place": "Rakowice Małe",
        "addr:postcode": "59-600",
        "amenity": "community_centre",
        "building": "yes",
        "building:levels": "1",
        "name": "Świetlica Rakowice Małe",
        "source:addr": "lwowekslaski.e-mapa.net",
        "source:geometry": "geoportal.gov.pl:Orto/ISOK_CIEŃ-laser/EGB",
        "@geometry": "center"
      },
      "geometry": {
        "type": "Point",
        "coordinates": [
          15.5420986,
          51.1556464
        ]
      },
      "id": "way/206135760"
    },
    {
      "type": "Feature",
      "properties": {
        "@id": "way/206414795",
        "addr:city": "Narew",
        "addr:housenumber": "105",
        "addr:postcode": "17-210",
        "addr:street": "Adama Mickiewicza",
        "amenity": "community_centre",
        "building": "yes",
        "name": "Narewski Ośrodek Kultury",
        "source:addr": "narew.e-mapa.net",
        "@geometry": "center"
      },
      "geometry": {
        "type": "Point",
        "coordinates": [
          23.5336406,
          52.9061863
        ]
      },
      "id": "way/206414795"
    },
    {
      "type": "Feature",
      "properties": {
        "@id": "way/206417376",
        "addr:city": "Nowa Wieś",
        "addr:city:simc": "0216438",
        "addr:housenumber": "1",
        "addr:postcode": "44-295",
        "addr:street": "Sportowa",
        "addr:street:sym_ul": "20683",
        "amenity": "social_centre",
        "building": "yes",
        "source:addr": "lyski.e-mapa.net",
        "@geometry": "center"
      },
      "geometry": {
        "type": "Point",
        "coordinates": [
          18.3636744,
          50.1168985
        ]
      },
      "id": "way/206417376"
    },
    {
      "type": "Feature",
      "properties": {
        "@id": "way/208299282",
        "building:levels": "2.0",
        "addr:city": "Jaworzno",
        "addr:housenumber": "14",
        "addr:postcode": "43-607",
        "addr:street": "Na Stoku",
        "amenity": "community_centre",
        "building": "yes",
        "building:material": "brick",
        "building:usage:pl": "inny niemieszkalny",
        "name": "Miejskie Centrum Kultury i Sportu w Jaworznie - Klub NIKO, Byczyna",
        "source": "UM Jaworzno",
        "start_date": "2004",
        "website": "https://www.facebook.com/Klub-Niko-552044868275853/",
        "@geometry": "center"
      },
      "geometry": {
        "type": "Point",
        "coordinates": [
          19.3075805,
          50.1617368
        ]
      },
      "id": "way/208299282"
    },
    {
      "type": "Feature",
      "properties": {
        "@id": "way/208624276",
        "amenity": "community_centre",
        "building": "yes",
        "name": "Świetlica Wiejska",
        "@geometry": "center"
      },
      "geometry": {
        "type": "Point",
        "coordinates": [
          16.9284366,
          50.9939656
        ]
      },
      "id": "way/208624276"
    },
    {
      "type": "Feature",
      "properties": {
        "@id": "way/209548042",
        "addr:city": "Tomaszów Mazowiecki",
        "addr:housenumber": "50",
        "addr:postcode": "97-200",
        "addr:street": "Niebrowska",
        "amenity": "community_centre",
        "building": "yes",
        "building:levels": "1",
        "name": "Ośrodek Kultury \"Tkacz\"",
        "phone": "+48 447245192",
        "@geometry": "center"
      },
      "geometry": {
        "type": "Point",
        "coordinates": [
          20.0031662,
          51.5428137
        ]
      },
      "id": "way/209548042"
    },
    {
      "type": "Feature",
      "properties": {
        "@id": "way/210993011",
        "image": "https://images.mapillary.com/F2hv_M4qQLC3n9BAO0vJrg/thumb-2048.jpg",
        "url": "https://dolny-slask.org.pl/5876818,foto.html?idEntity=5876817",
        "source:addr": "zielonagora.e-mapa.net",
        "name": "Świetlica w Drzonkowie - dawna remiza OSP",
        "mapillary": "784086215568356",
        "addr:city": "Zielona Góra",
        "addr:city:simc": "0988313",
        "addr:housenumber": "48a",
        "addr:postcode": "65-001",
        "addr:street": "Drzonków-Olimpijska",
        "addr:street:sym_ul": "47676",
        "amenity": "community_centre",
        "building": "yes",
        "@geometry": "center"
      },
      "geometry": {
        "type": "Point",
        "coordinates": [
          15.5680554,
          51.8922954
        ]
      },
      "id": "way/210993011"
    },
    {
      "type": "Feature",
      "properties": {
        "@id": "way/211184264",
        "addr:city": "Lubycza Królewska",
        "addr:city:simc": "0892889",
        "addr:housenumber": "1",
        "addr:postcode": "22-680",
        "addr:street": "Jaworowa",
        "addr:street:sym_ul": "07394",
        "amenity": "community_centre",
        "building": "public",
        "name": "Świetlica gminna w Lubyczy Królewskiej",
        "source:addr": "lubyczakrolewska.e-mapa.net",
        "source:name": "http://www.lubycza.pl/asp/pliki/aktualnosci/zarzadzenie_nr_3_burmistrza.pdf",
        "@geometry": "center"
      },
      "geometry": {
        "type": "Point",
        "coordinates": [
          23.5025173,
          50.3252417
        ]
      },
      "id": "way/211184264"
    },
    {
      "type": "Feature",
      "properties": {
        "@id": "way/213497362",
        "addr:city:simc": "0653682",
        "addr:housenumber": "285",
        "addr:place": "Giedlarowa",
        "addr:postcode": "37-300",
        "amenity": "community_centre",
        "building": "yes",
        "name": "Gminny Ośrodek Kultury Gminy Leżajsk",
        "source:addr": "UG Leżajsk (emuia.gugik.gov.pl)",
        "@geometry": "center"
      },
      "geometry": {
        "type": "Point",
        "coordinates": [
          22.4034129,
          50.2281584
        ]
      },
      "id": "way/213497362"
    },
    {
      "type": "Feature",
      "properties": {
        "@id": "way/213811635",
        "addr:city": "Tarnów",
        "addr:housenumber": "3",
        "addr:postcode": "33-100",
        "addr:street": "Stanisława Staszica",
        "amenity": "nightclub",
        "building": "yes",
        "name": "Alfa Club",
        "@geometry": "center"
      },
      "geometry": {
        "type": "Point",
        "coordinates": [
          20.9837306,
          50.0120166
        ]
      },
      "id": "way/213811635"
    },
    {
      "type": "Feature",
      "properties": {
        "@id": "way/214612305",
        "source:addr": "UM Sandomierz (emuia.gugik.gov.pl)",
        "name": "Katolicki Dom Kultury Świętego Józefa",
        "building": "yes",
        "amenity": "community_centre",
        "addr:city": "Sandomierz",
        "addr:housenumber": "12",
        "addr:postcode": "27-600",
        "addr:street": "Mariacka",
        "@geometry": "center"
      },
      "geometry": {
        "type": "Point",
        "coordinates": [
          21.7491231,
          50.6774075
        ]
      },
      "id": "way/214612305"
    },
    {
      "type": "Feature",
      "properties": {
        "@id": "way/215232443",
        "name": "Prabuckie Centrum Kultury i Sportu",
        "addr:housenumber": "3",
        "building": "yes",
        "addr:street": "Kisielicka",
        "amenity": "community_centre",
        "addr:city": "Prabuty",
        "source": "Bing",
        "source:addr": "emuia.gugik.gov.pl",
        "@geometry": "center"
      },
      "geometry": {
        "type": "Point",
        "coordinates": [
          19.203848,
          53.7550239
        ]
      },
      "id": "way/215232443"
    },
    {
      "type": "Feature",
      "properties": {
        "@id": "way/215461093",
        "website": "http://www.mdk-raciborz.pl/",
        "addr:city": "Racibórz",
        "addr:housenumber": "12",
        "addr:postcode": "47-400",
        "addr:street": "Pawła Stalmacha",
        "amenity": "community_centre",
        "building": "yes",
        "email": "biuro@mdk-raciborz.pl",
        "fax": "+4832 415 23 28",
        "name": "Młodzieżowy Dom Kultury",
        "phone": "+48 32 415 24 69",
        "source": "UM Racibórz",
        "@geometry": "center"
      },
      "geometry": {
        "type": "Point",
        "coordinates": [
          18.2128933,
          50.0939797
        ]
      },
      "id": "way/215461093"
    },
    {
      "type": "Feature",
      "properties": {
        "@id": "way/215474963",
        "check_date:opening_hours": "2022-11-26",
        "addr:city:simc": "0340569",
        "addr:housenumber": "12",
        "addr:place": "Grabie",
        "addr:postcode": "32-002",
        "amenity": "community_centre",
        "building": "yes",
        "name": "Wiejski Dom Kultury w Grabiu",
        "opening_hours:signed": "no",
        "source:addr": "wieliczka.e-mapa.net",
        "@geometry": "center"
      },
      "geometry": {
        "type": "Point",
        "coordinates": [
          20.1338692,
          50.0397358
        ]
      },
      "id": "way/215474963"
    },
    {
      "type": "Feature",
      "properties": {
        "@id": "way/215764963",
        "addr:street:sym_ul": "20101",
        "addr:city": "Warszawa",
        "addr:city:simc": "0918123",
        "addr:housename": "Skłot Przychodnia",
        "addr:housenumber": "6",
        "addr:postcode": "00-546",
        "addr:street": "Księdza Ignacego Skorupki",
        "amenity": "community_centre",
        "building": "commercial",
        "building:levels": "2",
        "building:use": "squat",
        "name": "Skłot \"Przychodnia\"",
        "smoking": "outside",
        "source": "www.geoportal.gov.pl",
        "source:addr": "gugik.gov.pl",
        "website": "http://przychodnia.bzzz.net",
        "wheelchair": "limited",
        "@geometry": "center"
      },
      "geometry": {
        "type": "Point",
        "coordinates": [
          21.0161262,
          52.2256531
        ]
      },
      "id": "way/215764963"
    },
    {
      "type": "Feature",
      "properties": {
        "@id": "way/215816181",
        "addr:city:simc": "883927",
        "addr:housenumber": "17",
        "addr:place": "Baranowice",
        "addr:postcode": "56-300",
        "amenity": "community_centre",
        "building": "house",
        "name": "Świetlica wiejska",
        "source:addr": "milicz.e-mapa.net",
        "source:geometry": "geoportal.gov.pl, GPS",
        "@geometry": "center"
      },
      "geometry": {
        "type": "Point",
        "coordinates": [
          17.0755425,
          51.5645565
        ]
      },
      "id": "way/215816181"
    },
    {
      "type": "Feature",
      "properties": {
        "@id": "way/216486245",
        "source:geometry": "geoportal.gov.pl, GPS",
        "opening_hours": "Mo-Fr 07:30-15:30",
        "name": "Ośrodek Pomocy Społecznej w Żarowie",
        "contact:website": "http://ops.um.zarow.pl",
        "amenity": "community_centre",
        "addr:city": "Żarów",
        "addr:housenumber": "54",
        "addr:postcode": "58-130",
        "addr:street": "Armii Krajowej",
        "building": "office",
        "@geometry": "center"
      },
      "geometry": {
        "type": "Point",
        "coordinates": [
          16.4935542,
          50.9426103
        ]
      },
      "id": "way/216486245"
    },
    {
      "type": "Feature",
      "properties": {
        "@id": "way/216555736",
        "website": "http://www.ndk.nysa.pl/",
        "short_name": "NDK",
        "addr:city": "Nysa",
        "addr:housenumber": "7",
        "addr:postcode": "48-300",
        "addr:street": "Wałowa",
        "amenity": "community_centre",
        "building": "yes",
        "name": "Nyski Dom Kultury",
        "@geometry": "center"
      },
      "geometry": {
        "type": "Point",
        "coordinates": [
          17.336889,
          50.4750006
        ]
      },
      "id": "way/216555736"
    },
    {
      "type": "Feature",
      "properties": {
        "@id": "way/216871470",
        "addr:city": "Ostróda",
        "addr:city:simc": "0964927",
        "addr:housenumber": "19A",
        "addr:postcode": "14-100",
        "addr:street": "3 Maja",
        "addr:street:sym_ul": "11937",
        "amenity": "community_centre",
        "building": "yes",
        "source:addr": "gugik.gov.pl",
        "@geometry": "center"
      },
      "geometry": {
        "type": "Point",
        "coordinates": [
          19.9486398,
          53.7084602
        ]
      },
      "id": "way/216871470"
    },
    {
      "type": "Feature",
      "properties": {
        "@id": "way/217212847",
        "amenity": "community_centre",
        "building": "yes",
        "building:levels": "1",
        "building:usage:pl": "k",
        "name": "Świetlica",
        "source": "Starostwo Powiatowe w Gorzowie Wlkp.",
        "@geometry": "center"
      },
      "geometry": {
        "type": "Point",
        "coordinates": [
          15.3604678,
          52.8458676
        ]
      },
      "id": "way/217212847"
    },
    {
      "type": "Feature",
      "properties": {
        "@id": "way/217739805",
        "addr:city": "Łażany",
        "addr:city:simc": "0857114",
        "addr:housenumber": "4",
        "addr:postcode": "58-130",
        "addr:street": "Strzegomska",
        "addr:street:sym_ul": "21359",
        "amenity": "community_centre",
        "building": "residential",
        "community_centre": "village_hall",
        "name": "Świetlica Wiejska w Łażanach",
        "source:addr": "zarow.e-mapa.net",
        "@geometry": "center"
      },
      "geometry": {
        "type": "Point",
        "coordinates": [
          16.4893132,
          50.9573363
        ]
      },
      "id": "way/217739805"
    },
    {
      "type": "Feature",
      "properties": {
        "@id": "way/217809863",
        "addr:city": "Rybakowo",
        "addr:housenumber": "26",
        "addr:postcode": "66-415",
        "addr:street": "Lipowa",
        "amenity": "community_centre",
        "building": "yes",
        "building:levels": "1",
        "building:usage:pl": "k",
        "name": "Świetlica Wiejska",
        "source": "Starostwo Powiatowe w Gorzowie Wlkp.",
        "@geometry": "center"
      },
      "geometry": {
        "type": "Point",
        "coordinates": [
          15.3443625,
          52.8630635
        ]
      },
      "id": "way/217809863"
    },
    {
      "type": "Feature",
      "properties": {
        "@id": "way/217948006",
        "wheelchair": "yes",
        "source": "www.geoportal.gov.pl",
        "name": "Młodzieżowy Dom Kultury \"Ochota\"",
        "building:levels": "2",
        "building": "public",
        "phone": "+48 22 822 28 95",
        "amenity": "community_centre",
        "addr:street": "Rokosowska",
        "addr:postcode": "02-348",
        "website": "http://mdkochota.edu.pl",
        "addr:housenumber": "10",
        "addr:city": "Warszawa",
        "@geometry": "center"
      },
      "geometry": {
        "type": "Point",
        "coordinates": [
          20.9720326,
          52.2152123
        ]
      },
      "id": "way/217948006"
    },
    {
      "type": "Feature",
      "properties": {
        "@id": "way/218121521",
        "addr:city": "Częstochowa",
        "addr:housenumber": "23/25",
        "addr:postcode": "42-218",
        "addr:street": "Aleja Armii Krajowej",
        "amenity": "community_centre",
        "building": "yes",
        "name": "Klub POLITECHNIK",
        "source": "e.czestochowa.pl (wms:ortofoto)",
        "@geometry": "center"
      },
      "geometry": {
        "type": "Point",
        "coordinates": [
          19.1163392,
          50.8241041
        ]
      },
      "id": "way/218121521"
    },
    {
      "type": "Feature",
      "properties": {
        "@id": "way/218876311",
        "source": "Starostwo Powiatowe w Gorzowie Wlkp.",
        "addr:housenumber": "48b",
        "addr:place": "Łośno",
        "name": "Świetlica w Łośnie",
        "building:usage:pl": "k",
        "building:levels": "1",
        "source:addr": "klodawa.e-mapa.net",
        "addr:city:simc": "0181852",
        "addr:postcode": "66-415",
        "amenity": "community_centre",
        "building": "yes",
        "@geometry": "center"
      },
      "geometry": {
        "type": "Point",
        "coordinates": [
          15.2673174,
          52.8499166
        ]
      },
      "id": "way/218876311"
    },
    {
      "type": "Feature",
      "properties": {
        "@id": "way/219160902",
        "addr:city": "Sławków",
        "addr:housenumber": "14a",
        "addr:postcode": "41-260",
        "addr:street": "Młyńska",
        "amenity": "community_centre",
        "building": "yes",
        "building:levels": "3",
        "building:use:pl": "Mieszkalny",
        "name": "Sławkowskie Centrum Aktywności Lokalnej",
        "source": "Starostwo Powiatowe Będzin",
        "@geometry": "center"
      },
      "geometry": {
        "type": "Point",
        "coordinates": [
          19.3931965,
          50.2940485
        ]
      },
      "id": "way/219160902"
    },
    {
      "type": "Feature",
      "properties": {
        "@id": "way/219210556",
        "addr:city": "Dobieszowice",
        "addr:housenumber": "23",
        "addr:postcode": "42-584",
        "addr:street": "Generała Tadeusza Kościuszki",
        "amenity": "community_centre",
        "name": "Dom Kultury w Dobieszowicach",
        "building:levels": "1",
        "building:use:pl": "Mieszkalny",
        "building": "yes",
        "@geometry": "center"
      },
      "geometry": {
        "type": "Point",
        "coordinates": [
          19.002278,
          50.3974341
        ]
      },
      "id": "way/219210556"
    },
    {
      "type": "Feature",
      "properties": {
        "@id": "way/219280298",
        "addr:city": "Czeladź",
        "addr:housenumber": "72",
        "addr:postcode": "41-250",
        "addr:street": "Będzińska",
        "amenity": "nightclub",
        "building": "yes",
        "building:levels": "4",
        "building:use:pl": "Mieszkalny",
        "name": "Night Club Play+",
        "source": "Starostwo Powiatowe Będzin",
        "@geometry": "center"
      },
      "geometry": {
        "type": "Point",
        "coordinates": [
          19.1003664,
          50.3214593
        ]
      },
      "id": "way/219280298"
    },
    {
      "type": "Feature",
      "properties": {
        "@id": "way/219280860",
        "source:addr": "mczeladz.e-mapa.net",
        "source": "Starostwo Powiatowe Będzin",
        "addr:city": "Czeladź",
        "addr:city:simc": "0939349",
        "addr:housenumber": "10",
        "addr:postcode": "41-250",
        "addr:street": "Elizy Orzeszkowej",
        "amenity": "nightclub",
        "building": "yes",
        "building:levels": "1",
        "building:use:pl": "Handlowo-usługowy",
        "name": "Club Kenzo Czeladź",
        "@geometry": "center"
      },
      "geometry": {
        "type": "Point",
        "coordinates": [
          19.1034638,
          50.2986624
        ]
      },
      "id": "way/219280860"
    },
    {
      "type": "Feature",
      "properties": {
        "@id": "way/219301986",
        "building": "yes",
        "source": "Starostwo Powiatowe Będzin",
        "addr:city": "Będzin",
        "addr:housenumber": "23",
        "addr:postcode": "42-500",
        "addr:street": "Hutnicza",
        "amenity": "nightclub",
        "building:levels": "2",
        "building:use:pl": "Mieszkalny",
        "name": "Żaklin - Klub nocny",
        "@geometry": "center"
      },
      "geometry": {
        "type": "Point",
        "coordinates": [
          19.1113541,
          50.3486857
        ]
      },
      "id": "way/219301986"
    },
    {
      "type": "Feature",
      "properties": {
        "@id": "way/219669582",
        "addr:street": "Judyma",
        "addr:city": "Lublin",
        "addr:country": "PL",
        "addr:housenumber": "2",
        "addr:postcode": "20-717",
        "amenity": "community_centre",
        "building": "yes",
        "name": "Dzielnicowy Dom Kultury \" Węglin \"",
        "@geometry": "center"
      },
      "geometry": {
        "type": "Point",
        "coordinates": [
          22.4883024,
          51.2358054
        ]
      },
      "id": "way/219669582"
    },
    {
      "type": "Feature",
      "properties": {
        "@id": "way/219801527",
        "amenity": "community_centre",
        "name": "Wioska Dziecięca im. Janusza Korczaka w Rajsku",
        "@geometry": "center"
      },
      "geometry": {
        "type": "Point",
        "coordinates": [
          19.1851195,
          50.0152233
        ]
      },
      "id": "way/219801527"
    },
    {
      "type": "Feature",
      "properties": {
        "@id": "way/220533146",
        "name": "Swietlica wiejska",
        "building": "yes",
        "amenity": "community_centre",
        "@geometry": "center"
      },
      "geometry": {
        "type": "Point",
        "coordinates": [
          19.9845871,
          50.2160745
        ]
      },
      "id": "way/220533146"
    },
    {
      "type": "Feature",
      "properties": {
        "@id": "way/220962982",
        "amenity": "community_centre",
        "name": "Park Tradycji",
        "source": "UM Siemianowice Śląskie (wms:ortofoto)",
        "tourism": "attraction",
        "@geometry": "center"
      },
      "geometry": {
        "type": "Point",
        "coordinates": [
          19.007787,
          50.3179423
        ]
      },
      "id": "way/220962982"
    },
    {
      "type": "Feature",
      "properties": {
        "@id": "way/222115157",
        "addr:city": "Siemirowice",
        "addr:housename": "Klub Garnizonowy",
        "addr:housenumber": "22",
        "addr:postcode": "84-313",
        "addr:street": "Osiedle na Skarpie",
        "amenity": "community_centre",
        "building": "public",
        "building:levels": "2",
        "name": "Klub Garnizonowy \"Siemirowice\"",
        "phone": "0 59 861 44 20",
        "smoking": "outside",
        "source": "emuia.gugik.gov.pl",
        "website": "http://www.mw.mil.pl/index.php?akcja=klubsiemirowice2",
        "@geometry": "center"
      },
      "geometry": {
        "type": "Point",
        "coordinates": [
          17.7551006,
          54.4014587
        ]
      },
      "id": "way/222115157"
    },
    {
      "type": "Feature",
      "properties": {
        "@id": "way/222170962",
        "opening_hours": "Fr-Sa 22:00-29:00",
        "name": "Nitro",
        "building:levels": "2",
        "building": "commercial",
        "amenity": "nightclub",
        "source": "http://sdi.opolskie.pl/mapa_bazowa/request.aspx",
        "@geometry": "center"
      },
      "geometry": {
        "type": "Point",
        "coordinates": [
          17.3391601,
          50.4803174
        ]
      },
      "id": "way/222170962"
    },
    {
      "type": "Feature",
      "properties": {
        "@id": "way/222821037",
        "website": "http://ckip.pl",
        "amenity": "community_centre",
        "building": "yes",
        "name": "Centrum Kultury i Promocji w Kocmyrzowie i Luborzycy",
        "opening_hours:covid19": "Mo-Fr 08:00-21:00",
        "phone": "+48 12 387 18 11, +48 690 269 723",
        "@geometry": "center"
      },
      "geometry": {
        "type": "Point",
        "coordinates": [
          20.1048573,
          50.1437673
        ]
      },
      "id": "way/222821037"
    },
    {
      "type": "Feature",
      "properties": {
        "@id": "way/223067643",
        "name": "Świetlica w Turośń Dolnej",
        "building": "yes",
        "addr:housenumber": "47",
        "addr:place": "Turośń Dolna",
        "amenity": "community_centre",
        "addr:postcode": "18-106",
        "@geometry": "center"
      },
      "geometry": {
        "type": "Point",
        "coordinates": [
          22.9997525,
          53.0190384
        ]
      },
      "id": "way/223067643"
    },
    {
      "type": "Feature",
      "properties": {
        "@id": "way/224064906",
        "addr:city:simc": "0876867",
        "addr:housenumber": "28",
        "addr:place": "Sokolniki",
        "addr:postcode": "58-210",
        "amenity": "community_centre",
        "building": "yes",
        "name": "Świetlica wiejska w Sokolnikach",
        "source:addr": "emuia.gugik.gov.pl",
        "website": "http://www.gokbis.pl/-wietlice.html",
        "@geometry": "center"
      },
      "geometry": {
        "type": "Point",
        "coordinates": [
          16.8354509,
          50.8196992
        ]
      },
      "id": "way/224064906"
    },
    {
      "type": "Feature",
      "properties": {
        "@id": "way/224068769",
        "addr:city": "Łagiewniki",
        "addr:city:simc": "0876749",
        "addr:housenumber": "1",
        "addr:postcode": "58-210",
        "addr:street": "Wrocławska",
        "addr:street:sym_ul": "24806",
        "amenity": "community_centre",
        "building": "yes",
        "name": "Gminny Ośrodek Kultury, Bibliotek i Sportu w Łagiewnikach",
        "phone": "+48 74 893 93 97",
        "source:addr": "emuia.gugik.gov.pl",
        "website": "http://www.facebook.com/GOKBiSLagiewniki/",
        "@geometry": "center"
      },
      "geometry": {
        "type": "Point",
        "coordinates": [
          16.8442363,
          50.7912726
        ]
      },
      "id": "way/224068769"
    },
    {
      "type": "Feature",
      "properties": {
        "@id": "way/224232686",
        "source": "WMS UM Siemianowice",
        "name": "Dom Kultury \"Chemik\"",
        "amenity": "community_centre",
        "building": "yes",
        "@geometry": "center"
      },
      "geometry": {
        "type": "Point",
        "coordinates": [
          19.0088324,
          50.300074
        ]
      },
      "id": "way/224232686"
    },
    {
      "type": "Feature",
      "properties": {
        "@id": "way/224822974",
        "addr:city": "Paczków",
        "addr:housenumber": "27",
        "addr:postcode": "48-370",
        "addr:street": "Wojska Polskiego",
        "amenity": "community_centre",
        "building": "public",
        "building:levels": "3",
        "building:usage:pl": "budynek oświaty, nauki i kultury oraz budynek sportowy",
        "email": "sekretariat@paczkow.eu",
        "name": "Ośrodek Kultury i Rekreacji w Paczkowie",
        "opening_hours": "Mo-Su 09:00-17:00; PH off",
        "phone": "+48 (77) 431 62 32",
        "short_name": "OKiR Paczków",
        "source": "Starostwo Powiatowe w Nysie",
        "source:addr": "http://sdi.opolskie.pl/mapa_bazowa/request.aspx",
        "website": "http://www.paczkow.eu/",
        "@geometry": "center"
      },
      "geometry": {
        "type": "Point",
        "coordinates": [
          17.0102424,
          50.4628304
        ]
      },
      "id": "way/224822974"
    },
    {
      "type": "Feature",
      "properties": {
        "@id": "way/225936664",
        "addr:city": "Mały Rudnik",
        "addr:city:simc": "0844241",
        "addr:housenumber": "38",
        "addr:postcode": "86-302",
        "addr:street": "Tulipanowa",
        "amenity": "community_centre",
        "building": "yes",
        "name": "Gminny Ośrodek Kultury",
        "old_addr:housenumber": "35A",
        "old_addr:place": "Mały Rudnik",
        "source:addr": "gugik.gov.pl",
        "@geometry": "center"
      },
      "geometry": {
        "type": "Point",
        "coordinates": [
          18.6991919,
          53.4114386
        ]
      },
      "id": "way/225936664"
    },
    {
      "type": "Feature",
      "properties": {
        "@id": "way/225974276",
        "amenity": "community_centre",
        "building": "yes",
        "name": "Osiedlowy Klub Kultury Karton",
        "website": "https://www.rsm.rzeszow.pl/43-baranowka/161-odk-karton.html",
        "@geometry": "center"
      },
      "geometry": {
        "type": "Point",
        "coordinates": [
          21.978955,
          50.0528059
        ]
      },
      "id": "way/225974276"
    },
    {
      "type": "Feature",
      "properties": {
        "@id": "way/227023291",
        "addr:city": "Leszno",
        "addr:city:simc": "0954225",
        "addr:housenumber": "2",
        "addr:postcode": "64-100",
        "addr:street": "Janusza Korczaka",
        "amenity": "community_centre",
        "building": "yes",
        "name": "Dom Pomocy Społecznej",
        "source:addr": "gugik.gov.pl",
        "@geometry": "center"
      },
      "geometry": {
        "type": "Point",
        "coordinates": [
          16.5779166,
          51.8499651
        ]
      },
      "id": "way/227023291"
    },
    {
      "type": "Feature",
      "properties": {
        "@id": "way/227023292",
        "source": "geoportal2",
        "amenity": "community_centre",
        "building": "yes",
        "name": "Miejski Ośrodek Pomocy Rodzinie",
        "@geometry": "center"
      },
      "geometry": {
        "type": "Point",
        "coordinates": [
          16.577059,
          51.8494314
        ]
      },
      "id": "way/227023292"
    },
    {
      "type": "Feature",
      "properties": {
        "@id": "way/227063639",
        "name": "Świętokrzyskie centrum profilaktyki i edukacji",
        "fax": "41 3627206",
        "phone": "41 3315313",
        "addr:city": "Kielce",
        "addr:housenumber": "65",
        "addr:postcode": "25-432",
        "addr:street": "Jana Nowaka-Jeziorańskiego",
        "amenity": "community_centre",
        "building": "yes",
        "email": "scpie@profilaktyka.com",
        "opening_hours": "Mo-Fr 08:00-20:00",
        "source": "www.gis.kielce.eu (ortofoto);UM Kielce",
        "website": "http://www.profilaktyka.com/",
        "@geometry": "center"
      },
      "geometry": {
        "type": "Point",
        "coordinates": [
          20.6649167,
          50.8904475
        ]
      },
      "id": "way/227063639"
    },
    {
      "type": "Feature",
      "properties": {
        "@id": "way/227287851",
        "addr:city": "Gądów",
        "addr:city:simc": "0874928",
        "addr:housenumber": "33",
        "addr:postcode": "55-080",
        "addr:street": "Główna",
        "amenity": "community_centre",
        "building": "residential",
        "description": "dawna gospoda",
        "name": "Świetlica",
        "old_addr:housenumber": "10",
        "old_addr:place": "Gądów",
        "source:addr": "gugik.gov.pl",
        "source:geometry": "geoportal.gov.pl:BDOT",
        "@geometry": "center"
      },
      "geometry": {
        "type": "Point",
        "coordinates": [
          16.9094908,
          51.0511741
        ]
      },
      "id": "way/227287851"
    },
    {
      "type": "Feature",
      "properties": {
        "@id": "way/227385942",
        "wikipedia": "pl:Cerkiew Zaśnięcia Matki Bożej w Pruchniku",
        "addr:city": "Pruchnik",
        "addr:housenumber": "20",
        "addr:postcode": "37-560",
        "addr:street": "Księdza Bronisława Markiewicza",
        "amenity": "community_centre",
        "building": "yes",
        "name": "Centrum Kultury Sportu i Turystyki",
        "source:addr": "EMUiA (emuia.geoportal.gov.pl)",
        "wikidata": "Q9187221",
        "@geometry": "center"
      },
      "geometry": {
        "type": "Point",
        "coordinates": [
          22.5131035,
          49.9056631
        ]
      },
      "id": "way/227385942"
    },
    {
      "type": "Feature",
      "properties": {
        "@id": "way/227573065",
        "addr:city": "Lgota",
        "addr:city:simc": "0222918",
        "addr:housenumber": "39",
        "addr:postcode": "32-543",
        "addr:street": "Szkolna",
        "addr:street:sym_ul": "21970",
        "amenity": "community_centre",
        "building": "yes",
        "name": "Wiejski Dom Kultury",
        "source:addr": "emuia.gugik.gov.pl",
        "@geometry": "center"
      },
      "geometry": {
        "type": "Point",
        "coordinates": [
          19.5551959,
          50.2071531
        ]
      },
      "id": "way/227573065"
    },
    {
      "type": "Feature",
      "properties": {
        "@id": "way/228878095",
        "addr:city": "Dzierżoniów",
        "addr:housenumber": "23",
        "addr:postcode": "58-200",
        "addr:street": "Świdnicka",
        "amenity": "community_centre",
        "building": "yes",
        "community_centre": "cultural_centre",
        "name": "Dzierżoniowski Ośrodek Kultury",
        "source:addr": "emuia.gugik.gov.pl",
        "website": "https://dok.pl/dok",
        "@geometry": "center"
      },
      "geometry": {
        "type": "Point",
        "coordinates": [
          16.6475417,
          50.7294869
        ]
      },
      "id": "way/228878095"
    },
    {
      "type": "Feature",
      "properties": {
        "@id": "way/229042981",
        "website": "http://www.klubanima.pl",
        "name": "Wrocławski Klub \"Anima\"",
        "amenity": "community_centre",
        "building": "civic",
        "@geometry": "center"
      },
      "geometry": {
        "type": "Point",
        "coordinates": [
          16.9702865,
          51.1350691
        ]
      },
      "id": "way/229042981"
    },
    {
      "type": "Feature",
      "properties": {
        "@id": "way/229300018",
        "addr:city": "Choroszcz",
        "addr:housenumber": "29",
        "addr:postcode": "16-070",
        "addr:street": "Henryka Sienkiewicza",
        "amenity": "community_centre",
        "building": "yes",
        "name": "Miejsko-Gminne Centrum Kultury",
        "phone": "0048587191431",
        "source": "http://choroszcz.pl",
        "website": "https://kultura.choroszcz.pl/",
        "wheelchair": "no",
        "@geometry": "center"
      },
      "geometry": {
        "type": "Point",
        "coordinates": [
          22.985497,
          53.1517114
        ]
      },
      "id": "way/229300018"
    },
    {
      "type": "Feature",
      "properties": {
        "@id": "way/229519309",
        "name": "CSM, Centrum Sztuki Mościce, Dom Kultury w Mościcach",
        "building": "yes",
        "amenity": "community_centre",
        "addr:street": "Romualda Traugutta",
        "addr:city": "Tarnów",
        "addr:housenumber": "1",
        "addr:postcode": "33-101",
        "@geometry": "center"
      },
      "geometry": {
        "type": "Point",
        "coordinates": [
          20.9272605,
          50.0098798
        ]
      },
      "id": "way/229519309"
    },
    {
      "type": "Feature",
      "properties": {
        "@id": "way/229550707",
        "addr:city": "Drawno",
        "addr:housenumber": "19",
        "addr:postcode": "73-220",
        "addr:street": "Szkolna",
        "amenity": "social_centre",
        "building": "public",
        "building:fireproof": "yes",
        "phone": "+48957682011",
        "source": "Starostwo Powiatowe w Choszcznie",
        "@geometry": "center"
      },
      "geometry": {
        "type": "Point",
        "coordinates": [
          15.7572119,
          53.2181281
        ]
      },
      "id": "way/229550707"
    },
    {
      "type": "Feature",
      "properties": {
        "@id": "way/229764452",
        "addr:city": "Santok",
        "addr:housenumber": "37",
        "addr:postcode": "66-431",
        "addr:street": "Gorzowska",
        "amenity": "community_centre",
        "building": "residential",
        "building:fireproof": "no",
        "building:levels": "2",
        "building:type:pl": "Przyziemie budynku nieognioodpornego",
        "building:use:pl": "Mieszkalny",
        "name": "Gminny Ośrodek Kultury w Santoku",
        "operator": "Urząd Gminy Santok",
        "source": "PODGIK Gorzów",
        "@geometry": "center"
      },
      "geometry": {
        "type": "Point",
        "coordinates": [
          15.4092142,
          52.7387384
        ]
      },
      "id": "way/229764452"
    },
    {
      "type": "Feature",
      "properties": {
        "@id": "way/229936556",
        "amenity": "community_centre",
        "building": "hotel",
        "building:levels": "2",
        "name": "Dom rekolekcyjny im. Św. Maksymilniana Marii Kolbego",
        "nohousenumber": "yes",
        "tourism": "guest_house",
        "@geometry": "center"
      },
      "geometry": {
        "type": "Point",
        "coordinates": [
          20.4216668,
          52.2041806
        ]
      },
      "id": "way/229936556"
    },
    {
      "type": "Feature",
      "properties": {
        "@id": "way/230026484",
        "source:geometry": "geoportal.gov.pl, GPS",
        "name": "Brzeskie Centrum Kultury",
        "source": "http://sdi.opolskie.pl/mapa_bazowa/request.aspx",
        "roof:shape": "flat",
        "community_centre": "cultural_centre",
        "addr:city": "Brzeg",
        "addr:housenumber": "5",
        "addr:postcode": "49-300",
        "addr:street": "Mleczna",
        "amenity": "community_centre",
        "building": "public",
        "building:levels": "4",
        "@geometry": "center"
      },
      "geometry": {
        "type": "Point",
        "coordinates": [
          17.4703,
          50.8604617
        ]
      },
      "id": "way/230026484"
    },
    {
      "type": "Feature",
      "properties": {
        "@id": "way/230244354",
        "addr:city": "Warsaw",
        "addr:housenumber": "2/4 Hala 10",
        "addr:postcode": "03-419",
        "addr:street": "Szwedzka",
        "amenity": "nightclub",
        "building": "yes",
        "name": "Praga Centrum",
        "website": "https://www.facebook.com/pragacentrum/",
        "@geometry": "center"
      },
      "geometry": {
        "type": "Point",
        "coordinates": [
          21.0485572,
          52.2612459
        ]
      },
      "id": "way/230244354"
    },
    {
      "type": "Feature",
      "properties": {
        "@id": "way/230715612",
        "name": "Klub Osiedlowy „Niepodległości”",
        "building": "yes",
        "amenity": "community_centre",
        "addr:city": "Lublin",
        "addr:housenumber": "2",
        "addr:postcode": "20-247",
        "addr:street": "Kazimierza Tumidajskiego",
        "@geometry": "center"
      },
      "geometry": {
        "type": "Point",
        "coordinates": [
          22.5867416,
          51.2588884
        ]
      },
      "id": "way/230715612"
    },
    {
      "type": "Feature",
      "properties": {
        "@id": "way/231250674",
        "source:geometry": "geoportal.gov.pl:BDOT",
        "addr:city": "Leszno",
        "addr:housenumber": "2",
        "addr:postcode": "64-100",
        "addr:street": "Adama Mickiewicza",
        "amenity": "social_centre",
        "building": "yes",
        "name": "Polski Czerwony Krzyż",
        "source": "geoportal2",
        "@geometry": "center"
      },
      "geometry": {
        "type": "Point",
        "coordinates": [
          16.5809352,
          51.8464367
        ]
      },
      "id": "way/231250674"
    },
    {
      "type": "Feature",
      "properties": {
        "@id": "way/231369951",
        "addr:place": "Stara Jastrząbka",
        "addr:postcode": "39-215",
        "amenity": "community_centre",
        "building": "yes",
        "name": "Dom Kultury w Starej Jastrząbce",
        "source:addr": "EMUiA (emuia.gugik.gov.pl)",
        "@geometry": "center"
      },
      "geometry": {
        "type": "Point",
        "coordinates": [
          21.2425561,
          50.1205934
        ]
      },
      "id": "way/231369951"
    },
    {
      "type": "Feature",
      "properties": {
        "@id": "way/231410706",
        "addr:city:simc": "0528675",
        "addr:housenumber": "20A",
        "addr:place": "Boruszyn",
        "addr:postcode": "64-712",
        "amenity": "community_centre",
        "building": "hall",
        "building:levels": "1",
        "name": "Sala Wiejska",
        "source:addr": "polajewo.e-mapa.net",
        "@geometry": "center"
      },
      "geometry": {
        "type": "Point",
        "coordinates": [
          16.6374579,
          52.7739074
        ]
      },
      "id": "way/231410706"
    },
    {
      "type": "Feature",
      "properties": {
        "@id": "way/232082124",
        "addr:city": "Kraków",
        "addr:country": "PL",
        "addr:housenumber": "17c",
        "addr:postcode": "30-233",
        "addr:street": "28 Lipca 1943",
        "amenity": "community_centre",
        "building": "yes",
        "building:levels": "3",
        "name": "Małopolski Instytut Kultury",
        "@geometry": "center"
      },
      "geometry": {
        "type": "Point",
        "coordinates": [
          19.8711613,
          50.0629517
        ]
      },
      "id": "way/232082124"
    },
    {
      "type": "Feature",
      "properties": {
        "@id": "way/232575277",
        "website": "http://www.przymuszewo.torun.lasy.gov.pl/web/przymuszewo/76",
        "amenity": "community_centre",
        "building": "yes",
        "name": "Szkółka Leśna Dąbrowa",
        "@geometry": "center"
      },
      "geometry": {
        "type": "Point",
        "coordinates": [
          17.8384634,
          53.8946475
        ]
      },
      "id": "way/232575277"
    },
    {
      "type": "Feature",
      "properties": {
        "@id": "way/232861254",
        "addr:city": "Bełchatów",
        "addr:housenumber": "204B",
        "addr:postcode": "97-400",
        "addr:street": "Osiedle Dolnośląskie",
        "amenity": "community_centre",
        "building": "yes",
        "contact:phone": "44 635 36 05",
        "name": "Miejskie Centrum Kultury - Oddział \"Gwarek\"",
        "source:addr": "EMUiA (emuia.geoportal.gov.pl)",
        "@geometry": "center"
      },
      "geometry": {
        "type": "Point",
        "coordinates": [
          19.3675331,
          51.3541105
        ]
      },
      "id": "way/232861254"
    },
    {
      "type": "Feature",
      "properties": {
        "@id": "way/233276928",
        "addr:city:simc": "0844560",
        "addr:housenumber": "7",
        "addr:place": "Cukrownia",
        "addr:postcode": "86-330",
        "amenity": "community_centre",
        "building": "yes",
        "source:addr": "gruta.e-mapa.net",
        "@geometry": "center"
      },
      "geometry": {
        "type": "Point",
        "coordinates": [
          18.9443686,
          53.4393048
        ]
      },
      "id": "way/233276928"
    },
    {
      "type": "Feature",
      "properties": {
        "@id": "way/233355275",
        "addr:city": "Kraków",
        "addr:housenumber": "91",
        "addr:postcode": "30-017",
        "addr:street": "Wrocławska",
        "amenity": "community_centre",
        "building": "government",
        "check_date:opening_hours": "2022-04-28",
        "name": "Klub Kultury „Paleta”",
        "opening_hours:signed": "no",
        "website": "https://paleta.dworek.eu/",
        "@geometry": "center"
      },
      "geometry": {
        "type": "Point",
        "coordinates": [
          19.9168864,
          50.0816068
        ]
      },
      "id": "way/233355275"
    },
    {
      "type": "Feature",
      "properties": {
        "@id": "way/233355450",
        "addr:city": "Kraków",
        "addr:country": "PL",
        "addr:housenumber": "12",
        "addr:street": "Kamienna",
        "amenity": "nightclub",
        "building": "yes",
        "name": "Kamienna 12",
        "website": "www.instagram.com/kamienna_12/",
        "@geometry": "center"
      },
      "geometry": {
        "type": "Point",
        "coordinates": [
          19.9433615,
          50.0780349
        ]
      },
      "id": "way/233355450"
    },
    {
      "type": "Feature",
      "properties": {
        "@id": "way/233494020",
        "addr:city:simc": "0844554",
        "addr:housenumber": "95",
        "addr:place": "Gruta",
        "addr:postcode": "86-330",
        "amenity": "community_centre",
        "building": "civic",
        "contact:facebook": "https://www.facebook.com/people/Gruta-Gck/100010551189293",
        "email": "dyrektorgck@gruta.pl",
        "name": "Gminne Centrum Kultury w Grucie",
        "operator": "Gmina Gruta",
        "source:addr": "gruta.e-mapa.net",
        "website": "http://gckgruta.pl/",
        "@geometry": "center"
      },
      "geometry": {
        "type": "Point",
        "coordinates": [
          18.9519617,
          53.4514765
        ]
      },
      "id": "way/233494020"
    },
    {
      "type": "Feature",
      "properties": {
        "@id": "way/233544574",
        "name": "Dom Kultury Kolejarz",
        "source": "Bing",
        "building": "yes",
        "addr:city": "Zbąszynek",
        "addr:housenumber": "18",
        "addr:postcode": "66-210",
        "addr:street": "Wojska Polskiego",
        "amenity": "community_centre",
        "@geometry": "center"
      },
      "geometry": {
        "type": "Point",
        "coordinates": [
          15.8162607,
          52.2449153
        ]
      },
      "id": "way/233544574"
    },
    {
      "type": "Feature",
      "properties": {
        "@id": "way/233602530",
        "addr:city": "Namysłów",
        "addr:housenumber": "2",
        "addr:postcode": "46-100",
        "addr:street": "Plac Powstańców Śląskich",
        "amenity": "community_centre",
        "building": "yes",
        "email": "noknamyslow@o2.pl;namyslow@nok-namyslow.pl",
        "name": "Namysłowski Ośrodek Kultury",
        "operator": "Urząd Miejski w Namysłowie",
        "phone": "+48 77 410 05 66",
        "source": "http://bip.namyslow.eu/1971/namyslowski-osrodek-kultury.html",
        "source_ref": "http://sdi.opolskie.pl/mapa_bazowa/request.aspx",
        "website": "http://nasznok.pl/",
        "@geometry": "center"
      },
      "geometry": {
        "type": "Point",
        "coordinates": [
          17.7215789,
          51.0770668
        ]
      },
      "id": "way/233602530"
    },
    {
      "type": "Feature",
      "properties": {
        "@id": "way/233943271",
        "addr:housenumber": "33",
        "addr:postcode": "62-540",
        "addr:street": "aleja 600-lecia",
        "amenity": "community_centre",
        "building": "yes",
        "name": "Miejsko-Gminny Ośrodek Kultury w Kleczewie",
        "@geometry": "center"
      },
      "geometry": {
        "type": "Point",
        "coordinates": [
          18.1854186,
          52.3656341
        ]
      },
      "id": "way/233943271"
    },
    {
      "type": "Feature",
      "properties": {
        "@id": "way/234561936",
        "addr:city": "Przemyśl",
        "addr:housenumber": "5",
        "addr:postcode": "37-700",
        "addr:street": "Tadeusza Kościuszki",
        "amenity": "community_centre",
        "building": "yes",
        "building:levels": "3",
        "heritage": "2",
        "name": "Narodnyj Dim w Przemyślu",
        "name:uk": "Нарідніі Дом у Премислі",
        "ref:nid": "A-164",
        "start_date": "1905",
        "wikidata": "Q11789660",
        "wikipedia": "pl:Narodnyj Dim w Przemyślu",
        "@geometry": "center"
      },
      "geometry": {
        "type": "Point",
        "coordinates": [
          22.7675004,
          49.7833193
        ]
      },
      "id": "way/234561936"
    },
    {
      "type": "Feature",
      "properties": {
        "@id": "way/234871103",
        "name": "Żarski dom kultury",
        "addr:city": "Żary",
        "addr:city:simc": "0988684",
        "addr:housenumber": "7",
        "addr:postcode": "68-200",
        "addr:street": "Wrocławska",
        "addr:street:sym_ul": "24806",
        "amenity": "community_centre",
        "building": "yes",
        "facebook": "https://pl-pl.facebook.com/pages/category/Community-Center/%C5%BBarski-Dom-Kultury-156086387779926/",
        "phone": "+48 68 374 24 13",
        "source:addr": "mzary.e-mapa.net",
        "url": "https://polska-org.pl/560858,Zary,Dom_Kultury.html",
        "website": "https://dkzary.pl/",
        "wikidata": "Q30144017",
        "wikivoyage": "de:Żary#vCard_Kulturhaus",
        "@geometry": "center"
      },
      "geometry": {
        "type": "Point",
        "coordinates": [
          15.1388539,
          51.6363688
        ]
      },
      "id": "way/234871103"
    },
    {
      "type": "Feature",
      "properties": {
        "@id": "way/235231401",
        "addr:housenumber": "49A",
        "addr:place": "Przewale",
        "addr:postcode": "22-630",
        "amenity": "community_centre",
        "building": "yes",
        "building:levels": "1",
        "name": "Świetlica",
        "source:addr": "EMUiA (emuia.gugik.gov.pl)",
        "@geometry": "center"
      },
      "geometry": {
        "type": "Point",
        "coordinates": [
          23.6219597,
          50.6156267
        ]
      },
      "id": "way/235231401"
    },
    {
      "type": "Feature",
      "properties": {
        "@id": "way/235954471",
        "addr:city": "Zawidów",
        "addr:housenumber": "39",
        "addr:postcode": "59-970",
        "addr:street": "Zgorzelecka",
        "amenity": "community_centre",
        "building": "yes",
        "community_centre": "cultural_centre",
        "name": "Ośrodek Kultury w Zawidowie",
        "source:addr": "geoportal.gov.pl",
        "@geometry": "center"
      },
      "geometry": {
        "type": "Point",
        "coordinates": [
          15.0577232,
          51.0291852
        ]
      },
      "id": "way/235954471"
    },
    {
      "type": "Feature",
      "properties": {
        "@id": "way/236842073",
        "addr:housenumber": "704",
        "addr:place": "Koniaków",
        "addr:postcode": "43-474",
        "amenity": "community_centre",
        "building": "yes",
        "email": "ligockakohut@gmail.com",
        "name": "Centrum Koronki Koniakowskiej",
        "opening_hours": "Tu-Fr 09:00-17:00; Sa-Su 10:00-18:00",
        "phone": "+48 535 328 291",
        "source": "emuia UG Milówka",
        "website": "https://centrumkoronkikoniakowskiej.pl",
        "@geometry": "center"
      },
      "geometry": {
        "type": "Point",
        "coordinates": [
          18.9461094,
          49.5516435
        ]
      },
      "id": "way/236842073"
    },
    {
      "type": "Feature",
      "properties": {
        "@id": "way/236874821",
        "amenity": "community_centre",
        "building": "public",
        "email": "mgokuniejow@wp.pl",
        "source:addr": "emuia.gugik.gov.pl",
        "addr:street:sym_ul": "22659",
        "addr:street": "Targowa",
        "name": "MGOK",
        "official_name": "Miejsko-Gminny Ośrodek Kultury w Uniejowie",
        "opening_hours": "08:00-20:00",
        "phone": "+48 63 288 81 64",
        "addr:postcode": "99-210",
        "addr:housenumber": "21",
        "website": "http://www.facebook.com/mgokuniejow",
        "addr:city": "Uniejów",
        "addr:city:simc": "0949359",
        "@geometry": "center"
      },
      "geometry": {
        "type": "Point",
        "coordinates": [
          18.7883093,
          51.978083
        ]
      },
      "id": "way/236874821"
    },
    {
      "type": "Feature",
      "properties": {
        "@id": "way/236890479",
        "amenity": "community_centre",
        "building": "yes",
        "source": "geoportal.gov.pl:ortofoto",
        "@geometry": "center"
      },
      "geometry": {
        "type": "Point",
        "coordinates": [
          18.451233,
          53.4926391
        ]
      },
      "id": "way/236890479"
    },
    {
      "type": "Feature",
      "properties": {
        "@id": "way/236981819",
        "addr:city": "Pobiedna",
        "addr:city:simc": "0190160",
        "addr:housenumber": "73",
        "addr:street": "Dworcowa",
        "addr:street:sym_ul": "04434",
        "amenity": "community_centre",
        "building": "yes",
        "name": "Stacja Wolimierz",
        "operator": "Fundacja na Rzecz Wspierania Kultur Alternatywnych i Ekologicznych",
        "source:addr": "lesna.e-mapa.net",
        "source:geometry": "geoportal.gov.pl:ortofoto",
        "@geometry": "center"
      },
      "geometry": {
        "type": "Point",
        "coordinates": [
          15.3073136,
          50.9525958
        ]
      },
      "id": "way/236981819"
    },
    {
      "type": "Feature",
      "properties": {
        "@id": "way/236992700",
        "source:addr": "mporeba.e-mapa.net",
        "name": "Miejski Ośrodek Kultury",
        "source": "geoportal.gov.pl:ortofoto",
        "building": "yes",
        "amenity": "community_centre",
        "addr:city": "Poręba",
        "addr:housenumber": "2",
        "addr:postcode": "42-480",
        "addr:street": "Adama Mickiewicza",
        "@geometry": "center"
      },
      "geometry": {
        "type": "Point",
        "coordinates": [
          19.3336605,
          50.4856862
        ]
      },
      "id": "way/236992700"
    },
    {
      "type": "Feature",
      "properties": {
        "@id": "way/237506248",
        "addr:housenumber": "4",
        "addr:postcode": "59-100",
        "addr:street": "Skalników",
        "amenity": "community_centre",
        "building": "yes",
        "name": "Polkowickie Centrum Animacji",
        "name:pl": "Polkowickie Centrum Animacji",
        "phone": "76 746 88 10",
        "@geometry": "center"
      },
      "geometry": {
        "type": "Point",
        "coordinates": [
          16.0754699,
          51.511212
        ]
      },
      "id": "way/237506248"
    },
    {
      "type": "Feature",
      "properties": {
        "@id": "way/237516703",
        "amenity": "community_centre",
        "building": "yes",
        "name": "Dom Kultury",
        "url": "https://fotopolska.eu/Jordanowo_Biblioteka_Publiczna_w_Swiebodzinie_-_Filia_Jordanowo?map_z=18",
        "url:0": "https://polska-org.pl/8182294,Jordanowo,Biblioteka_Publiczna.html",
        "@geometry": "center"
      },
      "geometry": {
        "type": "Point",
        "coordinates": [
          15.5464096,
          52.3338758
        ]
      },
      "id": "way/237516703"
    },
    {
      "type": "Feature",
      "properties": {
        "@id": "way/237795227",
        "addr:city": "Teresin",
        "addr:housenumber": "2",
        "addr:postcode": "96-515",
        "addr:street": "Torowa",
        "amenity": "community_centre",
        "building": "train_station",
        "building:levels": "2",
        "name": "Dworzec TO.Kultura!",
        "smoking": "no",
        "source:addr": "EMUiA (teresin.e-mapa.net)",
        "@geometry": "center"
      },
      "geometry": {
        "type": "Point",
        "coordinates": [
          20.4168118,
          52.2017992
        ]
      },
      "id": "way/237795227"
    },
    {
      "type": "Feature",
      "properties": {
        "@id": "way/237805338",
        "addr:city": "Bobrówko",
        "addr:housenumber": "2/1",
        "addr:street": "Strzelecka",
        "amenity": "community_centre",
        "building": "yes",
        "name": "Świetlica",
        "@geometry": "center"
      },
      "geometry": {
        "type": "Point",
        "coordinates": [
          15.4524971,
          52.9525457
        ]
      },
      "id": "way/237805338"
    },
    {
      "type": "Feature",
      "properties": {
        "@id": "way/237806719",
        "addr:housenumber": "7",
        "addr:place": "Ługów",
        "addr:postcode": "66-200",
        "amenity": "community_centre",
        "building": "yes",
        "source": "EMUiA UMiG Świebodzin",
        "@geometry": "center"
      },
      "geometry": {
        "type": "Point",
        "coordinates": [
          15.5007699,
          52.2684114
        ]
      },
      "id": "way/237806719"
    },
    {
      "type": "Feature",
      "properties": {
        "@id": "way/237962753",
        "addr:city": "Płock",
        "addr:housenumber": "10",
        "addr:street": "Jana Jakubowskiego",
        "amenity": "community_centre",
        "building": "yes",
        "name": "POKIS",
        "@geometry": "center"
      },
      "geometry": {
        "type": "Point",
        "coordinates": [
          19.6990068,
          52.5398018
        ]
      },
      "id": "way/237962753"
    },
    {
      "type": "Feature",
      "properties": {
        "@id": "way/238203042",
        "amenity": "social_centre",
        "building": "yes",
        "name": "Polski Związek Wędkarski",
        "phone": "727 676 185",
        "short_name": "PZW",
        "@geometry": "center"
      },
      "geometry": {
        "type": "Point",
        "coordinates": [
          21.9932161,
          50.0460964
        ]
      },
      "id": "way/238203042"
    },
    {
      "type": "Feature",
      "properties": {
        "@id": "way/238252659",
        "addr:city": "Świebodzice",
        "addr:housenumber": "8",
        "addr:postcode": "58-160",
        "addr:street": "Marszałka Józefa Piłsudskiego",
        "amenity": "community_centre",
        "building": "yes",
        "name": "MOPS",
        "source:geometry": "geoportal.gov.pl, GPS",
        "@geometry": "center"
      },
      "geometry": {
        "type": "Point",
        "coordinates": [
          16.3201282,
          50.858045
        ]
      },
      "id": "way/238252659"
    },
    {
      "type": "Feature",
      "properties": {
        "@id": "way/238317639",
        "addr:city": "Bagno",
        "addr:housenumber": "53",
        "addr:postcode": "55-120",
        "addr:street": "Ziołowa",
        "amenity": "community_centre",
        "building": "yes",
        "building:levels": "4",
        "community_centre:for": "juvenile",
        "email": "totu.sds@gmail.com",
        "name": "Totu - Salwatoriańskie Centrum Młodzieżowe",
        "phone": "+48 693 402 211",
        "website": "https://totu.sds.pl",
        "@geometry": "center"
      },
      "geometry": {
        "type": "Point",
        "coordinates": [
          16.8152571,
          51.3376426
        ]
      },
      "id": "way/238317639"
    },
    {
      "type": "Feature",
      "properties": {
        "@id": "way/238433172",
        "addr:city": "Kleszczewo",
        "addr:city:simc": "0585118",
        "addr:housenumber": "6",
        "addr:postcode": "63-005",
        "addr:street": "Poznańska",
        "amenity": "community_centre",
        "building": "yes",
        "email": "kultura.gokis@gmail.com",
        "name": "Gminny Ośrodek Kultury w Kleszczewie",
        "operator": "GOKIS Kleszczewo",
        "short_name": "GOK",
        "source:addr": "EMUiA (kleszczewo.e-mapa.net)",
        "@geometry": "center"
      },
      "geometry": {
        "type": "Point",
        "coordinates": [
          17.1680048,
          52.3343888
        ]
      },
      "id": "way/238433172"
    },
    {
      "type": "Feature",
      "properties": {
        "@id": "way/238506502",
        "name": "Ośrodek Kultury \"Zameczek\" w Czernicy",
        "addr:city": "Czernica",
        "addr:city:simc": "0214126",
        "addr:housenumber": "39",
        "addr:postcode": "44-282",
        "addr:street": "Wolności",
        "addr:street:sym_ul": "24687",
        "alt_name": "Pałac Rothów",
        "amenity": "community_centre",
        "building": "yes",
        "heritage": "2",
        "heritage:operator": "nid",
        "historic": "castle",
        "ref:nid": "A/6/99",
        "source:addr": "emuia.gugik.gov.pl",
        "tourism": "attraction",
        "@geometry": "center"
      },
      "geometry": {
        "type": "Point",
        "coordinates": [
          18.3993168,
          50.0807145
        ]
      },
      "id": "way/238506502"
    },
    {
      "type": "Feature",
      "properties": {
        "@id": "way/238653501",
        "addr:city": "Przemyśl",
        "addr:housenumber": "6",
        "addr:postcode": "37-700",
        "addr:street": "Świętego Józefa",
        "alt_name": "MDK Przemyśl;MDK",
        "amenity": "community_centre",
        "building": "yes",
        "building:levels": "4",
        "community_centre:for": "juvenile",
        "name": "Młodzieżowy Dom Kultury w Przemyślu",
        "website": "https://mdkprzemysl.pl",
        "@geometry": "center"
      },
      "geometry": {
        "type": "Point",
        "coordinates": [
          22.7640459,
          49.784254
        ]
      },
      "id": "way/238653501"
    },
    {
      "type": "Feature",
      "properties": {
        "@id": "way/238815303",
        "addr:city:simc": "0190466",
        "addr:housenumber": "50b",
        "addr:place": "Bukówka",
        "addr:postcode": "58-420",
        "amenity": "community_centre",
        "building": "yes",
        "name": "Świetlica",
        "source:addr": "emuia.gugik.gov.pl",
        "@geometry": "center"
      },
      "geometry": {
        "type": "Point",
        "coordinates": [
          15.9629621,
          50.7087107
        ]
      },
      "id": "way/238815303"
    },
    {
      "type": "Feature",
      "properties": {
        "@id": "way/239516985",
        "amenity": "community_centre",
        "building": "yes",
        "name": "Gminny Ośrodek Kultury",
        "@geometry": "center"
      },
      "geometry": {
        "type": "Point",
        "coordinates": [
          17.3595565,
          52.2912582
        ]
      },
      "id": "way/239516985"
    },
    {
      "type": "Feature",
      "properties": {
        "@id": "way/239878085",
        "website": "http://mgok.zelechow.pl/",
        "building": "yes",
        "source": "UMiG Żelechów",
        "phone": "+48 25 754 11 60",
        "name": "Miejsko-Gminny Ośrodek Kultury",
        "addr:city": "Żelechów",
        "addr:housenumber": "5",
        "addr:postcode": "08-430",
        "addr:street": "Romualda Traugutta",
        "amenity": "social_centre",
        "@geometry": "center"
      },
      "geometry": {
        "type": "Point",
        "coordinates": [
          21.8950611,
          51.8078969
        ]
      },
      "id": "way/239878085"
    },
    {
      "type": "Feature",
      "properties": {
        "@id": "way/239900689",
        "addr:housenumber": "24",
        "addr:place": "Mojesz",
        "addr:postcode": "59-600",
        "amenity": "community_centre",
        "building": "yes",
        "building:levels": "2",
        "name": "Świetlica Mojesz",
        "source": "zVID & Ortofotomapa Geoportal",
        "@geometry": "center"
      },
      "geometry": {
        "type": "Point",
        "coordinates": [
          15.5955506,
          51.0876471
        ]
      },
      "id": "way/239900689"
    },
    {
      "type": "Feature",
      "properties": {
        "@id": "way/240033524",
        "source:addr": "EMUiA (emuia.gugik.gov.pl)",
        "addr:city": "Mielec",
        "addr:housenumber": "7",
        "addr:postcode": "39-300",
        "addr:street": "Aleja Niepodległości",
        "amenity": "community_centre",
        "building": "civic",
        "building:levels": "4",
        "height": "16",
        "name": "Dom Kultury",
        "official_name": "Dom Kultury Samorządowego Centrum Kultury",
        "@geometry": "center"
      },
      "geometry": {
        "type": "Point",
        "coordinates": [
          21.4394881,
          50.2953828
        ]
      },
      "id": "way/240033524"
    },
    {
      "type": "Feature",
      "properties": {
        "@id": "way/240126371",
        "amenity": "nightclub",
        "building": "yes",
        "building:levels": "1",
        "name": "Milano",
        "website": "https://milanoclub.pl",
        "@geometry": "center"
      },
      "geometry": {
        "type": "Point",
        "coordinates": [
          21.2319772,
          50.7977734
        ]
      },
      "id": "way/240126371"
    },
    {
      "type": "Feature",
      "properties": {
        "@id": "way/240650418",
        "website": "http://moksir.chelmek.pl/",
        "addr:city": "Chełmek",
        "addr:housenumber": "3",
        "addr:postcode": "32-660",
        "addr:street": "Plac Jana Kilińskiego",
        "amenity": "community_centre",
        "building": "yes",
        "name": "Miejski Ośrodek Kultury Sportu i Rekreacji w Chełmku",
        "phone": "+48 601 661 771",
        "@geometry": "center"
      },
      "geometry": {
        "type": "Point",
        "coordinates": [
          19.2545346,
          50.100673
        ]
      },
      "id": "way/240650418"
    },
    {
      "type": "Feature",
      "properties": {
        "@id": "way/240829218",
        "amenity": "community_centre",
        "building": "public",
        "building:levels": "1",
        "building:use:pl": "inne niemieszkalne",
        "community_centre": "village_hall",
        "name": "Dom Ludowy",
        "@geometry": "center"
      },
      "geometry": {
        "type": "Point",
        "coordinates": [
          15.5744216,
          51.1950874
        ]
      },
      "id": "way/240829218"
    },
    {
      "type": "Feature",
      "properties": {
        "@id": "way/241043235",
        "addr:city:simc": "0554626",
        "addr:housenumber": "43",
        "addr:place": "Osiedle Niewiadów",
        "addr:postcode": "97-225",
        "amenity": "community_centre",
        "building": "yes",
        "name": "Gminny Ośrodek Kultury w Niewiadowie",
        "opening_hours": "Mo-Fr 08:00-20:00",
        "source:addr": "ujazdtomaszowski.e-mapa.net",
        "wheelchair": "yes",
        "@geometry": "center"
      },
      "geometry": {
        "type": "Point",
        "coordinates": [
          19.9281317,
          51.6108257
        ]
      },
      "id": "way/241043235"
    },
    {
      "type": "Feature",
      "properties": {
        "@id": "way/242271603",
        "addr:housenumber": "5",
        "addr:place": "Golnice",
        "addr:postcode": "59-700",
        "amenity": "community_centre",
        "building": "yes",
        "building:levels": "1",
        "building:use:pl": "inne niemieszkalne",
        "name": "Dom Ludowy w Golnicach",
        "@geometry": "center"
      },
      "geometry": {
        "type": "Point",
        "coordinates": [
          15.5860168,
          51.3486154
        ]
      },
      "id": "way/242271603"
    },
    {
      "type": "Feature",
      "properties": {
        "@id": "way/242490108",
        "addr:city:simc": "0308755",
        "addr:housenumber": "23",
        "addr:place": "Gołogóra",
        "addr:postcode": "76-012",
        "amenity": "community_centre",
        "building": "yes",
        "building:levels": "1",
        "name": "Świetlica Wiejska",
        "source": "geoportal.gov.pl:ortofoto",
        "source:addr": "polanow.e-mapa.net",
        "@geometry": "center"
      },
      "geometry": {
        "type": "Point",
        "coordinates": [
          16.7416939,
          54.0044352
        ]
      },
      "id": "way/242490108"
    },
    {
      "type": "Feature",
      "properties": {
        "@id": "way/242492286",
        "amenity": "nightclub",
        "building": "yes",
        "@geometry": "center"
      },
      "geometry": {
        "type": "Point",
        "coordinates": [
          21.9528818,
          52.4572106
        ]
      },
      "id": "way/242492286"
    },
    {
      "type": "Feature",
      "properties": {
        "@id": "way/242728734",
        "addr:city": "Tułowice",
        "addr:housenumber": "8",
        "addr:postcode": "49-130",
        "addr:street": "Porcelanowa",
        "amenity": "community_centre",
        "building": "yes",
        "name": "Tułowicki Ośrodek Kultury",
        "source": "http://sdi.geoportal.gov.pl/wms_orto/wmservice.aspx",
        "@geometry": "center"
      },
      "geometry": {
        "type": "Point",
        "coordinates": [
          17.6512464,
          50.5964156
        ]
      },
      "id": "way/242728734"
    },
    {
      "type": "Feature",
      "properties": {
        "@id": "way/242820280",
        "name": "7th Heaven",
        "addr:city": "Legnica",
        "addr:housename": "Club Seven",
        "addr:housenumber": "20",
        "addr:street": "Kardynała Bolesława Kominka",
        "amenity": "nightclub",
        "building": "yes",
        "contact:phone": "+48 505 897 007",
        "contact:website": "http://www.club-seven.pl/legnica",
        "@geometry": "center"
      },
      "geometry": {
        "type": "Point",
        "coordinates": [
          16.1526073,
          51.2102541
        ]
      },
      "id": "way/242820280"
    },
    {
      "type": "Feature",
      "properties": {
        "@id": "way/242865464",
        "addr:city": "Warszawa",
        "addr:housenumber": "21",
        "addr:postcode": "03-455",
        "addr:street": "Namysłowska",
        "addr:street:sym_ul": "13972",
        "amenity": "community_centre",
        "barrier": "fence",
        "community_centre:for": "child;juvenile",
        "email": "oj7@edu.um.warszawa.pl",
        "landuse": "recreation_ground",
        "name": "VII Ogród Jordanowski",
        "official_name": "VII Ogród Jordanowski w Warszawie",
        "operator": "Praga-Północ",
        "operator:type": "government",
        "phone": "+48 226198993",
        "ref:regon": "012967320",
        "ref:rspo": "25132",
        "ref:vatin": "PL1132787753",
        "website": "http://www.oj7.edu.pl/",
        "@geometry": "center"
      },
      "geometry": {
        "type": "Point",
        "coordinates": [
          21.0295509,
          52.2657523
        ]
      },
      "id": "way/242865464"
    },
    {
      "type": "Feature",
      "properties": {
        "@id": "way/242905222",
        "addr:city:simc": "0610649",
        "addr:housenumber": "1A",
        "addr:place": "Tyniowice",
        "addr:postcode": "37-565",
        "amenity": "community_centre",
        "building": "yes",
        "name": "Wiejski Dom Kultury w Tyniowicach",
        "source:addr": "gugik.gov.pl",
        "@geometry": "center"
      },
      "geometry": {
        "type": "Point",
        "coordinates": [
          22.5669406,
          49.9199789
        ]
      },
      "id": "way/242905222"
    },
    {
      "type": "Feature",
      "properties": {
        "@id": "way/243106056",
        "addr:city": "Borowie",
        "addr:postcode": "08-412",
        "addr:street": "Aleksandra Sasimowskiego",
        "amenity": "nightclub",
        "building": "yes",
        "name": "Casablanca",
        "website": "http://borowie.com.pl",
        "@geometry": "center"
      },
      "geometry": {
        "type": "Point",
        "coordinates": [
          21.766391,
          51.9438979
        ]
      },
      "id": "way/243106056"
    },
    {
      "type": "Feature",
      "properties": {
        "@id": "way/243107243",
        "website": "http://gok.borowie.pl/",
        "addr:city": "Borowie",
        "addr:city:simc": "0668590",
        "addr:housenumber": "19",
        "addr:postcode": "08-412",
        "addr:street": "Garwolińska",
        "amenity": "community_centre",
        "building": "yes",
        "community_centre": "cultural_centre",
        "name": "Gminny Ośrodek Kultury",
        "phone": "+48512550281",
        "source:addr": "emuia.gugik.gov.pl",
        "@geometry": "center"
      },
      "geometry": {
        "type": "Point",
        "coordinates": [
          21.7662216,
          51.9486737
        ]
      },
      "id": "way/243107243"
    },
    {
      "type": "Feature",
      "properties": {
        "@id": "way/243406793",
        "addr:city": "Mieleszyn",
        "addr:housename": "Przedszkole Publiczne",
        "addr:postcode": "62-212",
        "amenity": "community_centre",
        "building": "yes",
        "name": "Gminny Dom Kultury",
        "@geometry": "center"
      },
      "geometry": {
        "type": "Point",
        "coordinates": [
          17.4986957,
          52.667022
        ]
      },
      "id": "way/243406793"
    },
    {
      "type": "Feature",
      "properties": {
        "@id": "way/244536135",
        "amenity": "community_centre",
        "building": "yes",
        "name": "Dom Przyjaciół Niewidomych",
        "@geometry": "center"
      },
      "geometry": {
        "type": "Point",
        "coordinates": [
          20.839757,
          52.2976024
        ]
      },
      "id": "way/244536135"
    },
    {
      "type": "Feature",
      "properties": {
        "@id": "way/244668647",
        "addr:city": "Poznań",
        "addr:city:simc": "0969400",
        "addr:housenumber": "21a",
        "addr:postcode": "60-607",
        "addr:street": "Kazimierza Pułaskiego",
        "amenity": "community_centre",
        "building": "civic",
        "building:colour": "white",
        "building:fireproof": "yes",
        "building:levels": "1",
        "building:material": "plaster",
        "contact:facebook": "https://www.facebook.com/rozbrat",
        "contact:instagram": "rozbratzostaje",
        "contact:rss": "https://www.rozbrat.org/wszystkie-artykuly?format=feed",
        "contact:twitter": "@rozbratorg",
        "contact:website": "https://www.rozbrat.org/",
        "contact:youtube": "https://www.youtube.com/channel/UCtoQ-oMpRcYD47bGB3HSfow",
        "disused:building": "industrial",
        "disused:man_made": "works",
        "image": "File:Rozbrat rowerownia.jpg",
        "name": "Rozbrat",
        "operator:type": "community",
        "roof:shape": "flat",
        "source:addr": "EMUiA (emuia.geoportal.gov.pl)",
        "start_date": "1994",
        "website": "https://www.rozbrat.org",
        "wikidata": "Q9323074",
        "wikimedia_commons": "Category:Squat Rozbrat",
        "wikipedia": "pl:Rozbrat",
        "@geometry": "center"
      },
      "geometry": {
        "type": "Point",
        "coordinates": [
          16.9183461,
          52.417551
        ]
      },
      "id": "way/244668647"
    },
    {
      "type": "Feature",
      "properties": {
        "@id": "way/245258069",
        "addr:city": "Grajewo",
        "addr:housenumber": "20",
        "addr:postcode": "19-200",
        "addr:street": "Wojska Polskiego",
        "amenity": "community_centre",
        "building": "yes",
        "ele": "3",
        "name": "Grajewskie Centrum Kultury",
        "opening_hours": "Mo-Fr 07:30-20:30; Sa-Su off",
        "website": "https://www.gckgrajewo.pl/",
        "@geometry": "center"
      },
      "geometry": {
        "type": "Point",
        "coordinates": [
          22.4553929,
          53.6456383
        ]
      },
      "id": "way/245258069"
    },
    {
      "type": "Feature",
      "properties": {
        "@id": "way/245768645",
        "addr:city": "Augustów",
        "addr:city:simc": "0977539",
        "addr:housenumber": "2b",
        "addr:postcode": "16-300",
        "addr:street": "Hoża",
        "addr:street:sym_ul": "06756",
        "amenity": "community_centre",
        "building": "yes",
        "name": "Osiedlowy Dom Kultury",
        "source": "Geoportal",
        "source:addr": "maugustow.e-mapa.net",
        "@geometry": "center"
      },
      "geometry": {
        "type": "Point",
        "coordinates": [
          22.9825358,
          53.8392058
        ]
      },
      "id": "way/245768645"
    },
    {
      "type": "Feature",
      "properties": {
        "@id": "way/246039109",
        "addr:city:simc": "0606688",
        "addr:housenumber": "90A",
        "addr:place": "Chlewiska",
        "addr:postcode": "37-610",
        "amenity": "community_centre",
        "building": "civic",
        "building:levels": "1",
        "name": "Świetlica w Chlewiskach",
        "source:addr": "gugik.gov.pl",
        "@geometry": "center"
      },
      "geometry": {
        "type": "Point",
        "coordinates": [
          23.395928,
          50.3422601
        ]
      },
      "id": "way/246039109"
    },
    {
      "type": "Feature",
      "properties": {
        "@id": "way/246063082",
        "addr:city": "Tleń",
        "addr:city:simc": "0093361",
        "addr:housenumber": "6",
        "addr:postcode": "86-150",
        "addr:street": "Bydgoska",
        "addr:street:sym_ul": "24170",
        "amenity": "community_centre",
        "building": "yes",
        "name": "Centrum Czynnej Ochrony Przyrody Wdeckiego Parku Krajobrazowego",
        "operator": "Wdecki Park Krajobrazowy",
        "operator:type": "public",
        "source:addr": "emuia.gugik.gov.pl",
        "@geometry": "center"
      },
      "geometry": {
        "type": "Point",
        "coordinates": [
          18.2679135,
          53.6147459
        ]
      },
      "id": "way/246063082"
    },
    {
      "type": "Feature",
      "properties": {
        "@id": "way/246328678",
        "addr:housenumber": "90",
        "addr:place": "Łysokanie",
        "amenity": "community_centre",
        "building": "yes",
        "source:addr": "EMUiA (emuia.gugik.gov.pl)",
        "@geometry": "center"
      },
      "geometry": {
        "type": "Point",
        "coordinates": [
          20.2572647,
          49.9822467
        ]
      },
      "id": "way/246328678"
    },
    {
      "type": "Feature",
      "properties": {
        "@id": "way/247878928",
        "building": "yes",
        "source:addr": "emuia.gugik.gov.pl",
        "name": "ROMA",
        "amenity": "nightclub",
        "addr:city": "Bartoszyce",
        "addr:city:simc": "0964583",
        "addr:housenumber": "2",
        "addr:postcode": "11-200",
        "addr:street": "Warszawska",
        "addr:street:sym_ul": "23682",
        "@geometry": "center"
      },
      "geometry": {
        "type": "Point",
        "coordinates": [
          20.8074341,
          54.2486342
        ]
      },
      "id": "way/247878928"
    },
    {
      "type": "Feature",
      "properties": {
        "@id": "way/249704644",
        "source:addr": "EMUiA (emuia.geoportal.gov.pl)",
        "source": "geoportal.gov.pl:ortofoto",
        "building": "yes",
        "amenity": "community_centre",
        "addr:street": "3 Maja",
        "website": "http://www.mdk-wielun.pl/",
        "addr:postcode": "98-300",
        "name": "Młodzieżowy Dom Kultury",
        "addr:housenumber": "29",
        "addr:city": "Wieluń",
        "@geometry": "center"
      },
      "geometry": {
        "type": "Point",
        "coordinates": [
          18.5675941,
          51.2121018
        ]
      },
      "id": "way/249704644"
    },
    {
      "type": "Feature",
      "properties": {
        "@id": "way/250223696",
        "amenity": "community_centre",
        "building": "yes",
        "name": "Dom Ludowy Jodłowiec",
        "@geometry": "center"
      },
      "geometry": {
        "type": "Point",
        "coordinates": [
          18.7082323,
          51.238752
        ]
      },
      "id": "way/250223696"
    },
    {
      "type": "Feature",
      "properties": {
        "@id": "way/250472960",
        "addr:housenumber": "59",
        "addr:place": "Tymce",
        "addr:postcode": "37-621",
        "amenity": "community_centre",
        "building": "yes",
        "source:addr": "EMUiA (emuia.geoportal.gov.pl)",
        "@geometry": "center"
      },
      "geometry": {
        "type": "Point",
        "coordinates": [
          23.2341223,
          50.2020316
        ]
      },
      "id": "way/250472960"
    },
    {
      "type": "Feature",
      "properties": {
        "@id": "way/250865272",
        "website": "http://www.ckir.bornesulinowo.pl/",
        "addr:city": "Borne Sulinowo",
        "addr:city:simc": "0988715",
        "addr:housenumber": "21",
        "addr:postcode": "78-449",
        "addr:street": "Aleja Niepodległości",
        "addr:street:sym_ul": "30816",
        "amenity": "community_centre",
        "building": "yes",
        "building:levels": "1",
        "name": "Centrum Kultury i Rekreacji w Bornem Sulinowie",
        "phone": "+48 94 37 49 612",
        "source": "UG Borne Sulinowo",
        "source:addr": "bornesulinowo.e-mapa.net",
        "@geometry": "center"
      },
      "geometry": {
        "type": "Point",
        "coordinates": [
          16.5432155,
          53.5819429
        ]
      },
      "id": "way/250865272"
    },
    {
      "type": "Feature",
      "properties": {
        "@id": "way/250883488",
        "amenity": "community_centre",
        "building": "yes",
        "building:type:pl": "Przyziemie budynku nieognioodpornego",
        "name": "Świetlica",
        "source": "Starostwo Powiatowe Strzelce Krajeńskie, survey",
        "@geometry": "center"
      },
      "geometry": {
        "type": "Point",
        "coordinates": [
          15.6357567,
          52.7913064
        ]
      },
      "id": "way/250883488"
    },
    {
      "type": "Feature",
      "properties": {
        "@id": "way/250965040",
        "addr:city": "Osjaków",
        "addr:housenumber": "9",
        "addr:postcode": "98-320",
        "addr:street": "Częstochowska",
        "amenity": "community_centre",
        "building": "office",
        "name": "Gminny Ośrodek Pomocy Społecznej",
        "source:addr": "EMUiA (emuia.geoportal.gov.pl)",
        "@geometry": "center"
      },
      "geometry": {
        "type": "Point",
        "coordinates": [
          18.7908131,
          51.287125
        ]
      },
      "id": "way/250965040"
    },
    {
      "type": "Feature",
      "properties": {
        "@id": "way/251209719",
        "addr:city": "Manieczki",
        "addr:housenumber": "9",
        "addr:street": "Józefa Wybickiego",
        "amenity": "nightclub",
        "building": "yes",
        "name": "Ekwador Manieczki",
        "source": "geoportal.gov.pl",
        "source:addr": "EMUiA (brodnica.e-mapa.net)",
        "@geometry": "center"
      },
      "geometry": {
        "type": "Point",
        "coordinates": [
          16.9313189,
          52.1142002
        ]
      },
      "id": "way/251209719"
    },
    {
      "type": "Feature",
      "properties": {
        "@id": "way/251329697",
        "amenity": "community_centre",
        "building": "yes",
        "name": "Dom Ludowy Małyszyn",
        "source": "geoportal.gov.pl:ortofoto",
        "@geometry": "center"
      },
      "geometry": {
        "type": "Point",
        "coordinates": [
          18.6270239,
          51.2404877
        ]
      },
      "id": "way/251329697"
    },
    {
      "type": "Feature",
      "properties": {
        "@id": "way/251712100",
        "addr:city": "Tomaszów Mazowiecki",
        "addr:housenumber": "7",
        "addr:postcode": "97-200",
        "addr:street": "Browarna",
        "amenity": "community_centre",
        "building": "yes",
        "building:levels": "2",
        "name": "Miejski Ośrodek Kultury",
        "@geometry": "center"
      },
      "geometry": {
        "type": "Point",
        "coordinates": [
          20.0146363,
          51.5311102
        ]
      },
      "id": "way/251712100"
    },
    {
      "type": "Feature",
      "properties": {
        "@id": "way/251977608",
        "addr:city": "Pszczyna",
        "addr:city:simc": "0942222",
        "addr:housenumber": "15",
        "addr:postcode": "43-200",
        "addr:street": "Marii Skłodowskiej-Curie",
        "addr:street:sym_ul": "20068",
        "amenity": "nightclub",
        "building": "yes",
        "name": "O'Key",
        "source:addr": "emuia.gugik.gov.pl",
        "@geometry": "center"
      },
      "geometry": {
        "type": "Point",
        "coordinates": [
          18.943427,
          49.9624547
        ]
      },
      "id": "way/251977608"
    },
    {
      "type": "Feature",
      "properties": {
        "@id": "way/252615866",
        "addr:city": "Kędzierzyn-Koźle",
        "addr:housenumber": "10",
        "addr:postcode": "47-200",
        "addr:street": "Skarbowa",
        "amenity": "community_centre",
        "building": "yes",
        "heritage": "2",
        "heritage:operator": "nid",
        "historic": "building",
        "name": "Dom Kultury Koźle",
        "ref:nid": "A-45/2006",
        "source": "http://sdi.opolskie.pl/mapa_bazowa/request.aspx",
        "@geometry": "center"
      },
      "geometry": {
        "type": "Point",
        "coordinates": [
          18.1452649,
          50.3304626
        ]
      },
      "id": "way/252615866"
    },
    {
      "type": "Feature",
      "properties": {
        "@id": "way/252789416",
        "addr:housenumber": "100",
        "addr:place": "Tomaszów Bolesławiecki",
        "addr:place:simc": "0368119",
        "addr:postcode": "59-708",
        "amenity": "community_centre",
        "building": "yes",
        "building:levels": "1",
        "building:use:pl": "inne niemieszkalne",
        "source:addr": "wartaboleslawiecka.e-mapa.net",
        "@geometry": "center"
      },
      "geometry": {
        "type": "Point",
        "coordinates": [
          15.6825163,
          51.2622467
        ]
      },
      "id": "way/252789416"
    },
    {
      "type": "Feature",
      "properties": {
        "@id": "way/253155729",
        "addr:housenumber": "41",
        "addr:place": "Nowa Wieś",
        "addr:postcode": "98-320",
        "amenity": "community_centre",
        "building": "public",
        "name": "Świetlica Wiejska w Nowej Wśi",
        "source": "geoportal.gov.pl:ortofoto",
        "source:addr": "EMUiA (emuia.geoportal.gov.pl)",
        "@geometry": "center"
      },
      "geometry": {
        "type": "Point",
        "coordinates": [
          18.7601049,
          51.2813018
        ]
      },
      "id": "way/253155729"
    },
    {
      "type": "Feature",
      "properties": {
        "@id": "way/253228161",
        "addr:housenumber": "30a",
        "addr:place": "Łaziska",
        "addr:postcode": "59-700",
        "amenity": "community_centre",
        "building": "yes",
        "building:levels": "1",
        "building:use:pl": "inne niemieszkalne",
        "name": "Dom Ludowy \"Pod Lipami\"",
        "source:addr": "EMUiA (boleslawiec.e-mapa.net)",
        "@geometry": "center"
      },
      "geometry": {
        "type": "Point",
        "coordinates": [
          15.6085144,
          51.2382527
        ]
      },
      "id": "way/253228161"
    },
    {
      "type": "Feature",
      "properties": {
        "@id": "way/253522221",
        "source:addr": "emuia.gugik.gov.pl",
        "name": "Dom Kultury",
        "amenity": "community_centre",
        "community_centre": "cultural_centre",
        "building": "public",
        "addr:city": "Przysucha",
        "addr:city:simc": "0973777",
        "addr:housenumber": "9",
        "addr:postcode": "26-400",
        "addr:street": "Radomska",
        "addr:street:sym_ul": "18316",
        "@geometry": "center"
      },
      "geometry": {
        "type": "Point",
        "coordinates": [
          20.6316568,
          51.3582959
        ]
      },
      "id": "way/253522221"
    },
    {
      "type": "Feature",
      "properties": {
        "@id": "way/254053369",
        "opening_hours": "Sa-Su 21:00-5:00",
        "name": "Protector Prestige Club",
        "dance:style": "house;dance",
        "amenity": "nightclub",
        "building": "yes",
        "@geometry": "center"
      },
      "geometry": {
        "type": "Point",
        "coordinates": [
          18.4259066,
          51.2808454
        ]
      },
      "id": "way/254053369"
    },
    {
      "type": "Feature",
      "properties": {
        "@id": "way/254060976",
        "name": "Gminny Ośrodek Kultury",
        "building": "yes",
        "amenity": "community_centre",
        "@geometry": "center"
      },
      "geometry": {
        "type": "Point",
        "coordinates": [
          19.2684469,
          50.7491903
        ]
      },
      "id": "way/254060976"
    },
    {
      "type": "Feature",
      "properties": {
        "@id": "way/254156954",
        "source:addr": "radkowwloszczowski.e-mapa.net",
        "addr:city": "Kwilina",
        "addr:city:simc": "0144160",
        "addr:housenumber": "71A",
        "addr:place": "Kwilina",
        "addr:postcode": "29-135",
        "amenity": "community_centre",
        "building": "yes",
        "name": "Świetlica Wiejska w Kwilinie",
        "@geometry": "center"
      },
      "geometry": {
        "type": "Point",
        "coordinates": [
          20.018568,
          50.6881503
        ]
      },
      "id": "way/254156954"
    },
    {
      "type": "Feature",
      "properties": {
        "@id": "way/254249596",
        "amenity": "community_centre",
        "building": "yes",
        "building:levels": "1",
        "name": "Świetlica Środowiskowa przy parafii św. Andrzeja Apostoła w Suchedniowie",
        "roof:levels": "1",
        "@geometry": "center"
      },
      "geometry": {
        "type": "Point",
        "coordinates": [
          20.8377427,
          51.0510848
        ]
      },
      "id": "way/254249596"
    },
    {
      "type": "Feature",
      "properties": {
        "@id": "way/254278881",
        "addr:city": "Giżycko",
        "addr:city:simc": "0977692",
        "addr:housenumber": "8",
        "addr:postcode": "11-500",
        "addr:street": "Stanisława Konarskiego",
        "amenity": "community_centre",
        "building": "yes",
        "name": "Giżyckie Centrum Kultury",
        "source:addr": "gugik.gov.pl",
        "@geometry": "center"
      },
      "geometry": {
        "type": "Point",
        "coordinates": [
          21.7675183,
          54.038062
        ]
      },
      "id": "way/254278881"
    },
    {
      "type": "Feature",
      "properties": {
        "@id": "way/254511575",
        "website": "http://www.mdk.lubliniec.pl",
        "addr:city": "Lubliniec",
        "addr:housenumber": "9",
        "addr:postcode": "42-700",
        "addr:street": "Plebiscytowa",
        "amenity": "community_centre",
        "building": "yes",
        "building:fireproof": "yes",
        "building:levels": "2",
        "building:usage:pl": "oświaty, nauki i kultury oraz budynki sportowe",
        "email": "mdk@lubliniec.pl",
        "fax": "+48 34 351 06 93",
        "name": "Miejski Dom Kultury",
        "opening_hours": "Mo-Fr 10:00-21:00; Sa-Su 15:00-21:00",
        "phone": "+48 34 351 06 81",
        "@geometry": "center"
      },
      "geometry": {
        "type": "Point",
        "coordinates": [
          18.6882197,
          50.6696637
        ]
      },
      "id": "way/254511575"
    },
    {
      "type": "Feature",
      "properties": {
        "@id": "way/254512193",
        "amenity": "nightclub",
        "website": "https://www.club-prive.pl/",
        "name": "Club Prive",
        "phone": "+48 730 777 377",
        "addr:city": "Lubliniec",
        "addr:housenumber": "43",
        "addr:postcode": "42-700",
        "addr:street": "Plebiscytowa",
        "building": "yes",
        "building:fireproof": "yes",
        "building:levels": "3",
        "building:usage:pl": "inny niemieszkalny",
        "email": "info@club-prive.pl",
        "@geometry": "center"
      },
      "geometry": {
        "type": "Point",
        "coordinates": [
          18.6937083,
          50.6705794
        ]
      },
      "id": "way/254512193"
    },
    {
      "type": "Feature",
      "properties": {
        "@id": "way/254627651",
        "addr:city": "Styków",
        "addr:city:simc": "0231350",
        "addr:housenumber": "25",
        "addr:postcode": "27-230",
        "addr:street": "Świętokrzyska",
        "addr:street:sym_ul": "22552",
        "amenity": "community_centre",
        "building": "yes",
        "name": "Centrum Kultury i Aktywności Lokalnej w Brodach",
        "source:addr": "emuia.gugik.gov.pl",
        "@geometry": "center"
      },
      "geometry": {
        "type": "Point",
        "coordinates": [
          21.1468456,
          51.0005737
        ]
      },
      "id": "way/254627651"
    },
    {
      "type": "Feature",
      "properties": {
        "@id": "way/255367077",
        "name": "Libiąskie Centrum Kultury",
        "building": "yes",
        "addr:housenumber": "1",
        "addr:street": "Górnicza",
        "amenity": "community_centre",
        "@geometry": "center"
      },
      "geometry": {
        "type": "Point",
        "coordinates": [
          19.3305893,
          50.1007807
        ]
      },
      "id": "way/255367077"
    },
    {
      "type": "Feature",
      "properties": {
        "@id": "way/255470514",
        "addr:city:simc": "0055030",
        "addr:housenumber": "511",
        "addr:place": "Międzyrzecze Górne",
        "addr:postcode": "43-392",
        "amenity": "community_centre",
        "building": "yes",
        "name": "Gminny Ośrodek Kultury w Jasienicy. Filia",
        "source:addr": "emuia.gugik.gov.pl",
        "@geometry": "center"
      },
      "geometry": {
        "type": "Point",
        "coordinates": [
          18.9402189,
          49.8423976
        ]
      },
      "id": "way/255470514"
    },
    {
      "type": "Feature",
      "properties": {
        "@id": "way/256182001",
        "addr:city": "Wadowice",
        "addr:housename": "Biuro",
        "addr:housenumber": "2",
        "addr:postcode": "34-100",
        "addr:street": "Błonie",
        "amenity": "social_centre",
        "building": "yes",
        "building:levels": "1",
        "name": "MKS Skawa Wadowice",
        "phone": "+48 33 8234960",
        "website": "https://mksskawawadowice.pl/",
        "@geometry": "center"
      },
      "geometry": {
        "type": "Point",
        "coordinates": [
          19.5055311,
          49.8717797
        ]
      },
      "id": "way/256182001"
    },
    {
      "type": "Feature",
      "properties": {
        "@id": "way/256511372",
        "addr:city": "ząbki",
        "addr:housenumber": "10",
        "addr:postcode": "05-091",
        "addr:street": "Juliusza Słowackiego",
        "amenity": "community_centre",
        "building": "public",
        "community_centre": "cultural_centre",
        "historic": "yes",
        "name": "Miejski Dom Kultury",
        "old_name": "Willa Alina",
        "ref": "Rejestr zabytków 1331-A z 29.07.1988",
        "start_date": "1925",
        "wheelchair": "no",
        "@geometry": "center"
      },
      "geometry": {
        "type": "Point",
        "coordinates": [
          21.1203407,
          52.2935537
        ]
      },
      "id": "way/256511372"
    },
    {
      "type": "Feature",
      "properties": {
        "@id": "way/257178135",
        "addr:city": "Ostrów Wielkopolski",
        "addr:housenumber": "78",
        "addr:postcode": "63-400",
        "addr:street": "Raszkowska",
        "amenity": "nightclub",
        "building": "yes",
        "name": "Klub Stara Przepompownia",
        "@geometry": "center"
      },
      "geometry": {
        "type": "Point",
        "coordinates": [
          17.8073396,
          51.6551175
        ]
      },
      "id": "way/257178135"
    },
    {
      "type": "Feature",
      "properties": {
        "@id": "way/257357408",
        "addr:city": "Kutno",
        "addr:housenumber": "4",
        "addr:postcode": "99-300",
        "addr:street": "Stanisława Żółkiewskiego",
        "amenity": "community_centre",
        "building": "public",
        "building:levels": "2",
        "height": "7",
        "name": "Kutnowski Dom Kultury",
        "roof:shape": "flat",
        "@geometry": "center"
      },
      "geometry": {
        "type": "Point",
        "coordinates": [
          19.355649,
          52.2357203
        ]
      },
      "id": "way/257357408"
    },
    {
      "type": "Feature",
      "properties": {
        "@id": "way/257412372",
        "addr:city": "Świdnica",
        "addr:housenumber": "27",
        "addr:postcode": "58-100",
        "addr:street": "Saperów",
        "amenity": "social_centre",
        "building": "yes",
        "name": "Dom Dziennego Pobytu \"Przystań\"",
        "source:geometry": "geoportal.gov.pl. GPS",
        "@geometry": "center"
      },
      "geometry": {
        "type": "Point",
        "coordinates": [
          16.4935968,
          50.8472968
        ]
      },
      "id": "way/257412372"
    },
    {
      "type": "Feature",
      "properties": {
        "@id": "way/257767221",
        "addr:city": "Ostrów Wielkopolski",
        "addr:city:simc": "0937132",
        "addr:housenumber": "5",
        "addr:postcode": "63-400",
        "addr:street": "Macieja Rataja",
        "addr:street:sym_ul": "18469",
        "amenity": "community_centre",
        "building": "yes",
        "operator": "Miasto Ostrów Wielkopolski",
        "operator:type": "public",
        "source:addr": "mostrowwielkopolski.e-mapa.net",
        "@geometry": "center"
      },
      "geometry": {
        "type": "Point",
        "coordinates": [
          17.7958039,
          51.6289881
        ]
      },
      "id": "way/257767221"
    },
    {
      "type": "Feature",
      "properties": {
        "@id": "way/257901417",
        "website": "http://www.dziadowakloda.pl/content.php?cms_id=104",
        "addr:city": "Dalborowice",
        "addr:city:simc": "0197008",
        "addr:housename": "Sala wiejska",
        "addr:housenumber": "19",
        "addr:street": "Namysłowska",
        "addr:street:sym_ul": "13972",
        "amenity": "community_centre",
        "building": "yes",
        "name": "Świetlica wiejska w Dalborowicach",
        "source:addr": "dziadowakloda.e-mapa.net",
        "@geometry": "center"
      },
      "geometry": {
        "type": "Point",
        "coordinates": [
          17.7129367,
          51.1952916
        ]
      },
      "id": "way/257901417"
    },
    {
      "type": "Feature",
      "properties": {
        "@id": "way/258487422",
        "addr:city": "Wąwolnica",
        "addr:housenumber": "32",
        "addr:postcode": "24-160",
        "addr:street": "Rynek",
        "amenity": "community_centre",
        "building": "yes",
        "name": "Gminny Dom Kultury w Wąwolnicy",
        "source:addr": "wawolnica.e-mapa.net",
        "@geometry": "center"
      },
      "geometry": {
        "type": "Point",
        "coordinates": [
          22.1473708,
          51.2944564
        ]
      },
      "id": "way/258487422"
    },
    {
      "type": "Feature",
      "properties": {
        "@id": "way/260170120",
        "name": "Świetlica",
        "addr:place": "Kłębowo",
        "addr:postcode": "11-100",
        "amenity": "community_centre",
        "building": "yes",
        "operator": "Urząd Gminy Lidzbark Warmiński",
        "start_date": "1980",
        "wheelchair": "no",
        "@geometry": "center"
      },
      "geometry": {
        "type": "Point",
        "coordinates": [
          20.5987137,
          54.0781307
        ]
      },
      "id": "way/260170120"
    },
    {
      "type": "Feature",
      "properties": {
        "@id": "way/260177842",
        "amenity": "community_centre",
        "building": "yes",
        "name": "Zajezdnia Kultury",
        "official_name": "Zajezdnia Kultury w Pleszewie",
        "website": "https://zajezdniakultury.pl",
        "@geometry": "center"
      },
      "geometry": {
        "type": "Point",
        "coordinates": [
          17.7843977,
          51.8907271
        ]
      },
      "id": "way/260177842"
    },
    {
      "type": "Feature",
      "properties": {
        "@id": "way/260509303",
        "addr:city": "Sejny",
        "addr:city:simc": "0977918",
        "addr:housenumber": "39",
        "addr:postcode": "16-500",
        "addr:street": "Józefa Piłsudskiego",
        "addr:street:sym_ul": "16264",
        "amenity": "community_centre",
        "building": "synagogue",
        "historic": "yes",
        "name": "Biała Synagoga w Sejnach",
        "religion": "jewish",
        "source:addr": "msejny.e-mapa.net",
        "wikidata": "Q7447099",
        "wikipedia": "pl:Biała Synagoga w Sejnach",
        "@geometry": "center"
      },
      "geometry": {
        "type": "Point",
        "coordinates": [
          23.3509053,
          54.1056481
        ]
      },
      "id": "way/260509303"
    },
    {
      "type": "Feature",
      "properties": {
        "@id": "way/261846692",
        "addr:city": "Elbląg",
        "addr:housenumber": "1H",
        "addr:postcode": "82-300",
        "addr:street": "Ogólna",
        "amenity": "nightclub",
        "building": "yes",
        "name": "Sandra",
        "@geometry": "center"
      },
      "geometry": {
        "type": "Point",
        "coordinates": [
          19.4090596,
          54.1870404
        ]
      },
      "id": "way/261846692"
    },
    {
      "type": "Feature",
      "properties": {
        "@id": "way/262004528",
        "addr:city": "Stronno",
        "addr:city:simc": "0084474",
        "addr:housenumber": "30",
        "addr:postcode": "86-022",
        "addr:street": "Szkolna",
        "addr:street:sym_ul": "21970",
        "amenity": "community_centre",
        "building": "yes",
        "name": "Świetlica Stronno",
        "polling_station": "yes",
        "source:addr": "emuia.gugik.gov.pl",
        "@geometry": "center"
      },
      "geometry": {
        "type": "Point",
        "coordinates": [
          18.0705758,
          53.2918795
        ]
      },
      "id": "way/262004528"
    },
    {
      "type": "Feature",
      "properties": {
        "@id": "way/262288705",
        "addr:city:simc": "0500286",
        "addr:housenumber": "2F",
        "addr:place": "Skorochów",
        "addr:postcode": "48-300",
        "amenity": "community_centre",
        "building": "yes",
        "name": "Świetlica wiejska",
        "source": "http://sdi.opolskie.pl/mapa_bazowa/request.aspx",
        "source:addr": "nysa.e-mapa.net",
        "@geometry": "center"
      },
      "geometry": {
        "type": "Point",
        "coordinates": [
          17.2863151,
          50.4739417
        ]
      },
      "id": "way/262288705"
    },
    {
      "type": "Feature",
      "properties": {
        "@id": "way/262301551",
        "source": "http://sdi.opolskie.pl/mapa_bazowa/request.aspx",
        "addr:city": "Lewin Brzeski",
        "addr:housenumber": "14",
        "addr:postcode": "49-340",
        "addr:street": "Rynek",
        "amenity": "community_centre",
        "building": "yes",
        "community_centre": "cultural_centre",
        "name": "Dom Kultury",
        "@geometry": "center"
      },
      "geometry": {
        "type": "Point",
        "coordinates": [
          17.616366,
          50.7477449
        ]
      },
      "id": "way/262301551"
    },
    {
      "type": "Feature",
      "properties": {
        "@id": "way/262337843",
        "addr:housenumber": "1a",
        "addr:place": "Michałowice",
        "addr:postcode": "49-314",
        "amenity": "community_centre",
        "building": "house",
        "building:levels": "2",
        "name": "Świetlica wiejska w Mihałowicach",
        "roof:shape": "flat",
        "source": "http://sdi.opolskie.pl/mapa_bazowa/request.aspx",
        "@geometry": "center"
      },
      "geometry": {
        "type": "Point",
        "coordinates": [
          17.4805624,
          50.8889635
        ]
      },
      "id": "way/262337843"
    },
    {
      "type": "Feature",
      "properties": {
        "@id": "way/262352396",
        "amenity": "community_centre",
        "building": "yes",
        "community_centre": "parish_hall",
        "toilets:access": "Sala parafialna \"Emaus\"",
        "@geometry": "center"
      },
      "geometry": {
        "type": "Point",
        "coordinates": [
          17.6367166,
          50.9415791
        ]
      },
      "id": "way/262352396"
    },
    {
      "type": "Feature",
      "properties": {
        "@id": "way/262390574",
        "addr:city": "Niemodlin",
        "addr:housenumber": "9",
        "addr:postcode": "49-100",
        "addr:street": "Opolska",
        "amenity": "nightclub",
        "building": "residential",
        "name": "Hollywood",
        "source": "http://sdi.opolskie.pl/mapa_bazowa/request.aspx",
        "@geometry": "center"
      },
      "geometry": {
        "type": "Point",
        "coordinates": [
          17.6302705,
          50.6414354
        ]
      },
      "id": "way/262390574"
    },
    {
      "type": "Feature",
      "properties": {
        "@id": "way/262391809",
        "name": "Dom Kultury",
        "addr:city": "Niemodlin",
        "addr:housenumber": "1",
        "addr:postcode": "49-100",
        "addr:street": "Mikołaja Reja",
        "amenity": "community_centre",
        "building": "yes",
        "source": "http://sdi.opolskie.pl/mapa_bazowa/request.aspx",
        "@geometry": "center"
      },
      "geometry": {
        "type": "Point",
        "coordinates": [
          17.6314251,
          50.637735
        ]
      },
      "id": "way/262391809"
    },
    {
      "type": "Feature",
      "properties": {
        "@id": "way/262586453",
        "addr:city": "Kutno",
        "addr:housenumber": "8",
        "addr:street": "Stanisława Staszica",
        "amenity": "community_centre",
        "building": "yes",
        "name": "Młodzieżowy Dom Kultury",
        "source:addr": "EMUiA (emuia.geoportal.gov.pl)",
        "@geometry": "center"
      },
      "geometry": {
        "type": "Point",
        "coordinates": [
          19.3597254,
          52.2353799
        ]
      },
      "id": "way/262586453"
    },
    {
      "type": "Feature",
      "properties": {
        "@id": "way/263964093",
        "addr:housenumber": "25",
        "addr:city:simc": "0473075",
        "addr:place": "Sętal",
        "addr:postcode": "11-001",
        "amenity": "community_centre",
        "building": "yes",
        "name": "Świetlica",
        "source:addr": "dywity.e-mapa.net",
        "@geometry": "center"
      },
      "geometry": {
        "type": "Point",
        "coordinates": [
          20.4771531,
          53.900252
        ]
      },
      "id": "way/263964093"
    },
    {
      "type": "Feature",
      "properties": {
        "@id": "way/264081518",
        "addr:city": "Miłoszyce",
        "addr:housenumber": "7a",
        "addr:postcode": "55-220",
        "addr:street": "Główna",
        "amenity": "community_centre",
        "building": "yes",
        "name": "Świetlica Wiejska",
        "source:addr": "jelczlaskowice.e-mapa.net",
        "source:geometry": "geoportal.gov.pl, GPS",
        "@geometry": "center"
      },
      "geometry": {
        "type": "Point",
        "coordinates": [
          17.3126293,
          51.0508548
        ]
      },
      "id": "way/264081518"
    },
    {
      "type": "Feature",
      "properties": {
        "@id": "way/265252000",
        "addr:city": "Rzeszów",
        "addr:housenumber": "43a",
        "addr:street": "Konfederatów Barskich",
        "amenity": "community_centre",
        "building": "yes",
        "contact:website": "https://pobitno.rdk.rzeszow.pl/",
        "name": "RDK filia Pobitno",
        "official_name": "Rzeszowski Dom Kultury filia Pobitno",
        "source:addr": "UM Rzeszów",
        "source:geometry": "UM Rzeszow",
        "website": "https://pobitno.rdk.rzeszow.pl",
        "@geometry": "center"
      },
      "geometry": {
        "type": "Point",
        "coordinates": [
          22.0270024,
          50.0460397
        ]
      },
      "id": "way/265252000"
    },
    {
      "type": "Feature",
      "properties": {
        "@id": "way/265737580",
        "addr:city": "Grodków",
        "addr:housenumber": "16",
        "addr:postcode": "49-200",
        "addr:street": "Kasztanowa",
        "amenity": "community_centre",
        "building": "public",
        "name": "Ośrodek Kultury i Rekreacji (Dom Kultury)",
        "source": "http://sdi.opolskie.pl/mapa_bazowa/request.aspx",
        "source:geometry": "geoportal.gov.pl, GPS",
        "@geometry": "center"
      },
      "geometry": {
        "type": "Point",
        "coordinates": [
          17.3826048,
          50.6961106
        ]
      },
      "id": "way/265737580"
    },
    {
      "type": "Feature",
      "properties": {
        "@id": "way/266052432",
        "addr:housenumber": "16",
        "addr:place": "Niekazanice",
        "addr:postcode": "48-140",
        "amenity": "community_centre",
        "building": "yes",
        "name": "Świetlica wiejska",
        "source": "http://sdi.opolskie.pl/mapa_bazowa/request.aspx",
        "@geometry": "center"
      },
      "geometry": {
        "type": "Point",
        "coordinates": [
          17.8566311,
          50.0471645
        ]
      },
      "id": "way/266052432"
    },
    {
      "type": "Feature",
      "properties": {
        "@id": "way/266232376",
        "addr:country": "PL",
        "addr:housenumber": "47",
        "addr:place": "Wódka",
        "addr:postcode": "48-140",
        "amenity": "community_centre",
        "building": "yes",
        "name": "Świetlica wiejska",
        "source": "http://sdi.opolskie.pl/mapa_bazowa/request.aspx",
        "@geometry": "center"
      },
      "geometry": {
        "type": "Point",
        "coordinates": [
          17.853715,
          50.063935
        ]
      },
      "id": "way/266232376"
    },
    {
      "type": "Feature",
      "properties": {
        "@id": "way/266605088",
        "addr:city": "Nowa Cerekwia",
        "addr:country": "PL",
        "addr:housenumber": "54",
        "addr:postcode": "48-133",
        "addr:street": "Raciborska",
        "amenity": "community_centre",
        "building": "yes",
        "name": "Wiejski Dom Kultury",
        "source": "http://sdi.opolskie.pl/mapa_bazowa/request.aspx",
        "@geometry": "center"
      },
      "geometry": {
        "type": "Point",
        "coordinates": [
          17.934388,
          50.0907241
        ]
      },
      "id": "way/266605088"
    },
    {
      "type": "Feature",
      "properties": {
        "@id": "way/266900324",
        "addr:city:simc": "0483694",
        "addr:housenumber": "22A",
        "addr:place": "Jabłonka",
        "addr:postcode": "13-100",
        "amenity": "community_centre",
        "building": "yes",
        "name": "Świetlica",
        "source:addr": "emuia.gugik.gov.pl",
        "@geometry": "center"
      },
      "geometry": {
        "type": "Point",
        "coordinates": [
          20.5539765,
          53.493781
        ]
      },
      "id": "way/266900324"
    },
    {
      "type": "Feature",
      "properties": {
        "@id": "way/267092434",
        "addr:city:simc": "0476406",
        "addr:housenumber": "61",
        "addr:place": "Róg",
        "addr:postcode": "13-113",
        "amenity": "community_centre",
        "building": "yes",
        "name": "Świetlica Wiejska w Rogu",
        "source:addr": "janowo.e-mapa.net",
        "@geometry": "center"
      },
      "geometry": {
        "type": "Point",
        "coordinates": [
          20.7520934,
          53.3320929
        ]
      },
      "id": "way/267092434"
    },
    {
      "type": "Feature",
      "properties": {
        "@id": "way/268567546",
        "amenity": "community_centre",
        "area": "yes",
        "name": "Scena Miejska",
        "@geometry": "center"
      },
      "geometry": {
        "type": "Point",
        "coordinates": [
          18.8014208,
          54.6052005
        ]
      },
      "id": "way/268567546"
    },
    {
      "type": "Feature",
      "properties": {
        "@id": "way/269063928",
        "amenity": "community_centre",
        "building": "yes",
        "building:fireproof": "yes",
        "building:levels": "1",
        "name": "Świetlica Wiejska w Bolewicach",
        "source": "Starostwo Powiatowe w Choszcznie",
        "@geometry": "center"
      },
      "geometry": {
        "type": "Point",
        "coordinates": [
          15.3320303,
          53.0579056
        ]
      },
      "id": "way/269063928"
    },
    {
      "type": "Feature",
      "properties": {
        "@id": "way/271903629",
        "addr:city": "Dziemiany",
        "addr:city:simc": "0160614",
        "addr:housenumber": "14",
        "addr:postcode": "83-425",
        "addr:street": "8 Marca",
        "addr:street:sym_ul": "12270",
        "amenity": "community_centre",
        "building": "yes",
        "name": "Ośrodek kultury",
        "source:addr": "dziemiany.e-mapa.net",
        "@geometry": "center"
      },
      "geometry": {
        "type": "Point",
        "coordinates": [
          17.7682799,
          54.0076784
        ]
      },
      "id": "way/271903629"
    },
    {
      "type": "Feature",
      "properties": {
        "@id": "way/273347588",
        "addr:city:simc": "0854624",
        "addr:housenumber": "13",
        "addr:place": "Dzierzkowa",
        "addr:postcode": "57-130",
        "amenity": "community_centre",
        "building": "yes",
        "name": "Świetlica Wiejska",
        "source:addr": "emuia.gugik.gov.pl",
        "@geometry": "center"
      },
      "geometry": {
        "type": "Point",
        "coordinates": [
          17.1331508,
          50.6730886
        ]
      },
      "id": "way/273347588"
    },
    {
      "type": "Feature",
      "properties": {
        "@id": "way/273473821",
        "addr:city:simc": "0293060",
        "addr:housenumber": "22",
        "addr:place": "Rataje",
        "addr:postcode": "62-310",
        "amenity": "community_centre",
        "building": "yes",
        "heritage": "2",
        "heritage:operator": "nid",
        "historic": "manor",
        "name": "Świetlica wiejska",
        "ref:nid": "387/129",
        "source:addr": "EMUiA (pyzdry.e-mapa.net)",
        "wikidata": "Q15846165",
        "wikipedia": "pl:Dwór w Ratajach",
        "@geometry": "center"
      },
      "geometry": {
        "type": "Point",
        "coordinates": [
          17.7161575,
          52.1914697
        ]
      },
      "id": "way/273473821"
    },
    {
      "type": "Feature",
      "properties": {
        "@id": "way/273572957",
        "addr:city": "Nowa Wieś Wrocławska",
        "addr:city:simc": "0875081",
        "addr:housenumber": "14",
        "addr:postcode": "55-080",
        "addr:street": "Relaksowa",
        "amenity": "community_centre",
        "building": "public",
        "community_centre": "community_hall",
        "name": "Świetlica Wiejska",
        "source": "geoportal:orto",
        "source:addr": "gugik.gov.pl",
        "@geometry": "center"
      },
      "geometry": {
        "type": "Point",
        "coordinates": [
          16.9127071,
          51.0450024
        ]
      },
      "id": "way/273572957"
    },
    {
      "type": "Feature",
      "properties": {
        "@id": "way/273642294",
        "addr:city": "Osowo",
        "addr:housenumber": "46",
        "addr:postcode": "83-440",
        "addr:street": "Wielewska",
        "amenity": "community_centre",
        "building": "yes",
        "name": "Dom Kultury",
        "source:addr": "karsin.punktyadresowe.pl",
        "@geometry": "center"
      },
      "geometry": {
        "type": "Point",
        "coordinates": [
          17.8889127,
          53.8743652
        ]
      },
      "id": "way/273642294"
    },
    {
      "type": "Feature",
      "properties": {
        "@id": "way/274455002",
        "addr:city": "Żytkiejmy",
        "addr:city:simc": "0756100",
        "addr:housenumber": "2",
        "addr:postcode": "19-505",
        "addr:street": "1 Maja",
        "amenity": "community_centre",
        "building": "yes",
        "name": "Świetlica Wiejska w Żytkiejmach",
        "phone": "+48 87 615 96 20",
        "source:addr": "dubeninki.e-mapa.net",
        "website": "http://www.gckdubeninki.pl/asp/pl_start.asp?typ=14&sub=39&menu=94&strona=1",
        "@geometry": "center"
      },
      "geometry": {
        "type": "Point",
        "coordinates": [
          22.698664,
          54.3515754
        ]
      },
      "id": "way/274455002"
    },
    {
      "type": "Feature",
      "properties": {
        "@id": "way/274775334",
        "addr:housenumber": "19",
        "addr:place": "Cierznie",
        "addr:postcode": "77-310",
        "amenity": "community_centre",
        "building": "yes",
        "@geometry": "center"
      },
      "geometry": {
        "type": "Point",
        "coordinates": [
          17.074745,
          53.5719269
        ]
      },
      "id": "way/274775334"
    },
    {
      "type": "Feature",
      "properties": {
        "@id": "way/274790201",
        "addr:city:simc": "0190213",
        "addr:housenumber": "16",
        "addr:place": "Stankowice",
        "amenity": "community_centre",
        "building": "yes",
        "name": "Świetlica",
        "opening_hours:signed": "no",
        "source": "geoportal:orto",
        "source:addr": "lesna.e-mapa.net",
        "@geometry": "center"
      },
      "geometry": {
        "type": "Point",
        "coordinates": [
          15.3151435,
          51.0201739
        ]
      },
      "id": "way/274790201"
    },
    {
      "type": "Feature",
      "properties": {
        "@id": "way/275343160",
        "addr:housenumber": "109",
        "addr:place": "Babice",
        "addr:postcode": "48-120",
        "amenity": "community_centre",
        "building": "yes",
        "building:levels": "2",
        "name": "Świetlica wiejska",
        "source": "http://sdi.opolskie.pl/mapa_bazowa/request.aspx",
        "@geometry": "center"
      },
      "geometry": {
        "type": "Point",
        "coordinates": [
          17.9106319,
          50.1718654
        ]
      },
      "id": "way/275343160"
    },
    {
      "type": "Feature",
      "properties": {
        "@id": "way/279247175",
        "addr:city": "Wojsławice",
        "addr:housenumber": "20a",
        "addr:postcode": "22-120",
        "addr:street": "Rynek",
        "alt_name": "Nowa Synagoga w Wojsławicach",
        "amenity": "community_centre",
        "building": "synagogue",
        "heritage": "2",
        "heritage:operator": "nid",
        "heritage:wikidata": "Q11793465",
        "heritage:wikipedia": "pl:Nowa Synagoga w Wojsławicach",
        "name": "Izba Tradycji Ziemi Wojsławickiej",
        "opening_hours": "Tu-Fr 10:00-18:00; We 08:00-16:00; Sa 08:00-16:00",
        "operator": "Gminne Centrum Kultury, Sportu i Turystyki",
        "ref:nid": "604856",
        "source:addr": "http://wojslawice.punktyadresowe.pl",
        "tourism": "museum",
        "@geometry": "center"
      },
      "geometry": {
        "type": "Point",
        "coordinates": [
          23.5493088,
          50.9179111
        ]
      },
      "id": "way/279247175"
    },
    {
      "type": "Feature",
      "properties": {
        "@id": "way/280023609",
        "addr:street:sym_ul": "19745",
        "addr:city": "Warszawa",
        "addr:city:simc": "0918123",
        "addr:housenumber": "6",
        "addr:postcode": "03-786",
        "addr:street": "Siarczana",
        "amenity": "community_centre",
        "building": "public",
        "building:levels": "2",
        "heritage": "2",
        "heritage:operator": "nid",
        "name": "Centrum Kultury i Aktywności",
        "note": "Willa Kijewskiego",
        "ref:nid": "1236 z 1983-12-12;",
        "website": "https://ckia.waw.pl/",
        "wikidata": "Q33602801",
        "@geometry": "center"
      },
      "geometry": {
        "type": "Point",
        "coordinates": [
          21.0645861,
          52.2625662
        ]
      },
      "id": "way/280023609"
    },
    {
      "type": "Feature",
      "properties": {
        "@id": "way/281478277",
        "source": "geoportal:orto",
        "amenity": "community_centre",
        "building": "church",
        "community_centre": "cultural_centre",
        "name": "Dom Modlitwy",
        "@geometry": "center"
      },
      "geometry": {
        "type": "Point",
        "coordinates": [
          15.8073872,
          50.8763835
        ]
      },
      "id": "way/281478277"
    },
    {
      "type": "Feature",
      "properties": {
        "@id": "way/282186524",
        "source": "www.geoportal.gov.pl",
        "name": "Dom Działkowca",
        "amenity": "community_centre",
        "building": "yes",
        "building:levels": "2",
        "@geometry": "center"
      },
      "geometry": {
        "type": "Point",
        "coordinates": [
          21.0086217,
          52.1958293
        ]
      },
      "id": "way/282186524"
    },
    {
      "type": "Feature",
      "properties": {
        "@id": "way/282317964",
        "addr:city": "Modliborzyce",
        "addr:housenumber": "1",
        "addr:postcode": "23-310",
        "addr:street": "Zamkowa",
        "amenity": "community_centre",
        "building": "public",
        "name": "Dom Kultury",
        "note": "Budynek dawnej synagogi",
        "source:addr": "modliborzyce.e-mapa.net",
        "website": "http://www.gokmodliborzyce.pl/",
        "wikidata": "Q9349919",
        "wikipedia": "pl:Synagoga w Modliborzycach",
        "@geometry": "center"
      },
      "geometry": {
        "type": "Point",
        "coordinates": [
          22.3306264,
          50.7544997
        ]
      },
      "id": "way/282317964"
    },
    {
      "type": "Feature",
      "properties": {
        "@id": "way/282418753",
        "amenity": "community_centre",
        "barrier": "fence",
        "@geometry": "center"
      },
      "geometry": {
        "type": "Point",
        "coordinates": [
          19.6707577,
          51.9004613
        ]
      },
      "id": "way/282418753"
    },
    {
      "type": "Feature",
      "properties": {
        "@id": "way/283068490",
        "website": "http://www.mgokis.praszka.pl/index.php?id=104",
        "source:geometry": "geoportal.gov.pl;GPS/RTK",
        "name": "Dom Kultury",
        "wikidata": "Q9350013",
        "wikipedia": "pl:Synagoga w Praszce",
        "addr:city": "Praszka",
        "addr:housenumber": "9",
        "addr:postcode": "46-320",
        "addr:street": "Tadeusza Kościuszki",
        "amenity": "community_centre",
        "building": "public",
        "image": "https://pl.wikipedia.org/wiki/Synagoga_w_Praszce#/media/File:Praszka_Synagogue_02.jpg",
        "note": "Budynek dawnej synagogi",
        "operator": "MGOKiS Praszka",
        "@geometry": "center"
      },
      "geometry": {
        "type": "Point",
        "coordinates": [
          18.4492193,
          51.0549216
        ]
      },
      "id": "way/283068490"
    },
    {
      "type": "Feature",
      "properties": {
        "@id": "way/283412617",
        "amenity": "community_centre",
        "building": "yes",
        "name": "WTZ Gizałki",
        "@geometry": "center"
      },
      "geometry": {
        "type": "Point",
        "coordinates": [
          17.7676433,
          52.0453803
        ]
      },
      "id": "way/283412617"
    },
    {
      "type": "Feature",
      "properties": {
        "@id": "way/283860350",
        "addr:city": "Czerwionka-Leszczyny",
        "addr:city:simc": "0939409",
        "addr:housenumber": "2",
        "addr:postcode": "44-230",
        "addr:street": "Wolności",
        "amenity": "community_centre",
        "building": "yes",
        "name": "Miejski Ośrodek Kultury w Czerwionce",
        "source:addr": "EMUiA",
        "website": "http://www.mokcl.pl",
        "@geometry": "center"
      },
      "geometry": {
        "type": "Point",
        "coordinates": [
          18.6694775,
          50.1523182
        ]
      },
      "id": "way/283860350"
    },
    {
      "type": "Feature",
      "properties": {
        "@id": "way/284273132",
        "addr:city": "Elbląg",
        "addr:housenumber": "95A",
        "addr:postcode": "82-300",
        "addr:street": "Królewiecka",
        "amenity": "nightclub",
        "building": "yes",
        "name": "Astoria",
        "source": "Urząd Miasta Elbląg",
        "@geometry": "center"
      },
      "geometry": {
        "type": "Point",
        "coordinates": [
          19.4080673,
          54.168287
        ]
      },
      "id": "way/284273132"
    },
    {
      "type": "Feature",
      "properties": {
        "@id": "way/284294739",
        "addr:city:simc": "0193186",
        "addr:housenumber": "49B",
        "addr:place": "Strzyżowiec",
        "addr:postcode": "59-610",
        "amenity": "community_centre",
        "building": "yes",
        "name": "Świetlica w Strzyżowcu",
        "source:addr": "wlen.e-mapa.net",
        "source:geometry": "geoportal.gov.pl, GPS",
        "@geometry": "center"
      },
      "geometry": {
        "type": "Point",
        "coordinates": [
          15.6773961,
          50.9684623
        ]
      },
      "id": "way/284294739"
    },
    {
      "type": "Feature",
      "properties": {
        "@id": "way/285718125",
        "addr:city": "Żywiec",
        "addr:housenumber": "12",
        "addr:postcode": "34-300",
        "addr:street": "Zamkowa",
        "amenity": "social_centre",
        "building": "yes",
        "name": "Dom Katolicki",
        "source:addr": "EMUiA (emuia.gugik.gov.pl)",
        "@geometry": "center"
      },
      "geometry": {
        "type": "Point",
        "coordinates": [
          19.2024515,
          49.6877677
        ]
      },
      "id": "way/285718125"
    },
    {
      "type": "Feature",
      "properties": {
        "@id": "way/286141180",
        "addr:city": "Kroczyce",
        "addr:city:simc": "0136509",
        "addr:housenumber": "11",
        "addr:postcode": "42-425",
        "addr:street": "Batalionów Chłopskich",
        "amenity": "community_centre",
        "building": "yes",
        "name": "Dom Kultury w Kroczycach",
        "source:addr": "kroczyce.e-mapa.net",
        "@geometry": "center"
      },
      "geometry": {
        "type": "Point",
        "coordinates": [
          19.5692653,
          50.5637265
        ]
      },
      "id": "way/286141180"
    },
    {
      "type": "Feature",
      "properties": {
        "@id": "way/286220910",
        "addr:city": "Stanowice",
        "addr:city:simc": "0855842",
        "addr:country": "PL",
        "addr:housenumber": "25",
        "addr:postcode": "58-141",
        "addr:street": "Strzegomska",
        "addr:street:sym_ul": "21359",
        "amenity": "community_centre",
        "building": "yes",
        "name": "Świetlica wiejska",
        "source": "EMUiA",
        "source:addr": "strzegom.e-mapa.net",
        "source:geometry": "geoportal.gov.pl, GPS",
        "@geometry": "center"
      },
      "geometry": {
        "type": "Point",
        "coordinates": [
          16.375402,
          50.9341855
        ]
      },
      "id": "way/286220910"
    },
    {
      "type": "Feature",
      "properties": {
        "@id": "way/286295798",
        "amenity": "community_centre",
        "building": "yes",
        "name": "Gminny Ośrodek Kultury w Choczu",
        "@geometry": "center"
      },
      "geometry": {
        "type": "Point",
        "coordinates": [
          17.8738571,
          51.9731994
        ]
      },
      "id": "way/286295798"
    },
    {
      "type": "Feature",
      "properties": {
        "@id": "way/286881614",
        "addr:city": "Pleszew",
        "addr:housenumber": "43",
        "addr:postcode": "63-300",
        "addr:street": "Prokopowska",
        "amenity": "nightclub",
        "building": "yes",
        "name": "Seven-Club",
        "@geometry": "center"
      },
      "geometry": {
        "type": "Point",
        "coordinates": [
          17.7900603,
          51.9043496
        ]
      },
      "id": "way/286881614"
    },
    {
      "type": "Feature",
      "properties": {
        "@id": "way/287194749",
        "addr:city:simc": "0355476",
        "addr:housenumber": "4",
        "addr:place": "Ożenna",
        "addr:postcode": "38-232",
        "amenity": "community_centre",
        "building": "yes",
        "name": "Ośrodek Edukacji Ekologicznej w Ożennej",
        "opening_hours:signed": "no",
        "operator": "MDK Jasło",
        "source:addr": "krempna.e-mapa.net",
        "@geometry": "center"
      },
      "geometry": {
        "type": "Point",
        "coordinates": [
          21.4504331,
          49.4295805
        ]
      },
      "id": "way/287194749"
    },
    {
      "type": "Feature",
      "properties": {
        "@id": "way/287456673",
        "addr:city": "Łask",
        "addr:housenumber": "11",
        "addr:postcode": "98-100",
        "addr:street": "Gabriela Narutowicza",
        "amenity": "community_centre",
        "building": "public",
        "community_centre": "cultural_centre",
        "name": "Miejski Dom Kultury",
        "source:geometry": "geoportal.gov.pl:BDOT",
        "@geometry": "center"
      },
      "geometry": {
        "type": "Point",
        "coordinates": [
          19.1328221,
          51.5889071
        ]
      },
      "id": "way/287456673"
    },
    {
      "type": "Feature",
      "properties": {
        "@id": "way/288911297",
        "addr:city:simc": "0480187",
        "addr:housenumber": "9",
        "addr:place": "Byszwałd",
        "addr:postcode": "14-260",
        "amenity": "community_centre",
        "building": "yes",
        "name": "Świetlica wiejska w Byszwałdzie",
        "source:addr": "emuia.gugik.gov.pl",
        "website": "http://www.facebook.com/solectwobysz/",
        "@geometry": "center"
      },
      "geometry": {
        "type": "Point",
        "coordinates": [
          19.7454648,
          53.5338285
        ]
      },
      "id": "way/288911297"
    },
    {
      "type": "Feature",
      "properties": {
        "@id": "way/290222210",
        "addr:city": "Brzezie",
        "addr:city:simc": "0206919",
        "addr:housenumber": "1",
        "addr:street": "Stawiszyńska",
        "addr:street:sym_ul": "21094",
        "amenity": "community_centre",
        "building": "yes",
        "name": "Wiejski Dom Kultury w Brzeziu",
        "source:addr": "emuia.gugik.gov.pl",
        "@geometry": "center"
      },
      "geometry": {
        "type": "Point",
        "coordinates": [
          17.858311,
          51.8864646
        ]
      },
      "id": "way/290222210"
    },
    {
      "type": "Feature",
      "properties": {
        "@id": "way/290405581",
        "amenity": "community_centre",
        "building": "yes",
        "@geometry": "center"
      },
      "geometry": {
        "type": "Point",
        "coordinates": [
          22.3857426,
          52.0833479
        ]
      },
      "id": "way/290405581"
    },
    {
      "type": "Feature",
      "properties": {
        "@id": "way/290438901",
        "amenity": "social_centre",
        "building": "yes",
        "@geometry": "center"
      },
      "geometry": {
        "type": "Point",
        "coordinates": [
          18.388778,
          50.1198391
        ]
      },
      "id": "way/290438901"
    },
    {
      "type": "Feature",
      "properties": {
        "@id": "way/290530224",
        "website": "http://gokosie.pl/",
        "addr:city": "Osie",
        "addr:city:simc": "0093208",
        "addr:housenumber": "2",
        "addr:postcode": "86-150",
        "addr:street": "Rynek",
        "addr:street:sym_ul": "19253",
        "amenity": "community_centre",
        "building": "yes",
        "name": "Gminny Ośrodek Kultury w Osiu",
        "operator": "Gmina Osie",
        "operator:type": "public",
        "source:addr": "emuia.gugik.gov.pl",
        "@geometry": "center"
      },
      "geometry": {
        "type": "Point",
        "coordinates": [
          18.3477293,
          53.5988867
        ]
      },
      "id": "way/290530224"
    },
    {
      "type": "Feature",
      "properties": {
        "@id": "way/290847738",
        "amenity": "community_centre",
        "name": "Miejski Ośrodek Kultury",
        "addr:city": "Lututów",
        "addr:housenumber": "17",
        "addr:postcode": "98-360",
        "addr:street": "Wieruszowska",
        "building": "yes",
        "building:levels": "2",
        "@geometry": "center"
      },
      "geometry": {
        "type": "Point",
        "coordinates": [
          18.4330224,
          51.3701418
        ]
      },
      "id": "way/290847738"
    },
    {
      "type": "Feature",
      "properties": {
        "@id": "way/290911933",
        "addr:city": "Skrzyszów",
        "addr:housenumber": "12",
        "addr:postcode": "44-348",
        "addr:street": "Wyzwolenia",
        "amenity": "community_centre",
        "building": "yes",
        "name": "Ośrodek kultury w Skrzyszowie",
        "phone": "+48 32 472 64 17",
        "website": "http://gckgodow.pl/kontakt/",
        "@geometry": "center"
      },
      "geometry": {
        "type": "Point",
        "coordinates": [
          18.4930463,
          49.9491474
        ]
      },
      "id": "way/290911933"
    },
    {
      "type": "Feature",
      "properties": {
        "@id": "way/290993449",
        "website": "http://skludzewo.pl/",
        "addr:city:simc": "0851117",
        "addr:housenumber": "10",
        "addr:place": "Skłudzewo",
        "addr:postcode": "87-133",
        "amenity": "community_centre",
        "building": "yes",
        "heritage": "2",
        "heritage:operator": "nid",
        "historic": "manor",
        "name": "Fundacja Piękniejszego Świata w Skłudzewie",
        "ref:nid": "603424",
        "source:addr": "emuia.gugik.gov.pl",
        "@geometry": "center"
      },
      "geometry": {
        "type": "Point",
        "coordinates": [
          18.3340297,
          53.1275509
        ]
      },
      "id": "way/290993449"
    },
    {
      "type": "Feature",
      "properties": {
        "@id": "way/291252489",
        "amenity": "community_centre",
        "highway": "footway",
        "@geometry": "center"
      },
      "geometry": {
        "type": "Point",
        "coordinates": [
          22.5149928,
          51.2256172
        ]
      },
      "id": "way/291252489"
    },
    {
      "type": "Feature",
      "properties": {
        "@id": "way/291289738",
        "addr:city": "Rossosz",
        "addr:housenumber": "53",
        "addr:postcode": "21-533",
        "addr:street": "Batalionów Chłopskich",
        "amenity": "community_centre",
        "building": "yes",
        "name": "Gminny Osrodek Kultury",
        "source:addr": "EMUiA (rossosz.e-mapa.net)",
        "@geometry": "center"
      },
      "geometry": {
        "type": "Point",
        "coordinates": [
          23.1402016,
          51.859743
        ]
      },
      "id": "way/291289738"
    },
    {
      "type": "Feature",
      "properties": {
        "@id": "way/291332391",
        "building": "yes",
        "addr:city": "Stalowa Wola",
        "addr:city:simc": "0981133",
        "addr:housenumber": "9",
        "addr:postcode": "37-450",
        "addr:street": "1 Sierpnia",
        "addr:street:sym_ul": "48315",
        "amenity": "community_centre",
        "name": "Miejski Dom Kultury",
        "source:addr": "stalowawola.e-mapa.net",
        "@geometry": "center"
      },
      "geometry": {
        "type": "Point",
        "coordinates": [
          22.0537878,
          50.5677162
        ]
      },
      "id": "way/291332391"
    },
    {
      "type": "Feature",
      "properties": {
        "@id": "way/291406244",
        "addr:housenumber": "119",
        "addr:place": "Rzeczyca Długa",
        "addr:postcode": "37-455",
        "amenity": "community_centre",
        "building": "yes",
        "name": "Wiejski Dom Kultury w Rzeczycy Długiej",
        "@geometry": "center"
      },
      "geometry": {
        "type": "Point",
        "coordinates": [
          22.0680799,
          50.6394153
        ]
      },
      "id": "way/291406244"
    },
    {
      "type": "Feature",
      "properties": {
        "@id": "way/291549373",
        "addr:city:simc": "0781747",
        "addr:housenumber": "26A",
        "addr:place": "Rzystnowo",
        "addr:postcode": "72-110",
        "amenity": "community_centre",
        "building": "yes",
        "name": "Świetlica wiejska",
        "source:addr": "przybiernow.e-mapa.net",
        "@geometry": "center"
      },
      "geometry": {
        "type": "Point",
        "coordinates": [
          14.7030763,
          53.7552955
        ]
      },
      "id": "way/291549373"
    },
    {
      "type": "Feature",
      "properties": {
        "@id": "way/291577269",
        "addr:city:simc": "0585791",
        "addr:housenumber": "63A",
        "addr:place": "Zieliniec",
        "addr:postcode": "62-304",
        "amenity": "community_centre",
        "building": "yes",
        "name": "Dom kultury",
        "source:addr": "kolaczkowo.e-mapa.net",
        "@geometry": "center"
      },
      "geometry": {
        "type": "Point",
        "coordinates": [
          17.6442894,
          52.2593524
        ]
      },
      "id": "way/291577269"
    },
    {
      "type": "Feature",
      "properties": {
        "@id": "way/291629176",
        "building": "yes",
        "source:addr": "janowpodlaski.e-mapa.net",
        "amenity": "community_centre",
        "addr:city:simc": "0013037",
        "addr:housenumber": "124",
        "addr:place": "Nowy Pawłów",
        "addr:postcode": "21-505",
        "@geometry": "center"
      },
      "geometry": {
        "type": "Point",
        "coordinates": [
          23.1663051,
          52.2072146
        ]
      },
      "id": "way/291629176"
    },
    {
      "type": "Feature",
      "properties": {
        "@id": "way/291819978",
        "addr:city": "Kobiór",
        "addr:housenumber": "16",
        "addr:postcode": "43-210",
        "addr:street": "Centralna",
        "amenity": "community_centre",
        "building": "public",
        "email": "gdkkobior@interia.pl",
        "name": "Gminny Dom Kultury",
        "phone": "+48 32 3288525",
        "source:addr": "EMUiA (emuia.gugik.gov.pl)",
        "website": "http://gdk-kobior.pl",
        "@geometry": "center"
      },
      "geometry": {
        "type": "Point",
        "coordinates": [
          18.9315713,
          50.0602552
        ]
      },
      "id": "way/291819978"
    },
    {
      "type": "Feature",
      "properties": {
        "@id": "way/291944209",
        "addr:city": "Mysłakowice",
        "addr:country": "PL",
        "addr:housenumber": "29",
        "addr:postcode": "58-533",
        "addr:street": "Ignacego Daszyńskiego",
        "alt_name": "Dom Kultury",
        "amenity": "community_centre",
        "building": "yes",
        "name": "GOK",
        "official_name": "Gminny Ośrodek Kultury",
        "source:geometry": "geoportal.gov.pl, GPS",
        "@geometry": "center"
      },
      "geometry": {
        "type": "Point",
        "coordinates": [
          15.7867218,
          50.8260388
        ]
      },
      "id": "way/291944209"
    },
    {
      "type": "Feature",
      "properties": {
        "@id": "way/292123734",
        "amenity": "community_centre",
        "building": "yes",
        "name": "Muszla Koncertowa",
        "@geometry": "center"
      },
      "geometry": {
        "type": "Point",
        "coordinates": [
          22.7000561,
          51.2210131
        ]
      },
      "id": "way/292123734"
    },
    {
      "type": "Feature",
      "properties": {
        "@id": "way/292931594",
        "addr:city": "Odolanów",
        "addr:housenumber": "8",
        "addr:postcode": "63-430",
        "addr:street": "Franciszka Sójki",
        "amenity": "community_centre",
        "building": "yes",
        "height": "0",
        "name": "Sala Sportowa Pilawa",
        "@geometry": "center"
      },
      "geometry": {
        "type": "Point",
        "coordinates": [
          17.672429,
          51.5735268
        ]
      },
      "id": "way/292931594"
    },
    {
      "type": "Feature",
      "properties": {
        "@id": "way/292932154",
        "addr:city": "Odolanów",
        "addr:housenumber": "7",
        "addr:postcode": "63-430",
        "addr:street": "Bartosza",
        "amenity": "community_centre",
        "building": "yes",
        "name": "Odolanowski Dom Kultury",
        "source:addr": "odolanow.e-mapa.net",
        "@geometry": "center"
      },
      "geometry": {
        "type": "Point",
        "coordinates": [
          17.6694248,
          51.5733991
        ]
      },
      "id": "way/292932154"
    },
    {
      "type": "Feature",
      "properties": {
        "@id": "way/293178255",
        "addr:housenumber": "1",
        "addr:place": "Wszemierzyce",
        "addr:postcode": "78-123",
        "amenity": "community_centre",
        "contact:facebook": "https://www.facebook.com/MonarStowarzyszenie/",
        "contact:twitter": "https://twitter.com/monar_pl",
        "email": "marianowek@monar.org",
        "landuse": "residential",
        "name": "MONAR Marianówek",
        "phone": "+48 94 351 25 63",
        "website": "http://www.monar.org/placowka/stowarzyszenie-monar-osrodek-leczenia-terapii-i-rehabilitacji-w-marianowku/",
        "@geometry": "center"
      },
      "geometry": {
        "type": "Point",
        "coordinates": [
          15.5940694,
          54.0250126
        ]
      },
      "id": "way/293178255"
    },
    {
      "type": "Feature",
      "properties": {
        "@id": "way/293223814",
        "addr:city": "Zawiercie",
        "addr:housenumber": "19c",
        "addr:postcode": "42-400",
        "addr:street": "Żabia",
        "amenity": "nightclub",
        "building": "yes",
        "min_age": "18",
        "name": "Afterek",
        "@geometry": "center"
      },
      "geometry": {
        "type": "Point",
        "coordinates": [
          19.4172247,
          50.4836483
        ]
      },
      "id": "way/293223814"
    },
    {
      "type": "Feature",
      "properties": {
        "@id": "way/293724991",
        "addr:city": "Szklarska Poręba",
        "addr:housenumber": "11",
        "addr:postcode": "58-580",
        "addr:street": "Jedności Narodowej",
        "amenity": "community_centre",
        "building": "apartments",
        "building:levels": "3",
        "name": "Miejski Ośrodek Pomocy Społecznej",
        "office": "government",
        "operator": "UM Szklarska Poręba",
        "source:addr": "szklarskaporeba.e-mapa.net",
        "website": "http://www.mops.szklarskaporeba.pl",
        "@geometry": "center"
      },
      "geometry": {
        "type": "Point",
        "coordinates": [
          15.519172,
          50.8284873
        ]
      },
      "id": "way/293724991"
    },
    {
      "type": "Feature",
      "properties": {
        "@id": "way/294391874",
        "addr:city": "Stare Budkowice",
        "addr:housenumber": "5",
        "addr:postcode": "46-030",
        "addr:street": "Opolska",
        "amenity": "nightclub",
        "building": "yes",
        "name": "Limonka",
        "source": "http://sdi.opolskie.pl/mapa_bazowa/request.aspx",
        "website": "https://klubpomarancza.pl/starebudkowice",
        "@geometry": "center"
      },
      "geometry": {
        "type": "Point",
        "coordinates": [
          18.0590546,
          50.8550954
        ]
      },
      "id": "way/294391874"
    },
    {
      "type": "Feature",
      "properties": {
        "@id": "way/294980017",
        "wheelchair": "yes",
        "name": "Million Club",
        "source:addr": "gugik.gov.pl",
        "building": "yes",
        "addr:city": "Włocławek",
        "addr:city:simc": "0984752",
        "addr:housenumber": "7",
        "addr:postcode": "87-800",
        "addr:street": "Ogniowa",
        "amenity": "nightclub",
        "@geometry": "center"
      },
      "geometry": {
        "type": "Point",
        "coordinates": [
          19.0808229,
          52.6570378
        ]
      },
      "id": "way/294980017"
    },
    {
      "type": "Feature",
      "properties": {
        "@id": "way/295362416",
        "addr:city:simc": "0694451",
        "addr:housenumber": "35",
        "addr:place": "Helenów",
        "addr:postcode": "08-112",
        "amenity": "community_centre",
        "building": "yes",
        "name": "Świetlica wiejska w Helenowie",
        "source:addr": "emuia.gugik.gov.pl",
        "@geometry": "center"
      },
      "geometry": {
        "type": "Point",
        "coordinates": [
          22.327098,
          52.1157221
        ]
      },
      "id": "way/295362416"
    },
    {
      "type": "Feature",
      "properties": {
        "@id": "way/296073202",
        "name": "Gminny Ośrodek Kultury",
        "addr:city": "Długołęka",
        "addr:housenumber": "23",
        "addr:postcode": "55-095",
        "addr:street": "Wiejska",
        "amenity": "community_centre",
        "building": "public",
        "building:colour": "#FFE05E",
        "building:levels": "3",
        "building:material": "plaster",
        "roof:material": "tar_paper",
        "roof:shape": "flat",
        "wheelchair": "yes",
        "@geometry": "center"
      },
      "geometry": {
        "type": "Point",
        "coordinates": [
          17.1943058,
          51.1729614
        ]
      },
      "id": "way/296073202"
    },
    {
      "type": "Feature",
      "properties": {
        "@id": "way/296702481",
        "website": "http://www.z-ne.com.pl/",
        "ref:nid": "A-601",
        "addr:city": "Zakopane",
        "addr:housenumber": "3",
        "addr:postcode": "34-500",
        "addr:street": "Grunwaldzka",
        "amenity": "community_centre",
        "building": "yes",
        "heritage": "2",
        "heritage:operator": "nid",
        "historic": "yes",
        "name": "Tatrzańskie Centrum Kultury i Sportu Jutrzenka",
        "@geometry": "center"
      },
      "geometry": {
        "type": "Point",
        "coordinates": [
          19.9543118,
          49.2915634
        ]
      },
      "id": "way/296702481"
    },
    {
      "type": "Feature",
      "properties": {
        "@id": "way/296714803",
        "building": "yes",
        "wikipedia": "pl:Czerwony Dwór w Zakopanem",
        "wikidata": "Q9198877",
        "addr:city": "Zakopane",
        "addr:housenumber": "27",
        "addr:street": "Kasprusie",
        "amenity": "community_centre",
        "email": "czerwonydwor@zck.com.pl",
        "heritage": "2",
        "heritage:operator": "nid",
        "historic": "yes",
        "image": "https://commons.wikimedia.org/wiki/File:Zakopane_Kasprusie_27_willa_Czerwony_Dwor03_A-115_M.JPG",
        "name": "Willa Czerwony Dwór - Centrum Kultury Rodzimej",
        "opening_hours": "Mo-Su 10:00-17:00; We off",
        "operator": "Zakopiańskie Centrum Kultury",
        "operator:type": "public",
        "phone": "+48 66 160 1651",
        "ref:nid": "A-115/M",
        "source": "emuia.gugik.gov.pl",
        "website": "https://www.zakopane.pl/strefa-turystyczna/kultura/zakopianskie-centrum-kultury/czerwony-dwor",
        "@geometry": "center"
      },
      "geometry": {
        "type": "Point",
        "coordinates": [
          19.9484873,
          49.2911984
        ]
      },
      "id": "way/296714803"
    },
    {
      "type": "Feature",
      "properties": {
        "@id": "way/297170541",
        "amenity": "nightclub",
        "building": "yes",
        "contact:facebook": "https://www.facebook.com/NEXUSMUSICCLUB/",
        "contact:phone": "+48 516 275 384",
        "name": "NEXUS Music Club",
        "@geometry": "center"
      },
      "geometry": {
        "type": "Point",
        "coordinates": [
          16.0888401,
          52.861297
        ]
      },
      "id": "way/297170541"
    },
    {
      "type": "Feature",
      "properties": {
        "@id": "way/297176048",
        "addr:city": "Wiśniew",
        "addr:city:simc": "0694623",
        "addr:housenumber": "2",
        "addr:postcode": "08-112",
        "addr:street": "Batalionów Chłopskich",
        "addr:street:sym_ul": "00868",
        "amenity": "community_centre",
        "building": "yes",
        "name": "Gminny Ośrodek Kultury w Wiśniewie",
        "phone": "+48 25 641 73 11",
        "source:addr": "emuia.gugik.gov.pl",
        "website": "http://www.gok.wisniew.pl/",
        "@geometry": "center"
      },
      "geometry": {
        "type": "Point",
        "coordinates": [
          22.2936794,
          52.0727658
        ]
      },
      "id": "way/297176048"
    },
    {
      "type": "Feature",
      "properties": {
        "@id": "way/298405580",
        "wheelchair": "yes",
        "website": "https://www.nurtclub.pl",
        "smoking": "isolated",
        "addr:city": "Brodnica",
        "addr:housenumber": "3",
        "addr:postcode": "87-300",
        "addr:street": "Wodna",
        "amenity": "nightclub",
        "email": "kontakt@nurtclub.pl",
        "min_age": "18",
        "name": "Nurt",
        "phone": "+48 53 381 67 60",
        "@geometry": "center"
      },
      "geometry": {
        "type": "Point",
        "coordinates": [
          19.4007001,
          53.2556651
        ]
      },
      "id": "way/298405580"
    },
    {
      "type": "Feature",
      "properties": {
        "@id": "way/298542659",
        "source:addr": "grodziskwielkopolski.e-mapa.net",
        "name": "Centrum Kultury Rondo",
        "building:levels": "2",
        "building": "yes",
        "amenity": "community_centre",
        "addr:street:sym_ul": "08828",
        "addr:street": "Kolejowa",
        "addr:postcode": "62-065",
        "addr:housenumber": "12",
        "addr:city:simc": "0970810",
        "addr:city": "Grodzisk Wielkopolski",
        "@geometry": "center"
      },
      "geometry": {
        "type": "Point",
        "coordinates": [
          16.3652049,
          52.228755
        ]
      },
      "id": "way/298542659"
    },
    {
      "type": "Feature",
      "properties": {
        "@id": "way/298630814",
        "addr:city": "Rzeszów",
        "addr:housenumber": "154",
        "addr:postcode": "35-328",
        "addr:street": "Ignacego Paderewskiego",
        "amenity": "community_centre",
        "building": "apartments",
        "building:levels": "3",
        "name": "RDK filia Słocina",
        "official_name": "Rzeszowski Dom Kultury filia Słocina",
        "website": "https://slocina.rdk.rzeszow.pl",
        "@geometry": "center"
      },
      "geometry": {
        "type": "Point",
        "coordinates": [
          22.0482237,
          50.0278355
        ]
      },
      "id": "way/298630814"
    },
    {
      "type": "Feature",
      "properties": {
        "@id": "way/298863617",
        "addr:city": "Świnoujście",
        "addr:housenumber": "18",
        "addr:postcode": "72-602",
        "addr:street": "Sosnowa",
        "amenity": "community_centre",
        "building": "yes",
        "building:fireproof": "yes",
        "building:levels": "2",
        "level": "1",
        "name": "Miejski Dom Kultury Warszów",
        "phone": "+48 91 321 5202",
        "source": "UM Świnoujście",
        "wheelchair": "yes",
        "@geometry": "center"
      },
      "geometry": {
        "type": "Point",
        "coordinates": [
          14.2849106,
          53.9030304
        ]
      },
      "id": "way/298863617"
    },
    {
      "type": "Feature",
      "properties": {
        "@id": "way/299017128",
        "addr:city": "Koło",
        "addr:housenumber": "5",
        "addr:postcode": "62-600",
        "addr:street": "Juliusza Słowackiego",
        "amenity": "community_centre",
        "building": "public",
        "contact:facebook": "https://www.facebook.com/mdk.kolo/",
        "email": "kultura@kolo.pl",
        "name": "Miejski Dom Kultury w Kole",
        "phone": "+48 63 272 01 06",
        "short_name": "MDK",
        "source:addr": "mkolo.e-mapa.net",
        "website": "http://www.mdkik-kolo.pl/",
        "@geometry": "center"
      },
      "geometry": {
        "type": "Point",
        "coordinates": [
          18.6400451,
          52.1966393
        ]
      },
      "id": "way/299017128"
    },
    {
      "type": "Feature",
      "properties": {
        "@id": "way/299124024",
        "addr:city": "Rydułtowy",
        "addr:city:simc": "0943121",
        "addr:housenumber": "9A",
        "addr:postcode": "44-280",
        "addr:street": "Strzelców Bytomskich",
        "addr:street:sym_ul": "21365",
        "amenity": "community_centre",
        "building": "yes",
        "name": "Rydułtowskie Centrum Kultury",
        "source:addr": "emuia.gugik.gov.pl",
        "@geometry": "center"
      },
      "geometry": {
        "type": "Point",
        "coordinates": [
          18.4189581,
          50.0668016
        ]
      },
      "id": "way/299124024"
    },
    {
      "type": "Feature",
      "properties": {
        "@id": "way/299209305",
        "addr:city": "Bielsko-Biała",
        "addr:housenumber": "17a",
        "addr:street": "Anieli Krzywoń",
        "amenity": "community_centre",
        "building": "yes",
        "name": "Świetlica w Bielsku-Białej Północ",
        "@geometry": "center"
      },
      "geometry": {
        "type": "Point",
        "coordinates": [
          19.0577613,
          49.8434597
        ]
      },
      "id": "way/299209305"
    },
    {
      "type": "Feature",
      "properties": {
        "@id": "way/299384183",
        "name": "Młodzieżowy Dom Kultury",
        "building": "yes",
        "amenity": "community_centre",
        "@geometry": "center"
      },
      "geometry": {
        "type": "Point",
        "coordinates": [
          23.4781272,
          51.1312005
        ]
      },
      "id": "way/299384183"
    },
    {
      "type": "Feature",
      "properties": {
        "@id": "way/299567032",
        "addr:city": "Częstochowa",
        "addr:housenumber": "50/68",
        "addr:postcode": "42-207",
        "addr:street": "Majora Waleriana Łukasińskiego",
        "amenity": "community_centre",
        "building": "yes",
        "covered": "yes",
        "name": "Miejski Dom Kultury",
        "source": "e.czestochowa.pl",
        "@geometry": "center"
      },
      "geometry": {
        "type": "Point",
        "coordinates": [
          19.1533891,
          50.782025
        ]
      },
      "id": "way/299567032"
    },
    {
      "type": "Feature",
      "properties": {
        "@id": "way/300043496",
        "addr:street:sym_ul": "13454",
        "addr:postcode": "02-337",
        "source:addr": "gugik.gov.pl",
        "source": "www.geoportal.gov.pl",
        "name": "Fundacja ETOH",
        "historic": "yes",
        "building:levels": "1",
        "building": "warehouse",
        "amenity": "community_centre",
        "addr:city": "Warszawa",
        "addr:city:simc": "0918123",
        "addr:housenumber": "6",
        "addr:street": "Mszczonowska",
        "@geometry": "center"
      },
      "geometry": {
        "type": "Point",
        "coordinates": [
          20.9525084,
          52.2187003
        ]
      },
      "id": "way/300043496"
    },
    {
      "type": "Feature",
      "properties": {
        "@id": "way/300184262",
        "addr:city": "Nowe Miasto nad Wartą",
        "addr:city:simc": "0590869",
        "addr:housenumber": "8A",
        "addr:postcode": "63-040",
        "addr:street": "Poznańska",
        "addr:street:sym_ul": "17394",
        "amenity": "community_centre",
        "building": "yes",
        "building:levels": "2",
        "email": "biuro@goknowemiasto.pl",
        "fax": "612874156",
        "internet_access": "wlan",
        "name": "Gminny Ośrodek Kultury",
        "opening_hours": "\"Temporary closed\"",
        "phone": "603706885",
        "source:addr": "nowemiastonadwarta.e-mapa.net",
        "website": "http://www.goknowemiasto.pl/",
        "wheelchair": "no",
        "@geometry": "center"
      },
      "geometry": {
        "type": "Point",
        "coordinates": [
          17.4084528,
          52.0895979
        ]
      },
      "id": "way/300184262"
    },
    {
      "type": "Feature",
      "properties": {
        "@id": "way/300240633",
        "addr:city": "Sierakowice",
        "addr:housenumber": "27",
        "addr:postcode": "83-340",
        "addr:street": "Kartuska",
        "amenity": "community_centre",
        "building": "yes",
        "name": "Gminny Ośrodek Kultury",
        "source:addr": "EMUiA@iMPA (sierakowice.e-mapa.net)",
        "@geometry": "center"
      },
      "geometry": {
        "type": "Point",
        "coordinates": [
          17.8998992,
          54.3429584
        ]
      },
      "id": "way/300240633"
    },
    {
      "type": "Feature",
      "properties": {
        "@id": "way/300258785",
        "amenity": "community_centre",
        "building": "yes",
        "name": "Świetlica wiejska",
        "@geometry": "center"
      },
      "geometry": {
        "type": "Point",
        "coordinates": [
          21.5866853,
          52.1137641
        ]
      },
      "id": "way/300258785"
    },
    {
      "type": "Feature",
      "properties": {
        "@id": "way/300355046",
        "addr:city": "Kutno",
        "addr:housenumber": "10a",
        "addr:street": "Warszawskie Przedmieście",
        "amenity": "community_centre",
        "building": "yes",
        "name": "Miejski Ośrodek Pomocy Społecznej w Kutnie",
        "source:addr": "EMUiA (emuia.geoportal.gov.pl)",
        "@geometry": "center"
      },
      "geometry": {
        "type": "Point",
        "coordinates": [
          19.3638115,
          52.2276073
        ]
      },
      "id": "way/300355046"
    },
    {
      "type": "Feature",
      "properties": {
        "@id": "way/300693115",
        "amenity": "social_centre",
        "building": "yes",
        "@geometry": "center"
      },
      "geometry": {
        "type": "Point",
        "coordinates": [
          18.3500673,
          50.1036726
        ]
      },
      "id": "way/300693115"
    },
    {
      "type": "Feature",
      "properties": {
        "@id": "way/300693153",
        "addr:country": "PL",
        "addr:city": "Dzimierz",
        "addr:housenumber": "3",
        "addr:postcode": "44-295",
        "addr:street": "Sportowa",
        "amenity": "social_centre",
        "building": "yes",
        "@geometry": "center"
      },
      "geometry": {
        "type": "Point",
        "coordinates": [
          18.3526203,
          50.1057051
        ]
      },
      "id": "way/300693153"
    },
    {
      "type": "Feature",
      "properties": {
        "@id": "way/300816418",
        "addr:housenumber": "26b",
        "addr:place": "Jasionka",
        "addr:postcode": "38-450",
        "amenity": "community_centre",
        "building": "yes",
        "name": "Dom Ludowy",
        "opening_hours:signed": "no",
        "source:addr": "UMiG Dukla",
        "@geometry": "center"
      },
      "geometry": {
        "type": "Point",
        "coordinates": [
          21.722075,
          49.548584
        ]
      },
      "id": "way/300816418"
    },
    {
      "type": "Feature",
      "properties": {
        "@id": "way/301132520",
        "addr:city": "Olesno",
        "addr:housenumber": "31",
        "addr:postcode": "46-300",
        "addr:street": "Wielkie Przedmieście",
        "amenity": "community_centre",
        "building": "yes",
        "contact:facebook": "http://www.facebook.com/MDK.Olesno",
        "name": "Miejski Dom Kultury",
        "phone": "34 358 24 45",
        "source": "http://sdi.opolskie.pl/mapa_bazowa/request.aspx",
        "website": "http://mdk.olesno.pl",
        "@geometry": "center"
      },
      "geometry": {
        "type": "Point",
        "coordinates": [
          18.4205546,
          50.8743923
        ]
      },
      "id": "way/301132520"
    },
    {
      "type": "Feature",
      "properties": {
        "@id": "way/301517391",
        "amenity": "nightclub",
        "building": "yes",
        "name": "Marion",
        "@geometry": "center"
      },
      "geometry": {
        "type": "Point",
        "coordinates": [
          17.6459059,
          51.5134332
        ]
      },
      "id": "way/301517391"
    },
    {
      "type": "Feature",
      "properties": {
        "@id": "way/301564629",
        "addr:city": "Gliwice",
        "addr:housenumber": "25",
        "addr:postcode": "44-113",
        "addr:street": "Partyzantów",
        "amenity": "community_centre",
        "building": "yes",
        "leisure": "sports_centre",
        "name": "Centrum Kulturalno-Sportowe \"Łabędź\"",
        "source:addr": "EMUiA (emuia.gugik.gov.pl)",
        "source:geometry": "msip-mapa.um.gliwice.pl",
        "@geometry": "center"
      },
      "geometry": {
        "type": "Point",
        "coordinates": [
          18.6336733,
          50.3394641
        ]
      },
      "id": "way/301564629"
    },
    {
      "type": "Feature",
      "properties": {
        "@id": "way/301587697",
        "addr:city": "Goniądz",
        "addr:city:simc": "0957360",
        "addr:housenumber": "23",
        "addr:postcode": "19-110",
        "addr:street": "Stary Rynek",
        "addr:street:sym_ul": "21032",
        "amenity": "community_centre",
        "building": "yes",
        "information": "office",
        "name": "Gminny Ośrodek Kultury",
        "source:addr": "goniadz.e-mapa.net",
        "tourism": "information",
        "@geometry": "center"
      },
      "geometry": {
        "type": "Point",
        "coordinates": [
          22.7338746,
          53.4904794
        ]
      },
      "id": "way/301587697"
    },
    {
      "type": "Feature",
      "properties": {
        "@id": "way/302431346",
        "addr:city": "Łochowice",
        "addr:city:simc": "0910618",
        "addr:housenumber": "80",
        "addr:postcode": "66-600",
        "addr:street": "Słoneczna",
        "addr:street:sym_ul": "20254",
        "amenity": "community_centre",
        "building": "yes",
        "image": "https://images.mapillary.com/8o9ZD9XIldgi4NuLDrxZWA/thumb-2048.jpg",
        "mapillary": "4003832919710056",
        "name": "Świetlica",
        "source:addr": "krosnoodrzanskie.e-mapa.net",
        "@geometry": "center"
      },
      "geometry": {
        "type": "Point",
        "coordinates": [
          15.1070696,
          52.0815872
        ]
      },
      "id": "way/302431346"
    },
    {
      "type": "Feature",
      "properties": {
        "@id": "way/302624380",
        "addr:city": "Kobyłka",
        "addr:housenumber": "22",
        "addr:postcode": "05-230",
        "addr:street": "Aleja Jana Pawła II",
        "amenity": "community_centre",
        "building": "yes",
        "building:levels": "2",
        "name": "Miejski Ośrodek Kultury w Kobyłce",
        "@geometry": "center"
      },
      "geometry": {
        "type": "Point",
        "coordinates": [
          21.2088585,
          52.3376004
        ]
      },
      "id": "way/302624380"
    },
    {
      "type": "Feature",
      "properties": {
        "@id": "way/302665888",
        "addr:housenumber": "3",
        "addr:last_update": "2010-12-03 14:33:31",
        "addr:place": "Uniemyśl",
        "amenity": "community_centre",
        "building": "education",
        "building:levels": "1.5",
        "name": "Świetlica Rady Sołeckiej w Uniemyślu",
        "source": "Gmina Police",
        "@geometry": "center"
      },
      "geometry": {
        "type": "Point",
        "coordinates": [
          14.5035586,
          53.6249289
        ]
      },
      "id": "way/302665888"
    },
    {
      "type": "Feature",
      "properties": {
        "@id": "way/303123518",
        "addr:city:simc": "0198456",
        "addr:housenumber": "43B",
        "addr:place": "Krzywosądów",
        "addr:postcode": "63-322",
        "amenity": "community_centre",
        "building": "yes",
        "name": "Wiejski Dom Kultury w Krzywosądowie",
        "source:addr": "goluchow.e-mapa.net",
        "@geometry": "center"
      },
      "geometry": {
        "type": "Point",
        "coordinates": [
          17.8546481,
          51.8125183
        ]
      },
      "id": "way/303123518"
    },
    {
      "type": "Feature",
      "properties": {
        "@id": "way/303678961",
        "addr:housenumber": "40",
        "addr:place": "Szaszorowice",
        "addr:postcode": "56-215",
        "amenity": "community_centre",
        "building": "yes",
        "name": "Świetlica Wiejska",
        "source": "niechlow.e-mapa.net",
        "@geometry": "center"
      },
      "geometry": {
        "type": "Point",
        "coordinates": [
          16.3870462,
          51.6493353
        ]
      },
      "id": "way/303678961"
    },
    {
      "type": "Feature",
      "properties": {
        "@id": "way/304009434",
        "website": "http://www.gosir-jedlicze.pl/",
        "source:addr": "EMUiA (emuia.gugik.gov.pl)",
        "addr:city": "Jedlicze",
        "addr:housename": "Gminny Ośrodek Sportu i Rekreacji",
        "addr:housenumber": "1",
        "addr:postcode": "38-460",
        "addr:street": "Generała Tadeusza Kościuszki",
        "amenity": "community_centre",
        "building": "yes",
        "leisure": "sports_centre",
        "name": "Gminny Ośrodek Sportu i Rekreacji",
        "@geometry": "center"
      },
      "geometry": {
        "type": "Point",
        "coordinates": [
          21.6367751,
          49.7141946
        ]
      },
      "id": "way/304009434"
    },
    {
      "type": "Feature",
      "properties": {
        "@id": "way/304530428",
        "addr:city:simc": "0038698",
        "addr:housenumber": "80",
        "addr:place": "Pietkowo",
        "addr:postcode": "18-112",
        "amenity": "nightclub",
        "building": "yes",
        "name": "Euforia",
        "source:addr": "gminaposwietne.e-mapa.net",
        "@geometry": "center"
      },
      "geometry": {
        "type": "Point",
        "coordinates": [
          22.8677929,
          52.8973497
        ]
      },
      "id": "way/304530428"
    },
    {
      "type": "Feature",
      "properties": {
        "@id": "way/304751434",
        "addr:city:simc": "0198551",
        "addr:housenumber": "27A",
        "addr:place": "Pleszówka",
        "addr:postcode": "63-322",
        "amenity": "community_centre",
        "building": "yes",
        "name": "Sala Wiejska w Pleszówce",
        "source:addr": "goluchow.e-mapa.net",
        "@geometry": "center"
      },
      "geometry": {
        "type": "Point",
        "coordinates": [
          17.8949134,
          51.8850535
        ]
      },
      "id": "way/304751434"
    },
    {
      "type": "Feature",
      "properties": {
        "@id": "way/304861963",
        "addr:city": "Kraków",
        "addr:country": "PL",
        "addr:housenumber": "104",
        "addr:postcode": "31-546",
        "addr:street": "Mogilska",
        "amenity": "community_centre",
        "building": "yes",
        "name": "Krajowy Ośrodek Wsparcia Rolnictwa",
        "@geometry": "center"
      },
      "geometry": {
        "type": "Point",
        "coordinates": [
          19.9734593,
          50.0670399
        ]
      },
      "id": "way/304861963"
    },
    {
      "type": "Feature",
      "properties": {
        "@id": "way/305071996",
        "addr:city": "Konstancjewo",
        "addr:postcode": "87-400",
        "amenity": "community_centre",
        "building": "yes",
        "name": "Świetlica Wiejska",
        "@geometry": "center"
      },
      "geometry": {
        "type": "Point",
        "coordinates": [
          19.1359485,
          53.1483062
        ]
      },
      "id": "way/305071996"
    },
    {
      "type": "Feature",
      "properties": {
        "@id": "way/305167069",
        "website": "http://www.goknwl.pl",
        "addr:city": "Nowa Wieś Lęborska",
        "addr:city:simc": "0748514",
        "addr:housenumber": "20",
        "addr:postcode": "84-351",
        "addr:street": "Lęborska",
        "addr:street:sym_ul": "11008",
        "amenity": "community_centre",
        "building": "yes",
        "name": "Gminny Ośrodek Kultury",
        "source:addr": "nowawiesleborska.e-mapa.net",
        "@geometry": "center"
      },
      "geometry": {
        "type": "Point",
        "coordinates": [
          17.7272667,
          54.5574834
        ]
      },
      "id": "way/305167069"
    },
    {
      "type": "Feature",
      "properties": {
        "@id": "way/305185714",
        "addr:city": "Bystra",
        "addr:housenumber": "2k",
        "addr:postcode": "43-360",
        "addr:street": "Juliana Fałata",
        "amenity": "community_centre",
        "building": "yes",
        "name": "Gminny Ośrodek Kultury „Promyk”",
        "operator": "Gminny Ośrodek Kultury „Promyk”",
        "operator:type": "public",
        "website": "gok@gok.wilkowice.pl",
        "@geometry": "center"
      },
      "geometry": {
        "type": "Point",
        "coordinates": [
          19.0680753,
          49.7631523
        ]
      },
      "id": "way/305185714"
    },
    {
      "type": "Feature",
      "properties": {
        "@id": "way/305420489",
        "addr:city:simc": "0882709",
        "addr:housenumber": "86",
        "addr:place": "Krzelów",
        "addr:postcode": "56-160",
        "amenity": "community_centre",
        "building": "yes",
        "name": "Świetlica",
        "source:addr": "gugik.gov.pl",
        "@geometry": "center"
      },
      "geometry": {
        "type": "Point",
        "coordinates": [
          16.5112441,
          51.4396298
        ]
      },
      "id": "way/305420489"
    },
    {
      "type": "Feature",
      "properties": {
        "@id": "way/305493956",
        "amenity": "community_centre",
        "building": "yes",
        "name": "Katolicki Dom Kultury \"EDEN\"",
        "@geometry": "center"
      },
      "geometry": {
        "type": "Point",
        "coordinates": [
          20.0392606,
          50.0159085
        ]
      },
      "id": "way/305493956"
    },
    {
      "type": "Feature",
      "properties": {
        "@id": "way/306032696",
        "addr:city": "Wałbrzych",
        "addr:city:simc": "0983681",
        "addr:housenumber": "26",
        "addr:postcode": "58-309",
        "addr:street": "Władysława Broniewskiego",
        "amenity": "nightclub",
        "building": "yes",
        "name": "Stylowa",
        "source:addr": "EMUiA (emuia.gugik.gov.pl)",
        "@geometry": "center"
      },
      "geometry": {
        "type": "Point",
        "coordinates": [
          16.2819199,
          50.8097114
        ]
      },
      "id": "way/306032696"
    },
    {
      "type": "Feature",
      "properties": {
        "@id": "way/306167265",
        "amenity": "community_centre",
        "building": "yes",
        "name": "Centrum Sztuki Solvay",
        "@geometry": "center"
      },
      "geometry": {
        "type": "Point",
        "coordinates": [
          19.929544,
          50.0152686
        ]
      },
      "id": "way/306167265"
    },
    {
      "type": "Feature",
      "properties": {
        "@id": "way/306231128",
        "addr:city": "Trzemeszno",
        "addr:city:simc": "0929701",
        "addr:housenumber": "11",
        "addr:postcode": "62-240",
        "addr:street": "Świętego Jana",
        "amenity": "community_centre",
        "building": "yes",
        "name": "Dom Kultury",
        "source:addr": "trzemeszno.e-mapa.net",
        "@geometry": "center"
      },
      "geometry": {
        "type": "Point",
        "coordinates": [
          17.8202959,
          52.5597653
        ]
      },
      "id": "way/306231128"
    },
    {
      "type": "Feature",
      "properties": {
        "@id": "way/306451905",
        "addr:city": "Trzeszczyn",
        "addr:housenumber": "34a",
        "addr:last_update": "2011-09-19 09:18:57",
        "addr:street": "Tadeusza Kościuszki",
        "amenity": "community_centre",
        "building": "education",
        "building:levels": "1",
        "name": "świetlica",
        "source": "Gmina Police",
        "@geometry": "center"
      },
      "geometry": {
        "type": "Point",
        "coordinates": [
          14.5173473,
          53.5475895
        ]
      },
      "id": "way/306451905"
    },
    {
      "type": "Feature",
      "properties": {
        "@id": "way/306493642",
        "addr:city": "Stare Bogaczowice",
        "addr:city:simc": "0855316",
        "addr:housenumber": "148",
        "addr:postcode": "58-312",
        "addr:street": "Główna",
        "addr:street:sym_ul": "05635",
        "amenity": "community_centre",
        "building": "yes",
        "community_centre": "cultural_centre",
        "name": "Gminny Ośrodek Kultury",
        "source:addr": "starebogaczowice.e-mapa.net",
        "source:geometry": "geoportal.gov.pl,GPS",
        "@geometry": "center"
      },
      "geometry": {
        "type": "Point",
        "coordinates": [
          16.1907787,
          50.8486238
        ]
      },
      "id": "way/306493642"
    },
    {
      "type": "Feature",
      "properties": {
        "@id": "way/306660054",
        "amenity": "social_centre",
        "building": "yes",
        "name": "Świetlica wiejska „Reymontówka”",
        "@geometry": "center"
      },
      "geometry": {
        "type": "Point",
        "coordinates": [
          22.1046854,
          54.0166268
        ]
      },
      "id": "way/306660054"
    },
    {
      "type": "Feature",
      "properties": {
        "@id": "way/307060082",
        "amenity": "community_centre",
        "building": "yes",
        "name": "Towarzystwo Rozwoju Gminy Płużnica",
        "@geometry": "center"
      },
      "geometry": {
        "type": "Point",
        "coordinates": [
          18.7771332,
          53.298039
        ]
      },
      "id": "way/307060082"
    },
    {
      "type": "Feature",
      "properties": {
        "@id": "way/307612748",
        "addr:city:simc": "0207209",
        "addr:housenumber": "22",
        "addr:place": "Piekarzew",
        "addr:postcode": "63-300",
        "amenity": "community_centre",
        "building": "yes",
        "name": "Sala Wiejska",
        "source:addr": "emuia.gugik.gov.pl",
        "@geometry": "center"
      },
      "geometry": {
        "type": "Point",
        "coordinates": [
          17.7097378,
          51.9073297
        ]
      },
      "id": "way/307612748"
    },
    {
      "type": "Feature",
      "properties": {
        "@id": "way/307790936",
        "addr:city": "Lipusz",
        "addr:city:simc": "0166120",
        "addr:country": "PL",
        "addr:housenumber": "12",
        "addr:postcode": "83-424",
        "addr:street": "Młyńska",
        "addr:street:sym_ul": "13132",
        "amenity": "community_centre",
        "building": "yes",
        "building:levels": "2",
        "name": "Gminny Ośrodek Kultury, Sportu i Rekreacji",
        "source:addr": "lipusz.punktyadresowe.pl",
        "@geometry": "center"
      },
      "geometry": {
        "type": "Point",
        "coordinates": [
          17.7859844,
          54.0984202
        ]
      },
      "id": "way/307790936"
    },
    {
      "type": "Feature",
      "properties": {
        "@id": "way/308669822",
        "addr:housenumber": "72",
        "addr:place": "Lgiń",
        "addr:postcode": "67-400",
        "amenity": "community_centre",
        "building": "yes",
        "name": "Dom Kultury",
        "source:addr": "wschowa.e-mapa.net",
        "@geometry": "center"
      },
      "geometry": {
        "type": "Point",
        "coordinates": [
          16.246873,
          51.8758878
        ]
      },
      "id": "way/308669822"
    },
    {
      "type": "Feature",
      "properties": {
        "@id": "way/308939136",
        "addr:city:simc": "0178844",
        "addr:housenumber": "61",
        "addr:place": "Racław",
        "addr:postcode": "66-432",
        "amenity": "community_centre",
        "building": "yes",
        "building:fireproof": "yes",
        "building:levels": "1",
        "building:type:pl": "Przyziemie budynku ognioodpornego",
        "building:use:pl": "Oświaty, nauki, sportowy lub kultury, kultu religijnego",
        "ewmapa:warstwa": "Przyziemie lub obrys budynku",
        "name": "Świetlica Wiejska",
        "source": "PODGIK Gorzów",
        "source:addr": "bogdaniec.e-mapa.net",
        "@geometry": "center"
      },
      "geometry": {
        "type": "Point",
        "coordinates": [
          15.0916527,
          52.7320166
        ]
      },
      "id": "way/308939136"
    },
    {
      "type": "Feature",
      "properties": {
        "@id": "way/309206754",
        "website": "http://gck-dobrzyca.pl/",
        "addr:city": "Dobrzyca",
        "addr:housenumber": "10",
        "addr:street": "Koźmińska",
        "amenity": "community_centre",
        "building": "yes",
        "name": "Gminne Centrum Kultury w Dobrzycy",
        "phone": "+48 627428822",
        "@geometry": "center"
      },
      "geometry": {
        "type": "Point",
        "coordinates": [
          17.60146,
          51.8672957
        ]
      },
      "id": "way/309206754"
    },
    {
      "type": "Feature",
      "properties": {
        "@id": "way/309240949",
        "addr:housenumber": "16",
        "addr:place": "Tomice",
        "amenity": "community_centre",
        "building": "yes",
        "name": "Gminne Centrum Kultury w Tomicach",
        "@geometry": "center"
      },
      "geometry": {
        "type": "Point",
        "coordinates": [
          17.7381351,
          52.0657169
        ]
      },
      "id": "way/309240949"
    },
    {
      "type": "Feature",
      "properties": {
        "@id": "way/309410622",
        "addr:city:simc": "0467531",
        "addr:housenumber": "146",
        "addr:place": "Tymbark",
        "addr:postcode": "34-650",
        "amenity": "community_centre",
        "building": "public",
        "building:material": "wood",
        "name": "Parafialne centrum kultury",
        "old_name": "Dom parafialny",
        "source:addr": "emuia.gugik.gov.pl",
        "@geometry": "center"
      },
      "geometry": {
        "type": "Point",
        "coordinates": [
          20.3231417,
          49.7294445
        ]
      },
      "id": "way/309410622"
    },
    {
      "type": "Feature",
      "properties": {
        "@id": "way/309744282",
        "website": "http://gok-sokol.pl/",
        "addr:city": "Potasze",
        "addr:city:simc": "0581965",
        "addr:country": "PL",
        "addr:housenumber": "1",
        "addr:postcode": "62-005",
        "addr:street": "Lipowa",
        "amenity": "community_centre",
        "building": "public",
        "name": "Klub Kogucik",
        "phone": "+48 61 646 08 39",
        "source:addr": "EMUiA (czerwonak.e-mapa.net)",
        "@geometry": "center"
      },
      "geometry": {
        "type": "Point",
        "coordinates": [
          17.004734,
          52.5203854
        ]
      },
      "id": "way/309744282"
    },
    {
      "type": "Feature",
      "properties": {
        "@id": "way/309785468",
        "source:addr": "http://portal.gison.pl/skawina",
        "addr:city": "Skawina",
        "addr:housenumber": "7",
        "addr:postcode": "32-050",
        "addr:street": "Adama Mickiewicza",
        "amenity": "community_centre",
        "building": "yes",
        "name": "Pałacyk \"Sokół\"",
        "operator": "CKiS w Skawinie",
        "phone": "+48 12 276 34 64",
        "source": "geoportal.gov.pl:ortofoto",
        "@geometry": "center"
      },
      "geometry": {
        "type": "Point",
        "coordinates": [
          19.8232074,
          49.9744166
        ]
      },
      "id": "way/309785468"
    },
    {
      "type": "Feature",
      "properties": {
        "@id": "way/309941484",
        "website": "http://kultura.laszczow.pl/",
        "addr:city": "Łaszczów",
        "addr:housenumber": "12",
        "addr:street": "Partyzantów",
        "amenity": "community_centre",
        "building": "yes",
        "ksrg": "yes",
        "name": "Gminny Ośrodek Kultury",
        "source:addr": "EMUiA (emuia.gugik.gov.pl)",
        "start_date": "1975",
        "@geometry": "center"
      },
      "geometry": {
        "type": "Point",
        "coordinates": [
          23.7287375,
          50.5320286
        ]
      },
      "id": "way/309941484"
    },
    {
      "type": "Feature",
      "properties": {
        "@id": "way/310121906",
        "website": "http://gok-sokol.pl/",
        "addr:city": "Czerwonak",
        "addr:city:simc": "0581971",
        "addr:country": "PL",
        "addr:housenumber": "47",
        "addr:postcode": "62-004",
        "addr:street": "Gdyńska",
        "alt_name": "GOK Sokół",
        "amenity": "community_centre",
        "building": "yes",
        "email": "sokol@gok-sokol.pl",
        "name": "Sokół",
        "official_name": "Gminny Ośrodek Kultury Sokół",
        "phone": "+48 61 652 60 30",
        "source:addr": "EMUiA (czerwonak.e-mapa.net)",
        "@geometry": "center"
      },
      "geometry": {
        "type": "Point",
        "coordinates": [
          16.9808735,
          52.465156
        ]
      },
      "id": "way/310121906"
    },
    {
      "type": "Feature",
      "properties": {
        "@id": "way/311285708",
        "addr:city": "Wleń",
        "addr:housenumber": "2",
        "addr:postcode": "59-610",
        "addr:street": "Fryderyka Chopina",
        "amenity": "community_centre",
        "building": "yes",
        "name": "Ośrodek Kultury, Sportu i Turystyki",
        "source:geometry": "geoportal.gov.pl, GPS",
        "@geometry": "center"
      },
      "geometry": {
        "type": "Point",
        "coordinates": [
          15.6749617,
          51.0173448
        ]
      },
      "id": "way/311285708"
    },
    {
      "type": "Feature",
      "properties": {
        "@id": "way/311392382",
        "amenity": "community_centre",
        "building": "public",
        "community_centre": "village_hall",
        "name": "Dom Ludowy w Olchowcu",
        "@geometry": "center"
      },
      "geometry": {
        "type": "Point",
        "coordinates": [
          21.603601,
          49.4727619
        ]
      },
      "id": "way/311392382"
    },
    {
      "type": "Feature",
      "properties": {
        "@id": "way/311878024",
        "addr:city": "Rzeszów",
        "addr:city:simc": "0974133",
        "addr:housenumber": "99",
        "addr:postcode": "35-330",
        "addr:street": "Matysowska",
        "addr:suburb": "Matysówka",
        "amenity": "community_centre",
        "building": "yes",
        "building:levels": "1",
        "name": "RDK filia Matysówka",
        "official_name": "Rzeszowski Dom Kultury filia Matysówka",
        "old_addr:housenumber": "54",
        "old_addr:place": "Matysówka",
        "source:addr": "gugik.gov.pl",
        "website": "https://matysowka.rdk.rzeszow.pl",
        "@geometry": "center"
      },
      "geometry": {
        "type": "Point",
        "coordinates": [
          22.0557943,
          49.9989057
        ]
      },
      "id": "way/311878024"
    },
    {
      "type": "Feature",
      "properties": {
        "@id": "way/311955255",
        "addr:city": "Czerwionka-Leszczyny",
        "addr:housenumber": "83",
        "addr:postcode": "44-238",
        "addr:street": "Księdza Adolfa Pojdy",
        "amenity": "nightclub",
        "building": "yes",
        "name": "Bajlando",
        "@geometry": "center"
      },
      "geometry": {
        "type": "Point",
        "coordinates": [
          18.642501,
          50.1368454
        ]
      },
      "id": "way/311955255"
    },
    {
      "type": "Feature",
      "properties": {
        "@id": "way/312142861",
        "addr:city": "Pawłowice",
        "addr:city:simc": "0218621",
        "addr:housenumber": "11",
        "addr:postcode": "43-251",
        "addr:street": "Wojska Polskiego",
        "addr:street:sym_ul": "11386",
        "amenity": "community_centre",
        "building": "yes",
        "name": "Gminny Ośrodek Kultury",
        "source:addr": "pawlowice.e-mapa.net",
        "@geometry": "center"
      },
      "geometry": {
        "type": "Point",
        "coordinates": [
          18.6954519,
          49.9617897
        ]
      },
      "id": "way/312142861"
    },
    {
      "type": "Feature",
      "properties": {
        "@id": "way/313087282",
        "wheelchair": "no",
        "smoking": "separated",
        "name": "Epoca",
        "addr:city": "Elbląg",
        "addr:country": "PL",
        "addr:housenumber": "10",
        "addr:postcode": "82-300",
        "addr:state": "Elbląg",
        "addr:street": "Brzozowa",
        "amenity": "nightclub",
        "building": "commercial",
        "@geometry": "center"
      },
      "geometry": {
        "type": "Point",
        "coordinates": [
          19.4031908,
          54.1702809
        ]
      },
      "id": "way/313087282"
    },
    {
      "type": "Feature",
      "properties": {
        "@id": "way/313745878",
        "addr:city:simc": "0153940",
        "addr:housenumber": "13",
        "addr:place": "Wola Lipecka",
        "addr:postcode": "11-130",
        "amenity": "community_centre",
        "building": "yes",
        "community_centre": "village_hall",
        "description": "świetlica wiejska",
        "roof:material": "tar_paper",
        "source:addr": "orneta.e-mapa.net",
        "@geometry": "center"
      },
      "geometry": {
        "type": "Point",
        "coordinates": [
          20.2077432,
          54.1772479
        ]
      },
      "id": "way/313745878"
    },
    {
      "type": "Feature",
      "properties": {
        "@id": "way/313927107",
        "addr:housenumber": "157",
        "addr:place": "Cergowa",
        "addr:postcode": "38-450",
        "amenity": "community_centre",
        "name": "Dom Ludowy",
        "opening_hours:signed": "no",
        "source": "uwaga",
        "source:addr": "UMiG Dukla",
        "@geometry": "center"
      },
      "geometry": {
        "type": "Point",
        "coordinates": [
          21.6884822,
          49.5544111
        ]
      },
      "id": "way/313927107"
    },
    {
      "type": "Feature",
      "properties": {
        "@id": "way/313937988",
        "amenity": "community_centre",
        "building": "public",
        "name": "Świetlica w Drozdowie",
        "@geometry": "center"
      },
      "geometry": {
        "type": "Point",
        "coordinates": [
          21.7924529,
          53.8470207
        ]
      },
      "id": "way/313937988"
    },
    {
      "type": "Feature",
      "properties": {
        "@id": "way/313965640",
        "website": "http://www.kultura.krasnystaw.pl/",
        "phone": "82 576 22 18",
        "addr:city": "Krasnystaw",
        "addr:housenumber": "10",
        "addr:postcode": "22-300",
        "addr:street": "Stefana Okrzei",
        "amenity": "community_centre",
        "building": "civic",
        "name": "Krasnostawski Dom Kultury",
        "opening_hours": "Tu-Fr 09:00-20:30; Sa,Su 14:00-20:30",
        "@geometry": "center"
      },
      "geometry": {
        "type": "Point",
        "coordinates": [
          23.1675753,
          50.9832391
        ]
      },
      "id": "way/313965640"
    },
    {
      "type": "Feature",
      "properties": {
        "@id": "way/314104600",
        "amenity": "community_centre",
        "building": "presbytery",
        "building:colour": "white",
        "building:levels": "2",
        "building:material": "plaster",
        "community_centre": "parish_hall",
        "denomination": "roman_catholic",
        "name": "Katolicki Ośrodek Kultury",
        "religion": "christian",
        "roof:colour": "gray",
        "roof:material": "tar_paper",
        "roof:shape": "flat",
        "short_name": "KOK",
        "@geometry": "center"
      },
      "geometry": {
        "type": "Point",
        "coordinates": [
          21.4196821,
          50.2954376
        ]
      },
      "id": "way/314104600"
    },
    {
      "type": "Feature",
      "properties": {
        "@id": "way/314402936",
        "addr:city:simc": "0822825",
        "addr:housenumber": "30",
        "addr:place": "Śmigno",
        "addr:postcode": "33-140",
        "amenity": "community_centre",
        "building": "yes",
        "name": "Gminny Ośrodek Kultury",
        "operator": "UG Lisia Góra",
        "source:addr": "emuia.gugik.gov.pl",
        "@geometry": "center"
      },
      "geometry": {
        "type": "Point",
        "coordinates": [
          20.9956709,
          50.0817336
        ]
      },
      "id": "way/314402936"
    },
    {
      "type": "Feature",
      "properties": {
        "@id": "way/314624129",
        "addr:city": "Miroszowice",
        "addr:city:simc": "0365397",
        "addr:housenumber": "13",
        "addr:postcode": "59-300",
        "addr:street": "Pałacowa",
        "amenity": "community_centre",
        "building": "yes",
        "community_centre": "village_hall",
        "name": "Świetlica wiejska",
        "old_addr:housenumber": "8a",
        "old_addr:place": "Miroszowice",
        "source:addr": "gugik.gov.pl",
        "@geometry": "center"
      },
      "geometry": {
        "type": "Point",
        "coordinates": [
          16.2260273,
          51.3881454
        ]
      },
      "id": "way/314624129"
    },
    {
      "type": "Feature",
      "properties": {
        "@id": "way/314772771",
        "amenity": "community_centre",
        "barrier": "fence",
        "description": "Nieczynna zajezdnia tramwajowa MPK „Madalińskiego” (S-2)",
        "industrial": "depot",
        "landuse": "industrial",
        "name": "Madalina",
        "note": "W tym miejscu planowane jest muzeum komunikacji miejskiej",
        "source": "Poznań Ortofotomapa 2016",
        "source:geometry": "Geopoz: Mapa tematyczna - Plan fotogrametryczny",
        "website": "https://www.facebook.com/zajezdniamadalinskiego/",
        "wikidata": "Q9385991",
        "wikipedia": "pl:Zajezdnia tramwajowa przy ulicy Madalińskiego w Poznaniu",
        "@geometry": "center"
      },
      "geometry": {
        "type": "Point",
        "coordinates": [
          16.9139114,
          52.3864574
        ]
      },
      "id": "way/314772771"
    },
    {
      "type": "Feature",
      "properties": {
        "@id": "way/314976558",
        "name": "Dom Ludowy \"Dobry\"",
        "amenity": "community_centre",
        "building": "house",
        "community_centre": "village_hall",
        "@geometry": "center"
      },
      "geometry": {
        "type": "Point",
        "coordinates": [
          15.5169462,
          51.279948
        ]
      },
      "id": "way/314976558"
    },
    {
      "type": "Feature",
      "properties": {
        "@id": "way/315209936",
        "addr:city": "Rudnica",
        "addr:city:simc": "0182254",
        "addr:housenumber": "7",
        "addr:postcode": "66-439",
        "addr:street": "Główna",
        "addr:street:sym_ul": "05635",
        "amenity": "community_centre",
        "building": "yes",
        "source:addr": "krzeszyce.e-mapa.net",
        "@geometry": "center"
      },
      "geometry": {
        "type": "Point",
        "coordinates": [
          15.1888675,
          52.6106903
        ]
      },
      "id": "way/315209936"
    },
    {
      "type": "Feature",
      "properties": {
        "@id": "way/315264725",
        "amenity": "community_centre",
        "landuse": "commercial",
        "name": "Powiatowe Centrum Pomocy Rodzinie w Szczecinku",
        "operator": "Powiat szczecinecki",
        "@geometry": "center"
      },
      "geometry": {
        "type": "Point",
        "coordinates": [
          16.6879584,
          53.7169354
        ]
      },
      "id": "way/315264725"
    },
    {
      "type": "Feature",
      "properties": {
        "@id": "way/315740487",
        "addr:housenumber": "17",
        "addr:city": "Włodawa",
        "addr:city:simc": "930294",
        "addr:postcode": "22-200",
        "addr:street": "Partyzantów",
        "addr:street:sym_ul": "15733",
        "amenity": "community_centre",
        "building": "yes",
        "building:levels": "2",
        "community_centre:for": "juvenile",
        "email": "mdkwlodawa@o2.pl",
        "name": "Młodzieżowy Dom Kultury im. Oskara Kolberga we Włodawie",
        "official_name": "Młodzieżowy Dom Kultury im.oskara Kolberga we Włodawie",
        "operator": "Powiat Włodawski",
        "operator:type": "government",
        "phone": "+48 825726531",
        "ref:regon": "000739248",
        "ref:rspo": "31954",
        "ref:vatin": "PL5651340834",
        "source:addr": "mwlodawa.e-mapa.net",
        "website": "http://mdk.wlodawa.pl",
        "@geometry": "center"
      },
      "geometry": {
        "type": "Point",
        "coordinates": [
          23.5503987,
          51.546005
        ]
      },
      "id": "way/315740487"
    },
    {
      "type": "Feature",
      "properties": {
        "@id": "way/315901523",
        "phone": "+48 46 857 16 63",
        "opening_hours": "Mo-Tu 08:00-16:00; We 08:00-17:00; Th 08:00-16:00; Fr 08:00-15:00",
        "addr:city": "Mszczonów",
        "addr:housenumber": "33",
        "addr:postcode": "96-320",
        "addr:street": "Warszawska",
        "amenity": "community_centre",
        "building": "yes",
        "building:levels": "3",
        "email": "mok@mszczonow.pl",
        "name": "Mszczonowski Ośrodek Kultury",
        "@geometry": "center"
      },
      "geometry": {
        "type": "Point",
        "coordinates": [
          20.5195865,
          51.975347
        ]
      },
      "id": "way/315901523"
    },
    {
      "type": "Feature",
      "properties": {
        "@id": "way/315947947",
        "name": "Dom Formacji i Kultury „Przystań” im. Ks. Bpa Jana Chrapka",
        "building": "public",
        "amenity": "community_centre",
        "@geometry": "center"
      },
      "geometry": {
        "type": "Point",
        "coordinates": [
          21.327542,
          51.4335348
        ]
      },
      "id": "way/315947947"
    },
    {
      "type": "Feature",
      "properties": {
        "@id": "way/316417555",
        "addr:city": "Piła Kościelecka",
        "addr:housenumber": "50",
        "addr:postcode": "32-540",
        "addr:street": "Zielona",
        "amenity": "community_centre",
        "building": "yes",
        "name": "Wiejski Dom Kultury w Pile  Kościeleckiej",
        "operator": "TCK Trzebinia",
        "@geometry": "center"
      },
      "geometry": {
        "type": "Point",
        "coordinates": [
          19.4581551,
          50.1216427
        ]
      },
      "id": "way/316417555"
    },
    {
      "type": "Feature",
      "properties": {
        "@id": "way/316698604",
        "addr:city:simc": "0192689",
        "addr:housenumber": "64",
        "addr:place": "Dobków",
        "amenity": "community_centre",
        "building": "yes",
        "name": "Świetlica wiejska",
        "operator": "Centrum Kultury, Sportu i Turystyki w Świerzawie",
        "operator:type": "government",
        "source:addr": "swierzawa.e-mapa.net",
        "@geometry": "center"
      },
      "geometry": {
        "type": "Point",
        "coordinates": [
          15.9584369,
          50.9872417
        ]
      },
      "id": "way/316698604"
    },
    {
      "type": "Feature",
      "properties": {
        "@id": "way/316763057",
        "amenity": "community_centre",
        "building": "yes",
        "name": "Sołtysówka",
        "@geometry": "center"
      },
      "geometry": {
        "type": "Point",
        "coordinates": [
          22.442212,
          49.4764261
        ]
      },
      "id": "way/316763057"
    },
    {
      "type": "Feature",
      "properties": {
        "@id": "way/316943081",
        "addr:city:simc": "0883904",
        "addr:housenumber": "34",
        "addr:place": "Złotów",
        "addr:postcode": "55-106",
        "amenity": "community_centre",
        "building": "yes",
        "name": "Świetlica wiejska",
        "source:addr": "emuia.gugik.gov.pl",
        "@geometry": "center"
      },
      "geometry": {
        "type": "Point",
        "coordinates": [
          17.2823848,
          51.3587601
        ]
      },
      "id": "way/316943081"
    },
    {
      "type": "Feature",
      "properties": {
        "@id": "way/317180927",
        "amenity": "community_centre",
        "building": "yes",
        "name": "Świetlica",
        "@geometry": "center"
      },
      "geometry": {
        "type": "Point",
        "coordinates": [
          15.1203823,
          52.9593941
        ]
      },
      "id": "way/317180927"
    },
    {
      "type": "Feature",
      "properties": {
        "@id": "way/317288286",
        "addr:city:simc": "0489461",
        "addr:housenumber": "6",
        "addr:place": "Sędańsk",
        "addr:postcode": "12-100",
        "amenity": "community_centre",
        "building": "yes",
        "name": "Świetlica",
        "source:addr": "szczytno.e-mapa.net",
        "@geometry": "center"
      },
      "geometry": {
        "type": "Point",
        "coordinates": [
          20.9082414,
          53.5479414
        ]
      },
      "id": "way/317288286"
    },
    {
      "type": "Feature",
      "properties": {
        "@id": "way/317417660",
        "addr:housenumber": "51A",
        "addr:place": "Dzierżów",
        "addr:postcode": "66-446",
        "amenity": "community_centre",
        "building": "yes",
        "name": "Świetlica Wiejska",
        "source:addr": "deszczno.e-mapa.net",
        "@geometry": "center"
      },
      "geometry": {
        "type": "Point",
        "coordinates": [
          15.2070959,
          52.6606754
        ]
      },
      "id": "way/317417660"
    },
    {
      "type": "Feature",
      "properties": {
        "@id": "way/318914371",
        "amenity": "community_centre",
        "building": "yes",
        "source": "geoportal.gov.pl:ortofoto",
        "@geometry": "center"
      },
      "geometry": {
        "type": "Point",
        "coordinates": [
          16.6383595,
          54.2727666
        ]
      },
      "id": "way/318914371"
    },
    {
      "type": "Feature",
      "properties": {
        "@id": "way/319028877",
        "addr:city:simc": "0818440",
        "addr:housenumber": "96b",
        "addr:place": "Podgrodzie",
        "addr:postcode": "39-200",
        "amenity": "community_centre",
        "building": "yes",
        "name": "Dom Kultury w Podgrodziu",
        "source:addr": "emuia.gugik.gov.pl",
        "@geometry": "center"
      },
      "geometry": {
        "type": "Point",
        "coordinates": [
          21.3483548,
          50.0106943
        ]
      },
      "id": "way/319028877"
    },
    {
      "type": "Feature",
      "properties": {
        "@id": "way/320080356",
        "addr:postcode": "34-453",
        "addr:street": "Osiedle Zawady",
        "addr:city": "Ochotnica Górna",
        "addr:housenumber": "205b",
        "amenity": "community_centre",
        "building": "yes",
        "name": "Wiejski Osrodek Kultury",
        "@geometry": "center"
      },
      "geometry": {
        "type": "Point",
        "coordinates": [
          20.2492899,
          49.5136893
        ]
      },
      "id": "way/320080356"
    },
    {
      "type": "Feature",
      "properties": {
        "@id": "way/320087517",
        "addr:city": "Bolesławiec",
        "addr:housenumber": "13",
        "addr:postcode": "59-700",
        "addr:street": "Żwirowa",
        "amenity": "nightclub",
        "building": "yes",
        "name": "Eden. PHU. Karaś H.",
        "@geometry": "center"
      },
      "geometry": {
        "type": "Point",
        "coordinates": [
          15.5344134,
          51.2600111
        ]
      },
      "id": "way/320087517"
    },
    {
      "type": "Feature",
      "properties": {
        "@id": "way/320105506",
        "addr:city": "Łaszczów",
        "addr:housenumber": "62",
        "addr:street": "Domaniż",
        "amenity": "community_centre",
        "building": "yes",
        "name": "Świetlica",
        "source:addr": "EMUiA (emuia.gugik.gov.pl)",
        "start_date": "1965",
        "@geometry": "center"
      },
      "geometry": {
        "type": "Point",
        "coordinates": [
          23.7242927,
          50.5249918
        ]
      },
      "id": "way/320105506"
    },
    {
      "type": "Feature",
      "properties": {
        "@id": "way/320106837",
        "addr:housenumber": "45",
        "addr:place": "Małoniż",
        "addr:postcode": "22-650",
        "amenity": "community_centre",
        "building": "yes",
        "name": "Świetlica",
        "source:addr": "EMUiA (emuia.gugik.gov.pl)",
        "start_date": "1974",
        "@geometry": "center"
      },
      "geometry": {
        "type": "Point",
        "coordinates": [
          23.6901025,
          50.5397761
        ]
      },
      "id": "way/320106837"
    },
    {
      "type": "Feature",
      "properties": {
        "@id": "way/321053904",
        "addr:city": "Kielanówka",
        "addr:housenumber": "315",
        "addr:postcode": "35-106",
        "addr:street": "Błękitne Wzgórze",
        "amenity": "community_centre",
        "building": "yes",
        "building:levels": "2",
        "data_zmiany": "2012-01-12 13:58:43",
        "name": "Dom Kultury w Kielanówce",
        "source:addr": "EMUiA - http://boguchwala.e-mapa.net",
        "@geometry": "center"
      },
      "geometry": {
        "type": "Point",
        "coordinates": [
          21.9198273,
          50.028154
        ]
      },
      "id": "way/321053904"
    },
    {
      "type": "Feature",
      "properties": {
        "@id": "way/321054214",
        "addr:city": "Wołczkowo",
        "addr:housenumber": "11a",
        "addr:postcode": "72-003",
        "addr:street": "Lipowa",
        "amenity": "community_centre",
        "building": "education",
        "building:levels": "1.5",
        "opening_hours": "Tu-Sa 14:00-22:00; We,Fr 15:00-22:00",
        "phone": "+48914396670",
        "source:addr": "UG Dobra",
        "@geometry": "center"
      },
      "geometry": {
        "type": "Point",
        "coordinates": [
          14.4486437,
          53.4755474
        ]
      },
      "id": "way/321054214"
    },
    {
      "type": "Feature",
      "properties": {
        "@id": "way/321833392",
        "addr:city:simc": "0189760",
        "addr:housenumber": "122",
        "addr:place": "Dziwiszów",
        "addr:postcode": "58-513",
        "amenity": "community_centre",
        "building": "public",
        "community_centre": "village_hall",
        "name": "Sala Ludowa",
        "source:addr": "jezowsudecki.e-mapa.net",
        "@geometry": "center"
      },
      "geometry": {
        "type": "Point",
        "coordinates": [
          15.8032148,
          50.9469417
        ]
      },
      "id": "way/321833392"
    },
    {
      "type": "Feature",
      "properties": {
        "@id": "way/321880396",
        "addr:housenumber": "40",
        "addr:place": "Baczyn",
        "addr:postcode": "32-084",
        "amenity": "community_centre",
        "building": "yes",
        "name": "Dom Ludowy w Baczynie",
        "@geometry": "center"
      },
      "geometry": {
        "type": "Point",
        "coordinates": [
          19.6822388,
          50.0791873
        ]
      },
      "id": "way/321880396"
    },
    {
      "type": "Feature",
      "properties": {
        "@id": "way/323456459",
        "addr:city": "Chojnów",
        "addr:housenumber": "7",
        "addr:postcode": "59-225",
        "addr:street": "Stanisława Małachowskiego",
        "amenity": "community_centre",
        "building": "yes",
        "name": "Dom Kultury",
        "operator": "Miejski Ośrodek Kultury, Sportu i Rekreacji w Chojnowie",
        "short_name": "MOKSiR",
        "short_name_1": "MDK",
        "source:geometry": "geoportal.gov.pl,GPS",
        "wheelchair": "yes",
        "@geometry": "center"
      },
      "geometry": {
        "type": "Point",
        "coordinates": [
          15.9304347,
          51.273854
        ]
      },
      "id": "way/323456459"
    },
    {
      "type": "Feature",
      "properties": {
        "@id": "way/323715102",
        "amenity": "community_centre",
        "building": "yes",
        "@geometry": "center"
      },
      "geometry": {
        "type": "Point",
        "coordinates": [
          15.6609441,
          50.8248811
        ]
      },
      "id": "way/323715102"
    },
    {
      "type": "Feature",
      "properties": {
        "@id": "way/324563312",
        "amenity": "nightclub",
        "building": "commercial",
        "contact:email": "kontakt@magnumfm.com.pl",
        "contact:phone": "+48 605050240",
        "name": "Magnum CLUB Wachów",
        "website": "https://pl-pl.facebook.com/MagnumClubWachow/",
        "@geometry": "center"
      },
      "geometry": {
        "type": "Point",
        "coordinates": [
          18.3881771,
          50.8449894
        ]
      },
      "id": "way/324563312"
    },
    {
      "type": "Feature",
      "properties": {
        "@id": "way/326163612",
        "addr:city": "Ziemin",
        "addr:city:simc": "0597676",
        "addr:housenumber": "3",
        "addr:postcode": "64-050",
        "addr:street": "Powstańców Wielkopolskich",
        "amenity": "community_centre",
        "building": "yes",
        "name": "Świetlica",
        "source:addr": "wielichowo.e-mapa.net",
        "@geometry": "center"
      },
      "geometry": {
        "type": "Point",
        "coordinates": [
          16.3745942,
          52.0995296
        ]
      },
      "id": "way/326163612"
    },
    {
      "type": "Feature",
      "properties": {
        "@id": "way/326233949",
        "addr:housenumber": "171",
        "addr:place": "Pozowice",
        "addr:postcode": "32-051",
        "amenity": "community_centre",
        "building": "yes",
        "name": "Dom Ludowy",
        "source:addr": "http://portal.gison.pl/skawina",
        "@geometry": "center"
      },
      "geometry": {
        "type": "Point",
        "coordinates": [
          19.6935379,
          49.976658
        ]
      },
      "id": "way/326233949"
    },
    {
      "type": "Feature",
      "properties": {
        "@id": "way/327076633",
        "addr:city": "Węgorzewo",
        "addr:city:simc": "0977947",
        "addr:housenumber": "14",
        "addr:postcode": "11-600",
        "addr:street": "Generała Józefa Bema",
        "addr:street:sym_ul": "01014",
        "amenity": "community_centre",
        "building": "yes",
        "name": "Miejski Dom Kultury",
        "source:addr": "wegorzewo.e-mapa.net",
        "@geometry": "center"
      },
      "geometry": {
        "type": "Point",
        "coordinates": [
          21.7490499,
          54.2058919
        ]
      },
      "id": "way/327076633"
    },
    {
      "type": "Feature",
      "properties": {
        "@id": "way/327786068",
        "addr:housenumber": "53",
        "addr:place": "Przelewice",
        "addr:postcode": "74-210",
        "amenity": "community_centre",
        "building": "public",
        "building:fireproof": "yes",
        "building:levels": "2",
        "name": "Gminne Centrum Kultury w Przelewicach",
        "phone": "+48 571 260 285",
        "source": "Starostwo Powiatowe w Pyrzycach",
        "source:addr": "przelewice.e-mapa.net",
        "@geometry": "center"
      },
      "geometry": {
        "type": "Point",
        "coordinates": [
          15.0788151,
          53.1032342
        ]
      },
      "id": "way/327786068"
    },
    {
      "type": "Feature",
      "properties": {
        "@id": "way/327804575",
        "addr:city:simc": "0778030",
        "addr:housenumber": "64",
        "addr:place": "Tetyń",
        "addr:postcode": "74-205",
        "amenity": "community_centre",
        "building": "yes",
        "building:fireproof": "yes",
        "building:levels": "1",
        "community_centre": "village_hall",
        "name": "Świetlica Wiejska w Tetyniu",
        "source": "Starostwo Powiatowe w Pyrzycach",
        "source:addr": "kozielice.e-mapa.net",
        "@geometry": "center"
      },
      "geometry": {
        "type": "Point",
        "coordinates": [
          14.7692071,
          53.0467321
        ]
      },
      "id": "way/327804575"
    },
    {
      "type": "Feature",
      "properties": {
        "@id": "way/327865108",
        "building": "yes",
        "source:addr": "pyrzyce.e-mapa.net",
        "addr:city": "Pyrzyce",
        "addr:housenumber": "3",
        "addr:postcode": "74-200",
        "addr:street": "Plac Wolności",
        "amenity": "community_centre",
        "building:fireproof": "yes",
        "building:levels": "3",
        "name": "Pyrzycki Dom Kultury",
        "source": "Starostwo Powiatowe w Pyrzycach",
        "@geometry": "center"
      },
      "geometry": {
        "type": "Point",
        "coordinates": [
          14.8932815,
          53.1466047
        ]
      },
      "id": "way/327865108"
    },
    {
      "type": "Feature",
      "properties": {
        "@id": "way/328441140",
        "source:addr": "wieliczka.e-mapa.net",
        "name": "Wiejski Dom Kultury",
        "addr:city:simc": "0340109",
        "addr:housenumber": "234",
        "addr:place": "Brzegi",
        "addr:postcode": "32-002",
        "amenity": "community_centre",
        "building": "yes",
        "@geometry": "center"
      },
      "geometry": {
        "type": "Point",
        "coordinates": [
          20.1007488,
          50.0360493
        ]
      },
      "id": "way/328441140"
    },
    {
      "type": "Feature",
      "properties": {
        "@id": "way/328561859",
        "addr:city": "Dobroszyce",
        "addr:housenumber": "14",
        "addr:postcode": "56-410",
        "addr:street": "Parkowa",
        "addr:street:sym_ul": "15710",
        "amenity": "community_centre",
        "building": "civic",
        "name": "Gminne Centrum Kultury im. Anny Sojko",
        "source:addr": "dobroszyce.e-mapa.net",
        "@geometry": "center"
      },
      "geometry": {
        "type": "Point",
        "coordinates": [
          17.3403975,
          51.263763
        ]
      },
      "id": "way/328561859"
    },
    {
      "type": "Feature",
      "properties": {
        "@id": "way/328943793",
        "addr:city:simc": "0472058",
        "addr:housenumber": "27a",
        "addr:place": "Księżno",
        "addr:postcode": "11-311",
        "amenity": "community_centre",
        "building": "yes",
        "name": "Świetlica wiejska",
        "source:addr": "bisztynek.e-mapa.net",
        "@geometry": "center"
      },
      "geometry": {
        "type": "Point",
        "coordinates": [
          20.8289721,
          54.0372923
        ]
      },
      "id": "way/328943793"
    },
    {
      "type": "Feature",
      "properties": {
        "@id": "way/330326774",
        "addr:city": "Pińczów",
        "addr:housenumber": "3",
        "addr:postcode": "28-400",
        "addr:street": "Przemysłowa",
        "amenity": "community_centre",
        "building": "yes",
        "name": "Powiatowy Zarząd Dróg",
        "source": "emuia UG Pińczów",
        "@geometry": "center"
      },
      "geometry": {
        "type": "Point",
        "coordinates": [
          20.5314876,
          50.5277759
        ]
      },
      "id": "way/330326774"
    },
    {
      "type": "Feature",
      "properties": {
        "@id": "way/330573750",
        "addr:city:simc": "0783410",
        "addr:housenumber": "32A",
        "addr:place": "Klępino",
        "addr:postcode": "73-110",
        "amenity": "community_centre",
        "building": "yes",
        "community_centre": "village_hall",
        "name": "Świetlica Gminna Klępino",
        "note": "Świetlica, Biblioteka, Plac zabaw, itd.",
        "source:addr": "stargard.e-mapa.net",
        "@geometry": "center"
      },
      "geometry": {
        "type": "Point",
        "coordinates": [
          15.0321054,
          53.3709616
        ]
      },
      "id": "way/330573750"
    },
    {
      "type": "Feature",
      "properties": {
        "@id": "way/330582217",
        "amenity": "community_centre",
        "building": "yes",
        "name": "Świetlica Wiejska",
        "@geometry": "center"
      },
      "geometry": {
        "type": "Point",
        "coordinates": [
          15.3084482,
          52.0655485
        ]
      },
      "id": "way/330582217"
    },
    {
      "type": "Feature",
      "properties": {
        "@id": "way/330857129",
        "amenity": "community_centre",
        "community_centre:for": "family",
        "landuse": "farmyard",
        "name": "Osada Twórców",
        "operator": "Fundacja Cohabitat",
        "website": "https://cohabitat.net",
        "@geometry": "center"
      },
      "geometry": {
        "type": "Point",
        "coordinates": [
          18.879544,
          51.7504606
        ]
      },
      "id": "way/330857129"
    },
    {
      "type": "Feature",
      "properties": {
        "@id": "way/331460068",
        "addr:city": "Biała Podlaska",
        "addr:city:simc": "0922018",
        "addr:housenumber": "24",
        "addr:postcode": "21-500",
        "addr:street": "Marszałka Józefa Piłsudskiego",
        "addr:street:sym_ul": "16274",
        "amenity": "community_centre",
        "building": "yes",
        "name": "Miejski Ośrodek Pomocy Społecznej",
        "source:addr": "mbialapodlaska.e-mapa.net",
        "@geometry": "center"
      },
      "geometry": {
        "type": "Point",
        "coordinates": [
          23.1153049,
          52.0355917
        ]
      },
      "id": "way/331460068"
    },
    {
      "type": "Feature",
      "properties": {
        "@id": "way/332636892",
        "amenity": "community_centre",
        "building": "yes",
        "name": "Wiata grillowa (grzybek)",
        "operator": "Urząd Miejski w Ujściu",
        "@geometry": "center"
      },
      "geometry": {
        "type": "Point",
        "coordinates": [
          16.7909596,
          53.0442374
        ]
      },
      "id": "way/332636892"
    },
    {
      "type": "Feature",
      "properties": {
        "@id": "way/332927019",
        "amenity": "community_centre",
        "building": "yes",
        "name": "Świetlica",
        "@geometry": "center"
      },
      "geometry": {
        "type": "Point",
        "coordinates": [
          16.1690257,
          51.3566206
        ]
      },
      "id": "way/332927019"
    },
    {
      "type": "Feature",
      "properties": {
        "@id": "way/333383472",
        "amenity": "community_centre",
        "building": "yes",
        "community_centre:for": "juvenile",
        "name": "Świetlica Parafialna Barka",
        "@geometry": "center"
      },
      "geometry": {
        "type": "Point",
        "coordinates": [
          20.9987029,
          51.4436039
        ]
      },
      "id": "way/333383472"
    },
    {
      "type": "Feature",
      "properties": {
        "@id": "way/333443867",
        "addr:city": "Połczyn-Zdrój",
        "addr:housenumber": "54",
        "addr:postcode": "78-320",
        "addr:street": "Wojska Polskiego",
        "amenity": "community_centre",
        "building": "yes",
        "building:levels": "2",
        "email": "kontakt@ckpolczyn.pl",
        "name": "Centrum Kultury w Połczynie Zdroju",
        "name:en": "Cultural Center",
        "phone": "+48943654163",
        "source": "Starostwo Powiatowe w Świdwinie",
        "source:addr": "polczynzdroj.e-mapa.net",
        "@geometry": "center"
      },
      "geometry": {
        "type": "Point",
        "coordinates": [
          16.0967427,
          53.768859
        ]
      },
      "id": "way/333443867"
    },
    {
      "type": "Feature",
      "properties": {
        "@id": "way/333464195",
        "alt_name": "Centrum Folkloru Polskiego \"Karolin\"",
        "amenity": "community_centre",
        "source:alt_name": "https://karolinmazowsze.pl/",
        "addr:city": "Otrębusy",
        "addr:city:simc": "0000715",
        "addr:housenumber": "2",
        "addr:postcode": "05-805",
        "addr:street": "Świerkowa",
        "building": "palace",
        "building:levels": "3",
        "historic": "yes",
        "name": "Pałac Karolin",
        "source": "www.geoportal.gov.pl",
        "source:addr": "brwinow.e-mapa.net",
        "start_date": "1911",
        "wikidata": "Q33411874",
        "wikipedia": "pl:Pałac Karolin",
        "@geometry": "center"
      },
      "geometry": {
        "type": "Point",
        "coordinates": [
          20.7571096,
          52.1189741
        ]
      },
      "id": "way/333464195"
    },
    {
      "type": "Feature",
      "properties": {
        "@id": "way/334044747",
        "addr:city": "Prusinowice",
        "addr:city:simc": "0501481",
        "addr:housenumber": "4",
        "addr:postcode": "48-314",
        "addr:street": "Wyzwolenia",
        "addr:street:sym_ul": "25133",
        "amenity": "community_centre",
        "building": "yes",
        "name": "Świetlica wiejska",
        "source": "http://sdi.opolskie.pl/mapa_bazowa/request.aspx",
        "source:addr": "pakoslawice.e-mapa.net",
        "@geometry": "center"
      },
      "geometry": {
        "type": "Point",
        "coordinates": [
          17.4053684,
          50.5367138
        ]
      },
      "id": "way/334044747"
    },
    {
      "type": "Feature",
      "properties": {
        "@id": "way/334133994",
        "source:addr": "emuia.gugik.gov.pl",
        "name": "Wiejski Dom Kultury w Bukowie",
        "addr:city": "Buków",
        "addr:city:simc": "0216071",
        "addr:housenumber": "4",
        "addr:postcode": "44-360",
        "addr:street": "Główna",
        "addr:street:sym_ul": "05635",
        "amenity": "community_centre",
        "building": "yes",
        "@geometry": "center"
      },
      "geometry": {
        "type": "Point",
        "coordinates": [
          18.2945243,
          49.9995518
        ]
      },
      "id": "way/334133994"
    },
    {
      "type": "Feature",
      "properties": {
        "@id": "way/335027736",
        "amenity": "community_centre",
        "community_centre": "youth_centre",
        "community_centre:for": "juvenile",
        "description": "placówka edukacyjno-kulturalna, do której szczególnie uzdolniona młodzież szkolna uczęszcza na dodatkowe zajęcia. Podobne do MDK",
        "email": "izabela.suleja@wroclawskaedukacja.pl",
        "name": "Centrum Kreatywności Talent",
        "official_name": "Centrum Kreatywności Talent",
        "old_name": "Gimnazjum nr 15 im. Profesorów Lwowskich",
        "operator": "Gmina Wrocław",
        "operator:type": "government",
        "phone": "+48 604783518",
        "ref:regon": "384264804",
        "ref:rspo": "272536",
        "website": "https://talent.wroclaw.pl",
        "@geometry": "center"
      },
      "geometry": {
        "type": "Point",
        "coordinates": [
          17.0463277,
          51.1233
        ]
      },
      "id": "way/335027736"
    },
    {
      "type": "Feature",
      "properties": {
        "@id": "way/335238279",
        "addr:city": "Polanów",
        "addr:city:simc": "0950115",
        "addr:housenumber": "7",
        "addr:postcode": "76-010",
        "addr:street": "Wolności",
        "addr:street:sym_ul": "24687",
        "amenity": "community_centre",
        "building": "yes",
        "name": "Centrum Społeczno-Kulturalne w Polanowie",
        "source:addr": "polanow.e-mapa.net",
        "@geometry": "center"
      },
      "geometry": {
        "type": "Point",
        "coordinates": [
          16.6830759,
          54.1183879
        ]
      },
      "id": "way/335238279"
    },
    {
      "type": "Feature",
      "properties": {
        "@id": "way/335443661",
        "amenity": "nightclub",
        "building": "yes",
        "name": "139 multi club",
        "@geometry": "center"
      },
      "geometry": {
        "type": "Point",
        "coordinates": [
          21.0009614,
          50.0877246
        ]
      },
      "id": "way/335443661"
    },
    {
      "type": "Feature",
      "properties": {
        "@id": "way/335443757",
        "addr:city:simc": "0822825",
        "addr:housenumber": "242/3",
        "addr:place": "Śmigno",
        "addr:postcode": "33-140",
        "amenity": "nightclub",
        "building": "yes",
        "name": "139 multiclub",
        "source:addr": "emuia.gugik.gov.pl",
        "@geometry": "center"
      },
      "geometry": {
        "type": "Point",
        "coordinates": [
          21.0010504,
          50.0875287
        ]
      },
      "id": "way/335443757"
    },
    {
      "type": "Feature",
      "properties": {
        "@id": "way/335560596",
        "addr:city": "Żarki",
        "addr:city:simc": "0215893",
        "addr:housenumber": "6",
        "addr:postcode": "32-593",
        "addr:street": "Klubowa",
        "amenity": "community_centre",
        "building": "yes",
        "name": "Gminny Ośrodek Kultury w Żarkach",
        "operator": "Libiąskie Centrum Kultury",
        "operator:type": "public",
        "website": "https://lck.libiaz.pl/",
        "@geometry": "center"
      },
      "geometry": {
        "type": "Point",
        "coordinates": [
          19.3473835,
          50.0827832
        ]
      },
      "id": "way/335560596"
    },
    {
      "type": "Feature",
      "properties": {
        "@id": "way/335624228",
        "addr:city:simc": "0218207",
        "addr:housenumber": "43",
        "addr:place": "Troks",
        "addr:postcode": "32-300",
        "amenity": "community_centre",
        "building": "yes",
        "name": "Świetlica wiejska",
        "source:addr": "emuia.gugik.gov.pl",
        "@geometry": "center"
      },
      "geometry": {
        "type": "Point",
        "coordinates": [
          19.645355,
          50.3031861
        ]
      },
      "id": "way/335624228"
    },
    {
      "type": "Feature",
      "properties": {
        "@id": "way/335628229",
        "amenity": "community_centre",
        "building": "yes",
        "name": "Ikarion",
        "@geometry": "center"
      },
      "geometry": {
        "type": "Point",
        "coordinates": [
          19.2642594,
          50.0671229
        ]
      },
      "id": "way/335628229"
    },
    {
      "type": "Feature",
      "properties": {
        "@id": "way/335817140",
        "addr:city": "Pogrzebień",
        "addr:city:simc": "0216444",
        "addr:housenumber": "2",
        "addr:postcode": "44-285",
        "addr:street": "Farna",
        "addr:street:sym_ul": "04907",
        "amenity": "community_centre",
        "building": "yes",
        "building:levels": "2",
        "name": "Oratorium Młodzieżowe w Pogrzebieniu",
        "source:addr": "emuia.gugik.gov.pl",
        "wheelchair": "limited",
        "@geometry": "center"
      },
      "geometry": {
        "type": "Point",
        "coordinates": [
          18.2966239,
          50.0673365
        ]
      },
      "id": "way/335817140"
    },
    {
      "type": "Feature",
      "properties": {
        "@id": "way/335892223",
        "amenity": "community_centre",
        "building": "yes",
        "name": "Świetlica",
        "@geometry": "center"
      },
      "geometry": {
        "type": "Point",
        "coordinates": [
          14.9943366,
          51.695656
        ]
      },
      "id": "way/335892223"
    },
    {
      "type": "Feature",
      "properties": {
        "@id": "way/336009172",
        "addr:city:simc": "0823492",
        "addr:housenumber": "25",
        "addr:place": "Sobolów",
        "addr:postcode": "32-742",
        "amenity": "community_centre",
        "building": "yes",
        "name": "Dom Kultury",
        "source:addr": "gugik.gov.pl",
        "@geometry": "center"
      },
      "geometry": {
        "type": "Point",
        "coordinates": [
          20.3391812,
          49.9086788
        ]
      },
      "id": "way/336009172"
    },
    {
      "type": "Feature",
      "properties": {
        "@id": "way/336131599",
        "amenity": "community_centre",
        "building": "yes",
        "name": "Świetlica w Kornowacu",
        "@geometry": "center"
      },
      "geometry": {
        "type": "Point",
        "coordinates": [
          18.3260138,
          50.0697742
        ]
      },
      "id": "way/336131599"
    },
    {
      "type": "Feature",
      "properties": {
        "@id": "way/336153598",
        "addr:city:simc": "0340180",
        "addr:housenumber": "150",
        "addr:place": "Czarnochowice",
        "addr:postcode": "32-020",
        "amenity": "community_centre",
        "building": "yes",
        "name": "Wiejski Dom Kultury w Czarnochowicach",
        "source:addr": "wieliczka.e-mapa.net",
        "@geometry": "center"
      },
      "geometry": {
        "type": "Point",
        "coordinates": [
          20.0690321,
          50.0067328
        ]
      },
      "id": "way/336153598"
    },
    {
      "type": "Feature",
      "properties": {
        "@id": "way/336358226",
        "addr:housenumber": "42",
        "addr:place": "Zalesie",
        "addr:postcode": "37-741",
        "amenity": "community_centre",
        "building": "yes",
        "source:addr": "EMUiA (emuia.gugik.gov.pl)",
        "@geometry": "center"
      },
      "geometry": {
        "type": "Point",
        "coordinates": [
          22.6701302,
          49.7506476
        ]
      },
      "id": "way/336358226"
    },
    {
      "type": "Feature",
      "properties": {
        "@id": "way/336736522",
        "source": "Starostwo Powiatowe w Kamieniu Pomorskim",
        "source:addr": "miedzyzdroje.e-mapa.net",
        "addr:city:simc": "1064692",
        "addr:housenumber": "1C",
        "addr:place": "Grodno",
        "addr:postcode": "72-500",
        "amenity": "community_centre",
        "building": "yes",
        "building:levels": "2",
        "name": "Centrum Współpracy Międzynarodowej Grodno",
        "website": "https://www.centrum-grodno.pl/kontakt/",
        "@geometry": "center"
      },
      "geometry": {
        "type": "Point",
        "coordinates": [
          14.524598,
          53.9670847
        ]
      },
      "id": "way/336736522"
    },
    {
      "type": "Feature",
      "properties": {
        "@id": "way/336802019",
        "addr:city": "Dęblin",
        "addr:housenumber": "32b",
        "addr:postcode": "08-530",
        "addr:street": "15 Pułku Piechoty \"Wilków\"",
        "amenity": "community_centre",
        "building": "public",
        "name": "Miejski Dom Kultury w Dęblinie",
        "source:addr": "deblin.e-mapa.net",
        "@geometry": "center"
      },
      "geometry": {
        "type": "Point",
        "coordinates": [
          21.8281761,
          51.5615188
        ]
      },
      "id": "way/336802019"
    },
    {
      "type": "Feature",
      "properties": {
        "@id": "way/337375239",
        "addr:street:sym_ul": "09546",
        "addr:city": "Milanówek",
        "addr:city:simc": "0921020",
        "addr:housenumber": "3",
        "addr:postcode": "05-822",
        "addr:street": "Kościelna",
        "amenity": "community_centre",
        "building": "yes",
        "building:levels": "1",
        "name": "Milanowskie Centrum Kutury",
        "source": "www.geoportal.gov.pl",
        "source:addr": "milanowek.e-mapa.net",
        "@geometry": "center"
      },
      "geometry": {
        "type": "Point",
        "coordinates": [
          20.6631035,
          52.1255486
        ]
      },
      "id": "way/337375239"
    },
    {
      "type": "Feature",
      "properties": {
        "@id": "way/337475331",
        "source:addr": "UM Dziwnów",
        "addr:city": "Międzywodzie",
        "addr:housenumber": "34",
        "addr:postcode": "72-415",
        "addr:street": "Zatoczna",
        "amenity": "community_centre",
        "building": "yes",
        "building:levels": "2.5",
        "community_centre": "community_hall",
        "name": "Świetlica środowiskowa",
        "source": "Starostwo Powiatowe w Kamieniu Pomorskim",
        "@geometry": "center"
      },
      "geometry": {
        "type": "Point",
        "coordinates": [
          14.7002292,
          54.001685
        ]
      },
      "id": "way/337475331"
    },
    {
      "type": "Feature",
      "properties": {
        "@id": "way/337481214",
        "addr:city": "Dziwnówek",
        "addr:housenumber": "1",
        "addr:postcode": "72-420",
        "addr:street": "Nad Zalewem",
        "amenity": "community_centre",
        "building": "yes",
        "building:levels": "1",
        "community_centre": "community_hall",
        "name": "Świetlica środowiskowa",
        "source": "Starostwo Powiatowe w Kamieniu Pomorskim",
        "source:addr": "UM Dziwnów",
        "@geometry": "center"
      },
      "geometry": {
        "type": "Point",
        "coordinates": [
          14.8058198,
          54.0316476
        ]
      },
      "id": "way/337481214"
    },
    {
      "type": "Feature",
      "properties": {
        "@id": "way/337692041",
        "website": "http://www.dworczeczow.pl",
        "addr:city": "Kraków",
        "addr:housenumber": "36",
        "addr:postcode": "30-898",
        "addr:street": "Księdza Jerzego Popiełuszki",
        "amenity": "community_centre",
        "building": "public",
        "name": "Dwór Czeczów",
        "operator": "Dom Kultury „Podgórze”",
        "source:addr": "EMUiA (emuia.gugik.gov.pl)",
        "wikidata": "Q30162054",
        "@geometry": "center"
      },
      "geometry": {
        "type": "Point",
        "coordinates": [
          20.0394649,
          50.0146415
        ]
      },
      "id": "way/337692041"
    },
    {
      "type": "Feature",
      "properties": {
        "@id": "way/338112789",
        "amenity": "community_centre",
        "building": "yes",
        "building:levels": "1",
        "image": "https://images.mapillary.com/0TpKd7s3daE-b8K9Xrb6Qg/thumb-2048.jpg",
        "mapillary": "180091957341271",
        "name": "Świetlica",
        "@geometry": "center"
      },
      "geometry": {
        "type": "Point",
        "coordinates": [
          15.1126998,
          51.9841373
        ]
      },
      "id": "way/338112789"
    },
    {
      "type": "Feature",
      "properties": {
        "@id": "way/338121130",
        "addr:housenumber": "10",
        "addr:place": "Babice",
        "addr:postcode": "37-754",
        "amenity": "community_centre",
        "building": "yes",
        "name": "Świetlica wiejska w Babicach",
        "source:addr": "EMUiA (emuia.gugik.gov.pl)",
        "@geometry": "center"
      },
      "geometry": {
        "type": "Point",
        "coordinates": [
          22.4771065,
          49.8184061
        ]
      },
      "id": "way/338121130"
    },
    {
      "type": "Feature",
      "properties": {
        "@id": "way/338440296",
        "addr:city:simc": "0882247",
        "addr:housenumber": "44",
        "addr:place": "Kłosów",
        "addr:postcode": "57-120",
        "amenity": "community_centre",
        "building": "yes",
        "source:addr": "emuia.gugik.gov.pl",
        "@geometry": "center"
      },
      "geometry": {
        "type": "Point",
        "coordinates": [
          17.3208882,
          50.8081111
        ]
      },
      "id": "way/338440296"
    },
    {
      "type": "Feature",
      "properties": {
        "@id": "way/338654562",
        "amenity": "community_centre",
        "public_transport": "station",
        "name": "Dworzec PKP Piaseczno",
        "source": "UMiG Piaseczno",
        "addr:street:sym_ul": "04434",
        "community_centre:for": "senior",
        "operator": "Miejsko-Gminny Ośrodek Pomocy Społecznej",
        "source:addr": "piaseczno.e-mapa.net",
        "addr:city": "Piaseczno",
        "addr:city:simc": "0921438",
        "addr:housenumber": "9",
        "addr:postcode": "05-500",
        "addr:street": "Dworcowa",
        "building": "train_station",
        "@geometry": "center"
      },
      "geometry": {
        "type": "Point",
        "coordinates": [
          21.0173373,
          52.0670138
        ]
      },
      "id": "way/338654562"
    },
    {
      "type": "Feature",
      "properties": {
        "@id": "way/338693604",
        "addr:city": "Sokolniki",
        "addr:city:simc": "0791616",
        "addr:housenumber": "84",
        "addr:postcode": "39-434",
        "addr:street": "Sandomierska",
        "addr:street:sym_ul": "19491",
        "amenity": "community_centre",
        "building": "commercial",
        "building:levels": "2",
        "community_centre": "cultural_centre",
        "name": "Dom kultury",
        "source:addr": "gorzycetarnobrzeskie.e-mapa.net",
        "@geometry": "center"
      },
      "geometry": {
        "type": "Point",
        "coordinates": [
          21.807316,
          50.6418386
        ]
      },
      "id": "way/338693604"
    },
    {
      "type": "Feature",
      "properties": {
        "@id": "way/339787525",
        "source:addr": "emuia.gugik.gov.pl",
        "name": "Centrum Inicjatyw Wiejskich",
        "building": "yes",
        "amenity": "community_centre",
        "addr:city:simc": "0881779",
        "addr:housenumber": "42",
        "addr:place": "Chełstów",
        "addr:postcode": "56-416",
        "@geometry": "center"
      },
      "geometry": {
        "type": "Point",
        "coordinates": [
          17.4944941,
          51.3399605
        ]
      },
      "id": "way/339787525"
    },
    {
      "type": "Feature",
      "properties": {
        "@id": "way/340299499",
        "addr:city": "Pilszcz",
        "addr:country": "PL",
        "addr:housenumber": "2",
        "addr:postcode": "48-130",
        "addr:street": "Pszenna",
        "amenity": "community_centre",
        "building": "yes",
        "name": "Wiejski Dom Kultury w Pilszczu",
        "@geometry": "center"
      },
      "geometry": {
        "type": "Point",
        "coordinates": [
          17.9159899,
          49.9988525
        ]
      },
      "id": "way/340299499"
    },
    {
      "type": "Feature",
      "properties": {
        "@id": "way/340322592",
        "addr:city": "Werbkowice",
        "addr:city:simc": "0905280",
        "addr:housenumber": "2",
        "addr:postcode": "22-550",
        "addr:street": "Józefa Piłsudskiego",
        "addr:street:sym_ul": "16264",
        "amenity": "community_centre",
        "building": "yes",
        "name": "Gminny Ośrodek Kultury",
        "source:addr": "werbkowice.e-mapa.net",
        "@geometry": "center"
      },
      "geometry": {
        "type": "Point",
        "coordinates": [
          23.7632745,
          50.7530616
        ]
      },
      "id": "way/340322592"
    },
    {
      "type": "Feature",
      "properties": {
        "@id": "way/340386219",
        "addr:city:simc": "0491831",
        "addr:housenumber": "8",
        "addr:place": "Jakubowice",
        "addr:postcode": "48-140",
        "amenity": "community_centre",
        "building": "yes",
        "name": "Świetlica wiejska w Jakubowicach",
        "source": "http://sdi.opolskie.pl/mapa_bazowa/request.aspx",
        "source:addr": "branice.e-mapa.net",
        "@geometry": "center"
      },
      "geometry": {
        "type": "Point",
        "coordinates": [
          17.8532207,
          50.0211605
        ]
      },
      "id": "way/340386219"
    },
    {
      "type": "Feature",
      "properties": {
        "@id": "way/340967660",
        "addr:housenumber": "6i",
        "addr:place": "Biedrzychowa",
        "addr:postcode": "59-100",
        "amenity": "community_centre",
        "building": "yes",
        "name": "Świetlica wiejska",
        "source:addr": "gugik.gov.pl",
        "source:geometry": "geoportal.gov.pl:BDOT",
        "@geometry": "center"
      },
      "geometry": {
        "type": "Point",
        "coordinates": [
          16.1001636,
          51.478815
        ]
      },
      "id": "way/340967660"
    },
    {
      "type": "Feature",
      "properties": {
        "@id": "way/341245978",
        "addr:city:simc": "0178590",
        "addr:housenumber": "21",
        "addr:place": "Popowo",
        "addr:postcode": "66-350",
        "amenity": "community_centre",
        "building": "yes",
        "image": "https://photos.app.goo.gl/sLkQWZ8iSvvA3uMG9",
        "mapillary": "3990885951008098",
        "name": "Świetlica Wiejska",
        "source:addr": "EMUiA (bledzew.e-mapa.net)",
        "@geometry": "center"
      },
      "geometry": {
        "type": "Point",
        "coordinates": [
          15.5149047,
          52.5330522
        ]
      },
      "id": "way/341245978"
    },
    {
      "type": "Feature",
      "properties": {
        "@id": "way/341329158",
        "addr:city": "Skwierzyna",
        "addr:city:simc": "0935699",
        "addr:housenumber": "5",
        "addr:postcode": "66-440",
        "addr:street": "Teatralna",
        "addr:street:sym_ul": "22723",
        "amenity": "community_centre",
        "building": "yes",
        "name": "Skwierzyński Ośrodek Kultury",
        "source:addr": "skwierzyna.e-mapa.net",
        "@geometry": "center"
      },
      "geometry": {
        "type": "Point",
        "coordinates": [
          15.5051654,
          52.5955423
        ]
      },
      "id": "way/341329158"
    },
    {
      "type": "Feature",
      "properties": {
        "@id": "way/341615725",
        "name": "Dom Ludowy",
        "building": "yes",
        "amenity": "community_centre",
        "addr:city": "Stadniki",
        "addr:postcode": "32-422",
        "@geometry": "center"
      },
      "geometry": {
        "type": "Point",
        "coordinates": [
          20.148947,
          49.8804242
        ]
      },
      "id": "way/341615725"
    },
    {
      "type": "Feature",
      "properties": {
        "@id": "way/341823211",
        "name": "Rettungsbudy cocktails & jazz & pizza & snacks",
        "building": "yes",
        "amenity": "nightclub",
        "@geometry": "center"
      },
      "geometry": {
        "type": "Point",
        "coordinates": [
          18.6728443,
          54.7045756
        ]
      },
      "id": "way/341823211"
    },
    {
      "type": "Feature",
      "properties": {
        "@id": "way/342284792",
        "amenity": "community_centre",
        "building": "yes",
        "addr:city": "Piotrkowiczki",
        "addr:housenumber": "62",
        "addr:postcode": "55-100",
        "addr:street": "Spacerowa",
        "@geometry": "center"
      },
      "geometry": {
        "type": "Point",
        "coordinates": [
          17.0248917,
          51.2694786
        ]
      },
      "id": "way/342284792"
    },
    {
      "type": "Feature",
      "properties": {
        "@id": "way/342541951",
        "addr:city": "Lesko",
        "addr:city:simc": "0953409",
        "addr:country": "PL",
        "addr:housenumber": "1",
        "addr:postcode": "38-600",
        "addr:street": "Józefa Piłsudskiego",
        "addr:street:sym_ul": "16252",
        "amenity": "community_centre",
        "building": "yes",
        "community_centre": "cultural_centre",
        "name": "Bieszczadzki Dom Kultury",
        "old_name": "Sokół",
        "@geometry": "center"
      },
      "geometry": {
        "type": "Point",
        "coordinates": [
          22.3282766,
          49.4698526
        ]
      },
      "id": "way/342541951"
    },
    {
      "type": "Feature",
      "properties": {
        "@id": "way/342686946",
        "website": "http://www.mdkna102.krakow.pl/",
        "amenity": "community_centre",
        "name": "Młodzieżowy Dom Kultury",
        "@geometry": "center"
      },
      "geometry": {
        "type": "Point",
        "coordinates": [
          19.9571367,
          50.0889809
        ]
      },
      "id": "way/342686946"
    },
    {
      "type": "Feature",
      "properties": {
        "@id": "way/342752601",
        "addr:city": "Wadowice",
        "addr:housenumber": "2",
        "addr:street": "Teatralna",
        "amenity": "community_centre",
        "building": "yes",
        "name": "Hufiec",
        "@geometry": "center"
      },
      "geometry": {
        "type": "Point",
        "coordinates": [
          19.4933176,
          49.8857747
        ]
      },
      "id": "way/342752601"
    },
    {
      "type": "Feature",
      "properties": {
        "@id": "way/343318314",
        "addr:city": "Biskupice Ołoboczne",
        "addr:housenumber": "75a",
        "addr:postcode": "63-460",
        "addr:street": "Ostrowska",
        "amenity": "nightclub",
        "building": "yes",
        "name": "Sandra",
        "source:addr": "noweskalmierzyce.e-mapa.net",
        "@geometry": "center"
      },
      "geometry": {
        "type": "Point",
        "coordinates": [
          17.9236342,
          51.6879956
        ]
      },
      "id": "way/343318314"
    },
    {
      "type": "Feature",
      "properties": {
        "@id": "way/343753651",
        "addr:city": "Byków",
        "addr:city:simc": "0873716",
        "addr:housenumber": "2",
        "addr:postcode": "55-095",
        "addr:street": "Ogrodowa",
        "addr:street:sym_ul": "14834",
        "amenity": "community_centre",
        "building": "yes",
        "name": "Świetlica Wiejska",
        "source:addr": "emuia.gugik.gov.pl",
        "wheelchair": "yes",
        "@geometry": "center"
      },
      "geometry": {
        "type": "Point",
        "coordinates": [
          17.2352079,
          51.1919389
        ]
      },
      "id": "way/343753651"
    },
    {
      "type": "Feature",
      "properties": {
        "@id": "way/343992992",
        "addr:city": "Górzyca",
        "addr:city:simc": "0181680",
        "addr:housenumber": "13a",
        "addr:postcode": "69-113",
        "addr:street": "Kostrzyńska",
        "addr:street:sym_ul": "09495",
        "amenity": "community_centre",
        "building": "office",
        "name": "Ośrodek Pomocy Społecznej",
        "source:addr": "gorzyca.e-mapa.net",
        "@geometry": "center"
      },
      "geometry": {
        "type": "Point",
        "coordinates": [
          14.6497576,
          52.4956908
        ]
      },
      "id": "way/343992992"
    },
    {
      "type": "Feature",
      "properties": {
        "@id": "way/344955829",
        "source:addr": "jerzmanowa.e-mapa.net",
        "source": "UG Jerzmanowa",
        "building": "yes",
        "amenity": "community_centre",
        "addr:city": "Jaczów",
        "addr:city:simc": "0364280",
        "addr:housenumber": "1",
        "addr:postcode": "67-210",
        "addr:street": "Główna",
        "addr:street:sym_ul": "05635",
        "@geometry": "center"
      },
      "geometry": {
        "type": "Point",
        "coordinates": [
          16.0746251,
          51.6313595
        ]
      },
      "id": "way/344955829"
    },
    {
      "type": "Feature",
      "properties": {
        "@id": "way/344956776",
        "addr:city:simc": "0364245",
        "addr:housenumber": "39A",
        "addr:place": "Bądzów",
        "addr:postcode": "67-222",
        "amenity": "community_centre",
        "building": "yes",
        "building:levels": "1",
        "name": "Świetlica wiejska",
        "operator": "GCK Jerzmanowa",
        "source:addr": "jerzmanowa.e-mapa.net",
        "website": "https://www.gckjerzmanowa.pl/wynajem-sal-i-swietlic/swietlica-wiejska-badzow",
        "@geometry": "center"
      },
      "geometry": {
        "type": "Point",
        "coordinates": [
          16.0503864,
          51.5695519
        ]
      },
      "id": "way/344956776"
    },
    {
      "type": "Feature",
      "properties": {
        "@id": "way/345838556",
        "amenity": "community_centre",
        "building": "yes",
        "name": "Świetlica wiejska",
        "@geometry": "center"
      },
      "geometry": {
        "type": "Point",
        "coordinates": [
          17.0379711,
          51.2082014
        ]
      },
      "id": "way/345838556"
    },
    {
      "type": "Feature",
      "properties": {
        "@id": "way/346767317",
        "name": "Miejsko-Gminny Ośrodek Kultury",
        "building:levels": "2",
        "addr:city": "Wilamowice",
        "addr:housenumber": "2",
        "addr:postcode": "43-330",
        "addr:street": "Stanisława Staszica",
        "amenity": "community_centre",
        "building": "yes",
        "@geometry": "center"
      },
      "geometry": {
        "type": "Point",
        "coordinates": [
          19.1491102,
          49.9202095
        ]
      },
      "id": "way/346767317"
    },
    {
      "type": "Feature",
      "properties": {
        "@id": "way/348754183",
        "addr:city": "Rzeszów",
        "addr:housenumber": "43",
        "addr:street": "Staromiejska",
        "amenity": "community_centre",
        "building": "yes",
        "name": "RDK filia Staromieście",
        "official_name": "Rzeszowski Dom Kultury filia Staromieście",
        "website": "https://staromiescie.rdk.rzeszow.pl",
        "@geometry": "center"
      },
      "geometry": {
        "type": "Point",
        "coordinates": [
          21.9996466,
          50.059192
        ]
      },
      "id": "way/348754183"
    },
    {
      "type": "Feature",
      "properties": {
        "@id": "way/349897145",
        "amenity": "community_centre",
        "building": "yes",
        "name": "Wiata grillowa (grzybek)",
        "@geometry": "center"
      },
      "geometry": {
        "type": "Point",
        "coordinates": [
          16.7420665,
          53.0325336
        ]
      },
      "id": "way/349897145"
    },
    {
      "type": "Feature",
      "properties": {
        "@id": "way/350100587",
        "website": "https://www.gdk.com.pl/index.php",
        "addr:city": "Gryfino",
        "addr:housenumber": "48",
        "addr:postcode": "74-100",
        "addr:street": "Bolesława Chrobrego",
        "amenity": "community_centre",
        "building": "education",
        "building:levels": "2",
        "castle_type": "palace",
        "email": "sekretariat.palacyk@gdk.com.pl",
        "fax": "+48 91-416-29-50",
        "heritage": "2",
        "heritage:operator": "nid",
        "historic": "castle",
        "name": "Gryfiński Dom Kultury - filia w Pałacyku pod Lwami",
        "name:uk": "Будинок Культури Грифіно",
        "phone": "+48 91-416-29-50",
        "ref:nid": "626",
        "@geometry": "center"
      },
      "geometry": {
        "type": "Point",
        "coordinates": [
          14.4900282,
          53.2556211
        ]
      },
      "id": "way/350100587"
    },
    {
      "type": "Feature",
      "properties": {
        "@id": "way/351477817",
        "operator": "TCK",
        "name": "Willa NOT",
        "building": "yes",
        "amenity": "community_centre",
        "@geometry": "center"
      },
      "geometry": {
        "type": "Point",
        "coordinates": [
          19.4282254,
          50.1962549
        ]
      },
      "id": "way/351477817"
    },
    {
      "type": "Feature",
      "properties": {
        "@id": "way/351907713",
        "amenity": "community_centre",
        "building": "yes",
        "name": "Sala Wiejska w Byszkach",
        "operator": "Urząd Miejski w Ujściu",
        "@geometry": "center"
      },
      "geometry": {
        "type": "Point",
        "coordinates": [
          16.7677235,
          53.088505
        ]
      },
      "id": "way/351907713"
    },
    {
      "type": "Feature",
      "properties": {
        "@id": "way/351953421",
        "amenity": "community_centre",
        "building": "yes",
        "name": "Zgromadzenie Sióstr Zawierzanek - Dom Rrekolekcyjny",
        "source:addr": "jasienicarosielna.e-mapa.net",
        "addr:postcode": "36-221",
        "addr:housenumber": "427",
        "addr:place": "Blizne",
        "@geometry": "center"
      },
      "geometry": {
        "type": "Point",
        "coordinates": [
          21.9844973,
          49.7548398
        ]
      },
      "id": "way/351953421"
    },
    {
      "type": "Feature",
      "properties": {
        "@id": "way/352115525",
        "amenity": "community_centre",
        "building": "yes",
        "name": "Wiata grillowa (grzybek)",
        "@geometry": "center"
      },
      "geometry": {
        "type": "Point",
        "coordinates": [
          16.7107347,
          53.0779426
        ]
      },
      "id": "way/352115525"
    },
    {
      "type": "Feature",
      "properties": {
        "@id": "way/352228986",
        "addr:city": "Barcin",
        "addr:housenumber": "8",
        "addr:postcode": "88-190",
        "addr:street": "Artylerzystów",
        "amenity": "community_centre",
        "building": "yes",
        "name": "Miejski Dom Kultury",
        "@geometry": "center"
      },
      "geometry": {
        "type": "Point",
        "coordinates": [
          17.9416703,
          52.8540008
        ]
      },
      "id": "way/352228986"
    },
    {
      "type": "Feature",
      "properties": {
        "@id": "way/352302799",
        "addr:city": "Suchedniów",
        "addr:housenumber": "18",
        "addr:postcode": "26-130",
        "addr:street": "Bodzentyńska",
        "amenity": "community_centre",
        "building": "yes",
        "name": "Suchedniowski Ośrodek Kultury Kuźnica",
        "wikidata": "Q65059961",
        "@geometry": "center"
      },
      "geometry": {
        "type": "Point",
        "coordinates": [
          20.835884,
          51.0438709
        ]
      },
      "id": "way/352302799"
    },
    {
      "type": "Feature",
      "properties": {
        "@id": "way/353019072",
        "addr:housenumber": "136",
        "addr:place": "Wola Jachowa",
        "addr:postcode": "26-008",
        "amenity": "community_centre",
        "building": "yes",
        "name": "Świetlica Wiejska w Woli Jachowej",
        "@geometry": "center"
      },
      "geometry": {
        "type": "Point",
        "coordinates": [
          20.8618872,
          50.843233
        ]
      },
      "id": "way/353019072"
    },
    {
      "type": "Feature",
      "properties": {
        "@id": "way/353437422",
        "addr:housenumber": "7",
        "building": "yes",
        "addr:city": "Suchynia",
        "addr:postcode": "23-200",
        "addr:street": "Nadrzeczna",
        "amenity": "community_centre",
        "name": "Świetlica w Suchyni",
        "source:addr": "EMUiA (emuia.gugik.gov.pl)",
        "@geometry": "center"
      },
      "geometry": {
        "type": "Point",
        "coordinates": [
          22.2020214,
          50.9354053
        ]
      },
      "id": "way/353437422"
    },
    {
      "type": "Feature",
      "properties": {
        "@id": "way/353609076",
        "building": "yes",
        "amenity": "nightclub",
        "@geometry": "center"
      },
      "geometry": {
        "type": "Point",
        "coordinates": [
          20.6239713,
          52.110202
        ]
      },
      "id": "way/353609076"
    },
    {
      "type": "Feature",
      "properties": {
        "@id": "way/353684904",
        "source:geometry": "Powiat Poznański: Ewidencja gruntów i budynków",
        "website": "http://osrodekkultury.pl/",
        "addr:city": "Suchy Las",
        "addr:city:simc": "0595370",
        "addr:housenumber": "16",
        "addr:postcode": "62-002",
        "addr:street": "Szkolna",
        "amenity": "community_centre",
        "building": "public",
        "email": "kontakt@osrodekkultury.pl",
        "name": "Centrum Kultury i Biblioteka Publiczna",
        "opening_hours": "Mo-Fr 09:00-18:00",
        "phone": "+48 61 2500 400",
        "short_name": "CKiBP",
        "source:addr": "EMUiA (suchylas.e-mapa.net)",
        "@geometry": "center"
      },
      "geometry": {
        "type": "Point",
        "coordinates": [
          16.8744581,
          52.473652
        ]
      },
      "id": "way/353684904"
    },
    {
      "type": "Feature",
      "properties": {
        "@id": "way/354608852",
        "addr:city": "Busko-Zdrój",
        "addr:city:simc": "0946651",
        "addr:housenumber": "6",
        "addr:postcode": "28-100",
        "addr:street": "Boczna",
        "addr:street:sym_ul": "01528",
        "amenity": "community_centre",
        "building": "yes",
        "name": "Centrum Dialogu, Inicjatyw Twórczych i Dziedzictwa Kulturowego",
        "source:addr": "buskozdroj.e-mapa.net",
        "@geometry": "center"
      },
      "geometry": {
        "type": "Point",
        "coordinates": [
          20.718704,
          50.4671684
        ]
      },
      "id": "way/354608852"
    },
    {
      "type": "Feature",
      "properties": {
        "@id": "way/355118009",
        "addr:city": "Krzyżanowice",
        "addr:postcode": "51-180",
        "addr:street": "Parkowa",
        "amenity": "community_centre",
        "building": "yes",
        "building:levels": "1",
        "name": "Świetlica wiejska Krzyżanowice",
        "@geometry": "center"
      },
      "geometry": {
        "type": "Point",
        "coordinates": [
          17.0526391,
          51.1727895
        ]
      },
      "id": "way/355118009"
    },
    {
      "type": "Feature",
      "properties": {
        "@id": "way/356035495",
        "addr:city": "Lubnia",
        "addr:city:simc": "0079964",
        "addr:housenumber": "4",
        "addr:postcode": "89-632",
        "addr:street": "Leśna",
        "addr:street:sym_ul": "10898",
        "amenity": "community_centre",
        "building": "yes",
        "building:levels": "1",
        "name": "Świetlica wiejska",
        "operator": "Gmina Brusy",
        "source:addr": "brusy.e-mapa.net",
        "@geometry": "center"
      },
      "geometry": {
        "type": "Point",
        "coordinates": [
          17.7588764,
          53.9278134
        ]
      },
      "id": "way/356035495"
    },
    {
      "type": "Feature",
      "properties": {
        "@id": "way/356113470",
        "website": "http://ckis.stary.sacz.pl/",
        "source:addr": "EMUiA (emuia.gugik.gov.pl)",
        "addr:city": "Stary Sącz",
        "addr:housenumber": "23",
        "addr:postcode": "33-340",
        "addr:street": "Stefana Batorego",
        "amenity": "community_centre",
        "building": "yes",
        "name": "Centrum Kultury i Sztuki im. Ady Sari",
        "@geometry": "center"
      },
      "geometry": {
        "type": "Point",
        "coordinates": [
          20.6326151,
          49.5654628
        ]
      },
      "id": "way/356113470"
    },
    {
      "type": "Feature",
      "properties": {
        "@id": "way/356120180",
        "addr:city:simc": "0280525",
        "addr:housenumber": "15",
        "addr:place": "Probołowice",
        "addr:postcode": "28-425",
        "amenity": "community_centre",
        "building": "yes",
        "source:addr": "zlota.e-mapa.net",
        "@geometry": "center"
      },
      "geometry": {
        "type": "Point",
        "coordinates": [
          20.5511413,
          50.3517796
        ]
      },
      "id": "way/356120180"
    },
    {
      "type": "Feature",
      "properties": {
        "@id": "way/356299144",
        "amenity": "community_centre",
        "building": "yes",
        "name": "Świetlica Wiejska w Lesznie Górnym",
        "@geometry": "center"
      },
      "geometry": {
        "type": "Point",
        "coordinates": [
          15.6141167,
          51.4755918
        ]
      },
      "id": "way/356299144"
    },
    {
      "type": "Feature",
      "properties": {
        "@id": "way/356303200",
        "addr:city": "Krynki",
        "addr:city:simc": "0032655",
        "addr:housenumber": "7",
        "addr:postcode": "16-120",
        "addr:street": "Grodzieńska",
        "addr:street:sym_ul": "06157",
        "amenity": "community_centre",
        "building": "public",
        "name": "Gminny Ośrodek Kultury w Krynkach",
        "source:addr": "krynki.e-mapa.net",
        "website": "http://gok-krynki.pl",
        "@geometry": "center"
      },
      "geometry": {
        "type": "Point",
        "coordinates": [
          23.7733787,
          53.2657969
        ]
      },
      "id": "way/356303200"
    },
    {
      "type": "Feature",
      "properties": {
        "@id": "way/356496109",
        "amenity": "community_centre",
        "building": "yes",
        "name": "Etnocentrum Ziemi Krośnieńskiej",
        "source:geometry": "geoportal.gov.pl:ortofoto",
        "@geometry": "center"
      },
      "geometry": {
        "type": "Point",
        "coordinates": [
          21.7477758,
          49.6942707
        ]
      },
      "id": "way/356496109"
    },
    {
      "type": "Feature",
      "properties": {
        "@id": "way/356606899",
        "addr:city": "Człopa",
        "addr:housenumber": "1",
        "addr:postcode": "78-630",
        "addr:street": "Strzelecka",
        "amenity": "community_centre",
        "building": "yes",
        "community_centre": "cultural_centre",
        "name": "Dom Kultury",
        "source": "Starostwo Powiatowe w Wałczu",
        "source:addr": "czlopa.e-mapa.net",
        "@geometry": "center"
      },
      "geometry": {
        "type": "Point",
        "coordinates": [
          16.1206514,
          53.0889016
        ]
      },
      "id": "way/356606899"
    },
    {
      "type": "Feature",
      "properties": {
        "@id": "way/356775387",
        "addr:city:simc": "0531192",
        "addr:housenumber": "50A",
        "addr:place": "Kłębowiec",
        "addr:postcode": "78-600",
        "amenity": "community_centre",
        "building": "yes",
        "name": "Świetlica",
        "source": "Starostwo Powiatowe w Wałczu",
        "source:addr": "walcz.e-mapa.net",
        "@geometry": "center"
      },
      "geometry": {
        "type": "Point",
        "coordinates": [
          16.4394318,
          53.320122
        ]
      },
      "id": "way/356775387"
    },
    {
      "type": "Feature",
      "properties": {
        "@id": "way/356790953",
        "website": "http://morochow.weebly.com/346wietlica.html;http://www.mgokis.zagorz.pl",
        "addr:city:simc": "0362683",
        "addr:housenumber": "46",
        "addr:place": "Morochów",
        "addr:postcode": "38-542",
        "amenity": "community_centre",
        "building": "yes",
        "name": "Świetlica wiejska w Morochowie",
        "source:addr": "emuia.gugik.gov.pl",
        "@geometry": "center"
      },
      "geometry": {
        "type": "Point",
        "coordinates": [
          22.1802659,
          49.4639304
        ]
      },
      "id": "way/356790953"
    },
    {
      "type": "Feature",
      "properties": {
        "@id": "way/356816270",
        "amenity": "community_centre",
        "addr:city": "Bytów",
        "addr:city:simc": "0977290",
        "addr:housenumber": "12",
        "addr:postcode": "77-100",
        "addr:street": "Wojska Polskiego",
        "addr:street:sym_ul": "24628",
        "building": "yes",
        "source:addr": "bytow.e-mapa.net",
        "@geometry": "center"
      },
      "geometry": {
        "type": "Point",
        "coordinates": [
          17.4871906,
          54.1682408
        ]
      },
      "id": "way/356816270"
    },
    {
      "type": "Feature",
      "properties": {
        "@id": "way/357163444",
        "addr:city": "Jasło",
        "addr:housenumber": "1",
        "addr:postcode": "38-200",
        "addr:street": "Bieszczadzka",
        "amenity": "community_centre",
        "building": "yes",
        "name": "Dom Kultury w Brzyszczkach",
        "source:addr": "EMUiA (emuia.geoportal.gov.pl)",
        "@geometry": "center"
      },
      "geometry": {
        "type": "Point",
        "coordinates": [
          21.5001082,
          49.757064
        ]
      },
      "id": "way/357163444"
    },
    {
      "type": "Feature",
      "properties": {
        "@id": "way/357447367",
        "amenity": "community_centre",
        "building": "roof",
        "@geometry": "center"
      },
      "geometry": {
        "type": "Point",
        "coordinates": [
          19.4736736,
          50.164822
        ]
      },
      "id": "way/357447367"
    },
    {
      "type": "Feature",
      "properties": {
        "@id": "way/357473782",
        "addr:housenumber": "3",
        "addr:place": "Brzyście",
        "addr:postcode": "38-200",
        "amenity": "community_centre",
        "building": "yes",
        "name": "Dom Ludowy",
        "@geometry": "center"
      },
      "geometry": {
        "type": "Point",
        "coordinates": [
          21.4369725,
          49.7207293
        ]
      },
      "id": "way/357473782"
    },
    {
      "type": "Feature",
      "properties": {
        "@id": "way/357799372",
        "source:geometry": "Geopoz: Ewidencja gruntow i budynkow",
        "amenity": "community_centre",
        "building": "yes",
        "name": "Dom Kultury Romskiej",
        "@geometry": "center"
      },
      "geometry": {
        "type": "Point",
        "coordinates": [
          16.8883136,
          52.3775764
        ]
      },
      "id": "way/357799372"
    },
    {
      "type": "Feature",
      "properties": {
        "@id": "way/358204574",
        "amenity": "nightclub",
        "building": "yes",
        "name": "Mono Club",
        "opening_hours": "Sa 21:00-4:00",
        "@geometry": "center"
      },
      "geometry": {
        "type": "Point",
        "coordinates": [
          17.7214388,
          53.0057752
        ]
      },
      "id": "way/358204574"
    },
    {
      "type": "Feature",
      "properties": {
        "@id": "way/358219063",
        "addr:city": "Jankowice",
        "addr:city:simc": "0220500",
        "addr:housenumber": "113",
        "addr:postcode": "43-215",
        "addr:street": "Żubrów",
        "addr:street:sym_ul": "26550",
        "amenity": "nightclub",
        "building": "commercial",
        "building:levels": "2",
        "name": "Stary grant",
        "opening_hours": "Mo-Sa 11:00-18:00; Su 12:00-20:00",
        "roof:levels": "1",
        "roof:shape": "gabled",
        "source:addr": "emuia.gugik.gov.pl",
        "@geometry": "center"
      },
      "geometry": {
        "type": "Point",
        "coordinates": [
          18.9867747,
          50.0024283
        ]
      },
      "id": "way/358219063"
    },
    {
      "type": "Feature",
      "properties": {
        "@id": "way/358219064",
        "addr:city": "Jankowice",
        "addr:city:simc": "0220500",
        "addr:housenumber": "117",
        "addr:postcode": "43-215",
        "addr:street": "Żubrów",
        "addr:street:sym_ul": "26550",
        "amenity": "nightclub",
        "building": "commercial",
        "building:levels": "2",
        "name": "Grant",
        "roof:shape": "gabled",
        "@geometry": "center"
      },
      "geometry": {
        "type": "Point",
        "coordinates": [
          18.9867666,
          50.0029049
        ]
      },
      "id": "way/358219064"
    },
    {
      "type": "Feature",
      "properties": {
        "@id": "way/358649882",
        "building": "yes",
        "source": "http://sdi.opolskie.pl/mapa_bazowa/request.aspx",
        "amenity": "community_centre",
        "addr:city": "Gościęcin",
        "addr:housenumber": "1",
        "addr:postcode": "47-270",
        "addr:street": "Kozielska",
        "@geometry": "center"
      },
      "geometry": {
        "type": "Point",
        "coordinates": [
          18.0030188,
          50.2833325
        ]
      },
      "id": "way/358649882"
    },
    {
      "type": "Feature",
      "properties": {
        "@id": "way/358972357",
        "addr:city": "Poniatowa",
        "addr:housenumber": "5",
        "addr:postcode": "24-320",
        "addr:street": "11 Listopada",
        "amenity": "community_centre",
        "building": "yes",
        "name": "Powiatowe Centrum Pomocy Rodzinie",
        "@geometry": "center"
      },
      "geometry": {
        "type": "Point",
        "coordinates": [
          22.0722326,
          51.1884026
        ]
      },
      "id": "way/358972357"
    },
    {
      "type": "Feature",
      "properties": {
        "@id": "way/359245079",
        "addr:city": "Jeziorzany",
        "addr:housenumber": "1",
        "addr:postcode": "21-146",
        "addr:street": "Kościelna",
        "amenity": "community_centre",
        "building": "yes",
        "name": "Gminne Centrum Kultury - Biblioteka w Jeziozranach",
        "operator": "Gmina Jeziorzany",
        "wheelchair": "yes",
        "@geometry": "center"
      },
      "geometry": {
        "type": "Point",
        "coordinates": [
          22.2787798,
          51.6014193
        ]
      },
      "id": "way/359245079"
    },
    {
      "type": "Feature",
      "properties": {
        "@id": "way/360729963",
        "name": "Świetlica",
        "building": "yes",
        "addr:street": "Spacerowa",
        "amenity": "community_centre",
        "addr:city": "Ozorowice",
        "addr:housenumber": "8",
        "addr:postcode": "55-100",
        "@geometry": "center"
      },
      "geometry": {
        "type": "Point",
        "coordinates": [
          16.9771837,
          51.2379224
        ]
      },
      "id": "way/360729963"
    },
    {
      "type": "Feature",
      "properties": {
        "@id": "way/360824791",
        "addr:housenumber": "43A",
        "addr:place": "Klimonty",
        "addr:postcode": "08-140",
        "amenity": "community_centre",
        "building": "yes",
        "source:addr": "mordy.e-mapa.net",
        "@geometry": "center"
      },
      "geometry": {
        "type": "Point",
        "coordinates": [
          22.5216948,
          52.1853261
        ]
      },
      "id": "way/360824791"
    },
    {
      "type": "Feature",
      "properties": {
        "@id": "way/360949996",
        "name": "Dom Spotkania",
        "addr:housenumber": "130A",
        "addr:place": "Dąbrowica",
        "building": "yes",
        "amenity": "community_centre",
        "addr:postcode": "21-008",
        "source:addr": "jastkow.e-mapa.net",
        "building:levels": "4.5",
        "addr:city:simc": "0381456",
        "@geometry": "center"
      },
      "geometry": {
        "type": "Point",
        "coordinates": [
          22.4628403,
          51.2680224
        ]
      },
      "id": "way/360949996"
    },
    {
      "type": "Feature",
      "properties": {
        "@id": "way/360950001",
        "name": "Gminny Ośrodek Kultury i Sportu w Dąbrowicy",
        "addr:housenumber": "133",
        "addr:place": "Dąbrowica",
        "building": "yes",
        "amenity": "community_centre",
        "addr:postcode": "21-008",
        "source:addr": "jastkow.e-mapa.net",
        "addr:city:simc": "0381456",
        "@geometry": "center"
      },
      "geometry": {
        "type": "Point",
        "coordinates": [
          22.462451,
          51.2670518
        ]
      },
      "id": "way/360950001"
    },
    {
      "type": "Feature",
      "properties": {
        "@id": "way/361318939",
        "addr:city": "Kruszwica",
        "addr:housenumber": "43",
        "addr:postcode": "88-150",
        "addr:street": "Niepodległości",
        "amenity": "community_centre",
        "building": "yes",
        "source:addr": "kruszwica.punktyadresowe.pl",
        "@geometry": "center"
      },
      "geometry": {
        "type": "Point",
        "coordinates": [
          18.3156201,
          52.6776364
        ]
      },
      "id": "way/361318939"
    },
    {
      "type": "Feature",
      "properties": {
        "@id": "way/361323027",
        "addr:city": "Lniano",
        "addr:city:simc": "0090196",
        "addr:housenumber": "1",
        "addr:postcode": "86-141",
        "addr:street": "Długa",
        "addr:street:sym_ul": "03839",
        "amenity": "community_centre",
        "building": "public",
        "name": "Świetlica i remiza Lniano",
        "source:addr": "emuia.gugik.gov.pl",
        "@geometry": "center"
      },
      "geometry": {
        "type": "Point",
        "coordinates": [
          18.2179001,
          53.5281308
        ]
      },
      "id": "way/361323027"
    },
    {
      "type": "Feature",
      "properties": {
        "@id": "way/361479093",
        "addr:city": "Mieszkowice",
        "addr:housenumber": "48",
        "addr:postcode": "74-505",
        "addr:street": "Tadeusza Kościuszki",
        "amenity": "community_centre",
        "building": "education",
        "building:levels": "1",
        "community_centre": "cultural_centre",
        "community_centre:for": "multigeneration",
        "contact:facebook": "https://www.facebook.com/MGOK.Mieszkowice",
        "email": "mieszkowicemgok@poczta.onet.eu",
        "name": "Miejsko-Gminny Ośrodek Kultury w Mieszkowicach",
        "opening_hours": "Mo-Fr 08:00-20:00; Sa,Su off; PH off",
        "operator": "Gmina Mieszkowice",
        "phone": "+48 91 414 53 39",
        "short_name": "MGOK Mieszkowice",
        "source:addr": "mieszkowice.e-mapa.net",
        "website": "http://mgok.mieszkowice.net/",
        "@geometry": "center"
      },
      "geometry": {
        "type": "Point",
        "coordinates": [
          14.4927789,
          52.7814232
        ]
      },
      "id": "way/361479093"
    },
    {
      "type": "Feature",
      "properties": {
        "@id": "way/361864103",
        "addr:city:simc": "0080648",
        "addr:housenumber": "13",
        "addr:place": "Polskie Łąki",
        "addr:postcode": "86-122",
        "amenity": "community_centre",
        "building": "yes",
        "name": "Dom Kultury. Świetlica Wiejska.",
        "source:addr": "emuia.gugik.gov.pl",
        "@geometry": "center"
      },
      "geometry": {
        "type": "Point",
        "coordinates": [
          18.223234,
          53.4047587
        ]
      },
      "id": "way/361864103"
    },
    {
      "type": "Feature",
      "properties": {
        "@id": "way/361970904",
        "addr:city:simc": "0080677",
        "addr:housenumber": "22",
        "addr:place": "Tuszynki",
        "addr:postcode": "86-122",
        "amenity": "community_centre",
        "building": "yes",
        "name": "Dom Kultury. Świetlica Wiejska.",
        "source:addr": "emuia.gugik.gov.pl",
        "@geometry": "center"
      },
      "geometry": {
        "type": "Point",
        "coordinates": [
          18.1756239,
          53.409058
        ]
      },
      "id": "way/361970904"
    },
    {
      "type": "Feature",
      "properties": {
        "@id": "way/362231548",
        "addr:city": "Szczucin",
        "addr:housenumber": "4",
        "addr:street": "Wolności",
        "amenity": "community_centre",
        "building": "yes",
        "community_centre": "parish_hall",
        "denomination": "roman_catholic",
        "name": "Dom Parafialny \"Kana\"",
        "religion": "christian",
        "short_name": "Kana",
        "source:addr": "szczucin.e-mapa.net",
        "@geometry": "center"
      },
      "geometry": {
        "type": "Point",
        "coordinates": [
          21.0777946,
          50.3088116
        ]
      },
      "id": "way/362231548"
    },
    {
      "type": "Feature",
      "properties": {
        "@id": "way/362398384",
        "addr:city:simc": "0104870",
        "addr:housenumber": "1",
        "addr:place": "Kumów Plebański",
        "addr:postcode": "22-121",
        "amenity": "community_centre",
        "building": "yes",
        "name": "Dom spotkań \"Na pograniczu kultur\"",
        "source:addr": "lesniowice.e-mapa.net",
        "@geometry": "center"
      },
      "geometry": {
        "type": "Point",
        "coordinates": [
          23.5499776,
          51.0312469
        ]
      },
      "id": "way/362398384"
    },
    {
      "type": "Feature",
      "properties": {
        "@id": "way/362504974",
        "amenity": "community_centre",
        "building": "yes",
        "name": "Miejski Dom Kultury \"Dworek\"",
        "@geometry": "center"
      },
      "geometry": {
        "type": "Point",
        "coordinates": [
          23.2443552,
          51.1236368
        ]
      },
      "id": "way/362504974"
    },
    {
      "type": "Feature",
      "properties": {
        "@id": "way/362621327",
        "website": "http://www.kultura.serock.pl",
        "addr:city": "Serock",
        "addr:housenumber": "35",
        "addr:postcode": "05-140",
        "addr:street": "Pułtuska",
        "amenity": "community_centre",
        "building": "yes",
        "email": "biuro@kultura.serock.pl",
        "fax": "+48 22 782 80 71",
        "name": "Centrum Kultury i Czytelnictwa w Serocku",
        "opening_hours": "Mo-Fr 08:00-18:00",
        "phone": "+48 22 782 80 70",
        "@geometry": "center"
      },
      "geometry": {
        "type": "Point",
        "coordinates": [
          21.0690099,
          52.5145177
        ]
      },
      "id": "way/362621327"
    },
    {
      "type": "Feature",
      "properties": {
        "@id": "way/362963269",
        "addr:city": "Sompolno",
        "addr:housenumber": "26",
        "addr:postcode": "62-610",
        "addr:street": "plac Wolności",
        "amenity": "community_centre",
        "building": "yes",
        "name": "Miejsko - Gminny Ośrodek Kultury w Sompolnie",
        "@geometry": "center"
      },
      "geometry": {
        "type": "Point",
        "coordinates": [
          18.5026936,
          52.388744
        ]
      },
      "id": "way/362963269"
    },
    {
      "type": "Feature",
      "properties": {
        "@id": "way/362983925",
        "amenity": "community_centre",
        "building": "yes",
        "name": "Centrum aktywności społeczno-gospodarczej „Stara Kotłownia”",
        "@geometry": "center"
      },
      "geometry": {
        "type": "Point",
        "coordinates": [
          23.2525471,
          51.1232459
        ]
      },
      "id": "way/362983925"
    },
    {
      "type": "Feature",
      "properties": {
        "@id": "way/362997152",
        "addr:city:simc": "0852803",
        "addr:housenumber": "59",
        "addr:place": "Jaszkowa Dolna",
        "addr:postcode": "57-312",
        "amenity": "community_centre",
        "building": "civic",
        "name": "Dom ludowy \"Pałacyk\"",
        "source:addr": "emuia.gugik.gov.pl",
        "source:geometry": "geoportal.gov.pl/BDOT",
        "@geometry": "center"
      },
      "geometry": {
        "type": "Point",
        "coordinates": [
          16.6888759,
          50.4190448
        ]
      },
      "id": "way/362997152"
    },
    {
      "type": "Feature",
      "properties": {
        "@id": "way/363221804",
        "amenity": "community_centre",
        "building": "yes",
        "name": "Osiedlowy Dom Kultury",
        "@geometry": "center"
      },
      "geometry": {
        "type": "Point",
        "coordinates": [
          22.8904502,
          51.3032572
        ]
      },
      "id": "way/363221804"
    },
    {
      "type": "Feature",
      "properties": {
        "@id": "way/363359332",
        "addr:city:simc": "0851689",
        "addr:housenumber": "137",
        "addr:place": "Wilkanów",
        "addr:postcode": "57-513",
        "amenity": "community_centre",
        "building": "yes",
        "name": "Wiejski Ośrodek Kultury",
        "source": "survey",
        "source:addr": "emuia.gugik.gov.pl",
        "source:geometry": "geoportal.gov.pl, GPS",
        "@geometry": "center"
      },
      "geometry": {
        "type": "Point",
        "coordinates": [
          16.6960508,
          50.2483329
        ]
      },
      "id": "way/363359332"
    },
    {
      "type": "Feature",
      "properties": {
        "@id": "way/363531587",
        "addr:country": "PL",
        "addr:city": "Biedrusko",
        "addr:city:simc": "0595329",
        "addr:housenumber": "4",
        "addr:postcode": "62-003",
        "addr:street": "Zjednoczenia",
        "amenity": "community_centre",
        "building": "public",
        "name": "Dom Osiedlowy",
        "source:addr": "EMUiA (suchylas.e-mapa.net)",
        "@geometry": "center"
      },
      "geometry": {
        "type": "Point",
        "coordinates": [
          16.944623,
          52.5467517
        ]
      },
      "id": "way/363531587"
    },
    {
      "type": "Feature",
      "properties": {
        "@id": "way/363603056",
        "addr:city": "Maków Mazowiecki",
        "addr:city:simc": "0966300",
        "addr:housenumber": "22",
        "addr:postcode": "06-200",
        "addr:street": "Mikołaja Kopernika",
        "addr:street:sym_ul": "09276",
        "amenity": "community_centre",
        "building": "yes",
        "name": "Osiedlowy dom kultury",
        "source:addr": "makowmazowiecki.e-mapa.net",
        "@geometry": "center"
      },
      "geometry": {
        "type": "Point",
        "coordinates": [
          21.0941742,
          52.8693737
        ]
      },
      "id": "way/363603056"
    },
    {
      "type": "Feature",
      "properties": {
        "@id": "way/363790098",
        "name": "Grójecki Ośrodek Kultury",
        "source": "UMiG w Grójcu",
        "building": "yes",
        "addr:city": "Grójec",
        "addr:housenumber": "3",
        "addr:postcode": "05-600",
        "addr:street": "Józefa Piłsudskiego",
        "amenity": "community_centre",
        "@geometry": "center"
      },
      "geometry": {
        "type": "Point",
        "coordinates": [
          20.8693299,
          51.8659627
        ]
      },
      "id": "way/363790098"
    },
    {
      "type": "Feature",
      "properties": {
        "@id": "way/364212974",
        "addr:housenumber": "13a",
        "addr:place": "Ligotka",
        "addr:postcode": "46-100",
        "amenity": "community_centre",
        "building": "residential",
        "community_centre": "village_hall",
        "name": "Świetlica wiejska",
        "source": "http://sdi.opolskie.pl/mapa_bazowa/request.aspx",
        "@geometry": "center"
      },
      "geometry": {
        "type": "Point",
        "coordinates": [
          17.677068,
          51.0792619
        ]
      },
      "id": "way/364212974"
    },
    {
      "type": "Feature",
      "properties": {
        "@id": "way/364561828",
        "name": "Miejski Ośrodek Kultury",
        "amenity": "community_centre",
        "building": "yes",
        "@geometry": "center"
      },
      "geometry": {
        "type": "Point",
        "coordinates": [
          19.6901931,
          51.4095054
        ]
      },
      "id": "way/364561828"
    },
    {
      "type": "Feature",
      "properties": {
        "@id": "way/365373775",
        "addr:place": "Nowa Wieś",
        "addr:postcode": "62-610",
        "amenity": "community_centre",
        "building": "yes",
        "name": "Dom Ludowy w Nowej Wsi",
        "@geometry": "center"
      },
      "geometry": {
        "type": "Point",
        "coordinates": [
          18.5149504,
          52.3358667
        ]
      },
      "id": "way/365373775"
    },
    {
      "type": "Feature",
      "properties": {
        "@id": "way/365428321",
        "addr:city:simc": "0600119",
        "addr:housenumber": "14",
        "addr:place": "Gorajec",
        "addr:postcode": "37-611",
        "amenity": "community_centre",
        "building": "yes",
        "email": "stowarzyszeniefolkowisko@gmail.com",
        "name": "Festiwal Kultury Pogranicza Folkowisko",
        "phone": "+48510 820 855",
        "source:addr": "cieszanow.e-mapa.net",
        "url": "https://www.youtube.com/channel/UC5N5NB6MGA3zIJ2BENwUTmw",
        "website": "https://www.folkowisko.pl/",
        "@geometry": "center"
      },
      "geometry": {
        "type": "Point",
        "coordinates": [
          23.2054827,
          50.2694494
        ]
      },
      "id": "way/365428321"
    },
    {
      "type": "Feature",
      "properties": {
        "@id": "way/365779653",
        "addr:housenumber": "73",
        "addr:place": "Żuków",
        "addr:postcode": "37-611",
        "amenity": "community_centre",
        "building": "yes",
        "@geometry": "center"
      },
      "geometry": {
        "type": "Point",
        "coordinates": [
          23.1284731,
          50.2770558
        ]
      },
      "id": "way/365779653"
    },
    {
      "type": "Feature",
      "properties": {
        "@id": "way/366092060",
        "wikipedia": "pl:Fundacja Krzyżowa",
        "addr:city": "Grodziszcze",
        "addr:country": "PL",
        "addr:housenumber": "7",
        "addr:place": "Krzyżowa",
        "addr:postcode": "58-112",
        "amenity": "community_centre",
        "community_centre": "youth_centre",
        "community_centre:for": "juvenile",
        "historic": "yes",
        "name": "Międzynarodowy dom spotkań młodzieży w Krzyżowej",
        "name:de": "Internationale Jugendbegegnungsstätte „Stiftung Kreisau für Europäische Verständigung“",
        "name:en": "Krzyzowa Foundation for Mutual Understanding in Europe",
        "name:pl": "Międzynarodowy dom spotkań młodzieży w Krzyżowej",
        "old_name:-1989": "Gut Kreisnau",
        "phone": "+48 74 8500300",
        "website": "http://www.krzyzowa.org.pl/",
        "wikidata": "Q17166959",
        "@geometry": "center"
      },
      "geometry": {
        "type": "Point",
        "coordinates": [
          16.5343768,
          50.797334
        ]
      },
      "id": "way/366092060"
    },
    {
      "type": "Feature",
      "properties": {
        "@id": "way/366122139",
        "addr:housenumber": "12",
        "addr:place": "Sycewo",
        "addr:postcode": "62-610",
        "amenity": "community_centre",
        "building": "yes",
        "name": "Dom Ludowy w Sycewie",
        "@geometry": "center"
      },
      "geometry": {
        "type": "Point",
        "coordinates": [
          18.5403599,
          52.3645251
        ]
      },
      "id": "way/366122139"
    },
    {
      "type": "Feature",
      "properties": {
        "@id": "way/366195945",
        "addr:housenumber": "49a",
        "addr:place": "Choszczów",
        "addr:postcode": "24-170",
        "amenity": "community_centre",
        "building": "yes",
        "name": "Świetlica wiejska w Choszczowie",
        "@geometry": "center"
      },
      "geometry": {
        "type": "Point",
        "coordinates": [
          22.1921894,
          51.4556534
        ]
      },
      "id": "way/366195945"
    },
    {
      "type": "Feature",
      "properties": {
        "@id": "way/366308920",
        "amenity": "community_centre",
        "building": "yes",
        "name": "Centrum Pojednania La Salette",
        "@geometry": "center"
      },
      "geometry": {
        "type": "Point",
        "coordinates": [
          21.4660955,
          49.6838614
        ]
      },
      "id": "way/366308920"
    },
    {
      "type": "Feature",
      "properties": {
        "@id": "way/366391012",
        "addr:city:simc": "0378419",
        "addr:housenumber": "67",
        "addr:place": "Pogonów",
        "addr:postcode": "24-105",
        "amenity": "community_centre",
        "building": "yes",
        "name": "Świetlica wiejska w Pogonowie",
        "operator": "Gmina Baranów",
        "operator:type": "government",
        "source:addr": "baranowpulawski.e-mapa.net",
        "@geometry": "center"
      },
      "geometry": {
        "type": "Point",
        "coordinates": [
          22.0920761,
          51.561038
        ]
      },
      "id": "way/366391012"
    },
    {
      "type": "Feature",
      "properties": {
        "@id": "way/366392520",
        "amenity": "community_centre",
        "building": "yes",
        "name": "Świetlica wiejska w Niwie",
        "operator": "Gmina Baranów",
        "operator:type": "government",
        "@geometry": "center"
      },
      "geometry": {
        "type": "Point",
        "coordinates": [
          22.1534934,
          51.5200919
        ]
      },
      "id": "way/366392520"
    },
    {
      "type": "Feature",
      "properties": {
        "@id": "way/366564236",
        "addr:city:simc": "0378342",
        "addr:housenumber": "40b",
        "addr:place": "Kozioł",
        "addr:postcode": "24-105",
        "amenity": "community_centre",
        "building": "yes",
        "name": "Świetlica wiejska w Koźle",
        "operator": "Gmina Baranów",
        "operator:type": "government",
        "source:addr": "baranowpulawski.e-mapa.net",
        "@geometry": "center"
      },
      "geometry": {
        "type": "Point",
        "coordinates": [
          22.1864978,
          51.5321503
        ]
      },
      "id": "way/366564236"
    },
    {
      "type": "Feature",
      "properties": {
        "@id": "way/366564333",
        "amenity": "community_centre",
        "building": "yes",
        "name": "Świetlica wiejska w Śniadówce",
        "@geometry": "center"
      },
      "geometry": {
        "type": "Point",
        "coordinates": [
          22.1875377,
          51.5082936
        ]
      },
      "id": "way/366564333"
    },
    {
      "type": "Feature",
      "properties": {
        "@id": "way/366564485",
        "addr:city": "Baranów",
        "addr:city:simc": "0378448",
        "addr:housenumber": "61",
        "addr:place": "Wola Czołnowska",
        "addr:postcode": "24-105",
        "amenity": "community_centre",
        "building": "yes",
        "name": "Świetlica wiejska w Woli Czołnowskiej",
        "operator": "Gmina Baranów",
        "source:addr": "baranowpulawski.e-mapa.net",
        "@geometry": "center"
      },
      "geometry": {
        "type": "Point",
        "coordinates": [
          22.1677166,
          51.5345586
        ]
      },
      "id": "way/366564485"
    },
    {
      "type": "Feature",
      "properties": {
        "@id": "way/366570995",
        "addr:city:simc": "0378313",
        "addr:housenumber": "9",
        "addr:place": "Huta",
        "addr:postcode": "24-105",
        "amenity": "community_centre",
        "building": "yes",
        "name": "Świetlica wiejska w Hucie",
        "operator": "Gmina Baranów",
        "operator:type": "government",
        "source:addr": "baranowpulawski.e-mapa.net",
        "@geometry": "center"
      },
      "geometry": {
        "type": "Point",
        "coordinates": [
          22.2063556,
          51.5304476
        ]
      },
      "id": "way/366570995"
    },
    {
      "type": "Feature",
      "properties": {
        "@id": "way/366570998",
        "addr:city:simc": "0378299",
        "addr:housenumber": "9a",
        "addr:place": "Dębczyna",
        "addr:postcode": "24-105",
        "amenity": "community_centre",
        "building": "yes",
        "name": "Świetlica wiejska w Dębczynie",
        "operator": "Gmina Baranów",
        "operator:type": "government",
        "source:addr": "baranowpulawski.e-mapa.net",
        "@geometry": "center"
      },
      "geometry": {
        "type": "Point",
        "coordinates": [
          22.198109,
          51.5563459
        ]
      },
      "id": "way/366570998"
    },
    {
      "type": "Feature",
      "properties": {
        "@id": "way/366571155",
        "addr:city:simc": "0378454",
        "addr:housenumber": "25",
        "addr:place": "Zagóźdź",
        "addr:postcode": "24-105",
        "amenity": "community_centre",
        "building": "yes",
        "name": "Świetlica wiejska w Zagoździu",
        "operator": "Gmina Baranów",
        "operator:type": "government",
        "source:addr": "baranowpulawski.e-mapa.net",
        "@geometry": "center"
      },
      "geometry": {
        "type": "Point",
        "coordinates": [
          22.220021,
          51.5643851
        ]
      },
      "id": "way/366571155"
    },
    {
      "type": "Feature",
      "properties": {
        "@id": "way/366573077",
        "addr:housenumber": "211",
        "addr:place": "Stobierna",
        "addr:postcode": "39-200",
        "amenity": "community_centre",
        "building": "school",
        "name": "Dom Ludowy w Łupinach",
        "source:addr": "EMUiA (emuia.gugik.gov.pl)",
        "@geometry": "center"
      },
      "geometry": {
        "type": "Point",
        "coordinates": [
          21.5067635,
          50.0095826
        ]
      },
      "id": "way/366573077"
    },
    {
      "type": "Feature",
      "properties": {
        "@id": "way/366596651",
        "addr:city": "Dołhobyczów",
        "addr:city:simc": "0886794",
        "addr:housenumber": "8",
        "addr:postcode": "22-540",
        "addr:street": "Spółdzielcza",
        "addr:street:sym_ul": "20696",
        "amenity": "community_centre",
        "building": "yes",
        "name": "Przygraniczne Centrum Kultury i Rekreacji",
        "name:uk": "Прикордонний Центр Культури і Рекреації",
        "source:addr": "dolhobyczow.e-mapa.net",
        "website": "http://www.dolhobyczow.naszgok.pl",
        "@geometry": "center"
      },
      "geometry": {
        "type": "Point",
        "coordinates": [
          24.0305281,
          50.5879095
        ]
      },
      "id": "way/366596651"
    },
    {
      "type": "Feature",
      "properties": {
        "@id": "way/366673235",
        "addr:city:simc": "0910558",
        "addr:housenumber": "41C",
        "addr:place": "Chyże",
        "addr:postcode": "66-600",
        "amenity": "community_centre",
        "building": "yes",
        "building:levels": "2",
        "name": "Świetlica",
        "source:addr": "krosnoodrzanskie.e-mapa.net",
        "@geometry": "center"
      },
      "geometry": {
        "type": "Point",
        "coordinates": [
          15.1339406,
          52.050988
        ]
      },
      "id": "way/366673235"
    },
    {
      "type": "Feature",
      "properties": {
        "@id": "way/367007399",
        "addr:city": "Strzyżów",
        "addr:housenumber": "118",
        "addr:place": "Hrebenne",
        "addr:postcode": "22-525",
        "amenity": "community_centre",
        "building": "public",
        "castle_type": "manor",
        "historic": "castle",
        "name": "Świetlica Wiejska",
        "name:uk": "Сільська зала",
        "official_name": "Dawny dwór Chrzanowskich",
        "source:addr": "UG Horodło",
        "@geometry": "center"
      },
      "geometry": {
        "type": "Point",
        "coordinates": [
          24.0145879,
          50.8770267
        ]
      },
      "id": "way/367007399"
    },
    {
      "type": "Feature",
      "properties": {
        "@id": "way/367042250",
        "addr:housenumber": "14",
        "addr:place": "Kopyłów",
        "addr:postcode": "22-523",
        "amenity": "community_centre",
        "building": "school",
        "name": "Świetlica w Kopyłowie",
        "source:addr": "UG Horodło",
        "website": "http://kopylow.horodlo.pl/",
        "@geometry": "center"
      },
      "geometry": {
        "type": "Point",
        "coordinates": [
          23.9472316,
          50.8935258
        ]
      },
      "id": "way/367042250"
    },
    {
      "type": "Feature",
      "properties": {
        "@id": "way/367042687",
        "addr:housenumber": "55",
        "addr:place": "Lubstówek",
        "addr:postcode": "62-610",
        "amenity": "community_centre",
        "building": "yes",
        "name": "Dom Ludowy w Lubstówku",
        "@geometry": "center"
      },
      "geometry": {
        "type": "Point",
        "coordinates": [
          18.4309752,
          52.3327226
        ]
      },
      "id": "way/367042687"
    },
    {
      "type": "Feature",
      "properties": {
        "@id": "way/367125336",
        "addr:housenumber": "115",
        "source:addr": "hrubieszow.e-mapa.net",
        "addr:city:simc": "0889255",
        "addr:place": "Kosmów",
        "addr:postcode": "22-500",
        "amenity": "community_centre",
        "building": "yes",
        "name": "Świetlica wiejska",
        "@geometry": "center"
      },
      "geometry": {
        "type": "Point",
        "coordinates": [
          24.0145498,
          50.7194348
        ]
      },
      "id": "way/367125336"
    },
    {
      "type": "Feature",
      "properties": {
        "@id": "way/367251380",
        "addr:city:simc": "0249834",
        "addr:housenumber": "76",
        "addr:place": "Ciekoty",
        "addr:postcode": "26-001",
        "amenity": "community_centre",
        "building": "yes",
        "email": "it@maslow.pl",
        "facebook": "https://www.facebook.com/centrum.dom/",
        "name": "Centrum Edukacyjne Szklany Dom",
        "opening_hours": "Tu-Su 10:00-17:00",
        "phone": "+48 41 311 21 28",
        "source:addr": "maslow.e-mapa.net",
        "tourism": "guest_house",
        "website": "http://www.szklanydom.maslow.pl/",
        "@geometry": "center"
      },
      "geometry": {
        "type": "Point",
        "coordinates": [
          20.8093074,
          50.9101699
        ]
      },
      "id": "way/367251380"
    },
    {
      "type": "Feature",
      "properties": {
        "@id": "way/367622565",
        "website": "www.jozefowmok.pl",
        "addr:city": "Józefów",
        "addr:housenumber": "9",
        "addr:postcode": "23-460",
        "addr:street": "Krótka",
        "amenity": "community_centre",
        "building": "civic",
        "email": "mokjozefow@op.pl",
        "name": "Miejski Ośrodek Kultury",
        "official_name": "Miejski Ośrodek Kultury w Józefowie",
        "opening_hours": "Mo-Fr 07:00-20:00",
        "operator": "Gmina Józefów",
        "operator:wikidata": "Q2244160",
        "operator:wikipedia": "pl:Józefów (gmina w województwie lubelskim)",
        "phone": "+48 84 687 81 22",
        "short_name": "MOK Józefów",
        "source:addr": "EMUiA (emuia.gugik.gov.pl)",
        "@geometry": "center"
      },
      "geometry": {
        "type": "Point",
        "coordinates": [
          23.0529868,
          50.4800999
        ]
      },
      "id": "way/367622565"
    },
    {
      "type": "Feature",
      "properties": {
        "@id": "way/367722737",
        "amenity": "community_centre",
        "building": "yes",
        "@geometry": "center"
      },
      "geometry": {
        "type": "Point",
        "coordinates": [
          23.3607588,
          50.717411
        ]
      },
      "id": "way/367722737"
    },
    {
      "type": "Feature",
      "properties": {
        "@id": "way/367861856",
        "addr:city:simc": "0900123",
        "addr:housenumber": "22A",
        "addr:place": "Łosiniec",
        "addr:postcode": "22-672",
        "amenity": "community_centre",
        "building": "yes",
        "source:addr": "gugik.gov.pl",
        "@geometry": "center"
      },
      "geometry": {
        "type": "Point",
        "coordinates": [
          23.2982469,
          50.4258864
        ]
      },
      "id": "way/367861856"
    },
    {
      "type": "Feature",
      "properties": {
        "@id": "way/367895548",
        "name": "Gminny Ośrodek Kultury, Sportu i Rekreacji",
        "building": "yes",
        "amenity": "community_centre",
        "@geometry": "center"
      },
      "geometry": {
        "type": "Point",
        "coordinates": [
          18.6029236,
          51.0382229
        ]
      },
      "id": "way/367895548"
    },
    {
      "type": "Feature",
      "properties": {
        "@id": "way/368196830",
        "addr:housenumber": "1",
        "addr:place": "Krowica Sama",
        "addr:postcode": "37-625",
        "amenity": "community_centre",
        "building": "yes",
        "source:addr": "EMUiA (emuia.geoportal.gov.pl)",
        "@geometry": "center"
      },
      "geometry": {
        "type": "Point",
        "coordinates": [
          23.2305239,
          50.1014319
        ]
      },
      "id": "way/368196830"
    },
    {
      "type": "Feature",
      "properties": {
        "@id": "way/368246586",
        "addr:housenumber": "72",
        "addr:place": "Dąbrowa",
        "addr:postcode": "37-600",
        "amenity": "community_centre",
        "building": "yes",
        "email": "biuro@cis.lubaczow.com.pl",
        "name": "Centrum Integracji Społecznej w Dąbrowie",
        "phone": "+48 508 602 663; +48 508 925 629",
        "source:addr": "GUGIK",
        "website": "http://www.facebook.com/Centrum-Integracji-Spo%C5%82ecznej-w-D%C4%85browie-537043529651518/;http://es.rops.rzeszow.pl/centrum-integracji-spolecznej-w-dabrowie/",
        "@geometry": "center"
      },
      "geometry": {
        "type": "Point",
        "coordinates": [
          23.1536452,
          50.1189772
        ]
      },
      "id": "way/368246586"
    },
    {
      "type": "Feature",
      "properties": {
        "@id": "way/368586291",
        "addr:city": "Sierpc",
        "addr:city:simc": "0969310",
        "addr:housenumber": "39",
        "addr:postcode": "09-200",
        "addr:street": "Piastowska",
        "addr:street:sym_ul": "16046",
        "amenity": "community_centre",
        "building": "public",
        "name": "Centrum Kultury i Sztuki w Sierpcu",
        "source:addr": "msierpc.e-mapa.net",
        "@geometry": "center"
      },
      "geometry": {
        "type": "Point",
        "coordinates": [
          19.6624317,
          52.8485325
        ]
      },
      "id": "way/368586291"
    },
    {
      "type": "Feature",
      "properties": {
        "@id": "way/368805588",
        "addr:city": "Mysłowice",
        "addr:housenumber": "7",
        "addr:postcode": "41-400",
        "addr:street": "Grunwaldzka",
        "amenity": "community_centre",
        "building": "yes",
        "building:levels": "2",
        "name": "Mysłowicki Ośrodek Kultury",
        "source": "UM Mysłowice",
        "source:geometry": "geoportal.gov.pl:ortofoto",
        "@geometry": "center"
      },
      "geometry": {
        "type": "Point",
        "coordinates": [
          19.1404096,
          50.2437154
        ]
      },
      "id": "way/368805588"
    },
    {
      "type": "Feature",
      "properties": {
        "@id": "way/368844328",
        "addr:housenumber": "146",
        "addr:place": "Zimno",
        "addr:postcode": "22-650",
        "amenity": "community_centre",
        "building": "yes",
        "name": "Świetlica",
        "source:addr": "EMUiA (emuia.gugik.gov.pl)",
        "start_date": "1963",
        "@geometry": "center"
      },
      "geometry": {
        "type": "Point",
        "coordinates": [
          23.7326941,
          50.5047832
        ]
      },
      "id": "way/368844328"
    },
    {
      "type": "Feature",
      "properties": {
        "@id": "way/368912232",
        "addr:city:simc": "0542445",
        "addr:housenumber": "93",
        "addr:place": "Kluki",
        "addr:postcode": "97-415",
        "amenity": "community_centre",
        "building": "yes",
        "name": "Gminny Ośrodek Kultury w Klukach",
        "source:addr": "emuia.gugik.gov.pl",
        "@geometry": "center"
      },
      "geometry": {
        "type": "Point",
        "coordinates": [
          19.2379534,
          51.3418669
        ]
      },
      "id": "way/368912232"
    },
    {
      "type": "Feature",
      "properties": {
        "@id": "way/368936011",
        "addr:housenumber": "89",
        "addr:place": "Piotrowice",
        "addr:postcode": "59-170",
        "amenity": "community_centre",
        "building": "yes",
        "name": "Świetlica Wiejska w Piotrowicach",
        "source": "Geoportal.gov.pl",
        "@geometry": "center"
      },
      "geometry": {
        "type": "Point",
        "coordinates": [
          15.7336088,
          51.5230598
        ]
      },
      "id": "way/368936011"
    },
    {
      "type": "Feature",
      "properties": {
        "@id": "way/369009274",
        "addr:city:simc": "0901625",
        "addr:housenumber": "15",
        "addr:place": "Nowosiółki",
        "addr:postcode": "22-652",
        "amenity": "community_centre",
        "building": "yes",
        "name": "Centrum Kultury w Nowosiółkach",
        "note:addr": "w użyciu numer 15",
        "source:addr": "telatyn.e-mapa.net",
        "@geometry": "center"
      },
      "geometry": {
        "type": "Point",
        "coordinates": [
          23.912467,
          50.52291
        ]
      },
      "id": "way/369009274"
    },
    {
      "type": "Feature",
      "properties": {
        "@id": "way/369510813",
        "amenity": "community_centre",
        "name": "Salezjański Ośrodek Wychowawczy",
        "@geometry": "center"
      },
      "geometry": {
        "type": "Point",
        "coordinates": [
          16.2988655,
          53.5139282
        ]
      },
      "id": "way/369510813"
    },
    {
      "type": "Feature",
      "properties": {
        "@id": "way/369650627",
        "addr:city:simc": "0900264",
        "addr:housenumber": "73A",
        "addr:place": "Maziły",
        "addr:postcode": "22-672",
        "amenity": "community_centre",
        "building": "civic",
        "name": "Świetlica wiejska",
        "source:addr": "susiec.e-mapa.net",
        "@geometry": "center"
      },
      "geometry": {
        "type": "Point",
        "coordinates": [
          23.3301057,
          50.4034154
        ]
      },
      "id": "way/369650627"
    },
    {
      "type": "Feature",
      "properties": {
        "@id": "way/369926605",
        "addr:housenumber": "39",
        "addr:place": "Końskie",
        "addr:postcode": "36-204",
        "amenity": "community_centre",
        "building": "yes",
        "name": "Dom ludowy w Końskiem",
        "source": "https://mapy.geoportal.gov.pl",
        "source:addr": "EMUiA (emuia.gugik.gov.pl)",
        "@geometry": "center"
      },
      "geometry": {
        "type": "Point",
        "coordinates": [
          22.2222427,
          49.6498861
        ]
      },
      "id": "way/369926605"
    },
    {
      "type": "Feature",
      "properties": {
        "@id": "way/370020789",
        "addr:city:simc": "0359600",
        "addr:housenumber": "121",
        "addr:place": "Raczkowa",
        "addr:postcode": "38-507",
        "amenity": "community_centre",
        "building": "yes",
        "name": "Wiejski dom kultury w Raczkowej",
        "source": "https://mapy.geoportal.gov.pl",
        "source:addr": "emuia.gugik.gov.pl",
        "@geometry": "center"
      },
      "geometry": {
        "type": "Point",
        "coordinates": [
          22.1846095,
          49.6390389
        ]
      },
      "id": "way/370020789"
    },
    {
      "type": "Feature",
      "properties": {
        "@id": "way/370163723",
        "addr:housenumber": "65a",
        "addr:place": "Grabówka",
        "addr:postcode": "36-207",
        "amenity": "community_centre",
        "building": "yes",
        "building:levels": "2",
        "name": "Dom Ludowy w Grabówce",
        "@geometry": "center"
      },
      "geometry": {
        "type": "Point",
        "coordinates": [
          22.1385221,
          49.654746
        ]
      },
      "id": "way/370163723"
    },
    {
      "type": "Feature",
      "properties": {
        "@id": "way/370826664",
        "name": "Dom Ludowy w Bolesławicach",
        "amenity": "community_centre",
        "building": "yes",
        "@geometry": "center"
      },
      "geometry": {
        "type": "Point",
        "coordinates": [
          15.5519352,
          51.281112
        ]
      },
      "id": "way/370826664"
    },
    {
      "type": "Feature",
      "properties": {
        "@id": "way/371889709",
        "addr:city:simc": "0361169",
        "addr:housenumber": "132",
        "addr:place": "Sądkowa",
        "addr:postcode": "38-204",
        "amenity": "community_centre",
        "building": "yes",
        "name": "Dom Ludowy",
        "source:addr": "tarnowiec.e-mapa.net",
        "@geometry": "center"
      },
      "geometry": {
        "type": "Point",
        "coordinates": [
          21.5661049,
          49.7444021
        ]
      },
      "id": "way/371889709"
    },
    {
      "type": "Feature",
      "properties": {
        "@id": "way/372097408",
        "source:addr": "mpiotrkowtrybunalski.e-mapa.net",
        "name": "Środowiskowa Świetlica Socjoterapeutyczna „Bartek”",
        "addr:city": "Piotrków Trybunalski",
        "addr:city:simc": "0967430",
        "addr:housenumber": "4",
        "addr:postcode": "97-300",
        "addr:street": "Cypriana Kamila Norwida",
        "addr:street:sym_ul": "32089",
        "amenity": "community_centre",
        "building": "yes",
        "@geometry": "center"
      },
      "geometry": {
        "type": "Point",
        "coordinates": [
          19.6716729,
          51.4060248
        ]
      },
      "id": "way/372097408"
    },
    {
      "type": "Feature",
      "properties": {
        "@id": "way/372235447",
        "addr:housenumber": "80",
        "addr:place": "Podlodów",
        "addr:postcode": "22-650",
        "amenity": "community_centre",
        "building": "yes",
        "name": "Świetlica",
        "source:addr": "EMUiA (emuia.gugik.gov.pl)",
        "start_date": "1974",
        "@geometry": "center"
      },
      "geometry": {
        "type": "Point",
        "coordinates": [
          23.6772373,
          50.4766717
        ]
      },
      "id": "way/372235447"
    },
    {
      "type": "Feature",
      "properties": {
        "@id": "way/372236709",
        "addr:housenumber": "8",
        "addr:place": "Pieniany",
        "addr:postcode": "22-650",
        "amenity": "community_centre",
        "building": "yes",
        "name": "Świetlica",
        "source:addr": "EMUiA (emuia.gugik.gov.pl)",
        "start_date": "1968",
        "@geometry": "center"
      },
      "geometry": {
        "type": "Point",
        "coordinates": [
          23.6878934,
          50.4854073
        ]
      },
      "id": "way/372236709"
    },
    {
      "type": "Feature",
      "properties": {
        "@id": "way/372271860",
        "addr:housenumber": "59",
        "addr:place": "Hopkie",
        "addr:postcode": "22-650",
        "amenity": "community_centre",
        "building": "yes",
        "name": "Świetlica",
        "source:addr": "EMUiA (emuia.gugik.gov.pl)",
        "start_date": "2011",
        "@geometry": "center"
      },
      "geometry": {
        "type": "Point",
        "coordinates": [
          23.6655469,
          50.5031036
        ]
      },
      "id": "way/372271860"
    },
    {
      "type": "Feature",
      "properties": {
        "@id": "way/372741853",
        "addr:city:simc": "0626952",
        "addr:housenumber": "61",
        "addr:place": "Dąbrówka Zabłotnia",
        "addr:postcode": "26-624",
        "amenity": "community_centre",
        "building": "yes",
        "name": "Świetlica Wiejska w Dąbrówce Zabłotniej",
        "operator": "Gmina Kowala",
        "source:addr": "kowala.e-mapa.net",
        "wheelchair": "no",
        "@geometry": "center"
      },
      "geometry": {
        "type": "Point",
        "coordinates": [
          21.0370568,
          51.3131985
        ]
      },
      "id": "way/372741853"
    },
    {
      "type": "Feature",
      "properties": {
        "@id": "way/372959701",
        "addr:housenumber": "1a",
        "addr:place": "Felicjanów",
        "addr:postcode": "95-040",
        "amenity": "community_centre",
        "building": "yes",
        "building:levels": "1",
        "name": "Świetlica Wiejska w Felicjanowie",
        "source:addr": "EMUiA (emuia.geoportal.gov.pl)",
        "@geometry": "center"
      },
      "geometry": {
        "type": "Point",
        "coordinates": [
          19.8336295,
          51.753978
        ]
      },
      "id": "way/372959701"
    },
    {
      "type": "Feature",
      "properties": {
        "@id": "way/373205602",
        "name": "Świetlica wiejska",
        "amenity": "community_centre",
        "building": "yes",
        "@geometry": "center"
      },
      "geometry": {
        "type": "Point",
        "coordinates": [
          23.2919074,
          50.4736065
        ]
      },
      "id": "way/373205602"
    },
    {
      "type": "Feature",
      "properties": {
        "@id": "way/373722160",
        "name": "Dom Kultury",
        "building": "yes",
        "amenity": "community_centre",
        "addr:place": "Chrząstowice",
        "addr:postcode": "34-114",
        "@geometry": "center"
      },
      "geometry": {
        "type": "Point",
        "coordinates": [
          19.6084889,
          49.9781943
        ]
      },
      "id": "way/373722160"
    },
    {
      "type": "Feature",
      "properties": {
        "@id": "way/373877140",
        "addr:city:simc": "0902369",
        "addr:housenumber": "130",
        "addr:place": "Podhorce",
        "addr:postcode": "22-600",
        "amenity": "community_centre",
        "building": "yes",
        "name": "Gminny Ośrodek Kultury w Podhorcach",
        "source:addr": "tomaszowlubelski.e-mapa.net",
        "website": "http://gok.tomaszowlubelski.pl/asp/pl_start.asp?typ=13&menu=7&strona=1",
        "@geometry": "center"
      },
      "geometry": {
        "type": "Point",
        "coordinates": [
          23.5329442,
          50.486072
        ]
      },
      "id": "way/373877140"
    },
    {
      "type": "Feature",
      "properties": {
        "@id": "way/374312301",
        "addr:city": "Jarocin",
        "addr:city:simc": "0936776",
        "addr:housenumber": "1",
        "addr:postcode": "63-200",
        "addr:street": "Plac Festiwalu Muzyki Rockowej",
        "amenity": "community_centre",
        "building": "yes",
        "name": "Jarociński Ośrodek Kultury",
        "source:addr": "EMUiA@iMPA (jarocin.e-mapa.net)",
        "@geometry": "center"
      },
      "geometry": {
        "type": "Point",
        "coordinates": [
          17.4992403,
          51.9680148
        ]
      },
      "id": "way/374312301"
    },
    {
      "type": "Feature",
      "properties": {
        "@id": "way/374356756",
        "addr:city:simc": "0903340",
        "addr:housenumber": "7",
        "addr:place": "Czartowiec",
        "addr:postcode": "22-630",
        "amenity": "community_centre",
        "building": "yes",
        "name": "Świetlica",
        "source:addr": "tyszowce.e-mapa.net",
        "@geometry": "center"
      },
      "geometry": {
        "type": "Point",
        "coordinates": [
          23.6591856,
          50.5744172
        ]
      },
      "id": "way/374356756"
    },
    {
      "type": "Feature",
      "properties": {
        "@id": "way/374966906",
        "addr:city": "Gryfów Śląski",
        "addr:city:simc": "0936003",
        "addr:housenumber": "33a",
        "addr:postcode": "59-620",
        "addr:street": "Kolejowa",
        "addr:street:sym_ul": "08828",
        "amenity": "community_centre",
        "building": "yes",
        "name": "Gryfowski Ośrodek Kultury",
        "operator": "Gryfów Śląski",
        "source:addr": "emuia.gugik.gov.pl",
        "source:geometry": "geoportal.gov.pl, GPS",
        "@geometry": "center"
      },
      "geometry": {
        "type": "Point",
        "coordinates": [
          15.4270324,
          51.0331852
        ]
      },
      "id": "way/374966906"
    },
    {
      "type": "Feature",
      "properties": {
        "@id": "way/375243499",
        "amenity": "community_centre",
        "building": "yes",
        "@geometry": "center"
      },
      "geometry": {
        "type": "Point",
        "coordinates": [
          17.9937541,
          52.1984565
        ]
      },
      "id": "way/375243499"
    },
    {
      "type": "Feature",
      "properties": {
        "@id": "way/375256192",
        "name": "Żuromińskie Centrum Kultury",
        "building": "yes",
        "amenity": "community_centre",
        "addr:street": "Plac marszałka Józefa Piłsudskiego",
        "addr:city": "Żuromin",
        "addr:housenumber": "27",
        "@geometry": "center"
      },
      "geometry": {
        "type": "Point",
        "coordinates": [
          19.9096854,
          53.0661665
        ]
      },
      "id": "way/375256192"
    },
    {
      "type": "Feature",
      "properties": {
        "@id": "way/375395362",
        "addr:city": "Waśniów",
        "addr:housenumber": "12",
        "addr:postcode": "27-425",
        "addr:street": "Ostrowiecka",
        "amenity": "community_centre",
        "building": "yes",
        "name": "Gminy Ośrodek Kultury w Waśniowie",
        "source:addr": "EMUiA@iMPA (wasniow.e-mapa.net)",
        "@geometry": "center"
      },
      "geometry": {
        "type": "Point",
        "coordinates": [
          21.2255829,
          50.8997974
        ]
      },
      "id": "way/375395362"
    },
    {
      "type": "Feature",
      "properties": {
        "@id": "way/375476239",
        "addr:city": "Lubonieczek",
        "addr:city:simc": "0598345",
        "addr:housenumber": "51",
        "addr:postcode": "63-020",
        "addr:street": "Jaśminowa",
        "addr:street:sym_ul": "07380",
        "amenity": "community_centre",
        "building": "yes",
        "community_centre": "village_hall",
        "name": "Świetlica wiejska",
        "source:addr": "emuia.gugik.gov.pl",
        "@geometry": "center"
      },
      "geometry": {
        "type": "Point",
        "coordinates": [
          17.1904587,
          52.1426771
        ]
      },
      "id": "way/375476239"
    },
    {
      "type": "Feature",
      "properties": {
        "@id": "way/375805002",
        "addr:city": "Pępowo",
        "addr:city:simc": "0374344",
        "addr:housenumber": "1a",
        "addr:postcode": "63-830",
        "addr:street": "Stanisławy Nadstawek",
        "amenity": "community_centre",
        "building": "yes",
        "name": "Gminny Ośrodek Kultury w Pępowie",
        "source:addr": "pepowo.e-mapa.net",
        "@geometry": "center"
      },
      "geometry": {
        "type": "Point",
        "coordinates": [
          17.1215272,
          51.7587518
        ]
      },
      "id": "way/375805002"
    },
    {
      "type": "Feature",
      "properties": {
        "@id": "way/375871276",
        "source": "Starostwo Powiatowe w Mrągowie",
        "website": "http://mck.mragowo.pl",
        "phone": "89 743 34 50",
        "opening_hours": "Mo-Fr 07:30-21:00;Sa-Su 10:00-21:00",
        "addr:city": "Mrągowo",
        "addr:housenumber": "26",
        "addr:postcode": "11-700",
        "addr:street": "Warszawska",
        "amenity": "community_centre",
        "building": "yes",
        "building:levels": "1",
        "email": "sekretariat@mck.mragowo.pl",
        "name": "Mrągowskie Centrum Kultury",
        "@geometry": "center"
      },
      "geometry": {
        "type": "Point",
        "coordinates": [
          21.3046675,
          53.8654575
        ]
      },
      "id": "way/375871276"
    },
    {
      "type": "Feature",
      "properties": {
        "@id": "way/376344802",
        "name": "Mediateka",
        "addr:city": "Straszyn",
        "addr:housenumber": "6A",
        "addr:postcode": "83-010",
        "addr:street": "Dworcowa",
        "amenity": "community_centre",
        "building": "yes",
        "@geometry": "center"
      },
      "geometry": {
        "type": "Point",
        "coordinates": [
          18.5709277,
          54.2703379
        ]
      },
      "id": "way/376344802"
    },
    {
      "type": "Feature",
      "properties": {
        "@id": "way/376517338",
        "addr:housenumber": "50",
        "addr:place": "Biskupie",
        "addr:postcode": "62-561",
        "amenity": "community_centre",
        "building": "yes",
        "name": "Świetlica Wiejska w Biskupiu",
        "@geometry": "center"
      },
      "geometry": {
        "type": "Point",
        "coordinates": [
          18.2530238,
          52.3896065
        ]
      },
      "id": "way/376517338"
    },
    {
      "type": "Feature",
      "properties": {
        "@id": "way/376712809",
        "building:levels": "1",
        "addr:city": "Pruszcz Gdański",
        "addr:housenumber": "34",
        "addr:postcode": "83-000",
        "addr:street": "Fryderyka Chopina",
        "amenity": "community_centre",
        "building": "yes",
        "name": "Centrum Kultury i Sportu",
        "@geometry": "center"
      },
      "geometry": {
        "type": "Point",
        "coordinates": [
          18.6437555,
          54.2609356
        ]
      },
      "id": "way/376712809"
    },
    {
      "type": "Feature",
      "properties": {
        "@id": "way/376955623",
        "amenity": "community_centre",
        "building": "yes",
        "name": "Świetlica wiejska",
        "@geometry": "center"
      },
      "geometry": {
        "type": "Point",
        "coordinates": [
          19.7132236,
          53.3235038
        ]
      },
      "id": "way/376955623"
    },
    {
      "type": "Feature",
      "properties": {
        "@id": "way/377200646",
        "addr:city": "Kłodawa",
        "addr:city:simc": "0949046",
        "addr:housenumber": "5",
        "addr:street": "Kościelna",
        "addr:street:sym_ul": "09546",
        "amenity": "community_centre",
        "building": "yes",
        "name": "Gminny Ośrodek Kultury",
        "ref:addr": "3524411c-838b-4f9d-9087-44aa9ce7fedb",
        "source:addr": "klodawakolska.e-mapa.net",
        "@geometry": "center"
      },
      "geometry": {
        "type": "Point",
        "coordinates": [
          18.9167875,
          52.2552373
        ]
      },
      "id": "way/377200646"
    },
    {
      "type": "Feature",
      "properties": {
        "@id": "way/377493002",
        "building": "yes",
        "name": "Wiejski Dom Kultury",
        "amenity": "community_centre",
        "addr:subdistrict": "Wieprz",
        "addr:state": "PL",
        "addr:city": "Gierałtowiczki",
        "addr:country": "PL",
        "addr:district": "Wadowice",
        "addr:housenumber": "35",
        "addr:postcode": "34-122",
        "addr:province": "małoplska",
        "addr:street": "Pogodna",
        "@geometry": "center"
      },
      "geometry": {
        "type": "Point",
        "coordinates": [
          19.3834002,
          49.9435222
        ]
      },
      "id": "way/377493002"
    },
    {
      "type": "Feature",
      "properties": {
        "@id": "way/377675449",
        "addr:city": "Poniatowa",
        "addr:housenumber": "1",
        "addr:postcode": "24-320",
        "addr:street": "Fabryczna",
        "amenity": "community_centre",
        "building": "yes",
        "name": "Centrum Kultury Promocji i Turystyki",
        "@geometry": "center"
      },
      "geometry": {
        "type": "Point",
        "coordinates": [
          22.0713965,
          51.1869362
        ]
      },
      "id": "way/377675449"
    },
    {
      "type": "Feature",
      "properties": {
        "@id": "way/378830118",
        "addr:city": "Pawłowice",
        "addr:city:simc": "0218621",
        "addr:housenumber": "67",
        "addr:street": "Zjednoczenia",
        "addr:street:sym_ul": "26174",
        "amenity": "community_centre",
        "building": "yes",
        "name": "Gminny Ośrodek Kultury",
        "source:addr": "pawlowice.e-mapa.net",
        "@geometry": "center"
      },
      "geometry": {
        "type": "Point",
        "coordinates": [
          18.7169555,
          49.960742
        ]
      },
      "id": "way/378830118"
    },
    {
      "type": "Feature",
      "properties": {
        "@id": "way/379898928",
        "addr:city": "Ślesin",
        "addr:housenumber": "11",
        "addr:postcode": "62-561",
        "addr:street": "Młodzieżowa",
        "amenity": "community_centre",
        "building": "yes",
        "name": "Miejsko-Gminny Ośrodek Kultury w Ślesinie",
        "@geometry": "center"
      },
      "geometry": {
        "type": "Point",
        "coordinates": [
          18.3046271,
          52.3762718
        ]
      },
      "id": "way/379898928"
    },
    {
      "type": "Feature",
      "properties": {
        "@id": "way/380234925",
        "addr:city:simc": "0191030",
        "addr:housenumber": "19a",
        "addr:place": "Ciechanowice",
        "addr:postcode": "58-410",
        "amenity": "community_centre",
        "building": "yes",
        "name": "Świetlica Wiejska w Ciechanowicach",
        "source:addr": "marciszow.e-mapa.net",
        "@geometry": "center"
      },
      "geometry": {
        "type": "Point",
        "coordinates": [
          15.976929,
          50.8687928
        ]
      },
      "id": "way/380234925"
    },
    {
      "type": "Feature",
      "properties": {
        "@id": "way/380537592",
        "addr:city": "Marciszów",
        "addr:city:simc": "0191052",
        "addr:housenumber": "10",
        "addr:postcode": "58-410",
        "addr:street": "Szkolna",
        "addr:street:sym_ul": "21970",
        "amenity": "community_centre",
        "building": "yes",
        "name": "Dom kultury w Marciszowie",
        "source:addr": "marciszow.e-mapa.net",
        "@geometry": "center"
      },
      "geometry": {
        "type": "Point",
        "coordinates": [
          16.0141361,
          50.8488988
        ]
      },
      "id": "way/380537592"
    },
    {
      "type": "Feature",
      "properties": {
        "@id": "way/380985398",
        "building": "yes",
        "amenity": "community_centre",
        "@geometry": "center"
      },
      "geometry": {
        "type": "Point",
        "coordinates": [
          21.0523535,
          50.3005083
        ]
      },
      "id": "way/380985398"
    },
    {
      "type": "Feature",
      "properties": {
        "@id": "way/381702559",
        "website": "http://www.goklubniewice.pl/",
        "amenity": "community_centre",
        "building": "yes",
        "email": "gokpodmorwa.lubniewice@gmail.com",
        "image": "https://photos.app.goo.gl/fkC1vYyfKbv3J7LA7",
        "name": "Wiejski dom kultury w Jarnatowie",
        "operator": "Gminny Ośrodek Kultury „Pod Morwą” w Lubniewicach",
        "phone": "+48957557639",
        "@geometry": "center"
      },
      "geometry": {
        "type": "Point",
        "coordinates": [
          15.1689044,
          52.5182396
        ]
      },
      "id": "way/381702559"
    },
    {
      "type": "Feature",
      "properties": {
        "@id": "way/385297506",
        "addr:city:simc": "0908863",
        "addr:housenumber": "10",
        "addr:place": "Nietkowice",
        "addr:postcode": "66-112",
        "amenity": "community_centre",
        "building": "yes",
        "name": "Wiejski Dom Kultury",
        "source": "http://www.mgok.czerwiensk.pl",
        "source:addr": "czerwiensk.e-mapa.net",
        "@geometry": "center"
      },
      "geometry": {
        "type": "Point",
        "coordinates": [
          15.3657053,
          52.0673722
        ]
      },
      "id": "way/385297506"
    },
    {
      "type": "Feature",
      "properties": {
        "@id": "way/385560137",
        "check_date:opening_hours": "2022-03-27",
        "wheelchair": "no",
        "addr:city": "Łężany",
        "addr:city:simc": "0356493",
        "addr:housenumber": "2",
        "addr:postcode": "38-423",
        "addr:street": "Jana Pawła II",
        "addr:street:sym_ul": "07123",
        "amenity": "community_centre",
        "building": "house",
        "building:levels": "2",
        "name": "Dom Ludowy",
        "opening_hours:signed": "no",
        "roof:shape": "gabled",
        "source:addr": "miejscepiastowe.e-mapa.net",
        "@geometry": "center"
      },
      "geometry": {
        "type": "Point",
        "coordinates": [
          21.8112085,
          49.6471631
        ]
      },
      "id": "way/385560137"
    },
    {
      "type": "Feature",
      "properties": {
        "@id": "way/387235573",
        "amenity": "community_centre",
        "building": "yes",
        "name": "Świetlica Wiejska",
        "@geometry": "center"
      },
      "geometry": {
        "type": "Point",
        "coordinates": [
          21.5021333,
          53.3107879
        ]
      },
      "id": "way/387235573"
    },
    {
      "type": "Feature",
      "properties": {
        "@id": "way/387345141",
        "amenity": "community_centre",
        "barrier": "fence",
        "community_centre:for": "child;juvenile",
        "name": "Powiatowy Młodzieżowy Dom Kultury",
        "@geometry": "center"
      },
      "geometry": {
        "type": "Point",
        "coordinates": [
          21.2695846,
          52.1006714
        ]
      },
      "id": "way/387345141"
    },
    {
      "type": "Feature",
      "properties": {
        "@id": "way/387590321",
        "website": "http://www.cksycow.pl",
        "addr:city": "Syców",
        "addr:housenumber": "16",
        "addr:postcode": "56-500",
        "addr:street": "Kościelna",
        "amenity": "community_centre",
        "building": "yes",
        "name": "Centrum Kultury",
        "source:addr": "sycow.e-mapa.net",
        "@geometry": "center"
      },
      "geometry": {
        "type": "Point",
        "coordinates": [
          17.7161049,
          51.3098447
        ]
      },
      "id": "way/387590321"
    },
    {
      "type": "Feature",
      "properties": {
        "@id": "way/388162251",
        "addr:city": "Nowe Dwory",
        "addr:city:simc": "0047869",
        "addr:housenumber": "74",
        "addr:postcode": "34-114",
        "addr:street": "Wadowicka",
        "amenity": "community_centre",
        "building": "yes",
        "name": "Dom Kultury Nowe Dwory",
        "old_addr:housenumber": "32",
        "old_addr:place": "Nowe Dwory",
        "source:addr": "gugik.gov.pl",
        "@geometry": "center"
      },
      "geometry": {
        "type": "Point",
        "coordinates": [
          19.6125266,
          49.9583729
        ]
      },
      "id": "way/388162251"
    },
    {
      "type": "Feature",
      "properties": {
        "@id": "way/388199282",
        "addr:city": "Marcyporęba",
        "addr:city:simc": "0047711",
        "addr:housenumber": "218",
        "addr:postcode": "34-114",
        "addr:street": "Świętego Marcina",
        "amenity": "community_centre",
        "building": "yes",
        "name": "Dom Posko-Słowacki",
        "old_addr:housenumber": "267",
        "old_addr:place": "Marcyporęba",
        "rooms": "3",
        "source:addr": "gugik.gov.pl",
        "@geometry": "center"
      },
      "geometry": {
        "type": "Point",
        "coordinates": [
          19.5817891,
          49.9364592
        ]
      },
      "id": "way/388199282"
    },
    {
      "type": "Feature",
      "properties": {
        "@id": "way/389125382",
        "name": "Miejsko-Gminny Ośrodek Kultury w Wyrzysku",
        "website": "http://www.mgokwyrzysk.pl/",
        "addr:city": "Wyrzysk",
        "addr:city:simc": "0967392",
        "addr:housenumber": "15",
        "addr:postcode": "89-300",
        "addr:street": "Tadeusza Kościuszki",
        "amenity": "community_centre",
        "building": "yes",
        "email": "sekretariat@mgokwyrzysk.pl",
        "phone": "67 286 27 53",
        "source:addr": "wyrzysk.e-mapa.net",
        "@geometry": "center"
      },
      "geometry": {
        "type": "Point",
        "coordinates": [
          17.258549,
          53.1560378
        ]
      },
      "id": "way/389125382"
    },
    {
      "type": "Feature",
      "properties": {
        "@id": "way/389304571",
        "amenity": "community_centre",
        "name": "Wild West City Runów",
        "community_centre": "family_centre",
        "@geometry": "center"
      },
      "geometry": {
        "type": "Point",
        "coordinates": [
          20.9358806,
          52.0176343
        ]
      },
      "id": "way/389304571"
    },
    {
      "type": "Feature",
      "properties": {
        "@id": "way/389505727",
        "addr:city": "Smardzów",
        "addr:city:simc": "879191",
        "addr:housenumber": "12",
        "addr:postcode": "56-400",
        "addr:street": "Wrocławska",
        "amenity": "community_centre",
        "building": "yes",
        "name": "Świetlica wiejska",
        "old_addr:housenumber": "43b",
        "old_addr:place": "Smardzów",
        "operator": "Gminny Ośrodek Kultury Oleśnica z siedzibą w Boguszycach",
        "source:addr": "olesnicaolesnicki.e-mapa.net",
        "@geometry": "center"
      },
      "geometry": {
        "type": "Point",
        "coordinates": [
          17.3270103,
          51.202308
        ]
      },
      "id": "way/389505727"
    },
    {
      "type": "Feature",
      "properties": {
        "@id": "way/389522801",
        "addr:city:simc": "0783485",
        "addr:housenumber": "36",
        "addr:place": "Małkocin",
        "addr:postcode": "73-110",
        "amenity": "community_centre",
        "building": "yes",
        "name": "Świetlica w Małkocinie",
        "source:addr": "stargardszczecinski.e-mapa.net",
        "@geometry": "center"
      },
      "geometry": {
        "type": "Point",
        "coordinates": [
          15.0287645,
          53.4051597
        ]
      },
      "id": "way/389522801"
    },
    {
      "type": "Feature",
      "properties": {
        "@id": "way/390198296",
        "addr:city": "Lębork",
        "addr:housenumber": "27",
        "addr:postcode": "84-300",
        "addr:street": "Legionów Polskich",
        "amenity": "nightclub",
        "building": "yes",
        "name": "Klub Cafe-Del-Mar",
        "@geometry": "center"
      },
      "geometry": {
        "type": "Point",
        "coordinates": [
          17.7399488,
          54.5342536
        ]
      },
      "id": "way/390198296"
    },
    {
      "type": "Feature",
      "properties": {
        "@id": "way/390787113",
        "addr:city": "Rusiec",
        "addr:city:simc": "0711860",
        "addr:housenumber": "7",
        "addr:postcode": "97-438",
        "addr:street": "Stanisława Koniecpolskiego",
        "addr:street:sym_ul": "09148",
        "amenity": "community_centre",
        "building": "yes",
        "source:addr": "emuia.gugik.gov.pl",
        "source:geometry": "geoportal.gov.pl:BDOT",
        "@geometry": "center"
      },
      "geometry": {
        "type": "Point",
        "coordinates": [
          18.9886263,
          51.3274748
        ]
      },
      "id": "way/390787113"
    },
    {
      "type": "Feature",
      "properties": {
        "@id": "way/390856993",
        "addr:city:simc": "0712019",
        "addr:housenumber": "85",
        "addr:place": "Wola Wiązowa",
        "addr:postcode": "97-438",
        "amenity": "community_centre",
        "building": "yes",
        "source:addr": "emuia.gugik.gov.pl",
        "@geometry": "center"
      },
      "geometry": {
        "type": "Point",
        "coordinates": [
          18.9146782,
          51.3295415
        ]
      },
      "id": "way/390856993"
    },
    {
      "type": "Feature",
      "properties": {
        "@id": "way/391139764",
        "amenity": "nightclub",
        "building": "yes",
        "name": "TABOO",
        "@geometry": "center"
      },
      "geometry": {
        "type": "Point",
        "coordinates": [
          20.9866396,
          51.5450106
        ]
      },
      "id": "way/391139764"
    },
    {
      "type": "Feature",
      "properties": {
        "@id": "way/391188543",
        "amenity": "community_centre",
        "building": "yes",
        "name": "Świetlica Wiejska",
        "@geometry": "center"
      },
      "geometry": {
        "type": "Point",
        "coordinates": [
          16.1038201,
          50.8425423
        ]
      },
      "id": "way/391188543"
    },
    {
      "type": "Feature",
      "properties": {
        "@id": "way/392047572",
        "addr:street": "Kościuszki",
        "addr:city": "Dąbrowa Tarnowska",
        "addr:housenumber": "11",
        "addr:postcode": "33-200",
        "amenity": "community_centre",
        "building": "yes",
        "name": "Dąbrowski Dom Kultury",
        "phone": "+48 14 655 92n14",
        "source": "http://ump.waw.pl/ retrieved 11:18:52 11/17/09 (UMP-Tarnow/src/POI-inne.pnt-converted.txt)",
        "source:addr": "e-mapa",
        "@geometry": "center"
      },
      "geometry": {
        "type": "Point",
        "coordinates": [
          20.9808843,
          50.1719092
        ]
      },
      "id": "way/392047572"
    },
    {
      "type": "Feature",
      "properties": {
        "@id": "way/393481367",
        "addr:city": "Miłkowice",
        "addr:housenumber": "77",
        "addr:postcode": "59-222",
        "addr:street": "Wojska Polskiego",
        "amenity": "community_centre",
        "building": "yes",
        "name": "Gminny Ośrodek Kultury i Sportu",
        "source": "milkowice.e-mapa.net",
        "@geometry": "center"
      },
      "geometry": {
        "type": "Point",
        "coordinates": [
          16.0588837,
          51.2552719
        ]
      },
      "id": "way/393481367"
    },
    {
      "type": "Feature",
      "properties": {
        "@id": "way/395558089",
        "addr:city:simc": "0852602",
        "addr:housenumber": "18",
        "addr:place": "Byczeń",
        "addr:postcode": "57-230",
        "amenity": "community_centre",
        "building": "yes",
        "image": "https://photos.app.goo.gl/EKV3ZfLiEdNr8idW8",
        "name": "Świetlica środowiskowa w Byczeniu",
        "source:addr": "emuia.gugik.gov.pl",
        "source:geometry": "geoportal.gov.pl, GPS",
        "url": "https://polska-org.pl/531599,Byczen,Dom_nr_18_Swietlica_srodowiskowaDawna_plebania.html",
        "@geometry": "center"
      },
      "geometry": {
        "type": "Point",
        "coordinates": [
          16.9054747,
          50.522189
        ]
      },
      "id": "way/395558089"
    },
    {
      "type": "Feature",
      "properties": {
        "@id": "way/395581460",
        "addr:city": "Wąbrzeźno",
        "addr:housenumber": "47",
        "addr:postcode": "87-200",
        "addr:street": "Wolności",
        "amenity": "community_centre",
        "building": "yes",
        "name": "Wąbrzeski Dom Kultury",
        "opening_hours": "Tu-Su 12:00-21:00",
        "phone": "+48 56 688 17 27",
        "website": "http://wdkwabrzezno.pl",
        "@geometry": "center"
      },
      "geometry": {
        "type": "Point",
        "coordinates": [
          18.9471665,
          53.2734125
        ]
      },
      "id": "way/395581460"
    },
    {
      "type": "Feature",
      "properties": {
        "@id": "way/396223166",
        "addr:city": "Kątna",
        "addr:housenumber": "1",
        "addr:postcode": "55-093",
        "addr:street": "Sportowa",
        "amenity": "community_centre",
        "building": "yes",
        "name": "Świetlica wiejska",
        "@geometry": "center"
      },
      "geometry": {
        "type": "Point",
        "coordinates": [
          17.2829532,
          51.1313966
        ]
      },
      "id": "way/396223166"
    },
    {
      "type": "Feature",
      "properties": {
        "@id": "way/396315196",
        "website": "https://mcdis.pl/",
        "opening_hours": "Mo-Fr 08:00-16:00",
        "name": "Małopolskie Centrum Dźwięku i Słowa",
        "building": "yes",
        "amenity": "community_centre",
        "addr:street": "Zamkowa",
        "addr:city": "Niepołomice",
        "addr:housenumber": "4",
        "addr:postcode": "32-005",
        "@geometry": "center"
      },
      "geometry": {
        "type": "Point",
        "coordinates": [
          20.2178869,
          50.0355885
        ]
      },
      "id": "way/396315196"
    },
    {
      "type": "Feature",
      "properties": {
        "@id": "way/396432282",
        "amenity": "community_centre",
        "building": "yes",
        "operator": "OSP Pietraszyn",
        "@geometry": "center"
      },
      "geometry": {
        "type": "Point",
        "coordinates": [
          18.0880022,
          50.0351702
        ]
      },
      "id": "way/396432282"
    },
    {
      "type": "Feature",
      "properties": {
        "@id": "way/396561668",
        "addr:city:simc": "0602680",
        "addr:housenumber": "275A",
        "addr:place": "Gać",
        "addr:postcode": "37-207",
        "amenity": "community_centre",
        "building": "yes",
        "name": "Dom Kultury w Gaci",
        "source:addr": "emuia.gugik.gov.pl",
        "@geometry": "center"
      },
      "geometry": {
        "type": "Point",
        "coordinates": [
          22.3711563,
          50.0279865
        ]
      },
      "id": "way/396561668"
    },
    {
      "type": "Feature",
      "properties": {
        "@id": "way/396562272",
        "website": "https://www.kultura.niepolomice.pl/domy-kultury/dom-kultury-w-chobocie",
        "source:addr": "niepolomice.e-mapa.net",
        "phone": "+48 502 036 928",
        "addr:city:simc": "0328574",
        "addr:housenumber": "43",
        "addr:place": "Chobot",
        "addr:postcode": "32-007",
        "amenity": "community_centre",
        "building": "yes",
        "name": "Dom kultury w Chobocie",
        "@geometry": "center"
      },
      "geometry": {
        "type": "Point",
        "coordinates": [
          20.3515062,
          50.0751043
        ]
      },
      "id": "way/396562272"
    },
    {
      "type": "Feature",
      "properties": {
        "@id": "way/396711172",
        "addr:housenumber": "142",
        "addr:place": "Paszowice",
        "amenity": "community_centre",
        "building": "yes",
        "name": "Gminny Ośrodek Kultury Paszowice",
        "source:addr": "paszowice.e-mapa.net",
        "@geometry": "center"
      },
      "geometry": {
        "type": "Point",
        "coordinates": [
          16.1654101,
          51.0172782
        ]
      },
      "id": "way/396711172"
    },
    {
      "type": "Feature",
      "properties": {
        "@id": "way/396756994",
        "addr:city:simc": "0440325",
        "addr:housenumber": "564",
        "addr:place": "Stara Wieś",
        "addr:postcode": "34-600",
        "amenity": "community_centre",
        "building": "yes",
        "name": "Wiejski Dom Kultury w Starej Wsi",
        "source:addr": "emuia.gugik.gov.pl",
        "@geometry": "center"
      },
      "geometry": {
        "type": "Point",
        "coordinates": [
          20.3993391,
          49.6771817
        ]
      },
      "id": "way/396756994"
    },
    {
      "type": "Feature",
      "properties": {
        "@id": "way/397426934",
        "website": "https://stacjakultury.swieradowzdroj.pl/",
        "source:geometry": "geoportal.gov.pl, GPS",
        "source:addr": "mswieradowzdroj.e-mapa.net",
        "opening_hours": "Mo-Fr 10:00-20:00; Jul-Aug: Sa 10:00-16:00",
        "addr:city": "Świeradów-Zdrój",
        "addr:city:simc": "0936457",
        "addr:housenumber": "1",
        "addr:street": "Dworcowa",
        "addr:street:sym_ul": "04434",
        "alt_name": "Stacja Kultury",
        "amenity": "community_centre",
        "building": "yes",
        "community_centre": "cultural_centre",
        "email": "kultura@swieradowzdroj.pl",
        "name": "Miejskie Centrum Kultury, Aktywności i Promocji Gminy, \"Stacja Kultury\"",
        "operator": "Gmina Miejska Świeradów-Zdrój",
        "@geometry": "center"
      },
      "geometry": {
        "type": "Point",
        "coordinates": [
          15.3432595,
          50.9114072
        ]
      },
      "id": "way/397426934"
    },
    {
      "type": "Feature",
      "properties": {
        "@id": "way/398047046",
        "source:addr": "EMUiA@iMPA (izbica.e-mapa.net)",
        "name": "Gminny Ośrodek Kultury i Sportu w Tarnogórze",
        "building": "yes",
        "addr:city": "Tarnogóra",
        "addr:housenumber": "72a",
        "addr:postcode": "22-375",
        "addr:street": "Krakowskie Przedmieście",
        "amenity": "community_centre",
        "@geometry": "center"
      },
      "geometry": {
        "type": "Point",
        "coordinates": [
          23.1354957,
          50.8951612
        ]
      },
      "id": "way/398047046"
    },
    {
      "type": "Feature",
      "properties": {
        "@id": "way/398398966",
        "source:geometry": "geoportal.gov.pl, GPS",
        "source:addr": "wlen.e-mapa.net",
        "addr:city:simc": "0193128",
        "addr:housenumber": "18",
        "addr:place": "Marczów",
        "addr:postcode": "59-610",
        "amenity": "community_centre",
        "building": "yes",
        "name": "Świetlica Wiejska w Marczowie",
        "@geometry": "center"
      },
      "geometry": {
        "type": "Point",
        "coordinates": [
          15.6524922,
          51.0475437
        ]
      },
      "id": "way/398398966"
    },
    {
      "type": "Feature",
      "properties": {
        "@id": "way/398546753",
        "addr:housenumber": "23",
        "addr:place": "Bartków",
        "addr:postcode": "56-410",
        "amenity": "community_centre",
        "building": "yes",
        "name": "świetlica wiejska",
        "source:addr": "dobroszyce.e-mapa.net",
        "@geometry": "center"
      },
      "geometry": {
        "type": "Point",
        "coordinates": [
          17.3437026,
          51.3136513
        ]
      },
      "id": "way/398546753"
    },
    {
      "type": "Feature",
      "properties": {
        "@id": "way/399004819",
        "addr:housenumber": "14",
        "addr:place": "Ernestynów",
        "addr:postcode": "59-511",
        "amenity": "community_centre",
        "building": "yes",
        "name": "Świetlica wiejska w Ernestynowie",
        "source:geometry": "geoportal.gov.pl, GPS",
        "@geometry": "center"
      },
      "geometry": {
        "type": "Point",
        "coordinates": [
          16.0218011,
          51.167424
        ]
      },
      "id": "way/399004819"
    },
    {
      "type": "Feature",
      "properties": {
        "@id": "way/399056154",
        "amenity": "community_centre",
        "building": "yes",
        "community_centre": "village_hall",
        "name": "Świetlica wiejska",
        "@geometry": "center"
      },
      "geometry": {
        "type": "Point",
        "coordinates": [
          16.1652316,
          50.7857238
        ]
      },
      "id": "way/399056154"
    },
    {
      "type": "Feature",
      "properties": {
        "@id": "way/399453164",
        "addr:city": "Skierniewice",
        "addr:city:simc": "0976942",
        "addr:housenumber": "33",
        "addr:postcode": "96-100",
        "addr:street": "Władysława Stanisława Reymonta",
        "addr:street:sym_ul": "18652",
        "amenity": "community_centre",
        "building": "yes",
        "building:colour": "#B4B5A4",
        "building:levels": "3",
        "email": "sekretariat@cekis.pl",
        "facebook": "https://www.facebook.com/ckisskierniewice/",
        "name": "Centrum Kultury i Sztuki",
        "old_name": "Miejski Ośrodek Kultury;Wojewódzkie Centrum Kultury",
        "operator": "Miasto Skierniewice",
        "operator:type": "public",
        "phone": "+48468332412",
        "short_name": "CeKiS",
        "source": "local knowledge",
        "source:addr": "emuia.gugik.gov.pl",
        "website": "https://cekis.pl/",
        "wheelchair": "limited",
        "@geometry": "center"
      },
      "geometry": {
        "type": "Point",
        "coordinates": [
          20.1474697,
          51.9601354
        ]
      },
      "id": "way/399453164"
    },
    {
      "type": "Feature",
      "properties": {
        "@id": "way/399533482",
        "addr:city:simc": "0374380",
        "addr:housenumber": "9",
        "addr:place": "Siedlec",
        "addr:postcode": "63-830",
        "amenity": "community_centre",
        "building": "yes",
        "source:addr": "pepowo.e-mapa.net",
        "@geometry": "center"
      },
      "geometry": {
        "type": "Point",
        "coordinates": [
          17.1240746,
          51.7943014
        ]
      },
      "id": "way/399533482"
    },
    {
      "type": "Feature",
      "properties": {
        "@id": "way/399859733",
        "name": "świetlica wiejska",
        "building": "yes",
        "addr:city": "Dobroszów Oleśnicki",
        "addr:city:simc": "0873745",
        "addr:housenumber": "2",
        "addr:postcode": "55-095",
        "addr:street": "Portugalska",
        "amenity": "community_centre",
        "@geometry": "center"
      },
      "geometry": {
        "type": "Point",
        "coordinates": [
          17.231285,
          51.2163569
        ]
      },
      "id": "way/399859733"
    },
    {
      "type": "Feature",
      "properties": {
        "@id": "way/400460709",
        "addr:city:simc": "0190779",
        "addr:housenumber": "24",
        "addr:place": "Dębowy Gaj",
        "addr:postcode": "59-600",
        "amenity": "community_centre",
        "building": "yes",
        "building:levels": "2",
        "name": "Świetlica Dębowy Gaj",
        "source:addr": "lwowekslaski.e-mapa.net",
        "source:geometry": "geoportal.gov.pl,GPS",
        "@geometry": "center"
      },
      "geometry": {
        "type": "Point",
        "coordinates": [
          15.6355859,
          51.0746269
        ]
      },
      "id": "way/400460709"
    },
    {
      "type": "Feature",
      "properties": {
        "@id": "way/400501968",
        "addr:city": "Janów",
        "addr:city:simc": "0030350",
        "addr:housenumber": "18",
        "addr:postcode": "16-130",
        "addr:street": "Sokólska",
        "addr:street:sym_ul": "20509",
        "amenity": "community_centre",
        "building": "yes",
        "internet_access": "wlan",
        "internet_access:fee": "no",
        "name": "Gminny Ośrodek Kultury, Sportu i Turystyki w Janowie",
        "opening_hours": "Mo-Fr 08:00-15:30, Sa 09:00 - 15:00",
        "phone": "+48 85 721 60 43",
        "source:addr": "janowsokolski.e-mapa.net",
        "@geometry": "center"
      },
      "geometry": {
        "type": "Point",
        "coordinates": [
          23.2340007,
          53.467214
        ]
      },
      "id": "way/400501968"
    },
    {
      "type": "Feature",
      "properties": {
        "@id": "way/400739572",
        "amenity": "community_centre",
        "building": "yes",
        "name": "Świetlica wiejska",
        "@geometry": "center"
      },
      "geometry": {
        "type": "Point",
        "coordinates": [
          17.2829058,
          51.2107161
        ]
      },
      "id": "way/400739572"
    },
    {
      "type": "Feature",
      "properties": {
        "@id": "way/400748449",
        "addr:city": "Nawojowa",
        "addr:city:simc": "0455462",
        "addr:housenumber": "49",
        "addr:postcode": "33-335",
        "addr:street": "Krynicka",
        "amenity": "community_centre",
        "building": "yes",
        "name": "Gminny Ośrodek Kultury",
        "phone": "+48 18 445 73 94",
        "source:addr": "http://hosting18.vpo9.iat.pl/",
        "website": "https://www.nawojowa.pl/pl/198/0/kultura-i-sztuka.html",
        "@geometry": "center"
      },
      "geometry": {
        "type": "Point",
        "coordinates": [
          20.7478501,
          49.5585595
        ]
      },
      "id": "way/400748449"
    },
    {
      "type": "Feature",
      "properties": {
        "@id": "way/400756061",
        "addr:city:simc": "0359391",
        "addr:housenumber": "172",
        "addr:place": "Mrzygłód",
        "addr:postcode": "38-503",
        "amenity": "community_centre",
        "building": "yes",
        "name": "Dom Kultury",
        "source:addr": "emuia.gugik.gov.pl",
        "@geometry": "center"
      },
      "geometry": {
        "type": "Point",
        "coordinates": [
          22.2734538,
          49.6187228
        ]
      },
      "id": "way/400756061"
    },
    {
      "type": "Feature",
      "properties": {
        "@id": "way/400859798",
        "addr:city:simc": "0190928",
        "addr:housenumber": "12",
        "addr:place": "Radomiłowice",
        "addr:postcode": "59-600",
        "amenity": "community_centre",
        "building": "yes",
        "name": "Świetlica Radomiłowice",
        "source:addr": "lwowekslaski.e-mapa.net",
        "source:geometry": "geoportal.gov.pl, GPS",
        "@geometry": "center"
      },
      "geometry": {
        "type": "Point",
        "coordinates": [
          15.7203235,
          51.0615967
        ]
      },
      "id": "way/400859798"
    },
    {
      "type": "Feature",
      "properties": {
        "@id": "way/400914882",
        "addr:city:simc": "0191017",
        "addr:housenumber": "127",
        "addr:place": "Zbylutów",
        "addr:postcode": "59-600",
        "amenity": "community_centre",
        "building": "yes",
        "building:levels": "2",
        "name": "Świetlica Zbylutów",
        "source:addr": "lwowekslaski.e-mapa.net",
        "source:geometry": "geoportal.gov.pl, GPS",
        "@geometry": "center"
      },
      "geometry": {
        "type": "Point",
        "coordinates": [
          15.6728954,
          51.1454753
        ]
      },
      "id": "way/400914882"
    },
    {
      "type": "Feature",
      "properties": {
        "@id": "way/400914990",
        "addr:city:simc": "0190740",
        "addr:housenumber": "36",
        "addr:place": "Bielanka",
        "addr:postcode": "59-600",
        "amenity": "community_centre",
        "building": "yes",
        "building:levels": "1",
        "name": "Świetlica Bielanka",
        "source:addr": "lwowekslaski.e-mapa.net",
        "source:geometry": "geoportal.gov.pl, GPS",
        "@geometry": "center"
      },
      "geometry": {
        "type": "Point",
        "coordinates": [
          15.6930416,
          51.1174633
        ]
      },
      "id": "way/400914990"
    },
    {
      "type": "Feature",
      "properties": {
        "@id": "way/400921175",
        "addr:city:simc": "0190963",
        "addr:housenumber": "84",
        "addr:place": "Skorzynice",
        "addr:postcode": "59-600",
        "amenity": "community_centre",
        "building": "yes",
        "building:levels": "2",
        "name": "Świetlica Skorzynice",
        "source:addr": "lwowekslaski.e-mapa.net",
        "source:geometry": "geoportal.gov.pl, GPS",
        "@geometry": "center"
      },
      "geometry": {
        "type": "Point",
        "coordinates": [
          15.7070589,
          51.1437909
        ]
      },
      "id": "way/400921175"
    },
    {
      "type": "Feature",
      "properties": {
        "@id": "way/400989117",
        "addr:housenumber": "23",
        "addr:place": "Pikulice",
        "addr:postcode": "37-733",
        "amenity": "community_centre",
        "building": "public",
        "community_centre": "village_hall",
        "name": "Świetlica Wiejska w Pikulicach",
        "name:uk": "Громадський центр у селі Пікуліце",
        "source:addr": "EMUiA (emuia.gugik.gov.pl)",
        "@geometry": "center"
      },
      "geometry": {
        "type": "Point",
        "coordinates": [
          22.7780529,
          49.7471963
        ]
      },
      "id": "way/400989117"
    },
    {
      "type": "Feature",
      "properties": {
        "@id": "way/401211091",
        "addr:city:simc": "0357713",
        "addr:housenumber": "717A",
        "addr:place": "Izdebki",
        "addr:postcode": "36-203",
        "amenity": "community_centre",
        "building": "yes",
        "name": "Szkoła Nr 3 w Izdebkach - Rudawiec ( 717A)",
        "source:addr": "emuia.gugik.gov.pl",
        "@geometry": "center"
      },
      "geometry": {
        "type": "Point",
        "coordinates": [
          22.0991355,
          49.7326835
        ]
      },
      "id": "way/401211091"
    },
    {
      "type": "Feature",
      "properties": {
        "@id": "way/401510083",
        "source:addr": "emuia.gugik.gov.pl",
        "addr:city": "Widawa",
        "addr:city:simc": "0717689",
        "addr:housenumber": "3",
        "addr:postcode": "98-170",
        "addr:street": "Adama Mickiewicza",
        "addr:street:sym_ul": "12734",
        "amenity": "community_centre",
        "building": "yes",
        "name": "Gminny Ośrodek Kultury",
        "@geometry": "center"
      },
      "geometry": {
        "type": "Point",
        "coordinates": [
          18.9458247,
          51.4385556
        ]
      },
      "id": "way/401510083"
    },
    {
      "type": "Feature",
      "properties": {
        "@id": "way/401769397",
        "wikipedia": "pl:Centrum Spotkania Kultur w Lublinie",
        "wikidata": "Q9186420",
        "website": "https://spotkaniakultur.com/",
        "phone": "+48 81 441 56 70",
        "name": "Centrum Spotkania Kultur",
        "building:levels": "4",
        "building": "yes",
        "amenity": "community_centre",
        "alt_name": "CSK Lublin",
        "addr:street": "Plac Teatralny",
        "addr:postcode": "20-029",
        "addr:housenumber": "1",
        "addr:city": "Lublin",
        "@geometry": "center"
      },
      "geometry": {
        "type": "Point",
        "coordinates": [
          22.5484351,
          51.246717
        ]
      },
      "id": "way/401769397"
    },
    {
      "type": "Feature",
      "properties": {
        "@id": "way/401867908",
        "url": "https://fotopolska.eu/378930,obiekt.html?map_z=18",
        "website": "http://www.goklubniewice.pl/",
        "addr:city": "Lubniewice",
        "addr:city:simc": "0182969",
        "addr:housenumber": "51B",
        "addr:postcode": "69-210",
        "addr:street": "Jana Pawła II",
        "addr:street:sym_ul": "07123",
        "amenity": "community_centre",
        "building": "yes",
        "email": "gokpodmorwa.lubniewice@gmail.com",
        "name": "Gminny Ośrodek Kultury \"Pod Morwą\"",
        "phone": "+48957557639",
        "source:addr": "lubniewice.e-mapa.net",
        "@geometry": "center"
      },
      "geometry": {
        "type": "Point",
        "coordinates": [
          15.2454162,
          52.5118556
        ]
      },
      "id": "way/401867908"
    },
    {
      "type": "Feature",
      "properties": {
        "@id": "way/401905941",
        "addr:housenumber": "30",
        "addr:place": "Gaszów",
        "addr:postcode": "59-600",
        "amenity": "community_centre",
        "building": "yes",
        "building:levels": "2",
        "name": "Świetlica Gaszów",
        "source:geometry": "geoportal.gov.pl, GPS",
        "@geometry": "center"
      },
      "geometry": {
        "type": "Point",
        "coordinates": [
          15.611308,
          51.1586129
        ]
      },
      "id": "way/401905941"
    },
    {
      "type": "Feature",
      "properties": {
        "@id": "way/402020605",
        "addr:city:simc": "0190756",
        "addr:housenumber": "12",
        "addr:place": "Brunów",
        "addr:postcode": "59-600",
        "amenity": "community_centre",
        "building": "yes",
        "building:levels": "2",
        "name": "Świetlica Brunów",
        "source:addr": "lwowekslaski.e-mapa.net",
        "@geometry": "center"
      },
      "geometry": {
        "type": "Point",
        "coordinates": [
          15.5817535,
          51.132139
        ]
      },
      "id": "way/402020605"
    },
    {
      "type": "Feature",
      "properties": {
        "@id": "way/402029673",
        "building": "yes",
        "building:levels": "3",
        "source:geometry": "geoportal.gov.pl, GPS",
        "addr:housenumber": "30",
        "addr:place": "Żerkowice",
        "addr:postcode": "59-600",
        "amenity": "community_centre",
        "name": "Świetlica",
        "opening_hours:signed": "no",
        "@geometry": "center"
      },
      "geometry": {
        "type": "Point",
        "coordinates": [
          15.5670138,
          51.1549773
        ]
      },
      "id": "way/402029673"
    },
    {
      "type": "Feature",
      "properties": {
        "@id": "way/402139779",
        "source": "http://sdi.opolskie.pl/mapa_bazowa/request.aspx",
        "opening_hours": "Mo-Th 15:15-18:15; Fr 13:30-16:30",
        "addr:city": "Gorzów Śląski",
        "addr:housenumber": "18",
        "addr:postcode": "46-310",
        "addr:street": "Wojska Polskiego",
        "amenity": "community_centre",
        "building": "yes",
        "name": "Świetlica Środowiskowa „Uśmiech”",
        "@geometry": "center"
      },
      "geometry": {
        "type": "Point",
        "coordinates": [
          18.4226713,
          51.0251372
        ]
      },
      "id": "way/402139779"
    },
    {
      "type": "Feature",
      "properties": {
        "@id": "way/402182156",
        "addr:city": "Mystków",
        "addr:postcode": "33-324",
        "amenity": "community_centre",
        "building": "yes",
        "name": "Wiejski Dom Kultury",
        "@geometry": "center"
      },
      "geometry": {
        "type": "Point",
        "coordinates": [
          20.7895671,
          49.6054717
        ]
      },
      "id": "way/402182156"
    },
    {
      "type": "Feature",
      "properties": {
        "@id": "way/402392037",
        "amenity": "community_centre",
        "building": "yes",
        "name": "Dom ludowy w Ladzinie",
        "@geometry": "center"
      },
      "geometry": {
        "type": "Point",
        "coordinates": [
          21.863933,
          49.6018378
        ]
      },
      "id": "way/402392037"
    },
    {
      "type": "Feature",
      "properties": {
        "@id": "way/402425900",
        "addr:city:simc": "0190897",
        "addr:housenumber": "78",
        "addr:place": "Płóczki Dolne",
        "addr:postcode": "59-600",
        "amenity": "community_centre",
        "building": "yes",
        "name": "Świetlica w Płóczkach Dolnych",
        "source:addr": "lwowekslaski.e-mapa.net",
        "source:geometry": "geoportal.gov.pl, GPS",
        "@geometry": "center"
      },
      "geometry": {
        "type": "Point",
        "coordinates": [
          15.5606721,
          51.1046334
        ]
      },
      "id": "way/402425900"
    },
    {
      "type": "Feature",
      "properties": {
        "@id": "way/402579370",
        "addr:city:simc": "0190905",
        "addr:housenumber": "92",
        "addr:place": "Płóczki Górne",
        "addr:postcode": "59-600",
        "amenity": "community_centre",
        "building": "yes",
        "building:levels": "3",
        "name": "Świetlica Płóczki Górne",
        "source:addr": "lwowekslaski.e-mapa.net",
        "@geometry": "center"
      },
      "geometry": {
        "type": "Point",
        "coordinates": [
          15.5341291,
          51.0854655
        ]
      },
      "id": "way/402579370"
    },
    {
      "type": "Feature",
      "properties": {
        "@id": "way/402685248",
        "addr:city:simc": "0190911",
        "addr:housenumber": "39",
        "addr:place": "Radłówka",
        "addr:postcode": "59-600",
        "amenity": "community_centre",
        "building": "yes",
        "building:levels": "3",
        "name": "Świetlica Radłówka",
        "source:addr": "lwowekslaski.e-mapa.net",
        "source:geometry": "geoportal.gov.pl, GPS",
        "@geometry": "center"
      },
      "geometry": {
        "type": "Point",
        "coordinates": [
          15.5405877,
          51.1207366
        ]
      },
      "id": "way/402685248"
    },
    {
      "type": "Feature",
      "properties": {
        "@id": "way/403380950",
        "addr:housenumber": "79b",
        "addr:place": "Kępnica",
        "addr:postcode": "48-303",
        "amenity": "community_centre",
        "building": "yes",
        "name": "Świetlica wiejska w Kępnicy",
        "source": "http://sdi.opolskie.pl/mapa_bazowa/request.aspx",
        "@geometry": "center"
      },
      "geometry": {
        "type": "Point",
        "coordinates": [
          17.3983126,
          50.4165718
        ]
      },
      "id": "way/403380950"
    },
    {
      "type": "Feature",
      "properties": {
        "@id": "way/404283074",
        "addr:housenumber": "3a",
        "addr:place": "Ligota Polska",
        "addr:postcode": "56-400",
        "amenity": "community_centre",
        "building": "yes",
        "name": "Gminny Ośrodek Kultury",
        "source:addr": "olesnicaolesnicki.e-mapa.net",
        "@geometry": "center"
      },
      "geometry": {
        "type": "Point",
        "coordinates": [
          17.5412667,
          51.2398488
        ]
      },
      "id": "way/404283074"
    },
    {
      "type": "Feature",
      "properties": {
        "@id": "way/404344978",
        "amenity": "community_centre",
        "building": "yes",
        "name": "Świetlica Wiejska",
        "@geometry": "center"
      },
      "geometry": {
        "type": "Point",
        "coordinates": [
          15.4644442,
          52.5361067
        ]
      },
      "id": "way/404344978"
    },
    {
      "type": "Feature",
      "properties": {
        "@id": "way/404563572",
        "addr:city:simc": "0494775",
        "addr:housenumber": "43",
        "addr:place": "Nowy Las",
        "addr:postcode": "48-340",
        "amenity": "community_centre",
        "building": "yes",
        "community_centre": "village_hall",
        "name": "Świetlica Wiejska",
        "source": "http://sdi.opolskie.pl/mapa_bazowa/request.aspx",
        "source:addr": "glucholazy.e-mapa.net",
        "@geometry": "center"
      },
      "geometry": {
        "type": "Point",
        "coordinates": [
          17.4244411,
          50.355968
        ]
      },
      "id": "way/404563572"
    },
    {
      "type": "Feature",
      "properties": {
        "@id": "way/404769199",
        "addr:city": "Puławy",
        "addr:city:simc": "0956810",
        "addr:housenumber": "63F",
        "addr:postcode": "24-100",
        "addr:street": "Lubelska",
        "addr:street:sym_ul": "11307",
        "amenity": "nightclub",
        "building": "yes",
        "name": "Klub Muzyczny Lawa",
        "source:addr": "mpulawy.e-mapa.net",
        "@geometry": "center"
      },
      "geometry": {
        "type": "Point",
        "coordinates": [
          22.0033832,
          51.4143719
        ]
      },
      "id": "way/404769199"
    },
    {
      "type": "Feature",
      "properties": {
        "@id": "way/404776127",
        "addr:city": "Brodnica",
        "addr:housenumber": "43",
        "addr:postcode": "87-300",
        "addr:street": "Przykop",
        "amenity": "community_centre",
        "building": "yes",
        "email": "bdk6@wp.pl",
        "name": "Brodnicki Dom Kultury",
        "opening_hours": "Mo-Su 08:00-20:00",
        "operator": "Gmina Miasta Brodnica",
        "phone": "+48 56 498 21 42",
        "website": "http://bdk.brodnica.net/",
        "@geometry": "center"
      },
      "geometry": {
        "type": "Point",
        "coordinates": [
          19.4057033,
          53.2555097
        ]
      },
      "id": "way/404776127"
    },
    {
      "type": "Feature",
      "properties": {
        "@id": "way/405063476",
        "addr:city": "Olszyna",
        "addr:housenumber": "20d",
        "addr:postcode": "59-830",
        "addr:street": "Wolności",
        "addr:street:sym_ul": "24687",
        "amenity": "community_centre",
        "building": "yes",
        "name": "Gminny Ośrodek Kultury",
        "source:addr": "olszyna.e-mapa.net",
        "source:geometry": "geoportal.gov.pl,GPS",
        "@geometry": "center"
      },
      "geometry": {
        "type": "Point",
        "coordinates": [
          15.3768132,
          51.0665985
        ]
      },
      "id": "way/405063476"
    },
    {
      "type": "Feature",
      "properties": {
        "@id": "way/405394288",
        "amenity": "community_centre",
        "building": "yes",
        "name": "Świetlica Wiejska",
        "@geometry": "center"
      },
      "geometry": {
        "type": "Point",
        "coordinates": [
          15.130408,
          51.5876914
        ]
      },
      "id": "way/405394288"
    },
    {
      "type": "Feature",
      "properties": {
        "@id": "way/405642684",
        "amenity": "community_centre",
        "building": "yes",
        "name": "Dom Ludowy",
        "@geometry": "center"
      },
      "geometry": {
        "type": "Point",
        "coordinates": [
          21.4120472,
          49.7402971
        ]
      },
      "id": "way/405642684"
    },
    {
      "type": "Feature",
      "properties": {
        "@id": "way/405837850",
        "name": "Świetlica Wiejska w Ocicach",
        "amenity": "community_centre",
        "building": "yes",
        "building:levels": "2",
        "@geometry": "center"
      },
      "geometry": {
        "type": "Point",
        "coordinates": [
          15.4936177,
          51.2000207
        ]
      },
      "id": "way/405837850"
    },
    {
      "type": "Feature",
      "properties": {
        "@id": "way/406084568",
        "addr:city": "Łobżenica",
        "addr:city:simc": "0966984",
        "addr:housenumber": "20",
        "addr:postcode": "89-310",
        "addr:street": "Adama Mickiewicza",
        "amenity": "community_centre",
        "building": "yes",
        "name": "Gminne Centrum Kultury",
        "source:addr": "lobzenica.e-mapa.net",
        "@geometry": "center"
      },
      "geometry": {
        "type": "Point",
        "coordinates": [
          17.2529212,
          53.2599041
        ]
      },
      "id": "way/406084568"
    },
    {
      "type": "Feature",
      "properties": {
        "@id": "way/406163439",
        "addr:city": "Malbork",
        "addr:housenumber": "42",
        "addr:postcode": "82-200",
        "addr:street": "Stare Miasto",
        "amenity": "community_centre",
        "building": "yes",
        "email": "latinum@kultura.malbork.pl",
        "fax": "552720165",
        "heritage": "2",
        "heritage:operator": "nid",
        "name": "Szkoła Łacińska Centrum Kultury i Edukacji",
        "phone": "552720165",
        "ref:nid": "153/90",
        "source": "https://mapy.zabytek.gov.pl/nid/",
        "start_date": "mid C14..1400",
        "@geometry": "center"
      },
      "geometry": {
        "type": "Point",
        "coordinates": [
          19.0252223,
          54.0377052
        ]
      },
      "id": "way/406163439"
    },
    {
      "type": "Feature",
      "properties": {
        "@id": "way/406283402",
        "ref": "54",
        "community_centre": "cultural_centre",
        "building": "yes",
        "name": "Sala widowiskowa Colosseo",
        "amenity": "community_centre",
        "@geometry": "center"
      },
      "geometry": {
        "type": "Point",
        "coordinates": [
          19.4083801,
          50.0005309
        ]
      },
      "id": "way/406283402"
    },
    {
      "type": "Feature",
      "properties": {
        "@id": "way/406283403",
        "ref": "50",
        "community_centre": "cultural_centre",
        "building": "yes",
        "amenity": "community_centre",
        "name": "Sala widowiskowa Egypt",
        "@geometry": "center"
      },
      "geometry": {
        "type": "Point",
        "coordinates": [
          19.4073095,
          49.9998959
        ]
      },
      "id": "way/406283403"
    },
    {
      "type": "Feature",
      "properties": {
        "@id": "way/406638554",
        "addr:housenumber": "15a",
        "addr:place": "Pawlikowice",
        "addr:postcode": "59-225",
        "amenity": "community_centre",
        "building": "yes",
        "name": "Świetlica Wiejska",
        "@geometry": "center"
      },
      "geometry": {
        "type": "Point",
        "coordinates": [
          15.9869812,
          51.2292637
        ]
      },
      "id": "way/406638554"
    },
    {
      "type": "Feature",
      "properties": {
        "@id": "way/406963416",
        "addr:city:simc": "0190839",
        "addr:housenumber": "26",
        "addr:place": "Kotliska",
        "addr:postcode": "59-600",
        "amenity": "community_centre",
        "building": "yes",
        "building:levels": "2",
        "name": "Świetlica Kotliska",
        "source:addr": "lwowekslaski.e-mapa.net",
        "source:geometry": "geoportal.gov.pl,GPS",
        "wheelchair": "yes",
        "@geometry": "center"
      },
      "geometry": {
        "type": "Point",
        "coordinates": [
          15.5233215,
          51.1571606
        ]
      },
      "id": "way/406963416"
    },
    {
      "type": "Feature",
      "properties": {
        "@id": "way/407023332",
        "addr:city:simc": "0190822",
        "addr:housenumber": "67",
        "addr:place": "Gradówek",
        "addr:postcode": "59-600",
        "amenity": "community_centre",
        "building": "yes",
        "building:levels": "2",
        "name": "Świetlica Niwnice",
        "source:addr": "lwowekslaski.e-mapa.net",
        "@geometry": "center"
      },
      "geometry": {
        "type": "Point",
        "coordinates": [
          15.4812493,
          51.09301
        ]
      },
      "id": "way/407023332"
    },
    {
      "type": "Feature",
      "properties": {
        "@id": "way/407161442",
        "amenity": "community_centre",
        "building": "yes",
        "name": "Świetlica Niwnice",
        "addr:city:simc": "0190868",
        "addr:housenumber": "97",
        "addr:place": "Niwnice",
        "addr:postcode": "59-600",
        "building:levels": "2",
        "source:addr": "lwowekslaski.e-mapa.net",
        "@geometry": "center"
      },
      "geometry": {
        "type": "Point",
        "coordinates": [
          15.4861352,
          51.1164836
        ]
      },
      "id": "way/407161442"
    },
    {
      "type": "Feature",
      "properties": {
        "@id": "way/407216239",
        "addr:city:simc": "0190992",
        "addr:housenumber": "11A",
        "addr:place": "Włodzice Małe",
        "addr:postcode": "59-600",
        "amenity": "community_centre",
        "building": "yes",
        "name": "Świetlica Wiejska",
        "source:addr": "lwowekslaski.e-mapa.net",
        "@geometry": "center"
      },
      "geometry": {
        "type": "Point",
        "coordinates": [
          15.5397888,
          51.1809839
        ]
      },
      "id": "way/407216239"
    },
    {
      "type": "Feature",
      "properties": {
        "@id": "way/407632307",
        "addr:city:simc": "0909727",
        "addr:housenumber": "16A",
        "addr:place": "Klików",
        "amenity": "community_centre",
        "building": "yes",
        "community_centre": "village_hall",
        "name": "Świetlica wiejska",
        "source:addr": "ilowa.e-mapa.net",
        "@geometry": "center"
      },
      "geometry": {
        "type": "Point",
        "coordinates": [
          15.2039756,
          51.4679144
        ]
      },
      "id": "way/407632307"
    },
    {
      "type": "Feature",
      "properties": {
        "@id": "way/407722028",
        "amenity": "community_centre",
        "building": "yes",
        "name": "Świetlica wiejska",
        "addr:housenumber": "40",
        "addr:place": "Krzeczyn",
        "addr:postcode": "56-400",
        "source:addr": "olesnicaolesnicki.e-mapa.net",
        "@geometry": "center"
      },
      "geometry": {
        "type": "Point",
        "coordinates": [
          17.3323637,
          51.1509276
        ]
      },
      "id": "way/407722028"
    },
    {
      "type": "Feature",
      "properties": {
        "@id": "way/407778372",
        "barrier": "fence",
        "amenity": "community_centre",
        "@geometry": "center"
      },
      "geometry": {
        "type": "Point",
        "coordinates": [
          18.1225273,
          53.1498952
        ]
      },
      "id": "way/407778372"
    },
    {
      "type": "Feature",
      "properties": {
        "@id": "way/409413653",
        "heritage": "4",
        "amenity": "community_centre",
        "name": "Świetlica wiejska",
        "teryt:simc": "0879021",
        "building:colour": "yellow",
        "source:addr": "olesnicaolesnicki.e-mapa.net",
        "building:levels": "1",
        "addr:housenumber": "97",
        "addr:place": "Ligota Mała",
        "addr:postcode": "56-400",
        "building": "yes",
        "building:material": "plaster",
        "roof:colour": "gray",
        "@geometry": "center"
      },
      "geometry": {
        "type": "Point",
        "coordinates": [
          17.3626824,
          51.1370666
        ]
      },
      "id": "way/409413653"
    },
    {
      "type": "Feature",
      "properties": {
        "@id": "way/410572488",
        "name": "Centrum Kultury im. Kawalerów Orderu Uśmiechu",
        "website": "http://www.ckglucholazy.pl",
        "addr:city": "Głuchołazy",
        "addr:housenumber": "7",
        "addr:postcode": "48-340",
        "addr:street": "Bohaterów Warszawy",
        "amenity": "community_centre",
        "building": "yes",
        "building:levels": "3",
        "@geometry": "center"
      },
      "geometry": {
        "type": "Point",
        "coordinates": [
          17.3838113,
          50.3145622
        ]
      },
      "id": "way/410572488"
    },
    {
      "type": "Feature",
      "properties": {
        "@id": "way/411297373",
        "addr:city": "Babiak",
        "addr:postcode": "62-620",
        "addr:street": "Poznańska",
        "amenity": "community_centre",
        "building": "yes",
        "name": "Gminny Ośrodek Kultury",
        "@geometry": "center"
      },
      "geometry": {
        "type": "Point",
        "coordinates": [
          18.6630847,
          52.3450741
        ]
      },
      "id": "way/411297373"
    },
    {
      "type": "Feature",
      "properties": {
        "@id": "way/411620194",
        "source:addr": "ozarowmazowiecki.e-mapa.net",
        "name": "Dom Kultury \"Uśmiech\", Filia w Broniszach",
        "addr:street:sym_ul": "28676",
        "addr:city": "Bronisze",
        "addr:city:simc": "0005753",
        "addr:housenumber": "15",
        "addr:postcode": "05-850",
        "addr:street": "Przyparkowa",
        "amenity": "community_centre",
        "building": "yes",
        "community_centre": "cultural_centre",
        "@geometry": "center"
      },
      "geometry": {
        "type": "Point",
        "coordinates": [
          20.8438339,
          52.2109715
        ]
      },
      "id": "way/411620194"
    },
    {
      "type": "Feature",
      "properties": {
        "@id": "way/411786279",
        "addr:city:simc": "0190957",
        "addr:housenumber": "23A",
        "addr:place": "Skała",
        "addr:postcode": "59-600",
        "amenity": "community_centre",
        "building": "yes",
        "building:levels": "2",
        "name": "Świetlica Skała",
        "source:addr": "lwowekslaski.e-mapa.net",
        "@geometry": "center"
      },
      "geometry": {
        "type": "Point",
        "coordinates": [
          15.5941859,
          51.1571201
        ]
      },
      "id": "way/411786279"
    },
    {
      "type": "Feature",
      "properties": {
        "@id": "way/412363295",
        "source:addr": "emuia.gugik.gov.pl",
        "name": "Świetlica wiejska",
        "addr:city": "Piecowice",
        "addr:city:simc": "0873946",
        "addr:housenumber": "20",
        "addr:postcode": "55-093",
        "addr:street": "Stawowa",
        "addr:street:sym_ul": "21101",
        "amenity": "community_centre",
        "building": "yes",
        "@geometry": "center"
      },
      "geometry": {
        "type": "Point",
        "coordinates": [
          17.213966,
          51.1425433
        ]
      },
      "id": "way/412363295"
    },
    {
      "type": "Feature",
      "properties": {
        "@id": "way/412654548",
        "addr:housenumber": "103",
        "addr:place": "Werynia",
        "addr:postcode": "36-100",
        "amenity": "community_centre",
        "building": "yes",
        "name": "Wiejski Dom Kultury w Weryni",
        "source:addr": "EMUiA (kolbuszowa.e-mapa.net)",
        "@geometry": "center"
      },
      "geometry": {
        "type": "Point",
        "coordinates": [
          21.8218726,
          50.2505578
        ]
      },
      "id": "way/412654548"
    },
    {
      "type": "Feature",
      "properties": {
        "@id": "way/413335834",
        "name": "Dom Ludowy w Stykowie",
        "addr:city": "Głogów Małopolski",
        "addr:housenumber": "154",
        "addr:postcode": "36-060",
        "addr:street": "Stykowska",
        "amenity": "community_centre",
        "building": "yes",
        "@geometry": "center"
      },
      "geometry": {
        "type": "Point",
        "coordinates": [
          21.9488855,
          50.186391
        ]
      },
      "id": "way/413335834"
    },
    {
      "type": "Feature",
      "properties": {
        "@id": "way/413549623",
        "addr:housenumber": "1",
        "addr:place": "Hucisko",
        "addr:postcode": "36-060",
        "amenity": "community_centre",
        "building": "yes",
        "name": "Dom Ludowy",
        "source:addr": "EMUiA (glogowmalopolski.e-mapa.net)",
        "@geometry": "center"
      },
      "geometry": {
        "type": "Point",
        "coordinates": [
          22.0228369,
          50.2208043
        ]
      },
      "id": "way/413549623"
    },
    {
      "type": "Feature",
      "properties": {
        "@id": "way/413744540",
        "addr:city:simc": "0365316",
        "addr:housenumber": "1B",
        "addr:place": "Krzeczyn Mały",
        "addr:postcode": "59-311",
        "amenity": "community_centre",
        "building": "yes",
        "description": "Ośrodek Kultury Gminy Lubin, Świetlica Wiejska w Krzeczynie Małym",
        "source:addr": "emuia.gugik.gov.pl",
        "@geometry": "center"
      },
      "geometry": {
        "type": "Point",
        "coordinates": [
          16.1252372,
          51.3864609
        ]
      },
      "id": "way/413744540"
    },
    {
      "type": "Feature",
      "properties": {
        "@id": "way/413933632",
        "addr:city": "Kochlice",
        "addr:housenumber": "19",
        "addr:postcode": "59-222",
        "addr:street": "Sportowa",
        "amenity": "community_centre",
        "building": "yes",
        "name": "Świetlica Klubu Sportowego \"Iskra\"",
        "@geometry": "center"
      },
      "geometry": {
        "type": "Point",
        "coordinates": [
          16.1583203,
          51.2818626
        ]
      },
      "id": "way/413933632"
    },
    {
      "type": "Feature",
      "properties": {
        "@id": "way/413979806",
        "amenity": "community_centre",
        "building": "yes",
        "name": "Świetlica Wiejska",
        "@geometry": "center"
      },
      "geometry": {
        "type": "Point",
        "coordinates": [
          19.8878171,
          50.9148193
        ]
      },
      "id": "way/413979806"
    },
    {
      "type": "Feature",
      "properties": {
        "@id": "way/414055616",
        "addr:city:simc": "0363381",
        "addr:housenumber": "35",
        "addr:place": "Goliszów",
        "addr:postcode": "59-225",
        "amenity": "community_centre",
        "building": "public",
        "name": "Świetlica Wiejska",
        "operator": "Gmina Chojnów",
        "source:addr": "gugik.gov.pl",
        "@geometry": "center"
      },
      "geometry": {
        "type": "Point",
        "coordinates": [
          15.9918073,
          51.2866944
        ]
      },
      "id": "way/414055616"
    },
    {
      "type": "Feature",
      "properties": {
        "@id": "way/414304305",
        "source:addr": "michalowice.e-mapa.net",
        "source": "survey",
        "amenity": "community_centre",
        "building": "public",
        "building:levels": "1",
        "addr:street": "Kaliszany",
        "addr:postcode": "05-806",
        "addr:housenumber": "18",
        "name": "Świetlica – Kaliszowy Gaik",
        "addr:city:simc": "0005204",
        "addr:city": "Komorów",
        "@geometry": "center"
      },
      "geometry": {
        "type": "Point",
        "coordinates": [
          20.8210635,
          52.1380253
        ]
      },
      "id": "way/414304305"
    },
    {
      "type": "Feature",
      "properties": {
        "@id": "way/414583421",
        "addr:housenumber": "30",
        "addr:place": "Kłoda",
        "addr:postcode": "67-231",
        "amenity": "community_centre",
        "building": "yes",
        "source": "zukowice.e-mapa.net",
        "@geometry": "center"
      },
      "geometry": {
        "type": "Point",
        "coordinates": [
          15.9481743,
          51.6585537
        ]
      },
      "id": "way/414583421"
    },
    {
      "type": "Feature",
      "properties": {
        "@id": "way/414636318",
        "addr:city:simc": "0657912",
        "addr:housenumber": "68",
        "addr:place": "Blizna",
        "addr:postcode": "39-104",
        "amenity": "community_centre",
        "building": "civic",
        "building:colour": "cornsilk",
        "building:levels": "1",
        "building:material": "plaster",
        "height": "8",
        "roof:colour": "crimson",
        "roof:height": "3",
        "roof:material": "metal",
        "roof:shape": "gabled",
        "source:addr": "emuia1.gugik.gov.pl",
        "@geometry": "center"
      },
      "geometry": {
        "type": "Point",
        "coordinates": [
          21.6078702,
          50.1902419
        ]
      },
      "id": "way/414636318"
    },
    {
      "type": "Feature",
      "properties": {
        "@id": "way/415436531",
        "addr:city": "Złotniki",
        "addr:postcode": "39-300",
        "amenity": "community_centre",
        "building": "yes",
        "name": "Dom strażacko-ludowy w Złotnikach",
        "@geometry": "center"
      },
      "geometry": {
        "type": "Point",
        "coordinates": [
          21.4120087,
          50.3123183
        ]
      },
      "id": "way/415436531"
    },
    {
      "type": "Feature",
      "properties": {
        "@id": "way/415470612",
        "name": "SOKiS - Samorządowy Ośrodek Kultury i Sportu Gminy Mielec z siedzibą w Chorzelowie",
        "website": "http://sokis.gmina.mielec.pl",
        "addr:housenumber": "307",
        "addr:place": "Chorzelów",
        "addr:postcode": "39-331",
        "amenity": "community_centre",
        "building": "yes",
        "phone": "+48 17 584 14 83",
        "source:addr": "EMUiA (emuia.gugik.gov.pl)",
        "@geometry": "center"
      },
      "geometry": {
        "type": "Point",
        "coordinates": [
          21.4375287,
          50.3298602
        ]
      },
      "id": "way/415470612"
    },
    {
      "type": "Feature",
      "properties": {
        "@id": "way/415504853",
        "addr:street:sym_ul": "13379",
        "source:addr": "konstancinjeziorna.e-mapa.net",
        "addr:city": "Konstancin-Jeziorna",
        "addr:city:simc": "0920634",
        "addr:housenumber": "7",
        "addr:postcode": "05-510",
        "addr:street": "Mostowa",
        "alt_name": "Hugonówka",
        "amenity": "community_centre",
        "building": "yes",
        "community_centre": "cultural_centre",
        "name": "Konstanciński Dom Kultury",
        "start_date": "1902",
        "tourism": "attraction",
        "website": "http://www.konstancinskidomkultury.pl/",
        "@geometry": "center"
      },
      "geometry": {
        "type": "Point",
        "coordinates": [
          21.1094548,
          52.0858675
        ]
      },
      "id": "way/415504853"
    },
    {
      "type": "Feature",
      "properties": {
        "@id": "way/415843632",
        "addr:city:simc": "0364305",
        "addr:housenumber": "42A",
        "addr:place": "Kurowice",
        "addr:postcode": "67-210",
        "amenity": "community_centre",
        "building": "yes",
        "name": "Świetlica wiejska",
        "source:addr": "jerzmanowa.e-mapa.net",
        "@geometry": "center"
      },
      "geometry": {
        "type": "Point",
        "coordinates": [
          16.0434453,
          51.6342231
        ]
      },
      "id": "way/415843632"
    },
    {
      "type": "Feature",
      "properties": {
        "@id": "way/415994715",
        "addr:housenumber": "54",
        "addr:place": "Smardzów",
        "addr:postcode": "67-222",
        "amenity": "community_centre",
        "building": "yes",
        "building:levels": "1",
        "name": "Świetlica wiejska",
        "operator": "GCK Jerzmanowa",
        "source": "UG Jerzmanowa",
        "website": "https://www.gckjerzmanowa.pl/wynajem-sal-i-swietlic/swietlica-wiejska-smardzow",
        "@geometry": "center"
      },
      "geometry": {
        "type": "Point",
        "coordinates": [
          16.0669993,
          51.6129763
        ]
      },
      "id": "way/415994715"
    },
    {
      "type": "Feature",
      "properties": {
        "@id": "way/416587069",
        "addr:housenumber": "69",
        "addr:place": "Kromolin",
        "addr:postcode": "67-231",
        "amenity": "community_centre",
        "building": "yes",
        "name": "Świetlica Wiejska",
        "@geometry": "center"
      },
      "geometry": {
        "type": "Point",
        "coordinates": [
          15.8830351,
          51.6848875
        ]
      },
      "id": "way/416587069"
    },
    {
      "type": "Feature",
      "properties": {
        "@id": "way/417027468",
        "addr:housenumber": "10A",
        "addr:place": "Ogorzelec",
        "addr:postcode": "59-150",
        "amenity": "community_centre",
        "building": "yes",
        "building:levels": "1",
        "name": "Świetlica wiejska",
        "source": "grebocice.e-mapa.net",
        "@geometry": "center"
      },
      "geometry": {
        "type": "Point",
        "coordinates": [
          16.1320451,
          51.6050122
        ]
      },
      "id": "way/417027468"
    },
    {
      "type": "Feature",
      "properties": {
        "@id": "way/417235719",
        "addr:postcode": "46-100",
        "website": "http://nasznok.pl/swietlice-wiejskie/kamienna",
        "addr:housenumber": "23",
        "addr:place": "Kamienna",
        "source": "http://sdi.opolskie.pl/mapa_bazowa/request.aspx",
        "amenity": "community_centre",
        "building": "yes",
        "community_centre": "village_hall",
        "name": "Świetlica wiejska",
        "operator": "Urząd Miejski w Namysłowie",
        "@geometry": "center"
      },
      "geometry": {
        "type": "Point",
        "coordinates": [
          17.7594954,
          51.0753095
        ]
      },
      "id": "way/417235719"
    },
    {
      "type": "Feature",
      "properties": {
        "@id": "way/417248143",
        "addr:housenumber": "54",
        "addr:place": "Włochy",
        "addr:postcode": "46-146",
        "amenity": "community_centre",
        "building": "yes",
        "community_centre": "village_hall",
        "name": "Świetlica wiejska",
        "source:addr": "http://sdi.opolskie.pl/mapa_bazowa/request.aspx",
        "@geometry": "center"
      },
      "geometry": {
        "type": "Point",
        "coordinates": [
          17.9249319,
          51.0555225
        ]
      },
      "id": "way/417248143"
    },
    {
      "type": "Feature",
      "properties": {
        "@id": "way/418205880",
        "addr:city": "Otorowo",
        "addr:city:simc": "0595921",
        "addr:housenumber": "10",
        "addr:postcode": "64-551",
        "addr:street": "Szamotulska",
        "amenity": "community_centre",
        "building": "yes",
        "name": "Salka Parafialna",
        "source:addr": "szamotuly.e-mapa.net",
        "toilets": "customers",
        "@geometry": "center"
      },
      "geometry": {
        "type": "Point",
        "coordinates": [
          16.4380551,
          52.5627266
        ]
      },
      "id": "way/418205880"
    },
    {
      "type": "Feature",
      "properties": {
        "@id": "way/418236751",
        "addr:housenumber": "86A",
        "addr:place": "Ligota Książęca",
        "addr:postcode": "46-166",
        "amenity": "community_centre",
        "building": "public",
        "community_centre": "village_hall",
        "name": "Świetlica Wiejska w Ligocie-Książęcej",
        "source": "http://sdi.opolskie.pl/mapa_bazowa/request.aspx",
        "@geometry": "center"
      },
      "geometry": {
        "type": "Point",
        "coordinates": [
          17.5670134,
          51.0195379
        ]
      },
      "id": "way/418236751"
    },
    {
      "type": "Feature",
      "properties": {
        "@id": "way/418317672",
        "addr:housenumber": "18a",
        "addr:place": "Drożki",
        "addr:postcode": "63-630",
        "amenity": "community_centre",
        "building": "yes",
        "name": "Dom Ludowy Drożki",
        "source:addr": "rychtal.e-mapa.net",
        "@geometry": "center"
      },
      "geometry": {
        "type": "Point",
        "coordinates": [
          17.8581984,
          51.1978673
        ]
      },
      "id": "way/418317672"
    },
    {
      "type": "Feature",
      "properties": {
        "@id": "way/418320377",
        "amenity": "community_centre",
        "building": "yes",
        "name": "Świetlica wiejska",
        "operator": "OSP Trębaczów",
        "@geometry": "center"
      },
      "geometry": {
        "type": "Point",
        "coordinates": [
          17.8015059,
          51.21392
        ]
      },
      "id": "way/418320377"
    },
    {
      "type": "Feature",
      "properties": {
        "@id": "way/418938003",
        "amenity": "community_centre",
        "name": "Folwark Kultura",
        "operator": "Centrum Kultury, Promocji i Rekreacji w Zielonkach",
        "operator:type": "public",
        "website": "https://ckpir.zielonki.pl",
        "@geometry": "center"
      },
      "geometry": {
        "type": "Point",
        "coordinates": [
          19.9152505,
          50.1725984
        ]
      },
      "id": "way/418938003"
    },
    {
      "type": "Feature",
      "properties": {
        "@id": "way/419133088",
        "addr:housenumber": "14",
        "addr:place": "Ustronie",
        "addr:postcode": "59-600",
        "amenity": "community_centre",
        "building": "yes",
        "name": "Świetlica Ustronie",
        "@geometry": "center"
      },
      "geometry": {
        "type": "Point",
        "coordinates": [
          15.6306899,
          51.1713377
        ]
      },
      "id": "way/419133088"
    },
    {
      "type": "Feature",
      "properties": {
        "@id": "way/419393854",
        "amenity": "community_centre",
        "building": "yes",
        "building:levels": "2",
        "name": "Centrum Kulturalno-Biblioteczne",
        "@geometry": "center"
      },
      "geometry": {
        "type": "Point",
        "coordinates": [
          16.1341125,
          50.7653217
        ]
      },
      "id": "way/419393854"
    },
    {
      "type": "Feature",
      "properties": {
        "@id": "way/419446648",
        "addr:housenumber": "10",
        "addr:place": "Laskowiec",
        "addr:postcode": "48-210",
        "amenity": "community_centre",
        "building": "yes",
        "name": "Dom kultury",
        "@geometry": "center"
      },
      "geometry": {
        "type": "Point",
        "coordinates": [
          17.5752271,
          50.3822967
        ]
      },
      "id": "way/419446648"
    },
    {
      "type": "Feature",
      "properties": {
        "@id": "way/419997774",
        "wheelchair": "no",
        "source": "http://sdi.opolskie.pl/mapa_bazowa/request.aspx",
        "addr:city": "Pisarzowice",
        "addr:housenumber": "21",
        "addr:postcode": "49-314",
        "addr:street": "Brzeska",
        "amenity": "community_centre",
        "building": "public",
        "community_centre": "village_hall",
        "name": "Świetlica wiejska w Pisarzowicach",
        "@geometry": "center"
      },
      "geometry": {
        "type": "Point",
        "coordinates": [
          17.4815263,
          50.8797562
        ]
      },
      "id": "way/419997774"
    },
    {
      "type": "Feature",
      "properties": {
        "@id": "way/420205725",
        "addr:housenumber": "26",
        "addr:place": "Piastowice",
        "addr:postcode": "49-313",
        "amenity": "community_centre",
        "building": "public",
        "building:levels": "1",
        "community_centre": "village_hall",
        "name": "Świetlica Wiejska w Piastowicach",
        "roof:levels": "1",
        "roof:shape": "gabled",
        "source": "http://sdi.opolskie.pl/mapa_bazowa/request.aspx",
        "wheelchair": "no",
        "@geometry": "center"
      },
      "geometry": {
        "type": "Point",
        "coordinates": [
          17.5208042,
          50.894984
        ]
      },
      "id": "way/420205725"
    },
    {
      "type": "Feature",
      "properties": {
        "@id": "way/420808283",
        "addr:city:simc": "0364334",
        "addr:housenumber": "32",
        "addr:place": "Maniów",
        "addr:postcode": "67-222",
        "amenity": "community_centre",
        "building": "yes",
        "name": "Świetlica wiejska",
        "operator": "GCK Jerzmanowa",
        "source": "UG Jerzmanowa",
        "source:addr": "jerzmanowa.e-mapa.net",
        "website": "https://gckjerzmanowa.pl/wynajem-sal-i-swietlic/swietlica-wiejska-maniow",
        "@geometry": "center"
      },
      "geometry": {
        "type": "Point",
        "coordinates": [
          16.0233936,
          51.6058482
        ]
      },
      "id": "way/420808283"
    },
    {
      "type": "Feature",
      "properties": {
        "@id": "way/421048089",
        "addr:city:simc": "0370375",
        "addr:housenumber": "17A",
        "addr:place": "Sławęcice",
        "addr:postcode": "56-200",
        "amenity": "community_centre",
        "building": "residential",
        "community_centre": "village_hall",
        "name": "Świetlica Wiejska w Sławęcicach",
        "source:addr": "gora.e-mapa.net",
        "@geometry": "center"
      },
      "geometry": {
        "type": "Point",
        "coordinates": [
          16.522531,
          51.7001958
        ]
      },
      "id": "way/421048089"
    },
    {
      "type": "Feature",
      "properties": {
        "@id": "way/421251971",
        "addr:housenumber": "1",
        "addr:street": "Miejska",
        "addr:city:simc": "0370346",
        "addr:place": "Ryczeń",
        "addr:postcode": "56-200",
        "amenity": "community_centre",
        "building": "yes",
        "name": "Świetlica wiejska w Ryczeniu",
        "source:addr": "gora.e-mapa.net",
        "@geometry": "center"
      },
      "geometry": {
        "type": "Point",
        "coordinates": [
          16.5130429,
          51.6158704
        ]
      },
      "id": "way/421251971"
    },
    {
      "type": "Feature",
      "properties": {
        "@id": "way/421491312",
        "addr:city:simc": "0547425",
        "addr:housenumber": "46",
        "addr:place": "Różanna",
        "addr:postcode": "26-300",
        "amenity": "community_centre",
        "building": "yes",
        "name": "Świetlica Wiejska",
        "source:addr": "emuia.gugik.gov.pl",
        "@geometry": "center"
      },
      "geometry": {
        "type": "Point",
        "coordinates": [
          20.3143729,
          51.3781601
        ]
      },
      "id": "way/421491312"
    },
    {
      "type": "Feature",
      "properties": {
        "@id": "way/421858324",
        "name": "Powozownia",
        "building": "yes",
        "amenity": "community_centre",
        "@geometry": "center"
      },
      "geometry": {
        "type": "Point",
        "coordinates": [
          20.54816,
          52.0032817
        ]
      },
      "id": "way/421858324"
    },
    {
      "type": "Feature",
      "properties": {
        "@id": "way/421938453",
        "addr:housenumber": "2",
        "addr:place": "Nosale",
        "addr:postcode": "63-640",
        "amenity": "community_centre",
        "building": "yes",
        "name": "Świetlica wiejska w Nosalach",
        "operator:website": "http://bralin.pl",
        "source:addr": "bralin.e-mapa.net",
        "@geometry": "center"
      },
      "geometry": {
        "type": "Point",
        "coordinates": [
          17.9172432,
          51.2521707
        ]
      },
      "id": "way/421938453"
    },
    {
      "type": "Feature",
      "properties": {
        "@id": "way/422017863",
        "website": "http://www.gckiskamionka.pl",
        "addr:city:simc": "0657970",
        "addr:housenumber": "69",
        "addr:place": "Kamionka",
        "addr:postcode": "39-122",
        "amenity": "community_centre",
        "building": "yes",
        "name": "Gminne Centrum Kultury i Sportu w Ostrowie z/s w Kamionce",
        "phone": "+48 17 223 31 34",
        "source:addr": "emuia1.gugik.gov.pl",
        "@geometry": "center"
      },
      "geometry": {
        "type": "Point",
        "coordinates": [
          21.6702894,
          50.1424435
        ]
      },
      "id": "way/422017863"
    },
    {
      "type": "Feature",
      "properties": {
        "@id": "way/422981505",
        "addr:housenumber": "47c",
        "addr:place": "Dąbrowa",
        "addr:postcode": "56-400",
        "amenity": "community_centre",
        "building": "house",
        "name": "Świetlica wiejska",
        "source:addr": "olesnicaolesnicki.e-mapa.net",
        "@geometry": "center"
      },
      "geometry": {
        "type": "Point",
        "coordinates": [
          17.3597089,
          51.2307529
        ]
      },
      "id": "way/422981505"
    },
    {
      "type": "Feature",
      "properties": {
        "@id": "way/423160747",
        "amenity": "community_centre",
        "wheelchair": "yes",
        "addr:city": "Józefów",
        "addr:city:simc": "0920404",
        "addr:housenumber": "11",
        "addr:postcode": "05-420",
        "addr:street": "Kardynała Stefana Wyszyńskiego",
        "building": "detached",
        "building:levels": "2",
        "description": "Budynek jest jednym z najstarszych w Józefowie. Łączy w sobie różne style i elementy konstrukcyjne. Po wojnie willa została przejęta przez Skarb Państwa, a następnie przeznaczona na lokale komunalne. Wówczas budynek przeszedł pewne przeobrażenia.",
        "name": "Willa Balbinów",
        "operator": "Miasto Józefów",
        "operator:type": "public",
        "source": "Karta wojewódzkiej ewidencji zabytków nr 1634.",
        "source:addr": "gugik.gov.pl",
        "start_date": "1902",
        "@geometry": "center"
      },
      "geometry": {
        "type": "Point",
        "coordinates": [
          21.2312541,
          52.1344115
        ]
      },
      "id": "way/423160747"
    },
    {
      "type": "Feature",
      "properties": {
        "@id": "way/423203225",
        "addr:housenumber": "14A",
        "addr:place": "Łączany",
        "addr:postcode": "46-100",
        "amenity": "community_centre",
        "building": "yes",
        "community_centre": "village_hall",
        "name": "Świetlica wiejska",
        "operator": "Urząd Miejski w Namysłowie",
        "source": "http://sdi.opolskie.pl/mapa_bazowa/request.aspx",
        "website": "http://nasznok.pl/swietlice-wiejskie/laczany",
        "@geometry": "center"
      },
      "geometry": {
        "type": "Point",
        "coordinates": [
          17.7533842,
          51.0572832
        ]
      },
      "id": "way/423203225"
    },
    {
      "type": "Feature",
      "properties": {
        "@id": "way/423760903",
        "addr:city:simc": "0500493",
        "addr:housenumber": "25",
        "addr:place": "Sękowice",
        "addr:postcode": "48-300",
        "amenity": "community_centre",
        "building": "yes",
        "name": "Świetlica wiejska",
        "source": "http://sdi.opolskie.pl/mapa_bazowa/request.aspx",
        "source:addr": "nysa.e-mapa.net",
        "@geometry": "center"
      },
      "geometry": {
        "type": "Point",
        "coordinates": [
          17.3076374,
          50.5146806
        ]
      },
      "id": "way/423760903"
    },
    {
      "type": "Feature",
      "properties": {
        "@id": "way/424188530",
        "amenity": "community_centre",
        "building": "yes",
        "name": "Wiejski dom Kultury w Żarkach Wielkich",
        "url": "https://polska-org.pl/5698638,Zarki_Wielkie,Wiejski_dom_kultury.html",
        "@geometry": "center"
      },
      "geometry": {
        "type": "Point",
        "coordinates": [
          14.7569425,
          51.5925127
        ]
      },
      "id": "way/424188530"
    },
    {
      "type": "Feature",
      "properties": {
        "@id": "way/424526080",
        "addr:city": "Kłobuck",
        "addr:housenumber": "1",
        "addr:postcode": "42-100",
        "addr:street": "Targowa",
        "amenity": "community_centre",
        "building": "yes",
        "building:levels": "2",
        "building:levels:underground": "1",
        "heritage": "7",
        "image": "https://photos.app.goo.gl/U3JFpZXtrbpiwZav6",
        "name": "Miejski Ośrodek Kultury",
        "roof:colour": "gray",
        "@geometry": "center"
      },
      "geometry": {
        "type": "Point",
        "coordinates": [
          18.9385538,
          50.9053436
        ]
      },
      "id": "way/424526080"
    },
    {
      "type": "Feature",
      "properties": {
        "@id": "way/424749424",
        "addr:city:simc": "0914585",
        "addr:housenumber": "74",
        "addr:place": "Długie",
        "amenity": "community_centre",
        "building": "yes",
        "name": "Świetlica Wiejska",
        "source:addr": "szprotawa.e-mapa.net",
        "website": "https://dolny-slask.org.pl/7030364,Dlugie,Swietlica_wiejska_dawna_gospoda.html",
        "@geometry": "center"
      },
      "geometry": {
        "type": "Point",
        "coordinates": [
          15.6412401,
          51.6530181
        ]
      },
      "id": "way/424749424"
    },
    {
      "type": "Feature",
      "properties": {
        "@id": "way/425476063",
        "addr:city": "Racławiczki",
        "addr:housenumber": "20",
        "addr:postcode": "47-370",
        "addr:street": "Opolska",
        "amenity": "community_centre",
        "building": "yes",
        "name": "Dom Kultury w Racławiczkach",
        "source": "http://sdi.opolskie.pl/mapa_bazowa/request.aspx",
        "@geometry": "center"
      },
      "geometry": {
        "type": "Point",
        "coordinates": [
          17.7946841,
          50.4700753
        ]
      },
      "id": "way/425476063"
    },
    {
      "type": "Feature",
      "properties": {
        "@id": "way/425863377",
        "addr:city:simc": "0358339",
        "addr:housenumber": "18",
        "addr:place": "Ropienka",
        "addr:postcode": "38-711",
        "amenity": "community_centre",
        "building": "yes",
        "name": "Świetlica",
        "source:addr": "ustrzykidolne.e-mapa.net",
        "@geometry": "center"
      },
      "geometry": {
        "type": "Point",
        "coordinates": [
          22.4916191,
          49.5282605
        ]
      },
      "id": "way/425863377"
    },
    {
      "type": "Feature",
      "properties": {
        "@id": "way/425954330",
        "addr:housenumber": "61A",
        "addr:place": "Stary Wielisław",
        "addr:postcode": "57-313",
        "amenity": "community_centre",
        "building": "public",
        "name": "Centrum Inicjatyw Społeczno-Kulturalnych w Starym Wielisławiu",
        "@geometry": "center"
      },
      "geometry": {
        "type": "Point",
        "coordinates": [
          16.5679781,
          50.4009776
        ]
      },
      "id": "way/425954330"
    },
    {
      "type": "Feature",
      "properties": {
        "@id": "way/426794091",
        "source:addr": "dobrzynnadwisla.e-mapa.net",
        "fixme": "obrysy budynków zgodnie z ewidencją.",
        "name": "Dobrzyński Dom Kultury \"Żak\"",
        "building": "public",
        "addr:city": "Dobrzyń nad Wisłą",
        "addr:housenumber": "2",
        "addr:postcode": "87-610",
        "addr:street": "Szkolna",
        "amenity": "community_centre",
        "@geometry": "center"
      },
      "geometry": {
        "type": "Point",
        "coordinates": [
          19.3182769,
          52.6393994
        ]
      },
      "id": "way/426794091"
    },
    {
      "type": "Feature",
      "properties": {
        "@id": "way/427199584",
        "addr:housenumber": "11a",
        "addr:place": "Weronikopole",
        "addr:postcode": "63-640",
        "amenity": "community_centre",
        "building": "public",
        "name": "Sala wiejska",
        "source:addr": "bralin.e-mapa.net",
        "@geometry": "center"
      },
      "geometry": {
        "type": "Point",
        "coordinates": [
          17.8838577,
          51.3274681
        ]
      },
      "id": "way/427199584"
    },
    {
      "type": "Feature",
      "properties": {
        "@id": "way/427200147",
        "amenity": "community_centre",
        "building": "public",
        "name": "Sala wiejska",
        "source:geometry": "geoportal.gov.pl:BDOT",
        "@geometry": "center"
      },
      "geometry": {
        "type": "Point",
        "coordinates": [
          17.9069122,
          51.313851
        ]
      },
      "id": "way/427200147"
    },
    {
      "type": "Feature",
      "properties": {
        "@id": "way/428039695",
        "addr:city": "Skałągi",
        "addr:housenumber": "1",
        "addr:postcode": "46-262",
        "addr:street": "Sportowa",
        "amenity": "community_centre",
        "building": "yes",
        "name": "Świetlica wiejska",
        "source": "http://sdi.opolskie.pl/mapa_bazowa/request.aspx",
        "@geometry": "center"
      },
      "geometry": {
        "type": "Point",
        "coordinates": [
          18.1144084,
          51.0529645
        ]
      },
      "id": "way/428039695"
    },
    {
      "type": "Feature",
      "properties": {
        "@id": "way/428745120",
        "addr:city:simc": "0502747",
        "addr:housenumber": "299",
        "addr:place": "Szybowice",
        "addr:postcode": "48-200",
        "amenity": "community_centre",
        "building": "yes",
        "name": "Wiejski Dom Kultury",
        "source": "http://sdi.opolskie.pl/mapa_bazowa/request.aspx",
        "source:addr": "prudnik.e-mapa.net",
        "@geometry": "center"
      },
      "geometry": {
        "type": "Point",
        "coordinates": [
          17.4902643,
          50.3521245
        ]
      },
      "id": "way/428745120"
    },
    {
      "type": "Feature",
      "properties": {
        "@id": "way/428755295",
        "addr:city:simc": "0502687",
        "addr:housenumber": "131a",
        "addr:place": "Niemysłowice",
        "addr:postcode": "48-200",
        "amenity": "community_centre",
        "building": "yes",
        "name": "Wiejski Dom Kultury",
        "source": "http://sdi.opolskie.pl/mapa_bazowa/request.aspx",
        "source:addr": "prudnik.e-mapa.net",
        "@geometry": "center"
      },
      "geometry": {
        "type": "Point",
        "coordinates": [
          17.5585978,
          50.3460286
        ]
      },
      "id": "way/428755295"
    },
    {
      "type": "Feature",
      "properties": {
        "@id": "way/428755473",
        "source:addr": "prudnik.e-mapa.net",
        "source": "http://sdi.opolskie.pl/mapa_bazowa/request.aspx",
        "name": "Wiejski Dom Kultury",
        "building": "yes",
        "addr:city": "Rudziczka",
        "addr:city:simc": "0502701",
        "addr:housenumber": "79b",
        "addr:place": "Rudziczka",
        "addr:postcode": "48-200",
        "amenity": "community_centre",
        "@geometry": "center"
      },
      "geometry": {
        "type": "Point",
        "coordinates": [
          17.5375132,
          50.3715258
        ]
      },
      "id": "way/428755473"
    },
    {
      "type": "Feature",
      "properties": {
        "@id": "way/429429354",
        "addr:housenumber": "26",
        "addr:place": "Chrząstówka",
        "addr:postcode": "38-203",
        "amenity": "community_centre",
        "building": "yes",
        "name": "Dom Ludowy w Chrząstówce",
        "source": "https://mapy.geoportal.gov.pl",
        "@geometry": "center"
      },
      "geometry": {
        "type": "Point",
        "coordinates": [
          21.6227374,
          49.7670353
        ]
      },
      "id": "way/429429354"
    },
    {
      "type": "Feature",
      "properties": {
        "@id": "way/429429516",
        "addr:city:simc": "0353320",
        "addr:housenumber": "14",
        "addr:place": "Zimna Woda",
        "addr:postcode": "38-203",
        "amenity": "community_centre",
        "building": "yes",
        "building:levels": "1",
        "name": "Dom Ludowy w Zimnej Wodzie",
        "source:addr": "jaslo.e-mapa.net",
        "@geometry": "center"
      },
      "geometry": {
        "type": "Point",
        "coordinates": [
          21.5607284,
          49.7571011
        ]
      },
      "id": "way/429429516"
    },
    {
      "type": "Feature",
      "properties": {
        "@id": "way/429739325",
        "addr:housenumber": "38",
        "building:usage:pl": "budynek oświaty, nauki i kultury oraz budynek sportowy",
        "source:addr": "paczkow.e-mapa.net",
        "addr:city:simc": "0501274",
        "addr:place": "Kozielno",
        "addr:postcode": "48-370",
        "amenity": "community_centre",
        "building": "public",
        "building:levels": "1",
        "community_centre": "village_hall",
        "community_centre:for": "multigeneration",
        "name": "Wiejski Dom Ludowy",
        "source": "Starostwo Powiatowe w Nysie",
        "wheelchair": "yes",
        "@geometry": "center"
      },
      "geometry": {
        "type": "Point",
        "coordinates": [
          16.9649588,
          50.474983
        ]
      },
      "id": "way/429739325"
    },
    {
      "type": "Feature",
      "properties": {
        "@id": "way/430162852",
        "addr:city:simc": "0780512",
        "addr:housenumber": "52",
        "addr:place": "Węgorza",
        "addr:postcode": "72-221",
        "amenity": "community_centre",
        "building": "yes",
        "community_centre": "village_hall",
        "source:addr": "osina.e-mapa.net",
        "@geometry": "center"
      },
      "geometry": {
        "type": "Point",
        "coordinates": [
          14.9752975,
          53.6579973
        ]
      },
      "id": "way/430162852"
    },
    {
      "type": "Feature",
      "properties": {
        "@id": "way/430210920",
        "addr:housenumber": "63",
        "addr:place": "Boguszyce",
        "addr:postcode": "56-400",
        "amenity": "community_centre",
        "building": "yes",
        "name": "Świetlica wiejska",
        "source:addr": "olesnicaolesnicki.e-mapa.net",
        "@geometry": "center"
      },
      "geometry": {
        "type": "Point",
        "coordinates": [
          17.3959035,
          51.2472495
        ]
      },
      "id": "way/430210920"
    },
    {
      "type": "Feature",
      "properties": {
        "@id": "way/430432478",
        "addr:city:simc": "0783812",
        "addr:housenumber": "6B",
        "addr:place": "Kopice",
        "addr:postcode": "72-112",
        "amenity": "community_centre",
        "building": "yes",
        "name": "Świetlica wiejska",
        "source:addr": "stepnica.e-mapa.net",
        "@geometry": "center"
      },
      "geometry": {
        "type": "Point",
        "coordinates": [
          14.5483332,
          53.6992572
        ]
      },
      "id": "way/430432478"
    },
    {
      "type": "Feature",
      "properties": {
        "@id": "way/431097440",
        "name": "\"Fabryczka\" Powiatowe Centrum Dziedzictwa i Twórczości",
        "addr:city": "Wołomin",
        "addr:housenumber": "20",
        "addr:postcode": "05-200",
        "addr:street": "Józefa Orwida",
        "amenity": "community_centre",
        "building": "yes",
        "@geometry": "center"
      },
      "geometry": {
        "type": "Point",
        "coordinates": [
          21.2323395,
          52.3420767
        ]
      },
      "id": "way/431097440"
    },
    {
      "type": "Feature",
      "properties": {
        "@id": "way/431198445",
        "building": "yes",
        "amenity": "community_centre",
        "addr:street": "Aleja Piasta",
        "name": "Złotowskie Centrum Aktywności Społecznej",
        "addr:postcode": "77-400",
        "addr:city": "Złotów",
        "addr:housenumber": "26",
        "@geometry": "center"
      },
      "geometry": {
        "type": "Point",
        "coordinates": [
          17.0458913,
          53.3621443
        ]
      },
      "id": "way/431198445"
    },
    {
      "type": "Feature",
      "properties": {
        "@id": "way/432631442",
        "source:addr": "olesnicaolesnicki.e-mapa.net",
        "addr:housenumber": "5a",
        "addr:place": "Nieciszów",
        "name": "Gminny Ośrodek Kultury - Świetlica wiejska",
        "addr:postcode": "56-400",
        "amenity": "community_centre",
        "building": "yes",
        "building:levels": "1",
        "@geometry": "center"
      },
      "geometry": {
        "type": "Point",
        "coordinates": [
          17.3205503,
          51.1828897
        ]
      },
      "id": "way/432631442"
    },
    {
      "type": "Feature",
      "properties": {
        "@id": "way/433063062",
        "amenity": "community_centre",
        "building": "yes",
        "name": "Świetlica",
        "@geometry": "center"
      },
      "geometry": {
        "type": "Point",
        "coordinates": [
          16.9302371,
          52.4125925
        ]
      },
      "id": "way/433063062"
    },
    {
      "type": "Feature",
      "properties": {
        "@id": "way/435622688",
        "amenity": "community_centre",
        "building": "yes",
        "@geometry": "center"
      },
      "geometry": {
        "type": "Point",
        "coordinates": [
          18.6412641,
          52.3712857
        ]
      },
      "id": "way/435622688"
    },
    {
      "type": "Feature",
      "properties": {
        "@id": "way/436114407",
        "addr:city:simc": "0668650",
        "addr:housenumber": "26A",
        "addr:place": "Dudka",
        "addr:postcode": "08-412",
        "amenity": "community_centre",
        "building": "yes",
        "name": "Świetlica wiejska w Dudce",
        "source:addr": "gugik.gov.pl",
        "@geometry": "center"
      },
      "geometry": {
        "type": "Point",
        "coordinates": [
          21.709469,
          51.9347636
        ]
      },
      "id": "way/436114407"
    },
    {
      "type": "Feature",
      "properties": {
        "@id": "way/436586999",
        "addr:city:simc": "0186476",
        "addr:housenumber": "14A",
        "addr:place": "Gajec",
        "amenity": "community_centre",
        "building": "yes",
        "name": "Świetlica Wiejska",
        "source:addr": "rzepin.e-mapa.net",
        "source:geometry": "geoportal.gov.pl:BDOT",
        "@geometry": "center"
      },
      "geometry": {
        "type": "Point",
        "coordinates": [
          14.7713861,
          52.345869
        ]
      },
      "id": "way/436586999"
    },
    {
      "type": "Feature",
      "properties": {
        "@id": "way/436631848",
        "addr:city": "Kostrzyn",
        "addr:city:simc": "0970885",
        "addr:housenumber": "33",
        "addr:postcode": "62-025",
        "addr:street": "Poznańska",
        "amenity": "community_centre",
        "building": "yes",
        "description": "Miejsko-Gminny Ośrodek Kultury został założony w roku 1967, choć w pierwszych latach swojej działalności swoim zasięgiem obejmował raczej mieszkańców samego Kostrzyna. Dlatego początkowo nosił nazwę Miejskiego Ośrodka Kultury.",
        "name": "Miejsko - Gminny Ośrodek Kultury",
        "phone": "61 817 83 45",
        "@geometry": "center"
      },
      "geometry": {
        "type": "Point",
        "coordinates": [
          17.2209259,
          52.3977752
        ]
      },
      "id": "way/436631848"
    },
    {
      "type": "Feature",
      "properties": {
        "@id": "way/437189155",
        "amenity": "community_centre",
        "building": "yes",
        "name": "Gminny Ośrodek Kultury",
        "@geometry": "center"
      },
      "geometry": {
        "type": "Point",
        "coordinates": [
          20.8083787,
          50.298198
        ]
      },
      "id": "way/437189155"
    },
    {
      "type": "Feature",
      "properties": {
        "@id": "way/437278843",
        "name": "Świetlica w Sułkowicach",
        "building": "yes",
        "amenity": "community_centre",
        "@geometry": "center"
      },
      "geometry": {
        "type": "Point",
        "coordinates": [
          20.8339321,
          50.4231981
        ]
      },
      "id": "way/437278843"
    },
    {
      "type": "Feature",
      "properties": {
        "@id": "way/437543861",
        "addr:housenumber": "102A",
        "addr:place": "Gardzienice Pierwsze",
        "addr:postcode": "21-050",
        "amenity": "community_centre",
        "building": "yes",
        "name": "Świetlica w Gardzienicach",
        "phone": "+48 571 213 900",
        "source": "https://piaskiswidnickie.e-mapa.net/",
        "website": "http://www.facebook.com/TowarzystwoPrzyjaciolGardzienic/;http://gardzienice.pl",
        "@geometry": "center"
      },
      "geometry": {
        "type": "Point",
        "coordinates": [
          22.8434438,
          51.101223
        ]
      },
      "id": "way/437543861"
    },
    {
      "type": "Feature",
      "properties": {
        "@id": "way/437682040",
        "amenity": "community_centre",
        "building": "public",
        "name": "Młodzieżowy Dom Kultury im. Władysława Broniewskiego",
        "addr:city": "Kalisz",
        "addr:housenumber": "13-15",
        "addr:postcode": "62-800",
        "addr:street": "Fabryczna",
        "building:levels": "3",
        "community_centre:for": "juvenile",
        "@geometry": "center"
      },
      "geometry": {
        "type": "Point",
        "coordinates": [
          18.0882225,
          51.7568818
        ]
      },
      "id": "way/437682040"
    },
    {
      "type": "Feature",
      "properties": {
        "@id": "way/438200137",
        "name": "Świetlica wiejska",
        "amenity": "community_centre",
        "building": "yes",
        "@geometry": "center"
      },
      "geometry": {
        "type": "Point",
        "coordinates": [
          17.6878596,
          50.4470468
        ]
      },
      "id": "way/438200137"
    },
    {
      "type": "Feature",
      "properties": {
        "@id": "way/439338412",
        "addr:city": "Witkowo",
        "addr:city:simc": "0949388",
        "addr:housenumber": "3",
        "addr:postcode": "62-230",
        "addr:street": "Jana Pawła II",
        "amenity": "community_centre",
        "building": "public",
        "building:levels": "3",
        "name": "Centrum Kultury",
        "official_name": "Centrum Kultury imienia Krzysztofa Szkudlarka",
        "source:addr": "EMUiA (witkowo.e-mapa.net)",
        "@geometry": "center"
      },
      "geometry": {
        "type": "Point",
        "coordinates": [
          17.7710694,
          52.4391256
        ]
      },
      "id": "way/439338412"
    },
    {
      "type": "Feature",
      "properties": {
        "@id": "way/440070377",
        "amenity": "community_centre",
        "@geometry": "center"
      },
      "geometry": {
        "type": "Point",
        "coordinates": [
          17.0042111,
          52.5208553
        ]
      },
      "id": "way/440070377"
    },
    {
      "type": "Feature",
      "properties": {
        "@id": "way/440566434",
        "amenity": "community_centre",
        "name": "Dom Kultury w Kocku",
        "building": "yes",
        "source:addr": "kock.e-mapa.net",
        "addr:street:sym_ul": "00377",
        "addr:street": "Apteczna",
        "addr:city": "Kock",
        "addr:city:simc": "0956069",
        "addr:housenumber": "4",
        "addr:postcode": "21-150",
        "@geometry": "center"
      },
      "geometry": {
        "type": "Point",
        "coordinates": [
          22.445956,
          51.6382434
        ]
      },
      "id": "way/440566434"
    },
    {
      "type": "Feature",
      "properties": {
        "@id": "way/440766197",
        "amenity": "community_centre",
        "building": "yes",
        "community_centre": "village_hall",
        "@geometry": "center"
      },
      "geometry": {
        "type": "Point",
        "coordinates": [
          17.9311442,
          50.7635067
        ]
      },
      "id": "way/440766197"
    },
    {
      "type": "Feature",
      "properties": {
        "@id": "way/440774626",
        "operator": "MiG Ostroróg",
        "addr:housenumber": "23",
        "addr:place": "Szczepankowo",
        "addr:postcode": "64-560",
        "amenity": "community_centre",
        "building": "public",
        "name": "Centrum kształcenia",
        "opening_hours": "Mo-Fr 13:00-17:00",
        "@geometry": "center"
      },
      "geometry": {
        "type": "Point",
        "coordinates": [
          16.5035028,
          52.6213506
        ]
      },
      "id": "way/440774626"
    },
    {
      "type": "Feature",
      "properties": {
        "@id": "way/440898080",
        "amenity": "community_centre",
        "source:addr": "prudnik.e-mapa.net",
        "source": "http://sdi.opolskie.pl/mapa_bazowa/request.aspx",
        "building": "yes",
        "addr:postcode": "48-200",
        "addr:city:simc": "0502612",
        "addr:housenumber": "57",
        "addr:place": "Czyżowice",
        "@geometry": "center"
      },
      "geometry": {
        "type": "Point",
        "coordinates": [
          17.5851253,
          50.3641289
        ]
      },
      "id": "way/440898080"
    },
    {
      "type": "Feature",
      "properties": {
        "@id": "way/441425034",
        "addr:housenumber": "36b",
        "addr:place": "Olszynka",
        "addr:postcode": "48-231",
        "amenity": "community_centre",
        "building": "yes",
        "building:levels": "1",
        "name": "Wiejski Dom Kultury",
        "source": "www.geoportal.gov.pl",
        "@geometry": "center"
      },
      "geometry": {
        "type": "Point",
        "coordinates": [
          17.6894406,
          50.3388209
        ]
      },
      "id": "way/441425034"
    },
    {
      "type": "Feature",
      "properties": {
        "@id": "way/441441791",
        "addr:city": "Pietna",
        "addr:housenumber": "1a",
        "addr:postcode": "47-300",
        "addr:street": "Krapkowicka",
        "amenity": "nightclub",
        "building": "yes",
        "name": "Discoplex A4",
        "@geometry": "center"
      },
      "geometry": {
        "type": "Point",
        "coordinates": [
          17.9677526,
          50.4511725
        ]
      },
      "id": "way/441441791"
    },
    {
      "type": "Feature",
      "properties": {
        "@id": "way/441694699",
        "addr:housenumber": "31",
        "addr:place": "Ściborzyce Wielkie",
        "addr:postcode": "48-130",
        "amenity": "community_centre",
        "building": "yes",
        "name": "Świetlica Wiejska w Ściborzycach Wielkich",
        "source": "http://sdi.opolskie.pl/mapa_bazowa/request.aspx",
        "@geometry": "center"
      },
      "geometry": {
        "type": "Point",
        "coordinates": [
          18.0324479,
          50.020123
        ]
      },
      "id": "way/441694699"
    },
    {
      "type": "Feature",
      "properties": {
        "@id": "way/441787677",
        "addr:city": "Pabianice",
        "addr:city:simc": "0959079",
        "addr:housenumber": "14",
        "addr:postcode": "95-200",
        "addr:street": "Tadeusza Kościuszki",
        "addr:street:sym_ul": "09582",
        "amenity": "community_centre",
        "building": "yes",
        "name": "Miejski Ośrodek Kultury",
        "source:addr": "emuia.gugik.gov.pl",
        "@geometry": "center"
      },
      "geometry": {
        "type": "Point",
        "coordinates": [
          19.3531439,
          51.6621786
        ]
      },
      "id": "way/441787677"
    },
    {
      "type": "Feature",
      "properties": {
        "@id": "way/442394819",
        "amenity": "community_centre",
        "building": "yes",
        "building:levels": "1",
        "name": "Świetlica wiejska",
        "@geometry": "center"
      },
      "geometry": {
        "type": "Point",
        "coordinates": [
          16.7172107,
          52.5794993
        ]
      },
      "id": "way/442394819"
    },
    {
      "type": "Feature",
      "properties": {
        "@id": "way/442528446",
        "building": "yes",
        "source:addr": "http://portal.gison.pl/siepraw",
        "amenity": "community_centre",
        "addr:street": "Jana Pawła II",
        "addr:city": "Siepraw",
        "addr:housenumber": "30",
        "@geometry": "center"
      },
      "geometry": {
        "type": "Point",
        "coordinates": [
          19.9667389,
          49.9083317
        ]
      },
      "id": "way/442528446"
    },
    {
      "type": "Feature",
      "properties": {
        "@id": "way/443013600",
        "name": "Dom Ludowy",
        "building": "yes",
        "amenity": "community_centre",
        "@geometry": "center"
      },
      "geometry": {
        "type": "Point",
        "coordinates": [
          18.7771492,
          49.7286376
        ]
      },
      "id": "way/443013600"
    },
    {
      "type": "Feature",
      "properties": {
        "@id": "way/443051802",
        "addr:city:simc": "0349033",
        "addr:housenumber": "32",
        "addr:place": "Daliowa",
        "addr:postcode": "38-485",
        "amenity": "community_centre",
        "building": "yes",
        "community_centre": "village_hall",
        "name": "świetlica gminna",
        "source:addr": "jasliska.e-mapa.net",
        "@geometry": "center"
      },
      "geometry": {
        "type": "Point",
        "coordinates": [
          21.7866263,
          49.4508479
        ]
      },
      "id": "way/443051802"
    },
    {
      "type": "Feature",
      "properties": {
        "@id": "way/443491937",
        "website": "http://gok-sokol.pl/",
        "addr:city": "Kicin",
        "addr:city:simc": "0582025",
        "addr:country": "PL",
        "addr:housenumber": "2",
        "addr:postcode": "62-004",
        "addr:street": "Nowe Osiedle",
        "amenity": "community_centre",
        "building": "yes",
        "building:levels": "1",
        "name": "Klub Jutrzenka",
        "operator": "Gminny Ośrodek Kultury Sokół",
        "phone": "+48 61 646 01 36",
        "source": "www.geoportal.gov.pl",
        "source:addr": "EMUiA (czerwonak.e-mapa.net)",
        "@geometry": "center"
      },
      "geometry": {
        "type": "Point",
        "coordinates": [
          17.0194569,
          52.4658156
        ]
      },
      "id": "way/443491937"
    },
    {
      "type": "Feature",
      "properties": {
        "@id": "way/445572888",
        "source:addr": "losice.e-mapa.net",
        "name": "Łosicki Dom Kultury",
        "addr:street:sym_ul": "16274",
        "addr:city": "Łosice",
        "addr:city:simc": "0922120",
        "addr:housenumber": "4",
        "addr:postcode": "08-200",
        "addr:street": "Marszałka Józefa Piłsudskiego",
        "amenity": "community_centre",
        "building": "yes",
        "@geometry": "center"
      },
      "geometry": {
        "type": "Point",
        "coordinates": [
          22.715187,
          52.2120341
        ]
      },
      "id": "way/445572888"
    },
    {
      "type": "Feature",
      "properties": {
        "@id": "way/446389913",
        "addr:city:simc": "0177974",
        "addr:housenumber": "13",
        "addr:place": "Stara Dziedzina",
        "addr:postcode": "74-322",
        "amenity": "community_centre",
        "building": "yes",
        "building:levels": "1",
        "community_centre": "village_hall",
        "name": "Świetlica w Starej Dziedzinie",
        "name:en": "Stara Dziedzina Village Hall",
        "roof:colour": "#322201",
        "source:addr": "barlinek.e-mapa.net",
        "@geometry": "center"
      },
      "geometry": {
        "type": "Point",
        "coordinates": [
          15.058144,
          53.029823
        ]
      },
      "id": "way/446389913"
    },
    {
      "type": "Feature",
      "properties": {
        "@id": "way/446873695",
        "amenity": "community_centre",
        "building": "yes",
        "name": "Młodzieżowy Dom Kultury im. Janusza Korczaka",
        "@geometry": "center"
      },
      "geometry": {
        "type": "Point",
        "coordinates": [
          16.9203824,
          52.990565
        ]
      },
      "id": "way/446873695"
    },
    {
      "type": "Feature",
      "properties": {
        "@id": "way/446909920",
        "amenity": "community_centre",
        "@geometry": "center"
      },
      "geometry": {
        "type": "Point",
        "coordinates": [
          15.4270062,
          51.0329687
        ]
      },
      "id": "way/446909920"
    },
    {
      "type": "Feature",
      "properties": {
        "@id": "way/447144770",
        "amenity": "community_centre",
        "building": "yes",
        "name": "Świetlica Wiejska",
        "@geometry": "center"
      },
      "geometry": {
        "type": "Point",
        "coordinates": [
          15.3689457,
          51.9466343
        ]
      },
      "id": "way/447144770"
    },
    {
      "type": "Feature",
      "properties": {
        "@id": "way/447746189",
        "addr:city": "Koziegłowy",
        "addr:city:simc": "0582048",
        "addr:housenumber": "3A",
        "addr:postcode": "62-028",
        "addr:street": "Marszałka Józefa Piłsudskiego",
        "alt_name": "Centrum Kultury i Rekreacji Koziegłowy",
        "amenity": "community_centre",
        "building": "public",
        "building:levels": "2",
        "email": "marketing@akwenczerwonak.pl",
        "name": "Centrum Kultury i Rekreacji",
        "official_name": "Centrum Kultury i Rekreacji w Koziegłowach",
        "opening_hours": "Mo-Su 08:00-22:00",
        "operator": "AKWEN",
        "operator:wikidata": "Q111530194",
        "phone": "+48 61 646 04 89; +48 61 811 11 51",
        "short_name": "CKiR",
        "website": "https://akwenczerwonak.pl/ckir-kozieglowy/",
        "@geometry": "center"
      },
      "geometry": {
        "type": "Point",
        "coordinates": [
          16.9915475,
          52.447872
        ]
      },
      "id": "way/447746189"
    },
    {
      "type": "Feature",
      "properties": {
        "@id": "way/447776246",
        "addr:city": "Młynary",
        "addr:housenumber": "10",
        "addr:postcode": "14-420",
        "addr:street": "Dworcowa",
        "amenity": "community_centre",
        "building": "civic",
        "email": "okmlynary@op.pl",
        "name": "Ośrodek Kultury",
        "phone": "+48 55 248 60 50",
        "@geometry": "center"
      },
      "geometry": {
        "type": "Point",
        "coordinates": [
          19.72766,
          54.1884553
        ]
      },
      "id": "way/447776246"
    },
    {
      "type": "Feature",
      "properties": {
        "@id": "way/448084913",
        "addr:housenumber": "80",
        "addr:place": "Borowa Góra",
        "addr:postcode": "37-621",
        "amenity": "community_centre",
        "building": "yes",
        "name": "Świetlica wiejska w Borowej Górze",
        "source": "https://mapy.geoportal.gov.pl",
        "source:addr": "EMUiA (emuia.geoportal.gov.pl)",
        "@geometry": "center"
      },
      "geometry": {
        "type": "Point",
        "coordinates": [
          23.2165326,
          50.1477642
        ]
      },
      "id": "way/448084913"
    },
    {
      "type": "Feature",
      "properties": {
        "@id": "way/448830178",
        "addr:city": "Cedry Wielkie",
        "addr:city:simc": "0159640",
        "addr:housenumber": "41",
        "addr:postcode": "83-020",
        "addr:street": "Osadników Wojskowych",
        "addr:street:sym_ul": "15229",
        "amenity": "community_centre",
        "building": "yes",
        "name": "Żuławski Ośrodek Kultury i Sportu",
        "phone": "+48 58 683 66 35",
        "source:addr": "cedrywielkie.e-mapa.net",
        "@geometry": "center"
      },
      "geometry": {
        "type": "Point",
        "coordinates": [
          18.8455911,
          54.25171
        ]
      },
      "id": "way/448830178"
    },
    {
      "type": "Feature",
      "properties": {
        "@id": "way/449320357",
        "addr:city": "Wręczyca Wielka",
        "addr:city:simc": "0147418",
        "addr:housenumber": "20",
        "addr:postcode": "42-130",
        "addr:street": "Śląska",
        "addr:street:sym_ul": "22308",
        "amenity": "community_centre",
        "building": "yes",
        "email": "gok@gokwreczycawielka.pl",
        "name": "Gminny Ośrodek Kultury",
        "phone": "+48 34 319 24 00",
        "source:addr": "emuia.gugik.gov.pl",
        "website": "http://gokwreczycawielka.pl",
        "@geometry": "center"
      },
      "geometry": {
        "type": "Point",
        "coordinates": [
          18.9184616,
          50.8441695
        ]
      },
      "id": "way/449320357"
    },
    {
      "type": "Feature",
      "properties": {
        "@id": "way/449672836",
        "addr:housenumber": "77",
        "addr:place": "Domasłów",
        "addr:postcode": "63-642",
        "amenity": "community_centre",
        "building": "yes",
        "name": "Świetlica wiejska w Domasłowie",
        "source:addr": "perzow.e-mapa.net",
        "source:geometry": "geoportal.gov.pl:BDOT",
        "@geometry": "center"
      },
      "geometry": {
        "type": "Point",
        "coordinates": [
          17.8058553,
          51.2477872
        ]
      },
      "id": "way/449672836"
    },
    {
      "type": "Feature",
      "properties": {
        "@id": "way/449739107",
        "addr:city": "Kobyla Góra",
        "addr:city:simc": "0200035",
        "addr:housenumber": "8",
        "addr:postcode": "63-507",
        "addr:street": "Tomasza Sikorskiego",
        "amenity": "nightclub",
        "building": "yes",
        "name": "Epoka",
        "opening_hours": "Sa-Su 21:00-5:00",
        "source:addr": "kobylagora.e-mapa.net",
        "@geometry": "center"
      },
      "geometry": {
        "type": "Point",
        "coordinates": [
          17.8324562,
          51.3824685
        ]
      },
      "id": "way/449739107"
    },
    {
      "type": "Feature",
      "properties": {
        "@id": "way/449799455",
        "addr:housenumber": "89a",
        "addr:place": "Nowy Dzików",
        "addr:postcode": "37-632",
        "amenity": "community_centre",
        "building": "yes",
        "name": "Świetlica wiejska w Nowym Dzikowie",
        "source": "https://mapy.geoportal.gov.pl",
        "website": "https://www.facebook.com/%C5%9Awietlica-w-Nowym-Dzikowie-100881384798449/",
        "@geometry": "center"
      },
      "geometry": {
        "type": "Point",
        "coordinates": [
          22.9837654,
          50.2300578
        ]
      },
      "id": "way/449799455"
    },
    {
      "type": "Feature",
      "properties": {
        "@id": "way/449884775",
        "amenity": "community_centre",
        "building": "yes",
        "name": "Gminny Ośrodek Kultury w Chorkówce",
        "@geometry": "center"
      },
      "geometry": {
        "type": "Point",
        "coordinates": [
          21.6749874,
          49.6512483
        ]
      },
      "id": "way/449884775"
    },
    {
      "type": "Feature",
      "properties": {
        "@id": "way/451205675",
        "addr:housenumber": "21",
        "addr:place": "Gorzejowa",
        "addr:postcode": "39-231",
        "amenity": "community_centre",
        "building": "yes",
        "name": "Dom Ludowy w Gorzejowej",
        "source": "http://mapy.geoportal.gov.pl/imap/?locale=pl&gui=new&sessionID=3999624",
        "@geometry": "center"
      },
      "geometry": {
        "type": "Point",
        "coordinates": [
          21.379791,
          49.9196481
        ]
      },
      "id": "way/451205675"
    },
    {
      "type": "Feature",
      "properties": {
        "@id": "way/452824358",
        "addr:city": "Bobrowniki",
        "addr:city:simc": "0912758",
        "addr:housenumber": "1",
        "addr:street": "Klonowa",
        "amenity": "community_centre",
        "building": "yes",
        "image": "https://images.mapillary.com/yG4Pks847w3sdUi66lO90g/thumb-2048.jpg",
        "mapillary": "896238480940979",
        "name": "Świetlica wiejska",
        "source:addr": "otyn.e-mapa.net",
        "source:geometry": "geoportal.gov.pl:BDOT",
        "url": "https://polska-org.pl/5396323,Bobrowniki,Swietlica_wiejska.html",
        "@geometry": "center"
      },
      "geometry": {
        "type": "Point",
        "coordinates": [
          15.7318041,
          51.8656949
        ]
      },
      "id": "way/452824358"
    },
    {
      "type": "Feature",
      "properties": {
        "@id": "way/453723082",
        "wheelchair": "no",
        "website": "http://www.mok.leszno.pl",
        "addr:city": "Leszno",
        "addr:housenumber": "6",
        "addr:postcode": "64-100",
        "addr:street": "Gabriela Narutowicza",
        "amenity": "community_centre",
        "building": "yes",
        "description": "Budynek Klubu „OBOK” został przekazany w użytkowanie MOK w listopadzie 1992 r. Prócz salki widowiskowej posiada pracownie plastyczną i fotograficzną oraz jedno pomieszczenie administracyjne.",
        "email": "sekretariat@mok.leszno.pl",
        "fax": "+48 65 529 99 85",
        "level": "-1",
        "name": "Klub OBOK",
        "operator": "MOK Leszno",
        "phone": "+48 65 529 99 85",
        "start_date": "1992-11",
        "@geometry": "center"
      },
      "geometry": {
        "type": "Point",
        "coordinates": [
          16.574373,
          51.8443434
        ]
      },
      "id": "way/453723082"
    },
    {
      "type": "Feature",
      "properties": {
        "@id": "way/454659316",
        "amenity": "community_centre",
        "building": "yes",
        "name": "Dom Kultury w Ostrowie",
        "@geometry": "center"
      },
      "geometry": {
        "type": "Point",
        "coordinates": [
          22.3975723,
          50.0183647
        ]
      },
      "id": "way/454659316"
    },
    {
      "type": "Feature",
      "properties": {
        "@id": "way/455391141",
        "addr:city:simc": "0370145",
        "addr:housenumber": "12a",
        "addr:place": "Czernina Górna",
        "addr:postcode": "56-200",
        "amenity": "community_centre",
        "building": "yes",
        "building:levels": "1",
        "name": "Świetlica",
        "source:addr": "gora.e-mapa.net",
        "@geometry": "center"
      },
      "geometry": {
        "type": "Point",
        "coordinates": [
          16.6272511,
          51.7164395
        ]
      },
      "id": "way/455391141"
    },
    {
      "type": "Feature",
      "properties": {
        "@id": "way/456829701",
        "amenity": "community_centre",
        "building": "public",
        "name": "Świetlica Wiejska w Starym Masiewie",
        "@geometry": "center"
      },
      "geometry": {
        "type": "Point",
        "coordinates": [
          23.916867,
          52.8225786
        ]
      },
      "id": "way/456829701"
    },
    {
      "type": "Feature",
      "properties": {
        "@id": "way/457726953",
        "addr:housenumber": "1",
        "addr:place": "Olchówka",
        "addr:postcode": "17-220",
        "amenity": "community_centre",
        "building": "public",
        "building:levels": "1",
        "name": "Świetlica Wiejska w Olchówce",
        "source:addr": "narewka.e-mapa.net",
        "@geometry": "center"
      },
      "geometry": {
        "type": "Point",
        "coordinates": [
          23.8239849,
          52.8529971
        ]
      },
      "id": "way/457726953"
    },
    {
      "type": "Feature",
      "properties": {
        "@id": "way/458351953",
        "addr:housenumber": "96",
        "addr:place": "Pukarzów",
        "addr:postcode": "22-650",
        "amenity": "community_centre",
        "building": "yes",
        "name": "Świetlica",
        "source:addr": "EMUiA (emuia.gugik.gov.pl)",
        "start_date": "1994",
        "@geometry": "center"
      },
      "geometry": {
        "type": "Point",
        "coordinates": [
          23.6540613,
          50.5439568
        ]
      },
      "id": "way/458351953"
    },
    {
      "type": "Feature",
      "properties": {
        "@id": "way/458354194",
        "addr:city:simc": "0602638",
        "addr:housenumber": "4",
        "addr:place": "Białoboki",
        "addr:postcode": "37-207",
        "amenity": "community_centre",
        "building": "yes",
        "name": "Dom Ludowy w Białobokach",
        "source:addr": "emuia.gugik.gov.pl",
        "@geometry": "center"
      },
      "geometry": {
        "type": "Point",
        "coordinates": [
          22.3793554,
          50.0276154
        ]
      },
      "id": "way/458354194"
    },
    {
      "type": "Feature",
      "properties": {
        "@id": "way/458656768",
        "addr:housenumber": "28",
        "addr:place": "Chabielice",
        "addr:postcode": "97-420",
        "amenity": "community_centre",
        "building": "yes",
        "name": "Orkiestrówka",
        "@geometry": "center"
      },
      "geometry": {
        "type": "Point",
        "coordinates": [
          19.1195648,
          51.2629304
        ]
      },
      "id": "way/458656768"
    },
    {
      "type": "Feature",
      "properties": {
        "@id": "way/458686805",
        "image": "https://images.mapillary.com/WyXWMelqGLyIzAoRxZMdwy/thumb-2048.jpg",
        "amenity": "community_centre",
        "building": "yes",
        "name": "Świetlica wiejska w Bobrowicach",
        "@geometry": "center"
      },
      "geometry": {
        "type": "Point",
        "coordinates": [
          15.0883472,
          51.9496009
        ]
      },
      "id": "way/458686805"
    },
    {
      "type": "Feature",
      "properties": {
        "@id": "way/458744909",
        "addr:city": "Świdnica",
        "addr:city:simc": "0914881",
        "addr:housenumber": "37",
        "addr:postcode": "66-008",
        "addr:street": "Ogrodowa",
        "addr:street:sym_ul": "14834",
        "amenity": "community_centre",
        "building": "yes",
        "email": "dyrektor@gokswidnica.pl",
        "name": "Gminny Ośrodek Kultury",
        "operator": "Urząd Gminy Świdnica",
        "phone": "68 327 33 22",
        "source:addr": "swidnica.e-mapa.net",
        "website": "http://www.gokswidnica.pl/kontakt",
        "@geometry": "center"
      },
      "geometry": {
        "type": "Point",
        "coordinates": [
          15.4001459,
          51.8934237
        ]
      },
      "id": "way/458744909"
    },
    {
      "type": "Feature",
      "properties": {
        "@id": "way/458808138",
        "source:geometry": "geoportal.gov.pl:BDOT",
        "addr:city": "Wilkanowo",
        "addr:city:simc": "0914906",
        "addr:housenumber": "3",
        "addr:postcode": "66-008",
        "addr:street": "Szkolna",
        "addr:street:sym_ul": "21970",
        "amenity": "community_centre",
        "building": "yes",
        "mapillary": "2962954527314289",
        "name": "Sala wiejska w Wilkanowie",
        "source:addr": "swidnica.e-mapa.net",
        "@geometry": "center"
      },
      "geometry": {
        "type": "Point",
        "coordinates": [
          15.4405373,
          51.9175738
        ]
      },
      "id": "way/458808138"
    },
    {
      "type": "Feature",
      "properties": {
        "@id": "way/459857280",
        "addr:housenumber": "22",
        "addr:place": "Krupice",
        "addr:postcode": "17-300",
        "amenity": "community_centre",
        "building": "yes",
        "name": "Świetlica Dom Seniora w Krupicach",
        "source:addr": "EMUiA (emuia.gugik.gov.pl)",
        "@geometry": "center"
      },
      "geometry": {
        "type": "Point",
        "coordinates": [
          22.7809867,
          52.418764
        ]
      },
      "id": "way/459857280"
    },
    {
      "type": "Feature",
      "properties": {
        "@id": "way/460165498",
        "addr:city": "Parkoszowice",
        "addr:housenumber": "60",
        "addr:postcode": "42-421",
        "addr:street": "Wiejska",
        "amenity": "community_centre",
        "building": "yes",
        "name": "Świetlica wiejska",
        "@geometry": "center"
      },
      "geometry": {
        "type": "Point",
        "coordinates": [
          19.4621784,
          50.5371402
        ]
      },
      "id": "way/460165498"
    },
    {
      "type": "Feature",
      "properties": {
        "@id": "way/460388491",
        "addr:city": "Boleszkowice",
        "addr:city:simc": "0178896",
        "addr:housenumber": "19a",
        "addr:postcode": "74-407",
        "addr:street": "Poznańska",
        "addr:street:sym_ul": "17394",
        "amenity": "community_centre",
        "building": "public",
        "building:levels": "1",
        "name": "Gminny Ośrodek Kultury",
        "source:addr": "boleszkowice.e-mapa.net",
        "@geometry": "center"
      },
      "geometry": {
        "type": "Point",
        "coordinates": [
          14.5659352,
          52.725622
        ]
      },
      "id": "way/460388491"
    },
    {
      "type": "Feature",
      "properties": {
        "@id": "way/460406308",
        "addr:housenumber": "49a",
        "addr:place": "Dargomyśl",
        "amenity": "community_centre",
        "building": "public",
        "building:levels": "2",
        "name": "Świetlica wiejska w Dargomyślu",
        "source:addr": "debno.e-mapa.net",
        "@geometry": "center"
      },
      "geometry": {
        "type": "Point",
        "coordinates": [
          14.6474497,
          52.7038385
        ]
      },
      "id": "way/460406308"
    },
    {
      "type": "Feature",
      "properties": {
        "@id": "way/461234078",
        "amenity": "nightclub",
        "building": "yes",
        "name": "Imprezy Patelnia",
        "@geometry": "center"
      },
      "geometry": {
        "type": "Point",
        "coordinates": [
          19.654783,
          52.4811127
        ]
      },
      "id": "way/461234078"
    },
    {
      "type": "Feature",
      "properties": {
        "@id": "way/461581913",
        "addr:city:simc": "0909420",
        "addr:housenumber": "49",
        "addr:place": "Łomy",
        "addr:postcode": "66-620",
        "amenity": "community_centre",
        "building": "yes",
        "image": "https://images.mapillary.com/C1EctP2OuRaPLHNg0NKhCp/thumb-2048.jpg",
        "mapillary": "https://www.mapillary.com/map/im/C1EctP2OuRaPLHNg0NKhCp",
        "name": "Świetlica wiejska w Łomach",
        "phone": "+48 68 383 18 16",
        "service_times": "Su 08:00",
        "source": "http://mapy.geoportal.gov.pl/imap/?locale=pl&gui=new&sessionID=3665779",
        "source:addr": "gubin.e-mapa.net",
        "@geometry": "center"
      },
      "geometry": {
        "type": "Point",
        "coordinates": [
          14.8010318,
          52.0619813
        ]
      },
      "id": "way/461581913"
    },
    {
      "type": "Feature",
      "properties": {
        "@id": "way/462896580",
        "addr:city": "Dębnica",
        "addr:housenumber": "9",
        "addr:postcode": "63-421",
        "addr:street": "Ostrowska",
        "amenity": "community_centre",
        "building": "yes",
        "name": "Dom Ludowy",
        "source:addr": "przygodzice.e-mapa.net",
        "@geometry": "center"
      },
      "geometry": {
        "type": "Point",
        "coordinates": [
          17.7917786,
          51.547613
        ]
      },
      "id": "way/462896580"
    },
    {
      "type": "Feature",
      "properties": {
        "@id": "way/462933908",
        "amenity": "community_centre",
        "building": "yes",
        "name": "Świetlica Wiejska",
        "operator": "Urząd Gminy Kobierzyce",
        "@geometry": "center"
      },
      "geometry": {
        "type": "Point",
        "coordinates": [
          16.9181707,
          50.9963961
        ]
      },
      "id": "way/462933908"
    },
    {
      "type": "Feature",
      "properties": {
        "@id": "way/464517230",
        "addr:city": "Strumień",
        "addr:housenumber": "14",
        "addr:postcode": "43-246",
        "addr:street": "Młyńska",
        "amenity": "community_centre",
        "building": "yes",
        "name": "emgok - Miejsko-Gminny Ośrodek Kultury",
        "website": "http://www.emgok.pl",
        "@geometry": "center"
      },
      "geometry": {
        "type": "Point",
        "coordinates": [
          18.7608132,
          49.9121068
        ]
      },
      "id": "way/464517230"
    },
    {
      "type": "Feature",
      "properties": {
        "@id": "way/464621613",
        "addr:housenumber": "13A",
        "addr:place": "Szostakowo",
        "addr:postcode": "17-200",
        "amenity": "community_centre",
        "building": "yes",
        "name": "Świetlica Wiejska w Szostakowie",
        "source:addr": "czyze.e-mapa.net",
        "@geometry": "center"
      },
      "geometry": {
        "type": "Point",
        "coordinates": [
          23.4779365,
          52.7617832
        ]
      },
      "id": "way/464621613"
    },
    {
      "type": "Feature",
      "properties": {
        "@id": "way/464832298",
        "addr:housenumber": "27",
        "addr:place": "Kamień",
        "addr:postcode": "17-207",
        "amenity": "community_centre",
        "building": "yes",
        "name": "Świetlica Wiejska w Kamieniu",
        "source:addr": "czyze.e-mapa.net",
        "@geometry": "center"
      },
      "geometry": {
        "type": "Point",
        "coordinates": [
          23.4900204,
          52.8388666
        ]
      },
      "id": "way/464832298"
    },
    {
      "type": "Feature",
      "properties": {
        "@id": "way/466086009",
        "name": "Świetlica Wiejska w Boratyńcu Ruskim",
        "building": "yes",
        "amenity": "community_centre",
        "@geometry": "center"
      },
      "geometry": {
        "type": "Point",
        "coordinates": [
          22.9360295,
          52.4024432
        ]
      },
      "id": "way/466086009"
    },
    {
      "type": "Feature",
      "properties": {
        "@id": "way/467028311",
        "website": "http://www.ok.swarzedz.pl/",
        "addr:city": "Swarzędz",
        "addr:city:simc": "0971502",
        "addr:housenumber": "14",
        "addr:postcode": "62-020",
        "addr:street": "Poznańska",
        "amenity": "community_centre",
        "building": "yes",
        "email": "osrodekkultury@swarzedz.pl",
        "name": "Ośrodek Kultury w Swarzędzu",
        "phone": "+48 61 651 02 19",
        "source:addr": "EMUiA (swarzedz.e-mapa.net)",
        "@geometry": "center"
      },
      "geometry": {
        "type": "Point",
        "coordinates": [
          17.070959,
          52.4076022
        ]
      },
      "id": "way/467028311"
    },
    {
      "type": "Feature",
      "properties": {
        "@id": "way/467139499",
        "amenity": "community_centre",
        "building": "yes",
        "@geometry": "center"
      },
      "geometry": {
        "type": "Point",
        "coordinates": [
          18.5297712,
          52.4750806
        ]
      },
      "id": "way/467139499"
    },
    {
      "type": "Feature",
      "properties": {
        "@id": "way/468267358",
        "amenity": "community_centre",
        "building": "yes",
        "@geometry": "center"
      },
      "geometry": {
        "type": "Point",
        "coordinates": [
          18.3115735,
          52.4529719
        ]
      },
      "id": "way/468267358"
    },
    {
      "type": "Feature",
      "properties": {
        "@id": "way/469433416",
        "amenity": "community_centre",
        "@geometry": "center"
      },
      "geometry": {
        "type": "Point",
        "coordinates": [
          20.7895039,
          49.9329082
        ]
      },
      "id": "way/469433416"
    },
    {
      "type": "Feature",
      "properties": {
        "@id": "way/469656174",
        "addr:place": "Mielnica Duża",
        "addr:postcode": "62-560",
        "amenity": "community_centre",
        "building": "yes",
        "name": "Gminny Ośrodek Kultury",
        "@geometry": "center"
      },
      "geometry": {
        "type": "Point",
        "coordinates": [
          18.3762841,
          52.4868613
        ]
      },
      "id": "way/469656174"
    },
    {
      "type": "Feature",
      "properties": {
        "@id": "way/470498078",
        "amenity": "community_centre",
        "building": "yes",
        "@geometry": "center"
      },
      "geometry": {
        "type": "Point",
        "coordinates": [
          18.3813688,
          52.4654289
        ]
      },
      "id": "way/470498078"
    },
    {
      "type": "Feature",
      "properties": {
        "@id": "way/472215468",
        "addr:city:simc": "0592495",
        "addr:housenumber": "4A",
        "addr:place": "Rudki",
        "addr:postcode": "64-560",
        "amenity": "community_centre",
        "building": "public",
        "name": "Świetlica wiejska w Rudkach",
        "source:addr": "ostrorog.e-mapa.net",
        "@geometry": "center"
      },
      "geometry": {
        "type": "Point",
        "coordinates": [
          16.4795911,
          52.6054545
        ]
      },
      "id": "way/472215468"
    },
    {
      "type": "Feature",
      "properties": {
        "@id": "way/475229880",
        "addr:city": "Truskolasy",
        "addr:housenumber": "110",
        "addr:postcode": "42-134",
        "addr:street": "Mikołaja Kopernika",
        "amenity": "nightclub",
        "building": "yes",
        "name": "Club Viva Truskolasy",
        "@geometry": "center"
      },
      "geometry": {
        "type": "Point",
        "coordinates": [
          18.8214193,
          50.8591677
        ]
      },
      "id": "way/475229880"
    },
    {
      "type": "Feature",
      "properties": {
        "@id": "way/475269919",
        "website": "http://halastulecia.pl/centrum-kongresowe/przestrzen-do-wynajecia/wroclawskie-centrum-kongresowe/",
        "wheelchair": "yes",
        "toilets:wheelchair": "yes",
        "name": "Wrocławskie Centrum Kongresowe",
        "amenity": "community_centre",
        "operator": "WROCŁAWSKIE PRZEDSIĘBIORSTWO HALA LUDOWA SP. Z O.O.",
        "@geometry": "center"
      },
      "geometry": {
        "type": "Point",
        "coordinates": [
          17.0780906,
          51.1077741
        ]
      },
      "id": "way/475269919"
    },
    {
      "type": "Feature",
      "properties": {
        "@id": "way/475383794",
        "addr:city": "Michałowice",
        "addr:housenumber": "2",
        "addr:postcode": "32-091",
        "addr:street": "Plac Józefa Piłsudskiego",
        "amenity": "community_centre",
        "building": "yes",
        "name": "Centrum Kultury i Promocji",
        "opening_hours": "Mo-Fr 8:00-17:30",
        "phone": "+48 12 388 50 71",
        "website": "https://wmichalowicach.pl/",
        "wheelchair": "yes",
        "@geometry": "center"
      },
      "geometry": {
        "type": "Point",
        "coordinates": [
          19.9798499,
          50.1584615
        ]
      },
      "id": "way/475383794"
    },
    {
      "type": "Feature",
      "properties": {
        "@id": "way/475808895",
        "amenity": "community_centre",
        "building": "public",
        "name": "Klub Kultury w Sobieniu",
        "@geometry": "center"
      },
      "geometry": {
        "type": "Point",
        "coordinates": [
          19.1928733,
          51.8606245
        ]
      },
      "id": "way/475808895"
    },
    {
      "type": "Feature",
      "properties": {
        "@id": "way/475859587",
        "addr:city:simc": "0412978",
        "addr:country": "PL",
        "addr:housenumber": "20",
        "addr:place": "Sobień",
        "addr:postcode": "95-070",
        "amenity": "social_centre",
        "building": "house",
        "name": "Koło Gospodyń Wieskich w Sobieniu",
        "source:addr": "emuia.gugik.gov.pl",
        "@geometry": "center"
      },
      "geometry": {
        "type": "Point",
        "coordinates": [
          19.1924089,
          51.8645086
        ]
      },
      "id": "way/475859587"
    },
    {
      "type": "Feature",
      "properties": {
        "@id": "way/476357634",
        "amenity": "community_centre",
        "building": "yes",
        "name": "Gminny Ośrodek Kultury w Wilczynie",
        "@geometry": "center"
      },
      "geometry": {
        "type": "Point",
        "coordinates": [
          18.1663464,
          52.4834334
        ]
      },
      "id": "way/476357634"
    },
    {
      "type": "Feature",
      "properties": {
        "@id": "way/476409028",
        "addr:housenumber": "41A",
        "addr:place": "Mościce Dolne",
        "addr:postcode": "21-515",
        "amenity": "community_centre",
        "building": "yes",
        "source:addr": "slawatycze.e-mapa.net",
        "@geometry": "center"
      },
      "geometry": {
        "type": "Point",
        "coordinates": [
          23.5996807,
          51.7772289
        ]
      },
      "id": "way/476409028"
    },
    {
      "type": "Feature",
      "properties": {
        "@id": "way/476874206",
        "amenity": "community_centre",
        "building": "yes",
        "name": "Gminny Ośrodek Kultury",
        "@geometry": "center"
      },
      "geometry": {
        "type": "Point",
        "coordinates": [
          18.1779959,
          53.7125061
        ]
      },
      "id": "way/476874206"
    },
    {
      "type": "Feature",
      "properties": {
        "@id": "way/478290065",
        "amenity": "community_centre",
        "building": "yes",
        "name": "świetlica wiejska",
        "@geometry": "center"
      },
      "geometry": {
        "type": "Point",
        "coordinates": [
          18.5837127,
          52.208245
        ]
      },
      "id": "way/478290065"
    },
    {
      "type": "Feature",
      "properties": {
        "@id": "way/478357501",
        "name": "Klub Osiedlowy Ustronie",
        "amenity": "community_centre",
        "building": "yes",
        "community_centre:for": "multigeneration",
        "@geometry": "center"
      },
      "geometry": {
        "type": "Point",
        "coordinates": [
          21.1563133,
          51.3816386
        ]
      },
      "id": "way/478357501"
    },
    {
      "type": "Feature",
      "properties": {
        "@id": "way/480232750",
        "wheelchair": "yes",
        "source:addr": "makowmazowiecki.e-mapa.net",
        "name": "Miejski Dom Kultury",
        "addr:city": "Maków Mazowiecki",
        "addr:city:simc": "0966300",
        "addr:housenumber": "2",
        "addr:postcode": "06-200",
        "addr:street": "Stanisława Moniuszki",
        "addr:street:sym_ul": "13246",
        "amenity": "community_centre",
        "building": "public",
        "height": "5",
        "@geometry": "center"
      },
      "geometry": {
        "type": "Point",
        "coordinates": [
          21.1001092,
          52.8647922
        ]
      },
      "id": "way/480232750"
    },
    {
      "type": "Feature",
      "properties": {
        "@id": "way/480603021",
        "addr:city:simc": "0804840",
        "addr:housenumber": "43",
        "addr:place": "Dąbrówka Pniowska",
        "addr:postcode": "37-455",
        "amenity": "community_centre",
        "building": "yes",
        "name": "Dom Ludowy w Dąbrówce Pniowskiej",
        "@geometry": "center"
      },
      "geometry": {
        "type": "Point",
        "coordinates": [
          21.8680396,
          50.7351441
        ]
      },
      "id": "way/480603021"
    },
    {
      "type": "Feature",
      "properties": {
        "@id": "way/481111571",
        "amenity": "community_centre",
        "barrier": "fence",
        "name": "Młodzieżowy Dom Kultury nr 2 im. dra Henryka Jordana",
        "@geometry": "center"
      },
      "geometry": {
        "type": "Point",
        "coordinates": [
          17.9896038,
          53.1148984
        ]
      },
      "id": "way/481111571"
    },
    {
      "type": "Feature",
      "properties": {
        "@id": "way/481207005",
        "amenity": "community_centre",
        "building": "yes",
        "@geometry": "center"
      },
      "geometry": {
        "type": "Point",
        "coordinates": [
          18.1028379,
          52.2996298
        ]
      },
      "id": "way/481207005"
    },
    {
      "type": "Feature",
      "properties": {
        "@id": "way/481455131",
        "name": "Swietlica Maksymilianowo",
        "addr:city": "Maksymilianowo",
        "addr:city:simc": "0093533",
        "addr:housenumber": "2",
        "addr:postcode": "86-021",
        "addr:street": "Kościelna",
        "addr:street:sym_ul": "09546",
        "amenity": "community_centre",
        "building": "yes",
        "operator": "GOK Osielsko",
        "source:addr": "emuia.gugik.gov.pl",
        "@geometry": "center"
      },
      "geometry": {
        "type": "Point",
        "coordinates": [
          18.0361542,
          53.2177008
        ]
      },
      "id": "way/481455131"
    },
    {
      "type": "Feature",
      "properties": {
        "@id": "way/482064915",
        "addr:housenumber": "47e",
        "addr:place": "Kolonia Kołłątaja",
        "addr:postcode": "59-225",
        "amenity": "community_centre",
        "building": "yes",
        "name": "Świetlica Wiejska",
        "operator": "Gmina Chojnów",
        "@geometry": "center"
      },
      "geometry": {
        "type": "Point",
        "coordinates": [
          15.9546828,
          51.2883754
        ]
      },
      "id": "way/482064915"
    },
    {
      "type": "Feature",
      "properties": {
        "@id": "way/482486769",
        "source:addr": "EMUiA (emuia.geoportal.gov.pl)",
        "name": "Janowski Ośrodek Kultury",
        "building": "yes",
        "amenity": "community_centre",
        "addr:street": "Jana Pawła II",
        "addr:postcode": "23-300",
        "addr:city": "Janów Lubelski",
        "addr:housenumber": "3",
        "@geometry": "center"
      },
      "geometry": {
        "type": "Point",
        "coordinates": [
          22.4168972,
          50.7050956
        ]
      },
      "id": "way/482486769"
    },
    {
      "type": "Feature",
      "properties": {
        "@id": "way/482919064",
        "amenity": "community_centre",
        "building": "yes",
        "@geometry": "center"
      },
      "geometry": {
        "type": "Point",
        "coordinates": [
          18.2204395,
          52.9890045
        ]
      },
      "id": "way/482919064"
    },
    {
      "type": "Feature",
      "properties": {
        "@id": "way/482927685",
        "building": "yes",
        "addr:city": "Oborniki",
        "addr:city:simc": "0971181",
        "addr:housenumber": "18",
        "addr:postcode": "64-600",
        "addr:street": "Armii Poznań",
        "addr:street:sym_ul": "31886",
        "amenity": "community_centre",
        "name": "Obornicki Ośrodek Kultury",
        "short_name": "OOK",
        "source:addr": "oborniki.e-mapa.net",
        "website": "http://ook.oborniki.pl",
        "@geometry": "center"
      },
      "geometry": {
        "type": "Point",
        "coordinates": [
          16.8081513,
          52.6404917
        ]
      },
      "id": "way/482927685"
    },
    {
      "type": "Feature",
      "properties": {
        "@id": "way/485102672",
        "addr:housenumber": "155",
        "addr:place": "Makowiska",
        "addr:postcode": "38-230",
        "amenity": "community_centre",
        "building": "yes",
        "name": "Dom Ludowy w Makowiskach",
        "source": "http://nowyzmigrod.eu",
        "@geometry": "center"
      },
      "geometry": {
        "type": "Point",
        "coordinates": [
          21.5955319,
          49.6041566
        ]
      },
      "id": "way/485102672"
    },
    {
      "type": "Feature",
      "properties": {
        "@id": "way/486863792",
        "amenity": "community_centre",
        "building": "yes",
        "@geometry": "center"
      },
      "geometry": {
        "type": "Point",
        "coordinates": [
          18.0618961,
          52.2812897
        ]
      },
      "id": "way/486863792"
    },
    {
      "type": "Feature",
      "properties": {
        "@id": "way/486939992",
        "addr:city:simc": "0402187",
        "addr:housenumber": "37",
        "addr:place": "Kostry-Noski",
        "addr:postcode": "18-212",
        "amenity": "community_centre",
        "building": "yes",
        "community_centre": "community_hall",
        "community_centre:for": "disabled",
        "email": "sps@spszansa.pl",
        "fax": "+48 86 476 55 00",
        "name": "Stowarzyszenia Pomocy Szansa",
        "phone": "+48 86 476 55 00",
        "source:addr": "emuia.gugik.gov.pl",
        "website": "https://www.spszansa.pl/",
        "wheelchair": "yes",
        "@geometry": "center"
      },
      "geometry": {
        "type": "Point",
        "coordinates": [
          22.6449779,
          52.8387697
        ]
      },
      "id": "way/486939992"
    },
    {
      "type": "Feature",
      "properties": {
        "@id": "way/488731974",
        "building": "yes",
        "building:levels": "3",
        "source:geometry": "geoportal.gov.pl, GPS",
        "addr:housenumber": "30",
        "addr:place": "Żerkowice",
        "addr:postcode": "59-600",
        "amenity": "community_centre",
        "name": "Sołtys wsi",
        "@geometry": "center"
      },
      "geometry": {
        "type": "Point",
        "coordinates": [
          15.5671164,
          51.1549032
        ]
      },
      "id": "way/488731974"
    },
    {
      "type": "Feature",
      "properties": {
        "@id": "way/488747168",
        "addr:city": "Krasnosielc",
        "addr:city:simc": "0511858",
        "addr:housenumber": "40A",
        "addr:postcode": "06-212",
        "addr:street": "Rynek",
        "addr:street:sym_ul": "19253",
        "amenity": "community_centre",
        "building": "yes",
        "name": "Gminny Ośrodek Kultury w Krasnosielcu",
        "source:addr": "krasnosielc.e-mapa.net",
        "@geometry": "center"
      },
      "geometry": {
        "type": "Point",
        "coordinates": [
          21.1566184,
          53.0344112
        ]
      },
      "id": "way/488747168"
    },
    {
      "type": "Feature",
      "properties": {
        "@id": "way/489592282",
        "addr:city": "Brańszczyk",
        "addr:city:simc": "0506509",
        "addr:housenumber": "43",
        "addr:postcode": "07-221",
        "addr:street": "Jana Pawła II",
        "addr:street:sym_ul": "07123",
        "amenity": "community_centre",
        "building": "yes",
        "fixme": "fix position",
        "name": "Gminny Dom Kultury",
        "@geometry": "center"
      },
      "geometry": {
        "type": "Point",
        "coordinates": [
          21.5856032,
          52.6279892
        ]
      },
      "id": "way/489592282"
    },
    {
      "type": "Feature",
      "properties": {
        "@id": "way/490097803",
        "building": "yes",
        "amenity": "community_centre",
        "@geometry": "center"
      },
      "geometry": {
        "type": "Point",
        "coordinates": [
          19.6432551,
          52.8313881
        ]
      },
      "id": "way/490097803"
    },
    {
      "type": "Feature",
      "properties": {
        "@id": "way/490604446",
        "addr:housenumber": "27",
        "addr:place": "Łysów",
        "addr:postcode": "08-109",
        "amenity": "community_centre",
        "building": "yes",
        "name": "Świetlica wiejska w Łysowie",
        "source:addr": "przesmyki.e-mapa.net",
        "@geometry": "center"
      },
      "geometry": {
        "type": "Point",
        "coordinates": [
          22.6972164,
          52.2935246
        ]
      },
      "id": "way/490604446"
    },
    {
      "type": "Feature",
      "properties": {
        "@id": "way/491409479",
        "addr:street": "Grodziecka",
        "amenity": "community_centre",
        "building": "yes",
        "name": "Świetlica wiejska",
        "@geometry": "center"
      },
      "geometry": {
        "type": "Point",
        "coordinates": [
          18.1775663,
          52.1588196
        ]
      },
      "id": "way/491409479"
    },
    {
      "type": "Feature",
      "properties": {
        "@id": "way/491969087",
        "addr:city": "Dzięgielów",
        "addr:housenumber": "30",
        "addr:postcode": "43-445",
        "addr:street": "Słoneczna",
        "amenity": "community_centre",
        "building": "public",
        "building:levels": "2",
        "name": "Ewangelickie Centrum Parafialne „Salem”",
        "operator": "Parafia Ewangelicko-Augsburska w Dzięgielowie",
        "operator:type": "religious",
        "@geometry": "center"
      },
      "geometry": {
        "type": "Point",
        "coordinates": [
          18.696177,
          49.7264842
        ]
      },
      "id": "way/491969087"
    },
    {
      "type": "Feature",
      "properties": {
        "@id": "way/493544323",
        "source:addr": "kolaczyce.e-mapa.net",
        "addr:city:simc": "0354011",
        "addr:housenumber": "37",
        "addr:place": "Krajowice",
        "addr:postcode": "38-211",
        "amenity": "nightclub",
        "building": "yes",
        "name": "Palma de Mirette",
        "@geometry": "center"
      },
      "geometry": {
        "type": "Point",
        "coordinates": [
          21.4148936,
          49.7928975
        ]
      },
      "id": "way/493544323"
    },
    {
      "type": "Feature",
      "properties": {
        "@id": "way/493712370",
        "amenity": "community_centre",
        "building": "yes",
        "@geometry": "center"
      },
      "geometry": {
        "type": "Point",
        "coordinates": [
          18.0334209,
          52.2410158
        ]
      },
      "id": "way/493712370"
    },
    {
      "type": "Feature",
      "properties": {
        "@id": "way/494120594",
        "name": "Świetlica wiejska",
        "addr:housenumber": "68",
        "addr:place": "Mienia",
        "building:levels": "1",
        "building": "yes",
        "amenity": "community_centre",
        "source:addr": "ceglow.e-mapa.net",
        "addr:city:simc": "0669045",
        "addr:postcode": "05-319",
        "@geometry": "center"
      },
      "geometry": {
        "type": "Point",
        "coordinates": [
          21.7006304,
          52.1529618
        ]
      },
      "id": "way/494120594"
    },
    {
      "type": "Feature",
      "properties": {
        "@id": "way/496199774",
        "amenity": "community_centre",
        "building": "yes",
        "@geometry": "center"
      },
      "geometry": {
        "type": "Point",
        "coordinates": [
          18.1304362,
          52.195496
        ]
      },
      "id": "way/496199774"
    },
    {
      "type": "Feature",
      "properties": {
        "@id": "way/496301554",
        "amenity": "community_centre",
        "source:addr": "UM Otwock",
        "name": "Oddział Otwockiego Centrum Kultury w Mlądzu",
        "building": "yes",
        "addr:city": "Otwock",
        "addr:housenumber": "202",
        "addr:postcode": "05-400",
        "addr:street": "Majowa",
        "@geometry": "center"
      },
      "geometry": {
        "type": "Point",
        "coordinates": [
          21.2935194,
          52.14058
        ]
      },
      "id": "way/496301554"
    },
    {
      "type": "Feature",
      "properties": {
        "@id": "way/496358355",
        "addr:city": "Mińsk Mazowiecki",
        "addr:city:simc": "0682011",
        "addr:housenumber": "1",
        "addr:postcode": "05-300",
        "addr:street": "Ogrodowa",
        "amenity": "community_centre",
        "building": "yes",
        "name": "Koło Wędkarskie Trzynastka",
        "@geometry": "center"
      },
      "geometry": {
        "type": "Point",
        "coordinates": [
          21.5724733,
          52.1811259
        ]
      },
      "id": "way/496358355"
    },
    {
      "type": "Feature",
      "properties": {
        "@id": "way/496866755",
        "amenity": "community_centre",
        "building": "yes",
        "@geometry": "center"
      },
      "geometry": {
        "type": "Point",
        "coordinates": [
          19.858967,
          49.4410564
        ]
      },
      "id": "way/496866755"
    },
    {
      "type": "Feature",
      "properties": {
        "@id": "way/498005582",
        "amenity": "community_centre",
        "building": "roof",
        "name": "Muszla Koncertowa",
        "@geometry": "center"
      },
      "geometry": {
        "type": "Point",
        "coordinates": [
          22.8914186,
          51.3020026
        ]
      },
      "id": "way/498005582"
    },
    {
      "type": "Feature",
      "properties": {
        "@id": "way/504037211",
        "addr:city": "Grzawa",
        "addr:city:simc": "0217076",
        "addr:housenumber": "19",
        "addr:postcode": "43-227",
        "addr:street": "Księża",
        "addr:street:sym_ul": "10241",
        "amenity": "community_centre",
        "building": "commercial",
        "name": "Dom socjalny w Grzawie",
        "source:addr": "emuia.gugik.gov.pl",
        "@geometry": "center"
      },
      "geometry": {
        "type": "Point",
        "coordinates": [
          19.0588918,
          49.9666519
        ]
      },
      "id": "way/504037211"
    },
    {
      "type": "Feature",
      "properties": {
        "@id": "way/504740142",
        "website": "http://ckip.lososina.pl/",
        "addr:housenumber": "400",
        "addr:place": "Łososina Dolna",
        "addr:postcode": "33-314",
        "amenity": "community_centre",
        "building": "yes",
        "name": "Centrum Kultury i Promocji Gminy Łososina Dolna",
        "@geometry": "center"
      },
      "geometry": {
        "type": "Point",
        "coordinates": [
          20.6272613,
          49.7428024
        ]
      },
      "id": "way/504740142"
    },
    {
      "type": "Feature",
      "properties": {
        "@id": "way/504839552",
        "amenity": "community_centre",
        "building": "yes",
        "@geometry": "center"
      },
      "geometry": {
        "type": "Point",
        "coordinates": [
          18.1150072,
          52.0974249
        ]
      },
      "id": "way/504839552"
    },
    {
      "type": "Feature",
      "properties": {
        "@id": "way/505017246",
        "amenity": "community_centre",
        "building": "yes",
        "@geometry": "center"
      },
      "geometry": {
        "type": "Point",
        "coordinates": [
          18.0875854,
          52.103821
        ]
      },
      "id": "way/505017246"
    },
    {
      "type": "Feature",
      "properties": {
        "@id": "way/506049438",
        "amenity": "community_centre",
        "building": "yes",
        "@geometry": "center"
      },
      "geometry": {
        "type": "Point",
        "coordinates": [
          18.1845454,
          52.0174633
        ]
      },
      "id": "way/506049438"
    },
    {
      "type": "Feature",
      "properties": {
        "@id": "way/506113620",
        "name": "Świetlica wiejska",
        "addr:city:simc": "0591640",
        "addr:housenumber": "6A",
        "addr:place": "Popówko",
        "addr:postcode": "64-606",
        "amenity": "community_centre",
        "building": "yes",
        "source:addr": "oborniki.e-mapa.net",
        "@geometry": "center"
      },
      "geometry": {
        "type": "Point",
        "coordinates": [
          16.6726503,
          52.6299311
        ]
      },
      "id": "way/506113620"
    },
    {
      "type": "Feature",
      "properties": {
        "@id": "way/506576366",
        "addr:city": "Przedbórz",
        "addr:housenumber": "9",
        "addr:postcode": "97-570",
        "addr:street": "Trytwa",
        "amenity": "community_centre",
        "building": "yes",
        "community_centre": "events_venue",
        "name": "Wenus-sala bankietowa",
        "source:addr": "przedborz.e-mapa.net",
        "@geometry": "center"
      },
      "geometry": {
        "type": "Point",
        "coordinates": [
          19.8696854,
          51.0892578
        ]
      },
      "id": "way/506576366"
    },
    {
      "type": "Feature",
      "properties": {
        "@id": "way/507376614",
        "name": "Ochotnicza Straż Pożarna w Paprotni",
        "building": "yes",
        "amenity": "community_centre",
        "@geometry": "center"
      },
      "geometry": {
        "type": "Point",
        "coordinates": [
          18.4206414,
          52.1762025
        ]
      },
      "id": "way/507376614"
    },
    {
      "type": "Feature",
      "properties": {
        "@id": "way/509230149",
        "addr:city:simc": "0646966",
        "addr:housenumber": "157A",
        "addr:place": "Poręby Dymarskie",
        "amenity": "community_centre",
        "building": "fire_station",
        "building:levels": "1",
        "name": "Dom Strażaka w Porębach Dymarskich",
        "source": "www.geoportal.gov.pl",
        "source:addr": "emuia.gugik.gov.pl",
        "@geometry": "center"
      },
      "geometry": {
        "type": "Point",
        "coordinates": [
          21.8047672,
          50.3153493
        ]
      },
      "id": "way/509230149"
    },
    {
      "type": "Feature",
      "properties": {
        "@id": "way/509577489",
        "addr:city:simc": "0284718",
        "addr:housenumber": "59",
        "addr:place": "Biskupice",
        "addr:postcode": "62-580",
        "amenity": "community_centre",
        "building": "yes",
        "source:addr": "emuia.gugik.gov.pl",
        "@geometry": "center"
      },
      "geometry": {
        "type": "Point",
        "coordinates": [
          18.0118614,
          52.0947171
        ]
      },
      "id": "way/509577489"
    },
    {
      "type": "Feature",
      "properties": {
        "@id": "way/510948591",
        "addr:city": "Zwonowice",
        "addr:city:simc": "0216533",
        "addr:housenumber": "1",
        "addr:postcode": "44-292",
        "addr:street": "Sumińska",
        "addr:street:sym_ul": "21579",
        "amenity": "community_centre",
        "building": "yes",
        "fixme": "name, phone itp.",
        "name": "Świetlica Środowiskowa",
        "source:addr": "emuia.gugik.gov.pl",
        "@geometry": "center"
      },
      "geometry": {
        "type": "Point",
        "coordinates": [
          18.4412959,
          50.1444752
        ]
      },
      "id": "way/510948591"
    },
    {
      "type": "Feature",
      "properties": {
        "@id": "way/513328172",
        "building": "yes",
        "addr:city:simc": "0804017",
        "addr:housenumber": "117",
        "addr:place": "Potok Wielki",
        "addr:postcode": "23-313",
        "amenity": "community_centre",
        "name": "Klub Seniora",
        "source:addr": "emuia.gugik.gov.pl",
        "@geometry": "center"
      },
      "geometry": {
        "type": "Point",
        "coordinates": [
          22.2251638,
          50.784223
        ]
      },
      "id": "way/513328172"
    },
    {
      "type": "Feature",
      "properties": {
        "@id": "way/513517092",
        "addr:city": "Gostyń",
        "addr:city:simc": "0954395",
        "addr:housenumber": "4",
        "addr:postcode": "63-800",
        "addr:street": "Hutnika",
        "amenity": "community_centre",
        "building": "public",
        "contact:email": "gokhutnik@gostyn.pl",
        "contact:fax": "+48 65 572 09 05",
        "contact:phone": "+48 65 572 79 90",
        "contact:website": "https://www.gok.gostyn.pl/",
        "name": "Gostyński Ośrodek Kultury \"Hutnik\"",
        "source:addr": "gostyn.e-mapa.net",
        "@geometry": "center"
      },
      "geometry": {
        "type": "Point",
        "coordinates": [
          16.9997929,
          51.8812002
        ]
      },
      "id": "way/513517092"
    },
    {
      "type": "Feature",
      "properties": {
        "@id": "way/515828656",
        "amenity": "community_centre",
        "building": "yes",
        "@geometry": "center"
      },
      "geometry": {
        "type": "Point",
        "coordinates": [
          18.7510213,
          52.3914977
        ]
      },
      "id": "way/515828656"
    },
    {
      "type": "Feature",
      "properties": {
        "@id": "way/516496619",
        "addr:city": "Polanów",
        "addr:city:simc": "0950115",
        "addr:housenumber": "5",
        "addr:postcode": "76-010",
        "addr:street": "Polna",
        "addr:street:sym_ul": "17011",
        "amenity": "community_centre",
        "building": "detached",
        "name": "Polanowski Ośrodek Sportu i Kultury",
        "source": "BING, 2015",
        "source:addr": "polanow.e-mapa.net",
        "@geometry": "center"
      },
      "geometry": {
        "type": "Point",
        "coordinates": [
          16.6779835,
          54.119332
        ]
      },
      "id": "way/516496619"
    },
    {
      "type": "Feature",
      "properties": {
        "@id": "way/516880818",
        "amenity": "community_centre",
        "building": "yes",
        "name": "Świetlica Wiejska w Szpęgawie",
        "@geometry": "center"
      },
      "geometry": {
        "type": "Point",
        "coordinates": [
          18.7416207,
          54.1021798
        ]
      },
      "id": "way/516880818"
    },
    {
      "type": "Feature",
      "properties": {
        "@id": "way/520107350",
        "amenity": "community_centre",
        "building": "yes",
        "@geometry": "center"
      },
      "geometry": {
        "type": "Point",
        "coordinates": [
          18.8344655,
          52.5058419
        ]
      },
      "id": "way/520107350"
    },
    {
      "type": "Feature",
      "properties": {
        "@id": "way/520312808",
        "amenity": "community_centre",
        "building": "yes",
        "@geometry": "center"
      },
      "geometry": {
        "type": "Point",
        "coordinates": [
          18.8708073,
          52.5057331
        ]
      },
      "id": "way/520312808"
    },
    {
      "type": "Feature",
      "properties": {
        "@id": "way/520392598",
        "amenity": "community_centre",
        "building": "yes",
        "@geometry": "center"
      },
      "geometry": {
        "type": "Point",
        "coordinates": [
          18.8548036,
          52.5175095
        ]
      },
      "id": "way/520392598"
    },
    {
      "type": "Feature",
      "properties": {
        "@id": "way/520490209",
        "addr:place": "Lisnowo",
        "addr:postcode": "86-342",
        "amenity": "community_centre",
        "building": "yes",
        "name": "Świetlica wiejska w Lisnowie",
        "@geometry": "center"
      },
      "geometry": {
        "type": "Point",
        "coordinates": [
          19.1616886,
          53.46668
        ]
      },
      "id": "way/520490209"
    },
    {
      "type": "Feature",
      "properties": {
        "@id": "way/520609518",
        "name": "Dom Kultury",
        "source:addr": "oborniki.e-mapa.net",
        "addr:city:simc": "0591580",
        "addr:housenumber": "7A",
        "addr:place": "Objezierze",
        "addr:postcode": "64-600",
        "alt_name": "Objezierski Dom Kultury",
        "amenity": "community_centre",
        "building": "yes",
        "old_name": "Dom Ludowy",
        "@geometry": "center"
      },
      "geometry": {
        "type": "Point",
        "coordinates": [
          16.7632688,
          52.6038851
        ]
      },
      "id": "way/520609518"
    },
    {
      "type": "Feature",
      "properties": {
        "@id": "way/521161875",
        "amenity": "community_centre",
        "building": "yes",
        "name": "Miejsko Gminny Ośrodek Kultury w Lubrańcu",
        "@geometry": "center"
      },
      "geometry": {
        "type": "Point",
        "coordinates": [
          18.8322008,
          52.5414404
        ]
      },
      "id": "way/521161875"
    },
    {
      "type": "Feature",
      "properties": {
        "@id": "way/522073818",
        "amenity": "community_centre",
        "building": "yes",
        "@geometry": "center"
      },
      "geometry": {
        "type": "Point",
        "coordinates": [
          18.7685218,
          52.583396
        ]
      },
      "id": "way/522073818"
    },
    {
      "type": "Feature",
      "properties": {
        "@id": "way/522602332",
        "addr:city:simc": "0090032",
        "addr:housenumber": "77a",
        "addr:place": "Sławsk Wielki",
        "amenity": "community_centre",
        "building": "yes",
        "source:addr": "kruszwica.e-mapa.net",
        "@geometry": "center"
      },
      "geometry": {
        "type": "Point",
        "coordinates": [
          18.264192,
          52.6834538
        ]
      },
      "id": "way/522602332"
    },
    {
      "type": "Feature",
      "properties": {
        "@id": "way/523858706",
        "addr:city:simc": "0533222",
        "addr:housenumber": "91",
        "addr:place": "Wartosław",
        "addr:postcode": "64-510",
        "amenity": "community_centre",
        "building": "house",
        "name": "Świetlica wiejska w Wartosławiu",
        "source:addr": "wronki.e-mapa.net",
        "@geometry": "center"
      },
      "geometry": {
        "type": "Point",
        "coordinates": [
          16.292574,
          52.7157743
        ]
      },
      "id": "way/523858706"
    },
    {
      "type": "Feature",
      "properties": {
        "@id": "way/523885973",
        "check_date:opening_hours": "2022-07-04",
        "addr:city": "Krosno",
        "addr:housenumber": "8",
        "addr:postcode": "38-400",
        "addr:street": "Fryderyka Chopina",
        "amenity": "community_centre",
        "building": "public",
        "building:levels": "2",
        "name": "Dzielnicowy Dom Kultury Puchatek",
        "opening_hours:signed": "no",
        "source:addr": "EMUiA (emuia.geoportal.gov.pl)",
        "wheelchair": "no",
        "@geometry": "center"
      },
      "geometry": {
        "type": "Point",
        "coordinates": [
          21.785271,
          49.685244
        ]
      },
      "id": "way/523885973"
    },
    {
      "type": "Feature",
      "properties": {
        "@id": "way/524689360",
        "amenity": "community_centre",
        "building": "yes",
        "name": "świetlica wiejska",
        "@geometry": "center"
      },
      "geometry": {
        "type": "Point",
        "coordinates": [
          18.8349252,
          53.0973525
        ]
      },
      "id": "way/524689360"
    },
    {
      "type": "Feature",
      "properties": {
        "@id": "way/525130213",
        "amenity": "community_centre",
        "building": "yes",
        "name": "Świetlica Wiejska",
        "@geometry": "center"
      },
      "geometry": {
        "type": "Point",
        "coordinates": [
          17.2226001,
          51.0562387
        ]
      },
      "id": "way/525130213"
    },
    {
      "type": "Feature",
      "properties": {
        "@id": "way/528581739",
        "amenity": "community_centre",
        "building:part": "yes",
        "name": "Świetlica CKGK w Lachowie",
        "source:addr": "kolno.e-mapa.net",
        "@geometry": "center"
      },
      "geometry": {
        "type": "Point",
        "coordinates": [
          22.0211907,
          53.4699098
        ]
      },
      "id": "way/528581739"
    },
    {
      "type": "Feature",
      "properties": {
        "@id": "way/528951263",
        "addr:city:simc": "0413096",
        "addr:street:sym_ul": "11710",
        "amenity": "community_centre",
        "building": "yes",
        "name": "Świetlica środowiskowa w Justynowie",
        "source:addr": "emuia.gugik.gov.pl",
        "@geometry": "center"
      },
      "geometry": {
        "type": "Point",
        "coordinates": [
          19.6744937,
          51.7281721
        ]
      },
      "id": "way/528951263"
    },
    {
      "type": "Feature",
      "properties": {
        "@id": "way/529483741",
        "building": "yes",
        "website": "http://www.resursa.zyrardow.pl/",
        "source:addr": "zyrardow.e-mapa.net",
        "name": "Resursa",
        "amenity": "community_centre",
        "addr:city": "Żyrardów",
        "addr:city:simc": "0977210",
        "addr:housenumber": "45",
        "addr:postcode": "96-300",
        "addr:street": "1 Maja",
        "@geometry": "center"
      },
      "geometry": {
        "type": "Point",
        "coordinates": [
          20.4359701,
          52.0573174
        ]
      },
      "id": "way/529483741"
    },
    {
      "type": "Feature",
      "properties": {
        "@id": "way/529536709",
        "source:addr": "szamotuly.e-mapa.net",
        "addr:city": "Szamotuły",
        "addr:city:simc": "0971531",
        "addr:housenumber": "14B",
        "addr:street": "Wojska Polskiego",
        "addr:street:sym_ul": "24628",
        "amenity": "community_centre",
        "building": "public",
        "name": "Świetlica ROD Samorządowiec",
        "@geometry": "center"
      },
      "geometry": {
        "type": "Point",
        "coordinates": [
          16.5740578,
          52.6058558
        ]
      },
      "id": "way/529536709"
    },
    {
      "type": "Feature",
      "properties": {
        "@id": "way/529556509",
        "website": "http://rodmazurek.pl",
        "amenity": "community_centre",
        "building": "yes",
        "name": "Dom Działkowca",
        "operator": "Rodzinny Ogród Działkowy \"Mazurek\"",
        "@geometry": "center"
      },
      "geometry": {
        "type": "Point",
        "coordinates": [
          16.9253321,
          52.3819486
        ]
      },
      "id": "way/529556509"
    },
    {
      "type": "Feature",
      "properties": {
        "@id": "way/530297196",
        "website": "http://www.anielisko.pl/",
        "addr:housenumber": "60",
        "addr:street": "Henryka Sienkiewicza",
        "amenity": "community_centre",
        "building": "yes",
        "email": "swietlica.mocni@wp.pl",
        "name": "Świetlica Anielisko",
        "opening_hours": "Mo-Fr 11:00-19:00",
        "phone": "+48 42 637 22 53",
        "@geometry": "center"
      },
      "geometry": {
        "type": "Point",
        "coordinates": [
          19.4633495,
          51.7606189
        ]
      },
      "id": "way/530297196"
    },
    {
      "type": "Feature",
      "properties": {
        "@id": "way/530824920",
        "addr:city": "Bojadła",
        "addr:city:simc": "0907881",
        "addr:housenumber": "1A",
        "addr:street": "Boczna",
        "addr:street:sym_ul": "09546",
        "amenity": "community_centre",
        "building": "yes",
        "image": "https://photos.app.goo.gl/zKKX6gdmxakRv7Fb8",
        "name": "Gminny Ośrodek Kultury",
        "source:addr": "bojadla.e-mapa.net",
        "url": "https://fotopolska.eu/54302,obiekt.html?map_z=18",
        "@geometry": "center"
      },
      "geometry": {
        "type": "Point",
        "coordinates": [
          15.811714,
          51.9546319
        ]
      },
      "id": "way/530824920"
    },
    {
      "type": "Feature",
      "properties": {
        "@id": "way/531285818",
        "name": "Sala Wiejska w Siekówku",
        "addr:housenumber": "16a",
        "building": "yes",
        "amenity": "community_centre",
        "@geometry": "center"
      },
      "geometry": {
        "type": "Point",
        "coordinates": [
          16.3220594,
          52.030925
        ]
      },
      "id": "way/531285818"
    },
    {
      "type": "Feature",
      "properties": {
        "@id": "way/532987886",
        "name": "Świetlica",
        "building": "yes",
        "amenity": "community_centre",
        "@geometry": "center"
      },
      "geometry": {
        "type": "Point",
        "coordinates": [
          21.6982127,
          53.3894914
        ]
      },
      "id": "way/532987886"
    },
    {
      "type": "Feature",
      "properties": {
        "@id": "way/533063567",
        "addr:city": "Miłosław",
        "addr:city:simc": "0971034",
        "addr:housenumber": "4",
        "addr:postcode": "62-320",
        "addr:street": "Różowa",
        "amenity": "community_centre",
        "building": "public",
        "email": "mck36@wp.pl",
        "name": "Miłosławskie Centrum Kultury",
        "phone": "+48 61 438 27 79; +48 695 897 653",
        "short_name": "MCK",
        "source": "http://mck.iswift.eu",
        "source:addr": "EMUiA (miloslaw.e-mapa.net)",
        "website": "http://mck.iswift.eu/",
        "@geometry": "center"
      },
      "geometry": {
        "type": "Point",
        "coordinates": [
          17.4882595,
          52.202936
        ]
      },
      "id": "way/533063567"
    },
    {
      "type": "Feature",
      "properties": {
        "@id": "way/533161622",
        "addr:housenumber": "138a",
        "addr:place": "Wólka Pełkińska",
        "addr:postcode": "37-511",
        "amenity": "community_centre",
        "building": "yes",
        "name": "Wiejski Dom Strażaka w Wólce Pełkińskiej",
        "source:addr": "EMUiA (emuia.gugik.gov.pl)",
        "@geometry": "center"
      },
      "geometry": {
        "type": "Point",
        "coordinates": [
          22.6093371,
          50.092387
        ]
      },
      "id": "way/533161622"
    },
    {
      "type": "Feature",
      "properties": {
        "@id": "way/533870962",
        "addr:city": "Komorowo",
        "addr:city:simc": "0584596",
        "addr:housenumber": "6",
        "addr:postcode": "64-530",
        "addr:street": "Jeziorna",
        "addr:street:sym_ul": "07535",
        "amenity": "community_centre",
        "building": "yes",
        "name": "Świetlica wiejska w Komorowie",
        "source:addr": "kazmierz.e-mapa.net",
        "@geometry": "center"
      },
      "geometry": {
        "type": "Point",
        "coordinates": [
          16.483323,
          52.5188505
        ]
      },
      "id": "way/533870962"
    },
    {
      "type": "Feature",
      "properties": {
        "@id": "way/534112970",
        "addr:city": "Batorowo",
        "addr:city:simc": "0597297",
        "addr:housenumber": "67",
        "addr:postcode": "62-080",
        "addr:street": "Stefana Batorego",
        "addr:street:sym_ul": "00891",
        "amenity": "community_centre",
        "building": "yes",
        "name": "Świetlica w Batorowie",
        "source:addr": "tarnowopodgorne.e-mapa.net",
        "@geometry": "center"
      },
      "geometry": {
        "type": "Point",
        "coordinates": [
          16.7506373,
          52.4219887
        ]
      },
      "id": "way/534112970"
    },
    {
      "type": "Feature",
      "properties": {
        "@id": "way/534149924",
        "amenity": "nightclub",
        "building": "yes",
        "name": "Viva",
        "@geometry": "center"
      },
      "geometry": {
        "type": "Point",
        "coordinates": [
          17.4754216,
          52.9078571
        ]
      },
      "id": "way/534149924"
    },
    {
      "type": "Feature",
      "properties": {
        "@id": "way/534194151",
        "website": "www.golanczgok.pl",
        "amenity": "community_centre",
        "email": "gokgolancz@poczta.fm",
        "name": "Gołaniecki Ośrodek Kultury",
        "phone": "+48 67 261 50 77",
        "short_name": "GOK Gołańcz",
        "addr:city": "Gołańcz",
        "addr:city:simc": "0966820",
        "addr:housenumber": "1",
        "addr:postcode": "62-130",
        "addr:street": "Doktora Piotra Kowalika",
        "building": "public",
        "source:addr": "EMUiA (golancz.e-mapa.net)",
        "@geometry": "center"
      },
      "geometry": {
        "type": "Point",
        "coordinates": [
          17.298909,
          52.9442732
        ]
      },
      "id": "way/534194151"
    },
    {
      "type": "Feature",
      "properties": {
        "@id": "way/536425775",
        "addr:city": "Brzeźno",
        "addr:city:simc": "0524832",
        "addr:housenumber": "1",
        "addr:postcode": "64-700",
        "addr:street": "Dolna",
        "amenity": "community_centre",
        "building": "yes",
        "name": "Sala Wiejska w Brzeźnie",
        "source:addr": "czarnkow.e-mapa.net",
        "@geometry": "center"
      },
      "geometry": {
        "type": "Point",
        "coordinates": [
          16.6145444,
          52.907298
        ]
      },
      "id": "way/536425775"
    },
    {
      "type": "Feature",
      "properties": {
        "@id": "way/538399593",
        "amenity": "community_centre",
        "building": "yes",
        "name": "Świetlica Wiejska",
        "url": "https://dolny-slask.org.pl/6216895,Ostrzyce,Dom_nr_67_Swietlica_wiejska.html",
        "@geometry": "center"
      },
      "geometry": {
        "type": "Point",
        "coordinates": [
          15.7575759,
          52.0515036
        ]
      },
      "id": "way/538399593"
    },
    {
      "type": "Feature",
      "properties": {
        "@id": "way/539422026",
        "addr:city:simc": "0814524",
        "addr:housenumber": "114A",
        "addr:place": "Bukowa",
        "addr:postcode": "39-230",
        "amenity": "community_centre",
        "building": "yes",
        "name": "Dom Ludowy w Bukowej",
        "source:addr": "emuia1.gugik.gov.pl",
        "@geometry": "center"
      },
      "geometry": {
        "type": "Point",
        "coordinates": [
          21.4118067,
          49.8394677
        ]
      },
      "id": "way/539422026"
    },
    {
      "type": "Feature",
      "properties": {
        "@id": "way/539446405",
        "addr:city:simc": "0821530",
        "addr:housenumber": "25B",
        "addr:place": "Jodłowa",
        "addr:postcode": "39-225",
        "amenity": "community_centre",
        "building": "yes",
        "building:levels": "3",
        "name": "Gminne Centrum Kultury i Czytelnictwa",
        "source:addr": "emuia1.gugik.gov.pl",
        "@geometry": "center"
      },
      "geometry": {
        "type": "Point",
        "coordinates": [
          21.305324,
          49.8771897
        ]
      },
      "id": "way/539446405"
    },
    {
      "type": "Feature",
      "properties": {
        "@id": "way/539604713",
        "amenity": "community_centre",
        "building": "yes",
        "name": "Centrum Kultury i Sportu w Jodłowej Górnej",
        "@geometry": "center"
      },
      "geometry": {
        "type": "Point",
        "coordinates": [
          21.2611859,
          49.8729802
        ]
      },
      "id": "way/539604713"
    },
    {
      "type": "Feature",
      "properties": {
        "@id": "way/539634887",
        "addr:city": "Kędzierzyn-Koźle",
        "addr:place": "Kędzierzyn-Koźle",
        "addr:postcode": "47-225",
        "addr:street": "Wyzwolenia",
        "amenity": "community_centre",
        "building": "yes",
        "building:levels": "2",
        "description": "Budynek domu kultury mieści ",
        "name": "Osiedlowy Dom Kultury \"LECH\"",
        "@geometry": "center"
      },
      "geometry": {
        "type": "Point",
        "coordinates": [
          18.2610415,
          50.3547069
        ]
      },
      "id": "way/539634887"
    },
    {
      "type": "Feature",
      "properties": {
        "@id": "way/539831926",
        "amenity": "community_centre",
        "building": "yes",
        "name": "Świetlica",
        "source:geometry": "geoportal.gov.pl:ortofoto",
        "@geometry": "center"
      },
      "geometry": {
        "type": "Point",
        "coordinates": [
          18.5303883,
          53.5598264
        ]
      },
      "id": "way/539831926"
    },
    {
      "type": "Feature",
      "properties": {
        "@id": "way/539842681",
        "amenity": "community_centre",
        "building": "yes",
        "name": "Dom Działkowca \"Zacisze\"",
        "@geometry": "center"
      },
      "geometry": {
        "type": "Point",
        "coordinates": [
          18.250173,
          50.3541228
        ]
      },
      "id": "way/539842681"
    },
    {
      "type": "Feature",
      "properties": {
        "@id": "way/539861486",
        "amenity": "community_centre",
        "building": "yes",
        "name": "Świetlica Wiejska",
        "@geometry": "center"
      },
      "geometry": {
        "type": "Point",
        "coordinates": [
          18.5520345,
          52.565971
        ]
      },
      "id": "way/539861486"
    },
    {
      "type": "Feature",
      "properties": {
        "@id": "way/539924384",
        "name": "\"Diamond\"",
        "amenity": "nightclub",
        "building": "yes",
        "@geometry": "center"
      },
      "geometry": {
        "type": "Point",
        "coordinates": [
          16.2830842,
          52.2767543
        ]
      },
      "id": "way/539924384"
    },
    {
      "type": "Feature",
      "properties": {
        "@id": "way/540507792",
        "amenity": "community_centre",
        "building": "yes",
        "@geometry": "center"
      },
      "geometry": {
        "type": "Point",
        "coordinates": [
          18.6194964,
          52.5749713
        ]
      },
      "id": "way/540507792"
    },
    {
      "type": "Feature",
      "properties": {
        "@id": "way/540674193",
        "amenity": "community_centre",
        "building": "yes",
        "@geometry": "center"
      },
      "geometry": {
        "type": "Point",
        "coordinates": [
          18.5718266,
          52.5839396
        ]
      },
      "id": "way/540674193"
    },
    {
      "type": "Feature",
      "properties": {
        "@id": "way/541301303",
        "addr:housenumber": "40A",
        "addr:place": "Korabina",
        "addr:postcode": "37-433",
        "amenity": "community_centre",
        "building": "residential",
        "description": "Świetlica wiejska w Korabinie",
        "@geometry": "center"
      },
      "geometry": {
        "type": "Point",
        "coordinates": [
          21.9789538,
          50.394616
        ]
      },
      "id": "way/541301303"
    },
    {
      "type": "Feature",
      "properties": {
        "@id": "way/541399197",
        "amenity": "community_centre",
        "building": "yes",
        "name": "Sala ludowa",
        "@geometry": "center"
      },
      "geometry": {
        "type": "Point",
        "coordinates": [
          21.3481148,
          49.6878668
        ]
      },
      "id": "way/541399197"
    },
    {
      "type": "Feature",
      "properties": {
        "@id": "way/541941920",
        "amenity": "community_centre",
        "building": "yes",
        "name": "Centrum Macierz Polonii",
        "website": "http://macierzpolonii.pl/",
        "@geometry": "center"
      },
      "geometry": {
        "type": "Point",
        "coordinates": [
          20.0166912,
          50.1889564
        ]
      },
      "id": "way/541941920"
    },
    {
      "type": "Feature",
      "properties": {
        "@id": "way/542468195",
        "source:addr": "tarnowopodgorne.e-mapa.net",
        "name": "Świetlica wiejska w Wysogotowie",
        "building": "civic",
        "addr:city": "Wysogotowo",
        "addr:city:simc": "0597452",
        "addr:housenumber": "127",
        "addr:postcode": "62-081",
        "addr:street": "Wierzbowa",
        "addr:street:sym_ul": "24170",
        "amenity": "community_centre",
        "@geometry": "center"
      },
      "geometry": {
        "type": "Point",
        "coordinates": [
          16.7797489,
          52.4098262
        ]
      },
      "id": "way/542468195"
    },
    {
      "type": "Feature",
      "properties": {
        "@id": "way/543393028",
        "roof:shape": "hipped",
        "roof:levels": "1",
        "amenity": "community_centre",
        "building": "yes",
        "building:levels": "1",
        "@geometry": "center"
      },
      "geometry": {
        "type": "Point",
        "coordinates": [
          18.6715787,
          52.5138566
        ]
      },
      "id": "way/543393028"
    },
    {
      "type": "Feature",
      "properties": {
        "@id": "way/543474685",
        "addr:city": "Wtórek",
        "addr:housenumber": "5",
        "addr:postcode": "63-400",
        "addr:street": "Sadowska",
        "amenity": "nightclub",
        "building": "yes",
        "dance:style": "house;dance",
        "name": "Magnes Club",
        "opening_hours": "Sa-Su 20:00-05:00",
        "source:addr": "EMUiA (ostrowwielkopolski.e-mapa.net)",
        "@geometry": "center"
      },
      "geometry": {
        "type": "Point",
        "coordinates": [
          17.9010454,
          51.6354845
        ]
      },
      "id": "way/543474685"
    },
    {
      "type": "Feature",
      "properties": {
        "@id": "way/543877026",
        "addr:city": "Bełchatów",
        "addr:housenumber": "1a",
        "addr:postcode": "97-400",
        "addr:street": "1 Maja",
        "amenity": "community_centre",
        "building": "yes",
        "name": "Ośrodek Profilaktyki i Rozwoju Osobowości OPiRO",
        "@geometry": "center"
      },
      "geometry": {
        "type": "Point",
        "coordinates": [
          19.3708437,
          51.3642594
        ]
      },
      "id": "way/543877026"
    },
    {
      "type": "Feature",
      "properties": {
        "@id": "way/544166122",
        "amenity": "community_centre",
        "building": "yes",
        "@geometry": "center"
      },
      "geometry": {
        "type": "Point",
        "coordinates": [
          18.3315963,
          52.5307583
        ]
      },
      "id": "way/544166122"
    },
    {
      "type": "Feature",
      "properties": {
        "@id": "way/544217523",
        "building": "yes",
        "amenity": "community_centre",
        "@geometry": "center"
      },
      "geometry": {
        "type": "Point",
        "coordinates": [
          18.3194873,
          52.5709073
        ]
      },
      "id": "way/544217523"
    },
    {
      "type": "Feature",
      "properties": {
        "@id": "way/544518771",
        "amenity": "community_centre",
        "building": "yes",
        "@geometry": "center"
      },
      "geometry": {
        "type": "Point",
        "coordinates": [
          18.2730518,
          52.5294788
        ]
      },
      "id": "way/544518771"
    },
    {
      "type": "Feature",
      "properties": {
        "@id": "way/544813098",
        "amenity": "community_centre",
        "building": "yes",
        "community_centre": "cultural_centre",
        "name": "Dom Kultury w Żarnowie",
        "start_date": "2010-11-08",
        "@geometry": "center"
      },
      "geometry": {
        "type": "Point",
        "coordinates": [
          20.1723916,
          51.2534891
        ]
      },
      "id": "way/544813098"
    },
    {
      "type": "Feature",
      "properties": {
        "@id": "way/545799011",
        "addr:city:simc": "0376521",
        "addr:housenumber": "38",
        "addr:place": "Karmin",
        "addr:postcode": "64-030",
        "amenity": "community_centre",
        "building": "yes",
        "name": "Świetlica wiejska w Karminie",
        "@geometry": "center"
      },
      "geometry": {
        "type": "Point",
        "coordinates": [
          16.6543433,
          51.9817005
        ]
      },
      "id": "way/545799011"
    },
    {
      "type": "Feature",
      "properties": {
        "@id": "way/545931221",
        "amenity": "community_centre",
        "building": "yes",
        "@geometry": "center"
      },
      "geometry": {
        "type": "Point",
        "coordinates": [
          18.2216637,
          52.5074433
        ]
      },
      "id": "way/545931221"
    },
    {
      "type": "Feature",
      "properties": {
        "@id": "way/547171426",
        "amenity": "community_centre",
        "name": "Miejsko-Gminny Ośrodek Kultury",
        "@geometry": "center"
      },
      "geometry": {
        "type": "Point",
        "coordinates": [
          16.1863709,
          52.4472186
        ]
      },
      "id": "way/547171426"
    },
    {
      "type": "Feature",
      "properties": {
        "@id": "way/548839037",
        "name": "Świetlica wiejska",
        "addr:city:simc": "0009952",
        "addr:housenumber": "1A",
        "addr:place": "Radiówek",
        "addr:postcode": "05-462",
        "amenity": "community_centre",
        "building": "public",
        "building:levels": "1",
        "source:addr": "gugik.gov.pl",
        "@geometry": "center"
      },
      "geometry": {
        "type": "Point",
        "coordinates": [
          21.3101851,
          52.1537362
        ]
      },
      "id": "way/548839037"
    },
    {
      "type": "Feature",
      "properties": {
        "@id": "way/549049481",
        "addr:city:simc": "0015970",
        "addr:housenumber": "75A",
        "addr:place": "Pościsze",
        "addr:postcode": "21-560",
        "amenity": "community_centre",
        "building": "yes",
        "name": "Świetlica wiejska w Pościszach",
        "source": "https://mapy.geoportal.gov.pl",
        "source:addr": "miedzyrzecpodlaski.e-mapa.net",
        "website": "https://gokmiedzyrzec.pl/swietlica-w-posciszach/",
        "@geometry": "center"
      },
      "geometry": {
        "type": "Point",
        "coordinates": [
          22.6769729,
          52.0051321
        ]
      },
      "id": "way/549049481"
    },
    {
      "type": "Feature",
      "properties": {
        "@id": "way/549750112",
        "name": "Dom Pomocy Społecznej Nad Potokiem im. Bohdany „Danuty” Kijewskiej",
        "amenity": "community_centre",
        "@geometry": "center"
      },
      "geometry": {
        "type": "Point",
        "coordinates": [
          21.1805843,
          51.4094152
        ]
      },
      "id": "way/549750112"
    },
    {
      "type": "Feature",
      "properties": {
        "@id": "way/550124942",
        "amenity": "community_centre",
        "name": "Świetlica Wiejska w Golczowicach",
        "@geometry": "center"
      },
      "geometry": {
        "type": "Point",
        "coordinates": [
          19.596083,
          50.3598624
        ]
      },
      "id": "way/550124942"
    },
    {
      "type": "Feature",
      "properties": {
        "@id": "way/550126938",
        "amenity": "community_centre",
        "email": "biuro@mdk-dh.krakow.pl",
        "name": "MDK Dom Harcerza",
        "official_name": "Młodzieżowy Dom Kultury „Dom Harcerza”",
        "website": "http://www.mdk-dh.krakow.pl",
        "@geometry": "center"
      },
      "geometry": {
        "type": "Point",
        "coordinates": [
          19.9145418,
          50.0651026
        ]
      },
      "id": "way/550126938"
    },
    {
      "type": "Feature",
      "properties": {
        "@id": "way/550258365",
        "amenity": "community_centre",
        "building": "yes",
        "name": "Dom Kultury \"Dworek\"",
        "@geometry": "center"
      },
      "geometry": {
        "type": "Point",
        "coordinates": [
          16.7724654,
          52.3468156
        ]
      },
      "id": "way/550258365"
    },
    {
      "type": "Feature",
      "properties": {
        "@id": "way/551048219",
        "addr:city:simc": "0526535",
        "addr:housenumber": "35",
        "addr:place": "Równopole",
        "addr:postcode": "64-810",
        "amenity": "community_centre",
        "building": "public",
        "name": "Świetlica wiejska w Równopolu",
        "source": "http://kaczory.e-mapa.net?userview=30;http://mapy.geoportal.gov.pl/imap/?locale=pl&gui=new&sessionID=3634502",
        "source:addr": "kaczory.e-mapa.net",
        "@geometry": "center"
      },
      "geometry": {
        "type": "Point",
        "coordinates": [
          16.9240912,
          53.0999973
        ]
      },
      "id": "way/551048219"
    },
    {
      "type": "Feature",
      "properties": {
        "@id": "way/551413570",
        "addr:city:simc": "0821978",
        "addr:housenumber": "74",
        "addr:place": "Lipnica Murowana",
        "addr:postcode": "32-724",
        "amenity": "community_centre",
        "building": "yes",
        "name": "Gminny Dom Kultury w Lipnicy Murowanej",
        "source:addr": "emuia.gugik.gov.pl",
        "@geometry": "center"
      },
      "geometry": {
        "type": "Point",
        "coordinates": [
          20.5279027,
          49.8593266
        ]
      },
      "id": "way/551413570"
    },
    {
      "type": "Feature",
      "properties": {
        "@id": "way/551426548",
        "addr:city:simc": "0821760",
        "addr:housenumber": "12",
        "addr:place": "Lipnica Dolna",
        "addr:postcode": "32-724",
        "amenity": "community_centre",
        "building": "yes",
        "name": "Wiejski Dom Ludowy „Kasztan” w Lipnicy Dolnej",
        "operator": "Gminny Dom Kultury w Lipnicy Murowanej",
        "source:addr": "emuia.gugik.gov.pl",
        "@geometry": "center"
      },
      "geometry": {
        "type": "Point",
        "coordinates": [
          20.5479425,
          49.8587772
        ]
      },
      "id": "way/551426548"
    },
    {
      "type": "Feature",
      "properties": {
        "@id": "way/551711011",
        "addr:housenumber": "74",
        "addr:place": "Wielgie",
        "addr:postcode": "87-645",
        "amenity": "community_centre",
        "building": "yes",
        "name": "Centrum kulturalno-oświatowo-rekreacyjne w Wielgiem",
        "@geometry": "center"
      },
      "geometry": {
        "type": "Point",
        "coordinates": [
          19.1017777,
          52.9960953
        ]
      },
      "id": "way/551711011"
    },
    {
      "type": "Feature",
      "properties": {
        "@id": "way/552446939",
        "name": "Gminny Ośrodek Kultury i Sportu",
        "building": "yes",
        "amenity": "community_centre",
        "@geometry": "center"
      },
      "geometry": {
        "type": "Point",
        "coordinates": [
          21.3841932,
          52.0589933
        ]
      },
      "id": "way/552446939"
    },
    {
      "type": "Feature",
      "properties": {
        "@id": "way/553044349",
        "amenity": "community_centre",
        "contact:facebook": "https://www.facebook.com/GCKPotegowo",
        "name": "Gminny Ośrodek Kultury w Potęgowie",
        "phone": "59 8484250",
        "short_name": "GOK",
        "website": "http://www.gck.potegowo.pl",
        "@geometry": "center"
      },
      "geometry": {
        "type": "Point",
        "coordinates": [
          17.4796721,
          54.4851183
        ]
      },
      "id": "way/553044349"
    },
    {
      "type": "Feature",
      "properties": {
        "@id": "way/554032570",
        "amenity": "nightclub",
        "building": "yes",
        "name": "Stodoła",
        "@geometry": "center"
      },
      "geometry": {
        "type": "Point",
        "coordinates": [
          20.4319031,
          51.7373128
        ]
      },
      "id": "way/554032570"
    },
    {
      "type": "Feature",
      "properties": {
        "@id": "way/556865234",
        "addr:city": "Pietrzykowice",
        "addr:city:simc": "0059826",
        "addr:housenumber": "2",
        "addr:postcode": "34-326",
        "addr:street": "Pocztowa",
        "addr:street:sym_ul": "16579",
        "amenity": "social_centre",
        "building": "yes",
        "name": "Centrum Integracji Wiejskiej Sołtysówka",
        "source:addr": "lodygowice.e-mapa.net",
        "@geometry": "center"
      },
      "geometry": {
        "type": "Point",
        "coordinates": [
          19.1579857,
          49.7005749
        ]
      },
      "id": "way/556865234"
    },
    {
      "type": "Feature",
      "properties": {
        "@id": "way/558313817",
        "amenity": "community_centre",
        "amenity_1": "arts_center",
        "landuse": "recreation_ground",
        "name": "Teren Wronieckiego Ośrodka Kultury",
        "@geometry": "center"
      },
      "geometry": {
        "type": "Point",
        "coordinates": [
          16.3757289,
          52.7101959
        ]
      },
      "id": "way/558313817"
    },
    {
      "type": "Feature",
      "properties": {
        "@id": "way/558595991",
        "addr:city": "Wiązowna",
        "addr:housenumber": "2",
        "addr:postcode": "05-462",
        "addr:street": "Rajska",
        "amenity": "community_centre",
        "building": "yes",
        "name": "Świetlica Wiejska w Żanęcinie",
        "@geometry": "center"
      },
      "geometry": {
        "type": "Point",
        "coordinates": [
          21.3208005,
          52.1536162
        ]
      },
      "id": "way/558595991"
    },
    {
      "type": "Feature",
      "properties": {
        "@id": "way/559069543",
        "name": "Radziejowski Dom Kultury",
        "building": "yes",
        "amenity": "community_centre",
        "@geometry": "center"
      },
      "geometry": {
        "type": "Point",
        "coordinates": [
          18.5233541,
          52.6257018
        ]
      },
      "id": "way/559069543"
    },
    {
      "type": "Feature",
      "properties": {
        "@id": "way/560546586",
        "building": "yes",
        "amenity": "community_centre",
        "@geometry": "center"
      },
      "geometry": {
        "type": "Point",
        "coordinates": [
          18.4945805,
          52.6374848
        ]
      },
      "id": "way/560546586"
    },
    {
      "type": "Feature",
      "properties": {
        "@id": "way/560580073",
        "building": "yes",
        "amenity": "community_centre",
        "@geometry": "center"
      },
      "geometry": {
        "type": "Point",
        "coordinates": [
          18.5002285,
          52.6187742
        ]
      },
      "id": "way/560580073"
    },
    {
      "type": "Feature",
      "properties": {
        "@id": "way/561222561",
        "amenity": "community_centre",
        "building": "yes",
        "@geometry": "center"
      },
      "geometry": {
        "type": "Point",
        "coordinates": [
          18.5872152,
          52.6269174
        ]
      },
      "id": "way/561222561"
    },
    {
      "type": "Feature",
      "properties": {
        "@id": "way/561259968",
        "website": "http://www.wierzyce.tk",
        "addr:city": "Wierzyce",
        "addr:housenumber": "7",
        "addr:place": "Osiedle Leśne",
        "addr:postcode": "62-262",
        "amenity": "community_centre",
        "building": "yes",
        "name": "Świetlica Wiejska Wierzyce",
        "source:addr": "zmiana street na place, dane z lubowo.e-mapa.net",
        "@geometry": "center"
      },
      "geometry": {
        "type": "Point",
        "coordinates": [
          17.3948027,
          52.450676
        ]
      },
      "id": "way/561259968"
    },
    {
      "type": "Feature",
      "properties": {
        "@id": "way/561280218",
        "amenity": "community_centre",
        "building": "yes",
        "@geometry": "center"
      },
      "geometry": {
        "type": "Point",
        "coordinates": [
          18.5633863,
          52.6031937
        ]
      },
      "id": "way/561280218"
    },
    {
      "type": "Feature",
      "properties": {
        "@id": "way/561308175",
        "amenity": "community_centre",
        "building": "yes",
        "@geometry": "center"
      },
      "geometry": {
        "type": "Point",
        "coordinates": [
          18.5335072,
          52.5920163
        ]
      },
      "id": "way/561308175"
    },
    {
      "type": "Feature",
      "properties": {
        "@id": "way/561357937",
        "amenity": "community_centre",
        "building": "yes",
        "@geometry": "center"
      },
      "geometry": {
        "type": "Point",
        "coordinates": [
          18.5923248,
          52.6021412
        ]
      },
      "id": "way/561357937"
    },
    {
      "type": "Feature",
      "properties": {
        "@id": "way/561524075",
        "building": "yes",
        "amenity": "community_centre",
        "@geometry": "center"
      },
      "geometry": {
        "type": "Point",
        "coordinates": [
          18.5436251,
          52.6506963
        ]
      },
      "id": "way/561524075"
    },
    {
      "type": "Feature",
      "properties": {
        "@id": "way/561730617",
        "building": "yes",
        "amenity": "community_centre",
        "@geometry": "center"
      },
      "geometry": {
        "type": "Point",
        "coordinates": [
          18.6336956,
          52.6383758
        ]
      },
      "id": "way/561730617"
    },
    {
      "type": "Feature",
      "properties": {
        "@id": "way/561856548",
        "building": "yes",
        "amenity": "community_centre",
        "@geometry": "center"
      },
      "geometry": {
        "type": "Point",
        "coordinates": [
          18.5132702,
          52.594482
        ]
      },
      "id": "way/561856548"
    },
    {
      "type": "Feature",
      "properties": {
        "@id": "way/561894459",
        "building": "yes",
        "amenity": "community_centre",
        "@geometry": "center"
      },
      "geometry": {
        "type": "Point",
        "coordinates": [
          18.5053544,
          52.6088383
        ]
      },
      "id": "way/561894459"
    },
    {
      "type": "Feature",
      "properties": {
        "@id": "way/562455252",
        "addr:city": "Warszawa",
        "addr:city:simc": "988827",
        "addr:housenumber": "13",
        "addr:postcode": "03-252",
        "addr:street": "Suwalska",
        "addr:street:sym_ul": "21614",
        "amenity": "community_centre",
        "leisure": "garden",
        "contact:phone": "+48 22 811 39 88",
        "website": "http://www.oj8.edu.pl",
        "operator": "Targówek",
        "operator:type": "government",
        "phone": "+48 228113988",
        "ref:vatin": "PL5242530939",
        "barrier": "fence",
        "community_centre:for": "child;juvenile",
        "contact:email": "oj8@edu.um.warszawa.pl",
        "contact:website": "http://www.oj8.edu.pl",
        "email": "oj8@edu.um.warszawa.pl",
        "name": "VIII Ogród Jordanowski",
        "official_name": "VIII Ogród Jordanowski",
        "ref:regon": "012767301",
        "ref:rspo": "48847",
        "@geometry": "center"
      },
      "geometry": {
        "type": "Point",
        "coordinates": [
          21.0285122,
          52.2961504
        ]
      },
      "id": "way/562455252"
    },
    {
      "type": "Feature",
      "properties": {
        "@id": "way/562587141",
        "amenity": "community_centre",
        "building": "yes",
        "@geometry": "center"
      },
      "geometry": {
        "type": "Point",
        "coordinates": [
          18.7013384,
          52.6423496
        ]
      },
      "id": "way/562587141"
    },
    {
      "type": "Feature",
      "properties": {
        "@id": "way/562970183",
        "amenity": "community_centre",
        "building": "yes",
        "@geometry": "center"
      },
      "geometry": {
        "type": "Point",
        "coordinates": [
          18.7119768,
          52.6693502
        ]
      },
      "id": "way/562970183"
    },
    {
      "type": "Feature",
      "properties": {
        "@id": "way/564011022",
        "amenity": "community_centre",
        "building": "yes",
        "@geometry": "center"
      },
      "geometry": {
        "type": "Point",
        "coordinates": [
          18.8037202,
          52.6282943
        ]
      },
      "id": "way/564011022"
    },
    {
      "type": "Feature",
      "properties": {
        "@id": "way/564038193",
        "amenity": "community_centre",
        "building": "yes",
        "@geometry": "center"
      },
      "geometry": {
        "type": "Point",
        "coordinates": [
          18.8044514,
          52.6150186
        ]
      },
      "id": "way/564038193"
    },
    {
      "type": "Feature",
      "properties": {
        "@id": "way/564381160",
        "amenity": "community_centre",
        "building": "yes",
        "@geometry": "center"
      },
      "geometry": {
        "type": "Point",
        "coordinates": [
          18.7310347,
          52.5957408
        ]
      },
      "id": "way/564381160"
    },
    {
      "type": "Feature",
      "properties": {
        "@id": "way/566413940",
        "website": "https://czasoprzestrzen.org",
        "alt_name": "Zajezdnia Dąbie",
        "amenity": "community_centre",
        "contact:facebook": "https://facebook.com/czasoprzestrzenzajezdniadabie/",
        "name": "Czasoprzestrzeń",
        "operator": "Centrum Kultury Akademickiej i Inicjatyw Lokalnych",
        "@geometry": "center"
      },
      "geometry": {
        "type": "Point",
        "coordinates": [
          17.0870826,
          51.1050953
        ]
      },
      "id": "way/566413940"
    },
    {
      "type": "Feature",
      "properties": {
        "@id": "way/568094572",
        "building": "yes",
        "amenity": "community_centre",
        "@geometry": "center"
      },
      "geometry": {
        "type": "Point",
        "coordinates": [
          18.3322284,
          52.6717092
        ]
      },
      "id": "way/568094572"
    },
    {
      "type": "Feature",
      "properties": {
        "@id": "way/568198378",
        "amenity": "community_centre",
        "building": "yes",
        "@geometry": "center"
      },
      "geometry": {
        "type": "Point",
        "coordinates": [
          18.724906,
          52.5431175
        ]
      },
      "id": "way/568198378"
    },
    {
      "type": "Feature",
      "properties": {
        "@id": "way/569139330",
        "addr:city": "Bielsko-Biała",
        "addr:housenumber": "20d",
        "addr:street": "Olszówka",
        "amenity": "community_centre",
        "building": "yes",
        "name": "Dom Kultury w Olszówce",
        "@geometry": "center"
      },
      "geometry": {
        "type": "Point",
        "coordinates": [
          19.0488894,
          49.7907199
        ]
      },
      "id": "way/569139330"
    },
    {
      "type": "Feature",
      "properties": {
        "@id": "way/572127361",
        "amenity": "community_centre",
        "building": "yes",
        "@geometry": "center"
      },
      "geometry": {
        "type": "Point",
        "coordinates": [
          18.4394585,
          52.6817951
        ]
      },
      "id": "way/572127361"
    },
    {
      "type": "Feature",
      "properties": {
        "@id": "way/572454563",
        "building": "yes",
        "amenity": "community_centre",
        "@geometry": "center"
      },
      "geometry": {
        "type": "Point",
        "coordinates": [
          18.4413151,
          52.6959665
        ]
      },
      "id": "way/572454563"
    },
    {
      "type": "Feature",
      "properties": {
        "@id": "way/577392558",
        "building": "yes",
        "amenity": "community_centre",
        "@geometry": "center"
      },
      "geometry": {
        "type": "Point",
        "coordinates": [
          18.0305647,
          52.2885062
        ]
      },
      "id": "way/577392558"
    },
    {
      "type": "Feature",
      "properties": {
        "@id": "way/577978227",
        "amenity": "community_centre",
        "building": "yes",
        "@geometry": "center"
      },
      "geometry": {
        "type": "Point",
        "coordinates": [
          18.0166217,
          52.2487225
        ]
      },
      "id": "way/577978227"
    },
    {
      "type": "Feature",
      "properties": {
        "@id": "way/579487831",
        "amenity": "community_centre",
        "building": "yes",
        "@geometry": "center"
      },
      "geometry": {
        "type": "Point",
        "coordinates": [
          17.917539,
          52.2479571
        ]
      },
      "id": "way/579487831"
    },
    {
      "type": "Feature",
      "properties": {
        "@id": "way/579557886",
        "amenity": "community_centre",
        "building": "yes",
        "@geometry": "center"
      },
      "geometry": {
        "type": "Point",
        "coordinates": [
          17.8688019,
          52.2582122
        ]
      },
      "id": "way/579557886"
    },
    {
      "type": "Feature",
      "properties": {
        "@id": "way/580062850",
        "amenity": "community_centre",
        "building": "yes",
        "@geometry": "center"
      },
      "geometry": {
        "type": "Point",
        "coordinates": [
          17.8402865,
          52.2452887
        ]
      },
      "id": "way/580062850"
    },
    {
      "type": "Feature",
      "properties": {
        "@id": "way/580964234",
        "amenity": "community_centre",
        "building": "yes",
        "name": "Świetlica wiejska w Luchowie",
        "@geometry": "center"
      },
      "geometry": {
        "type": "Point",
        "coordinates": [
          17.2751078,
          53.2622612
        ]
      },
      "id": "way/580964234"
    },
    {
      "type": "Feature",
      "properties": {
        "@id": "way/583359959",
        "addr:city": "Gołuski",
        "addr:city:simc": "0582812",
        "addr:housenumber": "4",
        "addr:postcode": "62-070",
        "addr:street": "Polna",
        "amenity": "community_centre",
        "building": "yes",
        "name": "Świetlica wiejska",
        "source:addr": "EMUiA (dopiewo.e-mapa.net)",
        "@geometry": "center"
      },
      "geometry": {
        "type": "Point",
        "coordinates": [
          16.7567188,
          52.3615513
        ]
      },
      "id": "way/583359959"
    },
    {
      "type": "Feature",
      "properties": {
        "@id": "way/584161517",
        "addr:city": "Boruja Kościelna",
        "addr:city:simc": "0591018",
        "addr:housenumber": "1",
        "addr:postcode": "64-300",
        "addr:street": "Wolsztyńska",
        "amenity": "community_centre",
        "building": "yes",
        "building:levels": "1",
        "name": "Wiejski Dom Kultury",
        "source": "www.geoportal.gov.pl",
        "source:addr": "nowytomysl.e-mapa.net",
        "@geometry": "center"
      },
      "geometry": {
        "type": "Point",
        "coordinates": [
          16.1332179,
          52.2673506
        ]
      },
      "id": "way/584161517"
    },
    {
      "type": "Feature",
      "properties": {
        "@id": "way/584888028",
        "amenity": "community_centre",
        "building": "yes",
        "name": "Wiejski Dom Kultury w Grabówce im. Ligoty Tworkowskiej",
        "operator": "Gminny Ośrodek Kultury w Lubomi",
        "phone": "+48699 671 069",
        "website": "http://www.gok.lubomia.pl/",
        "@geometry": "center"
      },
      "geometry": {
        "type": "Point",
        "coordinates": [
          18.3150535,
          50.0277024
        ]
      },
      "id": "way/584888028"
    },
    {
      "type": "Feature",
      "properties": {
        "@id": "way/584967979",
        "name": "Miejsko Gminny Ośrodek Kultury w Wieleniu",
        "addr:city": "Wieleń",
        "addr:housenumber": "1",
        "addr:postcode": "64-730",
        "addr:street": "Dworcowa",
        "amenity": "community_centre",
        "building": "yes",
        "@geometry": "center"
      },
      "geometry": {
        "type": "Point",
        "coordinates": [
          16.169964,
          52.885238
        ]
      },
      "id": "way/584967979"
    },
    {
      "type": "Feature",
      "properties": {
        "@id": "way/587427363",
        "amenity": "community_centre",
        "building": "yes",
        "@geometry": "center"
      },
      "geometry": {
        "type": "Point",
        "coordinates": [
          17.8337751,
          52.3381586
        ]
      },
      "id": "way/587427363"
    },
    {
      "type": "Feature",
      "properties": {
        "@id": "way/588205494",
        "amenity": "community_centre",
        "building": "yes",
        "@geometry": "center"
      },
      "geometry": {
        "type": "Point",
        "coordinates": [
          17.7570114,
          52.2709459
        ]
      },
      "id": "way/588205494"
    },
    {
      "type": "Feature",
      "properties": {
        "@id": "way/588327755",
        "amenity": "community_centre",
        "building": "yes",
        "@geometry": "center"
      },
      "geometry": {
        "type": "Point",
        "coordinates": [
          17.7558396,
          52.2968216
        ]
      },
      "id": "way/588327755"
    },
    {
      "type": "Feature",
      "properties": {
        "@id": "way/589085301",
        "website": "https://www.facebook.com/swietlicasuchydwor/",
        "source:addr": "kosakowo.e-mapa.net",
        "phone": "+48515752680",
        "addr:city": "Suchy Dwór",
        "addr:housenumber": "6",
        "addr:postcode": "81-198",
        "addr:street": "Jana Chryzostoma Paska",
        "amenity": "community_centre",
        "building": "yes",
        "name": "Świetlica Sołecka w Suchym Dworze",
        "@geometry": "center"
      },
      "geometry": {
        "type": "Point",
        "coordinates": [
          18.4708089,
          54.5761105
        ]
      },
      "id": "way/589085301"
    },
    {
      "type": "Feature",
      "properties": {
        "@id": "way/590250428",
        "addr:housenumber": "33",
        "addr:place": "Laski",
        "addr:postcode": "37-433",
        "amenity": "community_centre",
        "building": "yes",
        "description": "Świetlica wiejska",
        "@geometry": "center"
      },
      "geometry": {
        "type": "Point",
        "coordinates": [
          21.9825456,
          50.4164846
        ]
      },
      "id": "way/590250428"
    },
    {
      "type": "Feature",
      "properties": {
        "@id": "way/590745641",
        "addr:housenumber": "147",
        "addr:place": "Gwoździec",
        "addr:postcode": "37-433",
        "amenity": "community_centre",
        "building": "yes",
        "name": "Dom Kultury w Gwoźdźcu",
        "@geometry": "center"
      },
      "geometry": {
        "type": "Point",
        "coordinates": [
          21.9903124,
          50.3763117
        ]
      },
      "id": "way/590745641"
    },
    {
      "type": "Feature",
      "properties": {
        "@id": "way/590799132",
        "amenity": "community_centre",
        "building": "yes",
        "community_centre": "events_venue",
        "@geometry": "center"
      },
      "geometry": {
        "type": "Point",
        "coordinates": [
          19.870677,
          51.2409264
        ]
      },
      "id": "way/590799132"
    },
    {
      "type": "Feature",
      "properties": {
        "@id": "way/592573683",
        "amenity": "community_centre",
        "building": "yes",
        "@geometry": "center"
      },
      "geometry": {
        "type": "Point",
        "coordinates": [
          17.7521221,
          52.2146073
        ]
      },
      "id": "way/592573683"
    },
    {
      "type": "Feature",
      "properties": {
        "@id": "way/592872282",
        "source:geometry": "polska.e-mapa.net: Buildings",
        "source:addr": "EMUiA (swarzedz.e-mapa.net)",
        "name": "Świetlica wiejska Jasin",
        "addr:city": "Jasin",
        "addr:city:simc": "0595507",
        "addr:housenumber": "152",
        "addr:postcode": "62-020",
        "addr:street": "Wrzesińska",
        "amenity": "community_centre",
        "building": "public",
        "community_centre": "village_hall",
        "@geometry": "center"
      },
      "geometry": {
        "type": "Point",
        "coordinates": [
          17.0994587,
          52.4072211
        ]
      },
      "id": "way/592872282"
    },
    {
      "type": "Feature",
      "properties": {
        "@id": "way/596003776",
        "amenity": "community_centre",
        "barrier": "fence",
        "community_centre": "youth_centre",
        "name": "Młodzieżowy Dom Kultury",
        "website": "http://www.mdk.pulawy.pl/",
        "@geometry": "center"
      },
      "geometry": {
        "type": "Point",
        "coordinates": [
          21.9785518,
          51.417758
        ]
      },
      "id": "way/596003776"
    },
    {
      "type": "Feature",
      "properties": {
        "@id": "way/596201395",
        "amenity": "community_centre",
        "building": "yes",
        "@geometry": "center"
      },
      "geometry": {
        "type": "Point",
        "coordinates": [
          17.7328578,
          52.2370431
        ]
      },
      "id": "way/596201395"
    },
    {
      "type": "Feature",
      "properties": {
        "@id": "way/596344777",
        "amenity": "community_centre",
        "building": "yes",
        "@geometry": "center"
      },
      "geometry": {
        "type": "Point",
        "coordinates": [
          17.7473255,
          52.2520758
        ]
      },
      "id": "way/596344777"
    },
    {
      "type": "Feature",
      "properties": {
        "@id": "way/598511619",
        "amenity": "community_centre",
        "building": "yes",
        "@geometry": "center"
      },
      "geometry": {
        "type": "Point",
        "coordinates": [
          17.6808312,
          52.2684989
        ]
      },
      "id": "way/598511619"
    },
    {
      "type": "Feature",
      "properties": {
        "@id": "way/600382672",
        "amenity": "community_centre",
        "building": "yes",
        "@geometry": "center"
      },
      "geometry": {
        "type": "Point",
        "coordinates": [
          17.6513252,
          52.2285507
        ]
      },
      "id": "way/600382672"
    },
    {
      "type": "Feature",
      "properties": {
        "@id": "way/601705500",
        "website": "http://rybitwy.ckpodgorza.pl/",
        "addr:city": "Kraków",
        "addr:housenumber": "61",
        "addr:postcode": "30-722",
        "addr:street": "Rybitwy",
        "amenity": "community_centre",
        "building": "yes",
        "name": "Centrum Kultury Podgórza - Klub Rybitwy",
        "operator": "UM Kraków",
        "@geometry": "center"
      },
      "geometry": {
        "type": "Point",
        "coordinates": [
          20.0338754,
          50.0430315
        ]
      },
      "id": "way/601705500"
    },
    {
      "type": "Feature",
      "properties": {
        "@id": "way/602040996",
        "amenity": "community_centre",
        "building": "yes",
        "name": "Świetlica wiejska w Łukawce",
        "@geometry": "center"
      },
      "geometry": {
        "type": "Point",
        "coordinates": [
          22.2339962,
          51.5154883
        ]
      },
      "id": "way/602040996"
    },
    {
      "type": "Feature",
      "properties": {
        "@id": "way/602291639",
        "addr:city": "Poznań",
        "addr:housenumber": "62",
        "addr:postcode": "61-334",
        "addr:street": "Czernichowska",
        "amenity": "nightclub",
        "building": "yes",
        "email": "biuro@klubangello.pl",
        "name": "Klub Angello",
        "phone": "+48 502 302 293; +48 501 734 846",
        "short_name": "Angello",
        "source:addr": "EMUiA (emuia.geoportal.gov.pl)",
        "website": "http://klubangello.pl/",
        "@geometry": "center"
      },
      "geometry": {
        "type": "Point",
        "coordinates": [
          16.9333051,
          52.3436327
        ]
      },
      "id": "way/602291639"
    },
    {
      "type": "Feature",
      "properties": {
        "@id": "way/603149074",
        "amenity": "community_centre",
        "barrier": "fence",
        "name": "Świetlica wiejska",
        "@geometry": "center"
      },
      "geometry": {
        "type": "Point",
        "coordinates": [
          21.9063582,
          51.4124685
        ]
      },
      "id": "way/603149074"
    },
    {
      "type": "Feature",
      "properties": {
        "@id": "way/603794371",
        "addr:city": "Czekanów",
        "addr:housenumber": "1",
        "addr:postcode": "63-410",
        "addr:street": "Strażacka",
        "amenity": "nightclub",
        "building": "yes",
        "dance:style": "house;dance",
        "name": "Manhattan Club",
        "opening_hours": "Sa-Su 20:00-5:00",
        "@geometry": "center"
      },
      "geometry": {
        "type": "Point",
        "coordinates": [
          17.8695708,
          51.676389
        ]
      },
      "id": "way/603794371"
    },
    {
      "type": "Feature",
      "properties": {
        "@id": "way/605086189",
        "addr:city:simc": "0425194",
        "addr:housenumber": "155",
        "addr:place": "Bystra",
        "addr:postcode": "38-300",
        "amenity": "community_centre",
        "building": "yes",
        "source:addr": "gugik.gov.pl",
        "@geometry": "center"
      },
      "geometry": {
        "type": "Point",
        "coordinates": [
          21.0946846,
          49.6543414
        ]
      },
      "id": "way/605086189"
    },
    {
      "type": "Feature",
      "properties": {
        "@id": "way/605135204",
        "addr:city:simc": "0014864",
        "addr:housenumber": "33",
        "addr:place": "Burwin",
        "addr:postcode": "21-532",
        "amenity": "community_centre",
        "building": "yes",
        "name": "Świetlica Wiejska Burwina i Krasówki",
        "operator": "Gmina Łomazy",
        "operator:type": "government",
        "source:addr": "lomazy.e-mapa.net",
        "@geometry": "center"
      },
      "geometry": {
        "type": "Point",
        "coordinates": [
          23.0827148,
          51.9291753
        ]
      },
      "id": "way/605135204"
    },
    {
      "type": "Feature",
      "properties": {
        "@id": "way/605241705",
        "amenity": "community_centre",
        "building": "yes",
        "@geometry": "center"
      },
      "geometry": {
        "type": "Point",
        "coordinates": [
          17.6160906,
          52.3391003
        ]
      },
      "id": "way/605241705"
    },
    {
      "type": "Feature",
      "properties": {
        "@id": "way/606173500",
        "amenity": "community_centre",
        "building": "yes",
        "name": "Gminne Centrum Kultury w Kurzętniku",
        "@geometry": "center"
      },
      "geometry": {
        "type": "Point",
        "coordinates": [
          19.5712691,
          53.39701
        ]
      },
      "id": "way/606173500"
    },
    {
      "type": "Feature",
      "properties": {
        "@id": "way/606572564",
        "amenity": "community_centre",
        "building": "yes",
        "@geometry": "center"
      },
      "geometry": {
        "type": "Point",
        "coordinates": [
          17.6024242,
          52.3784877
        ]
      },
      "id": "way/606572564"
    },
    {
      "type": "Feature",
      "properties": {
        "@id": "way/606998957",
        "amenity": "community_centre",
        "addr:city": "Piotrków Trybunalski",
        "addr:housenumber": "3",
        "addr:postcode": "97-300",
        "addr:street": "Marii Curie-Skłodowskiej",
        "building": "yes",
        "name": "Mediateka 800-lecia",
        "opening_hours": "Mo-Sa 08:00-20:00",
        "@geometry": "center"
      },
      "geometry": {
        "type": "Point",
        "coordinates": [
          19.7030729,
          51.4086791
        ]
      },
      "id": "way/606998957"
    },
    {
      "type": "Feature",
      "properties": {
        "@id": "way/607899493",
        "building": "yes",
        "amenity": "community_centre",
        "@geometry": "center"
      },
      "geometry": {
        "type": "Point",
        "coordinates": [
          17.6671192,
          52.3408466
        ]
      },
      "id": "way/607899493"
    },
    {
      "type": "Feature",
      "properties": {
        "@id": "way/608228640",
        "amenity": "community_centre",
        "building": "yes",
        "@geometry": "center"
      },
      "geometry": {
        "type": "Point",
        "coordinates": [
          17.681164,
          52.3753099
        ]
      },
      "id": "way/608228640"
    },
    {
      "type": "Feature",
      "properties": {
        "@id": "way/608432249",
        "amenity": "community_centre",
        "building": "yes",
        "@geometry": "center"
      },
      "geometry": {
        "type": "Point",
        "coordinates": [
          17.573082,
          52.3465523
        ]
      },
      "id": "way/608432249"
    },
    {
      "type": "Feature",
      "properties": {
        "@id": "way/609243273",
        "addr:city:simc": "0300877",
        "addr:housenumber": "21",
        "addr:place": "Strzyżewo Witkowskie",
        "addr:postcode": "62-230",
        "amenity": "community_centre",
        "building": "yes",
        "source:addr": "EMUiA (witkowo.e-mapa.net)",
        "@geometry": "center"
      },
      "geometry": {
        "type": "Point",
        "coordinates": [
          17.8110619,
          52.4333181
        ]
      },
      "id": "way/609243273"
    },
    {
      "type": "Feature",
      "properties": {
        "@id": "way/609456670",
        "amenity": "community_centre",
        "building": "yes",
        "@geometry": "center"
      },
      "geometry": {
        "type": "Point",
        "coordinates": [
          17.5491682,
          52.3524247
        ]
      },
      "id": "way/609456670"
    },
    {
      "type": "Feature",
      "properties": {
        "@id": "way/610304035",
        "addr:city": "Mrzeżyno",
        "addr:country": "PL",
        "addr:housenumber": "18",
        "addr:postcode": "72-330",
        "addr:street": "Zachodnia",
        "amenity": "community_centre",
        "name": "Świetlica osiedlowa",
        "operator": "Gmina Trzebiatów",
        "phone": "+48 913866057",
        "short_name": "Przedszkole",
        "source": "Uchwała Nr XII/114/07 Rady Miejskiej w Trzebiatowie z dnia 25 października 2007 r. w sprawie uchwalenia miejscowego planu zagospodarowania przestrzennego Mrzeżyna w obrębie geodezyjnym nr 2.",
        "@geometry": "center"
      },
      "geometry": {
        "type": "Point",
        "coordinates": [
          15.2792665,
          54.1378952
        ]
      },
      "id": "way/610304035"
    },
    {
      "type": "Feature",
      "properties": {
        "@id": "way/610850216",
        "addr:city:simc": "0553800",
        "addr:housenumber": "87",
        "addr:place": "Wiaderno",
        "addr:postcode": "97-200",
        "amenity": "community_centre",
        "building": "yes",
        "name": "Świetlica",
        "@geometry": "center"
      },
      "geometry": {
        "type": "Point",
        "coordinates": [
          19.9530485,
          51.4977705
        ]
      },
      "id": "way/610850216"
    },
    {
      "type": "Feature",
      "properties": {
        "@id": "way/612755411",
        "seasonal": "spring/summer",
        "phone": "+48 508 796 745",
        "website": "https://www.facebook.com/100cznia/",
        "name": "100cznia",
        "addr:city": "Gdańsk",
        "addr:housenumber": "5",
        "addr:postcode": "80-863",
        "addr:street": "Księdza Jerzego Popiełuszki",
        "amenity": "community_centre",
        "@geometry": "center"
      },
      "geometry": {
        "type": "Point",
        "coordinates": [
          18.6453896,
          54.3639381
        ]
      },
      "id": "way/612755411"
    },
    {
      "type": "Feature",
      "properties": {
        "@id": "way/614271181",
        "addr:street": "Pułkownika Pisarskiego",
        "addr:city": "Pisary",
        "addr:postcode": "32-064",
        "amenity": "community_centre",
        "@geometry": "center"
      },
      "geometry": {
        "type": "Point",
        "coordinates": [
          19.7019823,
          50.1244329
        ]
      },
      "id": "way/614271181"
    },
    {
      "type": "Feature",
      "properties": {
        "@id": "way/616291875",
        "addr:housenumber": "1",
        "addr:place": "Sędziniec",
        "addr:postcode": "89-320",
        "amenity": "community_centre",
        "building": "yes",
        "building:levels": "1",
        "height": "4",
        "name": "Sala Wiejska",
        "@geometry": "center"
      },
      "geometry": {
        "type": "Point",
        "coordinates": [
          17.0736599,
          53.1947634
        ]
      },
      "id": "way/616291875"
    },
    {
      "type": "Feature",
      "properties": {
        "@id": "way/617028941",
        "addr:housenumber": "43a",
        "addr:place": "Pieski",
        "addr:postcode": "84-313",
        "amenity": "community_centre",
        "building": "school",
        "name": "Świetlica szkolna",
        "@geometry": "center"
      },
      "geometry": {
        "type": "Point",
        "coordinates": [
          17.7598078,
          54.3656701
        ]
      },
      "id": "way/617028941"
    },
    {
      "type": "Feature",
      "properties": {
        "@id": "way/618237203",
        "addr:city:simc": "0091072",
        "addr:housenumber": "56A",
        "addr:place": "Nowe Dąbie",
        "addr:postcode": "89-210",
        "amenity": "community_centre",
        "building": "yes",
        "name": "Świetlica Środowiskowa",
        "source:addr": "labiszyn.e-mapa.net",
        "@geometry": "center"
      },
      "geometry": {
        "type": "Point",
        "coordinates": [
          17.9516551,
          52.9831024
        ]
      },
      "id": "way/618237203"
    },
    {
      "type": "Feature",
      "properties": {
        "@id": "way/618360591",
        "addr:city": "Dachowa",
        "addr:city:simc": "0586448",
        "addr:housenumber": "34",
        "addr:postcode": "62-023",
        "addr:street": "Okrężna",
        "amenity": "community_centre",
        "building": "yes",
        "name": "Świetlica Wiejska",
        "source:addr": "EMUiA (kornik.e-mapa.net)",
        "@geometry": "center"
      },
      "geometry": {
        "type": "Point",
        "coordinates": [
          17.0915467,
          52.3056342
        ]
      },
      "id": "way/618360591"
    },
    {
      "type": "Feature",
      "properties": {
        "@id": "way/620181211",
        "amenity": "community_centre",
        "building": "yes",
        "name": "Świetlica Wiejska",
        "@geometry": "center"
      },
      "geometry": {
        "type": "Point",
        "coordinates": [
          15.6103923,
          51.1413756
        ]
      },
      "id": "way/620181211"
    },
    {
      "type": "Feature",
      "properties": {
        "@id": "way/623441301",
        "addr:city": "Lwówek Śląski",
        "addr:housenumber": "5",
        "addr:postcode": "59-600",
        "addr:street": "aleja Wojska Polskiego",
        "amenity": "community_centre",
        "name": "Lwówecki Ośrodek Kultury",
        "@geometry": "center"
      },
      "geometry": {
        "type": "Point",
        "coordinates": [
          15.5871233,
          51.1127741
        ]
      },
      "id": "way/623441301"
    },
    {
      "type": "Feature",
      "properties": {
        "@id": "way/625030129",
        "name": "Dom Pomocy Społecznej w Jedlance",
        "amenity": "community_centre",
        "@geometry": "center"
      },
      "geometry": {
        "type": "Point",
        "coordinates": [
          21.1051644,
          51.5289894
        ]
      },
      "id": "way/625030129"
    },
    {
      "type": "Feature",
      "properties": {
        "@id": "way/626266603",
        "addr:housenumber": "26",
        "addr:place": "Minikowo",
        "addr:postcode": "89-122",
        "amenity": "community_centre",
        "building": "yes",
        "name": "świetlica wiejska",
        "operator": "Gmina Nakło nad Notecią",
        "@geometry": "center"
      },
      "geometry": {
        "type": "Point",
        "coordinates": [
          17.7406421,
          53.1669574
        ]
      },
      "id": "way/626266603"
    },
    {
      "type": "Feature",
      "properties": {
        "@id": "way/627544624",
        "amenity": "community_centre",
        "building": "yes",
        "name": "Świetlica wiejska w Wołuszewie",
        "@geometry": "center"
      },
      "geometry": {
        "type": "Point",
        "coordinates": [
          18.750423,
          52.8985245
        ]
      },
      "id": "way/627544624"
    },
    {
      "type": "Feature",
      "properties": {
        "@id": "way/629101573",
        "amenity": "community_centre",
        "name": "Młodzieżowy Ośrodek Socjoterapii",
        "website": "http://www.mossolec.pl",
        "@geometry": "center"
      },
      "geometry": {
        "type": "Point",
        "coordinates": [
          21.7742013,
          51.1437318
        ]
      },
      "id": "way/629101573"
    },
    {
      "type": "Feature",
      "properties": {
        "@id": "way/630294438",
        "name": "IGLOO Club",
        "amenity": "nightclub",
        "@geometry": "center"
      },
      "geometry": {
        "type": "Point",
        "coordinates": [
          22.4760624,
          50.1473266
        ]
      },
      "id": "way/630294438"
    },
    {
      "type": "Feature",
      "properties": {
        "@id": "way/631301533",
        "amenity": "community_centre",
        "building": "yes",
        "name": "Świetlica w Kosówkach",
        "operator": "Libiąskie Centrum Kultury",
        "operator:type": "government",
        "@geometry": "center"
      },
      "geometry": {
        "type": "Point",
        "coordinates": [
          19.2813582,
          50.1133678
        ]
      },
      "id": "way/631301533"
    },
    {
      "type": "Feature",
      "properties": {
        "@id": "way/633103823",
        "amenity": "community_centre",
        "website": "http://mzazdobra.pl/",
        "@geometry": "center"
      },
      "geometry": {
        "type": "Point",
        "coordinates": [
          14.4094018,
          53.4723692
        ]
      },
      "id": "way/633103823"
    },
    {
      "type": "Feature",
      "properties": {
        "@id": "way/633438704",
        "addr:city": "Węgierska Górka",
        "addr:city:simc": "0075268",
        "addr:housenumber": "22",
        "addr:street": "Zielona",
        "addr:street:sym_ul": "26081",
        "amenity": "community_centre",
        "building": "yes",
        "name": "Regionalna Chata",
        "source:addr": "wegierskagorka.e-mapa.net",
        "@geometry": "center"
      },
      "geometry": {
        "type": "Point",
        "coordinates": [
          19.1120468,
          49.6016728
        ]
      },
      "id": "way/633438704"
    },
    {
      "type": "Feature",
      "properties": {
        "@id": "way/633668037",
        "amenity": "community_centre",
        "building": "no",
        "name": "Amfiteatr",
        "@geometry": "center"
      },
      "geometry": {
        "type": "Point",
        "coordinates": [
          22.517157,
          51.2241435
        ]
      },
      "id": "way/633668037"
    },
    {
      "type": "Feature",
      "properties": {
        "@id": "way/633719384",
        "amenity": "community_centre",
        "name": "Miejski Ośrodek Kultury Amfiteatr - Kuźnia Artystyczna",
        "old_name": "Młodzieżowy Dom Kultury",
        "@geometry": "center"
      },
      "geometry": {
        "type": "Point",
        "coordinates": [
          21.166399,
          51.420569
        ]
      },
      "id": "way/633719384"
    },
    {
      "type": "Feature",
      "properties": {
        "@id": "way/636339121",
        "source:addr": "lyszkowice.e-mapa.net",
        "name": "Gminny Ośrodek Kultury",
        "addr:city": "Łyszkowice",
        "addr:city:simc": "0730862",
        "addr:housenumber": "14",
        "addr:postcode": "99-420",
        "addr:street": "Gminna",
        "addr:street:sym_ul": "05654",
        "amenity": "community_centre",
        "building": "yes",
        "@geometry": "center"
      },
      "geometry": {
        "type": "Point",
        "coordinates": [
          19.9104279,
          51.9848227
        ]
      },
      "id": "way/636339121"
    },
    {
      "type": "Feature",
      "properties": {
        "@id": "way/638808986",
        "addr:city": "Bąkowo",
        "addr:city:simc": "0164010",
        "addr:housenumber": "6",
        "addr:postcode": "83-050",
        "addr:street": "Otomińska",
        "addr:street:sym_ul": "15451",
        "amenity": "community_centre",
        "building": "yes",
        "name": "Świetlica w Bąkowie",
        "source:addr": "kolbudy.e-mapa.net",
        "@geometry": "center"
      },
      "geometry": {
        "type": "Point",
        "coordinates": [
          18.5268684,
          54.2947458
        ]
      },
      "id": "way/638808986"
    },
    {
      "type": "Feature",
      "properties": {
        "@id": "way/640389922",
        "amenity": "community_centre",
        "building": "yes",
        "@geometry": "center"
      },
      "geometry": {
        "type": "Point",
        "coordinates": [
          17.0906632,
          52.1450624
        ]
      },
      "id": "way/640389922"
    },
    {
      "type": "Feature",
      "properties": {
        "@id": "way/641645825",
        "amenity": "community_centre",
        "name": "Ośrodek Interwencji Kryzowej",
        "@geometry": "center"
      },
      "geometry": {
        "type": "Point",
        "coordinates": [
          21.1533046,
          51.4066404
        ]
      },
      "id": "way/641645825"
    },
    {
      "type": "Feature",
      "properties": {
        "@id": "way/642932843",
        "website": "http://www.mdksrodmiescie.wroc.pl",
        "ref:vatin": "PL8981739630",
        "amenity": "community_centre",
        "community_centre:for": "juvenile",
        "email": "sekretariat@mdksr.wroc.pl",
        "name": "Młodzieżowy Dom Kultury Śródmieście",
        "official_name": "Młodzieżowy Dom Kultury Śródmieście",
        "operator": "Gmina Wrocław",
        "operator:type": "government",
        "phone": "+48 717986744",
        "ref:regon": "000704758",
        "ref:rspo": "20440",
        "@geometry": "center"
      },
      "geometry": {
        "type": "Point",
        "coordinates": [
          17.0332761,
          51.1173207
        ]
      },
      "id": "way/642932843"
    },
    {
      "type": "Feature",
      "properties": {
        "@id": "way/649705093",
        "building": "yes",
        "name": "Dom Kultury w Siedliskach",
        "amenity": "community_centre",
        "addr:postcode": "33-172",
        "addr:housenumber": "229",
        "addr:place": "Siedliska",
        "@geometry": "center"
      },
      "geometry": {
        "type": "Point",
        "coordinates": [
          21.0106179,
          49.8692611
        ]
      },
      "id": "way/649705093"
    },
    {
      "type": "Feature",
      "properties": {
        "@id": "way/653148212",
        "addr:city": "Rozgarty",
        "addr:housenumber": "18a",
        "addr:postcode": "87-134",
        "addr:street": "Długa",
        "amenity": "community_centre",
        "building": "yes",
        "name": "Świetlica wiejska w Rozgartach",
        "@geometry": "center"
      },
      "geometry": {
        "type": "Point",
        "coordinates": [
          18.4903121,
          53.044008
        ]
      },
      "id": "way/653148212"
    },
    {
      "type": "Feature",
      "properties": {
        "@id": "way/657427687",
        "amenity": "community_centre",
        "community_centre": "village_hall",
        "name": "świetlica wiejska",
        "@geometry": "center"
      },
      "geometry": {
        "type": "Point",
        "coordinates": [
          15.3163695,
          54.1201347
        ]
      },
      "id": "way/657427687"
    },
    {
      "type": "Feature",
      "properties": {
        "@id": "way/659960416",
        "amenity": "community_centre",
        "building": "yes",
        "@geometry": "center"
      },
      "geometry": {
        "type": "Point",
        "coordinates": [
          17.0332974,
          52.5576654
        ]
      },
      "id": "way/659960416"
    },
    {
      "type": "Feature",
      "properties": {
        "@id": "way/661885100",
        "addr:housenumber": "22",
        "addr:place": "Wichertów",
        "addr:postcode": "62-731",
        "amenity": "community_centre",
        "building": "yes",
        "name": "Dom Ludowy w Wichertowie",
        "@geometry": "center"
      },
      "geometry": {
        "type": "Point",
        "coordinates": [
          18.6353104,
          51.9771399
        ]
      },
      "id": "way/661885100"
    },
    {
      "type": "Feature",
      "properties": {
        "@id": "way/666054377",
        "amenity": "community_centre",
        "building": "yes",
        "name": "Kunszt Wodny",
        "building:levels:underground": "1",
        "@geometry": "center"
      },
      "geometry": {
        "type": "Point",
        "coordinates": [
          18.6448196,
          54.350616
        ]
      },
      "id": "way/666054377"
    },
    {
      "type": "Feature",
      "properties": {
        "@id": "way/666735119",
        "addr:city": "Tczew",
        "addr:housenumber": "4",
        "addr:postcode": "83-110",
        "addr:street": "Księdza Władysława Młyńskiego",
        "amenity": "community_centre",
        "building": "yes",
        "building:levels": "1",
        "source": "www.geoportal.gov.pl",
        "@geometry": "center"
      },
      "geometry": {
        "type": "Point",
        "coordinates": [
          18.7638436,
          54.0671518
        ]
      },
      "id": "way/666735119"
    },
    {
      "type": "Feature",
      "properties": {
        "@id": "way/668309146",
        "name": "Dom Ludowy",
        "building": "yes",
        "amenity": "community_centre",
        "addr:city": "Skidziń",
        "addr:housenumber": "1",
        "addr:postcode": "32-625",
        "addr:street": "Oświęcimska",
        "@geometry": "center"
      },
      "geometry": {
        "type": "Point",
        "coordinates": [
          19.1972639,
          49.9793501
        ]
      },
      "id": "way/668309146"
    },
    {
      "type": "Feature",
      "properties": {
        "@id": "way/670316524",
        "source:addr": "wieliczka.e-mapa.net",
        "addr:city:simc": "0341505",
        "addr:housenumber": "467",
        "addr:place": "Sułków",
        "addr:postcode": "32-020",
        "amenity": "community_centre",
        "building": "yes",
        "name": "Dom Kultury w Sułkowie",
        "@geometry": "center"
      },
      "geometry": {
        "type": "Point",
        "coordinates": [
          20.104371,
          49.9920526
        ]
      },
      "id": "way/670316524"
    },
    {
      "type": "Feature",
      "properties": {
        "@id": "way/671225876",
        "amenity": "community_centre",
        "building": "yes",
        "@geometry": "center"
      },
      "geometry": {
        "type": "Point",
        "coordinates": [
          18.6620809,
          52.4329235
        ]
      },
      "id": "way/671225876"
    },
    {
      "type": "Feature",
      "properties": {
        "@id": "way/671553957",
        "source:addr": "EMUiA (rossosz.e-mapa.net)",
        "name": "Świetlica Wiejska",
        "addr:housenumber": "11",
        "addr:place": "Musiejówka",
        "addr:postcode": "21-533",
        "amenity": "community_centre",
        "building": "yes",
        "@geometry": "center"
      },
      "geometry": {
        "type": "Point",
        "coordinates": [
          23.0812859,
          51.885652
        ]
      },
      "id": "way/671553957"
    },
    {
      "type": "Feature",
      "properties": {
        "@id": "way/672452253",
        "addr:city": "Kozienice",
        "addr:city:simc": "0973524",
        "addr:housenumber": "29",
        "addr:postcode": "26-900",
        "addr:street": "Warszawska",
        "addr:street:sym_ul": "23682",
        "amenity": "community_centre",
        "building": "yes",
        "building:levels": "3",
        "email": "dom.kultury@dkkozienice.pl",
        "name": "Kozienicki Dom Kultury im. Bogusława Klimczuka",
        "opening_hours": "Mo-Su 09:00-21:00",
        "parking": "underground",
        "phone": "486110750",
        "source:addr": "emuia.gugik.gov.pl",
        "website": "https://www.dkkozienice.pl/",
        "@geometry": "center"
      },
      "geometry": {
        "type": "Point",
        "coordinates": [
          21.5457405,
          51.588407
        ]
      },
      "id": "way/672452253"
    },
    {
      "type": "Feature",
      "properties": {
        "@id": "way/673293012",
        "addr:city": "Długi Kąt",
        "addr:postcode": "23-460",
        "amenity": "community_centre",
        "building": "yes",
        "name": "Świetlica środowiskowa \"Zakątek Roztocze\"",
        "@geometry": "center"
      },
      "geometry": {
        "type": "Point",
        "coordinates": [
          23.124149,
          50.4827647
        ]
      },
      "id": "way/673293012"
    },
    {
      "type": "Feature",
      "properties": {
        "@id": "way/673625000",
        "amenity": "community_centre",
        "building": "yes",
        "name": "Świetlica wiejska",
        "@geometry": "center"
      },
      "geometry": {
        "type": "Point",
        "coordinates": [
          20.5208807,
          53.8849067
        ]
      },
      "id": "way/673625000"
    },
    {
      "type": "Feature",
      "properties": {
        "@id": "way/674252405",
        "amenity": "community_centre",
        "contact:facebook": "https://www.facebook.com/WarsztatTerapiiZajeciowejKarlino/",
        "email": "warterzaj1@wp.pl",
        "fax": "+48 94 311 68 11",
        "landuse": "residential",
        "name": "Warsztat Terapii Zajęciowej \"Iskierka\"",
        "opening_hours": "Mo-Fr 08:00-15:00; PH off",
        "phone": "+48 94 311 68 11",
        "@geometry": "center"
      },
      "geometry": {
        "type": "Point",
        "coordinates": [
          15.8742863,
          54.0414901
        ]
      },
      "id": "way/674252405"
    },
    {
      "type": "Feature",
      "properties": {
        "@id": "way/674610043",
        "opening_hours:covid19": "open",
        "addr:housenumber": "20A",
        "addr:place": "Jędrzychowice",
        "addr:postcode": "59-900",
        "amenity": "nightclub",
        "brewery": "no",
        "building": "yes",
        "min_age": "18",
        "name": "BelAmi 2",
        "smoking": "yes",
        "@geometry": "center"
      },
      "geometry": {
        "type": "Point",
        "coordinates": [
          15.0166899,
          51.1826439
        ]
      },
      "id": "way/674610043"
    },
    {
      "type": "Feature",
      "properties": {
        "@id": "way/674760446",
        "website": "http://kokkarlino.pl/",
        "amenity": "community_centre",
        "contact:facebook": "https://www.facebook.com/kokkarlino/",
        "email": "kokkarlino@op.pl",
        "fax": "+48 94 311 77 84",
        "name": "Karliński Ośrodek Kultury",
        "opening_hours": "Mo,Th 08:00-20:00; Tu 08:00-22:00; We,Fr 08:00-19:00; Sa 10:00-12:00",
        "phone": "+48 94 311 77 84",
        "@geometry": "center"
      },
      "geometry": {
        "type": "Point",
        "coordinates": [
          15.8743825,
          54.0365902
        ]
      },
      "id": "way/674760446"
    },
    {
      "type": "Feature",
      "properties": {
        "@id": "way/674780286",
        "source:addr": "emuia.gugik.gov.pl",
        "addr:city:simc": "0433986",
        "addr:housenumber": "113",
        "addr:place": "Zasadne",
        "addr:postcode": "34-608",
        "amenity": "community_centre",
        "building": "yes",
        "name": "Wiejski Dom Kultury w Zasadnem",
        "@geometry": "center"
      },
      "geometry": {
        "type": "Point",
        "coordinates": [
          20.2971446,
          49.5829645
        ]
      },
      "id": "way/674780286"
    },
    {
      "type": "Feature",
      "properties": {
        "@id": "way/675816642",
        "addr:housenumber": "5",
        "addr:street": "Jodłowa",
        "amenity": "community_centre",
        "building": "yes",
        "name": "Dom formacyjny ruchu Światło-Życie",
        "source": "UM Wisła",
        "wheelchair": "no",
        "@geometry": "center"
      },
      "geometry": {
        "type": "Point",
        "coordinates": [
          18.8256771,
          49.6543246
        ]
      },
      "id": "way/675816642"
    },
    {
      "type": "Feature",
      "properties": {
        "@id": "way/676638304",
        "amenity": "community_centre",
        "building": "yes",
        "name": "Świetlica wiejska",
        "@geometry": "center"
      },
      "geometry": {
        "type": "Point",
        "coordinates": [
          18.3943093,
          53.7963688
        ]
      },
      "id": "way/676638304"
    },
    {
      "type": "Feature",
      "properties": {
        "@id": "way/683659542",
        "phone": "+48 59 83 377 22",
        "addr:city": "Człuchów",
        "addr:housenumber": "3",
        "addr:postcode": "77-300",
        "addr:street": "Koszalińska",
        "amenity": "community_centre",
        "building": "yes",
        "building:levels": "2",
        "email": "zpowczluchow@wp.pl",
        "fax": "+48 59 83 377 22",
        "name": "Zespół Placówek Opiekuńczo-Wychowawczych",
        "@geometry": "center"
      },
      "geometry": {
        "type": "Point",
        "coordinates": [
          17.3499958,
          53.6708347
        ]
      },
      "id": "way/683659542"
    },
    {
      "type": "Feature",
      "properties": {
        "@id": "way/683678173",
        "addr:city": "Laskówka Chorąska",
        "addr:city:simc": "0817557",
        "addr:housenumber": "109",
        "addr:postcode": "33-200",
        "addr:street": "Centralna",
        "amenity": "community_centre",
        "building": "yes",
        "source:addr": "gugik.gov.pl",
        "@geometry": "center"
      },
      "geometry": {
        "type": "Point",
        "coordinates": [
          20.9732598,
          50.1215966
        ]
      },
      "id": "way/683678173"
    },
    {
      "type": "Feature",
      "properties": {
        "@id": "way/684026787",
        "website": "https://ckbrowarb.pl/kluby/klub-leg/",
        "source:addr": "gugik.gov.pl",
        "addr:city": "Włocławek",
        "addr:city:simc": "0984752",
        "addr:housenumber": "248",
        "addr:postcode": "87-800",
        "addr:street": "Płocka",
        "amenity": "community_centre",
        "building": "yes",
        "name": "Klub Łęg",
        "operator": "Browar B",
        "@geometry": "center"
      },
      "geometry": {
        "type": "Point",
        "coordinates": [
          19.1627144,
          52.6485074
        ]
      },
      "id": "way/684026787"
    },
    {
      "type": "Feature",
      "properties": {
        "@id": "way/688350248",
        "addr:city": "Inowrocław",
        "addr:city:simc": "0928989",
        "addr:housenumber": "54",
        "addr:postcode": "88-100",
        "addr:street": "Karola Marcinkowskiego",
        "amenity": "community_centre",
        "building": "yes",
        "name": "Frajda - Centrum Zabaw Dla Dzieci",
        "source:addr": "gugik.gov.pl",
        "@geometry": "center"
      },
      "geometry": {
        "type": "Point",
        "coordinates": [
          18.2598964,
          52.8046875
        ]
      },
      "id": "way/688350248"
    },
    {
      "type": "Feature",
      "properties": {
        "@id": "way/688770056",
        "name": "Bordeaux Club - Swingers Klub",
        "amenity": "nightclub",
        "@geometry": "center"
      },
      "geometry": {
        "type": "Point",
        "coordinates": [
          19.4763364,
          51.7588269
        ]
      },
      "id": "way/688770056"
    },
    {
      "type": "Feature",
      "properties": {
        "@id": "way/690781993",
        "addr:city:simc": "0812940",
        "addr:housenumber": "29",
        "addr:place": "Słomka",
        "amenity": "community_centre",
        "building": "yes",
        "name": "Świetlica w Słomce",
        "source:addr": "emuia.gugik.gov.pl",
        "@geometry": "center"
      },
      "geometry": {
        "type": "Point",
        "coordinates": [
          20.4586075,
          50.0120576
        ]
      },
      "id": "way/690781993"
    },
    {
      "type": "Feature",
      "properties": {
        "@id": "way/691189372",
        "addr:city": "Orla",
        "addr:city:simc": "0038267",
        "addr:housenumber": "1",
        "addr:street": "Spółdzielcza",
        "addr:street:sym_ul": "20696",
        "amenity": "community_centre",
        "building": "yes",
        "name": "Gminny Ośrodek Kultury",
        "@geometry": "center"
      },
      "geometry": {
        "type": "Point",
        "coordinates": [
          23.3330889,
          52.7045118
        ]
      },
      "id": "way/691189372"
    },
    {
      "type": "Feature",
      "properties": {
        "@id": "way/691470670",
        "addr:city": "Wiry",
        "addr:city:simc": "0585957",
        "addr:housenumber": "103",
        "addr:postcode": "62-051",
        "addr:street": "Łęczycka",
        "amenity": "community_centre",
        "building": "yes",
        "name": "Dom Kultury w Wirach",
        "phone": "+48533307660",
        "@geometry": "center"
      },
      "geometry": {
        "type": "Point",
        "coordinates": [
          16.8578941,
          52.316854
        ]
      },
      "id": "way/691470670"
    },
    {
      "type": "Feature",
      "properties": {
        "@id": "way/693833666",
        "addr:housenumber": "34A",
        "addr:place": "Zaosie",
        "addr:postcode": "97-225",
        "amenity": "community_centre",
        "building": "yes",
        "name": "Świetlica wiejska w Zaosiu",
        "start_date": "2015",
        "wheelchair": "yes",
        "@geometry": "center"
      },
      "geometry": {
        "type": "Point",
        "coordinates": [
          19.9363354,
          51.6342683
        ]
      },
      "id": "way/693833666"
    },
    {
      "type": "Feature",
      "properties": {
        "@id": "way/694061042",
        "amenity": "community_centre",
        "building": "yes",
        "name": "Dom Kultury w Ułężu",
        "@geometry": "center"
      },
      "geometry": {
        "type": "Point",
        "coordinates": [
          22.1049345,
          51.591464
        ]
      },
      "id": "way/694061042"
    },
    {
      "type": "Feature",
      "properties": {
        "@id": "way/694323218",
        "amenity": "community_centre",
        "building": "yes",
        "@geometry": "center"
      },
      "geometry": {
        "type": "Point",
        "coordinates": [
          20.3186385,
          50.0681163
        ]
      },
      "id": "way/694323218"
    },
    {
      "type": "Feature",
      "properties": {
        "@id": "way/699260805",
        "website": "http://poznan.kz.pl/cich/",
        "amenity": "community_centre",
        "building": "construction",
        "construction": "apartments",
        "name": "Centrum Inicjatyw Chrześcijańskich",
        "short_name": "CICH",
        "@geometry": "center"
      },
      "geometry": {
        "type": "Point",
        "coordinates": [
          16.9113132,
          52.4389376
        ]
      },
      "id": "way/699260805"
    },
    {
      "type": "Feature",
      "properties": {
        "@id": "way/699273768",
        "addr:city": "Gdańsk",
        "addr:housenumber": "1",
        "addr:postcode": "80-863",
        "addr:street": "Dokowa",
        "amenity": "community_centre",
        "name": "Przystań Cesarska Chill Stage",
        "@geometry": "center"
      },
      "geometry": {
        "type": "Point",
        "coordinates": [
          18.65898,
          54.361487
        ]
      },
      "id": "way/699273768"
    },
    {
      "type": "Feature",
      "properties": {
        "@id": "way/699880130",
        "amenity": "community_centre",
        "barrier": "fence",
        "community_centre:for": "senior",
        "email": "j.piwonska@wolanow.pl",
        "name": "Gminny Klub Senior + Chruślice",
        "phone": "690 010 674",
        "@geometry": "center"
      },
      "geometry": {
        "type": "Point",
        "coordinates": [
          20.9697919,
          51.4054728
        ]
      },
      "id": "way/699880130"
    },
    {
      "type": "Feature",
      "properties": {
        "@id": "way/700010686",
        "amenity": "community_centre",
        "name": "Świetlica wiejska",
        "@geometry": "center"
      },
      "geometry": {
        "type": "Point",
        "coordinates": [
          21.2777405,
          52.1975459
        ]
      },
      "id": "way/700010686"
    },
    {
      "type": "Feature",
      "properties": {
        "@id": "way/701971227",
        "amenity": "community_centre",
        "name": "Centrum Tradycji i Kultury Komorniki",
        "note": "Kolego dobry_login, zapraszam do wpasowania i poprawy nieistniejących elementów do podkładu EGiB:budynki.",
        "@geometry": "center"
      },
      "geometry": {
        "type": "Point",
        "coordinates": [
          16.8007926,
          52.3364923
        ]
      },
      "id": "way/701971227"
    },
    {
      "type": "Feature",
      "properties": {
        "@id": "way/702041061",
        "amenity": "community_centre",
        "building": "yes",
        "name": "Centrum Kultury, Sportu i Turystyki",
        "@geometry": "center"
      },
      "geometry": {
        "type": "Point",
        "coordinates": [
          17.2368526,
          53.5377413
        ]
      },
      "id": "way/702041061"
    },
    {
      "type": "Feature",
      "properties": {
        "@id": "way/702243451",
        "amenity": "community_centre",
        "building": "yes",
        "@geometry": "center"
      },
      "geometry": {
        "type": "Point",
        "coordinates": [
          17.7329747,
          52.4224939
        ]
      },
      "id": "way/702243451"
    },
    {
      "type": "Feature",
      "properties": {
        "@id": "way/703460662",
        "source": "www.geoportal.gov.pl",
        "website": "http://www.nok.pl/swietlica-w-parolach-o-nas",
        "addr:city": "Parole",
        "addr:housenumber": "5",
        "addr:postcode": "05-831",
        "addr:street": "Olesińska",
        "amenity": "community_centre",
        "building": "school",
        "building:levels": "3",
        "name": "Świetlica Parole",
        "@geometry": "center"
      },
      "geometry": {
        "type": "Point",
        "coordinates": [
          20.8142858,
          52.0407994
        ]
      },
      "id": "way/703460662"
    },
    {
      "type": "Feature",
      "properties": {
        "@id": "way/706724993",
        "amenity": "community_centre",
        "building": "yes",
        "community_centre": "village_hall",
        "name": "Świetlica wiejska",
        "@geometry": "center"
      },
      "geometry": {
        "type": "Point",
        "coordinates": [
          16.3799311,
          53.8394426
        ]
      },
      "id": "way/706724993"
    },
    {
      "type": "Feature",
      "properties": {
        "@id": "way/708463812",
        "addr:housenumber": "9A",
        "addr:place": "Stawiany",
        "addr:postcode": "62-093",
        "amenity": "community_centre",
        "building": "yes",
        "name": "Świetlica wiejska",
        "source:addr": "EMUiA (skoki.e-mapa.net)",
        "@geometry": "center"
      },
      "geometry": {
        "type": "Point",
        "coordinates": [
          17.2062023,
          52.6194866
        ]
      },
      "id": "way/708463812"
    },
    {
      "type": "Feature",
      "properties": {
        "@id": "way/708463813",
        "addr:city:simc": "0594904",
        "addr:housenumber": "24B",
        "addr:place": "Rościnno",
        "addr:postcode": "62-085",
        "amenity": "community_centre",
        "building": "yes",
        "name": "Świetlica wiejska",
        "source:addr": "EMUiA (skoki.e-mapa.net)",
        "@geometry": "center"
      },
      "geometry": {
        "type": "Point",
        "coordinates": [
          17.1407942,
          52.689711
        ]
      },
      "id": "way/708463813"
    },
    {
      "type": "Feature",
      "properties": {
        "@id": "way/708463815",
        "addr:city:simc": "0594689",
        "addr:housenumber": "11A",
        "addr:place": "Kuszewo",
        "addr:postcode": "62-285",
        "amenity": "community_centre",
        "building": "yes",
        "name": "Świetlica wiejska",
        "source:addr": "EMUiA (skoki.e-mapa.net)",
        "@geometry": "center"
      },
      "geometry": {
        "type": "Point",
        "coordinates": [
          17.2729727,
          52.6852952
        ]
      },
      "id": "way/708463815"
    },
    {
      "type": "Feature",
      "properties": {
        "@id": "way/713544374",
        "addr:city": "Kielce",
        "addr:housenumber": "15",
        "addr:postcode": "25-822",
        "addr:street": "Pietraszki",
        "amenity": "social_centre",
        "building": "yes",
        "building:levels": "3",
        "name": "Zakład Aktywności Zawodowej im. św. Jana Pawła II w Pietraszkach",
        "source": "Geoportal 2: Ortofotomapa (aerial image)",
        "source:addr": "UM Kielce",
        "@geometry": "center"
      },
      "geometry": {
        "type": "Point",
        "coordinates": [
          20.5416913,
          50.8696886
        ]
      },
      "id": "way/713544374"
    },
    {
      "type": "Feature",
      "properties": {
        "@id": "way/714888484",
        "amenity": "community_centre",
        "building": "yes",
        "name": "Sala wiejska w Prądzonie",
        "@geometry": "center"
      },
      "geometry": {
        "type": "Point",
        "coordinates": [
          17.3326678,
          54.0034634
        ]
      },
      "id": "way/714888484"
    },
    {
      "type": "Feature",
      "properties": {
        "@id": "way/718086599",
        "amenity": "community_centre",
        "name": "Koło Gospodyń Wiejskich Janówka",
        "building": "yes",
        "@geometry": "center"
      },
      "geometry": {
        "type": "Point",
        "coordinates": [
          19.6815407,
          51.7400282
        ]
      },
      "id": "way/718086599"
    },
    {
      "type": "Feature",
      "properties": {
        "@id": "way/719471427",
        "addr:city": "Kobysewo",
        "addr:country": "PL",
        "addr:housenumber": "3",
        "addr:postcode": "83-304",
        "addr:street": "Polna",
        "amenity": "community_centre",
        "barrier": "fence",
        "community_centre:for": "senior",
        "email": "sdskobysewo@kartuskipowiat.pl",
        "fence_type": "chain_link",
        "name": "Środowiskowy Dom Samopomocy",
        "phone": "+48 58 304 41 21",
        "@geometry": "center"
      },
      "geometry": {
        "type": "Point",
        "coordinates": [
          18.2673936,
          54.357935
        ]
      },
      "id": "way/719471427"
    },
    {
      "type": "Feature",
      "properties": {
        "@id": "way/720158494",
        "wheelchair": "yes",
        "amenity": "community_centre",
        "bench": "yes",
        "building": "yes",
        "building:levels": "1",
        "drinking_water": "no",
        "height": "7.5",
        "name": "Przestrzeń",
        "opening_hours": "24/7",
        "operator": "Stowarzyszenie Kieleckie Inwestycje",
        "@geometry": "center"
      },
      "geometry": {
        "type": "Point",
        "coordinates": [
          20.6296318,
          50.8793031
        ]
      },
      "id": "way/720158494"
    },
    {
      "type": "Feature",
      "properties": {
        "@id": "way/720882219",
        "addr:city:simc": "0812979",
        "addr:housenumber": "19",
        "addr:place": "Wola Nieszkowska",
        "addr:postcode": "32-700",
        "amenity": "community_centre",
        "building": "yes",
        "name": "Świetlica w Woli Nieszkowskiej",
        "source:addr": "emuia.gugik.gov.pl",
        "@geometry": "center"
      },
      "geometry": {
        "type": "Point",
        "coordinates": [
          20.3866064,
          49.894933
        ]
      },
      "id": "way/720882219"
    },
    {
      "type": "Feature",
      "properties": {
        "@id": "way/722797105",
        "source:addr": "emuia.gugik.gov.pl",
        "name": "Świetlica Wiejska w Gierczycach",
        "addr:city:simc": "0812241",
        "addr:housenumber": "16",
        "addr:place": "Gierczyce",
        "amenity": "community_centre",
        "building": "yes",
        "community_centre": "village_hall",
        "@geometry": "center"
      },
      "geometry": {
        "type": "Point",
        "coordinates": [
          20.3430118,
          49.9502023
        ]
      },
      "id": "way/722797105"
    },
    {
      "type": "Feature",
      "properties": {
        "@id": "way/723046920",
        "amenity": "community_centre",
        "building": "yes",
        "name": "Świetlica Fletnowo",
        "@geometry": "center"
      },
      "geometry": {
        "type": "Point",
        "coordinates": [
          18.6671249,
          53.5334129
        ]
      },
      "id": "way/723046920"
    },
    {
      "type": "Feature",
      "properties": {
        "@id": "way/728705884",
        "addr:housenumber": "22",
        "addr:place": "Czachulec Stary",
        "addr:postcode": "62-709",
        "amenity": "community_centre",
        "building": "yes",
        "source:addr": "malanow.e-mapa.net",
        "@geometry": "center"
      },
      "geometry": {
        "type": "Point",
        "coordinates": [
          18.4319481,
          51.9148793
        ]
      },
      "id": "way/728705884"
    },
    {
      "type": "Feature",
      "properties": {
        "@id": "way/729200941",
        "addr:city": "Czerlejnko",
        "addr:city:simc": "0585986",
        "addr:housenumber": "26",
        "addr:postcode": "62-025",
        "addr:street": "Jesionowa",
        "amenity": "community_centre",
        "building": "public",
        "name": "Świetlica wiejska w Czerlejnku",
        "source:addr": "EMUiA (kostrzyn.e-mapa.net)",
        "@geometry": "center"
      },
      "geometry": {
        "type": "Point",
        "coordinates": [
          17.2225904,
          52.3619729
        ]
      },
      "id": "way/729200941"
    },
    {
      "type": "Feature",
      "properties": {
        "@id": "way/729387301",
        "addr:city": "Czchów",
        "addr:city:simc": "0816871",
        "addr:housenumber": "7",
        "addr:postcode": "32-860",
        "addr:street": "Sądecka",
        "addr:street:sym_ul": "19578",
        "amenity": "nightclub",
        "building": "yes",
        "source:addr": "emuia.gugik.gov.pl",
        "@geometry": "center"
      },
      "geometry": {
        "type": "Point",
        "coordinates": [
          20.6794218,
          49.8127842
        ]
      },
      "id": "way/729387301"
    },
    {
      "type": "Feature",
      "properties": {
        "@id": "way/729685088",
        "amenity": "community_centre",
        "name": "Świetlica Amaltea",
        "opening_hours": "Mo-Fr 15:00-19:00; PH off",
        "@geometry": "center"
      },
      "geometry": {
        "type": "Point",
        "coordinates": [
          19.9046521,
          50.0031524
        ]
      },
      "id": "way/729685088"
    },
    {
      "type": "Feature",
      "properties": {
        "@id": "way/732092577",
        "amenity": "community_centre",
        "name": "Młodzieżowy Dom Kultury im. Heleny Stadnickiej",
        "@geometry": "center"
      },
      "geometry": {
        "type": "Point",
        "coordinates": [
          21.1613574,
          51.3984301
        ]
      },
      "id": "way/732092577"
    },
    {
      "type": "Feature",
      "properties": {
        "@id": "way/732294709",
        "addr:housenumber": "58",
        "addr:place": "Kokocko",
        "addr:postcode": "86-260",
        "amenity": "nightclub",
        "building": "yes",
        "name": "Arena Club",
        "@geometry": "center"
      },
      "geometry": {
        "type": "Point",
        "coordinates": [
          18.3229861,
          53.2643202
        ]
      },
      "id": "way/732294709"
    },
    {
      "type": "Feature",
      "properties": {
        "@id": "way/732399599",
        "addr:city": "Kąpino",
        "addr:housenumber": "1",
        "addr:postcode": "84-200",
        "addr:street": "Królowej Jadwigi",
        "amenity": "community_centre",
        "building": "yes",
        "name": "Świetlica Wiejska w Kąpinie",
        "@geometry": "center"
      },
      "geometry": {
        "type": "Point",
        "coordinates": [
          18.2506311,
          54.6284015
        ]
      },
      "id": "way/732399599"
    },
    {
      "type": "Feature",
      "properties": {
        "@id": "way/733103164",
        "name": "Świetlica Wiejska",
        "building": "yes",
        "addr:housenumber": "25",
        "addr:place": "Studzieniec",
        "addr:postcode": "64-610",
        "amenity": "community_centre",
        "@geometry": "center"
      },
      "geometry": {
        "type": "Point",
        "coordinates": [
          17.0186799,
          52.699728
        ]
      },
      "id": "way/733103164"
    },
    {
      "type": "Feature",
      "properties": {
        "@id": "way/737129139",
        "addr:country": "PL",
        "addr:district": "kołobrzeski",
        "addr:postcode": "78-111",
        "addr:street": "Nadbrzeżna",
        "addr:subdistrict": "Ustronie Morskie",
        "amenity": "community_centre",
        "email": "gok@gok.ustronie-morskie.pl",
        "fax": "+48 94 351 58 03",
        "name": "Gminny Ośrodek Kultury w Ustroniu Morskim",
        "phone": "+48 94 351 58 03",
        "website": "http://www.gok.ustronie-morskie.pl/",
        "@geometry": "center"
      },
      "geometry": {
        "type": "Point",
        "coordinates": [
          15.7453812,
          54.2142568
        ]
      },
      "id": "way/737129139"
    },
    {
      "type": "Feature",
      "properties": {
        "@id": "way/737406322",
        "amenity": "community_centre",
        "building": "yes",
        "name": "Świetlica Rady Osiedla Sucharskiego w Wejherowie",
        "@geometry": "center"
      },
      "geometry": {
        "type": "Point",
        "coordinates": [
          18.1923541,
          54.6091795
        ]
      },
      "id": "way/737406322"
    },
    {
      "type": "Feature",
      "properties": {
        "@id": "way/737591571",
        "addr:housenumber": "11e",
        "addr:place": "Rachowa",
        "addr:postcode": "62-709",
        "amenity": "community_centre",
        "building": "yes",
        "source:addr": "malanow.e-mapa.net",
        "@geometry": "center"
      },
      "geometry": {
        "type": "Point",
        "coordinates": [
          18.3908544,
          51.9393889
        ]
      },
      "id": "way/737591571"
    },
    {
      "type": "Feature",
      "properties": {
        "@id": "way/737949553",
        "name": "Dom Działkowca w ROD Wiarus",
        "amenity": "community_centre",
        "building": "yes",
        "building:levels": "1",
        "building:walls": "brick",
        "contact:facebook": "https://www.facebook.com/wiarus.waw",
        "email": "kontakt@wiarus.waw.pl",
        "website": "https://wiarus.waw.pl/",
        "@geometry": "center"
      },
      "geometry": {
        "type": "Point",
        "coordinates": [
          20.9883777,
          52.1996805
        ]
      },
      "id": "way/737949553"
    },
    {
      "type": "Feature",
      "properties": {
        "@id": "way/738901985",
        "amenity": "community_centre",
        "building": "service",
        "building:levels": "2",
        "name": "Świetlica wiejska",
        "source": "Starostwo Powiatowe w Nysie",
        "@geometry": "center"
      },
      "geometry": {
        "type": "Point",
        "coordinates": [
          17.4222579,
          50.5033347
        ]
      },
      "id": "way/738901985"
    },
    {
      "type": "Feature",
      "properties": {
        "@id": "way/740126610",
        "amenity": "community_centre",
        "landuse": "recreation_ground",
        "name": "Scena",
        "@geometry": "center"
      },
      "geometry": {
        "type": "Point",
        "coordinates": [
          22.546231,
          51.2499622
        ]
      },
      "id": "way/740126610"
    },
    {
      "type": "Feature",
      "properties": {
        "@id": "way/743808218",
        "amenity": "community_centre",
        "building": "yes",
        "name": "Świetlica wiejska",
        "@geometry": "center"
      },
      "geometry": {
        "type": "Point",
        "coordinates": [
          18.5704565,
          51.9892668
        ]
      },
      "id": "way/743808218"
    },
    {
      "type": "Feature",
      "properties": {
        "@id": "way/745002602",
        "addr:housenumber": "8",
        "addr:place": "Mierzynko",
        "addr:postcode": "84-250",
        "amenity": "community_centre",
        "building": "yes",
        "name": "Dom Sołecki w Mierzynku",
        "operator": "Gmina Gniewino",
        "@geometry": "center"
      },
      "geometry": {
        "type": "Point",
        "coordinates": [
          17.9378979,
          54.6825201
        ]
      },
      "id": "way/745002602"
    },
    {
      "type": "Feature",
      "properties": {
        "@id": "way/745049320",
        "amenity": "community_centre",
        "community_centre": "community_hall",
        "community_centre:for": "multigeneration",
        "contact:facebook": "https://www.facebook.com/goksir.kolbaskowo/",
        "email": "biuro@goksir.kolbaskowo.pl",
        "name": "Gminny Ośrodek Kultury, Sportu i Rekreacji w Przecławiu",
        "operator": "Gmina Kołbaskowo",
        "phone": "+48 882 783 416",
        "short_name": "GOKSiR Przecław",
        "website": "http://goksir.kolbaskowo.pl/",
        "@geometry": "center"
      },
      "geometry": {
        "type": "Point",
        "coordinates": [
          14.4776991,
          53.3774318
        ]
      },
      "id": "way/745049320"
    },
    {
      "type": "Feature",
      "properties": {
        "@id": "way/746708956",
        "addr:country": "PL",
        "addr:housenumber": "127C",
        "addr:place": "Borucino",
        "addr:postcode": "83-323",
        "addr:province": "Pomorskie",
        "amenity": "community_centre",
        "building": "yes",
        "building:levels": "1",
        "name": "Sala wiejska",
        "operator": "Urząd Gminy Stężyca",
        "operator:type": "public/government",
        "@geometry": "center"
      },
      "geometry": {
        "type": "Point",
        "coordinates": [
          17.9790678,
          54.2552663
        ]
      },
      "id": "way/746708956"
    },
    {
      "type": "Feature",
      "properties": {
        "@id": "way/749888844",
        "addr:city": "Zalesie",
        "addr:postcode": "21-400",
        "amenity": "community_centre",
        "building": "yes",
        "name": "Świetlica Wiejska",
        "@geometry": "center"
      },
      "geometry": {
        "type": "Point",
        "coordinates": [
          22.3173918,
          51.9326473
        ]
      },
      "id": "way/749888844"
    },
    {
      "type": "Feature",
      "properties": {
        "@id": "way/751795914",
        "amenity": "community_centre",
        "building": "yes",
        "@geometry": "center"
      },
      "geometry": {
        "type": "Point",
        "coordinates": [
          18.4332028,
          52.0189976
        ]
      },
      "id": "way/751795914"
    },
    {
      "type": "Feature",
      "properties": {
        "@id": "way/754037770",
        "amenity": "community_centre",
        "building": "yes",
        "building:use": "cultural",
        "name": "Dom Kultury",
        "@geometry": "center"
      },
      "geometry": {
        "type": "Point",
        "coordinates": [
          22.8826058,
          52.9914603
        ]
      },
      "id": "way/754037770"
    },
    {
      "type": "Feature",
      "properties": {
        "@id": "way/755397309",
        "amenity": "community_centre",
        "building": "yes",
        "building:levels": "2",
        "name": "Dom Ludowy w Mrocznie",
        "@geometry": "center"
      },
      "geometry": {
        "type": "Point",
        "coordinates": [
          19.7019435,
          53.35197
        ]
      },
      "id": "way/755397309"
    },
    {
      "type": "Feature",
      "properties": {
        "@id": "way/755581848",
        "addr:housenumber": "562",
        "addr:place": "Borzęcin",
        "addr:postcode": "32-825",
        "amenity": "community_centre",
        "building": "yes",
        "name": "Gminny Ośrodek Kultury",
        "source:addr": "EMUiA@iMPA (borzecin.e-mapa.net)",
        "website": "https://www.borzecin.pl/index.php/kultura/gminny-orodek-kultury.html",
        "@geometry": "center"
      },
      "geometry": {
        "type": "Point",
        "coordinates": [
          20.7060837,
          50.0670823
        ]
      },
      "id": "way/755581848"
    },
    {
      "type": "Feature",
      "properties": {
        "@id": "way/755897613",
        "amenity": "community_centre",
        "building": "yes",
        "name": "Świetlica Wiejska",
        "@geometry": "center"
      },
      "geometry": {
        "type": "Point",
        "coordinates": [
          15.7196873,
          51.0325457
        ]
      },
      "id": "way/755897613"
    },
    {
      "type": "Feature",
      "properties": {
        "@id": "way/756068243",
        "source:addr": "UMiG Góra Kalwaria",
        "building": "yes",
        "name": "Świetlica w Czersku",
        "amenity": "community_centre",
        "addr:street": "Plac Tysiąclecia",
        "addr:city": "Czersk",
        "addr:housenumber": "15",
        "addr:postcode": "05-530",
        "@geometry": "center"
      },
      "geometry": {
        "type": "Point",
        "coordinates": [
          21.2323747,
          51.9588447
        ]
      },
      "id": "way/756068243"
    },
    {
      "type": "Feature",
      "properties": {
        "@id": "way/758196505",
        "amenity": "community_centre",
        "building": "yes",
        "@geometry": "center"
      },
      "geometry": {
        "type": "Point",
        "coordinates": [
          21.4797554,
          49.7120994
        ]
      },
      "id": "way/758196505"
    },
    {
      "type": "Feature",
      "properties": {
        "@id": "way/759869304",
        "amenity": "nightclub",
        "name": "Klub \"Gorzelnia\"",
        "@geometry": "center"
      },
      "geometry": {
        "type": "Point",
        "coordinates": [
          23.3700603,
          50.6484774
        ]
      },
      "id": "way/759869304"
    },
    {
      "type": "Feature",
      "properties": {
        "@id": "way/759916095",
        "addr:city:simc": "0185241",
        "addr:housenumber": "26",
        "addr:place": "Trzcinna",
        "addr:postcode": "74-304",
        "amenity": "community_centre",
        "building": "civic",
        "name": "Sala wiejska",
        "source:addr": "nowogrodekpomorski.e-mapa.net",
        "source:geometry": "geoportal.gov.pl:BDOT",
        "@geometry": "center"
      },
      "geometry": {
        "type": "Point",
        "coordinates": [
          15.0099531,
          52.8833757
        ]
      },
      "id": "way/759916095"
    },
    {
      "type": "Feature",
      "properties": {
        "@id": "way/759997844",
        "amenity": "community_centre",
        "building": "yes",
        "@geometry": "center"
      },
      "geometry": {
        "type": "Point",
        "coordinates": [
          18.4719391,
          52.103143
        ]
      },
      "id": "way/759997844"
    },
    {
      "type": "Feature",
      "properties": {
        "@id": "way/761195442",
        "addr:city": "Lębork",
        "addr:housenumber": "5",
        "addr:postcode": "84-300",
        "addr:street": "Władysława Łokietka",
        "amenity": "community_centre",
        "building": "yes",
        "name": "Klub Osiedlowy BAZA",
        "operator": "Urząd miejski w Lęborku",
        "start_date": "2019-11",
        "@geometry": "center"
      },
      "geometry": {
        "type": "Point",
        "coordinates": [
          17.7457046,
          54.5448479
        ]
      },
      "id": "way/761195442"
    },
    {
      "type": "Feature",
      "properties": {
        "@id": "way/762342795",
        "source:addr": "radlowtarnowski.e-mapa.net",
        "name": "Dom Ludowy",
        "addr:city:simc": "0828070",
        "addr:housenumber": "126",
        "addr:place": "Zdrochec",
        "addr:postcode": "33-273",
        "amenity": "community_centre",
        "building": "yes",
        "@geometry": "center"
      },
      "geometry": {
        "type": "Point",
        "coordinates": [
          20.827503,
          50.1389101
        ]
      },
      "id": "way/762342795"
    },
    {
      "type": "Feature",
      "properties": {
        "@id": "way/764290123",
        "amenity": "community_centre",
        "name": "Centrum Rehabilitacyjno-Kulturalne",
        "@geometry": "center"
      },
      "geometry": {
        "type": "Point",
        "coordinates": [
          16.7244411,
          52.3349295
        ]
      },
      "id": "way/764290123"
    },
    {
      "type": "Feature",
      "properties": {
        "@id": "way/768714365",
        "addr:city:simc": "0837695",
        "addr:housenumber": "222",
        "addr:place": "Gorzyce",
        "addr:postcode": "33-250",
        "amenity": "community_centre",
        "building": "yes",
        "name": "Dom ludowy w Gorzycach",
        "@geometry": "center"
      },
      "geometry": {
        "type": "Point",
        "coordinates": [
          20.8602117,
          50.1832062
        ]
      },
      "id": "way/768714365"
    },
    {
      "type": "Feature",
      "properties": {
        "@id": "way/768970838",
        "amenity": "nightclub",
        "building": "yes",
        "@geometry": "center"
      },
      "geometry": {
        "type": "Point",
        "coordinates": [
          23.439749,
          51.0980657
        ]
      },
      "id": "way/768970838"
    },
    {
      "type": "Feature",
      "properties": {
        "@id": "way/769026225",
        "name": "Dom Kultury w Dubecznie",
        "building": "yes",
        "amenity": "community_centre",
        "@geometry": "center"
      },
      "geometry": {
        "type": "Point",
        "coordinates": [
          23.4370697,
          51.4276615
        ]
      },
      "id": "way/769026225"
    },
    {
      "type": "Feature",
      "properties": {
        "@id": "way/769648447",
        "amenity": "community_centre",
        "barrier": "fence",
        "name": "Świetlica w Lubiczu",
        "@geometry": "center"
      },
      "geometry": {
        "type": "Point",
        "coordinates": [
          14.4854677,
          53.1206983
        ]
      },
      "id": "way/769648447"
    },
    {
      "type": "Feature",
      "properties": {
        "@id": "way/771740930",
        "amenity": "community_centre",
        "name": "Świetlica Granica",
        "@geometry": "center"
      },
      "geometry": {
        "type": "Point",
        "coordinates": [
          20.804958,
          52.1355308
        ]
      },
      "id": "way/771740930"
    },
    {
      "type": "Feature",
      "properties": {
        "@id": "way/772966266",
        "addr:city": "Mścice",
        "addr:city:simc": "0302480",
        "addr:housenumber": "11",
        "addr:postcode": "76-031",
        "addr:street": "Południowa",
        "addr:street:sym_ul": "17070",
        "amenity": "community_centre",
        "building": "public",
        "building:levels": "1",
        "name": "Dom Ludowy",
        "source:addr": "bedzino.e-mapa.net",
        "@geometry": "center"
      },
      "geometry": {
        "type": "Point",
        "coordinates": [
          16.0854615,
          54.2170779
        ]
      },
      "id": "way/772966266"
    },
    {
      "type": "Feature",
      "properties": {
        "@id": "way/774724719",
        "amenity": "community_centre",
        "email": "gokwstepnicy@gmail.com",
        "name": "Gminny Ośrodek Kultury",
        "official_name": "Gminny Ośrodek Kultury w Stepnicy",
        "opening_hours": "Mo-Fr 12:00-20:00",
        "phone": "+48 91 41 88 628; +48 732 840 990",
        "short_name": "GOK Stepnica",
        "website": "http://www.gokstepnica.pl/",
        "@geometry": "center"
      },
      "geometry": {
        "type": "Point",
        "coordinates": [
          14.6224326,
          53.6496886
        ]
      },
      "id": "way/774724719"
    },
    {
      "type": "Feature",
      "properties": {
        "@id": "way/775712517",
        "amenity": "community_centre",
        "building": "yes",
        "@geometry": "center"
      },
      "geometry": {
        "type": "Point",
        "coordinates": [
          17.0140805,
          53.6069468
        ]
      },
      "id": "way/775712517"
    },
    {
      "type": "Feature",
      "properties": {
        "@id": "way/775791083",
        "website": "https://www.dps.radom.pl/",
        "name": "Dom Pomocy Społecznej",
        "amenity": "community_centre",
        "@geometry": "center"
      },
      "geometry": {
        "type": "Point",
        "coordinates": [
          21.1919008,
          51.4255758
        ]
      },
      "id": "way/775791083"
    },
    {
      "type": "Feature",
      "properties": {
        "@id": "way/781528042",
        "website": "http://www.kultura.trzebiatow.pl/",
        "amenity": "community_centre",
        "community_centre": "cultural_centre; events_venue",
        "community_centre:for": "multigeneration",
        "email": "tok@trzebiatow.pl",
        "name": "Trzebiatowski Ośrodek Kultury",
        "phone": "+48 91 38 72 614",
        "short_name": "TOK",
        "@geometry": "center"
      },
      "geometry": {
        "type": "Point",
        "coordinates": [
          15.2702135,
          54.0633632
        ]
      },
      "id": "way/781528042"
    },
    {
      "type": "Feature",
      "properties": {
        "@id": "way/782143442",
        "addr:city": "Zakurzewo",
        "addr:postcode": "86-302",
        "amenity": "community_centre",
        "community_centre": "environment_centre",
        "name": "Centrum Edukacji Ekologicznej",
        "opening_hours": "Mo-Fr",
        "operator": "Miejskie Wodociągi i Oczyszczalnia sp. z o.o.",
        "operator:type": "public",
        "website": "https://www.mwio.pl/main/CEE.html",
        "@geometry": "center"
      },
      "geometry": {
        "type": "Point",
        "coordinates": [
          18.7875633,
          53.565708
        ]
      },
      "id": "way/782143442"
    },
    {
      "type": "Feature",
      "properties": {
        "@id": "way/783661571",
        "name": "Dom Ludowy",
        "addr:city:simc": "0352992",
        "addr:housenumber": "102",
        "addr:place": "Osobnica",
        "addr:postcode": "38-241",
        "amenity": "community_centre",
        "building": "yes",
        "source:addr": "jaslo.e-mapa.net",
        "@geometry": "center"
      },
      "geometry": {
        "type": "Point",
        "coordinates": [
          21.4034919,
          49.6964465
        ]
      },
      "id": "way/783661571"
    },
    {
      "type": "Feature",
      "properties": {
        "@id": "way/784014331",
        "addr:city:simc": "0554767",
        "addr:housenumber": "25",
        "addr:place": "Wykno",
        "addr:postcode": "97-225",
        "amenity": "community_centre",
        "building": "yes",
        "name": "Świetlica wiejska w Wyknie",
        "source:addr": "ujazdtomaszowski.e-mapa.net",
        "@geometry": "center"
      },
      "geometry": {
        "type": "Point",
        "coordinates": [
          19.9166477,
          51.6310689
        ]
      },
      "id": "way/784014331"
    },
    {
      "type": "Feature",
      "properties": {
        "@id": "way/787772731",
        "amenity": "community_centre",
        "email": "prezes@jaskoleczka.pl",
        "name": "Gospoda Jaskółeczka - Firma Społeczna",
        "phone": "789 188 730",
        "website": "https://jaskoleczka.pl/o-nas/",
        "@geometry": "center"
      },
      "geometry": {
        "type": "Point",
        "coordinates": [
          21.1580411,
          51.4287845
        ]
      },
      "id": "way/787772731"
    },
    {
      "type": "Feature",
      "properties": {
        "@id": "way/787868837",
        "addr:city": "Iłowo-Osada",
        "addr:country": "PL",
        "addr:housenumber": "1",
        "addr:street": "Stanisława Staszica",
        "amenity": "community_centre",
        "building": "civic",
        "name": "Gminny Ośrodek Kultury i Sportu",
        "source": "www.geoportal.gov.pl",
        "@geometry": "center"
      },
      "geometry": {
        "type": "Point",
        "coordinates": [
          20.2936149,
          53.1674651
        ]
      },
      "id": "way/787868837"
    },
    {
      "type": "Feature",
      "properties": {
        "@id": "way/788590592",
        "addr:housenumber": "26",
        "addr:place": "Suszka",
        "addr:postcode": "57-230",
        "amenity": "community_centre",
        "building": "yes",
        "name": "Świetlica Wiejska w Suszce",
        "operator": "Wanda Fedan",
        "operator:type": "public",
        "@geometry": "center"
      },
      "geometry": {
        "type": "Point",
        "coordinates": [
          16.8261126,
          50.530491
        ]
      },
      "id": "way/788590592"
    },
    {
      "type": "Feature",
      "properties": {
        "@id": "way/788712388",
        "addr:housenumber": "5C",
        "addr:place": "Mokry Dwór",
        "addr:postcode": "83-021",
        "amenity": "community_centre",
        "building": "yes",
        "name": "Świetlica wiejska",
        "source": "Geoportal 2: PRNG (geo names); National Integration of Land Registers: Buildings",
        "source:addr": "pruszczgdanski.e-mapa.net",
        "@geometry": "center"
      },
      "geometry": {
        "type": "Point",
        "coordinates": [
          18.7174653,
          54.2937301
        ]
      },
      "id": "way/788712388"
    },
    {
      "type": "Feature",
      "properties": {
        "@id": "way/789117666",
        "source:addr": "trabkiwielkie.e-mapa.net",
        "source": "National Integration of Land Registers: Buildings",
        "addr:city": "Trąbki Wielkie",
        "addr:housenumber": "4",
        "addr:postcode": "83-034",
        "addr:street": "Sportowa",
        "addr:street:sym_ul": "20683",
        "amenity": "community_centre",
        "building": "yes",
        "name": "Gminny Ośrodek Kultury Sportu i Rekreacji",
        "@geometry": "center"
      },
      "geometry": {
        "type": "Point",
        "coordinates": [
          18.5365308,
          54.1727666
        ]
      },
      "id": "way/789117666"
    },
    {
      "type": "Feature",
      "properties": {
        "@id": "way/790561087",
        "source": "Krajowa Integracja Ewidencji Gruntów: Budynki",
        "website": "https://mtouch.facebook.com/pg/Świetlica-Wiejska-w-Żelisławkach-105519548522467/",
        "addr:city": "Żelisławki",
        "addr:housenumber": "4",
        "addr:postcode": "83-032",
        "addr:street": "Rycerska",
        "amenity": "community_centre",
        "building": "yes",
        "name": "Świetlica wiejska w Żelisławkach",
        "@geometry": "center"
      },
      "geometry": {
        "type": "Point",
        "coordinates": [
          18.6502516,
          54.1573434
        ]
      },
      "id": "way/790561087"
    },
    {
      "type": "Feature",
      "properties": {
        "@id": "way/790774305",
        "amenity": "community_centre",
        "building": "yes",
        "name": "Świetlica Wiejska w Pieniężnicy",
        "@geometry": "center"
      },
      "geometry": {
        "type": "Point",
        "coordinates": [
          16.9633569,
          53.8588887
        ]
      },
      "id": "way/790774305"
    },
    {
      "type": "Feature",
      "properties": {
        "@id": "way/791300698",
        "addr:housenumber": "26",
        "addr:place": "Ratyczów",
        "addr:postcode": "22-650",
        "amenity": "community_centre",
        "building": "yes",
        "name": "Świetlica",
        "source:addr": "EMUiA (emuia.gugik.gov.pl)",
        "start_date": "1974",
        "@geometry": "center"
      },
      "geometry": {
        "type": "Point",
        "coordinates": [
          23.7254132,
          50.4907119
        ]
      },
      "id": "way/791300698"
    },
    {
      "type": "Feature",
      "properties": {
        "@id": "way/791396533",
        "amenity": "community_centre",
        "building": "yes",
        "@geometry": "center"
      },
      "geometry": {
        "type": "Point",
        "coordinates": [
          22.462822,
          51.4014076
        ]
      },
      "id": "way/791396533"
    },
    {
      "type": "Feature",
      "properties": {
        "@id": "way/791664611",
        "amenity": "community_centre",
        "building:part": "yes",
        "name": "Sala wiejska",
        "@geometry": "center"
      },
      "geometry": {
        "type": "Point",
        "coordinates": [
          17.6761154,
          51.21125
        ]
      },
      "id": "way/791664611"
    },
    {
      "type": "Feature",
      "properties": {
        "@id": "way/792199652",
        "amenity": "community_centre",
        "building:part": "yes",
        "name": "Świetlica wiejska",
        "@geometry": "center"
      },
      "geometry": {
        "type": "Point",
        "coordinates": [
          17.4773767,
          50.9813968
        ]
      },
      "id": "way/792199652"
    },
    {
      "type": "Feature",
      "properties": {
        "@id": "way/793480769",
        "addr:housenumber": "63",
        "addr:place": "Wólka Pukarzowska",
        "addr:postcode": "22-650",
        "amenity": "community_centre",
        "building": "yes",
        "name": "Świetlica",
        "source:addr": "EMUiA (emuia.gugik.gov.pl)",
        "start_date": "1980",
        "@geometry": "center"
      },
      "geometry": {
        "type": "Point",
        "coordinates": [
          23.6638922,
          50.5325423
        ]
      },
      "id": "way/793480769"
    },
    {
      "type": "Feature",
      "properties": {
        "@id": "way/798484646",
        "amenity": "community_centre",
        "building": "yes",
        "name": "Świetlica Wiejska w Bogucinie",
        "@geometry": "center"
      },
      "geometry": {
        "type": "Point",
        "coordinates": [
          17.0325562,
          52.431079
        ]
      },
      "id": "way/798484646"
    },
    {
      "type": "Feature",
      "properties": {
        "@id": "way/800233941",
        "addr:city": "Szreńsk",
        "addr:city:simc": "0127953",
        "addr:housenumber": "11",
        "addr:postcode": "06-550",
        "addr:street": "Plac Kanoniczny",
        "addr:street:sym_ul": "34930",
        "amenity": "community_centre",
        "building": "civic",
        "name": "Gminny Ośrodek Kultury",
        "source": "www.geoportal.gov.pl",
        "source:addr": "emuia.gugik.gov.pl",
        "@geometry": "center"
      },
      "geometry": {
        "type": "Point",
        "coordinates": [
          20.1230812,
          53.0112213
        ]
      },
      "id": "way/800233941"
    },
    {
      "type": "Feature",
      "properties": {
        "@id": "way/800870926",
        "addr:housenumber": "71A",
        "addr:place": "Stary Raduszec",
        "addr:postcode": "66-600",
        "amenity": "community_centre",
        "building": "yes",
        "image": "https://images.mapillary.com/2p1dma7CBDkS5N72BeApgg/thumb-2048.jpg",
        "mapillary": "175947710989761",
        "name": "Świetlica wiejska w Starym Raduszcu",
        "@geometry": "center"
      },
      "geometry": {
        "type": "Point",
        "coordinates": [
          15.0870712,
          52.0372167
        ]
      },
      "id": "way/800870926"
    },
    {
      "type": "Feature",
      "properties": {
        "@id": "way/807480153",
        "name": "Świetlica środowiskowa w Pobyłkowie Małym",
        "building": "yes",
        "addr:housenumber": "51A",
        "addr:place": "Pobyłkowo Małe",
        "addr:postcode": "06-114",
        "amenity": "community_centre",
        "@geometry": "center"
      },
      "geometry": {
        "type": "Point",
        "coordinates": [
          21.0358083,
          52.5525803
        ]
      },
      "id": "way/807480153"
    },
    {
      "type": "Feature",
      "properties": {
        "@id": "way/807854887",
        "amenity": "community_centre",
        "building": "public",
        "building:levels": "1",
        "community_centre": "village_hall",
        "name": "Świetlica Wiejska w Wapnicy",
        "@geometry": "center"
      },
      "geometry": {
        "type": "Point",
        "coordinates": [
          15.4581253,
          53.2717794
        ]
      },
      "id": "way/807854887"
    },
    {
      "type": "Feature",
      "properties": {
        "@id": "way/809967181",
        "amenity": "community_centre",
        "building": "yes",
        "name": "Świetlica Wiejska",
        "operator": "Gmina Kobierzyce",
        "@geometry": "center"
      },
      "geometry": {
        "type": "Point",
        "coordinates": [
          16.91327,
          51.0048644
        ]
      },
      "id": "way/809967181"
    },
    {
      "type": "Feature",
      "properties": {
        "@id": "way/810383387",
        "amenity": "community_centre",
        "building": "yes",
        "@geometry": "center"
      },
      "geometry": {
        "type": "Point",
        "coordinates": [
          17.9466933,
          51.3562702
        ]
      },
      "id": "way/810383387"
    },
    {
      "type": "Feature",
      "properties": {
        "@id": "way/814136547",
        "addr:housenumber": "31",
        "addr:place": "Szklarka Mielęcka",
        "addr:postcode": "63-600",
        "amenity": "community_centre",
        "building": "public",
        "name": "Sala wiejska",
        "source:addr": "kepno.e-mapa.net",
        "@geometry": "center"
      },
      "geometry": {
        "type": "Point",
        "coordinates": [
          17.9258556,
          51.3074613
        ]
      },
      "id": "way/814136547"
    },
    {
      "type": "Feature",
      "properties": {
        "@id": "way/814889298",
        "addr:housenumber": "56",
        "addr:place": "Wola Skromowska",
        "addr:postcode": "21-150",
        "amenity": "community_centre",
        "building": "yes",
        "name": "Świetlica Wiejska",
        "source:addr": "EMUiA (emuia.gugik.gov.pl)",
        "@geometry": "center"
      },
      "geometry": {
        "type": "Point",
        "coordinates": [
          22.4576287,
          51.6167935
        ]
      },
      "id": "way/814889298"
    },
    {
      "type": "Feature",
      "properties": {
        "@id": "way/814938758",
        "amenity": "community_centre",
        "facebook": "https://www.facebook.com/dokcesarski/",
        "name": "Dok Cesarski",
        "@geometry": "center"
      },
      "geometry": {
        "type": "Point",
        "coordinates": [
          18.6597274,
          54.3621195
        ]
      },
      "id": "way/814938758"
    },
    {
      "type": "Feature",
      "properties": {
        "@id": "way/819114669",
        "amenity": "community_centre",
        "building:part": "yes",
        "community_centre": "cultural_centre",
        "name": "Ośrodek Kultury Lokalnej we wsi Piliki",
        "@geometry": "center"
      },
      "geometry": {
        "type": "Point",
        "coordinates": [
          23.1528473,
          52.7345587
        ]
      },
      "id": "way/819114669"
    },
    {
      "type": "Feature",
      "properties": {
        "@id": "way/820210066",
        "name": "Świetlica Wiejska we wsi Sękowo",
        "addr:place": "Sękowo",
        "addr:postcode": "64-300",
        "amenity": "community_centre",
        "building": "yes",
        "source": "http://nowytomysl.e-mapa.net/",
        "@geometry": "center"
      },
      "geometry": {
        "type": "Point",
        "coordinates": [
          16.0875087,
          52.3062525
        ]
      },
      "id": "way/820210066"
    },
    {
      "type": "Feature",
      "properties": {
        "@id": "way/820452498",
        "addr:city": "Gostynin",
        "addr:housenumber": "14",
        "addr:postcode": "09-500",
        "addr:street": "Jana Pawła II",
        "amenity": "social_centre",
        "building": "yes",
        "@geometry": "center"
      },
      "geometry": {
        "type": "Point",
        "coordinates": [
          19.4632284,
          52.4327281
        ]
      },
      "id": "way/820452498"
    },
    {
      "type": "Feature",
      "properties": {
        "@id": "way/821979669",
        "addr:housenumber": "44a",
        "addr:place": "Łagoszów Mały",
        "addr:postcode": "67-222",
        "amenity": "community_centre",
        "building": "yes",
        "building:levels": "2",
        "name": "Świetlica wiejska",
        "operator": "GCK Jerzmanowa",
        "source": "UG Jerzmanowa",
        "website": "https://www.gckjerzmanowa.pl/wynajem-sal-i-swietlic/swietlica-wiejska-lagoszow-maly",
        "@geometry": "center"
      },
      "geometry": {
        "type": "Point",
        "coordinates": [
          16.0282147,
          51.6156223
        ]
      },
      "id": "way/821979669"
    },
    {
      "type": "Feature",
      "properties": {
        "@id": "way/823837384",
        "amenity": "community_centre",
        "building:part": "yes",
        "name": "Świetlica Wiejska w Czeremsze Wsi",
        "@geometry": "center"
      },
      "geometry": {
        "type": "Point",
        "coordinates": [
          23.313445,
          52.5305642
        ]
      },
      "id": "way/823837384"
    },
    {
      "type": "Feature",
      "properties": {
        "@id": "way/824208844",
        "name": "Ulica Elektryków",
        "addr:city": "Gdańsk",
        "addr:street": "Elektryków",
        "amenity": "community_centre",
        "@geometry": "center"
      },
      "geometry": {
        "type": "Point",
        "coordinates": [
          18.6482149,
          54.3645236
        ]
      },
      "id": "way/824208844"
    },
    {
      "type": "Feature",
      "properties": {
        "@id": "way/824561939",
        "addr:city:simc": "0029707",
        "addr:housenumber": "58a",
        "addr:place": "Mochnate",
        "amenity": "community_centre",
        "building:part": "yes",
        "name": "Wiejski Dom Kultury w Mochnatym",
        "source:addr": "hajnowka.e-mapa.net",
        "@geometry": "center"
      },
      "geometry": {
        "type": "Point",
        "coordinates": [
          23.455055,
          52.7206014
        ]
      },
      "id": "way/824561939"
    },
    {
      "type": "Feature",
      "properties": {
        "@id": "way/826525400",
        "amenity": "community_centre",
        "building:part": "yes",
        "name": "Gminny Ośrodek Kultury w Małym Płocku",
        "@geometry": "center"
      },
      "geometry": {
        "type": "Point",
        "coordinates": [
          22.0213078,
          53.3043419
        ]
      },
      "id": "way/826525400"
    },
    {
      "type": "Feature",
      "properties": {
        "@id": "way/828226622",
        "source": "www.geoportal.gov.pl",
        "name": "Świetlica Sokołów",
        "building:levels": "1",
        "building": "public",
        "amenity": "community_centre",
        "note:addr": "Ze zgłoszenia do e-mapy, wynika, że jeszcze nie ma nadanego adresu, ale NIE będzie to 13/1, który był do tej pory podawany np. w rejestrze umów.",
        "@geometry": "center"
      },
      "geometry": {
        "type": "Point",
        "coordinates": [
          20.8643454,
          52.1422541
        ]
      },
      "id": "way/828226622"
    },
    {
      "type": "Feature",
      "properties": {
        "@id": "way/829252938",
        "amenity": "community_centre",
        "name": "Świetlica Wiejska",
        "@geometry": "center"
      },
      "geometry": {
        "type": "Point",
        "coordinates": [
          22.0077656,
          53.218684
        ]
      },
      "id": "way/829252938"
    },
    {
      "type": "Feature",
      "properties": {
        "@id": "way/829252956",
        "amenity": "community_centre",
        "building:part": "yes",
        "name": "Gminny Ośrodek Kultury w Pniewie",
        "@geometry": "center"
      },
      "geometry": {
        "type": "Point",
        "coordinates": [
          22.2062471,
          53.1044751
        ]
      },
      "id": "way/829252956"
    },
    {
      "type": "Feature",
      "properties": {
        "@id": "way/830161117",
        "addr:city": "Białystok",
        "addr:country": "PL",
        "addr:housenumber": "1N",
        "addr:postcode": "15-245",
        "addr:street": "Konstantego Ciołkowskiego",
        "amenity": "community_centre",
        "building": "yes",
        "building:levels": "2",
        "community_centre:for": "student",
        "contact:email": "uck@uwb.edu.pl",
        "contact:facebook": "https://www.facebook.com/uniwersyteckieck",
        "contact:website": "https://www.uwb.edu.pl/",
        "email": "uck@uwb.edu.pl",
        "name": "Uniwersyteckie Centrum Kultury",
        "operator": "Uniwersytet w Białymstoku",
        "website": "https://www.uwb.edu.pl/",
        "@geometry": "center"
      },
      "geometry": {
        "type": "Point",
        "coordinates": [
          23.1547145,
          53.1090992
        ]
      },
      "id": "way/830161117"
    },
    {
      "type": "Feature",
      "properties": {
        "@id": "way/832569976",
        "source": "www.geoportal.gov.pl",
        "name": "Centrum aktywności mieszkańców dzielnicy",
        "building": "yes",
        "amenity": "community_centre",
        "@geometry": "center"
      },
      "geometry": {
        "type": "Point",
        "coordinates": [
          18.4823632,
          50.1363871
        ]
      },
      "id": "way/832569976"
    },
    {
      "type": "Feature",
      "properties": {
        "@id": "way/833668469",
        "amenity": "community_centre",
        "name": "Wiejski Dom Kultury",
        "@geometry": "center"
      },
      "geometry": {
        "type": "Point",
        "coordinates": [
          17.4839959,
          51.7211883
        ]
      },
      "id": "way/833668469"
    },
    {
      "type": "Feature",
      "properties": {
        "@id": "way/835516365",
        "amenity": "community_centre",
        "building": "yes",
        "name": "świetlica wiejska",
        "@geometry": "center"
      },
      "geometry": {
        "type": "Point",
        "coordinates": [
          21.7371432,
          52.6519408
        ]
      },
      "id": "way/835516365"
    },
    {
      "type": "Feature",
      "properties": {
        "@id": "way/836108820",
        "name": "Dom Ludowy w Równem",
        "building": "yes",
        "addr:city": "Równe",
        "addr:housenumber": "18",
        "addr:postcode": "38-450",
        "addr:street": "Długa",
        "amenity": "community_centre",
        "@geometry": "center"
      },
      "geometry": {
        "type": "Point",
        "coordinates": [
          21.7201315,
          49.5927987
        ]
      },
      "id": "way/836108820"
    },
    {
      "type": "Feature",
      "properties": {
        "@id": "way/836715679",
        "amenity": "community_centre",
        "name": "Wiejski Dom Kultury",
        "@geometry": "center"
      },
      "geometry": {
        "type": "Point",
        "coordinates": [
          17.5168242,
          51.6927839
        ]
      },
      "id": "way/836715679"
    },
    {
      "type": "Feature",
      "properties": {
        "@id": "way/838547571",
        "addr:city": "Wielgomłyny",
        "addr:housenumber": "31",
        "addr:postcode": "97-525",
        "addr:street": "Zagórze",
        "amenity": "community_centre",
        "building": "yes",
        "description": "Fillia Ginnego Ośrodka Kultury w Zagórzu.",
        "name": "Filia Gminnego Ośrodka Kultury w Zagórzu",
        "smoking": "outside",
        "start_date": "2012-08-13",
        "@geometry": "center"
      },
      "geometry": {
        "type": "Point",
        "coordinates": [
          19.7478692,
          51.0429016
        ]
      },
      "id": "way/838547571"
    },
    {
      "type": "Feature",
      "properties": {
        "@id": "way/839026386",
        "amenity": "community_centre",
        "name": "Wiejski Dom Kultury w Różopolu",
        "@geometry": "center"
      },
      "geometry": {
        "type": "Point",
        "coordinates": [
          17.5295782,
          51.7274301
        ]
      },
      "id": "way/839026386"
    },
    {
      "type": "Feature",
      "properties": {
        "@id": "way/839097773",
        "website": "http://fri-cis.pl/",
        "amenity": "community_centre",
        "email": "cis.rogozina@wp.pl",
        "name": "Centrum Integracji Społecznej w Rogozinie",
        "operator": "Fundacja \"Rozwój-Integracja\"",
        "phone": "+48 91 387 40 20",
        "@geometry": "center"
      },
      "geometry": {
        "type": "Point",
        "coordinates": [
          15.1482996,
          54.0748927
        ]
      },
      "id": "way/839097773"
    },
    {
      "type": "Feature",
      "properties": {
        "@id": "way/839099561",
        "amenity": "community_centre",
        "building": "yes",
        "name": "GOK",
        "@geometry": "center"
      },
      "geometry": {
        "type": "Point",
        "coordinates": [
          17.7302899,
          51.63609
        ]
      },
      "id": "way/839099561"
    },
    {
      "type": "Feature",
      "properties": {
        "@id": "way/839337975",
        "amenity": "community_centre",
        "building:part": "yes",
        "name": "Wiejski Dom Kultury w Dolistowie",
        "@geometry": "center"
      },
      "geometry": {
        "type": "Point",
        "coordinates": [
          22.9047075,
          53.5480892
        ]
      },
      "id": "way/839337975"
    },
    {
      "type": "Feature",
      "properties": {
        "@id": "way/839975969",
        "amenity": "community_centre",
        "name": "100cznia Przesmyk",
        "@geometry": "center"
      },
      "geometry": {
        "type": "Point",
        "coordinates": [
          18.6446425,
          54.3645388
        ]
      },
      "id": "way/839975969"
    },
    {
      "type": "Feature",
      "properties": {
        "@id": "way/842379992",
        "amenity": "community_centre",
        "name": "Wiejski Dom Kultury w Roszkach",
        "@geometry": "center"
      },
      "geometry": {
        "type": "Point",
        "coordinates": [
          17.6007228,
          51.7424278
        ]
      },
      "id": "way/842379992"
    },
    {
      "type": "Feature",
      "properties": {
        "@id": "way/845277728",
        "amenity": "community_centre",
        "building": "yes",
        "source": "www.geoportal.gov.pl",
        "@geometry": "center"
      },
      "geometry": {
        "type": "Point",
        "coordinates": [
          19.1152279,
          51.3327624
        ]
      },
      "id": "way/845277728"
    },
    {
      "type": "Feature",
      "properties": {
        "@id": "way/845664656",
        "source": "www.geoportal.gov.pl",
        "name": "Wiejski dom kultury",
        "addr:city": "Miedzna Murowana",
        "addr:housenumber": "2",
        "addr:postcode": "26-330",
        "addr:street": "Główna",
        "amenity": "community_centre",
        "building": "yes",
        "@geometry": "center"
      },
      "geometry": {
        "type": "Point",
        "coordinates": [
          20.2219185,
          51.2951326
        ]
      },
      "id": "way/845664656"
    },
    {
      "type": "Feature",
      "properties": {
        "@id": "way/845688486",
        "amenity": "community_centre",
        "name": "Centrum Młodzieży \"Arka\"",
        "@geometry": "center"
      },
      "geometry": {
        "type": "Point",
        "coordinates": [
          21.1368286,
          51.4023032
        ]
      },
      "id": "way/845688486"
    },
    {
      "type": "Feature",
      "properties": {
        "@id": "way/846846534",
        "amenity": "community_centre",
        "building": "yes",
        "email": "biuro@czajkapoddebice.pl",
        "name": "Koło Łowieckie \"CZAJKA\"",
        "website": "http://czajkapoddebice.pl/",
        "@geometry": "center"
      },
      "geometry": {
        "type": "Point",
        "coordinates": [
          18.9550194,
          51.9977822
        ]
      },
      "id": "way/846846534"
    },
    {
      "type": "Feature",
      "properties": {
        "@id": "way/846885286",
        "addr:city:simc": "0903593",
        "addr:housenumber": "16",
        "addr:place": "Podbór",
        "addr:postcode": "22-630",
        "amenity": "community_centre",
        "building": "yes",
        "name": "Świetlica",
        "source": "www.geoportal.gov.pl",
        "source:addr": "tyszowce.e-mapa.net",
        "@geometry": "center"
      },
      "geometry": {
        "type": "Point",
        "coordinates": [
          23.6947828,
          50.6237416
        ]
      },
      "id": "way/846885286"
    },
    {
      "type": "Feature",
      "properties": {
        "@id": "way/848292909",
        "amenity": "community_centre",
        "building": "yes",
        "name": "Świetlica wiejska w Rdutowie",
        "@geometry": "center"
      },
      "geometry": {
        "type": "Point",
        "coordinates": [
          18.9942457,
          52.2258388
        ]
      },
      "id": "way/848292909"
    },
    {
      "type": "Feature",
      "properties": {
        "@id": "way/848318100",
        "amenity": "community_centre",
        "building": "yes",
        "source": "www.geoportal.gov.pl",
        "@geometry": "center"
      },
      "geometry": {
        "type": "Point",
        "coordinates": [
          19.5652648,
          51.2835417
        ]
      },
      "id": "way/848318100"
    },
    {
      "type": "Feature",
      "properties": {
        "@id": "way/848449809",
        "name": "Gminny Ośrodek Kultury i Sportu im. Jana Justyny w Moszczenicy",
        "building": "yes",
        "amenity": "community_centre",
        "@geometry": "center"
      },
      "geometry": {
        "type": "Point",
        "coordinates": [
          19.7035479,
          51.5027924
        ]
      },
      "id": "way/848449809"
    },
    {
      "type": "Feature",
      "properties": {
        "@id": "way/849350093",
        "amenity": "community_centre",
        "building": "yes",
        "@geometry": "center"
      },
      "geometry": {
        "type": "Point",
        "coordinates": [
          17.9899179,
          54.7737217
        ]
      },
      "id": "way/849350093"
    },
    {
      "type": "Feature",
      "properties": {
        "@id": "way/849462473",
        "amenity": "community_centre",
        "email": "dk.borki@op.pl",
        "name": "Dom Kultury Borki",
        "phone": "48 331 24 46",
        "website": "http://dkborki-radom.naszdomkultury.pl/",
        "@geometry": "center"
      },
      "geometry": {
        "type": "Point",
        "coordinates": [
          21.123628,
          51.3862499
        ]
      },
      "id": "way/849462473"
    },
    {
      "type": "Feature",
      "properties": {
        "@id": "way/850947597",
        "amenity": "community_centre",
        "building:part": "yes",
        "name": "Świetlica Wiejska w Dąbrowie Wielkiej",
        "@geometry": "center"
      },
      "geometry": {
        "type": "Point",
        "coordinates": [
          22.4071023,
          52.846019
        ]
      },
      "id": "way/850947597"
    },
    {
      "type": "Feature",
      "properties": {
        "@id": "way/851742896",
        "amenity": "community_centre",
        "building": "yes",
        "@geometry": "center"
      },
      "geometry": {
        "type": "Point",
        "coordinates": [
          19.0313072,
          52.2926547
        ]
      },
      "id": "way/851742896"
    },
    {
      "type": "Feature",
      "properties": {
        "@id": "way/852017521",
        "addr:city:simc": "0286692",
        "addr:housenumber": "74",
        "addr:place": "Bierzwienna Długa",
        "amenity": "community_centre",
        "building": "yes",
        "ref:addr": "0469328e-e8a5-42dd-8ce7-dea55b0193a1",
        "source:addr": "klodawakolska.e-mapa.net",
        "@geometry": "center"
      },
      "geometry": {
        "type": "Point",
        "coordinates": [
          18.8510219,
          52.2860003
        ]
      },
      "id": "way/852017521"
    },
    {
      "type": "Feature",
      "properties": {
        "@id": "way/852733961",
        "amenity": "community_centre",
        "building:part": "yes",
        "name": "Gminny Ośrodek Kultury w Szepietowie",
        "@geometry": "center"
      },
      "geometry": {
        "type": "Point",
        "coordinates": [
          22.5489258,
          52.8688889
        ]
      },
      "id": "way/852733961"
    },
    {
      "type": "Feature",
      "properties": {
        "@id": "way/853609371",
        "amenity": "community_centre",
        "historic": "yes",
        "name": "Pałac w Miechowicach",
        "website": "https://www.facebook.com/palacwmiechowicach",
        "@geometry": "center"
      },
      "geometry": {
        "type": "Point",
        "coordinates": [
          18.853393,
          50.3582079
        ]
      },
      "id": "way/853609371"
    },
    {
      "type": "Feature",
      "properties": {
        "@id": "way/856088132",
        "operator": "Gmina Chojnów",
        "name": "Świetlica Wiejska",
        "building": "public",
        "addr:place": "Konradówka",
        "addr:postcode": "59-225",
        "amenity": "community_centre",
        "@geometry": "center"
      },
      "geometry": {
        "type": "Point",
        "coordinates": [
          15.9131949,
          51.2612005
        ]
      },
      "id": "way/856088132"
    },
    {
      "type": "Feature",
      "properties": {
        "@id": "way/856408512",
        "amenity": "community_centre",
        "building:part": "yes",
        "name": "Wiejska świetlica",
        "@geometry": "center"
      },
      "geometry": {
        "type": "Point",
        "coordinates": [
          22.7013479,
          52.9126963
        ]
      },
      "id": "way/856408512"
    },
    {
      "type": "Feature",
      "properties": {
        "@id": "way/856820191",
        "amenity": "community_centre",
        "building:part": "yes",
        "name": "Świetlica wiejska w Dmochach Wochach",
        "@geometry": "center"
      },
      "geometry": {
        "type": "Point",
        "coordinates": [
          22.2692401,
          52.8272317
        ]
      },
      "id": "way/856820191"
    },
    {
      "type": "Feature",
      "properties": {
        "@id": "way/857072247",
        "amenity": "community_centre",
        "building": "yes",
        "@geometry": "center"
      },
      "geometry": {
        "type": "Point",
        "coordinates": [
          18.8824857,
          52.2279051
        ]
      },
      "id": "way/857072247"
    },
    {
      "type": "Feature",
      "properties": {
        "@id": "way/860025627",
        "source:addr": "gugik.gov.pl",
        "name": "Świetlica Wiejska Rożno-Parcele",
        "addr:city": "Rożno-Parcele",
        "addr:city:simc": "0857545",
        "addr:housenumber": "49",
        "addr:postcode": "87-700",
        "addr:street": "Konwaliowa",
        "amenity": "community_centre",
        "building": "public",
        "@geometry": "center"
      },
      "geometry": {
        "type": "Point",
        "coordinates": [
          18.6680576,
          52.8786397
        ]
      },
      "id": "way/860025627"
    },
    {
      "type": "Feature",
      "properties": {
        "@id": "way/860790765",
        "name": "Świetlica \"Łąki\"",
        "building": "yes",
        "addr:city": "Grodzisk Mazowiecki",
        "addr:housenumber": "4",
        "addr:postcode": "05-825",
        "addr:street": "Juliusza Ordona",
        "amenity": "community_centre",
        "@geometry": "center"
      },
      "geometry": {
        "type": "Point",
        "coordinates": [
          20.6129229,
          52.1188528
        ]
      },
      "id": "way/860790765"
    },
    {
      "type": "Feature",
      "properties": {
        "@id": "way/863740849",
        "website": "http://www.naszdomgebice.pl/",
        "amenity": "community_centre",
        "building": "yes",
        "email": "naszdom.zpo@gmail.com",
        "name": "Zespół Placówek Oświatowych \"Nasz Dom\"",
        "phone": "+48 67 2550452",
        "source": "www.geoportal.gov.pl",
        "@geometry": "center"
      },
      "geometry": {
        "type": "Point",
        "coordinates": [
          16.6961927,
          52.9078608
        ]
      },
      "id": "way/863740849"
    },
    {
      "type": "Feature",
      "properties": {
        "@id": "way/863740958",
        "amenity": "community_centre",
        "building": "yes",
        "name": "Sala Wiejska",
        "source": "www.geoportal.gov.pl",
        "@geometry": "center"
      },
      "geometry": {
        "type": "Point",
        "coordinates": [
          16.6913281,
          52.903337
        ]
      },
      "id": "way/863740958"
    },
    {
      "type": "Feature",
      "properties": {
        "@id": "way/865900855",
        "amenity": "community_centre",
        "building": "yes",
        "name": "Świetlica wiejska w Mroczkach",
        "source": "www.geoportal.gov.pl",
        "@geometry": "center"
      },
      "geometry": {
        "type": "Point",
        "coordinates": [
          22.245888,
          52.0316705
        ]
      },
      "id": "way/865900855"
    },
    {
      "type": "Feature",
      "properties": {
        "@id": "way/865901123",
        "amenity": "community_centre",
        "building": "yes",
        "name": "Świetlica wiejska w Tworkach",
        "@geometry": "center"
      },
      "geometry": {
        "type": "Point",
        "coordinates": [
          22.2902705,
          52.0449906
        ]
      },
      "id": "way/865901123"
    },
    {
      "type": "Feature",
      "properties": {
        "@id": "way/865926799",
        "addr:housenumber": "61",
        "addr:place": "Czuchleby",
        "addr:postcode": "08-200",
        "amenity": "community_centre",
        "building": "yes",
        "name": "Świetlica wiejska i Koło Gospodyń Wiejskich w Czuchlebach",
        "source": "www.geoportal.gov.pl",
        "website": "https://www.facebook.com/KGW-w-Czuchlebach-216113988938950/",
        "@geometry": "center"
      },
      "geometry": {
        "type": "Point",
        "coordinates": [
          22.8047423,
          52.2350133
        ]
      },
      "id": "way/865926799"
    },
    {
      "type": "Feature",
      "properties": {
        "@id": "way/865942274",
        "addr:city": "Rakowiec",
        "addr:city:simc": "0686776",
        "addr:housenumber": "1",
        "addr:postcode": "08-110",
        "addr:street": "Klonowa",
        "addr:street:sym_ul": "08574",
        "amenity": "community_centre",
        "building": "yes",
        "name": "Świetlica Wiejska Rakowiec",
        "phone": "+48 500 074 132",
        "source": "www.geoportal.gov.pl",
        "source:addr": "siedlce.e-mapa.net",
        "@geometry": "center"
      },
      "geometry": {
        "type": "Point",
        "coordinates": [
          22.2342688,
          52.1309139
        ]
      },
      "id": "way/865942274"
    },
    {
      "type": "Feature",
      "properties": {
        "@id": "way/865987187",
        "addr:city": "Kębłowice",
        "addr:housenumber": "6",
        "addr:postcode": "55-080",
        "addr:street": "Radarowa",
        "amenity": "community_centre",
        "building": "yes",
        "building:levels": "1",
        "description": "świetlica wiejska",
        "source": "www.geoportal.gov.pl",
        "@geometry": "center"
      },
      "geometry": {
        "type": "Point",
        "coordinates": [
          16.8519526,
          51.0905052
        ]
      },
      "id": "way/865987187"
    },
    {
      "type": "Feature",
      "properties": {
        "@id": "way/870020176",
        "amenity": "community_centre",
        "building": "yes",
        "@geometry": "center"
      },
      "geometry": {
        "type": "Point",
        "coordinates": [
          17.8707424,
          52.5163876
        ]
      },
      "id": "way/870020176"
    },
    {
      "type": "Feature",
      "properties": {
        "@id": "way/871600594",
        "amenity": "community_centre",
        "building": "yes",
        "@geometry": "center"
      },
      "geometry": {
        "type": "Point",
        "coordinates": [
          17.8479501,
          52.4276268
        ]
      },
      "id": "way/871600594"
    },
    {
      "type": "Feature",
      "properties": {
        "@id": "way/872308455",
        "addr:housenumber": "13",
        "addr:place": "Marunowo",
        "addr:postcode": "64-705",
        "amenity": "community_centre",
        "building": "yes",
        "name": "Sala Wiejska",
        "source:addr": "czarnkow.e-mapa.net",
        "@geometry": "center"
      },
      "geometry": {
        "type": "Point",
        "coordinates": [
          16.728187,
          52.9523515
        ]
      },
      "id": "way/872308455"
    },
    {
      "type": "Feature",
      "properties": {
        "@id": "way/878356054",
        "addr:housenumber": "84",
        "addr:place": "Bobrowe",
        "addr:postcode": "22-315",
        "amenity": "community_centre",
        "building": "yes",
        "name": "Świetlica wiejska w Bobrowem",
        "@geometry": "center"
      },
      "geometry": {
        "type": "Point",
        "coordinates": [
          22.9948867,
          50.9810882
        ]
      },
      "id": "way/878356054"
    },
    {
      "type": "Feature",
      "properties": {
        "@id": "way/879280076",
        "amenity": "community_centre",
        "building": "yes",
        "source": "www.geoportal.gov.pl",
        "@geometry": "center"
      },
      "geometry": {
        "type": "Point",
        "coordinates": [
          19.064707,
          53.616186
        ]
      },
      "id": "way/879280076"
    },
    {
      "type": "Feature",
      "properties": {
        "@id": "way/879917394",
        "addr:city:simc": "0586810",
        "addr:housenumber": "28",
        "addr:place": "Garby",
        "addr:postcode": "62-023",
        "amenity": "community_centre",
        "building": "yes",
        "name": "Świetlica Wiejska",
        "source": "www.geoportal.gov.pl",
        "source:addr": "krzykosy.punktyadresowe.pl",
        "@geometry": "center"
      },
      "geometry": {
        "type": "Point",
        "coordinates": [
          17.2920823,
          52.1563907
        ]
      },
      "id": "way/879917394"
    },
    {
      "type": "Feature",
      "properties": {
        "@id": "way/881561330",
        "amenity": "community_centre",
        "building": "yes",
        "@geometry": "center"
      },
      "geometry": {
        "type": "Point",
        "coordinates": [
          17.5768736,
          52.4297038
        ]
      },
      "id": "way/881561330"
    },
    {
      "type": "Feature",
      "properties": {
        "@id": "way/883434767",
        "amenity": "community_centre",
        "building": "yes",
        "name": "Dom Ludowy w Woli Cieklińskiej",
        "@geometry": "center"
      },
      "geometry": {
        "type": "Point",
        "coordinates": [
          21.3809561,
          49.6341058
        ]
      },
      "id": "way/883434767"
    },
    {
      "type": "Feature",
      "properties": {
        "@id": "way/883739704",
        "addr:city": "Mała Wieś",
        "addr:city:simc": "0570750",
        "addr:housenumber": "31",
        "addr:postcode": "09-460",
        "addr:street": "Warszawska",
        "addr:street:sym_ul": "23682",
        "amenity": "community_centre",
        "building": "yes",
        "name": "Gminne Centrum Kultury MultiOsada",
        "opening_hours": "Mo-Fr 08:00-16:00",
        "source": "www.geoportal.gov.pl",
        "website": "https://multiosada.pl/",
        "@geometry": "center"
      },
      "geometry": {
        "type": "Point",
        "coordinates": [
          20.0991092,
          52.4546216
        ]
      },
      "id": "way/883739704"
    },
    {
      "type": "Feature",
      "properties": {
        "@id": "way/884176759",
        "name": "Świetlica wiejska",
        "building": "yes",
        "amenity": "community_centre",
        "addr:street": "Sportowa",
        "addr:city": "Lubiszewo Tczewskie",
        "addr:housenumber": "10",
        "@geometry": "center"
      },
      "geometry": {
        "type": "Point",
        "coordinates": [
          18.7039289,
          54.0892451
        ]
      },
      "id": "way/884176759"
    },
    {
      "type": "Feature",
      "properties": {
        "@id": "way/887354591",
        "source": "Uchwała nr 942/XXX/2021 Rady Miasta Lublin z dnia 25 czerwca 2021 r.",
        "name": "Muszla Koncertowa im. Romualda Lipki",
        "building": "yes",
        "amenity": "community_centre",
        "@geometry": "center"
      },
      "geometry": {
        "type": "Point",
        "coordinates": [
          22.5460746,
          51.250005
        ]
      },
      "id": "way/887354591"
    },
    {
      "type": "Feature",
      "properties": {
        "@id": "way/887932288",
        "amenity": "community_centre",
        "building": "yes",
        "name": "Dawna Synagoga",
        "source": "www.geoportal.gov.pl",
        "@geometry": "center"
      },
      "geometry": {
        "type": "Point",
        "coordinates": [
          17.9371543,
          53.3132107
        ]
      },
      "id": "way/887932288"
    },
    {
      "type": "Feature",
      "properties": {
        "@id": "way/888366890",
        "source": "www.geoportal.gov.pl",
        "building": "yes",
        "amenity": "community_centre",
        "@geometry": "center"
      },
      "geometry": {
        "type": "Point",
        "coordinates": [
          21.7554872,
          51.7068175
        ]
      },
      "id": "way/888366890"
    },
    {
      "type": "Feature",
      "properties": {
        "@id": "way/888367366",
        "source": "www.geoportal.gov.pl",
        "name": "Dom Ludowy w Korytnicy",
        "building": "yes",
        "amenity": "community_centre",
        "@geometry": "center"
      },
      "geometry": {
        "type": "Point",
        "coordinates": [
          21.7762512,
          51.7201517
        ]
      },
      "id": "way/888367366"
    },
    {
      "type": "Feature",
      "properties": {
        "@id": "way/888742488",
        "amenity": "community_centre",
        "building": "yes",
        "name": "Świetlica Gminna",
        "source": "www.geoportal.gov.pl",
        "@geometry": "center"
      },
      "geometry": {
        "type": "Point",
        "coordinates": [
          17.8635325,
          53.1272024
        ]
      },
      "id": "way/888742488"
    },
    {
      "type": "Feature",
      "properties": {
        "@id": "way/889067400",
        "addr:city:simc": "0092657",
        "addr:housenumber": "11",
        "addr:place": "Chmielniki",
        "addr:postcode": "86-060",
        "amenity": "community_centre",
        "barrier": "fence",
        "community_centre": "events_venue",
        "contact:website": "https://www.facebook.com/PlazaChmielniki",
        "name": "Plaża Chmielniki",
        "@geometry": "center"
      },
      "geometry": {
        "type": "Point",
        "coordinates": [
          18.0510473,
          53.0064679
        ]
      },
      "id": "way/889067400"
    },
    {
      "type": "Feature",
      "properties": {
        "@id": "way/890537877",
        "addr:housenumber": "11a",
        "addr:place": "Kucieje",
        "addr:postcode": "06-320",
        "amenity": "community_centre",
        "building": "public",
        "community_centre": "village_hall",
        "name": "Świetlica Wiejska",
        "@geometry": "center"
      },
      "geometry": {
        "type": "Point",
        "coordinates": [
          21.2467738,
          53.2267758
        ]
      },
      "id": "way/890537877"
    },
    {
      "type": "Feature",
      "properties": {
        "@id": "way/891041590",
        "operator": "Urząd Gminy Gniewino",
        "name": "Świetlica Wiejska w Mierzynie",
        "building": "yes",
        "amenity": "community_centre",
        "addr:housenumber": "4b",
        "addr:place": "Mierzyno",
        "addr:postcode": "84-250",
        "@geometry": "center"
      },
      "geometry": {
        "type": "Point",
        "coordinates": [
          17.9775191,
          54.6974295
        ]
      },
      "id": "way/891041590"
    },
    {
      "type": "Feature",
      "properties": {
        "@id": "way/891061265",
        "amenity": "community_centre",
        "community_centre": "cultural_centre",
        "name": "Scena Kulturalna",
        "@geometry": "center"
      },
      "geometry": {
        "type": "Point",
        "coordinates": [
          18.2996864,
          54.8336682
        ]
      },
      "id": "way/891061265"
    },
    {
      "type": "Feature",
      "properties": {
        "@id": "way/896106886",
        "amenity": "community_centre",
        "@geometry": "center"
      },
      "geometry": {
        "type": "Point",
        "coordinates": [
          17.2153993,
          53.6585526
        ]
      },
      "id": "way/896106886"
    },
    {
      "type": "Feature",
      "properties": {
        "@id": "way/896942464",
        "amenity": "community_centre",
        "name": "Świetlica wiejska",
        "official_name": "Świetlica wiejska w Woli Radzięckiej",
        "addr:city:simc": "0887606",
        "addr:housenumber": "69",
        "addr:place": "Wola Radzięcka",
        "addr:postcode": "23-440",
        "building": "civic",
        "building:levels": "1",
        "source": "www.geoportal.gov.pl",
        "source:addr": "frampol.e-mapa.net",
        "@geometry": "center"
      },
      "geometry": {
        "type": "Point",
        "coordinates": [
          22.7345134,
          50.6650398
        ]
      },
      "id": "way/896942464"
    },
    {
      "type": "Feature",
      "properties": {
        "@id": "way/897000878",
        "amenity": "community_centre",
        "building": "public",
        "building:levels": "2",
        "name": "Gminny Ośrodek Pomocy Społecznej",
        "source": "www.geoportal.gov.pl",
        "survey:date": "2022-02-06",
        "@geometry": "center"
      },
      "geometry": {
        "type": "Point",
        "coordinates": [
          20.2213938,
          51.5259321
        ]
      },
      "id": "way/897000878"
    },
    {
      "type": "Feature",
      "properties": {
        "@id": "way/899283304",
        "amenity": "community_centre",
        "building": "yes",
        "name": "Dom Kultury",
        "@geometry": "center"
      },
      "geometry": {
        "type": "Point",
        "coordinates": [
          21.4708464,
          50.1947428
        ]
      },
      "id": "way/899283304"
    },
    {
      "type": "Feature",
      "properties": {
        "@id": "way/900940589",
        "source": "www.geoportal.gov.pl",
        "operator": "Wolsztyński Dom Kultury",
        "name": "Wolsztyński Dom Kultury filia w Kębłowie",
        "building:levels": "2",
        "building": "yes",
        "amenity": "community_centre",
        "@geometry": "center"
      },
      "geometry": {
        "type": "Point",
        "coordinates": [
          16.1073412,
          52.0484728
        ]
      },
      "id": "way/900940589"
    },
    {
      "type": "Feature",
      "properties": {
        "@id": "way/901167387",
        "name": "Młodzieżowy Dom Kultury im. K.I. Gałczyńskiego",
        "amenity": "community_centre",
        "barrier": "fence",
        "@geometry": "center"
      },
      "geometry": {
        "type": "Point",
        "coordinates": [
          19.996379,
          50.0209218
        ]
      },
      "id": "way/901167387"
    },
    {
      "type": "Feature",
      "properties": {
        "@id": "way/901667024",
        "addr:city": "Sypniewo",
        "addr:housenumber": "47a",
        "addr:postcode": "06-216",
        "addr:street": "Ostrołęcka",
        "addr:street:sym_ul": "15382",
        "alt_name": "Capitol Club",
        "amenity": "nightclub",
        "building": "yes",
        "building:levels": "1",
        "email": "info@capitolsypniewo.pl",
        "min_age": "16",
        "name": "Club Capitol",
        "opening_hours:covid19": "closed",
        "phone": "+48 666 508 468",
        "source": "www.geoportal.gov.pl",
        "source:addr": "sypniewo.e-mapa.net",
        "@geometry": "center"
      },
      "geometry": {
        "type": "Point",
        "coordinates": [
          21.2967721,
          52.9967346
        ]
      },
      "id": "way/901667024"
    },
    {
      "type": "Feature",
      "properties": {
        "@id": "way/902273873",
        "amenity": "community_centre",
        "building": "yes",
        "name": "Świetlica Środowiskowa w Stróży",
        "@geometry": "center"
      },
      "geometry": {
        "type": "Point",
        "coordinates": [
          19.6197228,
          51.7020014
        ]
      },
      "id": "way/902273873"
    },
    {
      "type": "Feature",
      "properties": {
        "@id": "way/906688604",
        "addr:street": "Ciepielów",
        "amenity": "social_centre",
        "building": "yes",
        "name": "Sala Wiejska",
        "@geometry": "center"
      },
      "geometry": {
        "type": "Point",
        "coordinates": [
          15.6797299,
          51.7604175
        ]
      },
      "id": "way/906688604"
    },
    {
      "type": "Feature",
      "properties": {
        "@id": "way/906831610",
        "amenity": "community_centre",
        "name": "Centrum Kultury i Turystyki w Iłży",
        "@geometry": "center"
      },
      "geometry": {
        "type": "Point",
        "coordinates": [
          21.234378,
          51.15736
        ]
      },
      "id": "way/906831610"
    },
    {
      "type": "Feature",
      "properties": {
        "@id": "way/906834941",
        "amenity": "community_centre",
        "barrier": "fence",
        "name": "Powiatowy Instytut Kultury",
        "operator": "Starosta Radomski",
        "operator:type": "government",
        "website": "https://www.pik.radom.pl/",
        "@geometry": "center"
      },
      "geometry": {
        "type": "Point",
        "coordinates": [
          21.2341675,
          51.1598542
        ]
      },
      "id": "way/906834941"
    },
    {
      "type": "Feature",
      "properties": {
        "@id": "way/908665605",
        "building": "yes",
        "name": "\"Dziupla\"",
        "amenity": "social_centre",
        "@geometry": "center"
      },
      "geometry": {
        "type": "Point",
        "coordinates": [
          16.2981021,
          52.3086169
        ]
      },
      "id": "way/908665605"
    },
    {
      "type": "Feature",
      "properties": {
        "@id": "way/910482698",
        "amenity": "nightclub",
        "building": "yes",
        "name": "RESET",
        "@geometry": "center"
      },
      "geometry": {
        "type": "Point",
        "coordinates": [
          15.5239382,
          52.2607606
        ]
      },
      "id": "way/910482698"
    },
    {
      "type": "Feature",
      "properties": {
        "@id": "way/911726441",
        "amenity": "community_centre",
        "@geometry": "center"
      },
      "geometry": {
        "type": "Point",
        "coordinates": [
          17.6357936,
          53.7460431
        ]
      },
      "id": "way/911726441"
    },
    {
      "type": "Feature",
      "properties": {
        "@id": "way/913789993",
        "source": "www.geoportal.gov.pl",
        "name": "Świetlica Wiejska",
        "amenity": "community_centre",
        "building": "yes",
        "building:levels": "1",
        "@geometry": "center"
      },
      "geometry": {
        "type": "Point",
        "coordinates": [
          18.6745171,
          53.4970121
        ]
      },
      "id": "way/913789993"
    },
    {
      "type": "Feature",
      "properties": {
        "@id": "way/914073388",
        "addr:housenumber": "8",
        "addr:street": "Główna",
        "amenity": "community_centre",
        "building": "yes",
        "building:use": "cultural",
        "description": "Dom Kultury w Łapach: koncerty, festyny, pokazy filmowe, pokazy multimedialne, wydawnictwa, przeglądy filmowe, konkursy plastyczne, plenery fotograficzne, plenery plastyczne",
        "email": "kultura@dklapy.pl",
        "name": "Dom Kultury w Łapach",
        "opening_hours": "Mo-Fr 08:00-21:00",
        "phone": "85 715 23 00",
        "website": "https://dklapy.pl/",
        "@geometry": "center"
      },
      "geometry": {
        "type": "Point",
        "coordinates": [
          22.8826451,
          52.9915807
        ]
      },
      "id": "way/914073388"
    },
    {
      "type": "Feature",
      "properties": {
        "@id": "way/915135734",
        "amenity": "community_centre",
        "landuse": "residential",
        "@geometry": "center"
      },
      "geometry": {
        "type": "Point",
        "coordinates": [
          19.9668727,
          51.8561911
        ]
      },
      "id": "way/915135734"
    },
    {
      "type": "Feature",
      "properties": {
        "@id": "way/915619815",
        "amenity": "community_centre",
        "building": "yes",
        "government": "register_office",
        "name": "Wozownia",
        "office": "government",
        "@geometry": "center"
      },
      "geometry": {
        "type": "Point",
        "coordinates": [
          17.9212758,
          52.952191
        ]
      },
      "id": "way/915619815"
    },
    {
      "type": "Feature",
      "properties": {
        "@id": "way/917428234",
        "amenity": "community_centre",
        "building": "yes",
        "building:levels": "1",
        "community_centre": "cultural_centre",
        "name": "Sala wielofunkcyjna",
        "@geometry": "center"
      },
      "geometry": {
        "type": "Point",
        "coordinates": [
          22.3456507,
          53.8207416
        ]
      },
      "id": "way/917428234"
    },
    {
      "type": "Feature",
      "properties": {
        "@id": "way/920093639",
        "name": "Pawilon Kultury",
        "building": "yes",
        "amenity": "community_centre",
        "@geometry": "center"
      },
      "geometry": {
        "type": "Point",
        "coordinates": [
          20.6405683,
          52.1119639
        ]
      },
      "id": "way/920093639"
    },
    {
      "type": "Feature",
      "properties": {
        "@id": "way/921271721",
        "website": "http://trzebinia.zhp.pl/",
        "amenity": "community_centre",
        "barrier": "fence",
        "community_centre:for": "youth",
        "operator": "ZHP Trzebinia",
        "tourism": "camp_site",
        "@geometry": "center"
      },
      "geometry": {
        "type": "Point",
        "coordinates": [
          16.4656836,
          54.5050923
        ]
      },
      "id": "way/921271721"
    },
    {
      "type": "Feature",
      "properties": {
        "@id": "way/926417975",
        "amenity": "community_centre",
        "@geometry": "center"
      },
      "geometry": {
        "type": "Point",
        "coordinates": [
          21.8788019,
          53.2283236
        ]
      },
      "id": "way/926417975"
    },
    {
      "type": "Feature",
      "properties": {
        "@id": "way/927742745",
        "addr:city": "Bełchatów",
        "addr:housenumber": "18",
        "addr:postcode": "97-400",
        "addr:street": "Rynek Grocholski",
        "amenity": "community_centre",
        "building": "yes",
        "name": "Miejskie Centrum Kultury - filia w Grocholicach",
        "@geometry": "center"
      },
      "geometry": {
        "type": "Point",
        "coordinates": [
          19.376385,
          51.3358748
        ]
      },
      "id": "way/927742745"
    },
    {
      "type": "Feature",
      "properties": {
        "@id": "way/939349202",
        "addr:housenumber": "29G",
        "addr:place": "Oleśniczka",
        "addr:postcode": "55-093",
        "amenity": "community_centre",
        "building": "public",
        "name": "Świetlica wiejska",
        "@geometry": "center"
      },
      "geometry": {
        "type": "Point",
        "coordinates": [
          17.284086,
          51.1511999
        ]
      },
      "id": "way/939349202"
    },
    {
      "type": "Feature",
      "properties": {
        "@id": "way/940711167",
        "addr:city:simc": "0002306",
        "addr:housenumber": "27A",
        "addr:place": "Kraśnicza Wola",
        "addr:postcode": "05-825",
        "amenity": "community_centre",
        "building": "yes",
        "source:addr": "gugik.gov.pl",
        "@geometry": "center"
      },
      "geometry": {
        "type": "Point",
        "coordinates": [
          20.5754454,
          52.1189155
        ]
      },
      "id": "way/940711167"
    },
    {
      "type": "Feature",
      "properties": {
        "@id": "way/942995272",
        "addr:housenumber": "97",
        "addr:place": "Wolica",
        "addr:postcode": "38-200",
        "amenity": "community_centre",
        "building": "yes",
        "name": "Dom Ludowy Wolica",
        "@geometry": "center"
      },
      "geometry": {
        "type": "Point",
        "coordinates": [
          21.5102963,
          49.7290484
        ]
      },
      "id": "way/942995272"
    },
    {
      "type": "Feature",
      "properties": {
        "@id": "way/947419313",
        "website": "https://www.centrumkultury.eu/mediateka/",
        "source:addr": "gugik.gov.pl",
        "source": "www.geoportal.gov.pl",
        "phone": "(22) 120-29-01",
        "addr:city": "Grodzisk Mazowiecki",
        "addr:city:simc": "0920380",
        "addr:housenumber": "57",
        "addr:postcode": "05-825",
        "addr:street": "3 Maja",
        "amenity": "community_centre",
        "building": "yes",
        "building:levels": "3",
        "email": "mediateka@centrumkultury.eu",
        "name": "Mediateka",
        "@geometry": "center"
      },
      "geometry": {
        "type": "Point",
        "coordinates": [
          20.628228,
          52.1087195
        ]
      },
      "id": "way/947419313"
    },
    {
      "type": "Feature",
      "properties": {
        "@id": "way/951631141",
        "addr:housenumber": "26",
        "addr:place": "Zalesie",
        "amenity": "community_centre",
        "building": "yes",
        "building:levels": "1",
        "name": "Świetlica Zalesie",
        "source": "www.geoportal.gov.pl",
        "@geometry": "center"
      },
      "geometry": {
        "type": "Point",
        "coordinates": [
          18.0881122,
          53.2767559
        ]
      },
      "id": "way/951631141"
    },
    {
      "type": "Feature",
      "properties": {
        "@id": "way/952119693",
        "amenity": "community_centre",
        "building": "yes",
        "name": "Świetlica wiejska",
        "@geometry": "center"
      },
      "geometry": {
        "type": "Point",
        "coordinates": [
          22.1234724,
          51.8048077
        ]
      },
      "id": "way/952119693"
    },
    {
      "type": "Feature",
      "properties": {
        "@id": "way/954028334",
        "amenity": "community_centre",
        "name": "Plener 33",
        "@geometry": "center"
      },
      "geometry": {
        "type": "Point",
        "coordinates": [
          18.6492603,
          54.3642031
        ]
      },
      "id": "way/954028334"
    },
    {
      "type": "Feature",
      "properties": {
        "@id": "way/955765132",
        "source:addr": "gugik.gov.pl",
        "source": "www.geoportal.gov.pl",
        "addr:city": "Warszawa",
        "addr:city:simc": "0918123",
        "addr:housenumber": "212",
        "addr:postcode": "02-219",
        "addr:street": "Aleja Krakowska",
        "amenity": "nightclub",
        "building": "detached",
        "building:levels": "3",
        "name": "Oaza",
        "@geometry": "center"
      },
      "geometry": {
        "type": "Point",
        "coordinates": [
          20.9550453,
          52.1860763
        ]
      },
      "id": "way/955765132"
    },
    {
      "type": "Feature",
      "properties": {
        "@id": "way/955792896",
        "addr:city": "Jamielnik",
        "addr:housenumber": "1",
        "addr:postcode": "13-332",
        "addr:street": "Jana Pawła II",
        "amenity": "community_centre",
        "building": "yes",
        "building:levels": "1",
        "name": "Świetlica wiejska w Jamielniku",
        "phone": "+48 661 169 006",
        "source": "www.geoportal.gov.pl",
        "website": "https://gminanml.pl/PL/3244/553/Swietlica_wiejska_w_Jamielniku/k/",
        "@geometry": "center"
      },
      "geometry": {
        "type": "Point",
        "coordinates": [
          19.5067603,
          53.5252608
        ]
      },
      "id": "way/955792896"
    },
    {
      "type": "Feature",
      "properties": {
        "@id": "way/957520414",
        "source": "www.geoportal.gov.pl",
        "name": "Świetlica wiejska w Ustarbowie",
        "building:levels": "1",
        "building": "yes",
        "amenity": "community_centre",
        "@geometry": "center"
      },
      "geometry": {
        "type": "Point",
        "coordinates": [
          18.2042813,
          54.5506439
        ]
      },
      "id": "way/957520414"
    },
    {
      "type": "Feature",
      "properties": {
        "@id": "way/959654080",
        "amenity": "community_centre",
        "building": "yes",
        "@geometry": "center"
      },
      "geometry": {
        "type": "Point",
        "coordinates": [
          21.4217834,
          49.4531515
        ]
      },
      "id": "way/959654080"
    },
    {
      "type": "Feature",
      "properties": {
        "@id": "way/959747022",
        "name": "Świetlica wiejska \"Leśny zakątek\"",
        "building": "yes",
        "amenity": "community_centre",
        "addr:city": "Biały Bór",
        "@geometry": "center"
      },
      "geometry": {
        "type": "Point",
        "coordinates": [
          18.7327848,
          53.4152742
        ]
      },
      "id": "way/959747022"
    },
    {
      "type": "Feature",
      "properties": {
        "@id": "way/960180588",
        "amenity": "community_centre",
        "building": "yes",
        "building:levels": "1",
        "name": "Świetlica wiejska",
        "source": "www.geoportal.gov.pl",
        "@geometry": "center"
      },
      "geometry": {
        "type": "Point",
        "coordinates": [
          17.9715306,
          53.4920707
        ]
      },
      "id": "way/960180588"
    },
    {
      "type": "Feature",
      "properties": {
        "@id": "way/961383391",
        "addr:city:simc": "0840852",
        "addr:housenumber": "54",
        "addr:place": "Wądzyn",
        "addr:postcode": "87-327",
        "amenity": "community_centre",
        "building": "yes",
        "building:levels": "1",
        "name": "Świetlica wiejska Bobrowo",
        "source": "www.geoportal.gov.pl",
        "source:addr": "emuia.gugik.gov.pl",
        "start_date": "2012-01-19",
        "@geometry": "center"
      },
      "geometry": {
        "type": "Point",
        "coordinates": [
          19.247251,
          53.310724
        ]
      },
      "id": "way/961383391"
    },
    {
      "type": "Feature",
      "properties": {
        "@id": "way/962639301",
        "amenity": "community_centre",
        "building": "yes",
        "name": "świetlica wiejska Pierzchnianka",
        "@geometry": "center"
      },
      "geometry": {
        "type": "Point",
        "coordinates": [
          20.7675631,
          50.704925
        ]
      },
      "id": "way/962639301"
    },
    {
      "type": "Feature",
      "properties": {
        "@id": "way/962642343",
        "amenity": "community_centre",
        "building": "yes",
        "name": "Świetlica wiejska Brody",
        "@geometry": "center"
      },
      "geometry": {
        "type": "Point",
        "coordinates": [
          20.6915816,
          50.6855297
        ]
      },
      "id": "way/962642343"
    },
    {
      "type": "Feature",
      "properties": {
        "@id": "way/962895373",
        "amenity": "community_centre",
        "building": "yes",
        "name": "Świetlica wiejska Bieleckie Młyny",
        "@geometry": "center"
      },
      "geometry": {
        "type": "Point",
        "coordinates": [
          20.626507,
          50.7622506
        ]
      },
      "id": "way/962895373"
    },
    {
      "type": "Feature",
      "properties": {
        "@id": "way/964347048",
        "addr:city": "Warszawa",
        "addr:city:simc": "0918123",
        "addr:housenumber": "23",
        "addr:postcode": "03-973",
        "addr:street": "Brukselska",
        "amenity": "community_centre",
        "building": "public",
        "building:levels": "2",
        "name": "Prom Kultury",
        "source": "www.geoportal.gov.pl",
        "source:addr": "gugik.gov.pl",
        "@geometry": "center"
      },
      "geometry": {
        "type": "Point",
        "coordinates": [
          21.0600888,
          52.2256698
        ]
      },
      "id": "way/964347048"
    },
    {
      "type": "Feature",
      "properties": {
        "@id": "way/966416805",
        "amenity": "community_centre",
        "@geometry": "center"
      },
      "geometry": {
        "type": "Point",
        "coordinates": [
          15.2635236,
          54.0916992
        ]
      },
      "id": "way/966416805"
    },
    {
      "type": "Feature",
      "properties": {
        "@id": "way/966814866",
        "name": "Świetlica wiejska w Łazieńcu",
        "amenity": "community_centre",
        "building": "yes",
        "@geometry": "center"
      },
      "geometry": {
        "type": "Point",
        "coordinates": [
          18.716505,
          52.8723245
        ]
      },
      "id": "way/966814866"
    },
    {
      "type": "Feature",
      "properties": {
        "@id": "way/969883211",
        "amenity": "nightclub",
        "addr:street": "Fryderyka Szopena",
        "addr:housenumber": "35a",
        "addr:city": "Rzeszów",
        "website": "http://przystannalato.pl",
        "name": "Przystań na Lato",
        "seasonal": "summer",
        "@geometry": "center"
      },
      "geometry": {
        "type": "Point",
        "coordinates": [
          22.0059495,
          50.0316475
        ]
      },
      "id": "way/969883211"
    },
    {
      "type": "Feature",
      "properties": {
        "@id": "way/970616964",
        "amenity": "community_centre",
        "name": "scrapYard",
        "@geometry": "center"
      },
      "geometry": {
        "type": "Point",
        "coordinates": [
          18.6461692,
          54.3645019
        ]
      },
      "id": "way/970616964"
    },
    {
      "type": "Feature",
      "properties": {
        "@id": "way/971151575",
        "amenity": "community_centre",
        "building": "yes",
        "community_centre": "village_hall",
        "name": "Świetlica Wiejska w Wojnowie",
        "@geometry": "center"
      },
      "geometry": {
        "type": "Point",
        "coordinates": [
          21.4828152,
          53.6672297
        ]
      },
      "id": "way/971151575"
    },
    {
      "type": "Feature",
      "properties": {
        "@id": "way/972226020",
        "addr:city:simc": "0471277",
        "addr:housenumber": "25a",
        "addr:place": "Wirwilty",
        "addr:postcode": "11-200",
        "amenity": "community_centre",
        "building": "yes",
        "name": "Świetlica wiejska",
        "source:addr": "bartoszyce.e-mapa.net",
        "@geometry": "center"
      },
      "geometry": {
        "type": "Point",
        "coordinates": [
          20.8562933,
          54.2689083
        ]
      },
      "id": "way/972226020"
    },
    {
      "type": "Feature",
      "properties": {
        "@id": "way/972786137",
        "addr:city": "Dojazdów",
        "addr:city:simc": "0322169",
        "addr:housenumber": "114",
        "addr:postcode": "32-010",
        "addr:street": "Krakowska",
        "amenity": "social_centre",
        "building": "yes",
        "name": "Świetlica Wiejska w Dojazdowie",
        "source:addr": "gugik.gov.pl",
        "@geometry": "center"
      },
      "geometry": {
        "type": "Point",
        "coordinates": [
          20.1152358,
          50.1188135
        ]
      },
      "id": "way/972786137"
    },
    {
      "type": "Feature",
      "properties": {
        "@id": "way/975792666",
        "amenity": "community_centre",
        "community_centre": "village_hall",
        "@geometry": "center"
      },
      "geometry": {
        "type": "Point",
        "coordinates": [
          21.0708201,
          52.4737583
        ]
      },
      "id": "way/975792666"
    },
    {
      "type": "Feature",
      "properties": {
        "@id": "way/977406116",
        "addr:housenumber": "59A",
        "addr:place": "Cielądz",
        "addr:postcode": "96-214",
        "amenity": "community_centre",
        "building": "yes",
        "building:levels": "2",
        "name": "Gminny Dom Kultury w Cielądzu",
        "source": "www.geoportal.gov.pl",
        "website": "https://www.facebook.com/Gminny-Dom-Kultury-w-Ciel%C4%85dzu-1661713747384522/",
        "@geometry": "center"
      },
      "geometry": {
        "type": "Point",
        "coordinates": [
          20.3469705,
          51.7150508
        ]
      },
      "id": "way/977406116"
    },
    {
      "type": "Feature",
      "properties": {
        "@id": "way/977626543",
        "amenity": "community_centre",
        "name": "Młodzieżowy Dom Kultury",
        "short_name": "MDK",
        "@geometry": "center"
      },
      "geometry": {
        "type": "Point",
        "coordinates": [
          21.9818473,
          50.0610692
        ]
      },
      "id": "way/977626543"
    },
    {
      "type": "Feature",
      "properties": {
        "@id": "way/978038793",
        "addr:city": "Jaworzno",
        "addr:housenumber": "5A",
        "addr:postcode": "43-603",
        "addr:street": "Inwalidów Wojennych",
        "amenity": "community_centre",
        "building": "yes",
        "name": "Uczniowski Klub Sportowy SUKCES",
        "@geometry": "center"
      },
      "geometry": {
        "type": "Point",
        "coordinates": [
          19.2355274,
          50.2234529
        ]
      },
      "id": "way/978038793"
    },
    {
      "type": "Feature",
      "properties": {
        "@id": "way/978705239",
        "amenity": "community_centre",
        "building": "yes",
        "building:levels": "1",
        "source": "www.geoportal.gov.pl",
        "@geometry": "center"
      },
      "geometry": {
        "type": "Point",
        "coordinates": [
          21.3131757,
          51.2123494
        ]
      },
      "id": "way/978705239"
    },
    {
      "type": "Feature",
      "properties": {
        "@id": "way/978856788",
        "addr:housenumber": "54",
        "addr:place": "Złota",
        "addr:postcode": "96-514",
        "amenity": "community_centre",
        "building": "yes",
        "building:levels": "1",
        "name": "Świetlica wiejska",
        "note": "w remoncie",
        "source:addr": "EMUiA (rybno.e-mapa.net)",
        "@geometry": "center"
      },
      "geometry": {
        "type": "Point",
        "coordinates": [
          20.0773151,
          52.2017337
        ]
      },
      "id": "way/978856788"
    },
    {
      "type": "Feature",
      "properties": {
        "@id": "way/979511693",
        "amenity": "community_centre",
        "building": "yes",
        "name": "Świetlica Wiejska",
        "@geometry": "center"
      },
      "geometry": {
        "type": "Point",
        "coordinates": [
          17.6715232,
          50.5212008
        ]
      },
      "id": "way/979511693"
    },
    {
      "type": "Feature",
      "properties": {
        "@id": "way/981362532",
        "addr:city": "Droszków",
        "addr:housenumber": "2",
        "addr:postcode": "66-003",
        "addr:street": "Porzeczkowa",
        "amenity": "community_centre",
        "building": "yes",
        "name": "Świetlica wiejska",
        "@geometry": "center"
      },
      "geometry": {
        "type": "Point",
        "coordinates": [
          15.6634052,
          51.9299697
        ]
      },
      "id": "way/981362532"
    },
    {
      "type": "Feature",
      "properties": {
        "@id": "way/982308300",
        "amenity": "community_centre",
        "building": "public",
        "contact:email": "harenda@asp.krakow.pl",
        "contact:facebook": "https://www.facebook.com/ASPHarenda/",
        "contact:phone": "+48 508 511 603",
        "name": "Dom Pracy Twórczej",
        "operator": "Akademia Sztuk Pięknych imienia Jana Matejki w Krakowie",
        "@geometry": "center"
      },
      "geometry": {
        "type": "Point",
        "coordinates": [
          19.9792564,
          49.3185093
        ]
      },
      "id": "way/982308300"
    },
    {
      "type": "Feature",
      "properties": {
        "@id": "way/983657580",
        "amenity": "community_centre",
        "@geometry": "center"
      },
      "geometry": {
        "type": "Point",
        "coordinates": [
          17.5018752,
          53.498092
        ]
      },
      "id": "way/983657580"
    },
    {
      "type": "Feature",
      "properties": {
        "@id": "way/983669660",
        "amenity": "community_centre",
        "building": "yes",
        "name": "Świetlica wiejska",
        "@geometry": "center"
      },
      "geometry": {
        "type": "Point",
        "coordinates": [
          18.7152327,
          52.8950428
        ]
      },
      "id": "way/983669660"
    },
    {
      "type": "Feature",
      "properties": {
        "@id": "way/986865704",
        "amenity": "community_centre",
        "building": "civic",
        "@geometry": "center"
      },
      "geometry": {
        "type": "Point",
        "coordinates": [
          18.8377834,
          53.4765748
        ]
      },
      "id": "way/986865704"
    },
    {
      "type": "Feature",
      "properties": {
        "@id": "way/987110769",
        "community_centre": "village_hall",
        "amenity": "community_centre",
        "@geometry": "center"
      },
      "geometry": {
        "type": "Point",
        "coordinates": [
          16.9562299,
          51.1373886
        ]
      },
      "id": "way/987110769"
    },
    {
      "type": "Feature",
      "properties": {
        "@id": "way/989234770",
        "addr:city": "Smolec",
        "addr:city:simc": "0875187",
        "addr:housenumber": "47",
        "addr:postcode": "55-080",
        "addr:street": "Główna",
        "addr:street:sym_ul": "05635",
        "amenity": "community_centre",
        "building": "yes",
        "name": "Świetlica wiejska",
        "source:addr": "emuia.gugik.gov.pl",
        "@geometry": "center"
      },
      "geometry": {
        "type": "Point",
        "coordinates": [
          16.8806941,
          51.072819
        ]
      },
      "id": "way/989234770"
    },
    {
      "type": "Feature",
      "properties": {
        "@id": "way/989297520",
        "amenity": "community_centre",
        "denomination": "roman_catholic",
        "name": "Oratorium „Światełko”",
        "operator": "Siostry Urszulanki SJK",
        "religion": "christian",
        "website": "https://caritaspoznan.pl/placowki/oratorium-swiatelko",
        "@geometry": "center"
      },
      "geometry": {
        "type": "Point",
        "coordinates": [
          16.9116402,
          52.4317903
        ]
      },
      "id": "way/989297520"
    },
    {
      "type": "Feature",
      "properties": {
        "@id": "way/990028002",
        "amenity": "community_centre",
        "loc_name": "Odek",
        "name": "Osiedlowy Dom Kultury",
        "official_name": "Spółdzielczy Dom Kultury",
        "@geometry": "center"
      },
      "geometry": {
        "type": "Point",
        "coordinates": [
          21.4346424,
          50.2977738
        ]
      },
      "id": "way/990028002"
    },
    {
      "type": "Feature",
      "properties": {
        "@id": "way/990237839",
        "amenity": "community_centre",
        "building": "yes",
        "@geometry": "center"
      },
      "geometry": {
        "type": "Point",
        "coordinates": [
          16.5322863,
          51.9951987
        ]
      },
      "id": "way/990237839"
    },
    {
      "type": "Feature",
      "properties": {
        "@id": "way/990855099",
        "operator": "Urząd Miasta Biłgoraja",
        "youtube": "https://www.youtube.com/c/btkbilgoraj",
        "website": "https://www.bck.lbl.pl",
        "start_date": "1953",
        "amenity": "community_centre",
        "email": "bck@lbl.pl",
        "facebook": "https://www.facebook.com/bck.lbl",
        "instagram": "https://www.instagram.com/bck_lbl",
        "name": "Biłgorajskie Centrum Kultury",
        "old_name": "Powiatowy Dom Kultury;Biłgorajski Dom Kultury",
        "opening_hours": "Mo-Fr 08:00-22:00; Sa-Su 14:00-22:00",
        "phone": "+48 84 686 04 15",
        "short_name": "BCK",
        "@geometry": "center"
      },
      "geometry": {
        "type": "Point",
        "coordinates": [
          22.7210019,
          50.5399895
        ]
      },
      "id": "way/990855099"
    },
    {
      "type": "Feature",
      "properties": {
        "@id": "way/992476660",
        "amenity": "community_centre",
        "building:levels": "2",
        "name": "Świetlica Wiejska w Liciążnej",
        "source": "www.geoportal.gov.pl",
        "survey:date": "2022-02-06",
        "@geometry": "center"
      },
      "geometry": {
        "type": "Point",
        "coordinates": [
          20.2570006,
          51.5574013
        ]
      },
      "id": "way/992476660"
    },
    {
      "type": "Feature",
      "properties": {
        "@id": "way/992496772",
        "addr:city": "Pęcice Małe",
        "addr:city:simc": "0005285",
        "addr:housenumber": "18",
        "addr:postcode": "05-806",
        "addr:street": "Brzozowa",
        "amenity": "community_centre",
        "building": "public",
        "building:levels": "1",
        "name": "Świetlica Pęcice Małe",
        "source:addr": "michalowice.e-mapa.net",
        "website": "https://www.pecicemale.pl/rezerwacja-swietlicy",
        "@geometry": "center"
      },
      "geometry": {
        "type": "Point",
        "coordinates": [
          20.8386801,
          52.1432429
        ]
      },
      "id": "way/992496772"
    },
    {
      "type": "Feature",
      "properties": {
        "@id": "way/994072069",
        "amenity": "social_centre",
        "@geometry": "center"
      },
      "geometry": {
        "type": "Point",
        "coordinates": [
          20.5409938,
          50.8695708
        ]
      },
      "id": "way/994072069"
    },
    {
      "type": "Feature",
      "properties": {
        "@id": "way/995264731",
        "addr:city:simc": "0775296",
        "addr:housenumber": "8b",
        "addr:place": "Kąty",
        "addr:postcode": "72-113",
        "amenity": "community_centre",
        "building": "yes",
        "community_centre": "village_hall",
        "source:addr": "goleniow.e-mapa.net",
        "@geometry": "center"
      },
      "geometry": {
        "type": "Point",
        "coordinates": [
          14.7380994,
          53.6221549
        ]
      },
      "id": "way/995264731"
    },
    {
      "type": "Feature",
      "properties": {
        "@id": "way/995537760",
        "website": "https://opt-art.net/",
        "landuse": "commercial",
        "name:en": "Creative Arts Centre",
        "name": "Ośrodek Postaw Twórczych",
        "email": "info@opt-art.net",
        "amenity": "community_centre",
        "@geometry": "center"
      },
      "geometry": {
        "type": "Point",
        "coordinates": [
          17.0352698,
          51.0783663
        ]
      },
      "id": "way/995537760"
    },
    {
      "type": "Feature",
      "properties": {
        "@id": "way/995956789",
        "amenity": "community_centre",
        "@geometry": "center"
      },
      "geometry": {
        "type": "Point",
        "coordinates": [
          19.4322592,
          51.6785868
        ]
      },
      "id": "way/995956789"
    },
    {
      "type": "Feature",
      "properties": {
        "@id": "way/997753276",
        "addr:city": "Kruszyn",
        "addr:housenumber": "9",
        "addr:postcode": "86-014",
        "addr:street": "Strażacka",
        "amenity": "community_centre",
        "building": "yes",
        "@geometry": "center"
      },
      "geometry": {
        "type": "Point",
        "coordinates": [
          17.8409665,
          53.1573996
        ]
      },
      "id": "way/997753276"
    },
    {
      "type": "Feature",
      "properties": {
        "@id": "way/997936684",
        "addr:housenumber": "24D",
        "addr:place": "Osówka",
        "addr:postcode": "21-025",
        "amenity": "community_centre",
        "building": "yes",
        "community_centre": "meeting_room",
        "name": "Świetlica Wiejska w Osówce",
        "@geometry": "center"
      },
      "geometry": {
        "type": "Point",
        "coordinates": [
          22.4443022,
          51.3622968
        ]
      },
      "id": "way/997936684"
    },
    {
      "type": "Feature",
      "properties": {
        "@id": "way/997938971",
        "amenity": "community_centre",
        "name": "Młodzieżowy Dom Kultury nr 4",
        "@geometry": "center"
      },
      "geometry": {
        "type": "Point",
        "coordinates": [
          17.9962671,
          53.1310299
        ]
      },
      "id": "way/997938971"
    },
    {
      "type": "Feature",
      "properties": {
        "@id": "way/1000449804",
        "amenity": "community_centre",
        "name": "Meszniański Ośrodek Kultury „Nad Borami”",
        "operator": "Gminny Ośrodek Kultury „Promyk”",
        "operator:type": "public",
        "@geometry": "center"
      },
      "geometry": {
        "type": "Point",
        "coordinates": [
          19.0634561,
          49.7465414
        ]
      },
      "id": "way/1000449804"
    },
    {
      "type": "Feature",
      "properties": {
        "@id": "way/1000449805",
        "addr:city": "Bystra",
        "addr:housenumber": "2k",
        "addr:postcode": "43-360",
        "addr:street": "Juliana Fałata",
        "amenity": "community_centre",
        "name": "Gminny Ośrodek Kultury „Promyk”",
        "operator": "Gminny Ośrodek Kultury „Promyk”",
        "operator:type": "public",
        "website": "https://gokpromyk.pl/",
        "@geometry": "center"
      },
      "geometry": {
        "type": "Point",
        "coordinates": [
          19.0682504,
          49.7631495
        ]
      },
      "id": "way/1000449805"
    },
    {
      "type": "Feature",
      "properties": {
        "@id": "way/1000450603",
        "name": "„Stara Szkoła” w Huciskach",
        "amenity": "community_centre",
        "operator": "Gminny Ośrodek Kultury „Promyk”",
        "operator:type": "public",
        "website": "https://gokpromyk.pl/",
        "@geometry": "center"
      },
      "geometry": {
        "type": "Point",
        "coordinates": [
          19.1232083,
          49.7502481
        ]
      },
      "id": "way/1000450603"
    },
    {
      "type": "Feature",
      "properties": {
        "@id": "way/1004278621",
        "addr:city": "Dubaśno",
        "source": "www.geoportal.gov.pl",
        "addr:street": "Dubaśno",
        "addr:housenumber": "4",
        "addr:postcode": "16-205",
        "amenity": "community_centre",
        "building": "yes",
        "building:levels": "1",
        "name": "Świetlica wiejska",
        "operator": "Gmina Nowy Dwór",
        "operator:type": "government",
        "@geometry": "center"
      },
      "geometry": {
        "type": "Point",
        "coordinates": [
          23.485092,
          53.657325
        ]
      },
      "id": "way/1004278621"
    },
    {
      "type": "Feature",
      "properties": {
        "@id": "way/1005922955",
        "amenity": "community_centre",
        "building": "public",
        "building:levels": "1",
        "name": "Świetlica Wiejska w Nowym Masiewie",
        "@geometry": "center"
      },
      "geometry": {
        "type": "Point",
        "coordinates": [
          23.8950821,
          52.8322347
        ]
      },
      "id": "way/1005922955"
    },
    {
      "type": "Feature",
      "properties": {
        "@id": "way/1012486487",
        "addr:city:simc": "0886096",
        "addr:housenumber": "14E",
        "addr:place": "Majdan Gromadzki",
        "addr:postcode": "23-400",
        "amenity": "community_centre",
        "building": "civic",
        "building:levels": "1",
        "name": "Świetlica wiejska",
        "official_name": "Świetlica wiejska w Majdanie Gromadzkim",
        "source:addr": "gugik.gov.pl",
        "@geometry": "center"
      },
      "geometry": {
        "type": "Point",
        "coordinates": [
          22.6898034,
          50.5777887
        ]
      },
      "id": "way/1012486487"
    },
    {
      "type": "Feature",
      "properties": {
        "@id": "way/1016236887",
        "alt_name": "Świetlica Okej",
        "amenity": "community_centre",
        "barrier": "fence",
        "contact:facebook": "https://www.facebook.com/swietlica.kanie/",
        "name": "Świetlica w Kaniach",
        "website": "https://ok.brwinow.pl/",
        "@geometry": "center"
      },
      "geometry": {
        "type": "Point",
        "coordinates": [
          20.7704476,
          52.1373794
        ]
      },
      "id": "way/1016236887"
    },
    {
      "type": "Feature",
      "properties": {
        "@id": "way/1018154917",
        "addr:housenumber": "14",
        "addr:place": "Niewiadów-Kolonia",
        "addr:postcode": "97-225",
        "amenity": "community_centre",
        "building": "yes",
        "email": "gok@ujazd.com.pl",
        "mobile": "506 121 959",
        "name": "Świetlica wiejska w Niewiadowie Kolonii",
        "phone": "+48 44 719 23 96",
        "source:addr": "geoportal.gov.pl",
        "website": "https://gok.ujazd.com.pl/",
        "@geometry": "center"
      },
      "geometry": {
        "type": "Point",
        "coordinates": [
          19.9065119,
          51.6186469
        ]
      },
      "id": "way/1018154917"
    },
    {
      "type": "Feature",
      "properties": {
        "@id": "way/1019804967",
        "name": "Dom Działkowca w ROD Ogrodnik",
        "amenity": "community_centre",
        "building": "yes",
        "building:levels": "1",
        "building:walls": "brick",
        "@geometry": "center"
      },
      "geometry": {
        "type": "Point",
        "coordinates": [
          20.9881449,
          52.2006231
        ]
      },
      "id": "way/1019804967"
    },
    {
      "type": "Feature",
      "properties": {
        "@id": "way/1021148041",
        "source": "www.geoportal.gov.pl",
        "source:addr": "michalowice.e-mapa.net",
        "addr:city": "Nowa Wieś",
        "addr:city:simc": "0005233",
        "addr:housenumber": "52B",
        "addr:postcode": "05-806",
        "addr:street": "Główna",
        "amenity": "community_centre",
        "building": "public",
        "building:levels": "2",
        "name": "Świetlica Nowa Wieś",
        "@geometry": "center"
      },
      "geometry": {
        "type": "Point",
        "coordinates": [
          20.7941004,
          52.140444
        ]
      },
      "id": "way/1021148041"
    },
    {
      "type": "Feature",
      "properties": {
        "@id": "way/1021960278",
        "amenity": "community_centre",
        "area": "yes",
        "barrier": "fence",
        "landuse": "recreation_ground",
        "@geometry": "center"
      },
      "geometry": {
        "type": "Point",
        "coordinates": [
          22.2459801,
          52.0317409
        ]
      },
      "id": "way/1021960278"
    },
    {
      "type": "Feature",
      "properties": {
        "@id": "way/1022071581",
        "amenity": "community_centre",
        "building": "yes",
        "building:levels": "1",
        "email": "swietlica.piastow@wp.pl",
        "name": "Dom Jana Pawła II – świetlica środowiskowo-integracyjna",
        "phone": "+48 22 723 79 63",
        "source": "www.geoportal.gov.pl",
        "website": "https://swietlica.piastow.pl/",
        "@geometry": "center"
      },
      "geometry": {
        "type": "Point",
        "coordinates": [
          20.8461346,
          52.1810428
        ]
      },
      "id": "way/1022071581"
    },
    {
      "type": "Feature",
      "properties": {
        "@id": "way/1024866933",
        "addr:city": "Osielsko",
        "addr:city:simc": "0093600",
        "addr:housenumber": "57",
        "addr:postcode": "86-031",
        "addr:street": "Szosa Gdańska",
        "amenity": "community_centre",
        "name": "Gminny Ośrodek Kultury w Osielsku",
        "source:addr": "gugik.gov.pl",
        "website": "https://www.gok-osielsko.eu/",
        "@geometry": "center"
      },
      "geometry": {
        "type": "Point",
        "coordinates": [
          18.0718416,
          53.188948
        ]
      },
      "id": "way/1024866933"
    },
    {
      "type": "Feature",
      "properties": {
        "@id": "way/1026457281",
        "amenity": "community_centre",
        "name": "Świetlica Opacz-Kolonia",
        "website": "https://swietlicaopacz.michalowice.pl/",
        "@geometry": "center"
      },
      "geometry": {
        "type": "Point",
        "coordinates": [
          20.9031583,
          52.1824388
        ]
      },
      "id": "way/1026457281"
    },
    {
      "type": "Feature",
      "properties": {
        "@id": "way/1027119018",
        "source": "Geoportal 2: Ewidencja budynków WMS",
        "name": "Świetlica środowiskowa w Antoniowie",
        "building": "civic",
        "amenity": "community_centre",
        "email": "edyta.sobieraj@palac.art.pl",
        "opening_hours": "Mo-Fr 13:00-19:00",
        "website": "https://palac.art.pl/pl/strona/swietlica-srodowiskowa-w-antoniowie",
        "phone": "32 733 87 80",
        "@geometry": "center"
      },
      "geometry": {
        "type": "Point",
        "coordinates": [
          19.2345624,
          50.3739071
        ]
      },
      "id": "way/1027119018"
    },
    {
      "type": "Feature",
      "properties": {
        "@id": "way/1032856345",
        "amenity": "community_centre",
        "building": "yes",
        "addr:street": "Nad Złotym Potokiem",
        "addr:postcode": "48-200",
        "addr:city": "Łąka Prudnicka",
        "addr:housenumber": "52",
        "@geometry": "center"
      },
      "geometry": {
        "type": "Point",
        "coordinates": [
          17.5259488,
          50.3103476
        ]
      },
      "id": "way/1032856345"
    },
    {
      "type": "Feature",
      "properties": {
        "@id": "way/1032898587",
        "amenity": "community_centre",
        "building": "yes",
        "@geometry": "center"
      },
      "geometry": {
        "type": "Point",
        "coordinates": [
          18.1101097,
          53.2696781
        ]
      },
      "id": "way/1032898587"
    },
    {
      "type": "Feature",
      "properties": {
        "@id": "way/1033558297",
        "building": "yes",
        "amenity": "community_centre",
        "name": "Centrum aktywności mieszkańców dzielnicy",
        "@geometry": "center"
      },
      "geometry": {
        "type": "Point",
        "coordinates": [
          18.6292983,
          50.0517374
        ]
      },
      "id": "way/1033558297"
    },
    {
      "type": "Feature",
      "properties": {
        "@id": "way/1033558298",
        "building": "yes",
        "amenity": "community_centre",
        "@geometry": "center"
      },
      "geometry": {
        "type": "Point",
        "coordinates": [
          18.6293448,
          50.0514856
        ]
      },
      "id": "way/1033558298"
    },
    {
      "type": "Feature",
      "properties": {
        "@id": "way/1037137386",
        "addr:city": "Rzeszów",
        "addr:country": "PL",
        "addr:housenumber": "84",
        "addr:postcode": "35-603",
        "addr:street": "Henryka Wieniawskiego",
        "amenity": "community_centre",
        "contact:mobile": "+48 515409221",
        "contact:phone": "+48 177483960",
        "name": "RDK filia Zalesie",
        "official_name": "Rzeszowski Dom Kultury filia Zalesie",
        "website": "https://zalesie.rdk.rzeszow.pl",
        "@geometry": "center"
      },
      "geometry": {
        "type": "Point",
        "coordinates": [
          22.0314182,
          50.0045442
        ]
      },
      "id": "way/1037137386"
    },
    {
      "type": "Feature",
      "properties": {
        "@id": "way/1037703350",
        "website": "http://www.mdk-krzyki.pl",
        "name": "Młodzieżowy Dom Kultury Wrocław - Krzyki",
        "official_name": "Młodzieżowy Dom Kultury Wrocław - Krzyki",
        "ref:vatin": "PL8992316956",
        "amenity": "community_centre",
        "community_centre:for": "juvenile",
        "email": "sekretariat.mdk-krzyki@wroclawskaedukacja.pl",
        "operator": "Gmina Wrocław",
        "operator:type": "government",
        "phone": "+48 717986743",
        "ref:regon": "000704741",
        "ref:rspo": "19429",
        "@geometry": "center"
      },
      "geometry": {
        "type": "Point",
        "coordinates": [
          17.0093626,
          51.080849
        ]
      },
      "id": "way/1037703350"
    },
    {
      "type": "Feature",
      "properties": {
        "@id": "way/1040341469",
        "addr:city": "Kalisz Pomorski",
        "addr:housenumber": "51",
        "addr:postcode": "78-540",
        "addr:street": "Dworcowa",
        "amenity": "community_centre",
        "building": "public",
        "source:addr": "kaliszpomorski.e-mapa.net",
        "@geometry": "center"
      },
      "geometry": {
        "type": "Point",
        "coordinates": [
          15.87977,
          53.2797472
        ]
      },
      "id": "way/1040341469"
    },
    {
      "type": "Feature",
      "properties": {
        "@id": "way/1041239721",
        "amenity": "community_centre",
        "building": "civic",
        "name": "Przystań Izerska w Dworku",
        "@geometry": "center"
      },
      "geometry": {
        "type": "Point",
        "coordinates": [
          15.6622502,
          51.1019298
        ]
      },
      "id": "way/1041239721"
    },
    {
      "type": "Feature",
      "properties": {
        "@id": "way/1043255114",
        "addr:city:simc": "0738622",
        "addr:housenumber": "62E",
        "addr:place": "Żdżarów",
        "addr:postcode": "96-500",
        "amenity": "community_centre",
        "building": "yes",
        "building:levels": "1",
        "name": "Świetlica wiejska",
        "operator": "Gmina Sochaczew",
        "source:addr": "sochaczew.e-mapa.net",
        "@geometry": "center"
      },
      "geometry": {
        "type": "Point",
        "coordinates": [
          20.1771303,
          52.2418599
        ]
      },
      "id": "way/1043255114"
    },
    {
      "type": "Feature",
      "properties": {
        "@id": "way/1046314801",
        "addr:street:sym_ul": "26873",
        "addr:city": "Opypy",
        "addr:city:simc": "0002453",
        "addr:housenumber": "14",
        "addr:postcode": "05-825",
        "addr:street": "Polnej Róży",
        "amenity": "community_centre",
        "building": "yes",
        "community_centre:for": "boy;child;family;girl;juvenile;man;multigeneration;senior;student;woman",
        "name": "Świetlica wiejska",
        "source:addr": "grodziskmazowiecki.e-mapa.net",
        "@geometry": "center"
      },
      "geometry": {
        "type": "Point",
        "coordinates": [
          20.6812776,
          52.093435
        ]
      },
      "id": "way/1046314801"
    },
    {
      "type": "Feature",
      "properties": {
        "@id": "way/1046505242",
        "addr:city": "Reguły",
        "addr:city:simc": "0005300",
        "addr:housenumber": "13",
        "addr:postcode": "05-816",
        "addr:street": "Wiejska",
        "amenity": "community_centre",
        "building": "public",
        "building:levels": "1",
        "name": "Świetlica Reguły",
        "roof:shape": "flat",
        "source:addr": "michalowice.e-mapa.net",
        "website": "https://www.facebook.com/swietlicareguly/",
        "@geometry": "center"
      },
      "geometry": {
        "type": "Point",
        "coordinates": [
          20.8511079,
          52.1719435
        ]
      },
      "id": "way/1046505242"
    },
    {
      "type": "Feature",
      "properties": {
        "@id": "way/1047068781",
        "amenity": "community_centre",
        "barrier": "fence",
        "website": "http://kultura.bialeblota.pl/2020/02/16/lochowice/",
        "@geometry": "center"
      },
      "geometry": {
        "type": "Point",
        "coordinates": [
          17.8034215,
          53.1319834
        ]
      },
      "id": "way/1047068781"
    },
    {
      "type": "Feature",
      "properties": {
        "@id": "way/1049902119",
        "amenity": "community_centre",
        "name": "Centrum Aktywizacji Społecznej \"Tlenownia\" w Czempiniu",
        "@geometry": "center"
      },
      "geometry": {
        "type": "Point",
        "coordinates": [
          16.7575456,
          52.1412926
        ]
      },
      "id": "way/1049902119"
    },
    {
      "type": "Feature",
      "properties": {
        "@id": "way/1050266387",
        "amenity": "nightclub",
        "barrier": "wall",
        "building": "no",
        "height": "2",
        "@geometry": "center"
      },
      "geometry": {
        "type": "Point",
        "coordinates": [
          18.821373,
          50.8589949
        ]
      },
      "id": "way/1050266387"
    },
    {
      "type": "Feature",
      "properties": {
        "@id": "way/1051944562",
        "barrier": "fence",
        "amenity": "community_centre",
        "name": "Centrum Kultury i Inicjatyw Obywatelskich",
        "phone": "+48 22 758 94 41",
        "short_name": "CKIO Podkowa",
        "website": "https://www.ckiopodkowa.pl/",
        "@geometry": "center"
      },
      "geometry": {
        "type": "Point",
        "coordinates": [
          20.7239278,
          52.1217029
        ]
      },
      "id": "way/1051944562"
    },
    {
      "type": "Feature",
      "properties": {
        "@id": "way/1053371635",
        "source": "www.geoportal.gov.pl",
        "name": "Świetlica Gminna",
        "amenity": "community_centre",
        "building": "yes",
        "building:levels": "2",
        "@geometry": "center"
      },
      "geometry": {
        "type": "Point",
        "coordinates": [
          20.1039542,
          52.4393618
        ]
      },
      "id": "way/1053371635"
    },
    {
      "type": "Feature",
      "properties": {
        "@id": "way/1057377471",
        "alt_name": "Świetlica OK",
        "amenity": "community_centre",
        "name": "Świetlica Domaniew",
        "website": "https://www.facebook.com/swietlica.domaniew/",
        "@geometry": "center"
      },
      "geometry": {
        "type": "Point",
        "coordinates": [
          20.7584832,
          52.1872913
        ]
      },
      "id": "way/1057377471"
    },
    {
      "type": "Feature",
      "properties": {
        "@id": "way/1057893267",
        "name": "Świetlica wiejska",
        "addr:housenumber": "20",
        "addr:place": "Ostrowin",
        "addr:postcode": "14-106",
        "amenity": "community_centre",
        "building": "yes",
        "@geometry": "center"
      },
      "geometry": {
        "type": "Point",
        "coordinates": [
          20.1024504,
          53.6472688
        ]
      },
      "id": "way/1057893267"
    },
    {
      "type": "Feature",
      "properties": {
        "@id": "way/1058380465",
        "amenity": "community_centre",
        "building": "yes",
        "name": "Świetlica wiejska",
        "@geometry": "center"
      },
      "geometry": {
        "type": "Point",
        "coordinates": [
          16.667088,
          52.0713499
        ]
      },
      "id": "way/1058380465"
    },
    {
      "type": "Feature",
      "properties": {
        "@id": "way/1058572773",
        "amenity": "community_centre",
        "name": "100cznia Ulica",
        "@geometry": "center"
      },
      "geometry": {
        "type": "Point",
        "coordinates": [
          18.6453176,
          54.3644706
        ]
      },
      "id": "way/1058572773"
    },
    {
      "type": "Feature",
      "properties": {
        "@id": "way/1059092678",
        "amenity": "community_centre",
        "name": "Świetlica Suchy Las",
        "@geometry": "center"
      },
      "geometry": {
        "type": "Point",
        "coordinates": [
          20.8541944,
          52.1346698
        ]
      },
      "id": "way/1059092678"
    },
    {
      "type": "Feature",
      "properties": {
        "@id": "way/1063805386",
        "website": "http://swoszowice.ckpodgorza.pl/",
        "addr:city": "Kraków",
        "addr:housenumber": "71",
        "addr:postcode": "30-434",
        "addr:street": "Kolejarzy",
        "amenity": "community_centre",
        "area": "yes",
        "baby_feeding": "yes",
        "email": "swoszowice@ckpodgorza.pl",
        "name": "Centrum Kultury Podgórza – Klub Swoszowice",
        "opening_hours": "Mo-Fr 09:00-19:00",
        "operator": "Centrum Kultury Podgórza – Klub Swoszowice",
        "phone": "515 757 955",
        "start_date": "2020-04-01",
        "wheelchair": "yes",
        "@geometry": "center"
      },
      "geometry": {
        "type": "Point",
        "coordinates": [
          19.927866,
          50.0005257
        ]
      },
      "id": "way/1063805386"
    },
    {
      "type": "Feature",
      "properties": {
        "@id": "way/1064692944",
        "amenity": "community_centre",
        "building": "public",
        "@geometry": "center"
      },
      "geometry": {
        "type": "Point",
        "coordinates": [
          16.5802618,
          50.4488937
        ]
      },
      "id": "way/1064692944"
    },
    {
      "type": "Feature",
      "properties": {
        "@id": "way/1068923480",
        "amenity": "community_centre",
        "barrier": "fence",
        "@geometry": "center"
      },
      "geometry": {
        "type": "Point",
        "coordinates": [
          14.8733541,
          53.5057312
        ]
      },
      "id": "way/1068923480"
    },
    {
      "type": "Feature",
      "properties": {
        "@id": "way/1069554585",
        "addr:city:simc": "0364268",
        "addr:housenumber": "30",
        "addr:place": "Gaiki",
        "addr:postcode": "67-222",
        "amenity": "community_centre",
        "building": "yes",
        "building:levels": "1",
        "name": "Świetlica wiejska",
        "operator": "GCK Jerzmanowa",
        "source": "www.geoportal.gov.pl",
        "source:addr": "gugik.gov.pl",
        "website": "https://gckjerzmanowa.pl/wynajem-sal-i-swietlic/swietlica-wiejska-gaiki",
        "@geometry": "center"
      },
      "geometry": {
        "type": "Point",
        "coordinates": [
          16.0160787,
          51.5752591
        ]
      },
      "id": "way/1069554585"
    },
    {
      "type": "Feature",
      "properties": {
        "@id": "way/1072655768",
        "amenity": "nightclub",
        "building": "yes",
        "layer": "1",
        "@geometry": "center"
      },
      "geometry": {
        "type": "Point",
        "coordinates": [
          18.9171105,
          52.6493813
        ]
      },
      "id": "way/1072655768"
    },
    {
      "type": "Feature",
      "properties": {
        "@id": "way/1075503321",
        "amenity": "community_centre",
        "website": "https://laba.land",
        "name": "Laba Land",
        "@geometry": "center"
      },
      "geometry": {
        "type": "Point",
        "coordinates": [
          16.9445957,
          52.4263145
        ]
      },
      "id": "way/1075503321"
    },
    {
      "type": "Feature",
      "properties": {
        "@id": "way/1078046420",
        "addr:city": "Żurawica",
        "addr:housenumber": "95",
        "addr:postcode": "37-710",
        "addr:street": "Armii Krajowej",
        "amenity": "community_centre",
        "building": "no",
        "community_centre": "senior_centre",
        "name": "Klub Senior+",
        "@geometry": "center"
      },
      "geometry": {
        "type": "Point",
        "coordinates": [
          22.7930893,
          49.8246302
        ]
      },
      "id": "way/1078046420"
    },
    {
      "type": "Feature",
      "properties": {
        "@id": "way/1079507940",
        "amenity": "community_centre",
        "name": "Świetlica osiedlowa Młynki",
        "@geometry": "center"
      },
      "geometry": {
        "type": "Point",
        "coordinates": [
          21.8251965,
          51.5666106
        ]
      },
      "id": "way/1079507940"
    },
    {
      "type": "Feature",
      "properties": {
        "@id": "way/1081121644",
        "amenity": "community_centre",
        "name": "Gminny Ośrodek Kultury",
        "@geometry": "center"
      },
      "geometry": {
        "type": "Point",
        "coordinates": [
          20.8217016,
          52.3971933
        ]
      },
      "id": "way/1081121644"
    },
    {
      "type": "Feature",
      "properties": {
        "@id": "way/1081802590",
        "addr:housenumber": "11",
        "addr:place": "Dankowice",
        "addr:postcode": "67-231",
        "amenity": "community_centre",
        "building": "yes",
        "name": "Świetlica wiejska",
        "source": "zukowice.e-mapa.net",
        "@geometry": "center"
      },
      "geometry": {
        "type": "Point",
        "coordinates": [
          15.9781281,
          51.6235999
        ]
      },
      "id": "way/1081802590"
    },
    {
      "type": "Feature",
      "properties": {
        "@id": "way/1082017778",
        "name": "CAL Księźe",
        "amenity": "community_centre",
        "building": "yes",
        "official_name": "Centrum Aktywności Lokalnej KSIĘŻE",
        "source:geometry": "ortofoto",
        "website": "https://calksieze.pl/",
        "@geometry": "center"
      },
      "geometry": {
        "type": "Point",
        "coordinates": [
          17.0844009,
          51.0805711
        ]
      },
      "id": "way/1082017778"
    },
    {
      "type": "Feature",
      "properties": {
        "@id": "way/1089493913",
        "amenity": "community_centre",
        "@geometry": "center"
      },
      "geometry": {
        "type": "Point",
        "coordinates": [
          21.7656115,
          50.242016
        ]
      },
      "id": "way/1089493913"
    },
    {
      "type": "Feature",
      "properties": {
        "@id": "way/1089765956",
        "amenity": "community_centre",
        "landuse": "commercial",
        "name": "Wyspa Drogowiec",
        "@geometry": "center"
      },
      "geometry": {
        "type": "Point",
        "coordinates": [
          18.8280143,
          54.3445169
        ]
      },
      "id": "way/1089765956"
    },
    {
      "type": "Feature",
      "properties": {
        "@id": "way/1090866370",
        "addr:city:simc": "0851962",
        "addr:housenumber": "15A",
        "addr:place": "Jaczków",
        "addr:postcode": "58-379",
        "amenity": "community_centre",
        "building": "public",
        "source:addr": "gugik.gov.pl",
        "@geometry": "center"
      },
      "geometry": {
        "type": "Point",
        "coordinates": [
          16.0945697,
          50.8060631
        ]
      },
      "id": "way/1090866370"
    },
    {
      "type": "Feature",
      "properties": {
        "@id": "way/1091362857",
        "addr:city:simc": "0852772",
        "addr:housenumber": "4B",
        "addr:place": "Droszków",
        "addr:postcode": "57-312",
        "amenity": "community_centre",
        "building": "civic",
        "building:levels": "1",
        "name": "Twórcza Świetlica Leśna",
        "source": "www.geoportal.gov.pl",
        "source:addr": "gugik.gov.pl",
        "@geometry": "center"
      },
      "geometry": {
        "type": "Point",
        "coordinates": [
          16.7781628,
          50.3908732
        ]
      },
      "id": "way/1091362857"
    },
    {
      "type": "Feature",
      "properties": {
        "@id": "way/1091727731",
        "amenity": "community_centre",
        "@geometry": "center"
      },
      "geometry": {
        "type": "Point",
        "coordinates": [
          21.6872143,
          50.2875182
        ]
      },
      "id": "way/1091727731"
    },
    {
      "type": "Feature",
      "properties": {
        "@id": "way/1092019474",
        "amenity": "community_centre",
        "name": "Gazdówka Góralska",
        "@geometry": "center"
      },
      "geometry": {
        "type": "Point",
        "coordinates": [
          18.5462708,
          54.3389783
        ]
      },
      "id": "way/1092019474"
    },
    {
      "type": "Feature",
      "properties": {
        "@id": "way/1093451148",
        "addr:city:simc": "0841567",
        "addr:housenumber": "12A",
        "addr:place": "Kałdus",
        "addr:postcode": "86-200",
        "amenity": "community_centre",
        "name": "Świetlica wiejska w Kałdusie",
        "name:de": "Dorfgemeinschaftshaus in Kaldus",
        "name:en": "Village community center in Kałdus",
        "@geometry": "center"
      },
      "geometry": {
        "type": "Point",
        "coordinates": [
          18.4010406,
          53.3214579
        ]
      },
      "id": "way/1093451148"
    },
    {
      "type": "Feature",
      "properties": {
        "@id": "way/1093826410",
        "amenity": "community_centre",
        "@geometry": "center"
      },
      "geometry": {
        "type": "Point",
        "coordinates": [
          21.7358047,
          50.254373
        ]
      },
      "id": "way/1093826410"
    },
    {
      "type": "Feature",
      "properties": {
        "@id": "way/1093826411",
        "amenity": "community_centre",
        "name": "Świetlica \"Pod Świerszczem\" w Świerczowie",
        "@geometry": "center"
      },
      "geometry": {
        "type": "Point",
        "coordinates": [
          21.7343897,
          50.2546601
        ]
      },
      "id": "way/1093826411"
    },
    {
      "type": "Feature",
      "properties": {
        "@id": "way/1100858658",
        "amenity": "community_centre",
        "email": "swietlica.piastow@wp.pl",
        "name": "Dom Jana Pawła II – Filia świetlicy środowiskowo-integracyjnej",
        "phone": "+48 22 723 79 63",
        "website": "https://swietlica.piastow.pl/",
        "@geometry": "center"
      },
      "geometry": {
        "type": "Point",
        "coordinates": [
          20.832995,
          52.1908749
        ]
      },
      "id": "way/1100858658"
    },
    {
      "type": "Feature",
      "properties": {
        "@id": "way/1103944910",
        "amenity": "community_centre",
        "community_centre": "village_hall",
        "community_centre:for": "multigeneration",
        "name": "Świetlica wiejska Goryń",
        "operator": "gmina Kisielice",
        "wheelchair": "yes",
        "@geometry": "center"
      },
      "geometry": {
        "type": "Point",
        "coordinates": [
          18.7945869,
          53.3538543
        ]
      },
      "id": "way/1103944910"
    },
    {
      "type": "Feature",
      "properties": {
        "@id": "way/1108607349",
        "amenity": "community_centre",
        "building": "civic",
        "name": "Przystań Izerska w Ustroniu",
        "@geometry": "center"
      },
      "geometry": {
        "type": "Point",
        "coordinates": [
          15.6304317,
          51.1699028
        ]
      },
      "id": "way/1108607349"
    },
    {
      "type": "Feature",
      "properties": {
        "@id": "way/1112229425",
        "amenity": "community_centre",
        "building": "yes",
        "image": "https://photos.app.goo.gl/n84tFKbi7ooQ6oKR8",
        "@geometry": "center"
      },
      "geometry": {
        "type": "Point",
        "coordinates": [
          15.4699649,
          52.4061139
        ]
      },
      "id": "way/1112229425"
    },
    {
      "type": "Feature",
      "properties": {
        "@id": "way/1117606448",
        "alt_name": "Sala widowiskowa PZLPiT \"Mazowsze\"",
        "name": "Elita – Matecznik Mazowsze",
        "amenity": "community_centre",
        "email": "piotr.kowalczyk@elitamazowsze.pl",
        "phone": "+48 605 554 891",
        "website": "https://elitamazowsze.pl/",
        "@geometry": "center"
      },
      "geometry": {
        "type": "Point",
        "coordinates": [
          20.7570536,
          52.1208013
        ]
      },
      "id": "way/1117606448"
    }
  ]
}