<?xml version="1.0" encoding="UTF-8"?><kml xmlns="http://www.opengis.net/kml/2.2"><Document><name>overpass-turbo.eu export</name><description>Filtered OSM data converted to KML by overpass turbo.
Copyright: The data included in this document is from www.openstreetmap.org. The data is made available under ODbL.
Timestamp: 2025-09-29T00:20:33Z</description><Placemark><name>Myrvoll speidergruppe</name><ExtendedData><Data name="@id"><value>relation/13812437</value></Data><Data name="amenity"><value>community_centre</value></Data><Data name="name"><value>Myrvoll speidergruppe</value></Data><Data name="operator"><value>Norges speiderforbund</value></Data><Data name="operator:type"><value>private_non_profit</value></Data><Data name="type"><value>multipolygon</value></Data><Data name="website"><value>https://www.myrvollspeider.no/</value></Data><Data name="@geometry"><value>center</value></Data></ExtendedData><Point><coordinates>10.797396,59.785129</coordinates></Point></Placemark><Placemark><name>Kalhammaren avlastningsboliger</name><ExtendedData><Data name="@id"><value>relation/14580791</value></Data><Data name="amenity"><value>community_centre</value></Data><Data name="community_centre:for"><value>disabled</value></Data><Data name="name"><value>Kalhammaren avlastningsboliger</value></Data><Data name="operator"><value>Stavanger kommune</value></Data><Data name="type"><value>multipolygon</value></Data><Data name="@geometry"><value>center</value></Data></ExtendedData><Point><coordinates>5.7147432,58.9809305</coordinates></Point></Placemark><Placemark><name>Langhuset</name><ExtendedData><Data name="@id"><value>way/36807064</value></Data><Data name="amenity"><value>community_centre</value></Data><Data name="name"><value>Langhuset</value></Data><Data name="social_facility"><value>yes</value></Data><Data name="building"><value>civic</value></Data><Data name="operator"><value>Ski kommune</value></Data><Data name="ref:bygningsnr"><value>17857479</value></Data><Data name="@geometry"><value>center</value></Data></ExtendedData><Point><coordinates>10.8412188,59.7588234</coordinates></Point></Placemark><Placemark><name>IMI Forum</name><ExtendedData><Data name="@id"><value>way/41441786</value></Data><Data name="alt_name"><value>Indremisjonens Forum</value></Data><Data name="amenity"><value>community_centre</value></Data><Data name="building"><value>commercial</value></Data><Data name="floors"><value>3</value></Data><Data name="name"><value>IMI Forum</value></Data><Data name="ref:bygningsnr"><value>4818512</value></Data><Data name="religion"><value>christian</value></Data><Data name="stavanger_forum_ref"><value>K</value></Data><Data name="@geometry"><value>center</value></Data></ExtendedData><Point><coordinates>5.699106,58.9550455</coordinates></Point></Placemark><Placemark><name>Høyenhall</name><ExtendedData><Data name="@id"><value>way/51851360</value></Data><Data name="amenity"><value>community_centre</value></Data><Data name="building"><value>civic</value></Data><Data name="name"><value>Høyenhall</value></Data><Data name="ref:bygningsnr"><value>161005819</value></Data><Data name="@geometry"><value>center</value></Data></ExtendedData><Point><coordinates>10.4040782,59.7489873</coordinates></Point></Placemark><Placemark><name>Islamic centre &amp; aktivitetshus</name><ExtendedData><Data name="@id"><value>way/52449356</value></Data><Data name="building"><value>civic</value></Data><Data name="amenity"><value>community_centre</value></Data><Data name="ref:bygningsnr"><value>80744390</value></Data><Data name="name"><value>Islamic centre &amp; aktivitetshus</value></Data><Data name="@geometry"><value>center</value></Data></ExtendedData><Point><coordinates>10.9211056,59.9615893</coordinates></Point></Placemark><Placemark><name>Arbeideren</name><description>Arbeid</description><ExtendedData><Data name="@id"><value>way/72272700</value></Data><Data name="ref:bygningsnr"><value>189701985</value></Data><Data name="amenity"><value>community_centre</value></Data><Data name="building"><value>civic</value></Data><Data name="description"><value>Arbeid</value></Data><Data name="name"><value>Arbeideren</value></Data><Data name="@geometry"><value>center</value></Data></ExtendedData><Point><coordinates>14.4766474,68.2097727</coordinates></Point></Placemark><Placemark><name>Grorud samfunnshus</name><ExtendedData><Data name="@id"><value>way/80255555</value></Data><Data name="amenity"><value>community_centre</value></Data><Data name="building"><value>civic</value></Data><Data name="name"><value>Grorud samfunnshus</value></Data><Data name="ref:bygningsnr"><value>80230419</value></Data><Data name="@geometry"><value>center</value></Data></ExtendedData><Point><coordinates>10.8735882,59.9511551</coordinates></Point></Placemark><Placemark><name>Venskaben</name><ExtendedData><Data name="@id"><value>way/87771982</value></Data><Data name="amenity"><value>community_centre</value></Data><Data name="name"><value>Venskaben</value></Data><Data name="operator"><value>Asker kommune</value></Data><Data name="operator:type"><value>government</value></Data><Data name="wikidata"><value>Q12009284</value></Data><Data name="wikipedia"><value>no:Venskapen (Asker)</value></Data><Data name="ref:bygningsnr"><value>140110817</value></Data><Data name="building"><value>office</value></Data><Data name="@geometry"><value>center</value></Data></ExtendedData><Point><coordinates>10.4367534,59.8358553</coordinates></Point></Placemark><Placemark><name>Servicetorget, Stavanger kommune</name><ExtendedData><Data name="@id"><value>way/91157248</value></Data><Data name="amenity"><value>community_centre</value></Data><Data name="building"><value>office</value></Data><Data name="name"><value>Servicetorget, Stavanger kommune</value></Data><Data name="office"><value>government</value></Data><Data name="ref:bygningsnr"><value>4602110</value></Data><Data name="website"><value>https://www.stavanger.kommune.no/</value></Data><Data name="@geometry"><value>center</value></Data></ExtendedData><Point><coordinates>5.7273162,58.969724</coordinates></Point></Placemark><Placemark><name>Lisleby Samfunnshus</name><ExtendedData><Data name="@id"><value>way/93935170</value></Data><Data name="amenity"><value>community_centre</value></Data><Data name="name"><value>Lisleby Samfunnshus</value></Data><Data name="building"><value>civic</value></Data><Data name="ref:bygningsnr"><value>6246559</value></Data><Data name="@geometry"><value>center</value></Data></ExtendedData><Point><coordinates>10.9730025,59.2317895</coordinates></Point></Placemark><Placemark><name>Verkstedhallen</name><ExtendedData><Data name="@id"><value>way/104013321</value></Data><Data name="amenity"><value>community_centre</value></Data><Data name="building"><value>commercial</value></Data><Data name="name"><value>Verkstedhallen</value></Data><Data name="ref:bygningsnr"><value>182125156</value></Data><Data name="@geometry"><value>center</value></Data></ExtendedData><Point><coordinates>10.4226455,63.43823</coordinates></Point></Placemark><Placemark><name>Jesperudhuset</name><ExtendedData><Data name="@id"><value>way/107817053</value></Data><Data name="amenity"><value>community_centre</value></Data><Data name="ref:bygningsnr"><value>80957173</value></Data><Data name="name"><value>Jesperudhuset</value></Data><Data name="building"><value>civic</value></Data><Data name="@geometry"><value>center</value></Data></ExtendedData><Point><coordinates>10.932137,59.9621773</coordinates></Point></Placemark><Placemark><name>Forland bedehus</name><ExtendedData><Data name="@id"><value>way/109586458</value></Data><Data name="amenity"><value>community_centre</value></Data><Data name="building"><value>chapel</value></Data><Data name="building:levels"><value>1</value></Data><Data name="name"><value>Forland bedehus</value></Data><Data name="ref:bygningsnr"><value>175495622</value></Data><Data name="@geometry"><value>center</value></Data></ExtendedData><Point><coordinates>5.1030091,60.1882126</coordinates></Point></Placemark><Placemark><name>Elsker</name><ExtendedData><Data name="@id"><value>way/111845747</value></Data><Data name="smoking"><value>no</value></Data><Data name="amenity"><value>nightclub</value></Data><Data name="building:part"><value>yes</value></Data><Data name="lgbtq"><value>primary</value></Data><Data name="min_age"><value>21</value></Data><Data name="name"><value>Elsker</value></Data><Data name="opening_hours:covid19"><value>closed</value></Data><Data name="@geometry"><value>center</value></Data></ExtendedData><Point><coordinates>10.737937,59.9154295</coordinates></Point></Placemark><Placemark><name>Blitzhuset</name><description>Sjølstyrt ungdomshus og senter for venstreradikal utenomparlamentarisk aktivisme i Oslo.</description><ExtendedData><Data name="@id"><value>way/112150247</value></Data><Data name="amenity"><value>community_centre</value></Data><Data name="building"><value>office</value></Data><Data name="building:levels"><value>3</value></Data><Data name="description"><value>Sjølstyrt ungdomshus og senter for venstreradikal utenomparlamentarisk aktivisme i Oslo.</value></Data><Data name="name"><value>Blitzhuset</value></Data><Data name="name:en"><value>Blitz house</value></Data><Data name="ref:bygningsnr"><value>80480423</value></Data><Data name="roof:shape"><value>gabled</value></Data><Data name="start_date"><value>1982</value></Data><Data name="unit"><value>C</value></Data><Data name="website"><value>http://www.blitz.no/</value></Data><Data name="wheelchair"><value>no</value></Data><Data name="wikidata"><value>Q2203897</value></Data><Data name="wikipedia"><value>no:Blitz</value></Data><Data name="@geometry"><value>center</value></Data></ExtendedData><Point><coordinates>10.7374715,59.918501</coordinates></Point></Placemark><Placemark><name>Ottestad samfunshus</name><ExtendedData><Data name="@id"><value>way/112356141</value></Data><Data name="amenity"><value>community_centre</value></Data><Data name="building"><value>religious</value></Data><Data name="name"><value>Ottestad samfunshus</value></Data><Data name="ref:bygningsnr"><value>7244703</value></Data><Data name="@geometry"><value>center</value></Data></ExtendedData><Point><coordinates>11.1121298,60.7692261</coordinates></Point></Placemark><Placemark><name>Ris menighetshus</name><ExtendedData><Data name="@id"><value>way/123460930</value></Data><Data name="amenity"><value>community_centre</value></Data><Data name="building"><value>civic</value></Data><Data name="building:levels"><value>2</value></Data><Data name="name"><value>Ris menighetshus</value></Data><Data name="ref:bygningsnr"><value>80121806</value></Data><Data name="@geometry"><value>center</value></Data></ExtendedData><Point><coordinates>10.7025855,59.9482015</coordinates></Point></Placemark><Placemark><name>Storelvahallen</name><ExtendedData><Data name="@id"><value>way/129116101</value></Data><Data name="ref:bygningsnr"><value>22371606</value></Data><Data name="name"><value>Storelvahallen</value></Data><Data name="leisure"><value>sports_centre</value></Data><Data name="amenity"><value>community_centre</value></Data><Data name="building"><value>sports_centre</value></Data><Data name="@geometry"><value>center</value></Data></ExtendedData><Point><coordinates>18.7921952,69.6865433</coordinates></Point></Placemark><Placemark><name>Kampen kirkes menighetshus</name><ExtendedData><Data name="@id"><value>way/132155278</value></Data><Data name="wikidata"><value>Q10297276</value></Data><Data name="religion"><value>christian</value></Data><Data name="ref:bygningsnr"><value>80595743</value></Data><Data name="amenity"><value>community_centre</value></Data><Data name="building"><value>kindergarten</value></Data><Data name="community_centre"><value>parish_hall</value></Data><Data name="name"><value>Kampen kirkes menighetshus</value></Data><Data name="@geometry"><value>center</value></Data></ExtendedData><Point><coordinates>10.783409,59.9120815</coordinates></Point></Placemark><Placemark><name>Korshamn Grendehus</name><ExtendedData><Data name="@id"><value>way/132837100</value></Data><Data name="amenity"><value>community_centre</value></Data><Data name="building"><value>civic</value></Data><Data name="name"><value>Korshamn Grendehus</value></Data><Data name="operator"><value>Korshamn Grendehus</value></Data><Data name="ref:bygningsnr"><value>169481911</value></Data><Data name="@geometry"><value>center</value></Data></ExtendedData><Point><coordinates>7.0064395,58.0232485</coordinates></Point></Placemark><Placemark><name>Kroer Samfunnshus</name><ExtendedData><Data name="@id"><value>way/132859659</value></Data><Data name="amenity"><value>community_centre</value></Data><Data name="building"><value>kindergarten</value></Data><Data name="name"><value>Kroer Samfunnshus</value></Data><Data name="opening_hours"><value>&quot;its rented out for special occasions, no regular opening hours.&quot;</value></Data><Data name="ref:bygningsnr"><value>149121498</value></Data><Data name="@geometry"><value>center</value></Data></ExtendedData><Point><coordinates>10.850499,59.6330605</coordinates></Point></Placemark><Placemark><name>Slettaelva grendehus</name><ExtendedData><Data name="@id"><value>way/132876179</value></Data><Data name="amenity"><value>community_centre</value></Data><Data name="building"><value>civic</value></Data><Data name="name"><value>Slettaelva grendehus</value></Data><Data name="ref:bygningsnr"><value>16526827</value></Data><Data name="@geometry"><value>center</value></Data></ExtendedData><Point><coordinates>18.8956424,69.702971</coordinates></Point></Placemark><Placemark><name>Liahøi</name><ExtendedData><Data name="@id"><value>way/132908850</value></Data><Data name="amenity"><value>community_centre</value></Data><Data name="building"><value>civic</value></Data><Data name="name"><value>Liahøi</value></Data><Data name="ref:bygningsnr"><value>149097236</value></Data><Data name="website"><value>http://www.liahoi.no/</value></Data><Data name="@geometry"><value>center</value></Data></ExtendedData><Point><coordinates>10.7689461,59.7217105</coordinates></Point></Placemark><Placemark><ExtendedData><Data name="@id"><value>way/135744484</value></Data><Data name="amenity"><value>community_centre</value></Data><Data name="building"><value>yes</value></Data><Data name="ref:bygningsnr"><value>8016461</value></Data><Data name="@geometry"><value>center</value></Data></ExtendedData><Point><coordinates>10.0003237,59.7739336</coordinates></Point></Placemark><Placemark><name>Brevik Kulturhus</name><ExtendedData><Data name="@id"><value>way/136790942</value></Data><Data name="amenity"><value>community_centre</value></Data><Data name="building"><value>civic</value></Data><Data name="name"><value>Brevik Kulturhus</value></Data><Data name="operator"><value>Porsgrunn Kommune</value></Data><Data name="ref:bygningsnr"><value>163995956</value></Data><Data name="@geometry"><value>center</value></Data></ExtendedData><Point><coordinates>9.698019,59.054272</coordinates></Point></Placemark><Placemark><ExtendedData><Data name="@id"><value>way/156114509</value></Data><Data name="amenity"><value>community_centre</value></Data><Data name="building"><value>garages</value></Data><Data name="ref:bygningsnr"><value>81015112</value></Data><Data name="@geometry"><value>center</value></Data></ExtendedData><Point><coordinates>10.9182118,59.9315893</coordinates></Point></Placemark><Placemark><name>ISAK</name><ExtendedData><Data name="@id"><value>way/160686716</value></Data><Data name="amenity"><value>community_centre</value></Data><Data name="building"><value>civic</value></Data><Data name="building:levels"><value>2</value></Data><Data name="name"><value>ISAK</value></Data><Data name="opening_hours"><value>Mo-Th 09:00-21:30; Fr 09:00-18:30</value></Data><Data name="ref:bygningsnr"><value>182777927</value></Data><Data name="roof:shape"><value>gabled</value></Data><Data name="website"><value>http://isak.no/</value></Data><Data name="wheelchair"><value>yes</value></Data><Data name="@geometry"><value>center</value></Data></ExtendedData><Point><coordinates>10.390869,63.4330235</coordinates></Point></Placemark><Placemark><name>Tinghus 2</name><ExtendedData><Data name="@id"><value>way/163738653</value></Data><Data name="amenity"><value>community_centre</value></Data><Data name="building"><value>yes</value></Data><Data name="name"><value>Tinghus 2</value></Data><Data name="office"><value>Vacant building</value></Data><Data name="@geometry"><value>center</value></Data></ExtendedData><Point><coordinates>6.8213806,61.1853383</coordinates></Point></Placemark><Placemark><name>Festiviteten</name><ExtendedData><Data name="@id"><value>way/167174422</value></Data><Data name="ref:bygningsnr"><value>168787006</value></Data><Data name="name"><value>Festiviteten</value></Data><Data name="amenity"><value>community_centre</value></Data><Data name="building"><value>civic</value></Data><Data name="@geometry"><value>center</value></Data></ExtendedData><Point><coordinates>6.6369153,58.0850057</coordinates></Point></Placemark><Placemark><name>Befalsmessa</name><ExtendedData><Data name="@id"><value>way/167229381</value></Data><Data name="alt_name"><value>Offiseren</value></Data><Data name="amenity"><value>community_centre</value></Data><Data name="building"><value>office</value></Data><Data name="loc_ref"><value>30</value></Data><Data name="name"><value>Befalsmessa</value></Data><Data name="operator"><value>Lista Flypark Hotell &amp; Appartements</value></Data><Data name="ref:bygningsnr"><value>24460126</value></Data><Data name="website"><value>https://www.lista-flypark.no/Hotell-og-appertements/1155242</value></Data><Data name="@geometry"><value>center</value></Data></ExtendedData><Point><coordinates>6.6147022,58.1152377</coordinates></Point></Placemark><Placemark><name>Nortun</name><ExtendedData><Data name="@id"><value>way/167235354</value></Data><Data name="amenity"><value>community_centre</value></Data><Data name="building"><value>civic</value></Data><Data name="name"><value>Nortun</value></Data><Data name="ref:bygningsnr"><value>168790198</value></Data><Data name="@geometry"><value>center</value></Data></ExtendedData><Point><coordinates>6.6137818,58.1270938</coordinates></Point></Placemark><Placemark><name>Vigmostad bede- og grendehus</name><ExtendedData><Data name="@id"><value>way/167310521</value></Data><Data name="amenity"><value>community_centre</value></Data><Data name="building"><value>chapel</value></Data><Data name="description:no"><value>Flerbrukshus som kan leies til konfirmasjoner, bursdager og lignende.</value></Data><Data name="name"><value>Vigmostad bede- og grendehus</value></Data><Data name="ref:bygningsnr"><value>168809492</value></Data><Data name="@geometry"><value>center</value></Data></ExtendedData><Point><coordinates>6.6519296,58.1515905</coordinates></Point></Placemark><Placemark><name>Vanseheim</name><ExtendedData><Data name="@id"><value>way/167516907</value></Data><Data name="ref:bygningsnr"><value>168800142</value></Data><Data name="name"><value>Vanseheim</value></Data><Data name="amenity"><value>community_centre</value></Data><Data name="building"><value>civic</value></Data><Data name="@geometry"><value>center</value></Data></ExtendedData><Point><coordinates>6.6894041,58.0980795</coordinates></Point></Placemark><Placemark><name>Tveit grendehus</name><ExtendedData><Data name="@id"><value>way/167664797</value></Data><Data name="amenity"><value>community_centre</value></Data><Data name="building"><value>civic</value></Data><Data name="name"><value>Tveit grendehus</value></Data><Data name="ref:bygningsnr"><value>168811926</value></Data><Data name="wheelchair"><value>no</value></Data><Data name="@geometry"><value>center</value></Data></ExtendedData><Point><coordinates>6.657437,58.136523</coordinates></Point></Placemark><Placemark><name>Hananger Grendehus</name><ExtendedData><Data name="@id"><value>way/167787331</value></Data><Data name="amenity"><value>community_centre</value></Data><Data name="building"><value>civic</value></Data><Data name="name"><value>Hananger Grendehus</value></Data><Data name="ref:bygningsnr"><value>168814704</value></Data><Data name="@geometry"><value>center</value></Data></ExtendedData><Point><coordinates>6.7113473,58.0803276</coordinates></Point></Placemark><Placemark><name>Frøynes grendehus</name><ExtendedData><Data name="@id"><value>way/168135445</value></Data><Data name="amenity"><value>community_centre</value></Data><Data name="building"><value>civic</value></Data><Data name="name"><value>Frøynes grendehus</value></Data><Data name="note:no"><value>Grendehus i bruk av kretsen. Se http://innsyn.farsund.kommune.no/Publikum/getfile.aspx/ephdoc/?db%3DEPHORTE%26ParamCount%3D2%26UB_ID%3D8950%26SakType%3DSaksFremlegg</value></Data><Data name="ref:bygningsnr"><value>168859236</value></Data><Data name="@geometry"><value>center</value></Data></ExtendedData><Point><coordinates>6.8442706,58.1350281</coordinates></Point></Placemark><Placemark><name>Vestbygda grendehus</name><ExtendedData><Data name="@id"><value>way/168625069</value></Data><Data name="alt_name"><value>Vestbygden grendehus</value></Data><Data name="amenity"><value>community_centre</value></Data><Data name="building"><value>civic</value></Data><Data name="name"><value>Vestbygda grendehus</value></Data><Data name="note:no"><value>Grendehus i bruk av kretsen. Se http://innsyn.farsund.kommune.no/Publikum/getfile.aspx/ephdoc/?db%3DEPHORTE%26ParamCount%3D2%26UB_ID%3D8950%26SakType%3DSaksFremlegg</value></Data><Data name="old_name"><value>Vestbygda skolehus</value></Data><Data name="ref:bygningsnr"><value>168845944</value></Data><Data name="@geometry"><value>center</value></Data></ExtendedData><Point><coordinates>6.749348,58.2070123</coordinates></Point></Placemark><Placemark><name>Orelåven selskapslokaler</name><ExtendedData><Data name="@id"><value>way/169021329</value></Data><Data name="amenity"><value>community_centre</value></Data><Data name="name"><value>Orelåven selskapslokaler</value></Data><Data name="source"><value>Bing</value></Data><Data name="website"><value>http://www.orelaaven.com/</value></Data><Data name="@geometry"><value>center</value></Data></ExtendedData><Point><coordinates>6.6342505,58.1083105</coordinates></Point></Placemark><Placemark><name>Austad Grendehus</name><ExtendedData><Data name="@id"><value>way/169698327</value></Data><Data name="name"><value>Austad Grendehus</value></Data><Data name="building"><value>yes</value></Data><Data name="amenity"><value>community_centre</value></Data><Data name="air_conditioning"><value>yes</value></Data><Data name="@geometry"><value>center</value></Data></ExtendedData><Point><coordinates>7.0440867,58.089906</coordinates></Point></Placemark><Placemark><name>Spind Grendehus</name><ExtendedData><Data name="@id"><value>way/170858430</value></Data><Data name="name"><value>Spind Grendehus</value></Data><Data name="amenity"><value>community_centre</value></Data><Data name="@geometry"><value>center</value></Data></ExtendedData><Point><coordinates>6.8689969,58.1010055</coordinates></Point></Placemark><Placemark><name>Kjærrane</name><ExtendedData><Data name="@id"><value>way/172650050</value></Data><Data name="amenity"><value>community_centre</value></Data><Data name="building"><value>religious</value></Data><Data name="name"><value>Kjærrane</value></Data><Data name="old_name"><value>Grokjærrane</value></Data><Data name="operator"><value>Ynglingeforeningen</value></Data><Data name="ref:bygningsnr"><value>168061684</value></Data><Data name="@geometry"><value>center</value></Data></ExtendedData><Point><coordinates>7.921329,58.15619</coordinates></Point></Placemark><Placemark><name>Ungdomshallen</name><ExtendedData><Data name="@id"><value>way/177527230</value></Data><Data name="amenity"><value>community_centre</value></Data><Data name="building"><value>civic</value></Data><Data name="building:levels"><value>2</value></Data><Data name="name"><value>Ungdomshallen</value></Data><Data name="ref:bygningsnr"><value>174901287</value></Data><Data name="@geometry"><value>center</value></Data></ExtendedData><Point><coordinates>6.4219151,60.6284897</coordinates></Point></Placemark><Placemark><name>Jondal Kulturhus</name><ExtendedData><Data name="@id"><value>way/179202042</value></Data><Data name="amenity"><value>community_centre</value></Data><Data name="building"><value>garage</value></Data><Data name="name"><value>Jondal Kulturhus</value></Data><Data name="ref:bygningsnr"><value>194873050</value></Data><Data name="@geometry"><value>center</value></Data></ExtendedData><Point><coordinates>6.2526105,60.278629</coordinates></Point></Placemark><Placemark><name>Forum Expo</name><ExtendedData><Data name="@id"><value>way/183497765</value></Data><Data name="amenity"><value>community_centre</value></Data><Data name="building"><value>commercial</value></Data><Data name="name"><value>Forum Expo</value></Data><Data name="ref:bygningsnr"><value>300311427</value></Data><Data name="ssr:stedsnr"><value>545324</value></Data><Data name="stavanger_forum_ref"><value>E</value></Data><Data name="@geometry"><value>center</value></Data></ExtendedData><Point><coordinates>5.696727,58.9545765</coordinates></Point></Placemark><Placemark><name>Fredshuset</name><ExtendedData><Data name="@id"><value>way/183822363</value></Data><Data name="amenity"><value>community_centre</value></Data><Data name="building"><value>office</value></Data><Data name="name"><value>Fredshuset</value></Data><Data name="name:en"><value>Norwegian Peace House</value></Data><Data name="ref:bygningsnr"><value>80478275</value></Data><Data name="@geometry"><value>center</value></Data></ExtendedData><Point><coordinates>10.7475485,59.9144865</coordinates></Point></Placemark><Placemark><name>Vangseter</name><ExtendedData><Data name="@id"><value>way/184176400</value></Data><Data name="amenity"><value>community_centre</value></Data><Data name="name"><value>Vangseter</value></Data><Data name="@geometry"><value>center</value></Data></ExtendedData><Point><coordinates>11.1828877,60.8830028</coordinates></Point></Placemark><Placemark><name>Spangereid Grendehus</name><ExtendedData><Data name="@id"><value>way/190516797</value></Data><Data name="name"><value>Spangereid Grendehus</value></Data><Data name="ref:bygningsnr"><value>9055517</value></Data><Data name="building"><value>civic</value></Data><Data name="amenity"><value>community_centre</value></Data><Data name="@geometry"><value>center</value></Data></ExtendedData><Point><coordinates>7.1470809,58.0427451</coordinates></Point></Placemark><Placemark><name>Speidernes Hus</name><ExtendedData><Data name="@id"><value>way/191544620</value></Data><Data name="amenity"><value>community_centre</value></Data><Data name="building"><value>civic</value></Data><Data name="name"><value>Speidernes Hus</value></Data><Data name="ref:bygningsnr"><value>149445404</value></Data><Data name="@geometry"><value>center</value></Data></ExtendedData><Point><coordinates>10.6659225,59.8527678</coordinates></Point></Placemark><Placemark><name>Ilen menighetshus</name><ExtendedData><Data name="@id"><value>way/192470226</value></Data><Data name="amenity"><value>community_centre</value></Data><Data name="building"><value>religious</value></Data><Data name="name"><value>Ilen menighetshus</value></Data><Data name="ref:bygningsnr"><value>182792721</value></Data><Data name="@geometry"><value>center</value></Data></ExtendedData><Point><coordinates>10.3663415,63.4289705</coordinates></Point></Placemark><Placemark><name>Polarhallen</name><ExtendedData><Data name="@id"><value>way/194926130</value></Data><Data name="ref:bygningsnr"><value>117955486</value></Data><Data name="name"><value>Polarhallen</value></Data><Data name="leisure"><value>sports_centre</value></Data><Data name="amenity"><value>community_centre</value></Data><Data name="building"><value>sports_centre</value></Data><Data name="@geometry"><value>center</value></Data></ExtendedData><Point><coordinates>24.6554463,70.9994311</coordinates></Point></Placemark><Placemark><name>Folkets hus</name><ExtendedData><Data name="@id"><value>way/195928901</value></Data><Data name="amenity"><value>community_centre</value></Data><Data name="building"><value>civic</value></Data><Data name="name"><value>Folkets hus</value></Data><Data name="ref:bygningsnr"><value>208256</value></Data><Data name="@geometry"><value>center</value></Data></ExtendedData><Point><coordinates>14.3875477,67.2831884</coordinates></Point></Placemark><Placemark><name>Klokkergården</name><ExtendedData><Data name="@id"><value>way/197812894</value></Data><Data name="amenity"><value>community_centre</value></Data><Data name="building"><value>barn</value></Data><Data name="name"><value>Klokkergården</value></Data><Data name="ref:bygningsnr"><value>140437336</value></Data><Data name="@geometry"><value>center</value></Data></ExtendedData><Point><coordinates>10.3876915,59.7464959</coordinates></Point></Placemark><Placemark><name>Steinsland ungdomshus</name><ExtendedData><Data name="@id"><value>way/200199501</value></Data><Data name="amenity"><value>community_centre</value></Data><Data name="building"><value>civic</value></Data><Data name="name"><value>Steinsland ungdomshus</value></Data><Data name="ref:bygningsnr"><value>175499121</value></Data><Data name="@geometry"><value>center</value></Data></ExtendedData><Point><coordinates>5.097362,60.1980465</coordinates></Point></Placemark><Placemark><name>Nidarhall</name><ExtendedData><Data name="@id"><value>way/208198433</value></Data><Data name="ref:bygningsnr"><value>8807108</value></Data><Data name="name"><value>Nidarhall</value></Data><Data name="building"><value>civic</value></Data><Data name="amenity"><value>community_centre</value></Data><Data name="@geometry"><value>center</value></Data></ExtendedData><Point><coordinates>8.6329792,58.5151864</coordinates></Point></Placemark><Placemark><name>Askerøya gamle skole</name><ExtendedData><Data name="@id"><value>way/217708176</value></Data><Data name="amenity"><value>community_centre</value></Data><Data name="name"><value>Askerøya gamle skole</value></Data><Data name="@geometry"><value>center</value></Data></ExtendedData><Point><coordinates>9.0775602,58.6149678</coordinates></Point></Placemark><Placemark><name>Bøler samfunnshus</name><ExtendedData><Data name="@id"><value>way/219678886</value></Data><Data name="ref:bygningsnr"><value>80688695</value></Data><Data name="amenity"><value>community_centre</value></Data><Data name="building"><value>civic</value></Data><Data name="name"><value>Bøler samfunnshus</value></Data><Data name="@geometry"><value>center</value></Data></ExtendedData><Point><coordinates>10.8435984,59.8827873</coordinates></Point></Placemark><Placemark><name>Kjeldebotn samfunnshus</name><ExtendedData><Data name="@id"><value>way/220886590</value></Data><Data name="amenity"><value>community_centre</value></Data><Data name="building"><value>school</value></Data><Data name="name"><value>Kjeldebotn samfunnshus</value></Data><Data name="ref:bygningsnr"><value>189394209</value></Data><Data name="sport"><value>multi</value></Data><Data name="@geometry"><value>center</value></Data></ExtendedData><Point><coordinates>16.6583685,68.4064135</coordinates></Point></Placemark><Placemark><name>Uvdal Herredshus</name><ExtendedData><Data name="@id"><value>way/220888851</value></Data><Data name="amenity"><value>community_centre</value></Data><Data name="name"><value>Uvdal Herredshus</value></Data><Data name="building"><value>civic</value></Data><Data name="ref:bygningsnr"><value>161439606</value></Data><Data name="@geometry"><value>center</value></Data></ExtendedData><Point><coordinates>8.7518519,60.2693468</coordinates></Point></Placemark><Placemark><name>Hvitsten Grendehus</name><ExtendedData><Data name="@id"><value>way/225921423</value></Data><Data name="amenity"><value>community_centre</value></Data><Data name="building"><value>civic</value></Data><Data name="name"><value>Hvitsten Grendehus</value></Data><Data name="ref:bygningsnr"><value>148719527</value></Data><Data name="website"><value>http://www.vestby.kommune.no/hvitsten-grendehus.79279.no.html</value></Data><Data name="@geometry"><value>center</value></Data></ExtendedData><Point><coordinates>10.6658696,59.6037269</coordinates></Point></Placemark><Placemark><name>Orm skole</name><ExtendedData><Data name="@id"><value>way/227466124</value></Data><Data name="amenity"><value>community_centre</value></Data><Data name="building"><value>civic</value></Data><Data name="name"><value>Orm skole</value></Data><Data name="ref:bygningsnr"><value>158889625</value></Data><Data name="ssr:stedsnr"><value>731933</value></Data><Data name="@geometry"><value>center</value></Data></ExtendedData><Point><coordinates>9.5256785,59.7005285</coordinates></Point></Placemark><Placemark><name>Mastebogen</name><ExtendedData><Data name="@id"><value>way/228194316</value></Data><Data name="amenity"><value>community_centre</value></Data><Data name="building"><value>civic</value></Data><Data name="name"><value>Mastebogen</value></Data><Data name="ref:bygningsnr"><value>160768193</value></Data><Data name="ssr:stedsnr"><value>488516</value></Data><Data name="@geometry"><value>center</value></Data></ExtendedData><Point><coordinates>9.9401979,59.635413</coordinates></Point></Placemark><Placemark><ExtendedData><Data name="@id"><value>way/228216444</value></Data><Data name="amenity"><value>community_centre</value></Data><Data name="landuse"><value>commercial</value></Data><Data name="@geometry"><value>center</value></Data></ExtendedData><Point><coordinates>13.712544,66.8748847</coordinates></Point></Placemark><Placemark><name>Ørnes menighetshus</name><ExtendedData><Data name="@id"><value>way/228216451</value></Data><Data name="amenity"><value>community_centre</value></Data><Data name="building"><value>religious</value></Data><Data name="name"><value>Ørnes menighetshus</value></Data><Data name="ref:bygningsnr"><value>11184340</value></Data><Data name="@geometry"><value>center</value></Data></ExtendedData><Point><coordinates>13.7124818,66.8748667</coordinates></Point></Placemark><Placemark><ExtendedData><Data name="@id"><value>way/230207009</value></Data><Data name="amenity"><value>community_centre</value></Data><Data name="community_centre:for"><value>juvenile</value></Data><Data name="@geometry"><value>center</value></Data></ExtendedData><Point><coordinates>13.7714387,66.830597</coordinates></Point></Placemark><Placemark><ExtendedData><Data name="@id"><value>way/230875704</value></Data><Data name="amenity"><value>community_centre</value></Data><Data name="building"><value>office</value></Data><Data name="community_centre"><value>meeting_room</value></Data><Data name="ref:bygningsnr"><value>188606091</value></Data><Data name="@geometry"><value>center</value></Data></ExtendedData><Point><coordinates>13.979442,66.8100377</coordinates></Point></Placemark><Placemark><name>Solheim</name><ExtendedData><Data name="@id"><value>way/231136002</value></Data><Data name="ref:bygningsnr"><value>187040272</value></Data><Data name="name"><value>Solheim</value></Data><Data name="building"><value>civic</value></Data><Data name="amenity"><value>community_centre</value></Data><Data name="@geometry"><value>center</value></Data></ExtendedData><Point><coordinates>13.9884518,67.2803729</coordinates></Point></Placemark><Placemark><name>Halsa samfunnshus</name><ExtendedData><Data name="@id"><value>way/231910222</value></Data><Data name="amenity"><value>community_centre</value></Data><Data name="building"><value>civic</value></Data><Data name="name"><value>Halsa samfunnshus</value></Data><Data name="ref:bygningsnr"><value>11187803</value></Data><Data name="@geometry"><value>center</value></Data></ExtendedData><Point><coordinates>13.5572045,66.7430373</coordinates></Point></Placemark><Placemark><name>Fjelltun</name><ExtendedData><Data name="@id"><value>way/233023515</value></Data><Data name="amenity"><value>community_centre</value></Data><Data name="building"><value>yes</value></Data><Data name="name"><value>Fjelltun</value></Data><Data name="ref:bygningsnr"><value>10869226</value></Data><Data name="@geometry"><value>center</value></Data></ExtendedData><Point><coordinates>10.60611,63.7658645</coordinates></Point></Placemark><Placemark><ExtendedData><Data name="@id"><value>way/233368447</value></Data><Data name="amenity"><value>community_centre</value></Data><Data name="@geometry"><value>center</value></Data></ExtendedData><Point><coordinates>13.7602756,66.7585897</coordinates></Point></Placemark><Placemark><name>Digerud grendestue</name><ExtendedData><Data name="@id"><value>way/237964843</value></Data><Data name="website"><value>http://digerudutleielokale.com/index.html</value></Data><Data name="amenity"><value>community_centre</value></Data><Data name="building"><value>civic</value></Data><Data name="name"><value>Digerud grendestue</value></Data><Data name="ref:bygningsnr"><value>149271813</value></Data><Data name="@geometry"><value>center</value></Data></ExtendedData><Point><coordinates>10.6151232,59.72043</coordinates></Point></Placemark><Placemark><ExtendedData><Data name="@id"><value>way/239173701</value></Data><Data name="amenity"><value>community_centre</value></Data><Data name="@geometry"><value>center</value></Data></ExtendedData><Point><coordinates>13.4435052,66.9244127</coordinates></Point></Placemark><Placemark><ExtendedData><Data name="@id"><value>way/239173741</value></Data><Data name="amenity"><value>community_centre</value></Data><Data name="@geometry"><value>center</value></Data></ExtendedData><Point><coordinates>13.4414783,66.923792</coordinates></Point></Placemark><Placemark><ExtendedData><Data name="@id"><value>way/239173751</value></Data><Data name="amenity"><value>community_centre</value></Data><Data name="@geometry"><value>center</value></Data></ExtendedData><Point><coordinates>13.4436239,66.9240626</coordinates></Point></Placemark><Placemark><ExtendedData><Data name="@id"><value>way/240378166</value></Data><Data name="amenity"><value>community_centre</value></Data><Data name="@geometry"><value>center</value></Data></ExtendedData><Point><coordinates>13.6770437,66.8512015</coordinates></Point></Placemark><Placemark><ExtendedData><Data name="@id"><value>way/240413888</value></Data><Data name="amenity"><value>community_centre</value></Data><Data name="@geometry"><value>center</value></Data></ExtendedData><Point><coordinates>13.2183674,66.7980687</coordinates></Point></Placemark><Placemark><ExtendedData><Data name="@id"><value>way/240413902</value></Data><Data name="amenity"><value>community_centre</value></Data><Data name="@geometry"><value>center</value></Data></ExtendedData><Point><coordinates>13.2322061,66.803292</coordinates></Point></Placemark><Placemark><ExtendedData><Data name="@id"><value>way/240519334</value></Data><Data name="amenity"><value>community_centre</value></Data><Data name="@geometry"><value>center</value></Data></ExtendedData><Point><coordinates>13.3335107,66.7520549</coordinates></Point></Placemark><Placemark><ExtendedData><Data name="@id"><value>way/240519337</value></Data><Data name="ref:bygningsnr"><value>188556736</value></Data><Data name="amenity"><value>community_centre</value></Data><Data name="building"><value>religious</value></Data><Data name="@geometry"><value>center</value></Data></ExtendedData><Point><coordinates>13.370006,66.7836905</coordinates></Point></Placemark><Placemark><ExtendedData><Data name="@id"><value>way/241094862</value></Data><Data name="amenity"><value>community_centre</value></Data><Data name="@geometry"><value>center</value></Data></ExtendedData><Point><coordinates>13.4476135,66.7890173</coordinates></Point></Placemark><Placemark><name>URD Samfunnshus</name><ExtendedData><Data name="@id"><value>way/241499232</value></Data><Data name="amenity"><value>community_centre</value></Data><Data name="name"><value>URD Samfunnshus</value></Data><Data name="opening_hours"><value>&quot;Etter avtale&quot;</value></Data><Data name="@geometry"><value>center</value></Data></ExtendedData><Point><coordinates>13.409121,66.8233708</coordinates></Point></Placemark><Placemark><name>Florø Kulturhus</name><ExtendedData><Data name="@id"><value>way/248664608</value></Data><Data name="name"><value>Florø Kulturhus</value></Data><Data name="amenity"><value>community_centre</value></Data><Data name="building"><value>civic</value></Data><Data name="layer"><value>1</value></Data><Data name="opening_hours"><value>Mo-Fr 08:00-20:00, Sa 11:00-14:00</value></Data><Data name="ref:bygningsnr"><value>176611499</value></Data><Data name="website"><value>https://www.florasamfunnshus.no/</value></Data><Data name="@geometry"><value>center</value></Data></ExtendedData><Point><coordinates>5.037465,61.6000676</coordinates></Point></Placemark><Placemark><ExtendedData><Data name="@id"><value>way/251470653</value></Data><Data name="amenity"><value>community_centre</value></Data><Data name="@geometry"><value>center</value></Data></ExtendedData><Point><coordinates>13.6353319,66.9096718</coordinates></Point></Placemark><Placemark><name>Reipå ungdomshus</name><ExtendedData><Data name="@id"><value>way/255897154</value></Data><Data name="amenity"><value>community_centre</value></Data><Data name="building"><value>civic</value></Data><Data name="community_centre:for"><value>juvenile</value></Data><Data name="name"><value>Reipå ungdomshus</value></Data><Data name="ref:bygningsnr"><value>188575129</value></Data><Data name="@geometry"><value>center</value></Data></ExtendedData><Point><coordinates>13.6430415,66.911828</coordinates></Point></Placemark><Placemark><name>Elvatun Ungdomshus</name><ExtendedData><Data name="@id"><value>way/260447486</value></Data><Data name="amenity"><value>community_centre</value></Data><Data name="name"><value>Elvatun Ungdomshus</value></Data><Data name="building"><value>civic</value></Data><Data name="ref:bygningsnr"><value>174794731</value></Data><Data name="@geometry"><value>center</value></Data></ExtendedData><Point><coordinates>6.9147094,60.5702743</coordinates></Point></Placemark><Placemark><name>Bluebox</name><ExtendedData><Data name="@id"><value>way/268586598</value></Data><Data name="website"><value>http://www.bluebox.no/</value></Data><Data name="amenity"><value>nightclub</value></Data><Data name="building"><value>university</value></Data><Data name="building:levels"><value>2</value></Data><Data name="name"><value>Bluebox</value></Data><Data name="opening_hours"><value>Tu 16:00-22:00, Th,Fr 16:00-24:00, Sa 21:00-02:00</value></Data><Data name="ref:bygningsnr"><value>300555322</value></Data><Data name="wheelchair"><value>yes</value></Data><Data name="@geometry"><value>center</value></Data></ExtendedData><Point><coordinates>8.5775165,58.3346755</coordinates></Point></Placemark><Placemark><name>Haraset leirsted</name><ExtendedData><Data name="@id"><value>way/269931190</value></Data><Data name="amenity"><value>social_centre</value></Data><Data name="name"><value>Haraset leirsted</value></Data><Data name="operator"><value>Normisjon region øst</value></Data><Data name="tourism"><value>chalet</value></Data><Data name="url"><value>http://www.normisjonost.no/haraset/</value></Data><Data name="@geometry"><value>center</value></Data></ExtendedData><Point><coordinates>11.383813,60.6629846</coordinates></Point></Placemark><Placemark><name>Soknahall</name><ExtendedData><Data name="@id"><value>way/285857698</value></Data><Data name="amenity"><value>community_centre</value></Data><Data name="name"><value>Soknahall</value></Data><Data name="building"><value>civic</value></Data><Data name="ref:bygningsnr"><value>3434826</value></Data><Data name="@geometry"><value>center</value></Data></ExtendedData><Point><coordinates>10.1905858,62.9493739</coordinates></Point></Placemark><Placemark><ExtendedData><Data name="@id"><value>way/285886694</value></Data><Data name="amenity"><value>community_centre</value></Data><Data name="building"><value>religious</value></Data><Data name="ref:bygningsnr"><value>188572065</value></Data><Data name="@geometry"><value>center</value></Data></ExtendedData><Point><coordinates>13.5944681,66.8057347</coordinates></Point></Placemark><Placemark><ExtendedData><Data name="@id"><value>way/286603767</value></Data><Data name="amenity"><value>community_centre</value></Data><Data name="building"><value>civic</value></Data><Data name="ref:bygningsnr"><value>18299291</value></Data><Data name="@geometry"><value>center</value></Data></ExtendedData><Point><coordinates>13.5006339,66.7955406</coordinates></Point></Placemark><Placemark><name>Revelltun grendehus</name><ExtendedData><Data name="@id"><value>way/287362322</value></Data><Data name="amenity"><value>community_centre</value></Data><Data name="building"><value>civic</value></Data><Data name="name"><value>Revelltun grendehus</value></Data><Data name="ref:bygningsnr"><value>10867339</value></Data><Data name="@geometry"><value>center</value></Data></ExtendedData><Point><coordinates>10.3976833,63.5865537</coordinates></Point></Placemark><Placemark><ExtendedData><Data name="@id"><value>way/289368472</value></Data><Data name="amenity"><value>community_centre</value></Data><Data name="building"><value>civic</value></Data><Data name="ref:bygningsnr"><value>188579817</value></Data><Data name="@geometry"><value>center</value></Data></ExtendedData><Point><coordinates>13.6664625,66.7667086</coordinates></Point></Placemark><Placemark><name>Lademoen bydelshus</name><ExtendedData><Data name="@id"><value>way/289786191</value></Data><Data name="amenity"><value>community_centre</value></Data><Data name="building"><value>religious</value></Data><Data name="name"><value>Lademoen bydelshus</value></Data><Data name="ref:bygningsnr"><value>182134473</value></Data><Data name="url"><value>https://lademoen-bydelshus.no/</value></Data><Data name="@geometry"><value>center</value></Data></ExtendedData><Point><coordinates>10.420524,63.436832</coordinates></Point></Placemark><Placemark><name>ReMida Senter for Kreativ Gjenbruk</name><ExtendedData><Data name="@id"><value>way/289788267</value></Data><Data name="amenity"><value>community_centre</value></Data><Data name="building"><value>civic</value></Data><Data name="name"><value>ReMida Senter for Kreativ Gjenbruk</value></Data><Data name="ref:bygningsnr"><value>182125148</value></Data><Data name="@geometry"><value>center</value></Data></ExtendedData><Point><coordinates>10.4232881,63.4383869</coordinates></Point></Placemark><Placemark><name>Pakkhuset</name><ExtendedData><Data name="@id"><value>way/290804530</value></Data><Data name="amenity"><value>social_centre</value></Data><Data name="building"><value>civic</value></Data><Data name="name"><value>Pakkhuset</value></Data><Data name="operator"><value>Nes Blues Club</value></Data><Data name="ref:bygningsnr"><value>151461034</value></Data><Data name="website"><value>http://nesblues.no/</value></Data><Data name="@geometry"><value>center</value></Data></ExtendedData><Point><coordinates>11.4659933,60.124653</coordinates></Point></Placemark><Placemark><ExtendedData><Data name="@id"><value>way/297819978</value></Data><Data name="amenity"><value>community_centre</value></Data><Data name="building"><value>civic</value></Data><Data name="ref:bygningsnr"><value>191065980</value></Data><Data name="@geometry"><value>center</value></Data></ExtendedData><Point><coordinates>16.1724102,68.7716304</coordinates></Point></Placemark><Placemark><ExtendedData><Data name="@id"><value>way/303571805</value></Data><Data name="amenity"><value>community_centre</value></Data><Data name="building"><value>civic</value></Data><Data name="building:levels"><value>2</value></Data><Data name="ref:bygningsnr"><value>189340702</value></Data><Data name="roof:levels"><value>1</value></Data><Data name="roof:shape"><value>hipped</value></Data><Data name="@geometry"><value>center</value></Data></ExtendedData><Point><coordinates>16.6259946,68.4603745</coordinates></Point></Placemark><Placemark><name>Høgda folkehus</name><ExtendedData><Data name="@id"><value>way/304900130</value></Data><Data name="amenity"><value>community_centre</value></Data><Data name="building"><value>civic</value></Data><Data name="name"><value>Høgda folkehus</value></Data><Data name="ref:bygningsnr"><value>189348630</value></Data><Data name="@geometry"><value>center</value></Data></ExtendedData><Point><coordinates>16.9004033,68.4888972</coordinates></Point></Placemark><Placemark><name>Folkets hus</name><ExtendedData><Data name="@id"><value>way/306725488</value></Data><Data name="amenity"><value>community_centre</value></Data><Data name="name"><value>Folkets hus</value></Data><Data name="building"><value>civic</value></Data><Data name="building:levels"><value>1</value></Data><Data name="ref:bygningsnr"><value>152435983</value></Data><Data name="@geometry"><value>center</value></Data></ExtendedData><Point><coordinates>10.845026,60.8023805</coordinates></Point></Placemark><Placemark><name>Sjåberget grill- og kulturbu</name><ExtendedData><Data name="@id"><value>way/312859209</value></Data><Data name="amenity"><value>community_centre</value></Data><Data name="building"><value>house</value></Data><Data name="building:levels"><value>1</value></Data><Data name="name"><value>Sjåberget grill- og kulturbu</value></Data><Data name="opening_hours"><value>&quot;on request&quot;</value></Data><Data name="roof:levels"><value>1</value></Data><Data name="roof:shape"><value>skillion</value></Data><Data name="@geometry"><value>center</value></Data></ExtendedData><Point><coordinates>16.5973913,68.4551227</coordinates></Point></Placemark><Placemark><ExtendedData><Data name="@id"><value>way/312922613</value></Data><Data name="amenity"><value>community_centre</value></Data><Data name="building"><value>religious</value></Data><Data name="heritage"><value>yes</value></Data><Data name="ref:bygningsnr"><value>189342322</value></Data><Data name="@geometry"><value>center</value></Data></ExtendedData><Point><coordinates>16.6998535,68.458793</coordinates></Point></Placemark><Placemark><name>Samfunnet</name><ExtendedData><Data name="@id"><value>way/319919279</value></Data><Data name="alt_name"><value>Ådalsbruk arbeidersamfunn</value></Data><Data name="amenity"><value>community_centre</value></Data><Data name="name"><value>Samfunnet</value></Data><Data name="building"><value>civic</value></Data><Data name="ref:bygningsnr"><value>140131482</value></Data><Data name="@geometry"><value>center</value></Data></ExtendedData><Point><coordinates>11.32167,60.788509</coordinates></Point></Placemark><Placemark><name>Waldemarhøy</name><ExtendedData><Data name="@id"><value>way/321286492</value></Data><Data name="ref:bygningsnr"><value>140075140</value></Data><Data name="amenity"><value>community_centre</value></Data><Data name="building"><value>office</value></Data><Data name="name"><value>Waldemarhøy</value></Data><Data name="operator"><value>Ski kommune</value></Data><Data name="@geometry"><value>center</value></Data></ExtendedData><Point><coordinates>10.8372892,59.7228695</coordinates></Point></Placemark><Placemark><ExtendedData><Data name="@id"><value>way/322498273</value></Data><Data name="amenity"><value>community_centre</value></Data><Data name="building"><value>civic</value></Data><Data name="ref:bygningsnr"><value>11193730</value></Data><Data name="@geometry"><value>center</value></Data></ExtendedData><Point><coordinates>13.7758841,67.161174</coordinates></Point></Placemark><Placemark><ExtendedData><Data name="@id"><value>way/322498337</value></Data><Data name="amenity"><value>community_centre</value></Data><Data name="building"><value>civic</value></Data><Data name="ref:bygningsnr"><value>188657273</value></Data><Data name="@geometry"><value>center</value></Data></ExtendedData><Point><coordinates>13.7798621,67.1707169</coordinates></Point></Placemark><Placemark><name>Rambu</name><ExtendedData><Data name="@id"><value>way/322648368</value></Data><Data name="amenity"><value>community_centre</value></Data><Data name="name"><value>Rambu</value></Data><Data name="building"><value>civic</value></Data><Data name="ref:bygningsnr"><value>184160692</value></Data><Data name="@geometry"><value>center</value></Data></ExtendedData><Point><coordinates>11.5557709,62.5035819</coordinates></Point></Placemark><Placemark><name>Husmorstua forsamlingshus</name><ExtendedData><Data name="@id"><value>way/323419142</value></Data><Data name="amenity"><value>community_centre</value></Data><Data name="building"><value>civic</value></Data><Data name="name"><value>Husmorstua forsamlingshus</value></Data><Data name="ref:bygningsnr"><value>188652514</value></Data><Data name="@geometry"><value>center</value></Data></ExtendedData><Point><coordinates>13.7278347,66.9451963</coordinates></Point></Placemark><Placemark><name>Ul Lys</name><ExtendedData><Data name="@id"><value>way/323955739</value></Data><Data name="amenity"><value>community_centre</value></Data><Data name="building"><value>civic</value></Data><Data name="name"><value>Ul Lys</value></Data><Data name="ref:bygningsnr"><value>188658911</value></Data><Data name="@geometry"><value>center</value></Data></ExtendedData><Point><coordinates>13.8030276,66.9648073</coordinates></Point></Placemark><Placemark><ExtendedData><Data name="@id"><value>way/325190657</value></Data><Data name="amenity"><value>community_centre</value></Data><Data name="building"><value>civic</value></Data><Data name="ref:bygningsnr"><value>188669239</value></Data><Data name="@geometry"><value>center</value></Data></ExtendedData><Point><coordinates>13.978237,67.0079897</coordinates></Point></Placemark><Placemark><ExtendedData><Data name="@id"><value>way/326516217</value></Data><Data name="amenity"><value>community_centre</value></Data><Data name="building"><value>civic</value></Data><Data name="ref:bygningsnr"><value>188663117</value></Data><Data name="@geometry"><value>center</value></Data></ExtendedData><Point><coordinates>13.977454,66.9713953</coordinates></Point></Placemark><Placemark><ExtendedData><Data name="@id"><value>way/327747363</value></Data><Data name="amenity"><value>community_centre</value></Data><Data name="ref:bygningsnr"><value>188665888</value></Data><Data name="building"><value>civic</value></Data><Data name="@geometry"><value>center</value></Data></ExtendedData><Point><coordinates>14.0275476,67.0333558</coordinates></Point></Placemark><Placemark><ExtendedData><Data name="@id"><value>way/327957895</value></Data><Data name="amenity"><value>community_centre</value></Data><Data name="building"><value>civic</value></Data><Data name="ref:bygningsnr"><value>188670857</value></Data><Data name="@geometry"><value>center</value></Data></ExtendedData><Point><coordinates>14.0583477,67.0744686</coordinates></Point></Placemark><Placemark><name>Ekko</name><ExtendedData><Data name="@id"><value>way/330228344</value></Data><Data name="amenity"><value>community_centre</value></Data><Data name="building"><value>civic</value></Data><Data name="name"><value>Ekko</value></Data><Data name="ref:bygningsnr"><value>168834624</value></Data><Data name="@geometry"><value>center</value></Data></ExtendedData><Point><coordinates>6.798296,58.095379</coordinates></Point></Placemark><Placemark><ExtendedData><Data name="@id"><value>way/335016299</value></Data><Data name="amenity"><value>community_centre</value></Data><Data name="building"><value>civic</value></Data><Data name="ref:bygningsnr"><value>11189512</value></Data><Data name="@geometry"><value>center</value></Data></ExtendedData><Point><coordinates>14.3210415,67.0679993</coordinates></Point></Placemark><Placemark><ExtendedData><Data name="@id"><value>way/337584151</value></Data><Data name="amenity"><value>community_centre</value></Data><Data name="building"><value>civic</value></Data><Data name="ref:bygningsnr"><value>188665187</value></Data><Data name="@geometry"><value>center</value></Data></ExtendedData><Point><coordinates>13.9579468,67.0356389</coordinates></Point></Placemark><Placemark><name>Øygarden kulturhus</name><ExtendedData><Data name="@id"><value>way/337861537</value></Data><Data name="amenity"><value>community_centre</value></Data><Data name="name"><value>Øygarden kulturhus</value></Data><Data name="building"><value>sports_centre</value></Data><Data name="ref:bygningsnr"><value>176083700</value></Data><Data name="@geometry"><value>center</value></Data></ExtendedData><Point><coordinates>4.9035324,60.516331</coordinates></Point></Placemark><Placemark><ExtendedData><Data name="@id"><value>way/338793790</value></Data><Data name="amenity"><value>community_centre</value></Data><Data name="building"><value>shed</value></Data><Data name="ref:bygningsnr"><value>188659942</value></Data><Data name="@geometry"><value>center</value></Data></ExtendedData><Point><coordinates>13.8543515,67.0745725</coordinates></Point></Placemark><Placemark><name>Ungdomshus</name><ExtendedData><Data name="@id"><value>way/338793919</value></Data><Data name="amenity"><value>community_centre</value></Data><Data name="building"><value>civic</value></Data><Data name="name"><value>Ungdomshus</value></Data><Data name="ref:bygningsnr"><value>188656005</value></Data><Data name="@geometry"><value>center</value></Data></ExtendedData><Point><coordinates>13.7769913,67.0592445</coordinates></Point></Placemark><Placemark><ExtendedData><Data name="@id"><value>way/339736377</value></Data><Data name="amenity"><value>community_centre</value></Data><Data name="building"><value>civic</value></Data><Data name="ref:bygningsnr"><value>188676480</value></Data><Data name="@geometry"><value>center</value></Data></ExtendedData><Point><coordinates>14.0052018,67.1558912</coordinates></Point></Placemark><Placemark><name>Nordlys Grendehus</name><ExtendedData><Data name="@id"><value>way/341189537</value></Data><Data name="amenity"><value>community_centre</value></Data><Data name="building"><value>civic</value></Data><Data name="name"><value>Nordlys Grendehus</value></Data><Data name="ref:bygningsnr"><value>188678831</value></Data><Data name="@geometry"><value>center</value></Data></ExtendedData><Point><coordinates>13.9695308,67.1409493</coordinates></Point></Placemark><Placemark><ExtendedData><Data name="@id"><value>way/360313652</value></Data><Data name="amenity"><value>community_centre</value></Data><Data name="building"><value>civic</value></Data><Data name="ref:bygningsnr"><value>188673368</value></Data><Data name="@geometry"><value>center</value></Data></ExtendedData><Point><coordinates>14.0497822,67.1176497</coordinates></Point></Placemark><Placemark><ExtendedData><Data name="@id"><value>way/361009827</value></Data><Data name="amenity"><value>community_centre</value></Data><Data name="building"><value>civic</value></Data><Data name="ref:bygningsnr"><value>188686966</value></Data><Data name="@geometry"><value>center</value></Data></ExtendedData><Point><coordinates>14.1485295,67.1236365</coordinates></Point></Placemark><Placemark><ExtendedData><Data name="@id"><value>way/361405188</value></Data><Data name="amenity"><value>community_centre</value></Data><Data name="building"><value>civic</value></Data><Data name="ref:bygningsnr"><value>188652212</value></Data><Data name="@geometry"><value>center</value></Data></ExtendedData><Point><coordinates>14.2497718,67.1862095</coordinates></Point></Placemark><Placemark><ExtendedData><Data name="@id"><value>way/361722525</value></Data><Data name="amenity"><value>community_centre</value></Data><Data name="building"><value>civic</value></Data><Data name="ref:bygningsnr"><value>188687377</value></Data><Data name="@geometry"><value>center</value></Data></ExtendedData><Point><coordinates>14.2279548,67.1113272</coordinates></Point></Placemark><Placemark><ExtendedData><Data name="@id"><value>way/362032970</value></Data><Data name="amenity"><value>community_centre</value></Data><Data name="building"><value>civic</value></Data><Data name="ref:bygningsnr"><value>188686168</value></Data><Data name="@geometry"><value>center</value></Data></ExtendedData><Point><coordinates>14.2110137,67.0469997</coordinates></Point></Placemark><Placemark><name>Kjennhaug</name><ExtendedData><Data name="@id"><value>way/364581905</value></Data><Data name="alt_name"><value>Lokalet</value></Data><Data name="amenity"><value>community_centre</value></Data><Data name="building"><value>civic</value></Data><Data name="name"><value>Kjennhaug</value></Data><Data name="ref:bygningsnr"><value>193551521</value></Data><Data name="@geometry"><value>center</value></Data></ExtendedData><Point><coordinates>9.0539575,58.5912623</coordinates></Point></Placemark><Placemark><name>Berlevåg samfunnshus</name><ExtendedData><Data name="@id"><value>way/365006026</value></Data><Data name="amenity"><value>community_centre</value></Data><Data name="name"><value>Berlevåg samfunnshus</value></Data><Data name="building"><value>civic</value></Data><Data name="ref:bygningsnr"><value>192950201</value></Data><Data name="@geometry"><value>center</value></Data></ExtendedData><Point><coordinates>29.087614,70.8560805</coordinates></Point></Placemark><Placemark><name>Grimshalli</name><ExtendedData><Data name="@id"><value>way/381319401</value></Data><Data name="amenity"><value>community_centre</value></Data><Data name="building"><value>civic</value></Data><Data name="name"><value>Grimshalli</value></Data><Data name="ref:bygningsnr"><value>174936463</value></Data><Data name="@geometry"><value>center</value></Data></ExtendedData><Point><coordinates>6.5172646,60.6677725</coordinates></Point></Placemark><Placemark><name>Spjeld Grendahus</name><ExtendedData><Data name="@id"><value>way/381737803</value></Data><Data name="alt_name"><value>Spjeldshuset</value></Data><Data name="amenity"><value>community_centre</value></Data><Data name="building"><value>civic</value></Data><Data name="name"><value>Spjeld Grendahus</value></Data><Data name="old_name"><value>Spjeld Bedehus</value></Data><Data name="ref:bygningsnr"><value>175624171</value></Data><Data name="@geometry"><value>center</value></Data></ExtendedData><Point><coordinates>5.0403393,60.3908715</coordinates></Point></Placemark><Placemark><name>Fjell grendahus</name><ExtendedData><Data name="@id"><value>way/381855585</value></Data><Data name="amenity"><value>community_centre</value></Data><Data name="building"><value>civic</value></Data><Data name="name"><value>Fjell grendahus</value></Data><Data name="ref:bygningsnr"><value>175583300</value></Data><Data name="@geometry"><value>center</value></Data></ExtendedData><Point><coordinates>5.0718556,60.3289905</coordinates></Point></Placemark><Placemark><name>Landro samfunnshus</name><ExtendedData><Data name="@id"><value>way/382038550</value></Data><Data name="amenity"><value>community_centre</value></Data><Data name="name"><value>Landro samfunnshus</value></Data><Data name="building"><value>civic</value></Data><Data name="ref:bygningsnr"><value>175604596</value></Data><Data name="@geometry"><value>center</value></Data></ExtendedData><Point><coordinates>4.9667865,60.428663</coordinates></Point></Placemark><Placemark><ExtendedData><Data name="@id"><value>way/386346361</value></Data><Data name="amenity"><value>community_centre</value></Data><Data name="building"><value>civic</value></Data><Data name="ref:bygningsnr"><value>188723411</value></Data><Data name="@geometry"><value>center</value></Data></ExtendedData><Point><coordinates>14.5577831,67.0262466</coordinates></Point></Placemark><Placemark><ExtendedData><Data name="@id"><value>way/389105388</value></Data><Data name="amenity"><value>community_centre</value></Data><Data name="@geometry"><value>center</value></Data></ExtendedData><Point><coordinates>8.5863593,59.8796542</coordinates></Point></Placemark><Placemark><ExtendedData><Data name="@id"><value>way/390252044</value></Data><Data name="amenity"><value>community_centre</value></Data><Data name="building"><value>civic</value></Data><Data name="ref:bygningsnr"><value>188720773</value></Data><Data name="@geometry"><value>center</value></Data></ExtendedData><Point><coordinates>14.4281185,67.0905365</coordinates></Point></Placemark><Placemark><ExtendedData><Data name="@id"><value>way/390828675</value></Data><Data name="amenity"><value>community_centre</value></Data><Data name="building"><value>civic</value></Data><Data name="ref:bygningsnr"><value>188727131</value></Data><Data name="@geometry"><value>center</value></Data></ExtendedData><Point><coordinates>14.5488299,67.0730382</coordinates></Point></Placemark><Placemark><ExtendedData><Data name="@id"><value>way/392453852</value></Data><Data name="amenity"><value>community_centre</value></Data><Data name="building"><value>civic</value></Data><Data name="ref:bygningsnr"><value>188722296</value></Data><Data name="@geometry"><value>center</value></Data></ExtendedData><Point><coordinates>14.6588871,66.8778916</coordinates></Point></Placemark><Placemark><name>Bronli IL forsamlingshus</name><ExtendedData><Data name="@id"><value>way/394106662</value></Data><Data name="amenity"><value>community_centre</value></Data><Data name="building"><value>civic</value></Data><Data name="name"><value>Bronli IL forsamlingshus</value></Data><Data name="ref:bygningsnr"><value>188721257</value></Data><Data name="@geometry"><value>center</value></Data></ExtendedData><Point><coordinates>14.6042267,66.7866092</coordinates></Point></Placemark><Placemark><ExtendedData><Data name="@id"><value>way/400146576</value></Data><Data name="amenity"><value>community_centre</value></Data><Data name="building"><value>civic</value></Data><Data name="ref:bygningsnr"><value>188732771</value></Data><Data name="@geometry"><value>center</value></Data></ExtendedData><Point><coordinates>14.7991439,66.9783042</coordinates></Point></Placemark><Placemark><name>Fellesskapet Aktivitetssenter</name><ExtendedData><Data name="@id"><value>way/403499979</value></Data><Data name="amenity"><value>community_centre</value></Data><Data name="building"><value>yes</value></Data><Data name="contact:phone"><value>+47 468 23 500</value></Data><Data name="name"><value>Fellesskapet Aktivitetssenter</value></Data><Data name="ref:bygningsnr"><value>147336764</value></Data><Data name="website"><value>https://www.io.kommune.no/</value></Data><Data name="@geometry"><value>center</value></Data></ExtendedData><Point><coordinates>11.1623459,59.5862041</coordinates></Point></Placemark><Placemark><ExtendedData><Data name="@id"><value>way/405071744</value></Data><Data name="amenity"><value>community_centre</value></Data><Data name="building"><value>office</value></Data><Data name="ref:bygningsnr"><value>186397460</value></Data><Data name="@geometry"><value>center</value></Data></ExtendedData><Point><coordinates>13.592881,64.46404</coordinates></Point></Placemark><Placemark><ExtendedData><Data name="@id"><value>way/423209185</value></Data><Data name="amenity"><value>community_centre</value></Data><Data name="building"><value>civic</value></Data><Data name="ref:bygningsnr"><value>183367005</value></Data><Data name="@geometry"><value>center</value></Data></ExtendedData><Point><coordinates>8.6574395,63.8647911</coordinates></Point></Placemark><Placemark><name>Kragerø Røde Kors</name><ExtendedData><Data name="@id"><value>way/430871138</value></Data><Data name="amenity"><value>social_centre</value></Data><Data name="name"><value>Kragerø Røde Kors</value></Data><Data name="building"><value>barn</value></Data><Data name="ref:bygningsnr"><value>165354729</value></Data><Data name="@geometry"><value>center</value></Data></ExtendedData><Point><coordinates>9.3964937,58.8695103</coordinates></Point></Placemark><Placemark><name>Risørhuset kulturhus</name><ExtendedData><Data name="@id"><value>way/445390884</value></Data><Data name="ref:bygningsnr"><value>8703310</value></Data><Data name="amenity"><value>community_centre</value></Data><Data name="building"><value>civic</value></Data><Data name="name"><value>Risørhuset kulturhus</value></Data><Data name="@geometry"><value>center</value></Data></ExtendedData><Point><coordinates>9.229061,58.719391</coordinates></Point></Placemark><Placemark><name>Ungdomshuset Dalheim</name><ExtendedData><Data name="@id"><value>way/462070206</value></Data><Data name="amenity"><value>community_centre</value></Data><Data name="building"><value>civic</value></Data><Data name="name"><value>Ungdomshuset Dalheim</value></Data><Data name="opening_hours:signed"><value>no</value></Data><Data name="ref:bygningsnr"><value>12494157</value></Data><Data name="@geometry"><value>center</value></Data></ExtendedData><Point><coordinates>5.2296784,60.6826829</coordinates></Point></Placemark><Placemark><name>Sokndalshallen</name><ExtendedData><Data name="@id"><value>way/475732012</value></Data><Data name="website"><value>https://www.facebook.com/sokndalidrettshall/</value></Data><Data name="ref:bygningsnr"><value>9187944</value></Data><Data name="name"><value>Sokndalshallen</value></Data><Data name="building"><value>sports_centre</value></Data><Data name="amenity"><value>community_centre</value></Data><Data name="@geometry"><value>center</value></Data></ExtendedData><Point><coordinates>6.2920645,58.3463766</coordinates></Point></Placemark><Placemark><name>Førdehuset</name><ExtendedData><Data name="@id"><value>way/480888521</value></Data><Data name="amenity"><value>community_centre</value></Data><Data name="building"><value>civic</value></Data><Data name="name"><value>Førdehuset</value></Data><Data name="operator"><value>Førde kommune</value></Data><Data name="ref:bygningsnr"><value>13141525</value></Data><Data name="@geometry"><value>center</value></Data></ExtendedData><Point><coordinates>5.8669365,61.453834</coordinates></Point></Placemark><Placemark><name>Grendehuset</name><ExtendedData><Data name="@id"><value>way/509323875</value></Data><Data name="ref:bygningsnr"><value>15275715</value></Data><Data name="building"><value>civic</value></Data><Data name="name"><value>Grendehuset</value></Data><Data name="amenity"><value>community_centre</value></Data><Data name="@geometry"><value>center</value></Data></ExtendedData><Point><coordinates>11.2060965,60.2451905</coordinates></Point></Placemark><Placemark><name>Raknestunet</name><ExtendedData><Data name="@id"><value>way/548431436</value></Data><Data name="amenity"><value>community_centre</value></Data><Data name="building"><value>commercial</value></Data><Data name="name"><value>Raknestunet</value></Data><Data name="operator"><value>Nordhordland Indremisjon</value></Data><Data name="operator:type"><value>religious</value></Data><Data name="ref:bygningsnr"><value>9845372</value></Data><Data name="religion"><value>christian</value></Data><Data name="website"><value>https://www.raknestunet.no/</value></Data><Data name="@geometry"><value>center</value></Data></ExtendedData><Point><coordinates>5.423181,60.5551175</coordinates></Point></Placemark><Placemark><ExtendedData><Data name="@id"><value>way/553065986</value></Data><Data name="amenity"><value>community_centre</value></Data><Data name="building"><value>civic</value></Data><Data name="ref:bygningsnr"><value>11801668</value></Data><Data name="@geometry"><value>center</value></Data></ExtendedData><Point><coordinates>5.189571,59.2609953</coordinates></Point></Placemark><Placemark><name>Bygdahuset Vonheim</name><ExtendedData><Data name="@id"><value>way/557074573</value></Data><Data name="amenity"><value>community_centre</value></Data><Data name="building"><value>civic</value></Data><Data name="name"><value>Bygdahuset Vonheim</value></Data><Data name="operator"><value>Sylte og Malme ungdomslag</value></Data><Data name="ref:bygningsnr"><value>15647442</value></Data><Data name="@geometry"><value>center</value></Data></ExtendedData><Point><coordinates>7.23923,62.815911</coordinates></Point></Placemark><Placemark><ExtendedData><Data name="@id"><value>way/564633506</value></Data><Data name="amenity"><value>community_centre</value></Data><Data name="building"><value>civic</value></Data><Data name="ref:bygningsnr"><value>188535453</value></Data><Data name="@geometry"><value>center</value></Data></ExtendedData><Point><coordinates>13.4240195,66.6896292</coordinates></Point></Placemark><Placemark><ExtendedData><Data name="@id"><value>way/569648089</value></Data><Data name="amenity"><value>community_centre</value></Data><Data name="building"><value>civic</value></Data><Data name="ref:bygningsnr"><value>188524850</value></Data><Data name="@geometry"><value>center</value></Data></ExtendedData><Point><coordinates>13.29136,66.6250275</coordinates></Point></Placemark><Placemark><ExtendedData><Data name="@id"><value>way/573469494</value></Data><Data name="amenity"><value>community_centre</value></Data><Data name="building"><value>civic</value></Data><Data name="ref:bygningsnr"><value>188522939</value></Data><Data name="@geometry"><value>center</value></Data></ExtendedData><Point><coordinates>13.312725,66.506346</coordinates></Point></Placemark><Placemark><name>Vossestrand Sambygg</name><ExtendedData><Data name="@id"><value>way/577614018</value></Data><Data name="amenity"><value>community_centre</value></Data><Data name="name"><value>Vossestrand Sambygg</value></Data><Data name="building"><value>yes</value></Data><Data name="building:levels"><value>3</value></Data><Data name="ref:bygningsnr"><value>9732659</value></Data><Data name="@geometry"><value>center</value></Data></ExtendedData><Point><coordinates>6.5094357,60.7925632</coordinates></Point></Placemark><Placemark><ExtendedData><Data name="@id"><value>way/578365387</value></Data><Data name="amenity"><value>community_centre</value></Data><Data name="building"><value>civic</value></Data><Data name="ref:bygningsnr"><value>188519180</value></Data><Data name="@geometry"><value>center</value></Data></ExtendedData><Point><coordinates>13.2318928,66.467844</coordinates></Point></Placemark><Placemark><ExtendedData><Data name="@id"><value>way/578395742</value></Data><Data name="amenity"><value>community_centre</value></Data><Data name="building"><value>civic</value></Data><Data name="ref:bygningsnr"><value>188465293</value></Data><Data name="@geometry"><value>center</value></Data></ExtendedData><Point><coordinates>13.1713783,66.4668444</coordinates></Point></Placemark><Placemark><ExtendedData><Data name="@id"><value>way/578812518</value></Data><Data name="amenity"><value>community_centre</value></Data><Data name="building"><value>civic</value></Data><Data name="ref:bygningsnr"><value>188468284</value></Data><Data name="@geometry"><value>center</value></Data></ExtendedData><Point><coordinates>13.0914788,66.5053446</coordinates></Point></Placemark><Placemark><name>Regnbuen</name><ExtendedData><Data name="@id"><value>way/579506068</value></Data><Data name="amenity"><value>community_centre</value></Data><Data name="building"><value>civic</value></Data><Data name="name"><value>Regnbuen</value></Data><Data name="ref:bygningsnr"><value>188513581</value></Data><Data name="@geometry"><value>center</value></Data></ExtendedData><Point><coordinates>13.0004792,66.56784</coordinates></Point></Placemark><Placemark><ExtendedData><Data name="@id"><value>way/580772060</value></Data><Data name="amenity"><value>community_centre</value></Data><Data name="building"><value>civic</value></Data><Data name="ref:bygningsnr"><value>188515754</value></Data><Data name="@geometry"><value>center</value></Data></ExtendedData><Point><coordinates>13.0672454,66.6572888</coordinates></Point></Placemark><Placemark><ExtendedData><Data name="@id"><value>way/581196943</value></Data><Data name="amenity"><value>community_centre</value></Data><Data name="building"><value>civic</value></Data><Data name="ref:bygningsnr"><value>188515185</value></Data><Data name="@geometry"><value>center</value></Data></ExtendedData><Point><coordinates>12.933903,66.586842</coordinates></Point></Placemark><Placemark><ExtendedData><Data name="@id"><value>way/581516059</value></Data><Data name="amenity"><value>community_centre</value></Data><Data name="building"><value>civic</value></Data><Data name="ref:bygningsnr"><value>188513042</value></Data><Data name="@geometry"><value>center</value></Data></ExtendedData><Point><coordinates>12.8528143,66.5467259</coordinates></Point></Placemark><Placemark><ExtendedData><Data name="@id"><value>way/581855320</value></Data><Data name="ref:bygningsnr"><value>188449484</value></Data><Data name="amenity"><value>community_centre</value></Data><Data name="building"><value>civic</value></Data><Data name="@geometry"><value>center</value></Data></ExtendedData><Point><coordinates>12.656883,66.5717305</coordinates></Point></Placemark><Placemark><ExtendedData><Data name="@id"><value>way/581855349</value></Data><Data name="amenity"><value>community_centre</value></Data><Data name="building"><value>civic</value></Data><Data name="ref:bygningsnr"><value>188449352</value></Data><Data name="@geometry"><value>center</value></Data></ExtendedData><Point><coordinates>12.6464535,66.5692693</coordinates></Point></Placemark><Placemark><name>Solhøid</name><ExtendedData><Data name="@id"><value>way/582600007</value></Data><Data name="amenity"><value>community_centre</value></Data><Data name="building"><value>house</value></Data><Data name="building:levels"><value>2</value></Data><Data name="name"><value>Solhøid</value></Data><Data name="ref:bygningsnr"><value>146872050</value></Data><Data name="@geometry"><value>center</value></Data></ExtendedData><Point><coordinates>11.022944,59.2437833</coordinates></Point></Placemark><Placemark><ExtendedData><Data name="@id"><value>way/582841758</value></Data><Data name="amenity"><value>community_centre</value></Data><Data name="building"><value>civic</value></Data><Data name="ref:bygningsnr"><value>188468748</value></Data><Data name="@geometry"><value>center</value></Data></ExtendedData><Point><coordinates>13.1118108,66.4020078</coordinates></Point></Placemark><Placemark><name>Tveit bygdahus</name><ExtendedData><Data name="@id"><value>way/583052773</value></Data><Data name="amenity"><value>community_centre</value></Data><Data name="building"><value>religious</value></Data><Data name="name"><value>Tveit bygdahus</value></Data><Data name="ref:bygningsnr"><value>9131205</value></Data><Data name="@geometry"><value>center</value></Data></ExtendedData><Point><coordinates>5.910129,58.822162</coordinates></Point></Placemark><Placemark><ExtendedData><Data name="@id"><value>way/583456130</value></Data><Data name="amenity"><value>community_centre</value></Data><Data name="building"><value>civic</value></Data><Data name="ref:bygningsnr"><value>188455565</value></Data><Data name="@geometry"><value>center</value></Data></ExtendedData><Point><coordinates>13.0193547,66.3371215</coordinates></Point></Placemark><Placemark><ExtendedData><Data name="@id"><value>way/583470221</value></Data><Data name="ref:bygningsnr"><value>188459927</value></Data><Data name="amenity"><value>community_centre</value></Data><Data name="building"><value>civic</value></Data><Data name="@geometry"><value>center</value></Data></ExtendedData><Point><coordinates>13.1040948,66.3229322</coordinates></Point></Placemark><Placemark><ExtendedData><Data name="@id"><value>way/587592612</value></Data><Data name="amenity"><value>community_centre</value></Data><Data name="building"><value>civic</value></Data><Data name="ref:bygningsnr"><value>188451500</value></Data><Data name="@geometry"><value>center</value></Data></ExtendedData><Point><coordinates>12.8644305,66.398404</coordinates></Point></Placemark><Placemark><ExtendedData><Data name="@id"><value>way/587592633</value></Data><Data name="amenity"><value>community_centre</value></Data><Data name="building"><value>civic</value></Data><Data name="ref:bygningsnr"><value>188451551</value></Data><Data name="@geometry"><value>center</value></Data></ExtendedData><Point><coordinates>12.8691149,66.3981877</coordinates></Point></Placemark><Placemark><name>Søre Osen Samfunnshus</name><ExtendedData><Data name="@id"><value>way/591190266</value></Data><Data name="amenity"><value>community_centre</value></Data><Data name="name"><value>Søre Osen Samfunnshus</value></Data><Data name="building"><value>civic</value></Data><Data name="ref:bygningsnr"><value>154181350</value></Data><Data name="@geometry"><value>center</value></Data></ExtendedData><Point><coordinates>11.987224,61.1069685</coordinates></Point></Placemark><Placemark><ExtendedData><Data name="@id"><value>way/591193370</value></Data><Data name="amenity"><value>community_centre</value></Data><Data name="building"><value>yes</value></Data><Data name="@geometry"><value>center</value></Data></ExtendedData><Point><coordinates>12.0937497,61.1315134</coordinates></Point></Placemark><Placemark><name>Skiptvet misjonshus</name><ExtendedData><Data name="@id"><value>way/605367083</value></Data><Data name="amenity"><value>community_centre</value></Data><Data name="building"><value>religious</value></Data><Data name="name"><value>Skiptvet misjonshus</value></Data><Data name="ref:bygningsnr"><value>147592671</value></Data><Data name="@geometry"><value>center</value></Data></ExtendedData><Point><coordinates>11.1713561,59.4698694</coordinates></Point></Placemark><Placemark><name>Eikvang</name><ExtendedData><Data name="@id"><value>way/605859301</value></Data><Data name="amenity"><value>community_centre</value></Data><Data name="building"><value>civic</value></Data><Data name="name"><value>Eikvang</value></Data><Data name="ref:bygningsnr"><value>162845462</value></Data><Data name="@geometry"><value>center</value></Data></ExtendedData><Point><coordinates>9.9137307,59.1106725</coordinates></Point></Placemark><Placemark><name>KUF-huset</name><ExtendedData><Data name="@id"><value>way/608109670</value></Data><Data name="amenity"><value>community_centre</value></Data><Data name="building"><value>religious</value></Data><Data name="name"><value>KUF-huset</value></Data><Data name="ref:bygningsnr"><value>163021080</value></Data><Data name="@geometry"><value>center</value></Data></ExtendedData><Point><coordinates>10.0478264,59.0562543</coordinates></Point></Placemark><Placemark><name>Søfteland Ungdomshus Urheim</name><ExtendedData><Data name="@id"><value>way/620497785</value></Data><Data name="amenity"><value>community_centre</value></Data><Data name="building"><value>civic</value></Data><Data name="name"><value>Søfteland Ungdomshus Urheim</value></Data><Data name="ref:bygningsnr"><value>12539266</value></Data><Data name="@geometry"><value>center</value></Data></ExtendedData><Point><coordinates>5.4471587,60.2381401</coordinates></Point></Placemark><Placemark><name>Nore Neset Idrettslag Klubbhus</name><ExtendedData><Data name="@id"><value>way/624107865</value></Data><Data name="amenity"><value>community_centre</value></Data><Data name="building"><value>yes</value></Data><Data name="name"><value>Nore Neset Idrettslag Klubbhus</value></Data><Data name="ref:bygningsnr"><value>300550656</value></Data><Data name="@geometry"><value>center</value></Data></ExtendedData><Point><coordinates>5.4145895,60.1788437</coordinates></Point></Placemark><Placemark><name>Skogstjerna</name><ExtendedData><Data name="@id"><value>way/639634707</value></Data><Data name="amenity"><value>community_centre</value></Data><Data name="building"><value>civic</value></Data><Data name="name"><value>Skogstjerna</value></Data><Data name="operator"><value>Markane Ungdomslag</value></Data><Data name="ref:bygningsnr"><value>178571095</value></Data><Data name="website"><value>https://www.facebook.com/MarkaneUngdomslag/</value></Data><Data name="@geometry"><value>center</value></Data></ExtendedData><Point><coordinates>6.5852176,61.9111202</coordinates></Point></Placemark><Placemark><name>Son kulturkirke</name><ExtendedData><Data name="@id"><value>way/640632571</value></Data><Data name="amenity"><value>community_centre</value></Data><Data name="alt_name"><value>SAGA</value></Data><Data name="architect"><value>Kvernaas Arkitekter AS</value></Data><Data name="building"><value>church</value></Data><Data name="capacity"><value>425</value></Data><Data name="deanery"><value>Søndre Follo</value></Data><Data name="denomination"><value>lutheran</value></Data><Data name="diocese"><value>Borg</value></Data><Data name="name"><value>Son kulturkirke</value></Data><Data name="operator"><value>Vestby kirkelige fellesråd</value></Data><Data name="parish"><value>Såner</value></Data><Data name="ref:bygningsnr"><value>300353193</value></Data><Data name="religion"><value>christian</value></Data><Data name="start_date"><value>2014</value></Data><Data name="toilets"><value>yes</value></Data><Data name="@geometry"><value>center</value></Data></ExtendedData><Point><coordinates>10.684825,59.5158385</coordinates></Point></Placemark><Placemark><ExtendedData><Data name="@id"><value>way/647205211</value></Data><Data name="amenity"><value>community_centre</value></Data><Data name="building"><value>civic</value></Data><Data name="ref:bygningsnr"><value>152417713</value></Data><Data name="@geometry"><value>center</value></Data></ExtendedData><Point><coordinates>10.8708561,60.7940404</coordinates></Point></Placemark><Placemark><ExtendedData><Data name="@id"><value>way/647205675</value></Data><Data name="amenity"><value>community_centre</value></Data><Data name="building"><value>civic</value></Data><Data name="ref:bygningsnr"><value>152415109</value></Data><Data name="@geometry"><value>center</value></Data></ExtendedData><Point><coordinates>10.867359,60.7913485</coordinates></Point></Placemark><Placemark><ExtendedData><Data name="@id"><value>way/647205828</value></Data><Data name="amenity"><value>community_centre</value></Data><Data name="@geometry"><value>center</value></Data></ExtendedData><Point><coordinates>10.8673451,60.7914562</coordinates></Point></Placemark><Placemark><ExtendedData><Data name="@id"><value>way/647206978</value></Data><Data name="amenity"><value>community_centre</value></Data><Data name="@geometry"><value>center</value></Data></ExtendedData><Point><coordinates>10.8708565,60.7939115</coordinates></Point></Placemark><Placemark><ExtendedData><Data name="@id"><value>way/649275213</value></Data><Data name="amenity"><value>community_centre</value></Data><Data name="building"><value>civic</value></Data><Data name="ref:bygningsnr"><value>152500505</value></Data><Data name="@geometry"><value>center</value></Data></ExtendedData><Point><coordinates>10.9652939,60.7517687</coordinates></Point></Placemark><Placemark><name>Jølstad grendehus</name><ExtendedData><Data name="@id"><value>way/651077465</value></Data><Data name="amenity"><value>community_centre</value></Data><Data name="building"><value>religious</value></Data><Data name="name"><value>Jølstad grendehus</value></Data><Data name="ref:bygningsnr"><value>152348517</value></Data><Data name="@geometry"><value>center</value></Data></ExtendedData><Point><coordinates>10.7817786,60.8417423</coordinates></Point></Placemark><Placemark><name>Nes bo- og behandlingssenter</name><ExtendedData><Data name="@id"><value>way/654725120</value></Data><Data name="name"><value>Nes bo- og behandlingssenter</value></Data><Data name="amenity"><value>community_centre</value></Data><Data name="landuse"><value>residential</value></Data><Data name="@geometry"><value>center</value></Data></ExtendedData><Point><coordinates>10.4559126,59.2531428</coordinates></Point></Placemark><Placemark><name>Sagatun</name><ExtendedData><Data name="@id"><value>way/659187530</value></Data><Data name="amenity"><value>community_centre</value></Data><Data name="building"><value>civic</value></Data><Data name="name"><value>Sagatun</value></Data><Data name="ref:bygningsnr"><value>13512612</value></Data><Data name="@geometry"><value>center</value></Data></ExtendedData><Point><coordinates>7.0766552,62.8445358</coordinates></Point></Placemark><Placemark><name>Bryggeslottet</name><ExtendedData><Data name="@id"><value>way/667557361</value></Data><Data name="amenity"><value>community_centre</value></Data><Data name="building"><value>sports_centre</value></Data><Data name="building:levels"><value>2</value></Data><Data name="name"><value>Bryggeslottet</value></Data><Data name="ref:bygningsnr"><value>20662212</value></Data><Data name="website"><value>https://www.modalen.kommune.no/innhald/natur-kultur-og-fritid/bryggjeslottet/</value></Data><Data name="@geometry"><value>center</value></Data></ExtendedData><Point><coordinates>5.80324,60.8135865</coordinates></Point></Placemark><Placemark><name>Sydskogen Grendehus</name><ExtendedData><Data name="@id"><value>way/675425992</value></Data><Data name="amenity"><value>community_centre</value></Data><Data name="name"><value>Sydskogen Grendehus</value></Data><Data name="building"><value>civic</value></Data><Data name="ref:bygningsnr"><value>8060843</value></Data><Data name="@geometry"><value>center</value></Data></ExtendedData><Point><coordinates>10.4534204,59.7614329</coordinates></Point></Placemark><Placemark><name>Røbekk kirkesenter</name><ExtendedData><Data name="@id"><value>way/681878952</value></Data><Data name="wheelchair"><value>yes</value></Data><Data name="toilets:wheelchair"><value>yes</value></Data><Data name="toilets"><value>yes</value></Data><Data name="roof:material"><value>wood</value></Data><Data name="roof:colour"><value>brown</value></Data><Data name="amenity"><value>community_centre</value></Data><Data name="building"><value>religious</value></Data><Data name="building:colour"><value>brown</value></Data><Data name="building:levels"><value>1</value></Data><Data name="building:material"><value>wood</value></Data><Data name="community_centre"><value>parish_hall</value></Data><Data name="name"><value>Røbekk kirkesenter</value></Data><Data name="ref:bygningsnr"><value>300572809</value></Data><Data name="@geometry"><value>center</value></Data></ExtendedData><Point><coordinates>7.2928255,62.7526415</coordinates></Point></Placemark><Placemark><name>Vikedal Bygdahus</name><ExtendedData><Data name="@id"><value>way/685112962</value></Data><Data name="name"><value>Vikedal Bygdahus</value></Data><Data name="ref:bygningsnr"><value>17956434</value></Data><Data name="building:levels"><value>1</value></Data><Data name="amenity"><value>community_centre</value></Data><Data name="building"><value>civic</value></Data><Data name="@geometry"><value>center</value></Data></ExtendedData><Point><coordinates>5.902528,59.4966792</coordinates></Point></Placemark><Placemark><name>Sjøglimt</name><ExtendedData><Data name="@id"><value>way/687917805</value></Data><Data name="amenity"><value>community_centre</value></Data><Data name="building"><value>hotel</value></Data><Data name="community_centre"><value>religious</value></Data><Data name="name"><value>Sjøglimt</value></Data><Data name="ref:bygningsnr"><value>147090242</value></Data><Data name="religion"><value>christian</value></Data><Data name="@geometry"><value>center</value></Data></ExtendedData><Point><coordinates>11.6277973,59.5031679</coordinates></Point></Placemark><Placemark><name>Skogtun</name><ExtendedData><Data name="@id"><value>way/695985672</value></Data><Data name="amenity"><value>community_centre</value></Data><Data name="building"><value>civic</value></Data><Data name="name"><value>Skogtun</value></Data><Data name="ref:bygningsnr"><value>183841750</value></Data><Data name="@geometry"><value>center</value></Data></ExtendedData><Point><coordinates>9.8777098,62.6562196</coordinates></Point></Placemark><Placemark><name>Åsgrend Grendehus</name><ExtendedData><Data name="@id"><value>way/700717666</value></Data><Data name="ref:bygningsnr"><value>8666717</value></Data><Data name="amenity"><value>community_centre</value></Data><Data name="building"><value>civic</value></Data><Data name="name"><value>Åsgrend Grendehus</value></Data><Data name="@geometry"><value>center</value></Data></ExtendedData><Point><coordinates>8.5727706,59.4437195</coordinates></Point></Placemark><Placemark><name>Skulestova</name><ExtendedData><Data name="@id"><value>way/707451808</value></Data><Data name="amenity"><value>community_centre</value></Data><Data name="building"><value>school</value></Data><Data name="name"><value>Skulestova</value></Data><Data name="ref:bygningsnr"><value>174694982</value></Data><Data name="@geometry"><value>center</value></Data></ExtendedData><Point><coordinates>6.7793861,60.440754</coordinates></Point></Placemark><Placemark><name>Molland Forsamlingshus</name><ExtendedData><Data name="@id"><value>way/719015315</value></Data><Data name="amenity"><value>community_centre</value></Data><Data name="building"><value>civic</value></Data><Data name="name"><value>Molland Forsamlingshus</value></Data><Data name="ref:bygningsnr"><value>166755859</value></Data><Data name="@geometry"><value>center</value></Data></ExtendedData><Point><coordinates>8.5431615,58.3228005</coordinates></Point></Placemark><Placemark><ExtendedData><Data name="@id"><value>way/741977202</value></Data><Data name="amenity"><value>community_centre</value></Data><Data name="building"><value>yes</value></Data><Data name="@geometry"><value>center</value></Data></ExtendedData><Point><coordinates>14.2137199,78.0648121</coordinates></Point></Placemark><Placemark><name>Hemne Fritidsklubbq</name><ExtendedData><Data name="@id"><value>way/745225318</value></Data><Data name="amenity"><value>community_centre</value></Data><Data name="name"><value>Hemne Fritidsklubbq</value></Data><Data name="building"><value>commercial</value></Data><Data name="ref:bygningsnr"><value>183121294</value></Data><Data name="@geometry"><value>center</value></Data></ExtendedData><Point><coordinates>9.0838092,63.2896846</coordinates></Point></Placemark><Placemark><ExtendedData><Data name="@id"><value>way/782796372</value></Data><Data name="amenity"><value>community_centre</value></Data><Data name="building"><value>civic</value></Data><Data name="ref:bygningsnr"><value>189730187</value></Data><Data name="@geometry"><value>center</value></Data></ExtendedData><Point><coordinates>14.845161,68.2332855</coordinates></Point></Placemark><Placemark><name>Nordlia Grendehus</name><ExtendedData><Data name="@id"><value>way/785192337</value></Data><Data name="amenity"><value>community_centre</value></Data><Data name="name"><value>Nordlia Grendehus</value></Data><Data name="@geometry"><value>center</value></Data></ExtendedData><Point><coordinates>10.7495954,60.7472337</coordinates></Point></Placemark><Placemark><name>Skulehuset</name><ExtendedData><Data name="@id"><value>way/801007840</value></Data><Data name="amenity"><value>community_centre</value></Data><Data name="building"><value>civic</value></Data><Data name="name"><value>Skulehuset</value></Data><Data name="ref:bygningsnr"><value>174760527</value></Data><Data name="@geometry"><value>center</value></Data></ExtendedData><Point><coordinates>6.8564592,60.4675725</coordinates></Point></Placemark><Placemark><name>Grannaheimen</name><ExtendedData><Data name="@id"><value>way/801403874</value></Data><Data name="amenity"><value>community_centre</value></Data><Data name="name"><value>Grannaheimen</value></Data><Data name="ref:bygningsnr"><value>174694532</value></Data><Data name="building"><value>civic</value></Data><Data name="layer"><value>1</value></Data><Data name="@geometry"><value>center</value></Data></ExtendedData><Point><coordinates>6.7857183,60.443646</coordinates></Point></Placemark><Placemark><ExtendedData><Data name="@id"><value>way/810300832</value></Data><Data name="amenity"><value>community_centre</value></Data><Data name="building"><value>civic</value></Data><Data name="ref:bygningsnr"><value>9694838</value></Data><Data name="@geometry"><value>center</value></Data></ExtendedData><Point><coordinates>6.6417388,60.3742903</coordinates></Point></Placemark><Placemark><name>Sekse Grendahus</name><ExtendedData><Data name="@id"><value>way/816282618</value></Data><Data name="amenity"><value>community_centre</value></Data><Data name="name"><value>Sekse Grendahus</value></Data><Data name="building"><value>civic</value></Data><Data name="ref:bygningsnr"><value>9691901</value></Data><Data name="@geometry"><value>center</value></Data></ExtendedData><Point><coordinates>6.6238485,60.2599903</coordinates></Point></Placemark><Placemark><name>Ranheim Menighetssenter</name><ExtendedData><Data name="@id"><value>way/816682690</value></Data><Data name="amenity"><value>community_centre</value></Data><Data name="name"><value>Ranheim Menighetssenter</value></Data><Data name="@geometry"><value>center</value></Data></ExtendedData><Point><coordinates>10.5376619,63.4295786</coordinates></Point></Placemark><Placemark><name>Fredtun</name><ExtendedData><Data name="@id"><value>way/838296529</value></Data><Data name="amenity"><value>community_centre</value></Data><Data name="name"><value>Fredtun</value></Data><Data name="building"><value>religious</value></Data><Data name="ref:bygningsnr"><value>163901935</value></Data><Data name="@geometry"><value>center</value></Data></ExtendedData><Point><coordinates>10.3943445,59.1171453</coordinates></Point></Placemark><Placemark><name>Samhald</name><ExtendedData><Data name="@id"><value>way/840167271</value></Data><Data name="air_conditioning"><value>yes</value></Data><Data name="amenity"><value>community_centre</value></Data><Data name="building"><value>kindergarten</value></Data><Data name="building:levels"><value>1</value></Data><Data name="building:levels:underground"><value>1</value></Data><Data name="name"><value>Samhald</value></Data><Data name="ref:bygningsnr"><value>9638962</value></Data><Data name="@geometry"><value>center</value></Data></ExtendedData><Point><coordinates>5.520205,59.8114675</coordinates></Point></Placemark><Placemark><ExtendedData><Data name="@id"><value>way/868814207</value></Data><Data name="amenity"><value>community_centre</value></Data><Data name="building"><value>school</value></Data><Data name="building:levels"><value>1</value></Data><Data name="ref:bygningsnr"><value>173836503</value></Data><Data name="@geometry"><value>center</value></Data></ExtendedData><Point><coordinates>5.2106275,59.600492</coordinates></Point></Placemark><Placemark><name>Vikanes borgstove</name><ExtendedData><Data name="@id"><value>way/888606328</value></Data><Data name="amenity"><value>community_centre</value></Data><Data name="building"><value>boathouse</value></Data><Data name="name"><value>Vikanes borgstove</value></Data><Data name="operator"><value>Alver kyrkjeleg fellesråd</value></Data><Data name="operator:type"><value>religious</value></Data><Data name="ref:bygningsnr"><value>176312343</value></Data><Data name="@geometry"><value>center</value></Data></ExtendedData><Point><coordinates>5.585568,60.6984295</coordinates></Point></Placemark><Placemark><name>Nyvoll Grendehus</name><ExtendedData><Data name="@id"><value>way/891904986</value></Data><Data name="amenity"><value>community_centre</value></Data><Data name="community_centre"><value>village_hall</value></Data><Data name="name"><value>Nyvoll Grendehus</value></Data><Data name="operator"><value>Nyvoll Grendehus og Bygdelag AL</value></Data><Data name="building"><value>civic</value></Data><Data name="ref:bygningsnr"><value>192619742</value></Data><Data name="@geometry"><value>center</value></Data></ExtendedData><Point><coordinates>23.3991625,70.2250019</coordinates></Point></Placemark><Placemark><name>Jomsborg</name><ExtendedData><Data name="@id"><value>way/894520724</value></Data><Data name="amenity"><value>community_centre</value></Data><Data name="building"><value>civic</value></Data><Data name="name"><value>Jomsborg</value></Data><Data name="ref:bygningsnr"><value>194401108</value></Data><Data name="website"><value>https://www.facebook.com/Lokalet-Jomsborg-325797670843860/</value></Data><Data name="@geometry"><value>center</value></Data></ExtendedData><Point><coordinates>10.238054,61.843323</coordinates></Point></Placemark><Placemark><name>Det store gule huset</name><ExtendedData><Data name="@id"><value>way/902588802</value></Data><Data name="ref:bygningsnr"><value>163392488</value></Data><Data name="building"><value>retail</value></Data><Data name="operator:type"><value>government</value></Data><Data name="operator"><value>Holmestrand kommune</value></Data><Data name="name"><value>Det store gule huset</value></Data><Data name="email"><value>solveig.sunnarvik@holmestrand.kommune.no</value></Data><Data name="website"><value>https://holmestrand.kommune.no/innbyggerhjelpen/kultur-idrett-og-fritid/fritidsklubber/</value></Data><Data name="amenity"><value>community_centre</value></Data><Data name="@geometry"><value>center</value></Data></ExtendedData><Point><coordinates>10.2111939,59.5892593</coordinates></Point></Placemark><Placemark><name>Bygdestua</name><ExtendedData><Data name="@id"><value>way/932353365</value></Data><Data name="amenity"><value>community_centre</value></Data><Data name="building"><value>religious</value></Data><Data name="community_centre"><value>events_venue</value></Data><Data name="name"><value>Bygdestua</value></Data><Data name="ref:bygningsnr"><value>192533961</value></Data><Data name="@geometry"><value>center</value></Data></ExtendedData><Point><coordinates>22.9913798,70.134843</coordinates></Point></Placemark><Placemark><name>Jægervatnet grendehus</name><ExtendedData><Data name="@id"><value>way/951760469</value></Data><Data name="amenity"><value>community_centre</value></Data><Data name="building"><value>civic</value></Data><Data name="name"><value>Jægervatnet grendehus</value></Data><Data name="ref:bygningsnr"><value>192003164</value></Data><Data name="@geometry"><value>center</value></Data></ExtendedData><Point><coordinates>19.8510395,69.7388162</coordinates></Point></Placemark><Placemark><name>Studentersamfundet</name><ExtendedData><Data name="@id"><value>way/956426929</value></Data><Data name="alt_name"><value>Samfundet; Studentersamfundet i Trondhjem</value></Data><Data name="amenity"><value>community_centre</value></Data><Data name="building"><value>civic</value></Data><Data name="building:colour"><value>#A03033</value></Data><Data name="name"><value>Studentersamfundet</value></Data><Data name="name:en"><value>The Student Society - Samfundet</value></Data><Data name="ref:bygningsnr"><value>10473497</value></Data><Data name="roof:colour"><value>#707070</value></Data><Data name="website"><value>https://www.samfundet.no/</value></Data><Data name="wikidata"><value>Q3500918</value></Data><Data name="@geometry"><value>center</value></Data></ExtendedData><Point><coordinates>10.395434,63.4224357</coordinates></Point></Placemark><Placemark><name>Nesvang grendehus</name><ExtendedData><Data name="@id"><value>way/968272867</value></Data><Data name="amenity"><value>community_centre</value></Data><Data name="building"><value>civic</value></Data><Data name="email"><value>nesvang.grendehus@gmail.com</value></Data><Data name="name"><value>Nesvang grendehus</value></Data><Data name="phone"><value>+47 413 70 082</value></Data><Data name="ref:bygningsnr"><value>163303434</value></Data><Data name="website"><value>https://www.facebook.com/Nesvang-grendehus-1986018568148579/</value></Data><Data name="@geometry"><value>center</value></Data></ExtendedData><Point><coordinates>10.3688066,59.676237</coordinates></Point></Placemark><Placemark><name>Grønnjord bygdehus</name><ExtendedData><Data name="@id"><value>way/1001949641</value></Data><Data name="amenity"><value>community_centre</value></Data><Data name="building"><value>yes</value></Data><Data name="community_centre:for"><value>multigeneration</value></Data><Data name="name"><value>Grønnjord bygdehus</value></Data><Data name="operator"><value>Grønnjord bygdelag</value></Data><Data name="ref:bygningsnr"><value>191766903</value></Data><Data name="website"><value>https://www.facebook.com/Gr%C3%B8nnjord-Bygdelag-1519433205030094</value></Data><Data name="@geometry"><value>center</value></Data></ExtendedData><Point><coordinates>18.3534725,69.4035649</coordinates></Point></Placemark><Placemark><ExtendedData><Data name="@id"><value>way/1011283166</value></Data><Data name="amenity"><value>community_centre</value></Data><Data name="building"><value>office</value></Data><Data name="ref:bygningsnr"><value>188531172</value></Data><Data name="@geometry"><value>center</value></Data></ExtendedData><Point><coordinates>13.445418,66.686285</coordinates></Point></Placemark><Placemark><name>Knutepunkt Fjell</name><ExtendedData><Data name="@id"><value>way/1040482306</value></Data><Data name="opening_hours:covid19"><value>open</value></Data><Data name="building"><value>yes</value></Data><Data name="operator:type"><value>government</value></Data><Data name="amenity"><value>community_centre</value></Data><Data name="name"><value>Knutepunkt Fjell</value></Data><Data name="operator"><value>Drammen kommune</value></Data><Data name="website"><value>https://www.drammen.kommune.no/om-kommunen/organisasjon-administrasjon/knutepunktene/knutepunkt-fjell/</value></Data><Data name="@geometry"><value>center</value></Data></ExtendedData><Point><coordinates>10.2225256,59.7192882</coordinates></Point></Placemark><Placemark><name>Speiderparken</name><ExtendedData><Data name="@id"><value>way/1063021480</value></Data><Data name="amenity"><value>community_centre</value></Data><Data name="name"><value>Speiderparken</value></Data><Data name="operator"><value>Oppegård speidergruppe (NSF)</value></Data><Data name="operator:type"><value>private_non_profit</value></Data><Data name="website"><value>http://xn--oppegrdspeiderne-hob.no</value></Data><Data name="@geometry"><value>center</value></Data></ExtendedData><Point><coordinates>10.8159715,59.7701017</coordinates></Point></Placemark></Document></kml>