geo,AREA_SQKM,SECONDARY_Y20.24,SECONDARY_Y25.34,SECONDARY_Y25.64,SECONDARY_Y30.34,TERTIARY_Y20.24,TERTIARY_Y25.34,TERTIARY_Y25.64,TERTIARY_Y30.34,POVERTY_RATE,EMPL_RATE_Y15.24,EMPL_RATE_Y15.64,EMPL_RATE_Y15.74,EMPL_RATE_Y20.64,EMPL_RATE_Y25.34,EMPL_RATE_Y25.64,EMPL_RATE_Y35.44,EMPL_RATE_Y45.54,EMPL_RATE_Y55.64,EMPL_RATE_Y_GE15,EMPL_RATE_Y_GE25,EMPL_RATE_Y_GE65,TOT_POPULATION,POPULATION_15TO99,FEMALE_RATE,ICCS0401_ROBBERY_RATE,ICCS0502_THEFT_RATE,POPDENSITY,RATE_Y_LT20,RATE_Y20_39,RATE_Y40_59,RATE_Y60_79,RATE_Y80_99,country,nuts_level,NAME_LATN,NUTS_ID,university_count_per_1k_inhab,school_count_per_1k_inhab,place_of_worship_count_per_1k_inhab,kindergarten_count_per_1k_inhab,library_count_per_1k_inhab,hospital_count_per_1k_inhab,nursing_home_count_per_1k_inhab,social_facility_count_per_1k_inhab,marketplace_count_per_1k_inhab,community_centre_count_per_1k_inhab,college_count_per_1k_inhab,clinic_count_per_1k_inhab,doctors_count_per_1k_inhab,pharmacy_count_per_1k_inhab,public_bath_count_per_1k_inhab,shower_count_per_1k_inhab,nightclub_count_per_1k_inhab,social_centre_count_per_1k_inhab,refugee_site_count_per_1k_inhab,give_box_count_per_1k_inhab,internet_cafe_count_per_1k_inhab,kitchen_count_per_1k_inhab,geometry
BG423,4456,79,53.9,57.3,52.9,8.6,32.1,24.9,31.1,35.8,18.8,69.4,58.7,74.2,77.7,76.5,80.9,82.4,67,52.1,55.4,7.7,244296,207248,51.194861970724034,0.18215607296067066,9.680878933752497,54.824057450628366,20.197219766185285,20.966778007007893,28.776156793398172,24.976258309591643,5.079493728919016,BG,5,Pazardzhik,BG423,0,0.25788387857353373,0.30291122245145236,0.07777450306185939,0.06140092346988899,0.05730752857189639,0,0,0.03274715918394079,0.016373579591970396,0,0.016373579591970396,0,0.012280184693977798,0.03684055408193339,0,0.004093394897992599,0,0,0,0,0,"list(list(c(24.2320956, 24.0531669, 23.9137251, 23.9210144, 24.0087297, 24.0331652, 24.0357422, 24.0204329, 23.961591, 23.965318, 23.8949693, 23.77226, 23.8109869, 23.7638182, 23.7604037, 23.7999233, 24.0745475, 24.1503399, 24.2835198, 24.439807, 24.4599424, 24.5070885, 24.4433514, 24.4103191, 24.4210095, 24.2320956, 42.6217716, 42.5580946, 42.5378804, 42.4984303, 42.4695039, 42.4614457, 42.420427, 42.4081594, 42.3610081, 42.2904806, 42.279017, 42.1811855, 42.0411051, 41.9862992, 41.9379874, 41.8320542, 
41.672704, 41.7129415, 41.729377, 41.9382185, 42.1211636, 42.1796355, 42.4081594, 42.4695039, 42.553064, 42.6217716)))"
BG424,3205,79,53.9,57.3,52.9,8.6,32.1,24.9,31.1,35.8,18.8,69.4,58.7,74.2,77.7,76.5,80.9,82.4,67,52.1,55.4,7.7,97118,86337,51.95947198253671,0.3109619226096089,9.019955106159516,30.302028081123243,15.108424802817192,17.14100372742437,30.694618917193516,31.160032125867502,5.888712700014415,BG,5,Smolyan,BG424,0.020593504808583372,0.3809798389587924,0.5972116394489178,0.14415453366008363,0.03089025721287506,0.08237401923433349,0,0,0,0.03089025721287506,0,0.010296752404291686,0,0.03089025721287506,0,0.020593504808583372,0,0,0,0,0,0,"list(list(c(24.9947691, 24.935288, 24.8410451, 24.7601953, 24.7665438, 24.740601, 24.5507129, 24.439807, 24.2835198, 24.1503399, 24.0745475, 24.0988106, 24.059744, 24.143203, 24.1770981, 24.2601915, 24.3192058, 24.5276052, 24.6176214, 24.7234488, 24.783956, 24.8324661, 24.9148582, 25.1793755, 25.1378913, 25.1680352, 25.1576457, 25.057032, 25.0113166, 25.0911761, 25.0585056, 25.0742245, 24.9947691, 41.818016, 41.7436439, 41.7031592, 41.7822898, 41.8486542, 41.8822709, 41.8850404, 41.9382185, 41.729377, 
41.7129415, 41.672704, 41.6447641, 41.522112, 41.5368317, 41.5247924, 41.5659837, 41.5198043, 41.5613836, 41.4322851, 41.4104567, 41.360189, 41.3962731, 41.4011526, 41.310188, 41.3504529, 41.4141823, 41.4976046, 41.5042138, 41.5646588, 41.6260593, 41.7517711, 41.7934765, 41.818016)))"
BG425,3212,79,53.9,57.3,52.9,8.6,32.1,24.9,31.1,35.8,18.8,69.4,58.7,74.2,77.7,76.5,80.9,82.4,67,52.1,55.4,7.7,155929,133344,50.79811965702339,0.19944974956550737,5.217118047316406,48.545765877957656,18.896420806905706,20.689544600427116,29.759698324237313,25.79763866888135,4.849643106798607,BG,5,Kardzhali,BG425,0.006413175227186732,0.1410898549981081,0.2372874834059091,0.05130540181749386,0.019239525681560198,0.02565270090874693,0,0,0.012826350454373464,0,0.019239525681560198,0,0,0,0,0,0,0,0,0,0,0,"list(list(c(25.9158726, 25.8340061, 25.8570791, 25.7776585, 25.8270148, 25.780009, 25.7159228, 25.6158535, 25.6394545, 25.614585, 25.4106887, 25.3695399, 25.2836317, 25.2354665, 25.218167, 25.1638282, 25.0742245, 25.0585056, 25.0911761, 25.0113166, 25.057032, 25.1576457, 25.1680352, 25.1378913, 25.1793755, 25.2246985, 25.3128904, 25.5674508, 25.7021321, 25.8218396, 25.9064375, 25.948626, 25.9158726, 41.3824124, 41.4069343, 41.4661676, 41.5292961, 41.6452804, 41.6546004, 41.6154036, 41.6287736, 41.6968345, 
41.7381211, 41.7953049, 41.831972, 41.8113014, 41.8407628, 41.895591, 41.8813254, 41.7934765, 41.7517711, 41.6260593, 41.5646588, 41.5042138, 41.4976046, 41.4141823, 41.3504529, 41.310188, 41.264631, 41.2390739, 41.3135363, 41.3002262, 41.33944, 41.307575, 41.320342, 41.3824124)))"
BG311,3035,78.6,60,63.4,60.9,NA,24.3,21,23,37,16.3,61.7,51.6,67.2,64.7,69.8,73.2,77,63,44.3,47.5,6.8,77195,67914,51.410065418744736,1.808407280264266,51.610855625364344,25.434925864909392,16.545113025455016,16.526977135824858,29.043331822009197,30.919100978042618,6.9615907766047025,BG,5,Vidin,BG311,0,0.4793056545113025,0.6347561370555087,0.10363365502947082,0.03886262063605156,0.03886262063605156,0.012954206878683852,0.03886262063605156,0.05181682751473541,0.07772524127210312,0,0,0,0,0,0.012954206878683852,0,0,0,0,0,0,"list(list(c(22.6751615, 22.6277869, 22.6111789, 22.536145, 22.4172933, 22.3659599, 22.4110648, 22.4795331, 22.5048972, 22.5297637, 22.6669755, 22.747454, 22.8132162, 22.905803, 22.9395068, 22.9615185, 23.0485841, 22.9743053, 23.0071552, 22.997171, 22.8871203, 22.8472472, 22.8919506, 23.0339515, 23.0244869, 22.966369, 22.6751615, 44.215663, 44.1702149, 44.0671546, 44.0455115, 43.9997289, 43.8064367, 43.7019014, 43.6436778, 43.563972, 43.48583, 43.4027475, 43.386613, 43.4986577, 43.563972, 43.587748, 
43.660335, 43.701838, 43.7609348, 43.7775632, 43.8078675, 43.8342854, 43.8779147, 43.9829063, 44.0449334, 44.0804922, 44.0982885, 44.215663)))"
BG312,3629,78.6,60,63.4,60.9,NA,24.3,21,23,37,16.3,61.7,51.6,67.2,64.7,69.8,73.2,77,63,44.3,47.5,6.8,120364,103728,51.11827456714633,0.20438004719018976,33.1835100196072,33.16726370901075,18.56285932670898,18.844505001495463,28.16124422584826,28.22189358944535,6.204512977302183,BG,5,Montana,BG312,0,0.49848791997607256,0.39879033598085806,0.26586022398723874,0.00830813199960121,0.06646505599680969,0,0.01661626399920242,0.03323252799840484,0.07477318799641089,0.00830813199960121,0.02492439599880363,0,0,0.00830813199960121,0,0.01661626399920242,0,0,0,0,0,"list(list(c(23.4231036, 23.2514648, 22.997171, 23.0071552, 22.9743053, 23.0485841, 22.9615185, 22.9395068, 22.905803, 22.8132162, 22.747454, 22.8290345, 22.8997252, 23.00621, 23.0977939, 23.1856783, 23.2514648, 23.3706235, 23.412767, 23.4455857, 23.3441498, 23.4374729, 23.5904147, 23.5708914, 23.630393, 23.4231036, 43.8515326, 43.8339368, 43.8078675, 43.7775632, 43.7609348, 43.701838, 43.660335, 43.587748, 43.563972, 43.4986577, 43.386613, 43.3014629, 43.2276791, 43.1928785, 43.1514666, 43.1117276, 
43.1258631, 43.1514666, 43.160522, 43.2300795, 43.3014629, 43.477151, 43.5328751, 43.6005761, 43.79105, 43.8515326)))"
BG313,3620,78.6,60,63.4,60.9,NA,24.3,21,23,37,16.3,61.7,51.6,67.2,64.7,69.8,73.2,77,63,44.3,47.5,6.8,150486,129520,50.90772563560731,0.9509190223675292,31.388301901838044,41.5707182320442,18.704730008107067,18.840955304812407,29.378812647023643,27.469664952221468,5.599856465053228,BG,5,Vratsa,BG313,0,0.37877277620509553,0.27245059341068273,0.22593463843812714,0.019935409273952393,0.07309650067115878,0,0.013290272849301597,0.033225682123254,0.07974163709580957,0,0.013290272849301597,0,0,0,0,0,0,0,0,0,0,"list(list(c(23.7301525, 23.630393, 23.5708914, 23.5904147, 23.4374729, 23.3441498, 23.4455857, 23.412767, 23.4526534, 23.4723451, 23.4645928, 23.5586752, 23.6319795, 23.7004897, 23.7703537, 23.9451248, 23.9715035, 23.9717821, 24.0200863, 24.0232612, 24.028557, 23.9708354, 23.9653748, 23.9634306, 24.0616025, 24.0052712, 24.0147586, 24.0179444, 24.2810721, 24.3235225, 24.1120435, 23.7301525, 43.8029022, 43.79105, 43.6005761, 43.5328751, 43.477151, 43.3014629, 43.2300795, 43.160522, 43.1514666, 43.1469961, 
43.0938923, 43.0033094, 43.052455, 43.0347421, 43.0657354, 43.0367945, 43.0622515, 43.1078476, 43.1186774, 43.1514666, 43.2061595, 43.2279406, 43.3014629, 43.3276413, 43.4432316, 43.5111413, 43.563972, 43.5817122, 43.6402485, 43.697686, 43.699946, 43.8029022)))"
BG314,4651,78.6,60,63.4,60.9,NA,24.3,21,23,37,16.3,61.7,51.6,67.2,64.7,69.8,73.2,77,63,44.3,47.5,6.8,225123,193753,51.595794299116484,0.4473110255282668,14.826117278110187,48.403139109868846,18.739533499464738,19.08156874242081,27.521399412765465,28.20946771320567,6.441367607929887,BG,5,Pleven,BG314,0.004442016142286661,0.3064991138177796,0.16435459726460647,0.18656467797603976,0.03997814528057995,0.09328233898801988,0.004442016142286661,0.004442016142286661,0.013326048426859983,0.06663024213429992,0,0.017768064569146643,0.008884032284573322,0,0.004442016142286661,0,0,0,0,0,0,0,"list(list(c(24.5000912, 24.3235225, 24.2810721, 24.0179444, 24.0147586, 24.0052712, 24.0616025, 23.9634306, 23.9653748, 23.9708354, 24.028557, 24.12207, 24.2673982, 24.3739852, 24.4556411, 24.5833697, 24.7508408, 24.7694885, 24.9154527, 24.9676238, 25.0347801, 25.1064454, 25.14043, 25.1799498, 25.2397523, 25.1997042, 25.1343575, 25.204254, 25.2098523, 25.216476, 25.2963725, 24.993966, 24.7362744, 24.6547795, 24.5000912, 43.7593855, 43.697686, 43.6402485, 43.5817122, 43.563972, 43.5111413, 43.4432316, 
43.3276413, 43.3014629, 43.2279406, 43.2061595, 43.242928, 43.2286501, 43.2720013, 43.2256381, 43.2081742, 43.3014629, 43.3118505, 43.3014629, 43.3014629, 43.3744944, 43.3014629, 43.2668305, 43.3014629, 43.3538696, 43.4298727, 43.446084, 43.5026867, 43.563972, 43.6364837, 43.655419, 43.7232242, 43.6921155, 43.7235865, 43.7593855)))"
BG315,4133,78.6,60,63.4,60.9,NA,24.3,21,23,37,16.3,61.7,51.6,67.2,64.7,69.8,73.2,77,63,44.3,47.5,6.8,116815,100913,51.4565766382742,0.2140136112656765,36.16316397722895,28.263972901040407,18.311860634336345,17.905234772931557,28.4150151949664,28.419295467191713,6.941745495013483,BG,5,Lovech,BG315,0,0.3595428669263365,0.4451483114326071,0.1284081667594059,0,0.05136326670376236,0,0,0.02568163335188118,0.11128707785815177,0,0.01712108890125412,0.00856054445062706,0,0,0,0,0,0,0,0,0,"list(list(c(25.1064454, 25.0347801, 24.9676238, 24.9154527, 24.7694885, 24.7508408, 24.5833697, 24.4556411, 24.3739852, 24.2673982, 24.12207, 24.028557, 24.0232612, 24.0200863, 23.9717821, 23.9715035, 24.0351616, 24.0789437, 24.163463, 24.1630744, 24.385927, 24.5319231, 24.7394658, 25.0071955, 25.014535, 24.9636248, 24.8909199, 24.8752637, 24.9296101, 24.9266198, 24.9560455, 24.9732255, 25.076597, 25.14043, 25.1064454, 43.3014629, 43.3744944, 43.3014629, 43.3014629, 43.3118505, 43.3014629, 43.2081742, 
43.2256381, 43.2720013, 43.2286501, 43.242928, 43.2061595, 43.1514666, 43.1186774, 43.1078476, 43.0622515, 43.0525312, 42.9543341, 42.9174553, 42.7764596, 42.7499535, 42.7923265, 42.7126535, 42.737619, 42.748024, 42.8663459, 42.8966256, 42.9853587, 43.0411891, 43.0975128, 43.1514666, 43.1829673, 43.1777805, 43.2668305, 43.3014629)))"
BG321,4661,79.2,53.9,57.7,55.4,NA,32.2,26.4,30.6,38.2,20.2,69,57,74.2,75.4,76.4,83.2,82.8,64.3,49.2,52.1,5,223810,195057,51.59197533622268,0.257361154550735,19.006746794155756,48.017592791246514,17.269112193378312,23.560162637951834,27.511728698449577,26.196774049416916,5.45775434520352,BG,5,Veliko Tarnovo,BG321,0.022340377999195745,0.3082972163889013,0.42446718198471917,0.12957419239533532,0.017872302399356596,0.03574460479871319,0.004468075599839149,0.004468075599839149,0.05361690719806979,0.10276573879630044,0,0.004468075599839149,0,0.008936151199678298,0,0.008936151199678298,0,0.004468075599839149,0,0,0,0,"list(list(c(25.3914627, 25.2963725, 25.216476, 25.2098523, 25.204254, 25.1343575, 25.1997042, 25.2397523, 25.1799498, 25.14043, 25.076597, 25.0936199, 25.1282806, 25.2863126, 25.3249976, 25.5757788, 25.558912, 25.5972948, 25.6149615, 25.6800981, 25.837491, 26.0311234, 26.0725467, 26.1211819, 26.1549686, 26.1674145, 26.1211819, 26.0887166, 26.1154853, 26.0601261, 26.0712752, 26.1037232, 26.0738398, 26.004585, 25.9484927, 25.9439539, 25.95983, 25.9437855, 25.8142921, 25.5807746, 25.5623118, 25.4728642, 
25.5445395, 25.3914627, 43.622888, 43.655419, 43.6364837, 43.563972, 43.5026867, 43.446084, 43.4298727, 43.3538696, 43.3014629, 43.2668305, 43.1777805, 43.1514666, 43.0978884, 43.1075397, 43.0558414, 43.025675, 42.9396144, 42.8968823, 42.7868085, 42.8029874, 42.7772275, 42.814577, 42.8733095, 42.8962202, 42.9121362, 42.9521555, 42.9688921, 42.9806449, 43.0266461, 43.0909781, 43.1514666, 43.1912214, 43.2863155, 43.3187545, 43.3316366, 43.3572754, 43.369547, 43.385801, 43.3697352, 43.4239393, 43.4975542, 
43.563972, 43.6428455, 43.622888)))"
BG322,2023,79.2,53.9,57.7,55.4,NA,32.2,26.4,30.6,38.2,20.2,69,57,74.2,75.4,76.4,83.2,82.8,64.3,49.2,52.1,5,100881,89139,51.956265302683356,0.5749348241988085,38.920113797444515,49.86702916460702,15.655078756158247,17.452245715248658,29.356370376978816,30.277257362635183,7.25012638653463,BG,5,Gabrovo,BG322,0.06938868567916655,0.5749348241988085,0.3667687671613089,0.32711808963035655,0.07930135506190462,0.06938868567916655,0,0.07930135506190462,0.009912669382738078,0.0892140244446427,0,0.11895203259285693,0.019825338765476156,0.009912669382738078,0.009912669382738078,0,0,0,0,0,0,0,"list(list(c(24.9732255, 24.9560455, 24.9266198, 24.9296101, 24.8752637, 24.8909199, 24.9636248, 25.014535, 25.1857835, 25.3986843, 25.4619373, 25.5952877, 25.6149615, 25.5972948, 25.558912, 25.5757788, 25.3249976, 25.2863126, 25.1282806, 25.0936199, 25.076597, 24.9732255, 43.1829673, 43.1514666, 43.0975128, 43.0411891, 42.9853587, 42.8966256, 42.8663459, 42.748024, 42.7835789, 42.7358648, 42.7626569, 42.7591786, 42.7868085, 42.8968823, 42.9396144, 43.025675, 43.0558414, 43.1075397, 43.0978884, 43.1514666, 
43.1777805, 43.1829673)))"
BG323,2868,79.2,53.9,57.7,55.4,NA,32.2,26.4,30.6,38.2,20.2,69,57,74.2,75.4,76.4,83.2,82.8,64.3,49.2,52.1,5,209351,182426,51.235484903344144,0.6166677016111697,16.06058724343328,72.99546722454673,17.34264464941653,22.408777603164065,28.89740197085278,25.889057133713237,5.457341975916045,BG,5,Ruse,BG323,0.01910666774937784,0.1528533419950227,0.21972667911784516,0.1433000081203338,0.01910666774937784,0.03343666856141122,0,0.00477666693734446,0.01910666774937784,0.00955333387468892,0.00955333387468892,0.01433000081203338,0.00955333387468892,0,0,0,0.00955333387468892,0,0,0,0,0,"list(list(c(26.4370796, 26.3745312, 26.3518454, 26.3892225, 26.3967055, 26.358182, 26.1117431, 25.7745045, 25.672201, 25.5445395, 25.4728642, 25.5623118, 25.5807746, 25.8142921, 25.9437855, 26.0180358, 26.0560668, 26.188978, 26.1602793, 26.2035625, 26.3381722, 26.4264478, 26.4370796, 43.7651132, 43.7874868, 43.8305143, 43.948152, 44.0099678, 44.0371605, 43.9688143, 43.7096509, 43.6881485, 43.6428455, 43.563972, 43.4975542, 43.4239393, 43.3697352, 43.385801, 43.4409223, 43.5131754, 43.5173935, 43.563972, 
43.6410459, 43.6324612, 43.664394, 43.7651132)), list(c(25.95983, 25.9439539, 25.9484927, 26.004585, 26.0093465, 25.95983, 43.369547, 43.3572754, 43.3316366, 43.3187545, 43.3607648, 43.369547)))"
BG324,2414,79.2,53.9,57.7,55.4,NA,32.2,26.4,30.6,38.2,20.2,69,57,74.2,75.4,76.4,83.2,82.8,64.3,49.2,52.1,5,105728,91048,51.523721246973366,0.17592312348668282,14.30652239709443,43.79784589892295,18.678117433414045,20.111985472154963,30.23324001210654,26.376172820823246,4.597646791767555,BG,5,Razgrad,BG324,0.009458232445520581,0.16078995157384987,0.20808111380145278,0.05674939467312349,0.028374697336561745,0.037832929782082324,0,0.06620762711864407,0.009458232445520581,0.009458232445520581,0.05674939467312349,0,0.009458232445520581,0,0,0,0,0,0,0,0,0,"list(list(c(26.8346859, 26.7658423, 26.6209362, 26.5676048, 26.3892225, 26.3518454, 26.3745312, 26.4370796, 26.4264478, 26.3381722, 26.2035625, 26.1602793, 26.188978, 26.2437395, 26.2805913, 26.360707, 26.3784176, 26.4598569, 26.5062785, 26.6368367, 26.681475, 26.7304395, 26.7391054, 26.8140448, 26.8138972, 26.8389814, 27.016146, 27.0018885, 26.8346859, 43.8355747, 43.825778, 43.8760894, 43.9251945, 43.948152, 43.8305143, 43.7874868, 43.7651132, 43.664394, 43.6324612, 43.6410459, 43.563972, 43.5173935, 
43.5495027, 43.5399725, 43.4917854, 43.4425712, 43.436143, 43.3489432, 43.333239, 43.3977998, 43.4101035, 43.452933, 43.5055627, 43.5510846, 43.563972, 43.6549929, 43.6968675, 43.8355747)))"
BG325,2846,79.2,53.9,57.7,55.4,NA,32.2,26.4,30.6,38.2,20.2,69,57,74.2,75.4,76.4,83.2,82.8,64.3,49.2,52.1,5,103646,89623,51.422148466896935,0.36759739883835363,20.332670821835865,36.41813070976809,18.23707620168651,19.907184068849737,28.88003396175443,27.561121509754358,5.410724967678444,BG,5,Silistra,BG325,0,0.1640198367520213,0.36663257626922413,0.07718580553036297,0,0.038592902765181486,0,0,0.019296451382590743,0.02894467707388611,0.038592902765181486,0,0,0.009648225691295371,0,0,0,0,0,0,0,0,"list(list(c(26.9220285, 26.7655612, 26.381823, 26.358182, 26.3967055, 26.3892225, 26.5676048, 26.6209362, 26.7658423, 26.8346859, 27.0018885, 27.08381, 27.2195365, 27.2075847, 27.2816211, 27.4425843, 27.5121674, 27.5422102, 27.6154271, 27.69541, 27.6478223, 27.5970348, 27.4028571, 27.2954323, 27.2713405, 26.9220285, 44.1369219, 44.0816886, 44.038612, 44.0371605, 44.0099678, 43.948152, 43.9251945, 43.8760894, 43.825778, 43.8355747, 43.6968675, 43.7081752, 43.6646205, 43.7284373, 43.7934239, 43.8614578, 
43.8489128, 43.901754, 43.904937, 43.987343, 44.0389987, 44.0150228, 44.0187914, 44.0808321, 44.1263355, 44.1369219)))"
BG331,3822,74.6,48.7,49.3,47.9,NA,31.7,30.3,32.7,28.6,19.8,72,60.2,77.7,78.9,80.9,85.8,85.3,71.4,54.3,58.4,6.9,466922,397312,51.35483014293608,0.3563764397479665,16.13310146020106,122.16692830978545,19.923027829059244,24.057979705389766,29.924698343620562,21.76187885771071,4.328560230616677,BG,5,Varna,BG331,0.019275168015214533,0.18632662414707382,0.1327844907714779,0.15420134412171627,0.019275168015214533,0.05354213337559592,0,0.006425056005071511,0.023558538685262205,0.02141685335023837,0.0021416853350238367,0.008566741340095347,0.0021416853350238367,0,0,0.012850112010143022,0.0042833706700476735,0,0,0,0,0,"list(list(c(27.9681419, 27.8620887, 27.6129936, 27.5137888, 27.4608338, 27.4294635, 27.3810402, 27.3207443, 27.3356821, 27.2814834, 27.2927299, 27.2782429, 27.2497181, 27.2788018, 27.2189751, 27.1739812, 27.2105569, 27.0835686, 27.0944335, 27.2622675, 27.4104301, 27.6368769, 27.7889389, 27.88262, 27.9289469, 27.9343385, 28.0133826, 28.0601805, 27.9681419, 43.3919487, 43.3667884, 43.5233917, 43.502704, 43.563972, 43.600267, 43.563972, 43.5187781, 43.4451661, 43.3855556, 43.3158853, 43.3014629, 43.2730655, 
43.1995464, 43.1514666, 43.1153073, 43.0491411, 43.0152208, 42.9539105, 42.9793635, 42.893446, 42.8939128, 42.8326851, 42.8384135, 43.1514666, 43.1879005, 43.2407314, 43.316445, 43.3919487)))"
BG332,4720,74.6,48.7,49.3,47.9,NA,31.7,30.3,32.7,28.6,19.8,72,60.2,77.7,78.9,80.9,85.8,85.3,71.4,54.3,58.4,6.9,164978,142460,51.66325206997296,0.507340372655748,16.88225096679557,34.95296610169491,18.76856308113809,20.732461297870017,29.546363757591923,26.062262847167503,4.886106026258046,BG,5,Dobrich,BG332,0.012122828498345235,0.38186909769787486,0.23033374146855945,0.2667022269635952,0.012122828498345235,0.05455272824255355,0.012122828498345235,0.01818424274751785,0.0363684854950357,0.08485979948841664,0.01818424274751785,0,0.012122828498345235,0.04242989974420832,0,0.01818424274751785,0.01818424274751785,0,0,0,0,0,"list(list(c(28.2207313, 28.0027078, 27.9220635, 27.7562143, 27.69541, 27.6154271, 27.5422102, 27.5121674, 27.4425843, 27.2816211, 27.2075847, 27.2195365, 27.3123392, 27.4294635, 27.4608338, 27.5137888, 27.6129936, 27.8620887, 27.9681419, 28.0601805, 28.151491, 28.3161913, 28.4733906, 28.5989333, 28.595181, 28.578884, 28.2207313, 43.7639597, 43.8432199, 43.9985477, 43.9617785, 43.987343, 43.904937, 43.901754, 43.8489128, 43.8614578, 43.7934239, 43.7284373, 43.6646205, 43.5963348, 43.600267, 43.563972, 
43.502704, 43.5233917, 43.3667884, 43.3919487, 43.316445, 43.4010854, 43.4150661, 43.3811949, 43.5237336, 43.563972, 43.738739, 43.7639597)))"
BG333,3395,74.6,48.7,49.3,47.9,NA,31.7,30.3,32.7,28.6,19.8,72,60.2,77.7,78.9,80.9,85.8,85.3,71.4,54.3,58.4,6.9,168201,145042,51.229778657677414,0.49107912557000255,16.28230509925625,49.543740795287185,18.6069048340973,22.05872735596102,29.440371935957575,25.326246574039395,4.563587612439878,BG,5,Shumen,BG333,0.005945267864043614,0.17835803592130842,0.18430330378535204,0.05350741077639253,0.011890535728087228,0.023781071456174457,0,0.005945267864043614,0.023781071456174457,0.029726339320218072,0.017835803592130845,0,0,0,0,0,0,0,0,0,0,0,"list(list(c(27.08381, 27.0018885, 27.016146, 26.8389814, 26.8138972, 26.8140448, 26.7391054, 26.7304395, 26.7876844, 26.7408891, 26.7545185, 26.6923821, 26.6607587, 26.5777255, 26.5621988, 26.5899885, 26.7337263, 26.8102948, 27.0201561, 27.0944335, 27.0835686, 27.2105569, 27.1739812, 27.2189751, 27.2788018, 27.2497181, 27.2782429, 27.2927299, 27.2814834, 27.3356821, 27.3207443, 27.3810402, 27.4294635, 27.3123392, 27.2195365, 27.08381, 43.7081752, 43.6968675, 43.6549929, 43.563972, 43.5510846, 43.5055627, 
43.452933, 43.4101035, 43.3783785, 43.3014629, 43.2212136, 43.1514666, 43.0682912, 42.985697, 42.9484076, 42.9201185, 42.904902, 42.9451938, 42.9323529, 42.9539105, 43.0152208, 43.0491411, 43.1153073, 43.1514666, 43.1995464, 43.2730655, 43.3014629, 43.3158853, 43.3855556, 43.4451661, 43.5187781, 43.563972, 43.600267, 43.5963348, 43.6646205, 43.7081752)))"
BG334,2711,74.6,48.7,49.3,47.9,NA,31.7,30.3,32.7,28.6,19.8,72,60.2,77.7,78.9,80.9,85.8,85.3,71.4,54.3,58.4,6.9,106820,91009,51.20576671035386,0.5195656244149036,22.771952817824378,39.402434526005166,19.899831492229918,20.629095674967235,29.193971166448232,25.36697247706422,4.90544841789927,BG,5,Targovishte,BG334,0,0.17786931286275978,0.09361542782250516,0.0655307994757536,0.009361542782250515,0.028084628346751545,0,0,0,0.01872308556450103,0,0,0,0,0,0,0,0,0,0,0,0,"list(list(c(26.681475, 26.6368367, 26.5062785, 26.4598569, 26.3784176, 26.360707, 26.2805913, 26.2437395, 26.188978, 26.0560668, 26.0180358, 25.9437855, 25.95983, 26.0093465, 26.004585, 26.0738398, 26.1037232, 26.0712752, 26.0601261, 26.1154853, 26.0887166, 26.1211819, 26.1674145, 26.3256315, 26.5777255, 26.6607587, 26.6923821, 26.7545185, 26.7408891, 26.7876844, 26.7304395, 26.681475, 43.3977998, 43.333239, 43.3489432, 43.436143, 43.4425712, 43.4917854, 43.5399725, 43.5495027, 43.5173935, 43.5131754, 
43.4409223, 43.385801, 43.369547, 43.3607648, 43.3187545, 43.2863155, 43.1912214, 43.1514666, 43.0909781, 43.0266461, 42.9806449, 42.9688921, 42.9521555, 43.034246, 42.985697, 43.0682912, 43.1514666, 43.2212136, 43.3014629, 43.3783785, 43.4101035, 43.3977998)))"
BG341,7751,75.8,54.5,57.3,54,NA,25.1,22.9,24.3,32.8,17.9,69.8,59.6,75.9,73.3,78.3,82.8,84.3,70.8,52.7,56.6,8,405727,344010,51.71383713679395,0.24129525518390443,12.646188200440198,52.345116759127855,20.344714549438415,21.80160551306667,29.99184180495752,23.394795022268667,4.462853100730294,BG,5,Burgas,BG341,0.009858845972784656,0.19964163094888926,0.16513567004414298,0.1306297091393967,0.014788268959176983,0.05915307583670793,0,0.009858845972784656,0.019717691945569313,0.024647114931961638,0,0.014788268959176983,0.009858845972784656,0.002464711493196164,0,0.07394134479588492,0.01725298045237315,0,0,0,0,0,"list(list(c(27.7889389, 27.6368769, 27.4104301, 27.2622675, 27.0944335, 27.0201561, 26.8102948, 26.7337263, 26.5899885, 26.6108263, 26.7140095, 26.8266977, 26.8792282, 26.9320746, 26.8886613, 26.9542766, 27.0596505, 27.1656003, 27.2849298, 27.5537578, 27.70161, 27.8052384, 27.865719, 28.0355125, 27.9628897, 27.7911759, 27.7639129, 27.7829491, 27.7273523, 27.6983908, 27.6292452, 27.506081, 27.4863441, 27.5299251, 27.6963856, 27.8573992, 27.88262, 27.7889389, 42.8326851, 42.8939128, 42.893446, 42.9793635, 
42.9539105, 42.9323529, 42.9451938, 42.904902, 42.9201185, 42.7837037, 42.6845615, 42.5378804, 42.4695039, 42.4341105, 42.3656321, 42.1646632, 42.088337, 42.0709925, 42.0911682, 41.9212648, 41.9685184, 41.9600928, 41.9972402, 41.9830795, 42.0848009, 42.2226837, 42.2777865, 42.3214605, 42.346708, 42.4081594, 42.4427157, 42.4449126, 42.4695039, 42.5392975, 42.6560583, 42.7251076, 42.8384135, 42.8326851)))"
BG342,3544,75.8,54.5,57.3,54,NA,25.1,22.9,24.3,32.8,17.9,69.8,59.6,75.9,73.3,78.3,82.8,84.3,70.8,52.7,56.6,8,179654,145773,51.611430861544974,0.8037672414752802,24.76204259298429,50.692437923250566,24.853329177196166,21.117815356184668,26.485355182740157,22.95356629966491,4.587150856646665,BG,5,Sliven,BG342,0.005566255134870361,0.261613991338907,0.18368641945072195,0.13359012323688868,0.02783127567435181,0.09462633729279615,0,0,0.005566255134870361,0.011132510269740723,0,0.005566255134870361,0,0,0,0,0,0,0,0,0,0,"list(list(c(26.3256315, 26.1674145, 26.1549686, 26.1211819, 26.0725467, 26.0311234, 25.837491, 25.8993648, 25.894883, 25.9464799, 26.0810639, 26.175732, 26.2356162, 26.1942559, 26.2225228, 26.355804, 26.405412, 26.4167047, 26.5603737, 26.6558455, 26.66238, 26.7140095, 26.6108263, 26.5899885, 26.5621988, 26.5777255, 26.3256315, 43.034246, 42.9521555, 42.9121362, 42.8962202, 42.8733095, 42.814577, 42.7772275, 42.4695039, 42.4202785, 42.3295545, 42.266207, 42.261461, 42.34604, 42.3934218, 42.4390955, 
42.4695039, 42.5378804, 42.5534454, 42.5775794, 42.625264, 42.688278, 42.6845615, 42.7837037, 42.9201185, 42.9484076, 42.985697, 43.034246)))"
BG343,3356,75.8,54.5,57.3,54,NA,25.1,22.9,24.3,32.8,17.9,69.8,59.6,75.9,73.3,78.3,82.8,84.3,70.8,52.7,56.6,8,112565,95271,51.22551414738151,1.5537689335050857,45.52125438635455,33.541418355184746,20.446852929418558,19.32927641806956,27.499666859148046,26.91422733531737,5.805534580020432,BG,5,Yambol,BG343,0.00888375605205881,0.31981521787411715,0.29316394971794074,0.2487451694576467,0.05330253631235286,0.03553502420823524,0,0.07107004841647048,0.02665126815617643,0.09772131657264692,0,0.02665126815617643,0.01776751210411762,0,0,0,0,0,0,0,0,0,"list(list(c(26.66238, 26.6558455, 26.5603737, 26.4167047, 26.405412, 26.355804, 26.2225228, 26.1942559, 26.2356162, 26.175732, 26.1927335, 26.4977436, 26.5187216, 26.5615445, 26.575412, 26.6274557, 26.7375544, 26.9492285, 27.0596505, 26.9542766, 26.8886613, 26.9320746, 26.8792282, 26.8266977, 26.7140095, 26.66238, 42.688278, 42.625264, 42.5775794, 42.5534454, 42.5378804, 42.4695039, 42.4390955, 42.3934218, 42.34604, 42.261461, 42.20813, 42.1470831, 41.99489, 41.9262735, 41.9379874, 41.9723013, 41.9611271, 
42.0002135, 42.088337, 42.1646632, 42.3656321, 42.4341105, 42.4695039, 42.5378804, 42.6845615, 42.688278)))"
BG344,5150,75.8,54.5,57.3,54,NA,25.1,22.9,24.3,32.8,17.9,69.8,59.6,75.9,73.3,78.3,82.8,84.3,70.8,52.7,56.6,8,306384,259985,51.667841662750014,0.5950049610945741,17.215324560029245,59.49203883495146,20.01181523839365,21.01708966525667,28.86736905321427,24.61355684369941,5.48429421901927,BG,5,Stara Zagora,BG344,0.00652775601859105,0.4275680192177137,0.44388740926419135,0.2937490208365972,0.130555120371821,0.07506919421379706,0,0.02284714606506867,0.039166536111546295,0.04895817013943287,0.0130555120371821,0.0130555120371821,0.04895817013943287,0.009791634027886574,0.00652775601859105,0,0.00652775601859105,0.00652775601859105,0,0,0,0,"list(list(c(25.6800981, 25.6149615, 25.5952877, 25.4619373, 25.3986843, 25.1857835, 25.014535, 25.0071955, 25.0164145, 25.0313164, 25.0735295, 25.1739555, 25.1687179, 25.1752723, 25.1362766, 25.1386388, 25.0977416, 25.1487796, 25.2606476, 25.348064, 25.4306651, 25.4782325, 25.6126336, 25.6278261, 25.6944635, 25.7558863, 25.8786341, 25.9756959, 26.0598629, 26.1211819, 26.1478752, 26.1373206, 26.1927335, 26.175732, 26.0810639, 25.9464799, 25.894883, 25.8993648, 25.837491, 25.6800981, 42.8029874, 42.7868085, 
42.7591786, 42.7626569, 42.7358648, 42.7835789, 42.748024, 42.737619, 42.5502397, 42.5378804, 42.5028696, 42.495956, 42.4695039, 42.4237866, 42.3839484, 42.2927832, 42.2027487, 42.170725, 42.1648075, 42.1143775, 42.0981608, 42.1642041, 42.1901645, 42.1353832, 42.1316102, 42.0676681, 42.1184422, 42.0924635, 42.0248758, 42.0420562, 42.0495351, 42.142212, 42.20813, 42.261461, 42.266207, 42.3295545, 42.4202785, 42.4695039, 42.7772275, 42.8029874)))"
BG411,1342,84.2,42.7,50.5,44.3,10.4,48.3,41.8,47.1,20.3,19.1,74.6,65.1,80.5,85.1,85.2,89.1,90,74.5,58.3,63.7,8,1334946,1135736,51.940527931466896,0.2016560969507381,4.521156661018498,994.7436661698957,19.40460513009515,28.05064774155659,29.22964674226523,19.269318758961038,4.036043405501046,BG,5,Sofia (stolitsa),BG411,0.02996375883369065,0.21199359374836135,0.15281517005182232,0.16629886152698312,0.008989127650107195,0.06517117546327716,0.0014981879416845324,0.00599275176673813,0.037454698542113314,0.029214664862848384,0.0022472819125267988,0.02022553721274119,0.0014981879416845324,0.0037454698542113314,0,0,0.0022472819125267988,0.0014981879416845324,7.490939708422662e-4,0,0,0,"list(list(c(23.5110029, 23.5995584, 23.6336253, 23.2785794, 23.1968922, 23.056514, 23.1479135, 23.1858918, 23.290187, 23.4039746, 23.4785087, 23.5179701, 23.553699, 23.6142161, 23.6359271, 23.6356854, 23.5110029, 42.6589093, 42.7311774, 42.8397131, 42.878481, 42.7436864, 42.712734, 42.6575715, 42.589807, 42.532709, 42.4803689, 42.5129398, 42.4695039, 42.4374797, 42.4320428, 42.4371572, 42.4695039, 42.6589093)))"
BG412,7063,84.2,42.7,50.5,44.3,10.4,48.3,41.8,47.1,20.3,19.1,74.6,65.1,80.5,85.1,85.2,89.1,90,74.5,58.3,63.7,8,219024,188700,50.95012418730367,0.33238366571699907,13.485736722916212,31.01005238567181,18.425834611732046,20.127931185623492,29.86111111111111,25.99852071005917,5.58158010081087,BG,5,Sofia,BG412,0,0.36069106581927096,0.6757250346993937,0.14610271020527432,0.0410913872452334,0.10501132296004091,0,0.01826283877565929,0.045657096939148226,0.13697129081744466,0.022828548469574113,0.0045657096939148226,0.0045657096939148226,0.009131419387829645,0.0045657096939148226,0,0,0,0,0,0,0,"list(list(c(23.00621, 22.9901706, 22.9757688, 22.7937057, 22.774327, 22.7483995, 22.774327, 23.056514, 23.1968922, 23.2785794, 23.6336253, 23.5995584, 23.5110029, 23.6356854, 23.6359271, 23.6142161, 23.553699, 23.5179701, 23.4785087, 23.4039746, 23.290187, 23.2339109, 23.224096, 23.3016808, 23.3782232, 23.3275705, 23.4347459, 23.5163444, 23.4955625, 23.5630775, 23.6107316, 23.6745294, 23.77226, 23.8949693, 23.965318, 23.961591, 24.0204329, 24.0357422, 24.0331652, 24.0087297, 23.9210144, 23.9137251, 
24.0531669, 24.2320956, 24.4210095, 24.4721618, 24.3686455, 24.385927, 24.1630744, 24.163463, 24.0789437, 24.0351616, 23.9715035, 23.9451248, 23.7703537, 23.7004897, 23.6319795, 23.5586752, 23.4645928, 23.4723451, 23.4526534, 23.412767, 23.3706235, 23.2514648, 23.1856783, 23.0977939, 23.00621, 43.1928785, 43.1514666, 43.114283, 42.9794149, 42.9410789, 42.8897875, 42.8748886, 42.712734, 42.7436864, 42.878481, 42.8397131, 42.7311774, 42.6589093, 42.4695039, 42.4371572, 42.4320428, 42.4374797, 42.4695039, 
42.5129398, 42.4803689, 42.532709, 42.4695039, 42.3770215, 42.3531385, 42.2807654, 42.1777456, 42.1784821, 42.1326343, 42.0975575, 42.0922959, 42.1542504, 42.1648888, 42.1811855, 42.279017, 42.2904806, 42.3610081, 42.4081594, 42.420427, 42.4614457, 42.4695039, 42.4984303, 42.5378804, 42.5580946, 42.6217716, 42.553064, 42.5941533, 42.6751678, 42.7499535, 42.7764596, 42.9174553, 42.9543341, 43.0525312, 43.0622515, 43.0367945, 43.0657354, 43.0347421, 43.052455, 43.0033094, 43.0938923, 43.1469961, 43.1514666, 
43.160522, 43.1514666, 43.1258631, 43.1117276, 43.1514666, 43.1928785)))"
BG413,6451,84.2,42.7,50.5,44.3,10.4,48.3,41.8,47.1,20.3,19.1,74.6,65.1,80.5,85.1,85.2,89.1,90,74.5,58.3,63.7,8,293760,251530,51.54173474945534,0.2624591503267974,7.224945533769064,45.537126026972565,19.13092320261438,22.289283769063182,29.606141067538125,24.233047385620914,4.736519607843137,BG,5,Blagoevgrad,BG413,0.013616557734204792,0.2008442265795207,0.3165849673202615,0.05787037037037037,0.02042483660130719,0.05446623093681917,0,0.003404139433551198,0.006808278867102396,0.017020697167755994,0.027233115468409584,0.013616557734204792,0.006808278867102396,0.003404139433551198,0.006808278867102396,0.003404139433551198,0,0,0,0,0,0,"list(list(c(23.7999233, 23.7604037, 23.7638182, 23.8109869, 23.77226, 23.6745294, 23.6107316, 23.5630775, 23.4955625, 23.4072092, 23.211531, 23.0490328, 22.935654, 22.867214, 22.8748461, 23.0258223, 22.9543741, 22.9683275, 22.9596327, 22.9275915, 23.1886805, 23.29336, 23.3465424, 23.4963643, 23.624223, 23.6745294, 23.9114335, 24.0537155, 24.059744, 24.0988106, 24.0745475, 23.7999233, 41.8320542, 41.9379874, 41.9862992, 42.0411051, 42.1811855, 42.1648888, 42.1542504, 42.0922959, 42.0975575, 42.0554007, 
42.0942808, 42.0519564, 42.0868211, 42.0221995, 41.9379874, 41.7229416, 41.6302888, 41.5198355, 41.3654184, 41.3385395, 41.3239638, 41.3975465, 41.3736916, 41.4039867, 41.3757275, 41.3917599, 41.4672603, 41.4600329, 41.522112, 41.6447641, 41.672704, 41.8320542)))"
BG414,2392,84.2,42.7,50.5,44.3,10.4,48.3,41.8,47.1,20.3,19.1,74.6,65.1,80.5,85.1,85.2,89.1,90,74.5,58.3,63.7,8,114335,99793,51.45406043643679,0.8151484672235099,33.347618839375514,47.79891304347826,16.739406131105962,18.361831460182795,30.5566974242358,27.97481086281541,6.362881007565488,BG,5,Pernik,BG414,0,0.3148642148073643,0.5335199195347007,0.08746228189093452,0.008746228189093454,0.01749245637818691,0,0,0.05247736913456072,0.08746228189093452,0,0.008746228189093454,0.008746228189093454,0,0,0,0,0,0,0,0,0,"list(list(c(22.774327, 22.7483995, 22.5155105, 22.4428215, 22.491635, 22.461472, 22.5928332, 22.710935, 22.8646256, 23.224096, 23.2339109, 23.290187, 23.1858918, 23.1479135, 23.056514, 22.774327, 42.8748886, 42.8897875, 42.8685385, 42.8254565, 42.7399662, 42.6484905, 42.6154598, 42.4695039, 42.3736969, 42.3770215, 42.4695039, 42.532709, 42.589807, 42.6575715, 42.712734, 42.8748886)))"
BG415,3053,84.2,42.7,50.5,44.3,10.4,48.3,41.8,47.1,20.3,19.1,74.6,65.1,80.5,85.1,85.2,89.1,90,74.5,58.3,63.7,8,110391,97185,51.458905164370286,0.5589223759183267,29.865659338170683,36.1582050442188,16.061091936842676,16.550262249639918,30.405558424146896,30.00878694821136,6.9670534735621565,BG,5,Kyustendil,BG415,0,0.28987870387984527,0.39858321783478723,0.05435225697747099,0.009058709496245165,0.03623483798498066,0,0,0.009058709496245165,0.09058709496245164,0.009058709496245165,0.009058709496245165,0,0,0.009058709496245165,0,0,0,0,0,0,0,"list(list(c(22.8646256, 22.710935, 22.5928332, 22.461472, 22.4568656, 22.5276921, 22.5429483, 22.4538212, 22.3602065, 22.510412, 22.6708772, 22.7035649, 22.774327, 22.867214, 22.935654, 23.0490328, 23.211531, 23.4072092, 23.4955625, 23.5163444, 23.4347459, 23.3275705, 23.3782232, 23.3016808, 23.224096, 22.8646256, 42.3736969, 42.4695039, 42.6154598, 42.6484905, 42.5730752, 42.5153844, 42.4695039, 42.3469705, 42.311157, 42.1551585, 42.0711091, 42.0629663, 42.0453386, 42.0221995, 42.0868211, 42.0519564, 
42.0942808, 42.0554007, 42.0975575, 42.1326343, 42.1784821, 42.1777456, 42.2807654, 42.3531385, 42.3770215, 42.3736969)))"
BG421,5961,79,53.9,57.3,52.9,8.6,32.1,24.9,31.1,35.8,18.8,69.4,58.7,74.2,77.7,76.5,80.9,82.4,67,52.1,55.4,7.7,658039,559964,52.00178104945148,0.2086502471737997,3.3812585576234846,110.39070625733937,19.660080937452037,23.375362250565697,28.692828236624273,22.941649355129407,5.323696619805209,BG,5,Plovdiv,BG421,0.021275334744597203,0.24010734926045418,0.3616806906581525,0.15804534381700783,0.021275334744597203,0.05166867009402178,0,0.02279500151206843,0.044070336256665635,0.01975566797712598,0.001519666767471229,0.009118000604827373,0.003039333534942458,0.007598333837356145,0.004559000302413687,0,0.003039333534942458,0,0,0,0.001519666767471229,0,"list(list(c(24.7394658, 24.5319231, 24.385927, 24.3686455, 24.4721618, 24.4210095, 24.4103191, 24.4433514, 24.5070885, 24.4599424, 24.439807, 24.5507129, 24.740601, 24.7665438, 24.7601953, 24.8410451, 24.935288, 24.9947691, 25.0742245, 25.1638282, 25.218167, 25.2814705, 25.348064, 25.2606476, 25.1487796, 25.0977416, 25.1386388, 25.1362766, 25.1752723, 25.1687179, 25.1739555, 25.0735295, 25.0313164, 25.0164145, 25.0071955, 24.7394658, 42.7126535, 42.7923265, 42.7499535, 42.6751678, 42.5941533, 42.553064, 
42.4695039, 42.4081594, 42.1796355, 42.1211636, 41.9382185, 41.8850404, 41.8822709, 41.8486542, 41.7822898, 41.7031592, 41.7436439, 41.818016, 41.7934765, 41.8813254, 41.895591, 41.9379874, 42.1143775, 42.1648075, 42.170725, 42.2027487, 42.2927832, 42.3839484, 42.4237866, 42.4695039, 42.495956, 42.5028696, 42.5378804, 42.5502397, 42.737619, 42.7126535)))"
BG422,5532,79,53.9,57.3,52.9,8.6,32.1,24.9,31.1,35.8,18.8,69.4,58.7,74.2,77.7,76.5,80.9,82.4,67,52.1,55.4,7.7,219534,187823,51.320979893775,0.2897045560141026,16.626581759545218,39.684381778741866,19.243488480144304,20.078438875071743,29.09435440524019,25.78416099556333,5.794091120282052,BG,5,Haskovo,BG422,0.004555103081982745,0.28697149416491297,0.33707762806672315,0.26419597875499923,0.045551030819827455,0.03188572157387922,0,0.00911020616396549,0.0501061339018102,0.054661236983792945,0.013665309245948236,0.01822041232793098,0,0.00911020616396549,0,0,0,0,0,0,0,0,"list(list(c(26.5187216, 26.4977436, 26.1927335, 26.1373206, 26.1478752, 26.1211819, 26.0598629, 25.9756959, 25.8786341, 25.7558863, 25.6944635, 25.6278261, 25.6126336, 25.4782325, 25.4306651, 25.348064, 25.2814705, 25.218167, 25.2354665, 25.2836317, 25.3695399, 25.4106887, 25.614585, 25.6394545, 25.6158535, 25.7159228, 25.780009, 25.8270148, 25.7776585, 25.8570791, 25.8340061, 25.9158726, 25.948626, 26.1211819, 26.1792256, 26.1683037, 26.1211819, 26.078597, 26.0810761, 26.1211819, 26.1721553, 26.357879, 
26.3350922, 26.3623425, 26.5368689, 26.5754511, 26.5615445, 26.5187216, 41.99489, 42.1470831, 42.20813, 42.142212, 42.0495351, 42.0420562, 42.0248758, 42.0924635, 42.1184422, 42.0676681, 42.1316102, 42.1353832, 42.1901645, 42.1642041, 42.0981608, 42.1143775, 41.9379874, 41.895591, 41.8407628, 41.8113014, 41.831972, 41.7953049, 41.7381211, 41.6968345, 41.6287736, 41.6154036, 41.6546004, 41.6452804, 41.5292961, 41.4661676, 41.4069343, 41.3824124, 41.320342, 41.3592885, 41.4413237, 41.5569624, 41.6279076, 
41.6485303, 41.7092749, 41.7243393, 41.7434857, 41.7111045, 41.7516004, 41.8076422, 41.8307472, 41.8925667, 41.9262735, 41.99489)))"
FI1C4,5634,80.6,56.3,50.4,53.5,NA,34.6,37.8,37.4,16.2,44.4,73.6,62.4,77.7,76,79.4,86.2,83.4,72.7,54.3,55.6,9.2,166777,145953,50.36545806675981,1.570960024463805,111.53096650017689,29.601881434149806,17.423865401104468,19.899626447291894,25.308645676562115,29.616194079519357,7.7300826852623565,FI,5,Kymenlaakso,FI1C4,0.0059960306277244465,0.5876110015169957,0.26382534761987564,0.11992061255448894,0.035976183766346675,0.05996030627724447,0.023984122510897786,0.2758174088753245,0.017988091883173338,0.25782931699215117,0.035976183766346675,0.023984122510897786,0.023984122510897786,0.023984122510897786,0,0.041972214394071124,0.011992061255448893,0,0,0,0,0.0059960306277244465,"list(list(c(26.5136595, 26.2313188, 26.1312619, 26.067047, 26.0531528, 26.10391, 26.1207897, 26.0522966, 26.1449568, 26.0904365, 26.1859836, 26.2083595, 26.2948894, 26.3537684, 26.5328704, 26.5349365, 26.453932, 26.6183868, 26.7637542, 26.849322, 26.9129579, 26.9477426, 27.0483843, 27.1835015, 27.3791187, 27.4266725, 27.4995119, 27.6101407, 27.7275743, 27.7413199, 27.803568, 27.9912795, 27.9051104, 27.844598, 27.4980186, 27.3791187, 27.1796674, 27.1690661, 27.2108418, 27.1477159, 27.2058195, 26.9403602, 
26.8578676, 26.6656865, 26.6318938, 26.5136595, 61.274324, 61.1348006, 61.1480069, 61.1259634, 61.1004944, 61.0499469, 61.0009132, 60.9574983, 60.9190315, 60.8385908, 60.8075034, 60.7579925, 60.7472083, 60.6653788, 60.5872771, 60.5577131, 60.4876525, 60.4159525, 60.4673497, 60.4664989, 60.4260986, 60.4865719, 60.5264025, 60.5394304, 60.5043334, 60.4712692, 60.5016309, 60.4757045, 60.4931566, 60.5652501, 60.548624, 60.668979, 60.7005399, 60.7604752, 60.8038659, 60.8751995, 60.925957, 60.9464277, 60.9839452, 
61.0499469, 61.162468, 61.1762092, 61.2797462, 61.2115367, 61.2830833, 61.274324)), list(c(27.0354752, 27.0341512, 26.9930022, 27.0361793, 27.0577797, 27.0354752, 60.4086793, 60.464012, 60.4346857, 60.3699141, 60.3859103, 60.4086793)), list(c(26.5035985, 26.4940417, 26.5454861, 26.5582799, 26.5035985, 60.4241561, 60.3974494, 60.3706887, 60.4117783, 60.4241561)))"
FI1C5,6872,80.6,56.3,50.4,53.5,NA,34.6,37.8,37.4,16.2,44.4,73.6,62.4,77.7,76,79.4,86.2,83.4,72.7,54.3,55.6,9.2,125530,109728,50.228630606229586,2.1476937783796703,128.80426989564248,18.266880093131547,17.616506014498526,21.32796940970286,24.75025890225444,28.40356886799968,7.875408268939696,FI,5,Etelä-Karjala,FI1C5,0.13542579463076557,0.4620409463873178,0.2628853660479567,0.06372978570859555,0.05576356249502111,0.023898669640723333,0.05576356249502111,0.07169600892217,0.06372978570859555,0.09559467856289333,0.007966223213574444,0,0,0.007966223213574444,0,0,0,0,0,0,0,0.007966223213574444,"list(list(c(29.712872, 30.1439665, 29.559279, 29.2483711, 28.8491274, 28.7737537, 28.6736247, 28.4637282, 28.2462964, 27.6381669, 27.5541288, 27.3897129, 27.361285, 27.2058195, 27.1477159, 27.2108418, 27.1690661, 27.1796674, 27.3791187, 27.4980186, 27.844598, 27.9051104, 27.9912795, 28.5102824, 28.6552211, 28.7249938, 28.8403335, 29.2368411, 29.507624, 29.712872, 61.5613437, 61.852238, 61.722068, 61.5633383, 61.5323838, 61.4841309, 61.4709933, 61.5042313, 61.3829066, 61.3401034, 61.2655466, 61.2464248, 
61.1981388, 61.162468, 61.0499469, 60.9839452, 60.9464277, 60.925957, 60.8751995, 60.8038659, 60.7604752, 60.7005399, 60.668979, 60.9469849, 60.9569154, 61.0499469, 61.1272665, 61.2692123, 61.4871751, 61.5613437)))"
FI1D1,19130,78.5,55.7,52.2,50,6,34.9,38,39.5,16,46.6,72.2,60.4,76.2,76.2,78,84.9,84.2,68.5,53,54,7.8,138275,121864,50.450913035617425,1.452178629542578,103.7230157295245,7.228175640355462,16.73838365575845,18.74742361236666,23.37660459229796,32.480202495028024,8.642921713975772,FI,5,Etelä-Savo,FI1D1,0.0072319652865666245,0.44838184776713075,0.36883022961489786,0.09401554872536612,0.04339179171939975,0.11571144458506599,0,0.07955161815223286,0.07955161815223286,0.12294340987163263,0.028927861146266498,0.0072319652865666245,0,0.014463930573133249,0,0.05062375700596637,0,0,0,0,0,0,"list(list(c(29.6788767, 29.6680026, 29.6203043, 29.6481484, 29.4721743, 29.4185007, 29.2867984, 29.2238672, 29.1149233, 29.0902522, 29.0970779, 28.795638, 28.65516, 28.5587729, 28.4171502, 28.3748991, 28.2795148, 28.3279911, 28.4250789, 28.6265935, 28.6428301, 28.6063174, 28.4780037, 28.0424244, 27.8439721, 27.7101778, 27.3907538, 27.2733563, 27.1160284, 26.9440832, 26.8588879, 26.7801152, 26.7091295, 26.6918481, 26.7471784, 26.6816285, 26.6345405, 26.6419652, 26.52062, 26.4565392, 26.3162533, 26.2340126, 
26.4003349, 26.339078, 26.3738966, 26.4730252, 26.5274951, 26.5075368, 26.3897061, 26.315036, 26.2602849, 26.2793284, 26.2607429, 26.3365191, 26.4079951, 26.4728474, 26.5136595, 26.6318938, 26.6656865, 26.8578676, 26.9403602, 27.2058195, 27.361285, 27.3897129, 27.5541288, 27.6381669, 28.2462964, 28.4637282, 28.6736247, 28.7737537, 28.8491274, 29.2483711, 29.559279, 29.6788767, 61.8078335, 61.8763992, 61.9230768, 61.9773666, 62.0717914, 62.2355113, 62.3874613, 62.4139324, 62.3995363, 62.4244384, 62.4916696, 
62.6353893, 62.65702, 62.5756197, 62.5597143, 62.4809435, 62.427953, 62.3646614, 62.34486, 62.2418736, 62.198501, 62.1633853, 62.2027381, 62.2378978, 62.2825323, 62.3775107, 62.5110296, 62.4676237, 62.4946076, 62.4554214, 62.4725317, 62.4360833, 62.452949, 62.4056334, 62.3595183, 62.3392384, 62.2879179, 62.2244981, 62.2578765, 62.2157938, 62.1956888, 62.1249863, 61.9809879, 61.9366217, 61.8181412, 61.7587098, 61.6853484, 61.6341587, 61.6523247, 61.6084485, 61.5080882, 61.4738096, 61.4360017, 61.3510085, 
61.3242659, 61.335505, 61.274324, 61.2830833, 61.2115367, 61.2797462, 61.1762092, 61.162468, 61.1981388, 61.2464248, 61.2655466, 61.3401034, 61.3829066, 61.5042313, 61.4709933, 61.4841309, 61.5323838, 61.5633383, 61.722068, 61.8078335)))"
FI1D2,20366,78.5,55.7,52.2,50,6,34.9,38,39.5,16,46.6,72.2,60.4,76.2,76.2,78,84.9,84.2,68.5,53,54,7.8,242708,208638,50.435090726304864,1.4367058358191738,80.04062494849778,11.91731316900717,19.356181090034116,22.93043492591921,23.63004103696623,27.313067554427544,6.752970647856683,FI,5,Pohjois-Savo,FI1D2,0.04120177332432388,0.5150221665540485,0.32137383192972624,0.22248957595134897,0.05356230532162104,0.09064390131351253,0,0.2389702852810785,0.07416319198378299,0.09888425597837731,0.012360531997297164,0.02472106399459433,0.004120177332432388,0.004120177332432388,0,0.004120177332432388,0,0,0,0,0,0,"list(list(c(28.2630779, 27.9880568, 27.8711024, 27.5401435, 27.4639742, 26.870419, 26.5954309, 26.2877351, 26.2295856, 26.235075, 26.2852201, 26.2035696, 26.138652, 26.1630513, 26.0826813, 26.1755775, 26.1662279, 26.2738108, 26.2355847, 26.3190694, 26.2747678, 26.1326206, 26.0519371, 26.344154, 26.4456839, 26.5070612, 26.5928608, 26.4838551, 26.5837591, 26.6321966, 26.7091295, 26.7801152, 26.8588879, 26.9440832, 27.1160284, 27.2733563, 27.3907538, 27.7101778, 27.8439721, 28.0424244, 28.4780037, 28.6063174, 
28.6428301, 28.6265935, 28.4250789, 28.3279911, 28.2795148, 28.3748991, 28.4171502, 28.5587729, 28.65516, 28.6823047, 28.6616797, 28.7489737, 28.9325828, 29.0450327, 28.9809842, 29.0251424, 28.6558917, 28.6522782, 28.731696, 28.7426703, 28.6310652, 28.5846026, 28.3596095, 28.2630779, 63.6779065, 63.8038982, 63.8574769, 63.9547137, 63.9460019, 64.0369775, 63.9774679, 63.8574769, 63.8262348, 63.8038982, 63.5998556, 63.5658195, 63.457592, 63.4347085, 63.3555907, 63.2331452, 63.1529963, 63.0562292, 63.0237099, 
62.9753098, 62.9360159, 62.9523466, 62.9187886, 62.7567929, 62.7817222, 62.7401062, 62.617645, 62.5190606, 62.4755984, 62.4539005, 62.452949, 62.4360833, 62.4725317, 62.4554214, 62.4946076, 62.4676237, 62.5110296, 62.3775107, 62.2825323, 62.2378978, 62.2027381, 62.1633853, 62.198501, 62.2418736, 62.34486, 62.3646614, 62.427953, 62.4809435, 62.5597143, 62.5756197, 62.65702, 62.6965714, 62.7579201, 62.8112432, 62.7865947, 62.8317325, 62.9134077, 62.9892968, 63.1970932, 63.2362428, 63.3219404, 63.3802686, 
63.4923868, 63.6750582, 63.7547535, 63.6779065)))"
FI1D3,21584,78.5,55.7,52.2,50,6,34.9,38,39.5,16,46.6,72.2,60.4,76.2,76.2,78,84.9,84.2,68.5,53,54,7.8,158950,137835,50.19943378420887,1.4929223026108838,124.4152249134948,7.364251297257227,18.384397609311105,23.085246932997798,22.644856873230577,29.000943692985217,6.869455803711859,FI,5,Pohjois-Karjala,FI1D3,0.01887385970430953,0.5725070776973891,0.3963510537905001,0.24536017615602393,0.06291286568103177,0.07549543881723812,0,0.1635734507706826,0.05033029254482541,0.1887385970430953,0,0.01887385970430953,0,0,0,0.04403900597672224,0,0,0,0,0,0,"list(list(c(29.7693731, 29.7233121, 29.7069703, 29.659097, 28.894419, 28.5200595, 28.4137186, 28.3596095, 28.5846026, 28.6310652, 28.7426703, 28.731696, 28.6522782, 28.6558917, 29.0251424, 28.9809842, 29.0450327, 28.9325828, 28.7489737, 28.6616797, 28.6823047, 28.65516, 28.795638, 29.0970779, 29.0902522, 29.1149233, 29.2238672, 29.2867984, 29.4185007, 29.4721743, 29.6481484, 29.6203043, 29.6680026, 29.6788767, 29.559279, 30.1439665, 30.5746025, 30.6548879, 30.9451386, 31.1574223, 31.575636, 31.5055686, 
31.2778187, 31.221085, 30.7824568, 30.4906132, 29.971917, 29.7693731, 63.7129551, 63.7547762, 63.8038982, 63.8768492, 63.8370776, 63.8773607, 63.8038982, 63.7547535, 63.6750582, 63.4923868, 63.3802686, 63.3219404, 63.2362428, 63.1970932, 62.9892968, 62.9134077, 62.8317325, 62.7865947, 62.8112432, 62.7579201, 62.6965714, 62.65702, 62.6353893, 62.4916696, 62.4244384, 62.3995363, 62.4139324, 62.3874613, 62.2355113, 62.0717914, 61.9773666, 61.9230768, 61.8763992, 61.8078335, 61.722068, 61.852238, 62.1232491, 
62.2003904, 62.3163552, 62.4506575, 62.9094664, 62.9887967, 63.1085554, 63.2238463, 63.404294, 63.4675773, 63.7571655, 63.7129551)))"
FI1D5,5219,78.5,55.7,52.2,50,6,34.9,38,39.5,16,46.6,72.2,60.4,76.2,76.2,78,84.9,84.2,68.5,53,54,7.8,67886,55598,50.10458710190614,3.2539846212768464,242.70836402203693,13.007472695918759,24.315764664290132,21.87343487611584,23.08576142356303,24.418878708422945,6.288483634328139,FI,5,Keski-Pohjanmaa,FI1D5,0.029461155466517397,0.8249123530624871,0.47137848746427835,0.26515039919865657,0.044191733199776095,0.044191733199776095,0,0.16203635506584568,0.058922310933034794,0.07365288866629349,0.014730577733258698,0.07365288866629349,0,0,0.014730577733258698,0.014730577733258698,0,0,0,0,0,0,"list(list(c(24.0529734, 23.9515555, 23.8758421, 23.7220631, 23.617333, 23.4227278, 23.4097254, 23.3703662, 23.0511864, 23.012891, 23.123469, 23.2240972, 23.2514648, 23.4920566, 23.7067443, 23.6996565, 23.4863897, 23.4675935, 23.6431035, 23.6969895, 23.8306068, 24.0543534, 24.2315149, 24.2425375, 24.359008, 24.5307525, 24.5712787, 24.7211991, 24.7946338, 24.7888311, 24.9021113, 25.0363225, 24.5754283, 24.4362989, 24.2823145, 24.1384365, 24.0529734, 64.072102, 64.073453, 63.9699362, 63.9825166, 64.048772, 
64.0724841, 64.040046, 63.9418537, 63.8647439, 63.7914165, 63.7562266, 63.7249201, 63.7296037, 63.7707773, 63.6882431, 63.6633093, 63.6525055, 63.6286353, 63.5266608, 63.380327, 63.28845, 63.257393, 63.1726426, 63.1360763, 63.1164345, 63.1574855, 63.153449, 63.1476705, 63.2823776, 63.3653843, 63.4287199, 63.458078, 63.683603, 63.822197, 63.8791947, 63.976046, 64.072102)), list(c(22.9865097, 22.9153999, 22.8448862, 22.866946, 22.8781341, 22.9335522, 22.989051, 22.9865097, 63.8071794, 63.8890341, 63.8834069, 
63.8381865, 63.786817, 63.7789584, 63.788022, 63.8071794)))"
FI1D7,98983,78.5,55.7,52.2,50,6,34.9,38,39.5,16,46.6,72.2,60.4,76.2,76.2,78,84.9,84.2,68.5,53,54,7.8,174983,150137,50.04486150083151,1.197830646405651,79.33056354045821,1.7678086136003153,19.476749169919362,22.20787162181469,23.17882308567118,28.303320894029707,6.812090317345113,FI,5,Lappi,FI1D7,0.05714840870255968,0.6972105861712281,0.43432790613945355,0.09715229479435146,0.051433567832303705,0.10286713566460741,0.005714840870255968,0.12572649914563128,0.02857420435127984,0.45718726962047745,0.051433567832303705,0.03428904522153581,0,0,0,0.06286324957281564,0.005714840870255968,0,0,0,0,0,"list(list(c(27.9149811, 27.6463238, 27.0867989, 26.8142923, 26.5098531, 26.340853, 25.9630136, 25.9453619, 25.8609968, 25.8236402, 25.7234567, 25.7293945, 25.6059369, 25.4462109, 25.2398858, 25.1516475, 25.08671, 24.894558, 24.7278043, 24.6077128, 24.303146, 23.9066749, 23.7840693, 23.6265494, 23.2186165, 23.0343559, 22.7952877, 22.548422, 22.4017801, 22.3123767, 21.9836115, 21.624865, 21.3044408, 21.0266017, 21.0778247, 21.0480367, 20.7329707, 20.5486365, 20.7852169, 20.8829872, 20.8766947, 20.9051924, 
21.0415504, 21.1096689, 21.3805119, 21.4550422, 21.9124574, 22.0496521, 22.3055095, 22.926544, 23.0539175, 23.0870684, 23.1419063, 23.161984, 23.2973899, 23.3899386, 23.6454577, 23.6413206, 23.4876894, 23.4852328, 23.550274, 23.4124192, 23.4781321, 23.7484787, 23.7587794, 23.711354, 23.5691982, 23.5836398, 23.5630504, 23.9827501, 23.9782421, 23.8899919, 23.8792773, 23.8584476, 23.6535323, 23.6753804, 23.6521396, 23.7332605, 23.9153772, 23.9463126, 24.0848281, 24.155129, 24.1874172, 24.2912809, 24.5422847, 
24.5789228, 24.5284425, 24.5429724, 24.6077128, 24.6943369, 24.8789201, 25.0846075, 25.3998176, 25.7783228, 26.1008405, 26.2366981, 26.9967143, 27.1164283, 27.3886588, 27.6013589, 27.8556394, 28.2141276, 28.427144, 28.4864293, 28.4186726, 28.4239888, 28.7020395, 28.6508391, 28.7264955, 28.7381419, 28.600404, 28.5599943, 28.6909457, 29.2293134, 29.5729385, 29.3674666, 29.0721649, 29.0462306, 29.5316629, 29.9192483, 30.0074983, 29.6575598, 29.3204181, 28.6358056, 28.4435121, 28.7017113, 28.7892888, 
28.4863785, 28.4514739, 28.92968, 28.8303221, 28.8533059, 29.1999419, 29.2996662, 29.1580673, 28.4149698, 28.0452476, 27.9149811, 70.086397, 70.0721345, 69.9221277, 69.9560038, 69.9390301, 69.8401947, 69.6901823, 69.6039032, 69.5234156, 69.3864639, 69.2550331, 68.9898106, 68.8989143, 68.8926297, 68.8319289, 68.7725546, 68.6434423, 68.5773299, 68.6464678, 68.6673034, 68.7201448, 68.8285893, 68.8085885, 68.703299, 68.640402, 68.6856384, 68.6911362, 68.7379517, 68.7265207, 68.8431452, 69.0728935, 69.2707591, 
69.3071985, 69.2105065, 69.1107712, 69.0585219, 69.1086207, 69.0599685, 69.023616, 68.973511, 68.9270148, 68.8969089, 68.8702547, 68.8569394, 68.7542568, 68.6912865, 68.5697101, 68.4874981, 68.4791241, 68.3482606, 68.3024326, 68.277751, 68.2369229, 68.1436508, 68.1475896, 68.0513872, 67.9550474, 67.9207577, 67.8484634, 67.6958544, 67.6061432, 67.4835096, 67.4514989, 67.4278922, 67.3230786, 67.2839255, 67.2585003, 67.2078468, 67.1726827, 66.8311294, 66.796335, 66.7559372, 66.6209686, 66.5638931, 66.446861, 
66.3772174, 66.2957927, 66.1973502, 66.1537798, 66.0771638, 65.9350282, 65.816027, 65.7760205, 65.788107, 65.7342807, 65.7004219, 65.6675187, 65.6553462, 65.6796769, 65.6491727, 65.65258, 65.5889495, 65.7334749, 65.7432386, 65.8061332, 65.7243176, 65.7220345, 65.7578311, 65.9197628, 65.948205, 65.8254445, 65.8058713, 65.8370217, 65.8786495, 65.9574939, 65.9918961, 66.0279464, 66.1120438, 66.1657206, 66.2269991, 66.282613, 66.3405765, 66.4598714, 66.4149028, 66.432856, 66.6209686, 66.8441792, 66.9625719, 
67.3068545, 67.51913, 67.6663832, 67.8068363, 68.0731917, 68.2146338, 68.5379206, 68.731351, 68.8627999, 68.8869999, 68.9150711, 69.051905, 69.1207794, 69.2181344, 69.3904262, 69.4785075, 69.6578417, 69.8227071, 69.9863867, 70.086397)))"
FI1D8,22688,78.5,55.7,52.2,50,6,34.9,38,39.5,16,46.6,72.2,60.4,76.2,76.2,78,84.9,84.2,68.5,53,54,7.8,70359,61173,49.58996006196791,3.1907787205616907,264.88864253329353,3.101154795486601,18.155459855881976,19.45593314288151,23.230858880882334,31.327904035020396,7.808524851120681,FI,5,Kainuu,FI1D8,0.028425645617476087,0.5685129123495217,0.5969385579669978,0.14212822808738043,0.08527693685242826,0.11370258246990435,0,0.44059750707087936,0.08527693685242826,0.4690231526883554,0.04263846842621413,0.028425645617476087,0.014212822808738044,0,0,0.09948975966116631,0.014212822808738044,0.028425645617476087,0,0,0,0.014212822808738044,"list(list(c(29.246138, 29.1061296, 28.6915213, 28.5527492, 28.0179055, 27.87461, 27.6243405, 27.3248016, 27.3062726, 27.3726188, 27.3690851, 27.1965026, 27.3415958, 27.2263099, 27.2088806, 27.1632345, 27.1348703, 26.9049182, 26.8664025, 26.7943463, 26.790116, 26.7997269, 26.870419, 27.4639742, 27.5401435, 27.8711024, 27.9880568, 28.2630779, 28.3596095, 28.4137186, 28.5200595, 28.894419, 29.659097, 29.7069703, 29.7233121, 29.7693731, 29.971917, 30.2487988, 30.4835838, 30.4945565, 30.5189002, 30.5341093, 
30.4647739, 30.3813961, 30.2673359, 30.0554428, 29.9954758, 30.1132185, 30.0613363, 30.0604271, 29.7525443, 29.6329859, 29.6100564, 29.627326, 29.8277136, 29.8362808, 29.8690027, 29.6395956, 29.7323897, 29.7547315, 29.246138, 65.5119368, 65.4481077, 65.3922592, 65.2856091, 65.2271335, 65.1208985, 65.1104832, 65.0566735, 65.0262361, 64.9396231, 64.8675366, 64.7876998, 64.5755766, 64.4653561, 64.3660074, 64.3322924, 64.3113421, 64.3060422, 64.2904168, 64.2490544, 64.1257105, 64.0929146, 64.0369775, 
63.9460019, 63.9547137, 63.8574769, 63.8038982, 63.6779065, 63.7547535, 63.8038982, 63.8773607, 63.8370776, 63.8768492, 63.8038982, 63.7547762, 63.7129551, 63.7571655, 63.8315933, 64.016216, 64.040046, 64.0929146, 64.1259449, 64.2598058, 64.2904168, 64.3322924, 64.410086, 64.5563567, 64.645188, 64.7188823, 64.7723312, 64.7949354, 64.8974028, 64.9886001, 65.0415768, 65.1014381, 65.1190916, 65.1865186, 65.2550369, 65.35106, 65.4973695, 65.5119368)))"
FI1D9,39150,78.5,55.7,52.2,50,6,34.9,38,39.5,16,46.6,72.2,60.4,76.2,76.2,78,84.9,84.2,68.5,53,54,7.8,411669,337916,49.4348615028093,0.800643235220529,48.49478585951335,10.515172413793103,24.59014402347517,24.620751137442944,23.54683009893871,21.943600319674303,5.282885036279146,FI,5,Pohjois-Pohjanmaa,FI1D9,0.007287408087565495,0.6437210477349522,0.3133585477653163,0.2720632352691118,0.05344099264214697,0.05829926470052396,0.007287408087565495,0.11902766543023642,0.046153584554581475,0.10202371322591694,0.02914963235026198,0.017003952204319488,0.0024291360291884985,0.004858272058376997,0,0.01943308823350799,0,0,0,0,0,0,"list(list(c(28.5599943, 28.600404, 28.7381419, 28.7264955, 28.6508391, 28.7020395, 28.4239888, 28.4186726, 28.4864293, 28.427144, 28.2141276, 27.8556394, 27.6013589, 27.3886588, 27.1164283, 26.9967143, 26.2366981, 26.1008405, 25.7783228, 25.3998176, 25.0846075, 25.2148614, 25.3233865, 25.2683345, 25.3019797, 25.2543137, 25.3696556, 25.4148132, 25.26171, 25.3384348, 25.3357269, 25.284134, 25.1193935, 25.0061185, 24.7633264, 24.6077128, 24.3291309, 23.7175736, 23.6168135, 23.617333, 23.7220631, 23.8758421, 
23.9515555, 24.0529734, 24.1384365, 24.2823145, 24.4362989, 24.5754283, 25.0363225, 25.094198, 25.151002, 25.2509226, 25.4950861, 25.7854544, 25.9127929, 26.138652, 26.2035696, 26.2852201, 26.235075, 26.2295856, 26.2877351, 26.5954309, 26.870419, 26.7997269, 26.790116, 26.7943463, 26.8664025, 26.9049182, 27.1348703, 27.1632345, 27.2088806, 27.2263099, 27.3415958, 27.1965026, 27.3690851, 27.3726188, 27.3062726, 27.3248016, 27.6243405, 27.87461, 28.0179055, 28.5527492, 28.6915213, 29.1061296, 29.246138, 
29.7547315, 29.8390154, 29.7691361, 29.9879014, 30.1098141, 30.1254276, 30.0662318, 29.9334354, 29.7090325, 29.5729385, 29.2293134, 28.6909457, 28.5599943, 66.3405765, 66.282613, 66.2269991, 66.1657206, 66.1120438, 66.0279464, 65.9918961, 65.9574939, 65.8786495, 65.8370217, 65.8058713, 65.8254445, 65.948205, 65.9197628, 65.7578311, 65.7220345, 65.7243176, 65.8061332, 65.7432386, 65.7334749, 65.5889495, 65.5457254, 65.459378, 65.3364376, 65.243487, 65.1465342, 65.0745439, 65.0047989, 64.9728523, 64.900237, 
64.8694802, 64.8540443, 64.9054458, 64.907286, 64.8725046, 64.8151119, 64.5464245, 64.2099732, 64.0929146, 64.048772, 63.9825166, 63.9699362, 64.073453, 64.072102, 63.976046, 63.8791947, 63.822197, 63.683603, 63.458078, 63.4825096, 63.575205, 63.6076819, 63.5312455, 63.4994615, 63.438349, 63.457592, 63.5658195, 63.5998556, 63.8038982, 63.8262348, 63.8574769, 63.9774679, 64.0369775, 64.0929146, 64.1257105, 64.2490544, 64.2904168, 64.3060422, 64.3113421, 64.3322924, 64.3660074, 64.4653561, 64.5755766, 
64.7876998, 64.8675366, 64.9396231, 65.0262361, 65.0566735, 65.1104832, 65.1208985, 65.2271335, 65.2856091, 65.3922592, 65.4481077, 65.5119368, 65.4973695, 65.5578531, 65.6404499, 65.6887145, 65.6804472, 65.7176571, 65.8927514, 66.1059798, 66.273713, 66.432856, 66.4149028, 66.4598714, 66.3405765)), list(c(24.8473873, 24.9535575, 24.9554058, 24.8410631, 24.6623032, 24.6077128, 24.5638112, 24.5806641, 24.6077128, 24.6623032, 24.8058053, 24.8744312, 24.8473873, 65.0484272, 65.049112, 65.0669047, 65.09169, 
65.0820574, 65.0561656, 65.0353434, 65.0043277, 64.9895062, 64.9595931, 64.9494553, 64.980146, 65.0484272)))"
FI200,1581,NA,NA,49.2,NA,NA,NA,32.3,NA,NA,NA,80.6,63.6,84.3,NA,84.8,87.7,90.2,80.4,56.7,57.3,NA,30729,25846,50.04718669660582,7.507566142731622,322.80907286276806,19.43643263757116,21.64079533990693,22.84486966708972,25.9982427023333,23.54128022389274,5.945523772332325,FI,5,Åland,FI200,0.06508509876663739,0.3254254938331869,0.4555956913664616,0.13017019753327477,0.06508509876663739,0.03254254938331869,0,0.09762764814995606,0.03254254938331869,0.48813824074978035,0,0.06508509876663739,0,0,0,0.19525529629991212,0,0,0,0,0,0,"list(list(c(19.7846856, 19.75339, 19.7449555, 19.6860564, 19.6528651, 19.6097585, 19.552403, 19.54122, 19.6961019, 19.7604211, 19.9430553, 19.9661145, 20.1339714, 20.2080409, 20.2136739, 20.2672581, 20.2906364, 20.3293924, 20.3955308, 20.4084367, 20.3679204, 20.3068197, 20.2489823, 20.255892, 20.1641031, 20.0449073, 20.010452, 20.1641031, 20.224928, 20.2449558, 20.1641031, 20.1010645, 20.1120452, 20.0109133, 19.8783084, 19.7846856, 60.401668, 60.3512753, 60.292997, 60.2994335, 60.2682699, 60.2889825, 
60.2500383, 60.1678771, 60.184508, 60.1044371, 60.0857186, 60.1081445, 60.0039235, 60.0022074, 60.0630635, 60.0879858, 60.1793524, 60.2245815, 60.2107239, 60.2477907, 60.2727773, 60.2627343, 60.1793524, 60.1636379, 60.0915515, 60.0908681, 60.2145497, 60.1779286, 60.2179324, 60.2680015, 60.3459511, 60.3512753, 60.3938591, 60.3768912, 60.4164001, 60.401668)), list(c(20.5695578, 20.6016603, 20.5566559, 20.5546389, 20.4599696, 20.3540767, 20.361551, 20.4599696, 20.4599696, 20.5695578, 60.0149877, 60.0388603, 
60.0701985, 60.1044198, 60.08583, 60.0120988, 60.0023352, 59.9853677, 60.0141953, 60.0149877)), list(c(20.8133803, 20.7617417, 20.790148, 20.7581601, 20.6638822, 20.6926959, 20.751115, 20.8133803, 20.8374508, 20.8292405, 20.8133803, 60.2795106, 60.3041693, 60.3534982, 60.3632214, 60.2099886, 60.1927029, 60.2333103, 60.2284497, 60.2291237, 60.2701826, 60.2795106)), list(c(21.0717043, 21.0403449, 21.004577, 21.0326137, 21.0568752, 21.0428793, 21.0849612, 21.1008989, 21.0717043, 60.4117147, 60.426847, 
60.3952727, 60.3721648, 60.3733653, 60.3449959, 60.3449959, 60.3783733, 60.4117147)), list(c(20.9429705, 20.863004, 20.8932932, 20.9429705, 20.9768044, 20.9890761, 20.9429705, 59.9601243, 59.9278535, 59.9110396, 59.9191032, 59.9158245, 59.9387531, 59.9601243)), list(c(21.1006765, 21.0633806, 21.0524306, 21.0818055, 21.1077767, 21.1006765, 60.527756, 60.5367193, 60.4947308, 60.4410495, 60.4969528, 60.527756)), list(c(19.5639054, 19.5651991, 19.5913285, 19.6252843, 19.5639054, 60.3660527, 60.3334318, 
60.3137888, 60.3660527, 60.3660527)), list(c(20.3428041, 20.3013434, 20.3029642, 20.372477, 20.372729, 20.3428041, 60.3664186, 60.3545118, 60.3392521, 60.3244193, 60.3545118, 60.3664186)), list(c(20.2923412, 20.2578996, 20.305788, 20.3204839, 20.2923412, 60.0074211, 59.9624573, 59.9498989, 59.9947969, 60.0074211)), list(c(19.9357241, 19.920937, 19.9319227, 19.9844437, 19.997849, 19.9357241, 60.000598, 59.9825598, 59.969155, 59.9658929, 59.9968747, 60.000598)), list(c(20.6559199, 20.62375, 20.669218, 
20.6988318, 20.6559199, 60.1606716, 60.144585, 60.1032201, 60.1236264, 60.1606716)), list(c(19.3947679, 19.3444695, 19.3765674, 19.4103946, 19.3947679, 60.2735554, 60.2513146, 60.2089432, 60.2636613, 60.2735554)), list(c(20.9196159, 20.909723, 20.9521345, 20.9544697, 20.9196159, 60.4965144, 60.4549935, 60.4317415, 60.489942, 60.4965144)), list(c(21.0087371, 20.9551875, 20.9726231, 21.0030291, 21.0087371, 60.3426343, 60.3328645, 60.2854972, 60.2968308, 60.3426343)), list(c(19.4802841, 19.4634162, 
19.4658932, 19.5097538, 19.5194499, 19.4802841, 60.2825948, 60.2475227, 60.2311908, 60.2257997, 60.2525935, 60.2825948)), list(c(19.7200139, 19.6939462, 19.684811, 19.7353818, 19.7418141, 19.7200139, 60.4158697, 60.4038893, 60.3685019, 60.3681137, 60.4010105, 60.4158697)))"
FI193,19949,81.4,54,48.5,49.9,6.5,38,41.6,42.3,17.1,47.6,74.2,63.8,78.2,77.2,80.3,86.8,86.2,71.5,56.2,57.5,10,273507,232770,50.12595655687058,1.2504250348254342,70.69215778755205,13.710311293799188,20.594719696388026,24.646169933493475,23.588061731509615,24.89552369774814,6.252125174127171,FI,5,Keski-Suomi,FI193,0.021937281312726913,0.42777698559817484,0.3436840738993883,0.16087339629333072,0.0694680574903019,0.02924970841696922,0.021937281312726913,0.1535609691890884,0.03290592196909037,0.06581184393818074,0.05849941683393844,0.010968640656363457,0,0.0036562135521211524,0,0.021937281312726913,0.0036562135521211524,0.0036562135521211524,0,0,0,0,"list(list(c(25.9127929, 25.7854544, 25.4950861, 25.2509226, 25.151002, 25.094198, 25.0363225, 24.9021113, 24.7888311, 24.7946338, 24.7211991, 24.5712787, 24.5307525, 24.359008, 24.2989127, 24.3005532, 24.3526753, 24.418191, 24.3980717, 24.5589305, 24.5278765, 24.5439653, 24.4568453, 24.3548822, 24.311612, 24.1911959, 24.012998, 24.0946469, 24.2512085, 24.3346903, 24.5092749, 24.6503228, 24.7050017, 24.5508439, 24.7660378, 24.7431356, 24.8044752, 24.8079643, 24.908012, 24.9704715, 25.424665, 25.5117205, 
25.6759175, 25.7727813, 25.864398, 25.8769044, 25.9406019, 26.0610097, 26.0861651, 26.1445857, 26.2857016, 26.315036, 26.3897061, 26.5075368, 26.5274951, 26.4730252, 26.3738966, 26.339078, 26.4003349, 26.2340126, 26.3162533, 26.4565392, 26.52062, 26.6419652, 26.6345405, 26.6816285, 26.7471784, 26.6918481, 26.7091295, 26.6321966, 26.5837591, 26.4838551, 26.5928608, 26.5070612, 26.4456839, 26.344154, 26.0519371, 26.1326206, 26.2747678, 26.3190694, 26.2355847, 26.2738108, 26.1662279, 26.1755775, 26.0826813, 
26.1630513, 26.138652, 25.9127929, 63.438349, 63.4994615, 63.5312455, 63.6076819, 63.575205, 63.4825096, 63.458078, 63.4287199, 63.3653843, 63.2823776, 63.1476705, 63.153449, 63.1574855, 63.1164345, 63.0625095, 63.0081799, 62.9301613, 62.8959311, 62.8194202, 62.6743749, 62.6249305, 62.5693365, 62.4876482, 62.4915229, 62.4562503, 62.4716514, 62.3633305, 62.2789103, 62.251362, 62.1807052, 62.1933592, 62.1195261, 62.0231977, 61.9195008, 61.7923842, 61.7205741, 61.6725817, 61.6010973, 61.570429, 61.4507055, 
61.4889776, 61.6722016, 61.7131948, 61.6955728, 61.7907211, 61.7655115, 61.7757861, 61.7248538, 61.6655865, 61.6285174, 61.6485308, 61.6084485, 61.6523247, 61.6341587, 61.6853484, 61.7587098, 61.8181412, 61.9366217, 61.9809879, 62.1249863, 62.1956888, 62.2157938, 62.2578765, 62.2244981, 62.2879179, 62.3392384, 62.3595183, 62.4056334, 62.452949, 62.4539005, 62.4755984, 62.5190606, 62.617645, 62.7401062, 62.7817222, 62.7567929, 62.9187886, 62.9523466, 62.9360159, 62.9753098, 63.0237099, 63.0562292, 
63.1529963, 63.2331452, 63.3555907, 63.4347085, 63.457592, 63.438349)))"
FI194,13999,81.4,54,48.5,49.9,6.5,38,41.6,42.3,17.1,47.6,74.2,63.8,78.2,77.2,80.3,86.8,86.2,71.5,56.2,57.5,10,185788,156848,50.059207268499584,0.9198656533252956,57.39391133980666,13.271519394242446,21.473938036902275,20.919004456692573,23.824466596335608,26.697095614356147,7.052123926195448,FI,5,Etelä-Pohjanmaa,FI194,0.010764957909014576,0.7158697009494693,0.45212823217861214,0.14532693177169678,0.02152991581802915,0.1291794949081749,0.016147436863521863,0.15609188968071133,0.037677352681551014,0.21529915818029152,0.02152991581802915,0.02691239477253644,0.005382478954507288,0.010764957909014576,0,0.0430598316360583,0,0,0,0,0,0,"list(list(c(23.527755, 23.3784613, 23.2696399, 23.2514648, 23.1220819, 22.7703057, 22.5961781, 22.5826772, 22.6340519, 22.6251287, 22.4700568, 22.3819352, 22.2323475, 22.0679115, 21.7658756, 21.7363554, 21.7668195, 21.6096978, 21.5577239, 21.5642555, 21.6785916, 21.6811332, 21.7365631, 21.6399071, 21.6478345, 21.6884513, 21.9830331, 22.1967589, 22.3295891, 22.5294536, 22.5984076, 22.831244, 23.2018857, 23.2514648, 23.3197359, 23.4920102, 23.8286741, 23.892778, 23.9310795, 24.012998, 24.1911959, 24.311612, 
24.3548822, 24.4568453, 24.5439653, 24.5278765, 24.5589305, 24.3980717, 24.418191, 24.3526753, 24.3005532, 24.2989127, 24.359008, 24.2425375, 24.2315149, 24.0543534, 23.8306068, 23.6969895, 23.527755, 63.4673687, 63.4933095, 63.4667911, 63.4526522, 63.3587375, 63.3494682, 63.2754034, 63.2495894, 63.1672363, 63.1066935, 62.999303, 62.8557132, 62.7702187, 62.7659948, 62.8414323, 62.7819075, 62.6955898, 62.6016641, 62.4215597, 62.3735405, 62.3471954, 62.2706014, 62.2378452, 62.1118275, 62.0195925, 62.0205312, 
61.9849351, 62.0975301, 62.1119724, 62.2240605, 62.3044947, 62.27089, 62.3318416, 62.3703436, 62.4125059, 62.3810729, 62.4838684, 62.4741167, 62.4020333, 62.3633305, 62.4716514, 62.4562503, 62.4915229, 62.4876482, 62.5693365, 62.6249305, 62.6743749, 62.8194202, 62.8959311, 62.9301613, 63.0081799, 63.0625095, 63.1164345, 63.1360763, 63.1726426, 63.257393, 63.28845, 63.380327, 63.4673687)))"
FI195,7934,81.4,54,48.5,49.9,6.5,38,41.6,42.3,17.1,47.6,74.2,63.8,78.2,77.2,80.3,86.8,86.2,71.5,56.2,57.5,10,180161,150684,49.36917534871587,0.8608966424475886,80.00510654359158,22.70746155785228,22.15851377379122,24.342671277357475,23.657728365184475,23.062149965863867,6.74951848624286,FI,5,Pohjanmaa,FI195,0.03330354516238254,0.37744017850700207,0.5328567225981207,0.06105649946436798,0.03885413602277962,0.04440472688317671,0.03330354516238254,0.055505908603970894,0.03330354516238254,0.11101181720794179,0.01665177258119127,0.005550590860397089,0.005550590860397089,0,0,0,0,0,0,0,0,0,"list(list(c(22.7593497, 22.7288104, 22.5964923, 22.606367, 22.6818564, 22.6789828, 22.5390469, 22.4394486, 22.3845408, 22.3624223, 22.2608917, 22.2390471, 22.3493442, 22.3384612, 22.2657719, 22.0266764, 21.9230172, 21.6809888, 21.5723113, 21.5363752, 21.6121979, 21.4966802, 21.4439518, 21.3599904, 21.3805361, 21.1749793, 21.1824654, 21.0940519, 21.1797206, 21.0684956, 21.144453, 21.2129267, 21.3333688, 21.3786443, 21.3095454, 21.3387385, 21.4475658, 21.6478345, 21.6399071, 21.7365631, 21.6811332, 
21.6785916, 21.5642555, 21.5577239, 21.6096978, 21.7668195, 21.7363554, 21.7658756, 22.0679115, 22.2323475, 22.3819352, 22.4700568, 22.6251287, 22.6340519, 22.5826772, 22.5961781, 22.7703057, 23.1220819, 23.2514648, 23.2696399, 23.3784613, 23.527755, 23.6969895, 23.6431035, 23.4675935, 23.4863897, 23.6996565, 23.7067443, 23.4920566, 23.2514648, 23.2240972, 23.123469, 23.012891, 22.989051, 22.9335522, 22.8781341, 22.866946, 22.7593497, 63.8878349, 63.8439628, 63.8089887, 63.7640498, 63.7905712, 63.7198391, 
63.6573392, 63.5134622, 63.5203151, 63.5860055, 63.4948561, 63.4576138, 63.3574622, 63.3061698, 63.2968173, 63.3745594, 63.2638771, 63.2295278, 63.2548919, 63.177694, 63.0676525, 63.0524309, 62.9535303, 62.949068, 62.8977211, 62.8630543, 62.8191056, 62.6620583, 62.5890166, 62.5484652, 62.5008675, 62.3677059, 62.3468826, 62.2105444, 62.0699415, 61.955712, 62.0123003, 62.0195925, 62.1118275, 62.2378452, 62.2706014, 62.3471954, 62.3735405, 62.4215597, 62.6016641, 62.6955898, 62.7819075, 62.8414323, 
62.7659948, 62.7702187, 62.8557132, 62.999303, 63.1066935, 63.1672363, 63.2495894, 63.2754034, 63.3494682, 63.3587375, 63.4526522, 63.4667911, 63.4933095, 63.4673687, 63.380327, 63.5266608, 63.6286353, 63.6525055, 63.6633093, 63.6882431, 63.7707773, 63.7296037, 63.7249201, 63.7562266, 63.7914165, 63.788022, 63.7789584, 63.786817, 63.8381865, 63.8878349)), list(c(21.4369906, 21.3927266, 21.4041933, 21.2844887, 21.2381299, 21.0933919, 21.1643417, 21.2888344, 21.446022, 21.4369906, 63.2650864, 63.3055495, 
63.357595, 63.3615118, 63.3891701, 63.2788298, 63.1949435, 63.1582288, 63.2115705, 63.2650864)), list(c(21.6884513, 21.6460921, 21.637277, 21.6624531, 21.6884513, 21.7529369, 21.7665726, 21.7562095, 21.6884513, 63.3253983, 63.3103073, 63.2732022, 63.2630088, 63.2949833, 63.2774508, 63.293415, 63.313528, 63.3253983)), list(c(21.2167315, 21.1914908, 21.1406542, 21.1524398, 21.2117805, 21.2167315, 63.0052335, 63.026009, 62.9916374, 62.9482542, 62.9499683, 63.0052335)), list(c(21.4536961, 21.4161977, 
21.3987458, 21.3516089, 21.3810661, 21.4295887, 21.4536961, 63.0696352, 63.0839657, 63.0419496, 63.0354865, 62.9946621, 63.0167381, 63.0696352)), list(c(21.0837898, 21.0414219, 21.0449125, 21.0785531, 21.1017427, 21.0837898, 62.7471748, 62.741889, 62.7109347, 62.6985984, 62.7215665, 62.7471748)), list(c(21.8099358, 21.7715072, 21.7723539, 21.8037249, 21.8369899, 21.8099358, 63.4604563, 63.4532779, 63.4305452, 63.4107973, 63.439331, 63.4604563)), list(c(21.0381363, 21.0279992, 21.0858087, 21.0817324, 
21.0381363, 63.4478508, 63.4160117, 63.4002582, 63.4470055, 63.4478508)), list(c(22.4364872, 22.3925772, 22.4241722, 22.4626106, 22.4364872, 63.60423, 63.5922649, 63.5489787, 63.5788328, 63.60423)), list(c(21.7168389, 21.6967539, 21.7500621, 21.7559122, 21.7168389, 63.4703619, 63.4421579, 63.4148378, 63.4647366, 63.4703619)), list(c(20.8254579, 20.7995076, 20.8435237, 20.8682057, 20.8254579, 63.0127838, 62.9901671, 62.947208, 62.9641466, 63.0127838)))"
FI196,8268,81.4,54,48.5,49.9,6.5,38,41.6,42.3,17.1,47.6,74.2,63.8,78.2,77.2,80.3,86.8,86.2,71.5,56.2,57.5,10,213252,183834,50.23962260611859,0.9191004070301803,85.36895316339356,25.79245283018868,19.057734511282426,20.99956858552323,24.424155459268846,27.838425899874327,7.651510888526251,FI,5,Satakunta,FI196,0.014067863372910923,0.4829966424699417,0.3001144186220997,0.1875715116388123,0.05627145349164369,0.05158216570067338,0.014067863372910923,0.1313000581471686,0.042203590118732766,0.042203590118732766,0.05158216570067338,0.05158216570067338,0,0.004689287790970308,0,0.009378575581940616,0,0,0,0,0,0,"list(list(c(22.6167763, 22.7695233, 22.7748759, 22.848322, 22.831244, 22.5984076, 22.5294536, 22.3295891, 22.1967589, 21.9830331, 21.6884513, 21.6478345, 21.4475658, 21.3387385, 21.4279537, 21.474578, 21.4636536, 21.5056792, 21.6271235, 21.5444212, 21.5866389, 21.5273385, 21.5541535, 21.4897453, 21.5364541, 21.4353824, 21.4656259, 21.4199295, 21.4968883, 21.6204473, 21.6935693, 21.815171, 22.0079536, 22.1542552, 22.5953013, 22.7726581, 22.8349226, 22.9648043, 22.929011, 22.931614, 22.6473124, 22.5750388, 
22.5540343, 22.4463019, 22.6760686, 22.7107597, 22.6561591, 22.8146306, 22.7217132, 22.5606149, 22.6167763, 62.0387587, 62.0659079, 62.147039, 62.1767119, 62.27089, 62.3044947, 62.2240605, 62.1119724, 62.0975301, 61.9849351, 62.0205312, 62.0195925, 62.0123003, 61.955712, 61.9170734, 61.8359561, 61.7962073, 61.7734565, 61.5886049, 61.5724385, 61.5194327, 61.4918429, 61.4405549, 61.4176189, 61.3320056, 61.2238081, 61.0945495, 61.047443, 61.0054949, 61.033011, 61.0053232, 61.0205389, 60.9139131, 60.8871447, 
60.9853608, 60.998402, 61.0881743, 61.0499469, 61.0945495, 61.1994629, 61.2540376, 61.3245654, 61.411671, 61.4865441, 61.5963963, 61.6483424, 61.6905656, 61.7919625, 61.9099599, 61.9951275, 62.0387587)), list(c(21.5150577, 21.4462576, 21.4483291, 21.4112951, 21.4391248, 21.5164416, 21.5150577, 61.6521264, 61.6628486, 61.6365311, 61.6234363, 61.5964207, 61.6098836, 61.6521264)), list(c(21.4062938, 21.3666706, 21.3388402, 21.3639285, 21.3962606, 21.4062938, 61.2113583, 61.2194149, 61.1825048, 61.1688889, 
61.1846403, 61.2113583)))"
FI197,14613,81.4,54,48.5,49.9,6.5,38,41.6,42.3,17.1,47.6,74.2,63.8,78.2,77.2,80.3,86.8,86.2,71.5,56.2,57.5,10,522126,443930,50.73756143153185,0.6927446631655961,44.82960051788266,35.73024019708479,20.5117155629101,26.23542976216469,24.6055549809816,22.69586268448612,5.92634728015843,FI,5,Pirkanmaa,FI197,0.011491479068270877,0.4041170139008592,0.23940581392230995,0.13981299533062902,0.038304930227569596,0.05171165580721895,0.03255919069343415,0.047881162784461986,0.026813451159298715,0.044050669761705026,0.019152465113784798,0.017237218602406314,0.003830493022756959,0.005745739534135439,0,0.011491479068270877,0,0.003830493022756959,0,0,0,0,"list(list(c(23.9310795, 23.892778, 23.8286741, 23.4920102, 23.3197359, 23.2514648, 23.2018857, 22.831244, 22.848322, 22.7748759, 22.7695233, 22.6167763, 22.5606149, 22.7217132, 22.8146306, 22.6561591, 22.7107597, 22.6760686, 22.4463019, 22.5540343, 22.5750388, 22.6473124, 22.931614, 22.929011, 22.9648043, 23.016935, 23.1448261, 23.1953505, 23.2514648, 23.3343544, 23.4394094, 23.7252511, 23.820248, 23.8517157, 23.8151963, 24.2228123, 24.3111259, 24.5658859, 24.8211759, 24.9139335, 24.887053, 24.9704715, 
24.908012, 24.8079643, 24.8044752, 24.7431356, 24.7660378, 24.5508439, 24.7050017, 24.6503228, 24.5092749, 24.3346903, 24.2512085, 24.0946469, 24.012998, 23.9310795, 62.4020333, 62.4741167, 62.4838684, 62.3810729, 62.4125059, 62.3703436, 62.3318416, 62.27089, 62.1767119, 62.147039, 62.0659079, 62.0387587, 61.9951275, 61.9099599, 61.7919625, 61.6905656, 61.6483424, 61.5963963, 61.4865441, 61.411671, 61.3245654, 61.2540376, 61.1994629, 61.0945495, 61.0499469, 61.0262918, 61.0316124, 61.001223, 61.0068018, 
61.0120587, 60.9771816, 60.9996531, 60.967743, 61.0219122, 61.0693127, 61.1534736, 61.2328367, 61.297596, 61.2794955, 61.324883, 61.4497699, 61.4507055, 61.570429, 61.6010973, 61.6725817, 61.7205741, 61.7923842, 61.9195008, 62.0231977, 62.1195261, 62.1933592, 62.1807052, 62.251362, 62.2789103, 62.3633305, 62.4020333)))"
FI1B1,9568,77.1,42.5,38.3,39.5,6.5,44.7,49.3,48.5,14.2,44.8,75.2,67.5,79.7,80.2,81.3,85.6,84.7,73.6,61.5,64.1,10,1729587,1455227,51.06901242897871,0.42281770156690585,17.436474719109246,180.7678720735786,21.36041725568011,28.103298648752563,26.332875998721082,19.759110122821227,4.428051320922278,FI,5,Helsinki-Uusimaa,FI1B1,0.01618883583190669,0.3659833243427477,0.13355789561323023,0.33591834351206384,0.023126908331295278,0.026017771872707183,0.004047208957976673,0.12488530498899449,0.01618883583190669,0.08094417915953346,0.008094417915953346,0.018501526665036218,0.0011563454165647636,0.0046253816662590545,0.0028908635414119097,0.01792335395675384,0,5.781727082823818e-4,0,0,0,0,"list(list(c(25.110966, 25.1223214, 25.0838887, 24.6251795, 24.5791537, 24.5555994, 24.470334, 24.3645009, 24.2813649, 24.1924169, 23.9004925, 23.8702646, 23.7495533, 23.7740045, 23.714237, 23.6348264, 23.6185552, 23.2514648, 23.1448261, 23.0295995, 22.9983707, 22.9092345, 22.9009819, 23.0314456, 23.097641, 23.1547149, 23.0543406, 23.0609836, 23.1723317, 23.3474445, 23.3989012, 23.4365618, 23.5490915, 23.9227876, 24.0263937, 24.3189074, 24.4759744, 24.6598747, 24.8156702, 25.0565128, 25.2576123, 25.4468199, 
25.5494927, 25.6283749, 25.6354677, 25.7852431, 25.8759117, 25.9202316, 25.9626892, 25.9990038, 26.0783515, 26.0572378, 26.175717, 26.2617153, 26.3618523, 26.4198589, 26.453932, 26.5349365, 26.5328704, 26.3537684, 26.2948894, 26.2083595, 26.2017009, 26.1308121, 25.9519154, 25.8835142, 25.6029151, 25.5319246, 25.462547, 25.3526398, 25.2064621, 25.110966, 60.8185845, 60.7132144, 60.6772385, 60.6603042, 60.6391069, 60.5789323, 60.5607107, 60.5986075, 60.5817933, 60.6224398, 60.6497585, 60.5288523, 60.4754201, 
60.4144929, 60.3151967, 60.2705837, 60.2014139, 60.1538158, 60.1000167, 60.1008411, 60.0120248, 59.9754098, 59.9398474, 59.9321454, 59.9821506, 59.9167664, 59.8589881, 59.8392289, 59.8402096, 59.9141767, 59.8612794, 59.8998345, 59.9308603, 59.9471418, 60.0107385, 60.0718494, 59.9958856, 60.1140008, 60.1743403, 60.1559783, 60.2440066, 60.2445588, 60.3082831, 60.2496953, 60.3170022, 60.2579014, 60.2783568, 60.3453679, 60.2892014, 60.2885495, 60.3119753, 60.4052533, 60.3909716, 60.423392, 60.4020298, 
60.4261534, 60.4876525, 60.5577131, 60.5872771, 60.6653788, 60.7472083, 60.7579925, 60.7164155, 60.6930792, 60.7080286, 60.7331372, 60.676604, 60.7022792, 60.791185, 60.7570914, 60.829275, 60.8185845)), list(c(26.4304242, 26.4032458, 26.4153363, 26.4771465, 26.4807897, 26.4304242, 60.3935667, 60.3718067, 60.35886, 60.3570762, 60.3809366, 60.3935667)), list(c(26.2033046, 26.1681141, 26.1873323, 26.226145, 26.236292, 26.2033046, 60.3544939, 60.3429014, 60.3141139, 60.3070211, 60.3349003, 60.3544939
)), list(c(25.8721173, 25.8228834, 25.7994095, 25.8261442, 25.8795414, 25.8721173, 60.2279533, 60.2294117, 60.1977795, 60.1931011, 60.2053824, 60.2279533)), list(c(22.8336026, 22.8040539, 22.8242447, 22.8545045, 22.8336026, 60.035011, 60.0260197, 59.9636574, 59.9795321, 60.035011)), list(c(26.5037409, 26.493787, 26.5251144, 26.5516014, 26.5037409, 60.3750017, 60.357414, 60.3337136, 60.3665493, 60.3750017)))"
FI1C1,10910,80.6,56.3,50.4,53.5,NA,34.6,37.8,37.4,16.2,44.4,73.6,62.4,77.7,76,79.4,86.2,83.4,72.7,54.3,55.6,9.2,480647,412617,50.888073783878816,0.6195815224062565,47.56401267458239,44.05563703024748,19.3620266016432,25.039374010448416,24.936387827241198,24.30037012610086,6.334794558168468,FI,5,Varsinais-Suomi,FI1C1,0.01040264476840592,0.5159711805129337,0.2808714087469598,0.2954351114227281,0.03953005011994249,0.049932694888348415,0,0.2746298218859163,0.03328846325889894,0.08530168710092853,0.02080528953681184,0.03536899221258013,0.006241586861043552,0.012483173722087104,0,0.022885818490493023,0,0,0,0,0,0,"list(list(c(22.0079536, 21.815171, 21.6935693, 21.6204473, 21.4968883, 21.4199295, 21.3629326, 21.3625972, 21.2992767, 21.2251975, 21.2523331, 21.3576516, 21.3591644, 21.4368223, 21.3129225, 21.3087384, 21.5666198, 21.788699, 21.7648172, 21.8839873, 21.9742477, 22.0061146, 22.0035915, 22.1434125, 22.1318276, 22.2676219, 22.3643538, 22.4690959, 22.521958, 22.5424383, 22.45142, 22.4008609, 22.4382855, 22.5564957, 22.6285597, 22.7425367, 22.8591214, 22.9048067, 23.0295995, 23.1448261, 23.2514648, 23.6185552, 
23.6348264, 23.714237, 23.7740045, 23.7495533, 23.8702646, 23.9004925, 23.6992396, 23.4765876, 23.2722821, 23.2514648, 23.1847166, 23.1818784, 23.1423624, 23.1582186, 23.2514648, 23.2885167, 23.2514648, 23.1953505, 23.1448261, 23.016935, 22.9648043, 22.8349226, 22.7726581, 22.5953013, 22.1542552, 22.0079536, 60.9139131, 61.0205389, 61.0053232, 61.033011, 61.0054949, 61.047443, 61.0475966, 60.9895563, 60.9782399, 60.8815148, 60.8397067, 60.7987725, 60.7249076, 60.6116661, 60.5444018, 60.516296, 60.50245, 
60.596181, 60.5039305, 60.320593, 60.3028475, 60.328009, 60.4194429, 60.425365, 60.2751964, 60.1508052, 60.1962974, 60.3256935, 60.3468579, 60.243848, 60.1769208, 60.0641964, 60.021799, 60.0176734, 59.9798636, 60.0266235, 60.1385691, 60.0472072, 60.1008411, 60.1000167, 60.1538158, 60.2014139, 60.2705837, 60.3151967, 60.4144929, 60.4754201, 60.5288523, 60.6497585, 60.6594668, 60.7456087, 60.719782, 60.7296715, 60.7655291, 60.8162389, 60.8598608, 60.8871366, 60.8932286, 60.931019, 60.9589388, 61.001223, 
61.0316124, 61.0262918, 61.0499469, 61.0881743, 60.998402, 60.9853608, 60.8871447, 60.9139131)), list(c(21.7231382, 21.7142542, 21.7829445, 21.8337873, 21.9177129, 21.9686465, 21.9247134, 21.9220428, 21.9870784, 21.9863632, 22.0343845, 22.1257729, 22.0639501, 22.0292718, 21.9547373, 21.8337873, 21.7481339, 21.7231382, 60.1804916, 60.1396374, 60.1304442, 60.1389006, 60.179447, 60.1516321, 60.1332783, 60.1102118, 60.1072505, 60.1580433, 60.1430712, 60.1764038, 60.2397334, 60.2162537, 60.2359423, 60.2127737, 
60.2093161, 60.1804916)), list(c(21.6884513, 21.6884513, 21.5982111, 21.5581968, 21.5281136, 21.5504326, 21.6496952, 21.6884513, 60.1585026, 60.1752147, 60.1856881, 60.1745354, 60.1394242, 60.1134195, 60.1197046, 60.1585026)), list(c(21.2604858, 21.3217705, 21.3584502, 21.440592, 21.4484583, 21.3937363, 21.3217705, 21.2501636, 21.2604858, 60.198941, 60.1915025, 60.1732404, 60.1946765, 60.2397453, 60.2104111, 60.2319693, 60.2160717, 60.198941)), list(c(21.2252519, 21.3039313, 21.3200229, 21.3039313, 
21.2180814, 21.2252519, 60.5995469, 60.5833588, 60.6269405, 60.6659123, 60.6242907, 60.5995469)), list(c(21.4217376, 21.4233795, 21.3768742, 21.351243, 21.3189924, 21.4217376, 60.3839934, 60.4391356, 60.4168729, 60.4391356, 60.3629401, 60.3839934)), list(c(21.3726086, 21.408632, 21.4182799, 21.3567014, 21.3375131, 21.3726086, 59.7709468, 59.7698341, 59.7948751, 59.810074, 59.7972714, 59.7709468)), list(c(22.3358314, 22.3849639, 22.3811542, 22.3288678, 22.3194149, 22.3358314, 59.9234356, 59.9487508, 
59.9683516, 59.9693382, 59.948049, 59.9234356)), list(c(21.276798, 21.303371, 21.3117049, 21.2888982, 21.264796, 21.276798, 60.2834716, 60.2816346, 60.3242774, 60.3462197, 60.3195621, 60.2834716)), list(c(21.6974031, 21.7344301, 21.7015308, 21.6685224, 21.6974031, 60.3940892, 60.4231857, 60.4550884, 60.4267071, 60.3940892)), list(c(22.5298611, 22.5536157, 22.4929384, 22.4885622, 22.5298611, 59.9366106, 59.9844631, 59.9899147, 59.9691003, 59.9366106)), list(c(21.6428281, 21.6808092, 21.6547348, 21.601487, 
21.6428281, 60.4255639, 60.4628204, 60.4805691, 60.4352492, 60.4255639)), list(c(21.6124218, 21.6147714, 21.5820268, 21.5566591, 21.6124218, 60.2230348, 60.2536547, 60.2786805, 60.2272965, 60.2230348)), list(c(21.6972606, 21.7000105, 21.6449118, 21.6380587, 21.6972606, 60.3427982, 60.3775121, 60.3840516, 60.3492569, 60.3427982)), list(c(22.437076, 22.4229554, 22.385677, 22.403655, 22.4281597, 22.437076, 59.9705435, 59.9786145, 59.9495007, 59.9106363, 59.9262262, 59.9705435)), list(c(22.4790689, 22.5216324, 
22.5113004, 22.4675585, 22.4598713, 22.4790689, 59.8433094, 59.8703794, 59.8934132, 59.891808, 59.8690414, 59.8433094)), list(c(21.4270814, 21.4488582, 21.4362386, 21.4138153, 21.4147132, 21.4270814, 60.2585667, 60.2635943, 60.2896108, 60.2804936, 60.2783844, 60.2585667)), list(c(21.3862485, 21.3818718, 21.3952375, 21.4147132, 21.4045712, 21.3862485, 60.2860901, 60.2758356, 60.2647754, 60.2783844, 60.2911704, 60.2860901)))"
FI1C2,5708,80.6,56.3,50.4,53.5,NA,34.6,37.8,37.4,16.2,44.4,73.6,62.4,77.7,76,79.4,86.2,83.4,72.7,54.3,55.6,9.2,167462,143926,50.382176254911556,1.1226427488027135,104.16034682495133,29.33812193412754,19.71193464786041,20.372980138777752,25.778982694581458,27.32201932378689,6.7901971790615185,FI,5,Kanta-Häme,FI1C2,0.017914511948979472,0.5792358863503362,0.2926036951666647,0.09554406372789051,0.017914511948979472,0.07762955177891104,0,0.14331609559183578,0.023886015931972628,0.06568654381292473,0.023886015931972628,0.035829023897958945,0,0.005971503982993157,0,0.017914511948979472,0,0,0,0,0,0,"list(list(c(25.093191, 25.0171162, 25.0568678, 25.194985, 25.2512554, 25.2494212, 25.1821018, 24.9389378, 24.9139335, 24.8211759, 24.5658859, 24.3111259, 24.2228123, 23.8151963, 23.8517157, 23.820248, 23.7252511, 23.4394094, 23.3343544, 23.2514648, 23.1953505, 23.2514648, 23.2885167, 23.2514648, 23.1582186, 23.1423624, 23.1818784, 23.1847166, 23.2514648, 23.2722821, 23.4765876, 23.6992396, 23.9004925, 24.1924169, 24.2813649, 24.3645009, 24.470334, 24.5555994, 24.5791537, 24.6251795, 25.0838887, 25.1223214, 
25.110966, 25.093191, 60.9075381, 60.9369827, 61.0499469, 61.0806095, 61.1338769, 61.1878515, 61.2426396, 61.2863017, 61.324883, 61.2794955, 61.297596, 61.2328367, 61.1534736, 61.0693127, 61.0219122, 60.967743, 60.9996531, 60.9771816, 61.0120587, 61.0068018, 61.001223, 60.9589388, 60.931019, 60.8932286, 60.8871366, 60.8598608, 60.8162389, 60.7655291, 60.7296715, 60.719782, 60.7456087, 60.6594668, 60.6497585, 60.6224398, 60.5817933, 60.5986075, 60.5607107, 60.5789323, 60.6391069, 60.6603042, 60.6772385, 
60.7132144, 60.8185845, 60.9075381)))"
FI1C3,6255,80.6,56.3,50.4,53.5,NA,34.6,37.8,37.4,16.2,44.4,73.6,62.4,77.7,76,79.4,86.2,83.4,72.7,54.3,55.6,9.2,198107,170904,51.150640815316976,1.32201285164078,118.00542131272493,31.67178257394085,19.166410071325092,21.30363894259163,24.71593633743381,27.75368866319716,7.037106210280303,FI,5,Päijät-Häme,FI1C3,0,0.35839218200265516,0.21200664287481008,0.10095554422610004,0.03028666326783001,0.040382217690440016,0.005047777211305002,0.03533444047913502,0.02523888605652501,0.05552554932435502,0.005047777211305002,0.04542999490174501,0,0,0,0.015143331633915005,0,0.010095554422610004,0,0,0,0.005047777211305002,"list(list(c(26.2857016, 26.1445857, 26.0861651, 26.0610097, 25.9406019, 25.8769044, 25.864398, 25.7727813, 25.6759175, 25.5117205, 25.424665, 24.9704715, 24.887053, 24.9139335, 24.9389378, 25.1821018, 25.2494212, 25.2512554, 25.194985, 25.0568678, 25.0171162, 25.093191, 25.110966, 25.2064621, 25.3526398, 25.462547, 25.5319246, 25.6029151, 25.8835142, 25.9519154, 26.1308121, 26.2017009, 26.2083595, 26.1859836, 26.0904365, 26.1449568, 26.0522966, 26.1207897, 26.10391, 26.0531528, 26.067047, 26.1312619, 
26.2313188, 26.5136595, 26.4728474, 26.4079951, 26.3365191, 26.2607429, 26.2793284, 26.2602849, 26.315036, 26.2857016, 61.6485308, 61.6285174, 61.6655865, 61.7248538, 61.7757861, 61.7655115, 61.7907211, 61.6955728, 61.7131948, 61.6722016, 61.4889776, 61.4507055, 61.4497699, 61.324883, 61.2863017, 61.2426396, 61.1878515, 61.1338769, 61.0806095, 61.0499469, 60.9369827, 60.9075381, 60.8185845, 60.829275, 60.7570914, 60.791185, 60.7022792, 60.676604, 60.7331372, 60.7080286, 60.6930792, 60.7164155, 60.7579925, 
60.8075034, 60.8385908, 60.9190315, 60.9574983, 61.0009132, 61.0499469, 61.1004944, 61.1259634, 61.1480069, 61.1348006, 61.274324, 61.335505, 61.3242659, 61.3510085, 61.4360017, 61.4738096, 61.5080882, 61.6084485, 61.6485308)))"
HU321,6209,71.9,61.1,60.2,59,6.7,19,21.6,22.6,25.7,30.2,72,62.2,78.1,80.6,80.8,87.1,86.6,67.2,56.8,61,5.7,521919,443417,51.63464062431144,0.10231472699786748,4.69977142046946,84.05846352069577,20.469076619168874,25.190307308222156,28.251510291826893,21.42439727237368,4.634627212268571,HU,5,Hajdú-Bihar,HU321,0.013412042864888996,0.19926463684977938,0.3448811022400028,0.06706021432444498,0.024908079606222423,0.015328048988444566,0.0019160061235555708,0.03448811022400027,0.032572104100444706,0.03448811022400027,0,0.011496036741333425,0.02299207348266685,0.032572104100444706,0.009580030617777855,0.0038320122471111415,0.0038320122471111415,0,0,0,0,0,"list(list(c(22.0935221, 22.0229465, 21.938677, 21.8298532, 21.6884513, 21.5513178, 21.5480932, 21.2831244, 21.122181, 21.0421199, 20.827972, 20.8577697, 20.9846499, 21.0300079, 21.0168179, 20.9920975, 21.2948362, 21.2972998, 21.2356695, 21.2850247, 21.4953629, 21.658955, 21.6884513, 21.7954486, 21.9293069, 22.0197285, 22.0214501, 22.12832, 22.0935221, 47.6579687, 47.6332993, 47.7253469, 47.6741314, 47.7313916, 47.7924355, 47.9319227, 47.9117973, 47.961827, 47.7611681, 47.6590175, 47.5938503, 47.5677581, 
47.3546046, 47.2511188, 47.2322875, 47.1435777, 47.0999716, 47.0439215, 47.0004558, 46.9469344, 47.0221315, 47.0539479, 47.120629, 47.3572797, 47.3926596, 47.509591, 47.5980895, 47.6579687)))"
HU322,5582,71.9,61.1,60.2,59,6.7,19,21.6,22.6,25.7,30.2,72,62.2,78.1,80.6,80.8,87.1,86.6,67.2,56.8,61,5.7,360116,307541,51.637805595974626,0.12329360539381756,15.69827500027769,64.51379433894661,19.75557875795577,23.478545801908275,28.58578902353686,22.90984016261427,5.2302591387219675,HU,5,Jász-Nagykun-Szolnok,HU322,0.00833064901309578,0.15550544824445456,0.4443012806984416,0.06942207510913151,0.02499194703928734,0.01110753201746104,0.00555376600873052,0.01666129802619156,0.04443012806984416,0.030545713048017863,0,0.00555376600873052,0.03332259605238312,0.030545713048017863,0.00555376600873052,0.01110753201746104,0,0,0,0,0,0,"list(list(c(20.649389, 20.4035711, 20.3137415, 20.2882147, 20.2067368, 20.059204, 19.984915, 19.8826229, 19.8237636, 19.7471035, 19.6663295, 19.6732425, 19.7528564, 19.7651559, 19.9787261, 20.0078098, 19.9997012, 20.0883281, 20.0553389, 20.094687, 20.1386866, 20.0611625, 20.1716086, 20.2354972, 20.3189095, 20.4242655, 20.41561, 20.4546653, 20.6935777, 20.7185098, 20.8133803, 20.8663822, 20.9920975, 21.0168179, 21.0300079, 20.9846499, 20.8577697, 20.827972, 20.7716985, 20.649389, 47.5480672, 47.4258324, 
47.4639421, 47.5340057, 47.5984386, 47.5687092, 47.6661158, 47.658729, 47.6027153, 47.6163525, 47.5885495, 47.5363944, 47.5308389, 47.481148, 47.3546046, 47.3060139, 47.2547488, 47.1959664, 47.1209681, 47.0074075, 46.9214706, 46.8063905, 46.7616821, 46.7933373, 46.7659368, 46.8034705, 46.8568356, 46.894049, 46.9176887, 47.0338699, 47.0471078, 47.1525494, 47.2322875, 47.2511188, 47.3546046, 47.5677581, 47.5938503, 47.6590175, 47.654476, 47.5480672)))"
HR022,2024,86.1,68.4,65.6,69.5,9.5,26.7,17.1,24.4,31.3,24.5,58.2,48,62.8,72.8,65.1,80.1,72.1,42.3,43,45.7,2.3,NA,NA,NA,NA,NA,NA,NA,NA,NA,NA,NA,HR,5,Virovitičko-podravska županija,HR022,NA,NA,NA,NA,NA,NA,NA,NA,NA,NA,NA,NA,NA,NA,NA,NA,NA,NA,NA,NA,NA,NA,"list(list(c(17.5789031, 17.3769505, 17.294325, 17.2020502, 17.122053, 17.2694449, 17.3880672, 17.4763189, 17.4415385, 17.8857395, 17.9463365, 18.0352637, 17.9120895, 17.8684817, 17.651499, 17.5789031, 45.9283297, 45.937862, 45.9885445, 45.9778824, 45.883364, 45.8091805, 45.7104113, 45.705636, 45.5750675, 45.4736545, 45.5098949, 45.6323223, 45.7907805, 45.7767157, 45.8478355, 45.9283297)))"
HR031,3588,86.4,58.2,63.4,59.2,13.1,36.9,28.8,34.1,18.9,24.8,65.8,54.9,70.7,78.7,73.6,86.2,78.3,53.3,48.6,51.7,3.9,277811,244602,51.03253650863356,0.5305765430454518,15.796350756449527,77.4278149386845,16.07855700458225,22.785274881124217,27.791916086836014,26.673529845830437,6.662803128745802,HR,5,Primorsko-goranska županija,HR031,0.007199138982977636,0.33475996270846003,1.126665250836,0.07559095932126518,0.007199138982977636,0.03599569491488818,0,0.021597416948932906,0.03239612542339936,0.039595264406377,0.021597416948932906,0.03239612542339936,0.003599569491488818,0.01799784745744409,0.003599569491488818,0.3707556576233483,0.007199138982977636,0,0,0,0,0,"list(list(c(14.5700125, 14.4744538, 14.3188101, 14.1181965, 14.1112845, 14.2036001, 14.1896327, 14.226404, 14.3126214, 14.348313, 14.555584, 14.5297273, 14.4531062, 14.4815072, 14.5952617, 14.704682, 14.7835341, 14.6820081, 14.6213799, 14.6337364, 14.8212435, 14.881276, 14.9125795, 15.0036802, 15.0166295, 14.9834431, 14.9807544, 15.0165007, 15.1069036, 15.1904041, 15.2264375, 15.1558527, 14.9384583, 14.896416, 14.8195703, 14.7001256, 14.5700125, 45.6729445, 45.5328642, 45.476458, 45.481239, 45.4823355, 
45.3536667, 45.286669, 45.1537805, 45.3309817, 45.3472197, 45.2717126, 45.1504886, 45.0859044, 45.0408597, 45.0190718, 44.9497931, 44.9702845, 45.0853519, 45.1827157, 45.1997515, 45.1144462, 45.031147, 45.0724094, 45.0812734, 45.123035, 45.1601559, 45.2956508, 45.3146396, 45.2894605, 45.3536667, 45.427088, 45.4295847, 45.5206971, 45.4806507, 45.4691172, 45.533547, 45.6729445)), list(c(14.4016377, 14.3545751, 14.3188101, 14.3042714, 14.2967485, 14.2763811, 14.2795872, 14.3188101, 14.3502202, 14.3931736, 
14.3633175, 14.3188101, 14.3053836, 14.3020668, 14.3188101, 14.3914072, 14.3449434, 14.3553198, 14.3883263, 14.3972027, 14.3981724, 14.4198557, 14.494721, 14.5310306, 14.5067143, 14.4518621, 14.4730102, 14.4016377, 45.0134254, 45.1548728, 45.1735925, 45.163924, 45.1444157, 45.1199908, 45.1052926, 45.06354, 45.0406532, 44.9183909, 44.9096436, 44.9452957, 44.9363409, 44.9143204, 44.8885342, 44.7295538, 44.6671525, 44.647165, 44.6200133, 44.6299121, 44.6671525, 44.6671525, 44.610734, 44.6279113, 44.6671525, 
44.8614244, 44.9625994, 45.0134254)), list(c(14.7738964, 14.7475304, 14.7459846, 14.7048672, 14.6833829, 14.6556564, 14.7003088, 14.7423363, 14.7886522, 14.8390848, 14.8680582, 14.8324483, 14.7434938, 14.7738964, 44.8675658, 44.8865675, 44.8523184, 44.8375909, 44.7966652, 44.7890668, 44.7570919, 44.7659575, 44.743865, 44.701518, 44.7059149, 44.7527714, 44.8149926, 44.8675658)), list(c(14.5419567, 14.5121028, 14.4631221, 14.4561977, 14.5186717, 14.5316212, 14.5749998, 14.5419567, 44.475837, 44.5215516, 
44.5446952, 44.5268778, 44.4750643, 44.4333115, 44.4522123, 44.475837)), list(c(14.5150612, 14.491257, 14.5432299, 14.5738009, 14.5150612, 45.0018097, 44.9805552, 44.9416216, 44.9474222, 45.0018097)), list(c(14.4082108, 14.3901508, 14.3663898, 14.4294446, 14.4082108, 44.6149969, 44.6152935, 44.5608934, 44.5696486, 44.6149969)), list(c(14.7553365, 14.7518492, 14.8198444, 14.8398786, 14.7553365, 44.9437801, 44.925096, 44.8841686, 44.9062965, 44.9437801)), list(c(14.2764707, 14.2517635, 14.255823, 14.2883485, 
14.2764707, 44.6870776, 44.6671817, 44.6467934, 44.6671817, 44.6870776)), list(c(14.2568726, 14.2377372, 14.2567038, 14.2701027, 14.2568726, 44.6440686, 44.6299923, 44.612895, 44.6313991, 44.6440686)))"
HR032,5353,86.4,58.2,63.4,59.2,13.1,36.9,28.8,34.1,18.9,24.8,65.8,54.9,70.7,78.7,73.6,86.2,78.3,53.3,48.6,51.7,3.9,42401,37048,49.173368552628475,3.8796254805311197,147.4116176505271,7.920978890341864,17.24015943020212,22.56786396547251,26.209287516803847,25.747034268059714,8.233296384519234,HR,5,Ličko-senjska županija,HR032,0.02358434942572109,0.8962052781774015,2.6650314851064834,0.02358434942572109,0,0.02358434942572109,0,0,0.04716869885144218,0,0,0.14150609655432655,0,0,0,0.33018089196009526,0,0,0,0,0,0,"list(list(c(15.0036802, 14.9125795, 14.881276, 14.9115476, 14.8955156, 14.9254746, 15.03452, 15.0245512, 15.1077075, 15.289482, 15.3454778, 15.599202, 15.7583262, 15.8184583, 15.7800065, 15.9103816, 16.0476097, 16.132175, 16.1125866, 16.038448, 16.0232103, 15.9094693, 15.8255702, 15.7619511, 15.742564, 15.7800221, 15.736722, 15.4559014, 15.1994869, 15.1187929, 15.0166295, 15.0036802, 45.0812734, 45.0724094, 45.031147, 44.9479967, 44.7731009, 44.6894124, 44.5488885, 44.5076416, 44.4957927, 44.3632425, 
44.4029692, 44.2929587, 44.2748463, 44.3176656, 44.4096863, 44.4884031, 44.4459369, 44.454534, 44.5093466, 44.5725533, 44.6439801, 44.7275198, 44.7312128, 44.7823386, 44.8183223, 44.8508186, 44.935631, 44.932925, 45.1020101, 45.0901813, 45.123035, 45.0812734)), list(c(14.9711593, 14.9397642, 14.7826048, 14.7903482, 14.8966665, 14.9154875, 14.9711593, 44.5432978, 44.5824055, 44.6532202, 44.6176884, 44.5280275, 44.5384315, 44.5432978)))"
HR033,3646,86.4,58.2,63.4,59.2,13.1,36.9,28.8,34.1,18.9,24.8,65.8,54.9,70.7,78.7,73.6,86.2,78.3,53.3,48.6,51.7,3.9,167140,143237,50.21060189063061,0.8238602369271268,25.509154002632528,45.84201865057597,19.411870288381,23.978700490606677,25.932152686370706,24.195883690319494,6.474213234414264,HR,5,Zadarska županija,HR033,0,0.394878544932392,1.0410434366399426,0.02991504128275697,0.0059830082565513944,0.011966016513102789,0.0059830082565513944,0,0.023932033026205578,0,0,0.02991504128275697,0.023932033026205578,0.011966016513102789,0,0.197439272466196,0.01794902476965418,0,0,0,0,0,"list(list(c(15.7800065, 15.8184583, 15.7583262, 15.599202, 15.3454778, 15.289482, 15.3871384, 15.2136951, 15.196222, 15.3679181, 15.5588765, 15.7350729, 15.8121398, 15.8480702, 15.9198512, 15.9643858, 16.084986, 16.172449, 16.2100571, 16.207599, 16.132175, 16.0476097, 15.9103816, 15.7800065, 44.4096863, 44.3176656, 44.2748463, 44.2929587, 44.4029692, 44.3632425, 44.2799565, 44.255308, 44.1845492, 43.9533203, 43.8718785, 43.8727261, 43.9588727, 44.0875689, 44.1488892, 44.1679688, 44.1322459, 44.2092179, 
44.2326567, 44.3434425, 44.454534, 44.4459369, 44.4884031, 44.4096863)), list(c(15.1145978, 14.9154875, 14.8966665, 15.1172593, 15.1951208, 15.1145978, 44.431844, 44.5384315, 44.5280275, 44.3327332, 44.3403643, 44.431844)), list(c(15.2113805, 15.0690135, 15.0555212, 15.1214798, 15.1860138, 15.2229325, 15.2113805, 43.9189185, 43.9997694, 43.9909637, 43.914488, 43.874097, 43.8790288, 43.9189185)), list(c(15.2125505, 15.1505566, 15.0800031, 15.0634147, 15.114804, 15.1436221, 15.2199892, 15.2354749, 
15.2125505, 44.0793954, 44.1058734, 44.1473966, 44.1334701, 44.1061813, 44.0748696, 44.0196425, 44.0292397, 44.0793954)), list(c(14.9919439, 14.9581579, 15.0380149, 15.0569035, 14.9919439, 44.0959675, 44.0833814, 43.9969822, 44.0124382, 44.0959675)), list(c(14.796375, 14.8099348, 14.761125, 14.7611668, 14.795289, 14.8225423, 14.796375, 44.3826414, 44.40071, 44.4171376, 44.3671259, 44.339595, 44.3513581, 44.3826414)), list(c(14.6696249, 14.6430213, 14.6975706, 14.7217285, 14.6696249, 44.4240378, 44.4021798, 
44.3719332, 44.3998125, 44.4240378)), list(c(14.8843509, 14.844227, 14.9010076, 14.9219132, 14.8843509, 44.2459474, 44.2295688, 44.1895474, 44.2087573, 44.2459474)), list(c(14.7994874, 14.7684145, 14.8019667, 14.8341157, 14.7994874, 44.2833152, 44.2735872, 44.2205811, 44.238554, 44.2833152)), list(c(15.0431878, 14.9806658, 15.0223163, 15.0390965, 15.0431878, 44.1829814, 44.1549726, 44.1227717, 44.1302137, 44.1829814)), list(c(15.0654781, 15.0419621, 15.1066775, 15.1140019, 15.0654781, 44.0919721, 
44.0818884, 44.0291626, 44.0699968, 44.0919721)), list(c(15.0727501, 15.0116205, 15.0262591, 15.0667227, 15.0899425, 15.0727501, 44.3206552, 44.3256776, 44.2986967, 44.2817207, 44.3020874, 44.3206552)))"
HR034,2984,86.4,58.2,63.4,59.2,13.1,36.9,28.8,34.1,18.9,24.8,65.8,54.9,70.7,78.7,73.6,86.2,78.3,53.3,48.6,51.7,3.9,96458,84108,49.99377967612847,1.1880818594621494,30.014099400775468,32.325067024128685,17.36507080802007,22.57459205042609,25.008812125484667,26.873872566298285,8.173505567189865,HR,5,Šibensko-kninska županija,HR034,0,0.3732194322917746,1.4825105227145494,0.06220323871529578,0.010367206452549297,0.05183603226274648,0,0.04146882581019719,0.04146882581019719,0.010367206452549297,0,0,0.010367206452549297,0.020734412905098594,0,0.24881295486118313,0.010367206452549297,0,0,0,0,0.010367206452549297,"list(list(c(16.172449, 16.084986, 15.9643858, 15.9198512, 15.8480702, 15.8121398, 15.7350729, 15.5588765, 15.6276072, 15.6295493, 15.7845861, 15.8383194, 15.9227992, 15.9348815, 16.016526, 16.0654175, 16.0617135, 16.0588271, 16.1529681, 16.3382707, 16.3537707, 16.4276725, 16.3526752, 16.3581806, 16.544348, 16.2398698, 16.172449, 44.2092179, 44.1322459, 44.1679688, 44.1488892, 44.0875689, 43.9588727, 43.8727261, 43.8718785, 43.8321599, 43.7839365, 43.7458897, 43.6777031, 43.6549681, 43.563972, 43.50191, 
43.5213963, 43.563972, 43.5971512, 43.6855542, 43.7023282, 43.769375, 43.8158776, 43.8800769, 43.9145274, 43.9741785, 44.1966975, 44.2092179)), list(c(15.3150518, 15.2920683, 15.2726022, 15.2224741, 15.2811727, 15.3350947, 15.3066983, 15.339878, 15.3440568, 15.3150518, 43.8952035, 43.8692522, 43.8809975, 43.8670601, 43.7994067, 43.790147, 43.8420574, 43.8456879, 43.8879149, 43.8952035)), list(c(15.6765204, 15.6690248, 15.6298861, 15.6596309, 15.6931379, 15.6944076, 15.7558306, 15.7706851, 15.6765204, 
43.7136155, 43.6790649, 43.6528195, 43.6230302, 43.6443308, 43.6740957, 43.6684645, 43.6912188, 43.7136155)), list(c(15.4479812, 15.421914, 15.4683595, 15.4975187, 15.4479812, 43.7532011, 43.7287671, 43.7006446, 43.7317767, 43.7532011)))"
HR035,4540,86.4,58.2,63.4,59.2,13.1,36.9,28.8,34.1,18.9,24.8,65.8,54.9,70.7,78.7,73.6,86.2,78.3,53.3,48.6,51.7,3.9,447882,383321,50.537195064771524,0.19536395747094099,6.248297542656325,98.65242290748898,19.57010998432623,25.090090693530886,26.716635185160378,23.010525093663063,5.60594085049187,HR,5,Splitsko-dalmatinska županija,HR035,0.00669819282757512,0.24336767273522936,1.123063664090095,0.040189156965450716,0.00669819282757512,0.008930923770100161,0,0.00669819282757512,0.020094578482725358,0.0022327309425250403,0,0.017861847540200322,0.01562911659767528,0,0,0.12280020183887722,0.00669819282757512,0,0,0,0,0,"list(list(c(17.0109573, 16.544348, 16.3581806, 16.3526752, 16.4276725, 16.3537707, 16.3382707, 16.1529681, 16.0588271, 16.0617135, 16.0654175, 16.016526, 16.0544354, 16.2125433, 16.2966292, 16.3329012, 16.4005637, 16.4744439, 16.8785769, 17.1335155, 17.245326, 17.3560535, 17.4248725, 17.4508455, 17.3142722, 17.2611623, 17.2615288, 17.1450658, 17.035781, 17.0109573, 43.5780558, 43.9741785, 43.9145274, 43.8800769, 43.8158776, 43.769375, 43.7023282, 43.6855542, 43.5971512, 43.563972, 43.5213963, 43.50191, 
43.482735, 43.5092688, 43.4941097, 43.5373815, 43.5422146, 43.4982356, 43.3888478, 43.2011102, 43.1514666, 43.084161, 43.1514666, 43.1768685, 43.3014629, 43.39157, 43.4769582, 43.5019692, 43.563972, 43.5780558)), list(c(16.8809461, 16.8698009, 16.7556834, 16.4449712, 16.4399194, 16.4848591, 16.647752, 16.81982, 16.8809461, 43.2901131, 43.3268012, 43.3603375, 43.3849738, 43.3175407, 43.2901131, 43.2582415, 43.2672067, 43.2901131)), list(c(16.6509278, 16.6052064, 16.5640851, 16.5235057, 16.4587592, 
16.4141645, 16.4239408, 16.5127726, 16.6848104, 17.0729005, 17.0739602, 16.6956792, 16.6975051, 16.6509278, 43.2167034, 43.2185018, 43.1803413, 43.2027602, 43.2066596, 43.1856011, 43.1610095, 43.1514704, 43.1218312, 43.1141063, 43.1319566, 43.169743, 43.1916727, 43.2167034)), list(c(16.2387531, 16.1824223, 16.0831146, 16.069164, 16.0963049, 16.1991035, 16.2287898, 16.2592187, 16.2387531, 43.0760738, 43.080269, 43.0699866, 43.0560825, 43.0070603, 43.0210797, 43.0145912, 43.0364058, 43.0760738)), list(
    c(16.2022935, 16.1817312, 16.1995442, 16.2851037, 16.3599431, 16.3823807, 16.3341825, 16.3174483, 16.2787381, 16.2022935, 43.4160104, 43.4055385, 43.3899284, 43.3679833, 43.3335393, 43.3411021, 43.3927191, 43.3836385, 43.4109528, 43.4160104)), list(c(16.1068954, 16.1150138, 16.1799393, 16.1803946, 16.1068954, 43.4498417, 43.4271829, 43.426633, 43.4616477, 43.4498417)), list(c(16.038545, 16.0052126, 15.9809762, 16.0241813, 16.038545, 42.979729, 43.0033235, 42.9400272, 42.9463177, 42.979729)), 
    list(c(16.3201233, 16.252428, 16.2726638, 16.3347305, 16.3201233, 42.4081602, 42.3885299, 42.3682312, 42.3727566, 42.4081602)))"
HR036,2813,86.4,58.2,63.4,59.2,13.1,36.9,28.8,34.1,18.9,24.8,65.8,54.9,70.7,78.7,73.6,86.2,78.3,53.3,48.6,51.7,3.9,214560,187856,49.70590976882923,0.47772184936614465,21.40846383296048,76.27444009953786,16.79530201342282,23.578952274422072,28.121271439224458,25.11418717375093,6.379567486950037,HR,5,Istarska županija,HR036,0.004660700969425801,0.4008202833706189,1.2397464578672632,0.07457121551081282,0.018642803877703205,0.018642803877703205,0.009321401938851602,0.004660700969425801,0.027964205816554812,0.027964205816554812,0,0.023303504847129005,0.009321401938851602,0.004660700969425801,0,0.23303504847129008,0.013982102908277406,0,0,0,0,0,"list(list(c(14.0041637, 13.9753756, 13.869664, 13.7759742, 13.651296, 13.610764, 13.5133397, 13.6332805, 13.7724419, 13.8664092, 13.9606564, 14.0629993, 14.1478781, 14.1594806, 14.226404, 14.1896327, 14.2036001, 14.1112845, 14.0041637, 45.5126326, 45.4566249, 45.4292142, 45.4622519, 45.454055, 45.4638784, 45.4869372, 45.0832011, 44.9642645, 44.822301, 44.820811, 44.9559823, 44.9775803, 45.0630257, 45.1537805, 45.286669, 45.3536667, 45.4823355, 45.5126326)))"
HR037,1781,86.4,58.2,63.4,59.2,13.1,36.9,28.8,34.1,18.9,24.8,65.8,54.9,70.7,78.7,73.6,86.2,78.3,53.3,48.6,51.7,3.9,122379,104075,50.29457668390819,0.07109062829407006,12.129532027553747,68.71364402021337,19.853079368192255,24.485410078526545,25.797726734161905,23.40761078289576,6.443098897686695,HR,5,Dubrovačko-neretvanska županija,HR037,0.008171336585525294,0.3268534634210118,1.8467220683287164,0.07354202926972765,0.008171336585525294,0.05719935609867706,0,0.024514009756575885,0.008171336585525294,0.008171336585525294,0.008171336585525294,0.024514009756575885,0.01634267317105059,0.01634267317105059,0,0.38405281951968884,0,0,0,0,0,0,"list(list(c(17.0426916, 17.0423007, 16.855971, 16.6889118, 16.6529181, 16.791658, 16.9815902, 17.1416848, 17.1799439, 17.2379616, 17.5010839, 17.7439597, 17.826213, 18.0792484, 18.2245134, 18.2271299, 18.2705992, 18.4188702, 18.4363441, 18.525213, 18.4652683, 18.4466145, 18.438104, 18.364049, 18.215055, 17.9118237, 17.8180325, 17.706974, 17.6491565, 17.6308153, 17.520978, 17.4570585, 17.4268834, 17.2379616, 17.0426916, 43.0252179, 42.9827552, 42.9606353, 42.9869528, 42.9291435, 42.8969315, 42.9238611, 
42.9101384, 42.972466, 42.9670117, 42.8533858, 42.7907985, 42.7967659, 42.6477927, 42.6084552, 42.573018, 42.5378804, 42.4695039, 42.4614457, 42.420463, 42.4695039, 42.4847646, 42.555705, 42.6101773, 42.6252407, 42.8062622, 42.9022113, 42.9152232, 42.8889235, 42.8835522, 42.9240566, 42.9312893, 42.9557328, 43.0145133, 43.0252179)), list(c(17.695886, 17.6336442, 17.5039883, 17.4508455, 17.4248725, 17.3560535, 17.5238015, 17.581335, 17.6939073, 17.695886, 42.9970281, 43.089492, 43.1514666, 43.1768685, 
43.1514666, 43.084161, 42.9528781, 42.938423, 42.9707138, 42.9970281)), list(c(17.4054346, 17.3534572, 17.3275874, 17.3348106, 17.5668035, 17.6246806, 17.6082674, 17.4054346, 42.7893873, 42.805676, 42.7839925, 42.7749331, 42.721301, 42.7164266, 42.747974, 42.7893873)), list(c(16.8558025, 16.7873471, 16.823957, 16.9060721, 16.9440678, 16.8558025, 42.7784352, 42.7617995, 42.7316564, 42.7264186, 42.7664247, 42.7784352)), list(c(17.8527785, 17.8255564, 17.9043508, 17.921109, 17.8527785, 42.7555575, 42.7373166, 
42.699765, 42.715475, 42.7555575)), list(c(17.6646348, 17.6481747, 17.7189461, 17.7329975, 17.6646348, 42.7340616, 42.7188104, 42.6891803, 42.7230064, 42.7340616)))"
HR050,641,91.1,40.5,47,36.5,6.7,58.4,48.9,62.4,11.9,21.2,72.4,62.9,77.9,80.6,81.4,91.4,86,64.7,56.6,61.1,5.5,NA,NA,NA,NA,NA,NA,NA,NA,NA,NA,NA,HR,5,Grad Zagreb,HR050,NA,NA,NA,NA,NA,NA,NA,NA,NA,NA,NA,NA,NA,NA,NA,NA,NA,NA,NA,NA,NA,NA,"list(list(c(15.8347473, 15.8705905, 15.7839029, 15.9195834, 16.038318, 16.1236193, 16.1971557, 16.2165356, 16.1548135, 15.956769, 15.8347473, 45.8382103, 45.7413823, 45.7061676, 45.6230546, 45.7541139, 45.7941429, 45.791666, 45.8614673, 45.968774, 45.901594, 45.8382103)))"
HR065,3060,86.8,61.4,63.3,58.7,8.9,34.1,22.3,36.6,18.6,31.2,68.5,57.8,73.6,84.5,76,89.7,81.5,50.7,52.4,55.5,2.9,NA,NA,NA,NA,NA,NA,NA,NA,NA,NA,NA,HR,5,Zagrebačka županija,HR065,NA,NA,NA,NA,NA,NA,NA,NA,NA,NA,NA,NA,NA,NA,NA,NA,NA,NA,NA,NA,NA,NA,"list(list(c(16.2869831, 16.2512755, 16.1548135, 16.2165356, 16.1971557, 16.1236193, 16.038318, 15.9195834, 15.7839029, 15.8705905, 15.8347473, 15.956769, 15.8598915, 15.7707183, 15.7064075, 15.6728968, 15.571014, 15.404425, 15.3312905, 15.5339515, 15.690051, 15.7707183, 15.8808661, 15.922112, 16.0552969, 16.0977347, 16.0772035, 16.1483347, 16.242528, 16.3530642, 16.4784177, 16.6099205, 16.5155027, 16.5148858, 16.6973949, 16.702198, 16.6019189, 16.3414855, 16.2869831, 46.0209772, 46.0716545, 45.968774, 
45.8614673, 45.791666, 45.7941429, 45.7541139, 45.6230546, 45.7061676, 45.7413823, 45.8382103, 45.901594, 45.9759912, 45.9679143, 45.975262, 45.8361353, 45.8460259, 45.792717, 45.762855, 45.603828, 45.5982309, 45.5407381, 45.5355528, 45.4785875, 45.4783725, 45.5171477, 45.5680902, 45.6318564, 45.6039354, 45.6344023, 45.5802926, 45.670356, 45.7278666, 45.77294, 45.8473884, 45.923121, 45.92491, 46.0275355, 46.0209772)))"
HR064,1229,86.8,61.4,63.3,58.7,8.9,34.1,22.3,36.6,18.6,31.2,68.5,57.8,73.6,84.5,76,89.7,81.5,50.7,52.4,55.5,2.9,NA,NA,NA,NA,NA,NA,NA,NA,NA,NA,NA,HR,5,Krapinsko-zagorska županija,HR064,NA,NA,NA,NA,NA,NA,NA,NA,NA,NA,NA,NA,NA,NA,NA,NA,NA,NA,NA,NA,NA,NA,"list(list(c(16.2470538, 16.2152687, 15.9795228, 15.8942426, 15.8734945, 15.7914755, 15.7946262, 15.7707183, 15.6552788, 15.6046659, 15.627262, 15.7037062, 15.7154713, 15.7064075, 15.7707183, 15.8598915, 15.956769, 16.1548135, 16.2512755, 16.2470538, 46.1546288, 46.1924265, 46.19241, 46.2351089, 46.2793195, 46.2593275, 46.2337548, 46.2102334, 46.2143948, 46.1429831, 46.0859535, 46.0586396, 46.0208959, 45.975262, 45.9679143, 45.9759912, 45.901594, 45.968774, 46.0716545, 46.1546288)))"
HR062,1262,86.8,61.4,63.3,58.7,8.9,34.1,22.3,36.6,18.6,31.2,68.5,57.8,73.6,84.5,76,89.7,81.5,50.7,52.4,55.5,2.9,NA,NA,NA,NA,NA,NA,NA,NA,NA,NA,NA,HR,5,Varaždinska županija,HR062,NA,NA,NA,NA,NA,NA,NA,NA,NA,NA,NA,NA,NA,NA,NA,NA,NA,NA,NA,NA,NA,NA,"list(list(c(16.1085894, 16.005315, 15.8734945, 15.8942426, 15.9795228, 16.2152687, 16.2470538, 16.2512755, 16.2869831, 16.3414855, 16.3888517, 16.6850322, 16.773625, 16.3783898, 16.301549, 16.1085894, 46.3966444, 46.3122077, 46.2793195, 46.2351089, 46.19241, 46.1924265, 46.1546288, 46.0716545, 46.0209772, 46.0275355, 46.1297216, 46.2109204, 46.3047825, 46.3187375, 46.378288, 46.3966444)))"
HR063,1748,86.8,61.4,63.3,58.7,8.9,34.1,22.3,36.6,18.6,31.2,68.5,57.8,73.6,84.5,76,89.7,81.5,50.7,52.4,55.5,2.9,NA,NA,NA,NA,NA,NA,NA,NA,NA,NA,NA,HR,5,Koprivničko-križevačka županija,HR063,NA,NA,NA,NA,NA,NA,NA,NA,NA,NA,NA,NA,NA,NA,NA,NA,NA,NA,NA,NA,NA,NA,"list(list(c(16.854755, 16.8199027, 16.773625, 16.6850322, 16.3888517, 16.3414855, 16.6019189, 16.702198, 16.7302825, 16.8521213, 16.9970134, 17.122053, 17.2020502, 17.294325, 17.1624002, 16.957955, 16.8760435, 16.854755, 46.350441, 46.299076, 46.3047825, 46.2109204, 46.1297216, 46.0275355, 45.92491, 45.923121, 46.0361505, 46.081209, 45.9379563, 45.883364, 45.9778824, 45.9885445, 46.1623033, 46.2360141, 46.3206025, 46.350441)))"
HR061,729,86.8,61.4,63.3,58.7,8.9,34.1,22.3,36.6,18.6,31.2,68.5,57.8,73.6,84.5,76,89.7,81.5,50.7,52.4,55.5,2.9,NA,NA,NA,NA,NA,NA,NA,NA,NA,NA,NA,HR,5,Međimurska županija,HR061,NA,NA,NA,NA,NA,NA,NA,NA,NA,NA,NA,NA,NA,NA,NA,NA,NA,NA,NA,NA,NA,NA,"list(list(c(16.3798317, 16.2421485, 16.301549, 16.3783898, 16.773625, 16.8199027, 16.854755, 16.596805, 16.3798317, 46.5403109, 46.4900755, 46.378288, 46.3187375, 46.3047825, 46.299076, 46.350441, 46.4759025, 46.5403109)))"
HR021,2640,86.1,68.4,65.6,69.5,9.5,26.7,17.1,24.4,31.3,24.5,58.2,48,62.8,72.8,65.1,80.1,72.1,42.3,43,45.7,2.3,NA,NA,NA,NA,NA,NA,NA,NA,NA,NA,NA,HR,5,Bjelovarsko-bilogorska županija,HR021,NA,NA,NA,NA,NA,NA,NA,NA,NA,NA,NA,NA,NA,NA,NA,NA,NA,NA,NA,NA,NA,NA,"list(list(c(16.9970134, 16.8521213, 16.7302825, 16.702198, 16.6973949, 16.5148858, 16.5155027, 16.6099205, 16.7868737, 16.8945323, 16.9299615, 16.9625043, 17.0844453, 17.1814381, 17.414668, 17.4415385, 17.4763189, 17.3880672, 17.2694449, 17.122053, 16.9970134, 45.9379563, 46.081209, 46.0361505, 45.923121, 45.8473884, 45.77294, 45.7278666, 45.670356, 45.6160008, 45.4884552, 45.481646, 45.5347688, 45.5073424, 45.5286862, 45.5152755, 45.5750675, 45.705636, 45.7104113, 45.8091805, 45.883364, 45.9379563
)))"
HR023,1823,86.1,68.4,65.6,69.5,9.5,26.7,17.1,24.4,31.3,24.5,58.2,48,62.8,72.8,65.1,80.1,72.1,42.3,43,45.7,2.3,NA,NA,NA,NA,NA,NA,NA,NA,NA,NA,NA,HR,5,Požeško-slavonska županija,HR023,NA,NA,NA,NA,NA,NA,NA,NA,NA,NA,NA,NA,NA,NA,NA,NA,NA,NA,NA,NA,NA,NA,"list(list(c(17.4415385, 17.414668, 17.1814381, 17.0844453, 16.9625043, 16.9299615, 17.1759675, 17.2417574, 17.4041103, 17.5792177, 17.6865274, 17.7457131, 17.910133, 18.072255, 18.1037805, 18.0969239, 17.8857395, 17.4415385, 45.5750675, 45.5152755, 45.5286862, 45.5073424, 45.5347688, 45.481646, 45.3485975, 45.3849004, 45.3862849, 45.282089, 45.2653076, 45.1871496, 45.283706, 45.2656955, 45.3011258, 45.3884094, 45.4736545, 45.5750675)))"
HR024,2030,86.1,68.4,65.6,69.5,9.5,26.7,17.1,24.4,31.3,24.5,58.2,48,62.8,72.8,65.1,80.1,72.1,42.3,43,45.7,2.3,NA,NA,NA,NA,NA,NA,NA,NA,NA,NA,NA,HR,5,Brodsko-posavska županija,HR024,NA,NA,NA,NA,NA,NA,NA,NA,NA,NA,NA,NA,NA,NA,NA,NA,NA,NA,NA,NA,NA,NA,"list(list(c(17.910133, 17.7457131, 17.6865274, 17.5792177, 17.4041103, 17.2417574, 17.1759675, 17.1621861, 17.0870108, 17.141193, 17.2270949, 17.2828104, 17.5239879, 17.6750626, 17.8505488, 18.010954, 18.1393898, 18.1966368, 18.2539831, 18.415846, 18.4911923, 18.529673, 18.5004388, 18.5641829, 18.521115, 18.4697419, 18.3452004, 18.2254809, 18.072255, 17.910133, 45.283706, 45.1871496, 45.2653076, 45.282089, 45.3862849, 45.3849004, 45.3485975, 45.2905644, 45.2263079, 45.163288, 45.1478276, 45.1806032, 
45.1127511, 45.1259198, 45.0486887, 45.1417097, 45.0805082, 45.0840898, 45.1333452, 45.104749, 45.0633562, 45.087509, 45.1313861, 45.2151293, 45.232504, 45.2102245, 45.2425428, 45.2213411, 45.2656955, 45.283706)))"
HR025,4155,86.1,68.4,65.6,69.5,9.5,26.7,17.1,24.4,31.3,24.5,58.2,48,62.8,72.8,65.1,80.1,72.1,42.3,43,45.7,2.3,NA,NA,NA,NA,NA,NA,NA,NA,NA,NA,NA,HR,5,Osječko-baranjska županija,HR025,NA,NA,NA,NA,NA,NA,NA,NA,NA,NA,NA,NA,NA,NA,NA,NA,NA,NA,NA,NA,NA,NA,"list(list(c(19.0481978, 18.9164042, 18.9450631, 18.9144751, 18.9644874, 18.9062768, 18.8651355, 18.889734, 18.821306, 18.7828836, 18.6686827, 18.5682821, 18.4281896, 17.9120895, 18.0352637, 17.9463365, 17.8857395, 18.0969239, 18.1037805, 18.072255, 18.2254809, 18.3452004, 18.4697419, 18.521115, 18.5198523, 18.6217584, 18.657529, 18.7888811, 18.8420761, 19.005262, 19.0012496, 19.033942, 19.0481978, 45.5238003, 45.5780824, 45.66621, 45.7131926, 45.7371395, 45.7658078, 45.829568, 45.9211805, 45.914383, 
45.8868818, 45.9119991, 45.8027237, 45.7408204, 45.7907805, 45.6323223, 45.5098949, 45.4736545, 45.3884094, 45.3011258, 45.2656955, 45.2213411, 45.2425428, 45.2102245, 45.232504, 45.2841499, 45.3204879, 45.3916679, 45.4136766, 45.4736112, 45.4346305, 45.4748686, 45.4868215, 45.5238003)))"
HR026,2454,86.1,68.4,65.6,69.5,9.5,26.7,17.1,24.4,31.3,24.5,58.2,48,62.8,72.8,65.1,80.1,72.1,42.3,43,45.7,2.3,NA,NA,NA,NA,NA,NA,NA,NA,NA,NA,NA,HR,5,Vukovarsko-srijemska županija,HR026,NA,NA,NA,NA,NA,NA,NA,NA,NA,NA,NA,NA,NA,NA,NA,NA,NA,NA,NA,NA,NA,NA,"list(list(c(18.8420761, 18.7888811, 18.657529, 18.6217584, 18.5198523, 18.521115, 18.5641829, 18.5004388, 18.529673, 18.6736516, 18.7872243, 18.7700084, 18.838996, 19.0220695, 19.0052701, 19.0693038, 19.1448328, 19.0919877, 19.0896263, 19.1503233, 19.197095, 19.2624512, 19.3009127, 19.4251675, 19.4180298, 19.160286, 18.992138, 19.005262, 18.8420761, 45.4736112, 45.4136766, 45.3916679, 45.3204879, 45.2841499, 45.232504, 45.2151293, 45.1313861, 45.087509, 45.0799315, 44.9834987, 44.9109945, 44.8624526, 
44.855354, 44.9090473, 44.9112273, 44.9571515, 44.9862856, 45.1355278, 45.1402221, 45.1911652, 45.1758806, 45.2032433, 45.1676925, 45.2266881, 45.2765635, 45.3664233, 45.4346305, 45.4736112)))"
HR027,3626,86.1,68.4,65.6,69.5,9.5,26.7,17.1,24.4,31.3,24.5,58.2,48,62.8,72.8,65.1,80.1,72.1,42.3,43,45.7,2.3,NA,NA,NA,NA,NA,NA,NA,NA,NA,NA,NA,HR,5,Karlovačka županija,HR027,NA,NA,NA,NA,NA,NA,NA,NA,NA,NA,NA,NA,NA,NA,NA,NA,NA,NA,NA,NA,NA,NA,"list(list(c(15.8808661, 15.7707183, 15.690051, 15.5339515, 15.3312905, 15.2953051, 15.3823627, 15.2975668, 15.3468136, 15.2264375, 15.1904041, 15.1069036, 15.0165007, 14.9807544, 14.9834431, 15.0166295, 15.1187929, 15.1994869, 15.4559014, 15.736722, 15.7744904, 15.7796201, 15.840023, 15.7923975, 15.7774218, 15.8249266, 15.8451425, 15.922112, 15.8808661, 45.5355528, 45.5407381, 45.5982309, 45.603828, 45.762855, 45.7234852, 45.6610871, 45.5982327, 45.48382, 45.427088, 45.3536667, 45.2894605, 45.3146396, 
45.2956508, 45.1601559, 45.123035, 45.0901813, 45.1020101, 44.932925, 44.935631, 44.9885982, 45.1720378, 45.224472, 45.2753051, 45.365202, 45.4078538, 45.4804411, 45.4785875, 45.5355528)))"
HR028,4468,86.1,68.4,65.6,69.5,9.5,26.7,17.1,24.4,31.3,24.5,58.2,48,62.8,72.8,65.1,80.1,72.1,42.3,43,45.7,2.3,NA,NA,NA,NA,NA,NA,NA,NA,NA,NA,NA,HR,5,Sisačko-moslavačka županija,HR028,NA,NA,NA,NA,NA,NA,NA,NA,NA,NA,NA,NA,NA,NA,NA,NA,NA,NA,NA,NA,NA,NA,"list(list(c(16.8945323, 16.7868737, 16.6099205, 16.4784177, 16.3530642, 16.242528, 16.1483347, 16.0772035, 16.0977347, 16.0552969, 15.922112, 15.8451425, 15.8249266, 15.7774218, 15.7923975, 15.840023, 15.9972275, 16.1142003, 16.3036207, 16.349064, 16.4003455, 16.5390764, 16.8153182, 16.9285448, 16.9519648, 17.141193, 17.0870108, 17.1621861, 17.1759675, 16.9299615, 16.8945323, 45.4884552, 45.6160008, 45.670356, 45.5802926, 45.6344023, 45.6039354, 45.6318564, 45.5680902, 45.5171477, 45.4783725, 45.4785875, 
45.4804411, 45.4078538, 45.365202, 45.2753051, 45.224472, 45.2176914, 45.0947608, 44.9997538, 45.0112964, 45.1079121, 45.2256947, 45.190443, 45.2666637, 45.2336492, 45.163288, 45.2263079, 45.2905644, 45.3485975, 45.481646, 45.4884552)))"
HU110,525,77.5,36.2,39.9,33.8,13.2,60.9,56.2,62.7,12,24.1,79.2,70.3,84.3,88.7,88.6,93.1,90.5,78.7,63.2,68.1,11.4,1766058,1529603,52.680772658655606,0.058038863955770424,4.442039842406082,3363.92,17.68775430931487,26.987788623023707,29.457696179853663,20.61732966867453,5.200452080282754,HU,5,Budapest,HU110,0.0351064347830026,0.2361190855566465,0.1613763534379958,0.17553217391501297,0.014155820477017175,0.027745408134953665,0.003963629733564809,0.04643109116461634,0.02095061430598542,0.04869602244093908,0.005096095371726183,0.016420751753339926,0.031142805049437786,0.020384381486904732,0.003963629733564809,0.006794793828968245,0.004529862552645496,0,5.66232819080687e-4,0,0,0,"list(list(c(18.9750012, 18.962175, 19.0815872, 19.1404322, 19.3203714, 19.316746, 19.0926587, 18.9382295, 18.9750012, 47.4553728, 47.385027, 47.3963592, 47.3495319, 47.4608981, 47.5048066, 47.6102466, 47.5657721, 47.4553728)))"
HU120,6391,78.2,56.9,56.9,53.9,7.6,30,33.3,33.8,17.4,24,76.2,67.4,83,86.1,86.2,89.1,92.6,72.4,61.9,67.4,8.5,1316201,1096485,51.37140907809673,0.0344172356653733,2.9615537444508857,205.9460178375841,22.286717606201485,23.66287519915271,30.97801931467914,19.3097406855032,3.736511368704324,HU,5,Pest,HU120,0.003798811883595287,0.2134932278580551,0.38519952499656207,0.1686672476316307,0.024312396055009837,0.010636673274066803,0.010636673274066803,0.03342954457563853,0.025831920808447952,0.06382003964440082,0.0030390495068762296,0.01747453466453832,0.05394312874705307,0.03874788121267193,0.0030390495068762296,0.01747453466453832,7.597623767190574e-4,7.597623767190574e-4,0,0,0,0,"list(list(c(19.0786647, 18.9562946, 18.9976054, 18.928392, 18.8374653, 18.7668566, 18.767812, 18.848478, 18.9036532, 18.9312365, 18.8642607, 18.8549387, 18.7900056, 18.6884335, 18.710813, 18.7772447, 18.7687589, 18.8108129, 18.9103564, 18.8779839, 18.9659075, 18.989465, 19.0714576, 19.2599885, 19.3356801, 19.3053398, 19.3262235, 19.4714891, 19.5119213, 19.5860309, 19.667552, 19.7886789, 19.8824999, 19.9693846, 20.0303395, 20.094687, 20.0553389, 20.0883281, 19.9997012, 20.0078098, 19.9787261, 19.7651559, 
19.7528564, 19.6732425, 19.6663295, 19.570937, 19.4727324, 19.4204503, 19.0786647, 47.8492497, 47.9373283, 48.0084052, 48.0568325, 48.0456873, 47.973322, 47.8800948, 47.818228, 47.791086, 47.7301387, 47.7098988, 47.6585776, 47.6639786, 47.5770675, 47.5147381, 47.4599171, 47.3984525, 47.3546046, 47.2681601, 47.1367507, 47.0289645, 47.0534589, 47.043235, 47.1268234, 47.0974648, 47.037729, 47.0202865, 47.0631135, 47.1112864, 47.1123176, 47.0122053, 46.9506668, 46.9896721, 46.9680954, 47.0069678, 47.0074075, 
47.1209681, 47.1959664, 47.2547488, 47.3060139, 47.3546046, 47.481148, 47.5308389, 47.5363944, 47.5885495, 47.7348995, 47.6994633, 47.8135098, 47.8492497), c(19.0926587, 19.316746, 19.3203714, 19.1404322, 19.0815872, 18.962175, 18.9750012, 18.9382295, 19.0926587, 47.6102466, 47.5048066, 47.4608981, 47.3495319, 47.3963592, 47.385027, 47.4553728, 47.5657721, 47.6102466)))"
HU211,4359,79.7,68.3,64.2,64.9,7.9,21.4,23,24.5,13,31.6,78.1,66.7,84,88.8,86.4,92.3,92.1,69.9,60.7,64.5,5.4,415850,356144,51.41228808464591,0.06324395815798967,10.858482625946856,95.40032117458132,19.4529277383672,23.83142960201996,30.205602981844415,22.06107971624384,4.419141517374054,HU,5,Fejér,HU211,0.012023566189731875,0.21642419141517374,0.5891547432968618,0.07935553685223037,0.02404713237946375,0.012023566189731875,0.0024047132379463746,0.021642419141517377,0.02404713237946375,0.06733197066249849,0.012023566189731875,0.016832992665624623,0.05049897799687387,0.026451845617410125,0.004809426475892749,0.019237705903570997,0.009618852951785498,0,0,0,0,0,"list(list(c(18.8779839, 18.9103564, 18.8108129, 18.7687589, 18.7772447, 18.710813, 18.6884335, 18.5035812, 18.4914706, 18.4298831, 18.3323714, 18.1964158, 18.1233065, 18.0659482, 18.035719, 18.0634434, 18.2161003, 18.2293156, 18.2052485, 18.1835261, 18.2108975, 18.3000521, 18.4718221, 18.5536604, 18.6552176, 18.8745133, 18.925097, 18.9602761, 18.9659075, 18.8779839, 47.1367507, 47.2681601, 47.3546046, 47.3984525, 47.4599171, 47.5147381, 47.5770675, 47.5513006, 47.4906402, 47.4799118, 47.4061955, 
47.4677352, 47.4373346, 47.3546046, 47.334342, 47.2809408, 47.2110712, 47.0149298, 46.9716325, 46.9422885, 46.778161, 46.8074091, 46.7424742, 46.7760811, 46.6925621, 46.8479675, 46.8571685, 46.9210848, 47.0289645, 47.1367507)))"
HU212,2264,79.7,68.3,64.2,64.9,7.9,21.4,23,24.5,13,31.6,78.1,66.7,84,88.8,86.4,92.3,92.1,69.9,60.7,64.5,5.4,297663,253998,51.67857610788039,0.11254337959370161,10.37851530086037,131.47659010600708,19.642011267775974,24.22000718933828,29.864981539526244,21.655697886536117,4.588410383554557,HU,5,Komárom-Esztergom,HU212,0.0033595038684687047,0.28891733268830855,0.5879131769820233,0.10750412379099855,0.020157023210812225,0.026876030947749638,0.0067190077369374095,0.05039255802703057,0.016797519342343522,0.10414461992252984,0.0067190077369374095,0.023516527079280935,0.05039255802703057,0.033595038684687044,0.0033595038684687047,0.020157023210812225,0,0,0,0,0,0,"list(list(c(18.9312365, 18.9036532, 18.848478, 18.7597057, 18.638923, 17.893923, 17.8936135, 17.925023, 17.883888, 17.9516101, 17.9679683, 18.035719, 18.0659482, 18.1233065, 18.1964158, 18.3323714, 18.4298831, 18.4914706, 18.5035812, 18.6884335, 18.7900056, 18.8549387, 18.8642607, 18.9312365, 47.7301387, 47.791086, 47.818228, 47.8132993, 47.7600593, 47.739457, 47.6486201, 47.6032862, 47.3895865, 47.3546046, 47.3361814, 47.334342, 47.3546046, 47.4373346, 47.4677352, 47.4061955, 47.4799118, 47.4906402, 
47.5513006, 47.5770675, 47.6639786, 47.6585776, 47.7098988, 47.7301387)))"
HU213,4463,79.7,68.3,64.2,64.9,7.9,21.4,23,24.5,13,31.6,78.1,66.7,84,88.8,86.4,92.3,92.1,69.9,60.7,64.5,5.4,338146,291859,51.61350422598523,0.05234425366557641,7.792196270250129,75.76652475913063,18.632779923465012,22.516013792858708,29.95510814855122,23.788245314154242,5.073548112353835,HU,5,Veszprém,HU213,0.005914604933963436,0.3548762960378061,1.3337434126087548,0.15673703075003104,0.05618874687265264,0.038444932070762335,0,0.020701117268872027,0.044359537004725766,0.1478651233490859,0.011829209867926871,0.017743814801890308,0.07097525920756123,0.035487629603780615,0,0.10350558634436013,0.01478651233490859,0.005914604933963436,0,0,0.002957302466981718,0,"list(list(c(17.7682247, 17.7304664, 17.7691536, 17.7193156, 17.4717395, 17.39206, 17.3127875, 17.172392, 17.2313394, 17.2818776, 17.2034649, 17.2079576, 17.0745285, 17.2230541, 17.2404358, 17.3129825, 17.3391389, 17.4190675, 17.6555864, 18.0959686, 18.2052485, 18.2293156, 18.2161003, 18.0634434, 18.035719, 17.9679683, 17.9516101, 17.883888, 17.7682247, 47.2993658, 47.3418311, 47.4114704, 47.4617648, 47.4358465, 47.471466, 47.4375648, 47.432484, 47.3546046, 47.3299837, 47.2713844, 47.087274, 47.0487135, 
46.9891136, 46.9261105, 46.8963365, 46.8210662, 46.7506565, 46.8087839, 46.977737, 46.9716325, 47.0149298, 47.2110712, 47.2809408, 47.334342, 47.3361814, 47.3546046, 47.3895865, 47.2993658)))"
HU221,4208,83.5,66.5,66.4,66.1,6.7,21,22.9,22.1,13.9,29.6,77.8,66.3,83.6,91.4,86,91.1,91.6,67.9,60.1,63.9,5.1,479786,408095,51.15989211856953,0.06961436973984235,9.970278415793707,114.0175855513308,20.135435381607632,25.12995377105626,30.16261416548211,20.300717403175582,4.245642849103558,HU,5,Győr-Moson-Sopron,HU221,0.012505575402366888,0.26261708344970464,0.7482502615749521,0.15006690482840265,0.02292688823767263,0.02084262567061148,0.002084262567061148,0.04376951390828411,0.016674100536489184,0.05835935187771214,0,0.016674100536489184,0.056275089310651,0.047938039042406407,0.006252787701183444,0.012505575402366888,0.006252787701183444,0.006252787701183444,0,0,0,0.006252787701183444,"list(list(c(17.459599, 17.3474269, 17.2474275, 17.1607975, 17.1087463, 17.0947771, 17.0337164, 17.0631581, 17.0573578, 16.9058439, 16.8612288, 16.7699491, 16.7102996, 16.6046174, 16.4215425, 16.6545381, 16.7024465, 16.64622, 16.7050799, 16.8311719, 16.9404445, 17.0480423, 17.0797161, 17.172392, 17.3127875, 17.39206, 17.4717395, 17.7193156, 17.7691536, 17.7304664, 17.7682247, 17.883888, 17.925023, 17.8936135, 17.893923, 17.7054365, 17.459599, 47.8886162, 47.9822284, 48.012009, 48.0066565, 47.9754765, 
47.9029282, 47.8600229, 47.8112954, 47.7077375, 47.6890818, 47.709831, 47.6828348, 47.7334073, 47.7560958, 47.665298, 47.6112474, 47.5394505, 47.446597, 47.4201932, 47.4450329, 47.4064576, 47.4520384, 47.4117499, 47.432484, 47.4375648, 47.471466, 47.4358465, 47.4617648, 47.4114704, 47.3418311, 47.2993658, 47.3895865, 47.6032862, 47.6486201, 47.739457, 47.7589925, 47.8886162)))"
HU222,3336,83.5,66.5,66.4,66.1,6.7,21,22.9,22.1,13.9,29.6,77.8,66.3,83.6,91.4,86,91.1,91.6,67.9,60.1,63.9,5.1,253441,219796,51.78325527440312,0.031170962867097272,13.918821343034473,75.97152278177458,18.15965056956057,23.066512521651983,30.61146381209039,23.254722006305215,4.874507281773667,HU,5,Vas,HU222,0.007891383004328423,0.34327516068828645,1.30207819571419,0.12231643656709056,0.06313106403462738,0.03156553201731369,0.007891383004328423,0.05129398952813475,0.04340260652380633,0.1736104260952253,0.0039456915021642116,0.015782766008656846,0.05918537253246317,0.02367414901298527,0,0,0.0039456915021642116,0,0,0,0.0039456915021642116,0,"list(list(c(17.0797161, 17.0480423, 16.9404445, 16.8311719, 16.7050799, 16.64622, 16.4715065, 16.4337615, 16.4812825, 16.4358775, 16.5193648, 16.4744137, 16.4982613, 16.4723331, 16.2952341, 16.113849, 16.3170977, 16.3414732, 16.3199604, 16.3707935, 16.3896022, 16.4834113, 16.635157, 16.7747732, 16.8373577, 16.9770591, 17.0127903, 17.0745285, 17.2079576, 17.2034649, 17.2818776, 17.2313394, 17.172392, 17.0797161, 47.4117499, 47.4520384, 47.4064576, 47.4450329, 47.4201932, 47.446597, 47.4007156, 47.3529185, 
47.2852197, 47.1938968, 47.1337188, 47.0929108, 47.0603235, 47.0017452, 46.9978486, 46.869068, 46.8575304, 46.8267323, 46.7668236, 46.7222435, 46.7776468, 46.7970664, 46.9234449, 46.9297534, 46.9730649, 46.9677136, 47.0310834, 47.0487135, 47.087274, 47.2713844, 47.3299837, 47.3546046, 47.432484, 47.4117499)))"
HU223,3784,83.5,66.5,66.4,66.1,6.7,21,22.9,22.1,13.9,29.6,77.8,66.3,83.6,91.4,86,91.1,91.6,67.9,60.1,63.9,5.1,262833,229628,51.96075074286715,0.11528232756160756,13.040219454939068,69.45903805496829,17.395456430509107,20.652277301556502,30.54943633409808,25.882594651356566,5.488656295061883,HU,5,Zala,HU223,0.04565636735113171,0.33861805785422683,1.251745404876861,0.1255550102156122,0.02663288095482683,0.01902348639630488,0.007609394558521951,0.03804697279260976,0.034242275513348776,0.12935970749487316,0.007609394558521951,0.007609394558521951,0.04565636735113171,0.01902348639630488,0.007609394558521951,0.030437578234087805,0.0038046972792609756,0,0,0,0,0,"list(list(c(17.3391389, 17.3129825, 17.2404358, 17.2230541, 17.0745285, 17.0127903, 16.9770591, 16.8373577, 16.7747732, 16.635157, 16.4834113, 16.3896022, 16.3707935, 16.4201813, 16.4027545, 16.596805, 16.854755, 16.8760435, 17.0170234, 17.0512012, 17.0480964, 17.1801626, 17.2215161, 17.2267751, 17.2809107, 17.4190675, 17.3391389, 46.8210662, 46.8963365, 46.9261105, 46.9891136, 47.0487135, 47.0310834, 46.9677136, 46.9730649, 46.9297534, 46.9234449, 46.7970664, 46.7776468, 46.7222435, 46.6846442, 
46.6342476, 46.4759025, 46.350441, 46.3206025, 46.3129442, 46.3448883, 46.4067099, 46.4343809, 46.5174912, 46.6669248, 46.7290805, 46.7506565, 46.8210662)))"
HU231,4429,75.7,57.3,59.6,55.3,7.3,24.6,22.3,27.4,27.1,27.3,70.4,59,75.3,79.5,78.6,86.6,84,63.9,53.1,56.6,4.3,356846,308432,52.3646054600584,0.11853852922549225,10.890131877616675,80.57033190336419,18.72852715176855,23.685006977799947,28.329307320244588,23.764032663950275,5.456975838316809,HU,5,Baranya,HU231,0.014011646480554637,0.25501196594609443,1.2190132438082535,0.14572112339776824,0.022418634368887417,0.0616512445144404,0,0.050441927329996694,0.025220963664998347,0.14572112339776824,0,0.005604658592221854,0.050441927329996694,0.028023292961109274,0.005604658592221854,0.008406987888332782,0.002802329296110927,0,0,0,0,0,"list(list(c(18.6776618, 18.5422578, 18.5035164, 18.4205583, 18.3199069, 18.2013669, 18.1854944, 18.052896, 17.966014, 17.9090841, 17.717984, 17.6375406, 17.6367292, 17.7253146, 17.651499, 17.8684817, 17.9120895, 18.4281896, 18.5682821, 18.6686827, 18.7828836, 18.821306, 18.8562256, 18.7420594, 18.802291, 18.6776618, 46.141705, 46.2317309, 46.288823, 46.2423576, 46.4091715, 46.3958821, 46.3329581, 46.2958145, 46.3032337, 46.2280477, 46.1935729, 46.0396699, 45.9769103, 45.88246, 45.8478355, 45.7767157, 
45.7907805, 45.7408204, 45.8027237, 45.9119991, 45.8868818, 45.914383, 46.0230191, 46.0432337, 46.108765, 46.141705)))"
HU232,6065,75.7,57.3,59.6,55.3,7.3,24.6,22.3,27.4,27.1,27.3,70.4,59,75.3,79.5,78.6,86.6,84,63.9,53.1,56.6,4.3,293947,254615,52.212813874610056,0.102399412138923,19.333417248687685,48.46611706512778,18.33799970743025,21.982194068998833,29.33249871575488,25.20828584744869,5.096496987552178,HU,5,Somogy,HU232,0.010205921475640166,0.3095796180944184,1.4186230851139832,0.1462848744841757,0.02721579060170711,0.02721579060170711,0.006803947650426778,0.010205921475640166,0.040823685902560664,0.10886316240682845,0.010205921475640166,0.017009869126066945,0.017009869126066945,0.0306177644269205,0.003401973825213389,0.11226513623204183,0.003401973825213389,0.003401973825213389,0,0,0,0,"list(list(c(18.0959686, 17.6555864, 17.4190675, 17.2809107, 17.2267751, 17.2215161, 17.1801626, 17.0480964, 17.0512012, 17.0170234, 16.8760435, 16.957955, 17.1624002, 17.294325, 17.3769505, 17.5789031, 17.651499, 17.7253146, 17.6367292, 17.6375406, 17.717984, 17.9090841, 17.966014, 18.052896, 18.0798315, 18.0122006, 18.0581421, 18.0374868, 18.1209498, 18.1261299, 18.2108975, 18.1835261, 18.2052485, 18.0959686, 46.977737, 46.8087839, 46.7506565, 46.7290805, 46.6669248, 46.5174912, 46.4343809, 46.4067099, 
46.3448883, 46.3129442, 46.3206025, 46.2360141, 46.1623033, 45.9885445, 45.937862, 45.9283297, 45.8478355, 45.88246, 45.9769103, 46.0396699, 46.1935729, 46.2280477, 46.3032337, 46.2958145, 46.3578878, 46.3961773, 46.4408971, 46.5436687, 46.6760429, 46.7347689, 46.778161, 46.9422885, 46.9716325, 46.977737)))"
HU233,3703,75.7,57.3,59.6,55.3,7.3,24.6,22.3,27.4,27.1,27.3,70.4,59,75.3,79.5,78.6,86.6,84,63.9,53.1,56.6,4.3,211603,182260,51.89529449015373,0.15642500342622742,17.11979508797134,57.14366729678639,18.7818698222615,22.252520049337676,29.095050637278298,24.5842450248815,5.250870734346867,HU,5,Tolna,HU233,0,0.2599207005571754,1.0349569713094804,0.13232326573819841,0.028354985515328234,0.014177492757664117,0,0.03780664735377098,0.03780664735377098,0.07088746378832059,0,0.009451661838442744,0.028354985515328234,0.028354985515328234,0.014177492757664117,0,0,0,0,0,0,0,"list(list(c(18.8729002, 18.9157409, 18.8897563, 18.9165155, 18.8693509, 18.9962104, 18.925097, 18.8745133, 18.6552176, 18.5536604, 18.4718221, 18.3000521, 18.2108975, 18.1261299, 18.1209498, 18.0374868, 18.0581421, 18.0122006, 18.0798315, 18.052896, 18.1854944, 18.2013669, 18.3199069, 18.4205583, 18.5035164, 18.5422578, 18.6776618, 18.802291, 18.8729002, 46.2592318, 46.2893261, 46.3861284, 46.4774053, 46.6115692, 46.6926625, 46.8571685, 46.8479675, 46.6925621, 46.7760811, 46.7424742, 46.8074091, 
46.778161, 46.7347689, 46.6760429, 46.5436687, 46.4408971, 46.3961773, 46.3578878, 46.2958145, 46.3329581, 46.3958821, 46.4091715, 46.2423576, 46.288823, 46.2317309, 46.141705, 46.108765, 46.2592318)))"
HU311,7245,71.9,58.5,60.2,60.6,7.3,16.6,20.4,18.6,29.3,29.6,70.2,60.1,76,78.1,78.5,84.9,84.6,65.1,54.5,58.1,5.3,625884,526143,52.09847192131449,0.14795073847550025,9.686299697707563,86.38840579710146,21.52571403007586,24.370330604393146,27.476816790331753,21.969406471486728,4.629132554914329,HU,5,Borsod-Abaúj-Zemplén,HU311,0.004793220468968691,0.2859954879817986,1.1743390148973292,0.1006576298483425,0.022368362188520556,0.014379661406906072,0.001597740156322897,0.03994350390807242,0.03674802359542662,0.08148474797246774,0.003195480312645794,0.019172881875874764,0.047932204689686904,0.03674802359542662,0.004793220468968691,0.014379661406906072,0.006390960625291588,0,0,0,0,0,"list(list(c(22.0024126, 21.7880426, 21.6917152, 21.5988754, 21.4477071, 21.1272753, 20.8133803, 20.7363163, 20.5217503, 20.463937, 20.3199347, 20.1505326, 20.051879, 20.0930645, 20.2399129, 20.3014375, 20.359706, 20.4049723, 20.4596266, 20.492327, 20.4614868, 20.5067987, 20.4597587, 20.5196399, 20.5964572, 20.7716985, 20.827972, 21.0421199, 21.122181, 21.0940989, 21.1274322, 21.2565565, 21.3497415, 21.4339056, 21.4514575, 21.4228728, 21.447207, 21.5715882, 21.6884513, 22.0712247, 22.1210775, 22.0024126, 
48.3850175, 48.3445579, 48.3897634, 48.5040328, 48.5722073, 48.5065412, 48.5776014, 48.5722899, 48.5319376, 48.463967, 48.2771578, 48.2462007, 48.167704, 48.1432205, 48.096271, 48.1200501, 48.1037943, 48.1485139, 48.1387144, 48.0753355, 47.9709412, 47.9271971, 47.8886743, 47.7900197, 47.7062868, 47.654476, 47.6590175, 47.7611681, 47.961827, 48.0010636, 48.0372567, 48.0477749, 48.0242612, 48.049501, 48.0758696, 48.1292985, 48.1687792, 48.2041602, 48.1936358, 48.3079179, 48.3783115, 48.3850175)))"
HU312,3637,71.9,58.5,60.2,60.6,7.3,16.6,20.4,18.6,29.3,29.6,70.2,60.1,76,78.1,78.5,84.9,84.6,65.1,54.5,58.1,5.3,288568,247531,52.411909844473406,0.37044994593995173,28.31464334229714,79.3423150948584,19.631767902192898,22.80987496881151,28.72910371212331,23.513695212220345,5.2822904826592,HU,5,Heves,HU312,0.006930775415153447,0.2772310166061379,0.6376313381941172,0.14208089601064566,0.02772310166061379,0.020792326245460343,0.0034653877075767237,0.024257713953037066,0.03811926478334396,0.08316930498184137,0.01732693853788362,0.010396163122730171,0.06584236644395774,0.03465387707576724,0.0034653877075767237,0.031188489368190516,0.0034653877075767237,0,0,0,0,0,"list(list(c(20.5964572, 20.5196399, 20.4597587, 20.5067987, 20.4614868, 20.492327, 20.4596266, 20.4049723, 20.359706, 20.3014375, 20.2399129, 20.0930645, 19.9908846, 20.0103732, 19.948251, 19.8208239, 19.838855, 19.7799473, 19.570937, 19.6663295, 19.7471035, 19.8237636, 19.8826229, 19.984915, 20.059204, 20.2067368, 20.2882147, 20.3137415, 20.4035711, 20.649389, 20.7716985, 20.5964572, 47.7062868, 47.7900197, 47.8886743, 47.9271971, 47.9709412, 48.0753355, 48.1387144, 48.1485139, 48.1037943, 48.1200501, 
48.096271, 48.1432205, 48.0884202, 48.0190794, 47.9381422, 47.9200261, 47.8856565, 47.8936302, 47.7348995, 47.5885495, 47.6163525, 47.6027153, 47.658729, 47.6661158, 47.5687092, 47.5984386, 47.5340057, 47.4639421, 47.4258324, 47.5480672, 47.654476, 47.7062868)))"
HU313,2544,71.9,58.5,60.2,60.6,7.3,16.6,20.4,18.6,29.3,29.6,70.2,60.1,76,78.1,78.5,84.9,84.6,65.1,54.5,58.1,5.3,184058,158799,51.713046974323305,0.32218105162503125,36.78623042736529,72.3498427672956,18.819611209510047,22.878657814384596,28.707255321692074,24.370035532277868,5.185322018059525,HU,5,Nógrád,HU313,0,0.3205511306218692,1.1192124221712723,0.16842517032674484,0.043464560084321244,0.010866140021080311,0,0.02716535005270078,0.0054330700105401555,0.10866140021080312,0,0.010866140021080311,0.05433070010540156,0.038031490073781093,0,0,0,0,0,0,0,0,"list(list(c(19.9229751, 19.635997, 19.5257494, 19.471523, 19.2337379, 19.0143225, 18.928392, 18.9976054, 18.9562946, 19.0786647, 19.4204503, 19.4727324, 19.570937, 19.7799473, 19.838855, 19.8208239, 19.948251, 20.0103732, 19.9908846, 20.0930645, 20.051879, 19.9229751, 48.136278, 48.2445682, 48.1960246, 48.101945, 48.0582724, 48.0777365, 48.0568325, 48.0084052, 47.9373283, 47.8492497, 47.8135098, 47.6994633, 47.7348995, 47.8936302, 47.8856565, 47.9200261, 47.9381422, 48.0190794, 48.0884202, 48.1432205, 
48.167704, 48.136278)))"
HU323,5932,71.9,61.1,60.2,59,6.7,19,21.6,22.6,25.7,30.2,72,62.2,78.1,80.6,80.8,87.1,86.6,67.2,56.8,61,5.7,537746,454603,51.358819963328415,0.07233898532020694,8.998858196992632,90.65171948752528,21.210571533772452,25.057183131069316,28.996217545086342,20.929025971369384,3.779107608424795,HU,5,Szabolcs-Szatmár-Bereg,HU323,0.0018596140185143171,0.23431136633280397,0.9391050793497302,0.13017298129600222,0.016736526166628855,0.018596140185143172,0,0.011157684111085902,0.04091150840731497,0.06880571868502973,0.0074384560740572685,0.014876912148114537,0.02603459625920044,0.03533266635177203,0.0018596140185143171,0.0018596140185143171,0.0018596140185143171,0.005578842055542951,0,0,0,0,"list(list(c(22.3641611, 22.2482945, 22.155306, 22.1210775, 22.0712247, 21.6884513, 21.5715882, 21.447207, 21.4228728, 21.4514575, 21.4339056, 21.3497415, 21.2565565, 21.1274322, 21.0940989, 21.122181, 21.2831244, 21.5480932, 21.5513178, 21.6884513, 21.8298532, 21.938677, 22.0229465, 22.0935221, 22.12832, 22.1808375, 22.2228754, 22.3206672, 22.4202931, 22.4724414, 22.5641074, 22.6634312, 22.8962705, 22.8494217, 22.870851, 22.8209421, 22.6077691, 22.5006145, 22.3641611, 48.2553219, 48.4120266, 48.4033965, 
48.3783115, 48.3079179, 48.1936358, 48.2041602, 48.1687792, 48.1292985, 48.0758696, 48.049501, 48.0242612, 48.0477749, 48.0372567, 48.0010636, 47.961827, 47.9117973, 47.9319227, 47.7924355, 47.7313916, 47.6741314, 47.7253469, 47.6332993, 47.6579687, 47.5980895, 47.6000945, 47.6781958, 47.7554795, 47.7465157, 47.8056469, 47.7735906, 47.7864531, 47.9541205, 47.9910028, 48.0421482, 48.1102496, 48.1068077, 48.2397187, 48.2553219)))"
HU331,8444,79.1,65.5,64.2,62.8,7.5,22.4,22.2,24.8,22.8,26,72.9,62.4,78.7,83.9,81.8,87.7,87.8,66.2,56,60.1,7.3,499671,427381,51.82530104808964,0.14869784318081297,12.185017741674022,59.174680246328755,19.625113324567565,23.1678444416426,29.06152248179302,23.08318873818973,5.021904413103822,HU,5,Bács-Kiskun,HU331,0.01601053493198525,0.29019094564223263,0.5183410684230223,0.0860566252594207,0.036023703596966807,0.010006584332490779,0.002001316866498156,0.03802502046346496,0.042027654196461275,0.078051357793428075,0.008005267465992625,0.006003950599494467,0.026017119264476026,0.02201448553147971,0.01400921806548709,0.01400921806548709,0.002001316866498156,0,0,0,0,0,"list(list(c(20.0303395, 19.9693846, 19.8824999, 19.7886789, 19.667552, 19.5860309, 19.5119213, 19.4714891, 19.3262235, 19.3053398, 19.3356801, 19.2599885, 19.0714576, 18.989465, 18.9659075, 18.9602761, 18.925097, 18.9962104, 18.8693509, 18.9165155, 18.8897563, 18.9157409, 18.8729002, 18.802291, 18.7420594, 18.8562256, 18.821306, 18.889734, 19.0653615, 19.1111289, 19.1657836, 19.3027095, 19.2995503, 19.4238466, 19.5463012, 19.698099, 19.6568257, 19.6764037, 19.8753885, 19.8788214, 19.8216222, 19.9730717, 
19.9914796, 20.0611625, 20.1386866, 20.094687, 20.0303395, 47.0069678, 46.9680954, 46.9896721, 46.9506668, 47.0122053, 47.1123176, 47.1112864, 47.0631135, 47.0202865, 47.037729, 47.0974648, 47.1268234, 47.043235, 47.0534589, 47.0289645, 46.9210848, 46.8571685, 46.6926625, 46.6115692, 46.4774053, 46.3861284, 46.2893261, 46.2592318, 46.108765, 46.0432337, 46.0230191, 45.914383, 45.9211805, 45.9668915, 46.034991, 45.9971296, 45.9915505, 46.0209239, 46.0533841, 46.1658439, 46.187931, 46.2533182, 46.3380192, 
46.4004345, 46.4765593, 46.5307665, 46.5845929, 46.7357516, 46.8063905, 46.9214706, 47.0074075, 47.0069678)))"
HU332,5630,79.1,65.5,64.2,62.8,7.5,22.4,22.2,24.8,22.8,26,72.9,62.4,78.7,83.9,81.8,87.7,87.8,66.2,56,60.1,7.3,322559,281706,52.071714012010204,0.07688515899416852,8.54727352205333,57.29289520426288,17.732879876239696,22.102933106811467,29.301926159245287,25.15415784399133,5.665320142981594,HU,5,Békés,HU332,0.0031002080239584074,0.22941539377292217,0.45883078754584433,0.05890395245520974,0.03410228826354249,0.01240083209583363,0.0031002080239584074,0.06510436850312656,0.062004160479168145,0.09610644874271064,0.0031002080239584074,0.018601248143750446,0.01240083209583363,0.031002080239584073,0.01240083209583363,0.009300624071875223,0,0,0,0,0,0,"list(list(c(21.2356695, 21.2972998, 21.2948362, 20.9920975, 20.8663822, 20.8133803, 20.7185098, 20.6935777, 20.4546653, 20.41561, 20.4242655, 20.5876275, 20.5715994, 20.6073096, 20.5623189, 20.645645, 20.7352171, 20.7756, 20.8133803, 21.0860761, 21.1735199, 21.2150535, 21.3036499, 21.2677989, 21.3201147, 21.441398, 21.4461075, 21.5181535, 21.4956396, 21.5297467, 21.6024884, 21.6677896, 21.658955, 21.4953629, 21.2850247, 21.2356695, 47.0439215, 47.0999716, 47.1435777, 47.2322875, 47.1525494, 47.0471078, 
47.0338699, 46.9176887, 46.894049, 46.8568356, 46.8034705, 46.7544035, 46.6218852, 46.5172018, 46.3808175, 46.3519206, 46.3773738, 46.27591, 46.2735092, 46.2561802, 46.3126855, 46.4020745, 46.4268182, 46.5088045, 46.6159647, 46.651467, 46.6894568, 46.7155382, 46.7748966, 46.8347085, 46.8748754, 46.9784208, 47.0221315, 46.9469344, 47.0004558, 47.0439215)))"
HU333,4262,79.1,65.5,64.2,62.8,7.5,22.4,22.2,24.8,22.8,26,72.9,62.4,78.7,83.9,81.8,87.7,87.8,66.2,56,60.1,7.3,395904,343330,52.252313692208205,0.01919657290656321,6.8170566602004525,92.89160018770531,18.2776632719043,24.800456676365986,28.641286776592306,22.95303912059489,5.295475670869706,HU,5,Csongrád,HU333,0.025258648561267378,0.2551123504688005,0.366250404138377,0.18943986420950532,0.030310378273520854,0.032836243129647585,0,0.04799143226640802,0.05556902683478823,0.10103459424506951,0.002525864856126738,0.020206918849013905,0.03788797284190107,0.030310378273520854,0.0075775945683802136,0.06062075654704171,0.005051729712253476,0,0,0,0,0,"list(list(c(20.3189095, 20.2354972, 20.1716086, 20.0611625, 19.9914796, 19.9730717, 19.8216222, 19.8788214, 19.8753885, 19.6764037, 19.6568257, 19.698099, 19.7978039, 19.86539, 19.9863913, 20.264296, 20.3489341, 20.4570624, 20.5111235, 20.6269307, 20.7053035, 20.7756, 20.7352171, 20.645645, 20.5623189, 20.6073096, 20.5715994, 20.5876275, 20.4242655, 20.3189095, 46.7659368, 46.7933373, 46.7616821, 46.8063905, 46.7357516, 46.5845929, 46.5307665, 46.4765593, 46.4004345, 46.3380192, 46.2533182, 46.187931, 
46.1358802, 46.1503345, 46.1760518, 46.1263735, 46.1653035, 46.1503967, 46.1840395, 46.1354382, 46.1609375, 46.27591, 46.3773738, 46.3519206, 46.3808175, 46.5172018, 46.6218852, 46.7544035, 46.8034705, 46.7659368)))"
IE041,11513,67.8,33.3,34.6,33.9,27.7,59.2,52,57.1,20.1,46.3,73.4,67,78.7,79.8,80,83.8,85,69.7,61.4,64.1,17.2,425390,340625,50.2809186863819,0.10084863301911187,10.869554996591363,36.94866672457222,26.921178212934013,23.415924210724278,26.977361950210394,18.52441289169938,4.11716307388514,IE,5,Border,IE041,0.009403135945837937,0.7499000916805755,1.0649051458661463,0.03761254378335175,0.0446648957427302,0.0446648957427302,0.009403135945837937,0.10108371141775782,0.014104703918756905,0.19746585486259666,0.023507839864594843,0.03291097581043278,0.02585862385105433,0.039963327769811235,0,0.009403135945837937,0.009403135945837937,0.0023507839864594844,0,0,0,0,"list(list(c(-7.0065751, -7.339525, -7.5143264, -7.5024993, -7.5402077, -7.5680256, -7.6751045, -7.8763141, -7.9982349, -8.028442, -8.2650765, -8.4250935, -8.4239578, -8.7317272, -8.5784301, -8.2224779, -8.2264099, -8.2929127, -8.6079102, -8.5749076, -8.6108518, -9.0013412, -9.1322585, -9.0596782, -8.9464583, -8.9886164, -8.8119769, -8.6451324, -8.4725692, -8.3864482, -8.3378659, -8.1118444, -8.0651936, -8.0805779, -7.918767, -7.7971958, -7.6306321, -7.5667775, -7.5619524, -7.487687, -7.4363447, -7.3438285, 
-6.992126, -6.9126106, -6.685027, -6.5814656, -6.594991, -6.6565249, -6.6471883, -6.643909, -6.7764517, -6.7989581, -6.8642295, -7.0180409, -7.1885105, -7.1984496, -7.1511852, -7.2167479, -7.2687709, -7.360363, -7.5540323, -7.6003893, -7.7025752, -7.8283564, -7.8716029, -8.028442, -8.0630899, -8.1490575, -8.028442, -7.9991983, -7.8596562, -7.7034115, -7.7413764, -7.8482664, -7.9004949, -7.8377741, -7.7432014, -7.5598729, -7.4524388, -7.4475354, -7.4152851, -7.3967518, -7.3429215, -7.2560685, -7.0065751, 
55.2433451, 55.3521531, 55.2372082, 55.1086048, 55.0638769, 55.1505502, 55.2548516, 55.1884222, 55.2021504, 55.1947919, 55.1371476, 54.9972454, 54.8574063, 54.704633, 54.6202957, 54.6172635, 54.5553297, 54.4973452, 54.3716106, 54.2934178, 54.2580584, 54.2845906, 54.1623605, 54.1515909, 54.1347911, 54.0311973, 53.9753672, 54.0265034, 53.9297006, 53.9363536, 54.0107889, 54.1074737, 54.07451, 53.954395, 53.821486, 53.8193061, 53.9378713, 53.9035415, 53.8627411, 53.8507021, 53.7913682, 53.7990625, 53.7825088, 
53.8759067, 53.9179439, 53.9826796, 54.044674, 54.0706506, 54.1515909, 54.1800195, 54.2103438, 54.2154931, 54.3301655, 54.4161745, 54.337681, 54.2988911, 54.2328112, 54.2103438, 54.1515909, 54.124442, 54.1339176, 54.1515909, 54.2011308, 54.2103438, 54.2767126, 54.357776, 54.375684, 54.4564278, 54.5234336, 54.5396794, 54.5362012, 54.608288, 54.6166795, 54.6403056, 54.6794868, 54.7287402, 54.7100249, 54.751716, 54.8645884, 54.9348456, 54.948658, 55.0123422, 55.0504835, 55.067035, 55.2433451)), list(
    c(-8.538067, -8.568116, -8.4935995, -8.4951, -8.538067, 55.0221137, 54.9764312, 54.9697171, 55.0023021, 55.0221137)))"
IE042,14283,67.8,33.3,34.6,33.9,27.7,59.2,52,57.1,20.1,46.3,73.4,67,78.7,79.8,80,83.8,85,69.7,61.4,64.1,17.2,483853,391524,50.35640990135434,0.1409519006805786,12.421334578890697,33.87614646782889,25.673293334959173,24.050486408061953,27.37029635033781,18.652979313965194,4.20251605342945,IE,5,West,IE042,0.024800920940864273,0.9114338445767619,0.6861588126972449,0.028934407764341648,0.04340161164651247,0.028934407764341648,0.028934407764341648,0.10540391399867316,0.010333717058693447,0.1467387822334469,0.020667434117386894,0.037201381411296405,0.03306789458781902,0.037201381411296405,0,0.03513463799955772,0,0.002066743411738689,0,0,0,0.002066743411738689,"list(list(c(-9.355636, -9.7615363, -9.898034, -10.0315909, -10.0751703, -9.9785257, -9.9590677, -9.9460549, -9.8951409, -9.8943693, -9.9320258, -10.0569416, -10.1386194, -10.1523572, -9.9631316, -9.7793439, -9.6865782, -9.718578, -9.8641495, -9.9306403, -10.1104873, -10.0773184, -9.9055804, -9.8400586, -9.7308182, -9.6876874, -9.0509183, -8.9833276, -9.0171583, -9.0076783, -8.949807, -8.9023904, -8.8672252, -8.7871624, -8.7080629, -8.5902737, -8.484847, -8.3527932, -8.0814565, -7.9819341, -8.0442039, 
-7.9208963, -7.978196, -8.0335719, -8.0205805, -7.88998, -7.918767, -8.0805779, -8.0651936, -8.1118444, -8.3378659, -8.3864482, -8.4725692, -8.6451324, -8.8119769, -8.9886164, -8.9464583, -9.0596782, -9.1322585, -9.2254625, -9.355636, 54.3133852, 54.3305274, 54.2605082, 54.2650518, 54.1615866, 54.1767376, 54.1515909, 54.1003774, 54.0531967, 53.9913714, 53.9697372, 54.0136442, 54.0049126, 53.9793342, 53.8857964, 53.8852947, 53.8312047, 53.7908642, 53.7433219, 53.6219528, 53.5319826, 53.4236341, 53.3866167, 
53.3272052, 53.3222422, 53.2490603, 53.2511359, 53.1952659, 53.1430444, 53.1107534, 53.0851548, 53.0600873, 52.980256, 52.9786021, 53.0262923, 53.0418844, 52.9809044, 52.9766629, 53.1668845, 53.2110568, 53.2894577, 53.3720403, 53.5411986, 53.6046106, 53.6515853, 53.7685572, 53.821486, 53.954395, 54.07451, 54.1074737, 54.0107889, 53.9363536, 53.9297006, 54.0265034, 53.9753672, 54.0311973, 54.1347911, 54.1515909, 54.1623605, 54.2667712, 54.3133852)), list(c(-9.5480356, -9.601265, -9.6239649, -9.5726338, 
-9.5636585, -9.5205733, -9.4914282, -9.5480356, 53.0895532, 53.1060148, 53.0720755, 53.0661055, 53.0430461, 53.034743, 53.0559979, 53.0895532)), list(c(-9.7086338, -9.7325739, -9.6514909, -9.6471921, -9.7086338, 53.1458165, 53.1249596, 53.0989821, 53.1332736, 53.1458165)), list(c(-9.9705054, -10.0176001, -9.9851544, -9.9395796, -9.9705054, 53.835781, 53.8024074, 53.7837701, 53.8039819, 53.835781)), list(c(-10.2151749, -10.227046, -10.1867222, -10.1633315, -10.2151749, 53.6447719, 53.6013351, 53.5969374, 
53.636028, 53.6447719)), list(c(-10.0907984, -10.1419297, -10.1441351, -10.136554, -10.0864433, -10.0907984, 53.7189343, 53.7273191, 53.7026789, 53.6814546, 53.6896926, 53.7189343)), list(c(-9.8070126, -9.8212952, -9.7539168, -9.7397369, -9.8070126, 53.1600153, 53.1486771, 53.1120393, 53.1509752, 53.1600153)))"
IE051,10236,68,36.7,37,35.3,26,57.5,50.4,59.3,17.7,48.8,73,66.4,77.9,81.2,78.9,84.5,81.3,67.3,61,63.2,14.1,502388,405910,50.098529423473494,0.23209153084866677,21.73240602880642,49.08050019538882,25.899105870363147,23.6681608637149,27.566343145138816,18.830465695836683,4.0000955436833685,IE,5,Mid-West,IE051,0.023885920842058327,0.6210339418935166,0.6369578891215554,0.017914440631543745,0.03383838785958263,0.03184789445607777,0.021895427438553466,0.07961973614019442,0.017914440631543745,0.14729651185935969,0.015923947228038884,0.025876414245563188,0.011942960421029164,0.0557338152981361,0,0.017914440631543745,0.0019904934035048605,0.0019904934035048605,0,0,0,0.003980986807009721,"list(list(c(-7.9280546, -8.0814565, -8.3527932, -8.484847, -8.5902737, -8.7080629, -8.7871624, -8.8672252, -8.9023904, -8.949807, -9.0076783, -9.0171583, -9.3101351, -9.3867825, -9.4517833, -9.65881, -9.365192, -9.3056046, -9.3301443, -9.3078146, -9.2129565, -9.1253482, -8.949807, -8.8051155, -8.6848873, -8.517261, -8.327079, -8.1944072, -8.1178666, -8.104727, -7.9621892, -7.7673344, -7.7842179, -7.745911, -7.3916304, -7.4743844, -7.674081, -7.7270853, -7.6850991, -7.7630401, -7.8230729, -7.9681148, 
-8.0363653, -8.0393876, -7.9871439, -7.9955609, -7.9280546, 53.09767, 53.1668845, 52.9766629, 52.9809044, 53.0418844, 53.0262923, 52.9786021, 52.980256, 53.0600873, 53.0851548, 53.1107534, 53.1430444, 53.0789518, 52.9968033, 52.8349817, 52.6633196, 52.5721245, 52.5080518, 52.4690993, 52.3410381, 52.3058316, 52.3322518, 52.3210463, 52.3820387, 52.3771686, 52.2860846, 52.3236623, 52.2861547, 52.2330855, 52.2065015, 52.2429669, 52.2198653, 52.3104353, 52.3432901, 52.3509169, 52.602875, 52.781294, 52.8654405, 
52.9241222, 52.9685709, 52.9688573, 52.8596434, 52.9013322, 52.9297261, 52.9447963, 52.9840437, 53.09767)))"
IE052,7196,68,36.7,37,35.3,26,57.5,50.4,59.3,17.7,48.8,73,66.4,77.9,81.2,78.9,84.5,81.3,67.3,61,63.2,14.1,454267,365625,50.38886822067198,0.3123713586943362,19.235603730845515,63.12770983879933,26.402534192446293,23.69289426702798,27.714097656224205,18.251600930730167,3.89814800546815,IE,5,South-East,IE052,0.015409439822835467,0.6846193978431188,0.867331327171025,0.044026970922387054,0.041825622376267704,0.041825622376267704,0.037422925284029,0.12767821567492246,0.004402697092238705,0.23994699152700943,0.019812136915074174,0.05063101656074512,0.022013485461193527,0.022013485461193527,0,0.00880539418447741,0.0022013485461193525,0.004402697092238705,0,0,0,0.0022013485461193525,"list(list(c(-6.2503807, -6.355269, -6.4867489, -6.5542107, -6.7031876, -6.6627515, -6.5428763, -6.5209634, -6.7067719, -6.7950194, -6.939413, -6.9656323, -7.0603469, -7.0938839, -7.2038625, -7.4054632, -7.5778228, -7.674081, -7.4743844, -7.3916304, -7.745911, -7.7842179, -7.7673344, -7.9621892, -8.104727, -8.1501321, -8.058935, -8.0041937, -7.842156, -7.7281803, -7.610835, -7.5872472, -7.6135958, -7.5901618, -7.3609737, -7.0641697, -6.9882989, -6.9565294, -6.873031, -6.7943415, -6.563893, -6.369358, 
-6.3355128, -6.4344234, -6.372062, -6.2227771, -6.2163265, -6.1445165, -6.2503807, 52.7853101, 52.794633, 52.6991958, 52.6885103, 52.7894489, 52.8270728, 52.813046, 52.8762762, 52.9149024, 52.8697487, 52.8800545, 52.8138819, 52.8018737, 52.823463, 52.8887331, 52.8019872, 52.8179851, 52.781294, 52.602875, 52.3509169, 52.3432901, 52.3104353, 52.2198653, 52.2429669, 52.2065015, 52.146274, 52.1189517, 52.0472965, 51.9542185, 51.9496304, 51.9912811, 52.0309121, 52.0790714, 52.0954031, 52.1374001, 52.1371806, 
52.1619304, 52.228809, 52.1714691, 52.2345754, 52.1800596, 52.1865509, 52.2392634, 52.335226, 52.3599947, 52.5314122, 52.6439047, 52.7376965, 52.7853101)))"
IE053,12253,68,36.7,37,35.3,26,57.5,50.4,59.3,17.7,48.8,73,66.4,77.9,81.2,78.9,84.5,81.3,67.3,61,63.2,14.1,738372,597592,50.45017958427459,0.19082522089136641,10.45367375794315,60.260507630784296,25.545795344352168,24.783307059314275,27.88391217435114,17.91901643074223,3.8380382788079723,IE,5,South-West,IE053,0.0203149631892867,0.5539213296278841,0.48620478566359504,0.016251970551429358,0.032503941102858716,0.032503941102858716,0.008125985275714679,0.0609448895678601,0.0040629926378573395,0.1489763967214358,0.031149610223572943,0.02573228670642982,0.02437795582714404,0.0203149631892867,0,0.014897639672143581,0,0,0,0,0,0,"list(list(c(-9.3301443, -9.3056046, -9.365192, -9.5965378, -9.7972873, -9.9072704, -10.1924064, -10.3693148, -10.3874328, -10.353835, -10.0166405, -10.0486451, -10.3008257, -10.3307075, -10.1329164, -9.9467451, -9.9920502, -9.9691085, -9.5975932, -9.6519768, -9.2975318, -8.6971003, -8.4099209, -8.2625396, -8.021289, -7.842156, -8.0041937, -8.058935, -8.1501321, -8.104727, -8.1178666, -8.1944072, -8.327079, -8.517261, -8.6848873, -8.8051155, -8.949807, -9.1253482, -9.2129565, -9.3078146, -9.3301443, 
52.4690993, 52.5080518, 52.5721245, 52.5549229, 52.4628963, 52.2655867, 52.2619303, 52.1940703, 52.1575952, 52.1261752, 52.0816215, 52.0379368, 51.9298583, 51.8614238, 51.7893392, 51.7778917, 51.6776992, 51.6372886, 51.6746304, 51.5203034, 51.4969824, 51.6065659, 51.7100614, 51.8099311, 51.8461961, 51.9542185, 52.0472965, 52.1189517, 52.146274, 52.2065015, 52.2330855, 52.2861547, 52.3236623, 52.2860846, 52.3771686, 52.3820387, 52.3210463, 52.3322518, 52.3058316, 52.3410381, 52.4690993)), list(c(-10.1117956, 
-10.1447889, -10.1618326, -10.1403474, -10.1079266, -10.1117956, 51.6247388, 51.6316449, 51.6043847, 51.5774114, 51.5880455, 51.6247388)))"
IE061,926,64.4,29.4,31.3,27.7,31,66.6,58,68,19.8,48.4,74.9,69.2,80,84.4,81.1,84.8,84.1,67.2,64.3,67.2,12.5,1475367,1204044,51.01815344927737,0.43839939486243085,15.068793052847187,1593.2688984881208,24.187270014850544,30.03767876060668,27.328996785206662,14.973901408937573,3.441313246127913,IE,5,Dublin,IE061,0.02711189825989059,0.37007741124750654,0.22841774283957822,0.04473463212881947,0.0345676702813605,0.03795665756384683,0.022367316064409736,0.0711687329322128,0.003388987282486324,0.11997014980001586,0.03321207536836597,0.04270123975932768,0.03999004993333862,0.05829058125876477,0,0.0013555949129945295,6.777974564972647e-4,0.0013555949129945295,0,0,0.0013555949129945295,0,"list(list(c(-6.2073714, -6.1335615, -6.1372709, -6.0853568, -6.1064139, -6.1644343, -6.2148995, -6.2506627, -6.2728936, -6.4169636, -6.3408401, -6.472825, -6.538827, -6.3503376, -6.2984901, -6.102773, -6.1067273, -6.2073714, 53.3386149, 53.3937524, 53.4582189, 53.5272157, 53.5737753, 53.6046106, 53.633407, 53.6300924, 53.6046106, 53.5634535, 53.4747986, 53.3746615, 53.284561, 53.1871407, 53.2155027, 53.210773, 53.278158, 53.3386149)), list(c(-6.0702844, -6.1159961, -6.0792285, -6.0300687, -6.0702844, 
53.3981158, 53.3846552, 53.351868, 53.377847, 53.3981158)))"
IE062,6889,64.4,29.4,31.3,27.7,31,66.6,58,68,19.8,48.4,74.9,69.2,80,84.4,81.1,84.8,84.1,67.2,64.3,67.2,12.5,762011,604344,50.29415585864246,0.23070533102540514,11.506526808668115,110.6127159239367,27.896185225672596,24.40975261511973,28.972153945284255,15.735337153925599,2.9549442199653284,IE,5,Mid-East,IE062,0.006561585068981943,0.5026174162840169,0.4396261996217902,0.027558657289724165,0.024934023262131386,0.01968475520694583,0.007873902082778333,0.047243412496669995,0.0013123170137963889,0.08923755693815444,0.015747804165556666,0.03018329131731694,0.01049853611037111,0.013123170137963887,0,0.0026246340275927777,0.0039369510413891666,0.0013123170137963889,0,0,0,0,"list(list(c(-6.2680155, -6.594991, -6.5814656, -6.685027, -6.9126106, -6.992126, -7.3438285, -7.1904332, -6.983593, -7.0448797, -7.1684334, -7.0000669, -7.0901956, -7.0592549, -7.0664908, -6.9784252, -6.939413, -6.7950194, -6.7067719, -6.5209634, -6.5428763, -6.6627515, -6.7031876, -6.5542107, -6.4867489, -6.355269, -6.2503807, -6.1445165, -6.1306594, -6.0099427, -6.0417319, -6.0449572, -6.102773, -6.2984901, -6.3503376, -6.538827, -6.472825, -6.3408401, -6.4169636, -6.2728936, -6.2506627, -6.2148995, 
-6.2482027, -6.3502486, -6.3475223, -6.3263274, -6.1924771, -6.1701209, -6.1151916, -6.2680155, 54.102337, 54.044674, 53.9826796, 53.9179439, 53.8759067, 53.7825088, 53.7990625, 53.6956248, 53.6516863, 53.5040066, 53.428061, 53.3038693, 53.1388766, 53.0721022, 53.0022889, 52.9602796, 52.8800545, 52.8697487, 52.9149024, 52.8762762, 52.813046, 52.8270728, 52.7894489, 52.6885103, 52.6991958, 52.794633, 52.7853101, 52.7376965, 52.8054952, 52.953711, 53.0009122, 53.1163676, 53.210773, 53.2155027, 53.1871407, 
53.284561, 53.3746615, 53.4747986, 53.5634535, 53.6046106, 53.6300924, 53.633407, 53.8390062, 53.9019404, 53.9826796, 54.0064936, 53.9826796, 53.9826796, 54.007314, 54.102337)))"
IE063,6651,64.4,29.4,31.3,27.7,31,66.6,58,68,19.8,48.4,74.9,69.2,80,84.4,81.1,84.8,84.1,67.2,64.3,67.2,12.5,320495,252867,49.952729371753065,0.46927409163949513,29.267227257835536,48.18749060291685,28.164557949421987,24.50241033401457,27.45003822212515,16.677015242047457,3.1878812461972887,IE,5,Midland,IE063,0.0031201734816455793,0.7082793803335465,0.7925240643379772,0.021841214371519056,0.06864381659620275,0.03744208177974696,0.021841214371519056,0.021841214371519056,0.0031201734816455793,0.14976832711898783,0.01872104088987348,0.04056225526139253,0.046802602224683694,0.07800433704113949,0,0.012480693926582317,0.0062403469632911586,0.0031201734816455793,0,0,0,0,"list(list(c(-7.4363447, -7.487687, -7.5619524, -7.5667775, -7.6306321, -7.7971958, -7.918767, -7.88998, -8.0205805, -8.0335719, -7.978196, -7.9208963, -8.0442039, -7.9819341, -8.0814565, -7.9280546, -7.9955609, -7.9871439, -8.0393876, -8.0363653, -7.9681148, -7.8230729, -7.7630401, -7.6850991, -7.7270853, -7.674081, -7.5778228, -7.4054632, -7.2038625, -7.0938839, -7.0603469, -6.9656323, -6.939413, -6.9784252, -7.0664908, -7.0592549, -7.0901956, -7.0000669, -7.1684334, -7.0448797, -6.983593, -7.1904332, 
-7.3438285, -7.4363447, 53.7913682, 53.8507021, 53.8627411, 53.9035415, 53.9378713, 53.8193061, 53.821486, 53.7685572, 53.6515853, 53.6046106, 53.5411986, 53.3720403, 53.2894577, 53.2110568, 53.1668845, 53.09767, 52.9840437, 52.9447963, 52.9297261, 52.9013322, 52.8596434, 52.9688573, 52.9685709, 52.9241222, 52.8654405, 52.781294, 52.8179851, 52.8019872, 52.8887331, 52.823463, 52.8018737, 52.8138819, 52.8800545, 52.9602796, 53.0022889, 53.0721022, 53.1388766, 53.3038693, 53.428061, 53.5040066, 53.6516863, 
53.6956248, 53.7990625, 53.7913682)))"
SI044,1044,76.2,50.2,51.7,50.2,14.2,43.2,38.2,43,11.3,33.6,74,64.4,79.2,85.8,81.8,91.9,90.9,58.9,57.9,61.4,4.6,118640,102050,49.26668914362779,0.6397505057316251,94.91739716790289,113.63984674329502,18.41621712744437,21.67565745111261,29.887053270397843,24.111598111935265,5.895987862440998,SI,5,Obalno-kraška,SI044,0.008428860418071477,0.354012137559002,1.643627781523938,0.09271746459878624,0.02528658125421443,0.04214430209035738,0.008428860418071477,0.07585974376264329,0.033715441672285906,0.04214430209035738,0,0.008428860418071477,0.04214430209035738,0.02528658125421443,0.008428860418071477,0.11800404585300069,0.016857720836142953,0,0,0,0,0,"list(list(c(13.8759545, 13.7299697, 13.6794683, 13.597145, 13.596243, 13.7966932, 13.9059968, 13.8373352, 13.7224819, 13.7220307, 13.7213335, 13.7214834, 13.7223579, 13.723885, 13.7259401, 13.7455156, 13.7459092, 13.7360861, 13.7337093, 13.7339044, 13.7411745, 13.732468, 13.7325978, 13.7191143, 13.7081593, 13.693405, 13.6799706, 13.6738526, 13.6692642, 13.6572688, 13.6566714, 13.6463525, 13.639831, 13.6291495, 13.6156475, 13.6021797, 13.6014269, 13.6064232, 13.6063402, 13.5992433, 13.5972769, 13.5948435, 
13.5928987, 13.5916234, 13.5911362, 13.5914824, 13.5922781, 13.5947865, 13.594336, 13.587113, 13.5855281, 13.5923973, 13.5872671, 13.6013104, 13.6023974, 13.613984, 13.6209915, 13.6418188, 13.647752, 13.651296, 13.7759742, 13.869664, 13.9753756, 14.0041637, 14.1112845, 14.1181965, 14.0752108, 14.0895459, 14.0423715, 13.8759545, 45.8313301, 45.855407, 45.8204933, 45.8195225, 45.8079375, 45.7383567, 45.6338498, 45.5868138, 45.5948449, 45.5916083, 45.5889265, 45.5863556, 45.5839335, 45.5818598, 45.5803046, 
45.5694965, 45.5655342, 45.5642747, 45.5614348, 45.5593761, 45.557877, 45.556256, 45.5512147, 45.5436039, 45.5467516, 45.5479125, 45.5455146, 45.5419832, 45.5393345, 45.5415873, 45.5354829, 45.533212, 45.53306, 45.5338462, 45.5398855, 45.5363729, 45.5326033, 45.5310844, 45.5285167, 45.5257751, 45.5254065, 45.5241606, 45.5222393, 45.5198211, 45.517131, 45.5144192, 45.5126353, 45.5071175, 45.50282, 45.500128, 45.4976789, 45.4863048, 45.4773644, 45.4678244, 45.4674058, 45.464669, 45.463236, 45.4595875, 
45.457359, 45.454055, 45.4622519, 45.4292142, 45.4566249, 45.5126326, 45.4823355, 45.481239, 45.6679262, 45.7264518, 45.761359, 45.8313301)))"
SI041,2334,76.2,50.2,51.7,50.2,14.2,43.2,38.2,43,11.3,33.6,74,64.4,79.2,85.8,81.8,91.9,90.9,58.9,57.9,61.4,4.6,568092,478464,49.88734219105356,0.33920562162466644,32.456010646162945,243.39845758354755,20.924779789189074,24.880477105820887,28.816283278060595,19.84748949113876,5.507734662695479,SI,5,Osrednjeslovenska,SI041,0.07041113059152392,0.2992473050139766,0.6248987839997746,0.19891144392105506,0.02464389570703337,0.07921252191546439,0,0.03520556529576196,0.019363060912669074,0.026404173971821467,0.0017602782647880978,0.02288361744224527,0.00880139132394049,0.01584250438309288,0,0.007041113059152391,0.014082226118304782,0.007041113059152391,0,0,0,0,"list(list(c(14.8577664, 14.7052671, 14.6318572, 14.565212, 14.5356941, 14.3206949, 14.2358481, 14.1401115, 14.1049746, 14.1295775, 14.2707243, 14.3188101, 14.4004427, 14.4828624, 14.5648075, 14.6880924, 14.8029239, 14.8909966, 14.948575, 14.9265986, 14.8814512, 14.7947717, 14.7351932, 14.9087645, 14.8577664, 46.2464011, 46.2624631, 46.3553404, 46.367697, 46.2374122, 46.1079634, 46.090379, 46.0046585, 45.9331325, 45.869499, 45.8525459, 45.8936507, 45.8619094, 45.8746779, 45.791462, 45.8073074, 45.7573175, 
45.9316355, 45.9786105, 46.0208959, 46.0617633, 46.0487708, 46.0801294, 46.207566, 46.2464011)))"
SI042,2137,76.2,50.2,51.7,50.2,14.2,43.2,38.2,43,11.3,33.6,74,64.4,79.2,85.8,81.8,91.9,90.9,58.9,57.9,61.4,4.6,206638,174276,49.63414280045297,0.3663411376416729,29.028058730727167,96.69536733738886,20.602696503063328,22.656045838616325,28.65397458357127,21.897714844317115,6.167307078078572,SI,5,Gorenjska,SI042,0.0048393809463893375,0.17421771407001618,1.0598244272592652,0.04839380946389338,0.01935752378555735,0.0387150475711147,0,0.03387566662472537,0.0048393809463893375,0.02419690473194669,0.009678761892778675,0.02419690473194669,0.014518142839168014,0.0048393809463893375,0.0048393809463893375,0.01935752378555735,0.0048393809463893375,0.0048393809463893375,0,0,0,0,"list(list(c(13.9149187, 13.714185, 13.684032, 13.8096811, 13.7472151, 13.7546347, 13.9842168, 14.0519774, 14.041744, 14.1401115, 14.2358481, 14.3206949, 14.5356941, 14.565212, 14.5651755, 14.5263335, 14.4345005, 14.1678442, 14.1017617, 13.9149187, 46.5164981, 46.5227035, 46.4374725, 46.3839574, 46.3185377, 46.2754458, 46.2218892, 46.1531798, 46.0728553, 46.0046585, 46.090379, 46.1079634, 46.2374122, 46.367697, 46.3724535, 46.4149557, 46.4429435, 46.4400095, 46.4793177, 46.5164981)))"
SI043,2325,76.2,50.2,51.7,50.2,14.2,43.2,38.2,43,11.3,33.6,74,64.4,79.2,85.8,81.8,91.9,90.9,58.9,57.9,61.4,4.6,118176,100801,49.14618873544544,0.9299688600054157,58.71919848361765,50.82838709677419,18.999627673977795,20.507548063904686,29.227592743027348,24.27396425670187,6.961650419712971,SI,5,Goriška,SI043,0.008461955050094774,0.6938803141077715,2.1070268074735985,0.1607771459518007,0.042309775250473865,0.016923910100189548,0.008461955050094774,0.05077173030056864,0.008461955050094774,0.042309775250473865,0,0.033847820200379096,0.059233685350663416,0.033847820200379096,0,0.07615759545085297,0,0,0,0,0,0,"list(list(c(14.041744, 14.0519774, 13.9842168, 13.7546347, 13.7472151, 13.8096811, 13.684032, 13.6035233, 13.4519981, 13.3980524, 13.4363706, 13.6553013, 13.6309786, 13.496939, 13.4995688, 13.4901897, 13.528696, 13.6353476, 13.5836187, 13.597145, 13.6794683, 13.7299697, 13.8759545, 14.0423715, 14.0622761, 14.1295775, 14.1049746, 14.1401115, 14.041744, 46.0728553, 46.1531798, 46.2218892, 46.2754458, 46.3185377, 46.3839574, 46.4374725, 46.4358594, 46.3565473, 46.2943814, 46.2321735, 46.1732587, 46.1311161, 
46.051335, 46.0208959, 46.0005797, 45.972578, 45.9748107, 45.8627722, 45.8195225, 45.8204933, 45.855407, 45.8313301, 45.761359, 45.8358273, 45.869499, 45.9331325, 46.0046585, 46.0728553)))"
SI031,1337,75.3,54.1,57.3,54.5,15.2,38.3,30,37.1,16,31.6,71.2,60.9,75.9,86.6,77.9,90.6,88.6,50.4,55,57.9,4.5,112825,98075,50.319521382672285,0.23310436516729446,40.96964325282517,84.3866866118175,17.167294482605804,20.22069576778196,30.268114336361624,26.400177265676934,5.929536893419011,SI,5,Pomurska,SI031,0.008863283846665189,0.5583868823399069,1.302902725459783,0.34566807001994243,0.035453135386660756,0.008863283846665189,0,0.13294925769997784,0.02658985153999557,0.14181254154664302,0,0.017726567693330378,0.186128960779969,0.09749612231331709,0,0,0.035453135386660756,0,0,0,0,0,"list(list(c(16.3199604, 16.3414732, 16.3170977, 16.113849, 15.996236, 16.0084256, 15.786422, 15.8875416, 16.0147351, 16.1999711, 16.2421485, 16.3798317, 16.596805, 16.4027545, 16.4201813, 16.3707935, 16.3199604, 46.7668236, 46.8267323, 46.8575304, 46.869068, 46.8353985, 46.6812887, 46.7074695, 46.6585328, 46.5147375, 46.4742953, 46.4900755, 46.5403109, 46.4759025, 46.6342476, 46.6846442, 46.7222435, 46.7668236)))"
SI032,2170,75.3,54.1,57.3,54.5,15.2,38.3,30,37.1,16,31.6,71.2,60.9,75.9,86.6,77.9,90.6,88.6,50.4,55,57.9,4.5,327887,282691,49.276732532854304,0.20464367297270095,19.600960086859192,151.1,18.34686950077313,22.78437388490547,29.637954539216253,23.372991304931272,5.841951647976284,SI,5,Podravska,SI032,0.02134881834290472,0.44527535400915563,0.637414719095298,0.18908953389429894,0.012199324767374125,0.04574746787765297,0,0.0579467926450271,0.015249155959217657,0.04269763668580944,0,0.009149493575530594,0.08539527337161888,0.036597974302122374,0,0.012199324767374125,0.006099662383687063,0,0,0,0,0,"list(list(c(16.1999711, 16.0147351, 15.8875416, 15.786422, 15.649988, 15.4979118, 15.4019795, 15.4387418, 15.3617687, 15.3141415, 15.4111581, 15.4364803, 15.529948, 15.5685, 15.7707183, 15.7914755, 15.8734945, 16.005315, 16.1085894, 16.301549, 16.2421485, 16.1999711, 46.4742953, 46.5147375, 46.6585328, 46.7074695, 46.705757, 46.6180109, 46.6535485, 46.5825569, 46.5698428, 46.479626, 46.4211608, 46.365359, 46.3448613, 46.2883372, 46.2548905, 46.2593275, 46.2793195, 46.3122077, 46.3966444, 46.378288, 
46.4900755, 46.4742953)))"
SI033,1041,75.3,54.1,57.3,54.5,15.2,38.3,30,37.1,16,31.6,71.2,60.9,75.9,86.6,77.9,90.6,88.6,50.4,55,57.9,4.5,70389,60282,48.94230632627257,0.6037875236187472,41.067496341757945,67.61671469740634,18.737302703547428,21.362712923894357,29.203426671781102,24.76665388057793,5.917117731463723,SI,5,Koroška,SI033,0,0.5682706104647033,1.2501953430223471,0.028413530523235166,0.014206765261617583,0.04262029578485275,0,0.04262029578485275,0.014206765261617583,0,0,0.028413530523235166,0.05682706104647033,0.014206765261617583,0,0,0,0,0,0,0,0,"list(list(c(15.3617687, 15.4387418, 15.4019795, 15.0651205, 14.8747311, 14.8131773, 14.7250223, 14.6745805, 14.843307, 14.9719079, 15.2092495, 15.3141415, 15.3617687, 46.5698428, 46.5825569, 46.6535485, 46.6521125, 46.601569, 46.5151785, 46.496642, 46.4506875, 46.4202063, 46.4483108, 46.3894565, 46.479626, 46.5698428)))"
SI034,2301,75.3,54.1,57.3,54.5,15.2,38.3,30,37.1,16,31.6,71.2,60.9,75.9,86.6,77.9,90.6,88.6,50.4,55,57.9,4.5,260221,221639,48.928410850776835,0.16332271415450714,24.83696550239988,113.090395480226,19.44693164656196,22.156167257830845,29.866152232141143,23.15416511349968,5.36543937652995,SI,5,Savinjska,SI034,0.007685774783741513,0.41118895093017094,0.7455201540229266,0.09222929740489814,0.015371549567483026,0.023057324351224536,0,0.03074309913496605,0.007685774783741513,0.026900211743095294,0.015371549567483026,0.0038428873918707565,0.07301486044554437,0.026900211743095294,0.0038428873918707565,0.007685774783741513,0,0,0,0,0,0,"list(list(c(15.7707183, 15.5685, 15.529948, 15.4364803, 15.4111581, 15.3141415, 15.2092495, 14.9719079, 14.843307, 14.6745805, 14.5973837, 14.5651755, 14.565212, 14.6318572, 14.7052671, 14.8577664, 14.9087645, 15.1096513, 15.1735853, 15.1549005, 15.4715835, 15.6026406, 15.627262, 15.6046659, 15.6552788, 15.7707183, 15.7946262, 15.7914755, 15.7707183, 46.2548905, 46.2883372, 46.3448613, 46.365359, 46.4211608, 46.479626, 46.3894565, 46.4483108, 46.4202063, 46.4506875, 46.4275161, 46.3724535, 46.367697, 
46.3553404, 46.2624631, 46.2464011, 46.207566, 46.1814056, 46.1241181, 46.0934105, 46.0681025, 46.0129321, 46.0859535, 46.1429831, 46.2143948, 46.2102334, 46.2337548, 46.2593275, 46.2548905)))"
SI035,485,75.3,54.1,57.3,54.5,15.2,38.3,30,37.1,16,31.6,71.2,60.9,75.9,86.6,77.9,90.6,88.6,50.4,55,57.9,4.5,56320,48368,49.94673295454545,0.9357244318181818,82.71839488636364,116.12371134020619,18.515625,21.49325284090909,28.831676136363637,25.22372159090909,5.916193181818182,SI,5,Zasavska,SI035,0,0.28409090909090906,1.2428977272727273,0.03551136363636363,0,0,0,0.03551136363636363,0,0.017755681818181816,0,0,0.03551136363636363,0.017755681818181816,0,0,0,0,0,0,0,0,"list(list(c(15.1735853, 15.1096513, 14.9087645, 14.7351932, 14.7947717, 14.8814512, 14.9265986, 14.948575, 15.0977043, 15.0811367, 15.1549005, 15.1735853, 46.1241181, 46.1814056, 46.207566, 46.0801294, 46.0487708, 46.0617633, 46.0208959, 45.9786105, 46.0208959, 46.0735235, 46.0934105, 46.1241181)))"
SI036,968,75.3,54.1,57.3,54.5,15.2,38.3,30,37.1,16,31.6,71.2,60.9,75.9,86.6,77.9,90.6,88.6,50.4,55,57.9,4.5,75987,64907,48.963638517114774,0.6948556990011451,96.32700330319659,78.49896694214875,19.07826338715833,21.716872622948664,29.341861107821074,24.127811336149605,5.7180833563635884,SI,5,Posavska,SI036,0.026320291628831247,0.2895232079171437,1.6186979351731217,0.07896087488649374,0.026320291628831247,0.03948043744324687,0,0.07896087488649374,0.03948043744324687,0.05264058325766249,0.013160145814415623,0.013160145814415623,0.03948043744324687,0,0,0.026320291628831247,0,0,0,0,0,0,"list(list(c(15.6026406, 15.4715835, 15.1549005, 15.0811367, 15.0977043, 15.2093969, 15.3333802, 15.404425, 15.571014, 15.6728968, 15.7064075, 15.7154713, 15.7037062, 15.627262, 15.6026406, 46.0129321, 46.0681025, 46.0934105, 46.0735235, 46.0208959, 45.9375051, 45.9479222, 45.792717, 45.8460259, 45.8361353, 45.975262, 46.0208959, 46.0586396, 46.0859535, 46.0129321)))"
SI037,2675,75.3,54.1,57.3,54.5,15.2,38.3,30,37.1,16,31.6,71.2,60.9,75.9,86.6,77.9,90.6,88.6,50.4,55,57.9,4.5,145891,122064,48.739812599817675,1.0782022194652172,103.3895168310588,54.53869158878505,21.021173341741438,22.996620764817568,28.565847105030468,22.13638949626776,5.268316757030934,SI,5,Jugovzhodna Slovenija,SI037,0,0.30159502642383695,1.7615891316119567,0.04798102693106498,0.020563297256170704,0.04798102693106498,0,0.05483545934978854,0.013708864837447135,0.020563297256170704,0.020563297256170704,0,0.03427216209361784,0.020563297256170704,0,0,0,0.006854432418723568,0,0,0,0,"list(list(c(15.3333802, 15.2093969, 15.0977043, 14.948575, 14.8909966, 14.8029239, 14.6880924, 14.5648075, 14.5712081, 14.5465933, 14.5700125, 14.7001256, 14.8195703, 14.896416, 14.9384583, 15.1558527, 15.2264375, 15.3468136, 15.2975668, 15.3823627, 15.2953051, 15.3312905, 15.404425, 15.3333802, 45.9479222, 45.9375051, 46.0208959, 45.9786105, 45.9316355, 45.7573175, 45.8073074, 45.791462, 45.7472521, 45.7284834, 45.6729445, 45.533547, 45.4691172, 45.4806507, 45.5206971, 45.4295847, 45.427088, 45.48382, 
45.5982327, 45.6610871, 45.7234852, 45.762855, 45.792717, 45.9479222)))"
SI038,1456,75.3,54.1,57.3,54.5,15.2,38.3,30,37.1,16,31.6,71.2,60.9,75.9,86.6,77.9,90.6,88.6,50.4,55,57.9,4.5,53129,45100,48.49705433943797,0.35197349846599785,90.6981121421446,36.4896978021978,19.855446178170116,21.428974759547515,29.302264300099758,23.57281334111314,5.82732594251727,SI,5,Primorsko-notranjska,SI038,0,0.5270191420881251,3.3879801991379472,0.13175478552203126,0.05646633665229912,0.03764422443486608,0,0.0941105610871652,0.03764422443486608,0.03764422443486608,0,0,0.03764422443486608,0.03764422443486608,0,0.01882211221743304,0,0,0,0,0.01882211221743304,0,"list(list(c(14.4828624, 14.4004427, 14.3188101, 14.2707243, 14.1295775, 14.0622761, 14.0423715, 14.0895459, 14.0752108, 14.1181965, 14.3188101, 14.4744538, 14.5700125, 14.5465933, 14.5712081, 14.5648075, 14.4828624, 45.8746779, 45.8619094, 45.8936507, 45.8525459, 45.869499, 45.8358273, 45.761359, 45.7264518, 45.6679262, 45.481239, 45.476458, 45.5328642, 45.6729445, 45.7284834, 45.7472521, 45.791462, 45.8746779)))"
CH01,8717,63.4,35.6,36,32.5,20.6,52.3,45.2,52.8,20.1,45.2,73.4,66.4,77.3,84.5,79.2,83.8,80,67.8,59.8,62.1,8.8,1701827,1435403,50.93208651643205,0.1603570750728482,11.095487379151935,195.23081335321785,21.047145215112934,27.077840462044616,28.556310365272147,18.176348124691874,5.11467969423449,CH,4,Région lémanique,CH01,0.020566132750273677,0.4600937698132654,0.6022938876865862,0.03584383136476269,0.01057686827156932,0.0434826806720072,0.0047008303429196974,0.050533926186386746,0.00528843413578466,0.0652240210080108,0.032905812400437884,0.011752075857299243,0.0041132265500547355,0.0047008303429196974,0.0047008303429196974,0.0481835110149269,0.0047008303429196974,0.0023504151714598487,0,0.0017628113785948865,0,0,"list(list(c(6.780046, 6.7070451, 6.460011, 6.435801, 6.1389547, 6.138106, 6.064003, 6.156247, 6.125608, 6.11163, 5.9821894, 5.956067, 6.144433, 6.281627, 6.2911907, 6.219547, 6.3175228, 6.5219525, 6.821064, 6.7814936, 6.8538898, 6.8007892, 6.889227, 6.8846921, 6.9503256, 7.044886, 7.1109895, 7.1868943, 7.2952417, 7.3966561, 7.562174, 7.8640765, 7.8771375, 7.9043775, 7.9957859, 8.0374227, 8.1467368, 8.1551542, 8.0979531, 8.2745421, 8.3065792, 8.384717, 8.3995251, 8.4776735, 8.4185093, 8.4104115, 8.3458309, 
8.2594251, 8.0192212, 7.9312338, 7.7196964, 7.6317406, 7.5180611, 7.2845404, 7.221457, 7.2037084, 7.2370205, 6.9982437, 6.9389331, 6.8303339, 6.8716421, 6.8104562, 6.8044968, 6.9237655, 6.9878297, 6.8962095, 6.8662335, 6.9199096, 6.8646127, 6.7563692, 6.780046, 46.852643, 46.9286748, 46.8515515, 46.7670532, 46.5943038, 46.557667, 46.416229, 46.3709388, 46.31723, 46.2540242, 46.2067023, 46.1320955, 46.1473407, 46.224007, 46.2509857, 46.311878, 46.3939486, 46.4538408, 46.4271545, 46.3489229, 46.2744991, 
46.1555415, 46.1185196, 46.054519, 46.0466261, 45.922413, 45.8699084, 45.8671553, 45.9149385, 45.904299, 45.9783738, 45.9167505, 45.926955, 45.9857225, 46.0062063, 46.0934186, 46.1478791, 46.1950485, 46.2700122, 46.3559761, 46.4164234, 46.4521585, 46.488722, 46.5276025, 46.5658594, 46.6530205, 46.5702715, 46.5318137, 46.5570568, 46.4967712, 46.421216, 46.437286, 46.3769242, 46.3608016, 46.3292125, 46.4287051, 46.5538, 46.4451894, 46.5022881, 46.5115359, 46.5613184, 46.5941317, 46.6393537, 46.7276023, 
46.8429989, 46.925326, 46.9092935, 46.8538599, 46.7349613, 46.8192436, 46.852643), c(6.7760698, 6.7972845, 6.7580576, 6.7305142, 6.7760698, 46.7656266, 46.7359094, 46.703355, 46.7290785, 46.7656266)), list(c(7.051847, 7.0399715, 7.0022865, 6.927902, 7.0457871, 7.0766719, 7.051847, 46.977115, 46.979881, 46.9867235, 46.9531745, 46.865732, 46.9098486, 46.977115)))"
AT32,7154,56.2,49.4,52.9,46.7,31.9,41.8,36.1,45.5,12.1,59.4,78.1,68.8,81.2,86.3,81.5,89.1,90,62.4,61.7,62,5.7,568346,485057,51.05270381070686,0.5442107448631643,20.52816418167806,79.44450656975118,19.58050201813684,25.742769369363028,28.110517184954237,20.789976528382358,5.758464034232668,AT,4,Salzburg,AT32,0.04750627258747312,0.4891386584932418,1.3178591914080506,0.20937949770034453,0.012316441041196736,0.02991135681433493,0.014075932618510556,0.08269610413374952,0.003518983154627639,0.03870881470090402,0.005278474731941458,0.017594915773138195,0.052784747319414585,0.022873390505079652,0.010556949463882916,0.049265764164786945,0.003518983154627639,0,0,0,0,0,"list(list(c(12.8601815, 12.8757855, 12.9388765, 12.9953713, 12.9180406, 13.0280435, 13.0837838, 13.0460555, 13.0084417, 12.9190264, 12.8038348, 12.7901653, 12.6957955, 12.6139715, 12.5750265, 12.6515281, 12.6410374, 12.6873639, 12.4868464, 12.3884489, 12.1006083, 12.0874548, 12.136014, 12.2407455, 12.3788443, 12.4717772, 12.656083, 12.7118508, 12.8083552, 13.0638298, 13.354584, 13.6777428, 13.7851325, 13.8549218, 13.8994572, 13.9598478, 13.8643725, 13.8089373, 13.6969805, 13.6068405, 13.5900787, 
13.5694205, 13.5855845, 13.516362, 13.4876344, 13.5290138, 13.4586079, 13.4359956, 13.2996855, 13.2902201, 13.3379399, 13.303821, 13.1669544, 13.0251803, 12.8601815, 47.99664, 47.962609, 47.9360387, 47.8554159, 47.7220138, 47.7139875, 47.6687191, 47.5205025, 47.4716763, 47.4947708, 47.5590531, 47.630667, 47.682223, 47.6711081, 47.632316, 47.5766832, 47.5407796, 47.4805066, 47.3546046, 47.3161203, 47.2904728, 47.1766284, 47.0806675, 47.0691685, 47.1395392, 47.1540268, 47.099701, 47.1271607, 47.0975965, 
47.0192602, 47.0973035, 47.0375893, 46.944048, 46.9979645, 47.105415, 47.1420642, 47.2516935, 47.286367, 47.2654801, 47.2832955, 47.3546046, 47.4179924, 47.473993, 47.496776, 47.5554801, 47.7050056, 47.7390922, 47.7982441, 47.8409239, 47.9344798, 47.9700197, 48.0078245, 47.9733751, 48.0348996, 47.99664)), list(c(13.5378959, 13.4781783, 13.4935439, 13.5512325, 13.5378959, 47.8077686, 47.7850593, 47.7631578, 47.7675664, 47.8077686)))"
AT33,12648,52,51.5,53,52.2,34.3,41.1,32.2,39.7,14.3,55.5,77.4,69,80.3,87.5,81.4,89.6,88,62.1,62,62.9,6.8,771304,659025,50.65019758746227,0.21379378299606897,13.611494300561125,60.98228969006958,19.392483378797465,26.37909306836215,28.45077945920156,20.06601806810285,5.691919139535125,AT,4,Tirol,AT33,0.06352877723958388,0.3941377200170102,2.277960441019365,0.14131911671662534,0.00907553960565484,0.014261562237457604,0.024633607501063137,0.10760996960990737,0.005186022631802765,0.07649383381909079,0.007779033947704148,0.007779033947704148,0.03630215842261936,0.007779033947704148,0.01037204526360553,0.05056372066007696,0.0012965056579506912,0.0012965056579506912,0.005186022631802765,0,0,0,"list(list(c(12.2283597, 12.1722235, 12.1945969, 12.060662, 11.828887, 11.632883, 11.5585673, 11.410219, 11.3956188, 11.4214275, 11.3328294, 11.2650568, 11.2083889, 11.0165005, 10.9912025, 10.9577936, 10.8842713, 10.886199, 10.7873761, 10.6370435, 10.553154, 10.454439, 10.4403131, 10.4683086, 10.3832478, 10.3100811, 10.178353, 10.212787, 10.1425609, 10.1463372, 10.1075983, 10.1449745, 10.2187794, 10.2456122, 10.3763168, 10.4784873, 10.4696515, 10.6652251, 10.8116104, 11.0058982, 11.1642815, 11.3283518, 
11.4112505, 11.4816303, 11.5463018, 11.6271995, 11.7508114, 12.136014, 12.0874548, 12.1006083, 12.3884489, 12.4868464, 12.6873639, 12.6410374, 12.6515281, 12.5750265, 12.5047212, 12.4290389, 12.3380455, 12.2640709, 12.2533542, 12.2283597, 47.7209635, 47.6950309, 47.6167946, 47.6187435, 47.5855569, 47.592446, 47.5151052, 47.495324, 47.4720072, 47.444852, 47.4442533, 47.4041775, 47.4305332, 47.396368, 47.396131, 47.4493567, 47.4840445, 47.536848, 47.5197767, 47.5646806, 47.5371963, 47.555797, 47.5083938, 
47.4370069, 47.3546046, 47.3018153, 47.270114, 47.157281, 47.0856863, 46.9900615, 46.9209459, 46.8510095, 46.8675563, 46.921561, 46.9947411, 46.9355931, 46.854909, 46.8690318, 46.7820598, 46.7688496, 46.9657225, 46.9902499, 46.9705266, 47.0031231, 46.9894223, 47.013299, 46.9757264, 47.0806675, 47.1766284, 47.2904728, 47.3161203, 47.3546046, 47.4805066, 47.5407796, 47.5766832, 47.632316, 47.6296239, 47.6891211, 47.6970875, 47.68489, 47.7241216, 47.7209635)), list(c(12.8083552, 12.933942, 12.9609184, 
12.8496008, 12.8345821, 12.8083552, 12.7388786, 12.7420472, 12.656083, 12.4717772, 12.3788443, 12.2407455, 12.1318994, 12.1563608, 12.2749477, 12.2926646, 12.477924, 12.690635, 12.722763, 12.8083552, 46.7553996, 46.7691056, 46.7899324, 46.8608816, 46.907713, 46.922375, 46.9760277, 47.0328293, 47.099701, 47.1540268, 47.1395392, 47.0691685, 47.0086509, 46.9163492, 46.874102, 46.7891622, 46.6798355, 46.656972, 46.73248, 46.7553996)))"
AT34,2602,56.6,56.2,54.4,56.3,25.6,32.2,29.4,33.8,18.6,54.6,77.3,69.2,80.5,86.8,81.6,88.8,87.8,64,62.3,63.4,7.1,406395,341807,50.247911514659386,0.3981348195720912,27.021739932823976,156.18562644119908,21.227623371350532,25.56748975750194,28.469838457658188,19.30757022109032,5.411976033169699,AT,4,Vorarlberg,AT34,0.03198858253669459,0.4945926992212011,1.1688135926869179,0.27805460204973,0.014763961170782122,0.014763961170782122,0.007381980585391061,0.0688984854636499,0.004921320390260706,0.0688984854636499,0.007381980585391061,0.004921320390260706,0.044291883512346364,0.029527922341564244,0.014763961170782122,0.054134524292867775,0.009842640780521413,0.002460660195130353,0,0,0,0,"list(list(c(9.6965015, 9.5587205, 9.5783082, 9.6513167, 9.6533973, 9.6094199, 9.530749, 9.6205805, 9.607078, 9.8709551, 9.88113, 9.954927, 10.0879179, 10.1449745, 10.1075983, 10.1463372, 10.1425609, 10.212787, 10.178353, 10.2175059, 10.1975072, 10.1020687, 10.0840138, 9.999526, 9.9678135, 9.8596105, 9.7936304, 9.6965015, 47.531359, 47.541893, 47.4820723, 47.429418, 47.3758071, 47.3546046, 47.270581, 47.1516455, 47.0607745, 47.01375, 46.9415781, 46.9149026, 46.8491151, 46.8510095, 46.9209459, 46.9900615, 
47.0856863, 47.157281, 47.270114, 47.3546046, 47.3842965, 47.3665981, 47.4476546, 47.483017, 47.5462405, 47.5394545, 47.5827691, 47.531359)))"
BE10,162,61.2,25.8,25,24.1,21.3,61.6,53.8,60.6,38.9,16.5,61,56.3,66.5,73.1,70.9,75.9,73.5,56.7,52.3,58.9,5.5,1253178,1019967,50.70835906790576,3.398000922454751,34.20679265036571,7735.666666666667,24.456940674030346,31.790695336177304,26.135872158623915,13.922603173691208,3.666917229635375,BE,4,Région de Bruxelles-Capitale/ Brussels Hoofdstedelijk Gewest,BE10,0.008777683617171702,0.33754183364214824,0.14363482282644605,0.03590870570661151,0.016757395996418706,0.010373626093021103,0,0.04787827427548202,0.005585798665472902,0.051868130465105515,0.03910059065831031,0.011969568568870504,0.0023939137137741007,0.017555367234343405,0.0015959424758494004,0.003989856189623501,0.011171597330945804,0.0015959424758494004,0,0.0015959424758494004,0,0,"list(list(c(4.4014417, 4.3077608, 4.2583775, 4.3714031, 4.4804765, 4.4767835, 4.4014417, 50.9061478, 50.8904166, 50.8224343, 50.768245, 50.794258, 50.8203775, 50.9061478)))"
BE23,3009,66.1,34.9,37.8,37.8,26.3,53.2,46.8,50.5,11.5,33.8,73.5,63.9,78.9,88,81.9,90.7,88.3,61.5,56.9,60.5,3.6,1563346,1313075,50.5267547938844,0.2809998554382715,9.346875227876618,519.5566633433034,21.534324455366885,24.83199496464634,26.75709663759654,20.981151965080027,5.8727882375366685,BE,4,Prov. Oost-Vlaanderen,BE23,0.014072380650220746,0.41257661451783545,0.5360297720402265,0.022387878307169366,0.027505107634522363,0.02430683930492674,0.005117229327352998,0.12537211852014846,0.004477575661433873,0.08187566923764797,0.016630995313897244,0.004477575661433873,0.026225800302684114,0.0390188736210666,0,0.008955151322867746,0.0012793073318382495,0.001918960997757374,0,6.396536659191248e-4,0,0,"list(list(c(4.242049, 4.2348175, 4.2159519, 4.1657555, 4.1052114, 3.9776665, 3.8563395, 3.6017475, 3.5343111, 3.5002824, 3.380661, 3.41093, 3.331306, 3.4397572, 3.44883, 3.419824, 3.4667465, 3.5133249, 3.4603055, 3.5412725, 3.6292444, 3.7192507, 3.7756765, 3.8153905, 3.8957365, 4.059374, 4.1052114, 4.1368848, 4.1565866, 4.147153, 4.240999, 4.2006867, 4.175792, 4.3078285, 4.3272389, 4.3066972, 4.242049, 51.353967, 51.348254, 51.3330928, 51.2927285, 51.2653992, 51.225132, 51.211056, 51.3005669, 51.2895125, 
51.2467507, 51.2742995, 51.159889, 51.098873, 51.0259486, 50.9402639, 50.910935, 50.9020965, 50.8082358, 50.765899, 50.7337005, 50.7264333, 50.7750244, 50.7478925, 50.750725, 50.7329445, 50.796891, 50.9294467, 50.9194287, 50.9292911, 50.9693985, 51.036869, 51.0443398, 51.1012115, 51.1250345, 51.1699011, 51.2768334, 51.353967)))"
BE24,2118,61.7,29.3,32.8,26.7,32.2,54.7,50,56.3,11,20.7,67.3,58.5,73.7,80.3,78,84.3,83.9,64,52.1,57.3,2.5,1188079,986721,50.91488023944536,0.471769974892242,9.824683375432103,560.9438149197356,22.867502918576964,23.8991683212985,26.811095895138287,20.609656428570826,5.790776539270537,BE,4,Prov. Vlaams-Brabant,BE24,0.21042371761473774,0.42926438393406496,0.5075420068867474,0.037876269170652795,0.02525084611376853,0.01851728715009692,0.002525084611376853,0.11278711264149943,0.002525084611376853,0.20874032787381985,0.013467117927343215,0.008416948704589509,0.05386847170937286,0.0791193178231414,0.002525084611376853,0.0058918640932126565,0.004208474352294754,0,0,0,0,0,"list(list(c(4.528663, 4.240999, 4.147153, 4.1565866, 4.1368848, 4.1052114, 4.059374, 3.8957365, 3.9394782, 4.1052114, 4.2726254, 4.597269, 4.6284394, 4.6634177, 4.7588413, 5.0195665, 5.1034805, 5.168051, 5.0637028, 5.1211589, 4.9815745, 4.8292764, 4.789319, 4.528663, 50.9922645, 51.036869, 50.9693985, 50.9292911, 50.9194287, 50.9294467, 50.796891, 50.7329445, 50.6911638, 50.7075457, 50.6961714, 50.7635345, 50.749574, 50.78849, 50.8025153, 50.750762, 50.709064, 50.8863002, 50.9408841, 51.0200769, 
51.0348855, 51.0150245, 51.038929, 50.9922645), c(4.3077608, 4.4014417, 4.4767835, 4.4804765, 4.3714031, 4.2583775, 4.3077608, 50.8904166, 50.9061478, 50.8203775, 50.794258, 50.768245, 50.8224343, 50.8904166)))"
BE25,3167,62.7,40.8,42.4,42.4,29.2,48.5,40,47.3,10.8,34.5,73.9,62.7,79.3,90.4,82,92.3,87.8,61.7,54.4,57.2,4,1222004,1040291,50.36914772783068,0.36898406224529545,10.834498086749306,385.85538364382694,20.02145655824367,22.851316362303233,25.845660079672406,24.033309219937088,7.219207138438172,BE,4,Prov. West-Vlaanderen,BE25,0.010638263049875451,0.5212748894438971,0.438623768825634,0.015548230611356429,0.03436977293036684,0.020458198172837408,0.005728295488394473,0.14238905928294834,0.010638263049875451,0.10310931879110052,0.009001607196048459,0.0016366558538269923,0.03927974049184782,0.05155465939555026,0,0.026186493661231876,0.0024549837807404887,0.0024549837807404887,0,8.183279269134961e-4,0,0,"list(list(c(3.4667465, 3.419824, 3.44883, 3.4397572, 3.331306, 3.41093, 3.380661, 3.3657875, 3.1953846, 3.1106885, 2.7490515, 2.703774, 2.6792938, 2.6510292, 2.604628, 2.546011, 2.6226208, 2.607036, 2.6361432, 2.7066946, 2.863276, 2.8529767, 2.9417009, 2.9543678, 3.0018815, 3.0187085, 3.098481, 3.176996, 3.1953846, 3.2967188, 3.324118, 3.4603055, 3.5133249, 3.4667465, 50.9020965, 50.910935, 50.9402639, 51.0259486, 51.098873, 51.159889, 51.2742995, 51.3698355, 51.3550153, 51.3122595, 51.16177, 51.1448255, 
51.1361205, 51.1291479, 51.110096, 51.089382, 50.9566082, 50.9126895, 50.820799, 50.8099287, 50.7083435, 50.7504771, 50.7690008, 50.7974769, 50.8051838, 50.773533, 50.779019, 50.7561645, 50.7553546, 50.7508916, 50.722309, 50.765899, 50.8082358, 50.9020965)))"
BE31,1097,51.5,31.6,29.1,27.1,40.3,61.2,62,66.8,21.3,23.5,68.3,59.6,74.6,76.1,79.2,89.4,83.8,67.7,53.1,58.4,4.8,413959,345825,51.477561787520024,1.4001386610751307,24.355793689713234,377.35551504102096,22.69065293905918,23.793419155037093,26.77390756089371,21.34559219632862,5.365990351701497,BE,4,Prov. Brabant Wallon,BE31,0.012078490865037358,0.5145437108505915,0.599093146905853,0.04106686894112702,0.033819774422104605,0.016909887211052303,0.0024156981730074716,0.128032003169396,0.0024156981730074716,0.14011049403443335,0.016909887211052303,0.021741283557067247,0.07247094519022415,0.11836921047736612,0,0.0024156981730074716,0.0024156981730074716,0.007247094519022415,0,0.0024156981730074716,0.0024156981730074716,0,"list(list(c(4.7588413, 4.6634177, 4.6284394, 4.597269, 4.2726254, 4.1052114, 4.1064236, 4.1076255, 4.1812195, 4.2472195, 4.5005922, 4.577538, 4.671893, 4.983341, 5.0195665, 4.7588413, 50.8025153, 50.78849, 50.749574, 50.7635345, 50.6961714, 50.7075457, 50.6762869, 50.6452928, 50.6444982, 50.596119, 50.5308742, 50.542286, 50.5967342, 50.6422425, 50.750762, 50.8025153)))"
BE32,3814,65.8,44.2,40.7,41.6,18.1,34.7,34.3,36.9,27.7,18.4,57,49.1,62.6,69.6,66.1,74.1,73.8,47.3,44.4,48.9,1.6,1361026,1133464,51.168383263802454,0.9578068310230665,10.138087002011718,356.85002621919244,22.78222458645169,24.734722187526174,26.5833275778714,21.086298130968842,4.7904301607757676,BE,4,Prov. Hainaut,BE32,0.02645063356614789,0.7847021291290541,0.6855122532559995,0.02498115392358412,0.025715893744866006,0.03306329195768487,7.347398212818858e-4,0.1293142085456119,0.004408438927691316,0.07200450248562482,0.03379803177896675,0.01249057696179206,0.019103235353329032,0.0573097060599871,0,7.347398212818858e-4,0.005143178748973201,0.0036736991064094293,0,7.347398212818858e-4,0,0,"list(list(c(3.6292444, 3.5412725, 3.4603055, 3.324118, 3.2967188, 3.1953846, 3.245294, 3.3033021, 3.3858116, 3.4909836, 3.5239951, 3.6150815, 3.65551, 3.666698, 3.7078889, 3.7702335, 3.8940678, 4.0277745, 4.0554307, 4.1981926, 4.148795, 4.2085292, 4.140853, 4.233133, 4.432494, 4.378275, 4.3849018, 4.3314089, 4.474987, 4.5886625, 4.607539, 4.577538, 4.5005922, 4.2472195, 4.1812195, 4.1076255, 4.1064236, 4.1052114, 3.9394782, 3.8957365, 3.8153905, 3.7756765, 3.7192507, 3.6292444, 50.7264333, 50.7337005, 
50.765899, 50.722309, 50.7508916, 50.7553546, 50.7130095, 50.5224229, 50.4950332, 50.5271565, 50.4974771, 50.490399, 50.4617355, 50.3557512, 50.3223671, 50.3504345, 50.3325362, 50.3583305, 50.3407585, 50.2500512, 50.1505554, 50.0787877, 49.97876, 49.9578285, 49.941616, 50.1474761, 50.2187538, 50.257907, 50.32761, 50.321316, 50.4119314, 50.542286, 50.5308742, 50.596119, 50.6444982, 50.6452928, 50.6762869, 50.7075457, 50.6911638, 50.7329445, 50.750725, 50.7478925, 50.7750244, 50.7264333)), list(c(3.0018815, 
2.9543678, 2.9417009, 2.8529767, 2.863276, 2.9081047, 3.0187085, 3.0018815, 50.8051838, 50.7974769, 50.7690008, 50.7504771, 50.7083435, 50.7017415, 50.773533, 50.8051838)))"
BE33,3858,63.3,40.5,40.6,39.2,22,40.5,38.6,42.7,22.8,19.2,57.9,50.2,63,67.7,66.8,75.3,71.3,53.3,45.2,49.6,2.8,1122360,934440,50.87850600520332,1.3754944937453224,17.780658612209987,290.91757387247276,22.588117894436724,25.374033287002387,26.029437969991804,20.925371538543782,5.060319327132114,BE,4,Prov. Liège,BE33,0.013364695819523147,0.7671335400406287,0.8277201610891336,0.04722192522898179,0.03207526996685555,0.03563918885206172,0.0017819594426030862,0.14077479596564382,0.013364695819523147,0.17285006593249938,0.013364695819523147,0.012473716098221604,0.03118429024555401,0.07929719519583735,0,0.0035639188852061724,0.0035639188852061724,0.0017819594426030862,0,0.0017819594426030862,0,0,"list(list(c(5.6820005, 5.687622, 5.4316865, 5.3771198, 5.236913, 5.1034805, 5.0195665, 4.983341, 5.028495, 5.0632871, 5.2028312, 5.2212595, 5.3029472, 5.393235, 5.4250838, 5.6758385, 5.7128986, 5.7215495, 5.836916, 5.8755171, 5.9801975, 6.0118735, 6.0248995, 6.1376625, 6.1932736, 6.3148009, 6.4050285, 6.3546996, 6.3677831, 6.315556, 6.1922005, 6.1893125, 6.2560622, 6.1838202, 6.1185855, 6.020999, 5.892073, 5.8871238, 5.819052, 5.7699419, 5.6820005, 50.7574465, 50.811924, 50.719803, 50.7454774, 50.727273, 
50.709064, 50.750762, 50.6422425, 50.5888215, 50.5365721, 50.4663801, 50.4172975, 50.3739602, 50.379364, 50.4188547, 50.368515, 50.3512132, 50.2619895, 50.2691669, 50.3412009, 50.329853, 50.2912669, 50.1827795, 50.1299515, 50.2405044, 50.313061, 50.3233085, 50.3791044, 50.445172, 50.4970425, 50.5210555, 50.566094, 50.6220967, 50.6384268, 50.7124145, 50.7542955, 50.7552375, 50.7185278, 50.7145575, 50.7466521, 50.7574465)))"
BE34,4461,66.4,44,43,45,20.9,42.7,40.4,42.1,20.6,31.7,65,57.1,70.6,80,73,83.6,81.2,47.4,52.1,55.8,4.1,297654,246452,49.8945083889348,1.2323032783029961,30.68596424035961,66.7236045729657,23.662373090904204,26.107493935912167,26.323852526759257,19.275400296989122,4.608034832389285,BE,4,Prov. Luxembourg (BE),BE34,0.013438421791744778,1.2396944102884557,2.294610520940421,0.03023644903142575,0.026876843583489556,0.03023644903142575,0,0.1175861906777668,0.006719210895872389,0.21837435411585263,0.036955659927298136,0.013438421791744778,0.013438421791744778,0.0604728980628515,0,0.0033596054479361945,0.0033596054479361945,0.006719210895872389,0,0.0033596054479361945,0,0,"list(list(c(5.6758385, 5.4250838, 5.393235, 5.3836938, 5.246306, 5.2630635, 5.0813144, 5.0280749, 5.0020444, 5.0841526, 5.0972261, 4.969431, 5.1537385, 5.2906182, 5.3199513, 5.393511, 5.470883, 5.734556, 5.818117, 5.8608152, 5.8990699, 5.8714473, 5.7589523, 5.746319, 5.7758598, 5.8688302, 5.9012364, 6.0248995, 6.0118735, 5.9801975, 5.8755171, 5.836916, 5.7215495, 5.7128986, 5.6758385, 50.368515, 50.4188547, 50.379364, 50.2876341, 50.2171607, 50.10849, 50.0913919, 50.0473529, 50.0029249, 49.9675291, 
49.9303862, 49.801826, 49.717926, 49.6798476, 49.6212796, 49.617111, 49.497238, 49.5456905, 49.5463105, 49.5735238, 49.6574145, 49.7150901, 49.8016971, 49.853595, 49.947873, 50.0473529, 50.1084603, 50.1827795, 50.2912669, 50.329853, 50.3412009, 50.2691669, 50.2619895, 50.3512132, 50.368515)))"
BE35,3676,67.1,39.3,36.7,34.8,22.2,46.2,44.1,50.1,20,21.8,62.3,53.8,68.2,78.1,71.8,80.5,77,52.9,48.5,53.1,2.4,506650,424580,50.745090299023,1.5762360603967236,26.88088423961315,137.82644178454842,22.284022500740157,25.301687555511695,26.21869140432251,21.3265567946314,4.84654100463831,BE,4,Prov. Namur,BE35,0.011842494818908516,0.6533109641764532,1.4013618869041744,0.04934372841211882,0.02171124050133228,0.01381624395539327,0.001973749136484753,0.15592618178229545,0.009868745682423763,0.2881673739267739,0.015789993091878025,0.011842494818908516,0.08289746373235962,0.10658245337017665,0,0.011842494818908516,0.005921247409454258,0,0,0,0,0,"list(list(c(5.2028312, 5.0632871, 5.028495, 4.983341, 4.671893, 4.577538, 4.607539, 4.5886625, 4.474987, 4.3314089, 4.3849018, 4.378275, 4.432494, 4.6776578, 4.6952057, 4.6973884, 4.796697, 4.8690704, 4.8357682, 4.8016969, 4.8786035, 4.8644336, 4.969431, 5.0972261, 5.0841526, 5.0020444, 5.0280749, 5.0813144, 5.2630635, 5.246306, 5.3836938, 5.393235, 5.3029472, 5.2212595, 5.2028312, 50.4663801, 50.5365721, 50.5888215, 50.6422425, 50.5967342, 50.542286, 50.4119314, 50.321316, 50.32761, 50.257907, 50.2187538, 
50.1474761, 49.941616, 49.9962822, 50.0473529, 50.0850445, 50.148678, 50.1443824, 50.0473529, 49.9653318, 49.9125466, 49.811491, 49.801826, 49.9303862, 49.9675291, 50.0029249, 50.0473529, 50.0913919, 50.10849, 50.2171607, 50.2876341, 50.379364, 50.3739602, 50.4172975, 50.4663801)))"
AT11,3964,53.7,50.6,54,49.3,34.9,41,33.2,39.5,12.3,50.2,73.2,61.9,76.6,86.7,76.9,87.6,88.8,52.2,54.8,55.3,4.5,301250,261321,51.033029045643154,0.10024896265560165,19.978423236514526,75.99646821392533,17.88149377593361,20.700746887966805,29.850954356846472,24.88630705394191,6.66356846473029,AT,4,Burgenland,AT11,0.013278008298755188,0.44481327800829873,1.8755186721991701,0.2024896265560166,0.003319502074688797,0.016597510373443983,0.023236514522821577,0.05975103734439834,0,0.039834024896265564,0.006639004149377594,0.003319502074688797,0.08298755186721991,0.02987551867219917,0.003319502074688797,0.07966804979253113,0.026556016597510376,0,0,0,0,0,"list(list(c(16.9971293, 16.975732, 16.8786026, 16.7151215, 16.5881735, 16.49177, 16.3911505, 16.2954216, 16.3089547, 16.3725435, 16.3207327, 16.3283391, 16.2798395, 16.171081, 16.0788146, 16.0334947, 16.1065615, 16.0957366, 16.1295522, 15.996236, 16.113849, 16.2952341, 16.4723331, 16.4982613, 16.4744137, 16.5193648, 16.4358775, 16.4812825, 16.4337615, 16.4715065, 16.64622, 16.7024465, 16.6545381, 16.4215425, 16.6046174, 16.7102996, 16.7699491, 16.8612288, 16.9058439, 17.0573578, 17.0631581, 17.0337164, 
17.0947771, 17.1087463, 17.1607975, 17.0772068, 17.066741, 16.9971293, 48.1029324, 48.040588, 48.0662332, 48.0088781, 47.8999611, 47.9404138, 47.882134, 47.7462311, 47.6977549, 47.6421355, 47.5704381, 47.5090801, 47.454832, 47.4213375, 47.4010632, 47.3546046, 47.1638677, 47.075998, 47.0083137, 46.8353985, 46.869068, 46.9978486, 47.0017452, 47.0603235, 47.0929108, 47.1337188, 47.1938968, 47.2852197, 47.3529185, 47.4007156, 47.446597, 47.5394505, 47.6112474, 47.665298, 47.7560958, 47.7334073, 47.6828348, 
47.709831, 47.6890818, 47.7077375, 47.8112954, 47.8600229, 47.9029282, 47.9754765, 48.0066565, 48.0377765, 48.1186815, 48.1029324)))"
AT12,19179,55.2,51.9,52.1,51.6,33.7,39.7,36,39.2,13.2,55.2,75.3,65.5,78.4,85.4,78.8,89.1,88.4,56.9,58,58.3,4.3,1718373,1467824,50.812134501647776,0.07024086155916091,4.448510305969658,89.59659002033474,19.60232149830101,22.73481950659141,29.35375497636427,21.88319998044662,6.409784138833652,AT,4,Niederösterreich,AT12,0.006983349947886751,0.40794402612238434,1.8633905444277814,0.31541463931288494,0.009893079092839563,0.015130591553754628,0.013966699895773501,0.08438214520363156,0.0046555666319245004,0.09078354932252776,0.0046555666319245004,0.006983349947886751,0.07041544530785808,0.026769508133565878,0.005237512460915064,0.027351453962556442,0.009893079092839563,0.0023277833159622502,0,0,0,0,"list(list(c(15.0071894, 14.9660052, 14.8174929, 14.7329913, 14.691014, 14.895315, 14.8768681, 14.9602695, 14.9502577, 14.9862731, 14.9504054, 14.6902531, 14.5208075, 14.4776649, 14.4805443, 14.4606308, 14.4961066, 14.7507639, 14.7581614, 14.7190085, 14.738545, 14.9078297, 15.0059604, 15.0880965, 15.1930794, 15.2180295, 15.3824556, 15.5281892, 15.6073261, 15.7617001, 15.8437993, 15.8479095, 16.0509339, 16.1050639, 16.171081, 16.2798395, 16.3283391, 16.3207327, 16.3725435, 16.3089547, 16.2954216, 16.3911505, 
16.49177, 16.5881735, 16.7151215, 16.8786026, 16.975732, 16.9971293, 17.066741, 16.976203, 16.9461936, 16.8555712, 16.851106, 16.949778, 16.940278, 16.8840616, 16.7084339, 16.5634479, 16.4754351, 16.3944967, 16.3067906, 16.0748925, 15.8475186, 15.7536335, 15.5424495, 15.3609023, 15.190021, 15.1242789, 15.0071894, 49.0123065, 48.7726798, 48.7723267, 48.6873951, 48.584302, 48.5125161, 48.4658406, 48.3764825, 48.3332972, 48.2724039, 48.2282099, 48.1615622, 48.2373515, 48.1803267, 48.1055113, 48.0609357, 
48.0038664, 47.903746, 47.8792355, 47.843626, 47.7474265, 47.7124329, 47.7476663, 47.740818, 47.7600603, 47.7941, 47.8168679, 47.7498819, 47.7451355, 47.6343822, 47.6242759, 47.5684685, 47.4953934, 47.514243, 47.4213375, 47.454832, 47.5090801, 47.5704381, 47.6421355, 47.6977549, 47.7462311, 47.882134, 47.9404138, 47.8999611, 48.0088781, 48.0662332, 48.040588, 48.1029324, 48.1186815, 48.1722445, 48.2614154, 48.3528659, 48.438635, 48.535792, 48.6172455, 48.7100957, 48.7342917, 48.8012698, 48.8006306, 
48.7443783, 48.7335335, 48.7560122, 48.86067, 48.8521785, 48.907697, 48.9794896, 48.9511634, 48.996431, 49.0123065), c(16.2049711, 16.4125029, 16.5403019, 16.5438606, 16.578036, 16.496198, 16.4090916, 16.2885959, 16.1857727, 16.2049711, 48.2499823, 48.3173265, 48.2606264, 48.1802097, 48.143312, 48.1561917, 48.1241203, 48.1246405, 48.1723967, 48.2499823)))"
AT13,415,52.7,35.7,37,34.3,25.2,51.6,46.3,52.1,29.5,42.7,67.4,61.1,70.8,75.4,72.1,79.6,77.3,53.8,55.7,57.7,5.2,1982097,1694065,51.106076039669105,0.3849962943286832,9.632727358953673,4776.137349397591,19.36328040454125,31.14363222385181,27.330650316306418,17.42129673774795,4.7209596704903944,AT,4,Wien,AT13,0.02522580882772135,0.19928388973899866,0.17204001620505957,0.09030839560324243,0.00655871029520755,0.011099355884197392,0.0015135485296632809,0.028757422063602336,0.01513548529663281,0.01513548529663281,0.0025225808827721344,0.0035316132358809886,0.007567742648316405,0.007063226471761977,0.0030270970593265618,0.010594839707642967,0.0025225808827721344,0,0,0.0010090323531088538,0,0,"list(list(c(16.5438606, 16.5403019, 16.4125029, 16.2049711, 16.1857727, 16.2885959, 16.4090916, 16.496198, 16.578036, 16.5438606, 48.1802097, 48.2606264, 48.3173265, 48.2499823, 48.1723967, 48.1246405, 48.1241203, 48.1561917, 48.143312, 48.1802097)))"
AT21,9537,51.5,50.5,55.1,47.6,39.6,42.1,33.8,44.2,17.2,51.4,72.8,62.3,75.9,86,76.4,87.7,84.4,54.4,54.7,55.1,4,568984,493794,51.05820198810511,0.1775093851496703,13.7297358097943,59.66068994442697,17.980118948863236,22.566891160384124,28.48217173066378,24.063066799769413,6.88420061021048,AT,4,Kärnten,AT21,0.007030074659392883,0.3919266622611532,1.6590976196167204,0.14938908651209876,0.0035150373296964415,0.02284774264302687,0.015817667983633987,0.056240597275143064,0.007030074659392883,0.042180447956357295,0.012302630653937545,0.010545111989089324,0.050968041280598404,0.03339285463211619,0.012302630653937545,0.02987781730241975,0.007030074659392883,0,0,0,0,0,"list(list(c(12.7118508, 12.656083, 12.7420472, 12.7388786, 12.8083552, 12.8345821, 12.8496008, 12.9609184, 12.933942, 12.8083552, 12.722763, 12.690635, 12.731393, 12.8083552, 13.1400227, 13.2567851, 13.5042495, 13.714185, 13.9149187, 14.1017617, 14.1678442, 14.4345005, 14.5263335, 14.5651755, 14.5973837, 14.6745805, 14.7250223, 14.8131773, 14.8747311, 15.0651205, 15.032044, 15.0281154, 14.9869277, 15.0150011, 14.9610374, 14.8420565, 14.3979716, 14.1913617, 13.946626, 13.8517612, 13.7851325, 13.6777428, 
13.354584, 13.0638298, 12.8083552, 12.7118508, 47.1271607, 47.099701, 47.0328293, 46.9760277, 46.922375, 46.907713, 46.8608816, 46.7899324, 46.7691056, 46.7553996, 46.73248, 46.656972, 46.634288, 46.632137, 46.5931249, 46.5530732, 46.566304, 46.5227035, 46.5164981, 46.4793177, 46.4400095, 46.4429435, 46.4149557, 46.3724535, 46.4275161, 46.4506875, 46.496642, 46.5151785, 46.601569, 46.6521125, 46.6759121, 46.7592979, 46.7906458, 46.9140638, 46.9804113, 47.0486135, 46.9892009, 47.0664808, 46.9416195, 
46.9166161, 46.944048, 47.0375893, 47.0973035, 47.0192602, 47.0975965, 47.1271607)))"
AT22,16398,59.1,48.5,54.1,45.9,30.2,43.4,33.1,45.7,15.2,55.4,75.2,65.7,78.2,87.9,78.6,87.4,87.8,54.8,58.3,58.7,5.4,1265198,1093910,50.55991236154341,0.09903588213070207,6.478669741811163,77.15562873521161,18.13929519332152,24.93831005107501,28.396503946417873,21.96699647011772,6.539213625061057,AT,4,Steiermark,AT22,0.071925500988778035,0.3936142801363897,1.3808115409603872,0.15175490318511412,0.009484681449069632,0.030825214709476304,0.014227022173604447,0.14147983161528868,0.01817897277738346,0.06402159978122002,0.004742340724534816,0.012646241932092843,0.04268106652081334,0.03793872579627853,0,0.03319638507174371,0.009484681449069632,0,0,0,0,0,"list(list(c(15.5281892, 15.3824556, 15.2180295, 15.1930794, 15.0880965, 15.0059604, 14.9078297, 14.738545, 14.5596744, 14.3158246, 14.1971606, 14.0667479, 14.010663, 13.7711549, 13.7027871, 13.7007494, 13.752597, 13.7244588, 13.5855845, 13.5694205, 13.5900787, 13.6068405, 13.6969805, 13.8089373, 13.8643725, 13.9598478, 13.8994572, 13.8549218, 13.7851325, 13.8517612, 13.946626, 14.1913617, 14.3979716, 14.8420565, 14.9610374, 15.0150011, 14.9869277, 15.0281154, 15.032044, 15.0651205, 15.4019795, 15.4979118, 
15.649988, 15.786422, 16.0084256, 15.996236, 16.1295522, 16.0957366, 16.1065615, 16.0334947, 16.0788146, 16.171081, 16.1050639, 16.0509339, 15.8479095, 15.8437993, 15.7617001, 15.6073261, 15.5281892, 47.7498819, 47.8168679, 47.7941, 47.7600603, 47.740818, 47.7476663, 47.7124329, 47.7474265, 47.7189428, 47.6095325, 47.6465461, 47.6210174, 47.700511, 47.7099412, 47.6356458, 47.5876116, 47.5307136, 47.4760593, 47.473993, 47.4179924, 47.3546046, 47.2832955, 47.2654801, 47.286367, 47.2516935, 47.1420642, 
47.105415, 46.9979645, 46.944048, 46.9166161, 46.9416195, 47.0664808, 46.9892009, 47.0486135, 46.9804113, 46.9140638, 46.7906458, 46.7592979, 46.6759121, 46.6521125, 46.6535485, 46.6180109, 46.705757, 46.7074695, 46.6812887, 46.8353985, 47.0083137, 47.075998, 47.1638677, 47.3546046, 47.4010632, 47.4213375, 47.514243, 47.4953934, 47.5684685, 47.6242759, 47.6343822, 47.7451355, 47.7498819)))"
AT31,11981,57.5,49.9,51.9,51,28.4,39.8,33.1,39.9,14.6,60.6,77.7,68.3,80.5,87.5,80.9,90.4,88.5,60.2,61.4,61.5,5,1522825,1291233,50.227833139067194,0.11734769261077274,5.15036199169307,127.10333027293214,20.233644706384517,25.3356098041469,27.954623807725774,20.699555103179947,5.759164710324561,AT,4,Oberösterreich,AT31,0.00985011409715496,0.402541329437066,1.1406432124505441,0.22261257859570208,0.012476811189729615,0.022983599560028236,0.03349038793032686,0.05187726757834945,0.005910068458292975,0.04531052484691281,0.0032833713657183195,0.00985011409715496,0.078144238504096,0.02035690246745358,0.006566742731436639,0.03546041074975785,0.010506788370298623,0.0026266970925746557,0,6.566742731436639e-4,0,0,"list(list(c(14.0256237, 14.0419502, 14.0075856, 13.839507, 13.796107, 13.8193661, 13.7270905, 13.5133695, 13.4384305, 13.4498652, 13.4016169, 13.277131, 13.177043, 13.0369182, 12.9446845, 12.8757152, 12.751555, 12.8601815, 13.0251803, 13.1669544, 13.303821, 13.3379399, 13.2902201, 13.2996855, 13.4359956, 13.4586079, 13.5290138, 13.4876344, 13.516362, 13.5855845, 13.7244588, 13.752597, 13.7007494, 13.7027871, 13.7711549, 14.010663, 14.0667479, 14.1971606, 14.3158246, 14.5596744, 14.738545, 14.7190085, 
14.7581614, 14.7507639, 14.4961066, 14.4606308, 14.4805443, 14.4776649, 14.5208075, 14.6902531, 14.9504054, 14.9862731, 14.9502577, 14.9602695, 14.8768681, 14.895315, 14.691014, 14.4719633, 14.3341477, 14.0919265, 14.0256237, 48.6367041, 48.6602085, 48.7002042, 48.771605, 48.7136005, 48.6129297, 48.5130195, 48.590978, 48.548895, 48.5052554, 48.3714917, 48.3024049, 48.29439, 48.2612689, 48.2066925, 48.1970875, 48.1128105, 47.99664, 48.0348996, 47.9733751, 48.0078245, 47.9700197, 47.9344798, 47.8409239, 
47.7982441, 47.7390922, 47.7050056, 47.5554801, 47.496776, 47.473993, 47.4760593, 47.5307136, 47.5876116, 47.6356458, 47.7099412, 47.700511, 47.6210174, 47.6465461, 47.6095325, 47.7189428, 47.7474265, 47.843626, 47.8792355, 47.903746, 48.0038664, 48.0609357, 48.1055113, 48.1803267, 48.2373515, 48.1615622, 48.2282099, 48.2724039, 48.3332972, 48.3764825, 48.4658406, 48.5125161, 48.584302, 48.6360474, 48.5594414, 48.5942054, 48.6367041), c(13.5378959, 13.5512325, 13.4935439, 13.4781783, 13.5378959, 
47.8077686, 47.7675664, 47.7631578, 47.7850593, 47.8077686)))"
BE21,2876,57.8,36.7,38.4,35.8,29.6,52.4,46.1,52,15.2,33.5,70.5,61.4,75.7,84.9,78.5,84.4,84.7,60.6,54.7,58.1,3.6,1915921,1593978,50.32655313032218,0.4663031513303524,9.06582265135149,666.1755910987482,22.358802894273826,25.018515899141978,26.01020605755665,20.895485774204676,5.696946794779117,BE,4,Prov. Antwerpen,BE21,0.027662935997883,0.376842260197576,0.28289266624250164,0.019833803168293473,0.028184878186522305,0.01931186097965417,0.007829132829589528,0.08820822988004202,0.0010438843772786039,0.08559851893684552,0.022965456300129285,5.219421886393019e-4,0.03444818445019393,0.040711490713865546,0,0.0062633062636716225,0.008351075018228831,0.0015658265659179056,0.0010438843772786039,5.219421886393019e-4,5.219421886393019e-4,0,"list(list(c(4.759926, 4.669544, 4.5482235, 4.5278879, 4.4861737, 4.3896554, 4.405945, 4.279565, 4.2436695, 4.242049, 4.3066972, 4.3272389, 4.3078285, 4.175792, 4.2006867, 4.240999, 4.528663, 4.789319, 4.8292764, 4.9815745, 5.0202443, 5.2610735, 5.2194414, 5.2377165, 5.2259005, 5.1448117, 5.0877973, 5.10218, 5.0415081, 4.8993905, 4.8410459, 4.8286325, 4.759926, 51.5024645, 51.426384, 51.4292322, 51.4756477, 51.4776545, 51.4439831, 51.3651572, 51.3760175, 51.3747295, 51.353967, 51.2768334, 51.1699011, 
51.1250345, 51.1012115, 51.0443398, 51.036869, 50.9922645, 51.038929, 51.0150245, 51.0348855, 51.0721653, 51.146965, 51.2258228, 51.2616005, 51.3094631, 51.320924, 51.3822964, 51.429005, 51.4791235, 51.4058874, 51.42781, 51.4802636, 51.5024645), c(4.7818793, 4.8305436, 4.7881026, 4.7464385, 4.7818793, 51.4454281, 51.4148266, 51.3957225, 51.4382283, 51.4454281)))"
BE22,2429,60.6,44.4,45.4,42.1,30.4,46.8,42.2,48.3,11.7,38.2,71.6,61,76.4,86.1,78.3,89.8,86.3,55,54.2,56.5,3.1,898619,762754,50.12936517033359,0.49075303326548847,9.603179990630068,369.9543021819679,20.40953952676273,23.22374666015297,27.256824082286265,23.2462255972776,5.845525189206994,BE,4,Prov. Limburg (BE),BE22,0.011128186695362552,0.5308145053687937,0.7233321351985658,0.03561019742516016,0.028933285407942634,0.01780509871258008,0.00222563733907251,0.23146628326354107,0.00445127467814502,0.6866091191038693,0.016692280043043826,0.005564093347681276,0.025594829399333868,0.07010757618078407,0,0.00445127467814502,0.010015368025826294,0.00222563733907251,0.001112818669536255,0,0,0,"list(list(c(5.653808, 5.7325995, 5.7661255, 5.798274, 5.8352033, 5.5662835, 5.5476848, 5.4984314, 5.2377165, 5.2194414, 5.2610735, 5.0202443, 4.9815745, 5.1211589, 5.0637028, 5.168051, 5.1034805, 5.236913, 5.3771198, 5.4316865, 5.687622, 5.653808, 50.8656057, 50.9273671, 51.0087155, 51.0598535, 51.1562479, 51.2208365, 51.2688151, 51.2958182, 51.2616005, 51.2258228, 51.146965, 51.0721653, 51.0348855, 51.0200769, 50.9408841, 50.8863002, 50.709064, 50.727273, 50.7454774, 50.719803, 50.811924, 50.8656057
)), list(c(5.892073, 5.7739669, 5.6820005, 5.7699419, 5.819052, 5.8871238, 5.892073, 50.7552375, 50.7745151, 50.7574465, 50.7466521, 50.7145575, 50.7185278, 50.7552375)))"
ES43,41634,56.7,23.1,19.1,23,27.2,47.1,34.5,43.7,32.8,16.8,59.8,51.9,64.6,70.1,67.8,79.7,71.4,52.7,45.4,49.2,2.4,1054306,919073,50.524231105580355,0.26567239492139855,1.409078578704854,25.323197386751215,17.873368832198622,22.070347697916922,30.703704617065632,22.422996739087136,6.89752310998894,ES,4,Extremadura,ES43,0.016124350994872454,0.47993656490620373,0.8128569883885703,0.01517585975987996,0.04742456174962487,0.028454737049774925,0.002845473704977492,0.12804631672398717,0.04078512310467739,0.19538919440845448,0.04457908804464738,0.18780126452851448,0.00758792987993998,0.023712280874812437,0.004742456174962487,0.013278877289894964,0.012330386054902467,0.010433403584917473,0,0,0,0,"list(list(c(-6.2215622, -6.5351295, -6.5928593, -6.7717383, -6.865144, -6.9512985, -7.0139876, -7.0187494, -6.8733572, -6.9105014, -6.9747416, -7.0176157, -7.343952, -7.542929, -7.4970171, -7.3088612, -7.3127414, -7.231467, -7.2371971, -7.1480671, -7.1348588, -7.0113663, -6.9599753, -7.0493288, -7.203135, -7.255303, -7.2551027, -7.3089854, -7.3076747, -7.1079525, -6.9317385, -6.8065031, -6.8066723, -6.7525542, -6.620216, -6.5705506, -6.4776282, -6.3918021, -6.3112453, -6.1803075, -6.0962317, -5.9584269, 
-5.9141443, -5.8484, -5.70644, -5.6922834, -5.7357142, -5.7131832, -5.5848455, -5.5246227, -5.5692175, -5.5638924, -5.1633033, -5.046996, -4.9834421, -4.9244877, -4.8411076, -4.8468432, -4.9283975, -4.9541429, -4.8446128, -4.8654228, -4.806813, -4.6753166, -4.7512068, -4.6834101, -4.687733, -4.755411, -4.867876, -4.9407835, -4.9525545, -5.1917301, -5.1446703, -5.1692502, -5.2949564, -5.30138, -5.3974493, -5.3696559, -5.3360165, -5.3688635, -5.5343021, -5.7376025, -5.7842053, -5.8109717, -5.924994, 
-5.9797116, -6.2215622, 40.4825062, 40.3407172, 40.272624, 40.2421755, 40.2706945, 40.257446, 40.2130647, 40.1586785, 40.0075709, 39.8732767, 39.8130846, 39.678922, 39.6435408, 39.662815, 39.5937315, 39.4592606, 39.3538564, 39.278431, 39.213562, 39.1697539, 39.11305, 39.1008691, 39.0307225, 38.8690015, 38.7510175, 38.7113644, 38.6158474, 38.5210065, 38.4456101, 38.1881215, 38.208378, 38.1735148, 38.1258928, 38.0980605, 38.0895815, 38.0292554, 38.0175286, 38.0525421, 37.9857107, 37.941078, 37.9854379, 
38.0020273, 38.1115793, 38.1635814, 38.1861057, 38.1603218, 38.1121633, 38.0870502, 38.131752, 38.2221614, 38.3363978, 38.430181, 38.7060065, 38.7291335, 38.7540917, 38.8739237, 38.9077202, 38.9368416, 38.9731619, 39.0488512, 39.0484918, 39.1161428, 39.1919152, 39.1785357, 39.3065745, 39.3986839, 39.4503365, 39.41576, 39.3746435, 39.3951645, 39.3950385, 39.5896732, 39.701138, 39.7891915, 39.7617177, 39.869446, 39.8873461, 40.0819891, 40.115856, 40.2546947, 40.19882, 40.294163, 40.2920041, 40.3458601, 
40.2882932, 40.2983476, 40.4825062)))"
ES51,32110,50.2,19.6,22,17.7,28.2,56.5,44.8,56.9,21.2,31.9,69.9,61.6,75.2,78,77.4,82.7,82.1,65.3,55,58.5,3.5,7901963,6782539,50.80686912859501,0.40840484826365303,1.1965254709494337,246.09040797259422,19.65652079109963,23.768068769747465,31.145817817673912,19.69701705766023,5.700760684402091,ES,4,Cataluña,ES51,0.01442679496221382,0.303215795872494,0.4503944146536753,0.054669959856810266,0.025183615767373248,0.013414388298198816,0.0034168724910506416,0.030625301586453896,0.018982624950281343,0.054923061522814016,0.003796524990056268,0.04530519821467147,0.0044292791550656465,0.002277914994033761,6.32754165009378e-4,0.05112653653275775,0.005694787485084402,0.0051885841530769,0,1.265508330018756e-4,1.265508330018756e-4,0,"list(list(c(1.0028729, 0.9282446, 0.858215, 0.6772165, 0.6717218, 0.660127, 0.7519918, 0.7056596, 0.7293124, 0.7413142, 0.7359804, 0.6540693, 0.5624576, 0.5995948, 0.596491, 0.3343656, 0.3579601, 0.4217932, 0.4400432, 0.3554544, 0.3359485, 0.385724, 0.2966838, 0.2228022, 0.2204095, 0.2833338, 0.2538195, 0.2673792, 0.1707895, 0.2778115, 0.2938196, 0.3955796, 0.5152385, 0.6021769, 0.7592664, 0.8637462, 0.868637, 0.7116892, 0.9282446, 0.9757317, 1.6453235, 2.1007249, 2.1664584, 2.280824, 2.778513, 3.1998578, 
3.2136378, 3.2020277, 3.1267886, 3.1206198, 3.1617421, 3.266239, 3.3020152, 3.1794691, 3.1742148, 3.1750198, 3.0135063, 2.8750561, 2.7062166, 2.6321747, 2.5568746, 2.267755, 2.1664584, 2.0191201, 1.9661314, 1.9170045, 1.731011, 1.725801, 1.6070203, 1.5386497, 1.4644572, 1.4472691, 1.442566, 1.3485283, 1.2533371, 1.1647703, 1.0761081, 1.0028729, 42.794225, 42.8104839, 42.825741, 42.8431649, 42.794225, 42.6909525, 42.5992982, 42.4614457, 42.4081594, 42.3811211, 42.2747749, 42.0143851, 41.9379874, 41.9133648, 
41.8738297, 41.679509, 41.6070703, 41.595234, 41.5523463, 41.4806097, 41.4074325, 41.2788395, 41.1705551, 41.1274408, 41.07143, 40.9791973, 40.8978129, 40.8236132, 40.732837, 40.6876787, 40.6263697, 40.5997958, 40.5229185, 40.6172138, 40.6426998, 40.6962611, 40.7236925, 40.8021311, 40.9894904, 41.0305754, 41.1956215, 41.2880497, 41.3519561, 41.4631429, 41.6488075, 41.9066376, 41.9502348, 42.0534088, 42.1414669, 42.2070088, 42.2522544, 42.2609997, 42.3127286, 42.3594452, 42.4081594, 42.4351778, 42.4668844, 
42.4615424, 42.4092552, 42.3524898, 42.3430812, 42.4253292, 42.4039938, 42.3620204, 42.4081594, 42.4509357, 42.492401, 42.504402, 42.4614457, 42.4367198, 42.4398427, 42.4614457, 42.603668, 42.7139013, 42.7158161, 42.7150073, 42.7782695, 42.794225)), list(c(0.6808641, 0.6002095, 0.6199282, 0.6961838, 0.6808641, 40.601121, 40.5618408, 40.5465173, 40.5730547, 40.601121)), list(c(1.9537091, 1.9446341, 1.9975839, 1.9929031, 1.9537091, 42.4863331, 42.4544094, 42.4371883, 42.4923056, 42.4863331)))"
ES52,23255,48.6,20.5,21.4,20.3,26.8,52,38.6,49.9,29.6,24.6,65.2,57.2,70.6,76.3,73,79.3,77.2,59.5,51,54.7,3.5,5216195,4498222,50.808472459330986,0.212530398115868,0.7688938009411074,224.3042356482477,19.200432499168453,22.356181086021515,31.74545813567169,21.095031915026183,5.582479182622582,ES,4,Comunitat Valenciana,ES52,0.019362773055838594,0.31517226637424406,0.23982999101835725,0.01859593055857766,0.022046721796251865,0.013228033077751118,0.0013419743702066354,0.025689223658241306,0.025689223658241306,0.023388696166458504,0.004025923110619906,0.0450519967140799,0.00421763373493514,0.004025923110619906,1.9171062431523362e-4,0.028373172398654573,0.005751318729457008,0.005559608105141775,0,0,0,0,"list(list(c(-0.2548964, -0.3606517, -0.3611048, -0.2947097, -0.2836355, -0.335502, -0.2904182, -0.4142379, -0.5432666, -0.6400166, -0.754865, -0.8291674, -0.8377174, -0.797643, -0.8869397, -0.9150434, -0.9864982, -1.1423615, -1.1965448, -1.2085075, -1.2748507, -1.3858105, -1.4973931, -1.5051465, -1.4412474, -1.1807498, -1.1755999, -1.2578756, -1.1403556, -0.9567488, -0.9288845, -0.9516937, -0.9314501, -1.02687, -1.0077159, -1.0829152, -1.0724887, -0.9945491, -0.9743424, -1.0297086, -1.0245123, -0.902859, 
-0.7621355, -0.6529095, -0.6274718, -0.5161166, -0.500216, -0.4104804, -0.3506134, -0.0910902, -0.0260054, 0.0969197, 0.2214974, 0.1731331, 0.0969197, -0.037616, -0.1962083, -0.2679674, -0.3276452, -0.3195963, -0.188467, -0.0161354, 0.0492702, 0.0969197, 0.1237804, 0.1975718, 0.390437, 0.5152385, 0.3955796, 0.2938196, 0.2778115, 0.1707895, 0.0969197, 0.0453276, -0.1762955, -0.2548964, 40.684469, 40.6683758, 40.6173109, 40.5937693, 40.4780954, 40.4400885, 40.3719305, 40.2516197, 40.2391834, 40.0714168, 
40.0378068, 39.9748857, 39.9300108, 39.8810765, 39.8600532, 39.9408515, 39.9771156, 39.9718555, 39.9429532, 39.8341048, 39.6909124, 39.6764958, 39.5584483, 39.4180145, 39.3647109, 39.3076977, 39.2676171, 39.0512479, 38.933174, 38.9343002, 38.78384, 38.7672374, 38.6854156, 38.6555095, 38.5686752, 38.380384, 38.3484492, 38.318037, 38.2712095, 38.1401521, 38.0899011, 37.9295685, 37.847008, 38.0080226, 38.1442778, 38.2100721, 38.3291718, 38.3617449, 38.4548856, 38.5330852, 38.6143471, 38.6763838, 38.7392546, 
38.8148449, 38.8407263, 38.8864135, 39.0555356, 39.2676171, 39.4038156, 39.4953122, 39.7219545, 39.9101702, 40.0284059, 40.056081, 40.0716818, 40.172149, 40.3413378, 40.5229185, 40.5997958, 40.6263697, 40.6876787, 40.732837, 40.713401, 40.6998265, 40.7837497, 40.684469)), list(c(-1.3496067, -1.4488315, -1.3677961, -1.165154, -1.0958768, -1.0910225, -1.1475786, -1.2377642, -1.2935013, -1.3496067, 40.1350197, 40.1453585, 40.0208256, 40.010109, 40.0364323, 40.0713946, 40.1098395, 40.1215559, 40.1884965, 
40.1350197)))"
ES53,4990,51.4,25.9,28.2,26.7,19.7,40.9,33.5,40.5,20.6,29.7,68.5,62,73.1,73.5,75.5,79.4,82.2,64.4,56.4,60.2,5.4,1209906,1040262,50.19042801672195,0.8856886402745336,7.999547072251894,242.46613226452905,19.188350169352,26.052023876235012,32.38524315112083,18.031070182311684,4.3218233482601125,ES,4,Illes Balears,ES53,0.004132552446223094,0.32399211178389065,0.32068606982691217,0.08099802794597266,0.0305808881020509,0.01570369929564776,0.006612083913956952,0.086783601370685,0.014877188806403143,0.04215203495147557,0.012397657338669285,0.07934500696748342,0.008265104892446189,0.014877188806403143,0,0.07769198598899418,0.02148927272036009,0.009918125870935428,0,0,0,0,"list(list(c(3.1423503, 3.1526908, 3.1069735, 3.0996627, 2.9437213, 2.7538525, 2.3647482, 2.3845316, 2.5052938, 2.5954983, 2.6915551, 2.7346705, 2.7739521, 2.9529808, 3.0525921, 3.1953846, 3.2407788, 3.300498, 3.4557052, 3.446306, 3.3570996, 3.253082, 3.1953846, 3.1423503, 39.7933888, 39.8561258, 39.8754029, 39.9205066, 39.9102361, 39.8385148, 39.5789068, 39.5417052, 39.47683, 39.5397575, 39.5436911, 39.5071338, 39.3842936, 39.352128, 39.2727934, 39.3476395, 39.3765162, 39.4972407, 39.6850856, 39.7430556, 
39.7779467, 39.7352089, 39.7576364, 39.7933888)), list(c(4.3120506, 4.2609403, 4.1518185, 4.0336726, 3.8466258, 3.8027258, 3.835782, 4.0336726, 4.2459314, 4.2874611, 4.3120506, 39.8657346, 39.9885961, 40.0613212, 40.0632406, 40.0527127, 40.020828, 39.9295244, 39.9163287, 39.8160984, 39.8223719, 39.8657346)), list(c(1.4251474, 1.3807052, 1.3631144, 1.2928576, 1.2894177, 1.2173741, 1.2361564, 1.2154512, 1.2489425, 1.2732089, 1.302816, 1.3443544, 1.3720425, 1.4039316, 1.4041052, 1.4226128, 1.4563571, 
1.525534, 1.5326472, 1.5774815, 1.6053438, 1.5873752, 1.5919307, 1.5561883, 1.5401328, 1.4251474, 39.091017, 39.0656894, 39.0732829, 39.0283867, 38.9730282, 38.9583484, 38.9381213, 38.8993893, 38.8584565, 38.8793133, 38.8636734, 38.8708503, 38.8347493, 38.8356029, 38.8774828, 38.904867, 38.903427, 38.9462731, 38.9817174, 38.990705, 39.0286869, 39.0624625, 39.0953159, 39.0930364, 39.1148252, 39.091017)), list(c(1.4372304, 1.3832966, 1.3828784, 1.3884125, 1.4511268, 1.4903242, 1.4701699, 1.4372304, 
38.75113, 38.7186039, 38.6884017, 38.6436291, 38.6849201, 38.6798407, 38.7222125, 38.75113)), list(c(2.9191147, 2.9116748, 2.9614194, 2.9668318, 2.9191147, 39.1577303, 39.123609, 39.1209446, 39.1710237, 39.1577303)), list(c(1.5586238, 1.5163263, 1.5702469, 1.5911855, 1.5586238, 38.6956549, 38.6677566, 38.6438739, 38.6813994, 38.6956549)), list(c(3.1864714, 3.1145838, 3.1540411, 3.1886814, 3.1864714, 39.9715781, 39.9320133, 39.9160716, 39.9344199, 39.9715781)))"
ES61,87600,47.9,23.3,21.5,24.3,27.8,44.5,35.8,41.2,37.5,18.4,57.9,51.1,62.9,68.2,65.8,75.5,69.8,49.6,46.1,50.3,2.9,8584147,7341532,50.725086604411594,0.10039436649908257,0.34504301941707194,97.99254566210045,20.202997455658668,23.443086424312167,31.554748538206532,19.8820919539239,4.901162573287713,ES,4,Andalucía,ES61,0.012231850176843431,0.35530612418449964,0.28401191172518364,0.017357577869996865,0.022949280807982433,0.01316380066650769,0.002446370035368686,0.041355302978851594,0.03238527951583308,0.06581900333253846,0.01933797266053342,0.06558601571012239,0.01397925734496392,0.0044267648259052415,0.001048444300872294,0.025046169409727023,0.0029123452802008168,0.006407159616441797,0,0,1.1649381120803267e-4,0,"list(list(c(-4.6536565, -4.8423821, -4.8858316, -4.9823542, -5.046996, -5.1633033, -5.5638924, -5.5692175, -5.5246227, -5.5848455, -5.7131832, -5.7357142, -5.6922834, -5.70644, -5.8484, -5.9141443, -5.9584269, -6.0962317, -6.1803075, -6.3112453, -6.3918021, -6.4776282, -6.5705506, -6.620216, -6.7525542, -6.8066723, -6.8065031, -6.9317385, -7.0132789, -7.1034007, -7.250536, -7.2977808, -7.4189033, -7.5009498, -7.5126915, -7.4518636, -7.4019165, -7.3685778, -7.350895, -7.28722, -7.1329709, -7.0397821, 
-6.9708277, -6.5813932, -6.4641586, -6.3941465, -6.345561, -6.4208703, -6.4195511, -6.372585, -6.2410401, -6.2100443, -6.2247535, -6.0355287, -5.9147664, -5.7954948, -5.5993311, -5.4558656, -5.4165761, -5.3515225, -5.339225, -5.252405, -5.1784517, -4.9353949, -4.6540885, -4.5132406, -4.406735, -3.7774575, -3.6180519, -3.4369432, -3.2885565, -3.169745, -3.128691, -2.9215905, -2.8535272, -2.7115924, -2.635894, -2.5517569, -2.3534316, -2.1962411, -2.1355323, -2.0337727, -1.9082286, -1.8312438, -1.8213637, 
-1.7999746, -1.7106038, -1.6731352, -1.630033, -1.8312438, -1.9923949, -2.0055076, -2.2076315, -2.341602, -2.551274, -2.4523241, -2.4423319, -2.4818725, -2.488049, -2.5644547, -2.5916163, -2.762069, -2.8599993, -2.9585726, -3.010343, -3.0677099, -3.1460338, -3.169745, -3.3417206, -3.4539186, -3.5650079, -3.6140717, -3.7647313, -3.9351948, -4.248978, -4.268895, -4.4470636, -4.6536565, 38.5378968, 38.6105393, 38.68103, 38.6908482, 38.7291335, 38.7060065, 38.430181, 38.3363978, 38.2221614, 38.131752, 
38.0870502, 38.1121633, 38.1603218, 38.1861057, 38.1635814, 38.1115793, 38.0020273, 37.9854379, 37.941078, 37.9857107, 38.0525421, 38.0175286, 38.0292554, 38.0895815, 38.0980605, 38.1258928, 38.1735148, 38.208378, 38.0254508, 38.036375, 37.9791389, 37.8536629, 37.7409406, 37.6033003, 37.5262565, 37.4210772, 37.1748275, 37.1720094, 37.1786576, 37.199773, 37.207354, 37.2052518, 37.1786576, 37.0131217, 36.9216861, 36.8134064, 36.798767, 36.7434454, 36.6903554, 36.6312514, 36.5689169, 36.4993133, 36.4175235, 
36.1962585, 36.1752181, 36.0879388, 36.0186734, 36.0694169, 36.1611271, 36.152569, 36.152035, 36.3112755, 36.4083713, 36.4961372, 36.504126, 36.5993153, 36.7139833, 36.7379265, 36.7434938, 36.6959625, 36.7474112, 36.7499951, 36.750888, 36.7438859, 36.703276, 36.6837891, 36.7140466, 36.816443, 36.8377422, 36.7312725, 36.735259, 36.8302804, 36.9475115, 37.1523668, 37.1786576, 37.223829, 37.3034837, 37.3553141, 37.375183, 37.4601427, 37.6641068, 37.8590814, 37.916588, 38.02602, 38.084118, 38.1909888, 
38.2683212, 38.3139205, 38.3860873, 38.4178673, 38.5033147, 38.5327795, 38.4650815, 38.4673941, 38.4285031, 38.4689048, 38.4423457, 38.4465298, 38.4768771, 38.4025404, 38.4457808, 38.3997423, 38.4197756, 38.368877, 38.3969337, 38.347213, 38.4052278, 38.5378968)))"
ES62,11314,47.3,22,21.8,23.1,23.2,42.3,32.7,41.8,30.5,23.1,62.9,56.3,68.4,70.1,71.5,77.4,76.4,60,51.3,56,3.2,1551692,1301767,49.872848477661805,0.8421774424305855,2.0032970460632655,137.1479582817748,22.130809464764916,24.304050030547298,31.30363499972933,17.665941436831535,4.580419310017709,ES,4,Región de Murcia,ES62,0.04704541880734063,0.3621852790373347,0.22942697390977074,0.023844938299611006,0.03093397401030617,0.016111444797034462,0.0012889155837627572,0.032222889594068924,0.016111444797034462,0.08442397073646059,0.014822529213271705,0.06122349022873096,0.014178071421390328,0.0019333733756441355,0,0.010311324670102057,0.0032222889594068927,0.005155662335051029,0,0,0,0,"list(list(c(-1.1723712, -1.3316502, -1.3986299, -1.4917775, -1.4881596, -1.5880515, -1.6731352, -1.7400524, -1.8312438, -1.923649, -2.0337727, -2.05246, -2.2088895, -2.341602, -2.2076315, -2.0055076, -1.9923949, -1.8312438, -1.630033, -1.4963249, -1.3282842, -1.2192429, -1.1468865, -1.0619834, -0.9142922, -0.7254063, -0.7142354, -0.8149242, -0.8518659, -0.7621355, -0.902859, -1.0245123, -1.0297086, -0.9743424, -0.9945491, -1.0724887, -1.0829152, -1.0077159, -1.02687, -1.1723712, 38.7504721, 38.6860015, 
38.6895828, 38.5444282, 38.3749096, 38.314545, 38.3211404, 38.3771601, 38.3367855, 38.2958734, 38.296403, 38.2964929, 38.20075, 38.02602, 37.916588, 37.8590814, 37.6641068, 37.4601427, 37.375183, 37.4326579, 37.5581361, 37.5731614, 37.5446686, 37.579599, 37.5621181, 37.6094717, 37.6263898, 37.6717777, 37.7200388, 37.847008, 37.9295685, 38.0899011, 38.1401521, 38.2712095, 38.318037, 38.3484492, 38.380384, 38.5686752, 38.6555095, 38.7504721)))"
ES63,20,48.6,29,20,23.8,NA,28.1,21.2,32.6,41.8,12.1,47.7,44.7,55.2,54.8,57.3,55.9,57.4,61.3,41.8,48.5,NA,83052,67822,49.553291913499976,15.511968405336418,29.57424264316332,4152.6,25.41781052834369,26.843423397389586,28.797620767711795,15.834657804748833,3.0944468525742908,ES,4,Ciudad de Ceuta,ES63,0,0.024081298463613156,0.08428454462264605,0,0,0.012040649231806578,0,0,0,0,0,0.012040649231806578,0,0,0,0,0,0,0.012040649231806578,0,0,0,"list(list(c(-5.3394885, -5.360519, -5.3819355, -5.3433706, -5.3334789, -5.3394885, 35.8986386, 35.9134599, 35.9130235, 35.8708763, 35.8855242, 35.8986386)))"
ES64,14,41.9,19.8,23.9,NA,27.4,50.1,32.8,44.1,36.7,16.7,48.8,43.8,53,61.1,57,57.4,53.5,55.4,40.3,45.1,NA,85493,67482,49.51399529786064,16.66452224158703,29.33456540301545,6106.642857142857,27.940299205782928,27.64085948557192,26.907466108336354,14.840981132958253,2.661036576093949,ES,4,Ciudad de Melilla,ES64,0.02339372814148527,0.3158153299100511,0.12866550477816896,0.011696864070742635,0.011696864070742635,0.02339372814148527,0,0.02339372814148527,0.05848432035371317,0,0.035090592212227906,0.02339372814148527,0,0,0,0,0,0,0.011696864070742635,0,0,0,"list(list(c(-2.9524865, -2.970089, -2.9506124, -2.9281235, -2.9524865, 35.319769, 35.28943, 35.2698735, 35.2730815, 35.319769)))"
CH02,10061,76.7,44.6,44.9,40.5,11.2,47.3,41.8,50.5,21.9,66.5,82.5,73.6,84.6,88.4,85.5,89.1,88.6,76.4,65.2,65.1,11.9,1918746,1631910,50.5528610873977,0.09865818612781473,8.620265527589373,190.7112613060332,19.755298512674425,25.086853601258323,27.907185213676016,21.48653339212173,5.740311641040555,CH,4,Espace Mittelland,CH02,0.026058686246121163,0.506059686899673,0.5936168726866401,0.0938112704860362,0.008338779598758773,0.031270423495345395,0.013029343123060581,0.0646255418903805,0.0031270423495345398,0.03543981329472478,0.026058686246121163,0.009381127048603619,0.007817605873836349,0.0057329109741466565,0.002084694899689693,0.07087962658944956,0.0031270423495345398,5.211737249224233e-4,5.211737249224233e-4,0.002084694899689693,0,0,"list(list(c(7.1907, 7.130353, 7.0239161, 6.939186, 6.9151094, 7.0161589, 6.858914, 6.6373774, 6.4587172, 6.460011, 6.7070451, 6.780046, 6.7563692, 6.8646127, 6.9199096, 6.8662335, 6.8962095, 6.9878297, 6.9237655, 6.8044968, 6.8104562, 6.8716421, 6.8303339, 6.9389331, 6.9982437, 7.2370205, 7.2037084, 7.221457, 7.2845404, 7.5180611, 7.6317406, 7.7196964, 7.9312338, 8.0192212, 8.2594251, 8.3458309, 8.4104115, 8.4489595, 8.395225, 8.3688895, 8.2804971, 8.049088, 7.9814032, 7.8719869, 7.8809131, 7.9494719, 
7.8765587, 7.8822179, 7.838686, 7.824728, 7.898393, 7.9655279, 8.0116401, 8.0163006, 7.956853, 7.9251438, 7.7733064, 7.6556981, 7.6901993, 7.6490712, 7.5776156, 7.43689, 7.3756845, 7.326466, 7.1907, 47.442753, 47.5030405, 47.5041415, 47.4337045, 47.3679774, 47.3337468, 47.1652945, 47.0069324, 46.9466457, 46.8515515, 46.9286748, 46.852643, 46.8192436, 46.7349613, 46.8538599, 46.9092935, 46.925326, 46.8429989, 46.7276023, 46.6393537, 46.5941317, 46.5613184, 46.5115359, 46.5022881, 46.4451894, 46.5538, 
46.4287051, 46.3292125, 46.3608016, 46.3769242, 46.437286, 46.421216, 46.4967712, 46.5570568, 46.5318137, 46.5702715, 46.6530205, 46.764517, 46.771538, 46.7879755, 46.7584245, 46.788008, 46.7816869, 46.8542101, 46.9183128, 46.9926566, 47.0493786, 47.1579344, 47.234414, 47.2656375, 47.329464, 47.3244811, 47.3546046, 47.3949246, 47.4552005, 47.409371, 47.3452216, 47.3823134, 47.4573762, 47.4842069, 47.4201525, 47.3799705, 47.414077, 47.4398535, 47.442753), c(7.0022865, 7.0399715, 7.051847, 7.0766719, 
7.0457871, 6.927902, 7.0022865, 46.9867235, 46.979881, 46.977115, 46.9098486, 46.865732, 46.9531745, 46.9867235)), list(c(7.4314657, 7.5209418, 7.5109055, 7.445019, 7.446276, 7.4470268, 7.4468786, 7.4458472, 7.4440368, 7.4416296, 7.4388668, 7.4377885, 7.427169, 7.4240135, 7.4211395, 7.380894, 7.3756845, 7.4314657, 47.4142458, 47.462337, 47.5025825, 47.4617235, 47.4589119, 47.4561618, 47.4533202, 47.4506681, 47.4484729, 47.4469556, 47.4462688, 47.4462485, 47.4438195, 47.4441785, 47.446388, 47.4318925, 
47.414077, 47.4142458)), list(c(6.7580576, 6.7972845, 6.7760698, 6.7305142, 6.7580576, 46.703355, 46.7359094, 46.7656266, 46.7290785, 46.703355)))"
CH03,1958,73.4,40.3,40.4,33.4,10.9,49.6,46.2,55,19.8,62.1,80.9,72.1,83.4,87.3,84.2,86.7,86.8,76.2,64.3,64.6,10.7,1202435,1022451,50.256687471672066,0.1737308045757151,16.190729644429844,614.1138917262513,19.637984589603597,25.199948437961304,28.634978190089278,20.806280588971546,5.701015023681114,CH,4,Nordwestschweiz,CH03,0.010811395210551923,0.4623950566974514,0.41499124692810835,0.14470636666431033,0.011643040995978992,0.023286081991957985,0.010811395210551923,0.047403809769343046,0,0.025781019348239197,0.009979749425124852,0.00914810363969778,0.012474686781406064,0.012474686781406064,0.008316457854270709,0.03742406034421819,0.0033265831417082837,0,0,0,0,0,"list(list(c(7.43689, 7.5776156, 7.6490712, 7.6901993, 7.6556981, 7.7733064, 7.9251438, 7.956853, 8.0163006, 8.0116401, 7.9655279, 7.898393, 7.824728, 7.838686, 7.9365784, 7.9770254, 8.190781, 8.2669402, 8.3551415, 8.4121295, 8.410716, 8.408943, 8.3647525, 8.4264345, 8.2204613, 8.0386355, 7.922759, 7.8941075, 7.7137845, 7.634097, 7.589039, 7.5551595, 7.5109055, 7.5209418, 7.4314657, 7.3756845, 7.43689, 47.3799705, 47.4201525, 47.4842069, 47.4573762, 47.3823134, 47.3452216, 47.409371, 47.4552005, 47.3949246, 
47.3546046, 47.3244811, 47.329464, 47.2656375, 47.234414, 47.2429247, 47.2760362, 47.2279213, 47.2808869, 47.1587212, 47.1407375, 47.2480375, 47.3546046, 47.4914452, 47.567549, 47.616822, 47.5534534, 47.5549397, 47.586375, 47.539405, 47.5611135, 47.589878, 47.564564, 47.5025825, 47.462337, 47.4142458, 47.414077, 47.3799705)), list(c(7.380894, 7.3527539, 7.3374028, 7.326466, 7.3756845, 7.380894, 47.4318925, 47.4344133, 47.440884, 47.4398535, 47.414077, 47.4318925)), list(c(7.4388668, 7.4416296, 7.4440368, 
7.4458472, 7.4468786, 7.4470268, 7.446276, 7.445019, 7.4211395, 7.4240135, 7.427169, 7.4377885, 7.4388668, 47.4462688, 47.4469556, 47.4484729, 47.4506681, 47.4533202, 47.4561618, 47.4589119, 47.4617235, 47.446388, 47.4441785, 47.4438195, 47.4462485, 47.4462688)))"
CH04,1728,73.8,31,32.1,25.7,18.1,63.1,56.8,68,15.4,64.2,83.3,76.6,85.4,88.6,86.5,90.1,89.1,76.5,68.8,69.4,12.3,1579967,1339042,50.07199517458276,0.2253211617711003,11.200930146009378,914.3327546296297,19.772058530336395,28.18552539388481,29.075923737647685,17.818410131350845,5.130297025191032,CH,4,Zürich,CH04,0.01645603990463092,0.6898878267710655,0.29937334134193944,0.33355127037463445,0.022785286021796657,0.015823115292914344,0.015823115292914344,0.26013201541551184,0.004430472282016017,0.05253274277247563,0.009493869175748607,0.015190190681197773,0.02025358757493036,0.003797547670299443,0.04493764743187674,0.035443778256128135,0.003797547670299443,0.002531698446866295,0,0.003797547670299443,0,0,"list(list(c(8.663354, 8.6063695, 8.595602, 8.5541039, 8.5384182, 8.562841, 8.5185479, 8.4264345, 8.3647525, 8.408943, 8.410716, 8.449012, 8.577121, 8.6924835, 8.7151982, 8.8077845, 8.8201346, 8.9265306, 8.9737944, 8.9612546, 8.9436355, 8.8730769, 8.7586802, 8.7726926, 8.670461, 8.663354, 47.6858925, 47.6690055, 47.6055445, 47.5571664, 47.582641, 47.5994325, 47.6256443, 47.567549, 47.4914452, 47.3546046, 47.2480375, 47.2174589, 47.2152273, 47.163625, 47.201884, 47.22056, 47.2459168, 47.2653057, 47.3178828, 
47.3546046, 47.3758375, 47.5255937, 47.5975254, 47.6406479, 47.6848625, 47.6858925)))"
CH05,11529,79.2,45.3,46.9,41.1,11.3,46,40.1,49.4,15.7,71.9,83.7,74.6,85.5,87.7,85.9,88.6,89.8,78.1,66.9,66.3,13.2,1217015,1034470,49.70135947379449,0.135824127064991,8.648784115232761,105.56119351201319,19.750044165437565,25.5109427574845,27.80992839036495,21.46325230173827,5.44783753692436,CH,4,Ostschweiz,CH05,0.008216825593768358,0.5686043310887704,0.9810889758959421,0.14543781300969996,0.01232523839065254,0.04190581052821863,0.013968603509406211,0.11914397110964121,0.002465047678130508,0.0320456198156966,0.010681873271898866,0.01807701630629039,0.014790286068783048,0.005751777915637852,0.01807701630629039,0.05094431868136383,0.002465047678130508,8.216825593768359e-4,0,0,0,0,"list(list(c(8.7815239, 8.7957085, 8.670461, 8.7726926, 8.7586802, 8.8730769, 8.9436355, 8.9612546, 8.9737944, 8.9265306, 8.8201346, 8.8077845, 8.9411136, 9.0045655, 8.9042089, 8.9616913, 8.935079, 8.9460822, 8.8771685, 8.8140733, 8.6846063, 8.6617076, 8.678729, 8.8410512, 8.9337715, 9.02672, 9.0266949, 9.0979341, 9.0633228, 9.0957914, 9.1593775, 9.2485315, 9.2920692, 9.2592915, 9.3022834, 9.4117431, 9.4560012, 9.4677414, 9.5383171, 9.617288, 9.954927, 10.0546825, 10.141732, 10.1666049, 10.1143771, 
10.1560592, 10.0458301, 10.0557224, 10.1063778, 10.2317009, 10.3060253, 10.452801, 10.4787516, 10.3900214, 10.4696515, 10.4784873, 10.3763168, 10.2456122, 10.2187794, 10.1449745, 10.0879179, 9.954927, 9.88113, 9.8709551, 9.607078, 9.4760475, 9.5114165, 9.4927385, 9.530749, 9.6094199, 9.6533973, 9.6513167, 9.5783082, 9.5587205, 9.495604, 9.3794304, 9.182192, 9.0358646, 8.874888, 8.8143867, 8.7815239, 47.7125348, 47.6755955, 47.6848625, 47.6406479, 47.5975254, 47.5255937, 47.3758375, 47.3546046, 47.3178828, 
47.2653057, 47.2459168, 47.22056, 47.2131701, 47.1731455, 47.0253613, 46.9560475, 46.920208, 46.8786752, 46.8131235, 46.7464579, 46.6908955, 46.6373925, 46.5791895, 46.5681255, 46.6183611, 46.5957772, 46.516929, 46.4206735, 46.2843361, 46.212237, 46.169601, 46.233768, 46.3299838, 46.4464255, 46.4968153, 46.4764386, 46.4955842, 46.3801507, 46.3150316, 46.2921089, 46.3785516, 46.236159, 46.2347481, 46.2672165, 46.3466172, 46.4086878, 46.4600242, 46.5288571, 46.6016192, 46.6282519, 46.5515166, 46.530683, 
46.6124441, 46.6787669, 46.854909, 46.9355931, 46.9947411, 46.921561, 46.8675563, 46.8510095, 46.8491151, 46.9149026, 46.9415781, 47.01375, 47.0607745, 47.0517975, 47.1046153, 47.1842775, 47.270581, 47.3546046, 47.3758071, 47.429418, 47.4820723, 47.541893, 47.551455, 47.6239249, 47.6558905, 47.6839455, 47.65467, 47.7200078, 47.7125348)), list(c(8.663354, 8.7067285, 8.7053363, 8.6138315, 8.510115, 8.4184186, 8.4247689, 8.5028235, 8.6063695, 8.663354, 47.6858925, 47.7102527, 47.7371793, 47.801079, 
47.7761905, 47.7002617, 47.6772556, 47.64896, 47.6690055, 47.6858925)), list(c(8.562841, 8.5384182, 8.5541039, 8.595602, 8.562841, 47.5994325, 47.582641, 47.5571664, 47.6055445, 47.5994325)))"
CH06,4482,77.3,43.8,43.3,40.3,12.9,48.7,45.7,52.4,18.6,75,85.1,76.7,86.4,89.8,86.9,88.6,90.6,79.1,69.7,69.1,17.1,841372,714646,49.525180300746875,0.1083943844102252,13.06247414936556,187.72244533690318,19.83581578659618,25.49692644870521,28.939280128171607,20.507575721559547,5.204713254065978,CH,4,Zentralschweiz,CH06,0.014262419001345422,0.6156610868914107,0.9199260255867797,0.05229553633826654,0.008319744417451496,0.024959233252354485,0.021393628502018133,0.11409935201076338,0.00475413966711514,0.017828023751681778,0.011885349167787851,0.007131209500672711,0.013073884084566636,0.00237706983355757,0.035656047503363555,0.04397579192081505,0.007131209500672711,0,0.014262419001345422,0,0,0,"list(list(c(8.190781, 7.9770254, 7.9365784, 7.838686, 7.8822179, 7.8765587, 7.9494719, 7.8809131, 7.8719869, 7.9814032, 8.049088, 8.2804971, 8.3688895, 8.395225, 8.4489595, 8.4104115, 8.4185093, 8.4776735, 8.5420648, 8.678729, 8.6617076, 8.6846063, 8.8140733, 8.8771685, 8.9460822, 8.935079, 8.9616913, 8.9042089, 9.0045655, 8.9411136, 8.8077845, 8.7151982, 8.6924835, 8.577121, 8.449012, 8.410716, 8.4121295, 8.3551415, 8.2669402, 8.190781, 47.2279213, 47.2760362, 47.2429247, 47.234414, 47.1579344, 
47.0493786, 46.9926566, 46.9183128, 46.8542101, 46.7816869, 46.788008, 46.7584245, 46.7879755, 46.771538, 46.764517, 46.6530205, 46.5658594, 46.5276025, 46.5802898, 46.5791895, 46.6373925, 46.6908955, 46.7464579, 46.8131235, 46.8786752, 46.920208, 46.9560475, 47.0253613, 47.1731455, 47.2131701, 47.22056, 47.201884, 47.163625, 47.2152273, 47.2174589, 47.2480375, 47.1407375, 47.1587212, 47.2808869, 47.2279213)))"
CH07,2812,66.8,38.5,42.9,38.2,24.4,51.1,41.9,49.6,35.1,41.2,71,62.5,74.5,80.8,76.7,82.1,81.1,65.1,53.9,55.5,7.9,354023,308754,51.32039443764953,0.3126915482892355,23.01093431782681,125.89722617354197,17.56750267637978,21.935862924160293,30.021495778522866,22.858966790293287,7.573801702149296,CH,4,Ticino,CH07,0.00847402569889527,0.3954545326151126,1.7851947472339367,0.0564935046593018,0.02259740186372072,0.03954545326151126,0,0.03954545326151126,0.00282467523296509,0.01129870093186036,0.00564935046593018,0.00564935046593018,0,0.00847402569889527,0.00847402569889527,0.07344155605709234,0.00282467523296509,0,0,0,0,0,"list(list(c(9.0957914, 9.0633228, 9.0979341, 9.0266949, 9.02672, 8.9337715, 8.8410512, 8.678729, 8.5420648, 8.4776735, 8.3995251, 8.384717, 8.4620426, 8.4366064, 8.4650661, 8.6183703, 8.713936, 8.7453964, 8.8390132, 8.7951379, 8.8874851, 8.9346737, 8.912147, 9.0402304, 9.0754657, 9.0090667, 9.0167195, 9.1593775, 9.0957914, 46.212237, 46.2843361, 46.4206735, 46.516929, 46.5957772, 46.6183611, 46.5681255, 46.5791895, 46.5802898, 46.5276025, 46.488722, 46.4521585, 46.4351196, 46.2959082, 46.2431396, 
46.1241762, 46.097272, 46.1121873, 46.072378, 45.9976469, 45.9536286, 45.8719909, 45.830445, 45.840713, 45.8960015, 45.9524264, 46.0366348, 46.169601, 46.212237)))"
EL53,9462,69.7,48.6,51.3,47.8,28,49.8,28.5,50.6,32.7,12.2,55.6,48.3,62.3,63,64.5,68.5,76.3,49.8,40.6,44.5,3.4,249809,219218,50.20515673974917,0.11048441008930822,2.3802184869240097,26.40128936799831,17.352457277359903,19.43324700070854,29.808373597428435,24.580779715702796,8.803125587949193,EL,4,Dytiki Makedonia,EL53,0.016012233346276553,0.47636394205172755,2.353798301902654,0.04003058336569139,0.020015291682845694,0.028021408355983973,0,0.012009175009707416,0,0.028021408355983973,0.012009175009707416,0.004003058336569138,0.004003058336569138,0.008006116673138277,0,0.004003058336569138,0.008006116673138277,0,0.004003058336569138,0,0,0,"list(list(c(21.787378, 21.6864711, 21.5716832, 21.4190518, 21.2581746, 21.209431, 21.1353917, 20.9802045, 20.9713977, 21.0472792, 21.0560685, 20.9490259, 20.8547833, 20.7972969, 20.778501, 20.8679511, 21.004012, 20.9805338, 21.0685726, 21.0618491, 21.1011483, 21.1353917, 21.2956, 21.3775533, 21.442801, 21.518377, 21.5716832, 21.917692, 21.8993655, 22.0754677, 22.1157035, 22.183821, 22.140091, 22.0947914, 21.9382325, 21.8876019, 21.9060115, 21.821787, 21.7160658, 21.8040827, 21.787378, 40.9311255, 
40.929963, 40.8760776, 40.9121887, 40.8599912, 40.8774125, 40.8703881, 40.855665, 40.76523, 40.6776892, 40.6166955, 40.4766885, 40.4749114, 40.4261207, 40.348789, 40.3617369, 40.1540665, 40.1133152, 40.0438099, 39.9774087, 39.8937717, 39.8873768, 39.857458, 39.8350822, 39.8925063, 39.8985424, 39.8923357, 39.8520485, 39.9624715, 40.1175086, 40.190249, 40.302277, 40.3239643, 40.425989, 40.4923884, 40.616759, 40.682092, 40.6966915, 40.8546583, 40.8863658, 40.9311255)))"
EL54,9152,77.7,41.2,43.5,39.5,17.2,55.2,36.3,56,20.1,11.8,60.2,50.9,65.3,65.6,69.7,79.7,80.9,53.8,42.3,46.1,4.3,318495,278729,50.66044992857031,0.14756903562065338,4.00320256204964,34.80059003496503,17.58426348922275,19.53625645614531,27.817077191164696,25.810452283395342,9.18821331575064,EL,4,Ipeiros,EL54,0.021978367007331353,0.4458468735772932,4.40509270161227,0.07849416788332628,0.015698833576665256,0.03453743386866356,0,0.018838600291998304,0.009419300145999152,0,0.003139766715333051,0.021978367007331353,0.015698833576665256,0.003139766715333051,0.003139766715333051,0.06279533430666102,0.003139766715333051,0,0,0,0,0,"list(list(c(21.1353917, 21.1011483, 21.0618491, 21.0685726, 20.9805338, 21.004012, 20.8679511, 20.778501, 20.7223574, 20.677491, 20.6128765, 20.4430243, 20.3867696, 20.3242337, 20.4070294, 20.391308, 20.302345, 20.2970434, 20.3157828, 20.2770698, 20.2619444, 20.2292231, 20.2192813, 20.1267216, 20.0312119, 20.0088125, 20.170354, 20.1591677, 20.2493795, 20.2275991, 20.3006785, 20.3462929, 20.464247, 20.4778215, 20.4758847, 20.6899402, 20.7352142, 20.7816802, 20.761312, 20.8005201, 20.9141281, 21.0277266, 
21.1086085, 21.1044179, 21.1353917, 21.2581746, 21.3728945, 21.3612736, 21.4187767, 21.3952594, 21.291734, 21.2581746, 21.1816095, 21.1838784, 21.1438486, 21.2274087, 21.2350588, 21.2956, 21.1353917, 39.8873768, 39.8937717, 39.9774087, 40.0438099, 40.1133152, 40.1540665, 40.3617369, 40.348789, 40.2832357, 40.1077802, 40.0796535, 40.066654, 40.0010989, 39.9849278, 39.8505332, 39.7884835, 39.812743, 39.7653138, 39.7273446, 39.7041939, 39.6767208, 39.6790326, 39.64851, 39.6580052, 39.6967856, 39.691292, 
39.625497, 39.5396407, 39.5054266, 39.4324679, 39.315735, 39.2864695, 39.273102, 39.2748415, 39.2187042, 39.0596629, 38.9548831, 38.9816616, 39.0219208, 39.0714646, 39.0684373, 39.0097968, 39.0461465, 39.0850338, 39.1190109, 39.122703, 39.174614, 39.2154921, 39.2724895, 39.3416695, 39.3694987, 39.4208605, 39.5010885, 39.5836335, 39.6759755, 39.713677, 39.7876816, 39.857458, 39.8873768)))"
EL61,14050,77.6,42.8,45,41.2,20.2,53,33.1,54,24.7,19.2,58,49.8,63.7,62.9,65.7,76.4,75.5,48.4,42.4,45.4,5.4,680837,590109,50.77470819006605,0.07270462680494745,2.148531880611659,48.45814946619217,18.515591837693897,19.945743254259096,29.21815353748401,24.03468084137613,8.257776824702535,EL,4,Thessalia,EL61,0.02496926577139609,0.4009770326818313,0.6771077365066822,0.05140731188228607,0.013219023055444989,0.02056292475291443,0,0.016156583734432767,0.010281462376457214,0.01909414441342054,0.0014687803394938877,0.016156583734432767,0.004406341018481663,0.011750242715951102,0,0.01762536407392665,0.007343901697469438,0.0029375606789877754,0,0,0,0,"list(list(c(22.1157035, 22.0754677, 21.8993655, 21.917692, 21.5716832, 21.518377, 21.442801, 21.3775533, 21.2956, 21.2350588, 21.2274087, 21.1438486, 21.1838784, 21.1816095, 21.2581746, 21.291734, 21.3952594, 21.4187767, 21.3612736, 21.3728945, 21.396378, 21.4924329, 21.5716832, 21.6683913, 21.7431069, 21.8433662, 21.93851, 21.9648032, 22.046038, 22.0654351, 22.1523043, 22.2559184, 22.4061266, 22.5048995, 22.4960755, 22.5181352, 22.6689636, 22.7035649, 22.774327, 22.9221837, 23.0170195, 22.9689935, 
22.841183, 22.835462, 22.9791525, 23.1488912, 23.1975102, 23.137482, 23.0815895, 23.0921597, 23.2914715, 23.3319435, 23.0977999, 22.915911, 22.8464096, 22.774327, 22.735391, 22.7035649, 22.6645848, 22.5242523, 22.474754, 22.3628302, 22.3615152, 22.3309554, 22.2845597, 22.2262048, 22.2043477, 22.1157035, 40.190249, 40.1175086, 39.9624715, 39.8520485, 39.8923357, 39.8985424, 39.8925063, 39.8350822, 39.857458, 39.7876816, 39.713677, 39.6759755, 39.5836335, 39.5010885, 39.4208605, 39.3694987, 39.3416695, 
39.2724895, 39.2154921, 39.174614, 39.1647415, 39.2262259, 39.2373802, 39.2509916, 39.1150951, 39.1433342, 39.0650815, 39.0322384, 39.0515744, 39.0951845, 39.1222547, 39.2724895, 39.2078072, 39.1305235, 39.0700721, 39.0472567, 39.0468979, 39.0369315, 39.0165492, 38.9739608, 39.0031658, 39.1006528, 39.1938476, 39.2738786, 39.3429294, 39.2756825, 39.1724579, 39.1249629, 39.1470127, 39.0974934, 39.1446271, 39.2042882, 39.4883454, 39.602936, 39.7888562, 39.8467928, 39.8780877, 39.9215385, 39.9747564, 
39.9555054, 40.0166008, 40.0566758, 40.1387638, 40.1689875, 40.164831, 40.1111068, 40.182958, 40.190249)), list(c(23.6745294, 23.6165984, 23.5956197, 23.6536849, 23.6745294, 23.7316908, 23.7688849, 23.7813395, 23.7313969, 23.7210543, 23.6745294, 39.1611427, 39.1948503, 39.1935443, 39.0962352, 39.0840835, 39.0739462, 39.0920421, 39.1298712, 39.1204534, 39.1457055, 39.1611427)), list(c(23.9344854, 23.8808609, 23.9232152, 23.9467831, 23.9947272, 23.9626657, 23.9344854, 39.2734053, 39.1854987, 39.1820943, 
39.157419, 39.1565197, 39.2734053, 39.2734053)), list(c(23.4591231, 23.4430499, 23.3908898, 23.4134447, 23.4537774, 23.4766571, 23.525468, 23.5065921, 23.4591231, 39.2106868, 39.1823388, 39.1585324, 39.1378039, 39.1374122, 39.1601228, 39.1464558, 39.193507, 39.2106868)), list(c(24.0984162, 24.051883, 24.040024, 24.0674677, 24.0959955, 24.0984162, 39.3484229, 39.352702, 39.3234955, 39.2938948, 39.3123166, 39.3484229)), list(c(24.1043489, 24.0688723, 24.0907626, 24.1360832, 24.1043489, 39.0977712, 
39.0686289, 39.0362501, 39.075992, 39.0977712)), list(c(24.1459463, 24.1382948, 24.1824879, 24.1992805, 24.1459463, 39.4196941, 39.3879768, 39.361919, 39.4019717, 39.4196941)))"
EL62,2301,87.4,56.7,52,46.9,NA,32.4,22.3,41.6,27.7,19.9,59.5,52.1,65.3,65.5,66.1,74.5,70.1,54.9,44.7,47.5,7.1,201877,173707,50.641232037329665,0.19417764282211447,8.00982776641222,87.73446327683615,18.675232938868717,20.00525072197427,30.26496331924885,23.936357286862794,7.087483963007178,EL,4,Ionia Nisia,EL62,0.019814045185930048,0.2427220535276431,1.3424015613467608,0.009907022592965024,0,0.039628090371860096,0,0,0.009907022592965024,0.009907022592965024,0.004953511296482512,0.009907022592965024,0.004953511296482512,0.019814045185930048,0,0.213000985748748,0.019814045185930048,0,0,0,0,0,"list(list(c(20.610487, 20.5966818, 20.5820775, 20.537689, 20.5445432, 20.5338038, 20.488997, 20.4424541, 20.4401875, 20.4026858, 20.387779, 20.358052, 20.3578658, 20.3372641, 20.3928908, 20.4394349, 20.4388052, 20.4212071, 20.4375501, 20.4799318, 20.4687618, 20.4890862, 20.5644771, 20.6066043, 20.6387411, 20.7037815, 20.7942513, 20.814386, 20.6671813, 20.6265922, 20.5989602, 20.6283252, 20.610487, 38.401938, 38.405044, 38.4651228, 38.4700125, 38.4240499, 38.3415658, 38.3121911, 38.3351677, 38.3572896, 
38.3348544, 38.2776542, 38.2604728, 38.2249956, 38.1885263, 38.1550478, 38.1621721, 38.2249956, 38.267769, 38.2816846, 38.2050156, 38.1913801, 38.1201714, 38.0904636, 38.1167736, 38.1100687, 38.0689291, 38.0639139, 38.1097423, 38.2767191, 38.2592665, 38.3018537, 38.3262766, 38.401938)), list(c(19.8502178, 19.7966448, 19.6737286, 19.6366772, 19.6579827, 19.6822446, 19.6762097, 19.7263827, 19.743925, 19.806578, 19.8481945, 19.8517536, 19.8713855, 19.9105574, 19.9845089, 20.0014533, 20.1124599, 20.1199169, 
20.0701089, 20.0327421, 19.9966688, 19.9388434, 19.9121871, 19.9250139, 19.8639039, 19.8442958, 19.9293999, 19.9535623, 19.9422692, 19.8832652, 19.8502178, 39.8192498, 39.7902788, 39.7935283, 39.751071, 39.7171785, 39.7131194, 39.6815065, 39.6725052, 39.6251775, 39.5923017, 39.5476262, 39.4959743, 39.4568424, 39.4330107, 39.4141612, 39.4001276, 39.3641918, 39.3815933, 39.4587051, 39.4375298, 39.4591373, 39.4740646, 39.5519054, 39.6187761, 39.6457198, 39.7031808, 39.7349766, 39.7685443, 39.7852759, 
39.7996272, 39.8192498)), list(c(20.8281305, 20.7544128, 20.6954029, 20.6392472, 20.6294388, 20.8113405, 20.8439772, 20.8858154, 20.9520475, 20.9586746, 20.8281305, 37.8352145, 37.8538443, 37.9217109, 37.882962, 37.8352145, 37.6587494, 37.6592957, 37.7272566, 37.7187792, 37.7348374, 37.8352145)), list(c(20.7506109, 20.7206293, 20.7257066, 20.6903418, 20.6487464, 20.6006717, 20.558094, 20.5501075, 20.5706563, 20.5908604, 20.6164905, 20.6832753, 20.7249961, 20.7528116, 20.804091, 20.7882261, 20.7261362, 
20.7244758, 20.7506109, 38.6931631, 38.7513482, 38.8036589, 38.8504268, 38.8312289, 38.7793796, 38.6802735, 38.5927409, 38.5890271, 38.6266047, 38.6017785, 38.6071077, 38.637019, 38.6300475, 38.664926, 38.6734308, 38.6596193, 38.6857645, 38.6931631)), list(c(20.7123633, 20.6677793, 20.6623466, 20.6105234, 20.6381686, 20.6639396, 20.6802743, 20.7123633, 38.4365391, 38.4627969, 38.4878375, 38.468859, 38.4369619, 38.3778643, 38.3784749, 38.4365391)), list(c(20.7502737, 20.723274, 20.7164351, 20.67631, 
20.6949708, 20.7215215, 20.7544956, 20.7502737, 38.3696981, 38.3900436, 38.3682009, 38.3591125, 38.3154995, 38.3010268, 38.3202855, 38.3696981)), list(c(20.9392418, 20.8909213, 20.8710764, 20.9349569, 20.9392418, 38.6560392, 38.6441113, 38.606875, 38.6135326, 38.6560392)), list(c(19.4249419, 19.3753035, 19.3631114, 19.3837639, 19.4189516, 19.4249419, 39.8599479, 39.8777733, 39.8521256, 39.8285387, 39.832928, 39.8599479)), list(c(20.6894495, 20.682225, 20.7082627, 20.7446466, 20.6894495, 38.582904, 
38.5494066, 38.5243717, 38.5696673, 38.582904)), list(c(21.0386077, 21.0080717, 20.9929851, 21.0066517, 21.0431688, 21.0386077, 38.5082335, 38.4996947, 38.4714819, 38.4500483, 38.4595211, 38.5082335)), list(c(20.1375215, 20.1226402, 20.1645003, 20.2018564, 20.1375215, 39.2417316, 39.2336573, 39.1781225, 39.1964421, 39.2417316)))"
EL63,11314,89.1,52.4,48.9,52.4,9.3,39.3,27.8,34.9,35.2,15.9,59.4,52.3,65.9,72.1,69.3,73.9,75.8,56.1,45,49.6,6.3,641643,555179,49.75539357555526,0.1374596153936067,6.630478318940594,56.71230334099346,18.892437071704983,21.866988340868676,28.698045486353003,23.20667411629208,7.293152111064876,EL,4,Dytiki Elláda,EL63,0.026494483692645288,0.4410552285305068,1.7065564496145054,0.021818986570413767,0.009350994244463041,0.03428697889636449,0,0.004675497122231521,0,0.007792495203719201,0.003116998081487681,0.003116998081487681,0.004675497122231521,0.012467992325950724,0.003116998081487681,0.03272847985562065,0.003116998081487681,0.0015584990407438405,0,0,0,0,"list(list(c(21.9940285, 21.8556499, 21.766625, 21.6947562, 21.6183922, 21.5716832, 21.3801405, 21.351074, 21.2604093, 21.139436, 21.1216531, 21.2695807, 21.3307894, 21.5470015, 21.680233, 21.8769869, 21.9016611, 21.9655925, 21.9820897, 21.9320079, 21.8803389, 21.7974392, 21.7996851, 21.8897415, 21.926921, 22.0398041, 22.264305, 22.232545, 22.2467719, 22.2535781, 22.3165848, 22.3585876, 22.3729725, 22.2035071, 21.9940285, 38.3156733, 38.3312847, 38.2984004, 38.1916566, 38.1490794, 38.1601054, 38.2053206, 
38.1021385, 37.9838428, 37.9258547, 37.8638788, 37.7828377, 37.6640468, 37.5524405, 37.377434, 37.3996857, 37.4568678, 37.4834485, 37.5128623, 37.5524405, 37.5932731, 37.6052734, 37.7940132, 37.8658945, 37.8222309, 37.7878762, 37.839156, 37.8811715, 37.9188097, 37.9521118, 37.9967268, 38.0264689, 38.1422235, 38.1889588, 38.3156733)), list(c(21.4894466, 21.4008909, 21.419477, 21.396378, 21.3728945, 21.2581746, 21.1353917, 21.1044179, 21.1086085, 21.1353917, 21.15328, 21.1548347, 21.1353917, 21.0566716, 
20.9499024, 20.7900914, 20.7413081, 20.7692957, 20.8671391, 20.9111627, 20.9888914, 21.0178401, 21.0885297, 21.1353917, 21.1882401, 21.2581746, 21.346401, 21.4661889, 21.500997, 21.5716832, 21.6250782, 21.7568202, 21.8071638, 21.8517321, 21.8921936, 21.9940183, 21.9994255, 21.946002, 21.9173202, 21.7867895, 21.5872302, 21.5651214, 21.6127789, 21.5247041, 21.4894466, 38.9656048, 39.0160405, 39.0987672, 39.1647415, 39.174614, 39.122703, 39.1190109, 39.0850338, 39.0461465, 39.0099962, 38.9858518, 38.8915573, 
38.8976691, 38.8850744, 38.9413992, 38.9343788, 38.8255664, 38.7745371, 38.773616, 38.6948645, 38.647939, 38.5452496, 38.5025305, 38.324702, 38.3011726, 38.32131, 38.4022959, 38.3576097, 38.3035326, 38.3312848, 38.3522483, 38.3360016, 38.3803236, 38.3745351, 38.4645046, 38.5195964, 38.76861, 38.784002, 38.7414888, 38.6945921, 38.7421653, 38.8087598, 38.865126, 38.8970421, 38.9656048)))"
ES70,7447,54.4,32.3,27.1,32.8,24.8,42,34.3,40.7,33.8,22.5,60.8,54,65,73.2,67.8,75,71.5,51.9,49.5,53.3,4,2213016,1951194,50.62290557320869,0.3338882321682265,1.4059094014684033,297.1687928024708,17.085009778510415,24.751696327545755,34.02356783683444,19.694480292957664,4.431644416488629,ES,4,Canarias,ES70,0.03343852913851504,0.26705636109273495,0.29281306596969925,0.009941184338477444,0.018074880615413538,0.026208576892349626,0.0031631041076973687,0.015815520538486845,0.021237984723110902,0.040216609369295116,0.014911776507716166,0.02259360076926692,0.01129680038463346,0.004066848138468046,4.518720153853384e-4,0.06913641835395677,0.0027112320923120305,0.002259360076926692,4.518720153853384e-4,0,0,0,"list(list(c(-16.2245045, -16.3203327, -16.3355822, -16.384121, -16.4206419, -16.4306958, -16.5232106, -16.5540462, -16.6028939, -16.6735637, -16.7509683, -16.8096946, -16.8294542, -16.9232591, -16.8814197, -16.8381258, -16.8354322, -16.7725374, -16.7382141, -16.735993, -16.7122345, -16.7070271, -16.6444347, -16.5975443, -16.540651, -16.4627071, -16.4268685, -16.4241784, -16.3627036, -16.3601374, -16.2500734, -16.2353732, -16.1270679, -16.1208561, -16.1583848, -16.2245045, 28.5655011, 28.577461, 28.5570149, 
28.5458283, 28.5172798, 28.4871741, 28.4174966, 28.4182636, 28.3942339, 28.4002204, 28.3715803, 28.3774366, 28.392265, 28.3518319, 28.313204, 28.2573222, 28.207637, 28.1141405, 28.0878299, 28.0548151, 28.0468113, 28.0108713, 28.0043128, 28.0280969, 28.0315993, 28.1203609, 28.1518291, 28.2054476, 28.3047148, 28.3785358, 28.4556986, 28.4856511, 28.5325806, 28.5549058, 28.5877906, 28.5655011)), list(c(-13.8498896, -13.8665354, -13.8428713, -13.8224021, -13.8424728, -13.887494, -13.9775407, -14.0155824, 
-14.0093323, -14.0383461, -14.0334745, -14.1011339, -14.1460099, -14.1642309, -14.2011571, -14.2159356, -14.2501868, -14.311583, -14.3714549, -14.4266456, -14.4987717, -14.4920041, -14.3314399, -14.274916, -14.2217654, -14.1207594, -14.0112653, -13.985105, -13.9504203, -13.9144635, -13.8498896, 28.4206697, 28.4810889, 28.5048543, 28.5921085, 28.7271203, 28.757747, 28.7343635, 28.7160096, 28.6758912, 28.6149467, 28.5964235, 28.4757488, 28.4387902, 28.368527, 28.3310066, 28.2276988, 28.1913526, 28.1465542, 
28.11731, 28.1026435, 28.1002463, 28.0765491, 28.0442564, 28.09689, 28.1623899, 28.1908055, 28.2078831, 28.2280044, 28.2276236, 28.2575103, 28.4206697)), list(c(-15.3931575, -15.4218657, -15.4570107, -15.4358035, -15.467876, -15.5253986, -15.612964, -15.6363842, -15.6967881, -15.7089111, -15.7901508, -15.8207692, -15.8334619, -15.8329037, -15.7875674, -15.6728348, -15.6569417, -15.6002472, -15.4905291, -15.4420542, -15.4147948, -15.3864842, -15.3937606, -15.3745295, -15.3830725, -15.3696157, -15.4152107, 
-15.4116516, -15.3931575, 28.185119, 28.1932384, 28.1616637, 28.1375038, 28.1257843, 28.1536012, 28.1473662, 28.1702661, 28.1505332, 28.0864155, 28.0193564, 28.0136482, 27.9714741, 27.9122479, 27.8360572, 27.7503219, 27.7569289, 27.7360362, 27.7927476, 27.8004233, 27.8455166, 27.858252, 27.8896639, 27.9368383, 27.9727736, 27.992235, 28.0465758, 28.134045, 28.185119)), list(c(-13.4255464, -13.5032552, -13.5372986, -13.5569505, -13.6042024, -13.8085964, -13.868169, -13.7834543, -13.721153, -13.5321542, 
-13.4641798, -13.464087, -13.4255464, 29.1940234, 29.2823599, 29.1276726, 29.1165128, 29.1352451, 29.0352877, 28.8641891, 28.8500299, 28.9090904, 28.9683119, 29.0316463, 29.1276726, 29.1940234)), list(c(-17.9663056, -18.0067419, -17.9634791, -17.8800506, -17.8665576, -17.8337756, -17.7871591, -17.7594322, -17.7502581, -17.7702335, -17.724535, -17.757799, -17.7779948, -17.8571586, -17.9205443, -17.9663056, 28.8265119, 28.775268, 28.667638, 28.5372206, 28.4708696, 28.4576492, 28.542214, 28.573764, 
28.6211695, 28.6760372, 28.7411453, 28.7882115, 28.8387957, 28.833281, 28.8566847, 28.8265119)), list(c(-17.0988888, -17.1183877, -17.1837182, -17.1956086, -17.2427549, -17.2608829, -17.3177023, -17.3470676, -17.3490773, -17.3198644, -17.2455409, -17.2009457, -17.0988888, 28.0948218, 28.1516163, 28.1814236, 28.1990913, 28.202399, 28.2177919, 28.2047859, 28.1474023, 28.099762, 28.0595255, 28.0199408, 28.0234804, 28.0948218)), list(c(-17.9238091, -17.9922056, -17.9963188, -18.0681136, -18.1282998, 
-18.1494836, -18.1583867, -18.1444164, -18.0504977, -17.9895898, -17.971965, -17.9576051, -17.9344158, -17.8852595, -17.9238091, 27.8480745, 27.8208795, 27.7921053, 27.7536464, 27.7708548, 27.7595615, 27.7249384, 27.7045752, 27.6932847, 27.6396438, 27.6492148, 27.7204847, 27.7286916, 27.8114924, 27.8480745)), list(c(-13.5003933, -13.5477528, -13.5029995, -13.4729884, -13.5003933, 29.4287001, 29.3955144, 29.3744517, 29.4035706, 29.4287001)))"
EL42,5311,86.1,62.1,48.5,57.7,NA,19.8,20.1,20.2,20.5,25.3,60.9,53.9,66.6,67.6,67.5,70.2,79.3,51.7,48.7,52,8.4,326433,276020,49.59241253182123,0.243235212126225,10.354345302098746,61.463566183392956,20.688165718539487,23.24152276271088,30.03280918289511,20.70317645581176,5.315026360692699,EL,4,Notio Aigaio,EL42,0.0061268315397034,0.33697573468368697,6.2861291597356885,0.015317078849258502,0.015317078849258502,0.0520780680874789,0.0030634157698517,0,0.0061268315397034,0.0122536630794068,0,0.0061268315397034,0.0214439103889619,0.0336975734683687,0.0030634157698517,0.2266927669690258,0.0275707419286653,0,0.0061268315397034,0,0,0,"list(list(c(28.0695486, 28.098795, 28.1374292, 28.1516385, 28.2039702, 28.2445887, 28.2276078, 28.2371319, 28.2191927, 28.1944409, 28.1124837, 28.0546534, 27.9598632, 27.8787602, 27.8594117, 27.8064244, 27.7654199, 27.6975929, 27.7131578, 27.7591558, 27.7558783, 27.7207118, 27.7720776, 27.7967609, 27.8629136, 27.9554538, 28.0226973, 28.0711122, 28.0983183, 28.0695486, 36.1062765, 36.1761735, 36.1874754, 36.2316631, 36.3393632, 36.3862751, 36.4031099, 36.4424183, 36.4559321, 36.4256704, 36.4166825, 
36.3978011, 36.3527848, 36.3217882, 36.2955001, 36.2694622, 36.1876127, 36.1532228, 36.113358, 36.0956941, 36.014523, 35.9414508, 35.8889133, 35.8908483, 35.9292076, 36.0463861, 36.0766947, 36.0612193, 36.1039224, 36.1062765)), list(c(24.9456769, 24.8389176, 24.823793, 24.7987473, 24.7710648, 24.7211256, 24.7022571, 24.6917378, 24.9483652, 24.987949, 24.9456769, 37.8896558, 37.9188097, 37.9567417, 37.9740145, 37.9931058, 37.9740145, 37.9668012, 37.9188097, 37.7002411, 37.7603446, 37.8896558)), list(
    c(25.5960914, 25.5393477, 25.5167724, 25.481715, 25.3597401, 25.4115816, 25.4515511, 25.543627, 25.5960914, 37.102762, 37.1617041, 37.1851539, 37.1617041, 37.0801156, 36.9650601, 36.9257443, 36.9650601, 37.102762)), list(c(27.2411766, 27.2089125, 27.2183405, 27.202654, 27.1513063, 27.1625364, 27.2169097, 27.209808, 27.230438, 27.2378202, 27.2232774, 27.1865168, 27.2174695, 27.1648857, 27.1625155, 27.1174661, 27.1194292, 27.0626049, 27.0750536, 27.1110883, 27.118615, 27.0804431, 27.1126485, 27.1525554, 
27.1721345, 27.2411766, 35.4941728, 35.5086139, 35.5438783, 35.5725604, 35.6128434, 35.6565426, 35.7294102, 35.7633688, 35.7993404, 35.8830781, 35.8909309, 35.8618971, 35.8242752, 35.8011339, 35.7279771, 35.6672646, 35.6444875, 35.598042, 35.5710121, 35.5470349, 35.4832792, 35.4446649, 35.423799, 35.4200777, 35.4578618, 35.4941728)), list(c(27.3271137, 27.2642366, 27.1335503, 27.0250313, 26.9283952, 26.9272622, 26.9634498, 27.0250313, 27.1009766, 27.3271258, 27.3271137, 36.8789741, 36.9068037, 36.8744916, 
36.8069847, 36.754735, 36.7099193, 36.6918348, 36.7655108, 36.7620254, 36.8625183, 36.8789741)), list(c(25.2657993, 25.2555423, 25.2193394, 25.166364, 25.1318145, 25.0972706, 25.1186887, 25.1799791, 25.2361658, 25.2749721, 25.2558738, 25.2922979, 25.2657993, 37.1585059, 37.1283957, 37.1401674, 37.1256713, 37.0947143, 37.0385798, 36.9950943, 36.9763152, 36.9992381, 37.063203, 37.0803294, 37.1413795, 37.1585059)), list(c(25.2542308, 25.206936, 25.0796383, 25.0504062, 25.0020571, 24.9790424, 25.0607178, 
25.1892761, 25.2347589, 25.2542308, 37.6102295, 37.6340805, 37.6433518, 37.6773299, 37.6779609, 37.6593042, 37.5934318, 37.5232725, 37.5363648, 37.6102295)), list(c(24.5850784, 24.5987474, 24.5570243, 24.5207805, 24.5301179, 24.4767333, 24.4239711, 24.4076705, 24.430294, 24.4692129, 24.4483589, 24.3931899, 24.397625, 24.3445635, 24.322116, 24.3427642, 24.4726691, 24.5322036, 24.5449714, 24.5297835, 24.5517058, 24.5850784, 36.7897653, 36.8249078, 36.8412178, 36.8189864, 36.7761168, 36.7431354, 36.7604327, 
36.7502417, 36.7242354, 36.7071672, 36.6910588, 36.7131841, 36.7348403, 36.742247, 36.6630706, 36.6547776, 36.6611167, 36.6790826, 36.7035832, 36.7411345, 36.7758947, 36.7897653)), list(c(24.3267998, 24.3883568, 24.4109238, 24.3477513, 24.2940624, 24.2632799, 24.2789881, 24.2778851, 24.2764521, 24.2940542, 24.3267998, 37.5524405, 37.6070219, 37.655398, 37.68782, 37.6590331, 37.5831557, 37.576672, 37.5524405, 37.5209628, 37.5234056, 37.5524405)), list(c(25.9364462, 25.9765471, 26.0472352, 26.0206053, 
25.9746083, 25.9618848, 25.848853, 25.861412, 25.8269479, 25.7683263, 25.7477901, 25.8016559, 25.8706236, 25.9364462, 36.8531646, 36.8797904, 36.8997667, 36.9366394, 36.929804, 36.8942311, 36.8495603, 36.8298032, 36.8078807, 36.8063196, 36.7818446, 36.7667996, 36.7896948, 36.8531646)), list(c(25.3838007, 25.4025798, 25.3306247, 25.3065999, 25.2730718, 25.2548868, 25.3564387, 25.3866225, 25.3838007, 36.695149, 36.713685, 36.7554876, 36.7920463, 36.7870533, 36.7304763, 36.6456132, 36.6548871, 36.695149
)), list(c(27.0479605, 27.0371106, 26.9300961, 26.9200892, 26.9558357, 27.0196923, 27.0479605, 36.9955856, 37.0096025, 37.0575856, 36.964956, 36.9287691, 36.9472505, 36.9955856)), list(c(24.4833989, 24.4682578, 24.4279571, 24.431322, 24.4007141, 24.3664926, 24.3930357, 24.3855749, 24.3687502, 24.3958849, 24.4283438, 24.4833989, 37.4008639, 37.4251209, 37.4432246, 37.4673425, 37.4617076, 37.420799, 37.4124138, 37.357691, 37.323223, 37.3091167, 37.3354812, 37.4008639)), list(c(24.9736262, 24.9372178, 
24.9444254, 24.8965022, 24.8983633, 24.8664195, 24.8559107, 24.8794357, 24.8790791, 24.9478464, 24.972244, 24.9736262, 37.4303724, 37.432941, 37.487339, 37.4995873, 37.4479185, 37.4291429, 37.3963141, 37.3963249, 37.3650639, 37.3836477, 37.4011597, 37.4303724)), list(c(25.4247161, 25.4574707, 25.4600133, 25.3554904, 25.3095394, 25.3264575, 25.3330766, 25.4003096, 25.4247161, 37.4414099, 37.4452364, 37.4735042, 37.4969715, 37.4828691, 37.4632719, 37.4116134, 37.4153361, 37.4414099)), list(c(24.7657681, 
24.7519385, 24.6980012, 24.662446, 24.651791, 24.6724693, 24.6998631, 24.7276461, 24.7657681, 36.9492532, 36.9650601, 37.0267092, 37.0332342, 37.0131681, 36.9650601, 36.9013288, 36.910356, 36.9492532)), list(c(24.5330512, 24.5335835, 24.511213, 24.4447789, 24.4318619, 24.4237871, 24.5056325, 24.5324824, 24.5330512, 37.1617041, 37.1936058, 37.2070907, 37.1926997, 37.1617041, 37.1423275, 37.1098437, 37.1276143, 37.1617041)), list(c(26.8533764, 26.8495767, 26.8211576, 26.7659227, 26.7844389, 26.819679, 
26.8148772, 26.8521734, 26.8869782, 26.8533764, 37.1617041, 37.1867921, 37.2007508, 37.191195, 37.1617041, 37.1463048, 37.1185477, 37.096667, 37.1015748, 37.1617041)), list(c(25.4872984, 25.437351, 25.4143293, 25.4331058, 25.4099676, 25.4406031, 25.4861593, 25.4872984, 36.4050292, 36.4539984, 36.4308165, 36.3932926, 36.3553242, 36.3320322, 36.3604927, 36.4050292)), list(c(27.3007754, 27.293719, 27.3199947, 27.3578453, 27.3944057, 27.4259725, 27.3591316, 27.3007754, 36.4596702, 36.4334163, 36.4137611, 
36.4267229, 36.3766096, 36.3890626, 36.4801661, 36.4596702)), list(c(26.9767293, 26.9004877, 26.8480606, 26.8817492, 26.9728331, 26.9767293, 35.4287894, 35.4176431, 35.3586964, 35.3429334, 35.3936893, 35.4287894)), list(c(26.2917458, 26.2693623, 26.2930735, 26.3552863, 26.3677103, 26.2917458, 36.5978688, 36.5831898, 36.5218036, 36.5164537, 36.5668544, 36.5978688)), list(c(27.8241798, 27.7895293, 27.7953924, 27.8311009, 27.8618685, 27.8692201, 27.8241798, 36.6438493, 36.6163441, 36.5660939, 36.5660939, 
36.5464453, 36.6014552, 36.6438493)), list(c(25.1756236, 25.1414943, 25.0904908, 25.0654495, 25.1320736, 25.1756236, 36.7018231, 36.7193783, 36.6933467, 36.6489798, 36.6573116, 36.7018231)), list(c(25.3674308, 25.33765, 25.320091, 25.3481664, 25.3740292, 25.4050668, 25.43047, 25.3674308, 36.4867797, 36.4650301, 36.4201735, 36.4161055, 36.4563264, 36.4469613, 36.4778299, 36.4867797)), list(c(25.8260877, 25.7657241, 25.7260541, 25.7798437, 25.8267498, 25.8260877, 36.3713739, 36.4049119, 36.3658461, 
36.3423745, 36.3550831, 36.3713739)), list(c(26.5696282, 26.5916213, 26.5728014, 26.5391649, 26.5299327, 26.546139, 26.5755039, 26.5696282, 37.3226179, 37.3582513, 37.3726822, 37.3506304, 37.2943195, 37.2785652, 37.2785652, 37.3226179)), list(c(27.17679, 27.1308884, 27.1324599, 27.1912718, 27.2083697, 27.17679, 36.6199242, 36.6074709, 36.5659227, 36.558552, 36.5862266, 36.6199242)), list(c(25.0805319, 25.054919, 25.0197789, 25.0175293, 25.0574167, 25.0734374, 25.0805319, 37.0377048, 37.0388253, 37.007796, 
36.9727702, 36.9647269, 36.984275, 37.0377048)), list(c(26.7217373, 26.7086356, 26.7162792, 26.7928049, 26.7898771, 26.7217373, 37.3290425, 37.3200151, 37.2970029, 37.2770361, 37.3019388, 37.3290425)), list(c(26.447054, 26.39174, 26.3895941, 26.4036557, 26.447054, 36.600416, 36.6363864, 36.5663963, 36.5663963, 36.600416)), list(c(24.8546782, 24.8214289, 24.8614489, 24.8932166, 24.8546782, 36.679924, 36.6643925, 36.6183316, 36.6471808, 36.679924)), list(c(29.586384, 29.5639495, 29.5539364, 29.5846917, 
29.6085308, 29.586384, 36.1708132, 36.1680317, 36.1305341, 36.1113615, 36.1419978, 36.1708132)), list(c(24.2338419, 24.2062044, 24.2450359, 24.2685365, 24.2338419, 36.818048, 36.7988495, 36.7529118, 36.7965959, 36.818048)), list(c(24.1463229, 24.1076909, 24.1331217, 24.1619962, 24.1463229, 37.7715798, 37.6943836, 37.6847866, 37.7457798, 37.7715798)), list(c(25.8078613, 25.7808224, 25.8330171, 25.8461937, 25.8078613, 37.1309776, 37.1045801, 37.0791491, 37.1302897, 37.1309776)), list(c(27.55409, 27.563168, 
27.6310514, 27.6122051, 27.55409, 36.2262972, 36.2155137, 36.2125606, 36.2591881, 36.2262972)), list(c(26.6893982, 26.6396853, 26.6688181, 26.7030515, 26.6893982, 36.370695, 36.3583392, 36.3143312, 36.3358273, 36.370695)), list(c(25.4755089, 25.4268807, 25.4321614, 25.4830626, 25.4755089, 36.8760705, 36.8463355, 36.8180137, 36.8285004, 36.8760705)), list(c(26.723063, 26.7052258, 26.7523503, 26.7771946, 26.723063, 37.4086531, 37.375074, 37.3513409, 37.3720064, 37.4086531)), list(c(27.1798378, 27.1282321, 
27.1115148, 27.13098, 27.1573718, 27.1798378, 36.9536585, 36.963569, 36.9485034, 36.9178299, 36.9188518, 36.9536585)), list(c(24.5934456, 24.6087144, 24.6582871, 24.6399798, 24.5934456, 36.7833013, 36.7490665, 36.7489629, 36.7947355, 36.7833013)), list(c(25.2210908, 25.201414, 25.2018573, 25.2386086, 25.2503186, 25.2210908, 37.4553131, 37.4176204, 37.3973697, 37.3898334, 37.4228552, 37.4553131)), list(c(26.9773231, 26.9259401, 26.9451583, 26.9801949, 27.0044692, 26.9773231, 37.4890219, 37.4747417, 
37.4527759, 37.4459425, 37.4794701, 37.4890219)), list(c(24.7047131, 24.6848572, 24.7473245, 24.7474321, 24.7047131, 37.6336515, 37.6065986, 37.5893213, 37.636189, 37.6336515)), list(c(25.645643, 25.6190649, 25.6291337, 25.6696733, 25.6805289, 25.645643, 36.9164549, 36.8932563, 36.870469, 36.8701554, 36.9044283, 36.9164549)), list(c(24.8907491, 24.9115591, 24.9549475, 24.9583252, 24.8907491, 36.6275092, 36.5918913, 36.5854623, 36.6241115, 36.6275092)), list(c(25.5253105, 25.4996518, 25.495497, 25.5023748, 
25.5367573, 25.54416, 25.5253105, 36.9091632, 36.8993573, 36.8784589, 36.8563998, 36.8483977, 36.8678814, 36.9091632)))"
NL11,2405,59.6,37.5,38.7,34,29.5,55.6,43.9,55.6,20.4,71.8,79.4,70.6,80.4,83.5,81.2,85.6,83.8,72.9,63.6,62.1,10,596075,514982,50.077926435431785,0.46051251939772675,23.997651302269013,247.84823284823284,19.47573711361825,28.565700624921362,24.664849221993876,22.417816549930798,4.858616784800571,NL,4,Groningen,NL11,0.02180933607348069,0.30868598750157283,0.48819359979868304,0.0016776412364215912,0.0016776412364215912,0.008388206182107956,0.0016776412364215912,0.0570398020383341,0.0016776412364215912,0.06039508451117728,0.03187518349201023,0,0.008388206182107956,0,0,0.01509877112779432,0,0,0,0,0,0,"list(list(c(6.8602311, 6.7622619, 6.3136228, 6.1913015, 6.1971297, 6.2822498, 6.176817, 6.2015013, 6.315237, 6.4119821, 6.4962954, 6.6337991, 6.7303283, 6.81381, 6.935702, 6.9900535, 7.034512, 7.0272691, 7.092692, 7.2010832, 7.2027945, 7.208935, 7.0927125, 7.0783991, 6.9930242, 6.9183583, 6.874905, 6.8602311, 53.4467216, 53.4647483, 53.4012824, 53.410938, 53.3675638, 53.3123963, 53.1594505, 53.121508, 53.0940515, 53.1765451, 53.200083, 53.1161775, 53.1172694, 53.0710485, 52.9933625, 52.9467757, 52.915559, 
52.8765967, 52.838201, 52.9855021, 53.1132815, 53.2430645, 53.2570175, 53.2987507, 53.3123963, 53.3452939, 53.408013, 53.4467216)))"
NL12,3997,64.8,44.8,44.2,44,19.7,45.4,37.4,48.3,16.2,79.4,82.7,71.5,83.6,86.5,83.5,89,86.6,74.7,63.6,61,9.4,659551,559114,49.83117302528539,0.18770345280349815,12.437400595253438,165.01150863147362,21.267650265104592,22.779436313492056,26.190848016302,24.207074206543542,5.539374513873832,NL,4,Friesland (NL),NL12,0.007580914895133205,0.3820781107147135,0.6504424980024289,0.024258927664426253,0.0030323659580532816,0.007580914895133205,0.0015161829790266408,0.08642242980451853,0.004548548937079923,0.08793861278354516,0.012129463832213127,0.010613280853186486,0.01516182979026641,0,0,0.06216350214009228,0,0,0.0030323659580532816,0,0,0,"list(list(c(6.315237, 6.2015013, 6.176817, 6.2822498, 6.1971297, 6.1913015, 5.8948642, 5.6324827, 5.6011252, 5.44223, 5.4112285, 5.3527418, 5.1643835, 5.2363311, 5.3178891, 5.337842, 5.3772615, 5.640359, 5.6642552, 5.7329972, 5.7864387, 5.8056424, 5.832435, 6.0351834, 6.119814, 6.258398, 6.369053, 6.4165686, 6.315237, 53.0940515, 53.121508, 53.1594505, 53.3123963, 53.3675638, 53.410938, 53.3861284, 53.3123963, 53.3035845, 53.2104476, 53.1517245, 53.0871117, 53.0009105, 52.8811102, 52.8116882, 52.7959555, 
52.764805, 52.8116882, 52.8301683, 52.841531, 52.8116882, 52.8116882, 52.8116882, 52.8231265, 52.854267, 52.9222316, 52.9219735, 52.9762461, 53.0940515)), list(c(5.4422148, 5.5170306, 5.4945053, 5.3908598, 5.1961882, 5.1492212, 5.1692563, 5.2582395, 5.2918947, 5.3842232, 5.4422148, 53.4040091, 53.4289067, 53.4453263, 53.4251963, 53.3954214, 53.3562672, 53.3478902, 53.371764, 53.3695425, 53.4011599, 53.4040091)), list(c(5.6068936, 5.6429022, 5.72678, 5.809914, 5.8683711, 5.9687798, 5.9699695, 5.8664142, 
5.7518446, 5.6429022, 5.6068936, 53.447997, 53.4238834, 53.4417541, 53.4372768, 53.4465512, 53.4542511, 53.467933, 53.4654047, 53.4611231, 53.4709045, 53.447997)), list(c(6.3952982, 6.3839957, 6.2716571, 6.1473985, 6.1309568, 6.1405071, 6.2622018, 6.3952982, 53.511953, 53.5190914, 53.510181, 53.5026741, 53.480402, 53.4722305, 53.4759402, 53.511953)), list(c(4.9725119, 4.8905435, 4.8848281, 4.9219099, 4.9840887, 4.9725119, 53.2713519, 53.2382888, 53.2287898, 53.2153885, 53.2541231, 53.2713519)), list(
    c(5.054582, 4.9885708, 5.0014732, 5.0771636, 5.054582, 53.3137315, 53.2817695, 53.2642993, 53.2882559, 53.3137315)), list(c(4.8641022, 4.8323751, 4.8769744, 4.8864811, 4.8641022, 53.2396029, 53.2046472, 53.1969841, 53.2261178, 53.2396029)))"
EL64,15560,69.8,60.7,55.2,62.9,10.9,26.2,20,24.2,22.8,16.7,63.2,54.3,69.8,70.2,71.5,79.5,78.2,57.9,45.9,49.4,3.8,504332,439151,49.87250461997256,0.20323913612461633,7.836306242713133,32.412082262210795,17.600707470475797,19.65134078345217,29.620765686095666,24.6672826630077,8.42123839058398,EL,4,Sterea Elláda,EL64,0.011896925041440956,0.35095928872250814,2.2247249827494584,0.015862566721921274,0.011896925041440956,0.053536162686484305,0.0019828208402401593,0.009914104201200796,0.005948462520720478,0.007931283360960637,0,0,0.007931283360960637,0.009914104201200796,0.013879745881681114,0.035690775124322865,0.0019828208402401593,0.0019828208402401593,0,0,0,0,"list(list(c(22.6689636, 22.5181352, 22.4960755, 22.5048995, 22.4061266, 22.2559184, 22.1523043, 22.0654351, 22.046038, 21.9648032, 21.93851, 21.8433662, 21.7431069, 21.6683913, 21.5716832, 21.4924329, 21.396378, 21.419477, 21.4008909, 21.4894466, 21.5247041, 21.6127789, 21.5651214, 21.5872302, 21.7867895, 21.9173202, 21.946002, 21.9994255, 21.9940183, 21.8921936, 21.8517321, 21.9496368, 22.0715864, 22.1797758, 22.2375468, 22.3661642, 22.4142526, 22.505105, 22.5587352, 22.5885319, 22.608279, 22.6631843, 
22.7035649, 22.774327, 22.7935257, 22.9202848, 23.0161599, 23.1359294, 23.2733162, 23.3081343, 23.3553161, 23.3864793, 23.3864751, 23.4476746, 23.5283568, 23.6139339, 23.6344945, 23.643175, 23.6745294, 23.690418, 23.6745294, 23.6555732, 23.6362542, 23.6589774, 23.6745294, 24.0267901, 24.1089098, 24.1452495, 24.1762552, 24.2131496, 24.2934421, 24.3438397, 24.3567498, 24.4048473, 24.4436476, 24.4748254, 24.5008071, 24.5274398, 24.5586381, 24.5618448, 24.3563803, 24.2670469, 24.1969008, 24.2033367, 
24.0982773, 23.8624591, 23.6745294, 23.5669312, 23.4724596, 23.402941, 23.2999618, 23.1308394, 22.8924754, 22.9203193, 23.0267993, 23.2000999, 23.5739969, 23.6105812, 23.5726719, 23.328289, 23.3580019, 23.3183654, 23.3192408, 23.2008597, 23.1022423, 23.0347793, 22.774327, 22.5757326, 22.6141471, 22.774327, 22.9725587, 23.0170195, 22.9221837, 22.774327, 22.7035649, 22.6689636, 39.0468979, 39.0472567, 39.0700721, 39.1305235, 39.2078072, 39.2724895, 39.1222547, 39.0951845, 39.0515744, 39.0322384, 39.0650815, 
39.1433342, 39.1150951, 39.2509916, 39.2373802, 39.2262259, 39.1647415, 39.0987672, 39.0160405, 38.9656048, 38.8970421, 38.865126, 38.8087598, 38.7421653, 38.6945921, 38.7414888, 38.784002, 38.76861, 38.5195964, 38.4645046, 38.3745351, 38.400715, 38.3861826, 38.3306763, 38.3530099, 38.3437209, 38.4389525, 38.3758422, 38.2894562, 38.2976891, 38.3586565, 38.366235, 38.3191369, 38.2811051, 38.2408447, 38.1925428, 38.2053005, 38.1697747, 38.189238, 38.2453122, 38.2633843, 38.2587084, 38.2178562, 38.204687, 
38.1368803, 38.1672345, 38.211341, 38.279732, 38.3199283, 38.3402975, 38.3456575, 38.3520523, 38.3871252, 38.4053943, 38.4050136, 38.3963909, 38.2666913, 38.2699823, 38.2197456, 38.0914165, 38.072084, 37.9967268, 37.9774229, 37.9967268, 37.9967268, 37.9740145, 37.9550874, 37.9740145, 38.0118914, 38.1365032, 38.1660395, 38.2229146, 38.3923674, 38.5261509, 38.6592635, 38.6799024, 38.7479404, 38.7868953, 38.848076, 38.9576757, 39.0251899, 38.997603, 38.8704818, 38.8433487, 38.8674945, 38.8244275, 38.5762361, 
38.5271545, 38.4856082, 38.5012205, 38.5262114, 38.5698225, 38.6300944, 38.670131, 38.6499755, 38.7463296, 38.7886869, 38.8668557, 38.8940932, 38.8809101, 38.9494774, 39.0031658, 38.9739608, 39.0165492, 39.0369315, 39.0468979)), list(c(24.6576233, 24.5732855, 24.5770552, 24.489651, 24.4493575, 24.4656634, 24.4448177, 24.4826511, 24.5672482, 24.566417, 24.5399516, 24.5594664, 24.5871325, 24.6092419, 24.6824348, 24.6863832, 24.6576233, 38.829909, 38.8712615, 38.9273582, 38.9774577, 38.9484571, 38.9164006, 
38.887625, 38.8553334, 38.8334111, 38.8077202, 38.7924002, 38.773311, 38.7885846, 38.7699125, 38.7725772, 38.7918816, 38.829909)), list(c(24.2520076, 24.2268635, 24.2797722, 24.2751624, 24.2520076, 38.0353951, 37.9845336, 37.9780554, 38.0310229, 38.0353951)))"
EL65,15509,77,46.6,46.3,40.7,14.8,45.5,26.2,48.6,35.7,19.8,65.5,56.9,70.5,70.7,71.5,74.4,78.5,62.5,47.9,50.3,7.4,533872,466585,49.84902748224294,0.04177031198489525,7.146844187370755,34.42336707718099,17.292721850930562,19.40127970749543,29.4284023136632,25.137673449815686,8.690472622651122,EL,4,Peloponnisos,EL65,0.016857973446818712,0.5094854197260766,3.1973956304132827,0.06368567746575958,0.009365540803788175,0.0430814876974256,0.001873108160757635,0.01498486528606108,0.00749243264303054,0.011238648964545808,0.001873108160757635,0.00374621632151527,0.00374621632151527,0.016857973446818712,0,0.08428986723409357,0.001873108160757635,0,0,0,0,0.001873108160757635,"list(list(c(22.3729725, 22.3585876, 22.3165848, 22.2535781, 22.2467719, 22.232545, 22.264305, 22.0398041, 21.926921, 21.8897415, 21.7996851, 21.7974392, 21.8803389, 21.9320079, 21.9820897, 21.9655925, 21.9016611, 21.8769869, 21.680233, 21.6845793, 21.5827081, 21.5806096, 21.5747574, 21.6743655, 21.6908288, 21.6992524, 21.7615881, 21.9065603, 21.9458249, 21.9278448, 21.9454983, 21.9573338, 22.0423448, 22.1147921, 22.1320206, 22.144465, 22.2463013, 22.3565365, 22.37306, 22.475749, 22.4969697, 22.4856827, 
22.5693498, 22.7035649, 22.774327, 22.8158673, 22.9635972, 23.1027659, 23.1630059, 23.0461137, 23.0757322, 23.0139389, 22.9808025, 22.9103075, 22.7715997, 22.7522379, 22.9375625, 23.0676722, 23.0903468, 23.1522192, 23.2825957, 23.4244195, 23.4408877, 23.32975, 23.1797523, 23.1860919, 23.2003785, 23.1648245, 23.1630656, 23.1200315, 23.1589913, 23.0246735, 23.0139419, 23.1796995, 23.1521444, 23.1242357, 23.117532, 22.9130227, 22.8960548, 22.9493447, 22.867365, 22.633543, 22.3729725, 38.1422235, 38.0264689, 
37.9967268, 37.9521118, 37.9188097, 37.8811715, 37.839156, 37.7878762, 37.8222309, 37.8658945, 37.7940132, 37.6052734, 37.5932731, 37.5524405, 37.5128623, 37.4834485, 37.4568678, 37.3996857, 37.377434, 37.3022277, 37.1813633, 37.1617041, 37.1068788, 36.9650601, 36.9416203, 36.7580454, 36.8052686, 36.7479912, 36.7932261, 36.8767131, 36.9650601, 36.9830293, 37.0186142, 37.0143613, 36.9650601, 36.9208345, 36.8631802, 36.686724, 36.4946114, 36.4161126, 36.4619795, 36.5776035, 36.7556533, 36.8036041, 
36.7833737, 36.6910048, 36.5108125, 36.4501084, 36.4513535, 36.6450909, 36.8105723, 36.9650601, 37.0479035, 37.1617041, 37.3894608, 37.5558785, 37.5176202, 37.4581746, 37.3635523, 37.3150589, 37.3930486, 37.411701, 37.4578596, 37.4700028, 37.5328218, 37.5524405, 37.596653, 37.6276015, 37.7126302, 37.729985, 37.8040928, 37.8561, 37.9020822, 37.95159, 37.9740145, 37.9967268, 38.060646, 38.0548371, 38.0239314, 37.9670102, 37.9455105, 38.0745168, 38.1422235)), list(c(21.7610045, 21.7283349, 21.7545132, 
21.7787455, 21.7844331, 21.7610045, 36.7659721, 36.7649428, 36.7112234, 36.7109731, 36.7454579, 36.7659721)))"
ES11,29571,53.2,25.6,23.1,23.5,30.6,53.2,41.4,53.7,25.5,19.8,65.9,56.2,70.6,74.9,73.3,82,78.3,59,47.4,50.4,3,2699424,2396159,51.87625211897057,0.13247270528823926,0.6033879820287587,91.28619255351526,15.538611200018966,19.319862311367167,31.705393446898302,24.662187192527,8.722934966867006,ES,4,Galicia,ES11,0.01296572898514646,0.3882309707552426,1.3325064902734804,0.03741538935713693,0.0281541543677466,0.012224830185995234,0.005556740993634198,0.060383252130824946,0.03222909776307835,0.11891425726377183,0.017040672380478204,0.10335538248159608,0.002222696397453679,0.012224830185995234,0.005927190393209811,0.04111988335289306,0.00814988679066349,0.021115615775809952,0,0,0,0,"list(list(c(-7.917087, -8.0281169, -8.2045765, -8.2738027, -8.3047641, -8.2259978, -8.2251924, -8.3110806, -8.3682642, -8.4435872, -8.6801367, -8.8608834, -8.9721856, -8.9679222, -9.1729046, -9.1830608, -9.1893458, -9.2645714, -9.2830976, -9.1499829, -9.1298953, -9.1096841, -9.098206, -8.9539058, -9.0614858, -9.0342527, -8.7267495, -8.8396103, -8.8877886, -8.8362517, -8.7536858, -8.82427, -8.7377266, -8.8746116, -8.863186, -8.6255711, -8.3540405, -8.1990005, -8.1794846, -8.1130852, -8.089049, -8.2074005, 
-8.1650755, -8.0518625, -7.898435, -7.879459, -7.7071471, -7.6157201, -7.5991673, -7.46925, -7.4181584, -7.2004645, -7.1613635, -7.047392, -6.9858005, -6.9698176, -7.0197743, -6.9292965, -6.784308, -6.7366344, -6.8242306, -6.8228005, -6.8374622, -6.9301408, -7.076834, -7.023177, -6.8758015, -6.8528575, -6.824167, -6.8679071, -6.9743152, -6.8419348, -6.842215, -6.9537564, -7.1717144, -7.1654567, -7.067309, -7.031837, -7.2571432, -7.2774725, -7.3616086, -7.4857694, -7.5468408, -7.5997701, -7.6327396, 
-7.6997365, -7.8603006, -7.8823845, -7.917087, 43.750557, 43.7089909, 43.5949398, 43.5501968, 43.4704938, 43.407526, 43.3483705, 43.3908738, 43.3537899, 43.3671882, 43.2980836, 43.3208705, 43.2785171, 43.2260727, 43.1727484, 43.1320849, 43.1069206, 43.0481121, 42.9457394, 42.9012416, 42.8478975, 42.794225, 42.763744, 42.7746058, 42.6129315, 42.540272, 42.6882515, 42.4958179, 42.4593211, 42.4096856, 42.3920449, 42.2900343, 42.2465047, 42.0876364, 41.8720665, 42.0453916, 42.0840172, 42.154419, 42.078938, 
42.0730203, 42.0392411, 41.9194941, 41.818302, 41.820614, 41.9193541, 41.8604216, 41.90292, 41.8749665, 41.8348579, 41.8627833, 41.8181454, 41.8797495, 41.9807696, 41.9512983, 41.971447, 42.0365868, 42.0751417, 42.1760618, 42.2536085, 42.341726, 42.3927945, 42.4234773, 42.4880095, 42.5161205, 42.508124, 42.6946398, 42.794225, 42.8478975, 42.9150125, 42.9760461, 43.0236609, 43.1320849, 43.1601043, 43.1454378, 43.396297, 43.4227085, 43.4704938, 43.5444715, 43.5772221, 43.5949398, 43.6682675, 43.7222948, 
43.7245032, 43.684384, 43.737595, 43.735115, 43.6904674, 43.7408745, 43.750557)))"
ES12,10601,54.2,29.4,25.8,27.8,28.7,55.2,43.6,55.1,25,18.7,61.6,51.2,65.9,70.1,68.1,77.5,74.6,52.9,43.6,46.2,3.1,1006060,902872,52.31507067172932,0.3877502335844781,1.6883684869689681,94.90236770116027,14.362960459614735,17.844860147506115,32.1883386676739,27.265073653658828,8.291056199431445,ES,4,Principado de Asturias,ES12,0.03280122457905095,0.43834363755640815,0.8826511341271892,0.024849412559887082,0.035783154086237404,0.02286145955509612,0.01987953004790967,0.0536747311293561,0.010933741526350318,0.042740989603005784,0.008945788521559351,0.08349402620122061,0.017891577043118702,0.0059638590143729,0,0.035783154086237404,0.00298192950718645,0.008945788521559351,0,0,9.939765023954832e-4,0,"list(list(c(-5.1475942, -5.2098641, -5.3219215, -5.6681401, -5.7500497, -5.8450361, -5.9365723, -5.9529437, -6.1130927, -6.2414074, -6.3694909, -6.9266256, -7.031837, -7.067309, -7.1654567, -7.1717144, -6.9537564, -6.842215, -6.8419348, -6.9743152, -6.8679071, -6.824167, -6.7878084, -6.760326, -6.6918752, -6.4564489, -6.3666496, -6.2398382, -6.1976405, -6.1169945, -6.0738751, -5.986733, -5.8191832, -5.7715434, -5.7004535, -5.5215498, -5.3681304, -5.3219215, -5.1103316, -5.0962232, -5.0695883, -4.9140936, 
-4.8410385, -4.7421358, -4.6942436, -4.5291154, -4.512301, -5.1475942, 43.4704938, 43.4780696, 43.5348038, 43.5489237, 43.5949398, 43.6483023, 43.5949398, 43.5853958, 43.5582809, 43.5854996, 43.552055, 43.5721466, 43.5444715, 43.4704938, 43.4227085, 43.396297, 43.1454378, 43.1601043, 43.1320849, 43.0236609, 42.9760461, 42.9150125, 42.9012416, 42.8908326, 42.9012416, 42.9370418, 43.0509364, 43.0188229, 43.0445957, 43.0282959, 43.0679069, 43.0590462, 42.9672017, 42.9761259, 43.0502381, 43.0205189, 
43.0872281, 43.0795334, 43.1093887, 43.1320849, 43.1749327, 43.2317075, 43.1807095, 43.1947339, 43.2637667, 43.2890828, 43.393204, 43.4704938)))"
ES13,5326,54,22.2,24.2,22.7,33.9,63.2,49.4,64.6,22,20,66.4,56.7,71.7,75.1,74.6,84.1,80.8,58.9,49.6,53.2,3.3,588387,516573,51.53988786292015,0.7025987997695395,3.280324004439255,110.47446488922269,17.13481093226057,19.648802573816212,32.3027191287367,24.0001903509085,6.869288410518927,ES,4,Cantabria,ES13,0.011896931781293606,0.4282895441265697,0.8820725134987687,0.022094301879545267,0.020394740196503322,0.013596493464335547,0.015296055147377493,0.04928728880821636,0.010197370098251661,0.07138159068776163,0.0067982467321677734,0.090076769201223,0.010197370098251661,0.013596493464335547,0,0.09177633088426494,0.0016995616830419434,0.0050986850491258305,0,0,0,0,"list(list(c(-3.7812432, -3.8356233, -4.190437, -4.512301, -4.5291154, -4.6942436, -4.7421358, -4.8410385, -4.8391926, -4.8385097, -4.754713, -4.737023, -4.4155511, -4.2677291, -4.2130271, -4.1527018, -4.1514878, -4.0873875, -4.0840791, -4.081359, -4.04593, -4.0311269, -4.0304235, -4.0179452, -4.0176985, -4.0074214, -4.001395, -3.9967849, -3.9970944, -3.99967, -3.8983744, -3.8387037, -3.8513132, -3.8686613, -3.8468113, -3.8548745, -3.9407806, -3.9814961, -3.9471732, -3.832487, -3.7449501, -3.6985114, 
-3.6516645, -3.4176815, -3.4352334, -3.3225918, -3.1840657, -3.169745, -3.153338, -3.2590407, -3.4077589, -3.5782225, -3.7812432, 43.4363123, 43.4773593, 43.4035736, 43.393204, 43.2890828, 43.2637667, 43.1947339, 43.1807095, 43.1320849, 43.1140952, 43.0628337, 43.0209235, 43.0327335, 42.9556525, 42.874771, 42.8478975, 42.8023053, 42.8341264, 42.794225, 42.7614175, 42.766567, 42.794225, 42.8004439, 42.8087222, 42.8218812, 42.8297862, 42.8250087, 42.797264, 42.794225, 42.7689325, 42.794225, 42.8091241, 
42.8478975, 42.9012416, 42.9184622, 42.9396842, 42.9125218, 42.9342944, 42.9975283, 43.0712687, 43.0938408, 43.1320849, 43.1706652, 43.1333695, 43.2363658, 43.2956151, 43.2932187, 43.3211833, 43.353222, 43.3979752, 43.4206378, 43.5020396, 43.4363123)), list(c(-3.3050977, -3.2969938, -3.2662866, -3.2488218, -3.3050977, 43.2524694, 43.2066594, 43.2056224, 43.2599591, 43.2524694)))"
ES21,7229,47.7,20.1,22.2,19.4,39.9,67.6,55.7,64.8,15.5,23.8,69.9,59.6,75.3,82.8,78.4,83.9,83.9,64.8,51.8,55.4,2.5,2216302,1931194,51.382798914588356,0.4502094028701865,1.9221658420197245,306.58486650989073,17.825188083573448,20.273275032012787,31.290140062139546,23.440532923762195,7.133008046737313,ES,4,País Vasco,ES21,0.02301130441609492,0.3370479293886844,0.7747139153418622,0.021206496226597277,0.023462506463469326,0.01940168803709964,0.006316828663241742,0.04963222521118512,0.010377647089611435,0.035644961742578404,0.03429135560045517,0.05594905387442686,0.005865626615867332,9.024040947488203e-4,4.5120204737441016e-4,0.02301130441609492,0.0013536061421232305,0.007219232757990563,0,0,0,0,"list(list(c(-2.9435293, -3.0246046, -3.0273876, -3.153338, -3.169745, -3.1840657, -3.3225918, -3.4352334, -3.4176815, -3.2639945, -3.169745, -3.141396, -3.1636987, -3.1486031, -3.0890235, -3.0369895, -3.003851, -3.0302648, -3.169745, -3.2009612, -3.230802, -3.2351717, -3.169745, -3.1356847, -3.1293057, -3.1264608, -2.9445003, -2.8581175, -2.82132, -2.7556505, -2.6982908, -2.686849, -2.6499652, -2.420719, -2.4084957, -2.458517, -2.4675872, -2.4222976, -2.3111777, -2.3071363, -2.2730549, -2.2448674, 
-2.250807, -2.0741755, -2.0126581, -1.9152987, -1.9020533, -1.8312438, -1.728903, -1.785978, -1.8312438, -2.0337727, -2.1657022, -2.412847, -2.7609946, -2.9435293, 43.4286558, 43.3759558, 43.3325392, 43.353222, 43.3211833, 43.2932187, 43.2956151, 43.2363658, 43.1333695, 43.1915159, 43.168428, 43.1614835, 43.1320849, 43.033532, 43.001583, 42.9821855, 42.9398321, 42.9135042, 42.93307, 42.9374489, 42.920099, 42.8623599, 42.8528488, 42.8478975, 42.794225, 42.7702876, 42.7104301, 42.6381685, 42.5650017, 
42.614366, 42.5985251, 42.5254591, 42.4925469, 42.4892695, 42.5774042, 42.5825482, 42.6078763, 42.6483687, 42.6626392, 42.7293296, 42.794225, 42.8478975, 42.895691, 42.9780153, 43.0629177, 43.1320849, 43.2039332, 43.2416201, 43.296089, 43.350479, 43.3757009, 43.3253246, 43.2925089, 43.321083, 43.447558, 43.4286558), c(-2.7838222, -2.8243544, -2.855136, -2.8350234, -2.7695113, -2.7316103, -2.6434678, -2.6028638, -2.5641635, -2.6071026, -2.5791499, -2.524151, -2.5187971, -2.5502651, -2.5847675, -2.6383002, 
-2.658285, -2.7171818, -2.7673279, -2.7838222, 42.6990071, 42.7089358, 42.7419727, 42.794225, 42.794225, 42.7933692, 42.765038, 42.770225, 42.7394441, 42.6959877, 42.6705789, 42.6841701, 42.6476671, 42.638846, 42.6515058, 42.6501234, 42.6721074, 42.6628726, 42.6662951, 42.6990071), c(-3.3050977, -3.2488218, -3.2662866, -3.2969938, -3.3050977, 43.2524694, 43.2599591, 43.2056224, 43.2066594, 43.2524694)))"
ES22,10391,59.2,21.9,23.2,22.8,31,55.6,48.3,52.4,17.2,22.9,67.3,58.5,73.2,76,76.6,81.3,83.8,64.1,52.2,56.6,3.2,672155,573459,50.521085166367875,0.9448713466387961,3.7948092329894143,64.68626696179386,20.20397081030417,22.10025961273813,30.846010220856797,20.64062604607568,6.169410329462698,ES,4,Comunidad Foral de Navarra,ES22,0.005951008323972893,0.31689119325155657,1.4818010726692505,0.01785302497191868,0.0193407770529119,0.01785302497191868,0.00446325624297967,0.031242793700857686,0.01338976872893901,0.0193407770529119,0.016365272890925455,0.06992434780668148,0.007438760404966116,0.005951008323972893,0,0.005951008323972893,0.0014877520809932232,0.00446325624297967,0,0,0,0,"list(list(c(-1.728903, -1.8312438, -1.9020533, -1.9152987, -2.0126581, -2.0741755, -2.250807, -2.2448674, -2.2730549, -2.3071363, -2.3111777, -2.4222976, -2.4675872, -2.458517, -2.4084957, -2.420719, -2.1253147, -2.0664107, -2.0337727, -1.9889381, -1.8312438, -1.7236799, -1.703921, -1.8312438, -1.8871257, -1.8945408, -1.8471835, -1.5326677, -1.4067934, -1.3209319, -1.3890857, -1.4034926, -1.3241102, -1.2732061, -1.1528899, -0.9010805, -0.8695561, -0.8079577, -0.724501, -0.7711328, -0.9492364, -1.22553, 
-1.3072626, -1.3643561, -1.4197004, -1.4529085, -1.4265918, -1.3919844, -1.4022095, -1.5131682, -1.5935532, -1.6598924, -1.728903, 43.296089, 43.2416201, 43.2039332, 43.1320849, 43.0629177, 42.9780153, 42.895691, 42.8478975, 42.794225, 42.7293296, 42.6626392, 42.6483687, 42.6078763, 42.5825482, 42.5774042, 42.4892695, 42.4081594, 42.3527798, 42.3550206, 42.3580987, 42.2436358, 42.201728, 42.1677893, 42.1376855, 42.0871006, 42.0356329, 42.007988, 41.915529, 41.9321816, 42.0479643, 42.1348003, 42.2330982, 
42.4081594, 42.5204177, 42.625478, 42.742691, 42.794225, 42.8949218, 42.9201585, 42.9578855, 42.9621971, 43.0407765, 43.0942194, 43.0423748, 43.04686, 43.0841396, 43.1320849, 43.1951346, 43.2517754, 43.2859724, 43.2652986, 43.3075704, 43.296089)), list(c(-1.1029133, -1.1325392, -1.055674, -1.0679892, -1.1029133, 42.4851829, 42.4460125, 42.432668, 42.4670681, 42.4851829)), list(c(-1.1361462, -1.2037737, -1.1859342, -1.1457267, -1.1361462, 42.4367567, 42.4311137, 42.3935129, 42.4004903, 42.4367567)))"
ES23,5045,58.5,21.1,21.8,18.7,28,49.8,40.2,48.6,21.8,22.2,69,59.9,74.5,78.6,77.9,83.4,83.1,66.2,52.8,57,4.4,322282,277986,50.61747165525844,1.1747475813107775,7.678989208208959,63.881466798810706,18.96723987067227,20.974488181158115,31.39610651541197,21.811022644764524,6.806771709248422,ES,4,La Rioja,ES23,0.021720108476427476,0.2854642828330468,0.85949572113863,0.021720108476427476,0.031028726394896396,0.021720108476427476,0.027925853755406755,0.031028726394896396,0.0031028726394896396,0.006205745278979279,0.034131599034386034,0.04344021695285495,0.034131599034386034,0.006205745278979279,0,0.04654308959234459,0.0031028726394896396,0.006205745278979279,0,0,0,0,"list(list(c(-2.6499652, -2.686849, -2.6982908, -2.7556505, -2.82132, -2.8581175, -3.0549477, -3.0981795, -3.083331, -3.1066506, -3.0736467, -3.1035232, -3.1121544, -3.0390057, -2.9465046, -2.9136375, -2.8200262, -2.7507533, -2.7168307, -2.7421718, -2.587783, -2.5062015, -2.3244181, -2.260459, -2.1449961, -2.0950949, -2.0337727, -1.964773, -1.8565395, -1.8471835, -1.8945408, -1.8871257, -1.8312438, -1.703921, -1.7236799, -1.8312438, -1.9889381, -2.0337727, -2.0664107, -2.1253147, -2.420719, -2.6499652, 
42.4925469, 42.5254591, 42.5985251, 42.614366, 42.5650017, 42.6381685, 42.6187934, 42.5513504, 42.4602819, 42.4081594, 42.3678571, 42.3177066, 42.1947188, 42.1034574, 42.0757355, 42.0228385, 42.0380074, 42.1217914, 42.0905083, 42.0163147, 42.0024227, 42.1070173, 42.1422364, 42.0966464, 42.0955742, 41.9595845, 41.9427406, 41.9237879, 41.9663885, 42.007988, 42.0356329, 42.0871006, 42.1376855, 42.1677893, 42.201728, 42.2436358, 42.3580987, 42.3550206, 42.3527798, 42.4081594, 42.4892695, 42.4925469)))"
ES24,47722,50.2,23.1,23.4,22.9,30.7,51,42.9,45.5,20.4,24.8,69.8,60.5,75.3,80.3,78.3,82.5,85.8,64.3,52.9,56.6,2.9,1341289,1162102,50.59424180769394,0.6707726671880556,1.6047995622121705,28.106303172540965,18.39991232314587,21.586548461964572,31.059376465474628,21.79261889123075,7.117929096563082,ES,4,Aragón,ES24,0.04547864032285361,0.3213326881827854,1.2912951645767616,0.026094301824588138,0.023112095901778068,0.027585404785993174,0.03578647107372088,0.05964411845620146,0.0067099633263226635,0.057407464014093905,0.011928823691240292,0.0611352214176065,0.014165478133347847,0.011183272210537774,0.0014911029614050365,0.03429536811231584,0.005218860364917628,0.014911029614050365,0,0,0,0,"list(list(c(-0.8079577, -0.8695561, -0.9010805, -1.1528899, -1.2732061, -1.3241102, -1.4034926, -1.3890857, -1.3209319, -1.4067934, -1.5326677, -1.8471835, -1.8565395, -1.8312438, -1.796848, -1.8312438, -1.9746944, -1.9665364, -2.0337727, -2.1010585, -2.166165, -2.1451914, -2.05169, -2.0337727, -1.9601035, -1.8312438, -1.6731352, -1.6174335, -1.6118539, -1.5452819, -1.5416569, -1.5774253, -1.6731352, -1.7020766, -1.806344, -1.7059436, -1.6731352, -1.5519627, -1.4494912, -1.4488315, -1.3496067, -1.2935013, 
-1.2377642, -1.1475786, -1.0910225, -1.0958768, -1.165154, -1.1423615, -0.9864982, -0.9150434, -0.8869397, -0.797643, -0.8377174, -0.8291674, -0.754865, -0.6400166, -0.5432666, -0.4142379, -0.2904182, -0.335502, -0.2836355, -0.2947097, -0.3611048, -0.3606517, -0.2548964, -0.1762955, 0.0453276, 0.0969197, 0.1707895, 0.2673792, 0.2538195, 0.2833338, 0.2204095, 0.2228022, 0.2966838, 0.385724, 0.3359485, 0.3554544, 0.4400432, 0.4217932, 0.3579601, 0.3343656, 0.596491, 0.5995948, 0.5624576, 0.6540693, 
0.7359804, 0.7413142, 0.7293124, 0.7056596, 0.7519918, 0.660127, 0.4777555, 0.3604035, 0.2948041, 0.1781179, 0.0969197, -0.0297668, -0.2156833, -0.313342, -0.4039664, -0.5541504, -0.724501, -0.8079577, 42.8949218, 42.794225, 42.742691, 42.625478, 42.5204177, 42.4081594, 42.2330982, 42.1348003, 42.0479643, 41.9321816, 41.915529, 42.007988, 41.9663885, 41.8554921, 41.704701, 41.6830759, 41.5928866, 41.4235902, 41.3967576, 41.4367349, 41.3290208, 41.1966007, 41.146858, 41.1503044, 41.1644746, 41.0832506, 
40.9835903, 40.943741, 40.8788894, 40.8024824, 40.663253, 40.5760753, 40.590671, 40.4885393, 40.398247, 40.2982062, 40.2985547, 40.2024238, 40.189357, 40.1453585, 40.1350197, 40.1884965, 40.1215559, 40.1098395, 40.0713946, 40.0364323, 40.010109, 39.9718555, 39.9771156, 39.9408515, 39.8600532, 39.8810765, 39.9300108, 39.9748857, 40.0378068, 40.0714168, 40.2391834, 40.2516197, 40.3719305, 40.4400885, 40.4780954, 40.5937693, 40.6173109, 40.6683758, 40.684469, 40.7837497, 40.6998265, 40.713401, 40.732837, 
40.8236132, 40.8978129, 40.9791973, 41.07143, 41.1274408, 41.1705551, 41.2788395, 41.4074325, 41.4806097, 41.5523463, 41.595234, 41.6070703, 41.679509, 41.8738297, 41.9133648, 41.9379874, 42.0143851, 42.2747749, 42.3811211, 42.4081594, 42.4614457, 42.5992982, 42.6909525, 42.70002, 42.7169123, 42.6835344, 42.7327141, 42.7157385, 42.6892529, 42.794225, 42.849365, 42.8058157, 42.7966036, 42.9201585, 42.8949218), c(-1.1029133, -1.0679892, -1.055674, -1.1325392, -1.1029133, 42.4851829, 42.4670681, 42.432668, 
42.4460125, 42.4851829), c(-1.1859342, -1.2037737, -1.1361462, -1.1457267, -1.1859342, 42.3935129, 42.4311137, 42.4367567, 42.4004903, 42.3935129)))"
ES30,8031,55.1,19.9,23.5,15.8,27.1,60.2,50.5,61,19.4,23.7,69.9,62.2,75.5,79.4,78.8,85.5,82.8,65.8,56.1,60.8,4.9,6871903,5902413,52.150124936280385,0.2724718320383742,0.6808448838698684,855.6721454364338,19.416120978424754,24.453793949070587,31.66288872238156,18.999307760892435,5.435714095498729,ES,4,Comunidad de Madrid,ES30,0.03608898437594361,0.2967154804135041,0.12965840757647482,0.041182187816096935,0.01629825100849066,0.01906313287600247,0.005820803931603807,0.04103666771780685,0.010040886782016567,0.030413700542629894,0.026484657888797326,0.03550690398278322,0.002473841670931618,0.0017462411794811423,2.910401965801904e-4,0.006257364226474093,0.0020372813760613324,0.002473841670931618,2.910401965801904e-4,0,0,0,"list(list(c(-3.169745, -3.1928595, -3.2073801, -3.2817181, -3.3775108, -3.4560188, -3.4784711, -3.4033591, -3.4386552, -3.539573, -3.6138563, -3.7850344, -3.8993468, -3.9791229, -4.0739871, -4.1602935, -4.1734165, -4.2704981, -4.3150344, -4.3387884, -4.4245838, -4.4617676, -4.5381968, -4.579076, -4.4618634, -4.3762712, -4.309693, -4.1863784, -3.6318502, -3.6532358, -3.8493424, -3.8233511, -3.5084175, -3.3452066, -3.1614195, -3.0683217, -3.067689, -3.1071734, -3.169745, -3.1872552, -3.169745, -3.1381112, 
-3.169745, 40.4306789, 40.4505381, 40.5128572, 40.550434, 40.6695327, 40.6911298, 40.8244622, 40.9993929, 41.080018, 41.1649935, 41.1458671, 41.0038462, 40.9582838, 40.7949289, 40.7839054, 40.6898535, 40.6232127, 40.5978333, 40.5469015, 40.4221362, 40.398596, 40.3248199, 40.3306246, 40.217196, 40.235969, 40.2989106, 40.2356853, 40.2795361, 40.1081352, 40.0389039, 39.9313237, 39.8999963, 40.0347714, 40.0699219, 40.064897, 40.0929204, 40.157885, 40.272548, 40.2572604, 40.2529823, 40.3066124, 40.4035001, 
40.4306789)), list(c(-4.274165, -4.2882312, -4.3146822, -4.3233433, -4.319344, -4.2691514, -4.274165, 40.6770895, 40.6806057, 40.6671994, 40.6574229, 40.6475995, 40.6553317, 40.6770895)))"
ES41,94225,53.8,24.6,24.2,25.2,30,50.2,40.8,48.9,22.4,20.1,67.3,56.7,72.2,74.2,75.4,83.4,81.9,63.5,48.2,51.4,2.9,2383703,2112850,50.766307715348766,0.12539313832302096,0.630783281306438,25.2979888564606,15.79211000699332,19.24396621558978,30.72685649176932,25.117013319192868,9.048442696090914,ES,4,Castilla y León,ES41,0.038175896913331904,0.5009013287309703,2.332924865220206,0.04698571927794696,0.03775638156263595,0.018878190781317975,0.00419515350695955,0.18123063150065255,0.015522067975750335,0.14431328063940851,0.013844006572966513,0.09397143855589392,0.13004975871574603,0.0167806140278382,0.001258546052087865,0.01090739911809483,0.00503418420835146,0.013004975871574606,0,4.19515350695955e-4,0,0,"list(list(c(-4.8391926, -4.8410385, -4.9140936, -5.0695883, -5.0962232, -5.1103316, -5.3219215, -5.3681304, -5.5215498, -5.7004535, -5.7715434, -5.8191832, -5.986733, -6.0738751, -6.1169945, -6.1976405, -6.2398382, -6.3666496, -6.4564489, -6.6918752, -6.760326, -6.7878084, -6.824167, -6.8528575, -6.8758015, -7.023177, -7.076834, -6.9301408, -6.8374622, -6.8228005, -6.8242306, -6.7366344, -6.784308, -6.9292965, -7.0197743, -6.9698176, -6.9858005, -6.903809, -6.834535, -6.7960267, -6.716546, -6.5766783, 
-6.5604611, -6.5236096, -6.5605461, -6.5339066, -6.324108, -6.2039234, -6.3252092, -6.479713, -6.689786, -6.8094553, -6.9299035, -6.8082084, -6.8259286, -6.8007339, -6.8376748, -6.8012227, -6.8428672, -6.7890649, -6.865144, -6.7717383, -6.5928593, -6.5351295, -6.2215622, -5.9797116, -5.924994, -5.8109717, -5.7842053, -5.7376025, -5.5343021, -5.3688635, -5.3360165, -5.1690319, -5.0369549, -4.971657, -4.7937872, -4.7051689, -4.6582029, -4.579076, -4.5381968, -4.4617676, -4.4245838, -4.3387884, -4.3150344, 
-4.2704981, -4.1734165, -4.1602935, -4.0739871, -3.9791229, -3.8993468, -3.7850344, -3.6138563, -3.539573, -3.3861327, -3.2656637, -3.207373, -3.169745, -3.0610431, -2.8965981, -2.8407568, -2.7276827, -2.6001217, -2.577349, -2.5218316, -2.4248395, -2.2940435, -2.1311288, -2.0685007, -2.05169, -2.1451914, -2.166165, -2.1010585, -2.0337727, -1.9665364, -1.9746944, -1.8312438, -1.796848, -1.8312438, -1.8565395, -1.964773, -2.0337727, -2.0950949, -2.1449961, -2.260459, -2.3244181, -2.5062015, -2.587783, 
-2.7421718, -2.7168307, -2.7507533, -2.8200262, -2.9136375, -2.9465046, -3.0390057, -3.1121544, -3.1035232, -3.0736467, -3.1066506, -3.083331, -3.0981795, -3.0549477, -2.8581175, -2.9445003, -3.1264608, -3.1293057, -3.1356847, -3.169745, -3.2351717, -3.230802, -3.2009612, -3.169745, -3.0302648, -3.003851, -3.0369895, -3.0890235, -3.1486031, -3.1636987, -3.141396, -3.169745, -3.2639945, -3.4176815, -3.6516645, -3.6985114, -3.7449501, -3.832487, -3.9471732, -3.9814961, -3.9407806, -3.8548745, -3.8468113, 
-3.8686613, -3.8513132, -3.8387037, -3.8983744, -3.99967, -3.9970944, -3.9967849, -4.001395, -4.0074214, -4.0176985, -4.0179452, -4.0304235, -4.0311269, -4.04593, -4.081359, -4.0840791, -4.0873875, -4.1514878, -4.1527018, -4.2130271, -4.2677291, -4.4155511, -4.737023, -4.754713, -4.8385097, -4.8391926, 43.1320849, 43.1807095, 43.2317075, 43.1749327, 43.1320849, 43.1093887, 43.0795334, 43.0872281, 43.0205189, 43.0502381, 42.9761259, 42.9672017, 43.0590462, 43.0679069, 43.0282959, 43.0445957, 43.0188229, 
43.0509364, 42.9370418, 42.9012416, 42.8908326, 42.9012416, 42.9150125, 42.8478975, 42.794225, 42.6946398, 42.508124, 42.5161205, 42.4880095, 42.4234773, 42.3927945, 42.341726, 42.2536085, 42.1760618, 42.0751417, 42.0365868, 41.971447, 41.9416846, 41.9486725, 41.9868559, 41.9380214, 41.9548003, 41.8879366, 41.8597017, 41.7463826, 41.6785926, 41.6681119, 41.5857541, 41.3940521, 41.29438, 41.2052415, 41.0475126, 41.0294665, 40.8596123, 40.7496055, 40.6618358, 40.5801117, 40.5194588, 40.4428031, 40.3515104, 
40.2706945, 40.2421755, 40.272624, 40.3407172, 40.4825062, 40.2983476, 40.2882932, 40.3458601, 40.2920041, 40.294163, 40.19882, 40.2546947, 40.115856, 40.0884586, 40.1533809, 40.1230193, 40.2675871, 40.2736254, 40.2074943, 40.217196, 40.3306246, 40.3248199, 40.398596, 40.4221362, 40.5469015, 40.5978333, 40.6232127, 40.6898535, 40.7839054, 40.7949289, 40.9582838, 41.0038462, 41.1458671, 41.1649935, 41.2538089, 41.2616726, 41.304245, 41.2974765, 41.2779234, 41.322069, 41.2686057, 41.2710955, 41.2176884, 
41.1496273, 41.1395103, 41.0635549, 41.0623722, 41.1094602, 41.0843175, 41.146858, 41.1966007, 41.3290208, 41.4367349, 41.3967576, 41.4235902, 41.5928866, 41.6830759, 41.704701, 41.8554921, 41.9663885, 41.9237879, 41.9427406, 41.9595845, 42.0955742, 42.0966464, 42.1422364, 42.1070173, 42.0024227, 42.0163147, 42.0905083, 42.1217914, 42.0380074, 42.0228385, 42.0757355, 42.1034574, 42.1947188, 42.3177066, 42.3678571, 42.4081594, 42.4602819, 42.5513504, 42.6187934, 42.6381685, 42.7104301, 42.7702876, 
42.794225, 42.8478975, 42.8528488, 42.8623599, 42.920099, 42.9374489, 42.93307, 42.9135042, 42.9398321, 42.9821855, 43.001583, 43.033532, 43.1320849, 43.1614835, 43.168428, 43.1915159, 43.1333695, 43.1706652, 43.1320849, 43.0938408, 43.0712687, 42.9975283, 42.9342944, 42.9125218, 42.9396842, 42.9184622, 42.9012416, 42.8478975, 42.8091241, 42.794225, 42.7689325, 42.794225, 42.797264, 42.8250087, 42.8297862, 42.8218812, 42.8087222, 42.8004439, 42.794225, 42.766567, 42.7614175, 42.794225, 42.8341264, 
42.8023053, 42.8478975, 42.874771, 42.9556525, 43.0327335, 43.0209235, 43.0628337, 43.1140952, 43.1320849), c(-4.3146822, -4.2882312, -4.274165, -4.2691514, -4.319344, -4.3233433, -4.3146822, 40.6671994, 40.6806057, 40.6770895, 40.6553317, 40.6475995, 40.6574229, 40.6671994)), list(c(-2.7695113, -2.8350234, -2.855136, -2.8243544, -2.7838222, -2.7673279, -2.7171818, -2.658285, -2.6383002, -2.5847675, -2.5502651, -2.5187971, -2.524151, -2.5791499, -2.6071026, -2.5641635, -2.6028638, -2.6434678, -2.7316103, 
-2.7695113, 42.794225, 42.794225, 42.7419727, 42.7089358, 42.6990071, 42.6662951, 42.6628726, 42.6721074, 42.6501234, 42.6515058, 42.638846, 42.6476671, 42.6841701, 42.6705789, 42.6959877, 42.7394441, 42.770225, 42.765038, 42.7933692, 42.794225)))"
ES42,79458,46.6,20.8,22,22,29.3,47.3,32.7,42.5,31.7,22.9,63.6,55.9,68.8,73.8,71.6,78.5,76.6,57.5,50,54,3.5,2084086,1787985,49.85259725366419,0.20958827994622103,0.9240981418233221,26.2287749502882,19.65547487003895,22.80788796623556,31.39812848414125,19.852491691801585,6.252717018395594,ES,4,Castilla-La Mancha,ES42,0.02830977224548315,0.42896502351630406,0.9015942720214041,0.02159219917028376,0.036466825265368125,0.01871323928091259,0.006717573075199392,0.06957486399313656,0.018233412632684062,0.035027345320682544,0.022072025818512288,0.10316272936913351,0.004318439834056753,0.00959653296457056,0.0014394799446855841,0.0038386131858282237,0.008636879668113506,0.02351150576319787,0,0,0.0014394799446855841,0,"list(list(c(-3.0610431, -3.169745, -3.207373, -3.2656637, -3.3861327, -3.539573, -3.4386552, -3.4033591, -3.4784711, -3.4560188, -3.3775108, -3.2817181, -3.2073801, -3.1928595, -3.169745, -3.1381112, -3.169745, -3.1872552, -3.169745, -3.1071734, -3.067689, -3.0683217, -3.1614195, -3.3452066, -3.5084175, -3.8233511, -3.8493424, -3.6532358, -3.6318502, -4.1863784, -4.309693, -4.3762712, -4.4618634, -4.579076, -4.6582029, -4.7051689, -4.7937872, -4.971657, -5.0369549, -5.1690319, -5.3360165, -5.3696559, 
-5.3974493, -5.30138, -5.2949564, -5.1692502, -5.1446703, -5.1917301, -4.9525545, -4.9407835, -4.867876, -4.755411, -4.687733, -4.6834101, -4.7512068, -4.6753166, -4.806813, -4.8654228, -4.8446128, -4.9541429, -4.9283975, -4.8468432, -4.8411076, -4.9244877, -4.9834421, -5.046996, -4.9823542, -4.8858316, -4.8423821, -4.6536565, -4.4470636, -4.268895, -4.248978, -3.9351948, -3.7647313, -3.6140717, -3.5650079, -3.4539186, -3.3417206, -3.169745, -3.1460338, -3.0677099, -3.010343, -2.9585726, -2.8599993, 
-2.762069, -2.5916163, -2.5644547, -2.488049, -2.4818725, -2.4423319, -2.4523241, -2.551274, -2.341602, -2.2088895, -2.05246, -2.0337727, -1.923649, -1.8312438, -1.7400524, -1.6731352, -1.5880515, -1.4881596, -1.4917775, -1.3986299, -1.3316502, -1.1723712, -1.02687, -0.9314501, -0.9516937, -0.9288845, -0.9567488, -1.1403556, -1.2578756, -1.1755999, -1.1807498, -1.4412474, -1.5051465, -1.4973931, -1.3858105, -1.2748507, -1.2085075, -1.1965448, -1.1423615, -1.165154, -1.3677961, -1.4488315, -1.4494912, 
-1.5519627, -1.6731352, -1.7059436, -1.806344, -1.7020766, -1.6731352, -1.5774253, -1.5416569, -1.5452819, -1.6118539, -1.6174335, -1.6731352, -1.8312438, -1.9601035, -2.0337727, -2.05169, -2.0685007, -2.1311288, -2.2940435, -2.4248395, -2.5218316, -2.577349, -2.6001217, -2.7276827, -2.8407568, -2.8965981, -3.0610431, 41.2779234, 41.2974765, 41.304245, 41.2616726, 41.2538089, 41.1649935, 41.080018, 40.9993929, 40.8244622, 40.6911298, 40.6695327, 40.550434, 40.5128572, 40.4505381, 40.4306789, 40.4035001, 
40.3066124, 40.2529823, 40.2572604, 40.272548, 40.157885, 40.0929204, 40.064897, 40.0699219, 40.0347714, 39.8999963, 39.9313237, 40.0389039, 40.1081352, 40.2795361, 40.2356853, 40.2989106, 40.235969, 40.217196, 40.2074943, 40.2736254, 40.2675871, 40.1230193, 40.1533809, 40.0884586, 40.115856, 40.0819891, 39.8873461, 39.869446, 39.7617177, 39.7891915, 39.701138, 39.5896732, 39.3950385, 39.3951645, 39.3746435, 39.41576, 39.4503365, 39.3986839, 39.3065745, 39.1785357, 39.1919152, 39.1161428, 39.0484918, 
39.0488512, 38.9731619, 38.9368416, 38.9077202, 38.8739237, 38.7540917, 38.7291335, 38.6908482, 38.68103, 38.6105393, 38.5378968, 38.4052278, 38.347213, 38.3969337, 38.368877, 38.4197756, 38.3997423, 38.4457808, 38.4025404, 38.4768771, 38.4465298, 38.4423457, 38.4689048, 38.4285031, 38.4673941, 38.4650815, 38.5327795, 38.5033147, 38.4178673, 38.3860873, 38.3139205, 38.2683212, 38.1909888, 38.084118, 38.02602, 38.20075, 38.2964929, 38.296403, 38.2958734, 38.3367855, 38.3771601, 38.3211404, 38.314545, 
38.3749096, 38.5444282, 38.6895828, 38.6860015, 38.7504721, 38.6555095, 38.6854156, 38.7672374, 38.78384, 38.9343002, 38.933174, 39.0512479, 39.2676171, 39.3076977, 39.3647109, 39.4180145, 39.5584483, 39.6764958, 39.6909124, 39.8341048, 39.9429532, 39.9718555, 40.010109, 40.0208256, 40.1453585, 40.189357, 40.2024238, 40.2985547, 40.2982062, 40.398247, 40.4885393, 40.590671, 40.5760753, 40.663253, 40.8024824, 40.8788894, 40.943741, 40.9835903, 41.0832506, 41.1644746, 41.1503044, 41.146858, 41.0843175, 
41.1094602, 41.0623722, 41.0635549, 41.1395103, 41.1496273, 41.2176884, 41.2710955, 41.2686057, 41.322069, 41.2779234)))"
EL30,3817,82.5,43.6,45.7,39.8,14.2,52.9,43.7,55.7,22.7,19.8,64,55.7,69,74.4,71.9,81.6,78.8,52.5,48.9,52.6,3.9,3789105,3291952,51.91175752585373,0.14692123865662207,3.1142974396328422,992.6919046371496,18.02045601797786,22.4262985586306,31.45566037362385,21.87542968590208,6.194285985740696,EL,4,Attiki,EL30,0.01055658262307326,0.3016543484543183,0.30376566497893304,0.06307558117286273,0.005806120442690292,0.017418361328070876,5.27829131153663e-4,0.013459642844418404,0.008181351532881775,0.011348326319803752,0.006333949573843955,0.006861778704997618,0.005542205877113461,0.009764838926342764,0,0.004486547614806135,0.002903060221345146,0.001055658262307326,0,0,2.639145655768315e-4,0,"list(list(c(24.0607835, 23.9485323, 23.690418, 23.6745294, 23.643175, 23.6344945, 23.6139339, 23.5283568, 23.4476746, 23.3864751, 23.3864793, 23.3553161, 23.3081343, 23.2733162, 23.1359294, 23.1892156, 23.2031821, 23.117532, 23.1242357, 23.1521444, 23.1796995, 23.3507252, 23.3786912, 23.4213669, 23.5225238, 23.5969505, 23.5713945, 23.4495039, 23.4672572, 23.4099134, 23.4134021, 23.4452046, 23.5328826, 23.5707466, 23.6722255, 23.6745294, 23.6983505, 23.743593, 23.8852385, 23.9498993, 24.0320813, 24.0769605, 
24.0138833, 24.0177342, 24.0209109, 23.9920773, 24.055447, 24.0607835, 38.1992744, 38.2829388, 38.3402975, 38.3199283, 38.279732, 38.211341, 38.1672345, 38.1368803, 38.204687, 38.2178562, 38.2587084, 38.2633843, 38.2453122, 38.189238, 38.1697747, 38.1590838, 38.1029592, 38.060646, 37.9967268, 37.9740145, 37.95159, 37.9740145, 37.9776813, 37.9967268, 38.0418715, 38.015175, 37.9932245, 37.9740145, 37.9374812, 37.9188097, 37.8916692, 37.8790208, 37.9188097, 37.95516, 37.94182, 37.9397908, 37.9188097, 
37.8538095, 37.772985, 37.6634186, 37.6648054, 37.7661763, 37.9464818, 37.9740145, 37.9967268, 38.0983331, 38.1505444, 38.1992744)), list(c(23.0479339, 23.0018123, 22.9512133, 22.9242178, 22.8932309, 22.9232598, 22.9251186, 22.9025854, 22.9103842, 22.9439093, 22.9881174, 23.0459086, 23.0451886, 23.0707922, 23.1141305, 23.1153417, 23.0479339, 36.2871994, 36.3091031, 36.3810669, 36.3740189, 36.3204479, 36.2882437, 36.2473885, 36.2321129, 36.2010695, 36.1584225, 36.1405363, 36.1328788, 36.1912478, 36.2266194, 
36.2205921, 36.2355664, 36.2871994)), list(c(23.3937549, 23.37028, 23.3374942, 23.3439867, 23.3264336, 23.3005419, 23.2003785, 23.1860919, 23.1797523, 23.32975, 23.4408877, 23.4244195, 23.5036755, 23.4774962, 23.5020153, 23.4011314, 23.3996966, 23.3937549, 37.6168032, 37.6265028, 37.6180633, 37.5524405, 37.5410119, 37.5524405, 37.596653, 37.5524405, 37.5328218, 37.4700028, 37.4578596, 37.411701, 37.4372996, 37.4901283, 37.5195204, 37.5253772, 37.5524405, 37.6168032)), list(c(23.5672461, 23.4854879, 
23.4158768, 23.4324976, 23.4608607, 23.4794277, 23.5215994, 23.5672461, 37.7668097, 37.7757149, 37.7617738, 37.7288181, 37.7147917, 37.6717407, 37.7006029, 37.7668097)), list(c(23.5009445, 23.5066132, 23.5405416, 23.5222455, 23.4671661, 23.3778105, 23.3969131, 23.4468058, 23.5009445, 37.3185552, 37.3425615, 37.352249, 37.3705916, 37.3539649, 37.3084463, 37.2934943, 37.3153038, 37.3185552)), list(c(23.331766, 23.2773433, 23.2873461, 23.3438441, 23.331766, 37.3618498, 37.3307743, 37.3110898, 37.3159326, 
37.3618498)), list(c(23.317502, 23.2733871, 23.3107401, 23.3350188, 23.317502, 35.8917745, 35.8763913, 35.8292073, 35.8499591, 35.8917745)), list(c(23.3717725, 23.3388276, 23.3139869, 23.3383076, 23.3809013, 23.3717725, 37.716187, 37.7164614, 37.682347, 37.6669647, 37.6939872, 37.716187)), list(c(23.1097605, 23.1046363, 23.1211638, 23.1628778, 23.1650032, 23.1097605, 37.284082, 37.2620413, 37.2380905, 37.2363784, 37.2655117, 37.284082)))"
EL41,3848,80.3,61,50,60,NA,29.6,26.7,30.9,30.4,21,62.8,53.9,69.2,74.6,70.7,76,77.2,55.3,45.9,49,5.3,194221,168177,49.11260883220661,0.131808609779581,4.562328481472138,50.47323284823285,18.58192471462921,22.64739652251816,27.84353906117258,23.025316520870554,7.849305687850438,EL,4,Voreio Aigaio,EL41,0.051487738195148826,0.3037776553513781,2.975991267679602,0.010297547639029764,0.020595095278059528,0.03604141673660418,0,0.025743869097574413,0.005148773819514882,0.020595095278059528,0.005148773819514882,0.03604141673660418,0,0.020595095278059528,0.005148773819514882,0.020595095278059528,0.010297547639029764,0.005148773819514882,0.005148773819514882,0,0.005148773819514882,0,"list(list(c(26.529809, 26.3817472, 26.4072989, 26.3491323, 26.2492739, 26.1867665, 26.1211819, 25.8874616, 25.8441999, 25.9390342, 26.1211819, 26.1682919, 26.4020996, 26.6034792, 26.529809, 39.1646746, 39.2724895, 39.3331765, 39.3749026, 39.3816523, 39.3719265, 39.3127082, 39.2713711, 39.2094969, 39.1250874, 39.0636228, 39.014636, 38.9661465, 39.0187949, 39.1646746)), list(c(26.0032987, 25.8510623, 25.8327624, 25.8652932, 25.9243151, 25.9568048, 25.9622409, 25.989909, 25.9936017, 25.9536829, 25.9195205, 
25.8764895, 25.8663856, 25.9113531, 25.926849, 26.0118563, 26.03743, 26.0990798, 26.1132428, 26.1044674, 26.1211819, 26.1534114, 26.1351039, 26.1621827, 26.1488989, 26.1211819, 26.0894735, 26.0629075, 26.0032987, 38.6034359, 38.5736772, 38.5429556, 38.4915739, 38.4685324, 38.43975, 38.4040527, 38.3887808, 38.3434364, 38.2950009, 38.2990838, 38.271802, 38.244814, 38.2213623, 38.195549, 38.1507477, 38.1977083, 38.2126784, 38.2325017, 38.2727819, 38.2847077, 38.3125228, 38.4117576, 38.5442341, 38.5586285, 
38.5620569, 38.5571006, 38.5913038, 38.6034359)), list(c(27.0512793, 27.0254258, 26.7317003, 26.6136501, 26.5758081, 26.5964822, 26.7303491, 26.8172989, 27.0254258, 27.0512793, 37.7101353, 37.7756111, 37.8093537, 37.7686508, 37.724583, 37.6873276, 37.7012397, 37.6360201, 37.7061052, 37.7101353)), list(c(25.443489, 25.4242195, 25.3686878, 25.2888497, 25.2676646, 25.2309995, 25.1588265, 25.1365159, 25.053604, 25.0448624, 25.0692433, 25.0539654, 25.0578562, 25.1143095, 25.184017, 25.2162168, 25.2562633, 
25.2758109, 25.267629, 25.3353624, 25.3614686, 25.3437783, 25.3609083, 25.4172209, 25.443489, 39.9811664, 40.0243284, 40.0018348, 39.9424968, 39.9865838, 40.0035896, 39.9912815, 40.0051766, 39.9860441, 39.9613014, 39.9147791, 39.8779766, 39.8428751, 39.8432584, 39.8007007, 39.8982389, 39.910884, 39.8918169, 39.8411192, 39.7889933, 39.8096685, 39.8779766, 39.9087339, 39.9689784, 39.9811664)), list(c(26.3445243, 26.2984006, 26.200628, 26.1484841, 26.0626391, 26.0067882, 25.9827711, 26.0605324, 26.1070136, 
26.2151439, 26.2930285, 26.3409544, 26.3445243, 37.6835, 37.6807385, 37.6279645, 37.6386667, 37.6270835, 37.5750452, 37.5197073, 37.5191586, 37.5520945, 37.5676405, 37.6098704, 37.6554478, 37.6835)), list(c(25.0060159, 24.9776256, 24.9706976, 24.9866944, 25.0569533, 25.0060159, 39.5620629, 39.5350521, 39.5031394, 39.4619004, 39.5310478, 39.5620629)), list(c(25.5908473, 25.541379, 25.5672534, 25.6105302, 25.6208482, 25.5908473, 38.6095817, 38.5862607, 38.544081, 38.5345191, 38.5887533, 38.6095817)), 
    list(c(26.4219499, 26.4295691, 26.4908943, 26.5069923, 26.4219499, 37.5902777, 37.5651699, 37.5551659, 37.5869458, 37.5902777)), list(c(26.2504735, 26.2072836, 26.1891636, 26.2223043, 26.255979, 26.2504735, 38.5413533, 38.5471698, 38.5321872, 38.4987132, 38.5168037, 38.5413533)), list(c(26.5123269, 26.4943381, 26.5192516, 26.5585424, 26.5123269, 37.6588086, 37.6314778, 37.5928054, 37.6021861, 37.6588086)))"
EL43,8346,80.2,50.3,45.9,44.2,10.2,33.3,28.4,39.1,18.5,20.8,63,56,69.4,63.7,71.9,78.3,81.2,61.9,49.2,53.5,6.4,622246,524954,50.6126194463283,0.04901598403203877,3.4222799343025105,74.55619458423197,21.13215673543904,22.720756742510197,29.574637683488525,20.10185682190002,6.426397276961202,EL,4,Kriti,EL43,0.020892058767754233,0.29409590419223264,3.0534547429794645,0.01928497732408083,0.016070814436734023,0.02571330309877444,0.0016070814436734025,0.009642488662040415,0.008035407218367012,0.0016070814436734025,0.003214162887346805,0.00642832577469361,0.008035407218367012,0.01285665154938722,0,0.139816085599586,0,0,0,0,0,0,"list(list(c(23.7413289, 23.6952137, 23.6745294, 23.5852239, 23.5409027, 23.5433371, 23.6057162, 23.6745294, 23.8437378, 24.2875235, 24.3812457, 24.5683611, 24.722517, 24.7675525, 25.550568, 25.9451646, 26.1211819, 26.1680331, 26.2588487, 26.2918038, 26.2453924, 26.1585975, 26.1211819, 26.0506254, 25.7906894, 25.726456, 25.7485326, 25.7322507, 25.6403129, 25.490698, 25.3668449, 25.0731401, 25.0032459, 24.9280035, 24.6866181, 24.5477137, 24.317411, 24.2286915, 24.1447718, 24.1731276, 24.1451733, 24.0898504, 
23.9880323, 23.8522507, 23.7413289, 35.6626174, 35.5252981, 35.5278769, 35.539011, 35.3745005, 35.2942545, 35.2446786, 35.2434815, 35.2405379, 35.1760065, 35.1904218, 35.1043013, 35.0925445, 34.9274144, 34.990757, 35.032661, 35.0178766, 35.0139414, 35.0867536, 35.1950737, 35.265509, 35.204268, 35.211832, 35.2260957, 35.1217386, 35.1578528, 35.2719716, 35.3315831, 35.3401981, 35.298332, 35.3360537, 35.3427585, 35.420056, 35.40691, 35.4238664, 35.3762143, 35.353775, 35.4557044, 35.4854453, 35.536325, 
35.5794195, 35.5792057, 35.5225196, 35.5349972, 35.6626174)), list(c(24.0726123, 24.0427789, 24.0726123, 24.1096833, 24.1183907, 24.0726123, 34.8715793, 34.8537107, 34.8248254, 34.8173799, 34.8515338, 34.8715793)), list(c(26.1699282, 26.1442923, 26.1941765, 26.1994996, 26.1699282, 35.3654873, 35.3305098, 35.3039485, 35.3567988, 35.3654873)), list(c(25.2114429, 25.1883665, 25.2477919, 25.2528964, 25.2114429, 35.4765598, 35.4470612, 35.4180562, 35.4542035, 35.4765598)))"
EL51,14186,74.2,46.9,39.9,42.7,14.4,33.3,24.5,35.9,31.9,16.5,59.6,51.7,66,66.2,68.5,76.9,75.2,56,44.1,47.9,5.1,559007,484946,50.65750518329825,0.0830043273161159,3.658630392821557,39.40554067390385,18.902983325790196,21.71690157726111,28.50214755808067,23.050874139322048,7.811887865447123,EL,4,"Anatoliki Makedonia, Thraki",EL51,0.026833295468571952,0.2880107046960056,0.5760214093920112,0.03935550002057219,0.008944431822857316,0.025044409104000485,0.0035777727291429265,0.007155545458285853,0.0017888863645714632,0.01073331818742878,0.0017888863645714632,0.01609997728114317,0.0035777727291429265,0,0.00536665909371439,0.03041106819771488,0.0035777727291429265,0.00536665909371439,0,0,0,0,"list(list(c(26.5908755, 26.357879, 26.1721553, 26.1211819, 26.0810761, 26.078597, 26.1211819, 26.1683037, 26.1792256, 26.1211819, 25.948626, 25.9064375, 25.8218396, 25.7021321, 25.5674508, 25.3128904, 25.2246985, 25.1793755, 24.9148582, 24.8324661, 24.783956, 24.7234488, 24.6176214, 24.5276052, 24.3192058, 24.2601915, 24.1770981, 24.143203, 24.059744, 24.0537155, 23.9114335, 23.6745294, 23.624223, 23.6381956, 23.6745294, 23.7115468, 23.7318962, 23.9146047, 24.0087725, 24.11834, 24.088981, 23.8677465, 
24.0432323, 24.143203, 24.2951548, 24.398557, 24.4897723, 24.5511711, 24.6319113, 24.81349, 25.05915, 25.139545, 25.1376092, 25.1710468, 25.329532, 25.5497305, 25.632429, 25.9520975, 26.0229319, 26.032758, 26.1211819, 26.237695, 26.3427396, 26.3540896, 26.3173225, 26.3362719, 26.6280826, 26.5908755, 41.6004731, 41.7111045, 41.7434857, 41.7243393, 41.7092749, 41.6485303, 41.6279076, 41.5569624, 41.4413237, 41.3592885, 41.320342, 41.307575, 41.33944, 41.3002262, 41.3135363, 41.2390739, 41.264631, 41.310188, 
41.4011526, 41.3962731, 41.360189, 41.4104567, 41.4322851, 41.5613836, 41.5198043, 41.5659837, 41.5247924, 41.5368317, 41.522112, 41.4600329, 41.4672603, 41.3917599, 41.3757275, 41.3286851, 41.3134089, 41.2978453, 41.1972716, 41.101132, 41.0984718, 41.00632, 40.9270807, 40.7787285, 40.721186, 40.7399346, 40.8164364, 40.929797, 40.9534518, 40.9466023, 40.8664322, 40.8580855, 40.9957928, 40.9906875, 40.9610721, 40.9438062, 40.9405628, 40.8632925, 40.8628045, 40.8359922, 40.7843238, 40.730257, 40.7515267, 
40.8865304, 40.9487874, 41.0141827, 41.1734926, 41.2486686, 41.3581587, 41.6004731)), list(c(24.7510832, 24.6471626, 24.5679975, 24.5195197, 24.5306737, 24.5968913, 24.6076008, 24.6467291, 24.7770097, 24.7510832, 40.7518625, 40.7943743, 40.7602373, 40.6737484, 40.6295693, 40.616759, 40.5967737, 40.5722388, 40.616759, 40.7518625)), list(c(25.6997105, 25.6574712, 25.5651299, 25.4945476, 25.4598885, 25.5591965, 25.6018259, 25.6969351, 25.6997105, 40.4640916, 40.4934492, 40.5104194, 40.4950629, 40.4643173, 
40.3959799, 40.3938597, 40.4225615, 40.4640916)))"
EL52,18838,83.5,49.4,47.6,49.3,14.9,43.9,34.2,41.1,29.6,16.2,59.7,51.7,65.6,66.3,68.5,74.8,78.6,53,44.5,48.4,3.6,1779991,1543225,51.74318297114986,0.14213555012356804,4.31575215829743,94.48938316169445,18.654195442561228,21.506850315535303,30.173410989156686,22.46387762634755,7.185373409191395,EL,4,Kentriki Makedonia,EL52,0.014606815427718455,0.34213656136463616,0.48427211148820415,0.03707883916266992,0.006741607120485441,0.024157425515072828,0.0016854017801213603,0.010674211274101947,0.009550610087354375,0.006741607120485441,0.003932604153616508,0.007303407713859227,0.01011241068072816,0.006179806527111653,0.0011236011867475735,0.024157425515072828,0.006741607120485441,0.0033708035602427206,0.002247202373495147,0,0,0,"list(list(c(23.4963643, 23.3465424, 23.29336, 23.1886805, 22.9275915, 22.8791785, 22.774327, 22.7236758, 22.7035649, 22.6614372, 22.5892258, 22.332052, 22.216216, 22.1276914, 22.0563313, 21.929438, 21.787378, 21.8040827, 21.7160658, 21.821787, 21.9060115, 21.8876019, 21.9382325, 22.0947914, 22.140091, 22.183821, 22.1157035, 22.2043477, 22.2262048, 22.2845597, 22.3309554, 22.3615152, 22.3628302, 22.474754, 22.5242523, 22.6645848, 22.5864796, 22.5544991, 22.6508953, 22.5980418, 22.6639575, 22.682419, 
22.7289718, 22.774327, 22.8387737, 22.8394634, 22.8532976, 22.8956239, 22.9337732, 22.9510451, 22.960601, 22.8236956, 22.9008685, 23.004153, 23.3200286, 23.4171937, 23.6570365, 23.6745294, 23.7600243, 23.8083617, 23.9486851, 24.0124936, 23.9815238, 23.7855765, 23.702146, 23.7296169, 23.8556401, 23.9069652, 23.9460844, 24.005043, 24.010988, 23.922791, 23.8622206, 23.8374466, 23.8775266, 23.7568645, 23.7004903, 23.7650775, 23.8677465, 24.088981, 24.11834, 24.0087725, 23.9146047, 23.7318962, 23.7115468, 
23.6745294, 23.6381956, 23.624223, 23.4963643, 41.4039867, 41.3736916, 41.3975465, 41.3239638, 41.3385395, 41.340653, 41.3215899, 41.1511105, 41.1599825, 41.1785673, 41.12407, 41.1202725, 41.1704575, 41.1311845, 41.1520228, 41.1003505, 40.9311255, 40.8863658, 40.8546583, 40.6966915, 40.682092, 40.616759, 40.4923884, 40.425989, 40.3239643, 40.302277, 40.190249, 40.182958, 40.1111068, 40.164831, 40.1689875, 40.1387638, 40.0566758, 40.0166008, 39.9555054, 39.9747564, 40.0295478, 40.1408449, 40.3549686, 
40.4610432, 40.4915545, 40.528965, 40.5207438, 40.562244, 40.5875063, 40.616759, 40.6283503, 40.6404543, 40.6311795, 40.616759, 40.5312789, 40.4861164, 40.3816444, 40.3503365, 40.2191213, 40.2744469, 40.2165309, 40.2014321, 40.1276381, 40.028927, 39.9459402, 40.0111106, 40.1119753, 40.1956276, 40.3081334, 40.3455202, 40.3654079, 40.3150799, 40.3468385, 40.3145675, 40.3894345, 40.3921669, 40.4262682, 40.49347, 40.5418331, 40.6345635, 40.6868543, 40.7578925, 40.7787285, 40.9270807, 41.00632, 41.0984718, 
41.101132, 41.1972716, 41.2978453, 41.3134089, 41.3286851, 41.3757275, 41.4039867)), list(c(23.6745294, 23.5328638, 23.4928917, 23.4549694, 23.4384691, 23.396064, 23.3615798, 23.3465548, 23.3246541, 23.3205973, 23.304379, 23.3357908, 23.3800138, 23.3683686, 23.4133061, 23.463326, 23.5967887, 23.6745294, 23.7168575, 23.6800346, 23.6745294, 39.9732614, 40.0169069, 40.0350744, 40.0695355, 40.1021048, 40.13918, 40.147729, 40.1824812, 40.1851122, 40.13204, 40.1019902, 40.0689016, 40.0013797, 39.9695188, 
39.959504, 39.9690011, 39.9202742, 39.9121864, 39.9077828, 39.9715653, 39.9732614)))"
FR10,12070,52.2,24.8,27.8,25.6,40.9,67.2,56.5,65.9,19.2,31.9,70.2,63.4,76.6,80.2,79.5,82.4,86.5,67.2,58,62.9,7,12407359,10111922,51.598361907638846,0.18505952797851663,2.4965667552619375,1027.9502071251036,24.79095672173264,27.98427126997776,26.02817408604039,16.7651552598744,4.389564290031424,FR,4,Ile-de-France,FR10,0.016119465875050445,0.409676225214407,0.19923659821562348,0.031674750444474126,0.02071351364943982,0.02208366824881911,1.6119465875050445e-4,0.07414954302523204,0.02208366824881911,0.056418130562676555,0.014104532640669139,0.004835839762515132,0.008220927596275726,0.013379156676291868,8.059732937525223e-5,0.0026597118693833235,0.0012895572700040356,0.004110463798137863,0,6.447786350020178e-4,8.059732937525223e-5,0,"list(list(c(1.704359, 1.608799, 1.4602164, 1.5015265, 1.581164, 1.6125465, 1.7725217, 1.8042058, 1.8763576, 1.9221465, 1.9758229, 1.9703804, 1.99409, 2.1455936, 2.1664584, 2.2099907, 2.2702344, 2.402663, 2.4277117, 2.5131265, 2.4849394, 2.6855776, 2.7703231, 2.8155842, 2.936316, 3.0251696, 3.025476, 3.0559249, 3.1953846, 3.414789, 3.3963232, 3.4869939, 3.555614, 3.4543434, 3.4657454, 3.4076223, 3.4851835, 3.2674589, 3.1953846, 3.1494736, 3.07188, 3.0541578, 2.9706415, 2.8080196, 2.7211472, 2.6323447, 
2.5905285, 2.3161718, 2.2504983, 2.1664584, 2.0894937, 1.8404873, 1.754147, 1.704359, 49.232197, 49.077894, 49.0494602, 48.941052, 48.8341507, 48.6661034, 48.5606427, 48.4738431, 48.4434213, 48.4575995, 48.3863113, 48.3099887, 48.286584, 48.2975219, 48.3098744, 48.3356467, 48.310568, 48.3207175, 48.2685875, 48.2177725, 48.1307881, 48.1238474, 48.1578935, 48.1391757, 48.1633915, 48.2402076, 48.3181589, 48.3550846, 48.3687575, 48.3902685, 48.4762804, 48.5881637, 48.6202855, 48.6446798, 48.7254958, 
48.7634361, 48.8519105, 48.9484089, 49.0058438, 49.0927876, 49.1175535, 49.0900842, 49.0783871, 49.0907327, 49.0641853, 49.1005308, 49.079654, 49.1763389, 49.1591986, 49.1818286, 49.2025534, 49.1707053, 49.1823636, 49.232197)))"
FRB0,39529,56.9,42.2,47.4,44.1,33.1,46.9,37.8,44.9,15.3,37.8,70.9,60.5,77.5,84.1,78.5,85.2,88.7,59.8,52.8,55.2,3.8,2581716,2143706,51.42753889273646,0.19010611546738682,5.330137009647847,65.3119481899365,22.980258091904766,21.390385309615773,25.538246654550694,23.262124881280513,6.780645121306914,FR,4,Centre — Val de Loire,FRB0,0.009296142565642387,0.4458275038772661,0.873450061896816,0.017817606584147907,0.047255391375348794,0.027888427696927162,0,0.13440672792824615,0.0484174091960541,0.20141642225558504,0.02207833859340067,0.008521464018505521,0.03331117752688522,0.045706034281075066,0,0.012007517480621416,0.0034860534621158953,0.0034860534621158953,0,0.0011620178207052984,0,3.8733927356843277e-4,"list(list(c(1.5015265, 1.4603547, 1.4567304, 1.375503, 1.3343028, 1.1299336, 0.9282446, 0.8148245, 0.8520028, 0.9282446, 0.9587292, 0.9409068, 0.9282446, 0.7806383, 0.8203769, 0.7976585, 0.9002938, 0.8427591, 0.8039434, 0.8314462, 0.8366249, 0.7687232, 0.7241287, 0.5985928, 0.6144325, 0.3810657, 0.3809246, 0.2300005, 0.2174642, 0.1457235, 0.0969197, 0.082545, 0.05383, 0.0969197, 0.1856774, 0.2015602, 0.299474, 0.3215447, 0.5797461, 0.5912145, 0.6785528, 0.7157309, 0.867469, 0.9114636, 0.9210727, 
1.1225403, 1.1792593, 1.177279, 1.3500762, 1.4151855, 1.5205788, 1.7304806, 1.7729505, 2.1664584, 2.1677845, 2.2810435, 2.3654046, 2.5974905, 2.5933791, 2.7135076, 2.7851126, 2.9470777, 3.032063, 3.0634662, 3.0674935, 3.0325097, 2.9747276, 2.8797942, 2.9239073, 2.8746305, 2.8828981, 2.9765355, 2.9404734, 2.9396451, 2.8538899, 3.0129558, 3.0195154, 3.1200172, 3.0268309, 2.936316, 2.8155842, 2.7703231, 2.6855776, 2.4849394, 2.5131265, 2.4277117, 2.402663, 2.2702344, 2.2099907, 2.1664584, 2.1455936, 
1.99409, 1.9703804, 1.9758229, 1.9221465, 1.8763576, 1.8042058, 1.7725217, 1.6125465, 1.581164, 1.5015265, 48.941052, 48.9232865, 48.8787655, 48.8389629, 48.7699255, 48.78174, 48.7103242, 48.6701635, 48.5902026, 48.5353543, 48.5060605, 48.4052612, 48.3909037, 48.3236189, 48.2185894, 48.194455, 48.1439008, 48.1033429, 48.0519469, 48.0240831, 47.9458727, 47.8931915, 47.8018217, 47.7267101, 47.6942155, 47.6328135, 47.574778, 47.6083975, 47.5052604, 47.3546046, 47.2961531, 47.2789368, 47.1637335, 47.143903, 
47.1030555, 47.063821, 47.0437837, 46.9443532, 46.9588633, 47.0056439, 46.9742065, 46.8959891, 46.7482165, 46.7025855, 46.6091068, 46.5141347, 46.4387768, 46.383948, 46.3942647, 46.347215, 46.4157561, 46.4006663, 46.4512993, 46.4241605, 46.424069, 46.4204035, 46.5130979, 46.5480026, 46.6493516, 46.7315636, 46.7257637, 46.7971641, 46.7949095, 46.8563578, 47.0256683, 47.0640726, 47.2603247, 47.3546046, 47.4410406, 47.520425, 47.5514708, 47.5694245, 47.6056823, 47.6531418, 47.7410373, 47.7910835, 47.9018428, 
47.9805457, 48.1266639, 48.1633915, 48.1391757, 48.1578935, 48.1238474, 48.1307881, 48.2177725, 48.2685875, 48.3207175, 48.310568, 48.3356467, 48.3098744, 48.2975219, 48.286584, 48.3099887, 48.3863113, 48.4575995, 48.4434213, 48.4738431, 48.5606427, 48.6661034, 48.8341507, 48.941052)))"
FRC1,31754,49.8,42.5,46.6,45.6,37.5,47.6,36.4,41.5,18.3,37.7,68.9,56.8,75.4,82.2,76.8,85,83.9,58.7,48.8,50.6,3.9,1619967,1366971,51.373021796123005,0.2187081588699029,8.288502173192418,51.01615544498331,21.339261849161126,20.869684382459642,25.285823723569678,25.12236360370304,7.326075160790312,FR,4,Bourgogne,FRC1,0.005555668726585171,0.5660609135865113,1.5629948017459616,0.015432413129403253,0.04074157066162459,0.037037791510567804,0,0.15987980002061772,0.016049709654579383,0.30803096606288893,0.029012936683278118,0.006172965251761302,0.030247529733630377,0.030247529733630377,0.0024691861007045206,0.015432413129403253,0.006172965251761302,0.003086482625880651,0,6.172965251761302e-4,0,0,"list(list(c(3.6065957, 3.4999403, 3.414789, 3.1953846, 3.0559249, 3.025476, 3.0251696, 2.936316, 3.0268309, 3.1200172, 3.0195154, 3.0129558, 2.8538899, 2.9396451, 2.9404734, 2.9765355, 2.8828981, 2.8746305, 2.9239073, 2.8797942, 2.9747276, 3.0325097, 3.0674935, 3.0634662, 3.032063, 3.1953846, 3.4152158, 3.4678362, 3.5485306, 3.5971711, 3.6294225, 3.7465586, 3.9895085, 3.9822013, 3.8995385, 3.9048041, 4.0064377, 4.0672338, 4.2798246, 4.3880745, 4.4223832, 4.5171768, 4.6753436, 4.7336051, 4.7802085, 
4.9420466, 5.0697223, 5.1764914, 5.2366541, 5.3105635, 5.4137152, 5.3623056, 5.429393, 5.3447322, 5.4347295, 5.2676122, 5.2552325, 5.3036665, 5.3818534, 5.4384791, 5.5185375, 5.4898512, 5.3970279, 5.4836921, 5.4811722, 5.4386411, 5.37408, 5.2594278, 5.1648608, 5.0974379, 4.9713594, 4.9316462, 4.9785844, 4.9451748, 4.8976914, 4.8451158, 4.8534161, 4.7999259, 4.7919297, 4.704233, 4.5901473, 4.5433532, 4.3262174, 4.2934215, 4.2106122, 4.1052114, 3.9148427, 3.7858954, 3.737115, 3.6733187, 3.5900497, 
3.6065957, 48.2709788, 48.362461, 48.3902685, 48.3687575, 48.3550846, 48.3181589, 48.2402076, 48.1633915, 48.1266639, 47.9805457, 47.9018428, 47.7910835, 47.7410373, 47.6531418, 47.6056823, 47.5694245, 47.5514708, 47.520425, 47.4410406, 47.3546046, 47.2603247, 47.0640726, 47.0256683, 46.8563578, 46.7949095, 46.6898367, 46.7110793, 46.6624243, 46.6929293, 46.7526733, 46.7494565, 46.5458007, 46.4642382, 46.3336791, 46.275908, 46.2153329, 46.1712246, 46.1873334, 46.1677655, 46.2197905, 46.2974397, 46.2717118, 
46.3008448, 46.1871385, 46.176676, 46.5091572, 46.4876766, 46.5121823, 46.4603668, 46.44677, 46.4866999, 46.5534061, 46.6376477, 46.8015642, 46.8455175, 46.9363721, 46.9798875, 47.0540937, 47.0867228, 47.1492282, 47.304184, 47.3546046, 47.4793103, 47.5337513, 47.5912308, 47.6233489, 47.604538, 47.585648, 47.6641796, 47.6570164, 47.6991613, 47.7758901, 47.8111821, 47.875015, 47.9155968, 47.9076854, 47.9469848, 47.9669056, 47.9997286, 48.020235, 48.0274114, 47.9728469, 47.9577741, 47.9256735, 47.9610582, 
47.9294065, 47.9421656, 48.1169582, 48.1587271, 48.1471502, 48.1904262, 48.2709788)))"
FRC2,16308,45.7,47.6,47.9,47.7,45.3,42.8,36.9,42.4,15.9,40.1,72.5,61.6,78.3,85.6,79.9,88.2,86.1,61.6,54,56.2,3.2,1180267,979063,50.86628703505224,0.24316531767811858,10.032475702531714,72.37349766985528,23.24558765092983,22.24089972862073,25.775100040922943,22.45686781041917,6.238673113795437,FR,4,Franche-Comté,FRC2,0.010167190983057224,0.6252822454580192,1.5394821680179147,0.025417977457643057,0.03727970027120982,0.03304337069493598,0,0.12200629179668668,0.011014456898311991,0.2889176771018761,0.03050157294917167,0.016098052389840606,0.0432105616779932,0.03727970027120982,0.0016945318305095372,0.03982149801697413,0.009319925067802454,0.004236329576273843,0,0.0016945318305095372,0,0,"list(list(c(5.9964823, 5.9311487, 5.8847235, 5.8181469, 5.6969778, 5.6793784, 5.4213542, 5.37408, 5.4386411, 5.4811722, 5.4836921, 5.3970279, 5.4898512, 5.5185375, 5.4384791, 5.3818534, 5.3036665, 5.2552325, 5.2676122, 5.4347295, 5.3447322, 5.429393, 5.3623056, 5.4137152, 5.3105635, 5.3120797, 5.4907966, 5.6471409, 5.7381734, 5.8661349, 6.064003, 6.138106, 6.1389547, 6.435801, 6.460011, 6.4587172, 6.6373774, 6.858914, 7.0161589, 6.9151094, 6.939186, 7.0239161, 7.130353, 7.0839159, 7.0169415, 7.0233752, 
6.8461755, 6.8235335, 6.6058775, 6.4843789, 6.3811633, 6.1939667, 6.1279053, 5.9964823, 47.9619499, 47.964888, 47.9260465, 47.8578472, 47.8111477, 47.6880638, 47.6713966, 47.604538, 47.6233489, 47.5912308, 47.5337513, 47.4793103, 47.3546046, 47.304184, 47.1492282, 47.0867228, 47.0540937, 46.9798875, 46.9363721, 46.8455175, 46.8015642, 46.6376477, 46.5534061, 46.4866999, 46.44677, 46.412182, 46.2669897, 46.3266899, 46.2661005, 46.2684687, 46.416229, 46.557667, 46.5943038, 46.7670532, 46.8515515, 46.9466457, 
47.0069324, 47.1652945, 47.3337468, 47.3679774, 47.4337045, 47.5041415, 47.5030405, 47.5775625, 47.606298, 47.7237065, 47.8229425, 47.813051, 47.9364595, 47.891976, 47.9570565, 47.9460136, 48.0187247, 47.9619499)))"
FRD1,17758,53,40.5,44.7,33.8,37.9,47.7,38.6,54.8,16.1,37,69.6,57.4,76.2,82.7,77.6,87.8,86.8,54,49.1,51,4.5,1477731,1242251,51.44474873979094,0.16626842097783695,7.709386891118884,83.21494537673162,21.899114250157844,21.12258591042619,25.006378021439627,24.845455634347523,7.086066408568271,FR,4,Basse-Normandie,FRD1,0.016241115602230717,0.5528746436259373,1.5462895479623828,0.032482231204461434,0.05143019940706394,0.0392493627053909,6.767131500929465e-4,0.19421667407667564,0.02774523915381081,0.2253454789809512,0.029775378604089648,0.017594541902416612,0.034512370654740276,0.053460338857342776,6.767131500929465e-4,0.020978107652881346,0.008120557801115359,0.004060278900557679,0,6.767131500929465e-4,0,0,"list(list(c(-1.3983775, -1.6523885, -1.8312438, -1.9044651, -1.8312438, -1.8128719, -1.6128621, -1.5649318, -1.5645397, -1.4326007, -1.5711, -1.5012167, -1.411714, -1.2430156, -1.0701645, -0.86036, -0.7478575, -0.4863539, -0.3610128, -0.2160911, -0.1698311, -0.1405925, -0.0569122, -0.054527, 0.0511834, 0.0969197, 0.2162294, 0.2973981, 0.3584421, 0.4099672, 0.4806866, 0.5420478, 0.6659276, 0.7428386, 0.7976585, 0.8203769, 0.7806383, 0.9282446, 0.9409068, 0.9587292, 0.9282446, 0.8520028, 0.8148245, 
0.7695894, 0.7561243, 0.6238329, 0.6009114, 0.4221214, 0.3959956, 0.4128105, 0.4368334, 0.3863263, 0.3870269, 0.3409431, 0.3724956, 0.3175471, 0.2972215, 0.1406225, 0.0969197, -0.0798483, -0.2216492, -0.410042, -0.8037999, -0.9600546, -1.0833189, -1.1195875, -1.2805834, -1.2527855, -1.2945637, -1.3983775, 49.6981559, 49.6606347, 49.681914, 49.6906256, 49.4604561, 49.4027045, 49.1871025, 48.9812945, 48.7707978, 48.6570437, 48.626501, 48.5063337, 48.4615996, 48.5357964, 48.508492, 48.5014585, 48.442946, 
48.5105085, 48.5006217, 48.5627079, 48.5345319, 48.4598519, 48.4410961, 48.3820045, 48.3868688, 48.4101765, 48.4709781, 48.4777665, 48.4479389, 48.3196998, 48.3038803, 48.2518849, 48.2569488, 48.19039, 48.194455, 48.2185894, 48.3236189, 48.3909037, 48.4052612, 48.5060605, 48.5353543, 48.5902026, 48.6701635, 48.6805417, 48.7569736, 48.827071, 48.8799027, 48.8906831, 48.9127852, 48.9506265, 49.0073731, 49.0519903, 49.1992662, 49.2408007, 49.273322, 49.3097114, 49.4299035, 49.404571, 49.3838547, 49.3000617, 
49.2829242, 49.3335988, 49.3561762, 49.3940925, 49.3813915, 49.322267, 49.5212839, 49.6261024, 49.6773622, 49.6981559)))"
FRD2,12355,59.4,44.3,48,40.4,28.7,46.1,35,48.9,17.3,41.5,69.2,59.6,74.9,86.6,76.6,82.2,85.7,54.3,52.4,54.5,3.1,1861791,1529399,51.65574438806504,0.47175005142897347,8.325477994039073,150.69129906920276,24.112427227331104,23.1418564167514,25.24719477105647,21.79976162737923,5.6652975548812945,FR,4,Haute-Normandie,FRD2,0.008593875467224838,0.41626584294370317,0.9243787299433717,0.020410454234658995,0.035449736302302456,0.03330126743549625,0,0.11494308437413223,0.009668109900627943,0.17348886099460142,0.011816578767434154,0.003759820516910867,0.02470739196827141,0.03115279856869004,0,0.020947571451360544,0.00644540660041863,0.002685586083507762,0,0.002685586083507762,0,0,"list(list(c(0.5035839, 0.4048813, 0.2972215, 0.3175471, 0.3724956, 0.3409431, 0.3870269, 0.3863263, 0.4368334, 0.4128105, 0.3959956, 0.4221214, 0.6009114, 0.6238329, 0.7561243, 0.7695894, 0.8148245, 0.9282446, 1.1299336, 1.3343028, 1.375503, 1.4567304, 1.4603547, 1.5015265, 1.4602164, 1.608799, 1.704359, 1.7278281, 1.793216, 1.7139305, 1.7797715, 1.7407082, 1.7051524, 1.7432137, 1.7106346, 1.783834, 1.6926674, 1.4557245, 1.4425559, 1.37964, 1.3336715, 1.1979066, 1.0743416, 1.0240627, 0.9535142, 0.9282446, 
0.7762957, 0.6974026, 0.5864436, 0.3799482, 0.3285591, 0.2121198, 0.1662791, 0.1457886, 0.0969197, 0.0732703, 0.0781198, 0.0969197, 0.1501589, 0.1714326, 0.1930719, 0.2515641, 0.3760402, 0.5011559, 0.5218262, 0.5317984, 0.5866375, 0.6361978, 0.6133476, 0.5873883, 0.5178851, 0.5035839, 49.4815246, 49.4460761, 49.4299035, 49.3097114, 49.273322, 49.2408007, 49.1992662, 49.0519903, 49.0073731, 48.9506265, 48.9127852, 48.8906831, 48.8799027, 48.827071, 48.7569736, 48.6805417, 48.6701635, 48.7103242, 48.78174, 
48.7699255, 48.8389629, 48.8787655, 48.9232865, 48.941052, 49.0494602, 49.077894, 49.232197, 49.2647875, 49.2666566, 49.409225, 49.4935823, 49.5026201, 49.5918439, 49.6855135, 49.7109689, 49.7583095, 49.9038899, 50.0473529, 50.0661417, 50.0651205, 50.0473529, 49.9711609, 49.9291074, 49.9181464, 49.9164225, 49.9104947, 49.8748508, 49.8706933, 49.8517705, 49.7715148, 49.7458507, 49.7133657, 49.6813825, 49.6369524, 49.5668459, 49.519824, 49.5056693, 49.4911246, 49.4741133, 49.4591421, 49.452583, 49.4481103, 
49.4522199, 49.4837136, 49.4771128, 49.4742003, 49.4380983, 49.438529, 49.4284532, 49.4296309, 49.4714468, 49.4815246)))"
FRE1,12444,58.8,42.2,46.1,41.8,30,44.1,34.9,44.3,26.6,33.3,63.2,55.1,68.8,75,70.7,77.3,78.9,50.8,49.2,52.1,2.8,4073012,3325384,51.64301013598781,0.20883807855218695,4.432051759238617,327.30729668916746,25.066731941865136,24.623767374120185,25.236925400661722,20.203475953422185,4.836592673922886,FR,4,Nord-Pas de Calais,FRE1,0.007120037947347073,0.9238863033057599,0.6236171167676403,0.015222150094328226,0.03609122683655241,0.027743596139662735,2.455185499085198e-4,0.12300479350416842,0.005155889548078915,0.1500118339941056,0.02013252109249862,0.005646926647895955,0.025288410640577536,0.062116193126855505,2.455185499085198e-4,0.007120037947347073,0.0031917411488107572,0.005401408097987435,2.455185499085198e-4,0,0,2.455185499085198e-4,"list(list(c(2.7066946, 2.6361432, 2.607036, 2.6226208, 2.546011, 2.1664584, 2.0676915, 1.7710785, 1.7217405, 1.6475063, 1.5829808, 1.6041396, 1.5642789, 1.5783953, 1.5939234, 1.5794099, 1.5586686, 1.5808083, 1.6238168, 1.644737, 1.7880289, 1.9213429, 2.1234037, 2.1664584, 2.4377558, 2.4615519, 2.403699, 2.4133937, 2.5006442, 2.6585182, 2.7380532, 2.7653766, 2.7601275, 2.8436334, 2.8962171, 3.0917223, 3.1729615, 3.1953846, 3.5571736, 3.621878, 3.7160265, 4.140853, 4.2085292, 4.148795, 4.1981926, 4.0554307, 
4.0277745, 3.8940678, 3.7702335, 3.7078889, 3.666698, 3.65551, 3.6150815, 3.5239951, 3.4909836, 3.3858116, 3.3033021, 3.245294, 3.1953846, 3.176996, 3.098481, 3.0187085, 2.9081047, 2.863276, 2.7066946, 50.8099287, 50.820799, 50.9126895, 50.9566082, 51.089382, 51.0237145, 51.0066265, 50.9518124, 50.9338582, 50.8822303, 50.8655317, 50.7703161, 50.6956695, 50.5753953, 50.5468526, 50.520207, 50.403745, 50.3811372, 50.370293, 50.350413, 50.3572845, 50.3247363, 50.2037677, 50.2062859, 50.2221534, 50.1984075, 
50.1525167, 50.1116633, 50.1311867, 50.1027112, 50.1160267, 50.0976389, 50.0454101, 50.0697511, 50.0413789, 50.0473529, 50.011312, 50.0134572, 50.0480695, 50.0328973, 50.061837, 49.97876, 50.0787877, 50.1505554, 50.2500512, 50.3407585, 50.3583305, 50.3325362, 50.3504345, 50.3223671, 50.3557512, 50.4617355, 50.490399, 50.4974771, 50.5271565, 50.4950332, 50.5224229, 50.7130095, 50.7553546, 50.7561645, 50.779019, 50.773533, 50.7017415, 50.7083435, 50.8099287)))"
FRE2,19505,56.3,41.8,44,41.2,29.2,38.5,32.6,39.3,21,36.1,64.7,55.3,69.8,74.9,71.7,81.8,80.4,50.4,49.9,52.3,3.5,1917280,1567188,51.15528248351831,0.2323082700492364,7.610990569974129,98.29684696231736,24.64402695485271,22.93426103646833,26.00272260702662,21.272636234665775,5.114485103897188,FR,4,Picardie,FRE2,0.01147458900108487,0.658224150880414,1.4400609196361513,0.008345155637152633,0.029208044730034216,0.026078611366101977,5.215722273220395e-4,0.0855378452808145,0.008345155637152633,0.13508720687640824,0.013039305683050988,0.010431444546440792,0.0224276057748477,0.029208044730034216,0,0.005215722273220396,0.002607861136610198,0.010953016773762831,0,5.215722273220395e-4,0,0,"list(list(c(1.7880289, 1.644737, 1.5704215, 1.549301, 1.6317688, 1.519863, 1.37964, 1.4425559, 1.4557245, 1.6926674, 1.783834, 1.7106346, 1.7432137, 1.7051524, 1.7407082, 1.7797715, 1.7139305, 1.793216, 1.7278281, 1.704359, 1.754147, 1.8404873, 2.0894937, 2.1664584, 2.2504983, 2.3161718, 2.5905285, 2.6323447, 2.7211472, 2.8080196, 2.9706415, 3.0541578, 3.07188, 3.1494736, 3.1953846, 3.2674589, 3.4851835, 3.6657282, 3.5929333, 3.6228493, 3.6218545, 3.7358589, 3.6672214, 3.660659, 3.8395564, 3.869445, 
4.0260904, 4.0479745, 4.0617896, 4.0371609, 4.1052114, 4.2379674, 4.233133, 4.140853, 3.7160265, 3.621878, 3.5571736, 3.1953846, 3.1729615, 3.0917223, 2.8962171, 2.8436334, 2.7601275, 2.7653766, 2.7380532, 2.6585182, 2.5006442, 2.4133937, 2.403699, 2.4615519, 2.4377558, 2.1664584, 2.1234037, 1.9213429, 1.7880289, 50.3572845, 50.350413, 50.3483343, 50.3013586, 50.1984448, 50.1945587, 50.0651205, 50.0661417, 50.0473529, 49.9038899, 49.7583095, 49.7109689, 49.6855135, 49.5918439, 49.5026201, 49.4935823, 
49.409225, 49.2666566, 49.2647875, 49.232197, 49.1823636, 49.1707053, 49.2025534, 49.1818286, 49.1591986, 49.1763389, 49.079654, 49.1005308, 49.0641853, 49.0907327, 49.0783871, 49.0900842, 49.1175535, 49.0927876, 49.0058438, 48.9484089, 48.8519105, 49.0175043, 49.0453256, 49.0784285, 49.1380663, 49.1588151, 49.2213147, 49.3169241, 49.3598221, 49.3961828, 49.3665839, 49.405644, 49.5265226, 49.6248106, 49.6328706, 49.753724, 49.9578285, 49.97876, 50.061837, 50.0328973, 50.0480695, 50.0134572, 50.011312, 
50.0473529, 50.0413789, 50.0697511, 50.0454101, 50.0976389, 50.1160267, 50.1027112, 50.1311867, 50.1116633, 50.1525167, 50.1984075, 50.2221534, 50.2062859, 50.2037677, 50.3247363, 50.3572845)))"
FRF1,8329,55.3,31.9,42.3,33.7,37.8,58.2,44.5,56.7,17.7,38.3,71.1,60.6,76.8,81,78.7,87.9,88.2,59.1,54.9,57.7,4,1927888,1611745,51.133208983094455,0.25115566879403783,7.415524138331688,231.46692279985592,22.37790784526902,24.147720199513664,26.567674055754278,21.19096130065647,5.682643390072452,FR,4,Alsace,FRF1,0.05187023312557576,0.7505622733270813,0.9513000755230595,0.029047330550322426,0.035271758525391515,0.02749122355655515,0,0.10114695459487273,0.008817939631347879,0.1514610807266812,0.011411451287626669,0.00414961865004606,0.020229390918974546,0.029047330550322426,0,0.029047330550322426,0.0031122139875345454,0.001037404662511515,0,5.187023312557575e-4,0,0,"list(list(c(7.0949631, 7.0239161, 6.9841596, 6.9601472, 7.0239161, 7.07622, 7.162231, 7.2626231, 7.3016359, 7.265513, 7.2811557, 7.2343204, 7.1679897, 7.079356, 7.0878427, 7.1114221, 7.0885404, 7.198287, 6.9451087, 6.8906574, 6.8461755, 7.0233752, 7.0169415, 7.0839159, 7.130353, 7.1907, 7.326466, 7.3374028, 7.3527539, 7.380894, 7.4211395, 7.445019, 7.5109055, 7.5551595, 7.589039, 7.5205008, 7.5459905, 7.5382383, 7.6143858, 7.5740786, 7.577291, 7.5779195, 7.680713, 7.7361284, 7.8125877, 7.9436758, 
7.9596305, 8.0896384, 8.1688877, 8.232633, 8.0684075, 7.9106545, 7.635651, 7.5387143, 7.4563485, 7.3282418, 7.1362675, 7.0949631, 49.0586568, 48.9565081, 48.9482541, 48.9071044, 48.8808589, 48.7982714, 48.839283, 48.8137937, 48.7619478, 48.7058139, 48.6413755, 48.5683555, 48.5316328, 48.5364185, 48.5100407, 48.4760967, 48.3526179, 48.3104715, 47.9847238, 47.8481187, 47.8229425, 47.7237065, 47.606298, 47.5775625, 47.5030405, 47.442753, 47.4398535, 47.440884, 47.4344133, 47.4318925, 47.446388, 47.4617235, 
47.5025825, 47.564564, 47.589878, 47.678195, 47.743574, 47.7928169, 47.975755, 48.0403272, 48.115655, 48.121392, 48.257267, 48.3357969, 48.5990022, 48.7058139, 48.718581, 48.8089707, 48.9266264, 48.9665715, 48.9993165, 49.0451635, 49.0539505, 48.9405609, 48.9620549, 48.9494106, 49.0097346, 49.0586568)))"
NL13,2680,64.3,48.1,43.8,47.5,19.8,38.4,35.4,35.7,14.2,80.4,83.1,70.4,84,86.6,83.7,90.2,89.8,70.9,62.8,60,9.5,502051,428648,50.275967979348714,0.3362208221873873,18.64412181232584,187.33246268656717,20.433183082993562,20.784342626545907,26.852252062041504,25.966485476575087,5.945810286205983,NL,4,Drenthe,NL13,0.007967318061312496,0.31271723390651546,0.2310522237780624,0.007967318061312496,0.001991829515328124,0.009959147576640619,0.003983659030656248,0.023901954183937486,0,0.029877442729921863,0.015934636122624992,0,0.003983659030656248,0.001991829515328124,0,0.05577122642918747,0,0.001991829515328124,0,0,0,0,"list(list(c(6.4119821, 6.315237, 6.4165686, 6.369053, 6.258398, 6.119814, 6.1796733, 6.1865904, 6.1302979, 6.1589971, 6.3241304, 6.3893151, 6.4991307, 6.5470908, 6.6294295, 6.7097325, 7.0062295, 7.0534218, 7.0726598, 7.092692, 7.0272691, 7.034512, 6.9900535, 6.935702, 6.81381, 6.7303283, 6.6337991, 6.4962954, 6.4119821, 53.1765451, 53.0940515, 52.9762461, 52.9219735, 52.9222316, 52.854267, 52.8116882, 52.7906495, 52.7472182, 52.6966904, 52.6627844, 52.6178256, 52.6169743, 52.6606089, 52.6696585, 
52.6278235, 52.638763, 52.6571716, 52.8116882, 52.838201, 52.8765967, 52.915559, 52.9467757, 52.9933625, 53.0710485, 53.1172694, 53.1161775, 53.200083, 53.1765451)))"
NL21,3421,65.9,43.8,42.1,45.5,23.8,48.8,39.4,46.9,14,81.6,83.9,74.1,84.5,88.7,84.5,88.3,87,74.7,67.3,64.7,11.1,1184333,996695,49.76463545303559,0.1253870321944926,10.372251723121792,346.194972230342,22.12004562905872,24.830854160105307,26.09156377471539,21.97194539035896,4.971912460431314,NL,4,Overijssel,NL21,0.006754856953238659,0.21277799402701775,0.266816849652927,0.008443571191548323,0.002533071357464497,0.005066142714928994,0.005910499834083826,0.027019427812954636,0.002533071357464497,0.016042785263941813,0.01435407102563215,0.0016887142383096648,0.008443571191548323,0.0033774284766193295,0,0.01857585662140631,0.0016887142383096648,0,0,8.443571191548324e-4,0,0,"list(list(c(6.3241304, 6.1589971, 6.1302979, 6.1865904, 6.1796733, 6.119814, 6.0351834, 5.832435, 5.8056424, 5.9181542, 5.9702976, 5.7992805, 5.864311, 5.9397008, 6.0372889, 6.1097925, 6.0793752, 6.1664115, 6.3819975, 6.4970708, 6.760465, 6.8585842, 6.9916899, 7.065685, 7.0344256, 7.0630517, 6.9958755, 6.9241214, 6.6978655, 6.7297711, 6.7097325, 6.6294295, 6.5470908, 6.4991307, 6.3893151, 6.3241304, 52.6627844, 52.6966904, 52.7472182, 52.7906495, 52.8116882, 52.854267, 52.8231265, 52.8116882, 52.8116882, 
52.7448135, 52.6549297, 52.5995893, 52.5181695, 52.4775582, 52.5012788, 52.4405745, 52.332652, 52.231045, 52.246086, 52.1816669, 52.1185695, 52.1266936, 52.2222391, 52.241373, 52.291487, 52.3730425, 52.4544096, 52.441626, 52.486286, 52.5741505, 52.6278235, 52.6696585, 52.6606089, 52.6169743, 52.6178256, 52.6627844)))"
NL22,5137,61.5,39,39.5,40.6,25.8,52.2,41.8,50,14.5,79.4,83.1,73.6,83.7,87.7,84,88.2,86.3,75.4,66.4,64,12.3,2133708,1806647,50.36054605409925,0.0823917799436474,5.182621052177711,415.360716371423,21.22445995422054,24.270893674298453,26.234142628700834,23.17153987330975,5.083966503382843,NL,4,Gelderland,NL22,0.004218009212132119,0.2835439525933258,0.2835439525933258,0.007967350734027337,0.0037493415218952174,0.008904686114501141,0.0037493415218952174,0.03233807062634625,0.0018746707609476087,0.01968404298994989,0.010310689185211847,0.003280673831658315,0.01077935687544875,9.373353804738043e-4,0,0.0215587137508975,9.373353804738043e-4,0,0,0,0,4.6866769023690217e-4,"list(list(c(5.7913713, 5.5856128, 5.521143, 5.404633, 5.4960864, 5.4732244, 5.546705, 5.6134904, 5.6060115, 5.450937, 5.2384508, 5.149456, 5.000534, 5.121901, 5.1280575, 5.3065979, 5.4058133, 5.5978795, 5.7653764, 5.8651585, 5.953192, 5.9797364, 5.9656938, 6.0613281, 6.1531733, 6.167766, 6.4077795, 6.4188193, 6.7696276, 6.8194835, 6.6952954, 6.760465, 6.4970708, 6.3819975, 6.1664115, 6.0793752, 6.1097925, 6.0372889, 5.9397008, 5.864311, 5.7913713, 52.4266148, 52.350453, 52.2729638, 52.24963, 52.132087, 
52.0799496, 52.0851414, 51.9799019, 51.9432485, 51.9831888, 51.9717171, 51.9334525, 51.820938, 51.7757165, 51.73761, 51.7412925, 51.8136167, 51.828083, 51.7568437, 51.757408, 51.747846, 51.7708768, 51.8292952, 51.8587481, 51.8459998, 51.9008045, 51.828092, 51.8612599, 51.9212802, 51.9904814, 52.0508167, 52.1185695, 52.1816669, 52.246086, 52.231045, 52.332652, 52.4405745, 52.5012788, 52.4775582, 52.5181695, 52.4266148)))"
NL23,2413,63.3,42,41.7,43.2,20.2,41.2,37.9,39.5,15.9,72.9,81.3,72.7,82.7,86.1,83.3,84,86.6,76.3,68.9,68.2,13.2,444701,363664,49.988194314831766,0.9723387174753375,22.462733387152266,184.29382511396602,24.55897333264373,27.114847954018543,26.79868046170348,18.740457071155674,2.775797670794534,NL,4,Flevoland,NL23,0,0.4407455796141677,0.20238317431262803,0.06521235616740237,0.002248701936806978,0.008994807747227912,0,0.02698442324168374,0.002248701936806978,0.05396884648336748,0.02698442324168374,0.02248701936806978,0.03822793292571863,0.006746105810420935,0,0.03822793292571863,0.002248701936806978,0,0,0,0,0,"list(list(c(5.7864387, 5.7329972, 5.6642552, 5.640359, 5.3772615, 5.3535305, 5.2843397, 5.2357745, 5.0604265, 5.1740905, 5.079161, 5.1412273, 5.335462, 5.404633, 5.521143, 5.5856128, 5.7913713, 5.864311, 5.7992805, 5.9702976, 5.9181542, 5.8056424, 5.7864387, 52.8116882, 52.841531, 52.8301683, 52.8116882, 52.764805, 52.683649, 52.6845532, 52.6382726, 52.5789375, 52.4264167, 52.388653, 52.3268458, 52.2902185, 52.24963, 52.2729638, 52.350453, 52.4266148, 52.5181695, 52.5995893, 52.6549297, 52.7448135, 
52.8116882, 52.8116882)))"
NL31,1449,NA,NA,NA,NA,NA,NA,NA,NA,14.1,NA,NA,NA,NA,NA,NA,NA,NA,NA,NA,NA,NA,1387643,1156053,50.79339570768562,0.15414627537486228,9.359828140234915,957.655624568668,22.615543046734643,27.47486205025356,26.03738857905095,19.563389142596474,4.294980769549516,NL,4,Utrecht,NL31,0.0036032322434516656,0.274566296951017,0.23781332806780994,0.020898747012019662,0.0014412928973806664,0.004323878692141999,0.01369228252511633,0.014412928973806662,0.005044525140832332,0.012250989627735662,0.015854221871187332,0.0014412928973806664,0.0036032322434516656,0.0014412928973806664,0,0.005044525140832332,0.0014412928973806664,0,0,0,0,0,"list(list(c(5.2645299, 5.18562, 5.0640283, 5.0215375, 4.794524, 4.8690603, 4.8046338, 4.8309078, 4.8205622, 4.8778995, 5.0093791, 5.149456, 5.2384508, 5.450937, 5.6060115, 5.6134904, 5.546705, 5.4732244, 5.4960864, 5.404633, 5.335462, 5.2645299, 52.2729832, 52.1828531, 52.1718539, 52.3024985, 52.2267265, 52.1591122, 52.1226188, 52.0780481, 52.0257727, 51.9378355, 51.9742215, 51.9334525, 51.9717171, 51.9831888, 51.9432485, 51.9799019, 52.0851414, 52.0799496, 52.132087, 52.24963, 52.2902185, 52.2729832
)))"
NL32,3403,58.1,28.6,31.6,26.6,24.5,61.6,50.7,62.5,15.8,74.8,82.6,74.2,84,88.1,84.3,88.1,85.4,75.9,67.3,66.1,12.7,2952622,2505684,50.62148151710581,0.2164855508087388,5.940889148695634,867.6526594181604,20.656216745658604,28.03636903064463,26.372458106726835,20.447012858401788,4.474802395972122,NL,4,Noord-Holland,NL32,0.011515188872805256,0.22623959314805622,0.15850318801390764,0.007789686590427085,0.0023707741796951997,0.006096276462073371,0.007451004564756342,0.016256737232195655,0.003725502282378171,0.010499142795793028,0.01828882938622011,0.0010160460770122285,0.003725502282378171,0.0013547281026829714,0,0.016256737232195655,0.001693410128353714,3.3868202567074286e-4,0,0,0,0,"list(list(c(4.885118, 4.7395811, 4.6801098, 4.649071, 4.6096765, 4.5605965, 4.4938475, 4.611684, 4.5717301, 4.728766, 4.794524, 5.0215375, 5.0640283, 5.18562, 5.2645299, 5.335462, 5.1412273, 5.079161, 5.1740905, 5.0604265, 5.2357745, 5.2843397, 5.3535305, 5.3772615, 5.337842, 5.3178891, 5.2363311, 5.1643835, 4.885118, 52.8940605, 52.9588521, 52.8116882, 52.7561775, 52.573401, 52.437426, 52.32826, 52.313587, 52.2248677, 52.2098195, 52.2267265, 52.3024985, 52.1718539, 52.1828531, 52.2729832, 52.2902185, 
52.3268458, 52.388653, 52.4264167, 52.5789375, 52.6382726, 52.6845532, 52.683649, 52.764805, 52.7959555, 52.8116882, 52.8811102, 53.0009105, 52.8940605)), list(c(4.8615186, 4.8971341, 4.9087939, 4.8611235, 4.841301, 4.7512046, 4.7197028, 4.7083262, 4.7204961, 4.7514591, 4.7844517, 4.8193703, 4.8615186, 53.0422965, 53.0774892, 53.1350421, 53.1834035, 53.183408, 53.0989882, 53.060948, 53.0221693, 52.9840288, 53.0092985, 53.0013231, 53.0291646, 53.0422965)))"
FRI3,25967,54,47.8,47.5,42.5,29.8,39.1,36.6,44.6,18,40.2,68.6,56.5,74,81,75.7,86.8,83.2,56,48.5,49.8,3.2,1836624,1556806,51.50999878037095,0.2004220787706139,7.847714066678863,70.72915623676204,20.950232600684735,20.258637587225255,25.478922196377702,25.77424666126545,7.4824787218287465,FR,4,Poitou-Charentes,FRI3,0.0185122267813118,0.6784186638092501,1.021983813780066,0.019601181297859552,0.06315936195976966,0.02395699936405056,5.444772582738764e-4,0.18621122232966572,0.04410265792018399,0.24229237993187502,0.02395699936405056,0.008167158874108146,0.056081157602209275,0.06370383921804354,0,0.023412522105776684,0.009800590648929776,0.006533727099286517,0,0.0010889545165477528,0,5.444772582738764e-4,"list(list(c(0.0969197, 0.05383, 0.0068123, -0.102116, -0.2426811, -0.5074301, -0.6117104, -0.891964, -0.8220303, -0.8121483, -0.7196173, -0.7170271, -0.6117059, -0.6291562, -0.5497058, -0.6425477, -0.7504715, -0.8207244, -0.9402225, -0.9658776, -1.075287, -1.1155264, -1.121973, -1.2190252, -1.1348915, -1.0605593, -1.0797696, -1.1426709, -1.1466948, -1.2164066, -1.1975, -1.2555216, -1.4002817, -1.3846208, -1.2655733, -1.2279028, -0.8286816, -0.757778, -0.7148255, -0.5816982, -0.4385085, -0.3846113, 
-0.3303173, -0.1828615, -0.0401975, 0.004336, 0.0617692, 0.0969197, 0.1429436, 0.2561624, 0.2552262, 0.2924408, 0.4963376, 0.5118972, 0.629741, 0.7754047, 0.836951, 0.9249033, 0.9099715, 0.8354663, 0.8234325, 0.8184732, 0.8892979, 0.9282446, 0.9948895, 1.0466955, 1.177279, 1.1792593, 1.1225403, 0.9210727, 0.9114636, 0.867469, 0.7157309, 0.6785528, 0.5912145, 0.5797461, 0.3215447, 0.299474, 0.2015602, 0.1856774, 0.0969197, 47.143903, 47.1637335, 47.162541, 47.0648, 47.1019628, 47.0767156, 46.9984583, 
46.9758205, 46.9182816, 46.8690603, 46.8177659, 46.7635086, 46.5979746, 46.4188208, 46.3845117, 46.3266152, 46.3042545, 46.3333787, 46.3172347, 46.3551725, 46.3199935, 46.3050688, 46.2599493, 46.1617361, 46.127086, 46.0235384, 45.909112, 45.8561666, 45.8111547, 45.8048218, 45.8869811, 45.9845935, 46.0387115, 45.9646841, 45.8672465, 45.7040105, 45.4960276, 45.4240479, 45.32837, 45.3240157, 45.2802914, 45.1555717, 45.1594188, 45.0944903, 45.10238, 45.191628, 45.2242413, 45.2219299, 45.2189035, 45.3014781, 
45.3741935, 45.439828, 45.5518243, 45.6164229, 45.71457, 45.8159246, 45.920837, 45.9707445, 46.010678, 46.0491197, 46.1285845, 46.2198516, 46.2767958, 46.2799883, 46.2854513, 46.3551744, 46.383948, 46.4387768, 46.5141347, 46.6091068, 46.7025855, 46.7482165, 46.8959891, 46.9742065, 47.0056439, 46.9588633, 46.9443532, 47.0437837, 47.063821, 47.1030555, 47.143903)), list(c(-1.289515, -1.3564863, -1.4011388, -1.3552705, -1.3014845, -1.2675603, -1.289515, 46.1884586, 46.2086269, 46.1879655, 46.1528798, 
46.139924, 46.1559703, 46.1884586)), list(c(-1.4712023, -1.5128934, -1.5567209, -1.5350711, -1.4301312, -1.4315785, -1.4712023, 46.2324945, 46.2586125, 46.2358278, 46.2022007, 46.1922124, 46.2308832, 46.2324945)))"
FRJ1,27643,55.2,42.3,42.7,40.9,35.5,47.3,38.9,47.3,23.3,31.9,63.2,53.7,68.9,74.6,70.6,76.1,78.2,55.6,45.9,48.2,3.5,2948904,2477268,52.02858417907128,0.2745426775507103,7.0642855786420995,106.67814636616865,21.83943593958976,21.648653194542785,25.35070656759257,24.31008266121922,6.801916915572701,FR,4,Languedoc-Roussillon,FRJ1,0.020007433270123408,0.5581734773325955,0.8576067583074932,0.05730942750255688,0.0444232840404435,0.040693084617200156,0.0020346542308600076,0.18583175308521402,0.03051981346290011,0.19600502423951405,0.01627723384688006,0.0050866355771500196,0.025094068847273426,0.032893576732236786,6.782180769533358e-4,0.06239606307970691,0.006103962692580023,0.0013564361539066716,0,6.782180769533358e-4,0,6.782180769533358e-4,"list(list(c(3.3613475, 3.1953846, 3.1139691, 2.983513, 3.0716364, 3.0782548, 3.1334962, 3.1318244, 3.1953846, 3.2286911, 3.3414296, 3.373648, 3.2869941, 3.4388013, 3.358362, 3.263991, 3.2160947, 3.1953846, 3.0683352, 3.0537563, 2.935457, 2.7835794, 2.6534079, 2.625683, 2.6546059, 2.5657825, 2.2695385, 2.2071347, 2.1664584, 2.0871439, 2.029134, 1.9169409, 1.8557944, 1.803787, 1.748845, 1.7122451, 1.6884235, 1.7265039, 1.8760955, 1.9489951, 1.9840691, 1.9455698, 1.9817244, 1.8803491, 1.8736703, 1.9022232, 
1.9610846, 2.0614574, 2.1198488, 2.166049, 2.0114048, 1.9490425, 1.7860985, 1.7549488, 1.725801, 1.731011, 1.9170045, 1.9661314, 2.0191201, 2.1664584, 2.267755, 2.5568746, 2.6321747, 2.7062166, 2.8750561, 3.0135063, 3.1750198, 3.1417115, 3.0754115, 3.049365, 3.0443642, 3.0434065, 3.0806459, 3.1953846, 3.240516, 3.3699217, 3.5412048, 3.8954892, 4.0672338, 4.1010835, 4.13663, 4.2302805, 4.2562764, 4.3892793, 4.4540286, 4.4390777, 4.4903922, 4.6156775, 4.6484835, 4.7390595, 4.8354614, 4.719594, 4.7135911, 
4.6492275, 4.5021539, 4.4292797, 4.3420957, 4.2504746, 4.0570375, 4.0569615, 3.9981615, 3.8906942, 3.862531, 3.6378857, 3.4766093, 3.4081002, 3.3613475, 44.971408, 44.8740317, 44.8856099, 44.6553972, 44.5661891, 44.5004347, 44.4464363, 44.2703831, 44.2260547, 44.2028259, 44.2014065, 44.1707595, 44.0879797, 44.024366, 43.9138295, 43.8878358, 43.817775, 43.8190604, 43.8269462, 43.7026842, 43.694665, 43.6269404, 43.6407013, 43.563972, 43.4871987, 43.422958, 43.4496501, 43.3933404, 43.3947763, 43.3975762, 
43.4368955, 43.412498, 43.4319126, 43.3483436, 43.3414289, 43.3014629, 43.2735545, 43.1884501, 43.1320849, 43.1046168, 43.0006557, 42.9436181, 42.8805828, 42.8468463, 42.8205571, 42.794225, 42.7399417, 42.7495786, 42.7231822, 42.6639175, 42.6584696, 42.6124173, 42.573658, 42.5378804, 42.504402, 42.492401, 42.4509357, 42.4081594, 42.3620204, 42.4039938, 42.4253292, 42.3430812, 42.3524898, 42.4092552, 42.4615424, 42.4668844, 42.4351778, 42.4695039, 42.5378804, 42.5647426, 42.794225, 42.8381725, 43.0455661, 
43.1656382, 43.2128675, 43.2744325, 43.3014629, 43.509994, 43.5569547, 43.5547055, 43.492556, 43.4601835, 43.5018491, 43.563972, 43.5942151, 43.6347262, 43.6950275, 43.6933035, 43.861078, 43.924062, 44.0071696, 44.0913015, 44.1955808, 44.27036, 44.3331464, 44.2995336, 44.3354788, 44.2794429, 44.3316948, 44.4089439, 44.4597985, 44.6553972, 44.743866, 44.8734717, 44.8175183, 44.9397901, 44.971408), c(1.9537091, 1.9929031, 1.9975839, 1.9446341, 1.9537091, 42.4863331, 42.4923056, 42.4371883, 42.4544094, 
42.4863331)))"
FRJ2,45603,57.6,38.6,41.8,37.5,37.2,51.5,46.3,53.2,21,32.9,70,59.8,75.6,84.5,78.9,84.5,88.2,60.6,52.4,55.7,3.9,3172349,2665403,51.20448601336107,0.19301155074678103,5.382636021446568,69.56448040699077,21.89459608637007,23.236094137183517,25.813269599278012,22.34653249059293,6.658094679998953,FR,4,Midi-Pyrénées,FRJ2,0.02553313018208274,0.576229160158608,1.52883557263088,0.024272234864449026,0.03530506889374404,0.035620292723152466,3.1522382940842893e-4,0.1497313189690037,0.024902682523265884,0.22128712824471708,0.01702208678805516,0.006304476588168578,0.03152238294084289,0.033098502087885034,0.0025217906352674314,0.013869848493970872,0.0037826859529011465,0.005043581270534863,0,3.1522382940842893e-4,0,3.1522382940842893e-4,"list(list(c(1.5426225, 1.44826, 1.4139442, 1.4217053, 1.3130575, 1.2900364, 1.1485253, 1.075142, 0.9928121, 1.0640815, 0.9026154, 0.8872561, 0.9187343, 0.8742143, 0.7979037, 0.741885, 0.6603943, 0.5872117, 0.37909, 0.0969197, 0.0760435, 0.0482559, -0.0353746, -0.2073912, -0.2037865, -0.2752747, -0.242833, -0.096788, -0.0883573, 0.0104189, -0.0353336, -0.0660396, -0.1362627, -0.2762183, -0.318223, -0.313342, -0.2156833, -0.0297668, 0.0969197, 0.1781179, 0.2948041, 0.3604035, 0.4777555, 0.660127, 0.6717218, 
0.6772165, 0.858215, 0.9282446, 1.0028729, 1.0761081, 1.1647703, 1.2533371, 1.3485283, 1.442566, 1.5352096, 1.7860985, 1.9490425, 2.0114048, 2.166049, 2.1198488, 2.0614574, 1.9610846, 1.9022232, 1.8736703, 1.8803491, 1.9817244, 1.9455698, 1.9840691, 1.9489951, 1.8760955, 1.7265039, 1.6884235, 1.7122451, 1.748845, 1.803787, 1.8557944, 1.9169409, 2.029134, 2.0871439, 2.1664584, 2.2071347, 2.2695385, 2.5657825, 2.6546059, 2.625683, 2.6534079, 2.7835794, 2.935457, 3.0537563, 3.0683352, 3.1953846, 3.2160947, 
3.263991, 3.358362, 3.4388013, 3.2869941, 3.373648, 3.3414296, 3.2286911, 3.1953846, 3.1318244, 3.1334962, 3.0782548, 3.0716364, 2.983513, 2.9619894, 2.9250841, 2.8488781, 2.7775916, 2.7415016, 2.6156995, 2.4874595, 2.430046, 2.3522071, 2.3362957, 2.3226919, 2.284181, 2.2558876, 2.207473, 2.176693, 2.1664584, 2.1424671, 2.1626375, 2.097013, 2.062908, 1.9028331, 1.791076, 1.6361425, 1.5426225, 45.0422064, 45.019314, 44.9940443, 44.8708573, 44.7946211, 44.7248526, 44.6553972, 44.5773255, 44.5356485, 
44.3785085, 44.3604111, 44.3158398, 44.2487875, 44.1487683, 44.1295734, 44.065199, 44.0473137, 44.0721732, 44.0091119, 43.9849277, 43.9831385, 43.907208, 43.975119, 43.9121183, 43.7405373, 43.6320237, 43.584979, 43.582405, 43.563972, 43.3480057, 43.3013567, 43.2008146, 43.1320849, 42.9951055, 42.9012416, 42.849365, 42.794225, 42.6892529, 42.7157385, 42.7327141, 42.6835344, 42.7169123, 42.70002, 42.6909525, 42.794225, 42.8431649, 42.825741, 42.8104839, 42.794225, 42.7782695, 42.7150073, 42.7158161, 
42.7139013, 42.603668, 42.6530864, 42.573658, 42.6124173, 42.6584696, 42.6639175, 42.7231822, 42.7495786, 42.7399417, 42.794225, 42.8205571, 42.8468463, 42.8805828, 42.9436181, 43.0006557, 43.1046168, 43.1320849, 43.1884501, 43.2735545, 43.3014629, 43.3414289, 43.3483436, 43.4319126, 43.412498, 43.4368955, 43.3975762, 43.3947763, 43.3933404, 43.4496501, 43.422958, 43.4871987, 43.563972, 43.6407013, 43.6269404, 43.694665, 43.7026842, 43.8269462, 43.8190604, 43.817775, 43.8878358, 43.9138295, 44.024366, 
44.0879797, 44.1707595, 44.2014065, 44.2028259, 44.2260547, 44.2703831, 44.4464363, 44.5004347, 44.5661891, 44.6553972, 44.6553972, 44.7822753, 44.8697246, 44.8677762, 44.9318676, 44.8542495, 44.6553972, 44.6414825, 44.6419978, 44.6553972, 44.6671386, 44.6649293, 44.6553972, 44.615529, 44.6374677, 44.6648652, 44.7103639, 44.8006504, 44.875509, 44.9765045, 44.97058, 44.9266147, 45.0273259, 45.0422064)), list(c(-0.0902675, -0.0690262, -0.0767522, -0.111679, -0.1355718, -0.1120001, -0.08617, -0.0902675, 
43.2990563, 43.3192186, 43.3610398, 43.3323319, 43.2674286, 43.2439227, 43.2658976, 43.2990563)))"
FRK1,26172,59.8,45.1,49.9,46.3,29.7,40.6,34.9,41.1,15.4,42.6,71.6,59.2,77.4,85.3,78.5,88.5,88.3,55.4,51.2,52.5,3.5,1370396,1160881,51.36843656869985,0.2378144711455667,8.780016871035818,52.36114931988384,21.066611402835385,21.016844766038428,25.63937723110692,24.919001514890585,7.308836277980963,FR,4,Auvergne,FRK1,0.019702334215803315,0.5217469986777544,1.3003540582430189,0.017513185969602947,0.040134384513673425,0.033566939775072316,7.297160820667895e-4,0.17148327928569554,0.027729211118538002,0.18607760092703132,0.02554006287233763,0.005108012574467526,0.02699949503647121,0.04086410059574021,0.005108012574467526,0.021891482462003686,0.002918864328267158,0.013864605559269001,0,0,0,0,"list(list(c(2.9470777, 2.7851126, 2.7135076, 2.5933791, 2.5974905, 2.3654046, 2.2810435, 2.3348597, 2.4750982, 2.5653725, 2.5541628, 2.5971002, 2.5044439, 2.4002756, 2.4921295, 2.5238901, 2.4700157, 2.5084125, 2.5013566, 2.3756489, 2.3377356, 2.2148904, 2.1664584, 2.1081272, 2.1290212, 2.062908, 2.097013, 2.1626375, 2.1424671, 2.1664584, 2.176693, 2.207473, 2.2558876, 2.284181, 2.3226919, 2.3362957, 2.3522071, 2.430046, 2.4874595, 2.6156995, 2.7415016, 2.7775916, 2.8488781, 2.9250841, 2.9619894, 
2.983513, 3.1139691, 3.1953846, 3.3613475, 3.4081002, 3.4766093, 3.6378857, 3.862531, 3.9529013, 4.0672338, 4.1545732, 4.232837, 4.2994908, 4.3097028, 4.3663848, 4.389111, 4.4586631, 4.483132, 4.3713046, 4.3559413, 4.3263836, 4.1722761, 4.0672338, 3.9721186, 3.8974085, 3.899291, 3.9629067, 3.976343, 3.9429216, 3.8184995, 3.7148655, 3.7443053, 3.694015, 3.7136358, 3.8171781, 3.7808572, 3.8995385, 3.9822013, 3.9895085, 3.7465586, 3.6294225, 3.5971711, 3.5485306, 3.4678362, 3.4152158, 3.1953846, 3.032063, 
2.9470777, 46.7971641, 46.7257637, 46.7315636, 46.6493516, 46.5480026, 46.5130979, 46.4204035, 46.3267604, 46.275872, 46.143036, 46.1003145, 45.9712567, 45.8777352, 45.8251448, 45.73767, 45.674967, 45.5985978, 45.4785015, 45.3926134, 45.3974175, 45.3300526, 45.2268729, 45.0901681, 45.060295, 44.9926902, 44.9765045, 44.875509, 44.8006504, 44.7103639, 44.6648652, 44.6374677, 44.615529, 44.6553972, 44.6649293, 44.6671386, 44.6553972, 44.6419978, 44.6414825, 44.6553972, 44.8542495, 44.9318676, 44.8677762, 
44.8697246, 44.7822753, 44.6553972, 44.6553972, 44.8856099, 44.8740317, 44.971408, 44.9397901, 44.8175183, 44.8734717, 44.743866, 44.8205206, 44.8682733, 44.878964, 44.9594819, 44.9747046, 45.0215012, 45.0397377, 45.1366235, 45.1610536, 45.2364455, 45.2724296, 45.345831, 45.3646247, 45.3857824, 45.3370281, 45.370168, 45.35708, 45.4006584, 45.444447, 45.487863, 45.5641339, 45.6414438, 45.7863196, 45.8887952, 45.930728, 45.9655113, 45.9974756, 46.2349263, 46.275908, 46.3336791, 46.4642382, 46.5458007, 
46.7494565, 46.7526733, 46.6929293, 46.6624243, 46.7110793, 46.6898367, 46.7949095, 46.7971641)))"
FRK2,44962,52.3,33.1,39.2,32.8,38.6,58,46.9,57.8,18.5,36.6,70.8,61.8,76.7,82.5,79,85.7,86.6,61.5,55,58.2,4.3,6826040,5601695,51.209998769418284,0.1393340794955787,3.197109890947021,151.8179796272408,24.167452871650326,24.363335110840254,25.83062800686782,19.913873929833404,5.684262031866206,FR,4,Rhône-Alpes,FRK2,0.013038306250769113,0.5785199031942386,0.732928608680875,0.02519762556328413,0.03823593181405324,0.029446062431512265,1.464978230423496e-4,0.11558678238041384,0.01406379101206556,0.18019232234209,0.019191214818547797,0.008057380267329228,0.018898219172463097,0.018898219172463097,0.0024904629917199433,0.019191214818547797,0.004248436868228138,0.0030764542838893415,0,0.0019044716995505447,0,0,"list(list(c(5.0697223, 4.9420466, 4.7802085, 4.7336051, 4.6753436, 4.5171768, 4.4223832, 4.3880745, 4.2798246, 4.0672338, 4.0064377, 3.9048041, 3.8995385, 3.7808572, 3.8171781, 3.7136358, 3.694015, 3.7443053, 3.7148655, 3.8184995, 3.9429216, 3.976343, 3.9629067, 3.899291, 3.8974085, 3.9721186, 4.0672338, 4.1722761, 4.3263836, 4.3559413, 4.3713046, 4.483132, 4.4586631, 4.389111, 4.3663848, 4.3097028, 4.2994908, 4.232837, 4.1545732, 4.0672338, 3.9529013, 3.862531, 3.8906942, 3.9981615, 4.0569615, 4.0570375, 
4.2504746, 4.3420957, 4.4292797, 4.5021539, 4.6492275, 4.650611, 4.7824951, 4.830491, 4.9381142, 4.9667938, 4.8983181, 4.8884453, 4.9221357, 4.9732812, 5.0424034, 5.0024562, 5.149128, 5.1710518, 5.3625029, 5.3922405, 5.4987865, 5.5897316, 5.6496623, 5.676036, 5.6675219, 5.6253682, 5.4820569, 5.4386744, 5.4870702, 5.6221902, 5.6153483, 5.6457952, 5.7852325, 5.80147, 5.8317633, 5.9326978, 6.0178411, 6.1328052, 6.3458964, 6.3551255, 6.3180729, 6.2115059, 6.26057, 6.4413372, 6.5088224, 6.630051, 6.7703025, 
6.8700195, 6.9777144, 7.1141112, 7.1201383, 7.1752269, 7.104723, 7.0084844, 6.9883607, 6.8406512, 6.8023685, 6.8276153, 6.9703879, 7.044886, 6.9503256, 6.8846921, 6.889227, 6.8007892, 6.8538898, 6.7814936, 6.821064, 6.5219525, 6.3175228, 6.219547, 6.2911907, 6.281627, 6.144433, 5.956067, 5.9821894, 6.11163, 6.125608, 6.156247, 6.064003, 5.8661349, 5.7381734, 5.6471409, 5.4907966, 5.3120797, 5.3105635, 5.2366541, 5.1764914, 5.0697223, 46.4876766, 46.5091572, 46.176676, 46.1871385, 46.3008448, 46.2717118, 
46.2974397, 46.2197905, 46.1677655, 46.1873334, 46.1712246, 46.2153329, 46.275908, 46.2349263, 45.9974756, 45.9655113, 45.930728, 45.8887952, 45.7863196, 45.6414438, 45.5641339, 45.487863, 45.444447, 45.4006584, 45.35708, 45.370168, 45.3370281, 45.3857824, 45.3646247, 45.345831, 45.2724296, 45.2364455, 45.1610536, 45.1366235, 45.0397377, 45.0215012, 44.9747046, 44.9594819, 44.878964, 44.8682733, 44.8205206, 44.743866, 44.6553972, 44.4597985, 44.4089439, 44.3316948, 44.2794429, 44.3354788, 44.2995336, 
44.3331464, 44.27036, 44.329803, 44.3139121, 44.2382431, 44.2667626, 44.2910884, 44.3087401, 44.3526457, 44.4055134, 44.4230506, 44.3772869, 44.2950989, 44.291679, 44.2264479, 44.2079981, 44.1604863, 44.1157165, 44.1847315, 44.15901, 44.1914285, 44.2576374, 44.3062257, 44.3533798, 44.4117619, 44.4817861, 44.491479, 44.5610319, 44.6291528, 44.6583099, 44.7067775, 44.7521211, 44.7592631, 44.8287026, 44.8579414, 44.8603035, 44.92735, 44.988634, 45.0203329, 45.126844, 45.0587631, 45.1042506, 45.1098565, 
45.1525289, 45.1343334, 45.2076261, 45.240827, 45.3266555, 45.3972177, 45.4684545, 45.5086606, 45.6386283, 45.697877, 45.778562, 45.8287471, 45.8623645, 45.922413, 46.0466261, 46.054519, 46.1185196, 46.1555415, 46.2744991, 46.3489229, 46.4271545, 46.4538408, 46.3939486, 46.311878, 46.2509857, 46.224007, 46.1473407, 46.1320955, 46.2067023, 46.2540242, 46.31723, 46.3709388, 46.416229, 46.2684687, 46.2661005, 46.3266899, 46.2669897, 46.412182, 46.44677, 46.4603668, 46.5121823, 46.4876766)))"
FRL0,31839,58.4,41,40.4,41.6,31.2,46.3,42.1,44.8,21.5,28.6,65.8,56.2,72.3,76.6,74.6,82.2,81.3,58.7,48.2,51.3,4.1,5194349,4359017,52.11838865659585,0.2465756536574651,4.9114143081260035,163.14422563522723,21.584244724411086,22.104309895234223,25.772469273820455,23.25436739040831,7.223503850049352,FR,4,Provence-Alpes-Côte d’Azur,FRL0,0.02290951185605742,0.506126946803151,0.5523310043279726,0.0259897823577122,0.027529917608539588,0.029070052859366976,1.9251690635342368e-4,0.11724279596923502,0.012321082006619116,0.09895368986565978,0.020791825886169756,0.013476183444739658,0.017519038478161556,0.02252447804335057,7.700676254136947e-4,0.05101698018365727,0.0028877535953013554,0.0036578212207150503,3.8503381270684736e-4,0,0,0,"list(list(c(6.2115059, 6.3180729, 6.3551255, 6.3458964, 6.1328052, 6.0178411, 5.9326978, 5.8317633, 5.80147, 5.7852325, 5.6457952, 5.6153483, 5.6221902, 5.4870702, 5.4386744, 5.4820569, 5.6253682, 5.6675219, 5.676036, 5.6496623, 5.5897316, 5.4987865, 5.3922405, 5.3625029, 5.1710518, 5.149128, 5.0024562, 5.0424034, 4.9732812, 4.9221357, 4.8884453, 4.8983181, 4.9667938, 4.9381142, 4.830491, 4.7824951, 4.650611, 4.6492275, 4.7135911, 4.719594, 4.8354614, 4.7390595, 4.6484835, 4.6156775, 4.4903922, 4.4390777, 
4.4540286, 4.3892793, 4.2562764, 4.2302805, 4.5335789, 4.580099, 4.5730805, 4.5997636, 4.8282066, 4.8691721, 4.8663882, 4.9426937, 5.0618037, 5.3171512, 5.3504753, 5.3509722, 5.3514641, 5.3615893, 5.5321164, 5.5933217, 5.6718795, 5.715372, 5.8426406, 5.9864984, 6.1412505, 6.2204203, 6.3383597, 6.4267076, 6.4452372, 6.6196163, 6.6663013, 6.6269894, 6.7477777, 6.8438065, 6.9313255, 6.986666, 7.0521129, 7.0792808, 7.1117636, 7.1624091, 7.415697, 7.410283, 7.412828, 7.413383, 7.437358, 7.439249, 7.529827, 
7.5084002, 7.7142365, 7.6648717, 7.3727491, 7.0249726, 6.887428, 6.923505, 6.8625575, 6.9348319, 6.9492504, 6.99338, 7.0642441, 7.065755, 7.0283336, 7.0019279, 6.8662927, 6.7611165, 6.7388966, 6.6786591, 6.630051, 6.5088224, 6.4413372, 6.26057, 6.2115059, 45.0203329, 44.988634, 44.92735, 44.8603035, 44.8579414, 44.8287026, 44.7592631, 44.7521211, 44.7067775, 44.6583099, 44.6291528, 44.5610319, 44.491479, 44.4817861, 44.4117619, 44.3533798, 44.3062257, 44.2576374, 44.1914285, 44.15901, 44.1847315, 
44.1157165, 44.1604863, 44.2079981, 44.2264479, 44.291679, 44.2950989, 44.3772869, 44.4230506, 44.4055134, 44.3526457, 44.3087401, 44.2910884, 44.2667626, 44.2382431, 44.3139121, 44.329803, 44.27036, 44.1955808, 44.0913015, 44.0071696, 43.924062, 43.861078, 43.6933035, 43.6950275, 43.6347262, 43.5942151, 43.563972, 43.5018491, 43.4601835, 43.4481778, 43.417948, 43.3811777, 43.3584169, 43.3346012, 43.3511867, 43.4054584, 43.4273738, 43.3279047, 43.3509258, 43.3233548, 43.3014629, 43.2797892, 43.2147816, 
43.2043604, 43.1682909, 43.179269, 43.1514666, 43.0701109, 43.0963636, 43.0610252, 43.105255, 43.1036642, 43.1481684, 43.1514666, 43.1825055, 43.2498712, 43.3014629, 43.4027988, 43.4190325, 43.480258, 43.5358593, 43.497559, 43.563972, 43.5736403, 43.6498662, 43.7259105, 43.7293497, 43.7317125, 43.734577, 43.7516325, 43.7490195, 43.784008, 43.8691407, 44.0615135, 44.1738816, 44.1219288, 44.2327775, 44.361287, 44.4381581, 44.5286985, 44.5858674, 44.6553972, 44.685782, 44.6859744, 44.7134645, 44.7447598, 
44.8381963, 44.8526246, 44.9047995, 45.0053551, 45.0271409, 45.1098565, 45.1042506, 45.0587631, 45.126844, 45.0203329)), list(c(6.424709, 6.3833714, 6.3692341, 6.3794485, 6.4179963, 6.424709, 43.0213085, 43.0279962, 43.0056038, 42.9808575, 42.9825776, 43.0213085)), list(c(6.2193642, 6.1922255, 6.2447024, 6.2513303, 6.2193642, 43.0349081, 42.9977919, 42.974583, 43.0163152, 43.0349081)))"
FRM0,8726,57.1,40.6,39.6,38.5,NA,41.1,32.5,40.3,23.3,23.6,63.8,53.7,71.2,73,73.8,83.5,80.1,56.3,48.1,52.3,NA,354266,300779,51.540650245860455,0.5625716269695652,28.687201142644227,40.598899839559934,20.030993660131088,21.621606363579907,26.993840786301817,24.201024089243674,7.112169951392456,FR,4,Corse,FRM0,0.03951832803599555,0.629470510859072,2.441668125081154,0.014113688584284126,0.014113688584284126,0.025404639451711425,0,0.06774570520456381,0.011290950867427301,0.014113688584284126,0.019759164017997776,0.014113688584284126,0.011290950867427301,0.045163803469709204,0.0056454754337136506,0.09879582008998888,0.0028227377168568253,0,0,0,0,0,"list(list(c(9.4300445, 9.3487145, 9.3118434, 9.141466, 9.0186605, 8.8158395, 8.6804735, 8.6637113, 8.5734845, 8.5630929, 8.6097021, 8.6780131, 8.5810474, 8.5911577, 8.693402, 8.7337418, 8.6074495, 8.6201612, 8.626804, 8.7570194, 8.7915305, 8.7763332, 8.7035013, 8.8810292, 8.8690261, 8.7923322, 8.7971262, 8.9281532, 9.1026661, 9.1087486, 9.1922205, 9.2298072, 9.283323, 9.3462489, 9.3386622, 9.4019047, 9.4021975, 9.4250496, 9.5433189, 9.532956, 9.5263176, 9.4594015, 9.4821704, 9.4300445, 42.992443, 
42.9698636, 42.7021263, 42.7276762, 42.6478195, 42.59811, 42.5119673, 42.4695039, 42.3812835, 42.3448791, 42.3426643, 42.2723337, 42.2346125, 42.1405732, 42.1025285, 42.0508313, 41.9631599, 41.9379874, 41.9066353, 41.925392, 41.9029813, 41.8284207, 41.7442096, 41.6858376, 41.6542728, 41.620019, 41.5747235, 41.4933186, 41.4382298, 41.4003502, 41.3711895, 41.3865028, 41.5184933, 41.5725404, 41.6188998, 41.7186074, 41.858666, 41.947248, 42.1245498, 42.4695039, 42.5400625, 42.6699182, 42.8326196, 42.992443
)))"
FRY1,1685,56.6,41.4,38.9,43.3,20.7,37.5,27.5,32.1,36,13.9,51.7,44.7,57.8,59.3,60.2,67.7,62.7,53.8,38.9,42.7,4.5,413861,344364,54.185825675770374,4.075039687237986,38.409755932547405,245.61483679525222,23.299368628597524,19.120670949908302,27.758836904177972,24.348996402173675,5.407129446843264,FR,4,Guadeloupe,FRY1,0.007248810590995527,0.5194980923546795,0.36727306994377334,0.007248810590995527,0.03866032315197614,0.04832540393997019,0,0.033827782757979125,0.03624405295497764,0.02899524236398211,0.050741674136968694,0.014497621181991055,0.02174643177298658,0.14014367142591352,0.002416270196998509,0.04832540393997019,0.004832540393997018,0.002416270196998509,0,0,0,0,"list(list(c(-61.3127636, -61.3767783, -61.4006297, -61.3985893, -61.4125728, -61.4719005, -61.5357438, -61.5216232, -61.4935958, -61.522924, -61.5512103, -61.593641, -61.6238105, -61.7125343, -61.7422551, -61.7762458, -61.800666, -61.8084605, -61.7823091, -61.7904429, -61.7786489, -61.7692373, -61.7461352, -61.7098233, -61.7065343, -61.6195078, -61.5566406, -61.5598135, -61.5899465, -61.5831244, -61.5436104, -61.4656113, -61.3669425, -61.2986835, -61.2326618, -61.2596648, -61.3127636, 16.330885, 
16.3412902, 16.3723498, 16.422716, 16.4688549, 16.5093274, 16.452563, 16.3919273, 16.3534352, 16.3451826, 16.2863835, 16.2668729, 16.3015129, 16.3371745, 16.3610778, 16.3484796, 16.3149224, 16.2719076, 16.2139753, 16.1670344, 16.140492, 16.0598031, 16.010888, 15.9711093, 15.9496744, 15.9729351, 16.0524371, 16.094701, 16.1949237, 16.2344284, 16.2140252, 16.1979648, 16.2335957, 16.2433319, 16.2648459, 16.3014754, 16.330885)), list(c(-61.2041343, -61.1982546, -61.233835, -61.2764556, -61.3180633, -61.3373004, 
-61.321827, -61.2792995, -61.2426838, -61.2041343, 15.9019281, 15.9394716, 15.985352, 16.0064947, 15.9755935, 15.9394716, 15.885457, 15.8671294, 15.8745701, 15.9019281)), list(c(-63.0204752, -63.0415128, -63.0770802, -63.0882531, -63.0190685, -63.0204752, 18.1070616, 18.1177255, 18.0908404, 18.0462608, 18.0562993, 18.1070616)), list(c(-61.618702, -61.6383486, -61.5610892, -61.5602646, -61.618702, 15.8905516, 15.8631441, 15.8358022, 15.8787217, 15.8905516)), list(c(-61.0274847, -61.0646951, -61.0822577, 
-61.0474753, -61.0167333, -61.0274847, 16.344296, 16.3377814, 16.3100895, 16.2928271, 16.3227771, 16.344296)))"
FRY2,1108,56.3,43.4,42.7,41.3,25.8,40.6,29.2,46,30.5,20,59.9,50.9,66.2,67.1,68,72.5,75.3,60.3,44.5,47.9,5.9,359202,304256,54.42397314046136,3.7555470181123716,34.85531817751571,324.1895306859206,20.971486795730534,18.780519039426284,27.713932550486913,26.130144041514246,6.312325655202366,FR,4,Martinique,FRY2,0.008351846593281774,0.31737017054470745,0.22828380688303518,0,0.030623437508699843,0.061246875017399685,0,0.027839488644272582,0.052895028424117904,0.013919744322136291,0.016703693186563548,0.011135795457709033,0.008351846593281774,0.13084559662808112,0,0.036191335237554356,0.005567897728854516,0,0,0,0.002783948864427258,0,"list(list(c(-60.8352478, -60.8318384, -60.850785, -60.8713674, -60.9129385, -60.9420951, -60.913305, -60.9446705, -61.030157, -61.0572328, -61.1389031, -61.2041434, -61.2291766, -61.2141906, -61.1794293, -61.1844581, -61.1509197, -61.090823, -61.0383433, -61.0093424, -61.0877094, -61.0818058, -61.0499669, -61.0207719, -60.9910932, -60.9104324, -60.8812505, -60.874821, -60.8401676, -60.8109593, -60.8352478, 14.5144531, 14.5627303, 14.5721085, 14.6166638, 14.664648, 14.6685179, 14.6957065, 14.7254662, 
14.8301098, 14.834841, 14.8778942, 14.8620311, 14.8214997, 14.781704, 14.7493156, 14.7077961, 14.6489842, 14.6001668, 14.5942845, 14.5674635, 14.5332972, 14.4712779, 14.4571756, 14.4799555, 14.467304, 14.4689182, 14.4365561, 14.3968635, 14.4118781, 14.4803047, 14.5144531)), list(c(-60.8908164, -60.9375245, -60.9131907, -60.8737659, -60.8908164, 14.7811139, 14.7578767, 14.7197938, 14.7522826, 14.7811139)))"
FRY3,83751,49.3,34.7,29,31.8,NA,29.4,23.7,31.5,60.3,12.6,43.8,41.2,52.4,51.4,55.5,55.1,59.9,56.2,39.9,48.7,NA,290110,199962,51.482541105098065,17.69018648098997,58.10244390058943,3.4639586392998294,40.494295267312395,26.96494433146048,22.034745441384302,9.28509875564441,1.206783633794078,FR,4,Guyane,FRY3,0.010340905173899555,0.5101513219123781,0.348143807521285,0.03791665230429837,0.013787873565199407,0.01723484195649926,0,0.027575747130398814,0.024128778739098963,0.03791665230429837,0.010340905173899555,0.03102271552169867,0.003446968391299852,0.010340905173899555,0,0.006893936782599704,0.003446968391299852,0,0,0,0,0,"list(list(c(-53.2365101, -53.4826502, -53.8360387, -53.9675888, -54.0068741, -54.0056475, -54.0271266, -54.4131631, -54.4702758, -54.4200271, -54.4379445, -54.3930373, -54.3887689, -54.3343912, -54.3507128, -54.2797084, -54.1824665, -54.1193498, -54.0722034, -53.9879896, -54.0686203, -54.2011001, -54.1779211, -54.2113866, -54.3859704, -54.4838061, -54.5154833, -54.587887, -54.5411245, -54.4655168, -54.3663769, -54.3109644, -54.1910245, -54.1215053, -54.0654586, -53.9556754, -53.9295567, -53.7719479, 
-53.718053, -53.5158411, -53.3307112, -53.2412019, -53.2703092, -53.1107873, -53.0263064, -52.9128849, -52.8490439, -52.6675392, -52.5697378, -52.535762, -52.544176, -52.3354538, -52.336528, -52.1945563, -51.9715165, -51.8017896, -51.7707631, -51.655462, -51.629912, -51.705528, -51.8198251, -51.9958596, -52.1550804, -52.2913162, -52.3700168, -52.9415333, -53.2365101, 5.5403602, 5.5716558, 5.7304377, 5.7359687, 5.6669743, 5.602542, 5.5195779, 5.0787226, 4.9047786, 4.5986859, 4.3913995, 4.3483661, 
4.1850674, 4.1473652, 4.0569766, 3.9313377, 3.8077417, 3.7808931, 3.6711018, 3.5983495, 3.3201926, 3.1700264, 2.9523432, 2.7819145, 2.4798076, 2.4192086, 2.3434109, 2.3220715, 2.3108885, 2.2123436, 2.2012198, 2.1504868, 2.1671451, 2.1189867, 2.1842847, 2.2175774, 2.2686271, 2.3672317, 2.3128434, 2.2534708, 2.3395427, 2.2608878, 2.2006387, 2.2220812, 2.1843001, 2.1912279, 2.2796053, 2.3772602, 2.5017056, 2.5843499, 2.6391293, 3.0654819, 3.1525658, 3.2965338, 3.6941884, 3.887595, 3.9732123, 4.0559895, 
4.1850674, 4.30679, 4.6310098, 4.6993629, 4.800102, 4.938367, 4.9328929, 5.4434761, 5.5403602)))"
FRY4,2504,62.8,50.9,39.6,49.1,22,28.7,24.4,29.4,40.8,19.9,50,45,55.9,58.6,57.7,64.1,61.6,47.7,41.4,45.6,4.1,886453,697410,52.38450318290987,0.5939401186526527,9.727757704018149,354.0147763578275,28.778401110944404,23.30151739573333,27.215317676176852,17.530653063388584,3.1539179178140295,FR,4,La Réunion,FRY4,0.015793279508332647,0.2673576602482026,0.2933037622976063,0.015793279508332647,0.028202284836308298,0.013537096721427984,0,0.020305645082141978,0.01240900532797565,0.0248180106559513,0.0248180106559513,0.01240900532797565,0.031586559016665294,0.022561827869046636,0.001128091393452332,0.016921370901784978,0.003384274180356996,0.004512365573809328,0,0,0,0,"list(list(c(55.5934591, 55.5427811, 55.4510733, 55.3948773, 55.3223575, 55.2866259, 55.2755196, 55.2166839, 55.2213421, 55.2538085, 55.2866741, 55.2939324, 55.3395284, 55.3972898, 55.461304, 55.6468542, 55.7749502, 55.8087829, 55.802292, 55.8361593, 55.8256114, 55.7820729, 55.7070094, 55.6834087, 55.6478829, 55.5934591, -20.8961798, -20.8944772, -20.871415, -20.8815231, -20.9334293, -20.9249218, -21.0014104, -21.0391131, -21.0781733, -21.1097103, -21.1620318, -21.2306276, -21.2805919, -21.2964369, 
-21.3420679, -21.3891669, -21.3647938, -21.3335524, -21.2609744, -21.1832439, -21.1442133, -21.1229952, -21.0261249, -20.9441045, -20.9153347, -20.8961798)))"
FRY5,367,NA,NA,NA,NA,NA,NA,NA,NA,NA,NA,NA,NA,NA,NA,NA,NA,NA,NA,NA,NA,NA,310199,174411,52.33866002147008,12.017769238456605,29.565536961756806,845.2288828337875,53.7535581997363,26.597442287047993,15.34273160132689,3.851398618306313,0.44261909290487716,FR,4,Mayotte,FRY5,0.003223737020428822,0.5770489266567591,0.4223095496761756,0.016118685102144106,0.012894948081715287,0.022566159143001748,0,0,0,0.006447474040857644,0,0.006447474040857644,0,0,0,0,0.003223737020428822,0,0,0,0,0,"list(list(c(45.0944025, 45.0436246, 45.0767498, 45.1007012, 45.1044296, 45.0939577, 45.1435504, 45.1296398, 45.1019074, 45.1080969, 45.1536963, 45.1879231, 45.1699763, 45.22143, 45.1858733, 45.2352281, 45.2353879, 45.1682529, 45.1277292, 45.1166302, 45.0944025, -12.6599245, -12.7234037, -12.7664646, -12.7664121, -12.8407246, -12.8524197, -12.8978434, -12.9320454, -12.9258838, -12.9861543, -12.9934354, -12.980245, -12.9462178, -12.8721383, -12.839087, -12.7838342, -12.753325, -12.7220908, -12.7280167, 
-12.6757686, -12.6599245)), list(c(45.2844609, 45.258802, 45.281502, 45.3060256, 45.2844609, -12.7432539, -12.7875339, -12.8295223, -12.7743346, -12.7432539)))"
PT16,28200,NA,NA,NA,NA,NA,NA,NA,NA,17.9,NA,NA,NA,NA,NA,NA,NA,NA,NA,NA,NA,NA,2264956,1994880,52.16860724888254,0.16666990440432397,2.3482133869267217,80.31758865248227,16.59970436511791,20.40688649139321,28.400860767273183,26.01185188586445,8.542373450080266,PT,4,Centro (PT),PT16,0.03267171636005291,0.4706493194569784,1.149249698448888,0.08212080058067354,0.03090567763788789,0.029139638915722865,0.0075056645692013445,0.08432834898337982,0.05651323910928071,0.038852851887630484,0.009271703291366368,0.09448307163582868,0.0035320774443300443,0.022516993707604033,0.0075056645692013445,0.023400013068686543,0.011920761374613899,0.007064154888660089,0,0,8.830193610825111e-4,0,"list(list(c(-7.1489363, -7.1740243, -7.1939372, -7.3632699, -7.336982, -7.4141118, -7.454204, -7.5254217, -7.5928694, -7.6919861, -7.7027401, -7.7756246, -7.8332106, -7.915681, -7.9941386, -8.089172, -8.1268442, -8.116299, -8.2396858, -8.273369, -8.3828801, -8.5229775, -8.5438978, -8.6078238, -8.6531195, -8.6999128, -8.6868054, -8.7269349, -8.7361632, -8.784029, -8.9000854, -8.8695183, -8.894933, -9.0402605, -9.0969548, -9.3540496, -9.3413868, -9.416455, -9.2222338, -9.1957142, -9.107355, -9.0364592, 
-9.0226979, -8.930277, -8.9529622, -8.9311105, -8.9926445, -8.9947002, -8.903421, -8.7593815, -8.7320698, -8.7520863, -8.6979377, -8.6280342, -8.5431361, -8.4673885, -8.3464727, -8.2553197, -8.1725995, -7.9540927, -8.0015645, -7.9596102, -7.8553662, -7.825104, -7.6917725, -7.542929, -7.343952, -7.0176157, -6.9747416, -6.9105014, -6.8733572, -7.0187494, -7.0139876, -6.9512985, -6.865144, -6.7890649, -6.8428672, -6.8012227, -6.8376748, -6.8007339, -6.8259286, -6.8082084, -6.9299035, -7.1489363, 40.9292812, 
40.9399413, 41.0284646, 41.0107838, 40.9432678, 40.9114099, 40.812608, 40.8681882, 40.8408816, 40.8646792, 40.9341515, 40.9752494, 40.9672992, 41.019974, 40.9698522, 40.9875555, 40.9435672, 40.8623827, 40.8567866, 40.7631735, 40.7901715, 40.773605, 40.8732679, 40.9609057, 40.9647785, 40.7984133, 40.7502773, 40.7265182, 40.6208068, 40.520365, 40.2024647, 40.1296166, 40.045503, 39.741423, 39.5682269, 39.3567148, 39.2297128, 39.054697, 39.0093479, 38.9647268, 38.9289754, 38.9659175, 39.0078121, 39.018025, 
39.0492601, 39.1197621, 39.1900007, 39.346716, 39.4660075, 39.4757415, 39.4492138, 39.4128952, 39.4058621, 39.4236112, 39.4016844, 39.4426008, 39.4573407, 39.2894183, 39.2333135, 39.3998817, 39.4724132, 39.5515928, 39.5188162, 39.537365, 39.6371895, 39.662815, 39.6435408, 39.678922, 39.8130846, 39.8732767, 40.0075709, 40.1586785, 40.2130647, 40.257446, 40.2706945, 40.3515104, 40.4428031, 40.5194588, 40.5801117, 40.6618358, 40.7496055, 40.8596123, 41.0294665, 40.9292812)))"
PT17,3015,NA,NA,NA,NA,NA,NA,NA,NA,18.3,NA,NA,NA,NA,NA,NA,NA,NA,NA,NA,NA,NA,2921564,2496090,52.88958242913727,0.5731176862803621,2.8670602458135437,969.0096185737976,19.78436892020849,23.316483910672503,28.864231623883647,21.73127133275191,6.279410617053058,PT,4,Área Metropolitana de Lisboa,PT17,0.020879227701327097,0.29881255382391075,0.2091345594346042,0.04757725656531912,0.01814096833066125,0.01882553317332771,6.845648426664621e-4,0.03285911244799019,0.037308783925322185,0.026355746442658798,0.006845648426664622,0.029436288234657874,6.845648426664621e-4,0.006503366005331392,0.0013691296853329243,0.006503366005331392,0.0010268472639996934,0.005476518741331697,3.4228242133323107e-4,0,0,0,"list(list(c(-9.0226979, -9.0364592, -9.107355, -9.1957142, -9.2222338, -9.416455, -9.423519, -9.4909986, -9.4773095, -9.3314388, -9.2345595, -9.2468262, -9.1873068, -9.2113805, -9.0466481, -8.8937195, -8.8073273, -8.7775616, -8.735063, -8.639114, -8.6447235, -8.504706, -8.5467975, -8.5999631, -8.6145271, -8.69223, -8.7697547, -8.924881, -8.968466, -8.8519501, -8.8729821, -8.930277, -9.0226979, 39.0078121, 38.9659175, 38.9289754, 38.9647268, 39.0093479, 39.054697, 38.9381879, 38.7882386, 38.7159051, 
38.6817957, 38.6892804, 38.6551483, 38.530294, 38.421556, 38.442953, 38.5122666, 38.4918584, 38.5340139, 38.5156725, 38.549491, 38.613229, 38.7251268, 38.763436, 38.7830632, 38.8195673, 38.8309612, 38.7421372, 38.758674, 38.827765, 39.001402, 39.0244419, 39.018025, 39.0078121)))"
FRF2,25720,57.4,45.5,49,50.1,28.8,40.1,30.1,34.2,20.6,37.6,66.5,55.8,72.6,78.3,73.3,84.2,82.3,49.4,49.4,51.3,4,1308276,1088253,51.33435146712162,0.3902846188418958,11.832594957027416,50.866096423017105,22.978178916375445,22.730448315187314,25.193690016479703,22.873078769311675,6.177977735584846,FR,4,Champagne-Ardenne,FRF2,0.014522929412448137,0.5923826470867003,1.7878490471429576,0.019109117647958078,0.041275694119589444,0.03668950588407951,0,0.10701105882856522,0.016051658824284783,0.20637847059794723,0.024459670589386338,0.006114917647346584,0.025988400001222982,0.04433315294326273,7.64364705918323e-4,0.014522929412448137,0.006114917647346584,0.006879282353264907,7.64364705918323e-4,7.64364705918323e-4,0,7.64364705918323e-4,"list(list(c(4.8357682, 4.8690704, 4.796697, 4.6973884, 4.6952057, 4.6776578, 4.432494, 4.233133, 4.2379674, 4.1052114, 4.0371609, 4.0617896, 4.0479745, 4.0260904, 3.869445, 3.8395564, 3.660659, 3.6672214, 3.7358589, 3.6218545, 3.6228493, 3.5929333, 3.6657282, 3.4851835, 3.4076223, 3.4657454, 3.4543434, 3.555614, 3.4869939, 3.3963232, 3.414789, 3.4999403, 3.6065957, 3.5900497, 3.6733187, 3.737115, 3.7858954, 3.9148427, 4.1052114, 4.2106122, 4.2934215, 4.3262174, 4.5433532, 4.5901473, 4.704233, 4.7919297, 
4.7999259, 4.8534161, 4.8451158, 4.8976914, 4.9451748, 4.9785844, 4.9316462, 4.9713594, 5.0974379, 5.1648608, 5.2594278, 5.37408, 5.4213542, 5.6793784, 5.6969778, 5.8181469, 5.8847235, 5.7955975, 5.7476413, 5.6438769, 5.7169596, 5.5165678, 5.4307751, 5.4275423, 5.470055, 5.0562355, 5.0060704, 4.9884305, 5.0010027, 4.9981143, 4.8967383, 4.9247527, 5.0313513, 4.9505731, 4.9807448, 4.9509905, 5.0404074, 5.0334794, 5.0917053, 5.110022, 5.0711288, 5.1186589, 5.2735819, 5.393511, 5.3199513, 5.2906182, 
5.1537385, 4.969431, 4.8644336, 4.8786035, 4.8016969, 4.8357682, 50.0473529, 50.1443824, 50.148678, 50.0850445, 50.0473529, 49.9962822, 49.941616, 49.9578285, 49.753724, 49.6328706, 49.6248106, 49.5265226, 49.405644, 49.3665839, 49.3961828, 49.3598221, 49.3169241, 49.2213147, 49.1588151, 49.1380663, 49.0784285, 49.0453256, 49.0175043, 48.8519105, 48.7634361, 48.7254958, 48.6446798, 48.6202855, 48.5881637, 48.4762804, 48.3902685, 48.362461, 48.2709788, 48.1904262, 48.1471502, 48.1587271, 48.1169582, 
47.9421656, 47.9294065, 47.9610582, 47.9256735, 47.9577741, 47.9728469, 48.0274114, 48.020235, 47.9997286, 47.9669056, 47.9469848, 47.9076854, 47.9155968, 47.875015, 47.8111821, 47.7758901, 47.6991613, 47.6570164, 47.6641796, 47.585648, 47.604538, 47.6713966, 47.6880638, 47.8111477, 47.8578472, 47.9260465, 47.9617557, 48.0396195, 48.0812365, 48.2017021, 48.3459492, 48.3423308, 48.3913012, 48.4209265, 48.6203621, 48.6225516, 48.684422, 48.7058139, 48.7390383, 48.810802, 48.9062785, 48.978434, 49.1753983, 
49.2117112, 49.2368675, 49.2868472, 49.3373556, 49.3894119, 49.4424446, 49.5025215, 49.5841083, 49.5497869, 49.617111, 49.6212796, 49.6798476, 49.717926, 49.801826, 49.811491, 49.9125466, 49.9653318, 50.0473529)))"
FRF3,23669,53.2,47.9,48.3,47.3,34.7,41,32.2,40.9,22.2,38.6,66.6,55.8,71.8,79.4,72.8,81.5,80.5,51.9,49.8,51.5,3.3,2318308,1943455,51.110292506431406,0.1464861442051703,5.509362862915539,97.94701930795556,22.107933889716122,23.279305424473367,25.91821276551692,22.669248434634223,5.99553639982263,FR,4,Lorraine,FRF3,0.02372419885537211,0.6319263876930934,1.442431290406624,0.032351180257325605,0.0340765765377163,0.036664670958302344,8.626981401953493e-4,0.17642176966994894,0.009058330472051169,0.21826262946942337,0.02458689699556746,0.00733293419166047,0.028037689556348857,0.02846903862644653,8.626981401953493e-4,0.010783726752441866,0.0030194434906837225,0.006038886981367445,0,4.3134907009767466e-4,0,0,"list(list(c(5.2735819, 5.1186589, 5.0711288, 5.110022, 5.0917053, 5.0334794, 5.0404074, 4.9509905, 4.9807448, 4.9505731, 5.0313513, 4.9247527, 4.8967383, 4.9981143, 5.0010027, 4.9884305, 5.0060704, 5.0562355, 5.470055, 5.4275423, 5.4307751, 5.5165678, 5.7169596, 5.6438769, 5.7476413, 5.7955975, 5.8847235, 5.9311487, 5.9964823, 6.1279053, 6.1939667, 6.3811633, 6.4843789, 6.6058775, 6.8235335, 6.8461755, 6.8906574, 6.9451087, 7.198287, 7.0885404, 7.1114221, 7.0878427, 7.079356, 7.1679897, 7.2343204, 
7.2811557, 7.265513, 7.3016359, 7.2626231, 7.162231, 7.07622, 7.0239161, 6.9601472, 6.9841596, 7.0239161, 7.0949631, 7.1362675, 7.3282418, 7.4563485, 7.5387143, 7.635651, 7.529495, 7.4807818, 7.3687555, 7.2948914, 7.1924415, 7.101069, 7.0516644, 7.0239161, 6.858713, 6.8167781, 6.7328422, 6.7234655, 6.585592, 6.556986, 6.4495749, 6.3671075, 6.2156153, 6.1016596, 5.9999356, 5.893386, 5.818117, 5.734556, 5.470883, 5.393511, 5.2735819, 49.5497869, 49.5841083, 49.5025215, 49.4424446, 49.3894119, 49.3373556, 
49.2868472, 49.2368675, 49.2117112, 49.1753983, 48.978434, 48.9062785, 48.810802, 48.7390383, 48.7058139, 48.684422, 48.6225516, 48.6203621, 48.4209265, 48.3913012, 48.3423308, 48.3459492, 48.2017021, 48.0812365, 48.0396195, 47.9617557, 47.9260465, 47.964888, 47.9619499, 48.0187247, 47.9460136, 47.9570565, 47.891976, 47.9364595, 47.813051, 47.8229425, 47.8481187, 47.9847238, 48.3104715, 48.3526179, 48.4760967, 48.5100407, 48.5364185, 48.5316328, 48.5683555, 48.6413755, 48.7058139, 48.7619478, 48.8137937, 
48.839283, 48.7982714, 48.8808589, 48.9071044, 48.9482541, 48.9565081, 49.0586568, 49.0097346, 48.9494106, 48.9620549, 48.9405609, 49.0539505, 49.0998453, 49.1634575, 49.161458, 49.1211383, 49.1181018, 49.155998, 49.125961, 49.1898705, 49.2108113, 49.1573542, 49.1731219, 49.218829, 49.3314504, 49.4192085, 49.4686731, 49.469507, 49.5076097, 49.4603535, 49.4562242, 49.4969445, 49.5463105, 49.5456905, 49.497238, 49.617111, 49.5497869)))"
FRG0,32376,58.5,41.2,47.8,42.6,33,49.1,38.7,48.8,16.4,41.2,71.4,60.8,77.5,85.3,78.9,85.4,88.2,57.3,53.7,55.8,2.8,3898424,3218543,51.129482067625275,0.13636279686355307,4.565485950219884,120.41092167037311,23.859256971535164,22.6785234238246,25.505665879339958,21.724573827782713,6.185499576239014,FR,4,Pays de la Loire,FRG0,0.012825695717038475,0.5704869454938714,0.5910080586411329,0.04283782369490851,0.058485172469695444,0.02026459923292079,0.001026055657363078,0.1623733077777071,0.014621293117423861,0.20085039492882253,0.0210341409759431,0.00513027828681539,0.03488589235034465,0.03591194800770773,0,0.013338723545720013,0.004873764372474621,0.007438903515882315,5.13027828681539e-4,0.004617250458133851,0,0,"list(list(c(-0.2160911, -0.3610128, -0.4863539, -0.7478575, -0.86036, -1.0701645, -1.0536558, -1.0951333, -1.0291531, -1.143027, -1.238248, -1.245885, -1.4627178, -1.6731352, -1.8312438, -1.9863895, -2.0337727, -2.097034, -2.1023991, -2.1609581, -2.2826266, -2.3312636, -2.458476, -2.5198181, -2.4587546, -2.2853393, -2.1760673, -2.2016896, -2.0542999, -2.0337727, -1.9804645, -2.0337727, -2.1459833, -2.14404, -2.0337727, -1.9506664, -1.8465119, -1.8312438, -1.8047522, -1.6731352, -1.2201182, -1.1807149, 
-1.075287, -0.9658776, -0.9402225, -0.8207244, -0.7504715, -0.6425477, -0.5497058, -0.6291562, -0.6117059, -0.7170271, -0.7196173, -0.8121483, -0.8220303, -0.891964, -0.6117104, -0.5074301, -0.2426811, -0.102116, 0.0068123, 0.05383, 0.082545, 0.0969197, 0.1457235, 0.2174642, 0.2300005, 0.3809246, 0.3810657, 0.6144325, 0.5985928, 0.7241287, 0.7687232, 0.8366249, 0.8314462, 0.8039434, 0.8427591, 0.9002938, 0.7976585, 0.7428386, 0.6659276, 0.5420478, 0.4806866, 0.4099672, 0.3584421, 0.2973981, 0.2162294, 
0.0969197, 0.0511834, -0.054527, -0.0569122, -0.1405925, -0.1698311, -0.2160911, 48.5627079, 48.5006217, 48.5105085, 48.442946, 48.5014585, 48.508492, 48.3329453, 48.258263, 48.0049452, 47.9683728, 47.8099925, 47.7767175, 47.8286934, 47.7123057, 47.6985509, 47.6850538, 47.6620581, 47.6313565, 47.5445825, 47.5053399, 47.511453, 47.4627624, 47.448005, 47.3763901, 47.2776979, 47.243354, 47.2638785, 47.1386966, 47.0887197, 47.0720395, 47.028722, 46.9818631, 46.883228, 46.8374416, 46.7572903, 46.6968817, 
46.5846088, 46.551816, 46.4949174, 46.4389973, 46.2771234, 46.3191512, 46.3199935, 46.3551725, 46.3172347, 46.3333787, 46.3042545, 46.3266152, 46.3845117, 46.4188208, 46.5979746, 46.7635086, 46.8177659, 46.8690603, 46.9182816, 46.9758205, 46.9984583, 47.0767156, 47.1019628, 47.0648, 47.162541, 47.1637335, 47.2789368, 47.2961531, 47.3546046, 47.5052604, 47.6083975, 47.574778, 47.6328135, 47.6942155, 47.7267101, 47.8018217, 47.8931915, 47.9458727, 48.0240831, 48.0519469, 48.1033429, 48.1439008, 48.194455, 
48.19039, 48.2569488, 48.2518849, 48.3038803, 48.3196998, 48.4479389, 48.4777665, 48.4709781, 48.4101765, 48.3868688, 48.3820045, 48.4410961, 48.4598519, 48.5345319, 48.5627079)), list(c(-2.2522296, -2.3055581, -2.3026045, -2.2621214, -2.2188639, -2.2522296, 47.0280937, 47.0249702, 46.989521, 46.9589208, 46.9913053, 47.0280937)), list(c(-2.3151997, -2.3830816, -2.4048717, -2.3304877, -2.2996303, -2.3151997, 46.7200495, 46.7352129, 46.7251725, 46.6830296, 46.697326, 46.7200495)), list(c(-2.194093, 
-2.2037417, -2.1606182, -2.1412076, -2.194093, 46.9696617, 46.9582278, 46.8958573, 46.9408884, 46.9696617)))"
FRH0,27471,55.1,42.8,47.8,41.4,37.3,46.6,40.2,48.8,15.3,40,69.6,58.3,75.2,82.8,76.7,87.5,84.7,56.3,51.8,53.8,3.3,3440248,2876926,51.30048763926322,0.12042736453883558,3.7753092218933055,125.23199009864949,22.43998107113208,21.62274347663308,25.66003962505029,23.652161123267856,6.587722745569505,FR,4,Bretagne,FRH0,0.014533835932758336,0.6877411163381244,0.7793042827145019,0.02470752108568917,0.08080812778613634,0.027614288272240838,2.906767186551667e-4,0.1590001651043762,0.011917745464861835,0.22759987070699553,0.018312633275275506,0.010755038590241168,0.04447353795424051,0.048833688734068015,0,0.020638047024516836,0.007848271403689502,0.002906767186551667,0,0.0023254137492413336,0.0011627068746206668,0,"list(list(c(-3.1240354, -3.169745, -3.5543836, -3.5730427, -3.5506619, -3.659154, -3.7799753, -3.9072256, -4.026441, -4.3940331, -4.7092571, -4.7625531, -4.7114955, -4.4688498, -4.3230086, -4.3442445, -4.539961, -4.5766984, -4.540013, -4.3762962, -4.3212795, -4.5781276, -4.4358104, -4.3298494, -4.2306681, -3.9795962, -3.8120511, -3.616372, -3.5271728, -3.5217174, -3.4811255, -3.3381147, -3.169745, -3.1258502, -2.927804, -2.7976842, -2.5974591, -2.4834798, -2.458476, -2.3312636, -2.2826266, -2.1609581, 
-2.1023991, -2.097034, -2.0337727, -1.9863895, -1.8312438, -1.6731352, -1.4627178, -1.245885, -1.238248, -1.143027, -1.0291531, -1.0951333, -1.0536558, -1.0701645, -1.2430156, -1.411714, -1.5012167, -1.5711, -1.6731352, -1.8312438, -1.8577116, -1.8972656, -2.123827, -2.2018934, -2.3500059, -2.4652076, -2.6913876, -2.8071053, -2.9284259, -3.1240354, 48.8612047, 48.8549049, 48.8018931, 48.78603, 48.7327336, 48.659424, 48.6916334, 48.670283, 48.7038509, 48.6549011, 48.5449915, 48.4130129, 48.3506476, 
48.3663907, 48.3127107, 48.2870763, 48.2961131, 48.2701551, 48.2246983, 48.2014653, 48.1542734, 48.0366014, 47.9512431, 47.8125119, 47.8063434, 47.8722862, 47.799225, 47.7784712, 47.843075, 47.7698234, 47.7219478, 47.7071724, 47.6036908, 47.5767126, 47.5785268, 47.4934447, 47.5379877, 47.5047008, 47.448005, 47.4627624, 47.511453, 47.5053399, 47.5445825, 47.6313565, 47.6620581, 47.6850538, 47.6985509, 47.7123057, 47.8286934, 47.7767175, 47.8099925, 47.9683728, 48.0049452, 48.258263, 48.3329453, 48.508492, 
48.5357964, 48.4615996, 48.5063337, 48.626501, 48.6109131, 48.6154348, 48.6841979, 48.6944486, 48.6048255, 48.5929928, 48.6663126, 48.6360233, 48.5163771, 48.5975595, 48.7393891, 48.8612047)), list(c(-3.169745, -3.2344986, -3.2514774, -3.2349431, -3.169745, -3.0939446, -3.0596658, -3.169745, 47.3526097, 47.3741622, 47.3504594, 47.3121334, 47.2975381, 47.2818807, 47.3075574, 47.3526097)), list(c(-5.0504618, -5.1044809, -5.1239478, -5.1122904, -5.0557541, -5.0504618, 48.4751029, 48.4809103, 48.4544999, 
48.4354674, 48.4551604, 48.4751029)), list(c(-3.4756863, -3.5128862, -3.4756863, -3.429026, -3.4756863, 47.6622189, 47.6442536, 47.6141049, 47.6370286, 47.6622189)), list(c(-3.1391056, -3.1664557, -3.1311449, -3.1056051, -3.1391056, 47.5402324, 47.5338977, 47.4671655, 47.4822296, 47.5402324)))"
FRI1,41804,58.1,41,46.2,41.7,35.7,49.2,40.5,47.3,19.3,41.8,71.9,60.8,76.6,83.6,77.9,86.6,86.2,56.6,52.9,54.5,4.1,3575256,3020007,51.88036884631478,0.17137234368671783,5.017850470008301,85.52425605205244,21.20074758283043,22.24251913709116,26.24033076232863,23.515882499043425,6.751208864484109,FR,4,Aquitaine,FRI1,0.013425612040088877,0.4908739402157496,0.9280454322711437,0.029927926839364787,0.04307383862861848,0.025452722826001833,0,0.09957328929732584,0.0260121233276722,0.21313159113641092,0.02209631981597961,0.011467710284242583,0.030767027591870343,0.05314304765868514,0.0011188010033407398,0.04447233988279441,0.006433105769209254,0.006712806020044438,0,0.005314304765868514,0,0,"list(list(c(0.7586763, 0.629741, 0.5118972, 0.4963376, 0.2924408, 0.2552262, 0.2561624, 0.1429436, 0.0969197, 0.0617692, 0.004336, -0.0401975, -0.1828615, -0.3303173, -0.3846113, -0.4385085, -0.5816982, -0.7148255, -0.731753, -1.008744, -1.0624215, -1.1141431, -1.232698, -1.2193243, -1.1429343, -1.1101141, -1.2036758, -1.254086, -1.3269766, -1.3806088, -1.4582815, -1.5022463, -1.5247575, -1.6731352, -1.781126, -1.785978, -1.728903, -1.6598924, -1.5935532, -1.5131682, -1.4022095, -1.3919844, -1.4265918, 
-1.4529085, -1.4197004, -1.3643561, -1.3072626, -1.22553, -0.9492364, -0.7711328, -0.724501, -0.5541504, -0.4039664, -0.313342, -0.318223, -0.2762183, -0.1362627, -0.0660396, -0.0353336, 0.0104189, -0.0883573, -0.096788, -0.242833, -0.2752747, -0.2037865, -0.2073912, -0.0353746, 0.0482559, 0.0760435, 0.0969197, 0.37909, 0.5872117, 0.6603943, 0.741885, 0.7979037, 0.8742143, 0.9187343, 0.8872561, 0.9026154, 1.0640815, 0.9928121, 1.075142, 1.1485253, 1.2900364, 1.3130575, 1.4217053, 1.4139442, 1.44826, 
1.3901362, 1.3979858, 1.2946983, 1.2390458, 1.2648122, 1.2345382, 1.3115125, 1.2531545, 1.1337494, 1.1498114, 1.0671637, 1.0123185, 0.9282446, 0.8703593, 0.8085257, 0.7604956, 0.7586763, 45.676711, 45.71457, 45.6164229, 45.5518243, 45.439828, 45.3741935, 45.3014781, 45.2189035, 45.2219299, 45.2242413, 45.191628, 45.10238, 45.0944903, 45.1594188, 45.1555717, 45.2802914, 45.3240157, 45.32837, 45.2274019, 45.4871781, 45.5038509, 45.4725899, 44.760417, 44.7266392, 44.7162412, 44.6801737, 44.6012025, 
44.4676385, 44.1378398, 43.8951772, 43.631111, 43.563972, 43.529595, 43.3888802, 43.3646549, 43.350479, 43.296089, 43.3075704, 43.2652986, 43.2859724, 43.2517754, 43.1951346, 43.1320849, 43.0841396, 43.04686, 43.0423748, 43.0942194, 43.0407765, 42.9621971, 42.9578855, 42.9201585, 42.7966036, 42.8058157, 42.849365, 42.9012416, 42.9951055, 43.1320849, 43.2008146, 43.3013567, 43.3480057, 43.563972, 43.582405, 43.584979, 43.6320237, 43.7405373, 43.9121183, 43.975119, 43.907208, 43.9831385, 43.9849277, 
44.0091119, 44.0721732, 44.0473137, 44.065199, 44.1295734, 44.1487683, 44.2487875, 44.3158398, 44.3604111, 44.3785085, 44.5356485, 44.5773255, 44.6553972, 44.7248526, 44.7946211, 44.8708573, 44.9940443, 45.019314, 45.0915068, 45.1274194, 45.1439514, 45.2056357, 45.2442057, 45.3039674, 45.3781011, 45.44422, 45.4871631, 45.5301255, 45.5455186, 45.6068582, 45.6106473, 45.613256, 45.5824121, 45.6170823, 45.676711), c(-0.0767522, -0.0690262, -0.0902675, -0.08617, -0.1120001, -0.1355718, -0.111679, -0.0767522, 
43.3610398, 43.3192186, 43.2990563, 43.2658976, 43.2439227, 43.2674286, 43.3323319, 43.3610398)))"
FRI2,17056,60.2,40.2,45.6,38.2,28.4,49.8,40.7,51.8,22.5,41.4,69.8,56.1,74.4,84.8,75.8,85.6,83.2,56.2,47.4,48.2,4,726934,622923,51.61816616088943,0.37596260458308456,15.927580770743972,42.62042682926829,19.776898590518535,20.04322263094036,25.215218988243773,26.694720566103662,8.211887186457092,FR,4,Limousin,FRI2,0.023385891979189305,0.6396729276660605,1.299980465901994,0.02063461056987292,0.0508987060723532,0.04539614325372042,0.0013756407046581947,0.1774576509009071,0.024761532683847502,0.22147815344996932,0.03301537691179667,0.005502562818632779,0.023385891979189305,0.12105638200992112,0,0.03026409550248028,0.0027512814093163893,0.0027512814093163893,0,0,0,0,"list(list(c(2.1677845, 2.1664584, 1.7729505, 1.7304806, 1.5205788, 1.4151855, 1.3500762, 1.177279, 1.0466955, 0.9948895, 0.9282446, 0.8892979, 0.8184732, 0.8234325, 0.8354663, 0.9099715, 0.9249033, 0.836951, 0.7754047, 0.629741, 0.7586763, 0.7604956, 0.8085257, 0.8703593, 0.9282446, 1.0123185, 1.0671637, 1.1498114, 1.1337494, 1.2531545, 1.3115125, 1.2345382, 1.2648122, 1.2390458, 1.2946983, 1.3979858, 1.3901362, 1.44826, 1.5426225, 1.6361425, 1.791076, 1.9028331, 2.062908, 2.1290212, 2.1081272, 2.1664584, 
2.2148904, 2.3377356, 2.3756489, 2.5013566, 2.5084125, 2.4700157, 2.5238901, 2.4921295, 2.4002756, 2.5044439, 2.5971002, 2.5541628, 2.5653725, 2.4750982, 2.3348597, 2.2810435, 2.1677845, 46.424069, 46.4241605, 46.4512993, 46.4006663, 46.4157561, 46.347215, 46.3942647, 46.383948, 46.3551744, 46.2854513, 46.2799883, 46.2767958, 46.2198516, 46.1285845, 46.0491197, 46.010678, 45.9707445, 45.920837, 45.8159246, 45.71457, 45.676711, 45.6170823, 45.5824121, 45.613256, 45.6106473, 45.6068582, 45.5455186, 
45.5301255, 45.4871631, 45.44422, 45.3781011, 45.3039674, 45.2442057, 45.2056357, 45.1439514, 45.1274194, 45.0915068, 45.019314, 45.0422064, 45.0273259, 44.9266147, 44.97058, 44.9765045, 44.9926902, 45.060295, 45.0901681, 45.2268729, 45.3300526, 45.3974175, 45.3926134, 45.4785015, 45.5985978, 45.674967, 45.73767, 45.8251448, 45.8777352, 45.9712567, 46.1003145, 46.143036, 46.275872, 46.3267604, 46.4204035, 46.424069)))"
PL22,12333,82.8,50.2,59.2,48.5,11,44.6,36.6,46.1,10.7,32.3,71.3,60.1,76.1,85.8,77.7,88.1,83.3,49.7,54.9,57.6,5.6,4245283,3623080,51.85331578601474,0.039856000177137786,0.7407986699591053,344.22143841725455,19.138535640615714,24.2602201078232,28.551853904674907,23.3650618816225,4.6677453540788685,PL,4,Śląskie,PL22,0.017431111188582718,0.3707644460922864,0.39573333509214814,0.18349777859332347,0.017431111188582718,0.031564444584730865,0.003533333349037037,0.037217777943190124,0.026617777896079012,0.021200000094222224,0.009657777820701235,0.013426666726340741,0.06972444475433087,0.010600000047111112,0,0.004004444462241975,0.00282666667922963,0.001413333339614815,0,0,0,0,"list(list(c(18.6729545, 18.6850216, 18.6250838, 18.6454807, 18.6158775, 18.5355377, 18.5442145, 18.4968985, 18.5265272, 18.5905266, 18.6074735, 18.4557592, 18.4635843, 18.3874074, 18.3692368, 18.4258665, 18.0597805, 18.0524924, 18.035061, 18.127439, 18.2020196, 18.3096605, 18.3516653, 18.575724, 18.5793335, 18.6253608, 18.8024723, 18.851551, 18.9593376, 18.9950142, 19.163184, 19.2509323, 19.3520752, 19.4673865, 19.4654148, 19.4002543, 19.4345675, 19.4149515, 19.3180165, 19.2763392, 19.1710482, 19.182221, 
19.09321, 19.144482, 19.2181766, 19.2538105, 19.3243974, 19.4087308, 19.3676017, 19.4221295, 19.4789218, 19.5124705, 19.8445375, 19.9499665, 19.8218149, 19.8951967, 19.8464987, 19.7129495, 19.8159083, 19.74706, 19.7031476, 19.5689323, 19.4874498, 19.3932105, 19.3088262, 19.2431425, 19.2362491, 19.2036277, 18.9317251, 18.6729545, 51.0569025, 51.0194287, 50.9517877, 50.9074172, 50.8535875, 50.7982527, 50.7392889, 50.6874206, 50.6285683, 50.6022974, 50.550011, 50.5467431, 50.4760316, 50.4725174, 50.3540336, 
50.2489655, 50.1746525, 50.0829972, 50.065772, 49.9971978, 49.9889242, 49.925729, 49.9417729, 49.910423, 49.8251639, 49.7325749, 49.6695204, 49.517189, 49.5059138, 49.3977802, 49.4079838, 49.520771, 49.5399798, 49.613767, 49.663387, 49.6865581, 49.7387733, 49.775265, 49.7843402, 49.8515532, 49.8690618, 49.9438798, 49.956659, 50.0341808, 50.0829972, 50.134193, 50.1473055, 50.2151937, 50.2611266, 50.3235049, 50.3334113, 50.4068342, 50.4341955, 50.5047825, 50.5661379, 50.6303376, 50.6959263, 50.729156, 
50.8240906, 50.86597, 50.8481608, 50.9005028, 50.8865168, 50.9942381, 51.0413871, 51.0368445, 50.9996589, 50.9889611, 51.0911239, 51.0569025)))"
PL41,29826,82.6,53.2,61.6,49.8,13.9,43.1,33.6,45.9,16.4,33.4,73.7,63.4,79,85.9,81.1,88.6,86.1,60.9,58.4,61.8,5.4,3444228,2879693,51.359724152988704,0.020730334925562418,0.7600832465214266,115.47736873868438,21.36319082244265,26.56952443334181,27.563970794035704,20.886335050989654,3.6003423699011794,PL,4,Wielkopolskie,PL41,0.022936925197751135,0.2984703683960528,0.4067674962284727,0.13094371220488307,0.01945283529429527,0.020904539420735214,0.0014517041264399452,0.030195445829950863,0.023517606848327113,0.05922952835874977,0.0159687453908394,0.013646018788535486,0.05748748340702184,0.01277499631267152,0,0.006968179806911738,0.003774430728743858,5.806816505759781e-4,5.806816505759781e-4,8.710224758639672e-4,0,0,"list(list(c(16.892248, 16.7667089, 16.6492489, 16.4597116, 16.4950936, 16.6723747, 16.6198478, 16.5566862, 16.373031, 16.3009852, 16.11762, 15.9624975, 15.9756471, 15.8948799, 15.946907, 15.9167852, 15.8056013, 15.7832023, 15.8857373, 15.8171644, 15.8878282, 15.8808105, 15.8558038, 15.8596044, 15.9747194, 15.9728671, 16.0005793, 16.117959, 16.139081, 16.2984251, 16.3857723, 16.416191, 16.6374102, 16.6578505, 16.7569307, 16.828372, 16.9670656, 17.187065, 17.2411624, 17.257433, 17.4473843, 17.5495162, 
17.5675506, 17.5254499, 17.5496354, 17.7298696, 17.7463509, 17.7952695, 17.8402586, 17.8417087, 17.939456, 18.1636815, 18.1723843, 18.0873011, 18.1938939, 18.2216786, 18.3188037, 18.3731957, 18.3708436, 18.4719655, 18.6811866, 18.7572, 18.7240897, 18.827809, 18.932923, 18.937071, 19.0711953, 19.0957468, 19.0516127, 19.04712, 18.9461711, 18.7640586, 18.6460522, 18.5366384, 18.3935316, 18.3771505, 18.2229965, 17.9415342, 17.8716352, 17.7568369, 17.6890749, 17.6293583, 17.5105504, 17.458523, 17.4179838, 
17.5131008, 17.4936913, 17.3127793, 17.3601221, 17.3419725, 17.4387935, 17.3635527, 17.2583164, 17.390653, 17.2573915, 17.0221437, 16.9488026, 16.892248, 53.655869, 53.6136206, 53.4940833, 53.4640078, 53.3875464, 53.3123963, 53.2188176, 53.2224062, 53.1231942, 53.0450323, 53.0153894, 53.041381, 52.8831272, 52.8116882, 52.754896, 52.7201639, 52.7033905, 52.6477008, 52.4600715, 52.4352116, 52.3857596, 52.2904295, 52.2473475, 52.0988937, 52.0700735, 52.0113486, 51.987709, 51.9842951, 51.8959382, 51.8914998, 
51.8423589, 51.784865, 51.7419711, 51.6595306, 51.6395275, 51.572188, 51.5475496, 51.571926, 51.6339468, 51.642843, 51.6292167, 51.583834, 51.5469715, 51.47801, 51.4236898, 51.409614, 51.2472001, 51.194146, 51.1759621, 51.1161605, 51.108865, 51.172517, 51.2518636, 51.3454185, 51.3960068, 51.4465407, 51.4266303, 51.4773092, 51.6731452, 51.8510055, 51.8296975, 51.922208, 52.0596774, 52.064188, 52.0958029, 52.1952602, 52.2095449, 52.2537908, 52.2832322, 52.332804, 52.3832036, 52.3408233, 52.4452678, 
52.4898051, 52.4811998, 52.5374635, 52.4844988, 52.5746046, 52.6282893, 52.6499906, 52.6121508, 52.6998605, 52.6793443, 52.738948, 52.7784, 52.8116882, 52.9356119, 52.9902651, 53.1389941, 53.20466, 53.2675145, 53.3123963, 53.3751707, 53.490964, 53.53467, 53.5227349, 53.5582004, 53.655869)))"
PL42,22443,81,50.1,55.6,47.5,NA,43.6,36.8,45,16.8,28.7,71.8,60.7,77.2,84.3,79.2,87.1,87.2,55,55.5,58.8,7.4,1589049,1362230,51.40835808083955,0.05487558911021624,1.9550687234943669,70.80376954952547,18.849261413587623,24.780922425928967,28.18195033633324,24.09334136329339,4.079672810593003,PL,4,Zachodniopomorskie,PL42,0.0371291256594353,0.3467482752262517,0.8231338366532435,0.1227149068405065,0.018879216437001,0.0201378308661344,0.0050344577165336,0.0390170473031354,0.0207671380807011,0.0346118968011685,0.012586144291333999,0.014474065935034098,0.0541204204527362,0.0031465360728334998,6.293072145667e-4,0.024542981368101298,0,6.293072145667e-4,0,6.293072145667e-4,0,0,"list(list(c(16.7214077, 16.853816, 16.8188652, 16.8467275, 16.8256564, 16.8077415, 16.699085, 16.5126417, 16.4338495, 16.2508811, 16.120961, 15.8497213, 15.6764206, 15.5542342, 15.521851, 15.3880745, 14.8507582, 14.7522127, 14.7412795, 14.3868931, 14.226302, 14.2130775, 14.3190927, 14.3920138, 14.4038265, 14.5560528, 14.6062077, 14.5439491, 14.6067549, 14.5841886, 14.3158633, 14.267542, 14.412157, 14.4185068, 14.438383, 14.3760776, 14.3552165, 14.143658, 14.156692, 14.1393043, 14.2230177, 14.436438, 
14.565063, 14.728339, 14.9256527, 15.108737, 15.2756289, 15.3109154, 15.4237891, 15.733394, 15.8661458, 15.9723658, 15.9624975, 16.11762, 16.3009852, 16.373031, 16.5566862, 16.6198478, 16.6723747, 16.4950936, 16.4597116, 16.6492489, 16.7667089, 16.892248, 16.8678506, 16.9259705, 16.873622, 16.9820535, 16.8878736, 16.841359, 16.7940788, 16.7970762, 16.7214077, 54.2092621, 54.2618645, 54.3352828, 54.3869352, 54.4588471, 54.4744731, 54.569247, 54.5307732, 54.4744731, 54.343735, 54.2835105, 54.2409013, 
54.2012661, 54.1867403, 54.1747516, 54.158907, 54.0452893, 53.985593, 54.0235552, 53.9208313, 53.928653, 53.8664795, 53.8203703, 53.8463572, 53.8849265, 53.8517796, 53.7912719, 53.70806, 53.6451549, 53.6146723, 53.7350504, 53.6978065, 53.329636, 53.3123963, 53.2584326, 53.1902557, 53.067485, 52.9613685, 52.895591, 52.8333875, 52.8116882, 52.6799005, 52.624497, 52.6490047, 52.8746079, 52.8418421, 52.8853011, 52.9503227, 52.9833259, 52.9961449, 53.112247, 53.0991587, 53.041381, 53.0153894, 53.0450323, 
53.1231942, 53.2224062, 53.2188176, 53.3123963, 53.3875464, 53.4640078, 53.4940833, 53.6136206, 53.655869, 53.7419115, 53.7906303, 53.8525963, 53.9049095, 53.9394549, 53.992061, 53.9859454, 54.107336, 54.2092621)))"
PT18,31604,NA,NA,NA,NA,NA,NA,NA,NA,16.4,NA,NA,NA,NA,NA,NA,NA,NA,NA,NA,NA,NA,716994,627018,51.36751493038994,0.490380672641612,9.18989559187385,22.686811795975192,17.337941461155882,20.38162104564334,28.264671670892643,25.218621076326997,8.757255988195158,PT,4,Alentejo,PT18,0.02371010078187544,0.5760159778185034,1.1129800249374473,0.0529990488065451,0.034867795267463884,0.01813125353908122,0.0013947118106985552,0.12412935115217141,0.09205097950610466,0.07113030234562633,0.006973559053492777,0.0655514551028321,0.0027894236213971105,0.037657218888861,0.0027894236213971105,0.03626250707816244,0.005578847242794221,0.0027894236213971105,0,0,0,0,"list(list(c(-7.542929, -7.6917725, -7.825104, -7.8553662, -7.9596102, -8.0015645, -7.9540927, -8.1725995, -8.2553197, -8.3464727, -8.4673885, -8.5431361, -8.6280342, -8.6979377, -8.7520863, -8.7320698, -8.7593815, -8.903421, -8.9947002, -8.9926445, -8.9311105, -8.9529622, -8.930277, -8.8729821, -8.8519501, -8.968466, -8.924881, -8.7697547, -8.69223, -8.6145271, -8.5999631, -8.5467975, -8.504706, -8.6447235, -8.639114, -8.735063, -8.7059456, -8.8189901, -8.7811333, -8.8746174, -8.8129978, -8.7956421, 
-8.7963215, -8.7165055, -8.57181, -8.484048, -8.3779265, -8.297263, -8.1975009, -8.0765667, -7.9800432, -7.7396889, -7.5126915, -7.5009498, -7.4189033, -7.2977808, -7.250536, -7.1034007, -7.0132789, -6.9317385, -7.1079525, -7.3076747, -7.3089854, -7.2551027, -7.255303, -7.203135, -7.0493288, -6.9599753, -7.0113663, -7.1348588, -7.1480671, -7.2371971, -7.231467, -7.3127414, -7.3088612, -7.4970171, -7.542929, 39.662815, 39.6371895, 39.537365, 39.5188162, 39.5515928, 39.4724132, 39.3998817, 39.2333135, 
39.2894183, 39.4573407, 39.4426008, 39.4016844, 39.4236112, 39.4058621, 39.4128952, 39.4492138, 39.4757415, 39.4660075, 39.346716, 39.1900007, 39.1197621, 39.0492601, 39.018025, 39.0244419, 39.001402, 38.827765, 38.758674, 38.7421372, 38.8309612, 38.8195673, 38.7830632, 38.763436, 38.7251268, 38.613229, 38.549491, 38.5156725, 38.4197013, 38.4193578, 38.1917704, 37.9660044, 37.9185543, 37.858118, 37.442948, 37.3995457, 37.4054332, 37.3765827, 37.427265, 37.4295812, 37.3501899, 37.3241025, 37.4012328, 
37.4908683, 37.5262565, 37.6033003, 37.7409406, 37.8536629, 37.9791389, 38.036375, 38.0254508, 38.208378, 38.1881215, 38.4456101, 38.5210065, 38.6158474, 38.7113644, 38.7510175, 38.8690015, 39.0307225, 39.1008691, 39.11305, 39.1697539, 39.213562, 39.278431, 39.3538564, 39.4592606, 39.5937315, 39.662815)))"
PT20,2322,54.3,40.1,23,39.4,NA,19.6,16.9,NA,31.4,30.5,67.5,60.2,72.9,78.9,75.1,83.8,78.6,58.5,55.2,59.1,NA,240125,205191,51.156272774596566,2.1976054138469547,32.92618427902134,103.4130060292851,20.240291514836024,25.487142113482562,30.52410203019261,19.726392503904215,4.011244143675169,PT,4,Região Autónoma dos Açores,PT20,0.012493492972410203,0.7162935970848516,1.2576782925559604,0.020822488287350338,0.03331598125976054,0.01665799062988027,0,0.062467464862051014,0.029151483602290473,0.1290994273815721,0.008328995314940135,0.09578344612181156,0.004164497657470068,0.04997397188964081,0.041644976574700676,0.1665799062988027,0.008328995314940135,0.008328995314940135,0,0,0,0,"list(list(c(-25.6914145, -25.7197588, -25.7851425, -25.8550176, -25.8423935, -25.6976481, -25.6306058, -25.5661754, -25.5098528, -25.4836952, -25.3682983, -25.2492659, -25.2024483, -25.1700764, -25.1380357, -25.1345523, -25.1485599, -25.2610197, -25.3288903, -25.4276597, -25.4718034, -25.4880501, -25.5260024, -25.5856359, -25.6288678, -25.6914145, 37.8431242, 37.8862513, 37.9105974, 37.8605122, 37.8291293, 37.7359125, 37.7498442, 37.7429537, 37.7071025, 37.717555, 37.7136677, 37.7463441, 37.7353165, 
37.7421828, 37.7810536, 37.8238686, 37.8504667, 37.8622426, 37.8538714, 37.8244773, 37.8263201, 37.8469352, 37.8236959, 37.8141991, 37.8322812, 37.8431242)), list(c(-28.1908294, -28.241954, -28.2949691, -28.3235024, -28.3906818, -28.4762882, -28.5154334, -28.5425385, -28.5169954, -28.4458396, -28.4117986, -28.3640417, -28.2676354, -28.2374731, -28.1785242, -28.0942705, -28.0293414, -28.0573296, -28.1908294, 38.4629858, 38.4988537, 38.5069916, 38.5322987, 38.5585197, 38.5607413, 38.548727, 38.5103804, 
38.4526227, 38.420298, 38.4274878, 38.4121455, 38.4107439, 38.3826307, 38.4087959, 38.400201, 38.4115009, 38.4428545, 38.4629858)), list(c(-27.3347826, -27.3816991, -27.3536001, -27.2779069, -27.172835, -27.0780051, -27.0725054, -27.0400461, -27.0423092, -27.101207, -27.1397336, -27.2574716, -27.3347826, 38.7944737, 38.747882, 38.6868445, 38.6519344, 38.6534349, 38.6428813, 38.669541, 38.6962386, 38.7360081, 38.7860027, 38.7844273, 38.8037216, 38.7944737)), list(c(-27.7743897, -27.9145445, -28.0248188, 
-28.0669266, -28.2617073, -28.273487, -28.2270361, -28.1055531, -28.0648467, -28.025701, -27.9419186, -27.8237089, -27.7693376, -27.7743897, 38.564203, 38.6158324, 38.6727184, 38.6789073, 38.7435621, 38.7351103, 38.6817796, 38.6320266, 38.6254566, 38.6016083, 38.5884899, 38.5316558, 38.542093, 38.564203)), list(c(-28.6029693, -28.5956598, -28.6657964, -28.7151175, -28.7571214, -28.8048284, -28.7600708, -28.7514897, -28.7213787, -28.6323613, -28.6029693, 38.5428232, 38.5929238, 38.632819, 38.6456644, 
38.6119535, 38.5909442, 38.5588637, 38.5216411, 38.5159981, 38.5234719, 38.5428232)), list(c(-31.2355853, -31.2673523, -31.2477177, -31.1761838, -31.1494903, -31.1277464, -31.1558468, -31.183365, -31.20749, -31.2355853, 39.5200297, 39.4518554, 39.3767372, 39.3759512, 39.4069658, 39.4626054, 39.4994856, 39.4984561, 39.5228416, 39.5200297)), list(c(-25.0546528, -25.0534597, -25.1498179, -25.1860774, -25.1676069, -25.0918366, -25.0688164, -25.0157427, -25.0185254, -25.0546528, 36.9901667, 37.0128593, 
37.0090888, 36.9851797, 36.9446659, 36.9492561, 36.929466, 36.9297675, 36.963171, 36.9901667)), list(c(-27.9955672, -28.0488316, -28.0718683, -28.0363697, -27.9690688, -27.9480825, -27.9955672, 39.0879739, 39.0950057, 39.0670634, 39.0240756, 39.0084335, 39.0210479, 39.0879739)), list(c(-31.0851297, -31.1209296, -31.1326043, -31.1120024, -31.0841349, -31.0851297, 39.7221805, 39.7285016, 39.7024403, 39.6698791, 39.6840929, 39.7221805)))"
PT30,802,65.8,38.8,25.2,35.1,23.6,33.7,20.9,33.3,28.1,26.5,68.2,60.5,73.5,80.2,76.6,84.9,82.4,61.4,54.6,58.7,10.9,254070,222281,53.003502971622,2.8661392529617817,17.320423505333178,316.79551122194516,18.00842287558547,22.121068996733182,31.83256582831503,22.750423111740858,5.274137048844807,PT,4,Região Autónoma da Madeira,PT30,0.003935923170779706,0.20860392805132444,0.5156059353721415,0.007871846341559413,0.015743692683118825,0.003935923170779706,0.003935923170779706,0.01967961585389853,0.03148738536623765,0.04329515487857677,0,0.03148738536623765,0.003935923170779706,0.02361553902467824,0.003935923170779706,0.04329515487857677,0.003935923170779706,0,0,0,0,0,"list(list(c(-17.1681915, -17.1942572, -17.2657846, -17.2125105, -17.0196991, -16.9433362, -16.9045645, -16.8312993, -16.7726073, -16.7349846, -16.8216858, -16.8849405, -16.9068708, -16.9824186, -17.0511948, -17.1253709, -17.1681915, 32.868847, 32.8707604, 32.8149468, 32.7369534, 32.6533002, 32.6328066, 32.6462627, 32.6411506, 32.6918336, 32.7462867, 32.7684996, 32.8273682, 32.8367367, 32.8268802, 32.8090864, 32.8279831, 32.868847)), list(c(-16.2968896, -16.2963281, -16.3225865, -16.3756331, -16.3952755, 
-16.3779128, -16.3261963, -16.2968896, 33.0611542, 33.0985877, 33.1047172, 33.074897, 33.0404587, 33.0253197, 33.0611319, 33.0611542)), list(c(-15.85987, -15.856281, -15.8617849, -15.8709053, -15.8742674, -15.8639011, -15.8551623, -15.85987, 30.1462398, 30.1488768, 30.1550205, 30.1536011, 30.1415488, 30.1378301, 30.1405541, 30.1462398)))"
PL43,13988,81.2,60,63.2,54.1,NA,32.7,31.1,38.5,16,25,72,61,78,85.7,80.4,88.9,84.8,59.7,56.3,60.3,6.8,952793,809869,51.37107430470207,0.10925772964326985,4.2299848970342975,68.11502716614241,19.83998622995761,24.91747945251487,28.23981704315628,23.206614658168142,3.7826684285044077,PL,4,Lubuskie,PL43,0.017842280537325526,0.426115641067892,0.7010966705254971,0.1301436933310803,0.030436831504849427,0.05352684161197658,0.003148637741880975,0.028337739676928778,0.0209909182792065,0.051427749784055926,0.028337739676928778,0.01469364279544455,0.055625933439897225,0.009445913225642926,0.0010495459139603252,0.01049545913960325,0.0020990918279206504,0.0010495459139603252,0,0.00629727548376195,0,0,"list(list(c(15.9624975, 15.9723658, 15.8661458, 15.733394, 15.4237891, 15.3109154, 15.2756289, 15.108737, 14.9256527, 14.728339, 14.565063, 14.6251561, 14.621086, 14.534362, 14.6008915, 14.7033943, 14.6853953, 14.755227, 14.716716, 14.7010605, 14.5999785, 14.7520377, 14.759195, 14.729862, 14.7408548, 14.952273, 14.974183, 15.1783851, 15.3199854, 15.4004395, 15.5010569, 15.6037621, 15.7140325, 15.7232137, 15.7617001, 15.8132893, 15.8747721, 15.9631435, 15.9872684, 16.1630945, 16.1787895, 16.2688699, 
16.3395144, 16.416191, 16.3857723, 16.2984251, 16.139081, 16.117959, 16.0005793, 15.9728671, 15.9747194, 15.8596044, 15.8558038, 15.8808105, 15.8878282, 15.8171644, 15.8857373, 15.7832023, 15.8056013, 15.9167852, 15.946907, 15.8948799, 15.9756471, 15.9624975, 53.041381, 53.0991587, 53.112247, 52.9961449, 52.9833259, 52.9503227, 52.8853011, 52.8418421, 52.8746079, 52.6490047, 52.624497, 52.5762421, 52.4879758, 52.395008, 52.272052, 52.2407478, 52.123903, 52.070025, 52.001188, 51.917865, 51.8259609, 
51.6632588, 51.6139648, 51.581777, 51.5302216, 51.4624426, 51.36395, 51.4559448, 51.4266002, 51.5249427, 51.5178802, 51.4583322, 51.517397, 51.5495862, 51.5651857, 51.5769311, 51.7126694, 51.7450687, 51.7950113, 51.7591367, 51.7147354, 51.6848178, 51.7095901, 51.784865, 51.8423589, 51.8914998, 51.8959382, 51.9842951, 51.987709, 52.0113486, 52.0700735, 52.0988937, 52.2473475, 52.2904295, 52.3857596, 52.4352116, 52.4600715, 52.6477008, 52.7033905, 52.7201639, 52.754896, 52.8116882, 52.8831272, 53.041381
)))"
PL51,19947,74.7,44.6,54.1,41.6,20.4,47.5,39.7,51.5,14.4,34.8,74.3,62.8,79.4,85.1,80.5,88,87.4,57.8,57.7,60.3,7.2,2813919,2404470,51.81616812708539,0.060947027970599005,2.186487955054854,141.06978493006469,18.808146218849938,26.206653425347355,27.608363993419854,23.098319461221166,4.263484485516463,PL,4,Dolnośląskie,PL51,0.031983863074949916,0.2839456288542776,0.5550977124785752,0.14641501763199294,0.017768812819416623,0.022388704152464942,0.004619891333048322,0.036603754407998235,0.022744080408853277,0.05934783481685152,0.009595158922484977,0.024165585434406604,0.04868654712520154,0.010661287691649972,0.0014215050255533298,0.0131489214863683,0.0021322575383299945,7.107525127766649e-4,3.5537625638833246e-4,7.107525127766649e-4,0,0,"list(list(c(16.1630945, 15.9872684, 15.9631435, 15.8747721, 15.8132893, 15.7617001, 15.7232137, 15.7140325, 15.6037621, 15.5010569, 15.4004395, 15.3199854, 15.1783851, 14.974183, 15.0335507, 14.9956891, 14.8990892, 14.823362, 14.9879347, 15.0091508, 14.9823386, 15.0127314, 15.1651496, 15.2728885, 15.2834548, 15.3816667, 15.4495799, 15.5352675, 15.7617001, 15.8156054, 15.8712211, 15.9831183, 16.0202465, 16.107318, 16.1920526, 16.2466669, 16.3334895, 16.4245975, 16.3865561, 16.2116539, 16.4510794, 
16.5483432, 16.58029, 16.7057912, 16.86327, 17.0169261, 17.0041914, 16.8726006, 16.9079245, 16.9569964, 17.0494393, 17.1046805, 17.164896, 17.232509, 17.2319041, 17.2728339, 17.2739094, 17.3410834, 17.3403318, 17.3866095, 17.3664361, 17.4209727, 17.4406779, 17.5149898, 17.5703178, 17.5687336, 17.7952695, 17.7463509, 17.7298696, 17.5496354, 17.5254499, 17.5675506, 17.5495162, 17.4473843, 17.257433, 17.2411624, 17.187065, 16.9670656, 16.828372, 16.7569307, 16.6578505, 16.6374102, 16.416191, 16.3395144, 
16.2688699, 16.1787895, 16.1630945, 51.7591367, 51.7950113, 51.7450687, 51.7126694, 51.5769311, 51.5651857, 51.5495862, 51.517397, 51.4583322, 51.5178802, 51.5249427, 51.4266002, 51.4559448, 51.36395, 51.2694135, 51.1251605, 50.9495626, 50.8705505, 50.8706731, 50.9545012, 50.9942554, 51.0155939, 51.0090602, 50.9679011, 50.8989215, 50.7847212, 50.8036824, 50.779376, 50.7431369, 50.7452903, 50.6771218, 50.6815968, 50.6066173, 50.662073, 50.6325853, 50.665387, 50.6526076, 50.6014393, 50.5230662, 50.4269922, 
50.3062959, 50.2206545, 50.142788, 50.1027908, 50.198123, 50.2333115, 50.2929607, 50.4121652, 50.449454, 50.4800251, 50.4772586, 50.5842308, 50.613463, 50.6234299, 50.7090006, 50.7412763, 50.7814708, 50.7969144, 50.8469505, 50.8786379, 50.9128554, 50.9193919, 50.9623087, 50.9948159, 51.0839141, 51.1583677, 51.194146, 51.2472001, 51.409614, 51.4236898, 51.47801, 51.5469715, 51.583834, 51.6292167, 51.642843, 51.6339468, 51.571926, 51.5475496, 51.572188, 51.6395275, 51.6595306, 51.7419711, 51.784865, 
51.7095901, 51.6848178, 51.7147354, 51.7591367)))"
PL52,9412,78.2,54.6,63.8,53.5,NA,38.8,30.1,41.3,11.9,31.3,71.8,60.8,77,85.4,78.5,86.7,84.9,56.5,55.6,58.6,6.2,896370,769346,51.623994555819586,0.1274027466336446,2.601269565023372,95.23693157671059,18.538773051306936,24.478396197998595,28.65501969052958,23.355310864933006,4.952307640817966,PL,4,Opolskie,PL52,0.02231221482200431,0.3480705512232672,1.0442116536698016,0.1394513426375269,0.017849771857603444,0.03793076519740732,0.004462442964400861,0.03793076519740732,0.020080993339803874,0.059127369278311415,0.01896538259870366,0.007809275187701506,0.052433704831710115,0.016734161116503228,0,0.006693664446601292,0.006693664446601292,0,0,0,0,0,"list(list(c(17.8402586, 17.7952695, 17.5687336, 17.5703178, 17.5149898, 17.4406779, 17.4209727, 17.3664361, 17.3866095, 17.3403318, 17.3410834, 17.2739094, 17.2728339, 17.2319041, 17.232509, 17.164896, 17.1046805, 17.0494393, 16.9569964, 16.9079245, 17.1897739, 17.429605, 17.6157395, 17.6948119, 17.7267068, 17.7547592, 17.6110824, 17.739429, 17.7832792, 17.880855, 18.0341851, 18.0144777, 18.035061, 18.0524924, 18.0597805, 18.4258665, 18.3692368, 18.3874074, 18.4635843, 18.4557592, 18.6074735, 18.5905266, 
18.5265272, 18.4968985, 18.5442145, 18.5355377, 18.6158775, 18.6454807, 18.6250838, 18.6850216, 18.6729545, 18.584624, 18.5406009, 18.4905686, 18.1636815, 17.939456, 17.8417087, 17.8402586, 51.1759621, 51.194146, 51.1583677, 51.0839141, 50.9948159, 50.9623087, 50.9193919, 50.9128554, 50.8786379, 50.8469505, 50.7969144, 50.7814708, 50.7412763, 50.7090006, 50.6234299, 50.613463, 50.5842308, 50.4772586, 50.4800251, 50.449454, 50.3810115, 50.254513, 50.2704266, 50.3180492, 50.3097375, 50.2165943, 50.1552239, 
50.0829972, 50.0259768, 49.9759325, 50.0113921, 50.0453779, 50.065772, 50.0829972, 50.1746525, 50.2489655, 50.3540336, 50.4725174, 50.4760316, 50.5467431, 50.550011, 50.6022974, 50.6285683, 50.6874206, 50.7392889, 50.7982527, 50.8535875, 50.9074172, 50.9517877, 51.0194287, 51.0569025, 51.0860948, 51.1352295, 51.1001453, 51.172517, 51.108865, 51.1161605, 51.1759621)))"
PL61,17972,78.4,55.8,61.1,52.5,16.8,35.8,31.1,39.7,24.1,23.2,71.5,60.4,77.8,85.1,80.3,89.8,86.1,57.3,55.3,59.6,5.1,1943197,1648571,51.625079701131696,0.044668656857745244,1.4595535089854503,108.1235811261963,20.02807744145344,25.057521188021596,27.976010666957595,22.80422417284506,4.115640359675319,PL,4,Kujawsko-pomorskie,PL61,0.04065465313089718,0.3411903167820864,0.38441804922506567,0.10909856283228103,0.01698232345974186,0.03293541519465088,0.0036023110369149394,0.03293541519465088,0.029847720020152357,0.051976202104058414,0.018011555184574698,0.0205846344966568,0.05815159245305545,0.011836164835577659,0,0.00411692689933136,0.0036023110369149394,0,0,0,5.1461586241642e-4,0,"list(list(c(18.0720365, 18.0215791, 17.9041617, 17.8520695, 17.7618037, 17.6923602, 17.4524289, 17.390653, 17.2583164, 17.3635527, 17.4387935, 17.3419725, 17.3601221, 17.3127793, 17.4936913, 17.5131008, 17.4179838, 17.458523, 17.5105504, 17.6293583, 17.6890749, 17.7568369, 17.8716352, 17.9415342, 18.2229965, 18.3771505, 18.3935316, 18.5366384, 18.6460522, 18.7640586, 18.9461711, 19.04712, 19.1875316, 19.2891845, 19.2953101, 19.3604508, 19.3519909, 19.4111633, 19.3957469, 19.4458887, 19.4986655, 19.4414603, 
19.480952, 19.444664, 19.5318877, 19.5997494, 19.684806, 19.6422179, 19.7615955, 19.7403306, 19.6928887, 19.7181345, 19.6949701, 19.6765566, 19.5348403, 19.3626638, 19.2647287, 19.1900525, 19.1292765, 18.7615775, 18.7624862, 18.554504, 18.4982255, 18.2972358, 18.2467205, 18.0720365, 53.781075, 53.7280263, 53.7438936, 53.6913059, 53.6891775, 53.5987547, 53.6003415, 53.490964, 53.3751707, 53.3123963, 53.2675145, 53.20466, 53.1389941, 52.9902651, 52.9356119, 52.8116882, 52.7784, 52.738948, 52.6793443, 
52.6998605, 52.6121508, 52.6499906, 52.6282893, 52.5746046, 52.4844988, 52.5374635, 52.4811998, 52.4898051, 52.4452678, 52.3408233, 52.3832036, 52.332804, 52.3484567, 52.3927125, 52.4365034, 52.5008194, 52.5619067, 52.6005479, 52.6309652, 52.7126508, 52.7347871, 52.8116882, 52.8767603, 52.9390425, 52.9404789, 52.9745906, 52.963039, 53.1032848, 53.1517965, 53.2180583, 53.244503, 53.2847151, 53.3123963, 53.3344002, 53.3332783, 53.4095529, 53.4001798, 53.5656105, 53.5882605, 53.604882, 53.691628, 53.6630034, 
53.6956062, 53.6984921, 53.7402321, 53.781075)))"
PL62,24011,84.2,56.1,58.5,52.9,NA,34.5,31.2,36.5,24.7,24.5,68.6,58.1,75,79.1,76.9,86.5,84.9,56.3,53.5,57.4,4.2,1303380,1105215,51.214994859519095,0.07557274164096425,2.037855422056499,54.28262046561992,20.19756325860455,24.899338642606146,28.03480182295263,22.888259755405176,3.9653055900811736,PL,4,Warmińsko-mazurskie,PL62,0.01611195507066243,0.30766161825407784,0.5508754162255061,0.08593042704353297,0.01841366293789992,0.02608602249535822,7.672359557458301e-4,0.03222391014132486,0.030689438229833204,0.02378431462812073,0.007672359557458301,0.015344719114916602,0.05140480903497061,0.0038361797787291505,0,0.02378431462812073,0.0038361797787291505,0.0015344719114916603,0,0,0,0,"list(list(c(20.313503, 19.8037685, 19.6616408, 19.5160267, 19.4044061, 19.256953, 19.3166012, 19.2176885, 19.2799044, 19.3694576, 19.3880374, 19.5355486, 19.552914, 19.4798576, 19.3202464, 19.2088714, 19.1292765, 19.1900525, 19.2647287, 19.3626638, 19.5348403, 19.6765566, 19.6949701, 19.7181345, 19.6928887, 19.7403306, 19.7615955, 19.8274021, 19.8458683, 19.8976448, 19.9809105, 20.2944721, 20.411137, 20.675954, 20.7267282, 20.8133803, 20.8415327, 20.8675731, 20.9557718, 21.0690211, 21.260597, 21.3898215, 
21.453826, 21.55169, 21.612953, 21.6884513, 21.8676509, 21.9498573, 22.0299069, 22.135728, 22.694646, 22.7718345, 22.7695656, 22.6075812, 22.6186093, 22.536177, 22.5128344, 22.7675255, 22.7920955, 21.6884513, 21.559322, 20.8133803, 20.313503, 54.402202, 54.4424105, 54.3535736, 54.3248723, 54.2690724, 54.2784605, 54.2034022, 54.1161215, 54.0248101, 53.9971727, 53.9365094, 53.9449774, 53.9065284, 53.7955365, 53.8043027, 53.6508736, 53.5882605, 53.5656105, 53.4001798, 53.4095529, 53.3332783, 53.3344002, 
53.3123963, 53.2847151, 53.244503, 53.2180583, 53.1517965, 53.1467953, 53.1869294, 53.2043406, 53.1486405, 53.1425388, 53.214165, 53.2695295, 53.3113834, 53.3016776, 53.2985243, 53.3123963, 53.3593806, 53.3407387, 53.4189554, 53.4237358, 53.4642695, 53.478128, 53.4808335, 53.492624, 53.4633805, 53.5129879, 53.5072169, 53.54454, 53.7689271, 53.8671225, 53.9221206, 54.0582623, 54.1219848, 54.1577246, 54.2245815, 54.2986703, 54.363359, 54.3273657, 54.322504, 54.3702237, 54.402202)))"
PL63,18170,74.9,44,52,40.5,14.9,52.1,42.4,57.1,16.9,25.8,74,64.2,79.8,90.2,82.9,88.8,86.8,60.5,59,63.6,7,2295745,1913324,51.37182047657733,0.04939572992645089,1.6725725200316237,126.34810126582279,21.56546132083485,26.951120442383626,26.98513990011957,20.61505088762036,3.866152381906527,PL,4,Pomorskie,PL63,0.018294714787574405,0.2983780864163921,0.37678400693456804,0.09844298909504322,0.012196476525049604,0.016116772550958402,0.0052270613678784,0.027442072181361604,0.019165891682220805,0.030926779759947207,0.010018534288433602,0.014374418761665602,0.056626498152016015,0.003049119131262401,4.355884473232001e-4,0.0104541227357568,0.0013067653419696,4.355884473232001e-4,0,0,0,0,"list(list(c(18.611682, 18.5612238, 18.5417265, 18.4066691, 18.4077799, 18.3297891, 17.9711662, 17.666607, 17.2619606, 16.9000049, 16.699085, 16.8077415, 16.8256564, 16.8467275, 16.8188652, 16.853816, 16.7214077, 16.7970762, 16.7940788, 16.841359, 16.8878736, 16.9820535, 16.873622, 16.9259705, 16.8678506, 16.892248, 16.9488026, 17.0221437, 17.2573915, 17.390653, 17.4524289, 17.6923602, 17.7618037, 17.8520695, 17.9041617, 18.0215791, 18.0720365, 18.2467205, 18.2972358, 18.4982255, 18.554504, 18.7624862, 
18.7615775, 19.1292765, 19.2088714, 19.3202464, 19.4798576, 19.552914, 19.5355486, 19.3880374, 19.3694576, 19.2799044, 19.2176885, 19.3166012, 19.256953, 19.2663016, 19.6484995, 19.639032, 19.3596575, 18.9500295, 18.7521445, 18.611682, 54.425241, 54.4744731, 54.58448, 54.7293129, 54.7957459, 54.8313352, 54.8301421, 54.7832315, 54.7332619, 54.5961799, 54.569247, 54.4744731, 54.4588471, 54.3869352, 54.3352828, 54.2618645, 54.2092621, 54.107336, 53.9859454, 53.992061, 53.9394549, 53.9049095, 53.8525963, 
53.7906303, 53.7419115, 53.655869, 53.5582004, 53.5227349, 53.53467, 53.490964, 53.6003415, 53.5987547, 53.6891775, 53.6913059, 53.7438936, 53.7280263, 53.781075, 53.7402321, 53.6984921, 53.6956062, 53.6630034, 53.691628, 53.604882, 53.5882605, 53.6508736, 53.8043027, 53.7955365, 53.9065284, 53.9449774, 53.9365094, 53.9971727, 54.0248101, 54.1161215, 54.2034022, 54.2784605, 54.3429833, 54.453327, 54.4582945, 54.3723058, 54.3583105, 54.3750591, 54.425241)), list(c(18.7547999, 18.7411152, 18.7789215, 
18.8160074, 18.8252404, 18.7547999, 54.6690466, 54.66157, 54.612476, 54.5919045, 54.624977, 54.6690466)))"
PL71,18219,75.5,50.7,59.1,51,12.4,42.5,33.5,44,16.1,34.2,73.1,61.6,77.9,86.4,79.8,87.4,86,57.9,55.4,58,6.2,2343021,2007181,52.30567715782317,0.04579557758978686,1.2789471370508416,128.6031615346616,18.903543758250567,24.273576719969647,27.968976803878412,24.1708034200291,4.669953875786858,PL,4,Łódzkie,PL71,0.03585115114205122,0.3286355521354695,0.3888142701239127,0.1532209911904332,0.018352374989383365,0.02219356975460314,0.007255590112081795,0.032436755795189204,0.04737473543771054,0.02688836335653842,0.013230781969090333,0.01579157847923685,0.05249632845800358,0.002560796510146516,0,0.0046947936019352795,0.0017071976734310108,4.267994183577527e-4,0,0,0,0,"list(list(c(19.3354511, 19.2891845, 19.1875316, 19.04712, 19.0516127, 19.0957468, 19.0711953, 18.937071, 18.932923, 18.827809, 18.7240897, 18.7572, 18.6811866, 18.4719655, 18.3708436, 18.3731957, 18.3188037, 18.2216786, 18.1938939, 18.0873011, 18.1723843, 18.1636815, 18.4905686, 18.5406009, 18.584624, 18.6729545, 18.9317251, 19.2036277, 19.2362491, 19.2431425, 19.3088262, 19.3932105, 19.4874498, 19.5689323, 19.7031476, 19.74706, 19.8348258, 19.8809641, 20.0002219, 20.0394705, 20.0401609, 19.987319, 
20.0089889, 20.1967229, 20.2689985, 20.3677454, 20.3777069, 20.432815, 20.4393201, 20.5222252, 20.4607397, 20.4248905, 20.385006, 20.457957, 20.5956774, 20.6460224, 20.6482646, 20.5853556, 20.5740227, 20.4545017, 20.2551141, 20.2600363, 20.213426, 20.2589336, 20.2524898, 20.0910462, 20.0627224, 19.936101, 19.6519133, 19.4743206, 19.3354511, 52.3503712, 52.3927125, 52.3484567, 52.332804, 52.2832322, 52.2537908, 52.2095449, 52.1952602, 52.0958029, 52.064188, 52.0596774, 51.922208, 51.8296975, 51.8510055, 
51.6731452, 51.4773092, 51.4266303, 51.4465407, 51.3960068, 51.3454185, 51.2518636, 51.172517, 51.1001453, 51.1352295, 51.0860948, 51.0569025, 51.0911239, 50.9889611, 50.9996589, 51.0368445, 51.0413871, 50.9942381, 50.8865168, 50.9005028, 50.8481608, 50.86597, 50.9326582, 51.0352239, 50.972022, 50.9902065, 51.0562855, 51.0919388, 51.1861344, 51.1973634, 51.2419741, 51.2469585, 51.3079895, 51.339405, 51.3919717, 51.4810107, 51.5129177, 51.6116195, 51.64161, 51.6900735, 51.661468, 51.6789318, 51.7215599, 
51.7605896, 51.8715809, 51.9318274, 51.9395407, 51.9831288, 52.0251869, 52.0747163, 52.1063738, 52.1596925, 52.2418602, 52.2997335, 52.2584735, 52.3418122, 52.3503712)))"
PL72,11709,82.9,55.8,60.2,52.6,NA,39.8,33.7,42.7,22,22.2,69.8,58.4,75.9,78.5,78.5,86.1,86.4,61.6,52.6,56.5,5.6,1133097,974321,51.40080681530355,0.05824744042213508,1.3791405325404622,96.77145785293364,18.719933068395733,23.83573515771377,27.688626834242786,24.749425689062807,4.989775809131963,PL,4,Świętokrzyskie,PL72,0.012355517665301382,0.34683703160453166,0.6151282723367902,0.09972667829850401,0.013238054641394338,0.02559357230669572,0.004412684880464779,0.024711035330602763,0.030006257187160497,0.01941581347404503,0.004412684880464779,0.022063424402323898,0.054717292517763264,0.015885665569673205,0,8.825369760929559e-4,0.0017650739521859117,0.0017650739521859117,0,0,0,0,"list(list(c(20.5360532, 20.4944432, 20.432815, 20.3777069, 20.3677454, 20.2689985, 20.1967229, 20.0089889, 19.987319, 20.0401609, 20.0394705, 20.0002219, 19.8809641, 19.8348258, 19.74706, 19.8159083, 19.7129495, 19.8464987, 19.8951967, 19.8218149, 19.9499665, 20.2563158, 20.4049459, 20.681539, 20.7946779, 20.8133803, 21.2088315, 21.4674087, 21.6085346, 21.6884513, 21.8150684, 21.8643035, 21.802998, 21.750864, 21.6884513, 21.6301645, 21.4601063, 21.337191, 21.172553, 21.0815036, 21.0364225, 20.9259461, 
20.8754116, 20.8133803, 20.7037969, 20.6713682, 20.5360532, 51.2454024, 51.3291184, 51.339405, 51.3079895, 51.2469585, 51.2419741, 51.1973634, 51.1861344, 51.0919388, 51.0562855, 50.9902065, 50.972022, 51.0352239, 50.9326582, 50.86597, 50.8240906, 50.729156, 50.6959263, 50.6303376, 50.5661379, 50.5047825, 50.4738172, 50.2001409, 50.2058755, 50.2809422, 50.2842819, 50.3548975, 50.4917146, 50.5292603, 50.6161684, 50.695268, 50.8027065, 51.072079, 51.043374, 51.0681014, 51.063389, 51.0177231, 51.0825978, 
51.0828274, 51.2006746, 51.1596214, 51.1877357, 51.1618427, 51.1616289, 51.1612511, 51.2079541, 51.2454024)))"
PL81,25123,77.7,46.1,59.2,41.6,14.5,44.9,34,50.1,22.1,27.1,70.1,59.3,76.2,82.8,78.3,87.2,83.2,58.7,53.6,57.2,5.2,1948400,1658015,51.616608499281455,0.03248819544241429,0.6805070827345514,77.55443219360745,19.88257031410388,24.799989735167316,27.47864914801889,23.048552658591664,4.776791213303223,PL,4,Lubelskie,PL81,0.02720180661055225,0.48090741120919733,0.6194826524327653,0.12779716690617943,0.022069390268938616,0.02720180661055225,0.004619174707452269,0.05491685485526586,0.055943338123588586,0.052350646684459046,0.0097515910490659,0.023095873537261342,0.051837405050297686,0.018476698829809075,0,0.004619174707452269,0.0015397249024840895,0,0,0,0,0,"list(list(c(23.2514648, 23.2212332, 23.178338, 23.128409, 22.8866228, 22.6845308, 22.6229015, 22.4913849, 22.3534519, 22.2977049, 22.0344228, 21.9064911, 21.8753275, 21.8999117, 21.8717306, 21.9424595, 21.8491591, 21.875512, 21.7435942, 21.6884513, 21.6520439, 21.6155425, 21.6884513, 21.8174413, 21.8632782, 21.8403002, 21.7735179, 21.840854, 21.7881011, 21.802998, 21.8643035, 21.9332822, 22.054067, 22.1398999, 22.1904325, 22.1765071, 22.2614605, 22.519738, 22.5439815, 22.4259574, 22.5013142, 22.6149772, 
22.638222, 23.0180808, 23.1737424, 23.2514648, 23.3545211, 23.441505, 23.547642, 23.7289918, 24.0033991, 24.092015, 24.0617498, 23.9679166, 23.9945264, 24.0927129, 24.1212392, 23.9848962, 23.8504321, 23.7459286, 23.709221, 23.6461405, 23.6885334, 23.617443, 23.5452466, 23.5410631, 23.6314767, 23.6214728, 23.6788421, 23.6492816, 23.4745901, 23.2514648, 52.2198601, 52.2262267, 52.283141, 52.2878415, 52.0741203, 52.1015903, 52.0187445, 52.0611133, 52.0051015, 52.028256, 52.0170211, 51.9808638, 51.9530602, 
51.8931687, 51.8360187, 51.7999254, 51.7506124, 51.6836238, 51.6219728, 51.6449832, 51.6508493, 51.617562, 51.5733442, 51.5561279, 51.4703258, 51.4277819, 51.4031949, 51.3520664, 51.1802132, 51.072079, 50.8027065, 50.7740137, 50.8149397, 50.8010971, 50.7463152, 50.6692299, 50.623265, 50.5832335, 50.479127, 50.401519, 50.3540719, 50.3468299, 50.3030775, 50.2915209, 50.3861413, 50.3700553, 50.3888531, 50.3048187, 50.251602, 50.3823912, 50.421294, 50.5772864, 50.709498, 50.8016345, 50.8337901, 50.8398619, 
50.8655303, 50.9424136, 51.1539459, 51.2174592, 51.2776485, 51.3075227, 51.4057481, 51.509537, 51.606925, 51.7362384, 51.7927903, 51.9306513, 51.988754, 52.0686234, 52.172871, 52.2198601)))"
PL82,17846,84.1,50.9,61.7,47.7,10.7,44.5,32.9,47.6,17.2,21.8,65.6,56,70.5,79.3,74.1,83.4,79.6,53.2,51,55.1,NA,1962332,1650569,51.08916330162276,0.029098032341112513,0.6125874724562408,109.95920654488401,20.945844026393086,25.60917316743548,27.50508068971,21.424152487958207,4.503315443054488,PL,4,Podkarpackie,PL82,0.0178359217502441,0.5264144905143473,0.8647874060046924,0.12332265895883063,0.021403106100292918,0.02038391057170754,0.0045863798786341965,0.038729430086244326,0.029556670328975933,0.05146937419356154,0.010701553050146459,0.018345519514536786,0.06828610041522026,0.0178359217502441,0,0.004076782114341509,0.0020383910571707543,5.095977642926886e-4,0,0,0,0,"list(list(c(22.054067, 21.9332822, 21.8643035, 21.8150684, 21.6884513, 21.6085346, 21.4674087, 21.2088315, 21.214109, 21.1558105, 21.1665831, 21.1624406, 21.2736714, 21.2304479, 21.2971495, 21.3337699, 21.241772, 21.3379347, 21.3412354, 21.4001298, 21.3977125, 21.4667099, 21.6165888, 21.6884513, 21.782328, 21.8414672, 21.9591727, 22.0596226, 22.4218867, 22.56684, 22.879771, 22.8778897, 22.7241144, 22.7438791, 22.6999432, 22.6502476, 22.6861495, 23.2514648, 23.2790963, 23.547642, 23.441505, 23.3545211, 
23.2514648, 23.1737424, 23.0180808, 22.638222, 22.6149772, 22.5013142, 22.4259574, 22.5439815, 22.519738, 22.2614605, 22.1765071, 22.1904325, 22.1398999, 22.054067, 50.8149397, 50.7740137, 50.8027065, 50.695268, 50.6161684, 50.5292603, 50.4917146, 50.3548975, 50.31623, 50.2588359, 50.0829972, 49.9608973, 49.9196556, 49.8622092, 49.842864, 49.8122713, 49.7761045, 49.7025857, 49.5925663, 49.5024119, 49.433794, 49.4161342, 49.443754, 49.4132098, 49.3663369, 49.3846208, 49.3415235, 49.2147196, 49.1050048, 
49.0883775, 49.0146852, 49.094967, 49.1803702, 49.36305, 49.479685, 49.5236096, 49.5731655, 50.0670468, 50.0911867, 50.251602, 50.3048187, 50.3888531, 50.3700553, 50.3861413, 50.2915209, 50.3030775, 50.3468299, 50.3540719, 50.401519, 50.479127, 50.5832335, 50.623265, 50.6692299, 50.7463152, 50.8010971, 50.8149397)))"
PL84,20187,79.6,51.5,55.6,48.8,NA,43.3,36,47.3,27,22,72.6,62.5,78.5,88.3,81.8,87.6,86.3,64.4,56.4,60.9,5.8,1083854,916637,51.29639231852261,0.09503124959634786,1.5174553030205176,53.69069202952395,20.147270757869602,25.378879443172234,27.32748137664298,22.078896235101777,5.0533558947976385,PL,4,Podlaskie,PL84,0.017530036333306884,0.36997602998189794,0.6744450820867016,0.12271025433314818,0.01568476935085353,0.027679004736800347,0.00461316745613339,0.03413743917538709,0.03598270615784045,0.03506007266661377,0.007381067929813425,0.02860163822802702,0.03967324012274716,0.0018452669824533562,0,0.011994235385946815,0.0018452669824533562,0,0,9.226334912266781e-4,0,0,"list(list(c(23.51465, 23.491978, 23.5214048, 23.4750197, 23.3214985, 23.2514648, 23.0692952, 22.9824048, 22.8476335, 22.7920955, 22.7675255, 22.5128344, 22.536177, 22.6186093, 22.6075812, 22.7695656, 22.7718345, 22.694646, 22.135728, 22.0299069, 21.9498573, 21.8676509, 21.6884513, 21.612953, 21.6884513, 21.6538472, 21.7185164, 21.8958299, 21.9022643, 21.9912137, 22.0364859, 22.2544482, 22.3113459, 22.4372193, 22.4427237, 22.408589, 22.5084784, 22.5774712, 22.9397999, 23.0599336, 23.128409, 23.178338, 
23.2514648, 23.4674425, 23.7666749, 23.9186086, 23.939467, 23.916239, 23.9381577, 23.8813662, 23.9056026, 23.8018062, 23.7827687, 23.588702, 23.51465, 53.95656, 53.9927935, 54.0693735, 54.1577246, 54.253326, 54.2685325, 54.3080871, 54.3849257, 54.4016261, 54.363359, 54.2986703, 54.2245815, 54.1577246, 54.1219848, 54.0582623, 53.9221206, 53.8671225, 53.7689271, 53.54454, 53.5072169, 53.5129879, 53.4633805, 53.492624, 53.4808335, 53.3123963, 53.2582727, 53.1325972, 53.0615738, 53.0116213, 52.9611749, 
52.8666281, 52.8786456, 52.7609176, 52.7762019, 52.652638, 52.60969, 52.5365555, 52.3994315, 52.3689669, 52.294375, 52.2878415, 52.283141, 52.350024, 52.5475607, 52.6216544, 52.7035797, 52.8116882, 52.904812, 52.9788753, 53.0826922, 53.1618363, 53.2747728, 53.3123963, 53.6959285, 53.95656)))"
PL91,6104,80,29.8,36.2,25.8,15.6,67.5,62,72.5,8.9,30.8,80.6,70.9,86.5,91.2,88.6,92.4,92.3,70.9,65.1,69.2,10.2,3269510,2728004,52.73267247997406,0.040525950371768246,1.9498028756602672,535.6340104849279,21.067132383751694,27.74859229670501,27.77547705925353,18.993182464650666,4.3929518490538335,PL,4,Warszawski stołeczny,PL91,0.028444629317542998,0.2676242005682809,0.16822092607149083,0.27007105040204804,0.015598667690265512,0.020186511128578902,0.0015292811461044623,0.040678878486378696,0.029973910463647457,0.022327504733125145,0.005811268355196956,0.017739661294811762,0.03731445996494888,0.011622536710393911,0,0.002752706062988032,0.0021409936045462467,0,0,3.058562292208924e-4,0,0,"list(list(c(20.9304695, 20.8475077, 20.8133803, 20.7516011, 20.6228163, 20.5665131, 20.404814, 20.4130718, 20.3410652, 20.473835, 20.4732565, 20.4066413, 20.411539, 20.4885798, 20.5934365, 20.627251, 20.8133803, 20.9742648, 21.1059195, 21.23911, 21.2758045, 21.432884, 21.5590357, 21.6884513, 21.776175, 21.8713384, 21.8799927, 21.9574389, 21.9121298, 21.9293482, 21.8669708, 21.7504824, 21.7669553, 21.7150512, 21.7219891, 21.6884513, 21.5968115, 21.5234614, 21.4254973, 21.287917, 21.149739, 21.121797, 
20.9304695, 52.55894, 52.6346382, 52.635561, 52.6372316, 52.5731687, 52.4714844, 52.3843425, 52.3374851, 52.250089, 52.2225974, 52.192176, 52.1779614, 52.1388399, 52.0444053, 52.0464613, 51.952712, 51.9327464, 51.9154887, 51.9368548, 51.901631, 51.876792, 51.9064759, 52.0307146, 52.0130747, 51.9780406, 51.9941378, 52.0392878, 52.0945277, 52.1657874, 52.2229393, 52.233039, 52.3135632, 52.3462854, 52.4117453, 52.4841551, 52.5143867, 52.5532315, 52.4861423, 52.466318, 52.5306104, 52.5192026, 52.553588, 
52.55894)))"
PL92,29455,79.7,54.3,61.2,51.3,10,42.3,32.2,45.7,18,28,71.8,61,77.6,86.4,80.5,87.1,85.9,62.4,55.9,59.9,5,2210253,1856743,51.010630909674134,0.043479185414520415,1.1197813101034135,75.03829570531319,21.185945681331503,25.1748103045217,27.361166346115127,22.084259132325574,4.1797025046453955,PL,4,Mazowiecki regionalny,PL92,0.015382854361016588,0.36647388330657166,0.45062714539919185,0.09320199995204169,0.01990722329072735,0.020812097076669506,9.048737859421523e-4,0.02940839804311995,0.03393276697283071,0.0285035242571778,0.014477980575074437,0.025336466006380266,0.04162419415333901,0.019454786397756274,0,0.0036194951437686093,0.002714621357826457,9.048737859421523e-4,0,0,0,0,"list(list(c(21.55169, 21.453826, 21.3898215, 21.260597, 21.0690211, 20.9557718, 20.8675731, 20.8415327, 20.8133803, 20.7267282, 20.675954, 20.411137, 20.2944721, 19.9809105, 19.8976448, 19.8458683, 19.8274021, 19.7615955, 19.6422179, 19.684806, 19.5997494, 19.5318877, 19.444664, 19.480952, 19.4414603, 19.4986655, 19.4458887, 19.3957469, 19.4111633, 19.3519909, 19.3604508, 19.2953101, 19.2891845, 19.3354511, 19.4743206, 19.6519133, 19.936101, 20.0627224, 20.0910462, 20.2524898, 20.2589336, 20.213426, 
20.2600363, 20.2551141, 20.4545017, 20.5740227, 20.5853556, 20.6482646, 20.6460224, 20.5956774, 20.457957, 20.385006, 20.4248905, 20.4607397, 20.5222252, 20.4393201, 20.432815, 20.4944432, 20.5360532, 20.6713682, 20.7037969, 20.8133803, 20.8754116, 20.9259461, 21.0364225, 21.0815036, 21.172553, 21.337191, 21.4601063, 21.6301645, 21.6884513, 21.750864, 21.802998, 21.7881011, 21.840854, 21.7735179, 21.8403002, 21.8632782, 21.8174413, 21.6884513, 21.6155425, 21.6520439, 21.6884513, 21.7435942, 21.875512, 
21.8491591, 21.9424595, 21.8717306, 21.8999117, 21.8753275, 21.9064911, 22.0344228, 22.2977049, 22.3534519, 22.4913849, 22.6229015, 22.6845308, 22.8866228, 23.128409, 23.0599336, 22.9397999, 22.5774712, 22.5084784, 22.408589, 22.4427237, 22.4372193, 22.3113459, 22.2544482, 22.0364859, 21.9912137, 21.9022643, 21.8958299, 21.7185164, 21.6538472, 21.6884513, 21.612953, 21.55169, 53.478128, 53.4642695, 53.4237358, 53.4189554, 53.3407387, 53.3593806, 53.3123963, 53.2985243, 53.3016776, 53.3113834, 53.2695295, 
53.214165, 53.1425388, 53.1486405, 53.2043406, 53.1869294, 53.1467953, 53.1517965, 53.1032848, 52.963039, 52.9745906, 52.9404789, 52.9390425, 52.8767603, 52.8116882, 52.7347871, 52.7126508, 52.6309652, 52.6005479, 52.5619067, 52.5008194, 52.4365034, 52.3927125, 52.3503712, 52.3418122, 52.2584735, 52.2997335, 52.2418602, 52.1596925, 52.1063738, 52.0747163, 52.0251869, 51.9831288, 51.9395407, 51.9318274, 51.8715809, 51.7605896, 51.7215599, 51.6789318, 51.661468, 51.6900735, 51.64161, 51.6116195, 51.5129177, 
51.4810107, 51.3919717, 51.339405, 51.3291184, 51.2454024, 51.2079541, 51.1612511, 51.1616289, 51.1618427, 51.1877357, 51.1596214, 51.2006746, 51.0828274, 51.0825978, 51.0177231, 51.063389, 51.0681014, 51.043374, 51.072079, 51.1802132, 51.3520664, 51.4031949, 51.4277819, 51.4703258, 51.5561279, 51.5733442, 51.617562, 51.6508493, 51.6449832, 51.6219728, 51.6836238, 51.7506124, 51.7999254, 51.8360187, 51.8931687, 51.9530602, 51.9808638, 52.0170211, 52.028256, 52.0051015, 52.0611133, 52.0187445, 52.1015903, 
52.0741203, 52.2878415, 52.294375, 52.3689669, 52.3994315, 52.5365555, 52.60969, 52.652638, 52.7762019, 52.7609176, 52.8786456, 52.8666281, 52.9611749, 53.0116213, 53.0615738, 53.1325972, 53.2582727, 53.3123963, 53.4808335, 53.478128), c(20.404814, 20.5665131, 20.6228163, 20.7516011, 20.8133803, 20.8475077, 20.9304695, 21.121797, 21.149739, 21.287917, 21.4254973, 21.5234614, 21.5968115, 21.6884513, 21.7219891, 21.7150512, 21.7669553, 21.7504824, 21.8669708, 21.9293482, 21.9121298, 21.9574389, 21.8799927, 
21.8713384, 21.776175, 21.6884513, 21.5590357, 21.432884, 21.2758045, 21.23911, 21.1059195, 20.9742648, 20.8133803, 20.627251, 20.5934365, 20.4885798, 20.411539, 20.4066413, 20.4732565, 20.473835, 20.3410652, 20.4130718, 20.404814, 52.3843425, 52.4714844, 52.5731687, 52.6372316, 52.635561, 52.6346382, 52.55894, 52.553588, 52.5192026, 52.5306104, 52.466318, 52.4861423, 52.5532315, 52.5143867, 52.4841551, 52.4117453, 52.3462854, 52.3135632, 52.233039, 52.2229393, 52.1657874, 52.0945277, 52.0392878, 
51.9941378, 51.9780406, 52.0130747, 52.0307146, 51.9064759, 51.876792, 51.901631, 51.9368548, 51.9154887, 51.9327464, 51.952712, 52.0464613, 52.0444053, 52.1388399, 52.1779614, 52.192176, 52.2225974, 52.250089, 52.3374851, 52.3843425)))"
PT11,21287,64.1,42,27.7,40.1,26.7,40.5,26.3,38.8,22,30.3,71.3,61.7,76.6,83.7,79.2,88.1,84.8,62.5,54.3,57.5,7.9,3640294,3194231,52.11441713224262,0.15592147227668973,1.8022445439846342,171.01019401512661,17.15163665352304,22.388851010385427,29.796247226185578,24.301800898498858,6.337839745910633,PT,4,Norte,PT11,0.02362446549646814,0.41727398940854776,1.1089763628981617,0.07114809957657266,0.019778622276112864,0.03021733958850576,0.003296437046018811,0.0521935865619645,0.03186555811151517,0.025822090193814016,0.011537529661065837,0.05823705447966565,0.003296437046018811,0.01648218523009405,0.0010988123486729369,0.004669952481859981,0.004944655569028216,0.012086935835402306,0,0,0,0,"list(list(c(-8.089049, -8.1130852, -8.1794846, -8.1990005, -8.3540405, -8.6255711, -8.863186, -8.8747256, -8.8115745, -8.776428, -8.781119, -8.6644043, -8.6531195, -8.6078238, -8.5438978, -8.5229775, -8.3828801, -8.273369, -8.2396858, -8.116299, -8.1268442, -8.089172, -7.9941386, -7.915681, -7.8332106, -7.7756246, -7.7027401, -7.6919861, -7.5928694, -7.5254217, -7.454204, -7.4141118, -7.336982, -7.3632699, -7.1939372, -7.1740243, -7.1489363, -6.9299035, -6.8094553, -6.689786, -6.479713, -6.3252092, 
-6.2039234, -6.324108, -6.5339066, -6.5605461, -6.5236096, -6.5604611, -6.5766783, -6.716546, -6.7960267, -6.834535, -6.903809, -6.9858005, -7.047392, -7.1613635, -7.2004645, -7.4181584, -7.46925, -7.5991673, -7.6157201, -7.7071471, -7.879459, -7.898435, -8.0518625, -8.1650755, -8.2074005, -8.089049, 42.0392411, 42.0730203, 42.078938, 42.154419, 42.0840172, 42.0453916, 41.8720665, 41.7466263, 41.6115675, 41.4719715, 41.4022564, 41.1178836, 40.9647785, 40.9609057, 40.8732679, 40.773605, 40.7901715, 
40.7631735, 40.8567866, 40.8623827, 40.9435672, 40.9875555, 40.9698522, 41.019974, 40.9672992, 40.9752494, 40.9341515, 40.8646792, 40.8408816, 40.8681882, 40.812608, 40.9114099, 40.9432678, 41.0107838, 41.0284646, 40.9399413, 40.9292812, 41.0294665, 41.0475126, 41.2052415, 41.29438, 41.3940521, 41.5857541, 41.6681119, 41.6785926, 41.7463826, 41.8597017, 41.8879366, 41.9548003, 41.9380214, 41.9868559, 41.9486725, 41.9416846, 41.971447, 41.9512983, 41.9807696, 41.8797495, 41.8181454, 41.8627833, 41.8348579, 
41.8749665, 41.90292, 41.8604216, 41.9193541, 41.820614, 41.818302, 41.9194941, 42.0392411)))"
PT15,4997,59.5,38.7,31.2,39,16.7,33.4,25.3,32.9,22.6,28.6,74.3,64.8,80.2,81.2,83,89.1,88.2,72.7,56.6,60.2,10.7,478618,412521,51.45000814846078,2.4271966369839832,26.753486078668164,95.78106864118472,18.80811001675658,21.42167657714503,28.9809409591783,24.205525074276355,6.551362464428835,PT,4,Algarve,PT15,0.008357395668361824,0.407423038832639,0.2925088483926639,0.04387632725889958,0.022982838087995016,0.020893489170904563,0.002089348917090456,0.02716153592217593,0.05432307184435186,0.006268046751271369,0.004178697834180912,0.05641242076144232,0.002089348917090456,0.012536093502542738,0.002089348917090456,0.04387632725889958,0.004178697834180912,0.002089348917090456,0,0,0,0,"list(list(c(-7.4518636, -7.5126915, -7.7396889, -7.9800432, -8.0765667, -8.1975009, -8.297263, -8.3779265, -8.484048, -8.57181, -8.7165055, -8.7963215, -8.9105694, -8.9760039, -8.9410989, -8.5971858, -8.1737493, -7.9201798, -7.559782, -7.4019165, -7.4518636, 37.4210772, 37.5262565, 37.4908683, 37.4012328, 37.3241025, 37.3501899, 37.4295812, 37.427265, 37.3765827, 37.4054332, 37.3995457, 37.442948, 37.1786576, 37.0489791, 37.0121508, 37.1195004, 37.0861276, 36.9747602, 37.1497721, 37.1748275, 37.4210772
)))"
SE11,7153,73.5,27.1,31,24.6,16.7,64.5,58.8,67.8,15,43.8,79.5,73.1,85.2,85.4,87,91.1,90.2,79.8,67.1,70.9,15.2,2440027,2002811,49.85588274228113,0.30987362025092346,12.147775413960584,341.1193904655389,23.68404120118343,28.146450838453838,26.684089971135567,17.218416025724306,4.24335468418997,SE,4,Stockholm,SE11,0.00860646214160745,0.3327832028088214,0.12090030151305703,0.3368815181143487,0.008196630611054714,0.01229494591658207,0.004098315305527357,0.03893399540250989,0.002458989183316414,0.014753935099898485,0.0032786522444218855,0.006967136019396507,0.0020491576527636784,4.098315305527357e-4,0.0045081468360800925,0.017622755813767637,0,0.0032786522444218855,0,0,0,0,"list(list(c(18.6829177, 18.5132655, 18.4203823, 18.446384, 18.369423, 18.1562116, 18.0373448, 17.7978557, 17.6273485, 17.5363185, 17.5540336, 17.4905374, 17.4840287, 17.4161265, 17.3451797, 17.3481231, 17.2545085, 17.3134472, 17.3305755, 17.3832045, 17.5299872, 17.572396, 17.6597263, 17.7325418, 17.7859439, 17.899548, 18.0018759, 18.1352289, 18.1586399, 18.3260945, 18.4212667, 18.4352973, 18.3575422, 18.3583168, 18.5126233, 18.6765076, 18.719308, 18.7476685, 18.7557723, 18.6778001, 18.5023004, 18.3945424, 
18.332686, 18.4680719, 18.622216, 18.7814293, 19.0383163, 19.0370178, 18.9192945, 18.7717058, 18.6829177, 60.1326418, 60.148089, 60.0393558, 59.9975599, 59.8732562, 59.8189221, 59.7350366, 59.6818577, 59.678317, 59.6164939, 59.5523444, 59.5086052, 59.452115, 59.38414, 59.3449909, 59.2869018, 59.2134959, 59.1388714, 59.0396238, 58.9866252, 58.9836283, 58.9508525, 58.9511219, 59.0136336, 58.9133709, 58.8384755, 58.9392546, 58.9988937, 59.0573156, 59.0954203, 59.0720403, 59.1208156, 59.2154435, 59.2792317, 
59.2402945, 59.2580338, 59.2095992, 59.2212602, 59.2844007, 59.3542013, 59.3850746, 59.3605842, 59.4038222, 59.466613, 59.453554, 59.6514132, 59.733472, 59.8606453, 59.9639661, 60.1557214, 60.1326418)), list(c(18.9220712, 18.9072717, 18.8515262, 18.843841, 18.9012489, 18.9447169, 18.9646509, 18.9562544, 18.9220712, 59.4226213, 59.4472756, 59.4306167, 59.3902194, 59.4049335, 59.3645102, 59.4008889, 59.4216663, 59.4226213)), list(c(18.9539834, 18.9216075, 18.8739074, 18.8370903, 18.8899377, 18.9737671, 
18.9539834, 59.654218, 59.6376452, 59.6376452, 59.5942616, 59.5818496, 59.6376452, 59.654218)), list(c(19.1551694, 19.1369295, 19.0945298, 19.1193092, 19.160389, 19.2086443, 19.2176482, 19.1905998, 19.1551694, 59.7756682, 59.7878767, 59.7539815, 59.7211346, 59.7598903, 59.7495036, 59.7626832, 59.8033945, 59.7756682)), list(c(18.7932416, 18.8073624, 18.7289685, 18.7105747, 18.7728068, 18.7925494, 18.820875, 18.7932416, 59.465111, 59.4912508, 59.4919042, 59.4683536, 59.4583852, 59.40485, 59.4115028, 
59.465111)), list(c(18.7985903, 18.7542982, 18.7300967, 18.7401982, 18.8272921, 18.7985903, 59.5869325, 59.5775853, 59.5431251, 59.5347433, 59.5442557, 59.5869325)), list(c(18.2073778, 18.1971382, 18.2750736, 18.2859815, 18.2073778, 58.9393283, 58.9210304, 58.9163263, 58.9667886, 58.9393283)), list(c(19.2876901, 19.2317796, 19.2626458, 19.3055493, 19.2876901, 59.5550918, 59.5186178, 59.4990342, 59.5226309, 59.5550918)), list(c(18.1200598, 18.0881194, 18.1357481, 18.144555, 18.1200598, 58.914794, 
58.8800664, 58.8405663, 58.8702349, 58.914794)), list(c(18.8677088, 18.8086746, 18.8347847, 18.8694312, 18.8677088, 59.5301745, 59.5137363, 59.4770996, 59.4891283, 59.5301745)), list(c(19.2134768, 19.1760074, 19.2220037, 19.2317229, 19.2134768, 59.4718619, 59.4363863, 59.3999284, 59.439557, 59.4718619)), list(c(18.7576372, 18.7093491, 18.7575568, 18.7882167, 18.7576372, 59.4143874, 59.3903094, 59.363231, 59.3869843, 59.4143874)), list(c(19.1562693, 19.1340943, 19.1020244, 19.1113718, 19.1373497, 
19.1562693, 59.8495954, 59.8672629, 59.8479264, 59.8107735, 59.8107735, 59.8495954)), list(c(18.5529015, 18.5039903, 18.5026102, 18.5561085, 18.5529015, 59.0749374, 59.059778, 59.0205081, 59.035955, 59.0749374)), list(c(18.983768, 18.9211494, 18.9558128, 18.9961628, 18.983768, 59.4963545, 59.4713021, 59.4485979, 59.4551167, 59.4963545)), list(c(18.4299611, 18.4258203, 18.4724346, 18.4908009, 18.5110409, 18.4299611, 58.9971426, 58.9707053, 58.9752979, 58.9554734, 58.9952325, 58.9971426)), list(c(19.1577506, 
19.1026342, 19.1330109, 19.1710429, 19.1577506, 59.3956723, 59.3576982, 59.3327433, 59.3686133, 59.3956723)))"
SE12,43154,70.5,36.5,40.6,33.4,16.4,50.2,45.7,53.7,19.1,42.8,74.4,66.1,80,79.1,82.4,84.6,88.5,78.1,59.2,62.2,12.3,1763645,1455897,49.6767206552339,0.3488230341140082,17.022643445818176,40.868633266904574,23.22944810321805,25.984991310609562,24.262422426281933,20.783037402651892,5.712600891902849,SE,4,Östra Mellansverige,SE12,0.019845263644327513,0.42638966458669403,0.3606167907940657,0.31128713544959447,0.010206135588511293,0.013041173251986653,0.005103067794255647,0.0703089340541889,0.005103067794255647,0.04195855741943532,0.0022680301307802875,0.03005139923283881,0.005103067794255647,0.0039690527288655025,0.007938105457731005,0.02097927870971766,0.0011340150653901438,0.013041173251986653,0,0,0,0,"list(list(c(17.6055966, 17.6284817, 17.370218, 17.2888072, 17.2276907, 17.198527, 17.1988755, 17.1917122, 17.1612315, 17.0751071, 16.9433267, 16.8618488, 16.703831, 16.3019573, 16.1784597, 16.0142617, 15.8064179, 15.7450143, 15.7014718, 15.5216926, 15.4430046, 15.4220925, 15.3933859, 15.1978091, 14.9003367, 14.81293, 14.7476136, 14.7382941, 14.4371555, 14.4354862, 14.3693954, 14.4164434, 14.409991, 14.4353015, 14.4699928, 14.4030137, 14.4563476, 14.3112382, 14.2948943, 14.3306744, 14.295995, 14.2997782, 
14.4632774, 14.4853039, 14.5748949, 14.6757214, 14.7789365, 14.6366772, 14.4478815, 14.41671, 14.4770786, 14.6037759, 14.8533112, 14.974616, 15.0663276, 15.0161102, 15.0051892, 15.1218087, 15.421051, 15.6170244, 15.8497213, 15.9535727, 16.0526741, 16.0556111, 16.0299362, 16.05616, 16.0055489, 16.0181283, 16.1645443, 16.1853243, 16.2706184, 16.5413998, 16.58975, 16.6666835, 16.7719558, 16.8635578, 16.7743968, 16.8613911, 16.8104399, 16.9198904, 16.7481782, 16.7506635, 16.9834653, 17.1199632, 17.1207562, 
17.3146882, 17.6113741, 17.572396, 17.5299872, 17.3832045, 17.3305755, 17.3134472, 17.2545085, 17.3481231, 17.3451797, 17.4161265, 17.4840287, 17.4905374, 17.5540336, 17.5363185, 17.6273485, 17.7978557, 18.0373448, 18.1562116, 18.369423, 18.446384, 18.4203823, 18.5132655, 18.5611176, 18.660638, 18.6641317, 18.6162278, 18.6524668, 18.5613374, 18.496455, 18.4713809, 18.4243151, 18.3949309, 18.4124542, 18.3594698, 18.2803384, 18.1392544, 18.0297919, 17.9781095, 17.8084262, 17.6878464, 17.6387273, 17.6055966, 
60.5781297, 60.6360292, 60.6544615, 60.4591953, 60.4325451, 60.4081377, 60.3753021, 60.3126113, 60.2906027, 60.2670393, 60.2886107, 60.2262129, 60.1957205, 60.0755663, 60.0870931, 60.1759893, 60.1708584, 60.1206777, 59.9644376, 59.9429006, 59.8732562, 59.8547475, 59.8732562, 59.999355, 60.0565802, 60.1029886, 60.0791806, 60.0010388, 60.026161, 59.9781104, 59.9381924, 59.8732562, 59.7371313, 59.644657, 59.5430171, 59.5105435, 59.4421095, 59.2895388, 59.1549565, 59.0868356, 59.0127795, 58.9343317, 
58.7763753, 58.720012, 58.6845138, 58.7366982, 58.6459925, 58.4704588, 58.2375039, 58.1872405, 58.131303, 58.0991481, 58.0894022, 58.1358637, 58.0055915, 57.977299, 57.9003154, 57.7287893, 57.7048795, 57.8527891, 57.8263184, 57.8137701, 57.8731441, 57.905729, 57.9387538, 57.9788228, 58.0223549, 58.0791954, 58.06653, 58.1032495, 58.1353525, 58.1067976, 58.0671813, 57.9960765, 58.036806, 58.1243099, 58.2573074, 58.2667895, 58.4178884, 58.5014402, 58.5944002, 58.626932, 58.6252047, 58.6721461, 58.7303335, 
58.7260658, 58.8929899, 58.9508525, 58.9836283, 58.9866252, 59.0396238, 59.1388714, 59.2134959, 59.2869018, 59.3449909, 59.38414, 59.452115, 59.5086052, 59.5523444, 59.6164939, 59.678317, 59.6818577, 59.7350366, 59.8189221, 59.8732562, 59.9975599, 60.0393558, 60.148089, 60.1886026, 60.1948653, 60.2177017, 60.2263303, 60.2795803, 60.3685878, 60.3723458, 60.4772501, 60.5058992, 60.5012011, 60.3541651, 60.342754, 60.3511563, 60.4282454, 60.5099163, 60.5882561, 60.5724342, 60.5256351, 60.5511857, 60.5781297
)), list(c(16.9205303, 16.9265033, 16.8633036, 16.8717973, 16.9096176, 16.9544279, 16.9205303, 58.3587529, 58.3979556, 58.4219922, 58.381057, 58.3132913, 58.338148, 58.3587529)), list(c(17.4845075, 17.4344892, 17.4630889, 17.5018234, 17.4845075, 58.7624666, 58.7313503, 58.7010829, 58.7324019, 58.7624666)), list(c(17.1833931, 17.144959, 17.1574506, 17.197169, 17.1993768, 17.1833931, 58.6839878, 58.6445401, 58.6293796, 58.626766, 58.6700529, 58.6839878)), list(c(16.9757576, 16.9487474, 16.9627564, 
16.9986654, 16.9757576, 58.4502743, 58.408738, 58.3694447, 58.408738, 58.4502743)), list(c(16.9317404, 16.8916034, 16.9408519, 16.9702469, 16.9317404, 58.2116441, 58.1684855, 58.1645731, 58.2050359, 58.2116441)))"
NL33,3247,NA,NA,NA,NA,NA,NA,NA,NA,18.2,NA,NA,NA,NA,NA,NA,NA,NA,NA,NA,NA,NA,3804906,3194946,50.54101205128326,0.11950360928758819,3.6656621740458237,1171.8219895287957,21.73793518157873,27.178332395070996,26.11094728752826,20.387888688971554,4.569416432363901,NL,4,Zuid-Holland,NL33,0.00893583179190235,0.31695921003041866,0.25361993174075786,0.026544676793592275,0.0023653672390329746,0.008673013209787575,0.010775561866705774,0.04441634037739697,0.0028910044032625245,0.018922937912263797,0.025493402465133173,0.005782008806525049,0.010512743284591,0.0010512743284591,2.62818582114775e-4,0.0073589202992136995,0.0010512743284591,0.0021025486569182,2.62818582114775e-4,5.2563716422955e-4,0,0,"list(list(c(4.611684, 4.4938475, 4.3742325, 4.1980185, 4.1628278, 4.1277885, 3.997378, 4.0431942, 4.0405448, 3.8927008, 3.839083, 3.9887387, 4.054452, 4.1052114, 4.1526473, 4.2425355, 4.3430143, 4.4246168, 4.6204205, 4.6451375, 4.6762945, 4.7920657, 5.000534, 5.149456, 5.0093791, 4.8778995, 4.8205622, 4.8309078, 4.8046338, 4.8690603, 4.794524, 4.728766, 4.5717301, 4.611684, 52.313587, 52.32826, 52.18709, 52.0541445, 52.02953, 52.0005425, 51.9606361, 51.8976013, 51.8430047, 51.8176057, 51.758297, 
51.7634478, 51.6982328, 51.6884864, 51.683834, 51.647121, 51.6590353, 51.7035524, 51.7141265, 51.7190665, 51.7249185, 51.7948043, 51.820938, 51.9334525, 51.9742215, 51.9378355, 52.0257727, 52.0780481, 52.1226188, 52.1591122, 52.2267265, 52.2098195, 52.2248677, 52.313587)))"
NL34,1935,63.9,52,45.7,50.7,20.7,33.3,29.8,34.7,15.4,82.2,83.3,72.1,84,86.4,83.5,87.1,87.1,75.6,63.6,61.1,12.1,391124,332719,50.372004786205906,0.38990192368660576,21.0081713216269,202.1312661498708,20.387907671224472,21.7194546997883,26.294730060032112,25.328284636074493,6.24354424683732,NL,4,Zeeland,NL34,0.007670201777441426,0.4653255744981131,0.5420275922725274,0.007670201777441426,0.0025567339258138083,0.012783669629069041,0.0025567339258138083,0.051134678516276164,0.03579427496139332,0.030680807109765704,0.023010605332324276,0.0025567339258138083,0,0,0,0.033237541035579514,0,0,0,0,0,0,"list(list(c(4.2425355, 4.1526473, 4.1052114, 4.054452, 3.9887387, 3.839083, 3.7238599, 3.701031, 3.8310953, 4.0397162, 4.006758, 4.1826278, 4.2080371, 4.1158137, 3.8110225, 3.5608678, 3.4597617, 3.5635429, 3.7040435, 3.8269619, 3.9749709, 4.2436695, 4.279565, 4.2004521, 4.2425355, 51.647121, 51.683834, 51.6884864, 51.6982328, 51.7634478, 51.758297, 51.72981, 51.6911624, 51.682934, 51.6201066, 51.5753482, 51.506778, 51.4459377, 51.4441729, 51.5997831, 51.5850798, 51.5300357, 51.4473178, 51.4498294, 
51.392679, 51.4529681, 51.3747295, 51.3760175, 51.6015013, 51.647121)), list(c(3.3657875, 3.380661, 3.5002824, 3.5343111, 3.6017475, 3.8563395, 3.9776665, 4.1052114, 4.1657555, 4.2159519, 4.2348175, 4.1920379, 4.1052114, 3.9939248, 3.859268, 3.5163265, 3.3657875, 51.3698355, 51.2742995, 51.2467507, 51.2895125, 51.3005669, 51.211056, 51.225132, 51.2653992, 51.2927285, 51.3330928, 51.348254, 51.370155, 51.3561992, 51.3981142, 51.3390966, 51.4044248, 51.3698355)))"
NL41,5082,62,32.9,36.5,30.6,24,54.4,42.6,54.3,14.1,79.9,84.1,73.8,84.9,89.2,85.1,89,86.8,76.1,66.6,64.4,11.6,2626210,2237901,49.81642747533518,0.09884967310306488,4.924358676571942,516.76702085793,20.371067050997446,25.285601684556834,26.441411768289665,22.769123565899147,5.120687226078646,NL,4,Noord-Brabant,NL41,0.005711652914275705,0.21323504213295966,0.2254199016834145,0.003426991748565423,0.0022846611657102818,0.004188545470468851,0.003807768609517137,0.009138644662841127,0.0022846611657102818,0.013327190133309979,0.012184859550454837,0.0015231074438068547,0.0030462148876137093,0,0,0.006092429775227419,0,7.615537219034273e-4,0,3.8077686095171366e-4,0,0,"list(list(c(5.4058133, 5.3065979, 5.1280575, 5.121901, 5.000534, 4.7920657, 4.6762945, 4.6451375, 4.6204205, 4.4246168, 4.3430143, 4.2425355, 4.2004521, 4.279565, 4.405945, 4.3896554, 4.4861737, 4.5278879, 4.5482235, 4.669544, 4.759926, 4.8286325, 4.8410459, 4.8993905, 5.0415081, 5.10218, 5.0877973, 5.1448117, 5.2259005, 5.2377165, 5.4984314, 5.5476848, 5.5662835, 5.6098638, 5.6768677, 5.8402455, 5.9201959, 5.838077, 6.0391608, 5.9507504, 5.8651585, 5.7653764, 5.5978795, 5.4058133, 51.8136167, 51.7412925, 
51.73761, 51.7757165, 51.820938, 51.7948043, 51.7249185, 51.7190665, 51.7141265, 51.7035524, 51.6590353, 51.647121, 51.6015013, 51.3760175, 51.3651572, 51.4439831, 51.4776545, 51.4756477, 51.4292322, 51.426384, 51.5024645, 51.4802636, 51.42781, 51.4058874, 51.4791235, 51.429005, 51.3822964, 51.320924, 51.3094631, 51.2616005, 51.2958182, 51.2688151, 51.2208365, 51.2334255, 51.312941, 51.346924, 51.3902051, 51.5664675, 51.5701835, 51.7027888, 51.757408, 51.7568437, 51.828083, 51.8136167)), list(c(4.7818793, 
4.7464385, 4.7881026, 4.8305436, 4.7818793, 51.4454281, 51.4382283, 51.3957225, 51.4148266, 51.4454281)))"
NL42,2209,60.6,37.8,38.6,34.3,25.9,47.5,36.9,49,16.3,75.1,79.1,68,79.9,85.1,80,84,84.5,70.7,60.7,58.5,10.6,1128367,984289,50.280804029185546,0.24406952702445214,11.408610850902232,510.80443639655954,17.892671444662952,23.259896824348814,25.963804329619705,26.62121455164853,6.248676184255655,NL,4,Limburg (NL),NL42,0.005317418889421615,0.207379336687443,0.45020813263769677,0.006203655370991885,0.0026587094447108077,0.007089891852562154,0.0017724729631405384,0.023042148520826998,0,0.02658709444710808,0.011521074260413499,0.007089891852562154,0.006203655370991885,0,8.862364815702692e-4,0.011521074260413499,0,0.004431182407851346,8.862364815702692e-4,0,0,0,"list(list(c(6.224405, 6.2042044, 6.1058935, 6.102653, 5.953192, 5.8651585, 5.9507504, 6.0391608, 5.838077, 5.9201959, 5.8402455, 5.6768677, 5.6098638, 5.5662835, 5.8352033, 5.798274, 5.7661255, 5.7325995, 5.653808, 5.687622, 5.6820005, 5.7739669, 5.892073, 6.020999, 6.010228, 6.0719281, 6.0869475, 6.0306861, 6.0091283, 5.9098069, 5.877085, 5.9000396, 5.9633424, 6.174812, 6.0893361, 6.072657, 6.224405, 51.364979, 51.5187161, 51.6007347, 51.6562276, 51.747846, 51.757408, 51.7027888, 51.5701835, 51.5664675, 
51.3902051, 51.346924, 51.312941, 51.2334255, 51.2208365, 51.1562479, 51.0598535, 51.0087155, 50.9273671, 50.8656057, 50.811924, 50.7574465, 50.7745151, 50.7552375, 50.7542955, 50.8035661, 50.858411, 50.913135, 50.9343766, 50.9819236, 50.9864441, 51.032101, 51.0589778, 51.0480768, 51.1845135, 51.1790184, 51.2425875, 51.364979)))"
PL21,15183,78.6,45.8,54.9,45.7,17.5,50.8,40.5,51.1,14.8,26.7,70.1,60.9,75.6,86.2,78.1,85.8,81.4,54.3,55.7,59.7,5.3,3319305,2772265,51.49023666098776,0.024041177294644514,0.588797956198662,218.61983797668444,21.332116211074307,27.31815846992066,26.95392559587022,20.062513086323793,4.319187299751002,PL,4,Małopolskie,PL21,0.018377341039765856,0.36332907039274787,0.5856647701853249,0.11146911778218634,0.013858322751298842,0.018377341039765856,0.002711410973080208,0.02018494835515266,0.021992555670539465,0.026210306073108678,0.007531697147445022,0.011749447550014235,0.04488891499877234,0.014460858523094443,0,0.0042177504025692125,0.0015063394294890045,9.038036576934027e-4,0,0,0,0,"list(list(c(19.9499665, 19.8445375, 19.5124705, 19.4789218, 19.4221295, 19.3676017, 19.4087308, 19.3243974, 19.2538105, 19.2181766, 19.144482, 19.09321, 19.182221, 19.1710482, 19.2763392, 19.3180165, 19.4149515, 19.4345675, 19.4002543, 19.4654148, 19.4673865, 19.6485523, 19.788192, 19.8100531, 19.7720507, 19.8839295, 19.9627469, 20.0783365, 20.1430226, 20.2152436, 20.3119869, 20.3596829, 20.4604659, 20.5657892, 20.6149395, 20.725619, 20.8133803, 20.9379364, 21.0896293, 21.0754941, 21.1949348, 21.2870372, 
21.3977125, 21.4001298, 21.3412354, 21.3379347, 21.241772, 21.3337699, 21.2971495, 21.2304479, 21.2736714, 21.1624406, 21.1665831, 21.1558105, 21.214109, 21.2088315, 20.8133803, 20.7946779, 20.681539, 20.4049459, 20.2563158, 19.9499665, 50.5047825, 50.4341955, 50.4068342, 50.3334113, 50.3235049, 50.2611266, 50.2151937, 50.1473055, 50.134193, 50.0829972, 50.0341808, 49.956659, 49.9438798, 49.8690618, 49.8515532, 49.7843402, 49.775265, 49.7387733, 49.6865581, 49.663387, 49.613767, 49.4082734, 49.3981649, 
49.2792959, 49.2126362, 49.204177, 49.2303075, 49.1872145, 49.3042076, 49.3448791, 49.355283, 49.4029668, 49.4141292, 49.3823767, 49.417833, 49.4144918, 49.3673195, 49.3003698, 49.3720552, 49.4236981, 49.4054171, 49.4557973, 49.433794, 49.5024119, 49.5925663, 49.7025857, 49.7761045, 49.8122713, 49.842864, 49.8622092, 49.9196556, 49.9608973, 50.0829972, 50.2588359, 50.31623, 50.3548975, 50.2842819, 50.2809422, 50.2058755, 50.2001409, 50.4738172, 50.5047825)))"
SE21,35879,76,48.7,44.2,46.8,10.2,41.3,42.7,42.3,17.8,46.5,78.5,68.4,83.9,83.2,85.8,92.4,90.1,77.6,60.6,62.8,13.5,882332,728594,49.31930384481125,0.3663020269014384,24.980619540037083,24.59187825747652,23.16508978479756,24.046957381121846,24.217414759976972,22.11004474506195,6.426945866181891,SE,4,Småland med öarna,SE21,0.006800161390497001,0.39554272088057557,0.49301170081103257,0.22553868611815053,0.019267123939741504,0.014733683012743502,0.005666801158747501,0.08613537761296201,0.004533440926998001,0.08160193668596402,0.005666801158747501,0.028334005793737505,0.0022667204634990003,0.0022667204634990003,0.0022667204634990003,0.023800564866739503,0.0022667204634990003,0.011333602317495002,0,0,0,0.0011333602317495002,"list(list(c(14.3113566, 14.1349513, 14.0963849, 14.0384488, 13.7810291, 13.7201468, 13.7802562, 13.7401019, 13.7461564, 13.7171995, 13.675171, 13.6764813, 13.4872148, 13.2954299, 13.1007605, 13.088634, 13.1336433, 13.3439998, 13.4847747, 13.5840938, 13.6181464, 13.681201, 13.6773244, 13.6030137, 13.3818082, 13.3076266, 13.3287167, 13.4525395, 13.4626365, 13.5226553, 13.8708941, 14.0136873, 14.0853572, 14.3489914, 14.5146695, 14.6910433, 14.8852904, 15.025583, 15.1854065, 15.3635035, 15.5693242, 15.8497213, 
16.0498715, 16.2473133, 16.3656681, 16.44907, 16.5461647, 16.531874, 16.4809671, 16.4893227, 16.702092, 16.7106373, 16.6527161, 16.7066155, 16.7019879, 16.7684708, 16.7886021, 16.6666835, 16.58975, 16.5413998, 16.2706184, 16.1853243, 16.1645443, 16.0181283, 16.0055489, 16.05616, 16.0299362, 16.0556111, 16.0526741, 15.9535727, 15.8497213, 15.6170244, 15.421051, 15.1218087, 15.0051892, 15.0161102, 15.0663276, 14.974616, 14.8533112, 14.6037759, 14.4770786, 14.41671, 14.3113566, 58.1355952, 58.1360901, 
58.0580849, 58.0207835, 58.0452874, 57.9706276, 57.9070469, 57.8434927, 57.776927, 57.6601937, 57.6112729, 57.5508113, 57.3830234, 57.3054103, 57.1455155, 57.0971509, 57.0348709, 57.1093089, 57.1041914, 57.0662541, 57.0018835, 56.9721145, 56.9275137, 56.8969201, 56.8632275, 56.8186191, 56.6964494, 56.5374296, 56.4281885, 56.408938, 56.4424594, 56.4708653, 56.5276224, 56.4843729, 56.460037, 56.3890468, 56.363413, 56.4472631, 56.4335028, 56.482376, 56.4956541, 56.3211912, 56.3218885, 56.6073829, 56.6912143, 
56.9647984, 57.0689395, 57.1556295, 57.183548, 57.2626051, 57.4561641, 57.6000145, 57.6086731, 57.6761566, 57.7555956, 57.8274122, 57.9602899, 57.9960765, 58.0671813, 58.1067976, 58.1353525, 58.1032495, 58.06653, 58.0791954, 58.0223549, 57.9788228, 57.9387538, 57.905729, 57.8731441, 57.8137701, 57.8263184, 57.8527891, 57.7048795, 57.7287893, 57.9003154, 57.977299, 58.0055915, 58.1358637, 58.0894022, 58.0991481, 58.131303, 58.1872405, 58.1355952)), list(c(18.865421, 18.7989704, 18.7668856, 18.702474, 
18.595935, 18.4710511, 18.3233823, 18.170671, 18.1150183, 18.1715659, 18.1024152, 18.143555, 18.158601, 18.211933, 18.2072355, 18.2603024, 18.2653435, 18.2084721, 18.128388, 18.2131615, 18.3447128, 18.343991, 18.4153606, 18.6973397, 18.6757837, 18.7668856, 18.8885912, 18.8878327, 18.8000129, 18.7668856, 18.7668856, 18.7966514, 18.8021378, 18.7668856, 18.8144181, 18.9377682, 18.9588282, 19.0198654, 19.0119824, 19.0765143, 18.9983494, 18.865421, 57.9221024, 57.8552588, 57.8985822, 57.9203081, 57.8477606, 
57.8194217, 57.6661794, 57.584282, 57.5236939, 57.3545039, 57.2668186, 57.2321952, 57.1614007, 57.1305019, 57.0720933, 57.0726294, 57.0561402, 57.0186114, 56.9124893, 56.9124893, 56.9735881, 57.0605515, 57.1419915, 57.2363349, 57.3047179, 57.3664157, 57.4101152, 57.4272691, 57.4502886, 57.5012621, 57.5247474, 57.5442596, 57.5929891, 57.6216489, 57.7354418, 57.7215301, 57.778982, 57.756831, 57.8120462, 57.8395268, 57.915531, 57.9221024)), list(c(16.7783832, 16.8483926, 16.8889035, 16.9118537, 17.0681958, 
17.0691615, 17.1257904, 17.0497831, 16.978411, 16.8944833, 16.7281279, 16.6107729, 16.3803953, 16.4077062, 16.4995806, 16.7783832, 56.7832909, 56.8306119, 56.9124668, 56.9897804, 57.1884641, 57.2788138, 57.3338131, 57.3541361, 57.3042758, 57.1165774, 56.9124668, 56.850723, 56.5359365, 56.2068747, 56.2685558, 56.7832909)), list(c(19.092145, 19.0863683, 19.0491437, 19.0798829, 19.1229912, 19.1683783, 19.138131, 19.2602012, 19.3049066, 19.3488657, 19.3081119, 19.2416654, 19.1623508, 19.092145, 57.9691584, 
57.9344442, 57.9088466, 57.8690466, 57.8428212, 57.8925049, 57.9159639, 57.9521978, 57.9442086, 57.9604959, 57.9849353, 57.9744676, 57.9925548, 57.9691584)), list(c(19.3102117, 19.2457049, 19.1705313, 19.2144624, 19.287749, 19.3102117, 58.3723785, 58.3929148, 58.3962549, 58.3372051, 58.3375713, 58.3723785)), list(c(16.4730354, 16.4171207, 16.4449061, 16.4895204, 16.4730354, 56.8088593, 56.7751533, 56.7547466, 56.77099, 56.8088593)))"
SE22,14341,70.5,34.6,37.9,30.8,19.2,54.5,50,58.4,22.8,40.5,75.6,68.9,80.5,81.4,83.1,86.6,87.4,76.6,61.5,64.9,12.8,1573064,1293544,49.9279113882207,0.44340217562667505,20.62395427013777,109.68997977825813,23.509787268668028,25.69355092990495,25.21938077535307,19.984819435191447,5.568622764235911,SE,4,Sydsverige,SE22,0.01779965722945792,0.3629858670721598,0.3356506791840637,0.33374357305233604,0.020342465405094767,0.010171232702547384,0.014621147009911866,0.046406249205372445,0.0019071061317276349,0.030513698107642158,0.002542808175636846,0.02860659197591452,0.001271404087818423,0.005721318395182904,0.0063570204390921165,0.017163955185548713,0.0019071061317276349,0.0063570204390921165,0,0,0,0,"list(list(c(14.3489914, 14.0853572, 14.0136873, 13.8708941, 13.5226553, 13.4626365, 13.194974, 12.9714385, 12.9564603, 12.899313, 12.7179147, 12.6414636, 12.807553, 12.7921184, 12.5258231, 12.5752092, 12.7416787, 12.8117789, 12.9066051, 12.9272873, 13.0471781, 12.9179224, 12.9478121, 12.8545372, 12.8546921, 13.3385115, 13.7358254, 13.9151109, 14.0630364, 14.1742358, 14.3496657, 14.2119577, 14.2304894, 14.3503788, 14.5463995, 14.557037, 14.6248096, 14.7246543, 14.7685491, 14.6944313, 15.0884209, 15.3001022, 
15.3159966, 15.4313075, 15.5748423, 15.5903307, 15.7175148, 15.7093919, 15.6502545, 15.679412, 15.7930928, 15.8053279, 15.8497213, 16.0522734, 16.0498715, 15.8497213, 15.5693242, 15.3635035, 15.1854065, 15.025583, 14.8852904, 14.6910433, 14.5146695, 14.3489914, 56.4843729, 56.5276224, 56.4708653, 56.4424594, 56.408938, 56.4281885, 56.3301063, 56.3640256, 56.429349, 56.4490045, 56.4633366, 56.4230705, 56.281459, 56.2362267, 56.2593518, 56.1474661, 55.9847027, 55.8745461, 55.8247438, 55.7501177, 55.6733169, 
55.5780934, 55.4420603, 55.4197723, 55.3938064, 55.342201, 55.4263894, 55.4302358, 55.3849792, 55.3883364, 55.5477652, 55.7114767, 55.8349299, 55.9587265, 56.0613175, 56.0275955, 55.9989244, 56.0027447, 56.0361674, 56.1542172, 56.1523414, 56.1682193, 56.1281751, 56.1336714, 56.1932228, 56.1655253, 56.1583633, 56.1208769, 56.1090133, 56.0764037, 56.0548191, 56.0929902, 56.0788287, 56.2631618, 56.3218885, 56.3211912, 56.4956541, 56.482376, 56.4335028, 56.4472631, 56.363413, 56.3890468, 56.460037, 56.4843729
)), list(c(15.4666823, 15.4755173, 15.5583957, 15.5721817, 15.6278153, 15.6506722, 15.6422885, 15.5789947, 15.5266851, 15.4666823, 56.1033774, 56.093287, 56.0913191, 56.1104475, 56.0846752, 56.101775, 56.1364155, 56.1226185, 56.1383884, 56.1033774)), list(c(12.7376291, 12.6729717, 12.6653488, 12.6963712, 12.727876, 12.7376291, 55.9117189, 55.9285435, 55.9145285, 55.8830386, 55.8852703, 55.9117189)))"
SE23,34465,72.9,36.7,40.3,32.8,13.2,54.9,48.5,59.9,18,48.2,78.1,70.5,82.7,84.4,84.6,89.3,86.8,77.4,63.6,66,15.7,2101461,1734934,49.56228071803378,0.29622248521385836,14.407928579212271,60.97377049180328,23.118011707093302,26.1282983600457,24.968962069721968,20.259714550971918,5.498745872514408,SE,4,Västsverige,SE23,0.01665507948993581,0.375453077644553,0.4734801169281752,0.2888466642968868,0.017606798317932142,0.013799923005946815,0.006662031795974324,0.08327539744967906,0.00475859413998166,0.1360957924034755,0.007613750623970656,0.0052344535539798264,9.51718827996332e-4,4.75859413998166e-4,0.002855156483988996,0.01808265773193031,4.75859413998166e-4,4.75859413998166e-4,0,0,0,0,"list(list(c(12.2755303, 12.2223748, 12.0967612, 12.0805805, 12.0591281, 11.9546209, 11.8261965, 11.7882549, 11.7722318, 11.6836949, 11.6353646, 11.507084, 11.463374, 11.4600463, 11.460827, 11.3696213, 11.3154538, 11.1942858, 11.1296106, 11.1249797, 11.2273145, 11.1919582, 11.2685636, 11.2381434, 11.2957649, 11.239855, 11.2346428, 11.3859661, 11.4665825, 11.4000491, 11.3919054, 11.4965826, 11.5675499, 11.7380998, 11.7627858, 11.7196075, 11.8038166, 11.8097491, 11.7702438, 11.6980817, 11.6939552, 11.7146232, 
11.7913833, 11.732162, 11.8328288, 11.9229005, 11.9367165, 12.0487101, 12.0668472, 12.0468608, 12.0913173, 12.1388139, 12.2076408, 12.3715812, 12.58189, 12.7243791, 12.8453081, 12.9030703, 12.9292107, 12.899313, 12.9564603, 12.9714385, 13.194974, 13.4626365, 13.4525395, 13.3287167, 13.3076266, 13.3818082, 13.6030137, 13.6773244, 13.681201, 13.6181464, 13.5840938, 13.4847747, 13.3439998, 13.1336433, 13.088634, 13.1007605, 13.2954299, 13.4872148, 13.6764813, 13.675171, 13.7171995, 13.7461564, 13.7401019, 
13.7802562, 13.7201468, 13.7810291, 14.0384488, 14.0963849, 14.1349513, 14.3113566, 14.41671, 14.4478815, 14.6366772, 14.7789365, 14.6757214, 14.5748949, 14.4853039, 14.4632774, 14.2997782, 14.295995, 14.1657391, 14.0103746, 13.5879113, 13.4083795, 13.3470719, 13.3953864, 13.2587277, 12.9029434, 12.7819076, 12.761147, 12.6604242, 12.5801812, 12.4891118, 12.4453545, 12.2755303, 59.198515, 59.251783, 59.2532025, 59.1851109, 59.1947394, 59.2416449, 59.23785, 59.2031568, 59.094078, 58.9517019, 58.9037594, 
58.8829868, 58.8966653, 58.9517019, 58.9886585, 59.0830903, 59.0991283, 59.0727157, 59.0079473, 58.9165613, 58.8190596, 58.7217597, 58.6500985, 58.5547756, 58.4704588, 58.4214098, 58.3760227, 58.3332434, 58.2716729, 58.2210052, 58.1429908, 58.0636984, 57.9438441, 58.0062324, 58.0494021, 58.0884711, 58.1077881, 58.0239441, 57.9178208, 57.8899465, 57.8601457, 57.8090414, 57.7798912, 57.7074544, 57.6837228, 57.562223, 57.4108394, 57.360221, 57.3873112, 57.4265772, 57.4179145, 57.2367388, 57.1773911, 
56.9351284, 56.824119, 56.665126, 56.6518594, 56.6130385, 56.5503241, 56.4490045, 56.429349, 56.3640256, 56.3301063, 56.4281885, 56.5374296, 56.6964494, 56.8186191, 56.8632275, 56.8969201, 56.9275137, 56.9721145, 57.0018835, 57.0662541, 57.1041914, 57.1093089, 57.0348709, 57.0971509, 57.1455155, 57.3054103, 57.3830234, 57.5508113, 57.6112729, 57.6601937, 57.776927, 57.8434927, 57.9070469, 57.9706276, 58.0452874, 58.0207835, 58.0580849, 58.1360901, 58.1355952, 58.1872405, 58.2375039, 58.4704588, 58.6459925, 
58.7366982, 58.6845138, 58.720012, 58.7763753, 58.9343317, 59.0127795, 59.0496914, 59.029903, 59.0543202, 58.9319355, 58.8197093, 58.7475046, 58.728741, 58.8184331, 59.0222639, 59.1085777, 59.1794505, 59.1206072, 59.1302406, 59.1890124, 59.198515)), list(c(11.7102264, 11.6907807, 11.6529716, 11.6537882, 11.6152684, 11.6464651, 11.6794373, 11.7102264, 57.7379112, 57.7651675, 57.7556361, 57.7334788, 57.7201402, 57.6944077, 57.7042754, 57.7379112)), list(c(11.5972972, 11.5785798, 11.6152794, 11.6572456, 
11.5972972, 57.9127106, 57.8936482, 57.8490376, 57.8936482, 57.9127106)), list(c(11.0170183, 10.9804365, 11.0413281, 11.0514828, 11.0170183, 58.9182534, 58.8819295, 58.8549797, 58.8738385, 58.9182534)), list(c(11.1757213, 11.194425, 11.2394481, 11.2153621, 11.1757213, 58.3653952, 58.3261422, 58.3249213, 58.3761596, 58.3653952)), list(c(11.7723587, 11.7496642, 11.7819093, 11.8071844, 11.7723587, 57.6586875, 57.6301787, 57.5874522, 57.6236215, 57.6586875)), list(c(11.5999883, 11.5664115, 11.618133, 
11.6417724, 11.5999883, 57.6546746, 57.614378, 57.6090113, 57.6470943, 57.6546746)), list(c(11.1451551, 11.1501425, 11.1829259, 11.1920091, 11.1451551, 58.8126047, 58.7692878, 58.7628708, 58.8209856, 58.8126047)), list(c(11.2973593, 11.2698303, 11.3200707, 11.3524973, 11.2973593, 58.2323597, 58.2201171, 58.1812695, 58.2118116, 58.2323597)))"
SE31,71640,76.1,41.3,45.8,36.1,8,44.2,40.5,53,22.3,45.1,77.1,66.4,82.5,82.9,84.1,89.1,88.4,77.1,58.2,60.2,11,859620,718679,49.5416579418813,0.3587631744259091,25.884111584188364,11.999162479061976,21.949698704078546,22.847769944859355,24.190688909052838,24.2301249389265,6.756473790744748,SE,4,Norra Mellansverige,SE31,0.006979828296223913,0.4583420581187036,0.4129731741932482,0.2582536469602848,0.016286266024522465,0.02326609432074638,0.01163304716037319,0.12331029989995579,0.0011633047160373188,0.07910472069053767,0.005816523580186595,0.02908261790093297,0.004653218864149275,0.0034899141481119565,0.006979828296223913,0.02326609432074638,0.0023266094320746377,0.02326609432074638,0,0.0011633047160373188,0,0,"list(list(c(17.4892995, 17.2189112, 16.5110776, 16.1821188, 15.7175822, 15.5165996, 15.3273395, 15.4040906, 15.4114215, 15.1170551, 15.0854743, 14.9502716, 14.8955128, 14.7961096, 14.7657338, 14.6571678, 14.5373089, 14.4977482, 14.4475615, 14.3910263, 14.2155341, 13.5498626, 13.3815352, 13.2386731, 13.3503017, 13.2812832, 13.160601, 13.0187992, 12.7961541, 12.5995377, 12.29937, 12.1454016, 12.4158172, 12.5790724, 12.8563304, 12.826031, 12.7149281, 12.6937073, 12.6701765, 12.2354091, 12.3249591, 12.3948308, 
12.6029219, 12.5998049, 12.5041075, 12.5357165, 12.4938309, 12.3432821, 12.1758299, 12.0591281, 11.9705235, 11.9177396, 11.839729, 11.9269705, 11.9303014, 11.8018621, 11.7223856, 11.6990403, 11.8139509, 11.8261965, 11.9546209, 12.0591281, 12.0805805, 12.0967612, 12.2223748, 12.2755303, 12.4453545, 12.4891118, 12.5801812, 12.6604242, 12.761147, 12.7819076, 12.9029434, 13.2587277, 13.3953864, 13.3470719, 13.4083795, 13.5879113, 14.0103746, 14.1657391, 14.295995, 14.3306744, 14.2948943, 14.3112382, 
14.4563476, 14.4030137, 14.4699928, 14.4353015, 14.409991, 14.4164434, 14.3693954, 14.4354862, 14.4371555, 14.7382941, 14.7476136, 14.81293, 14.9003367, 15.1978091, 15.3933859, 15.4220925, 15.4430046, 15.5216926, 15.7014718, 15.7450143, 15.8064179, 16.0142617, 16.1784597, 16.3019573, 16.703831, 16.8618488, 16.9433267, 17.0751071, 17.1612315, 17.1917122, 17.1988755, 17.198527, 17.2276907, 17.2888072, 17.370218, 17.2772941, 17.3266231, 17.1747756, 17.223099, 17.1880816, 17.1725984, 17.2069555, 17.1408288, 
17.163244, 17.1310327, 17.2053105, 17.238777, 17.4846054, 17.4886196, 17.400117, 17.3423574, 17.4892995, 62.1369505, 62.1509704, 62.2328059, 62.2400071, 62.3211682, 62.3376014, 62.2720835, 62.1806925, 62.129721, 61.9985167, 61.8336192, 61.872274, 61.8215831, 61.8673692, 61.8287427, 61.8758516, 61.7821071, 61.6468499, 61.594948, 61.5712226, 61.6147985, 61.6528443, 61.832191, 61.9300282, 61.9928815, 62.0484166, 62.0253074, 62.0646582, 62.2170357, 62.2167559, 62.267494, 61.7303169, 61.569139, 61.5596813, 
61.3641996, 61.2488116, 61.1446983, 61.0945495, 61.0559765, 61.0096387, 60.8949388, 60.7397743, 60.5104225, 60.4063426, 60.3119125, 60.1898456, 60.0929697, 59.9706327, 59.895472, 59.8953397, 59.8952391, 59.8732562, 59.840767, 59.790476, 59.701733, 59.644657, 59.6207573, 59.581165, 59.3380739, 59.23785, 59.2416449, 59.1947394, 59.1851109, 59.2532025, 59.251783, 59.198515, 59.1890124, 59.1302406, 59.1206072, 59.1794505, 59.1085777, 59.0222639, 58.8184331, 58.728741, 58.7475046, 58.8197093, 58.9319355, 
59.0543202, 59.029903, 59.0496914, 59.0127795, 59.0868356, 59.1549565, 59.2895388, 59.4421095, 59.5105435, 59.5430171, 59.644657, 59.7371313, 59.8732562, 59.9381924, 59.9781104, 60.026161, 60.0010388, 60.0791806, 60.1029886, 60.0565802, 59.999355, 59.8732562, 59.8547475, 59.8732562, 59.9429006, 59.9644376, 60.1206777, 60.1708584, 60.1759893, 60.0870931, 60.0755663, 60.1957205, 60.2262129, 60.2886107, 60.2670393, 60.2906027, 60.3126113, 60.3753021, 60.4081377, 60.4325451, 60.4591953, 60.6544615, 60.6975459, 
60.8099055, 60.9467253, 61.0110756, 61.0400726, 61.1855295, 61.3074609, 61.3866958, 61.4389348, 61.5476218, 61.5975139, 61.7037484, 61.6614586, 61.6997288, 61.7454137, 61.8655992, 62.1369505)), list(c(17.3363642, 17.3124708, 17.2884802, 17.292938, 17.3252796, 17.342194, 17.3363642, 61.1765174, 61.1830457, 61.1694498, 61.1486876, 61.1241337, 61.1534255, 61.1765174)), list(c(17.4234669, 17.350285, 17.3712059, 17.4200579, 17.4234669, 61.5601357, 61.5633459, 61.5231277, 61.535549, 61.5601357)))"
SE32,76709,80.3,49.5,47.1,46.3,NA,39.4,41,43,17.7,47,77.6,68,83.1,84.2,84.4,85,91.1,77.9,59.9,61.8,14.4,375935,314162,49.37662095841036,0.6857568462633169,56.608722252517055,4.900793909449999,22.159149853033103,22.614547727665688,24.72555095960738,23.923550613802917,6.552994533629484,SE,4,Mellersta Norrland,SE32,0.018620240201098592,0.5745674119196138,0.48412624522856346,0.33516432361977466,0.0026600343144426563,0.029260377458869218,0.010640137257770625,0.13034168140769017,0,0.0904411666910503,0.026600343144426563,0.05054065197441047,0.015960205886655938,0.005320068628885313,0.013300171572213281,0.037240480402197185,0,0.010640137257770625,0,0,0,0,"list(list(c(15.3270798, 15.286013, 15.0559644, 14.9743019, 14.845569, 14.6805611, 14.4683364, 14.325985, 13.6665859, 14.1116674, 14.1301545, 14.1365275, 14.1411861, 14.1506214, 14.047886, 13.996105, 13.9773315, 13.7768776, 13.2239856, 13.2146082, 13.2096547, 12.917599, 12.8274986, 12.68163, 12.5307612, 12.4555241, 12.1608113, 12.1996753, 12.0591281, 11.9855276, 12.0524555, 12.196679, 12.0919226, 12.1250524, 12.0730571, 12.2546595, 12.29937, 12.5995377, 12.7961541, 13.0187992, 13.160601, 13.2812832, 
13.3503017, 13.2386731, 13.3815352, 13.5498626, 14.2155341, 14.3910263, 14.4475615, 14.4977482, 14.5373089, 14.6571678, 14.7657338, 14.7961096, 14.8955128, 14.9502716, 15.0854743, 15.1170551, 15.4114215, 15.4040906, 15.3273395, 15.5165996, 15.7175822, 16.1821188, 16.5110776, 17.2189112, 17.4892995, 17.5771526, 17.414925, 17.4228889, 17.4821277, 17.4702351, 17.6580185, 17.9638086, 18.0091522, 17.9824488, 18.0269391, 17.9641345, 17.950129, 18.0570082, 18.0438762, 18.0942315, 18.2398906, 18.3664845, 
18.446305, 18.4619539, 18.5903937, 18.674588, 18.7663664, 19.0501074, 19.2272801, 19.286468, 19.1656176, 18.9382615, 18.7744998, 18.7512823, 18.5729875, 18.4802022, 18.4316698, 18.4646224, 18.4016073, 17.7171426, 17.5662331, 16.8996315, 16.718954, 16.6927453, 16.5788716, 16.2357669, 16.0430721, 16.0291572, 16.0101218, 15.7542356, 15.6903887, 15.6524657, 15.6255516, 15.5904541, 15.5202846, 15.3270798, 64.6147356, 64.6881693, 64.7628844, 64.838046, 64.8834644, 64.9911651, 65.0676279, 65.118916, 64.5889541, 
64.4537681, 64.3322924, 64.2904168, 64.2598058, 64.1978078, 64.0929146, 64.040046, 64.0208782, 64.040046, 64.0929146, 64.0938113, 64.0929146, 64.040046, 64.0237358, 63.9705267, 63.8574769, 63.8038982, 63.594024, 63.4693741, 63.3391806, 63.2710021, 63.1834445, 63.0071299, 62.9006583, 62.7487236, 62.6017179, 62.3310245, 62.267494, 62.2167559, 62.2170357, 62.0646582, 62.0253074, 62.0484166, 61.9928815, 61.9300282, 61.832191, 61.6528443, 61.6147985, 61.5712226, 61.594948, 61.6468499, 61.7821071, 61.8758516, 
61.8287427, 61.8673692, 61.8215831, 61.872274, 61.8336192, 61.9985167, 62.129721, 62.1806925, 62.2720835, 62.3376014, 62.3211682, 62.2400071, 62.2328059, 62.1509704, 62.1369505, 62.2234953, 62.3315682, 62.369079, 62.4035972, 62.4692826, 62.4367728, 62.574708, 62.629401, 62.7350132, 62.7684873, 62.7864112, 62.8232643, 62.809202, 62.7162661, 62.6958327, 62.8575474, 62.8615286, 62.8977135, 63.0309816, 63.1507338, 63.1369431, 63.1848721, 63.2198082, 63.3508206, 63.4697195, 63.6065582, 63.7664077, 63.8038982, 
63.8092135, 63.8265597, 63.8574769, 63.9125658, 63.9617884, 63.9919654, 63.8813639, 63.8936829, 63.9480985, 64.027878, 64.040046, 64.0929146, 64.2522092, 64.2598058, 64.2904168, 64.3322924, 64.4125127, 64.5216705, 64.5109364, 64.4556794, 64.4549356, 64.5236252, 64.6147356)), list(c(18.5935601, 18.6103964, 18.6168357, 18.6535453, 18.6847222, 18.6506276, 18.6244688, 18.5935601, 63.0761156, 63.0418691, 62.974376, 62.9846213, 63.0776514, 63.0685566, 63.0882591, 63.0761156)), list(c(17.6922286, 17.6733077, 
17.7068811, 17.751398, 17.6922286, 62.2317034, 62.2085708, 62.1823418, 62.2208683, 62.2317034)), list(c(17.5626512, 17.5394132, 17.5484446, 17.6071335, 17.5887131, 17.5626512, 62.4154268, 62.3907743, 62.3772979, 62.3699404, 62.4147818, 62.4154268)), list(c(18.8749904, 18.8246606, 18.8429399, 18.8883238, 18.8749904, 63.1788544, 63.1569915, 63.1274123, 63.1332825, 63.1788544)))"
SE33,164083,74.1,43.2,45.9,43.7,17.1,50.3,47,49.9,14.3,51.3,78.4,68.3,82.6,81.8,84.7,86.9,91.6,79.6,60.7,62.3,13.3,525472,441155,48.9141191157664,0.41391358626149444,37.751963948602395,3.2024767952804374,21.378303696486206,25.795475306010598,23.77272242859753,22.794173619146214,6.241436270629072,SE,4,Övre Norrland,SE33,0.024739662627123807,0.3558705316363193,0.4795688447719384,0.1922081481030388,0.019030509713172158,0.019030509713172158,0.005709152913951647,0.049479325254247614,0.0019030509713172158,0.060897631082150905,0.009515254856586079,0.030448815541075452,0.0019030509713172158,0.0019030509713172158,0.009515254856586079,0.0361579684550271,0,0.020933560684489375,0,0,0,0.0019030509713172158,"list(list(c(22.0496521, 21.9124574, 21.4550422, 21.3805119, 21.1096689, 21.0415504, 20.9051924, 20.8766947, 20.8829872, 20.7852169, 20.5486365, 20.1970447, 20.2877607, 20.3066373, 20.1940191, 20.0263154, 20.1265513, 19.9401881, 19.4756487, 19.0289176, 18.6280331, 18.4089503, 18.125925, 18.1042293, 18.1428797, 17.9081854, 17.5662331, 17.3127186, 17.2719474, 17.1694537, 16.7719366, 16.5548894, 16.4786842, 16.3977382, 16.1667856, 16.1019876, 16.391626, 16.3805644, 16.0509717, 15.8695371, 15.6295651, 
15.5518354, 15.5230823, 15.3873791, 15.4539945, 15.460317, 15.04726, 15.0214568, 14.5315521, 14.5875627, 14.6179134, 14.5428131, 14.5074033, 14.5028156, 14.4683364, 14.3652601, 14.325985, 14.4683364, 14.6805611, 14.845569, 14.9743019, 15.0559644, 15.286013, 15.3270798, 15.5202846, 15.5904541, 15.6255516, 15.6524657, 15.6903887, 15.7542356, 16.0101218, 16.0291572, 16.0430721, 16.2357669, 16.5788716, 16.6927453, 16.718954, 16.8996315, 17.5662331, 17.7171426, 18.4016073, 18.4646224, 18.4316698, 18.4802022, 
18.5729875, 18.7512823, 18.7744998, 18.9382615, 19.1656176, 19.286468, 19.4727459, 19.4533773, 19.4807379, 19.5717922, 19.6403358, 19.7197736, 19.7571804, 19.882071, 19.9859524, 20.0497206, 20.2862214, 20.3265398, 20.413247, 20.4953145, 20.5621762, 20.6671116, 20.8133803, 20.9034375, 20.9276559, 20.9621097, 21.0000529, 21.2156416, 21.2763714, 21.3594492, 21.5500748, 21.5020144, 21.4720153, 21.2394442, 21.2597227, 21.2427017, 21.1247421, 21.2531131, 21.2844629, 21.4880914, 21.5436045, 21.5481544, 
21.5607681, 21.6455014, 21.6176347, 21.560519, 21.573518, 21.7788027, 21.9779935, 21.9390315, 22.0822995, 22.1655863, 22.2176182, 22.2590987, 22.329633, 22.3614443, 22.3387845, 22.3903522, 22.6704232, 22.7084814, 22.926544, 23.1087817, 23.2535215, 23.2394339, 23.4103422, 23.6876494, 23.8096547, 24.155129, 24.0848281, 23.9463126, 23.9153772, 23.7332605, 23.6521396, 23.6753804, 23.6535323, 23.8584476, 23.8792773, 23.8899919, 23.9782421, 23.9827501, 23.5630504, 23.5836398, 23.5691982, 23.711354, 23.7587794, 
23.7484787, 23.4781321, 23.4124192, 23.550274, 23.4852328, 23.4876894, 23.6413206, 23.6454577, 23.3899386, 23.2973899, 23.161984, 23.1419063, 23.0870684, 23.0539175, 22.926544, 22.3055095, 22.0496521, 68.4874981, 68.5697101, 68.6912865, 68.7542568, 68.8569394, 68.8702547, 68.8969089, 68.9270148, 68.973511, 69.023616, 69.0599685, 69.0240517, 68.9142024, 68.8018074, 68.6721917, 68.5692817, 68.4619276, 68.3773965, 68.4437748, 68.5076083, 68.5130267, 68.5715807, 68.536516, 68.403603, 68.1969628, 67.9800845, 
68.0560618, 68.1123894, 68.1124542, 68.0475056, 67.9253322, 67.6722894, 67.5834463, 67.5353013, 67.516311, 67.4458452, 67.2115647, 67.0498066, 66.9172335, 66.7804879, 66.601556, 66.5665626, 66.5536181, 66.4810182, 66.3452335, 66.2768246, 66.1579307, 66.1565245, 66.1298269, 65.8946454, 65.8134875, 65.6961366, 65.5573262, 65.3209091, 65.2941411, 65.2141173, 65.118916, 65.0676279, 64.9911651, 64.8834644, 64.838046, 64.7628844, 64.6881693, 64.6147356, 64.5236252, 64.4549356, 64.4556794, 64.5109364, 64.5216705, 
64.4125127, 64.3322924, 64.2904168, 64.2598058, 64.2522092, 64.0929146, 64.040046, 64.027878, 63.9480985, 63.8936829, 63.8813639, 63.9919654, 63.9617884, 63.9125658, 63.8574769, 63.8265597, 63.8092135, 63.8038982, 63.7664077, 63.6065582, 63.4697195, 63.4327177, 63.5280485, 63.557432, 63.5194855, 63.448831, 63.4485999, 63.5329175, 63.6004279, 63.6186476, 63.6636271, 63.6658314, 63.727269, 63.6852408, 63.7917523, 63.759971, 63.8082016, 63.9343945, 64.0028834, 64.040046, 64.0929146, 64.1511377, 64.2598058, 
64.2904168, 64.3322924, 64.4283778, 64.4705805, 64.5551715, 64.6413122, 64.6977643, 64.7567063, 64.8180107, 64.8826978, 64.9517978, 65.0184705, 65.063059, 65.1190916, 65.2143765, 65.2905292, 65.3488944, 65.3590838, 65.3860889, 65.3684808, 65.4415793, 65.514552, 65.5048939, 65.5529242, 65.5334124, 65.5579648, 65.5085004, 65.6148817, 65.7473951, 65.8466417, 65.7729508, 65.8738354, 65.7918018, 65.7232453, 65.7322702, 65.8132493, 65.7686962, 65.820595, 65.7827469, 65.816027, 65.9350282, 66.0771638, 66.1537798, 
66.1973502, 66.2957927, 66.3772174, 66.446861, 66.5638931, 66.6209686, 66.7559372, 66.796335, 66.8311294, 67.1726827, 67.2078468, 67.2585003, 67.2839255, 67.3230786, 67.4278922, 67.4514989, 67.4835096, 67.6061432, 67.6958544, 67.8484634, 67.9207577, 67.9550474, 68.0513872, 68.1475896, 68.1436508, 68.2369229, 68.277751, 68.3024326, 68.3482606, 68.4791241, 68.4874981)), list(c(20.8950061, 20.8348653, 20.8762793, 20.9401341, 20.8950061, 63.8187044, 63.7757242, 63.6759849, 63.7481511, 63.8187044)), list(
    c(21.7692705, 21.7583958, 21.7702865, 21.8340861, 21.8298288, 21.7692705, 65.2834588, 65.2744543, 65.2163553, 65.1957191, 65.2682464, 65.2834588)), list(c(22.6985976, 22.6572239, 22.6417527, 22.685329, 22.664777, 22.7187679, 22.7152939, 22.6985976, 65.5687317, 65.577217, 65.5540942, 65.52183, 65.4919876, 65.4750639, 65.5314638, 65.5687317)), list(c(23.7801937, 23.7455701, 23.6813627, 23.6766205, 23.7431631, 23.7895261, 23.8085074, 23.7801937, 65.7546863, 65.7370919, 65.737619, 65.7185865, 65.6965688, 
65.7171244, 65.7460737, 65.7546863)), list(c(22.9264404, 22.8727989, 22.9566407, 22.9855431, 22.9264404, 65.7405852, 65.7099259, 65.6699361, 65.7005514, 65.7405852)), list(c(22.7540301, 22.7343113, 22.7258785, 22.7432345, 22.8051497, 22.830331, 22.7540301, 65.7669395, 65.7669395, 65.7510342, 65.7144632, 65.7059754, 65.7178343, 65.7669395)), list(c(22.1909362, 22.1584492, 22.1426905, 22.1473181, 22.230163, 22.2345689, 22.1909362, 65.4675661, 65.4728416, 65.4535841, 65.4352211, 65.4205712, 65.4366692, 
65.4675661)), list(c(22.5812114, 22.5477324, 22.6087973, 22.641727, 22.5812114, 65.597977, 65.5719547, 65.5463548, 65.5859753, 65.597977)), list(c(22.5706747, 22.4907276, 22.5147012, 22.5675252, 22.5706747, 65.5114534, 65.5051052, 65.4727392, 65.4732114, 65.5114534)), list(c(22.756326, 22.7371591, 22.8232521, 22.8179646, 22.756326, 65.5741276, 65.5547893, 65.5280833, 65.5594843, 65.5741276)), list(c(21.6881418, 21.6607838, 21.7224646, 21.7334865, 21.6881418, 65.2527442, 65.2216293, 65.1965962, 65.2202524, 
65.2527442)), list(c(22.6320703, 22.5866775, 22.6162561, 22.6400005, 22.6486531, 22.6320703, 65.6778562, 65.6664177, 65.6278583, 65.6267509, 65.6644959, 65.6778562)), list(c(22.2969656, 22.26683, 22.3174847, 22.3290947, 22.2969656, 65.4815245, 65.4293668, 65.4243197, 65.4524192, 65.4815245)), list(c(23.480214, 23.4688273, 23.5069312, 23.5317859, 23.480214, 65.7558965, 65.7173286, 65.7052407, 65.7489799, 65.7558965)), list(c(21.7204173, 21.6568249, 21.6720341, 21.7136418, 21.7204173, 65.3140883, 65.3337707, 
65.280931, 65.289314, 65.3140883)), list(c(21.9893409, 21.9520212, 22.0061276, 22.0414929, 21.9893409, 65.4075088, 65.3959442, 65.3594835, 65.3803336, 65.4075088)), list(c(22.3679442, 22.3386809, 22.4067207, 22.4121718, 22.3679442, 65.4738643, 65.4370288, 65.4321735, 65.4620688, 65.4738643)), list(c(24.1242995, 24.0884849, 24.1312088, 24.1419088, 24.1242995, 65.754625, 65.7036658, 65.6789862, 65.7027868, 65.754625)), list(c(22.7317611, 22.6975332, 22.6686697, 22.6912431, 22.7357681, 22.7317611, 65.6887217, 
65.6953122, 65.6775861, 65.6498486, 65.6620479, 65.6887217)), list(c(20.7968072, 20.7549273, 20.7449456, 20.7603606, 20.8098575, 20.7968072, 63.6328553, 63.6224733, 63.6020112, 63.5891347, 63.5898416, 63.6328553)), list(c(22.6033523, 22.5794878, 22.5879563, 22.615113, 22.6313563, 22.6033523, 65.5479779, 65.5241226, 65.5113804, 65.5007737, 65.5137219, 65.5479779)))"
DEF,15802,63.8,49.6,51.7,44,NA,30.8,29.1,34,19.4,52.3,76.4,67.4,80.3,84,80.9,83.7,86.1,72.9,58.6,59.5,11.1,2939283,2540553,51.18826598187381,0.16238654120749854,4.8475767729749055,186.0070244272877,18.3004154414529,22.498854312429255,28.138188803187717,23.220765064132987,7.817893003157573,DE,3,Schleswig-Holstein,DEF,0.005783723445479731,0.3330744266543916,0.3232080748944556,0.28272201077609743,0.014289199100596983,0.025516426965351755,0.01905226546746264,0.18746068343878422,0.0044228473406609705,0.08709607070840066,0.005783723445479731,0.007825037602707871,0.03504255969908308,0.014629418126801673,3.4021902620469006e-4,0.06294051984786767,0.006464161497889111,0.0027217522096375205,0,0.0010206570786140702,0,0,"list(list(c(9.113097, 8.635926, 8.6546234, 8.8515067, 8.8454781, 8.9313438, 8.8720965, 8.6970606, 8.6429467, 8.6915908, 8.8448045, 8.8094491, 8.8503361, 8.9290845, 8.9679015, 8.832592, 8.9635019, 9.199751, 9.272733, 9.48589, 9.5627632, 9.730104, 9.7628302, 9.8625959, 9.945376, 10.07143, 10.1522624, 10.189639, 10.1660275, 10.2366785, 10.307954, 10.469184, 10.595047, 10.6392839, 10.786234, 10.834767, 10.9010023, 10.9519185, 10.9254612, 10.7702337, 10.7629645, 10.7630555, 10.9036615, 10.840886, 10.7648925, 
10.7799461, 11.0418843, 11.0861163, 11.0889868, 11.1571528, 11.3007438, 11.2460231, 11.2235424, 11.0627774, 11.0253108, 11.0136809, 11.0849527, 11.0828291, 10.9250594, 10.7137505, 10.3473657, 10.2333297, 10.174162, 10.168517, 10.0993723, 9.9378273, 10.03117, 9.9495014, 9.9153523, 9.8625959, 9.5831406, 9.4919495, 9.4426471, 9.422934, 9.4201515, 9.3677648, 9.2717793, 9.2235223, 9.113097, 54.8736015, 54.911683, 54.8085347, 54.6105486, 54.4924285, 54.4632566, 54.416725, 54.3845735, 54.3213595, 54.2892737, 
54.2663285, 54.185765, 54.1320049, 54.1197376, 54.0524066, 54.0239295, 53.8991732, 53.8801045, 53.8676625, 53.7076645, 53.612857, 53.557581, 53.6076132, 53.6074567, 53.652928, 53.6970235, 53.7117988, 53.6102712, 53.5511113, 53.4963545, 53.433201, 53.385844, 53.3639275, 53.4481682, 53.5021273, 53.5671406, 53.5747293, 53.6476225, 53.6887326, 53.7493729, 53.811153, 53.8620005, 53.956822, 53.991894, 54.0276979, 54.0766979, 54.1747516, 54.2055647, 54.3534831, 54.4037307, 54.4112224, 54.4744731, 54.5004581, 
54.5270531, 54.4744731, 54.4581519, 54.4315318, 54.3855644, 54.3774912, 54.3050725, 54.4317743, 54.4100735, 54.3457455, 54.432845, 54.47048, 54.4808682, 54.636575, 54.7787445, 54.7891505, 54.7535796, 54.854271, 54.8226355, 54.8046984, 54.823223, 54.8319565, 54.8242017, 54.8099929, 54.85127, 54.8736015)), list(c(8.5966415, 8.5882712, 8.5349261, 8.4366863, 8.3950051, 8.402299, 8.4861259, 8.5674913, 8.5966415, 54.7187402, 54.7411971, 54.7557444, 54.7483444, 54.7150702, 54.7003781, 54.6802103, 54.6806225, 
54.7187402)), list(c(8.3629656, 8.3607605, 8.3370929, 8.2967749, 8.2864664, 8.2974105, 8.3395341, 8.4163711, 8.4642498, 8.4559246, 8.3808444, 8.3629656, 54.909057, 54.9588184, 54.9730507, 54.911211, 54.8598511, 54.8500749, 54.8788468, 54.8468927, 54.8632662, 54.8768532, 54.8922312, 54.909057)), list(c(8.6968329, 8.7109062, 8.6877969, 8.5982898, 8.5867139, 8.6239743, 8.6712127, 8.6968329, 54.5160138, 54.5534814, 54.5571298, 54.5343213, 54.5229664, 54.4889735, 54.494838, 54.5160138)), list(c(8.3631532, 
8.3397531, 8.2893746, 8.3668562, 8.4043683, 8.3631532, 54.6506058, 54.6962097, 54.6673168, 54.6060709, 54.6146607, 54.6506058)), list(c(8.4386054, 8.3980486, 8.3567863, 8.3665606, 8.4412486, 8.4386054, 55.0459255, 55.0542772, 54.9966675, 54.9878026, 55.0170996, 55.0459255)), list(c(10.9513975, 10.9052293, 10.883664, 10.8967093, 10.953591, 10.9513975, 53.9240155, 53.9287744, 53.9000272, 53.888011, 53.8984302, 53.9240155)), list(c(8.2749022, 8.2626488, 8.2923454, 8.3202556, 8.2749022, 54.7979805, 54.7611558, 
54.7353398, 54.7855962, 54.7979805)), list(c(8.5665848, 8.5164472, 8.5425422, 8.5771168, 8.5665848, 54.5962506, 54.5718739, 54.5404165, 54.5449458, 54.5962506)))"
DEG,16201,65.8,54.4,64.9,57,NA,31,27.9,30.4,22.1,50,77.8,64.9,82,81.1,82.7,87.5,88.9,74.9,55.5,56.2,6.6,2118830,1844438,50.683490416881014,0.17174572759494627,5.320908237093113,130.78390222825752,17.21096076608317,20.221962120604296,27.036477678718917,26.911078283769815,8.594932108758135,DE,3,Thüringen,DEG,0.010383088780128655,0.44977652761193676,1.158658316146175,0.40116479377769804,0.019350301817512496,0.03775668647319511,0.023597929045746945,0.23597929045746946,0.011798964522873472,0.1274288168470335,0.012270923103788411,0.014158757427448166,0.047667816672408825,0.014630716008363106,0.0018878343236597558,0.03067730775947103,0.007079378713724083,0.0028317514854896337,0,0.0014158757427448169,0,0,"list(list(c(10.916059, 10.701372, 10.677283, 10.6427061, 10.488551, 10.3881559, 10.2858462, 9.928339, 9.954927, 10.206942, 10.210013, 10.1465557, 10.1558218, 10.202181, 10.1823485, 10.0215585, 9.9899139, 10.0170973, 9.9261765, 9.8999586, 9.9436804, 10.0169097, 10.0775555, 10.0461128, 10.0413385, 10.1047266, 10.203337, 10.3285911, 10.3997652, 10.450532, 10.5907595, 10.610115, 10.729202, 10.8126737, 10.7364803, 10.7402792, 10.9457185, 11.0372889, 11.1207002, 11.189943, 11.2504877, 11.2768177, 11.265938, 
11.4012186, 11.4309054, 11.481568, 11.5253377, 11.6032905, 11.8370072, 11.919323, 11.9069355, 11.9462475, 11.8831926, 11.9441375, 12.0104562, 12.0558079, 12.3189165, 12.2384919, 12.275199, 12.2508255, 12.6528655, 12.617355, 12.5519752, 12.4708871, 12.283547, 12.2820748, 12.224169, 12.1635295, 12.0210185, 11.8862194, 11.7754837, 11.6969385, 11.4846085, 11.4656497, 11.3817738, 11.3853745, 11.473968, 11.405773, 11.3835343, 11.3132994, 10.978113, 10.8961286, 10.916059, 51.616374, 51.6421875, 51.638376, 
51.5670653, 51.5747785, 51.579684, 51.4932818, 51.375299, 51.3043156, 51.190649, 51.144083, 51.1361953, 51.059626, 51.012009, 50.9984875, 50.9929495, 50.9232958, 50.8760317, 50.76739, 50.6499206, 50.6363431, 50.6683249, 50.637624, 50.6089717, 50.5164695, 50.5554916, 50.5480858, 50.488587, 50.4038154, 50.4018595, 50.3291235, 50.227995, 50.2300055, 50.2646582, 50.3202026, 50.3592916, 50.3864665, 50.3515163, 50.3582563, 50.2711855, 50.2901094, 50.3712442, 50.479421, 50.5175778, 50.4410098, 50.4316215, 
50.383953, 50.398766, 50.3973953, 50.424728, 50.4474163, 50.4964724, 50.5368251, 50.5912755, 50.6049181, 50.555764, 50.6765325, 50.7428901, 50.7796414, 50.8183185, 50.923678, 50.980793, 51.0008543, 51.0771954, 51.091924, 51.0187671, 50.942935, 50.9586, 50.9691225, 51.0499598, 51.0487868, 51.087491, 51.1054375, 51.1862651, 51.2150548, 51.245887, 51.2950585, 51.342204, 51.3804254, 51.4046407, 51.426885, 51.5708665, 51.616374)))"
DE8,23293,65.7,58.4,65.5,58.9,NA,27.9,27,28.2,23.9,53.6,76.2,63.2,79.7,83.8,80,86.8,86.4,68.8,54.6,54.7,6.9,1576049,1373668,51.09784023212476,0.2645222324940405,7.455098160019137,67.66191559696045,17.053594145867294,19.707889792766597,27.12809056063612,27.500731258990044,8.591991746449507,DE,3,Mecklenburg-Vorpommern,DE8,0.02601441960243622,0.3445324352225089,0.8153299802226961,0.24935772935993744,0.022207431367933357,0.02855241175877146,0.03045590587602289,0.1478380431065278,0.019034941172514308,0.09200221566715247,0.005710482351754292,0.017765945094346685,0.03299389803235813,0.012689960781676205,6.344980390838102e-4,0.05900831763479435,0.021572933328849547,0.0012689960781676205,0,6.344980390838102e-4,0,6.344980390838102e-4,"list(list(c(12.4956439, 12.5034768, 12.4692661, 12.4168766, 12.3569971, 12.2855305, 12.201068, 12.1291214, 11.9990881, 11.6865694, 11.5617785, 11.3881873, 11.3989176, 11.4761737, 11.4445549, 11.3370023, 11.2674827, 11.1577037, 10.9036615, 10.7630555, 10.7629645, 10.7702337, 10.9254612, 10.9519185, 10.9010023, 10.834767, 10.786234, 10.6392839, 10.595047, 10.6990075, 10.8262246, 10.9657862, 11.1718615, 11.265732, 11.5105632, 11.6089975, 11.8222021, 12.0151285, 12.0591281, 12.3251015, 12.3317515, 12.4578711, 
12.654485, 12.984683, 13.1389511, 13.2414035, 13.2925252, 13.4010304, 13.5001767, 13.5613867, 13.7100655, 13.7951418, 13.799324, 13.9308141, 14.2335218, 14.2223822, 14.1666499, 14.1453918, 14.2234997, 14.371637, 14.412157, 14.267542, 14.222657, 14.0577609, 13.9388382, 14.0457665, 14.2130775, 14.226302, 14.0335604, 14.0223508, 13.9231238, 13.9209064, 13.8969219, 13.8054379, 13.8956767, 13.9110372, 13.8137468, 13.4721575, 13.319396, 13.3079994, 13.2842048, 13.2156763, 13.1557139, 13.115739, 13.0995586, 
13.1331089, 12.9848956, 12.8683721, 12.7969972, 12.5567528, 12.4956439, 54.417024, 54.3600497, 54.3167461, 54.2947455, 54.3177953, 54.274952, 54.2446955, 54.1856874, 54.1747516, 54.1452065, 54.0280885, 53.9956185, 53.9709262, 53.9573266, 53.914289, 53.9496731, 53.9382501, 54.013805, 53.956822, 53.8620005, 53.811153, 53.7493729, 53.6887326, 53.6476225, 53.5747293, 53.5671406, 53.5021273, 53.4481682, 53.3639275, 53.3627692, 53.3159312, 53.3303622, 53.156644, 53.121978, 53.1309201, 53.2275167, 53.233466, 
53.3123963, 53.3549482, 53.3213015, 53.318011, 53.2568043, 53.2430592, 53.1649855, 53.2452238, 53.232401, 53.2693786, 53.2603188, 53.3123963, 53.3958988, 53.4790625, 53.4833603, 53.5397355, 53.4275132, 53.4165608, 53.3651503, 53.3123963, 53.2694626, 53.2610264, 53.3123963, 53.329636, 53.6978065, 53.7440958, 53.7569877, 53.8204675, 53.8664919, 53.8664795, 53.928653, 54.028413, 53.9746201, 53.9765382, 53.9110029, 53.8977356, 54.0094387, 54.029439, 54.0677972, 54.1665962, 54.1046699, 54.193506, 54.2020759, 
54.2363401, 54.2458579, 54.2629901, 54.2734597, 54.2943989, 54.3078754, 54.4203892, 54.4245404, 54.3729306, 54.4543079, 54.417024), c(10.953591, 10.8967093, 10.883664, 10.9052293, 10.9513975, 10.953591, 53.8984302, 53.888011, 53.9000272, 53.9287744, 53.9240155, 53.8984302)), list(c(13.400599, 13.3822087, 13.2949943, 13.1671898, 13.18542, 13.1395803, 13.186171, 13.2080621, 13.2670727, 13.3137101, 13.3416743, 13.4905905, 13.7006454, 13.6076615, 13.6367242, 13.5013184, 13.5218395, 13.4924998, 13.3705846, 
13.400599, 54.5916213, 54.646873, 54.6518146, 54.5019535, 54.3942939, 54.3185663, 54.3039168, 54.2706043, 54.254424, 54.2401472, 54.240249, 54.3235585, 54.3341152, 54.4473195, 54.5501275, 54.5530809, 54.4758164, 54.4559899, 54.5552521, 54.5916213)), list(c(13.0916755, 13.0727439, 13.1295693, 13.1182804, 13.0916755, 54.573656, 54.5294059, 54.5289403, 54.5821495, 54.573656)), list(c(11.5678324, 11.5173184, 11.5395191, 11.589582, 11.5678324, 54.1088212, 54.074849, 54.0507542, 54.0805452, 54.1088212)))"
DE9,47710,57.1,45.7,51.1,43.4,9.9,34.4,29.8,37.1,22.7,52.1,77.2,67.8,81.1,81.7,82,85.2,87,76,59.6,60.7,10.2,7982947,6863970,50.740008670983286,0.066391521827716,1.6054722648164894,167.32230140431776,18.809958277312877,23.48799259220937,27.50455439576387,22.82203552146845,7.354013499024859,DE,3,Niedersachsen,DE9,0.016911048012720115,0.4107505661756241,0.5424062066302081,0.3017682567603167,0.013779372454808982,0.021921728905377927,0.019040587392099687,0.15771118109640464,0.008392890495201834,0.10422216256728248,0.008142356450568943,0.008392890495201834,0.048854138703413666,0.026556608731086402,0.0017537383124302342,0.02292386508390949,0.00638861813813871,0.0022548064016960153,2.505340446328906e-4,0.0011274032008480076,0,0,"list(list(c(8.5531326, 8.4861033, 8.5204105, 8.6366573, 8.6454649, 8.6093325, 8.492652, 8.554898, 8.2967151, 8.2367754, 8.2994748, 8.3061398, 8.2583841, 8.195555, 8.0883865, 8.061327, 8.162106, 8.142576, 8.091291, 8.0486866, 8.0055429, 7.8098955, 7.550173, 7.2928806, 7.1650349, 7.1006021, 7.1227104, 7.0429862, 6.9994465, 7.2643, 7.208935, 7.2027945, 7.2010832, 7.092692, 7.0726598, 7.0534218, 7.0062295, 6.7097325, 6.7297711, 6.6978655, 6.9241214, 6.9958755, 7.0630517, 7.0344256, 7.065685, 7.099149, 
7.317481, 7.5649254, 7.6080385, 7.6765634, 7.7459938, 7.9199909, 7.9646255, 7.956465, 7.9120688, 7.9950837, 8.0019428, 7.885159, 7.9633596, 8.096448, 8.265419, 8.4105865, 8.488548, 8.4514361, 8.4661865, 8.4371242, 8.3306357, 8.2972135, 8.4146929, 8.4919337, 8.6399457, 8.703009, 8.7082809, 8.7448955, 8.9413338, 9.0695916, 9.1112787, 9.1252525, 8.9936056, 8.9834101, 9.0508257, 9.036767, 8.9936262, 9.0211807, 9.1282485, 9.1556045, 9.1962787, 9.2537599, 9.308893, 9.3358852, 9.3233435, 9.4330539, 9.3841704, 
9.4173175, 9.440457, 9.6149302, 9.685331, 9.6723775, 9.6430313, 9.629719, 9.6285604, 9.6477555, 9.6073574, 9.6324315, 9.557291, 9.568025, 9.7323045, 9.7653566, 9.7243843, 9.7997474, 9.8981596, 9.928339, 10.2858462, 10.3881559, 10.488551, 10.6427061, 10.677283, 10.701372, 10.5903216, 10.5845537, 10.6391055, 10.561227, 10.6742772, 10.801489, 10.9644145, 10.9645562, 11.0510725, 11.0237724, 11.0672008, 11.0120371, 11.0635899, 10.9345425, 11.0087815, 10.9526722, 10.9642257, 10.910843, 10.7593145, 10.841556, 
10.9363605, 11.0428014, 11.2994127, 11.505027, 11.509809, 11.5977845, 11.4516336, 11.3361795, 11.265732, 11.1718615, 10.9657862, 10.8262246, 10.6990075, 10.595047, 10.469184, 10.307954, 10.2044956, 10.0590934, 9.984188, 9.8625959, 9.768861, 9.7662566, 9.730104, 9.5627632, 9.48589, 9.272733, 9.0185125, 8.7925765, 8.6871725, 8.6067211, 8.5531326, 53.8205868, 53.6882701, 53.606205, 53.5981222, 53.5213314, 53.4901872, 53.47242, 53.525131, 53.608457, 53.5377394, 53.5160341, 53.4537917, 53.4055454, 53.4091715, 
53.4566737, 53.505957, 53.5337743, 53.5947928, 53.638109, 53.6477456, 53.7084464, 53.707662, 53.6750375, 53.6782339, 53.6302653, 53.5757166, 53.5336205, 53.524132, 53.3598875, 53.3255265, 53.2430645, 53.1132815, 52.9855021, 52.838201, 52.8116882, 52.6571716, 52.638763, 52.6278235, 52.5741505, 52.486286, 52.441626, 52.4544096, 52.3730425, 52.291487, 52.241373, 52.2430585, 52.280272, 52.3797123, 52.474016, 52.4543301, 52.3909781, 52.3695775, 52.3248585, 52.2724905, 52.204403, 52.1671259, 52.1239567, 
52.0833025, 52.0410635, 52.057145, 52.1266701, 52.115115, 52.1762936, 52.2206826, 52.267614, 52.3582596, 52.4032305, 52.456498, 52.4473863, 52.5052056, 52.524962, 52.500438, 52.4234778, 52.3940706, 52.408076, 52.4972964, 52.4779528, 52.4119935, 52.311567, 52.2681611, 52.2210559, 52.1908803, 52.1901788, 52.1438891, 52.1321128, 52.09783, 51.9732856, 51.9696365, 51.9227195, 51.8891542, 51.855061, 51.8372727, 51.6634217, 51.6472695, 51.650394, 51.6307458, 51.5820165, 51.568404, 51.5818908, 51.5821324, 
51.5681974, 51.552511, 51.5129504, 51.4209699, 51.3513785, 51.3400015, 51.295232, 51.3209616, 51.361691, 51.4006562, 51.4132032, 51.375299, 51.4932818, 51.579684, 51.5747785, 51.5670653, 51.638376, 51.6421875, 51.7853558, 51.8391719, 51.9006779, 52.004066, 52.0450614, 52.047997, 52.056643, 52.1012331, 52.155792, 52.1955672, 52.2340285, 52.334572, 52.3683069, 52.471795, 52.4967475, 52.5553331, 52.6178196, 52.6267225, 52.7958305, 52.852205, 52.8572909, 52.9091749, 52.8781958, 52.9410325, 52.9930315, 
53.0359265, 53.0727308, 53.0618885, 53.121978, 53.156644, 53.3303622, 53.3159312, 53.3627692, 53.3639275, 53.385844, 53.433201, 53.3967475, 53.4553448, 53.4226925, 53.439645, 53.505279, 53.5468153, 53.557581, 53.612857, 53.7076645, 53.8676625, 53.834841, 53.8359737, 53.891908, 53.8739393, 53.8205868), c(8.4853305, 8.9841855, 8.9596016, 8.9686825, 8.915827, 8.711424, 8.6548985, 8.6155583, 8.4853305, 53.22712, 53.126071, 53.1116985, 53.0448506, 53.0110215, 53.04463, 53.1088645, 53.1632099, 53.22712
)), list(c(6.6651614, 6.7148269, 6.7836439, 6.7586414, 6.6549503, 6.6651614, 53.5780924, 53.5597555, 53.6086392, 53.6176356, 53.5959458, 53.5780924)), list(c(7.2916945, 7.1888103, 7.1699957, 7.1757069, 7.2898079, 7.2916945, 53.7246152, 53.7234229, 53.7130003, 53.7008661, 53.7063347, 53.7246152)), list(c(7.0985195, 7.1014938, 6.9988536, 6.8666552, 6.8655854, 7.0985195, 53.6783013, 53.6866294, 53.6828626, 53.6710683, 53.6648245, 53.6783013)), list(c(7.7702549, 7.782995, 7.7083605, 7.6967798, 7.7702549, 
53.7516321, 53.7869218, 53.7885954, 53.7732202, 53.7516321)), list(c(7.5187527, 7.4766964, 7.4475385, 7.4986023, 7.5187527, 53.7636198, 53.7620861, 53.7178597, 53.7195042, 53.7636198)), list(c(7.6839029, 7.7084429, 7.6768529, 7.6507481, 7.6839029, 53.740802, 53.7653568, 53.7848258, 53.7593489, 53.740802)), list(c(6.8649489, 6.8769134, 6.8913866, 6.9059403, 6.9008043, 6.8664077, 6.8649489, 53.6401877, 53.6285369, 53.6254558, 53.6441589, 53.6538611, 53.645098, 53.6401877)))"
DEA,34110,66.3,47.1,48.9,45.2,10.7,33.9,30.5,36.6,25.2,49.2,74.9,65.9,78.9,81.6,79.7,82.7,83.8,72.6,58.2,59.5,8.8,17964420,15423751,50.91904442225243,0.03900487741880895,0.9696945406531354,526.6613896218117,18.90148972246251,24.62264297984572,27.529405346791044,21.935297660598003,6.991174777699475,DE,3,Nordrhein-Westfalen,DEA,0.011968101391528365,0.38275658217743735,0.49063649146479543,0.37668903309987184,0.013192744324614989,0.024492858661732467,0.02115292338967804,0.1600942307071422,0.008628166119473937,0.09051224587267499,0.010520796106971446,0.008739497295209085,0.0299480862727547,0.01697800429961001,8.349838180136068e-4,0.020763264274605026,0.00367392879925987,0.002115292338967804,3.339935272054428e-4,0.0013359741088217712,5.56655878675738e-5,0,"list(list(c(8.6399457, 8.4919337, 8.4146929, 8.2972135, 8.3306357, 8.4371242, 8.4661865, 8.4514361, 8.488548, 8.4105865, 8.265419, 8.096448, 7.9633596, 7.885159, 8.0019428, 7.9950837, 7.9120688, 7.956465, 7.9646255, 7.9199909, 7.7459938, 7.6765634, 7.6080385, 7.5649254, 7.317481, 7.099149, 7.065685, 6.9916899, 6.8585842, 6.760465, 6.6952954, 6.8194835, 6.7696276, 6.4188193, 6.4077795, 6.167766, 6.1531733, 6.0613281, 5.9656938, 5.9797364, 5.953192, 6.102653, 6.1058935, 6.2042044, 6.224405, 6.072657, 
6.0893361, 6.174812, 5.9633424, 5.9000396, 5.877085, 5.9098069, 6.0091283, 6.0306861, 6.0869475, 6.0719281, 6.010228, 6.020999, 6.1185855, 6.1838202, 6.2560622, 6.1893125, 6.1922005, 6.315556, 6.3677831, 6.3546996, 6.4050285, 6.425295, 6.4312528, 6.5821972, 6.7021685, 6.8007115, 6.7704885, 6.8824139, 6.927901, 7.1496369, 7.1952005, 7.210872, 7.2123995, 7.3354749, 7.381565, 7.440772, 7.6596243, 7.6610035, 7.7538438, 7.785898, 7.851496, 7.8408821, 7.9650659, 7.9733624, 8.03969, 8.1257765, 8.1569901, 
8.1544546, 8.2592456, 8.355496, 8.477892, 8.5277812, 8.5153362, 8.549085, 8.6726645, 8.7527881, 8.7195974, 8.5902582, 8.5671004, 8.5832523, 8.6991461, 8.9312881, 8.9401889, 8.9031342, 8.9706535, 9.0689703, 9.0993274, 9.1554105, 9.2999957, 9.3517679, 9.440457, 9.4173175, 9.3841704, 9.4330539, 9.3233435, 9.3358852, 9.308893, 9.2537599, 9.1962787, 9.1556045, 9.1282485, 9.0211807, 8.9936262, 9.036767, 9.0508257, 8.9834101, 8.9936056, 9.1252525, 9.1112787, 9.0695916, 8.9413338, 8.7448955, 8.7082809, 8.703009, 
8.6399457, 52.524962, 52.5052056, 52.4473863, 52.456498, 52.4032305, 52.3582596, 52.267614, 52.2206826, 52.1762936, 52.115115, 52.1266701, 52.057145, 52.0410635, 52.0833025, 52.1239567, 52.1671259, 52.204403, 52.2724905, 52.3248585, 52.3695775, 52.3909781, 52.4543301, 52.474016, 52.3797123, 52.280272, 52.2430585, 52.241373, 52.2222391, 52.1266936, 52.1185695, 52.0508167, 51.9904814, 51.9212802, 51.8612599, 51.828092, 51.9008045, 51.8459998, 51.8587481, 51.8292952, 51.7708768, 51.747846, 51.6562276, 
51.6007347, 51.5187161, 51.364979, 51.2425875, 51.1790184, 51.1845135, 51.0480768, 51.0589778, 51.032101, 50.9864441, 50.9819236, 50.9343766, 50.913135, 50.858411, 50.8035661, 50.7542955, 50.7124145, 50.6384268, 50.6220967, 50.566094, 50.5210555, 50.4970425, 50.445172, 50.3791044, 50.3233085, 50.323012, 50.3584969, 50.3759419, 50.3477407, 50.3617815, 50.472798, 50.4647333, 50.5586185, 50.6082712, 50.642723, 50.6495435, 50.623405, 50.643712, 50.7111562, 50.711438, 50.7791697, 50.8203645, 50.8592668, 
50.939914, 50.9258325, 50.8858927, 50.8374419, 50.7833747, 50.6973755, 50.685814, 50.7303669, 50.8052758, 50.8710997, 50.862001, 50.9690475, 51.0160705, 51.0802372, 51.101868, 51.102662, 51.188886, 51.2643458, 51.2574983, 51.2781501, 51.3021411, 51.372325, 51.3962757, 51.4267698, 51.4793178, 51.5067735, 51.4961016, 51.4521831, 51.442675, 51.5181068, 51.6123127, 51.650394, 51.6472695, 51.6634217, 51.8372727, 51.855061, 51.8891542, 51.9227195, 51.9696365, 51.9732856, 52.09783, 52.1321128, 52.1438891, 
52.1901788, 52.1908803, 52.2210559, 52.2681611, 52.311567, 52.4119935, 52.4779528, 52.4972964, 52.408076, 52.3940706, 52.4234778, 52.500438, 52.524962)))"
DEB,19853,64.3,45.3,49,41.3,9.9,33.7,31,37.6,19.9,54.5,77.6,67.7,80.9,82.9,81.8,85.2,87.5,74.1,59.9,60.6,10.3,4108555,3535372,50.640870086928366,0.07725343825262165,2.4899508464654847,206.9488238553367,18.545060246242294,23.603748763251314,27.35258503293737,23.420886418704388,7.058588725233081,DE,3,Rheinland-Pfalz,DEB,0.012899912499650121,0.36874278182962134,1.0395382318114277,0.3263921256986946,0.017037620282556763,0.021905511791858692,0.002920734905581159,0.1353273839585937,0.004381102358371739,0.3181167101328813,0.009248993867673671,0.016794225707091666,0.03796955377255507,0.020445144339068116,0.0014603674527905795,0.03164129481046256,0.002433945754650966,2.433945754650966e-4,2.433945754650966e-4,7.301837263952898e-4,2.433945754650966e-4,0,"list(list(c(8.03969, 7.9733624, 7.9650659, 7.8408821, 7.851496, 7.785898, 7.7538438, 7.6610035, 7.6596243, 7.440772, 7.381565, 7.3354749, 7.2123995, 7.210872, 7.1952005, 7.1496369, 6.927901, 6.8824139, 6.7704885, 6.8007115, 6.7021685, 6.5821972, 6.4312528, 6.425295, 6.4050285, 6.3148009, 6.1932736, 6.1376625, 6.1279182, 6.2533621, 6.3267134, 6.4749625, 6.511092, 6.5010116, 6.4327722, 6.3800525, 6.5923624, 6.891454, 7.02798, 7.2639193, 7.2766225, 7.2883705, 7.252589, 7.2926015, 7.3958985, 7.4020755, 
7.394494, 7.3023623, 7.320341, 7.3687555, 7.4807818, 7.529495, 7.635651, 7.9106545, 8.0684075, 8.232633, 8.261284, 8.277349, 8.33997, 8.4130725, 8.4669855, 8.487268, 8.4709155, 8.497316, 8.5015251, 8.4725055, 8.423068, 8.4227005, 8.4224395, 8.414774, 8.3633567, 8.4463775, 8.448365, 8.4571124, 8.400055, 8.3430305, 8.288245, 8.2441289, 8.1900385, 8.1751355, 7.9081473, 7.7865866, 7.773997, 7.9180863, 7.8945525, 7.9123578, 8.0277305, 8.0378266, 8.1219135, 8.0545383, 7.9715595, 7.9993567, 8.0417074, 8.1173706, 
8.151592, 8.1257765, 8.03969, 50.6973755, 50.7833747, 50.8374419, 50.8858927, 50.9258325, 50.939914, 50.8592668, 50.8203645, 50.7791697, 50.711438, 50.7111562, 50.643712, 50.623405, 50.6495435, 50.642723, 50.6082712, 50.5586185, 50.4647333, 50.472798, 50.3617815, 50.3477407, 50.3759419, 50.3584969, 50.323012, 50.3233085, 50.313061, 50.2405044, 50.1299515, 50.0473529, 49.8909302, 49.8449692, 49.821275, 49.7828006, 49.7187148, 49.6619995, 49.551105, 49.5280378, 49.6134225, 49.6394385, 49.574257, 49.5486235, 
49.4705413, 49.4314655, 49.4082225, 49.372046, 49.3677185, 49.316352, 49.2413759, 49.189499, 49.161458, 49.1634575, 49.0998453, 49.0539505, 49.0451635, 48.9993165, 48.9665715, 48.980917, 48.989939, 49.08015, 49.2498165, 49.2829755, 49.2900265, 49.340713, 49.411347, 49.4348559, 49.4435135, 49.541821, 49.5741925, 49.5833855, 49.595052, 49.6855211, 49.7307995, 49.7336615, 49.7561704, 49.803675, 49.940506, 49.995134, 50.0253526, 50.035296, 50.0342555, 49.9749104, 50.0473529, 50.06654, 50.1267186, 50.1800237, 
50.2004105, 50.222474, 50.2605682, 50.277225, 50.3723074, 50.4062205, 50.5227866, 50.5498952, 50.5430076, 50.599371, 50.685814, 50.6973755)))"
DEC,2571,61.6,52.4,54.7,50.8,NA,29,26.6,31.7,20.8,47.4,74.8,63.7,78.9,83,79.6,83.2,86,70,55.6,56.6,8,1011891,883225,50.88818854995252,0.41704096587478295,15.054882393459375,393.57876312718787,17.02594449402159,23.200226111310407,26.71236328814072,25.325751489043782,7.70488125697333,DE,3,Saarland,DEC,0.012847233545905636,0.39826423992307475,0.7500807893340291,0.33007507725634483,0.014823731014506503,0.02470621835751084,0.037553451903416475,0.141319569004962,0.009882487343004336,0.09684837596144248,0.003952994937201734,0.010870736077304769,0.023717969623210405,0.021741472154609538,9.882487343004336e-4,0.03360045696621474,0.0029647462029013007,0.004941243671502168,0,9.882487343004336e-4,9.882487343004336e-4,0,"list(list(c(7.2639193, 7.02798, 6.891454, 6.5923624, 6.3800525, 6.3671075, 6.4495749, 6.556986, 6.585592, 6.7234655, 6.7328422, 6.8167781, 6.858713, 7.0239161, 7.0516644, 7.101069, 7.1924415, 7.2948914, 7.3687555, 7.320341, 7.3023623, 7.394494, 7.4020755, 7.3958985, 7.2926015, 7.252589, 7.2883705, 7.2766225, 7.2639193, 49.574257, 49.6394385, 49.6134225, 49.5280378, 49.551105, 49.469507, 49.4686731, 49.4192085, 49.3314504, 49.218829, 49.1731219, 49.1573542, 49.2108113, 49.1898705, 49.125961, 49.155998, 
49.1181018, 49.1211383, 49.161458, 49.189499, 49.2413759, 49.316352, 49.3677185, 49.372046, 49.4082225, 49.4314655, 49.4705413, 49.5486235, 49.574257)))"
DED,18450,68.6,50.5,60.8,48.8,8.9,37.4,32.3,40.4,19.7,47.8,79,66.3,83.3,85.3,84.6,88.7,89.5,76.3,56.3,57.3,5.4,4049967,3500118,50.86503173976479,0.11419846137017906,2.927579409906303,219.51040650406503,17.919899100412422,21.484347897155704,26.37335069643777,25.030179258250747,9.1681487775085575,DE,3,Sachsen,DED,0.029382955466056883,0.40642306468176165,0.5360537505614243,0.39185504474480903,0.016049513489863006,0.020987825332897773,0.023456981254415157,0.18889042799607997,0.009135876909614326,0.07432159323767329,0.019259416187835606,0.028889124281753407,0.048642371653892486,0.014568019936952573,0.001975324737213908,0.02641996836023602,0.011111201646828234,0.001975324737213908,2.469155921517385e-4,0.005185227435186509,0,2.469155921517385e-4,"list(list(c(12.580263, 12.198939, 12.1579417, 12.1935445, 12.158548, 12.1709045, 12.2077687, 12.283547, 12.4708871, 12.5519752, 12.617355, 12.6528655, 12.2508255, 12.275199, 12.2384919, 12.3189165, 12.0558079, 12.0104562, 11.9441375, 11.8831926, 11.9462475, 11.9069355, 11.919323, 12.0213778, 12.1009005, 12.1795925, 12.3202224, 12.3389577, 12.4094105, 12.5837785, 12.7030943, 12.8213778, 12.9481445, 13.0435192, 13.1825541, 13.252847, 13.3072292, 13.3871981, 13.4531215, 13.501846, 13.5411832, 13.652174, 
13.8529845, 13.9821423, 14.3759127, 14.3881583, 14.2695363, 14.3178735, 14.4150945, 14.491221, 14.5891537, 14.5744209, 14.6381484, 14.6188, 14.7685583, 14.823362, 14.8990892, 14.9956891, 15.0335507, 14.974183, 14.952273, 14.7408548, 14.729862, 14.660033, 14.5636659, 14.447771, 14.3283553, 14.1633245, 14.1079438, 14.0017456, 13.835313, 13.6912505, 13.547188, 13.40816, 13.2646799, 13.21015, 13.1930187, 13.1403936, 13.051025, 12.9202127, 12.8385615, 12.580263, 51.6260655, 51.5313205, 51.4513946, 51.3325185, 
51.3144056, 51.2755085, 51.131129, 51.091924, 51.0771954, 51.0008543, 50.980793, 50.923678, 50.8183185, 50.7796414, 50.7428901, 50.6765325, 50.555764, 50.6049181, 50.5912755, 50.5368251, 50.4964724, 50.4474163, 50.424728, 50.3395026, 50.318028, 50.3143911, 50.1759455, 50.2454472, 50.3216904, 50.407079, 50.4061, 50.4531632, 50.4043115, 50.5048054, 50.5065326, 50.5841841, 50.5818784, 50.6349267, 50.6079421, 50.633643, 50.7056101, 50.73036, 50.7315268, 50.8116136, 50.9001537, 50.9251888, 50.9931467, 
51.054699, 51.0250715, 51.0435305, 50.9877895, 50.9240159, 50.9226129, 50.8578045, 50.8235443, 50.8705505, 50.9495626, 51.1251605, 51.2694135, 51.36395, 51.4624426, 51.5302216, 51.581777, 51.5526536, 51.5737557, 51.542069, 51.5195353, 51.541043, 51.5141579, 51.3845184, 51.37679, 51.374013, 51.378591, 51.4427652, 51.3929818, 51.404736, 51.5422344, 51.6037951, 51.647677, 51.6441967, 51.676003, 51.6260655)))"
DEE,20454,65.9,60.8,66.5,62.4,NA,26.6,25.6,24.1,28.2,47,76.1,62.6,80.2,82.5,81.1,85,89.5,71.4,53.4,54.1,4.1,2150239,1880509,51.04237249905709,0.2738300254064781,6.2638153247150665,105.12559890485969,16.657683169173286,19.92429678747339,27.0279257329069,27.293849660433096,9.063178558290497,DE,3,Sachsen-Anhalt,DEE,0.021858035316074168,0.400420604407231,1.0724389242312136,0.29903652570714234,0.023718293640846436,0.03162439152112858,0.022323099897267232,0.20090789907540513,0.009766356205054415,0.10929017658037082,0.009301291623861348,0.011161549948633616,0.036740101914252324,0.023718293640846436,9.301291623861348e-4,0.0213929707348811,0.005115710393123741,0.001395193743579202,0,0,0,4.650645811930674e-4,"list(list(c(11.8691102, 11.8242077, 11.5977845, 11.509809, 11.505027, 11.2994127, 11.0428014, 10.9363605, 10.841556, 10.7593145, 10.910843, 10.9642257, 10.9526722, 11.0087815, 10.9345425, 11.0635899, 11.0120371, 11.0672008, 11.0237724, 11.0510725, 10.9645562, 10.9644145, 10.801489, 10.6742772, 10.561227, 10.6391055, 10.5845537, 10.5903216, 10.701372, 10.916059, 10.8961286, 10.978113, 11.3132994, 11.3835343, 11.405773, 11.473968, 11.3853745, 11.3817738, 11.4656497, 11.4846085, 11.6969385, 11.7754837, 
11.8862194, 12.0210185, 12.1635295, 12.224169, 12.2820748, 12.283547, 12.2077687, 12.1709045, 12.158548, 12.1935445, 12.1579417, 12.198939, 12.580263, 12.8385615, 12.9202127, 13.051025, 13.1644375, 13.1509135, 12.7697805, 12.6640752, 12.5534962, 12.3761225, 12.2767245, 12.2291654, 12.31718, 12.2593568, 12.171555, 12.1760326, 12.2341375, 12.2143615, 12.2492035, 12.2512934, 12.2195891, 12.1400928, 12.1268115, 11.8691102, 52.9028041, 52.9498056, 53.0359265, 52.9930315, 52.9410325, 52.8781958, 52.9091749, 
52.8572909, 52.852205, 52.7958305, 52.6267225, 52.6178196, 52.5553331, 52.4967475, 52.471795, 52.3683069, 52.334572, 52.2340285, 52.1955672, 52.155792, 52.1012331, 52.056643, 52.047997, 52.0450614, 52.004066, 51.9006779, 51.8391719, 51.7853558, 51.6421875, 51.616374, 51.5708665, 51.426885, 51.4046407, 51.3804254, 51.342204, 51.2950585, 51.245887, 51.2150548, 51.1862651, 51.1054375, 51.087491, 51.0487868, 51.0499598, 50.9691225, 50.9586, 50.942935, 51.0187671, 51.091924, 51.131129, 51.2755085, 51.3144056, 
51.3325185, 51.4513946, 51.5313205, 51.6260655, 51.676003, 51.6441967, 51.647677, 51.7061192, 51.8596105, 51.9792745, 52.0068702, 51.9854051, 52.0451195, 52.104018, 52.1681395, 52.4540955, 52.5071074, 52.5063365, 52.6137222, 52.647664, 52.7655132, 52.791862, 52.8116882, 52.8616052, 52.8634477, 52.8901995, 52.9028041)))"
ITG,49939,68.9,47.5,37.7,46.5,9.3,22.9,17.3,21.4,39.3,13.9,47.7,41.2,51.5,49.8,54,59.6,59.4,47.2,35.8,38.7,4.1,6392162,5586621,51.19582388556485,0.041206715349204226,1.6867688897746962,127.99939926710587,17.596018373752106,21.781926052562497,29.729174573485466,23.96405159944319,6.898464087737451,IT,3,Isole,ITG,0.014705509653854205,0.2831592816327246,0.7240116880642261,0.03253985114895398,0.01642636716653927,0.02268403084903042,0.0017208575126850664,0.014392626469729648,0.010012261891985843,0.010794469852297236,0.0014079743285605089,0.00641410527455343,0.009386495523736726,0.008291404379300775,7.822079603113938e-4,0.012202444180857744,0.003911039801556969,7.822079603113938e-4,0,0,0,0,"list(list(c(15.5029071, 15.2352004, 15.103781, 14.8759753, 14.7512195, 14.6324694, 14.5056648, 14.183486, 13.9976294, 13.7275481, 13.5672627, 13.5286258, 13.3881168, 13.3572856, 13.3125508, 13.2037723, 13.1037661, 13.063967, 13.0649833, 12.9772625, 12.8693574, 12.7480097, 12.7169892, 12.6413343, 12.510903, 12.4646886, 12.436513, 12.4806366, 12.5973324, 12.6413343, 12.6897857, 12.896496, 12.9391983, 13.0267711, 13.1651239, 13.2850909, 13.4519853, 13.5551863, 13.748349, 13.9000259, 14.036207, 14.1943185, 
14.3375945, 14.4964814, 14.7128544, 14.8759753, 15.000358, 15.0805484, 15.1230874, 15.1109878, 15.1695891, 15.3175955, 15.2827966, 15.2927395, 15.2268328, 15.1925341, 15.2285585, 15.1174386, 15.091499, 15.0918472, 15.1469376, 15.1700511, 15.2187932, 15.2580825, 15.489816, 15.593625, 15.5029071, 38.281201, 38.2048837, 38.137597, 38.1768049, 38.1555965, 38.0775335, 38.0432978, 38.0193965, 38.0356778, 37.9764031, 38.04057, 38.1042753, 38.1120903, 38.1866314, 38.2155188, 38.1758474, 38.1829159, 38.143932, 
38.088089, 38.040206, 38.0400993, 38.1760179, 38.1202377, 38.0770052, 38.0188564, 37.8689434, 37.7937866, 37.6994348, 37.6436417, 37.5891581, 37.564483, 37.5771185, 37.5524405, 37.5018315, 37.4888291, 37.3854944, 37.2971675, 37.2797421, 37.1554249, 37.1000661, 37.106028, 37.0824435, 37.00198, 36.7909891, 36.7199798, 36.7280787, 36.7028475, 36.6588518, 36.6766467, 36.840509, 36.9246665, 37.0189691, 37.055118, 37.0952788, 37.1296823, 37.190603, 37.2688209, 37.3094575, 37.3577085, 37.4878273, 37.5524405, 
37.5795493, 37.7564904, 37.807224, 38.0773714, 38.2659501, 38.281201)), list(c(12.6039064, 12.5661868, 12.6026567, 12.6378888, 12.6403164, 12.6039064, 35.5306899, 35.5155393, 35.4908245, 35.4897587, 35.5205053, 35.5306899)), list(c(12.8904935, 12.8551259, 12.8276041, 12.8524738, 12.8948306, 12.8904935, 35.8807818, 35.8884146, 35.8708411, 35.8409547, 35.857011, 35.8807818)), list(c(12.0511727, 12.0133164, 11.9530418, 11.9251545, 11.9272507, 11.9932622, 12.04903, 12.0511727, 36.7990821, 36.8249834, 
36.8394821, 36.8156479, 36.8019357, 36.7368661, 36.7501512, 36.7990821)), list(c(12.3398283, 12.3292551, 12.3543613, 12.3869976, 12.3398283, 37.933827, 37.9162595, 37.8918721, 37.9272498, 37.933827)), list(c(12.3085312, 12.260942, 12.2815997, 12.3274911, 12.3085312, 37.9614897, 37.9383809, 37.9101251, 37.9154865, 37.9614897)), list(c(12.0190188, 12.041612, 12.0796371, 12.0663527, 12.0190188, 37.99508, 37.9540918, 37.9443587, 37.999952, 37.99508)), list(c(12.3368283, 12.3064142, 12.3253178, 12.3693068, 
12.3368283, 38.0368832, 38.001908, 37.9751967, 37.9884228, 38.0368832)), list(c(14.9979323, 14.9484816, 14.9347527, 14.9761864, 15.0097292, 14.9979323, 38.398185, 38.4191873, 38.4039874, 38.3674689, 38.3721705, 38.398185)), list(c(14.9034739, 14.8950709, 14.9648188, 14.9612371, 14.9034739, 38.5159839, 38.4791144, 38.4480157, 38.5260431, 38.5159839)), list(c(14.3430571, 14.3186719, 14.369597, 14.3852431, 14.3430571, 38.5691743, 38.5426792, 38.5159076, 38.5610976, 38.5691743)), list(c(14.8045833, 14.7935879, 
14.8729512, 14.8739134, 14.8045833, 38.5839543, 38.5611687, 38.5355742, 38.5820086, 38.5839543)), list(c(14.5466227, 14.5212143, 14.5517914, 14.5985766, 14.5466227, 38.5973985, 38.5818851, 38.5448752, 38.5763779, 38.5973985)), list(c(13.1845424, 13.1356441, 13.1716587, 13.2186603, 13.1845424, 38.7320039, 38.6944839, 38.6801636, 38.715342, 38.7320039)), list(c(15.2223031, 15.1770091, 15.2169892, 15.2528528, 15.2223031, 38.8189565, 38.790063, 38.7645569, 38.8071899, 38.8189565)), list(c(8.3095328, 
8.2257318, 8.2197124, 8.2492274, 8.2470008, 8.2778783, 8.3103685, 8.3095328, 39.1879065, 39.1616797, 39.146434, 39.1339368, 39.1106206, 39.0938335, 39.1131221, 39.1879065)), list(c(8.2282259, 8.2014735, 8.2518691, 8.2730854, 8.2282259, 41.0314808, 40.9868529, 40.9793041, 40.9994732, 41.0314808)), list(c(8.3184048, 8.2719823, 8.2893315, 8.3392204, 8.350683, 8.3184048, 41.1115228, 41.097398, 41.0619529, 41.0602373, 41.0886014, 41.1115228)), list(c(9.5867239, 9.5932709, 9.5412113, 9.5389726, 9.4392547, 
9.2289395, 9.1759594, 9.1202012, 9.0038902, 8.8026885, 8.4678954, 8.3123844, 8.2228961, 8.1918005, 8.2151964, 8.1463011, 8.1954188, 8.1510446, 8.2948777, 8.399809, 8.3925329, 8.4759508, 8.46127, 8.4840399, 8.4135742, 8.3982981, 8.4276667, 8.5026753, 8.545923, 8.5022545, 8.4580865, 8.4587615, 8.393, 8.4183763, 8.3890636, 8.4579959, 8.3662565, 8.3647531, 8.4232683, 8.480082, 8.5256952, 8.612392, 8.6334108, 8.7258968, 8.859514, 8.9083124, 9.0127762, 9.0374429, 9.014979, 9.069978, 9.2393917, 9.4294292, 
9.4431282, 9.5224052, 9.5683211, 9.5839561, 9.6511185, 9.6920109, 9.7250758, 9.6473776, 9.626527, 9.6574646, 9.7702626, 9.8170094, 9.7451718, 9.6674387, 9.5867239, 40.9314246, 40.9946259, 41.0464506, 41.1255554, 41.1344318, 41.2411763, 41.228701, 41.1498419, 41.1099072, 40.931048, 40.822485, 40.8500718, 40.956641, 40.9511224, 40.8739043, 40.7336716, 40.6747815, 40.5999052, 40.5826262, 40.4075685, 40.3433973, 40.2810072, 40.1671544, 40.0917352, 40.0303735, 39.9286101, 39.8857226, 39.9035887, 39.8715466, 
39.713007, 39.7223587, 39.5832575, 39.4465295, 39.2814217, 39.2049281, 39.0929101, 39.0846414, 39.0326478, 38.9664423, 39.0560384, 39.0541003, 38.957788, 38.8959637, 38.9288857, 38.8849949, 38.920129, 38.9953414, 39.0523159, 39.1293633, 39.1949293, 39.2232933, 39.1315159, 39.1303878, 39.1238596, 39.159493, 39.2676171, 39.549324, 39.9674195, 40.0705539, 40.1577816, 40.224877, 40.3019504, 40.4068708, 40.5088589, 40.6595363, 40.8618881, 40.9314246)), list(c(9.4609161, 9.4012701, 9.3704241, 9.3837602, 
9.4345483, 9.4658698, 9.4933261, 9.4609161, 41.2234019, 41.2570416, 41.2303461, 41.2093197, 41.2164373, 41.1889656, 41.218759, 41.2234019)), list(c(9.3327168, 9.3148289, 9.3327168, 9.3822981, 9.3327168, 41.2698541, 41.2355169, 41.2100513, 41.2422726, 41.2698541)))"
ITH,62327,74.1,52.1,47.8,51.8,13.5,32.3,22,31.6,11,27.5,70.5,61.3,75.8,79.7,78.3,86.1,86.9,62.6,52.7,55.9,6,11558522,10116506,50.953149546282816,0.031742812792154566,1.1068716225136745,185.44967670511977,17.255130024409695,20.765310651309917,30.57878853368969,23.38843149669136,7.974142368721537,IT,3,Nord-Est,ITH,0.01479427906093876,0.40195450594807886,1.047971358275738,0.08357469925653124,0.01937964040731159,0.03105933440278956,0.0034606500727342128,0.038067150800076346,0.005017942605464609,0.023965001753684427,0.0033741338209158575,0.005710072620011451,0.004498845094554477,0.00908420644092731,0.0023359387990955936,0.02811778184096548,0.005969621375466518,0.0032876175690975023,0,0,0,0,"list(list(c(12.2407455, 12.136014, 11.7508114, 11.6271995, 11.5463018, 11.4816303, 11.4112505, 11.3283518, 11.1642815, 11.0058982, 10.8116104, 10.6652251, 10.4696515, 10.3900214, 10.4787516, 10.452801, 10.6221455, 10.6179778, 10.5157515, 10.5682434, 10.5766529, 10.5471244, 10.4715128, 10.5001975, 10.5452545, 10.6940749, 10.8401765, 10.6356013, 10.6546555, 10.7050831, 10.7049622, 10.7345899, 10.792892, 10.9272658, 11.05514, 11.2055025, 11.1897192, 11.4267655, 11.2462315, 11.0069584, 10.8879095, 10.7289779, 
10.5889121, 10.504344, 10.4640305, 10.1991159, 10.083503, 10.0424402, 9.9988083, 9.954927, 9.8911015, 9.879753, 9.8217141, 9.7561996, 9.7102387, 9.5486845, 9.5383176, 9.4445402, 9.3800954, 9.2884802, 9.3540067, 9.2971819, 9.320351, 9.2808777, 9.200074, 9.2039814, 9.2029955, 9.493363, 9.4976389, 9.451202, 9.4790595, 9.6034565, 9.6867255, 9.8254409, 9.954927, 10.0166936, 10.1420545, 10.253875, 10.3289768, 10.470149, 10.540607, 10.624078, 10.6826755, 10.814787, 10.9135695, 10.9791237, 11.049449, 11.2024395, 
11.240023, 11.2322292, 11.4195848, 11.5249595, 11.5985603, 11.6433571, 11.7159065, 11.740743, 11.6553856, 11.710189, 11.9829095, 12.107464, 12.1633161, 12.1905192, 12.2359312, 12.2238969, 12.2837975, 12.3553547, 12.4177, 12.4115544, 12.5053, 12.5110633, 12.493956, 12.6573533, 12.7194027, 12.7506848, 12.450349, 12.384282, 12.2900296, 12.269892, 12.2502641, 12.2500504, 12.2918888, 12.3990565, 12.4010001, 12.4571943, 12.4824833, 12.4224872, 12.3217215, 12.2809917, 12.330572, 12.2940449, 12.2257541, 
12.200494, 12.1400295, 12.132562, 12.1824369, 12.4039827, 12.5675218, 12.6204223, 12.581385, 12.5982615, 12.8083552, 13.0987855, 13.1117729, 13.0772838, 13.1255783, 13.4064935, 13.5001704, 13.5382356, 13.579783, 13.750234, 13.7701874, 13.7224819, 13.8373352, 13.9059968, 13.7966932, 13.596243, 13.597145, 13.5836187, 13.6353476, 13.528696, 13.4901897, 13.4995688, 13.496939, 13.6309786, 13.6553013, 13.4363706, 13.3980524, 13.4519981, 13.6035233, 13.684032, 13.714185, 13.5042495, 13.2567851, 13.1400227, 
12.8083552, 12.731393, 12.690635, 12.477924, 12.2926646, 12.2749477, 12.1563608, 12.1318994, 12.2407455, 47.0691685, 47.0806675, 46.9757264, 47.013299, 46.9894223, 47.0031231, 46.9705266, 46.9902499, 46.9657225, 46.7688496, 46.7820598, 46.8690318, 46.854909, 46.6787669, 46.6124441, 46.530683, 46.448102, 46.3934865, 46.3432245, 46.3133869, 46.2441618, 46.1215578, 46.0208959, 45.8547405, 45.7922, 45.8373789, 45.8327585, 45.6080588, 45.415827, 45.4119086, 45.3375426, 45.3022795, 45.3057199, 45.2321817, 
45.1099518, 45.1094875, 45.0597917, 44.950076, 44.951428, 44.9516861, 44.914266, 44.9769068, 44.9154692, 44.922418, 44.9371715, 45.0324622, 45.0439585, 45.0554496, 45.1197042, 45.11888, 45.130898, 45.0839065, 45.0720143, 45.1021731, 45.0646317, 45.1326485, 45.0892876, 45.0894924, 45.0526253, 44.9030103, 44.8362732, 44.7664393, 44.7259956, 44.6899525, 44.6860995, 44.6553972, 44.6134765, 44.555859, 44.500196, 44.4290011, 44.4092405, 44.4312687, 44.365922, 44.4627261, 44.4680289, 44.3902102, 44.353853, 
44.268567, 44.2788761, 44.226041, 44.1502479, 44.1203515, 44.1579555, 44.1161745, 44.0729761, 44.1144965, 44.09023, 44.100721, 44.1064641, 44.1501355, 44.2273831, 44.15764, 44.1578604, 44.1074058, 44.1225405, 44.0999528, 43.99213, 43.8774305, 43.7657431, 43.7537535, 43.7607223, 43.8064231, 43.798728, 43.7656709, 43.764899, 43.8666322, 43.89903, 43.9530367, 43.9869937, 43.9428344, 43.9155465, 43.8260324, 43.8709561, 43.9696689, 44.1621895, 44.2247265, 44.4719873, 44.6300075, 44.6671525, 44.7536194, 
44.8334181, 44.7926155, 44.8677198, 44.8835284, 44.9544377, 45.0096983, 45.0077065, 45.0928037, 45.1605505, 45.2169352, 45.2078307, 45.257337, 45.2681861, 45.3003705, 45.4010546, 45.5339386, 45.5601627, 45.5327192, 45.4978985, 45.4861921, 45.5649928, 45.644533, 45.6774565, 45.7118767, 45.7609819, 45.725175, 45.7134821, 45.7765709, 45.7869515, 45.6758331, 45.6156873, 45.5948449, 45.5868138, 45.6338498, 45.7383567, 45.8079375, 45.8195225, 45.8627722, 45.9748107, 45.972578, 46.0005797, 46.0208959, 46.051335, 
46.1311161, 46.1732587, 46.2321735, 46.2943814, 46.3565473, 46.4358594, 46.4374725, 46.5227035, 46.566304, 46.5530732, 46.5931249, 46.632137, 46.634288, 46.656972, 46.6798355, 46.7891622, 46.874102, 46.9163492, 47.0086509, 47.0691685)), list(c(12.5542142, 12.5476021, 12.4876906, 12.469686, 12.4099348, 12.4310734, 12.4543508, 12.5542142, 45.4695546, 45.5085332, 45.5001305, 45.4772419, 45.4573342, 45.4239363, 45.4385971, 45.4695546)), list(c(12.3477543, 12.3225977, 12.3788243, 12.4006023, 12.3477543, 
45.4540328, 45.435515, 45.40627, 45.4454648, 45.4540328)))"
DE1,35745,65.8,43.1,46.5,41.3,12.1,40.9,36.4,42.2,18.2,54,79.4,70.8,83.4,84.5,84.4,87.1,89.5,77.9,62.6,63.8,11.2,11167721,9551827,50.469536264381965,0.03030161659661806,0.9193549874678997,312.42750034969924,19.33920985311148,25.27414501132326,27.282065875392124,21.220238220492792,6.864533954600048,DE,3,Baden-Württemberg,DE1,0.016296968736951793,0.3867396042576637,0.8159229622588172,0.38691869182620164,0.014864268188648336,0.02963899259302771,0.021848683361627676,0.13324115099222122,0.006894871388710373,0.14613545592695235,0.007521677878593135,0.007521677878593135,0.030713518004255303,0.01961008875490353,0.0030444886651448404,0.032862568826710487,0.005909889761751749,0.0028654010966069083,0,0.0011640691954965564,1.7908756853793177e-4,8.954378426896588e-5,"list(list(c(9.4714975, 9.3249819, 9.3501187, 9.4040932, 9.41092, 9.2959337, 9.2241018, 9.103006, 9.1223487, 9.083276, 8.93188, 8.8833848, 8.8190362, 8.8386305, 8.899355, 8.8995725, 8.7240046, 8.6549883, 8.6044889, 8.6120318, 8.581375, 8.4224395, 8.4227005, 8.423068, 8.4725055, 8.5015251, 8.497316, 8.4709155, 8.487268, 8.4669855, 8.4130725, 8.33997, 8.277349, 8.261284, 8.232633, 8.1688877, 8.0896384, 7.9596305, 7.9436758, 7.8125877, 7.7361284, 7.680713, 7.5779195, 7.577291, 7.5740786, 7.6143858, 7.5382383, 
7.5459905, 7.5205008, 7.589039, 7.634097, 7.7137845, 7.8941075, 7.922759, 8.0386355, 8.2204613, 8.4264345, 8.5185479, 8.562841, 8.595602, 8.6063695, 8.5028235, 8.4247689, 8.4184186, 8.510115, 8.6138315, 8.7053363, 8.7067285, 8.663354, 8.670461, 8.7957085, 8.7815239, 8.8143867, 8.874888, 9.0358646, 9.182192, 9.3794304, 9.495604, 9.5587205, 9.6921515, 9.850835, 9.954927, 10.0371841, 10.0772925, 10.1299587, 10.0918523, 10.1319285, 10.1065024, 10.1101365, 10.0919119, 10.104207, 10.1149545, 10.136457, 
10.0953575, 10.0578453, 9.997606, 10.0326945, 10.1338955, 10.2307795, 10.2782485, 10.3108512, 10.2723486, 10.3629749, 10.487258, 10.423689, 10.4537621, 10.4101498, 10.2567635, 10.2306979, 10.2436511, 10.1350896, 10.1461202, 10.1119665, 10.1341577, 10.1183275, 10.0837235, 10.018797, 9.954927, 9.9221092, 9.9082525, 9.8395286, 9.8606721, 9.8139674, 9.6381121, 9.648736, 9.4714975, 49.7797265, 49.7606173, 49.715539, 49.7145896, 49.663508, 49.6449424, 49.580147, 49.577456, 49.5184868, 49.5258277, 49.470637, 
49.4154835, 49.4043766, 49.4706623, 49.48455, 49.5036555, 49.5304464, 49.6177498, 49.6067886, 49.5490612, 49.5197805, 49.5833855, 49.5741925, 49.541821, 49.4435135, 49.4348559, 49.411347, 49.340713, 49.2900265, 49.2829755, 49.2498165, 49.08015, 48.989939, 48.980917, 48.9665715, 48.9266264, 48.8089707, 48.718581, 48.7058139, 48.5990022, 48.3357969, 48.257267, 48.121392, 48.115655, 48.0403272, 47.975755, 47.7928169, 47.743574, 47.678195, 47.589878, 47.5611135, 47.539405, 47.586375, 47.5549397, 47.5534534, 
47.616822, 47.567549, 47.6256443, 47.5994325, 47.6055445, 47.6690055, 47.64896, 47.6772556, 47.7002617, 47.7761905, 47.801079, 47.7371793, 47.7102527, 47.6858925, 47.6848625, 47.6755955, 47.7125348, 47.7200078, 47.65467, 47.6839455, 47.6558905, 47.6239249, 47.551455, 47.541893, 47.6104235, 47.671623, 47.6538744, 47.6786928, 47.6392745, 47.6897299, 47.7856823, 47.8200875, 47.8550306, 47.93715, 47.9552706, 47.9743585, 47.9762575, 48.1084595, 48.164015, 48.279578, 48.350118, 48.4571965, 48.4548715, 
48.510511, 48.5161015, 48.5490717, 48.6919769, 48.6672227, 48.696662, 48.744496, 48.9043786, 48.977456, 49.059495, 49.0967867, 49.1446544, 49.2159999, 49.2826563, 49.3849105, 49.4122323, 49.4731695, 49.543561, 49.4907985, 49.4822879, 49.5002859, 49.5642861, 49.5622697, 49.6147001, 49.708938, 49.7017683, 49.7914775, 49.7797265)))"
DE2,70543,69,43.7,50.1,41.1,12.8,43.2,35.3,46.4,16.1,54.8,80.6,71.4,84.1,87.8,85.3,89.2,89.5,76.5,63.1,64.2,9.7,13105221,11251437,50.527717159443554,0.015993625746563146,0.5911689699853211,185.77634917709764,18.73464018653329,25.044873337122663,27.93997140528954,21.542956047822468,6.72036740166381,DE,3,Bayern,DE2,0.01396390034170351,0.3506236178695498,1.1147465578794893,0.3145311322868954,0.016481980731191028,0.028919771745932403,0.019686810317811505,0.10354651783438067,0.004654633447234503,0.07752635380967632,0.005799215442456102,0.009080350495424685,0.03036957560654643,0.01800809005815316,0.0023654694567913047,0.03166676853446424,0.005188771711671249,0.0013734983942659189,7.63054663481066e-5,0.0014498038606140255,7.63054663481066e-5,0,"list(list(c(10.3285911, 10.203337, 10.1047266, 10.0413385, 9.954927, 9.935655, 9.8675316, 9.7744566, 9.7329145, 9.7327598, 9.623151, 9.5098089, 9.5085412, 9.4049845, 9.3594265, 9.2245146, 9.1572393, 9.0326629, 8.99056, 8.9781676, 9.0289745, 9.0160885, 9.05008, 9.0360805, 9.119612, 9.1407327, 9.0771726, 9.103006, 9.2241018, 9.2959337, 9.41092, 9.4040932, 9.3501187, 9.3249819, 9.4714975, 9.648736, 9.6381121, 9.8139674, 9.8606721, 9.8395286, 9.9082525, 9.9221092, 9.954927, 10.018797, 10.0837235, 10.1183275, 
10.1341577, 10.1119665, 10.1461202, 10.1350896, 10.2436511, 10.2306979, 10.2567635, 10.4101498, 10.4537621, 10.423689, 10.487258, 10.3629749, 10.2723486, 10.3108512, 10.2782485, 10.2307795, 10.1338955, 10.0326945, 9.997606, 10.0578453, 10.0953575, 10.136457, 10.1149545, 10.104207, 10.0919119, 10.1101365, 10.1065024, 10.1319285, 10.0918523, 10.1299587, 10.0772925, 10.0371841, 9.954927, 9.850835, 9.6921515, 9.5587205, 9.6965015, 9.7936304, 9.8596105, 9.9678135, 9.999526, 10.0840138, 10.1020687, 10.1975072, 
10.2175059, 10.178353, 10.3100811, 10.3832478, 10.4683086, 10.4403131, 10.454439, 10.553154, 10.6370435, 10.7873761, 10.886199, 10.8842713, 10.9577936, 10.9912025, 11.0165005, 11.2083889, 11.2650568, 11.3328294, 11.4214275, 11.3956188, 11.410219, 11.5585673, 11.632883, 11.828887, 12.060662, 12.1945969, 12.1722235, 12.2283597, 12.2533542, 12.2640709, 12.3380455, 12.4290389, 12.5047212, 12.5750265, 12.6139715, 12.6957955, 12.7901653, 12.8038348, 12.9190264, 13.0084417, 13.0460555, 13.0837838, 13.0280435, 
12.9180406, 12.9953713, 12.9388765, 12.8757855, 12.8601815, 12.751555, 12.8757152, 12.9446845, 13.0369182, 13.177043, 13.277131, 13.4016169, 13.4498652, 13.4384305, 13.5133695, 13.7270905, 13.8193661, 13.796107, 13.839507, 13.7359617, 13.6728509, 13.5515785, 13.493185, 13.4166515, 13.3762975, 13.1989413, 13.170908, 13.0107617, 12.9318698, 12.7917431, 12.6337635, 12.6359935, 12.5937785, 12.5158561, 12.401524, 12.4634648, 12.5509885, 12.4920335, 12.4815029, 12.260799, 12.2612591, 12.2065176, 12.2044448, 
12.160679, 12.111386, 12.1272843, 12.1009005, 12.0213778, 11.919323, 11.8370072, 11.6032905, 11.5253377, 11.481568, 11.4309054, 11.4012186, 11.265938, 11.2768177, 11.2504877, 11.189943, 11.1207002, 11.0372889, 10.9457185, 10.7402792, 10.7364803, 10.8126737, 10.729202, 10.610115, 10.5907595, 10.450532, 10.3997652, 10.3285911, 50.488587, 50.5480858, 50.5554916, 50.5164695, 50.4236873, 50.4196065, 50.4022204, 50.4212665, 50.3561495, 50.3043935, 50.22904, 50.2338126, 50.1063641, 50.0877345, 50.129025, 
50.1456772, 50.1152432, 50.1114723, 50.067119, 50.0473529, 50.0293993, 49.9913405, 49.866315, 49.846504, 49.7882899, 49.7384078, 49.620275, 49.577456, 49.580147, 49.6449424, 49.663508, 49.7145896, 49.715539, 49.7606173, 49.7797265, 49.7914775, 49.7017683, 49.708938, 49.6147001, 49.5622697, 49.5642861, 49.5002859, 49.4822879, 49.4907985, 49.543561, 49.4731695, 49.4122323, 49.3849105, 49.2826563, 49.2159999, 49.1446544, 49.0967867, 49.059495, 48.977456, 48.9043786, 48.744496, 48.696662, 48.6672227, 
48.6919769, 48.5490717, 48.5161015, 48.510511, 48.4548715, 48.4571965, 48.350118, 48.279578, 48.164015, 48.1084595, 47.9762575, 47.9743585, 47.9552706, 47.93715, 47.8550306, 47.8200875, 47.7856823, 47.6897299, 47.6392745, 47.6786928, 47.6538744, 47.671623, 47.6104235, 47.541893, 47.531359, 47.5827691, 47.5394545, 47.5462405, 47.483017, 47.4476546, 47.3665981, 47.3842965, 47.3546046, 47.270114, 47.3018153, 47.3546046, 47.4370069, 47.5083938, 47.555797, 47.5371963, 47.5646806, 47.5197767, 47.536848, 
47.4840445, 47.4493567, 47.396131, 47.396368, 47.4305332, 47.4041775, 47.4442533, 47.444852, 47.4720072, 47.495324, 47.5151052, 47.592446, 47.5855569, 47.6187435, 47.6167946, 47.6950309, 47.7209635, 47.7241216, 47.68489, 47.6970875, 47.6891211, 47.6296239, 47.632316, 47.6711081, 47.682223, 47.630667, 47.5590531, 47.4947708, 47.4716763, 47.5205025, 47.6687191, 47.7139875, 47.7220138, 47.8554159, 47.9360387, 47.962609, 47.99664, 48.1128105, 48.1970875, 48.2066925, 48.2612689, 48.29439, 48.3024049, 
48.3714917, 48.5052554, 48.548895, 48.590978, 48.5130195, 48.6129297, 48.7136005, 48.771605, 48.8767957, 48.8876035, 48.9677875, 48.950579, 48.9800355, 49.0648173, 49.1311737, 49.1735795, 49.3064705, 49.3440364, 49.3498561, 49.476195, 49.5186506, 49.5421915, 49.6799767, 49.758373, 49.7884747, 49.905088, 49.9363024, 49.9754556, 50.0581565, 50.0829972, 50.1135764, 50.1713215, 50.219849, 50.2455202, 50.2850898, 50.318028, 50.3395026, 50.424728, 50.3973953, 50.398766, 50.383953, 50.4316215, 50.4410098, 
50.5175778, 50.479421, 50.3712442, 50.2901094, 50.2711855, 50.3582563, 50.3515163, 50.3864665, 50.3592916, 50.3202026, 50.2646582, 50.2300055, 50.227995, 50.3291235, 50.4018595, 50.4038154, 50.488587)))"
DE3,891,66.5,31.8,38.4,28.7,11.6,53.5,45.1,57.2,21.5,41.4,74.1,66.7,78,80.7,79.6,82.3,82.8,72.1,59.2,61.4,7.6,3632853,3116756,51.06050258570881,0.40832921122875054,9.357824277503108,4077.2760942760942,18.363803875356364,29.48038359933639,26.726680105140506,18.967103816201757,6.432052163960392,DE,3,Berlin,DE3,0.023672854365425742,0.26397985274934055,0.15772727385335988,0.28490004963041443,0.012937490176453603,0.015414881912370252,0.00908376969836104,0.09193875997735114,0.0063311122140092095,0.07900126980089754,0.013212755924888785,0.014313818918629517,0.004128986226527745,0.004404251974962929,0,0.020369665384203543,0.00908376969836104,0.0019268602390462815,2.7526574843518304e-4,0.0027526574843518303,0,0,"list(list(c(13.334076, 13.2877424, 13.164263, 13.1274679, 13.1536955, 13.1101387, 13.165898, 13.2287962, 13.311926, 13.420985, 13.447915, 13.6567037, 13.699738, 13.7354208, 13.66698, 13.6108275, 13.5123672, 13.5015319, 13.39854, 13.334076, 52.6289458, 52.6536497, 52.5989005, 52.527029, 52.5018215, 52.4325245, 52.3942755, 52.4158577, 52.3991855, 52.376247, 52.4143353, 52.3505368, 52.377883, 52.4386616, 52.474167, 52.5442355, 52.5962975, 52.6505711, 52.6481945, 52.6289458)))"
DE4,29656,75.6,50.5,58.4,46.3,NA,31.7,30.4,35.2,20,46.6,76.8,64.8,80.7,81.9,81.8,86.3,87.4,74.3,55.9,56.9,6.8,2545159,2200753,50.85925869464344,0.19900524878799322,4.495161206038601,85.82273401672512,17.835820866201285,19.25141022623734,28.430954608336847,25.935314846734528,8.52579347694977,DE,3,Brandenburg,DE4,0.01532320770529464,0.3657924711187002,0.7382642891858623,0.4046898445244482,0.017287721513665748,0.0310393181722635,0.022395457415430628,0.19370106150539124,0.011787082850226647,0.10372632908199449,0.013751596658597754,0.011001277326878204,0.05382767834936835,0.01296579113524931,0.0035361248550679937,0.03182512369561194,0.009036763518507095,3.929027616742215e-4,3.929027616742215e-4,3.929027616742215e-4,0,0,"list(list(c(14.1666499, 14.2223822, 14.2335218, 13.9308141, 13.799324, 13.7951418, 13.7100655, 13.5613867, 13.5001767, 13.4010304, 13.2925252, 13.2414035, 13.1389511, 12.984683, 12.654485, 12.4578711, 12.3317515, 12.3251015, 12.0591281, 12.0151285, 11.8222021, 11.6089975, 11.5105632, 11.265732, 11.3361795, 11.4516336, 11.5977845, 11.8242077, 11.8691102, 12.1268115, 12.1400928, 12.2195891, 12.2512934, 12.2492035, 12.2143615, 12.2341375, 12.1760326, 12.171555, 12.2593568, 12.31718, 12.2291654, 12.2767245, 
12.3761225, 12.5534962, 12.6640752, 12.7697805, 13.1509135, 13.1644375, 13.051025, 13.1403936, 13.1930187, 13.21015, 13.2646799, 13.40816, 13.547188, 13.6912505, 13.835313, 14.0017456, 14.1079438, 14.1633245, 14.3283553, 14.447771, 14.5636659, 14.660033, 14.729862, 14.759195, 14.7520377, 14.5999785, 14.7010605, 14.716716, 14.755227, 14.6853953, 14.7033943, 14.6008915, 14.534362, 14.621086, 14.6251561, 14.565063, 14.436438, 14.2230177, 14.1393043, 14.156692, 14.143658, 14.3552165, 14.3760776, 14.438383, 
14.4185068, 14.412157, 14.371637, 14.2234997, 14.1453918, 14.1666499, 53.3123963, 53.3651503, 53.4165608, 53.4275132, 53.5397355, 53.4833603, 53.4790625, 53.3958988, 53.3123963, 53.2603188, 53.2693786, 53.232401, 53.2452238, 53.1649855, 53.2430592, 53.2568043, 53.318011, 53.3213015, 53.3549482, 53.3123963, 53.233466, 53.2275167, 53.1309201, 53.121978, 53.0618885, 53.0727308, 53.0359265, 52.9498056, 52.9028041, 52.8901995, 52.8634477, 52.8616052, 52.8116882, 52.791862, 52.7655132, 52.647664, 52.6137222, 
52.5063365, 52.5071074, 52.4540955, 52.1681395, 52.104018, 52.0451195, 51.9854051, 52.0068702, 51.9792745, 51.8596105, 51.7061192, 51.647677, 51.6037951, 51.5422344, 51.404736, 51.3929818, 51.4427652, 51.378591, 51.374013, 51.37679, 51.3845184, 51.5141579, 51.541043, 51.5195353, 51.542069, 51.5737557, 51.5526536, 51.581777, 51.6139648, 51.6632588, 51.8259609, 51.917865, 52.001188, 52.070025, 52.123903, 52.2407478, 52.272052, 52.395008, 52.4879758, 52.5762421, 52.624497, 52.6799005, 52.8116882, 52.8333875, 
52.895591, 52.9613685, 53.067485, 53.1902557, 53.2584326, 53.3123963, 53.329636, 53.3123963, 53.2610264, 53.2694626, 53.3123963), c(13.164263, 13.2877424, 13.334076, 13.39854, 13.5015319, 13.5123672, 13.6108275, 13.66698, 13.7354208, 13.699738, 13.6567037, 13.447915, 13.420985, 13.311926, 13.2287962, 13.165898, 13.1101387, 13.1536955, 13.1274679, 13.164263, 52.5989005, 52.6536497, 52.6289458, 52.6481945, 52.6505711, 52.5962975, 52.5442355, 52.474167, 52.4386616, 52.377883, 52.3505368, 52.4143353, 
52.376247, 52.3991855, 52.4158577, 52.3942755, 52.4325245, 52.5018215, 52.527029, 52.5989005)))"
DE5,420,58.4,42.1,42.4,37.6,NA,34.3,29.9,37.2,32.3,49.4,71,63,74.7,78.2,75.4,74.8,80,69.1,55.6,56.6,NA,695758,595234,50.66388025721588,3.4415702011331524,44.703474483944134,1656.5666666666666,19.2038036213741,27.45379859088936,25.979147922122348,20.545362036800153,6.818319013220114,DE,3,Bremen,DE5,0.008623688121444525,0.3205137418470215,0.2314022979254281,0.3075782096648547,0.005749125414296351,0.020121938950037225,0.048867566021518975,0.14803997941813102,0.011498250828592701,0.045993003314370805,0.005749125414296351,0.010060969475018612,0.01724737624288905,0.0028745627071481753,0,0.004311844060722263,0.005749125414296351,0.0014372813535740876,0,0,0,0,"list(list(c(8.9596016, 8.9841855, 8.4853305, 8.6155583, 8.6548985, 8.711424, 8.915827, 8.9686825, 8.9596016, 53.1116985, 53.126071, 53.22712, 53.1632099, 53.1088645, 53.04463, 53.0110215, 53.0448506, 53.1116985)), list(c(8.6454649, 8.6366573, 8.5204105, 8.4973491, 8.554898, 8.492652, 8.6093325, 8.6454649, 53.5213314, 53.5981222, 53.606205, 53.5890499, 53.525131, 53.47242, 53.4901872, 53.5213314)))"
DE6,755,66.9,41.6,43,38.1,NA,44.8,40,49.3,25.6,47,75.5,69.1,79.2,81.7,80.6,84.1,82.1,73.9,61.9,64,10.4,1832675,1567242,51.189545336734554,0.646977778384056,18.863246347552074,2427.384105960265,18.920539648328262,29.502394041496718,27.619845308087903,17.75208370278418,6.172016314949459,DE,3,Hamburg,DE6,0.021826019343309643,0.27991869807794617,0.19697982457336954,0.2695513388898741,0.0070934562865756345,0.015278213540316752,0,0.14896258201808832,0.006547805802992893,0.1527821354031675,0.010913009671654822,0.0027282524179137054,0.012004310638820305,0.006002155319410152,0,0.006547805802992893,0.0027282524179137054,5.456504835827411e-4,5.456504835827411e-4,0.0032739029014964465,5.456504835827411e-4,0,"list(list(c(10.1522624, 10.07143, 9.945376, 9.8625959, 9.7628302, 9.730104, 9.7662566, 9.768861, 9.8625959, 9.984188, 10.0590934, 10.2044956, 10.307954, 10.2366785, 10.1660275, 10.189639, 10.1522624, 53.7117988, 53.6970235, 53.652928, 53.6074567, 53.6076132, 53.557581, 53.5468153, 53.505279, 53.439645, 53.4226925, 53.4553448, 53.3967475, 53.433201, 53.4963545, 53.5511113, 53.6102712, 53.7117988)), list(c(8.5019282, 8.4636981, 8.5023795, 8.5296492, 8.5019282, 53.9546606, 53.9004562, 53.8936117, 53.9195356, 
53.9546606)))"
DE7,21115,61.9,44.2,47.2,42.1,11,38.5,34.3,40.6,22.9,48.1,76.4,67.6,80.7,83.7,81.7,85,85.4,73.9,59.7,61.2,9.3,6236933,5353118,50.76132772309724,0.08262073682689873,1.927950805307673,295.3792564527587,18.92811739359714,24.733406627905094,27.9494584918581,21.629268744750025,6.73909756606332,DE,3,Hessen,DE7,0.018117879412846025,0.34584306100450335,0.6139235422282073,0.3259614942151856,0.012826817283430814,0.03158603756044838,0.015552515956159862,0.11624303163109176,0.004649721265243671,0.21789555860228096,0.00400838040107213,0.00801676080214426,0.03607542360964917,0.018759220277017565,3.206704320857703e-4,0.02324860632621835,0.004168715617115015,0.002405028240643278,1.6033521604288516e-4,0.0016033521604288518,1.6033521604288516e-4,1.6033521604288516e-4,"list(list(c(9.440457, 9.3517679, 9.2999957, 9.1554105, 9.0993274, 9.0689703, 8.9706535, 8.9031342, 8.9401889, 8.9312881, 8.6991461, 8.5832523, 8.5671004, 8.5902582, 8.7195974, 8.7527881, 8.6726645, 8.549085, 8.5153362, 8.5277812, 8.477892, 8.355496, 8.2592456, 8.1544546, 8.1569901, 8.1257765, 8.151592, 8.1173706, 8.0417074, 7.9993567, 7.9715595, 8.0545383, 8.1219135, 8.0378266, 8.0277305, 7.9123578, 7.8945525, 7.9180863, 7.773997, 7.7865866, 7.9081473, 8.1751355, 8.1900385, 8.2441289, 8.288245, 8.3430305, 
8.400055, 8.4571124, 8.448365, 8.4463775, 8.3633567, 8.414774, 8.4224395, 8.581375, 8.6120318, 8.6044889, 8.6549883, 8.7240046, 8.8995725, 8.899355, 8.8386305, 8.8190362, 8.8833848, 8.93188, 9.083276, 9.1223487, 9.103006, 9.0771726, 9.1407327, 9.119612, 9.0360805, 9.05008, 9.0160885, 9.0289745, 8.9781676, 8.99056, 9.0326629, 9.1572393, 9.2245146, 9.3594265, 9.4049845, 9.5085412, 9.5098089, 9.623151, 9.7327598, 9.7329145, 9.7744566, 9.8675316, 9.935655, 9.954927, 10.0413385, 10.0461128, 10.0775555, 
10.0169097, 9.9436804, 9.8999586, 9.9261765, 10.0170973, 9.9899139, 10.0215585, 10.1823485, 10.202181, 10.1558218, 10.1465557, 10.210013, 10.206942, 9.954927, 9.928339, 9.8981596, 9.7997474, 9.7243843, 9.7653566, 9.7323045, 9.568025, 9.557291, 9.6324315, 9.6073574, 9.6477555, 9.6285604, 9.629719, 9.6430313, 9.6723775, 9.685331, 9.6149302, 9.440457, 51.650394, 51.6123127, 51.5181068, 51.442675, 51.4521831, 51.4961016, 51.5067735, 51.4793178, 51.4267698, 51.3962757, 51.372325, 51.3021411, 51.2781501, 
51.2574983, 51.2643458, 51.188886, 51.102662, 51.101868, 51.0802372, 51.0160705, 50.9690475, 50.862001, 50.8710997, 50.8052758, 50.7303669, 50.685814, 50.599371, 50.5430076, 50.5498952, 50.5227866, 50.4062205, 50.3723074, 50.277225, 50.2605682, 50.222474, 50.2004105, 50.1800237, 50.1267186, 50.06654, 50.0473529, 49.9749104, 50.0342555, 50.035296, 50.0253526, 49.995134, 49.940506, 49.803675, 49.7561704, 49.7336615, 49.7307995, 49.6855211, 49.595052, 49.5833855, 49.5197805, 49.5490612, 49.6067886, 
49.6177498, 49.5304464, 49.5036555, 49.48455, 49.4706623, 49.4043766, 49.4154835, 49.470637, 49.5258277, 49.5184868, 49.577456, 49.620275, 49.7384078, 49.7882899, 49.846504, 49.866315, 49.9913405, 50.0293993, 50.0473529, 50.067119, 50.1114723, 50.1152432, 50.1456772, 50.129025, 50.0877345, 50.1063641, 50.2338126, 50.22904, 50.3043935, 50.3561495, 50.4212665, 50.4022204, 50.4196065, 50.4236873, 50.5164695, 50.6089717, 50.637624, 50.6683249, 50.6363431, 50.6499206, 50.76739, 50.8760317, 50.9232958, 
50.9929495, 50.9984875, 51.012009, 51.059626, 51.1361953, 51.144083, 51.190649, 51.3043156, 51.375299, 51.4132032, 51.4006562, 51.361691, 51.3209616, 51.295232, 51.3400015, 51.3513785, 51.4209699, 51.5129504, 51.552511, 51.5681974, 51.5821324, 51.5818908, 51.568404, 51.5820165, 51.6307458, 51.650394)))"
ITI,58085,77.5,47.4,45.2,45.6,12,35.5,25.6,34.5,19.6,20.2,65.9,57.3,70.9,72.8,73.9,82.1,80.1,61.7,49.1,52.5,6.2,11723222,10300981,51.48798683501856,0.03521216266313135,1.4380602875216386,201.8287337522596,16.82696958225307,20.463589276053973,30.92625900968181,23.664296385413497,8.080142131574409,IT,3,Centro (IT),ITI,0.025078429803683664,0.2913874700999435,0.6627870733830683,0.04060317206310688,0.010918500050583363,0.027893355597974685,0.022860609480908917,0.02030158603155344,0.01279511724677738,0.011345003958809276,0.00639755862338869,0.008018273474647158,0.004435640645549492,0.006994664094904967,0.002900226575936206,0.01245391412019665,0.004520941427194674,0.0017060156329036505,0,0,0,0,"list(list(c(10.0166936, 9.954927, 9.8254409, 9.6867255, 9.954927, 10.0590822, 10.0187695, 10.143476, 10.258118, 10.299847, 10.3042699, 10.3219389, 10.4581508, 10.4818299, 10.5078828, 10.5318072, 10.5327688, 10.5343956, 10.498008, 10.5320517, 10.7056725, 10.7665379, 10.7882319, 10.9679144, 11.1569757, 11.1689926, 11.1106236, 11.1228644, 11.1836931, 11.2957761, 11.4499385, 11.6358204, 11.733844, 11.8359303, 11.9239976, 12.0893909, 12.1744636, 12.2381066, 12.4467664, 12.6162282, 12.7733215, 12.9207879, 
13.0621886, 13.2844432, 13.5459787, 13.6220811, 13.7607955, 13.873131, 13.8737185, 13.8735799, 13.977928, 14.0221782, 13.9938949, 13.9410385, 13.7125499, 13.5560441, 13.4106432, 13.3596407, 13.2962995, 13.0613702, 13.0305745, 13.1021789, 13.2483872, 13.3200794, 13.3037868, 13.1817447, 13.1465275, 13.1668719, 13.1960552, 13.3940315, 13.401297, 13.3577745, 13.4875535, 13.5370948, 13.6605709, 13.9157315, 13.849453, 13.8097564, 13.7429705, 13.6420965, 13.6176227, 13.5949015, 13.5273326, 13.3942095, 13.172615, 
12.8078632, 12.7506848, 12.7194027, 12.6573533, 12.493956, 12.4177, 12.3553547, 12.2837975, 12.2238969, 12.2359312, 12.1905192, 12.1633161, 12.107464, 11.9829095, 11.710189, 11.6553856, 11.740743, 11.7159065, 11.6433571, 11.5985603, 11.5249595, 11.4195848, 11.2322292, 11.240023, 11.2024395, 11.049449, 10.9791237, 10.9135695, 10.814787, 10.6826755, 10.624078, 10.540607, 10.470149, 10.3289768, 10.253875, 10.1420545, 10.0166936, 44.3902102, 44.4680289, 44.4627261, 44.365922, 44.1654773, 44.0974049, 
44.044536, 43.9754205, 43.815147, 43.581929, 43.563972, 43.492236, 43.3258462, 43.3014629, 43.2746352, 43.1957039, 43.1514666, 43.076624, 42.9489397, 42.9286208, 42.9418645, 42.8876036, 42.7895632, 42.7150616, 42.550214, 42.4695039, 42.4344124, 42.391332, 42.3770575, 42.407637, 42.3776705, 42.290472, 42.158059, 42.0385646, 42.0310338, 41.9379874, 41.8758354, 41.7416528, 41.6308057, 41.4573367, 41.416264, 41.3784883, 41.2291696, 41.2945283, 41.2175716, 41.2554546, 41.223168, 41.2944579, 41.338294, 
41.4165763, 41.462454, 41.5461008, 41.6400885, 41.687944, 41.7918125, 41.7663284, 41.8185696, 41.9107908, 41.9485885, 42.0198551, 42.115353, 42.1563621, 42.1449096, 42.1842815, 42.2344237, 42.3561404, 42.4695039, 42.5378804, 42.5791724, 42.591234, 42.6348044, 42.69407, 42.7408928, 42.8067188, 42.8107731, 42.894577, 43.0666595, 43.1514666, 43.294147, 43.4741425, 43.5459591, 43.563972, 43.6175393, 43.6329518, 43.750346, 43.9610446, 43.9696689, 43.8709561, 43.8260324, 43.9155465, 43.89903, 43.8666322, 
43.764899, 43.7656709, 43.798728, 43.8064231, 43.7607223, 43.7537535, 43.7657431, 43.8774305, 43.99213, 44.0999528, 44.1225405, 44.1074058, 44.1578604, 44.15764, 44.2273831, 44.1501355, 44.1064641, 44.100721, 44.09023, 44.1144965, 44.0729761, 44.1161745, 44.1579555, 44.1203515, 44.1502479, 44.226041, 44.2788761, 44.268567, 44.353853, 44.3902102), c(12.4427496, 12.471288, 12.4857358, 12.4219849, 12.4075972, 12.4427496, 41.9218174, 41.9290981, 41.8909563, 41.886232, 41.893873, 41.9218174)), list(c(10.4421407, 
10.4124327, 10.3564392, 10.3324884, 10.2704498, 10.2433317, 10.1858013, 10.1234079, 10.1039448, 10.1370955, 10.2357256, 10.239414, 10.2862396, 10.2928305, 10.3571, 10.3800615, 10.4342505, 10.406495, 10.4337153, 10.4283686, 10.4421407, 42.8465498, 42.8717085, 42.7992549, 42.8171026, 42.8251423, 42.7879382, 42.8113234, 42.80279, 42.7841401, 42.7333433, 42.7272293, 42.7481563, 42.7368094, 42.7541977, 42.7586894, 42.7167276, 42.7202899, 42.762956, 42.7781929, 42.8160427, 42.8465498)), list(c(10.9053753, 
10.8801125, 10.8747415, 10.9213225, 10.9334846, 10.9053753, 42.3836559, 42.3907147, 42.3602863, 42.3153763, 42.334736, 42.3836559)), list(c(9.826622, 9.7889667, 9.8096513, 9.8506406, 9.826622, 43.0755707, 43.0223368, 43.0005433, 43.0453094, 43.0755707)), list(c(9.8793032, 9.8657601, 9.9056981, 9.9298234, 9.8793032, 43.4513758, 43.417829, 43.4009123, 43.4482133, 43.4513758)), list(c(10.3353045, 10.2938975, 10.2794939, 10.2919132, 10.3409645, 10.3353045, 42.347095, 42.35755, 42.3337397, 42.3086082, 
42.3214667, 42.347095)), list(c(10.0857273, 10.0489406, 10.0937759, 10.1164773, 10.0857273, 42.612821, 42.5773989, 42.5541273, 42.5862043, 42.612821)))"
ITC,57928,74.4,48.7,45.5,47.9,13,33.4,22.8,31.5,13.5,24.2,68.6,59.3,73.8,79.3,76.5,84.5,83.7,61.1,50.8,54.1,5.2,15858626,13901897,51.068200990426284,0.036320927172379246,1.014760042894006,273.7644317083276,17.071787934213216,20.810125669146874,30.47078605674918,23.455026936129272,8.158260368836492,IT,3,Nord-Ovest,ITC,0.011098061080449214,0.268560466713825,1.1582970681066571,0.095531605323185,0.021754722004289653,0.027114581048824787,0.008828003132175511,0.04357250117380913,0.013809519185331692,0.03777124197266522,0.003342029757180729,0.0067471166795912835,0.005675144870684257,0.008764945966945686,8.197431479877261e-4,0.01242226155027554,0.005990430696833383,0.0029006296005719533,1.8917149568947525e-4,0,6.305716522982508e-5,6.305716522982508e-5,"list(list(c(10.5682434, 10.5157515, 10.6179778, 10.6221455, 10.452801, 10.3060253, 10.2317009, 10.1063778, 10.0557224, 10.0458301, 10.1560592, 10.1143771, 10.1666049, 10.141732, 10.0546825, 9.954927, 9.617288, 9.5383171, 9.4677414, 9.4560012, 9.4117431, 9.3022834, 9.2592915, 9.2920692, 9.2485315, 9.1593775, 9.0167195, 9.0090667, 9.0754657, 9.0402304, 8.912147, 8.9346737, 8.8874851, 8.7951379, 8.8390132, 8.7453964, 8.713936, 8.6183703, 8.4650661, 8.4366064, 8.4620426, 8.384717, 8.3065792, 8.2745421, 
8.0979531, 8.1551542, 8.1467368, 8.0374227, 7.9957859, 7.9043775, 7.8771375, 7.8640765, 7.562174, 7.3966561, 7.2952417, 7.1868943, 7.1109895, 7.044886, 6.9703879, 6.8276153, 6.8023685, 6.8406512, 6.9883607, 7.0084844, 7.104723, 7.1752269, 7.1201383, 7.1141112, 6.9777144, 6.8700195, 6.7703025, 6.630051, 6.6786591, 6.7388966, 6.7611165, 6.8662927, 7.0019279, 7.0283336, 7.065755, 7.0642441, 6.99338, 6.9492504, 6.9348319, 6.8625575, 6.923505, 6.887428, 7.0249726, 7.3727491, 7.6648717, 7.7142365, 7.5084002, 
7.529827, 7.6689262, 7.9557536, 8.135351, 8.26638, 8.4001341, 8.473341, 8.63301, 8.759226, 9.0603428, 9.18624, 9.278983, 9.511344, 9.820037, 9.842999, 9.8280624, 9.8532965, 9.954927, 10.0187695, 10.0590822, 9.954927, 9.6867255, 9.6034565, 9.4790595, 9.451202, 9.4976389, 9.493363, 9.2029955, 9.2039814, 9.200074, 9.2808777, 9.320351, 9.2971819, 9.3540067, 9.2884802, 9.3800954, 9.4445402, 9.5383176, 9.5486845, 9.7102387, 9.7561996, 9.8217141, 9.879753, 9.8911015, 9.954927, 9.9988083, 10.0424402, 10.083503, 
10.1991159, 10.4640305, 10.504344, 10.5889121, 10.7289779, 10.8879095, 11.0069584, 11.2462315, 11.4267655, 11.1897192, 11.2055025, 11.05514, 10.9272658, 10.792892, 10.7345899, 10.7049622, 10.7050831, 10.6546555, 10.6356013, 10.8401765, 10.6940749, 10.5452545, 10.5001975, 10.4715128, 10.5471244, 10.5766529, 10.5682434, 46.3133869, 46.3432245, 46.3934865, 46.448102, 46.530683, 46.5515166, 46.6282519, 46.6016192, 46.5288571, 46.4600242, 46.4086878, 46.3466172, 46.2672165, 46.2347481, 46.236159, 46.3785516, 
46.2921089, 46.3150316, 46.3801507, 46.4955842, 46.4764386, 46.4968153, 46.4464255, 46.3299838, 46.233768, 46.169601, 46.0366348, 45.9524264, 45.8960015, 45.840713, 45.830445, 45.8719909, 45.9536286, 45.9976469, 46.072378, 46.1121873, 46.097272, 46.1241762, 46.2431396, 46.2959082, 46.4351196, 46.4521585, 46.4164234, 46.3559761, 46.2700122, 46.1950485, 46.1478791, 46.0934186, 46.0062063, 45.9857225, 45.926955, 45.9167505, 45.9783738, 45.904299, 45.9149385, 45.8671553, 45.8699084, 45.922413, 45.8623645, 
45.8287471, 45.778562, 45.697877, 45.6386283, 45.5086606, 45.4684545, 45.3972177, 45.3266555, 45.240827, 45.2076261, 45.1343334, 45.1525289, 45.1098565, 45.0271409, 45.0053551, 44.9047995, 44.8526246, 44.8381963, 44.7447598, 44.7134645, 44.6859744, 44.685782, 44.6553972, 44.5858674, 44.5286985, 44.4381581, 44.361287, 44.2327775, 44.1219288, 44.1738816, 44.0615135, 43.8691407, 43.784008, 43.7815045, 43.8512927, 43.9389405, 44.131452, 44.1867976, 44.3022041, 44.3798035, 44.4231827, 44.3788676, 44.3105221, 
44.3308501, 44.2166755, 44.0570221, 44.0556465, 44.0931084, 44.102526, 44.0436868, 44.044536, 44.0974049, 44.1654773, 44.365922, 44.4312687, 44.4092405, 44.4290011, 44.500196, 44.555859, 44.6134765, 44.6553972, 44.6860995, 44.6899525, 44.7259956, 44.7664393, 44.8362732, 44.9030103, 45.0526253, 45.0894924, 45.0892876, 45.1326485, 45.0646317, 45.1021731, 45.0720143, 45.0839065, 45.130898, 45.11888, 45.1197042, 45.0554496, 45.0439585, 45.0324622, 44.9371715, 44.922418, 44.9154692, 44.9769068, 44.914266, 
44.9516861, 44.951428, 44.950076, 45.0597917, 45.1094875, 45.1099518, 45.2321817, 45.3057199, 45.3022795, 45.3375426, 45.4119086, 45.415827, 45.6080588, 45.8327585, 45.8373789, 45.7922, 45.8547405, 46.0208959, 46.1215578, 46.2441618, 46.3133869)))"
ITF,73800,71.9,51,40.5,49.4,10.9,26,18.4,24.4,38.8,14,48.5,42.3,52.5,51.8,55.3,61.1,59.7,48.9,37.1,40.3,4.6,13464669,11726652,51.13866519852809,0.03161607611742999,0.8773553958140374,182.4480894308943,18.121418357926213,22.600696682554915,29.61091728285337,23.081711106303466,6.554412886050151,IT,3,Sud,ITF,0.01760162095332607,0.20067333255648542,0.7548644530363131,0.024062975480496403,0.007649649612626943,0.02799920295107143,9.654897569334977e-4,0.010843192654791587,0.013665393482751044,0.004084764356257105,0.006535622970011368,0.007278307398421751,0.003564885256369837,0.0077239180554679815,9.654897569334977e-4,0.005198790998872679,0.003267811485005684,2.970737713641531e-4,0,7.426844284103827e-5,1.4853688568207654e-4,0,"list(list(c(14.5265653, 14.3840699, 14.3219047, 14.2539605, 14.2231345, 14.1469065, 14.006005, 13.9157315, 13.6605709, 13.5370948, 13.4875535, 13.3577745, 13.401297, 13.3940315, 13.1960552, 13.1668719, 13.1465275, 13.1817447, 13.3037868, 13.3200794, 13.2483872, 13.1021789, 13.0305745, 13.0613702, 13.2962995, 13.3596407, 13.4106432, 13.5560441, 13.7125499, 13.9410385, 13.9938949, 14.0221782, 13.977928, 13.8735799, 13.8737185, 13.873131, 13.7607955, 14.0321305, 14.0577227, 14.1004979, 14.1852419, 14.2844747, 
14.4556546, 14.4667976, 14.3478589, 14.3321891, 14.46862, 14.5499307, 14.7777015, 14.8759753, 14.9846852, 14.9356851, 14.9456125, 15.1420249, 15.3652063, 15.5855137, 15.6449455, 15.7559585, 15.8163934, 15.8748302, 15.9992246, 16.0591033, 16.0624725, 16.065389, 16.0684991, 16.0835367, 16.093153, 16.2108272, 16.2137535, 16.133337, 15.9997911, 15.8520922, 15.8384796, 15.9165824, 15.918956, 15.8054653, 15.6380708, 15.6459353, 15.7541539, 16.0705468, 16.1348154, 16.1828505, 16.3326919, 16.4967673, 16.5820845, 
16.5552465, 16.6300394, 16.890732, 17.0969235, 17.1534195, 17.1760665, 17.1148599, 17.1370607, 17.1097089, 17.1470773, 17.0250645, 16.8819449, 16.7707346, 16.6230152, 16.5295662, 16.4960503, 16.6188477, 16.6035873, 16.644317, 16.867264, 17.0026157, 17.1121075, 17.2314639, 17.2429945, 17.3842883, 17.5190855, 17.7635045, 17.856798, 17.9097801, 17.9989579, 18.007063, 18.0570001, 18.1900607, 18.3735089, 18.4122305, 18.5120609, 18.4111916, 18.24011, 18.097453, 18.0128606, 17.49985, 17.388981, 17.0801977, 
16.5423025, 16.0247385, 15.9320039, 15.8990187, 15.9239432, 16.1858125, 16.1715342, 16.089846, 16.0591311, 16.0120789, 15.9545497, 15.7005351, 15.5997306, 15.4113151, 15.1381785, 15.0922897, 14.9953632, 14.8759753, 14.779647, 14.7269242, 14.7017457, 14.5265653, 42.2446271, 42.3746366, 42.4081594, 42.4447985, 42.4695039, 42.5305965, 42.6991168, 42.894577, 42.8107731, 42.8067188, 42.7408928, 42.69407, 42.6348044, 42.591234, 42.5791724, 42.5378804, 42.4695039, 42.3561404, 42.2344237, 42.1842815, 42.1449096, 
42.1563621, 42.115353, 42.0198551, 41.9485885, 41.9107908, 41.8185696, 41.7663284, 41.7918125, 41.687944, 41.6400885, 41.5461008, 41.462454, 41.4165763, 41.338294, 41.2944579, 41.223168, 40.898839, 40.7936221, 40.8246486, 40.8040206, 40.8335421, 40.7396948, 40.7010285, 40.6235668, 40.578753, 40.6202015, 40.612628, 40.6645706, 40.5852018, 40.4008309, 40.271032, 40.2289981, 40.1545037, 40.0067119, 40.0675372, 40.0427905, 39.923496, 39.6891802, 39.5616762, 39.4296292, 39.2187042, 39.183945, 39.1523405, 
39.1290978, 39.0910833, 39.048743, 38.9196757, 38.81044, 38.7210361, 38.722678, 38.6545391, 38.6181834, 38.5541375, 38.5067615, 38.2938284, 38.2165872, 38.0044531, 37.9224826, 37.9338097, 38.0178975, 38.1485641, 38.2942656, 38.3608476, 38.4697905, 38.7413533, 38.8241599, 38.9271285, 38.9033012, 38.9432923, 39.0270552, 39.1156402, 39.2187042, 39.2769225, 39.3932584, 39.4835785, 39.5321283, 39.6165231, 39.6239643, 39.6682097, 39.8041663, 39.9530383, 40.0573709, 40.119096, 40.3978455, 40.495104, 40.5176167, 
40.4691631, 40.4001266, 40.338765, 40.2975521, 40.295507, 40.2799573, 40.2345824, 40.1173707, 39.9872817, 39.9245055, 39.845286, 39.804513, 39.9771738, 40.1302219, 40.3021382, 40.4426224, 40.515378, 40.6380504, 40.8219264, 40.8918635, 41.0670472, 41.229441, 41.4255905, 41.4889209, 41.587578, 41.6291976, 41.7825524, 41.8872833, 41.9379874, 41.9469597, 41.9491072, 41.9379874, 41.9155918, 41.923654, 41.9029732, 41.9270075, 41.9379874, 42.0026958, 42.0399571, 42.0700215, 42.1058612, 42.1739684, 42.2446271
)), list(c(13.9541069, 13.8617238, 13.8507321, 13.9229975, 13.9662994, 13.9541069, 40.7424854, 40.7583035, 40.7107255, 40.696632, 40.7125085, 40.7424854)), list(c(15.5212814, 15.5032832, 15.4853691, 15.4508876, 15.4673076, 15.5492262, 15.5212814, 42.1666274, 42.1299694, 42.1327802, 42.1043806, 42.0857299, 42.1346384, 42.1666274)), list(c(14.2403014, 14.1862267, 14.1828199, 14.18534, 14.251172, 14.2403014, 40.5667786, 40.5682775, 40.5474861, 40.5272628, 40.543766, 40.5667786)))"
NO09,33900,69.8,31.3,39,27.3,22.1,48,41.6,49.6,18.9,58.2,75.1,66.4,77.6,78.8,79,84.3,80.3,72.8,61.2,61.8,12,745152,621525,49.877608863694924,0.21512389418534744,24.578475264107187,21.980884955752213,22.67765502877265,24.24780447479172,26.671873657991927,21.556675684960922,4.822371811388817,NO,4,Agder og Sør-Østlandet,NO09,0.009394056514643992,0.3126878811302929,0.47238684187924074,0.2630335824100318,0.006710040367602851,0.028182169543931976,0.004026024220561711,0.02549815339689084,0.0026840161470411406,0.03220819376449369,0.0026840161470411406,0.0013420080735205703,0.006710040367602851,0,0,0.04294425835265825,0.0013420080735205703,0.0013420080735205703,0,0,0,0.0013420080735205703,"list(list(c(8.1362396, 7.8240567, 7.6473402, 7.4880405, 7.4208183, 7.2308152, 7.1653773, 7.0962875, 7.1208424, 7.2146665, 7.1001313, 7.0861508, 7.0438777, 6.995908, 6.9765876, 7.0073704, 6.9121621, 6.8288665, 6.8466656, 6.9391725, 6.8721077, 6.5836083, 6.537367, 6.591686, 6.507145, 6.588972, 6.6150488, 6.5590214, 6.438414, 6.5618527, 6.6774766, 6.6122253, 6.6337708, 6.9353696, 7.0757682, 7.1814318, 7.5479581, 7.7667574, 8.0120094, 8.0295329, 8.1195252, 8.185152, 8.2642102, 8.3967798, 8.5210426, 8.7405569, 
8.902778, 9.2032794, 9.1778607, 9.365971, 9.5098516, 9.605575, 9.839197, 9.8724131, 9.9944946, 10.0347637, 10.047851, 10.1976575, 10.3200878, 10.4215442, 10.4747014, 10.42855, 10.4739025, 10.4703924, 10.5081073, 10.4799779, 10.3770411, 10.3008972, 10.3682603, 10.297479, 10.0033275, 9.9500076, 10.0217427, 9.793223, 9.7780875, 9.6583302, 9.5502395, 9.481106, 9.5017885, 9.4141953, 9.3677648, 9.3411991, 9.354251, 9.1924073, 9.1851792, 9.1767575, 9.0091208, 8.9380257, 8.7429596, 8.1362396, 60.1846588, 
60.1077559, 60.1249918, 60.0988385, 60.016807, 59.9589527, 59.8732562, 59.782777, 59.7027284, 59.672687, 59.6500064, 59.6198875, 59.5889359, 59.5872178, 59.5486819, 59.4735775, 59.4289004, 59.2990804, 59.1926774, 59.1819155, 59.0986155, 58.9116767, 58.7788844, 58.7033114, 58.6482578, 58.5790884, 58.4288619, 58.3356082, 58.2907267, 58.2186142, 58.2062628, 58.1340524, 58.085451, 58.0580735, 58.0043032, 58.0298708, 57.9800156, 58.0580952, 58.0649657, 58.1216998, 58.105627, 58.1429415, 58.137113, 58.2363608, 
58.2630812, 58.4073382, 58.4704588, 58.6826548, 58.7386672, 58.771349, 58.8476618, 58.936401, 59.044179, 58.9696915, 58.9775999, 58.9921502, 59.0344792, 59.0283926, 59.1443103, 59.0646757, 59.1164978, 59.1396367, 59.1733464, 59.227215, 59.2645319, 59.4276165, 59.455096, 59.5174166, 59.5362613, 59.6886583, 59.6534005, 59.5788069, 59.4791808, 59.4562706, 59.412002, 59.4125258, 59.4811977, 59.4878571, 59.5392776, 59.6500064, 59.6825973, 59.7012445, 59.7808388, 59.8315937, 59.8732562, 59.9217987, 59.9873588, 
60.101741, 60.1760371, 60.1846588)), list(c(10.5577336, 10.5071608, 10.5361746, 10.5756887, 10.5577336, 59.2119924, 59.1900276, 59.1553304, 59.1829807, 59.2119924)))"
NO0A,57604,66.9,31.5,36.5,31.8,27.5,55.4,48.8,54.6,12.9,59.8,78.6,71,81.8,86.1,83.2,86.4,83.7,75.7,64.5,65.3,12.7,1406920,1157847,49.31047962926108,0.07242771444005344,9.455263980894436,24.423998333449067,23.895601739971,26.38636169789327,26.017186478264577,19.222343843288886,4.450501805362068,NO,4,Vestlandet,NO0A,0.00852926961021238,0.3106075683052341,0.3987433542774287,0.27293662752679615,0.0056861797401415864,0.01208313194780087,0.010661587012765473,0.018480084155460152,7.107724675176983e-4,0.022033946493048646,0.0014215449350353966,0.004975407272623888,0.003553862337588491,7.107724675176983e-4,0.0028430898700707932,0.03198476103829642,0,0,0,0,0,0,"list(list(c(8.8175071, 8.832189, 8.851695, 8.8288397, 8.8776382, 8.7551115, 8.5257931, 8.3984749, 8.0074288, 8.1742365, 8.2678116, 8.424239, 8.4374756, 8.3508262, 8.0975232, 7.9869569, 7.9966864, 8.2151684, 8.2014492, 8.010549, 7.7673, 7.7621499, 7.8123184, 7.8009378, 7.5602723, 7.1917512, 7.0021177, 7.064437, 7.3256456, 7.520634, 7.4862193, 7.0272484, 6.6980368, 6.3427073, 6.2091315, 6.2981364, 6.7679419, 6.9276298, 7.0305322, 7.0337977, 6.9777901, 6.8503631, 6.6623656, 6.496082, 6.4404022, 6.2578143, 
6.0818581, 5.9518813, 5.8444232, 6.0072523, 5.9865266, 5.9202949, 5.6098062, 5.4963869, 5.491458, 5.283821, 5.1885871, 5.170078, 5.2613953, 5.2746318, 5.0585386, 4.9112627, 4.9192999, 5.0801898, 5.0218385, 5.0231125, 5.16813, 5.2223876, 4.967798, 5.0138978, 5.0287264, 5.1111218, 5.4112415, 5.9114677, 6.4298466, 6.5120595, 6.5917958, 7.0553181, 7.009886, 6.8395166, 6.7164254, 6.4070753, 5.913642, 5.4613004, 5.1151889, 4.8253463, 4.8887334, 5.140299, 5.2439032, 5.2630272, 4.9974508, 4.8927096, 5.0846531, 
4.9949415, 5.0102271, 5.1004129, 5.2030218, 5.4076538, 5.5937505, 5.6868908, 5.6233076, 5.4070761, 5.1760653, 5.2179699, 5.366002, 5.4723133, 5.5322941, 5.6046704, 5.7022004, 5.8709993, 5.9770214, 6.0356833, 6.1897229, 6.2984601, 6.0314204, 5.7492991, 5.7654343, 5.9073127, 5.8239725, 5.5958313, 5.5626763, 5.547249, 5.4572335, 5.5258911, 5.5142682, 5.2584921, 5.3028755, 5.216367, 5.2031804, 5.2418731, 5.3558542, 5.3981538, 5.4457619, 5.5793277, 5.6774823, 5.8147916, 5.8646225, 5.9408467, 6.0736283, 
5.9858584, 5.9442083, 6.0019442, 5.9428674, 6.0026803, 5.790801, 5.7205029, 5.6248557, 5.548792, 5.6655676, 5.8821092, 6.296961, 6.438414, 6.5590214, 6.6150488, 6.588972, 6.507145, 6.591686, 6.537367, 6.5836083, 6.8721077, 6.9391725, 6.8466656, 6.8288665, 6.9121621, 7.0073704, 6.9765876, 6.995908, 7.0438777, 7.0861508, 7.1001313, 7.2146665, 7.1208424, 7.0962875, 7.1653773, 7.2308152, 7.4208183, 7.4880405, 7.6681213, 7.7240153, 7.6412021, 7.619192, 7.46964, 7.6035489, 7.6990288, 7.7223311, 7.8269273, 
8.0321276, 8.148691, 8.2186044, 8.2687333, 8.251701, 8.1986211, 8.1773663, 8.0869168, 8.0548852, 8.2346835, 8.1644619, 8.1559779, 8.3062061, 8.2752892, 8.2130593, 8.1035505, 7.9592135, 7.9034626, 7.9000265, 7.8561104, 7.5232281, 7.4196403, 7.3894346, 7.349109, 7.4234699, 7.5895599, 7.6148823, 7.7369978, 7.9814672, 8.151634, 8.2618905, 9.062062, 9.1639845, 9.2108259, 8.9886483, 9.3677648, 9.4376629, 9.440258, 9.4863551, 9.449674, 9.4609852, 9.3677648, 9.3340708, 9.1651749, 9.1421854, 8.8864204, 8.7645885, 
8.8175071, 63.1982831, 63.20198, 63.2302986, 63.2669075, 63.3505473, 63.424341, 63.355865, 63.2797379, 63.1817704, 63.1306775, 63.039527, 62.9551663, 62.8879083, 62.9107061, 63.0678851, 63.0468302, 63.004837, 62.8397749, 62.82077, 62.9399343, 62.9795713, 63.0106919, 63.0708011, 63.0980293, 63.0785164, 62.9737628, 62.8757276, 62.7543366, 62.7469079, 62.6973868, 62.577658, 62.6325343, 62.6292326, 62.580464, 62.455287, 62.4192032, 62.4590816, 62.3936686, 62.3127149, 62.2710175, 62.2840306, 62.3991178, 
62.4218329, 62.3761138, 62.2973006, 62.3317931, 62.275834, 62.1349431, 62.2025137, 62.3368945, 62.3879826, 62.4015994, 62.2977644, 62.1403391, 62.0147875, 62.1562973, 62.1742281, 62.1279401, 62.0715727, 62.0227368, 61.9918992, 61.8480539, 61.7862444, 61.7846435, 61.7072728, 61.6461085, 61.5796284, 61.5136013, 61.363278, 61.3172164, 61.2431949, 61.1863187, 61.0886358, 61.1710524, 61.1256333, 61.1560616, 61.2465432, 61.0858719, 61.0498976, 61.1318393, 61.1532654, 61.0666529, 61.1190572, 61.0378739, 
61.0529211, 60.9474195, 60.8790604, 60.8402525, 60.7940238, 60.7593422, 60.8045275, 60.7728197, 60.4473039, 60.3591313, 60.2464973, 60.2236635, 60.2791331, 60.1770119, 60.2431005, 60.1266044, 60.0690523, 60.0310177, 59.8588988, 59.6623059, 59.7700561, 59.801386, 59.8766525, 59.8872185, 59.9636945, 60.039407, 60.1264336, 60.2271554, 60.330058, 60.34817, 60.0253734, 59.849989, 59.7777874, 59.7542427, 59.645923, 59.6720644, 59.6438289, 59.5495917, 59.4980065, 59.5719427, 59.7106484, 59.5487896, 59.481168, 
59.3552161, 59.2373607, 59.180898, 59.2770461, 59.2688303, 59.2105765, 59.2909328, 59.2831644, 59.3528213, 59.4782271, 59.4610155, 59.2896314, 59.2638794, 59.2204049, 59.1515529, 59.0649176, 58.9425581, 58.9430162, 58.9964372, 58.9976855, 58.7137086, 58.572335, 58.4453247, 58.3081574, 58.2907267, 58.3356082, 58.4288619, 58.5790884, 58.6482578, 58.7033114, 58.7788844, 58.9116767, 59.0986155, 59.1819155, 59.1926774, 59.2990804, 59.4289004, 59.4735775, 59.5486819, 59.5872178, 59.5889359, 59.6198875, 
59.6500064, 59.672687, 59.7027284, 59.782777, 59.8732562, 59.9589527, 60.016807, 60.0988385, 60.295317, 60.5094629, 60.5639498, 60.6346837, 60.6755475, 60.7372989, 60.7434406, 60.8106795, 60.9050078, 60.8960716, 60.9736649, 60.9766872, 61.0308423, 61.073944, 61.0954005, 61.1074977, 61.158977, 61.2222795, 61.3278279, 61.3755564, 61.4158349, 61.450609, 61.5154773, 61.542775, 61.5269344, 61.5577333, 61.6418135, 61.7173058, 61.7381255, 61.7337305, 61.8560354, 61.9854344, 62.007682, 62.0885708, 62.0714492, 
62.127924, 62.1819797, 62.1811193, 62.3011622, 62.3446517, 62.3726085, 62.4325604, 62.550143, 62.7115255, 62.8188393, 62.8372727, 62.9436263, 63.0024299, 63.0758782, 63.1644433, 63.1927561, 63.2029896, 63.1743115, 63.1340542, 63.1197227, 63.1845834, 63.1982831)), list(c(8.0900839, 7.9783624, 7.9509347, 7.7835535, 7.7902799, 7.8210608, 7.8148146, 7.938909, 7.9919039, 8.0900839, 8.0900839, 8.1563501, 8.1636925, 8.1851862, 8.2049371, 8.241642, 8.238507, 8.2080071, 8.1955941, 8.0900839, 63.4657875, 63.4850994, 
63.4457638, 63.4050726, 63.3668433, 63.3442718, 63.3188753, 63.3436358, 63.2853869, 63.2945188, 63.3181899, 63.300299, 63.3436358, 63.3449367, 63.301613, 63.3223364, 63.3521356, 63.3521356, 63.3990934, 63.4657875)), list(c(4.8418244, 4.8251671, 4.8311452, 4.7675523, 4.7721677, 4.9005562, 5.0329496, 5.0774374, 5.054906, 5.0116801, 4.8903239, 4.8418244, 61.1616955, 61.1439052, 61.1074977, 61.0945001, 61.0508895, 61.0509968, 61.1074977, 61.1236093, 61.1921775, 61.1783407, 61.2092141, 61.1616955)), list(
    c(6.9054962, 6.744069, 6.7085933, 6.6787898, 6.69315, 6.6557171, 6.6789296, 6.92957, 6.9397243, 6.9054962, 62.7476276, 62.7276002, 62.740339, 62.7309709, 62.6994121, 62.6761795, 62.660961, 62.7051267, 62.7325401, 62.7476276)), list(c(5.5641559, 5.6042014, 5.6380806, 5.6704452, 5.6984345, 5.6874573, 5.7762299, 5.7454379, 5.6995073, 5.6042014, 5.5641559, 59.1084163, 59.0962484, 59.0384284, 59.0291329, 59.0547448, 59.088188, 59.0822188, 59.125677, 59.1167281, 59.1433986, 59.1084163)), list(c(5.2919092, 
5.2207645, 5.2017914, 5.2207645, 5.2004292, 5.2084517, 5.1210911, 5.1420107, 5.2027269, 5.2200981, 5.2582569, 5.2752781, 5.2919092, 60.0813805, 60.1231356, 60.1019533, 60.064755, 60.0467778, 60.0143271, 59.9930497, 59.9717026, 59.981601, 60.0091727, 59.9999728, 60.0143271, 60.0813805)), list(c(6.9287, 6.8168654, 6.7920834, 6.8911487, 6.9588621, 6.9287, 62.8523813, 62.8477544, 62.8015475, 62.7770205, 62.826647, 62.8523813)), list(c(4.8366142, 4.7978952, 4.7817385, 4.8924886, 4.9072891, 4.8366142, 
60.6303271, 60.6610141, 60.6005473, 60.4897608, 60.5237159, 60.6303271)), list(c(4.6986194, 4.6846571, 4.6503838, 4.6922386, 4.7357012, 4.6986194, 61.0954005, 61.0954005, 61.0474017, 60.9873122, 61.0176461, 61.0954005)), list(c(6.1191971, 6.0554594, 6.1140552, 6.0963427, 6.1557265, 6.1191971, 62.5992575, 62.5597358, 62.5368603, 62.4959023, 62.5039635, 62.5992575)), list(c(5.8789396, 5.8114333, 5.8081449, 5.7680999, 5.7940077, 5.8719224, 5.8789396, 59.1870486, 59.2049709, 59.172323, 59.1549323, 59.137135, 
59.1504824, 59.1870486)), list(c(5.0921068, 5.059471, 5.0845566, 5.1326354, 5.1701216, 5.1932088, 5.1425225, 5.0921068, 60.1473161, 60.1324988, 60.1071608, 60.1183621, 60.0722972, 60.1024275, 60.1421447, 60.1473161)), list(c(4.9388957, 4.9206431, 4.8496341, 4.8597046, 4.9233762, 4.9415863, 4.9696268, 4.9388957, 60.5051583, 60.4691286, 60.4488158, 60.4276297, 60.4421997, 60.4306028, 60.4910091, 60.5051583)), list(c(4.7952952, 4.7675776, 4.693166, 4.701247, 4.7413681, 4.7952952, 61.3266551, 61.3527601, 
61.3126669, 61.2875715, 61.2876033, 61.3266551)), list(c(5.8638599, 5.8417274, 5.7881529, 5.7702615, 5.807984, 5.8666089, 5.8976308, 5.8638599, 59.2900918, 59.2611764, 59.2702705, 59.2499578, 59.2322939, 59.2394854, 59.2696742, 59.2900918)), list(c(7.3306524, 7.2675018, 7.2153273, 7.2369794, 7.3290711, 7.3306524, 62.6697093, 62.6819055, 62.664055, 62.6499262, 62.6515218, 62.6697093)), list(c(6.4485088, 6.4188533, 6.4525642, 6.4923426, 6.4485088, 62.7895616, 62.7415462, 62.7213936, 62.7521607, 62.7895616
)), list(c(5.0596125, 5.0316613, 5.0891345, 5.0835126, 5.0596125, 60.0646235, 60.0136053, 59.9918924, 60.0476491, 60.0646235)), list(c(6.208119, 6.2019033, 6.1572403, 6.2496539, 6.262898, 6.208119, 62.6742297, 62.6945028, 62.6677527, 62.6316987, 62.6442542, 62.6742297)), list(c(5.372358, 5.395507, 5.4478198, 5.4361967, 5.372358, 62.2603118, 62.2389195, 62.2357467, 62.2791426, 62.2603118)), list(c(4.790567, 4.7664585, 4.7849232, 4.8367483, 4.790567, 61.6787447, 61.64352, 61.6223943, 61.6304089, 61.6787447
)), list(c(5.9269555, 5.8689872, 5.8890233, 5.951383, 5.9269555, 59.1602672, 59.123325, 59.1023187, 59.1428299, 59.1602672)), list(c(4.7486876, 4.7080491, 4.7434767, 4.7755892, 4.7486876, 60.718561, 60.6888959, 60.6601641, 60.6714852, 60.718561)), list(c(5.9938913, 5.9511781, 5.9406415, 6.0016118, 5.9938913, 62.4950512, 62.5007391, 62.4535093, 62.464312, 62.4950512)), list(c(4.7539074, 4.6941381, 4.6984285, 4.7581567, 4.7539074, 60.7771703, 60.7909517, 60.7436708, 60.7568801, 60.7771703)), list(c(5.0488468, 
5.0475855, 5.1172063, 5.1149144, 5.0488468, 61.5005733, 61.4766862, 61.4741677, 61.5097027, 61.5005733)), list(c(4.7784055, 4.7094511, 4.7372005, 4.7925718, 4.7784055, 60.8991327, 60.8812391, 60.856218, 60.8698872, 60.8991327)), list(c(4.9403958, 4.9182718, 4.9306314, 4.9707861, 4.976059, 4.9403958, 61.5377154, 61.5188309, 61.4932619, 61.4857672, 61.5220829, 61.5377154)), list(c(5.388432, 5.3640556, 5.4130526, 5.4229552, 5.388432, 59.0866309, 59.0584751, 59.0223847, 59.0686607, 59.0866309)), list(
    c(5.3697727, 5.3562777, 5.3900958, 5.4363364, 5.3697727, 62.2333815, 62.2157509, 62.1790142, 62.2001174, 62.2333815)), list(c(4.806146, 4.7732936, 4.8219816, 4.847208, 4.806146, 61.2297084, 61.1933198, 61.1813346, 61.2223263, 61.2297084)), list(c(7.6115967, 7.5683255, 7.5309389, 7.5511565, 7.6064938, 7.6115967, 63.2127674, 63.2265399, 63.1960365, 63.1823996, 63.1975985, 63.2127674)), list(c(4.880858, 4.8243919, 4.870324, 4.8917678, 4.880858, 61.716501, 61.6834483, 61.6575635, 61.6773837, 61.716501
)), list(c(4.9167491, 4.875239, 4.868909, 4.898473, 4.9298047, 4.9167491, 59.3269116, 59.331548, 59.3029616, 59.2819029, 59.2986915, 59.3269116)), list(c(5.6485379, 5.6355746, 5.6833337, 5.7052226, 5.6485379, 59.7513556, 59.7179217, 59.7031372, 59.7373649, 59.7513556)), list(c(5.6154753, 5.5901545, 5.6361417, 5.6528735, 5.6154753, 62.4197878, 62.3885382, 62.3594933, 62.4007918, 62.4197878)), list(c(6.6399368, 6.6145519, 6.5727888, 6.592706, 6.6454691, 6.6399368, 62.6942424, 62.6942748, 62.6630859, 
62.6511353, 62.6607836, 62.6942424)), list(c(4.8721109, 4.83231, 4.8389387, 4.8839371, 4.8721109, 61.6267041, 61.5973751, 61.5559008, 61.5859355, 61.6267041)), list(c(5.1110482, 5.0738777, 5.0460565, 5.0681916, 5.0925239, 5.1110482, 59.8878388, 59.9285587, 59.8923127, 59.8725802, 59.8725802, 59.8878388)), list(c(6.1921873, 6.1329586, 6.1436018, 6.2088575, 6.2190438, 6.1921873, 62.6363502, 62.6289292, 62.61368, 62.5977468, 62.6220999, 62.6363502)), list(c(5.5762889, 5.5336022, 5.5064626, 5.5328394, 
5.5729473, 5.5762889, 62.3513696, 62.3758723, 62.3429973, 62.3278364, 62.3337468, 62.3513696)), list(c(6.2680442, 6.2493815, 6.3319992, 6.3335927, 6.2680442, 62.6942423, 62.6787294, 62.6472178, 62.6799, 62.6942423)), list(c(4.8655937, 4.8102213, 4.8225142, 4.8664743, 4.8655937, 61.3757391, 61.3494539, 61.3229226, 61.3247608, 61.3757391)), list(c(6.4358458, 6.3672126, 6.3560727, 6.3730957, 6.4386819, 6.4358458, 62.7125316, 62.714191, 62.7012202, 62.6850386, 62.6875953, 62.7125316)))"
NO0B,60676,NA,NA,NA,NA,NA,NA,NA,NA,NA,NA,NA,NA,NA,NA,NA,NA,NA,NA,NA,NA,NA,0,0,NA,NA,NA,0,NA,NA,NA,NA,NA,NO,4,Jan Mayen and Svalbard,NO0B,Inf,Inf,Inf,Inf,NA,Inf,NA,NA,NA,Inf,NA,NA,NA,NA,NA,NA,NA,NA,NA,NA,NA,NA,"list(list(c(16.3384497, 16.0615163, 15.9968717, 15.9679885, 15.734884, 15.6662318, 15.9569947, 16.3742956, 16.3852496, 16.1774114, 15.8746226, 15.6826428, 15.6593201, 15.4514698, 15.1856771, 14.9242906, 14.6968266, 14.4467024, 13.9620271, 13.9466898, 14.0701403, 13.9867814, 13.9259424, 13.83244, 13.6594767, 13.3118842, 13.3106012, 13.3859087, 13.3656166, 12.7370951, 12.7345153, 13.0718689, 13.717928, 13.9049104, 13.8727096, 13.7824276, 12.6727923, 12.2786758, 12.2186035, 12.2761161, 12.2183662, 12.082545, 
11.8255571, 11.6360156, 11.4976793, 11.2620692, 11.2416469, 11.2731075, 11.2449069, 11.1326839, 10.9386361, 10.8406382, 10.8132431, 10.8300796, 10.7588278, 10.8480633, 10.8963351, 11.2197924, 11.4575854, 11.7094542, 11.8854962, 11.7987887, 11.9568607, 11.9521713, 11.5332568, 11.4671243, 11.6916301, 11.7120746, 11.7745769, 12.0231413, 12.3196527, 12.4338774, 12.7745387, 13.0080391, 13.7680865, 13.9748718, 14.1595632, 14.2566805, 14.350025, 14.6621115, 14.6609935, 14.5609747, 14.652856, 14.9739081, 
15.3201036, 15.3753827, 15.3838038, 15.2529032, 15.3226595, 15.4917498, 15.8740016, 16.2089938, 16.5018906, 16.6284607, 16.4486938, 16.7571244, 16.7659693, 16.527985, 16.1875694, 15.8646617, 15.6480938, 15.5350674, 15.2968416, 14.9325834, 14.292534, 14.1321066, 13.8952739, 13.6122635, 13.6911138, 13.7842736, 13.9073858, 14.1449749, 14.6299229, 15.4452836, 15.7297636, 15.730649, 14.902665, 14.8989767, 14.9528749, 15.1518973, 15.1547449, 14.6892473, 14.296901, 14.0477208, 13.9642708, 14.0227092, 14.3707508, 
14.9164246, 15.0521089, 15.2318973, 15.6961194, 15.6999948, 15.530556, 15.6511148, 16.196106, 16.3010774, 16.4056186, 16.7525697, 17.1016792, 17.1550439, 17.1326905, 17.2070782, 17.2742584, 17.6124415, 17.8144206, 18.2233744, 18.4234376, 18.4212674, 18.4758005, 18.5946192, 18.9223619, 19.0413846, 19.0612879, 18.9869394, 19.0391996, 19.6960686, 19.9276417, 20.525018, 20.7535099, 20.931876, 21.0237011, 21.0063599, 20.3526103, 20.3212346, 20.5913125, 20.6878452, 20.7155531, 21.3439516, 21.3459573, 20.887962, 
20.9312554, 21.44476, 21.1277155, 20.9030751, 20.9032805, 21.7690297, 22.485476, 22.6247417, 22.7263247, 22.6211731, 22.7265633, 23.5829948, 23.8187192, 24.1029028, 24.1484957, 24.2464209, 24.2018385, 24.2429047, 24.0475963, 23.7249768, 23.3947905, 23.1734321, 23.1777122, 22.9551006, 22.3458946, 21.9143602, 21.9397263, 22.130917, 22.1907522, 21.9758285, 21.420594, 21.4206755, 21.5186949, 21.4861499, 21.0348992, 20.5164244, 20.541659, 20.6889908, 20.691576, 20.5956912, 20.2020702, 20.1239857, 20.0942095, 
20.0451611, 19.6652102, 19.4756292, 18.9788938, 18.7717721, 18.7558223, 18.8097571, 18.8219379, 18.557513, 18.1587823, 18.0714084, 17.9300034, 17.7531524, 17.7580277, 17.9339161, 17.9425795, 17.9174021, 17.7238415, 17.3203304, 17.009643, 16.796812, 16.4683688, 16.3384497, 80.0523454, 80.0107626, 79.9605039, 79.8851852, 79.8590537, 79.7815252, 79.3255938, 79.0051405, 78.9391253, 78.9821368, 79.1380453, 79.1416233, 79.2559338, 79.3703542, 79.6113786, 79.7298403, 79.7811717, 79.7679258, 79.5644942, 
79.4822979, 79.3571326, 79.2908679, 79.3068991, 79.3886444, 79.4548251, 79.4753234, 79.5095327, 79.5549121, 79.5763054, 79.5711708, 79.5887848, 79.6867759, 79.7037668, 79.7823495, 79.8378488, 79.8621443, 79.769696, 79.8258872, 79.7767807, 79.7008616, 79.6795993, 79.696027, 79.8229874, 79.8415799, 79.7883692, 79.7595332, 79.7261354, 79.6624105, 79.6449978, 79.6518911, 79.7435969, 79.7490296, 79.6989036, 79.6189445, 79.5468195, 79.4644027, 79.3283438, 79.1323936, 79.1317904, 79.2074333, 79.2191841, 
79.0676738, 78.9772661, 78.9604799, 78.9710815, 78.9291963, 78.8489965, 78.7662441, 78.7147732, 78.6111384, 78.540009, 78.4559043, 78.3430025, 78.2125509, 78.2086988, 78.2655445, 78.2740276, 78.3011384, 78.3784103, 78.3904025, 78.4268336, 78.4967395, 78.6046128, 78.6071286, 78.7006052, 78.6915616, 78.6624242, 78.5501463, 78.4998388, 78.46402, 78.487142, 78.552036, 78.672671, 78.6627362, 78.4585526, 78.3988372, 78.3700115, 78.3432026, 78.3657084, 78.3502746, 78.305284, 78.2419263, 78.2247052, 78.1275017, 
78.1042313, 78.061077, 78.0890197, 78.000051, 77.8262022, 77.7740817, 77.7516302, 77.7777505, 77.7740891, 77.8643841, 77.8447505, 77.8269283, 77.6863421, 77.6701401, 77.6319986, 77.5953213, 77.57499, 77.5625362, 77.6059552, 77.5758321, 77.5057816, 77.3730464, 77.2007927, 77.1323413, 77.0492776, 77.0048355, 76.9932013, 76.976219, 76.8893446, 76.8273511, 76.7520474, 76.6365478, 76.5964776, 76.5926119, 76.6708792, 76.7432849, 76.8737287, 76.9399977, 77.0649228, 77.4037384, 77.491484, 77.5314957, 77.7336789, 
77.8971564, 77.9783188, 78.0318379, 78.0579772, 78.1217325, 78.2023886, 78.3167434, 78.4441919, 78.4900518, 78.5990651, 78.6369634, 78.6835905, 78.6697379, 78.6302965, 78.6065098, 78.5277475, 78.4914254, 78.4023257, 78.3145006, 78.2220678, 78.2194203, 78.2016856, 78.0947183, 78.0527858, 77.899826, 77.6247462, 77.5556736, 77.4633053, 77.4994331, 77.6019665, 77.5701499, 77.4917792, 77.2961514, 77.2613198, 77.4631523, 77.5496865, 77.5813211, 77.6400668, 77.6888356, 77.7628613, 77.8227303, 77.8692146, 
77.8590311, 77.9443815, 78.0582704, 78.167981, 78.2256144, 78.2028124, 78.2217783, 78.2523209, 78.2835095, 78.4175063, 78.573269, 78.6359618, 78.6676673, 78.7476056, 78.8219274, 78.8667795, 78.9734002, 79.0123113, 79.0423916, 79.0590478, 79.1126009, 79.1192532, 79.0796633, 79.0194178, 79.0100779, 79.1521345, 79.1606071, 79.1715957, 79.2466222, 79.263546, 79.3347828, 79.4146202, 79.5697391, 79.6025561, 79.5661705, 79.4477758, 79.4093959, 79.5695223, 79.6946991, 79.7352565, 79.7600737, 79.8394786, 
79.9274999, 79.9428174, 79.8921978, 80.035036, 80.0523454)), list(c(20.118665, 19.9537313, 19.6439367, 19.5210075, 19.5454507, 19.7115525, 19.717383, 19.6551418, 19.477308, 19.2389157, 19.1139816, 19.1423278, 19.2634119, 19.2423685, 18.7089537, 18.3678343, 18.1121583, 18.2251181, 18.5632635, 18.5410474, 18.3161557, 18.2622214, 18.3613353, 18.8450109, 19.4856586, 21.4846272, 21.525855, 21.4566067, 21.1098616, 20.7484722, 20.7011904, 20.0754057, 19.8057216, 19.8375095, 20.1172573, 21.0394744, 21.7880127, 
22.6313941, 22.8080162, 23.6348789, 24.0537198, 24.6077128, 25.1455786, 25.589232, 25.8117908, 25.8160287, 25.7635643, 25.7860578, 27.0096288, 27.0500086, 27.0557973, 27.1457047, 26.7416371, 26.1257563, 25.839812, 25.2117727, 24.9428793, 24.8140773, 24.6077128, 24.5096498, 24.4328996, 24.2234428, 24.1945993, 24.1955317, 24.1641408, 23.819893, 23.6328785, 23.427556, 23.101169, 23.0549788, 23.0504549, 23.2467837, 23.2395173, 22.8548407, 22.7014443, 22.5559509, 22.4149783, 22.4663266, 22.4236181, 22.2842749, 
22.0152728, 21.8045197, 21.7995628, 21.7713858, 20.9170539, 20.395853, 20.118665, 80.4233859, 80.5100965, 80.4811574, 80.444231, 80.3952738, 80.3469951, 80.3015231, 80.2532597, 80.2627325, 80.3198462, 80.3115522, 80.2435771, 80.1633624, 80.1291504, 80.1866954, 80.180414, 80.1153456, 80.0505407, 80.009127, 79.9771449, 79.9516794, 79.9220349, 79.8343312, 79.7245956, 79.719165, 79.7883, 79.7687291, 79.7045406, 79.6979513, 79.6458438, 79.5849561, 79.6226102, 79.5653733, 79.5319282, 79.4683339, 79.3634664, 
79.3558628, 79.391255, 79.3234786, 79.2288035, 79.2384665, 79.3564041, 79.3457352, 79.4134927, 79.5105072, 79.5485761, 79.6029261, 79.6305773, 79.8898125, 79.9183676, 79.9783154, 80.0395967, 80.1589494, 80.19177, 80.1679109, 80.2595217, 80.2642998, 80.3198185, 80.2859662, 80.2737885, 80.3483295, 80.4123133, 80.3939839, 80.3217289, 80.2854968, 80.2675094, 80.1482777, 80.1765726, 80.1390213, 80.1579711, 80.189719, 80.303823, 80.3933244, 80.4743762, 80.3789136, 80.400759, 80.3742197, 80.2661985, 80.0936692, 
80.0201035, 80.1161283, 80.1456666, 80.2222289, 80.2443751, 80.2193775, 80.3773362, 80.4233859)), list(c(10.9243332, 10.9202697, 10.980303, 10.9780064, 10.8534877, 10.741021, 10.6010039, 10.543848, 10.5103692, 10.5392499, 10.5440802, 10.5065759, 10.540548, 10.6302737, 10.6816953, 10.7464499, 10.8283204, 10.8279644, 10.9252525, 10.9454184, 10.9815008, 10.9766938, 11.0352294, 11.159925, 11.3055123, 11.3740288, 11.4706097, 11.5745316, 11.6669298, 11.8193618, 11.8118818, 11.8495388, 11.9206545, 11.9550152, 
12.1454226, 12.1484099, 12.0801635, 12.0863423, 11.9771916, 11.9485465, 11.8622212, 11.8814362, 11.6736797, 11.5334493, 11.4774824, 11.457024, 11.3063154, 11.29545, 11.2451309, 11.2474385, 11.167284, 11.178234, 11.1498323, 11.0611096, 11.0781946, 11.1677357, 11.1655545, 11.1124906, 11.0386077, 10.962484, 10.9243332, 78.7890431, 78.8096394, 78.8250612, 78.8415979, 78.8717299, 78.8875659, 78.8932709, 78.9037607, 78.8843513, 78.8635918, 78.8298726, 78.7995398, 78.7728555, 78.7317356, 78.7197554, 78.6688053, 
78.6448701, 78.6296055, 78.5849877, 78.5608842, 78.555758, 78.5354592, 78.4760177, 78.4405042, 78.4575115, 78.4343084, 78.4113145, 78.3945595, 78.3389758, 78.3055784, 78.2727203, 78.2401942, 78.2261105, 78.2301044, 78.2067038, 78.2289093, 78.269939, 78.2894272, 78.3359142, 78.3668906, 78.4041287, 78.4469713, 78.4522898, 78.4927857, 78.5139186, 78.5484714, 78.5477875, 78.5748203, 78.5979044, 78.6213285, 78.6250336, 78.654792, 78.6705759, 78.6854733, 78.7147271, 78.7314511, 78.7469535, 78.7707625, 
78.7657823, 78.7742051, 78.7890431)), list(c(-7.9630337, -8.0746582, -8.1055267, -8.1605053, -8.283718, -8.3851389, -8.4538522, -8.455288, -8.4995377, -8.5657849, -8.6822621, -8.7027751, -8.7744639, -8.8637572, -8.9838561, -9.0024106, -9.0535742, -9.0822775, -9.0314193, -8.9867633, -8.9269589, -8.8122648, -8.7029134, -8.6245829, -8.4969259, -8.3383438, -8.055996, -7.9958144, -7.9991946, -7.9367538, -7.9630337, 71.1617902, 71.1608268, 71.1455134, 71.1458021, 71.1235578, 71.087233, 71.0412544, 71.021531, 
70.9967708, 70.9843373, 70.9783635, 70.9601093, 70.9430956, 70.9382035, 70.8993028, 70.8800423, 70.8798869, 70.8648383, 70.828912, 70.8277655, 70.8485275, 70.875215, 70.9273253, 70.9486778, 70.9700669, 70.9782336, 71.0057935, 71.0213293, 71.1132804, 71.1472219, 71.1617902)), list(c(32.9874792, 33.2461163, 33.2277358, 33.1478778, 32.9874792, 31.8833021, 31.8526573, 31.9066804, 32.3494732, 32.9874792, 80.1719848, 80.2168451, 80.2393533, 80.2495525, 80.233107, 80.1078075, 80.0850485, 80.0632366, 80.081964, 
80.1719848)), list(c(28.4653297, 28.4179214, 28.3296687, 28.1444022, 28.0284616, 27.9058968, 27.897744, 27.9132556, 28.0934096, 28.104205, 28.1750944, 28.3903733, 28.5106535, 28.6255728, 28.6421132, 28.8052671, 28.9558698, 29.0652445, 29.1921505, 29.3537802, 29.3550693, 29.5199921, 29.6224324, 29.6709965, 29.6620737, 29.5074916, 29.332915, 29.1096103, 28.9917091, 28.9488172, 28.9113429, 28.6479351, 28.4653297, 78.9598654, 78.9255392, 78.9159953, 78.9130921, 78.8734285, 78.8582158, 78.8487522, 78.8381304, 
78.8323091, 78.8148355, 78.8435686, 78.8817128, 78.8923745, 78.8804592, 78.8944443, 78.9090342, 78.9027918, 78.870536, 78.8559143, 78.8461212, 78.8641473, 78.8879267, 78.8886631, 78.8976275, 78.9174162, 78.9052419, 78.8961769, 78.9046246, 78.9187975, 78.9567949, 78.9499058, 78.9612577, 78.9598654)), list(c(28.2201547, 28.349756, 28.3789443, 28.3515477, 28.2899619, 28.1544604, 28.0292871, 27.8367944, 27.7431034, 27.7008958, 27.7022972, 27.7690962, 27.8103999, 27.871463, 28.0064875, 28.0373899, 28.1186415, 
28.2201547, 80.0719406, 80.0834694, 80.0934256, 80.1265169, 80.1431654, 80.1632762, 80.1943727, 80.2141458, 80.1982233, 80.179297, 80.1682794, 80.133531, 80.0866718, 80.0683959, 80.0517681, 80.0429966, 80.0496295, 80.0719406)), list(c(19.2546958, 19.2408087, 19.0901924, 18.8048452, 18.7793153, 18.8454578, 19.060992, 19.161074, 19.2546958, 74.4396862, 74.4682708, 74.5116956, 74.4881577, 74.463577, 74.4178556, 74.3443314, 74.3690989, 74.4396862)), list(c(26.87703, 26.9467757, 26.9408795, 26.856436, 
26.7520852, 26.7075955, 26.6448159, 26.612977, 26.5035376, 26.4168329, 26.40067, 26.4292614, 26.466726, 26.4701387, 26.6993394, 26.688592, 26.723117, 26.7547473, 26.87703, 78.6474696, 78.6683674, 78.7001362, 78.7048774, 78.7310043, 78.7530337, 78.7688521, 78.8038747, 78.8168088, 78.7976116, 78.780799, 78.7402423, 78.7245757, 78.7027663, 78.6570251, 78.6397119, 78.6307621, 78.6460274, 78.6474696)), list(c(18.5149884, 18.4410082, 18.378656, 18.3283978, 18.1674596, 18.1106508, 18.066647, 18.2268783, 
18.250947, 18.3608214, 18.385496, 18.4502514, 18.5991003, 18.6239821, 18.6503986, 18.6507278, 18.6233392, 18.5928067, 18.5271005, 18.5149884, 80.3585037, 80.3626578, 80.37794, 80.3789477, 80.3661994, 80.3513852, 80.2927839, 80.2869377, 80.2755576, 80.2718322, 80.2426266, 80.2553197, 80.2634705, 80.3021167, 80.3052235, 80.3355162, 80.3361148, 80.2987572, 80.320859, 80.3585037)), list(c(25.0099593, 25.0604759, 25.2067081, 25.3762235, 25.4074235, 25.5013762, 25.5889336, 25.5973321, 25.4026644, 25.122957, 
25.0205944, 24.9075968, 24.8903148, 24.9036086, 24.9621015, 25.0099593, 76.4892698, 76.503893, 76.5756797, 76.6286791, 76.6493952, 76.6835384, 76.7023337, 76.7269794, 76.6989756, 76.5849854, 76.549092, 76.4826229, 76.4573646, 76.4454001, 76.4507176, 76.4892698)), list(c(19.9373361, 19.7152141, 19.6530981, 19.6566791, 19.6363722, 19.6813987, 19.7455572, 19.8863498, 19.986762, 20.0669062, 20.125422, 20.1368798, 20.0288168, 19.9373361, 79.384269, 79.4110166, 79.4083462, 79.372774, 79.3598087, 79.3399608, 
79.3387857, 79.351325, 79.3505587, 79.3403121, 79.3232682, 79.3405061, 79.36851, 79.384269)), list(c(20.9767791, 20.9846, 20.9407842, 20.8038284, 20.762493, 20.6098203, 20.6010259, 20.6075945, 20.7196343, 20.8964546, 20.9767791, 80.6951613, 80.7156048, 80.7286614, 80.7122977, 80.665434, 80.6636292, 80.6544339, 80.6461249, 80.6157457, 80.6943628, 80.6951613)), list(c(20.1031237, 19.991035, 19.9808533, 19.953908, 19.9921202, 20.0442329, 20.1155997, 20.1358066, 20.1031237, 79.2990877, 79.3028509, 79.2668763, 
79.2462429, 79.2271458, 79.2459282, 79.243818, 79.2671194, 79.2990877)), list(c(21.2895895, 21.1596855, 21.079076, 21.0712484, 21.1160753, 21.2809178, 21.2895895, 80.7064771, 80.7008414, 80.6905996, 80.6804159, 80.6522152, 80.6751396, 80.7064771)), list(c(20.7311081, 20.6272225, 20.5930079, 20.6834796, 20.7584505, 20.7311081, 80.7401858, 80.7642746, 80.7488784, 80.7033686, 80.7089502, 80.7401858)), list(c(30.2320598, 30.1066122, 30.0978547, 30.1249935, 30.1780639, 30.2379844, 30.2320598, 79.0039719, 
79.0057197, 78.9972525, 78.9707734, 78.9695648, 78.9875463, 79.0039719)), list(c(16.558269, 16.5463512, 16.5548715, 16.628941, 16.6285671, 16.558269, 76.5135326, 76.5053989, 76.4807651, 76.4674569, 76.4969263, 76.5135326)), list(c(19.5899967, 19.5128614, 19.505439, 19.5779295, 19.5899967, 79.4411003, 79.4472725, 79.4169097, 79.4181702, 79.4411003)), list(c(14.5012463, 14.430862, 14.4363024, 14.5078167, 14.5012463, 80.0456946, 80.0385318, 80.0088463, 80.0200666, 80.0456946)), list(c(21.2503578, 21.2035224, 
21.1859246, 21.1992736, 21.2436518, 21.2503578, 80.2993224, 80.3045132, 80.2839237, 80.261862, 80.2679362, 80.2993224)), list(c(24.9783145, 24.973279, 24.9997513, 25.0516474, 25.0286305, 24.9783145, 80.6756545, 80.6580279, 80.644062, 80.6428675, 80.6788492, 80.6756545)), list(c(11.5459595, 11.4665766, 11.4545978, 11.4734766, 11.5241123, 11.5459595, 79.864654, 79.8673859, 79.854007, 79.8372779, 79.8396997, 79.864654)), list(c(19.7866535, 19.7299532, 19.7519229, 19.8081139, 19.7866535, 80.6518403, 
80.626355, 80.6015909, 80.6232649, 80.6518403)), list(c(21.461092, 21.4259175, 21.3765174, 21.3925629, 21.4540144, 21.461092, 80.3718172, 80.3738405, 80.3498245, 80.3353236, 80.3460013, 80.3718172)), list(c(22.4709642, 22.4233487, 22.4048007, 22.4126268, 22.4592301, 22.4709642, 77.4035769, 77.4159174, 77.3901034, 77.3716909, 77.3756825, 77.4035769)), list(c(24.1218613, 24.0734722, 24.0611107, 24.0751715, 24.1149169, 24.1218613, 80.4937382, 80.5036718, 80.4849397, 80.4594901, 80.4600333, 80.4937382
)), list(c(11.2987475, 11.2799974, 11.3111695, 11.3682951, 11.3611829, 11.2987475, 79.8671242, 79.8536395, 79.8382807, 79.8370498, 79.8644844, 79.8671242)), list(c(20.2981388, 20.2521601, 20.2221014, 20.2344789, 20.2977594, 20.2981388, 80.513278, 80.5196495, 80.4989957, 80.4859638, 80.4860023, 80.513278)))"
NO02,52072,74.3,32.5,40.4,30.3,NA,44.8,39.6,44.7,13.9,60.3,75.1,67.9,77.6,84,78.4,84,81.2,66.8,56.1,55.5,13.8,373628,318438,49.857612384510794,0.12980825848169836,27.625873863843182,7.175218927638654,20.4516256811588,23.00710867493871,26.451176036057255,24.287258984872654,5.780883659682893,NO,4,Innlandet,NO02,0.021411671502135812,0.5781151305576671,0.6289678503752395,0.39879238172727954,0.00802937681330093,0.029441048315436747,0.03211750725320372,0.13382294688834884,0.00802937681330093,0.037470425128737675,0.005352917875533953,0.005352917875533953,0.010705835751067906,0,0,0.02408813043990279,0,0.0026764589377669765,0,0,0,0,"list(list(c(10.7405634, 10.1717139, 10.0161328, 10.084946, 9.9658371, 9.9138724, 9.8625959, 9.792455, 9.5924034, 9.3677648, 9.062062, 8.2618905, 8.151634, 7.9814672, 7.7369978, 7.6148823, 7.5895599, 7.4234699, 7.349109, 7.3894346, 7.4196403, 7.5232281, 7.8561104, 7.9000265, 7.9034626, 7.9592135, 8.1035505, 8.2130593, 8.2752892, 8.3062061, 8.1559779, 8.1644619, 8.2346835, 8.0548852, 8.0869168, 8.1773663, 8.1986211, 8.251701, 8.3149482, 8.5645949, 8.6574724, 8.8793801, 9.2907705, 9.3677648, 9.4519129, 
9.5918243, 9.6336683, 9.8064645, 9.8164466, 9.8625959, 9.9461513, 10.0428017, 10.1509645, 10.1978034, 10.2020765, 10.2612045, 10.3388745, 10.3884875, 10.366276, 10.8780486, 10.923807, 10.8696971, 10.7117938, 10.7079116, 10.9289441, 11.0872817, 11.153986, 11.2046555, 11.2238566, 11.3423458, 11.4388906, 11.5869038, 11.5892975, 11.8169087, 11.8037325, 11.8294803, 11.839729, 11.9177396, 11.9705235, 12.0591281, 12.1758299, 12.3432821, 12.4938309, 12.5357165, 12.5041075, 12.5998049, 12.6029219, 12.3948308, 
12.3249591, 12.2354091, 12.6701765, 12.6937073, 12.7149281, 12.826031, 12.8563304, 12.5790724, 12.4158172, 12.1454016, 12.29937, 12.2546595, 12.137078, 12.0591281, 11.9609674, 11.7882806, 11.7096821, 11.560685, 11.4354956, 11.2641086, 11.1415411, 10.908485, 10.7405634, 62.6533985, 62.6905795, 62.5650333, 62.4298404, 62.3976472, 62.3511947, 62.355232, 62.287932, 62.2606421, 62.3080681, 62.3726085, 62.3446517, 62.3011622, 62.1811193, 62.1819797, 62.127924, 62.0714492, 62.0885708, 62.007682, 61.9854344, 
61.8560354, 61.7337305, 61.7381255, 61.7173058, 61.6418135, 61.5577333, 61.5269344, 61.542775, 61.5154773, 61.450609, 61.4158349, 61.3755564, 61.3278279, 61.2222795, 61.158977, 61.1074977, 61.0954005, 61.073944, 61.0830776, 60.9992601, 60.9367215, 60.8945897, 60.757524, 60.6528108, 60.5383682, 60.5348256, 60.4965318, 60.4570577, 60.5540308, 60.5738683, 60.6318248, 60.6233687, 60.5188174, 60.391696, 60.3923005, 60.3936225, 60.366141, 60.3752255, 60.3209755, 60.311361, 60.3521743, 60.4084794, 60.43606, 
60.5097801, 60.4795201, 60.5233961, 60.605148, 60.5660391, 60.5023553, 60.4532127, 60.3432269, 60.2684793, 60.1694072, 60.0443649, 59.9548787, 59.8732562, 59.840767, 59.8732562, 59.8952391, 59.8953397, 59.895472, 59.9706327, 60.0929697, 60.1898456, 60.3119125, 60.4063426, 60.5104225, 60.7397743, 60.8949388, 61.0096387, 61.0559765, 61.0945495, 61.1446983, 61.2488116, 61.3641996, 61.5596813, 61.569139, 61.7303169, 62.267494, 62.3310245, 62.3149778, 62.3357128, 62.361824, 62.3779045, 62.351713, 62.3764363, 
62.4734252, 62.5347107, 62.6525383, 62.6949009, 62.6533985)))"
NO06,42202,72.6,32.8,37.2,30.5,21.2,52.6,48.2,53.9,20.2,56,77.7,70,81,86.2,83.2,82.9,84.4,78.5,61.2,62.2,10.5,478470,399679,49.30319560265011,0.15863063514953918,33.22799757560557,11.337614331074356,22.304219700294688,28.034777520011705,25.245887934457752,19.804794448972768,4.591510439525989,NO,4,Trøndelag,NO06,0.018809956737099502,0.298869312600581,0.4430789809183439,0.27796936067047046,0.0020899951930110562,0.0041799903860221125,0.006269985579033168,0.025079942316132673,0.0020899951930110562,0.02716993750914373,0.008359980772044225,0.008359980772044225,0,0.006269985579033168,0,0.03970990866721007,0,0,0,0,0,0,"list(list(c(11.938759, 11.7393245, 11.4859908, 11.2728812, 11.0697113, 10.8843293, 10.7637347, 10.7841477, 10.8661678, 11.2365192, 11.3860901, 11.566427, 11.6060573, 11.3307574, 11.2928382, 11.3101937, 11.2399518, 11.112676, 11.0858102, 10.9747954, 10.8990999, 10.7216049, 10.6369431, 10.5104, 10.4936488, 10.5142243, 10.4812889, 10.398128, 10.2232942, 10.126236, 10.0971655, 9.9877336, 9.9889953, 9.9612342, 9.6261131, 9.6169526, 9.8752785, 9.8511547, 9.9660109, 10.170315, 10.8796142, 10.9940907, 11.0589578, 
11.1908205, 11.2557107, 11.1900797, 11.3239409, 11.3482566, 11.1880187, 10.9298465, 10.7731277, 10.85359, 10.2192125, 10.1100335, 10.1430935, 9.9054361, 9.9435426, 9.7102032, 9.3677648, 9.1989196, 9.1758301, 9.2134035, 9.2040193, 9.2536546, 9.1188784, 9.1058422, 9.1579573, 9.0520864, 8.8861038, 8.7551115, 8.8776382, 8.8288397, 8.851695, 8.832189, 8.8175071, 8.7645885, 8.8864204, 9.1421854, 9.1651749, 9.3340708, 9.3677648, 9.4609852, 9.449674, 9.4863551, 9.440258, 9.4376629, 9.3677648, 8.9886483, 
9.2108259, 9.1639845, 9.062062, 9.3677648, 9.5924034, 9.792455, 9.8625959, 9.9138724, 9.9658371, 10.084946, 10.0161328, 10.1717139, 10.7405634, 10.908485, 11.1415411, 11.2641086, 11.4354956, 11.560685, 11.7096821, 11.7882806, 11.9609674, 12.0591281, 12.137078, 12.2546595, 12.0730571, 12.1250524, 12.0919226, 12.196679, 12.0524555, 11.9855276, 12.0591281, 12.1996753, 12.1608113, 12.4555241, 12.5307612, 12.68163, 12.8274986, 12.917599, 13.2096547, 13.2146082, 13.2239856, 13.7768776, 13.9773315, 13.996105, 
14.047886, 14.1506214, 14.1411861, 14.1365275, 14.1301545, 14.1116674, 13.6665859, 14.325985, 13.2255142, 13.1447286, 12.9662878, 12.8898755, 12.6904942, 12.5393369, 12.2287634, 12.0905395, 12.0461065, 11.9760523, 11.9468031, 11.924039, 11.9333427, 11.938759, 65.148924, 65.0238602, 64.9528836, 64.9241862, 64.9724411, 64.9744879, 64.9327402, 64.8867291, 64.8550427, 64.8394491, 64.7705693, 64.8053728, 64.7885112, 64.5706883, 64.5899545, 64.6596292, 64.6714887, 64.6242485, 64.5649106, 64.5835692, 64.5300819, 
64.5315, 64.4629765, 64.429291, 64.4088284, 64.3705232, 64.3322924, 64.2904168, 64.2023794, 64.1010108, 64.0929146, 64.0624376, 64.040046, 63.9314323, 63.7764304, 63.7011943, 63.7160978, 63.6216104, 63.5209755, 63.5261345, 63.7328637, 63.8268703, 63.9496598, 64.0033196, 63.9978249, 63.8964533, 63.8835699, 63.7978595, 63.7307368, 63.6795731, 63.6090991, 63.4390935, 63.4456446, 63.3974076, 63.3341655, 63.3293466, 63.435654, 63.6261931, 63.53371, 63.5034222, 63.481793, 63.4451949, 63.4045276, 63.3568332, 
63.3010277, 63.3175114, 63.3862669, 63.4532977, 63.4181813, 63.424341, 63.3505473, 63.2669075, 63.2302986, 63.20198, 63.1982831, 63.1845834, 63.1197227, 63.1340542, 63.1743115, 63.2029896, 63.1927561, 63.1644433, 63.0758782, 63.0024299, 62.9436263, 62.8372727, 62.8188393, 62.7115255, 62.550143, 62.4325604, 62.3726085, 62.3080681, 62.2606421, 62.287932, 62.355232, 62.3511947, 62.3976472, 62.4298404, 62.5650333, 62.6905795, 62.6533985, 62.6949009, 62.6525383, 62.5347107, 62.4734252, 62.3764363, 62.351713, 
62.3779045, 62.361824, 62.3357128, 62.3149778, 62.3310245, 62.6017179, 62.7487236, 62.9006583, 63.0071299, 63.1834445, 63.2710021, 63.3391806, 63.4693741, 63.594024, 63.8038982, 63.8574769, 63.9705267, 64.0237358, 64.040046, 64.0929146, 64.0938113, 64.0929146, 64.040046, 64.0208782, 64.040046, 64.0929146, 64.1978078, 64.2598058, 64.2904168, 64.3322924, 64.4537681, 64.5889541, 65.118916, 65.1109614, 65.1103646, 65.0438263, 64.983339, 64.9473941, 64.9795039, 64.974009, 65.010344, 65.06245, 65.0726013, 
65.0735529, 65.0678475, 65.1190916, 65.148924)), list(c(8.8224613, 8.8115582, 8.7911984, 8.6883341, 8.5389149, 8.4187565, 8.4201427, 8.5954558, 8.6350423, 8.470461, 8.4587543, 8.4656752, 8.3963975, 8.3723695, 8.448272, 8.450086, 8.3306087, 8.3314989, 8.4514605, 9.0719436, 9.1302178, 9.1666367, 9.111041, 9.1571483, 9.1494548, 9.0588656, 9.0150332, 8.8251658, 8.6794883, 8.6922679, 8.8224613, 63.7130152, 63.8039468, 63.8156453, 63.8141216, 63.7197291, 63.6938199, 63.6760608, 63.666132, 63.61394, 63.5600037, 
63.5697692, 63.6202076, 63.6066667, 63.5791528, 63.5707922, 63.5533265, 63.5141716, 63.4478585, 63.4182367, 63.5129398, 63.4804814, 63.5626062, 63.6082274, 63.6401556, 63.6647516, 63.6695494, 63.6224036, 63.6590861, 63.6285737, 63.6758156, 63.7130152)), list(c(11.7407218, 11.7350118, 11.6881173, 11.5768981, 11.5118316, 11.5440947, 11.6073574, 11.635742, 11.6494977, 11.7118128, 11.7407218, 65.0850642, 65.1370874, 65.1199537, 65.107782, 65.0695258, 65.0361392, 65.0442572, 65.0602037, 65.0399312, 65.0620038, 
65.0850642)), list(c(9.9363164, 9.9074011, 9.8891607, 9.8606076, 9.8420086, 9.8454371, 9.9039144, 9.9363164, 64.0235336, 64.040046, 64.0504624, 64.040046, 64.0332609, 63.9913176, 63.99575, 64.0235336)), list(c(11.1167603, 11.0547479, 11.0074796, 11.0351438, 11.1232822, 11.1167603, 63.7996902, 63.8001054, 63.7524861, 63.7440699, 63.7839239, 63.7996902)), list(c(10.5401914, 10.4866088, 10.5148975, 10.5682703, 10.5401914, 64.8227712, 64.8005009, 64.7731372, 64.8012258, 64.8227712)), list(c(10.7957596, 
10.7442186, 10.7830011, 10.8197667, 10.7957596, 64.7783213, 64.7347393, 64.7202527, 64.7623382, 64.7783213)), list(c(11.0869151, 11.0661206, 11.1096264, 11.1487062, 11.0869151, 65.0405771, 65.023319, 64.9900033, 65.0170746, 65.0405771)), list(c(9.1816049, 9.1638143, 9.2189706, 9.2261857, 9.1816049, 64.0755563, 64.0283321, 64.0178201, 64.0399406, 64.0755563)), list(c(9.424457, 9.3944123, 9.3906216, 9.3885739, 9.3977695, 9.4501526, 9.424457, 63.8333158, 63.8205497, 63.8036409, 63.7853583, 63.7763917, 
63.8036409, 63.8333158)), list(c(11.2309899, 11.1990282, 11.1522117, 11.1970163, 11.221786, 11.2309899, 63.8202561, 63.8271094, 63.8038155, 63.7775753, 63.8038155, 63.8202561)), list(c(10.8292407, 10.7991987, 10.7802256, 10.8105464, 10.8448425, 10.8292407, 64.6100625, 64.6013906, 64.5774051, 64.5599497, 64.5645311, 64.6100625)), list(c(9.4192477, 9.3744143, 9.427667, 9.4498206, 9.4192477, 63.7004401, 63.6677233, 63.648105, 63.6782291, 63.7004401)), list(c(10.8636446, 10.8513164, 10.8635334, 10.8833933, 
10.8636446, 64.5813998, 64.5648139, 64.5464772, 64.5590257, 64.5813998)))"
NO07,112985,71.6,36.9,38.4,35.6,21.6,45.1,42.3,46.3,14.4,63,76.7,69.1,78.9,86.4,79.7,85.3,77.9,70.2,60.4,60,11.6,483536,408816,49.192200787531846,0.08582608120181333,16.07967142053539,4.279647740850556,21.200489725687437,25.776364117666525,25.90479302471791,21.971890407332648,5.129090698520896,NO,4,Nord-Norge,NO07,0.012408590053274212,0.426028258495748,0.6473147811124714,0.30607855464743056,0.012408590053274212,0.020680983422123687,0.024817180106548424,0.03929386850203501,0,0.11788160550610503,0.004136196684424737,0,0.008272393368849475,0.0020680983422123687,0,0.01861288507991132,0,0,0,0,0,0,"list(list(c(25.749995, 26.0300485, 26.0604788, 25.9773416, 25.901149, 25.7141177, 25.3717166, 25.3575022, 25.3945451, 25.2750257, 24.9467215, 24.6485315, 24.6077128, 24.5514196, 24.3987802, 24.328679, 24.3666492, 24.5027144, 24.5322645, 24.2795934, 24.1529865, 24.0808674, 24.0558027, 23.9862474, 23.8254231, 23.7171632, 23.6785491, 23.7325955, 23.300214, 23.2768734, 23.316666, 23.2867905, 23.110006, 22.8493161, 22.4692282, 22.3007221, 22.2071565, 22.0562258, 21.785063, 21.5417601, 21.3115332, 21.485058, 
21.7567944, 21.8961561, 21.9515278, 21.3587603, 20.9735904, 20.8209377, 20.7243536, 20.5586607, 20.4511899, 20.4378067, 20.682175, 20.7714511, 20.7359266, 20.6576587, 20.6010027, 20.5179454, 20.5066856, 20.3287003, 20.2290339, 20.1341222, 20.1256239, 20.1831988, 20.2829127, 20.3408918, 20.3049015, 20.1600286, 19.8776387, 19.8180445, 19.7719242, 19.6948009, 19.6564899, 19.2759936, 19.0654242, 19.0219011, 19.0814775, 19.3633085, 19.6847887, 19.7980323, 19.6163514, 19.5256677, 19.3471746, 19.1924736, 
19.0089442, 18.8289258, 18.7179889, 18.7869134, 18.814445, 18.7399322, 18.6916117, 18.3738449, 18.2495173, 18.1098351, 18.2108427, 18.4478924, 18.4989267, 18.6599926, 18.5173025, 18.3364224, 18.1844109, 18.060759, 18.0073483, 17.688984, 17.4290024, 17.2007666, 17.2098624, 17.3286843, 17.1451824, 16.670591, 16.5314876, 16.3386456, 16.1867582, 16.0617729, 16.005573, 15.9251816, 15.8950493, 15.8339124, 16.0794573, 16.109669, 16.0774835, 15.8874099, 15.5379985, 15.4866769, 15.5784692, 15.5659137, 15.4197254, 
15.204427, 14.8792758, 14.6046262, 14.3797497, 14.2628353, 14.5694185, 14.697729, 14.8114804, 14.9844465, 15.091005, 15.3441644, 15.6578471, 15.9856092, 16.1439395, 16.173196, 16.2183583, 16.589057, 16.9630982, 17.3137011, 17.11338, 16.92808, 16.6196717, 16.355926, 16.2865273, 16.3753835, 16.3756625, 16.2255984, 16.1351461, 16.0758745, 16.0003935, 15.7719021, 15.584249, 15.4665038, 15.3709173, 15.4027829, 15.5163613, 15.7793972, 15.8586036, 15.8319106, 15.2419736, 15.2229512, 15.2626526, 15.2195373, 
15.1578032, 15.0843319, 14.9951962, 14.9863551, 15.0746761, 14.8687192, 14.870321, 15.0394444, 15.3644751, 15.4753763, 15.4995857, 15.4855908, 15.3087755, 15.2306822, 15.2747831, 15.4179434, 15.233951, 15.0247474, 14.7244623, 14.4167435, 14.781773, 15.1135467, 15.3859718, 15.4304947, 15.4269883, 15.0367867, 14.480268, 14.2932212, 14.1100122, 13.9638787, 13.616594, 13.5999781, 13.6246965, 13.5333743, 13.3376824, 13.2534334, 13.3753424, 13.2255142, 13.1123251, 13.0752793, 13.1949327, 13.1954821, 13.0173657, 
12.9976935, 13.0236083, 12.9751701, 12.7878857, 12.6048879, 12.4976551, 12.600537, 12.387039, 12.4234764, 12.5421502, 12.5598203, 12.461431, 12.2883532, 12.2002689, 12.1417945, 12.2035365, 12.3619344, 12.4322864, 12.3466665, 12.1805761, 12.0461065, 12.0905395, 12.2287634, 12.5393369, 12.6904942, 12.8898755, 12.9662878, 13.1447286, 13.2255142, 14.325985, 14.3652601, 14.4683364, 14.5028156, 14.5074033, 14.5428131, 14.6179134, 14.5875627, 14.5315521, 15.0214568, 15.04726, 15.460317, 15.4539945, 15.3873791, 
15.5230823, 15.5518354, 15.6295651, 15.8695371, 16.0509717, 16.3805644, 16.391626, 16.1019876, 16.1667856, 16.3977382, 16.4786842, 16.5548894, 16.7719366, 17.1694537, 17.2719474, 17.3127186, 17.5662331, 17.9081854, 18.1428797, 18.1042293, 18.125925, 18.4089503, 18.6280331, 19.0289176, 19.4756487, 19.9401881, 20.1265513, 20.0263154, 20.1940191, 20.3066373, 20.2877607, 20.1970447, 20.5486365, 20.7329707, 21.0480367, 21.0778247, 21.0266017, 21.3044408, 21.624865, 21.9836115, 22.3123767, 22.4017801, 
22.548422, 22.7952877, 23.0343559, 23.2186165, 23.6265494, 23.7840693, 23.9066749, 24.303146, 24.6077128, 24.7278043, 24.894558, 25.08671, 25.1516475, 25.2398858, 25.4462109, 25.6059369, 25.7293945, 25.7234567, 25.8236402, 25.8609968, 25.9453619, 25.9630136, 26.340853, 26.5098531, 26.8142923, 27.0867989, 27.6463238, 27.9149811, 28.0452476, 28.4149698, 29.1580673, 29.2996662, 29.1999419, 28.8533059, 28.8303221, 28.92968, 29.0561947, 29.2110878, 29.2875356, 29.2905558, 29.3173593, 29.5782381, 29.7754425, 
29.9834824, 30.0773214, 30.17125, 30.1474543, 30.5530182, 30.8968178, 30.939049, 30.86536, 30.5699154, 30.4234169, 30.2286795, 30.0781682, 29.9969989, 29.895369, 29.7550169, 29.5413437, 29.1688416, 28.8762358, 28.9293337, 30.0287831, 30.2641626, 30.5625992, 30.9410121, 30.991055, 30.9348873, 30.5223785, 30.2388333, 30.2217551, 30.0760553, 29.8438083, 29.6638466, 29.3673221, 29.2212302, 28.933027, 28.7623564, 28.5981577, 28.4078923, 27.9470022, 27.9598376, 28.1429787, 28.2154163, 28.1801142, 28.061967, 
28.0484274, 28.3234888, 28.4522115, 28.156948, 27.864479, 27.6596685, 27.5687643, 27.4944851, 27.270192, 27.2146012, 27.2094755, 27.3744132, 27.4033322, 27.3916734, 27.1565984, 27.089747, 26.9377157, 26.6119573, 26.5767309, 26.5839668, 26.5559564, 26.6507537, 26.6802849, 26.652478, 26.5615956, 26.1545326, 25.9204251, 25.5180727, 25.4051273, 25.1332869, 24.997394, 24.9585481, 25.1903325, 25.2145886, 25.6317454, 25.7571613, 25.7381381, 25.5841831, 25.749995, 70.9726366, 70.9937339, 71.0196253, 71.0483696, 
71.1188342, 71.1530439, 71.0767535, 71.0468049, 70.9730478, 70.8647764, 70.9434329, 70.9655155, 70.936905, 70.8447633, 70.8429258, 70.8043177, 70.7661402, 70.7242555, 70.6783298, 70.6405641, 70.5135459, 70.5346178, 70.6213955, 70.6836843, 70.7276783, 70.7143298, 70.6264702, 70.4796834, 70.2217871, 70.0861049, 70.0087553, 69.9869201, 69.9897619, 70.1851955, 70.2301329, 70.1833508, 70.2584059, 70.2928612, 70.2278535, 70.2808654, 70.2120111, 70.1149091, 70.0729532, 70.0219088, 69.8291307, 69.9972057, 
69.834906, 70.1364908, 70.2040289, 70.2062388, 70.1591753, 70.1006059, 70.0235718, 69.8883979, 69.8605344, 69.9067483, 69.8845941, 69.7145235, 69.587825, 69.4782973, 69.3985577, 69.3699668, 69.3968236, 69.4782973, 69.6247132, 69.8195427, 69.9254405, 69.9158296, 69.7646607, 69.6990816, 69.5839697, 69.5191012, 69.7789892, 69.7702368, 69.7073941, 69.7467441, 69.7941206, 69.8496956, 69.8702844, 69.9764628, 69.9694213, 70.019626, 70.0230918, 70.0667544, 70.0524085, 70.1378457, 70.0560067, 69.9960399, 
69.88407, 69.846556, 69.763334, 69.7580866, 69.716936, 69.6223407, 69.5423929, 69.5222039, 69.4782973, 69.338995, 69.3076552, 69.4399357, 69.4452685, 69.3195754, 69.160957, 69.0899829, 68.9218389, 68.8932427, 68.8400675, 68.8127461, 68.7167391, 68.6665746, 68.7905858, 68.8505117, 68.8266129, 68.7261889, 68.7555385, 68.799337, 68.9059532, 68.9904089, 69.1890299, 69.2497803, 69.2849683, 69.2410593, 69.0459451, 68.9450576, 68.9185706, 68.8446102, 68.6556206, 68.5045894, 68.4275109, 68.4126892, 68.3458013, 
68.2103075, 68.2433182, 68.2871034, 68.229499, 68.3281858, 68.3118438, 68.3816746, 68.347916, 68.4304616, 68.5057414, 68.4418186, 68.4218884, 68.456642, 68.491709, 68.4339095, 68.3746982, 68.3669214, 68.4070736, 68.3595923, 68.2741476, 68.1889873, 68.1220918, 67.9741926, 68.0493561, 68.1844415, 68.2220818, 68.1245546, 68.1520092, 68.1339239, 68.0632288, 68.0170376, 68.0383549, 68.0056609, 67.9772829, 67.9488933, 67.9130321, 67.9414937, 67.982859, 68.0117585, 67.9773398, 67.985292, 67.9545385, 67.9268169, 
67.8978316, 67.8341929, 67.6962438, 67.7048155, 67.8074458, 67.7945297, 67.770339, 67.7464744, 67.6990974, 67.6248992, 67.5657992, 67.4925284, 67.4938361, 67.5694409, 67.4892181, 67.2925526, 67.2631015, 67.3041387, 67.2368844, 67.1935874, 67.1560342, 67.2297287, 67.2105576, 67.1496792, 67.1265485, 67.0172884, 66.9350474, 66.903742, 66.8208457, 66.7499863, 66.7402059, 66.6150962, 66.5381458, 66.5019983, 66.4738441, 66.384594, 66.3022494, 66.2692689, 66.1965388, 66.2144309, 66.255795, 66.2546639, 66.0474558, 
65.9963341, 65.9316207, 65.8561813, 65.6155899, 65.5679226, 65.5155732, 65.4737754, 65.4610539, 65.518554, 65.4382014, 65.2858253, 65.2672207, 65.292628, 65.1253791, 65.1114203, 65.1773737, 65.06245, 65.010344, 64.974009, 64.9795039, 64.9473941, 64.983339, 65.0438263, 65.1103646, 65.1109614, 65.118916, 65.2141173, 65.2941411, 65.3209091, 65.5573262, 65.6961366, 65.8134875, 65.8946454, 66.1298269, 66.1565245, 66.1579307, 66.2768246, 66.3452335, 66.4810182, 66.5536181, 66.5665626, 66.601556, 66.7804879, 
66.9172335, 67.0498066, 67.2115647, 67.4458452, 67.516311, 67.5353013, 67.5834463, 67.6722894, 67.9253322, 68.0475056, 68.1124542, 68.1123894, 68.0560618, 67.9800845, 68.1969628, 68.403603, 68.536516, 68.5715807, 68.5130267, 68.5076083, 68.4437748, 68.3773965, 68.4619276, 68.5692817, 68.6721917, 68.8018074, 68.9142024, 69.0240517, 69.0599685, 69.1086207, 69.0585219, 69.1107712, 69.2105065, 69.3071985, 69.2707591, 69.0728935, 68.8431452, 68.7265207, 68.7379517, 68.6911362, 68.6856384, 68.640402, 68.703299, 
68.8085885, 68.8285893, 68.7201448, 68.6673034, 68.6464678, 68.5773299, 68.6434423, 68.7725546, 68.8319289, 68.8926297, 68.8989143, 68.9898106, 69.2550331, 69.3864639, 69.5234156, 69.6039032, 69.6901823, 69.8401947, 69.9390301, 69.9560038, 69.9221277, 70.0721345, 70.086397, 69.9863867, 69.8227071, 69.6578417, 69.4785075, 69.3904262, 69.2181344, 69.1207794, 69.051905, 69.0247596, 69.0999196, 69.1895414, 69.2723555, 69.2966857, 69.3248824, 69.3945332, 69.4150901, 69.452798, 69.5552303, 69.6495871, 
69.5415473, 69.5531262, 69.6437948, 69.7595945, 69.7978056, 69.7783939, 69.8472685, 69.760879, 69.7562049, 69.8668554, 69.8672138, 69.9726832, 70.0306073, 70.1272043, 70.1494792, 70.0852694, 70.128957, 70.2360247, 70.2913264, 70.3462695, 70.4130335, 70.5299483, 70.5378624, 70.6167919, 70.6803205, 70.6724566, 70.7140431, 70.6929631, 70.8192456, 70.8667541, 70.8388946, 70.7538537, 70.4963775, 70.4835045, 70.5166131, 70.5880677, 70.6500826, 70.6900256, 70.7092647, 70.777509, 70.8364007, 70.9308203, 
71.0634122, 71.0560112, 71.0949795, 71.0706556, 71.0074137, 71.0031918, 70.9728356, 70.9353871, 70.8905845, 70.8596348, 70.8370537, 70.7151024, 70.6185088, 70.4943205, 70.4563984, 70.4693015, 70.5858016, 70.6782082, 70.7691488, 70.8561817, 70.9085897, 70.917381, 70.7592138, 70.5929539, 70.3942226, 70.2440503, 70.0998331, 70.1074273, 70.1684325, 70.4099357, 70.5448432, 70.7332662, 70.8288897, 70.8628952, 70.9205081, 70.9726366), c(16.5780061, 16.456952, 16.4894701, 16.5091724, 16.5514015, 16.6179226, 
16.6124365, 16.5795895, 16.5780061, 68.5415735, 68.557358, 68.5715302, 68.6070709, 68.6170434, 68.5561347, 68.5392384, 68.541367, 68.5415735)), list(c(17.7200708, 17.6300838, 17.5233168, 17.5098187, 17.377367, 17.2716475, 17.2887909, 16.9715829, 16.9780687, 17.0944103, 17.0082052, 17.0365724, 16.845438, 16.8198509, 17.0441553, 17.1197115, 17.4544129, 17.5802278, 17.943227, 17.9332027, 18.0533757, 18.0418192, 17.9777785, 18.0007512, 17.8739085, 17.7200708, 69.5716524, 69.5325402, 69.5670131, 69.5104564, 
69.517705, 69.4782973, 69.4258481, 69.3914501, 69.3174007, 69.2613005, 69.2169601, 69.1579512, 69.1168859, 69.0784296, 69.0678844, 69.0166895, 69.1844846, 69.1587845, 69.1803601, 69.3174007, 69.3708379, 69.4175135, 69.4349685, 69.4782973, 69.5555369, 69.5716524)), list(c(15.3036273, 15.2810479, 15.1860535, 15.1715711, 15.116198, 15.0247924, 15.0663658, 15.0357102, 14.9654856, 14.8749568, 14.8690946, 14.9232439, 14.8988399, 14.8065985, 14.7489753, 14.719492, 14.6771179, 14.5990512, 14.5359992, 14.4679006, 
14.414261, 14.4468239, 14.5917986, 14.6832337, 14.7718558, 14.9864688, 15.0474591, 15.1317069, 15.1234454, 14.8530833, 14.8737258, 14.6803109, 14.6563408, 14.8268129, 14.9622871, 14.9708318, 14.9274695, 14.9345695, 15.0108882, 15.4018432, 15.3202043, 15.3698118, 15.3036273, 68.8614503, 68.9202506, 68.9341151, 68.9993313, 69.0154956, 68.9823993, 68.8836951, 68.8335144, 68.9106205, 68.9182828, 68.888991, 68.8316288, 68.763323, 68.8371295, 68.827123, 68.7735271, 68.8156657, 68.773511, 68.8047824, 68.761809, 
68.6804299, 68.6180643, 68.6257657, 68.6738617, 68.6690786, 68.7195346, 68.7573953, 68.7455599, 68.7167691, 68.6415568, 68.5788422, 68.5830116, 68.5510328, 68.4971652, 68.5337344, 68.5505747, 68.5664791, 68.5830825, 68.5622745, 68.7047195, 68.7674504, 68.8420678, 68.8614503)), list(c(23.3485544, 23.2458782, 23.0681165, 23.0615556, 23.0997411, 22.9871451, 22.9265244, 22.9749249, 22.9265244, 22.8855778, 22.7167737, 22.7614209, 22.7181408, 22.6087571, 22.5327297, 22.3875946, 22.3425288, 22.0566371, 
22.0321001, 22.0401147, 22.2126755, 22.1596831, 22.1769765, 22.496193, 22.6398376, 22.9265244, 23.0778542, 23.1661053, 23.2745736, 23.4449114, 23.3485544, 70.8475855, 70.7937376, 70.8412739, 70.7926483, 70.7331171, 70.6844538, 70.7107624, 70.7632614, 70.7694299, 70.734701, 70.7463691, 70.6699814, 70.6385356, 70.6558362, 70.707953, 70.6913496, 70.6407533, 70.6436835, 70.62026, 70.6111649, 70.5925147, 70.5170119, 70.4911969, 70.5033552, 70.541235, 70.5410543, 70.5919124, 70.6771261, 70.6976255, 70.8000844, 
70.8475855)), list(c(23.5633397, 23.4434631, 23.4218288, 23.4305617, 23.2802744, 23.2688114, 23.1914886, 23.0870684, 23.0142335, 22.926544, 22.8888958, 22.8774685, 22.9062708, 22.926544, 23.0477235, 23.0870684, 23.2831951, 23.621849, 23.5556917, 23.5633397, 70.6041771, 70.6225205, 70.6169461, 70.5662981, 70.5445212, 70.4852763, 70.5366452, 70.5012208, 70.4981988, 70.4648977, 70.4506004, 70.4211162, 70.3607079, 70.3584465, 70.3449298, 70.2886712, 70.3018763, 70.4623091, 70.5293899, 70.6041771)), list(
    c(13.9232553, 13.8050065, 13.6123522, 13.570784, 13.5983078, 13.5201159, 13.5323695, 13.4705745, 13.5375454, 13.573375, 13.6123522, 13.7187541, 13.7492786, 13.8004495, 13.8523126, 13.879756, 14.0262621, 14.1324964, 14.2451229, 14.2564451, 14.1083849, 14.0397328, 13.9920818, 13.9232553, 68.3443264, 68.2921869, 68.2949045, 68.2679823, 68.22962, 68.2131348, 68.1532175, 68.0874211, 68.0556783, 68.1224093, 68.1248117, 68.0849139, 68.1318644, 68.108685, 68.1330467, 68.1904926, 68.1901028, 68.2414466, 
    68.2687146, 68.2988868, 68.3426904, 68.2773856, 68.3350233, 68.3443264)), list(c(13.3343531, 13.3132174, 13.3290704, 13.2255142, 13.1596966, 13.1531871, 13.0970585, 12.9699752, 12.8715081, 12.8531025, 12.8321673, 12.866149, 13.0719105, 13.0873061, 13.1533266, 13.2255142, 13.2884495, 13.3730997, 13.4244546, 13.3343531, 68.159048, 68.1334462, 68.0894993, 68.0929783, 68.0534341, 68.094648, 68.1039751, 68.0212264, 67.9109035, 67.9013478, 67.8379848, 67.8292642, 67.9109035, 67.9497273, 67.9574671, 
68.0210114, 68.0094655, 68.0351084, 68.1386363, 68.159048)), list(c(19.5826843, 19.5162834, 19.6586654, 19.7384339, 19.9341046, 20.0552697, 20.0565786, 20.016651, 20.038727, 20.0075463, 19.9464996, 19.840909, 19.7726545, 19.7608968, 19.6845537, 19.6441418, 19.5826843, 70.2852573, 70.2257683, 70.165482, 70.0604709, 70.0516894, 70.0910845, 70.1076212, 70.1280205, 70.1589467, 70.1764049, 70.1430646, 70.2021578, 70.1638977, 70.2475433, 70.2369955, 70.282423, 70.2852573)), list(c(22.7242418, 22.6737424, 
22.5252402, 22.4828742, 22.3520156, 22.4030518, 22.5252402, 22.7546402, 22.926544, 22.9705523, 22.9751746, 22.926544, 22.8966105, 22.8069425, 22.7720889, 22.7242418, 70.3517888, 70.3859787, 70.3565873, 70.3701984, 70.3355586, 70.2971716, 70.2738753, 70.2473829, 70.2557571, 70.2579009, 70.2743229, 70.3074087, 70.327774, 70.3434692, 70.3871455, 70.3517888)), list(c(24.0707127, 24.0227229, 24.0024955, 23.956054, 23.9519888, 23.8890373, 23.8783868, 23.9076611, 23.9257782, 24.0466415, 24.081817, 24.2053173, 
24.2055923, 24.1409617, 24.070146, 24.055287, 24.1096518, 24.1115482, 24.0707127, 71.0931338, 71.0818239, 71.0610283, 71.0755085, 71.0326262, 71.0235666, 70.9874601, 70.984301, 70.9332246, 70.9133977, 70.9305572, 70.9449372, 70.9627916, 70.9723426, 70.9698512, 71.0333743, 71.050906, 71.0839387, 71.0931338)), list(c(12.6480207, 12.6021353, 12.559186, 12.4900834, 12.5090464, 12.3963581, 12.3457295, 12.4016105, 12.5225634, 12.6480207, 66.1054287, 66.2184681, 66.2184681, 66.1907532, 66.1460462, 66.0960176, 
66.0379751, 66.0215711, 66.0540863, 66.1054287)), list(c(17.1171996, 17.1711995, 17.1853643, 17.1120736, 17.0329666, 16.9786835, 16.9225417, 16.9200248, 16.8601053, 16.8407878, 16.890128, 16.9875832, 17.1171996, 68.7487051, 68.7631314, 68.7818751, 68.8022078, 68.8676791, 68.8423729, 68.7933895, 68.777518, 68.770202, 68.7341934, 68.7256482, 68.7421953, 68.7487051)), list(c(16.2800951, 16.4660749, 16.5907843, 16.616496, 16.6301696, 16.6156989, 16.5692523, 16.5467924, 16.3158763, 16.2800951, 68.9651023, 
68.8848457, 68.8826234, 68.8971233, 68.9382991, 68.9607833, 68.9876005, 68.9533909, 68.990203, 68.9651023)), list(c(11.9855044, 12.0260799, 12.0212439, 11.9468031, 11.8072773, 11.766856, 11.8710746, 11.9468031, 11.9855044, 65.6293725, 65.6604995, 65.697693, 65.7230014, 65.6838579, 65.626343, 65.5927606, 65.610031, 65.6293725)), list(c(19.2275214, 19.2262831, 19.2542646, 19.244905, 19.1934305, 19.1546684, 19.1136275, 19.1228256, 19.0283339, 19.1165603, 19.1901542, 19.2275214, 70.1325824, 70.1569785, 
70.1759486, 70.2311831, 70.267666, 70.2400716, 70.2330766, 70.2033803, 70.1523614, 70.1097497, 70.1166333, 70.1325824)), list(c(17.4616211, 17.5252741, 17.5524571, 17.5461611, 17.4397794, 17.4026186, 17.3532341, 17.3439123, 17.3742915, 17.4131142, 17.4616211, 69.0296755, 69.0442607, 69.0659429, 69.0863243, 69.0842792, 69.0743835, 69.0319878, 68.998956, 68.9866577, 68.9947324, 69.0296755)), list(c(13.0875963, 12.9564127, 12.9874507, 12.9852793, 13.0368522, 13.0875963, 66.6945351, 66.6800473, 66.6133439, 
66.5557218, 66.565387, 66.6945351)), list(c(19.4756487, 19.3975948, 19.340642, 19.3655169, 19.4756487, 19.5543548, 19.5742875, 19.4756487, 70.1419118, 70.1631175, 70.1297918, 70.1126088, 70.0972045, 70.0963937, 70.1119984, 70.1419118)), list(c(21.7836601, 21.696256, 21.6861099, 21.7306478, 21.8000343, 21.7836601, 70.3594665, 70.37269, 70.2814548, 70.2691426, 70.32926, 70.3594665)), list(c(12.8876142, 12.8275706, 12.8275706, 12.7317605, 12.7739095, 12.8410615, 12.8876142, 66.2659759, 66.3147014, 66.2951398, 
66.2637179, 66.2188761, 66.2224896, 66.2659759)), list(c(24.803092, 24.7224981, 24.7193284, 24.6694624, 24.640836, 24.7224981, 24.8046662, 24.803092, 71.0904542, 71.1150735, 71.0873574, 71.0855793, 71.0636101, 71.0305206, 71.0736994, 71.0904542)), list(c(16.5480388, 16.5388798, 16.5055924, 16.4984717, 16.4638667, 16.4418511, 16.4749269, 16.5370424, 16.5480388, 69.0299561, 69.0590757, 69.0733679, 69.0504671, 69.0371618, 68.9969693, 68.9821055, 68.9881925, 69.0299561)), list(c(12.951106, 12.8749979, 
12.8418683, 12.8265639, 12.9028644, 12.951106, 66.4252885, 66.4529856, 66.4421378, 66.3781682, 66.3840515, 66.4252885)), list(c(12.00644, 12.0063202, 11.938759, 11.9333427, 11.924039, 11.9468031, 11.9760523, 12.0147334, 12.00644, 65.1190916, 65.1486446, 65.148924, 65.1190916, 65.0678475, 65.0735529, 65.0726013, 65.0830094, 65.1190916)), list(c(14.384018, 14.4132265, 14.3815674, 14.3387569, 14.2478786, 14.2608668, 14.3387569, 14.384018, 67.3952592, 67.4226448, 67.4406156, 67.4331002, 67.3895205, 67.376989, 
67.3863799, 67.3952592)), list(c(12.6636153, 12.6838613, 12.6627674, 12.597733, 12.6085549, 12.6826185, 12.6905011, 12.6636153, 66.5665626, 66.5904226, 66.620519, 66.5854099, 66.5665626, 66.5113804, 66.5248359, 66.5665626)), list(c(20.2818661, 20.2619418, 20.1915403, 20.1691067, 20.1861111, 20.2073297, 20.2353163, 20.2818661, 70.2558646, 70.2674833, 70.3085375, 70.3011116, 70.2674833, 70.2255209, 70.2269416, 70.2558646)), list(c(21.6248222, 21.5781541, 21.585344, 21.688533, 21.7159753, 21.6248222, 
70.0463623, 70.0198401, 70.0117277, 69.9895142, 70.0201894, 70.0463623)), list(c(13.8827084, 13.882766, 13.8474509, 13.8250857, 13.8395548, 13.7774361, 13.7694015, 13.8181079, 13.8827084, 67.0974899, 67.1277822, 67.1353732, 67.1119042, 67.0926519, 67.0806301, 67.0551602, 67.0551602, 67.0974899)), list(c(13.4277907, 13.3625467, 13.3475688, 13.3580986, 13.4719952, 13.5333378, 13.5415441, 13.4277907, 66.8461221, 66.835078, 66.820125, 66.812068, 66.8249616, 66.8238905, 66.8428286, 66.8461221)), list(
    c(30.0763998, 30.0892137, 30.0405859, 30.0068564, 30.0507251, 30.0494515, 30.0960933, 30.0763998, 69.8520471, 69.8727045, 69.8946496, 69.8610692, 69.8352516, 69.8051768, 69.814114, 69.8520471)), list(c(18.5684297, 18.5007896, 18.453026, 18.4621955, 18.5742772, 18.5684297, 69.8563369, 69.8636243, 69.8308434, 69.8211751, 69.8218019, 69.8563369)), list(c(20.99542, 21.003159, 20.9777629, 20.9260734, 20.977248, 21.0206209, 20.99542, 70.0076422, 70.0431607, 70.0533875, 70.021288, 69.9748631, 69.9844937, 
70.0076422)), list(c(12.2781751, 12.2791765, 12.2301602, 12.2020056, 12.2115624, 12.2429808, 12.2390624, 12.2781751, 65.8534795, 65.8844587, 65.8671065, 65.8321899, 65.7991864, 65.786263, 65.835269, 65.8534795)), list(c(13.7606253, 13.7537203, 13.7054386, 13.69828, 13.7216536, 13.7573323, 13.8006731, 13.8097953, 13.7606253, 67.1804852, 67.1965897, 67.1825017, 67.1537568, 67.1434471, 67.1643421, 67.140118, 67.1759911, 67.1804852)), list(c(25.3351607, 25.2745568, 25.2467103, 25.2953936, 25.3368778, 
25.3351607, 70.3020733, 70.2886903, 70.2535766, 70.2432569, 70.2660273, 70.3020733)), list(c(25.0226162, 24.9720266, 24.9279205, 24.9541955, 25.0185331, 25.0226162, 71.0367424, 71.0498846, 71.0257477, 71.0011432, 71.0034367, 71.0367424)), list(c(12.3259591, 12.2408034, 12.2281205, 12.2399062, 12.3384413, 12.3259591, 66.0101051, 65.9872009, 65.9704709, 65.9597172, 65.9813302, 66.0101051)), list(c(12.7009682, 12.6814888, 12.7009569, 12.7690358, 12.783054, 12.7009682, 66.1854721, 66.1727294, 66.1434509, 
66.1406941, 66.1607854, 66.1854721)), list(c(25.8528155, 25.7783228, 25.7783228, 25.8083208, 25.8738528, 25.8528155, 70.7101947, 70.6920477, 70.6761505, 70.6645251, 70.6867705, 70.7101947)), list(c(12.8081713, 12.8269805, 12.8724297, 12.8749759, 12.8418461, 12.8239671, 12.8081713, 66.5539295, 66.5181554, 66.5187459, 66.5539295, 66.5539295, 66.5841481, 66.5539295)), list(c(12.0919229, 12.0679325, 12.0256471, 12.0365542, 12.0679325, 12.0951459, 12.1229522, 12.0919229, 65.4325997, 65.4290793, 65.4126409, 
65.3824393, 65.4066491, 65.3935605, 65.4162626, 65.4325997)), list(c(12.0652504, 12.053435, 12.1372753, 12.1393697, 12.0652504, 65.4882146, 65.4730067, 65.452592, 65.4963898, 65.4882146)), list(c(16.1586844, 16.0962095, 16.0642149, 16.0843132, 16.1682398, 16.1586844, 68.3564584, 68.3577068, 68.3428062, 68.3324582, 68.3326144, 68.3564584)), list(c(15.0462238, 14.9917934, 14.9998554, 15.0505978, 15.0462238, 67.6629977, 67.6727765, 67.6208294, 67.6368924, 67.6629977)), list(c(16.7226687, 16.6691673, 
16.6810848, 16.741727, 16.7226687, 68.9047757, 68.8872624, 68.8576298, 68.8724981, 68.9047757)), list(c(12.1488283, 12.1142529, 12.1339771, 12.1757249, 12.1488283, 65.9560246, 65.9222474, 65.8880443, 65.9319462, 65.9560246)), list(c(16.7309274, 16.6752333, 16.659798, 16.6735678, 16.7354398, 16.7309274, 68.9682739, 68.9677081, 68.9531776, 68.9273973, 68.950696, 68.9682739)), list(c(21.2937497, 21.2800894, 21.3646355, 21.3811184, 21.2937497, 70.129324, 70.1152496, 70.0860827, 70.1105409, 70.129324)), 
    list(c(18.960705, 18.9391263, 18.9644005, 19.0095996, 18.960705, 70.204343, 70.1782174, 70.1475054, 70.1861508, 70.204343)), list(c(18.5037199, 18.474973, 18.5281771, 18.537718, 18.5037199, 70.0131968, 69.971657, 69.9528976, 69.9819352, 70.0131968)), list(c(13.9537569, 13.91758, 13.9125523, 13.9391561, 13.978222, 13.9537569, 67.4374305, 67.4221011, 67.3903366, 67.3873995, 67.412441, 67.4374305)), list(c(12.483704, 12.3994025, 12.4087552, 12.4854534, 12.483704, 65.8055817, 65.7689206, 65.7536673, 
    65.7746903, 65.8055817)), list(c(14.102993, 14.0618208, 14.0472728, 14.0760634, 14.1086361, 14.102993, 67.4602804, 67.4644338, 67.4240621, 67.4150153, 67.4413435, 67.4602804)), list(c(18.5698126, 18.5149444, 18.5181625, 18.5477453, 18.5775711, 18.5698126, 70.0574929, 70.0565515, 70.0268603, 70.0140131, 70.035033, 70.0574929)), list(c(11.7021314, 11.6675155, 11.6614736, 11.6997922, 11.727725, 11.7021314, 65.596447, 65.5781498, 65.5527259, 65.5467585, 65.564098, 65.596447)), list(c(23.2369912, 
    23.1746883, 23.1623343, 23.1914548, 23.2440371, 23.2369912, 70.1524301, 70.1554365, 70.1405158, 70.1239852, 70.1241755, 70.1524301)), list(c(12.7013094, 12.6293972, 12.6471621, 12.7022148, 12.7013094, 67.698584, 67.6629125, 67.6482642, 67.6560665, 67.698584)), list(c(11.7352977, 11.6417208, 11.6554292, 11.7248292, 11.7352977, 65.7729545, 65.7465454, 65.7328376, 65.7377709, 65.7729545)), list(c(11.9879678, 11.9312284, 11.9472838, 11.9857233, 11.9879678, 65.359858, 65.3486844, 65.3070115, 65.320295, 
    65.359858)), list(c(12.6042683, 12.5591252, 12.5430508, 12.5714933, 12.6190396, 12.6042683, 67.6617593, 67.661405, 67.6438065, 67.6223346, 67.6361708, 67.6617593)), list(c(21.4350444, 21.3935922, 21.4220656, 21.4550854, 21.4350444, 70.3932741, 70.355257, 70.3263001, 70.3616974, 70.3932741)), list(c(16.2697014, 16.2347002, 16.242431, 16.2956071, 16.3042582, 16.2697014, 68.9283823, 68.9015796, 68.8859171, 68.8768786, 68.8895886, 68.9283823)), list(c(13.9602813, 13.9602813, 14.0085292, 14.007565, 
    13.9602813, 67.167768, 67.1281482, 67.1269051, 67.1717294, 67.167768)), list(c(19.8728805, 19.8576569, 19.867925, 19.9418933, 19.9451294, 19.8728805, 70.029225, 70.014363, 70.0024829, 69.9890237, 70.0111432, 70.029225)), list(c(12.1103564, 12.062028, 12.062028, 12.1302015, 12.1103564, 65.7040608, 65.6821264, 65.6437722, 65.6836831, 65.7040608)), list(c(13.1307448, 13.0840881, 13.1119852, 13.1321205, 13.1307448, 66.6425088, 66.6165716, 66.5707349, 66.5852607, 66.6425088)), list(c(12.5206589, 12.4793716, 
    12.5297572, 12.5476597, 12.5206589, 66.316925, 66.2712385, 66.26274, 66.3080214, 66.316925)), list(c(20.3479784, 20.3194465, 20.3633739, 20.3989526, 20.3479784, 69.6925999, 69.6576415, 69.6460703, 69.6794314, 69.6925999)), list(c(12.7428617, 12.6929987, 12.6582805, 12.6831302, 12.7231583, 12.7428617, 66.3472948, 66.3450472, 66.3127515, 66.3020584, 66.3199892, 66.3472948)), list(c(24.2536641, 24.2065802, 24.218948, 24.2759568, 24.2536641, 70.9076693, 70.8663183, 70.8467669, 70.8718015, 70.9076693
    )), list(c(12.0968562, 12.0476973, 12.0487811, 12.0746893, 12.1062914, 12.0968562, 67.5114603, 67.5391408, 67.4937321, 67.4789591, 67.495381, 67.5114603)), list(c(12.1869377, 12.1721158, 12.1241567, 12.1212939, 12.1558681, 12.1869377, 65.639543, 65.6577965, 65.6179553, 65.5907925, 65.6023717, 65.639543)), list(c(14.0021613, 13.9647972, 13.9309723, 13.9658287, 14.0021613, 67.269668, 67.2879958, 67.2262808, 67.2319465, 67.269668)), list(c(12.3638683, 12.3436626, 12.3140448, 12.3187894, 12.3474578, 
    12.3638683, 65.8678164, 65.8845256, 65.8572414, 65.8178742, 65.8279605, 65.8678164)), list(c(19.3834524, 19.3428999, 19.3279077, 19.3683465, 19.4053748, 19.3834524, 70.0838913, 70.0831726, 70.0572621, 70.0447099, 70.0599353, 70.0838913)), list(c(12.0690059, 12.0114072, 12.0381252, 12.0742898, 12.0690059, 65.7908113, 65.7736105, 65.737182, 65.7521567, 65.7908113)), list(c(14.6911799, 14.6682528, 14.7190295, 14.7304236, 14.6911799, 67.8472719, 67.8102091, 67.7921257, 67.8319823, 67.8472719)), list(
        c(13.1009923, 13.0870715, 13.1347483, 13.1436509, 13.1009923, 66.8070042, 66.7874888, 66.736359, 66.7886084, 66.8070042)), list(c(12.4469683, 12.3847781, 12.4062266, 12.4455679, 12.4469683, 65.8751847, 65.8333998, 65.8150558, 65.8240819, 65.8751847)), list(c(21.6649679, 21.6517846, 21.7320817, 21.745863, 21.6649679, 69.9503298, 69.9340572, 69.9109191, 69.9389319, 69.9503298)), list(c(12.1141086, 12.0806385, 12.0705228, 12.0736098, 12.1130446, 12.1141086, 65.8386319, 65.8484707, 65.8250107, 
    65.7913772, 65.7968427, 65.8386319)), list(c(21.0453213, 20.9769325, 20.9903539, 21.0648423, 21.0453213, 69.9671086, 69.927059, 69.9154817, 69.9362217, 69.9671086)), list(c(12.0049963, 11.9634566, 11.9618042, 12.0230725, 12.043869, 12.0049963, 65.2392723, 65.2379043, 65.2133225, 65.2025209, 65.2133225, 65.2392723)), list(c(14.6503504, 14.5940768, 14.5914683, 14.618612, 14.663335, 14.6503504, 67.5666222, 67.5431022, 67.5240433, 67.5175564, 67.5398761, 67.5666222)), list(c(12.1620321, 12.13625, 
    12.1822643, 12.2061806, 12.1620321, 66.0124413, 65.9802641, 65.964548, 66.0141529, 66.0124413)), list(c(21.2778212, 21.2311886, 21.1998962, 21.2192923, 21.291471, 21.2778212, 70.0558913, 70.0572282, 70.0378013, 70.0212559, 70.0392474, 70.0558913)), list(c(12.2861273, 12.215803, 12.2088444, 12.2805185, 12.2861273, 66.2565301, 66.2515, 66.2177661, 66.2317515, 66.2565301)), list(c(12.3185535, 12.2727611, 12.3328402, 12.3492343, 12.3185535, 66.1741041, 66.1346417, 66.1222356, 66.1394228, 66.1741041
    )), list(c(12.3023958, 12.2981117, 12.3415859, 12.3702836, 12.3023958, 66.3868101, 66.3648456, 66.3377283, 66.3774131, 66.3868101)), list(c(12.5100194, 12.4998139, 12.5146744, 12.5583091, 12.5100194, 66.3868952, 66.3369328, 66.3206019, 66.3706633, 66.3868952)), list(c(13.8662396, 13.8394186, 13.8794201, 13.9118121, 13.8662396, 67.4332148, 67.3927649, 67.3767874, 67.388962, 67.4332148)), list(c(13.4439362, 13.4027422, 13.3974997, 13.4027495, 13.4686229, 13.4439362, 66.9424431, 66.9319908, 66.9098585, 
    66.8948888, 66.9148186, 66.9424431)), list(c(12.2254732, 12.2139751, 12.1803287, 12.1652003, 12.1939577, 12.2254732, 66.0621688, 66.0837708, 66.0947588, 66.0422767, 66.0422767, 66.0621688)), list(c(27.194887, 27.1509999, 27.2052355, 27.230984, 27.194887, 70.8165382, 70.7862009, 70.7669759, 70.7930287, 70.8165382)), list(c(12.9362654, 12.8792472, 12.9369219, 12.9485942, 12.9362654, 66.6149283, 66.5764877, 66.5565562, 66.5565562, 66.6149283)), list(c(11.9892343, 11.9975224, 12.0437916, 12.0465342, 
    11.9892343, 66.0695093, 66.0410201, 66.0325439, 66.0817681, 66.0695093)))"
NO08,25047,67.9,23,30.8,23,25.1,64,53.4,63.6,16.3,56.9,77.8,71.6,81,86,82.1,85.2,81,74.3,66,67.5,17,2001278,1665337,49.87043279344499,0.11952362440400585,11.838735048304134,79.90090629616321,22.516012268160644,28.5231237239404,27.125216986345723,17.90735719875,3.905854159192276,NO,4,Oslo og Viken,NO08,0.008994252672542245,0.3452793664848162,0.2383476958223695,0.43022508616993743,0.006495849152391622,0.011492656192692869,0.011492656192692869,0.03297892646598823,9.993614080602495e-4,0.016489463232994116,0.0024984035201506237,0.0029980842241807484,0.0014990421120903742,0.0014990421120903742,9.993614080602495e-4,0.008994252672542245,4.996807040301247e-4,4.996807040301247e-4,0,0.004497126336271123,0,4.996807040301247e-4,"list(list(c(8.5645949, 8.3149482, 8.251701, 8.2687333, 8.2186044, 8.148691, 8.0321276, 7.8269273, 7.7223311, 7.6990288, 7.6035489, 7.46964, 7.619192, 7.6412021, 7.7240153, 7.6681213, 7.4880405, 7.6473402, 7.8240567, 8.1362396, 8.7429596, 8.9380257, 9.0091208, 9.1767575, 9.1851792, 9.1924073, 9.354251, 9.3411991, 9.3677648, 9.4141953, 9.5017885, 9.481106, 9.5502395, 9.6583302, 9.7780875, 9.793223, 10.0217427, 9.9500076, 10.0033275, 10.297479, 10.3682603, 10.3940821, 10.380754, 10.3198815, 10.335642, 
10.4120218, 10.4506768, 10.5739003, 10.5962524, 10.4973145, 10.5109954, 10.5987101, 10.64198, 10.7445302, 10.7609653, 10.764788, 10.7191886, 10.6750047, 10.6328134, 10.5728875, 10.6353205, 10.686118, 10.642328, 10.6039907, 10.6495891, 10.6815073, 10.7414596, 10.7491313, 10.7425689, 10.7510051, 10.8129491, 10.8769247, 10.8966294, 10.8966371, 10.8424802, 10.8553721, 11.0432378, 11.0773515, 11.0541616, 10.9767673, 10.9688057, 11.1174188, 11.1663724, 11.2263684, 11.3290112, 11.370459, 11.4253084, 11.4254642, 
11.460827, 11.4600463, 11.463374, 11.507084, 11.6353646, 11.6836949, 11.7722318, 11.7882549, 11.8261965, 11.8139509, 11.6990403, 11.7223856, 11.8018621, 11.9303014, 11.9269705, 11.839729, 11.8294803, 11.8037325, 11.8169087, 11.5892975, 11.5869038, 11.4388906, 11.3423458, 11.2238566, 11.2046555, 11.153986, 11.0872817, 10.9289441, 10.7079116, 10.7117938, 10.8696971, 10.923807, 10.8780486, 10.366276, 10.3884875, 10.3388745, 10.2612045, 10.2020765, 10.1978034, 10.1509645, 10.0428017, 9.9461513, 9.8625959, 
9.8164466, 9.8064645, 9.6336683, 9.5918243, 9.4519129, 9.3677648, 9.2907705, 8.8793801, 8.6574724, 8.5645949, 60.9992601, 61.0830776, 61.073944, 61.0308423, 60.9766872, 60.9736649, 60.8960716, 60.9050078, 60.8106795, 60.7434406, 60.7372989, 60.6755475, 60.6346837, 60.5639498, 60.5094629, 60.295317, 60.0988385, 60.1249918, 60.1077559, 60.1846588, 60.1760371, 60.101741, 59.9873588, 59.9217987, 59.8732562, 59.8315937, 59.7808388, 59.7012445, 59.6825973, 59.6500064, 59.5392776, 59.4878571, 59.4811977, 
59.4125258, 59.412002, 59.4562706, 59.4791808, 59.5788069, 59.6534005, 59.6886583, 59.5362613, 59.5774916, 59.6568295, 59.6913435, 59.7124806, 59.6765693, 59.5437653, 59.5584482, 59.6399015, 59.7883385, 59.8442197, 59.8732562, 59.9115085, 59.8827681, 59.8732562, 59.8295445, 59.7757963, 59.851966, 59.836209, 59.7385847, 59.644657, 59.489407, 59.4812278, 59.4326746, 59.4120476, 59.3200146, 59.3326697, 59.2923359, 59.2308574, 59.2160219, 59.1642185, 59.1737569, 59.1597098, 59.1266219, 59.1063416, 59.0780569, 
58.9982053, 59.0221889, 59.0848124, 59.0928874, 59.1702056, 59.1113374, 59.1474106, 59.0977182, 59.1161753, 59.1088424, 59.0618146, 59.0403931, 58.9886585, 58.9517019, 58.8966653, 58.8829868, 58.9037594, 58.9517019, 59.094078, 59.2031568, 59.23785, 59.3380739, 59.581165, 59.6207573, 59.644657, 59.701733, 59.790476, 59.840767, 59.8732562, 59.9548787, 60.0443649, 60.1694072, 60.2684793, 60.3432269, 60.4532127, 60.5023553, 60.5660391, 60.605148, 60.5233961, 60.4795201, 60.5097801, 60.43606, 60.4084794, 
60.3521743, 60.311361, 60.3209755, 60.3752255, 60.366141, 60.3936225, 60.3923005, 60.391696, 60.5188174, 60.6233687, 60.6318248, 60.5738683, 60.5540308, 60.4570577, 60.4965318, 60.5348256, 60.5383682, 60.6528108, 60.757524, 60.8945897, 60.9367215, 60.9992601)))"
FI198,NA,81.4,54,48.5,49.9,6.5,38,41.6,42.3,17.1,47.6,74.2,63.8,78.2,77.2,80.3,86.8,86.2,71.5,56.2,57.5,10,NA,NA,NA,NA,NA,NA,NA,NA,NA,NA,NA,FI,5,NA,NA,NA,NA,NA,NA,NA,NA,NA,NA,NA,NA,NA,NA,NA,NA,NA,NA,NA,NA,NA,NA,NA,NA,list()
FI199,NA,81.4,54,48.5,49.9,6.5,38,41.6,42.3,17.1,47.6,74.2,63.8,78.2,77.2,80.3,86.8,86.2,71.5,56.2,57.5,10,NA,NA,NA,NA,NA,NA,NA,NA,NA,NA,NA,FI,5,NA,NA,NA,NA,NA,NA,NA,NA,NA,NA,NA,NA,NA,NA,NA,NA,NA,NA,NA,NA,NA,NA,NA,NA,list()
FI19A,NA,81.4,54,48.5,49.9,6.5,38,41.6,42.3,17.1,47.6,74.2,63.8,78.2,77.2,80.3,86.8,86.2,71.5,56.2,57.5,10,NA,NA,NA,NA,NA,NA,NA,NA,NA,NA,NA,FI,5,NA,NA,NA,NA,NA,NA,NA,NA,NA,NA,NA,NA,NA,NA,NA,NA,NA,NA,NA,NA,NA,NA,NA,NA,list()
FI19B,NA,81.4,54,48.5,49.9,6.5,38,41.6,42.3,17.1,47.6,74.2,63.8,78.2,77.2,80.3,86.8,86.2,71.5,56.2,57.5,10,NA,NA,NA,NA,NA,NA,NA,NA,NA,NA,NA,FI,5,NA,NA,NA,NA,NA,NA,NA,NA,NA,NA,NA,NA,NA,NA,NA,NA,NA,NA,NA,NA,NA,NA,NA,NA,list()
FI1C6,NA,80.6,56.3,50.4,53.5,NA,34.6,37.8,37.4,16.2,44.4,73.6,62.4,77.7,76,79.4,86.2,83.4,72.7,54.3,55.6,9.2,NA,NA,NA,NA,NA,NA,NA,NA,NA,NA,NA,FI,5,NA,NA,NA,NA,NA,NA,NA,NA,NA,NA,NA,NA,NA,NA,NA,NA,NA,NA,NA,NA,NA,NA,NA,NA,list()
FI1C7,NA,80.6,56.3,50.4,53.5,NA,34.6,37.8,37.4,16.2,44.4,73.6,62.4,77.7,76,79.4,86.2,83.4,72.7,54.3,55.6,9.2,NA,NA,NA,NA,NA,NA,NA,NA,NA,NA,NA,FI,5,NA,NA,NA,NA,NA,NA,NA,NA,NA,NA,NA,NA,NA,NA,NA,NA,NA,NA,NA,NA,NA,NA,NA,NA,list()
FI1D4,NA,78.5,55.7,52.2,50,6,34.9,38,39.5,16,46.6,72.2,60.4,76.2,76.2,78,84.9,84.2,68.5,53,54,7.8,NA,NA,NA,NA,NA,NA,NA,NA,NA,NA,NA,FI,5,NA,NA,NA,NA,NA,NA,NA,NA,NA,NA,NA,NA,NA,NA,NA,NA,NA,NA,NA,NA,NA,NA,NA,NA,list()
FI1D6,NA,78.5,55.7,52.2,50,6,34.9,38,39.5,16,46.6,72.2,60.4,76.2,76.2,78,84.9,84.2,68.5,53,54,7.8,NA,NA,NA,NA,NA,NA,NA,NA,NA,NA,NA,FI,5,NA,NA,NA,NA,NA,NA,NA,NA,NA,NA,NA,NA,NA,NA,NA,NA,NA,NA,NA,NA,NA,NA,NA,NA,list()
FI1DA,NA,78.5,55.7,52.2,50,6,34.9,38,39.5,16,46.6,72.2,60.4,76.2,76.2,78,84.9,84.2,68.5,53,54,7.8,NA,NA,NA,NA,NA,NA,NA,NA,NA,NA,NA,FI,5,NA,NA,NA,NA,NA,NA,NA,NA,NA,NA,NA,NA,NA,NA,NA,NA,NA,NA,NA,NA,NA,NA,NA,NA,list()
FI1DB,NA,78.5,55.7,52.2,50,6,34.9,38,39.5,16,46.6,72.2,60.4,76.2,76.2,78,84.9,84.2,68.5,53,54,7.8,NA,NA,NA,NA,NA,NA,NA,NA,NA,NA,NA,FI,5,NA,NA,NA,NA,NA,NA,NA,NA,NA,NA,NA,NA,NA,NA,NA,NA,NA,NA,NA,NA,NA,NA,NA,NA,list()
FI1DC,NA,78.5,55.7,52.2,50,6,34.9,38,39.5,16,46.6,72.2,60.4,76.2,76.2,78,84.9,84.2,68.5,53,54,7.8,NA,NA,NA,NA,NA,NA,NA,NA,NA,NA,NA,FI,5,NA,NA,NA,NA,NA,NA,NA,NA,NA,NA,NA,NA,NA,NA,NA,NA,NA,NA,NA,NA,NA,NA,NA,NA,list()
FR21,NA,NA,NA,NA,NA,NA,NA,NA,NA,NA,NA,NA,NA,NA,NA,NA,NA,NA,NA,NA,NA,NA,NA,NA,NA,NA,NA,NA,NA,NA,NA,NA,NA,FR,4,NA,NA,NA,NA,NA,NA,NA,NA,NA,NA,NA,NA,NA,NA,NA,NA,NA,NA,NA,NA,NA,NA,NA,NA,list()
FR22,NA,NA,NA,NA,NA,NA,NA,NA,NA,NA,NA,NA,NA,NA,NA,NA,NA,NA,NA,NA,NA,NA,NA,NA,NA,NA,NA,NA,NA,NA,NA,NA,NA,FR,4,NA,NA,NA,NA,NA,NA,NA,NA,NA,NA,NA,NA,NA,NA,NA,NA,NA,NA,NA,NA,NA,NA,NA,NA,list()
FR23,NA,NA,NA,NA,NA,NA,NA,NA,NA,NA,NA,NA,NA,NA,NA,NA,NA,NA,NA,NA,NA,NA,NA,NA,NA,NA,NA,NA,NA,NA,NA,NA,NA,FR,4,NA,NA,NA,NA,NA,NA,NA,NA,NA,NA,NA,NA,NA,NA,NA,NA,NA,NA,NA,NA,NA,NA,NA,NA,list()
FR24,NA,NA,NA,NA,NA,NA,NA,NA,NA,NA,NA,NA,NA,NA,NA,NA,NA,NA,NA,NA,NA,NA,NA,NA,NA,NA,NA,NA,NA,NA,NA,NA,NA,FR,4,NA,NA,NA,NA,NA,NA,NA,NA,NA,NA,NA,NA,NA,NA,NA,NA,NA,NA,NA,NA,NA,NA,NA,NA,list()
FR25,NA,NA,NA,NA,NA,NA,NA,NA,NA,NA,NA,NA,NA,NA,NA,NA,NA,NA,NA,NA,NA,NA,NA,NA,NA,NA,NA,NA,NA,NA,NA,NA,NA,FR,4,NA,NA,NA,NA,NA,NA,NA,NA,NA,NA,NA,NA,NA,NA,NA,NA,NA,NA,NA,NA,NA,NA,NA,NA,list()
FR26,NA,NA,NA,NA,NA,NA,NA,NA,NA,NA,NA,NA,NA,NA,NA,NA,NA,NA,NA,NA,NA,NA,NA,NA,NA,NA,NA,NA,NA,NA,NA,NA,NA,FR,4,NA,NA,NA,NA,NA,NA,NA,NA,NA,NA,NA,NA,NA,NA,NA,NA,NA,NA,NA,NA,NA,NA,NA,NA,list()
FR30,NA,NA,NA,NA,NA,NA,NA,NA,NA,NA,NA,NA,NA,NA,NA,NA,NA,NA,NA,NA,NA,NA,NA,NA,NA,NA,NA,NA,NA,NA,NA,NA,NA,FR,4,NA,NA,NA,NA,NA,NA,NA,NA,NA,NA,NA,NA,NA,NA,NA,NA,NA,NA,NA,NA,NA,NA,NA,NA,list()
FR41,NA,NA,NA,NA,NA,NA,NA,NA,NA,NA,NA,NA,NA,NA,NA,NA,NA,NA,NA,NA,NA,NA,NA,NA,NA,NA,NA,NA,NA,NA,NA,NA,NA,FR,4,NA,NA,NA,NA,NA,NA,NA,NA,NA,NA,NA,NA,NA,NA,NA,NA,NA,NA,NA,NA,NA,NA,NA,NA,list()
FR42,NA,NA,NA,NA,NA,NA,NA,NA,NA,NA,NA,NA,NA,NA,NA,NA,NA,NA,NA,NA,NA,NA,NA,NA,NA,NA,NA,NA,NA,NA,NA,NA,NA,FR,4,NA,NA,NA,NA,NA,NA,NA,NA,NA,NA,NA,NA,NA,NA,NA,NA,NA,NA,NA,NA,NA,NA,NA,NA,list()
FR43,NA,NA,NA,NA,NA,NA,NA,NA,NA,NA,NA,NA,NA,NA,NA,NA,NA,NA,NA,NA,NA,NA,NA,NA,NA,NA,NA,NA,NA,NA,NA,NA,NA,FR,4,NA,NA,NA,NA,NA,NA,NA,NA,NA,NA,NA,NA,NA,NA,NA,NA,NA,NA,NA,NA,NA,NA,NA,NA,list()
FR51,NA,NA,NA,NA,NA,NA,NA,NA,NA,NA,NA,NA,NA,NA,NA,NA,NA,NA,NA,NA,NA,NA,NA,NA,NA,NA,NA,NA,NA,NA,NA,NA,NA,FR,4,NA,NA,NA,NA,NA,NA,NA,NA,NA,NA,NA,NA,NA,NA,NA,NA,NA,NA,NA,NA,NA,NA,NA,NA,list()
FR52,NA,NA,NA,NA,NA,NA,NA,NA,NA,NA,NA,NA,NA,NA,NA,NA,NA,NA,NA,NA,NA,NA,NA,NA,NA,NA,NA,NA,NA,NA,NA,NA,NA,FR,4,NA,NA,NA,NA,NA,NA,NA,NA,NA,NA,NA,NA,NA,NA,NA,NA,NA,NA,NA,NA,NA,NA,NA,NA,list()
FR53,NA,NA,NA,NA,NA,NA,NA,NA,NA,NA,NA,NA,NA,NA,NA,NA,NA,NA,NA,NA,NA,NA,NA,NA,NA,NA,NA,NA,NA,NA,NA,NA,NA,FR,4,NA,NA,NA,NA,NA,NA,NA,NA,NA,NA,NA,NA,NA,NA,NA,NA,NA,NA,NA,NA,NA,NA,NA,NA,list()
FR61,NA,NA,NA,NA,NA,NA,NA,NA,NA,NA,NA,NA,NA,NA,NA,NA,NA,NA,NA,NA,NA,NA,NA,NA,NA,NA,NA,NA,NA,NA,NA,NA,NA,FR,4,NA,NA,NA,NA,NA,NA,NA,NA,NA,NA,NA,NA,NA,NA,NA,NA,NA,NA,NA,NA,NA,NA,NA,NA,list()
FR62,NA,NA,NA,NA,NA,NA,NA,NA,NA,NA,NA,NA,NA,NA,NA,NA,NA,NA,NA,NA,NA,NA,NA,NA,NA,NA,NA,NA,NA,NA,NA,NA,NA,FR,4,NA,NA,NA,NA,NA,NA,NA,NA,NA,NA,NA,NA,NA,NA,NA,NA,NA,NA,NA,NA,NA,NA,NA,NA,list()
FR63,NA,NA,NA,NA,NA,NA,NA,NA,NA,NA,NA,NA,NA,NA,NA,NA,NA,NA,NA,NA,NA,NA,NA,NA,NA,NA,NA,NA,NA,NA,NA,NA,NA,FR,4,NA,NA,NA,NA,NA,NA,NA,NA,NA,NA,NA,NA,NA,NA,NA,NA,NA,NA,NA,NA,NA,NA,NA,NA,list()
FR71,NA,NA,NA,NA,NA,NA,NA,NA,NA,NA,NA,NA,NA,NA,NA,NA,NA,NA,NA,NA,NA,NA,NA,NA,NA,NA,NA,NA,NA,NA,NA,NA,NA,FR,4,NA,NA,NA,NA,NA,NA,NA,NA,NA,NA,NA,NA,NA,NA,NA,NA,NA,NA,NA,NA,NA,NA,NA,NA,list()
FR72,NA,NA,NA,NA,NA,NA,NA,NA,NA,NA,NA,NA,NA,NA,NA,NA,NA,NA,NA,NA,NA,NA,NA,NA,NA,NA,NA,NA,NA,NA,NA,NA,NA,FR,4,NA,NA,NA,NA,NA,NA,NA,NA,NA,NA,NA,NA,NA,NA,NA,NA,NA,NA,NA,NA,NA,NA,NA,NA,list()
FR81,NA,NA,NA,NA,NA,NA,NA,NA,NA,NA,NA,NA,NA,NA,NA,NA,NA,NA,NA,NA,NA,NA,NA,NA,NA,NA,NA,NA,NA,NA,NA,NA,NA,FR,4,NA,NA,NA,NA,NA,NA,NA,NA,NA,NA,NA,NA,NA,NA,NA,NA,NA,NA,NA,NA,NA,NA,NA,NA,list()
FR82,NA,NA,NA,NA,NA,NA,NA,NA,NA,NA,NA,NA,NA,NA,NA,NA,NA,NA,NA,NA,NA,NA,NA,NA,NA,NA,NA,NA,NA,NA,NA,NA,NA,FR,4,NA,NA,NA,NA,NA,NA,NA,NA,NA,NA,NA,NA,NA,NA,NA,NA,NA,NA,NA,NA,NA,NA,NA,NA,list()
FR83,NA,NA,NA,NA,NA,NA,NA,NA,NA,NA,NA,NA,NA,NA,NA,NA,NA,NA,NA,NA,NA,NA,NA,NA,NA,NA,NA,NA,NA,NA,NA,NA,NA,FR,4,NA,NA,NA,NA,NA,NA,NA,NA,NA,NA,NA,NA,NA,NA,NA,NA,NA,NA,NA,NA,NA,NA,NA,NA,list()
FRA1,NA,NA,NA,NA,NA,NA,NA,NA,NA,NA,NA,NA,NA,NA,NA,NA,NA,NA,NA,NA,NA,NA,NA,NA,NA,NA,NA,NA,NA,NA,NA,NA,NA,FR,4,NA,NA,NA,NA,NA,NA,NA,NA,NA,NA,NA,NA,NA,NA,NA,NA,NA,NA,NA,NA,NA,NA,NA,NA,list()
FRA2,NA,NA,NA,NA,NA,NA,NA,NA,NA,NA,NA,NA,NA,NA,NA,NA,NA,NA,NA,NA,NA,NA,NA,NA,NA,NA,NA,NA,NA,NA,NA,NA,NA,FR,4,NA,NA,NA,NA,NA,NA,NA,NA,NA,NA,NA,NA,NA,NA,NA,NA,NA,NA,NA,NA,NA,NA,NA,NA,list()
FRA3,NA,NA,NA,NA,NA,NA,NA,NA,NA,NA,NA,NA,NA,NA,NA,NA,NA,NA,NA,NA,NA,NA,NA,NA,NA,NA,NA,NA,NA,NA,NA,NA,NA,FR,4,NA,NA,NA,NA,NA,NA,NA,NA,NA,NA,NA,NA,NA,NA,NA,NA,NA,NA,NA,NA,NA,NA,NA,NA,list()
FRA4,NA,NA,NA,NA,NA,NA,NA,NA,NA,NA,NA,NA,NA,NA,NA,NA,NA,NA,NA,NA,NA,NA,NA,NA,NA,NA,NA,NA,NA,NA,NA,NA,NA,FR,4,NA,NA,NA,NA,NA,NA,NA,NA,NA,NA,NA,NA,NA,NA,NA,NA,NA,NA,NA,NA,NA,NA,NA,NA,list()
FRA5,NA,NA,NA,NA,NA,NA,NA,NA,NA,NA,NA,NA,NA,NA,NA,NA,NA,NA,NA,NA,NA,NA,NA,NA,NA,NA,NA,NA,NA,NA,NA,NA,NA,FR,4,NA,NA,NA,NA,NA,NA,NA,NA,NA,NA,NA,NA,NA,NA,NA,NA,NA,NA,NA,NA,NA,NA,NA,NA,list()
HR041,NA,NA,NA,NA,NA,NA,NA,NA,NA,NA,NA,NA,NA,NA,NA,NA,NA,NA,NA,NA,NA,NA,819901,696741,52.2224024607849,NA,NA,NA,19.495524459660373,25.959231663334965,28.433554782833536,20.88678999049885,5.2186788404941575,HR,5,NA,NA,0,0,0,0,0,0,0,0,0,0,0,0,0,0,0,0,0,0,0,0,0,0,list()
HR042,NA,NA,NA,NA,NA,NA,NA,NA,NA,NA,NA,NA,NA,NA,NA,NA,NA,NA,NA,NA,NA,NA,303119,260637,50.96183347134294,NA,NA,NA,19.33036200304171,24.009052550318522,28.070493766474552,23.552136289708002,5.025748963278448,HR,5,NA,NA,0,0,0,0,0,0,0,0,0,0,0,0,0,0,0,0,0,0,0,0,0,0,list()
HR043,NA,NA,NA,NA,NA,NA,NA,NA,NA,NA,NA,NA,NA,NA,NA,NA,NA,NA,NA,NA,NA,NA,120607,104364,51.09322012818494,NA,NA,NA,18.36377656354938,24.181846824811164,28.50746639913106,23.783859974959995,5.158904541195785,HR,5,NA,NA,0,0,0,0,0,0,0,0,0,0,0,0,0,0,0,0,0,0,0,0,0,0,list()
HR044,NA,NA,NA,NA,NA,NA,NA,NA,NA,NA,NA,NA,NA,NA,NA,NA,NA,NA,NA,NA,NA,NA,161639,139607,51.03100118164552,NA,NA,NA,18.830232802727064,24.23115708461448,28.162139087720167,23.428133061946685,5.343388662389646,HR,5,NA,NA,0,0,0,0,0,0,0,0,0,0,0,0,0,0,0,0,0,0,0,0,0,0,list()
HR045,NA,NA,NA,NA,NA,NA,NA,NA,NA,NA,NA,NA,NA,NA,NA,NA,NA,NA,NA,NA,NA,NA,102095,87443,51.21602429110143,NA,NA,NA,19.58959792350262,23.299867770214018,27.216807875018365,24.41549537195749,5.471374700034282,HR,5,NA,NA,0,0,0,0,0,0,0,0,0,0,0,0,0,0,0,0,0,0,0,0,0,0,list()
HR046,NA,NA,NA,NA,NA,NA,NA,NA,NA,NA,NA,NA,NA,NA,NA,NA,NA,NA,NA,NA,NA,NA,107038,89931,50.83895439002971,NA,NA,NA,21.39146845045685,24.05127151105215,26.58588538649825,22.718100113978213,5.2458005568115995,HR,5,NA,NA,0,0,0,0,0,0,0,0,0,0,0,0,0,0,0,0,0,0,0,0,0,0,list()
HR047,NA,NA,NA,NA,NA,NA,NA,NA,NA,NA,NA,NA,NA,NA,NA,NA,NA,NA,NA,NA,NA,NA,100892,86523,50.90691035959244,NA,NA,NA,19.485192086587638,22.691591008206796,26.424295286048448,25.734448717440433,5.656543630813147,HR,5,NA,NA,0,0,0,0,0,0,0,0,0,0,0,0,0,0,0,0,0,0,0,0,0,0,list()
HR048,NA,NA,NA,NA,NA,NA,NA,NA,NA,NA,NA,NA,NA,NA,NA,NA,NA,NA,NA,NA,NA,NA,68991,59074,51.5820904175907,NA,NA,NA,19.695322578307316,22.945021814439563,26.802046643765127,25.285906857416183,5.271702106071807,HR,5,NA,NA,0,0,0,0,0,0,0,0,0,0,0,0,0,0,0,0,0,0,0,0,0,0,list()
HR049,NA,NA,NA,NA,NA,NA,NA,NA,NA,NA,NA,NA,NA,NA,NA,NA,NA,NA,NA,NA,NA,NA,61073,52421,50.84243446367462,NA,NA,NA,19.756684623319632,23.281974031077564,25.772436264797864,25.215725443321926,5.971542252713966,HR,5,NA,NA,0,0,0,0,0,0,0,0,0,0,0,0,0,0,0,0,0,0,0,0,0,0,list()
HR04A,NA,NA,NA,NA,NA,NA,NA,NA,NA,NA,NA,NA,NA,NA,NA,NA,NA,NA,NA,NA,NA,NA,127819,109556,50.84846540811616,NA,NA,NA,19.964168081427644,24.030073776199156,25.738739936942082,24.523740601944937,5.740148178283354,HR,5,NA,NA,0,0,0,0,0,0,0,0,0,0,0,0,0,0,0,0,0,0,0,0,0,0,list()
HR04B,NA,NA,NA,NA,NA,NA,NA,NA,NA,NA,NA,NA,NA,NA,NA,NA,NA,NA,NA,NA,NA,NA,257590,222525,51.58041849450677,NA,NA,NA,18.689390116075934,24.168640086959897,26.94786288287589,24.915563492371597,5.275049497263092,HR,5,NA,NA,0,0,0,0,0,0,0,0,0,0,0,0,0,0,0,0,0,0,0,0,0,0,list()
HR04C,NA,NA,NA,NA,NA,NA,NA,NA,NA,NA,NA,NA,NA,NA,NA,NA,NA,NA,NA,NA,NA,NA,137723,118165,51.548397871089065,NA,NA,NA,20.004647008851098,23.25247053868998,25.91433529621051,25.02269047290576,5.803678397943699,HR,5,NA,NA,0,0,0,0,0,0,0,0,0,0,0,0,0,0,0,0,0,0,0,0,0,0,list()
HR04D,NA,NA,NA,NA,NA,NA,NA,NA,NA,NA,NA,NA,NA,NA,NA,NA,NA,NA,NA,NA,NA,NA,110550,96464,50.69380370872908,NA,NA,NA,17.477159656264135,21.991858887381277,27.733152419719584,25.985526910900045,6.806874717322478,HR,5,NA,NA,0,0,0,0,0,0,0,0,0,0,0,0,0,0,0,0,0,0,0,0,0,0,list()
HR04E,NA,NA,NA,NA,NA,NA,NA,NA,NA,NA,NA,NA,NA,NA,NA,NA,NA,NA,NA,NA,NA,NA,135124,117062,51.0161037269471,NA,NA,NA,18.46008111068352,21.94132796542435,26.836091293922617,26.500843669518368,6.260915899470116,HR,5,NA,NA,0,0,0,0,0,0,0,0,0,0,0,0,0,0,0,0,0,0,0,0,0,0,list()
HU101,NA,NA,NA,NA,NA,NA,NA,NA,NA,NA,NA,NA,NA,NA,NA,NA,NA,NA,NA,NA,NA,NA,NA,NA,NA,NA,NA,NA,NA,NA,NA,NA,NA,HU,5,NA,NA,NA,NA,NA,NA,NA,NA,NA,NA,NA,NA,NA,NA,NA,NA,NA,NA,NA,NA,NA,NA,NA,NA,list()
HU102,NA,NA,NA,NA,NA,NA,NA,NA,NA,NA,NA,NA,NA,NA,NA,NA,NA,NA,NA,NA,NA,NA,NA,NA,NA,NA,NA,NA,NA,NA,NA,NA,NA,HU,5,NA,NA,NA,NA,NA,NA,NA,NA,NA,NA,NA,NA,NA,NA,NA,NA,NA,NA,NA,NA,NA,NA,NA,NA,list()
IE011,NA,NA,NA,NA,NA,NA,NA,NA,NA,NA,NA,NA,NA,NA,NA,NA,NA,NA,NA,NA,NA,NA,NA,NA,NA,NA,NA,NA,NA,NA,NA,NA,NA,IE,5,NA,NA,NA,NA,NA,NA,NA,NA,NA,NA,NA,NA,NA,NA,NA,NA,NA,NA,NA,NA,NA,NA,NA,NA,list()
IE012,NA,NA,NA,NA,NA,NA,NA,NA,NA,NA,NA,NA,NA,NA,NA,NA,NA,NA,NA,NA,NA,NA,NA,NA,NA,NA,NA,NA,NA,NA,NA,NA,NA,IE,5,NA,NA,NA,NA,NA,NA,NA,NA,NA,NA,NA,NA,NA,NA,NA,NA,NA,NA,NA,NA,NA,NA,NA,NA,list()
IE013,NA,NA,NA,NA,NA,NA,NA,NA,NA,NA,NA,NA,NA,NA,NA,NA,NA,NA,NA,NA,NA,NA,NA,NA,NA,NA,NA,NA,NA,NA,NA,NA,NA,IE,5,NA,NA,NA,NA,NA,NA,NA,NA,NA,NA,NA,NA,NA,NA,NA,NA,NA,NA,NA,NA,NA,NA,NA,NA,list()
IE021,NA,NA,NA,NA,NA,NA,NA,NA,NA,NA,NA,NA,NA,NA,NA,NA,NA,NA,NA,NA,NA,NA,NA,NA,NA,NA,NA,NA,NA,NA,NA,NA,NA,IE,5,NA,NA,NA,NA,NA,NA,NA,NA,NA,NA,NA,NA,NA,NA,NA,NA,NA,NA,NA,NA,NA,NA,NA,NA,list()
IE022,NA,NA,NA,NA,NA,NA,NA,NA,NA,NA,NA,NA,NA,NA,NA,NA,NA,NA,NA,NA,NA,NA,NA,NA,NA,NA,NA,NA,NA,NA,NA,NA,NA,IE,5,NA,NA,NA,NA,NA,NA,NA,NA,NA,NA,NA,NA,NA,NA,NA,NA,NA,NA,NA,NA,NA,NA,NA,NA,list()
IE023,NA,NA,NA,NA,NA,NA,NA,NA,NA,NA,NA,NA,NA,NA,NA,NA,NA,NA,NA,NA,NA,NA,NA,NA,NA,NA,NA,NA,NA,NA,NA,NA,NA,IE,5,NA,NA,NA,NA,NA,NA,NA,NA,NA,NA,NA,NA,NA,NA,NA,NA,NA,NA,NA,NA,NA,NA,NA,NA,list()
IE024,NA,NA,NA,NA,NA,NA,NA,NA,NA,NA,NA,NA,NA,NA,NA,NA,NA,NA,NA,NA,NA,NA,NA,NA,NA,NA,NA,NA,NA,NA,NA,NA,NA,IE,5,NA,NA,NA,NA,NA,NA,NA,NA,NA,NA,NA,NA,NA,NA,NA,NA,NA,NA,NA,NA,NA,NA,NA,NA,list()
IE025,NA,NA,NA,NA,NA,NA,NA,NA,NA,NA,NA,NA,NA,NA,NA,NA,NA,NA,NA,NA,NA,NA,NA,NA,NA,NA,NA,NA,NA,NA,NA,NA,NA,IE,5,NA,NA,NA,NA,NA,NA,NA,NA,NA,NA,NA,NA,NA,NA,NA,NA,NA,NA,NA,NA,NA,NA,NA,NA,list()
NL35,NA,62.5,25.3,28.4,23.4,29.6,66.1,56.4,66.9,NA,76.7,84,76,85.1,87.4,85.7,89.2,87.3,78.3,69.7,68.4,13.8,1387643,1156053,50.79339570768562,NA,NA,NA,22.615543046734643,27.47486205025356,26.03738857905095,19.563389142596474,4.294980769549516,NL,4,NA,NA,0,0,0,0,0,0,0,0,0,0,0,0,0,0,0,0,0,0,0,0,0,0,list()
NL36,NA,62.1,33.2,35.1,32,24.9,54.9,45.2,54.3,NA,72.3,81.1,72.7,82.9,86.7,83.3,86.5,85.2,74.5,66,64.8,10.8,3804906,3194946,50.54101205128326,NA,NA,NA,21.73793518157873,27.178332395070996,26.11094728752826,20.387888688971554,4.569416432363901,NL,4,NA,NA,0,0,0,0,0,0,0,0,0,0,0,0,0,0,0,0,0,0,0,0,0,0,list()
NO01,NA,NA,NA,NA,NA,NA,NA,NA,NA,NA,NA,NA,NA,NA,NA,NA,NA,NA,NA,NA,NA,NA,NA,NA,NA,NA,NA,NA,NA,NA,NA,NA,NA,NO,4,NA,NA,NA,NA,NA,NA,NA,NA,NA,NA,NA,NA,NA,NA,NA,NA,NA,NA,NA,NA,NA,NA,NA,NA,list()
NO03,NA,NA,NA,NA,NA,NA,NA,NA,NA,NA,NA,NA,NA,NA,NA,NA,NA,NA,NA,NA,NA,NA,NA,NA,NA,NA,NA,NA,NA,NA,NA,NA,NA,NO,4,NA,NA,NA,NA,NA,NA,NA,NA,NA,NA,NA,NA,NA,NA,NA,NA,NA,NA,NA,NA,NA,NA,NA,NA,list()
NO04,NA,NA,NA,NA,NA,NA,NA,NA,NA,NA,NA,NA,NA,NA,NA,NA,NA,NA,NA,NA,NA,NA,NA,NA,NA,NA,NA,NA,NA,NA,NA,NA,NA,NO,4,NA,NA,NA,NA,NA,NA,NA,NA,NA,NA,NA,NA,NA,NA,NA,NA,NA,NA,NA,NA,NA,NA,NA,NA,list()
NO05,NA,NA,NA,NA,NA,NA,NA,NA,NA,NA,NA,NA,NA,NA,NA,NA,NA,NA,NA,NA,NA,NA,NA,NA,NA,NA,NA,NA,NA,NA,NA,NA,NA,NO,4,NA,NA,NA,NA,NA,NA,NA,NA,NA,NA,NA,NA,NA,NA,NA,NA,NA,NA,NA,NA,NA,NA,NA,NA,list()
PL11,NA,NA,NA,NA,NA,NA,NA,NA,NA,NA,NA,NA,NA,NA,NA,NA,NA,NA,NA,NA,NA,NA,NA,NA,NA,NA,NA,NA,NA,NA,NA,NA,NA,PL,4,NA,NA,NA,NA,NA,NA,NA,NA,NA,NA,NA,NA,NA,NA,NA,NA,NA,NA,NA,NA,NA,NA,NA,NA,list()
PL12,NA,NA,NA,NA,NA,NA,NA,NA,NA,NA,NA,NA,NA,NA,NA,NA,NA,NA,NA,NA,NA,NA,NA,NA,NA,NA,NA,NA,NA,NA,NA,NA,NA,PL,4,NA,NA,NA,NA,NA,NA,NA,NA,NA,NA,NA,NA,NA,NA,NA,NA,NA,NA,NA,NA,NA,NA,NA,NA,list()
PL31,NA,NA,NA,NA,NA,NA,NA,NA,NA,NA,NA,NA,NA,NA,NA,NA,NA,NA,NA,NA,NA,NA,NA,NA,NA,NA,NA,NA,NA,NA,NA,NA,NA,PL,4,NA,NA,NA,NA,NA,NA,NA,NA,NA,NA,NA,NA,NA,NA,NA,NA,NA,NA,NA,NA,NA,NA,NA,NA,list()
PL32,NA,NA,NA,NA,NA,NA,NA,NA,NA,NA,NA,NA,NA,NA,NA,NA,NA,NA,NA,NA,NA,NA,NA,NA,NA,NA,NA,NA,NA,NA,NA,NA,NA,PL,4,NA,NA,NA,NA,NA,NA,NA,NA,NA,NA,NA,NA,NA,NA,NA,NA,NA,NA,NA,NA,NA,NA,NA,NA,list()
PL33,NA,NA,NA,NA,NA,NA,NA,NA,NA,NA,NA,NA,NA,NA,NA,NA,NA,NA,NA,NA,NA,NA,NA,NA,NA,NA,NA,NA,NA,NA,NA,NA,NA,PL,4,NA,NA,NA,NA,NA,NA,NA,NA,NA,NA,NA,NA,NA,NA,NA,NA,NA,NA,NA,NA,NA,NA,NA,NA,list()
PL34,NA,NA,NA,NA,NA,NA,NA,NA,NA,NA,NA,NA,NA,NA,NA,NA,NA,NA,NA,NA,NA,NA,NA,NA,NA,NA,NA,NA,NA,NA,NA,NA,NA,PL,4,NA,NA,NA,NA,NA,NA,NA,NA,NA,NA,NA,NA,NA,NA,NA,NA,NA,NA,NA,NA,NA,NA,NA,NA,list()
PT19,NA,61.3,41.3,27.2,41.1,28.3,42.5,29.2,40.3,NA,28.6,73.6,63,79.2,85.6,82.1,88.1,87.9,68.9,53.2,56.2,9.2,1672267,1477063,52.2461425119314,0.2144394405917237,3.155716162550598,NA,16.23658183770893,20.24252108066475,28.324842863011707,26.437345232549585,8.719779795929718,PT,4,NA,NA,0,0,0,0,0,0,0,0,0,0,0,0,0,0,0,0,0,0,0,0,0,0,list()
PT1A,NA,56.9,35.9,30.8,37.1,27.3,50.2,42.4,46.9,NA,26.5,74.9,66.6,81,86.6,84.5,90,87.5,73,58.4,62.9,10.5,2097742,1791730,53.01891271662578,0.9033046008517731,4.068183789998961,NA,19.751475634277238,23.763217783693133,28.791386166649666,21.35815557871273,6.310737926780319,PT,4,NA,NA,0,0,0,0,0,0,0,0,0,0,0,0,0,0,0,0,0,0,0,0,0,0,list()
PT1B,NA,59.5,38.8,33.7,38.4,29.7,43.2,33.8,40.2,NA,23.3,70.9,62.1,77.1,79.6,80.7,88.6,86,67,54.3,58.7,8.8,823822,704360,52.56026180412759,1.3181245463218998,9.507029431114974,NA,19.868126852645354,22.178941567474528,29.049721905945702,22.681355923973868,6.199640213541275,PT,4,NA,NA,0,0,0,0,0,0,0,0,0,0,0,0,0,0,0,0,0,0,0,0,0,0,list()
PT1C,NA,64.7,45.2,31.2,41.2,22.9,32.6,21.1,34.5,NA,27.6,72.4,62.3,77.9,86.2,80.8,87.9,84.4,67.5,52.4,55.5,8.8,472735,414396,51.06941521148212,0.6312204512041629,12.893481548859297,NA,16.9648957661269,20.164362697917436,27.99602314192941,25.69050313600643,9.142119792272627,PT,4,NA,NA,0,0,0,0,0,0,0,0,0,0,0,0,0,0,0,0,0,0,0,0,0,0,list()
PT1D,NA,58.5,43.6,31,42.7,24.4,36.1,24.2,37.3,NA,26.8,71.7,62.1,77.6,83.6,80.8,89.7,87.7,63.6,53.2,56.7,8.9,836948,730439,51.94826918757198,0.5106649397573088,7.0287520849562934,NA,17.751401520763537,20.85063827143383,28.664743807261623,24.663658913098544,8.033235039691833,PT,4,NA,NA,0,0,0,0,0,0,0,0,0,0,0,0,0,0,0,0,0,0,0,0,0,0,list()
ATZZ,NA,NA,NA,NA,NA,NA,NA,NA,NA,NA,NA,NA,NA,NA,NA,NA,NA,NA,NA,NA,NA,NA,NA,NA,NA,NA,NA,NA,NA,NA,NA,NA,NA,AT,4,NA,NA,NA,NA,NA,NA,NA,NA,NA,NA,NA,NA,NA,NA,NA,NA,NA,NA,NA,NA,NA,NA,NA,NA,list()
BEZZ,NA,NA,NA,NA,NA,NA,NA,NA,NA,NA,NA,NA,NA,NA,NA,NA,NA,NA,NA,NA,NA,NA,NA,NA,NA,NA,NA,NA,NA,NA,NA,NA,NA,BE,4,NA,NA,NA,NA,NA,NA,NA,NA,NA,NA,NA,NA,NA,NA,NA,NA,NA,NA,NA,NA,NA,NA,NA,NA,list()
DEZ,NA,NA,NA,NA,NA,NA,NA,NA,NA,NA,NA,NA,NA,NA,NA,NA,NA,NA,NA,NA,NA,NA,NA,NA,NA,NA,NA,NA,NA,NA,NA,NA,NA,DE,3,NA,NA,NA,NA,NA,NA,NA,NA,NA,NA,NA,NA,NA,NA,NA,NA,NA,NA,NA,NA,NA,NA,NA,NA,list()
ESZZ,NA,NA,NA,NA,NA,NA,NA,NA,NA,NA,NA,NA,NA,NA,NA,NA,NA,NA,NA,NA,NA,NA,NA,NA,NA,NA,NA,NA,NA,NA,NA,NA,NA,ES,4,NA,NA,NA,NA,NA,NA,NA,NA,NA,NA,NA,NA,NA,NA,NA,NA,NA,NA,NA,NA,NA,NA,NA,NA,list()
FIZZZ,NA,NA,NA,NA,NA,NA,NA,NA,NA,NA,NA,NA,NA,NA,NA,NA,NA,NA,NA,NA,NA,NA,NA,NA,NA,NA,NA,NA,NA,NA,NA,NA,NA,FI,5,NA,NA,NA,NA,NA,NA,NA,NA,NA,NA,NA,NA,NA,NA,NA,NA,NA,NA,NA,NA,NA,NA,NA,NA,list()
ITZ,NA,NA,NA,NA,NA,NA,NA,NA,NA,NA,NA,NA,NA,NA,NA,NA,NA,NA,NA,NA,NA,NA,NA,NA,NA,NA,NA,NA,NA,NA,NA,NA,NA,IT,3,NA,NA,NA,NA,NA,NA,NA,NA,NA,NA,NA,NA,NA,NA,NA,NA,NA,NA,NA,NA,NA,NA,NA,NA,list()
NLZZ,NA,NA,NA,NA,NA,NA,NA,NA,NA,NA,NA,NA,NA,NA,NA,NA,NA,NA,NA,NA,NA,NA,NA,NA,NA,NA,NA,NA,NA,NA,NA,NA,NA,NL,4,NA,NA,NA,NA,NA,NA,NA,NA,NA,NA,NA,NA,NA,NA,NA,NA,NA,NA,NA,NA,NA,NA,NA,NA,list()
NOZZ,NA,NA,NA,NA,NA,NA,NA,NA,NA,NA,NA,NA,NA,NA,NA,NA,NA,NA,NA,NA,NA,NA,NA,NA,NA,NA,NA,NA,NA,NA,NA,NA,NA,NO,4,NA,NA,NA,NA,NA,NA,NA,NA,NA,NA,NA,NA,NA,NA,NA,NA,NA,NA,NA,NA,NA,NA,NA,NA,list()
PTZZ,NA,NA,NA,NA,NA,NA,NA,NA,NA,NA,NA,NA,NA,NA,NA,NA,NA,NA,NA,NA,NA,NA,NA,NA,NA,NA,NA,NA,NA,NA,NA,NA,NA,PT,4,NA,NA,NA,NA,NA,NA,NA,NA,NA,NA,NA,NA,NA,NA,NA,NA,NA,NA,NA,NA,NA,NA,NA,NA,list()
SEZZ,NA,NA,NA,NA,NA,NA,NA,NA,NA,NA,NA,NA,NA,NA,NA,NA,NA,NA,NA,NA,NA,NA,NA,NA,NA,NA,NA,NA,NA,NA,NA,NA,NA,SE,4,NA,NA,NA,NA,NA,NA,NA,NA,NA,NA,NA,NA,NA,NA,NA,NA,NA,NA,NA,NA,NA,NA,NA,NA,list()
SIZZZ,NA,NA,NA,NA,NA,NA,NA,NA,NA,NA,NA,NA,NA,NA,NA,NA,NA,NA,NA,NA,NA,NA,NA,NA,NA,NA,NA,NA,NA,NA,NA,NA,NA,SI,5,NA,NA,NA,NA,NA,NA,NA,NA,NA,NA,NA,NA,NA,NA,NA,NA,NA,NA,NA,NA,NA,NA,NA,NA,list()
