"fit_key","model_index","response_index","response_var","spec_index","spec_code","domain","gamma"
"best_fit_1a",1,1,"F1_Direct",1,"a","AT11",0.0121127151445812
"best_fit_1a",1,1,"F1_Direct",1,"a","AT12",0.0499280115256009
"best_fit_1a",1,1,"F1_Direct",1,"a","AT13",0.0333227109416797
"best_fit_1a",1,1,"F1_Direct",1,"a","AT21",0.0234795320270243
"best_fit_1a",1,1,"F1_Direct",1,"a","AT22",0.0569001471802681
"best_fit_1a",1,1,"F1_Direct",1,"a","AT31",0.0495634812963737
"best_fit_1a",1,1,"F1_Direct",1,"a","AT32",0.0191713374864076
"best_fit_1a",1,1,"F1_Direct",1,"a","AT33",0.0287514296531312
"best_fit_1a",1,1,"F1_Direct",1,"a","AT34",0.0222773872118858
"best_fit_1a",1,1,"F1_Direct",1,"a","BE10",0.0203079497431243
"best_fit_1a",1,1,"F1_Direct",1,"a","BE21",0.0542006724127069
"best_fit_1a",1,1,"F1_Direct",1,"a","BE22",0.0358400134938603
"best_fit_1a",1,1,"F1_Direct",1,"a","BE23",0.0409128481373994
"best_fit_1a",1,1,"F1_Direct",1,"a","BE24",0.0287016315890593
"best_fit_1a",1,1,"F1_Direct",1,"a","BE25",0.0337689316330913
"best_fit_1a",1,1,"F1_Direct",1,"a","BE31",0.00671281332551924
"best_fit_1a",1,1,"F1_Direct",1,"a","BE32",0.0301952065493336
"best_fit_1a",1,1,"F1_Direct",1,"a","BE33",0.0210216807785663
"best_fit_1a",1,1,"F1_Direct",1,"a","BE34",0.00469275715132293
"best_fit_1a",1,1,"F1_Direct",1,"a","BE35",0.00785171768044293
"best_fit_1a",1,1,"F1_Direct",1,"a","BG311",0.00451539094133272
"best_fit_1a",1,1,"F1_Direct",1,"a","BG312",0.00732789407036306
"best_fit_1a",1,1,"F1_Direct",1,"a","BG313",0.013929166949259
"best_fit_1a",1,1,"F1_Direct",1,"a","BG314",0.0166478825154962
"best_fit_1a",1,1,"F1_Direct",1,"a","BG315",0.010742000395052
"best_fit_1a",1,1,"F1_Direct",1,"a","BG321",0.0150749309896984
"best_fit_1a",1,1,"F1_Direct",1,"a","BG322",0.00845768341805853
"best_fit_1a",1,1,"F1_Direct",1,"a","BG323",0.0101964030238206
"best_fit_1a",1,1,"F1_Direct",1,"a","BG324",0.0164473367515589
"best_fit_1a",1,1,"F1_Direct",1,"a","BG325",0.00542245835412124
"best_fit_1a",1,1,"F1_Direct",1,"a","BG331",0.0145028529536875
"best_fit_1a",1,1,"F1_Direct",1,"a","BG332",0.00466003251953433
"best_fit_1a",1,1,"F1_Direct",1,"a","BG333",0.00890855534348736
"best_fit_1a",1,1,"F1_Direct",1,"a","BG334",0.00278709105469067
"best_fit_1a",1,1,"F1_Direct",1,"a","BG341",0.0128558092627842
"best_fit_1a",1,1,"F1_Direct",1,"a","BG342",0.00704283096977358
"best_fit_1a",1,1,"F1_Direct",1,"a","BG343",0.00643807671676993
"best_fit_1a",1,1,"F1_Direct",1,"a","BG344",0.0177384616088958
"best_fit_1a",1,1,"F1_Direct",1,"a","BG411",0.0367844289533859
"best_fit_1a",1,1,"F1_Direct",1,"a","BG412",0.0255978738586669
"best_fit_1a",1,1,"F1_Direct",1,"a","BG413",0.0263284128331484
"best_fit_1a",1,1,"F1_Direct",1,"a","BG414",0.00696290752384318
"best_fit_1a",1,1,"F1_Direct",1,"a","BG415",0.00697070609794109
"best_fit_1a",1,1,"F1_Direct",1,"a","BG421",0.024640277549143
"best_fit_1a",1,1,"F1_Direct",1,"a","BG422",0.00888688516340234
"best_fit_1a",1,1,"F1_Direct",1,"a","BG423",0.00811237213309557
"best_fit_1a",1,1,"F1_Direct",1,"a","BG424",0.00817974680808427
"best_fit_1a",1,1,"F1_Direct",1,"a","BG425",0.00814865713803289
"best_fit_1a",1,1,"F1_Direct",1,"a","CH01",0.0378221497389336
"best_fit_1a",1,1,"F1_Direct",1,"a","CH02",0.0505799255257949
"best_fit_1a",1,1,"F1_Direct",1,"a","CH03",0.0223674996139732
"best_fit_1a",1,1,"F1_Direct",1,"a","CH04",0.02693204991337
"best_fit_1a",1,1,"F1_Direct",1,"a","CH05",0.0266476658159357
"best_fit_1a",1,1,"F1_Direct",1,"a","CH06",0.0201062591263226
"best_fit_1a",1,1,"F1_Direct",1,"a","CH07",0.00783077334738244
"best_fit_1a",1,1,"F1_Direct",1,"a","DE1",0.0567653436688812
"best_fit_1a",1,1,"F1_Direct",1,"a","DE2",0.0700205161386855
"best_fit_1a",1,1,"F1_Direct",1,"a","DE3",0.0129151065666384
"best_fit_1a",1,1,"F1_Direct",1,"a","DE4",0.0152683030231139
"best_fit_1a",1,1,"F1_Direct",1,"a","DE6",0.0060748483227564
"best_fit_1a",1,1,"F1_Direct",1,"a","DE7",0.0317927472039418
"best_fit_1a",1,1,"F1_Direct",1,"a","DE8",0.00677324207339155
"best_fit_1a",1,1,"F1_Direct",1,"a","DE9",0.036808786673293
"best_fit_1a",1,1,"F1_Direct",1,"a","DEA",0.101584548204896
"best_fit_1a",1,1,"F1_Direct",1,"a","DEB",0.0182760529965997
"best_fit_1a",1,1,"F1_Direct",1,"a","DEC",0.00551292131736296
"best_fit_1a",1,1,"F1_Direct",1,"a","DED",0.0219345324322853
"best_fit_1a",1,1,"F1_Direct",1,"a","DEE",0.0127407320321333
"best_fit_1a",1,1,"F1_Direct",1,"a","DEF",0.0187297245844891
"best_fit_1a",1,1,"F1_Direct",1,"a","DEG",0.00973204019476317
"best_fit_1a",1,1,"F1_Direct",1,"a","EL30",0.0820236974671726
"best_fit_1a",1,1,"F1_Direct",1,"a","EL41",0.0170549281651991
"best_fit_1a",1,1,"F1_Direct",1,"a","EL42",0.0253922611824784
"best_fit_1a",1,1,"F1_Direct",1,"a","EL43",0.023410640463596
"best_fit_1a",1,1,"F1_Direct",1,"a","EL51",0.0284002373017692
"best_fit_1a",1,1,"F1_Direct",1,"a","EL52",0.0632862541602717
"best_fit_1a",1,1,"F1_Direct",1,"a","EL53",0.0102460286849483
"best_fit_1a",1,1,"F1_Direct",1,"a","EL54",0.0086944080293224
"best_fit_1a",1,1,"F1_Direct",1,"a","EL61",0.026587726557169
"best_fit_1a",1,1,"F1_Direct",1,"a","EL62",0.00736081226975913
"best_fit_1a",1,1,"F1_Direct",1,"a","EL63",0.0333974072061129
"best_fit_1a",1,1,"F1_Direct",1,"a","EL64",0.0208980942710443
"best_fit_1a",1,1,"F1_Direct",1,"a","EL65",0.0176524904339825
"best_fit_1a",1,1,"F1_Direct",1,"a","ES11",0.027970275742405
"best_fit_1a",1,1,"F1_Direct",1,"a","ES12",0.00236060146758156
"best_fit_1a",1,1,"F1_Direct",1,"a","ES13",0.00657520338308805
"best_fit_1a",1,1,"F1_Direct",1,"a","ES21",0.0148610628442773
"best_fit_1a",1,1,"F1_Direct",1,"a","ES22",0.00849926854557083
"best_fit_1a",1,1,"F1_Direct",1,"a","ES23",0.000993801063019282
"best_fit_1a",1,1,"F1_Direct",1,"a","ES24",0.0104665377751212
"best_fit_1a",1,1,"F1_Direct",1,"a","ES30",0.0498972589083489
"best_fit_1a",1,1,"F1_Direct",1,"a","ES41",0.020512961995676
"best_fit_1a",1,1,"F1_Direct",1,"a","ES42",0.0138408479029567
"best_fit_1a",1,1,"F1_Direct",1,"a","ES43",0.0117243678171345
"best_fit_1a",1,1,"F1_Direct",1,"a","ES51",0.0410762829107346
"best_fit_1a",1,1,"F1_Direct",1,"a","ES52",0.0316805029906171
"best_fit_1a",1,1,"F1_Direct",1,"a","ES53",0.00185282667787515
"best_fit_1a",1,1,"F1_Direct",1,"a","ES61",0.0606737640576687
"best_fit_1a",1,1,"F1_Direct",1,"a","ES62",0.0086169237774597
"best_fit_1a",1,1,"F1_Direct",1,"a","ES70",0.00709702929961504
"best_fit_1a",1,1,"F1_Direct",1,"a","FI193",0.0133626853427184
"best_fit_1a",1,1,"F1_Direct",1,"a","FI194",0.00910933205086142
"best_fit_1a",1,1,"F1_Direct",1,"a","FI195",0.0081650044204966
"best_fit_1a",1,1,"F1_Direct",1,"a","FI196",0.0123652234113962
"best_fit_1a",1,1,"F1_Direct",1,"a","FI197",0.0331997203162826
"best_fit_1a",1,1,"F1_Direct",1,"a","FI1B1",0.0742969337829241
"best_fit_1a",1,1,"F1_Direct",1,"a","FI1C1",0.0258580888964967
"best_fit_1a",1,1,"F1_Direct",1,"a","FI1C2",0.00734334657087953
"best_fit_1a",1,1,"F1_Direct",1,"a","FI1C3",0.0129624796974869
"best_fit_1a",1,1,"F1_Direct",1,"a","FI1C4",0.0134001520672303
"best_fit_1a",1,1,"F1_Direct",1,"a","FI1C5",0.00608530820001996
"best_fit_1a",1,1,"F1_Direct",1,"a","FI1D1",0.00713210160266429
"best_fit_1a",1,1,"F1_Direct",1,"a","FI1D2",0.0146686618142219
"best_fit_1a",1,1,"F1_Direct",1,"a","FI1D3",0.00898364291218535
"best_fit_1a",1,1,"F1_Direct",1,"a","FI1D5",0.00230980920265152
"best_fit_1a",1,1,"F1_Direct",1,"a","FI1D7",0.00815856397623259
"best_fit_1a",1,1,"F1_Direct",1,"a","FI1D8",0.00537999831854167
"best_fit_1a",1,1,"F1_Direct",1,"a","FI1D9",0.0144368840924773
"best_fit_1a",1,1,"F1_Direct",1,"a","FR10",0.0417020582622572
"best_fit_1a",1,1,"F1_Direct",1,"a","FRB0",0.0154902835926341
"best_fit_1a",1,1,"F1_Direct",1,"a","FRC1",0.00805857739879544
"best_fit_1a",1,1,"F1_Direct",1,"a","FRC2",0.00617342991142071
"best_fit_1a",1,1,"F1_Direct",1,"a","FRD1",0.00412997049513832
"best_fit_1a",1,1,"F1_Direct",1,"a","FRD2",0.0126905878792071
"best_fit_1a",1,1,"F1_Direct",1,"a","FRE1",0.0191760053932414
"best_fit_1a",1,1,"F1_Direct",1,"a","FRE2",0.00947570697840471
"best_fit_1a",1,1,"F1_Direct",1,"a","FRF1",0.00953754500952698
"best_fit_1a",1,1,"F1_Direct",1,"a","FRF2",0.00484740941244959
"best_fit_1a",1,1,"F1_Direct",1,"a","FRF3",0.0123495828227773
"best_fit_1a",1,1,"F1_Direct",1,"a","FRG0",0.0226126944108136
"best_fit_1a",1,1,"F1_Direct",1,"a","FRH0",0.0187234555856504
"best_fit_1a",1,1,"F1_Direct",1,"a","FRI1",0.0174376974297535
"best_fit_1a",1,1,"F1_Direct",1,"a","FRI2",0.00359612356972228
"best_fit_1a",1,1,"F1_Direct",1,"a","FRI3",0.00995494745488809
"best_fit_1a",1,1,"F1_Direct",1,"a","FRJ1",0.00992495175974417
"best_fit_1a",1,1,"F1_Direct",1,"a","FRJ2",0.0140286324094371
"best_fit_1a",1,1,"F1_Direct",1,"a","FRK1",0.00728822161231748
"best_fit_1a",1,1,"F1_Direct",1,"a","FRK2",0.034279539391092
"best_fit_1a",1,1,"F1_Direct",1,"a","FRL0",0.0170757519571363
"best_fit_1a",1,1,"F1_Direct",1,"a","HR031",0.0199838185976053
"best_fit_1a",1,1,"F1_Direct",1,"a","HR032",0.00500399971381695
"best_fit_1a",1,1,"F1_Direct",1,"a","HR033",0.0104750013828549
"best_fit_1a",1,1,"F1_Direct",1,"a","HR034",0.00458745850262568
"best_fit_1a",1,1,"F1_Direct",1,"a","HR035",0.0259718102674102
"best_fit_1a",1,1,"F1_Direct",1,"a","HR036",0.0102102423135672
"best_fit_1a",1,1,"F1_Direct",1,"a","HR037",0.00801110590239262
"best_fit_1a",1,1,"F1_Direct",1,"a","HU110",0.0280145838712801
"best_fit_1a",1,1,"F1_Direct",1,"a","HU120",0.0361276742361249
"best_fit_1a",1,1,"F1_Direct",1,"a","HU211",0.0164132133689961
"best_fit_1a",1,1,"F1_Direct",1,"a","HU212",0.0152758793064828
"best_fit_1a",1,1,"F1_Direct",1,"a","HU213",0.0212295718858618
"best_fit_1a",1,1,"F1_Direct",1,"a","HU221",0.00582064115078011
"best_fit_1a",1,1,"F1_Direct",1,"a","HU222",0.012711529448231
"best_fit_1a",1,1,"F1_Direct",1,"a","HU223",0.00934031117320085
"best_fit_1a",1,1,"F1_Direct",1,"a","HU231",0.00987221602538516
"best_fit_1a",1,1,"F1_Direct",1,"a","HU232",0.00929181415458837
"best_fit_1a",1,1,"F1_Direct",1,"a","HU233",0.000616368170458171
"best_fit_1a",1,1,"F1_Direct",1,"a","HU311",0.0326081816948534
"best_fit_1a",1,1,"F1_Direct",1,"a","HU312",0.0097484611632754
"best_fit_1a",1,1,"F1_Direct",1,"a","HU313",0.00124701511517695
"best_fit_1a",1,1,"F1_Direct",1,"a","HU321",0.0222749404605179
"best_fit_1a",1,1,"F1_Direct",1,"a","HU322",0.00589247801588094
"best_fit_1a",1,1,"F1_Direct",1,"a","HU323",0.0541582960388431
"best_fit_1a",1,1,"F1_Direct",1,"a","HU331",0.0106858378196115
"best_fit_1a",1,1,"F1_Direct",1,"a","HU332",0.00316392700464675
"best_fit_1a",1,1,"F1_Direct",1,"a","HU333",0.0116411224451323
"best_fit_1a",1,1,"F1_Direct",1,"a","IE041",0.0233983381836385
"best_fit_1a",1,1,"F1_Direct",1,"a","IE042",0.0229449024978334
"best_fit_1a",1,1,"F1_Direct",1,"a","IE051",0.0337867854982727
"best_fit_1a",1,1,"F1_Direct",1,"a","IE052",0.0254730939611631
"best_fit_1a",1,1,"F1_Direct",1,"a","IE053",0.0320099400757287
"best_fit_1a",1,1,"F1_Direct",1,"a","IE061",0.066397169413104
"best_fit_1a",1,1,"F1_Direct",1,"a","IE062",0.0244921655552925
"best_fit_1a",1,1,"F1_Direct",1,"a","IE063",0.0242331515255393
"best_fit_1a",1,1,"F1_Direct",1,"a","ITC",0.119188183383022
"best_fit_1a",1,1,"F1_Direct",1,"a","ITF",0.0804427974429008
"best_fit_1a",1,1,"F1_Direct",1,"a","ITG",0.0420518331143987
"best_fit_1a",1,1,"F1_Direct",1,"a","ITH",0.0741577538502929
"best_fit_1a",1,1,"F1_Direct",1,"a","ITI",0.068399275062796
"best_fit_1a",1,1,"F1_Direct",1,"a","NL11",0.00795489805188276
"best_fit_1a",1,1,"F1_Direct",1,"a","NL12",0.0133107651543492
"best_fit_1a",1,1,"F1_Direct",1,"a","NL13",0.0107383258179577
"best_fit_1a",1,1,"F1_Direct",1,"a","NL21",0.0243111517306754
"best_fit_1a",1,1,"F1_Direct",1,"a","NL22",0.0378247021748619
"best_fit_1a",1,1,"F1_Direct",1,"a","NL23",0.00733754413547311
"best_fit_1a",1,1,"F1_Direct",1,"a","NL32",0.0424481565998561
"best_fit_1a",1,1,"F1_Direct",1,"a","NL34",0.00808320887121122
"best_fit_1a",1,1,"F1_Direct",1,"a","NL41",0.0375860663662404
"best_fit_1a",1,1,"F1_Direct",1,"a","NL42",0.0194508363509212
"best_fit_1a",1,1,"F1_Direct",1,"a","NO02",0.0157468060206306
"best_fit_1a",1,1,"F1_Direct",1,"a","NO06",0.0239243805301685
"best_fit_1a",1,1,"F1_Direct",1,"a","NO07",0.0184459663161657
"best_fit_1a",1,1,"F1_Direct",1,"a","NO08",0.0751356944266052
"best_fit_1a",1,1,"F1_Direct",1,"a","NO09",0.0376854451912823
"best_fit_1a",1,1,"F1_Direct",1,"a","NO0A",0.0574225112643928
"best_fit_1a",1,1,"F1_Direct",1,"a","PL21",0.0171153082399025
"best_fit_1a",1,1,"F1_Direct",1,"a","PL22",0.0233931952079085
"best_fit_1a",1,1,"F1_Direct",1,"a","PL41",0.0168410020220177
"best_fit_1a",1,1,"F1_Direct",1,"a","PL42",0.00685169629758415
"best_fit_1a",1,1,"F1_Direct",1,"a","PL43",0.00472736842588622
"best_fit_1a",1,1,"F1_Direct",1,"a","PL51",0.014355935555434
"best_fit_1a",1,1,"F1_Direct",1,"a","PL52",0.00593022156001868
"best_fit_1a",1,1,"F1_Direct",1,"a","PL61",0.00867755126946276
"best_fit_1a",1,1,"F1_Direct",1,"a","PL62",0.0046256092469805
"best_fit_1a",1,1,"F1_Direct",1,"a","PL63",0.0135668043649248
"best_fit_1a",1,1,"F1_Direct",1,"a","PL71",0.0205848273310558
"best_fit_1a",1,1,"F1_Direct",1,"a","PL72",0.00853241414975981
"best_fit_1a",1,1,"F1_Direct",1,"a","PL81",0.00757630602936134
"best_fit_1a",1,1,"F1_Direct",1,"a","PL84",0.00696123371961726
"best_fit_1a",1,1,"F1_Direct",1,"a","PL91",0.0185682927008398
"best_fit_1a",1,1,"F1_Direct",1,"a","PL92",0.0126839582505169
"best_fit_1a",1,1,"F1_Direct",1,"a","PT11",0.0492473508944033
"best_fit_1a",1,1,"F1_Direct",1,"a","PT15",0.00813739839678088
"best_fit_1a",1,1,"F1_Direct",1,"a","SE11",0.0405814294276264
"best_fit_1a",1,1,"F1_Direct",1,"a","SE12",0.0324850202132517
"best_fit_1a",1,1,"F1_Direct",1,"a","SE21",0.0167885443484255
"best_fit_1a",1,1,"F1_Direct",1,"a","SE22",0.0320301730889965
"best_fit_1a",1,1,"F1_Direct",1,"a","SE23",0.0436825587862638
"best_fit_1a",1,1,"F1_Direct",1,"a","SE31",0.0178981169952171
"best_fit_1a",1,1,"F1_Direct",1,"a","SE32",0.00862370917667703
"best_fit_1a",1,1,"F1_Direct",1,"a","SE33",0.0187632014493764
"best_fit_1a",1,1,"F1_Direct",1,"a","SI031",0.0121380320657016
"best_fit_1a",1,1,"F1_Direct",1,"a","SI032",0.0274084382112994
"best_fit_1a",1,1,"F1_Direct",1,"a","SI033",0.00546731556954972
"best_fit_1a",1,1,"F1_Direct",1,"a","SI034",0.0286313441121415
"best_fit_1a",1,1,"F1_Direct",1,"a","SI035",0.0042867565796577
"best_fit_1a",1,1,"F1_Direct",1,"a","SI036",0.0081138362364436
"best_fit_1a",1,1,"F1_Direct",1,"a","SI037",0.0163258028142795
"best_fit_1a",1,1,"F1_Direct",1,"a","SI038",0.0039631216829415
"best_fit_1a",1,1,"F1_Direct",1,"a","SI041",0.042147009470866
"best_fit_1a",1,1,"F1_Direct",1,"a","SI042",0.0175649912648336
"best_fit_1a",1,1,"F1_Direct",1,"a","SI043",0.0146140650635054
"best_fit_1a",1,1,"F1_Direct",1,"a","SI044",0.0123211873363462
"best_fit_1b",2,1,"F1_Direct",2,"b","AT11",0.772489348337018
"best_fit_1b",2,1,"F1_Direct",2,"b","AT12",0.935702598410989
"best_fit_1b",2,1,"F1_Direct",2,"b","AT13",0.905176139980556
"best_fit_1b",2,1,"F1_Direct",2,"b","AT21",0.869423079628755
"best_fit_1b",2,1,"F1_Direct",2,"b","AT22",0.94352686460674
"best_fit_1b",2,1,"F1_Direct",2,"b","AT31",0.935237086953485
"best_fit_1b",2,1,"F1_Direct",2,"b","AT32",0.844060039743336
"best_fit_1b",2,1,"F1_Direct",2,"b","AT33",0.891275758772276
"best_fit_1b",2,1,"F1_Direct",2,"b","AT34",0.863194539176681
"best_fit_1b",2,1,"F1_Direct",2,"b","BE10",0.851638232990045
"best_fit_1b",2,1,"F1_Direct",2,"b","BE21",0.940721303060838
"best_fit_1b",2,1,"F1_Direct",2,"b","BE22",0.911455841460924
"best_fit_1b",2,1,"F1_Direct",2,"b","BE23",0.921953949367671
"best_fit_1b",2,1,"F1_Direct",2,"b","BE24",0.891102685653571
"best_fit_1b",2,1,"F1_Direct",2,"b","BE25",0.906350942554855
"best_fit_1b",2,1,"F1_Direct",2,"b","BE31",0.651748160000089
"best_fit_1b",2,1,"F1_Direct",2,"b","BE32",0.896071999611808
"best_fit_1b",2,1,"F1_Direct",2,"b","BE33",0.856039659385897
"best_fit_1b",2,1,"F1_Direct",2,"b","BE34",0.566283279201212
"best_fit_1b",2,1,"F1_Direct",2,"b","BE35",0.68666933244463
"best_fit_1b",2,1,"F1_Direct",2,"b","BG311",0.556753399741998
"best_fit_1b",2,1,"F1_Direct",2,"b","BG312",0.671509842531379
"best_fit_1b",2,1,"F1_Direct",2,"b","BG313",0.79640754543964
"best_fit_1b",2,1,"F1_Direct",2,"b","BG314",0.824197618733308
"best_fit_1b",2,1,"F1_Direct",2,"b","BG315",0.750436227737779
"best_fit_1b",2,1,"F1_Direct",2,"b","BG321",0.809104454609386
"best_fit_1b",2,1,"F1_Direct",2,"b","BG322",0.702566149804255
"best_fit_1b",2,1,"F1_Direct",2,"b","BG323",0.740441113277147
"best_fit_1b",2,1,"F1_Direct",2,"b","BG324",0.82240487060301
"best_fit_1b",2,1,"F1_Direct",2,"b","BG325",0.601559014681568
"best_fit_1b",2,1,"F1_Direct",2,"b","BG331",0.802965543534807
"best_fit_1b",2,1,"F1_Direct",2,"b","BG332",0.564555685516403
"best_fit_1b",2,1,"F1_Direct",2,"b","BG333",0.713396842502693
"best_fit_1b",2,1,"F1_Direct",2,"b","BG334",0.436290228132538
"best_fit_1b",2,1,"F1_Direct",2,"b","BG341",0.782911354699194
"best_fit_1b",2,1,"F1_Direct",2,"b","BG342",0.662634516075567
"best_fit_1b",2,1,"F1_Direct",2,"b","BG343",0.642140687262432
"best_fit_1b",2,1,"F1_Direct",2,"b","BG344",0.833357466212989
"best_fit_1b",2,1,"F1_Direct",2,"b","BG411",0.913609965506117
"best_fit_1b",2,1,"F1_Direct",2,"b","BG412",0.879151468557265
"best_fit_1b",2,1,"F1_Direct",2,"b","BG413",0.882187335159331
"best_fit_1b",2,1,"F1_Direct",2,"b","BG414",0.660060345348338
"best_fit_1b",2,1,"F1_Direct",2,"b","BG415",0.660313231349202
"best_fit_1b",2,1,"F1_Direct",2,"b","BG421",0.874934353100242
"best_fit_1b",2,1,"F1_Direct",2,"b","BG422",0.712894146716748
"best_fit_1b",2,1,"F1_Direct",2,"b","BG423",0.693708488796268
"best_fit_1b",2,1,"F1_Direct",2,"b","BG424",0.695477425721446
"best_fit_1b",2,1,"F1_Direct",2,"b","BG425",0.694663675391003
"best_fit_1b",2,1,"F1_Direct",2,"b","CH01",0.915863713283036
"best_fit_1b",2,1,"F1_Direct",2,"b","CH02",0.936519492685507
"best_fit_1b",2,1,"F1_Direct",2,"b","CH03",0.8636814040823
"best_fit_1b",2,1,"F1_Direct",2,"b","CH04",0.884586312781626
"best_fit_1b",2,1,"F1_Direct",2,"b","CH05",0.883468031332523
"best_fit_1b",2,1,"F1_Direct",2,"b","CH06",0.850346470274331
"best_fit_1b",2,1,"F1_Direct",2,"b","CH07",0.686089811454481
"best_fit_1b",2,1,"F1_Direct",2,"b","DE1",0.943392713371999
"best_fit_1b",2,1,"F1_Direct",2,"b","DE2",0.954233664793497
"best_fit_1b",2,1,"F1_Direct",2,"b","DE3",0.783702661301251
"best_fit_1b",2,1,"F1_Direct",2,"b","DE4",0.811095437162382
"best_fit_1b",2,1,"F1_Direct",2,"b","DE6",0.628603191999719
"best_fit_1b",2,1,"F1_Direct",2,"b","DE7",0.900923319761613
"best_fit_1b",2,1,"F1_Direct",2,"b","DE8",0.653793219729991
"best_fit_1b",2,1,"F1_Direct",2,"b","DE9",0.913664192045227
"best_fit_1b",2,1,"F1_Direct",2,"b","DEA",0.969051489241125
"best_fit_1b",2,1,"F1_Direct",2,"b","DEB",0.837537046202164
"best_fit_1b",2,1,"F1_Direct",2,"b","DEC",0.605539692128766
"best_fit_1b",2,1,"F1_Direct",2,"b","DED",0.86131076224431
"best_fit_1b",2,1,"F1_Direct",2,"b","DEE",0.78135931677231
"best_fit_1b",2,1,"F1_Direct",2,"b","DEF",0.840907772717257
"best_fit_1b",2,1,"F1_Direct",2,"b","DEG",0.731290912864544
"best_fit_1b",2,1,"F1_Direct",2,"b","EL30",0.961155535217731
"best_fit_1b",2,1,"F1_Direct",2,"b","EL41",0.827729428597946
"best_fit_1b",2,1,"F1_Direct",2,"b","EL42",0.878269446515801
"best_fit_1b",2,1,"F1_Direct",2,"b","EL43",0.869081101664382
"best_fit_1b",2,1,"F1_Direct",2,"b","EL51",0.890043702895069
"best_fit_1b",2,1,"F1_Direct",2,"b","EL52",0.949262710080232
"best_fit_1b",2,1,"F1_Direct",2,"b","EL53",0.741382742842346
"best_fit_1b",2,1,"F1_Direct",2,"b","EL54",0.708351522818914
"best_fit_1b",2,1,"F1_Direct",2,"b","EL61",0.883229646394787
"best_fit_1b",2,1,"F1_Direct",2,"b","EL62",0.672505070187147
"best_fit_1b",2,1,"F1_Direct",2,"b","EL63",0.90537477262996
"best_fit_1b",2,1,"F1_Direct",2,"b","EL64",0.855295869032143
"best_fit_1b",2,1,"F1_Direct",2,"b","EL65",0.832669482358453
"best_fit_1b",2,1,"F1_Direct",2,"b","ES11",0.888498014134643
"best_fit_1b",2,1,"F1_Direct",2,"b","ES12",0.395860941009767
"best_fit_1b",2,1,"F1_Direct",2,"b","ES13",0.647000671295602
"best_fit_1b",2,1,"F1_Direct",2,"b","ES21",0.806853930063835
"best_fit_1b",2,1,"F1_Direct",2,"b","ES22",0.703598817820855
"best_fit_1b",2,1,"F1_Direct",2,"b","ES23",0.215980598700895
"best_fit_1b",2,1,"F1_Direct",2,"b","ES24",0.745486612409656
"best_fit_1b",2,1,"F1_Direct",2,"b","ES30",0.935663571693497
"best_fit_1b",2,1,"F1_Direct",2,"b","ES41",0.852929145502212
"best_fit_1b",2,1,"F1_Direct",2,"b","ES42",0.79535967206236
"best_fit_1b",2,1,"F1_Direct",2,"b","ES43",0.766641213365499
"best_fit_1b",2,1,"F1_Direct",2,"b","ES51",0.922252553664853
"best_fit_1b",2,1,"F1_Direct",2,"b","ES52",0.90059680305463
"best_fit_1b",2,1,"F1_Direct",2,"b","ES53",0.339515445893458
"best_fit_1b",2,1,"F1_Direct",2,"b","ES61",0.947053948663346
"best_fit_1b",2,1,"F1_Direct",2,"b","ES62",0.706482499335764
"best_fit_1b",2,1,"F1_Direct",2,"b","ES70",0.664358295925808
"best_fit_1b",2,1,"F1_Direct",2,"b","FI193",0.789497255637584
"best_fit_1b",2,1,"F1_Direct",2,"b","FI194",0.717973012592957
"best_fit_1b",2,1,"F1_Direct",2,"b","FI195",0.695092089116612
"best_fit_1b",2,1,"F1_Direct",2,"b","FI196",0.776139473392174
"best_fit_1b",2,1,"F1_Direct",2,"b","FI197",0.904847326959511
"best_fit_1b",2,1,"F1_Direct",2,"b","FI1B1",0.956944284830416
"best_fit_1b",2,1,"F1_Direct",2,"b","FI1C1",0.880250082725327
"best_fit_1b",2,1,"F1_Direct",2,"b","FI1C2",0.671977767466701
"best_fit_1b",2,1,"F1_Direct",2,"b","FI1C3",0.784330777402558
"best_fit_1b",2,1,"F1_Direct",2,"b","FI1C4",0.789968499817967
"best_fit_1b",2,1,"F1_Direct",2,"b","FI1C5",0.629007194552125
"best_fit_1b",2,1,"F1_Direct",2,"b","FI1D1",0.665464514057527
"best_fit_1b",2,1,"F1_Direct",2,"b","FI1D2",0.804784337746379
"best_fit_1b",2,1,"F1_Direct",2,"b","FI1D3",0.71512532490717
"best_fit_1b",2,1,"F1_Direct",2,"b","FI1D5",0.390658796612295
"best_fit_1b",2,1,"F1_Direct",2,"b","FI1D7",0.694923446111681
"best_fit_1b",2,1,"F1_Direct",2,"b","FI1D8",0.59966304731351
"best_fit_1b",2,1,"F1_Direct",2,"b","FI1D9",0.802232630157169
"best_fit_1b",2,1,"F1_Direct",2,"b","FR10",0.923375972250603
"best_fit_1b",2,1,"F1_Direct",2,"b","FRB0",0.813331312655686
"best_fit_1b",2,1,"F1_Direct",2,"b","FRC1",0.69228144741881
"best_fit_1b",2,1,"F1_Direct",2,"b","FRC2",0.632376563308538
"best_fit_1b",2,1,"F1_Direct",2,"b","FRD1",0.534541775590917
"best_fit_1b",2,1,"F1_Direct",2,"b","FRD2",0.780676177517202
"best_fit_1b",2,1,"F1_Direct",2,"b","FRE1",0.84409270743554
"best_fit_1b",2,1,"F1_Direct",2,"b","FRE2",0.725962022413924
"best_fit_1b",2,1,"F1_Direct",2,"b","FRF1",0.727266565109907
"best_fit_1b",2,1,"F1_Direct",2,"b","FRF2",0.574267076306205
"best_fit_1b",2,1,"F1_Direct",2,"b","FRF3",0.775916733978743
"best_fit_1b",2,1,"F1_Direct",2,"b","FRG0",0.864989227497034
"best_fit_1b",2,1,"F1_Direct",2,"b","FRH0",0.840862127288035
"best_fit_1b",2,1,"F1_Direct",2,"b","FRI1",0.83092605691849
"best_fit_1b",2,1,"F1_Direct",2,"b","FRI2",0.499859458869499
"best_fit_1b",2,1,"F1_Direct",2,"b","FRI3",0.735761369116637
"best_fit_1b",2,1,"F1_Direct",2,"b","FRJ1",0.735168363660842
"best_fit_1b",2,1,"F1_Direct",2,"b","FRJ2",0.797575113269235
"best_fit_1b",2,1,"F1_Direct",2,"b","FRK1",0.670302432226674
"best_fit_1b",2,1,"F1_Direct",2,"b","FRK2",0.907661326839113
"best_fit_1b",2,1,"F1_Direct",2,"b","FRL0",0.827906375535183
"best_fit_1b",2,1,"F1_Direct",2,"b","HR031",0.849551511850788
"best_fit_1b",2,1,"F1_Direct",2,"b","HR032",0.582059317536909
"best_fit_1b",2,1,"F1_Direct",2,"b","HR033",0.745641569586808
"best_fit_1b",2,1,"F1_Direct",2,"b","HR034",0.560675240164422
"best_fit_1b",2,1,"F1_Direct",2,"b","HR035",0.880724142122128
"best_fit_1b",2,1,"F1_Direct",2,"b","HR036",0.740704388231178
"best_fit_1b",2,1,"F1_Direct",2,"b","HR037",0.691011185785099
"best_fit_1b",2,1,"F1_Direct",2,"b","HU110",0.88865924105276
"best_fit_1b",2,1,"F1_Direct",2,"b","HU120",0.912122809034057
"best_fit_1b",2,1,"F1_Direct",2,"b","HU211",0.822096257356559
"best_fit_1b",2,1,"F1_Direct",2,"b","HU212",0.811172614146282
"best_fit_1b",2,1,"F1_Direct",2,"b","HU213",0.857274139763069
"best_fit_1b",2,1,"F1_Direct",2,"b","HU221",0.618509550629942
"best_fit_1b",2,1,"F1_Direct",2,"b","HU222",0.780961985156719
"best_fit_1b",2,1,"F1_Direct",2,"b","HU223",0.723062241613523
"best_fit_1b",2,1,"F1_Direct",2,"b","HU231",0.734119403969809
"best_fit_1b",2,1,"F1_Direct",2,"b","HU232",0.722008789759284
"best_fit_1b",2,1,"F1_Direct",2,"b","HU233",0.145876489819357
"best_fit_1b",2,1,"F1_Direct",2,"b","HU311",0.903234672400135
"best_fit_1b",2,1,"F1_Direct",2,"b","HU312",0.731625324252191
"best_fit_1b",2,1,"F1_Direct",2,"b","HU313",0.256923491884068
"best_fit_1b",2,1,"F1_Direct",2,"b","HU321",0.86318127247172
"best_fit_1b",2,1,"F1_Direct",2,"b","HU322",0.621416591739826
"best_fit_1b",2,1,"F1_Direct",2,"b","HU323",0.940675171502185
"best_fit_1b",2,1,"F1_Direct",2,"b","HU331",0.749442542702118
"best_fit_1b",2,1,"F1_Direct",2,"b","HU332",0.467785106409957
"best_fit_1b",2,1,"F1_Direct",2,"b","HU333",0.765348891271281
"best_fit_1b",2,1,"F1_Direct",2,"b","IE041",0.86901984961237
"best_fit_1b",2,1,"F1_Direct",2,"b","IE042",0.866722655710632
"best_fit_1b",2,1,"F1_Direct",2,"b","IE051",0.906397364830235
"best_fit_1b",2,1,"F1_Direct",2,"b","IE052",0.87861768398014
"best_fit_1b",2,1,"F1_Direct",2,"b","IE053",0.901549289439909
"best_fit_1b",2,1,"F1_Direct",2,"b","IE061",0.951677887090422
"best_fit_1b",2,1,"F1_Direct",2,"b","IE062",0.874256438327885
"best_fit_1b",2,1,"F1_Direct",2,"b","IE063",0.873053594368857
"best_fit_1b",2,1,"F1_Direct",2,"b","ITC",0.974007061435371
"best_fit_1b",2,1,"F1_Direct",2,"b","ITF",0.960356901623419
"best_fit_1b",2,1,"F1_Direct",2,"b","ITG",0.923990491615705
"best_fit_1b",2,1,"F1_Direct",2,"b","ITH",0.956860757634139
"best_fit_1b",2,1,"F1_Direct",2,"b","ITI",0.953121888747824
"best_fit_1b",2,1,"F1_Direct",2,"b","NL11",0.689493686131924
"best_fit_1b",2,1,"F1_Direct",2,"b","NL12",0.788840773650184
"best_fit_1b",2,1,"F1_Direct",2,"b","NL13",0.750371451001974
"best_fit_1b",2,1,"F1_Direct",2,"b","NL21",0.873418169283599
"best_fit_1b",2,1,"F1_Direct",2,"b","NL22",0.915869117599011
"best_fit_1b",2,1,"F1_Direct",2,"b","NL23",0.671802215684779
"best_fit_1b",2,1,"F1_Direct",2,"b","NL32",0.924675516337822
"best_fit_1b",2,1,"F1_Direct",2,"b","NL34",0.692936487171914
"best_fit_1b",2,1,"F1_Direct",2,"b","NL41",0.915360955393873
"best_fit_1b",2,1,"F1_Direct",2,"b","NL42",0.845992776442928
"best_fit_1b",2,1,"F1_Direct",2,"b","NO02",0.815851282429924
"best_fit_1b",2,1,"F1_Direct",2,"b","NO06",0.871590129002056
"best_fit_1b",2,1,"F1_Direct",2,"b","NO07",0.838815713420516
"best_fit_1b",2,1,"F1_Direct",2,"b","NO08",0.957441406907512
"best_fit_1b",2,1,"F1_Direct",2,"b","NO09",0.915573290680601
"best_fit_1b",2,1,"F1_Direct",2,"b","NO0A",0.944041105080438
"best_fit_1b",2,1,"F1_Direct",2,"b","PL21",0.828241520329754
"best_fit_1b",2,1,"F1_Direct",2,"b","PL22",0.868994226620022
"best_fit_1b",2,1,"F1_Direct",2,"b","PL41",0.825890772983682
"best_fit_1b",2,1,"F1_Direct",2,"b","PL42",0.656413107152541
"best_fit_1b",2,1,"F1_Direct",2,"b","PL43",0.568095740225778
"best_fit_1b",2,1,"F1_Direct",2,"b","PL51",0.801325944169516
"best_fit_1b",2,1,"F1_Direct",2,"b","PL52",0.622926451979855
"best_fit_1b",2,1,"F1_Direct",2,"b","PL61",0.707946919198175
"best_fit_1b",2,1,"F1_Direct",2,"b","PL62",0.56272362614549
"best_fit_1b",2,1,"F1_Direct",2,"b","PL63",0.792039709604212
"best_fit_1b",2,1,"F1_Direct",2,"b","PL71",0.853376488685964
"best_fit_1b",2,1,"F1_Direct",2,"b","PL72",0.704416850477429
"best_fit_1b",2,1,"F1_Direct",2,"b","PL81",0.67887567405104
"best_fit_1b",2,1,"F1_Direct",2,"b","PL84",0.660006019977492
"best_fit_1b",2,1,"F1_Direct",2,"b","PL91",0.839724147248952
"best_fit_1b",2,1,"F1_Direct",2,"b","PL92",0.780585544291968
"best_fit_1b",2,1,"F1_Direct",2,"b","PT11",0.934828185694204
"best_fit_1b",2,1,"F1_Direct",2,"b","PT15",0.694367924679394
"best_fit_1b",2,1,"F1_Direct",2,"b","SE11",0.92134165079838
"best_fit_1b",2,1,"F1_Direct",2,"b","SE12",0.902892263490761
"best_fit_1b",2,1,"F1_Direct",2,"b","SE21",0.825434025271856
"best_fit_1b",2,1,"F1_Direct",2,"b","SE22",0.901607214516441
"best_fit_1b",2,1,"F1_Direct",2,"b","SE23",0.926735568944284
"best_fit_1b",2,1,"F1_Direct",2,"b","SE31",0.834620526310237
"best_fit_1b",2,1,"F1_Direct",2,"b","SE32",0.706647116984229
"best_fit_1b",2,1,"F1_Direct",2,"b","SE33",0.841151089557785
"best_fit_1b",2,1,"F1_Direct",2,"b","SI031",0.772860591196896
"best_fit_1b",2,1,"F1_Direct",2,"b","SI032",0.886413686591678
"best_fit_1b",2,1,"F1_Direct",2,"b","SI033",0.60354278591928
"best_fit_1b",2,1,"F1_Direct",2,"b","SI034",0.890857492147349
"best_fit_1b",2,1,"F1_Direct",2,"b","SI035",0.543838428775526
"best_fit_1b",2,1,"F1_Direct",2,"b","SI036",0.693747144999158
"best_fit_1b",2,1,"F1_Direct",2,"b","SI037",0.821300896844391
"best_fit_1b",2,1,"F1_Direct",2,"b","SI038",0.524226455888222
"best_fit_1b",2,1,"F1_Direct",2,"b","SI041",0.924156081403266
"best_fit_1b",2,1,"F1_Direct",2,"b","SI042",0.831963538295047
"best_fit_1b",2,1,"F1_Direct",2,"b","SI043",0.804189105695155
"best_fit_1b",2,1,"F1_Direct",2,"b","SI044",0.77551123382851
"best_fit_1c",3,1,"F1_Direct",3,"c","AT11",0.0121127151445812
"best_fit_1c",3,1,"F1_Direct",3,"c","AT12",0.0499280115256009
"best_fit_1c",3,1,"F1_Direct",3,"c","AT13",0.0333227109416797
"best_fit_1c",3,1,"F1_Direct",3,"c","AT21",0.0234795320270243
"best_fit_1c",3,1,"F1_Direct",3,"c","AT22",0.0569001471802681
"best_fit_1c",3,1,"F1_Direct",3,"c","AT31",0.0495634812963737
"best_fit_1c",3,1,"F1_Direct",3,"c","AT32",0.0191713374864076
"best_fit_1c",3,1,"F1_Direct",3,"c","AT33",0.0287514296531312
"best_fit_1c",3,1,"F1_Direct",3,"c","AT34",0.0222773872118858
"best_fit_1c",3,1,"F1_Direct",3,"c","BE10",0.0203079497431243
"best_fit_1c",3,1,"F1_Direct",3,"c","BE21",0.0542006724127069
"best_fit_1c",3,1,"F1_Direct",3,"c","BE22",0.0358400134938603
"best_fit_1c",3,1,"F1_Direct",3,"c","BE23",0.0409128481373994
"best_fit_1c",3,1,"F1_Direct",3,"c","BE24",0.0287016315890593
"best_fit_1c",3,1,"F1_Direct",3,"c","BE25",0.0337689316330913
"best_fit_1c",3,1,"F1_Direct",3,"c","BE31",0.00671281332551924
"best_fit_1c",3,1,"F1_Direct",3,"c","BE32",0.0301952065493336
"best_fit_1c",3,1,"F1_Direct",3,"c","BE33",0.0210216807785663
"best_fit_1c",3,1,"F1_Direct",3,"c","BE34",0.00469275715132293
"best_fit_1c",3,1,"F1_Direct",3,"c","BE35",0.00785171768044293
"best_fit_1c",3,1,"F1_Direct",3,"c","BG311",0.00451539094133272
"best_fit_1c",3,1,"F1_Direct",3,"c","BG312",0.00732789407036306
"best_fit_1c",3,1,"F1_Direct",3,"c","BG313",0.013929166949259
"best_fit_1c",3,1,"F1_Direct",3,"c","BG314",0.0166478825154962
"best_fit_1c",3,1,"F1_Direct",3,"c","BG315",0.010742000395052
"best_fit_1c",3,1,"F1_Direct",3,"c","BG321",0.0150749309896984
"best_fit_1c",3,1,"F1_Direct",3,"c","BG322",0.00845768341805853
"best_fit_1c",3,1,"F1_Direct",3,"c","BG323",0.0101964030238206
"best_fit_1c",3,1,"F1_Direct",3,"c","BG324",0.0164473367515589
"best_fit_1c",3,1,"F1_Direct",3,"c","BG325",0.00542245835412124
"best_fit_1c",3,1,"F1_Direct",3,"c","BG331",0.0145028529536875
"best_fit_1c",3,1,"F1_Direct",3,"c","BG332",0.00466003251953433
"best_fit_1c",3,1,"F1_Direct",3,"c","BG333",0.00890855534348736
"best_fit_1c",3,1,"F1_Direct",3,"c","BG334",0.00278709105469067
"best_fit_1c",3,1,"F1_Direct",3,"c","BG341",0.0128558092627842
"best_fit_1c",3,1,"F1_Direct",3,"c","BG342",0.00704283096977358
"best_fit_1c",3,1,"F1_Direct",3,"c","BG343",0.00643807671676993
"best_fit_1c",3,1,"F1_Direct",3,"c","BG344",0.0177384616088958
"best_fit_1c",3,1,"F1_Direct",3,"c","BG411",0.0367844289533859
"best_fit_1c",3,1,"F1_Direct",3,"c","BG412",0.0255978738586669
"best_fit_1c",3,1,"F1_Direct",3,"c","BG413",0.0263284128331484
"best_fit_1c",3,1,"F1_Direct",3,"c","BG414",0.00696290752384318
"best_fit_1c",3,1,"F1_Direct",3,"c","BG415",0.00697070609794109
"best_fit_1c",3,1,"F1_Direct",3,"c","BG421",0.024640277549143
"best_fit_1c",3,1,"F1_Direct",3,"c","BG422",0.00888688516340234
"best_fit_1c",3,1,"F1_Direct",3,"c","BG423",0.00811237213309557
"best_fit_1c",3,1,"F1_Direct",3,"c","BG424",0.00817974680808427
"best_fit_1c",3,1,"F1_Direct",3,"c","BG425",0.00814865713803289
"best_fit_1c",3,1,"F1_Direct",3,"c","CH01",0.0378221497389336
"best_fit_1c",3,1,"F1_Direct",3,"c","CH02",0.0505799255257949
"best_fit_1c",3,1,"F1_Direct",3,"c","CH03",0.0223674996139732
"best_fit_1c",3,1,"F1_Direct",3,"c","CH04",0.02693204991337
"best_fit_1c",3,1,"F1_Direct",3,"c","CH05",0.0266476658159357
"best_fit_1c",3,1,"F1_Direct",3,"c","CH06",0.0201062591263226
"best_fit_1c",3,1,"F1_Direct",3,"c","CH07",0.00783077334738244
"best_fit_1c",3,1,"F1_Direct",3,"c","DE1",0.0567653436688812
"best_fit_1c",3,1,"F1_Direct",3,"c","DE2",0.0700205161386855
"best_fit_1c",3,1,"F1_Direct",3,"c","DE3",0.0129151065666384
"best_fit_1c",3,1,"F1_Direct",3,"c","DE4",0.0152683030231139
"best_fit_1c",3,1,"F1_Direct",3,"c","DE6",0.0060748483227564
"best_fit_1c",3,1,"F1_Direct",3,"c","DE7",0.0317927472039418
"best_fit_1c",3,1,"F1_Direct",3,"c","DE8",0.00677324207339155
"best_fit_1c",3,1,"F1_Direct",3,"c","DE9",0.036808786673293
"best_fit_1c",3,1,"F1_Direct",3,"c","DEA",0.101584548204896
"best_fit_1c",3,1,"F1_Direct",3,"c","DEB",0.0182760529965997
"best_fit_1c",3,1,"F1_Direct",3,"c","DEC",0.00551292131736296
"best_fit_1c",3,1,"F1_Direct",3,"c","DED",0.0219345324322853
"best_fit_1c",3,1,"F1_Direct",3,"c","DEE",0.0127407320321333
"best_fit_1c",3,1,"F1_Direct",3,"c","DEF",0.0187297245844891
"best_fit_1c",3,1,"F1_Direct",3,"c","DEG",0.00973204019476317
"best_fit_1c",3,1,"F1_Direct",3,"c","EL30",0.0820236974671726
"best_fit_1c",3,1,"F1_Direct",3,"c","EL41",0.0170549281651991
"best_fit_1c",3,1,"F1_Direct",3,"c","EL42",0.0253922611824784
"best_fit_1c",3,1,"F1_Direct",3,"c","EL43",0.023410640463596
"best_fit_1c",3,1,"F1_Direct",3,"c","EL51",0.0284002373017692
"best_fit_1c",3,1,"F1_Direct",3,"c","EL52",0.0632862541602717
"best_fit_1c",3,1,"F1_Direct",3,"c","EL53",0.0102460286849483
"best_fit_1c",3,1,"F1_Direct",3,"c","EL54",0.0086944080293224
"best_fit_1c",3,1,"F1_Direct",3,"c","EL61",0.026587726557169
"best_fit_1c",3,1,"F1_Direct",3,"c","EL62",0.00736081226975913
"best_fit_1c",3,1,"F1_Direct",3,"c","EL63",0.0333974072061129
"best_fit_1c",3,1,"F1_Direct",3,"c","EL64",0.0208980942710443
"best_fit_1c",3,1,"F1_Direct",3,"c","EL65",0.0176524904339825
"best_fit_1c",3,1,"F1_Direct",3,"c","ES11",0.027970275742405
"best_fit_1c",3,1,"F1_Direct",3,"c","ES12",0.00236060146758156
"best_fit_1c",3,1,"F1_Direct",3,"c","ES13",0.00657520338308805
"best_fit_1c",3,1,"F1_Direct",3,"c","ES21",0.0148610628442773
"best_fit_1c",3,1,"F1_Direct",3,"c","ES22",0.00849926854557083
"best_fit_1c",3,1,"F1_Direct",3,"c","ES23",0.000993801063019282
"best_fit_1c",3,1,"F1_Direct",3,"c","ES24",0.0104665377751212
"best_fit_1c",3,1,"F1_Direct",3,"c","ES30",0.0498972589083489
"best_fit_1c",3,1,"F1_Direct",3,"c","ES41",0.020512961995676
"best_fit_1c",3,1,"F1_Direct",3,"c","ES42",0.0138408479029567
"best_fit_1c",3,1,"F1_Direct",3,"c","ES43",0.0117243678171345
"best_fit_1c",3,1,"F1_Direct",3,"c","ES51",0.0410762829107346
"best_fit_1c",3,1,"F1_Direct",3,"c","ES52",0.0316805029906171
"best_fit_1c",3,1,"F1_Direct",3,"c","ES53",0.00185282667787515
"best_fit_1c",3,1,"F1_Direct",3,"c","ES61",0.0606737640576687
"best_fit_1c",3,1,"F1_Direct",3,"c","ES62",0.0086169237774597
"best_fit_1c",3,1,"F1_Direct",3,"c","ES70",0.00709702929961504
"best_fit_1c",3,1,"F1_Direct",3,"c","FI193",0.0133626853427184
"best_fit_1c",3,1,"F1_Direct",3,"c","FI194",0.00910933205086142
"best_fit_1c",3,1,"F1_Direct",3,"c","FI195",0.0081650044204966
"best_fit_1c",3,1,"F1_Direct",3,"c","FI196",0.0123652234113962
"best_fit_1c",3,1,"F1_Direct",3,"c","FI197",0.0331997203162826
"best_fit_1c",3,1,"F1_Direct",3,"c","FI1B1",0.0742969337829241
"best_fit_1c",3,1,"F1_Direct",3,"c","FI1C1",0.0258580888964967
"best_fit_1c",3,1,"F1_Direct",3,"c","FI1C2",0.00734334657087953
"best_fit_1c",3,1,"F1_Direct",3,"c","FI1C3",0.0129624796974869
"best_fit_1c",3,1,"F1_Direct",3,"c","FI1C4",0.0134001520672303
"best_fit_1c",3,1,"F1_Direct",3,"c","FI1C5",0.00608530820001996
"best_fit_1c",3,1,"F1_Direct",3,"c","FI1D1",0.00713210160266429
"best_fit_1c",3,1,"F1_Direct",3,"c","FI1D2",0.0146686618142219
"best_fit_1c",3,1,"F1_Direct",3,"c","FI1D3",0.00898364291218535
"best_fit_1c",3,1,"F1_Direct",3,"c","FI1D5",0.00230980920265152
"best_fit_1c",3,1,"F1_Direct",3,"c","FI1D7",0.00815856397623259
"best_fit_1c",3,1,"F1_Direct",3,"c","FI1D8",0.00537999831854167
"best_fit_1c",3,1,"F1_Direct",3,"c","FI1D9",0.0144368840924773
"best_fit_1c",3,1,"F1_Direct",3,"c","FR10",0.0417020582622572
"best_fit_1c",3,1,"F1_Direct",3,"c","FRB0",0.0154902835926341
"best_fit_1c",3,1,"F1_Direct",3,"c","FRC1",0.00805857739879544
"best_fit_1c",3,1,"F1_Direct",3,"c","FRC2",0.00617342991142071
"best_fit_1c",3,1,"F1_Direct",3,"c","FRD1",0.00412997049513832
"best_fit_1c",3,1,"F1_Direct",3,"c","FRD2",0.0126905878792071
"best_fit_1c",3,1,"F1_Direct",3,"c","FRE1",0.0191760053932414
"best_fit_1c",3,1,"F1_Direct",3,"c","FRE2",0.00947570697840471
"best_fit_1c",3,1,"F1_Direct",3,"c","FRF1",0.00953754500952698
"best_fit_1c",3,1,"F1_Direct",3,"c","FRF2",0.00484740941244959
"best_fit_1c",3,1,"F1_Direct",3,"c","FRF3",0.0123495828227773
"best_fit_1c",3,1,"F1_Direct",3,"c","FRG0",0.0226126944108136
"best_fit_1c",3,1,"F1_Direct",3,"c","FRH0",0.0187234555856504
"best_fit_1c",3,1,"F1_Direct",3,"c","FRI1",0.0174376974297535
"best_fit_1c",3,1,"F1_Direct",3,"c","FRI2",0.00359612356972228
"best_fit_1c",3,1,"F1_Direct",3,"c","FRI3",0.00995494745488809
"best_fit_1c",3,1,"F1_Direct",3,"c","FRJ1",0.00992495175974417
"best_fit_1c",3,1,"F1_Direct",3,"c","FRJ2",0.0140286324094371
"best_fit_1c",3,1,"F1_Direct",3,"c","FRK1",0.00728822161231748
"best_fit_1c",3,1,"F1_Direct",3,"c","FRK2",0.034279539391092
"best_fit_1c",3,1,"F1_Direct",3,"c","FRL0",0.0170757519571363
"best_fit_1c",3,1,"F1_Direct",3,"c","HR031",0.0199838185976053
"best_fit_1c",3,1,"F1_Direct",3,"c","HR032",0.00500399971381695
"best_fit_1c",3,1,"F1_Direct",3,"c","HR033",0.0104750013828549
"best_fit_1c",3,1,"F1_Direct",3,"c","HR034",0.00458745850262568
"best_fit_1c",3,1,"F1_Direct",3,"c","HR035",0.0259718102674102
"best_fit_1c",3,1,"F1_Direct",3,"c","HR036",0.0102102423135672
"best_fit_1c",3,1,"F1_Direct",3,"c","HR037",0.00801110590239262
"best_fit_1c",3,1,"F1_Direct",3,"c","HU110",0.0280145838712801
"best_fit_1c",3,1,"F1_Direct",3,"c","HU120",0.0361276742361249
"best_fit_1c",3,1,"F1_Direct",3,"c","HU211",0.0164132133689961
"best_fit_1c",3,1,"F1_Direct",3,"c","HU212",0.0152758793064828
"best_fit_1c",3,1,"F1_Direct",3,"c","HU213",0.0212295718858618
"best_fit_1c",3,1,"F1_Direct",3,"c","HU221",0.00582064115078011
"best_fit_1c",3,1,"F1_Direct",3,"c","HU222",0.012711529448231
"best_fit_1c",3,1,"F1_Direct",3,"c","HU223",0.00934031117320085
"best_fit_1c",3,1,"F1_Direct",3,"c","HU231",0.00987221602538516
"best_fit_1c",3,1,"F1_Direct",3,"c","HU232",0.00929181415458837
"best_fit_1c",3,1,"F1_Direct",3,"c","HU233",0.000616368170458171
"best_fit_1c",3,1,"F1_Direct",3,"c","HU311",0.0326081816948534
"best_fit_1c",3,1,"F1_Direct",3,"c","HU312",0.0097484611632754
"best_fit_1c",3,1,"F1_Direct",3,"c","HU313",0.00124701511517695
"best_fit_1c",3,1,"F1_Direct",3,"c","HU321",0.0222749404605179
"best_fit_1c",3,1,"F1_Direct",3,"c","HU322",0.00589247801588094
"best_fit_1c",3,1,"F1_Direct",3,"c","HU323",0.0541582960388431
"best_fit_1c",3,1,"F1_Direct",3,"c","HU331",0.0106858378196115
"best_fit_1c",3,1,"F1_Direct",3,"c","HU332",0.00316392700464675
"best_fit_1c",3,1,"F1_Direct",3,"c","HU333",0.0116411224451323
"best_fit_1c",3,1,"F1_Direct",3,"c","IE041",0.0233983381836385
"best_fit_1c",3,1,"F1_Direct",3,"c","IE042",0.0229449024978334
"best_fit_1c",3,1,"F1_Direct",3,"c","IE051",0.0337867854982727
"best_fit_1c",3,1,"F1_Direct",3,"c","IE052",0.0254730939611631
"best_fit_1c",3,1,"F1_Direct",3,"c","IE053",0.0320099400757287
"best_fit_1c",3,1,"F1_Direct",3,"c","IE061",0.066397169413104
"best_fit_1c",3,1,"F1_Direct",3,"c","IE062",0.0244921655552925
"best_fit_1c",3,1,"F1_Direct",3,"c","IE063",0.0242331515255393
"best_fit_1c",3,1,"F1_Direct",3,"c","ITC",0.119188183383022
"best_fit_1c",3,1,"F1_Direct",3,"c","ITF",0.0804427974429008
"best_fit_1c",3,1,"F1_Direct",3,"c","ITG",0.0420518331143987
"best_fit_1c",3,1,"F1_Direct",3,"c","ITH",0.0741577538502929
"best_fit_1c",3,1,"F1_Direct",3,"c","ITI",0.068399275062796
"best_fit_1c",3,1,"F1_Direct",3,"c","NL11",0.00795489805188276
"best_fit_1c",3,1,"F1_Direct",3,"c","NL12",0.0133107651543492
"best_fit_1c",3,1,"F1_Direct",3,"c","NL13",0.0107383258179577
"best_fit_1c",3,1,"F1_Direct",3,"c","NL21",0.0243111517306754
"best_fit_1c",3,1,"F1_Direct",3,"c","NL22",0.0378247021748619
"best_fit_1c",3,1,"F1_Direct",3,"c","NL23",0.00733754413547311
"best_fit_1c",3,1,"F1_Direct",3,"c","NL32",0.0424481565998561
"best_fit_1c",3,1,"F1_Direct",3,"c","NL34",0.00808320887121122
"best_fit_1c",3,1,"F1_Direct",3,"c","NL41",0.0375860663662404
"best_fit_1c",3,1,"F1_Direct",3,"c","NL42",0.0194508363509212
"best_fit_1c",3,1,"F1_Direct",3,"c","NO02",0.0157468060206306
"best_fit_1c",3,1,"F1_Direct",3,"c","NO06",0.0239243805301685
"best_fit_1c",3,1,"F1_Direct",3,"c","NO07",0.0184459663161657
"best_fit_1c",3,1,"F1_Direct",3,"c","NO08",0.0751356944266052
"best_fit_1c",3,1,"F1_Direct",3,"c","NO09",0.0376854451912823
"best_fit_1c",3,1,"F1_Direct",3,"c","NO0A",0.0574225112643928
"best_fit_1c",3,1,"F1_Direct",3,"c","PL21",0.0171153082399025
"best_fit_1c",3,1,"F1_Direct",3,"c","PL22",0.0233931952079085
"best_fit_1c",3,1,"F1_Direct",3,"c","PL41",0.0168410020220177
"best_fit_1c",3,1,"F1_Direct",3,"c","PL42",0.00685169629758415
"best_fit_1c",3,1,"F1_Direct",3,"c","PL43",0.00472736842588622
"best_fit_1c",3,1,"F1_Direct",3,"c","PL51",0.014355935555434
"best_fit_1c",3,1,"F1_Direct",3,"c","PL52",0.00593022156001868
"best_fit_1c",3,1,"F1_Direct",3,"c","PL61",0.00867755126946276
"best_fit_1c",3,1,"F1_Direct",3,"c","PL62",0.0046256092469805
"best_fit_1c",3,1,"F1_Direct",3,"c","PL63",0.0135668043649248
"best_fit_1c",3,1,"F1_Direct",3,"c","PL71",0.0205848273310558
"best_fit_1c",3,1,"F1_Direct",3,"c","PL72",0.00853241414975981
"best_fit_1c",3,1,"F1_Direct",3,"c","PL81",0.00757630602936134
"best_fit_1c",3,1,"F1_Direct",3,"c","PL84",0.00696123371961726
"best_fit_1c",3,1,"F1_Direct",3,"c","PL91",0.0185682927008398
"best_fit_1c",3,1,"F1_Direct",3,"c","PL92",0.0126839582505169
"best_fit_1c",3,1,"F1_Direct",3,"c","PT11",0.0492473508944033
"best_fit_1c",3,1,"F1_Direct",3,"c","PT15",0.00813739839678088
"best_fit_1c",3,1,"F1_Direct",3,"c","SE11",0.0405814294276264
"best_fit_1c",3,1,"F1_Direct",3,"c","SE12",0.0324850202132517
"best_fit_1c",3,1,"F1_Direct",3,"c","SE21",0.0167885443484255
"best_fit_1c",3,1,"F1_Direct",3,"c","SE22",0.0320301730889965
"best_fit_1c",3,1,"F1_Direct",3,"c","SE23",0.0436825587862638
"best_fit_1c",3,1,"F1_Direct",3,"c","SE31",0.0178981169952171
"best_fit_1c",3,1,"F1_Direct",3,"c","SE32",0.00862370917667703
"best_fit_1c",3,1,"F1_Direct",3,"c","SE33",0.0187632014493764
"best_fit_1c",3,1,"F1_Direct",3,"c","SI031",0.0121380320657016
"best_fit_1c",3,1,"F1_Direct",3,"c","SI032",0.0274084382112994
"best_fit_1c",3,1,"F1_Direct",3,"c","SI033",0.00546731556954972
"best_fit_1c",3,1,"F1_Direct",3,"c","SI034",0.0286313441121415
"best_fit_1c",3,1,"F1_Direct",3,"c","SI035",0.0042867565796577
"best_fit_1c",3,1,"F1_Direct",3,"c","SI036",0.0081138362364436
"best_fit_1c",3,1,"F1_Direct",3,"c","SI037",0.0163258028142795
"best_fit_1c",3,1,"F1_Direct",3,"c","SI038",0.0039631216829415
"best_fit_1c",3,1,"F1_Direct",3,"c","SI041",0.042147009470866
"best_fit_1c",3,1,"F1_Direct",3,"c","SI042",0.0175649912648336
"best_fit_1c",3,1,"F1_Direct",3,"c","SI043",0.0146140650635054
"best_fit_1c",3,1,"F1_Direct",3,"c","SI044",0.0123211873363462
"best_fit_1n",4,1,"F1_Direct",4,"n","AT11",0.0748405229132356
"best_fit_1n",4,1,"F1_Direct",4,"n","AT12",0.257452933961454
"best_fit_1n",4,1,"F1_Direct",4,"n","AT13",0.185288602324121
"best_fit_1n",4,1,"F1_Direct",4,"n","AT21",0.136914109470929
"best_fit_1n",4,1,"F1_Direct",4,"n","AT22",0.284719963646524
"best_fit_1n",4,1,"F1_Direct",4,"n","AT31",0.255981476343852
"best_fit_1n",4,1,"F1_Direct",4,"n","AT32",0.114226774928618
"best_fit_1n",4,1,"F1_Direct",4,"n","AT33",0.163394007951523
"best_fit_1n",4,1,"F1_Direct",4,"n","AT34",0.130681371294348
"best_fit_1n",4,1,"F1_Direct",4,"n","BE10",0.120307691547527
"best_fit_1n",4,1,"F1_Direct",4,"n","BE21",0.274356422959579
"best_fit_1n",4,1,"F1_Direct",4,"n","BE22",0.196947000932504
"best_fit_1n",4,1,"F1_Direct",4,"n","BE23",0.219628676909634
"best_fit_1n",4,1,"F1_Direct",4,"n","BE24",0.163150179708726
"best_fit_1n",4,1,"F1_Direct",4,"n","BE25",0.1873753362935
"best_fit_1n",4,1,"F1_Direct",4,"n","BE31",0.0426845688851546
"best_fit_1n",4,1,"F1_Direct",4,"n","BE32",0.170412673554131
"best_fit_1n",4,1,"F1_Direct",4,"n","BE33",0.124090792348941
"best_fit_1n",4,1,"F1_Direct",4,"n","BE34",0.0301684721920953
"best_fit_1n",4,1,"F1_Direct",4,"n","BE35",0.0496215986157778
"best_fit_1n",4,1,"F1_Direct",4,"n","BG311",0.0290563420740879
"best_fit_1n",4,1,"F1_Direct",4,"n","BG312",0.0464415581811954
"best_fit_1n",4,1,"F1_Direct",4,"n","BG313",0.0852520046587722
"best_fit_1n",4,1,"F1_Direct",4,"n","BG314",0.100473183467176
"best_fit_1n",4,1,"F1_Direct",4,"n","BG315",0.0668516870258564
"best_fit_1n",4,1,"F1_Direct",4,"n","BG321",0.0917188393422306
"best_fit_1n",4,1,"F1_Direct",4,"n","BG322",0.0532780964169919
"best_fit_1n",4,1,"F1_Direct",4,"n","BG323",0.0636395541046097
"best_fit_1n",4,1,"F1_Direct",4,"n","BG324",0.0993648871002934
"best_fit_1n",4,1,"F1_Direct",4,"n","BG325",0.0347213328514338
"best_fit_1n",4,1,"F1_Direct",4,"n","BG331",0.0884995500305131
"best_fit_1n",4,1,"F1_Direct",4,"n","BG332",0.0299634425451929
"best_fit_1n",4,1,"F1_Direct",4,"n","BG333",0.0559834022646858
"best_fit_1n",4,1,"F1_Direct",4,"n","BG334",0.0181056503584323
"best_fit_1n",4,1,"F1_Direct",4,"n","BG341",0.0791236391793788
"best_fit_1n",4,1,"F1_Direct",4,"n","BG342",0.0447034520277884
"best_fit_1n",4,1,"F1_Direct",4,"n","BG343",0.0409983759493508
"best_fit_1n",4,1,"F1_Direct",4,"n","BG344",0.106460537338867
"best_fit_1n",4,1,"F1_Direct",4,"n","BG411",0.201250595471159
"best_fit_1n",4,1,"F1_Direct",4,"n","BG412",0.147718484691189
"best_fit_1n",4,1,"F1_Direct",4,"n","BG413",0.151392733729099
"best_fit_1n",4,1,"F1_Direct",4,"n","BG414",0.0442151790902074
"best_fit_1n",4,1,"F1_Direct",4,"n","BG415",0.0442628411026392
"best_fit_1n",4,1,"F1_Direct",4,"n","BG421",0.142862255046557
"best_fit_1n",4,1,"F1_Direct",4,"n","BG422",0.0558536751943875
"best_fit_1n",4,1,"F1_Direct",4,"n","BG423",0.0511973389252873
"best_fit_1n",4,1,"F1_Direct",4,"n","BG424",0.0516039254512603
"best_fit_1n",4,1,"F1_Direct",4,"n","BG425",0.0514163447985417
"best_fit_1n",4,1,"F1_Direct",4,"n","CH01",0.205936072186884
"best_fit_1n",4,1,"F1_Direct",4,"n","CH02",0.260072772232149
"best_fit_1n",4,1,"F1_Direct",4,"n","CH03",0.131151160020992
"best_fit_1n",4,1,"F1_Direct",4,"n","CH04",0.154409026074137
"best_fit_1n",4,1,"F1_Direct",4,"n","CH05",0.152990207265519
"best_fit_1n",4,1,"F1_Direct",4,"n","CH06",0.119233715227002
"best_fit_1n",4,1,"F1_Direct",4,"n","CH07",0.0494947921614213
"best_fit_1n",4,1,"F1_Direct",4,"n","DE1",0.284208078204708
"best_fit_1n",4,1,"F1_Direct",4,"n","DE2",0.331885837787326
"best_fit_1n",4,1,"F1_Direct",4,"n","DE3",0.0794639909834089
"best_fit_1n",4,1,"F1_Direct",4,"n","DE4",0.0928027180993211
"best_fit_1n",4,1,"F1_Direct",4,"n","DE6",0.0387613664245546
"best_fit_1n",4,1,"F1_Direct",4,"n","DE7",0.178066596806375
"best_fit_1n",4,1,"F1_Direct",4,"n","DE8",0.043054779265101
"best_fit_1n",4,1,"F1_Direct",4,"n","DE9",0.201361091772263
"best_fit_1n",4,1,"F1_Direct",4,"n","DEA",0.427261026990548
"best_fit_1n",4,1,"F1_Direct",4,"n","DEB",0.109387548523528
"best_fit_1n",4,1,"F1_Direct",4,"n","DEC",0.0352832491733938
"best_fit_1n",4,1,"F1_Direct",4,"n","DED",0.128890086380474
"best_fit_1n",4,1,"F1_Direct",4,"n","DEE",0.0784625226463806
"best_fit_1n",4,1,"F1_Direct",4,"n","DEF",0.11184523832549
"best_fit_1n",4,1,"F1_Direct",4,"n","DEG",0.0608910217839499
"best_fit_1n",4,1,"F1_Direct",4,"n","EL30",0.370876804884545
"best_fit_1n",4,1,"F1_Direct",4,"n","EL41",0.102715697135693
"best_fit_1n",4,1,"F1_Direct",4,"n","EL42",0.146679610152043
"best_fit_1n",4,1,"F1_Direct",4,"n","EL43",0.136558931907789
"best_fit_1n",4,1,"F1_Direct",4,"n","EL51",0.161671947754449
"best_fit_1n",4,1,"F1_Direct",4,"n","EL52",0.30831613130284
"best_fit_1n",4,1,"F1_Direct",4,"n","EL53",0.0639324857972595
"best_fit_1n",4,1,"F1_Direct",4,"n","EL54",0.0547001067081246
"best_fit_1n",4,1,"F1_Direct",4,"n","EL61",0.152690663005403
"best_fit_1n",4,1,"F1_Direct",4,"n","EL62",0.0466419261538069
"best_fit_1n",4,1,"F1_Direct",4,"n","EL63",0.185638528576338
"best_fit_1n",4,1,"F1_Direct",4,"n","EL64",0.1234376646686
"best_fit_1n",4,1,"F1_Direct",4,"n","EL65",0.105990965198064
"best_fit_1n",4,1,"F1_Direct",4,"n","ES11",0.159555674542854
"best_fit_1n",4,1,"F1_Direct",4,"n","ES12",0.015371198084992
"best_fit_1n",4,1,"F1_Direct",4,"n","ES13",0.0418406146357975
"best_fit_1n",4,1,"F1_Direct",4,"n","ES21",0.090517554056775
"best_fit_1n",4,1,"F1_Direct",4,"n","ES22",0.0535281597240242
"best_fit_1n",4,1,"F1_Direct",4,"n","ES23",0.00652043120152226
"best_fit_1n",4,1,"F1_Direct",4,"n","ES24",0.0652322535405146
"best_fit_1n",4,1,"F1_Direct",4,"n","ES30",0.257328979670537
"best_fit_1n",4,1,"F1_Direct",4,"n","ES41",0.121397125880172
"best_fit_1n",4,1,"F1_Direct",4,"n","ES42",0.0847503251057901
"best_fit_1n",4,1,"F1_Direct",4,"n","ES43",0.0725888263397696
"best_fit_1n",4,1,"F1_Direct",4,"n","ES51",0.220342012460783
"best_fit_1n",4,1,"F1_Direct",4,"n","ES52",0.177532624952527
"best_fit_1n",4,1,"F1_Direct",4,"n","ES53",0.0120987320850408
"best_fit_1n",4,1,"F1_Direct",4,"n","ES61",0.29881539131647
"best_fit_1n",4,1,"F1_Direct",4,"n","ES62",0.0542350527845469
"best_fit_1n",4,1,"F1_Direct",4,"n","ES70",0.0450343245112069
"best_fit_1n",4,1,"F1_Direct",4,"n","FI193",0.0820262003412638
"best_fit_1n",4,1,"F1_Direct",4,"n","FI194",0.0571839144672358
"best_fit_1n",4,1,"F1_Direct",4,"n","FI195",0.0515149845042065
"best_fit_1n",4,1,"F1_Direct",4,"n","FI196",0.0762996920148147
"best_fit_1n",4,1,"F1_Direct",4,"n","FI197",0.184711895981895
"best_fit_1n",4,1,"F1_Direct",4,"n","FI1B1",0.346201638732138
"best_fit_1n",4,1,"F1_Direct",4,"n","FI1C1",0.149030247262971
"best_fit_1n",4,1,"F1_Direct",4,"n","FI1C2",0.0465356239869674
"best_fit_1n",4,1,"F1_Direct",4,"n","FI1C3",0.0797357496208635
"best_fit_1n",4,1,"F1_Direct",4,"n","FI1C4",0.0822401406380878
"best_fit_1n",4,1,"F1_Direct",4,"n","FI1C5",0.0388259085367099
"best_fit_1n",4,1,"F1_Direct",4,"n","FI1D1",0.045248332653012
"best_fit_1n",4,1,"F1_Direct",4,"n","FI1D2",0.0894345771617715
"best_fit_1n",4,1,"F1_Direct",4,"n","FI1D3",0.0564326771247848
"best_fit_1n",4,1,"F1_Direct",4,"n","FI1D5",0.0150446828480941
"best_fit_1n",4,1,"F1_Direct",4,"n","FI1D7",0.0514761248443693
"best_fit_1n",4,1,"F1_Direct",4,"n","FI1D8",0.0344573991987528
"best_fit_1n",4,1,"F1_Direct",4,"n","FI1D9",0.0881270927425199
"best_fit_1n",4,1,"F1_Direct",4,"n","FR10",0.223063520279004
"best_fit_1n",4,1,"F1_Direct",4,"n","FRB0",0.094044289920089
"best_fit_1n",4,1,"F1_Direct",4,"n","FRC1",0.0508724927001985
"best_fit_1n",4,1,"F1_Direct",4,"n","FRC2",0.0393693688046941
"best_fit_1n",4,1,"F1_Direct",4,"n","FRD1",0.0266322191624787
"best_fit_1n",4,1,"F1_Direct",4,"n","FRD2",0.0781741966722203
"best_fit_1n",4,1,"F1_Direct",4,"n","FRE1",0.11425189129641
"best_fit_1n",4,1,"F1_Direct",4,"n","FRE2",0.0593679903138247
"best_fit_1n",4,1,"F1_Direct",4,"n","FRF1",0.0597357873862386
"best_fit_1n",4,1,"F1_Direct",4,"n","FRF2",0.0311364256181041
"best_fit_1n",4,1,"F1_Direct",4,"n","FRF3",0.0762094218599068
"best_fit_1n",4,1,"F1_Direct",4,"n","FRG0",0.132427320001139
"best_fit_1n",4,1,"F1_Direct",4,"n","FRH0",0.111811354058385
"best_fit_1n",4,1,"F1_Direct",4,"n","FRI1",0.104815972354546
"best_fit_1n",4,1,"F1_Direct",4,"n","FRI2",0.0232576232607168
"best_fit_1n",4,1,"F1_Direct",4,"n","FRI3",0.0622120839532704
"best_fit_1n",4,1,"F1_Direct",4,"n","FRJ1",0.0620344960174681
"best_fit_1n",4,1,"F1_Direct",4,"n","FRJ2",0.0858164486474112
"best_fit_1n",4,1,"F1_Direct",4,"n","FRK1",0.0461999838087118
"best_fit_1n",4,1,"F1_Direct",4,"n","FRK2",0.189752443729178
"best_fit_1n",4,1,"F1_Direct",4,"n","FRL0",0.102830169684116
"best_fit_1n",4,1,"F1_Direct",4,"n","HR031",0.118580671411858
"best_fit_1n",4,1,"F1_Direct",4,"n","HR032",0.0321148480609294
"best_fit_1n",4,1,"F1_Direct",4,"n","HR033",0.0652820809904738
"best_fit_1n",4,1,"F1_Direct",4,"n","HR034",0.0295084832336223
"best_fit_1n",4,1,"F1_Direct",4,"n","HR035",0.149602477160231
"best_fit_1n",4,1,"F1_Direct",4,"n","HR036",0.0637212605173147
"best_fit_1n",4,1,"F1_Direct",4,"n","HR037",0.0505856746171583
"best_fit_1n",4,1,"F1_Direct",4,"n","HU110",0.159774166370882
"best_fit_1n",4,1,"F1_Direct",4,"n","HU120",0.19826184679547
"best_fit_1n",4,1,"F1_Direct",4,"n","HU211",0.0991760807237788
"best_fit_1n",4,1,"F1_Direct",4,"n","HU212",0.092845140280174
"best_fit_1n",4,1,"F1_Direct",4,"n","HU213",0.125187629392525
"best_fit_1n",4,1,"F1_Direct",4,"n","HU221",0.0371905441769615
"best_fit_1n",4,1,"F1_Direct",4,"n","HU222",0.0782946278565368
"best_fit_1n",4,1,"F1_Direct",4,"n","HU223",0.0585618451761297
"best_fit_1n",4,1,"F1_Direct",4,"n","HU231",0.061722139858944
"best_fit_1n",4,1,"F1_Direct",4,"n","HU232",0.0582728119267307
"best_fit_1n",4,1,"F1_Direct",4,"n","HU233",0.00405256966835529
"best_fit_1n",4,1,"F1_Direct",4,"n","HU311",0.181928773923466
"best_fit_1n",4,1,"F1_Direct",4,"n","HU312",0.0609884474863489
"best_fit_1n",4,1,"F1_Direct",4,"n","HU313",0.00817027827765185
"best_fit_1n",4,1,"F1_Direct",4,"n","HU321",0.130668609613348
"best_fit_1n",4,1,"F1_Direct",4,"n","HU322",0.0376348843621263
"best_fit_1n",4,1,"F1_Direct",4,"n","HU323",0.274191819996632
"best_fit_1n",4,1,"F1_Direct",4,"n","HU331",0.066521891975422
"best_fit_1n",4,1,"F1_Direct",4,"n","HU332",0.0205110712876077
"best_fit_1n",4,1,"F1_Direct",4,"n","HU333",0.0721049608777616
"best_fit_1n",4,1,"F1_Direct",4,"n","IE041",0.136495480746087
"best_fit_1n",4,1,"F1_Direct",4,"n","IE042",0.13415140383264
"best_fit_1n",4,1,"F1_Direct",4,"n","IE051",0.187458646815502
"best_fit_1n",4,1,"F1_Direct",4,"n","IE052",0.147088273915112
"best_fit_1n",4,1,"F1_Direct",4,"n","IE053",0.179098218034504
"best_fit_1n",4,1,"F1_Direct",4,"n","IE061",0.319365233892631
"best_fit_1n",4,1,"F1_Direct",4,"n","IE062",0.142107050717329
"best_fit_1n",4,1,"F1_Direct",4,"n","IE063",0.140783720691831
"best_fit_1n",4,1,"F1_Direct",4,"n","ITC",0.471671829573758
"best_fit_1n",4,1,"F1_Direct",4,"n","ITF",0.365948008731401
"best_fit_1n",4,1,"F1_Direct",4,"n","ITG",0.224577973159365
"best_fit_1n",4,1,"F1_Direct",4,"n","ITH",0.34574334279525
"best_fit_1n",4,1,"F1_Direct",4,"n","ITI",0.326328982883291
"best_fit_1n",4,1,"F1_Direct",4,"n","NL11",0.050245883659093
"best_fit_1n",4,1,"F1_Direct",4,"n","NL12",0.08172959066721
"best_fit_1n",4,1,"F1_Direct",4,"n","NL13",0.0668301153392848
"best_fit_1n",4,1,"F1_Direct",4,"n","NL21",0.141182587397014
"best_fit_1n",4,1,"F1_Direct",4,"n","NL22",0.205947541464274
"best_fit_1n",4,1,"F1_Direct",4,"n","NL23",0.0465003039789622
"best_fit_1n",4,1,"F1_Direct",4,"n","NL32",0.226288181297075
"best_fit_1n",4,1,"F1_Direct",4,"n","NL34",0.0510212561541743
"best_fit_1n",4,1,"F1_Direct",4,"n","NL41",0.204874069461578
"best_fit_1n",4,1,"F1_Direct",4,"n","NL42",0.115728573782945
"best_fit_1n",4,1,"F1_Direct",4,"n","NO02",0.095475528034636
"best_fit_1n",4,1,"F1_Direct",4,"n","NO06",0.139201755416758
"best_fit_1n",4,1,"F1_Direct",4,"n","NO07",0.110309350679353
"best_fit_1n",4,1,"F1_Direct",4,"n","NO08",0.348952892610854
"best_fit_1n",4,1,"F1_Direct",4,"n","NO09",0.205321399888209
"best_fit_1n",4,1,"F1_Direct",4,"n","NO0A",0.286697999762875
"best_fit_1n",4,1,"F1_Direct",4,"n","PL21",0.103047551411928
"best_fit_1n",4,1,"F1_Direct",4,"n","PL22",0.1364689526584
"best_fit_1n",4,1,"F1_Direct",4,"n","PL41",0.101538290172138
"best_fit_1n",4,1,"F1_Direct",4,"n","PL42",0.0435350609785981
"best_fit_1n",4,1,"F1_Direct",4,"n","PL43",0.0303852425947115
"best_fit_1n",4,1,"F1_Direct",4,"n","PL51",0.0876697129644039
"best_fit_1n",4,1,"F1_Direct",4,"n","PL52",0.0378682049110028
"best_fit_1n",4,1,"F1_Direct",4,"n","PL61",0.0545989666061074
"best_fit_1n",4,1,"F1_Direct",4,"n","PL62",0.0297476913855861
"best_fit_1n",4,1,"F1_Direct",4,"n","PL63",0.0831907382883513
"best_fit_1n",4,1,"F1_Direct",4,"n","PL71",0.121778487277062
"best_fit_1n",4,1,"F1_Direct",4,"n","PL72",0.0537273941800566
"best_fit_1n",4,1,"F1_Direct",4,"n","PL81",0.047951853537098
"best_fit_1n",4,1,"F1_Direct",4,"n","PL84",0.0442049488932309
"best_fit_1n",4,1,"F1_Direct",4,"n","PL91",0.110972004047932
"best_fit_1n",4,1,"F1_Direct",4,"n","PL92",0.0781360653800315
"best_fit_1n",4,1,"F1_Direct",4,"n","PT11",0.254701577467962
"best_fit_1n",4,1,"F1_Direct",4,"n","PT15",0.0513483993732831
"best_fit_1n",4,1,"F1_Direct",4,"n","SE11",0.218178885144484
"best_fit_1n",4,1,"F1_Direct",4,"n","SE12",0.181347351618549
"best_fit_1n",4,1,"F1_Direct",4,"n","SE21",0.101249180038778
"best_fit_1n",4,1,"F1_Direct",4,"n","SE22",0.179194212359725
"best_fit_1n",4,1,"F1_Direct",4,"n","SE23",0.231575782424893
"best_fit_1n",4,1,"F1_Direct",4,"n","SE31",0.10733148077811
"best_fit_1n",4,1,"F1_Direct",4,"n","SE32",0.0542757935511863
"best_fit_1n",4,1,"F1_Direct",4,"n","SE33",0.112026146103299
"best_fit_1n",4,1,"F1_Direct",4,"n","SI031",0.0749869959785096
"best_fit_1n",4,1,"F1_Direct",4,"n","SI032",0.156776996675485
"best_fit_1n",4,1,"F1_Direct",4,"n","SI033",0.03500003525278
"best_fit_1n",4,1,"F1_Direct",4,"n","SI034",0.162805828957188
"best_fit_1n",4,1,"F1_Direct",4,"n","SI035",0.0276195662499177
"best_fit_1n",4,1,"F1_Direct",4,"n","SI036",0.0512061774803895
"best_fit_1n",4,1,"F1_Direct",4,"n","SI037",0.0986921322937376
"best_fit_1n",4,1,"F1_Direct",4,"n","SI038",0.0255796407537858
"best_fit_1n",4,1,"F1_Direct",4,"n","SI041",0.224989236667157
"best_fit_1n",4,1,"F1_Direct",4,"n","SI042",0.10551262467205
"best_fit_1n",4,1,"F1_Direct",4,"n","SI043",0.0891268730573836
"best_fit_1n",4,1,"F1_Direct",4,"n","SI044",0.0760454986156254
"best_fit_2a",5,2,"F2_Direct",1,"a","AT11",0.0967353834147351
"best_fit_2a",5,2,"F2_Direct",1,"a","AT12",0.284472998644867
"best_fit_2a",5,2,"F2_Direct",1,"a","AT13",0.203761572978976
"best_fit_2a",5,2,"F2_Direct",1,"a","AT21",0.164550210737576
"best_fit_2a",5,2,"F2_Direct",1,"a","AT22",0.338655559493277
"best_fit_2a",5,2,"F2_Direct",1,"a","AT31",0.347111432018238
"best_fit_2a",5,2,"F2_Direct",1,"a","AT32",0.166932779244851
"best_fit_2a",5,2,"F2_Direct",1,"a","AT33",0.188152715913891
"best_fit_2a",5,2,"F2_Direct",1,"a","AT34",0.116853330522111
"best_fit_2a",5,2,"F2_Direct",1,"a","BE10",0.146237994720595
"best_fit_2a",5,2,"F2_Direct",1,"a","BE21",0.318165348369
"best_fit_2a",5,2,"F2_Direct",1,"a","BE22",0.221598514460543
"best_fit_2a",5,2,"F2_Direct",1,"a","BE23",0.249799891710912
"best_fit_2a",5,2,"F2_Direct",1,"a","BE24",0.205644701077357
"best_fit_2a",5,2,"F2_Direct",1,"a","BE25",0.2148262895021
"best_fit_2a",5,2,"F2_Direct",1,"a","BE31",0.0513964076622181
"best_fit_2a",5,2,"F2_Direct",1,"a","BE32",0.189895475048241
"best_fit_2a",5,2,"F2_Direct",1,"a","BE33",0.149310321730315
"best_fit_2a",5,2,"F2_Direct",1,"a","BE34",0.0366405435794802
"best_fit_2a",5,2,"F2_Direct",1,"a","BE35",0.0658364307030295
"best_fit_2a",5,2,"F2_Direct",1,"a","BG311",0.0291536341494789
"best_fit_2a",5,2,"F2_Direct",1,"a","BG312",0.0591106672550056
"best_fit_2a",5,2,"F2_Direct",1,"a","BG313",0.0662921118206977
"best_fit_2a",5,2,"F2_Direct",1,"a","BG314",0.078226769730052
"best_fit_2a",5,2,"F2_Direct",1,"a","BG315",0.0484301079430632
"best_fit_2a",5,2,"F2_Direct",1,"a","BG321",0.100599551489301
"best_fit_2a",5,2,"F2_Direct",1,"a","BG322",0.0404313242393805
"best_fit_2a",5,2,"F2_Direct",1,"a","BG323",0.103907495592342
"best_fit_2a",5,2,"F2_Direct",1,"a","BG324",0.0495246836995374
"best_fit_2a",5,2,"F2_Direct",1,"a","BG325",0.0538457529992904
"best_fit_2a",5,2,"F2_Direct",1,"a","BG331",0.102344944972066
"best_fit_2a",5,2,"F2_Direct",1,"a","BG332",0.0278706686894833
"best_fit_2a",5,2,"F2_Direct",1,"a","BG333",0.0556326220327659
"best_fit_2a",5,2,"F2_Direct",1,"a","BG334",0.0255932720467083
"best_fit_2a",5,2,"F2_Direct",1,"a","BG341",0.114946795125841
"best_fit_2a",5,2,"F2_Direct",1,"a","BG342",0.0479887770287347
"best_fit_2a",5,2,"F2_Direct",1,"a","BG343",0.0256971044118373
"best_fit_2a",5,2,"F2_Direct",1,"a","BG344",0.0844895573861908
"best_fit_2a",5,2,"F2_Direct",1,"a","BG411",0.241371932167241
"best_fit_2a",5,2,"F2_Direct",1,"a","BG412",0.123308879529628
"best_fit_2a",5,2,"F2_Direct",1,"a","BG413",0.127537611574609
"best_fit_2a",5,2,"F2_Direct",1,"a","BG414",0.051515853837121
"best_fit_2a",5,2,"F2_Direct",1,"a","BG415",0.0547374125426711
"best_fit_2a",5,2,"F2_Direct",1,"a","BG421",0.158461311175555
"best_fit_2a",5,2,"F2_Direct",1,"a","BG422",0.0768247465993987
"best_fit_2a",5,2,"F2_Direct",1,"a","BG423",0.0478676512150237
"best_fit_2a",5,2,"F2_Direct",1,"a","BG424",0.0625847794322456
"best_fit_2a",5,2,"F2_Direct",1,"a","BG425",0.0492171834219158
"best_fit_2a",5,2,"F2_Direct",1,"a","CH01",0.253203149165885
"best_fit_2a",5,2,"F2_Direct",1,"a","CH02",0.316385140015319
"best_fit_2a",5,2,"F2_Direct",1,"a","CH03",0.192525229397135
"best_fit_2a",5,2,"F2_Direct",1,"a","CH04",0.20484410532356
"best_fit_2a",5,2,"F2_Direct",1,"a","CH05",0.194607482272406
"best_fit_2a",5,2,"F2_Direct",1,"a","CH06",0.177440698221412
"best_fit_2a",5,2,"F2_Direct",1,"a","CH07",0.049225860469943
"best_fit_2a",5,2,"F2_Direct",1,"a","DE1",0.34688777870457
"best_fit_2a",5,2,"F2_Direct",1,"a","DE2",0.386534973936137
"best_fit_2a",5,2,"F2_Direct",1,"a","DE3",0.101840356268233
"best_fit_2a",5,2,"F2_Direct",1,"a","DE4",0.126309139693159
"best_fit_2a",5,2,"F2_Direct",1,"a","DE6",0.0524903567696427
"best_fit_2a",5,2,"F2_Direct",1,"a","DE7",0.226137217017223
"best_fit_2a",5,2,"F2_Direct",1,"a","DE8",0.0603790082469752
"best_fit_2a",5,2,"F2_Direct",1,"a","DE9",0.247638621844392
"best_fit_2a",5,2,"F2_Direct",1,"a","DEA",0.491733966268538
"best_fit_2a",5,2,"F2_Direct",1,"a","DEB",0.135643666769838
"best_fit_2a",5,2,"F2_Direct",1,"a","DEC",0.0452293550430936
"best_fit_2a",5,2,"F2_Direct",1,"a","DED",0.163589987174887
"best_fit_2a",5,2,"F2_Direct",1,"a","DEE",0.101003363860464
"best_fit_2a",5,2,"F2_Direct",1,"a","DEF",0.129328542257899
"best_fit_2a",5,2,"F2_Direct",1,"a","DEG",0.0770032857292475
"best_fit_2a",5,2,"F2_Direct",1,"a","EL30",0.422033916556341
"best_fit_2a",5,2,"F2_Direct",1,"a","EL41",0.149500044782199
"best_fit_2a",5,2,"F2_Direct",1,"a","EL42",0.189139709146165
"best_fit_2a",5,2,"F2_Direct",1,"a","EL43",0.154815499178857
"best_fit_2a",5,2,"F2_Direct",1,"a","EL51",0.174239319406596
"best_fit_2a",5,2,"F2_Direct",1,"a","EL52",0.348900521101421
"best_fit_2a",5,2,"F2_Direct",1,"a","EL53",0.0802892478665684
"best_fit_2a",5,2,"F2_Direct",1,"a","EL54",0.0883491978965818
"best_fit_2a",5,2,"F2_Direct",1,"a","EL61",0.155905177521099
"best_fit_2a",5,2,"F2_Direct",1,"a","EL62",0.0739615773328433
"best_fit_2a",5,2,"F2_Direct",1,"a","EL63",0.222126986186397
"best_fit_2a",5,2,"F2_Direct",1,"a","EL64",0.158913074759116
"best_fit_2a",5,2,"F2_Direct",1,"a","EL65",0.141057620350515
"best_fit_2a",5,2,"F2_Direct",1,"a","ES11",0.176320927595398
"best_fit_2a",5,2,"F2_Direct",1,"a","ES12",0.0259922570215601
"best_fit_2a",5,2,"F2_Direct",1,"a","ES13",0.0491478064958809
"best_fit_2a",5,2,"F2_Direct",1,"a","ES21",0.110819811398766
"best_fit_2a",5,2,"F2_Direct",1,"a","ES22",0.0622148836193606
"best_fit_2a",5,2,"F2_Direct",1,"a","ES23",0.00606887440924642
"best_fit_2a",5,2,"F2_Direct",1,"a","ES24",0.073294633077276
"best_fit_2a",5,2,"F2_Direct",1,"a","ES30",0.289348992209128
"best_fit_2a",5,2,"F2_Direct",1,"a","ES41",0.129498598534925
"best_fit_2a",5,2,"F2_Direct",1,"a","ES42",0.0993730382605556
"best_fit_2a",5,2,"F2_Direct",1,"a","ES43",0.0693097812195661
"best_fit_2a",5,2,"F2_Direct",1,"a","ES51",0.247989390643965
"best_fit_2a",5,2,"F2_Direct",1,"a","ES52",0.211029505719536
"best_fit_2a",5,2,"F2_Direct",1,"a","ES53",0.0144351387016339
"best_fit_2a",5,2,"F2_Direct",1,"a","ES61",0.335602909311584
"best_fit_2a",5,2,"F2_Direct",1,"a","ES62",0.0669537647218916
"best_fit_2a",5,2,"F2_Direct",1,"a","ES70",0.051732752438969
"best_fit_2a",5,2,"F2_Direct",1,"a","FI193",0.102163170710207
"best_fit_2a",5,2,"F2_Direct",1,"a","FI194",0.0725791717182786
"best_fit_2a",5,2,"F2_Direct",1,"a","FI195",0.0638571818498608
"best_fit_2a",5,2,"F2_Direct",1,"a","FI196",0.084213770417535
"best_fit_2a",5,2,"F2_Direct",1,"a","FI197",0.232511787659039
"best_fit_2a",5,2,"F2_Direct",1,"a","FI1B1",0.399421192522632
"best_fit_2a",5,2,"F2_Direct",1,"a","FI1C1",0.175673064681545
"best_fit_2a",5,2,"F2_Direct",1,"a","FI1C2",0.0682477114870365
"best_fit_2a",5,2,"F2_Direct",1,"a","FI1C3",0.0944043344439041
"best_fit_2a",5,2,"F2_Direct",1,"a","FI1C4",0.0968254905430499
"best_fit_2a",5,2,"F2_Direct",1,"a","FI1C5",0.050534610881776
"best_fit_2a",5,2,"F2_Direct",1,"a","FI1D1",0.0624127402015651
"best_fit_2a",5,2,"F2_Direct",1,"a","FI1D2",0.115326338181805
"best_fit_2a",5,2,"F2_Direct",1,"a","FI1D3",0.0764517279015411
"best_fit_2a",5,2,"F2_Direct",1,"a","FI1D5",0.0181777369563748
"best_fit_2a",5,2,"F2_Direct",1,"a","FI1D7",0.062670306813686
"best_fit_2a",5,2,"F2_Direct",1,"a","FI1D8",0.0460596403827956
"best_fit_2a",5,2,"F2_Direct",1,"a","FI1D9",0.121603495321265
"best_fit_2a",5,2,"F2_Direct",1,"a","FR10",0.243536149917021
"best_fit_2a",5,2,"F2_Direct",1,"a","FRB0",0.100989670744473
"best_fit_2a",5,2,"F2_Direct",1,"a","FRC1",0.0557573795496123
"best_fit_2a",5,2,"F2_Direct",1,"a","FRC2",0.0457516670379768
"best_fit_2a",5,2,"F2_Direct",1,"a","FRD1",0.0386257001040966
"best_fit_2a",5,2,"F2_Direct",1,"a","FRD2",0.0811929939754978
"best_fit_2a",5,2,"F2_Direct",1,"a","FRE1",0.116245993744504
"best_fit_2a",5,2,"F2_Direct",1,"a","FRE2",0.0649430971138431
"best_fit_2a",5,2,"F2_Direct",1,"a","FRF1",0.0668107605675124
"best_fit_2a",5,2,"F2_Direct",1,"a","FRF2",0.0367277543730838
"best_fit_2a",5,2,"F2_Direct",1,"a","FRF3",0.0812221431740061
"best_fit_2a",5,2,"F2_Direct",1,"a","FRG0",0.142612549173384
"best_fit_2a",5,2,"F2_Direct",1,"a","FRH0",0.124893461759307
"best_fit_2a",5,2,"F2_Direct",1,"a","FRI1",0.116520889005012
"best_fit_2a",5,2,"F2_Direct",1,"a","FRI2",0.0238387005661642
"best_fit_2a",5,2,"F2_Direct",1,"a","FRI3",0.0657050386613078
"best_fit_2a",5,2,"F2_Direct",1,"a","FRJ1",0.0668286677850298
"best_fit_2a",5,2,"F2_Direct",1,"a","FRJ2",0.092120037015192
"best_fit_2a",5,2,"F2_Direct",1,"a","FRK1",0.0525076005468876
"best_fit_2a",5,2,"F2_Direct",1,"a","FRK2",0.209711208937336
"best_fit_2a",5,2,"F2_Direct",1,"a","FRL0",0.106704777288612
"best_fit_2a",5,2,"F2_Direct",1,"a","HR031",0.123104499034786
"best_fit_2a",5,2,"F2_Direct",1,"a","HR032",0.0636338409742672
"best_fit_2a",5,2,"F2_Direct",1,"a","HR033",0.0732706964090781
"best_fit_2a",5,2,"F2_Direct",1,"a","HR034",0.0379582876640687
"best_fit_2a",5,2,"F2_Direct",1,"a","HR035",0.163210476523077
"best_fit_2a",5,2,"F2_Direct",1,"a","HR036",0.0532864701187272
"best_fit_2a",5,2,"F2_Direct",1,"a","HR037",0.0588584771181736
"best_fit_2a",5,2,"F2_Direct",1,"a","HU110",0.230027872304867
"best_fit_2a",5,2,"F2_Direct",1,"a","HU120",0.253851079647164
"best_fit_2a",5,2,"F2_Direct",1,"a","HU211",0.143018516513858
"best_fit_2a",5,2,"F2_Direct",1,"a","HU212",0.0890578713595414
"best_fit_2a",5,2,"F2_Direct",1,"a","HU213",0.157578388078593
"best_fit_2a",5,2,"F2_Direct",1,"a","HU221",0.0433129089010226
"best_fit_2a",5,2,"F2_Direct",1,"a","HU222",0.115409490106564
"best_fit_2a",5,2,"F2_Direct",1,"a","HU223",0.0751567468723765
"best_fit_2a",5,2,"F2_Direct",1,"a","HU231",0.101007048283717
"best_fit_2a",5,2,"F2_Direct",1,"a","HU232",0.0971877602672785
"best_fit_2a",5,2,"F2_Direct",1,"a","HU233",0.0045290041678302
"best_fit_2a",5,2,"F2_Direct",1,"a","HU311",0.264271745669348
"best_fit_2a",5,2,"F2_Direct",1,"a","HU312",0.0630864855214632
"best_fit_2a",5,2,"F2_Direct",1,"a","HU313",0.0100484457008788
"best_fit_2a",5,2,"F2_Direct",1,"a","HU321",0.165059585732
"best_fit_2a",5,2,"F2_Direct",1,"a","HU322",0.0768973341847004
"best_fit_2a",5,2,"F2_Direct",1,"a","HU323",0.345870441424665
"best_fit_2a",5,2,"F2_Direct",1,"a","HU331",0.137415951399645
"best_fit_2a",5,2,"F2_Direct",1,"a","HU332",0.0302063355194013
"best_fit_2a",5,2,"F2_Direct",1,"a","HU333",0.0978077503415937
"best_fit_2a",5,2,"F2_Direct",1,"a","IE041",0.183016122813335
"best_fit_2a",5,2,"F2_Direct",1,"a","IE042",0.172591891215116
"best_fit_2a",5,2,"F2_Direct",1,"a","IE051",0.252357608873908
"best_fit_2a",5,2,"F2_Direct",1,"a","IE052",0.180087656910624
"best_fit_2a",5,2,"F2_Direct",1,"a","IE053",0.241370994407467
"best_fit_2a",5,2,"F2_Direct",1,"a","IE061",0.379396675358204
"best_fit_2a",5,2,"F2_Direct",1,"a","IE062",0.167092397148262
"best_fit_2a",5,2,"F2_Direct",1,"a","IE063",0.160729275684319
"best_fit_2a",5,2,"F2_Direct",1,"a","ITC",0.500352849770243
"best_fit_2a",5,2,"F2_Direct",1,"a","ITF",0.409787936519143
"best_fit_2a",5,2,"F2_Direct",1,"a","ITG",0.266329613230218
"best_fit_2a",5,2,"F2_Direct",1,"a","ITH",0.387191163097488
"best_fit_2a",5,2,"F2_Direct",1,"a","ITI",0.37983386356093
"best_fit_2a",5,2,"F2_Direct",1,"a","NL11",0.0628990334794533
"best_fit_2a",5,2,"F2_Direct",1,"a","NL12",0.110658417531918
"best_fit_2a",5,2,"F2_Direct",1,"a","NL13",0.0754955069715662
"best_fit_2a",5,2,"F2_Direct",1,"a","NL21",0.166211831897669
"best_fit_2a",5,2,"F2_Direct",1,"a","NL22",0.244728948835422
"best_fit_2a",5,2,"F2_Direct",1,"a","NL23",0.0518027436037624
"best_fit_2a",5,2,"F2_Direct",1,"a","NL32",0.256280845556151
"best_fit_2a",5,2,"F2_Direct",1,"a","NL34",0.0679623368167095
"best_fit_2a",5,2,"F2_Direct",1,"a","NL41",0.238285307357382
"best_fit_2a",5,2,"F2_Direct",1,"a","NL42",0.141112141196517
"best_fit_2a",5,2,"F2_Direct",1,"a","NO02",0.114433686028078
"best_fit_2a",5,2,"F2_Direct",1,"a","NO06",0.161196242408491
"best_fit_2a",5,2,"F2_Direct",1,"a","NO07",0.136492039874531
"best_fit_2a",5,2,"F2_Direct",1,"a","NO08",0.380902825087111
"best_fit_2a",5,2,"F2_Direct",1,"a","NO09",0.234359334113151
"best_fit_2a",5,2,"F2_Direct",1,"a","NO0A",0.315058850330258
"best_fit_2a",5,2,"F2_Direct",1,"a","PL21",0.146118554231768
"best_fit_2a",5,2,"F2_Direct",1,"a","PL22",0.182763739244734
"best_fit_2a",5,2,"F2_Direct",1,"a","PL41",0.143304057959403
"best_fit_2a",5,2,"F2_Direct",1,"a","PL42",0.0586436375541076
"best_fit_2a",5,2,"F2_Direct",1,"a","PL43",0.0450794278510326
"best_fit_2a",5,2,"F2_Direct",1,"a","PL51",0.134900121410566
"best_fit_2a",5,2,"F2_Direct",1,"a","PL52",0.0570867711275647
"best_fit_2a",5,2,"F2_Direct",1,"a","PL61",0.0664628330646089
"best_fit_2a",5,2,"F2_Direct",1,"a","PL62",0.0545337368603508
"best_fit_2a",5,2,"F2_Direct",1,"a","PL63",0.118401861204279
"best_fit_2a",5,2,"F2_Direct",1,"a","PL71",0.173226837618686
"best_fit_2a",5,2,"F2_Direct",1,"a","PL72",0.073302209375604
"best_fit_2a",5,2,"F2_Direct",1,"a","PL81",0.0601153969659214
"best_fit_2a",5,2,"F2_Direct",1,"a","PL84",0.0591905678846567
"best_fit_2a",5,2,"F2_Direct",1,"a","PL91",0.16007064121898
"best_fit_2a",5,2,"F2_Direct",1,"a","PL92",0.105314894493996
"best_fit_2a",5,2,"F2_Direct",1,"a","PT11",0.280932305021101
"best_fit_2a",5,2,"F2_Direct",1,"a","PT15",0.0634233839075897
"best_fit_2a",5,2,"F2_Direct",1,"a","SE11",0.246066253960919
"best_fit_2a",5,2,"F2_Direct",1,"a","SE12",0.213918292588925
"best_fit_2a",5,2,"F2_Direct",1,"a","SE21",0.129880416165151
"best_fit_2a",5,2,"F2_Direct",1,"a","SE22",0.207834950448244
"best_fit_2a",5,2,"F2_Direct",1,"a","SE23",0.265623630401865
"best_fit_2a",5,2,"F2_Direct",1,"a","SE31",0.127845658322845
"best_fit_2a",5,2,"F2_Direct",1,"a","SE32",0.0606000092583579
"best_fit_2a",5,2,"F2_Direct",1,"a","SE33",0.143163841925545
"best_fit_2a",5,2,"F2_Direct",1,"a","SI031",0.102448964255036
"best_fit_2a",5,2,"F2_Direct",1,"a","SI032",0.191869034245683
"best_fit_2a",5,2,"F2_Direct",1,"a","SI033",0.0471815173944312
"best_fit_2a",5,2,"F2_Direct",1,"a","SI034",0.195962636572159
"best_fit_2a",5,2,"F2_Direct",1,"a","SI035",0.0338729785234296
"best_fit_2a",5,2,"F2_Direct",1,"a","SI036",0.0793225879894081
"best_fit_2a",5,2,"F2_Direct",1,"a","SI037",0.142516015043053
"best_fit_2a",5,2,"F2_Direct",1,"a","SI038",0.0318455039547288
"best_fit_2a",5,2,"F2_Direct",1,"a","SI041",0.269533512540656
"best_fit_2a",5,2,"F2_Direct",1,"a","SI042",0.134011708024436
"best_fit_2a",5,2,"F2_Direct",1,"a","SI043",0.115962028291245
"best_fit_2a",5,2,"F2_Direct",1,"a","SI044",0.0904618754616669
"best_fit_2b",6,2,"F2_Direct",2,"b","AT11",0.785485158174156
"best_fit_2b",6,2,"F2_Direct",2,"b","AT12",0.93147546195918
"best_fit_2b",6,2,"F2_Direct",2,"b","AT13",0.897431950415279
"best_fit_2b",6,2,"F2_Direct",2,"b","AT21",0.870704756267949
"best_fit_2b",6,2,"F2_Direct",2,"b","AT22",0.945969809936537
"best_fit_2b",6,2,"F2_Direct",2,"b","AT31",0.9478562402726
"best_fit_2b",6,2,"F2_Direct",2,"b","AT32",0.872632268918382
"best_fit_2b",6,2,"F2_Direct",2,"b","AT33",0.887943075949222
"best_fit_2b",6,2,"F2_Direct",2,"b","AT34",0.818970374279968
"best_fit_2b",6,2,"F2_Direct",2,"b","BE10",0.854151711470958
"best_fit_2b",6,2,"F2_Direct",2,"b","BE21",0.941018722374393
"best_fit_2b",6,2,"F2_Direct",2,"b","BE22",0.906834607389314
"best_fit_2b",6,2,"F2_Direct",2,"b","BE23",0.919255861383807
"best_fit_2b",6,2,"F2_Direct",2,"b","BE24",0.898491802903037
"best_fit_2b",6,2,"F2_Direct",2,"b","BE25",0.903425917781085
"best_fit_2b",6,2,"F2_Direct",2,"b","BE31",0.649430356863047
"best_fit_2b",6,2,"F2_Direct",2,"b","BE32",0.8890692946066
"best_fit_2b",6,2,"F2_Direct",2,"b","BE33",0.857164762106141
"best_fit_2b",6,2,"F2_Direct",2,"b","BE34",0.565296874677666
"best_fit_2b",6,2,"F2_Direct",2,"b","BE35",0.706714604898715
"best_fit_2b",6,2,"F2_Direct",2,"b","BG311",0.506592189009577
"best_fit_2b",6,2,"F2_Direct",2,"b","BG312",0.682339648666949
"best_fit_2b",6,2,"F2_Direct",2,"b","BG313",0.708243047057964
"best_fit_2b",6,2,"F2_Direct",2,"b","BG314",0.7436966683003
"best_fit_2b",6,2,"F2_Direct",2,"b","BG315",0.635055587780783
"best_fit_2b",6,2,"F2_Direct",2,"b","BG321",0.792716522144807
"best_fit_2b",6,2,"F2_Direct",2,"b","BG322",0.590269573854921
"best_fit_2b",6,2,"F2_Direct",2,"b","BG323",0.798575731006963
"best_fit_2b",6,2,"F2_Direct",2,"b","BG324",0.640484574950185
"best_fit_2b",6,2,"F2_Direct",2,"b","BG325",0.660534462623516
"best_fit_2b",6,2,"F2_Direct",2,"b","BG331",0.795844522340472
"best_fit_2b",6,2,"F2_Direct",2,"b","BG332",0.495011396394574
"best_fit_2b",6,2,"F2_Direct",2,"b","BG333",0.668235091968671
"best_fit_2b",6,2,"F2_Direct",2,"b","BG334",0.473140791958572
"best_fit_2b",6,2,"F2_Direct",2,"b","BG341",0.81619539997263
"best_fit_2b",6,2,"F2_Direct",2,"b","BG342",0.63282359207211
"best_fit_2b",6,2,"F2_Direct",2,"b","BG343",0.474176752266435
"best_fit_2b",6,2,"F2_Direct",2,"b","BG344",0.75934742487542
"best_fit_2b",6,2,"F2_Direct",2,"b","BG411",0.91581413058032
"best_fit_2b",6,2,"F2_Direct",2,"b","BG412",0.827854395930354
"best_fit_2b",6,2,"F2_Direct",2,"b","BG413",0.833279548286859
"best_fit_2b",6,2,"F2_Direct",2,"b","BG414",0.649987319125053
"best_fit_2b",6,2,"F2_Direct",2,"b","BG415",0.664417662227513
"best_fit_2b",6,2,"F2_Direct",2,"b","BG421",0.865557524821353
"best_fit_2b",6,2,"F2_Direct",2,"b","BG422",0.739941911352508
"best_fit_2b",6,2,"F2_Direct",2,"b","BG423",0.632206590445175
"best_fit_2b",6,2,"F2_Direct",2,"b","BG424",0.695371816468212
"best_fit_2b",6,2,"F2_Direct",2,"b","BG425",0.638974533075456
"best_fit_2b",6,2,"F2_Direct",2,"b","CH01",0.920587617543207
"best_fit_2b",6,2,"F2_Direct",2,"b","CH02",0.940560921313359
"best_fit_2b",6,2,"F2_Direct",2,"b","CH03",0.890735340393195
"best_fit_2b",6,2,"F2_Direct",2,"b","CH04",0.898043291590293
"best_fit_2b",6,2,"F2_Direct",2,"b","CH05",0.892026864824089
"best_fit_2b",6,2,"F2_Direct",2,"b","CH06",0.880605312627093
"best_fit_2b",6,2,"F2_Direct",2,"b","CH07",0.639017303919194
"best_fit_2b",6,2,"F2_Direct",2,"b","DE1",0.947807434664704
"best_fit_2b",6,2,"F2_Direct",2,"b","DE2",0.955640632844483
"best_fit_2b",6,2,"F2_Direct",2,"b","DE3",0.794948728052923
"best_fit_2b",6,2,"F2_Direct",2,"b","DE4",0.831733735395618
"best_fit_2b",6,2,"F2_Direct",2,"b","DE6",0.654471135576516
"best_fit_2b",6,2,"F2_Direct",2,"b","DE7",0.9090182584854
"best_fit_2b",6,2,"F2_Direct",2,"b","DE8",0.687213431340481
"best_fit_2b",6,2,"F2_Direct",2,"b","DE9",0.918393174588277
"best_fit_2b",6,2,"F2_Direct",2,"b","DEA",0.970656220981026
"best_fit_2b",6,2,"F2_Direct",2,"b","DEB",0.842905217700075
"best_fit_2b",6,2,"F2_Direct",2,"b","DEC",0.618275289806879
"best_fit_2b",6,2,"F2_Direct",2,"b","DED",0.869914524621398
"best_fit_2b",6,2,"F2_Direct",2,"b","DEE",0.793447616833548
"best_fit_2b",6,2,"F2_Direct",2,"b","DEF",0.835490442921178
"best_fit_2b",6,2,"F2_Direct",2,"b","DEG",0.740425517425987
"best_fit_2b",6,2,"F2_Direct",2,"b","EL30",0.961488638081491
"best_fit_2b",6,2,"F2_Direct",2,"b","EL41",0.857347445822007
"best_fit_2b",6,2,"F2_Direct",2,"b","EL42",0.88858309641286
"best_fit_2b",6,2,"F2_Direct",2,"b","EL43",0.86231332689115
"best_fit_2b",6,2,"F2_Direct",2,"b","EL51",0.878263062327333
"best_fit_2b",6,2,"F2_Direct",2,"b","EL52",0.948244581943827
"best_fit_2b",6,2,"F2_Direct",2,"b","EL53",0.74904688194597
"best_fit_2b",6,2,"F2_Direct",2,"b","EL54",0.768168632107915
"best_fit_2b",6,2,"F2_Direct",2,"b","EL61",0.863296291855526
"best_fit_2b",6,2,"F2_Direct",2,"b","EL62",0.731959863289723
"best_fit_2b",6,2,"F2_Direct",2,"b","EL63",0.907092906651612
"best_fit_2b",6,2,"F2_Direct",2,"b","EL64",0.865950809677844
"best_fit_2b",6,2,"F2_Direct",2,"b","EL65",0.848826363798401
"best_fit_2b",6,2,"F2_Direct",2,"b","ES11",0.879794306489547
"best_fit_2b",6,2,"F2_Direct",2,"b","ES12",0.47710062462691
"best_fit_2b",6,2,"F2_Direct",2,"b","ES13",0.638632224124131
"best_fit_2b",6,2,"F2_Direct",2,"b","ES21",0.809931416659804
"best_fit_2b",6,2,"F2_Direct",2,"b","ES22",0.694030899123246
"best_fit_2b",6,2,"F2_Direct",2,"b","ES23",0.172710798927321
"best_fit_2b",6,2,"F2_Direct",2,"b","ES24",0.730037067787607
"best_fit_2b",6,2,"F2_Direct",2,"b","ES30",0.932981146900253
"best_fit_2b",6,2,"F2_Direct",2,"b","ES41",0.835697797524658
"best_fit_2b",6,2,"F2_Direct",2,"b","ES42",0.790467987714592
"best_fit_2b",6,2,"F2_Direct",2,"b","ES43",0.718011338765025
"best_fit_2b",6,2,"F2_Direct",2,"b","ES51",0.91853409799335
"best_fit_2b",6,2,"F2_Direct",2,"b","ES52",0.9014311145261
"best_fit_2b",6,2,"F2_Direct",2,"b","ES53",0.333679334993225
"best_fit_2b",6,2,"F2_Direct",2,"b","ES61",0.945267360978207
"best_fit_2b",6,2,"F2_Direct",2,"b","ES62",0.710436815906495
"best_fit_2b",6,2,"F2_Direct",2,"b","ES70",0.65099453418792
"best_fit_2b",6,2,"F2_Direct",2,"b","FI193",0.79552260667729
"best_fit_2b",6,2,"F2_Direct",2,"b","FI194",0.727946635152844
"best_fit_2b",6,2,"F2_Direct",2,"b","FI195",0.699903829889786
"best_fit_2b",6,2,"F2_Direct",2,"b","FI196",0.758694317374976
"best_fit_2b",6,2,"F2_Direct",2,"b","FI197",0.911957741548121
"best_fit_2b",6,2,"F2_Direct",2,"b","FI1B1",0.957875228063407
"best_fit_2b",6,2,"F2_Direct",2,"b","FI1C1",0.879321054530035
"best_fit_2b",6,2,"F2_Direct",2,"b","FI1C2",0.714641727463965
"best_fit_2b",6,2,"F2_Direct",2,"b","FI1C3",0.78090584355347
"best_fit_2b",6,2,"F2_Direct",2,"b","FI1C4",0.785658796571227
"best_fit_2b",6,2,"F2_Direct",2,"b","FI1C5",0.645363025432408
"best_fit_2b",6,2,"F2_Direct",2,"b","FI1D1",0.694749486727676
"best_fit_2b",6,2,"F2_Direct",2,"b","FI1D2",0.816753626687002
"best_fit_2b",6,2,"F2_Direct",2,"b","FI1D3",0.738926292793606
"best_fit_2b",6,2,"F2_Direct",2,"b","FI1D5",0.387637511504713
"best_fit_2b",6,2,"F2_Direct",2,"b","FI1D7",0.695680342040377
"best_fit_2b",6,2,"F2_Direct",2,"b","FI1D8",0.622763583339981
"best_fit_2b",6,2,"F2_Direct",2,"b","FI1D9",0.825580947173572
"best_fit_2b",6,2,"F2_Direct",2,"b","FR10",0.916718162258858
"best_fit_2b",6,2,"F2_Direct",2,"b","FRB0",0.793422899466607
"best_fit_2b",6,2,"F2_Direct",2,"b","FRC1",0.668760775813776
"best_fit_2b",6,2,"F2_Direct",2,"b","FRC2",0.621110223926445
"best_fit_2b",6,2,"F2_Direct",2,"b","FRD1",0.578718026823807
"best_fit_2b",6,2,"F2_Direct",2,"b","FRD2",0.751328795829776
"best_fit_2b",6,2,"F2_Direct",2,"b","FRE1",0.818094237851163
"best_fit_2b",6,2,"F2_Direct",2,"b","FRE2",0.703675674762571
"best_fit_2b",6,2,"F2_Direct",2,"b","FRF1",0.709965209729491
"best_fit_2b",6,2,"F2_Direct",2,"b","FRF2",0.565903223346745
"best_fit_2b",6,2,"F2_Direct",2,"b","FRF3",0.751401779481851
"best_fit_2b",6,2,"F2_Direct",2,"b","FRG0",0.850458355144256
"best_fit_2b",6,2,"F2_Direct",2,"b","FRH0",0.829921972823671
"best_fit_2b",6,2,"F2_Direct",2,"b","FRI1",0.818491697277833
"best_fit_2b",6,2,"F2_Direct",2,"b","FRI2",0.455032190557405
"best_fit_2b",6,2,"F2_Direct",2,"b","FRI3",0.706271190912273
"best_fit_2b",6,2,"F2_Direct",2,"b","FRJ1",0.710024341232236
"best_fit_2b",6,2,"F2_Direct",2,"b","FRJ2",0.776248952972788
"best_fit_2b",6,2,"F2_Direct",2,"b","FRK1",0.654549524271987
"best_fit_2b",6,2,"F2_Direct",2,"b","FRK2",0.900723719125743
"best_fit_2b",6,2,"F2_Direct",2,"b","FRL0",0.803309358931102
"best_fit_2b",6,2,"F2_Direct",2,"b","HR031",0.827584605057302
"best_fit_2b",6,2,"F2_Direct",2,"b","HR032",0.699117239871571
"best_fit_2b",6,2,"F2_Direct",2,"b","HR033",0.729967597448075
"best_fit_2b",6,2,"F2_Direct",2,"b","HR034",0.574293144915706
"best_fit_2b",6,2,"F2_Direct",2,"b","HR035",0.869600035902612
"best_fit_2b",6,2,"F2_Direct",2,"b","HR036",0.658056404764035
"best_fit_2b",6,2,"F2_Direct",2,"b","HR037",0.681354013111951
"best_fit_2b",6,2,"F2_Direct",2,"b","HU110",0.910829472004482
"best_fit_2b",6,2,"F2_Direct",2,"b","HU120",0.92083754741341
"best_fit_2b",6,2,"F2_Direct",2,"b","HU211",0.850879616846526
"best_fit_2b",6,2,"F2_Direct",2,"b","HU212",0.769726224518588
"best_fit_2b",6,2,"F2_Direct",2,"b","HU213",0.864783426733273
"best_fit_2b",6,2,"F2_Direct",2,"b","HU221",0.607528052970635
"best_fit_2b",6,2,"F2_Direct",2,"b","HU222",0.816875536584124
"best_fit_2b",6,2,"F2_Direct",2,"b","HU223",0.735344587335403
"best_fit_2b",6,2,"F2_Direct",2,"b","HU231",0.793454266683989
"best_fit_2b",6,2,"F2_Direct",2,"b","HU232",0.786354417741396
"best_fit_2b",6,2,"F2_Direct",2,"b","HU233",0.134615079319926
"best_fit_2b",6,2,"F2_Direct",2,"b","HU311",0.924706043534363
"best_fit_2b",6,2,"F2_Direct",2,"b","HU312",0.697173556068719
"best_fit_2b",6,2,"F2_Direct",2,"b","HU313",0.25763845836354
"best_fit_2b",6,2,"F2_Direct",2,"b","HU321",0.871120798529826
"best_fit_2b",6,2,"F2_Direct",2,"b","HU322",0.740138722821758
"best_fit_2b",6,2,"F2_Direct",2,"b","HU323",0.947584698681482
"best_fit_2b",6,2,"F2_Direct",2,"b","HU331",0.84488566461448
"best_fit_2b",6,2,"F2_Direct",2,"b","HU332",0.515726635134571
"best_fit_2b",6,2,"F2_Direct",2,"b","HU333",0.78753576678039
"best_fit_2b",6,2,"F2_Direct",2,"b","IE041",0.884516533443982
"best_fit_2b",6,2,"F2_Direct",2,"b","IE042",0.877028911640414
"best_fit_2b",6,2,"F2_Direct",2,"b","IE051",0.920259738187293
"best_fit_2b",6,2,"F2_Direct",2,"b","IE052",0.882488050392101
"best_fit_2b",6,2,"F2_Direct",2,"b","IE053",0.915813735737752
"best_fit_2b",6,2,"F2_Direct",2,"b","IE061",0.954342255659245
"best_fit_2b",6,2,"F2_Direct",2,"b","IE062",0.872759736275379
"best_fit_2b",6,2,"F2_Direct",2,"b","IE063",0.867513123487502
"best_fit_2b",6,2,"F2_Direct",2,"b","ITC",0.971622487978174
"best_fit_2b",6,2,"F2_Direct",2,"b","ITF",0.95957790009056
"best_fit_2b",6,2,"F2_Direct",2,"b","ITG",0.925437835939938
"best_fit_2b",6,2,"F2_Direct",2,"b","ITH",0.955757757137024
"best_fit_2b",6,2,"F2_Direct",2,"b","ITI",0.954423075136688
"best_fit_2b",6,2,"F2_Direct",2,"b","NL11",0.696502647608174
"best_fit_2b",6,2,"F2_Direct",2,"b","NL12",0.809678989546115
"best_fit_2b",6,2,"F2_Direct",2,"b","NL13",0.736290024586559
"best_fit_2b",6,2,"F2_Direct",2,"b","NL21",0.872053954082456
"best_fit_2b",6,2,"F2_Direct",2,"b","NL22",0.91721032977958
"best_fit_2b",6,2,"F2_Direct",2,"b","NL23",0.65131841505608
"best_fit_2b",6,2,"F2_Direct",2,"b","NL32",0.921764723229945
"best_fit_2b",6,2,"F2_Direct",2,"b","NL34",0.713723886682096
"best_fit_2b",6,2,"F2_Direct",2,"b","NL41",0.914499570685212
"best_fit_2b",6,2,"F2_Direct",2,"b","NL42",0.848884088091836
"best_fit_2b",6,2,"F2_Direct",2,"b","NO02",0.81543606615678
"best_fit_2b",6,2,"F2_Direct",2,"b","NO06",0.867910019293091
"best_fit_2b",6,2,"F2_Direct",2,"b","NO07",0.843858492550235
"best_fit_2b",6,2,"F2_Direct",2,"b","NO08",0.954619961375749
"best_fit_2b",6,2,"F2_Direct",2,"b","NO09",0.912783209496247
"best_fit_2b",6,2,"F2_Direct",2,"b","NO0A",0.940216781212994
"best_fit_2b",6,2,"F2_Direct",2,"b","PL21",0.854032454137649
"best_fit_2b",6,2,"F2_Direct",2,"b","PL22",0.884343910484683
"best_fit_2b",6,2,"F2_Direct",2,"b","PL41",0.851174734345437
"best_fit_2b",6,2,"F2_Direct",2,"b","PL42",0.680509937501381
"best_fit_2b",6,2,"F2_Direct",2,"b","PL43",0.61745426170805
"best_fit_2b",6,2,"F2_Direct",2,"b","PL51",0.842061673254965
"best_fit_2b",6,2,"F2_Direct",2,"b","PL52",0.674268964042842
"best_fit_2b",6,2,"F2_Direct",2,"b","PL61",0.708811965410546
"best_fit_2b",6,2,"F2_Direct",2,"b","PL62",0.663537857576069
"best_fit_2b",6,2,"F2_Direct",2,"b","PL63",0.821171841139549
"best_fit_2b",6,2,"F2_Direct",2,"b","PL71",0.877506942237898
"best_fit_2b",6,2,"F2_Direct",2,"b","PL72",0.730059049445757
"best_fit_2b",6,2,"F2_Direct",2,"b","PL81",0.686211744877922
"best_fit_2b",6,2,"F2_Direct",2,"b","PL84",0.682650763517894
"best_fit_2b",6,2,"F2_Direct",2,"b","PL91",0.866950007820689
"best_fit_2b",6,2,"F2_Direct",2,"b","PL92",0.80098180519054
"best_fit_2b",6,2,"F2_Direct",2,"b","PT11",0.930352527788264
"best_fit_2b",6,2,"F2_Direct",2,"b","PT15",0.698372588690133
"best_fit_2b",6,2,"F2_Direct",2,"b","SE11",0.917757068085835
"best_fit_2b",6,2,"F2_Direct",2,"b","SE12",0.902954509552018
"best_fit_2b",6,2,"F2_Direct",2,"b","SE21",0.83616175322555
"best_fit_2b",6,2,"F2_Direct",2,"b","SE22",0.899703406807813
"best_fit_2b",6,2,"F2_Direct",2,"b","SE23",0.925187930964424
"best_fit_2b",6,2,"F2_Direct",2,"b","SE31",0.833663400054353
"best_fit_2b",6,2,"F2_Direct",2,"b","SE32",0.688048719156404
"best_fit_2b",6,2,"F2_Direct",2,"b","SE33",0.851029937490584
"best_fit_2b",6,2,"F2_Direct",2,"b","SI031",0.796028339634724
"best_fit_2b",6,2,"F2_Direct",2,"b","SI032",0.890323312490041
"best_fit_2b",6,2,"F2_Direct",2,"b","SI033",0.628675004831725
"best_fit_2b",6,2,"F2_Direct",2,"b","SI034",0.892854624654745
"best_fit_2b",6,2,"F2_Direct",2,"b","SI035",0.54519660017852
"best_fit_2b",6,2,"F2_Direct",2,"b","SI036",0.746564403828291
"best_fit_2b",6,2,"F2_Direct",2,"b","SI037",0.850357892640937
"best_fit_2b",6,2,"F2_Direct",2,"b","SI038",0.529332149634327
"best_fit_2b",6,2,"F2_Direct",2,"b","SI041",0.926557159947445
"best_fit_2b",6,2,"F2_Direct",2,"b","SI042",0.84104375659133
"best_fit_2b",6,2,"F2_Direct",2,"b","SI043",0.817682093594057
"best_fit_2b",6,2,"F2_Direct",2,"b","SI044",0.772758020722633
"best_fit_2c",7,2,"F2_Direct",3,"c","AT11",0.0806250201231809
"best_fit_2c",7,2,"F2_Direct",3,"c","AT12",0.245597925353344
"best_fit_2c",7,2,"F2_Direct",3,"c","AT13",0.173245682159995
"best_fit_2c",7,2,"F2_Direct",3,"c","AT21",0.138882438001039
"best_fit_2c",7,2,"F2_Direct",3,"c","AT22",0.295433283838748
"best_fit_2c",7,2,"F2_Direct",3,"c","AT31",0.303304889652372
"best_fit_2c",7,2,"F2_Direct",3,"c","AT32",0.140956060125783
"best_fit_2c",7,2,"F2_Direct",3,"c","AT33",0.159506166358912
"best_fit_2c",7,2,"F2_Direct",3,"c","AT34",0.0977551136651505
"best_fit_2c",7,2,"F2_Direct",3,"c","BE10",0.123006129623027
"best_fit_2c",7,2,"F2_Direct",3,"c","BE21",0.276464996351413
"best_fit_2c",7,2,"F2_Direct",3,"c","BE22",0.189045545476797
"best_fit_2c",7,2,"F2_Direct",3,"c","BE23",0.214244371047748
"best_fit_2c",7,2,"F2_Direct",3,"c","BE24",0.17490873936659
"best_fit_2c",7,2,"F2_Direct",3,"c","BE25",0.183034236000332
"best_fit_2c",7,2,"F2_Direct",3,"c","BE31",0.0424816992108989
"best_fit_2c",7,2,"F2_Direct",3,"c","BE32",0.161036219473487
"best_fit_2c",7,2,"F2_Direct",3,"c","BE33",0.125662215135455
"best_fit_2c",7,2,"F2_Direct",3,"c","BE34",0.0302037481727069
"best_fit_2c",7,2,"F2_Direct",3,"c","BE35",0.0545611590516123
"best_fit_2c",7,2,"F2_Direct",3,"c","BG311",0.0239993291749097
"best_fit_2c",7,2,"F2_Direct",3,"c","BG312",0.0489269333972977
"best_fit_2c",7,2,"F2_Direct",3,"c","BG313",0.0549433893761017
"best_fit_2c",7,2,"F2_Direct",3,"c","BG314",0.0649771034777923
"best_fit_2c",7,2,"F2_Direct",3,"c","BG315",0.0400082045681735
"best_fit_2c",7,2,"F2_Direct",3,"c","BG321",0.0839054268772229
"best_fit_2c",7,2,"F2_Direct",3,"c","BG322",0.0333516417693427
"best_fit_2c",7,2,"F2_Direct",3,"c","BG323",0.0867173570278264
"best_fit_2c",7,2,"F2_Direct",3,"c","BG324",0.040920621131455
"best_fit_2c",7,2,"F2_Direct",3,"c","BG325",0.0445261468846736
"best_fit_2c",7,2,"F2_Direct",3,"c","BG331",0.0853886771930217
"best_fit_2c",7,2,"F2_Direct",3,"c","BG332",0.0229378303470327
"best_fit_2c",7,2,"F2_Direct",3,"c","BG333",0.0460187874078791
"best_fit_2c",7,2,"F2_Direct",3,"c","BG334",0.0210547808340782
"best_fit_2c",7,2,"F2_Direct",3,"c","BG341",0.0961262615654936
"best_fit_2c",7,2,"F2_Direct",3,"c","BG342",0.0396404231539142
"best_fit_2c",7,2,"F2_Direct",3,"c","BG343",0.0211405999390989
"best_fit_2c",7,2,"F2_Direct",3,"c","BG344",0.0702599848441608
"best_fit_2c",7,2,"F2_Direct",3,"c","BG411",0.206685514658544
"best_fit_2c",7,2,"F2_Direct",3,"c","BG412",0.103278969300991
"best_fit_2c",7,2,"F2_Direct",3,"c","BG413",0.106904560786554
"best_fit_2c",7,2,"F2_Direct",3,"c","BG414",0.0425813574397853
"best_fit_2c",7,2,"F2_Direct",3,"c","BG415",0.0452708624478896
"best_fit_2c",7,2,"F2_Direct",3,"c","BG421",0.133591455332756
"best_fit_2c",7,2,"F2_Direct",3,"c","BG422",0.0637961129481884
"best_fit_2c",7,2,"F2_Direct",3,"c","BG423",0.0395394937988565
"best_fit_2c",7,2,"F2_Direct",3,"c","BG424",0.051835490980186
"best_fit_2c",7,2,"F2_Direct",3,"c","BG425",0.0406642581462889
"best_fit_2c",7,2,"F2_Direct",3,"c","CH01",0.217303535844895
"best_fit_2c",7,2,"F2_Direct",3,"c","CH02",0.27482406657199
"best_fit_2c",7,2,"F2_Direct",3,"c","CH03",0.163346903664577
"best_fit_2c",7,2,"F2_Direct",3,"c","CH04",0.174201560874816
"best_fit_2c",7,2,"F2_Direct",3,"c","CH05",0.165178133909938
"best_fit_2c",7,2,"F2_Direct",3,"c","CH06",0.150123486973669
"best_fit_2c",7,2,"F2_Direct",3,"c","CH07",0.040671491806228
"best_fit_2c",7,2,"F2_Direct",3,"c","DE1",0.303096358590463
"best_fit_2c",7,2,"F2_Direct",3,"c","DE2",0.340346688812811
"best_fit_2c",7,2,"F2_Direct",3,"c","DE3",0.0849597752031004
"best_fit_2c",7,2,"F2_Direct",3,"c","DE4",0.105850719004031
"best_fit_2c",7,2,"F2_Direct",3,"c","DE6",0.0433945828632879
"best_fit_2c",7,2,"F2_Direct",3,"c","DE7",0.19308289442576
"best_fit_2c",7,2,"F2_Direct",3,"c","DE8",0.0499883707683911
"best_fit_2c",7,2,"F2_Direct",3,"c","DE9",0.212303670621377
"best_fit_2c",7,2,"F2_Direct",3,"c","DEA",0.442032851011767
"best_fit_2c",7,2,"F2_Direct",3,"c","DEB",0.113870375971741
"best_fit_2c",7,2,"F2_Direct",3,"c","DEC",0.0373422137903765
"best_fit_2c",7,2,"F2_Direct",3,"c","DED",0.138047247617347
"best_fit_2c",7,2,"F2_Direct",3,"c","DEE",0.084248505135163
"best_fit_2c",7,2,"F2_Direct",3,"c","DEF",0.108441767024619
"best_fit_2c",7,2,"F2_Direct",3,"c","DEG",0.0639464711161862
"best_fit_2c",7,2,"F2_Direct",3,"c","EL30",0.374191142179091
"best_fit_2c",7,2,"F2_Direct",3,"c","EL41",0.12582633396321
"best_fit_2c",7,2,"F2_Direct",3,"c","EL42",0.160372572943427
"best_fit_2c",7,2,"F2_Direct",3,"c","EL43",0.130429154723521
"best_fit_2c",7,2,"F2_Direct",3,"c","EL51",0.147326689995385
"best_fit_2c",7,2,"F2_Direct",3,"c","EL52",0.304973659240834
"best_fit_2c",7,2,"F2_Direct",3,"c","EL53",0.0667155329580544
"best_fit_2c",7,2,"F2_Direct",3,"c","EL54",0.0735217941095709
"best_fit_2c",7,2,"F2_Direct",3,"c","EL61",0.131373868428219
"best_fit_2c",7,2,"F2_Direct",3,"c","EL62",0.0613862184758009
"best_fit_2c",7,2,"F2_Direct",3,"c","EL63",0.189515285412598
"best_fit_2c",7,2,"F2_Direct",3,"c","EL64",0.133983605033269
"best_fit_2c",7,2,"F2_Direct",3,"c","EL65",0.118534467506089
"best_fit_2c",7,2,"F2_Direct",3,"c","ES11",0.149144848969419
"best_fit_2c",7,2,"F2_Direct",3,"c","ES12",0.0213845659908042
"best_fit_2c",7,2,"F2_Direct",3,"c","ES13",0.0406064225863671
"best_fit_2c",7,2,"F2_Direct",3,"c","ES21",0.0926042978123985
"best_fit_2c",7,2,"F2_Direct",3,"c","ES22",0.0515256347965713
"best_fit_2c",7,2,"F2_Direct",3,"c","ES23",0.00497499501633965
"best_fit_2c",7,2,"F2_Direct",3,"c","ES24",0.0608252234706731
"best_fit_2c",7,2,"F2_Direct",3,"c","ES30",0.250040433572188
"best_fit_2c",7,2,"F2_Direct",3,"c","ES41",0.108587784211403
"best_fit_2c",7,2,"F2_Direct",3,"c","ES42",0.0828636968469285
"best_fit_2c",7,2,"F2_Direct",3,"c","ES43",0.0574762564672978
"best_fit_2c",7,2,"F2_Direct",3,"c","ES51",0.212618533383904
"best_fit_2c",7,2,"F2_Direct",3,"c","ES52",0.179670761040729
"best_fit_2c",7,2,"F2_Direct",3,"c","ES53",0.0118512692084743
"best_fit_2c",7,2,"F2_Direct",3,"c","ES61",0.292597867129621
"best_fit_2c",7,2,"F2_Direct",3,"c","ES62",0.0554985048054389
"best_fit_2c",7,2,"F2_Direct",3,"c","ES70",0.0427623348546953
"best_fit_2c",7,2,"F2_Direct",3,"c","FI193",0.0852341592915923
"best_fit_2c",7,2,"F2_Direct",3,"c","FI194",0.0602235713885556
"best_fit_2c",7,2,"F2_Direct",3,"c","FI195",0.052901684234732
"best_fit_2c",7,2,"F2_Direct",3,"c","FI196",0.0700270926429297
"best_fit_2c",7,2,"F2_Direct",3,"c","FI197",0.198765020721991
"best_fit_2c",7,2,"F2_Direct",3,"c","FI1B1",0.352578073599335
"best_fit_2c",7,2,"F2_Direct",3,"c","FI1C1",0.148578828064604
"best_fit_2c",7,2,"F2_Direct",3,"c","FI1C2",0.0565844933207587
"best_fit_2c",7,2,"F2_Direct",3,"c","FI1C3",0.0786483830200203
"best_fit_2c",7,2,"F2_Direct",3,"c","FI1C4",0.0807014615043754
"best_fit_2c",7,2,"F2_Direct",3,"c","FI1C5",0.0417628002260566
"best_fit_2c",7,2,"F2_Direct",3,"c","FI1D1",0.051691371068518
"best_fit_2c",7,2,"F2_Direct",3,"c","FI1D2",0.0964504332813463
"best_fit_2c",7,2,"F2_Direct",3,"c","FI1D3",0.0634820040708956
"best_fit_2c",7,2,"F2_Direct",3,"c","FI1D5",0.0149340988301845
"best_fit_2c",7,2,"F2_Direct",3,"c","FI1D7",0.0519071419653533
"best_fit_2c",7,2,"F2_Direct",3,"c","FI1D8",0.0380334807019768
"best_fit_2c",7,2,"F2_Direct",3,"c","FI1D9",0.101818429752154
"best_fit_2c",7,2,"F2_Direct",3,"c","FR10",0.208624251159574
"best_fit_2c",7,2,"F2_Direct",3,"c","FRB0",0.0842368706512086
"best_fit_2c",7,2,"F2_Direct",3,"c","FRC1",0.0461230386225599
"best_fit_2c",7,2,"F2_Direct",3,"c","FRC2",0.0377770482639831
"best_fit_2c",7,2,"F2_Direct",3,"c","FRD1",0.0318516945258461
"best_fit_2c",7,2,"F2_Direct",3,"c","FRD2",0.067477701357029
"best_fit_2c",7,2,"F2_Direct",3,"c","FRE1",0.0972361096057515
"best_fit_2c",7,2,"F2_Direct",3,"c","FRE2",0.053812006322872
"best_fit_2c",7,2,"F2_Direct",3,"c","FRF1",0.0553785153639126
"best_fit_2c",7,2,"F2_Direct",3,"c","FRF2",0.0302761197794138
"best_fit_2c",7,2,"F2_Direct",3,"c","FRF3",0.0675022883601463
"best_fit_2c",7,2,"F2_Direct",3,"c","FRG0",0.11987576610399
"best_fit_2c",7,2,"F2_Direct",3,"c","FRH0",0.104636878089132
"best_fit_2c",7,2,"F2_Direct",3,"c","FRI1",0.0974710088978526
"best_fit_2c",7,2,"F2_Direct",3,"c","FRI2",0.0196050898431396
"best_fit_2c",7,2,"F2_Direct",3,"c","FRI3",0.0544509578263023
"best_fit_2c",7,2,"F2_Direct",3,"c","FRJ1",0.055393540296239
"best_fit_2c",7,2,"F2_Direct",3,"c","FRJ2",0.0767130362740943
"best_fit_2c",7,2,"F2_Direct",3,"c","FRK1",0.0434089754536306
"best_fit_2c",7,2,"F2_Direct",3,"c","FRK2",0.178504040007053
"best_fit_2c",7,2,"F2_Direct",3,"c","FRL0",0.0890978782708405
"best_fit_2c",7,2,"F2_Direct",3,"c","HR031",0.103103883353097
"best_fit_2c",7,2,"F2_Direct",3,"c","HR032",0.0527145026396167
"best_fit_2c",7,2,"F2_Direct",3,"c","HR033",0.0608050918809277
"best_fit_2c",7,2,"F2_Direct",3,"c","HR034",0.0312975194566191
"best_fit_2c",7,2,"F2_Direct",3,"c","HR035",0.137717236573189
"best_fit_2c",7,2,"F2_Direct",3,"c","HR036",0.0440591568429922
"best_fit_2c",7,2,"F2_Direct",3,"c","HR037",0.0487159416270824
"best_fit_2c",7,2,"F2_Direct",3,"c","HU110",0.196549294961435
"best_fit_2c",7,2,"F2_Direct",3,"c","HU120",0.217886404125859
"best_fit_2c",7,2,"F2_Direct",3,"c","HU211",0.120226085668113
"best_fit_2c",7,2,"F2_Direct",3,"c","HU212",0.074121202761205
"best_fit_2c",7,2,"F2_Direct",3,"c","HU213",0.132825231869502
"best_fit_2c",7,2,"F2_Direct",3,"c","HU221",0.0357474470547501
"best_fit_2c",7,2,"F2_Direct",3,"c","HU222",0.0965214602945396
"best_fit_2c",7,2,"F2_Direct",3,"c","HU223",0.062391869879431
"best_fit_2c",7,2,"F2_Direct",3,"c","HU231",0.0842516356498463
"best_fit_2c",7,2,"F2_Direct",3,"c","HU232",0.0810088146355941
"best_fit_2c",7,2,"F2_Direct",3,"c","HU233",0.00371164098358001
"best_fit_2c",7,2,"F2_Direct",3,"c","HU311",0.227280415438255
"best_fit_2c",7,2,"F2_Direct",3,"c","HU312",0.052255829780909
"best_fit_2c",7,2,"F2_Direct",3,"c","HU313",0.00824322059834085
"best_fit_2c",7,2,"F2_Direct",3,"c","HU321",0.139325607547194
"best_fit_2c",7,2,"F2_Direct",3,"c","HU322",0.0638572419786956
"best_fit_2c",7,2,"F2_Direct",3,"c","HU323",0.302148035752306
"best_fit_2c",7,2,"F2_Direct",3,"c","HU331",0.115396156624527
"best_fit_2c",7,2,"F2_Direct",3,"c","HU332",0.0248706828398804
"best_fit_2c",7,2,"F2_Direct",3,"c","HU333",0.0815349154810142
"best_fit_2c",7,2,"F2_Direct",3,"c","IE041",0.155002313605377
"best_fit_2c",7,2,"F2_Direct",3,"c","IE042",0.14588876437683
"best_fit_2c",7,2,"F2_Direct",3,"c","IE051",0.216543116458115
"best_fit_2c",7,2,"F2_Direct",3,"c","IE052",0.15243846239722
"best_fit_2c",7,2,"F2_Direct",3,"c","IE053",0.206684674944778
"best_fit_2c",7,2,"F2_Direct",3,"c","IE061",0.333597525341495
"best_fit_2c",7,2,"F2_Direct",3,"c","IE062",0.141095046431481
"best_fit_2c",7,2,"F2_Direct",3,"c","IE063",0.135560810573792
"best_fit_2c",7,2,"F2_Direct",3,"c","ITC",0.450552817470201
"best_fit_2c",7,2,"F2_Direct",3,"c","ITF",0.362462785797605
"best_fit_2c",7,2,"F2_Direct",3,"c","ITG",0.22913994571374
"best_fit_2c",7,2,"F2_Direct",3,"c","ITH",0.340968048735903
"best_fit_2c",7,2,"F2_Direct",3,"c","ITI",0.334010341958568
"best_fit_2c",7,2,"F2_Direct",3,"c","NL11",0.0520987698900982
"best_fit_2c",7,2,"F2_Direct",3,"c","NL12",0.0924666736317041
"best_fit_2c",7,2,"F2_Direct",3,"c","NL13",0.0626769930621883
"best_fit_2c",7,2,"F2_Direct",3,"c","NL21",0.140328402909066
"best_fit_2c",7,2,"F2_Direct",3,"c","NL22",0.209693457018976
"best_fit_2c",7,2,"F2_Direct",3,"c","NL23",0.0428207376497228
"best_fit_2c",7,2,"F2_Direct",3,"c","NL32",0.220073462033901
"best_fit_2c",7,2,"F2_Direct",3,"c","NL34",0.0563449386889195
"best_fit_2c",7,2,"F2_Direct",3,"c","NL41",0.203923221681501
"best_fit_2c",7,2,"F2_Direct",3,"c","NL42",0.118581484665994
"best_fit_2c",7,2,"F2_Direct",3,"c","NO02",0.0956880820539152
"best_fit_2c",7,2,"F2_Direct",3,"c","NO06",0.13596650152077
"best_fit_2c",7,2,"F2_Direct",3,"c","NO07",0.114600625005406
"best_fit_2c",7,2,"F2_Direct",3,"c","NO08",0.335020008728841
"best_fit_2c",7,2,"F2_Direct",3,"c","NO09",0.200414437096785
"best_fit_2c",7,2,"F2_Direct",3,"c","NO0A",0.273602271708041
"best_fit_2c",7,2,"F2_Direct",3,"c","PL21",0.122902932358641
"best_fit_2c",7,2,"F2_Direct",3,"c","PL22",0.154781242794001
"best_fit_2c",7,2,"F2_Direct",3,"c","PL41",0.12047251834612
"best_fit_2c",7,2,"F2_Direct",3,"c","PL42",0.0485362141228656
"best_fit_2c",7,2,"F2_Direct",3,"c","PL43",0.0372174119322829
"best_fit_2c",7,2,"F2_Direct",3,"c","PL51",0.11323054807224
"best_fit_2c",7,2,"F2_Direct",3,"c","PL52",0.0472342147525252
"best_fit_2c",7,2,"F2_Direct",3,"c","PL61",0.055086608677097
"best_fit_2c",7,2,"F2_Direct",3,"c","PL62",0.0451007307609805
"best_fit_2c",7,2,"F2_Direct",3,"c","PL63",0.0990789499318019
"best_fit_2c",7,2,"F2_Direct",3,"c","PL71",0.14644286004486
"best_fit_2c",7,2,"F2_Direct",3,"c","PL72",0.0608315954440342
"best_fit_2c",7,2,"F2_Direct",3,"c","PL81",0.0497677216266835
"best_fit_2c",7,2,"F2_Direct",3,"c","PL84",0.0489937853394046
"best_fit_2c",7,2,"F2_Direct",3,"c","PL91",0.134988722848107
"best_fit_2c",7,2,"F2_Direct",3,"c","PL92",0.0879147634468731
"best_fit_2c",7,2,"F2_Direct",3,"c","PT11",0.242377188396999
"best_fit_2c",7,2,"F2_Direct",3,"c","PT15",0.0525381329635082
"best_fit_2c",7,2,"F2_Direct",3,"c","SE11",0.210892770963023
"best_fit_2c",7,2,"F2_Direct",3,"c","SE12",0.182229426555585
"best_fit_2c",7,2,"F2_Direct",3,"c","SE21",0.108915661811584
"best_fit_2c",7,2,"F2_Direct",3,"c","SE22",0.176844509355879
"best_fit_2c",7,2,"F2_Direct",3,"c","SE23",0.228501841393156
"best_fit_2c",7,2,"F2_Direct",3,"c","SE31",0.107168893277459
"best_fit_2c",7,2,"F2_Direct",3,"c","SE32",0.0501733704828568
"best_fit_2c",7,2,"F2_Direct",3,"c","SE33",0.120351503526344
"best_fit_2c",7,2,"F2_Direct",3,"c","SI031",0.0854771038436179
"best_fit_2c",7,2,"F2_Direct",3,"c","SI032",0.162770111635892
"best_fit_2c",7,2,"F2_Direct",3,"c","SI033",0.0389678499196223
"best_fit_2c",7,2,"F2_Direct",3,"c","SI034",0.166370689175264
"best_fit_2c",7,2,"F2_Direct",3,"c","SI035",0.027908287891398
"best_fit_2c",7,2,"F2_Direct",3,"c","SI036",0.0659005868800856
"best_fit_2c",7,2,"F2_Direct",3,"c","SI037",0.11979247212632
"best_fit_2c",7,2,"F2_Direct",3,"c","SI038",0.0262281389718804
"best_fit_2c",7,2,"F2_Direct",3,"c","SI041",0.23203795429562
"best_fit_2c",7,2,"F2_Direct",3,"c","SI042",0.112466291470989
"best_fit_2c",7,2,"F2_Direct",3,"c","SI043",0.096993484883057
"best_fit_2c",7,2,"F2_Direct",3,"c","SI044",0.0753091965080861
"best_fit_2n",8,2,"F2_Direct",4,"n","AT11",0.162886525994637
"best_fit_2n",8,2,"F2_Direct",4,"n","AT12",0.419396690967093
"best_fit_2n",8,2,"F2_Direct",4,"n","AT13",0.317384526332296
"best_fit_2n",8,2,"F2_Direct",4,"n","AT21",0.263544996508173
"best_fit_2n",8,2,"F2_Direct",4,"n","AT22",0.481967629304651
"best_fit_2n",8,2,"F2_Direct",4,"n","AT31",0.491343330698071
"best_fit_2n",8,2,"F2_Direct",4,"n","AT32",0.266903015255964
"best_fit_2n",8,2,"F2_Direct",4,"n","AT33",0.296310811197456
"best_fit_2n",8,2,"F2_Direct",4,"n","AT34",0.193809983501986
"best_fit_2n",8,2,"F2_Direct",4,"n","BE10",0.237345793396791
"best_fit_2n",8,2,"F2_Direct",4,"n","BE21",0.458822102144397
"best_fit_2n",8,2,"F2_Direct",4,"n","BE22",0.340909296138812
"best_fit_2n",8,2,"F2_Direct",4,"n","BE23",0.376941750530018
"best_fit_2n",8,2,"F2_Direct",4,"n","BE24",0.319895857298419
"best_fit_2n",8,2,"F2_Direct",4,"n","BE25",0.332046229159596
"best_fit_2n",8,2,"F2_Direct",4,"n","BE31",0.0896192932716659
"best_fit_2n",8,2,"F2_Direct",4,"n","BE32",0.298686805120733
"best_fit_2n",8,2,"F2_Direct",4,"n","BE33",0.241790130822472
"best_fit_2n",8,2,"F2_Direct",4,"n","BE34",0.0646374187157888
"best_fit_2n",8,2,"F2_Direct",4,"n","BE35",0.113513136699056
"best_fit_2n",8,2,"F2_Direct",4,"n","BG311",0.0517370251319405
"best_fit_2n",8,2,"F2_Direct",4,"n","BG312",0.10245094745938
"best_fit_2n",8,2,"F2_Direct",4,"n","BG313",0.114258446567168
"best_fit_2n",8,2,"F2_Direct",4,"n","BG314",0.133593006592094
"best_fit_2n",8,2,"F2_Direct",4,"n","BG315",0.0846438337265955
"best_fit_2n",8,2,"F2_Direct",4,"n","BG321",0.168899045425837
"best_fit_2n",8,2,"F2_Direct",4,"n","BG322",0.0711109097765966
"best_fit_2n",8,2,"F2_Direct",4,"n","BG323",0.174018301953524
"best_fit_2n",8,2,"F2_Direct",4,"n","BG324",0.0864824950647329
"best_fit_2n",8,2,"F2_Direct",4,"n","BG325",0.0937102407182774
"best_fit_2n",8,2,"F2_Direct",4,"n","BG331",0.171603336040653
"best_fit_2n",8,2,"F2_Direct",4,"n","BG332",0.0495109141834224
"best_fit_2n",8,2,"F2_Direct",4,"n","BG333",0.096684827541319
"best_fit_2n",8,2,"F2_Direct",4,"n","BG334",0.0455480789539433
"best_fit_2n",8,2,"F2_Direct",4,"n","BG341",0.190919287702913
"best_fit_2n",8,2,"F2_Direct",4,"n","BG342",0.0839015938248114
"best_fit_2n",8,2,"F2_Direct",4,"n","BG343",0.0457290690037853
"best_fit_2n",8,2,"F2_Direct",4,"n","BG344",0.143597853754323
"best_fit_2n",8,2,"F2_Direct",4,"n","BG411",0.366318770234727
"best_fit_2n",8,2,"F2_Direct",4,"n","BG412",0.203537167656499
"best_fit_2n",8,2,"F2_Direct",4,"n","BG413",0.20985863107128
"best_fit_2n",8,2,"F2_Direct",4,"n","BG414",0.0898191591284427
"best_fit_2n",8,2,"F2_Direct",4,"n","BG415",0.0951956183743356
"best_fit_2n",8,2,"F2_Direct",4,"n","BG421",0.254910651242821
"best_fit_2n",8,2,"F2_Direct",4,"n","BG422",0.131340069109701
"best_fit_2n",8,2,"F2_Direct",4,"n","BG423",0.0836977917275593
"best_fit_2n",8,2,"F2_Direct",4,"n","BG424",0.108179427974106
"best_fit_2n",8,2,"F2_Direct",4,"n","BG425",0.0859662773459123
"best_fit_2n",8,2,"F2_Direct",4,"n","CH01",0.381197016622682
"best_fit_2n",8,2,"F2_Direct",4,"n","CH02",0.456782127157087
"best_fit_2n",8,2,"F2_Direct",4,"n","CH03",0.302261019747028
"best_fit_2n",8,2,"F2_Direct",4,"n","CH04",0.318828995301469
"best_fit_2n",8,2,"F2_Direct",4,"n","CH05",0.305081701707345
"best_fit_2n",8,2,"F2_Direct",4,"n","CH06",0.281576785374604
"best_fit_2n",8,2,"F2_Direct",4,"n","CH07",0.0859808474045922
"best_fit_2n",8,2,"F2_Direct",4,"n","DE1",0.491096647831559
"best_fit_2n",8,2,"F2_Direct",4,"n","DE2",0.533755966826336
"best_fit_2n",8,2,"F2_Direct",4,"n","DE3",0.170822264258329
"best_fit_2n",8,2,"F2_Direct",4,"n","DE4",0.208026288170241
"best_fit_2n",8,2,"F2_Direct",4,"n","DE6",0.091448369650822
"best_fit_2n",8,2,"F2_Direct",4,"n","DE7",0.346802941252851
"best_fit_2n",8,2,"F2_Direct",4,"n","DE8",0.104545912396692
"best_fit_2n",8,2,"F2_Direct",4,"n","DE9",0.374229187708796
"best_fit_2n",8,2,"F2_Direct",4,"n","DEA",0.637392192999945
"best_fit_2n",8,2,"F2_Direct",4,"n","DEB",0.221866322147792
"best_fit_2n",8,2,"F2_Direct",4,"n","DEC",0.0792490360680887
"best_fit_2n",8,2,"F2_Direct",4,"n","DED",0.262188386692628
"best_fit_2n",8,2,"F2_Direct",4,"n","DEE",0.169525340633986
"best_fit_2n",8,2,"F2_Direct",4,"n","DEF",0.212523957315222
"best_fit_2n",8,2,"F2_Direct",4,"n","DEG",0.13162723678737
"best_fit_2n",8,2,"F2_Direct",4,"n","EL30",0.570208277141469
"best_fit_2n",8,2,"F2_Direct",4,"n","EL41",0.242063926837768
"best_fit_2n",8,2,"F2_Direct",4,"n","EL42",0.297657149847387
"best_fit_2n",8,2,"F2_Direct",4,"n","EL43",0.249704221820815
"best_fit_2n",8,2,"F2_Direct",4,"n","EL51",0.277129582642315
"best_fit_2n",8,2,"F2_Direct",4,"n","EL52",0.493314117160549
"best_fit_2n",8,2,"F2_Direct",4,"n","EL53",0.136898439288219
"best_fit_2n",8,2,"F2_Direct",4,"n","EL54",0.149716103567113
"best_fit_2n",8,2,"F2_Direct",4,"n","EL61",0.251263227486885
"best_fit_2n",8,2,"F2_Direct",4,"n","EL62",0.126724071125532
"best_fit_2n",8,2,"F2_Direct",4,"n","EL63",0.34159743576096
"best_fit_2n",8,2,"F2_Direct",4,"n","EL64",0.255553884281904
"best_fit_2n",8,2,"F2_Direct",4,"n","EL65",0.2298067167691
"best_fit_2n",8,2,"F2_Direct",4,"n","ES11",0.280023565533848
"best_fit_2n",8,2,"F2_Direct",4,"n","ES12",0.0462433849052751
"best_fit_2n",8,2,"F2_Direct",4,"n","ES13",0.0858497759914427
"best_fit_2n",8,2,"F2_Direct",4,"n","ES21",0.18463365939258
"best_fit_2n",8,2,"F2_Direct",4,"n","ES22",0.107570976818947
"best_fit_2n",8,2,"F2_Direct",4,"n","ES23",0.0109721278432713
"best_fit_2n",8,2,"F2_Direct",4,"n","ES24",0.125645898846174
"best_fit_2n",8,2,"F2_Direct",4,"n","ES30",0.425211013699235
"best_fit_2n",8,2,"F2_Direct",4,"n","ES41",0.212776674431891
"best_fit_2n",8,2,"F2_Direct",4,"n","ES42",0.166994434170953
"best_fit_2n",8,2,"F2_Direct",4,"n","ES43",0.119180878328285
"best_fit_2n",8,2,"F2_Direct",4,"n","ES51",0.37466997143457
"best_fit_2n",8,2,"F2_Direct",4,"n","ES52",0.327040641558696
"best_fit_2n",8,2,"F2_Direct",4,"n","ES53",0.0259215027798068
"best_fit_2n",8,2,"F2_Direct",4,"n","ES61",0.478557938185956
"best_fit_2n",8,2,"F2_Direct",4,"n","ES62",0.115339706356331
"best_fit_2n",8,2,"F2_Direct",4,"n","ES70",0.0901819936595125
"best_fit_2n",8,2,"F2_Direct",4,"n","FI193",0.171322029327071
"best_fit_2n",8,2,"F2_Direct",4,"n","FI194",0.124488061501921
"best_fit_2n",8,2,"F2_Direct",4,"n","FI195",0.110269766759025
"best_fit_2n",8,2,"F2_Direct",4,"n","FI196",0.143159298181002
"best_fit_2n",8,2,"F2_Direct",4,"n","FI197",0.35501850197308
"best_fit_2n",8,2,"F2_Direct",4,"n","FI1B1",0.547172557699093
"best_fit_2n",8,2,"F2_Direct",4,"n","FI1C1",0.279123788212255
"best_fit_2n",8,2,"F2_Direct",4,"n","FI1C2",0.117451048341878
"best_fit_2n",8,2,"F2_Direct",4,"n","FI1C3",0.159242448177092
"best_fit_2n",8,2,"F2_Direct",4,"n","FI1C4",0.163027130313669
"best_fit_2n",8,2,"F2_Direct",4,"n","FI1C5",0.0881761633874874
"best_fit_2n",8,2,"F2_Direct",4,"n","FI1D1",0.10789647973062
"best_fit_2n",8,2,"F2_Direct",4,"n","FI1D2",0.191495408272454
"best_fit_2n",8,2,"F2_Direct",4,"n","FI1D3",0.130739840238946
"best_fit_2n",8,2,"F2_Direct",4,"n","FI1D5",0.0325438332151295
"best_fit_2n",8,2,"F2_Direct",4,"n","FI1D7",0.108320064376948
"best_fit_2n",8,2,"F2_Direct",4,"n","FI1D8",0.0806510751259534
"best_fit_2n",8,2,"F2_Direct",4,"n","FI1D9",0.200976574825171
"best_fit_2n",8,2,"F2_Direct",4,"n","FR10",0.369058289885289
"best_fit_2n",8,2,"F2_Direct",4,"n","FRB0",0.169504109466277
"best_fit_2n",8,2,"F2_Direct",4,"n","FRC1",0.0968922002084791
"best_fit_2n",8,2,"F2_Direct",4,"n","FRC2",0.0801312381004322
"best_fit_2n",8,2,"F2_Direct",4,"n","FRD1",0.0680323047736856
"best_fit_2n",8,2,"F2_Direct",4,"n","FRD2",0.138343537618879
"best_fit_2n",8,2,"F2_Direct",4,"n","FRE1",0.192890029851742
"best_fit_2n",8,2,"F2_Direct",4,"n","FRE2",0.112050475472258
"best_fit_2n",8,2,"F2_Direct",4,"n","FRF1",0.115106105747699
"best_fit_2n",8,2,"F2_Direct",4,"n","FRF2",0.0647867854627306
"best_fit_2n",8,2,"F2_Direct",4,"n","FRF3",0.138390114144798
"best_fit_2n",8,2,"F2_Direct",4,"n","FRG0",0.232075630618564
"best_fit_2n",8,2,"F2_Direct",4,"n","FRH0",0.205910576953902
"best_fit_2n",8,2,"F2_Direct",4,"n","FRI1",0.193306526293994
"best_fit_2n",8,2,"F2_Direct",4,"n","FRI2",0.0424851335379031
"best_fit_2n",8,2,"F2_Direct",4,"n","FRI3",0.113298134687316
"best_fit_2n",8,2,"F2_Direct",4,"n","FRJ1",0.115135360438101
"best_fit_2n",8,2,"F2_Direct",4,"n","FRJ2",0.155658934695239
"best_fit_2n",8,2,"F2_Direct",4,"n","FRK1",0.0914771760486331
"best_fit_2n",8,2,"F2_Direct",4,"n","FRK2",0.325296430958074
"best_fit_2n",8,2,"F2_Direct",4,"n","FRL0",0.178327416487029
"best_fit_2n",8,2,"F2_Direct",4,"n","HR031",0.203230637218291
"best_fit_2n",8,2,"F2_Direct",4,"n","HR032",0.109903154929593
"best_fit_2n",8,2,"F2_Direct",4,"n","HR033",0.125607182574562
"best_fit_2n",8,2,"F2_Direct",4,"n","HR034",0.0668921309493879
"best_fit_2n",8,2,"F2_Direct",4,"n","HR035",0.261651693914489
"best_fit_2n",8,2,"F2_Direct",4,"n","HR036",0.092777496952605
"best_fit_2n",8,2,"F2_Direct",4,"n","HR037",0.102033902169864
"best_fit_2n",8,2,"F2_Direct",4,"n","HU110",0.351825791435607
"best_fit_2n",8,2,"F2_Direct",4,"n","HU120",0.382004936498959
"best_fit_2n",8,2,"F2_Direct",4,"n","HU211",0.232667158528602
"best_fit_2n",8,2,"F2_Direct",4,"n","HU212",0.150835575164101
"best_fit_2n",8,2,"F2_Direct",4,"n","HU213",0.253652307453792
"best_fit_2n",8,2,"F2_Direct",4,"n","HU221",0.0760058675785569
"best_fit_2n",8,2,"F2_Direct",4,"n","HU222",0.19162158364689
"best_fit_2n",8,2,"F2_Direct",4,"n","HU223",0.128653395622003
"best_fit_2n",8,2,"F2_Direct",4,"n","HU231",0.169531053255002
"best_fit_2n",8,2,"F2_Direct",4,"n","HU232",0.163592227103705
"best_fit_2n",8,2,"F2_Direct",4,"n","HU233",0.008198405234062
"best_fit_2n",8,2,"F2_Direct",4,"n","HU311",0.394902083804076
"best_fit_2n",8,2,"F2_Direct",4,"n","HU312",0.109004138448009
"best_fit_2n",8,2,"F2_Direct",4,"n","HU313",0.0181083542685293
"best_fit_2n",8,2,"F2_Direct",4,"n","HU321",0.264263883369838
"best_fit_2n",8,2,"F2_Direct",4,"n","HU322",0.131456830661266
"best_fit_2n",8,2,"F2_Direct",4,"n","HU323",0.489973668524587
"best_fit_2n",8,2,"F2_Direct",4,"n","HU331",0.224472602058896
"best_fit_2n",8,2,"F2_Direct",4,"n","HU332",0.0535601969361671
"best_fit_2n",8,2,"F2_Direct",4,"n","HU333",0.16455861775372
"best_fit_2n",8,2,"F2_Direct",4,"n","IE041",0.289273591055539
"best_fit_2n",8,2,"F2_Direct",4,"n","IE042",0.274833109294163
"best_fit_2n",8,2,"F2_Direct",4,"n","IE051",0.380141625947381
"best_fit_2n",8,2,"F2_Direct",4,"n","IE052",0.285238500038775
"best_fit_2n",8,2,"F2_Direct",4,"n","IE053",0.366317581441782
"best_fit_2n",8,2,"F2_Direct",4,"n","IE061",0.526231059686547
"best_fit_2n",8,2,"F2_Direct",4,"n","IE062",0.26712757143774
"best_fit_2n",8,2,"F2_Direct",4,"n","IE063",0.258135604657195
"best_fit_2n",8,2,"F2_Direct",4,"n","ITC",0.645322638709695
"best_fit_2n",8,2,"F2_Direct",4,"n","ITF",0.557812372842495
"best_fit_2n",8,2,"F2_Direct",4,"n","ITG",0.397427682237364
"best_fit_2n",8,2,"F2_Direct",4,"n","ITH",0.534444348949767
"best_fit_2n",8,2,"F2_Direct",4,"n","ITI",0.526693851309662
"best_fit_2n",8,2,"F2_Direct",4,"n","NL11",0.108696077774711
"best_fit_2n",8,2,"F2_Direct",4,"n","NL12",0.184387057725932
"best_fit_2n",8,2,"F2_Direct",4,"n","NL13",0.129199599934576
"best_fit_2n",8,2,"F2_Direct",4,"n","NL21",0.26588811834759
"best_fit_2n",8,2,"F2_Direct",4,"n","NL22",0.370564713146232
"best_fit_2n",8,2,"F2_Direct",4,"n","NL23",0.0902990506680023
"best_fit_2n",8,2,"F2_Direct",4,"n","NL32",0.385028370610764
"best_fit_2n",8,2,"F2_Direct",4,"n","NL34",0.11698576396484
"best_fit_2n",8,2,"F2_Direct",4,"n","NL41",0.3623976167034
"best_fit_2n",8,2,"F2_Direct",4,"n","NL42",0.229886359676056
"best_fit_2n",8,2,"F2_Direct",4,"n","NO02",0.190139903558825
"best_fit_2n",8,2,"F2_Direct",4,"n","NO06",0.258798301491453
"best_fit_2n",8,2,"F2_Direct",4,"n","NO07",0.223114766750327
"best_fit_2n",8,2,"F2_Direct",4,"n","NO08",0.527824353487184
"best_fit_2n",8,2,"F2_Direct",4,"n","NO09",0.357386200662826
"best_fit_2n",8,2,"F2_Direct",4,"n","NO0A",0.455259238920118
"best_fit_2n",8,2,"F2_Direct",4,"n","PL21",0.237172611860316
"best_fit_2n",8,2,"F2_Direct",4,"n","PL22",0.288926496836108
"best_fit_2n",8,2,"F2_Direct",4,"n","PL41",0.23308300557643
"best_fit_2n",8,2,"F2_Direct",4,"n","PL42",0.101678493946615
"best_fit_2n",8,2,"F2_Direct",4,"n","PL43",0.0789956700166348
"best_fit_2n",8,2,"F2_Direct",4,"n","PL51",0.220770857755577
"best_fit_2n",8,2,"F2_Direct",4,"n","PL52",0.0990994146365126
"best_fit_2n",8,2,"F2_Direct",4,"n","PL61",0.114537541895371
"best_fit_2n",8,2,"F2_Direct",4,"n","PL62",0.0948565062852876
"best_fit_2n",8,2,"F2_Direct",4,"n","PL63",0.196151828936967
"best_fit_2n",8,2,"F2_Direct",4,"n","PL71",0.27571884987588
"best_fit_2n",8,2,"F2_Direct",4,"n","PL72",0.125658152803032
"best_fit_2n",8,2,"F2_Direct",4,"n","PL81",0.104110836702534
"best_fit_2n",8,2,"F2_Direct",4,"n","PL84",0.102583044450962
"best_fit_2n",8,2,"F2_Direct",4,"n","PL91",0.257200142062584
"best_fit_2n",8,2,"F2_Direct",4,"n","PL92",0.176188617282501
"best_fit_2n",8,2,"F2_Direct",4,"n","PT11",0.415151020762166
"best_fit_2n",8,2,"F2_Direct",4,"n","PT15",0.109557575353542
"best_fit_2n",8,2,"F2_Direct",4,"n","SE11",0.372250731346512
"best_fit_2n",8,2,"F2_Direct",4,"n","SE12",0.330851552767386
"best_fit_2n",8,2,"F2_Direct",4,"n","SE21",0.213343854450667
"best_fit_2n",8,2,"F2_Direct",4,"n","SE22",0.32280845502779
"best_fit_2n",8,2,"F2_Direct",4,"n","SE23",0.396562023458022
"best_fit_2n",8,2,"F2_Direct",4,"n","SE31",0.21031757994397
"best_fit_2n",8,2,"F2_Direct",4,"n","SE32",0.104910524635321
"best_fit_2n",8,2,"F2_Direct",4,"n","SE33",0.232878824266544
"best_fit_2n",8,2,"F2_Direct",4,"n","SI031",0.171764277520756
"best_fit_2n",8,2,"F2_Direct",4,"n","SI032",0.301370399128348
"best_fit_2n",8,2,"F2_Direct",4,"n","SI033",0.0825425936785134
"best_fit_2n",8,2,"F2_Direct",4,"n","SI034",0.306912990769836
"best_fit_2n",8,2,"F2_Direct",4,"n","SI035",0.0598866275925636
"best_fit_2n",8,2,"F2_Direct",4,"n","SI036",0.135350523268024
"best_fit_2n",8,2,"F2_Direct",4,"n","SI037",0.231934920707936
"best_fit_2n",8,2,"F2_Direct",4,"n","SI038",0.0563929857547197
"best_fit_2n",8,2,"F2_Direct",4,"n","SI041",0.401345941326713
"best_fit_2n",8,2,"F2_Direct",4,"n","SI042",0.219460386719828
"best_fit_2n",8,2,"F2_Direct",4,"n","SI043",0.192459611652222
"best_fit_2n",8,2,"F2_Direct",4,"n","SI044",0.153049876782979
"best_fit_3a",9,3,"F3_Direct",1,"a","AT11",0.01455998281068
"best_fit_3a",9,3,"F3_Direct",1,"a","AT12",0.0577638983895502
"best_fit_3a",9,3,"F3_Direct",1,"a","AT13",0.0274424588956043
"best_fit_3a",9,3,"F3_Direct",1,"a","AT21",0.028583375209425
"best_fit_3a",9,3,"F3_Direct",1,"a","AT22",0.0627646606663616
"best_fit_3a",9,3,"F3_Direct",1,"a","AT31",0.0511781904794233
"best_fit_3a",9,3,"F3_Direct",1,"a","AT32",0.016776466605628
"best_fit_3a",9,3,"F3_Direct",1,"a","AT33",0.0271841431680594
"best_fit_3a",9,3,"F3_Direct",1,"a","AT34",0.0242656956424083
"best_fit_3a",9,3,"F3_Direct",1,"a","BE10",0.0209231751411342
"best_fit_3a",9,3,"F3_Direct",1,"a","BE21",0.0575881325121411
"best_fit_3a",9,3,"F3_Direct",1,"a","BE22",0.0351227352613611
"best_fit_3a",9,3,"F3_Direct",1,"a","BE23",0.0439092554167923
"best_fit_3a",9,3,"F3_Direct",1,"a","BE24",0.0306219257531555
"best_fit_3a",9,3,"F3_Direct",1,"a","BE25",0.0380915974877925
"best_fit_3a",9,3,"F3_Direct",1,"a","BE31",0.00757051565915703
"best_fit_3a",9,3,"F3_Direct",1,"a","BE32",0.0317265650563738
"best_fit_3a",9,3,"F3_Direct",1,"a","BE33",0.0222803980070059
"best_fit_3a",9,3,"F3_Direct",1,"a","BE34",0.00541910618308755
"best_fit_3a",9,3,"F3_Direct",1,"a","BE35",0.00852518223703036
"best_fit_3a",9,3,"F3_Direct",1,"a","BG311",0.00519226449517081
"best_fit_3a",9,3,"F3_Direct",1,"a","BG312",0.00791199893363291
"best_fit_3a",9,3,"F3_Direct",1,"a","BG313",0.00686771122575074
"best_fit_3a",9,3,"F3_Direct",1,"a","BG314",0.0136011455690467
"best_fit_3a",9,3,"F3_Direct",1,"a","BG315",0.00687533384532759
"best_fit_3a",9,3,"F3_Direct",1,"a","BG321",0.0288716622474174
"best_fit_3a",9,3,"F3_Direct",1,"a","BG322",0.00408555815994768
"best_fit_3a",9,3,"F3_Direct",1,"a","BG323",0.00885496466585658
"best_fit_3a",9,3,"F3_Direct",1,"a","BG324",0.00760756801061638
"best_fit_3a",9,3,"F3_Direct",1,"a","BG325",0.00580048690002114
"best_fit_3a",9,3,"F3_Direct",1,"a","BG331",0.0159449214006921
"best_fit_3a",9,3,"F3_Direct",1,"a","BG332",0.00220024957088099
"best_fit_3a",9,3,"F3_Direct",1,"a","BG333",0.0141540457732513
"best_fit_3a",9,3,"F3_Direct",1,"a","BG334",0.00372695784193145
"best_fit_3a",9,3,"F3_Direct",1,"a","BG341",0.0217695451179326
"best_fit_3a",9,3,"F3_Direct",1,"a","BG342",0.0138753391809398
"best_fit_3a",9,3,"F3_Direct",1,"a","BG343",0.00520159365196324
"best_fit_3a",9,3,"F3_Direct",1,"a","BG344",0.0144346657379424
"best_fit_3a",9,3,"F3_Direct",1,"a","BG411",0.0505592352356492
"best_fit_3a",9,3,"F3_Direct",1,"a","BG412",0.0182233442409155
"best_fit_3a",9,3,"F3_Direct",1,"a","BG413",0.0159160506582228
"best_fit_3a",9,3,"F3_Direct",1,"a","BG414",0.0064102961127823
"best_fit_3a",9,3,"F3_Direct",1,"a","BG415",0.00632269971012043
"best_fit_3a",9,3,"F3_Direct",1,"a","BG421",0.0273827522736964
"best_fit_3a",9,3,"F3_Direct",1,"a","BG422",0.0239773748088949
"best_fit_3a",9,3,"F3_Direct",1,"a","BG423",0.0150420826933275
"best_fit_3a",9,3,"F3_Direct",1,"a","BG424",0.00817405907255971
"best_fit_3a",9,3,"F3_Direct",1,"a","BG425",0.00679461960379204
"best_fit_3a",9,3,"F3_Direct",1,"a","CH01",0.0335304811697143
"best_fit_3a",9,3,"F3_Direct",1,"a","CH02",0.0540152578654748
"best_fit_3a",9,3,"F3_Direct",1,"a","CH03",0.028997746842801
"best_fit_3a",9,3,"F3_Direct",1,"a","CH04",0.0299004653043334
"best_fit_3a",9,3,"F3_Direct",1,"a","CH05",0.0307802626153212
"best_fit_3a",9,3,"F3_Direct",1,"a","CH06",0.0258571939669546
"best_fit_3a",9,3,"F3_Direct",1,"a","CH07",0.00574205043049407
"best_fit_3a",9,3,"F3_Direct",1,"a","DE1",0.0596349024438982
"best_fit_3a",9,3,"F3_Direct",1,"a","DE2",0.0732843409314359
"best_fit_3a",9,3,"F3_Direct",1,"a","DE3",0.0129775067101978
"best_fit_3a",9,3,"F3_Direct",1,"a","DE4",0.0165980248925532
"best_fit_3a",9,3,"F3_Direct",1,"a","DE6",0.00639658109507457
"best_fit_3a",9,3,"F3_Direct",1,"a","DE7",0.033059297820195
"best_fit_3a",9,3,"F3_Direct",1,"a","DE8",0.00765889681096973
"best_fit_3a",9,3,"F3_Direct",1,"a","DE9",0.0388450099211914
"best_fit_3a",9,3,"F3_Direct",1,"a","DEA",0.106590671770126
"best_fit_3a",9,3,"F3_Direct",1,"a","DEB",0.0190825360327561
"best_fit_3a",9,3,"F3_Direct",1,"a","DEC",0.00527270056409569
"best_fit_3a",9,3,"F3_Direct",1,"a","DED",0.0230664812157324
"best_fit_3a",9,3,"F3_Direct",1,"a","DEE",0.0131935797882828
"best_fit_3a",9,3,"F3_Direct",1,"a","DEF",0.019352252280491
"best_fit_3a",9,3,"F3_Direct",1,"a","DEG",0.0104891666899786
"best_fit_3a",9,3,"F3_Direct",1,"a","EL30",0.0879429684248102
"best_fit_3a",9,3,"F3_Direct",1,"a","EL41",0.0142480051232634
"best_fit_3a",9,3,"F3_Direct",1,"a","EL42",0.0184727445895355
"best_fit_3a",9,3,"F3_Direct",1,"a","EL43",0.024733706587106
"best_fit_3a",9,3,"F3_Direct",1,"a","EL51",0.0244445563826003
"best_fit_3a",9,3,"F3_Direct",1,"a","EL52",0.067834673883806
"best_fit_3a",9,3,"F3_Direct",1,"a","EL53",0.0111910999353684
"best_fit_3a",9,3,"F3_Direct",1,"a","EL54",0.00893995315334721
"best_fit_3a",9,3,"F3_Direct",1,"a","EL61",0.0409188615121326
"best_fit_3a",9,3,"F3_Direct",1,"a","EL62",0.00821930475563487
"best_fit_3a",9,3,"F3_Direct",1,"a","EL63",0.0301364666781616
"best_fit_3a",9,3,"F3_Direct",1,"a","EL64",0.0200590731210254
"best_fit_3a",9,3,"F3_Direct",1,"a","EL65",0.0178492108495024
"best_fit_3a",9,3,"F3_Direct",1,"a","ES11",0.0299026002624176
"best_fit_3a",9,3,"F3_Direct",1,"a","ES12",0.00343286966663413
"best_fit_3a",9,3,"F3_Direct",1,"a","ES13",0.00640497884420351
"best_fit_3a",9,3,"F3_Direct",1,"a","ES21",0.0155498364369516
"best_fit_3a",9,3,"F3_Direct",1,"a","ES22",0.00833436469422013
"best_fit_3a",9,3,"F3_Direct",1,"a","ES23",0.00105778624872953
"best_fit_3a",9,3,"F3_Direct",1,"a","ES24",0.0107891521674507
"best_fit_3a",9,3,"F3_Direct",1,"a","ES30",0.0520276144012507
"best_fit_3a",9,3,"F3_Direct",1,"a","ES41",0.0193044199957856
"best_fit_3a",9,3,"F3_Direct",1,"a","ES42",0.0170392269127344
"best_fit_3a",9,3,"F3_Direct",1,"a","ES43",0.0115951603542303
"best_fit_3a",9,3,"F3_Direct",1,"a","ES51",0.0441088984241961
"best_fit_3a",9,3,"F3_Direct",1,"a","ES52",0.0332658604542415
"best_fit_3a",9,3,"F3_Direct",1,"a","ES53",0.00163990462336542
"best_fit_3a",9,3,"F3_Direct",1,"a","ES61",0.0613543702721828
"best_fit_3a",9,3,"F3_Direct",1,"a","ES62",0.0101888974721261
"best_fit_3a",9,3,"F3_Direct",1,"a","ES70",0.00733008820507159
"best_fit_3a",9,3,"F3_Direct",1,"a","FI193",0.0144521955203968
"best_fit_3a",9,3,"F3_Direct",1,"a","FI194",0.0106753211140875
"best_fit_3a",9,3,"F3_Direct",1,"a","FI195",0.00821686813627209
"best_fit_3a",9,3,"F3_Direct",1,"a","FI196",0.0146910572500583
"best_fit_3a",9,3,"F3_Direct",1,"a","FI197",0.0375394260187008
"best_fit_3a",9,3,"F3_Direct",1,"a","FI1B1",0.0749628061028924
"best_fit_3a",9,3,"F3_Direct",1,"a","FI1C1",0.0265803973586991
"best_fit_3a",9,3,"F3_Direct",1,"a","FI1C2",0.00768504556862605
"best_fit_3a",9,3,"F3_Direct",1,"a","FI1C3",0.0139382116975812
"best_fit_3a",9,3,"F3_Direct",1,"a","FI1C4",0.0155516239974371
"best_fit_3a",9,3,"F3_Direct",1,"a","FI1C5",0.00508280417621431
"best_fit_3a",9,3,"F3_Direct",1,"a","FI1D1",0.00966575353018932
"best_fit_3a",9,3,"F3_Direct",1,"a","FI1D2",0.0161259895158105
"best_fit_3a",9,3,"F3_Direct",1,"a","FI1D3",0.0107053064299276
"best_fit_3a",9,3,"F3_Direct",1,"a","FI1D5",0.00275946891538962
"best_fit_3a",9,3,"F3_Direct",1,"a","FI1D7",0.00827127146767916
"best_fit_3a",9,3,"F3_Direct",1,"a","FI1D8",0.00616387547985291
"best_fit_3a",9,3,"F3_Direct",1,"a","FI1D9",0.0171793821722393
"best_fit_3a",9,3,"F3_Direct",1,"a","FR10",0.0430268335735466
"best_fit_3a",9,3,"F3_Direct",1,"a","FRB0",0.0151839384287638
"best_fit_3a",9,3,"F3_Direct",1,"a","FRC1",0.00817150037189984
"best_fit_3a",9,3,"F3_Direct",1,"a","FRC2",0.00642638662258718
"best_fit_3a",9,3,"F3_Direct",1,"a","FRD1",0.00434618410086938
"best_fit_3a",9,3,"F3_Direct",1,"a","FRD2",0.0127753484318436
"best_fit_3a",9,3,"F3_Direct",1,"a","FRE1",0.0207972754326934
"best_fit_3a",9,3,"F3_Direct",1,"a","FRE2",0.00922979104714563
"best_fit_3a",9,3,"F3_Direct",1,"a","FRF1",0.00975362505191022
"best_fit_3a",9,3,"F3_Direct",1,"a","FRF2",0.00466225748882241
"best_fit_3a",9,3,"F3_Direct",1,"a","FRF3",0.0130931163955522
"best_fit_3a",9,3,"F3_Direct",1,"a","FRG0",0.0237406179868141
"best_fit_3a",9,3,"F3_Direct",1,"a","FRH0",0.0195959342363944
"best_fit_3a",9,3,"F3_Direct",1,"a","FRI1",0.0174917457516183
"best_fit_3a",9,3,"F3_Direct",1,"a","FRI2",0.00380503539521622
"best_fit_3a",9,3,"F3_Direct",1,"a","FRI3",0.00999602096241756
"best_fit_3a",9,3,"F3_Direct",1,"a","FRJ1",0.00972166108522318
"best_fit_3a",9,3,"F3_Direct",1,"a","FRJ2",0.0149830043308309
"best_fit_3a",9,3,"F3_Direct",1,"a","FRK1",0.007927255004377
"best_fit_3a",9,3,"F3_Direct",1,"a","FRK2",0.0354559861586685
"best_fit_3a",9,3,"F3_Direct",1,"a","FRL0",0.0178174456538454
"best_fit_3a",9,3,"F3_Direct",1,"a","HR031",0.018531277897028
"best_fit_3a",9,3,"F3_Direct",1,"a","HR032",0.00271820483433693
"best_fit_3a",9,3,"F3_Direct",1,"a","HR033",0.00799962914330331
"best_fit_3a",9,3,"F3_Direct",1,"a","HR034",0.0059091338031984
"best_fit_3a",9,3,"F3_Direct",1,"a","HR035",0.0264335733981915
"best_fit_3a",9,3,"F3_Direct",1,"a","HR036",0.00935928156099215
"best_fit_3a",9,3,"F3_Direct",1,"a","HR037",0.00971483611714652
"best_fit_3a",9,3,"F3_Direct",1,"a","HU110",0.0283385799486322
"best_fit_3a",9,3,"F3_Direct",1,"a","HU120",0.0369685420043666
"best_fit_3a",9,3,"F3_Direct",1,"a","HU211",0.0178052226713078
"best_fit_3a",9,3,"F3_Direct",1,"a","HU212",0.0168285018999396
"best_fit_3a",9,3,"F3_Direct",1,"a","HU213",0.0158052180533608
"best_fit_3a",9,3,"F3_Direct",1,"a","HU221",0.00576082169573845
"best_fit_3a",9,3,"F3_Direct",1,"a","HU222",0.0143947359312712
"best_fit_3a",9,3,"F3_Direct",1,"a","HU223",0.0114897815902845
"best_fit_3a",9,3,"F3_Direct",1,"a","HU231",0.011843401046546
"best_fit_3a",9,3,"F3_Direct",1,"a","HU232",0.0108123270564412
"best_fit_3a",9,3,"F3_Direct",1,"a","HU233",0.00108156189870937
"best_fit_3a",9,3,"F3_Direct",1,"a","HU311",0.033645744375111
"best_fit_3a",9,3,"F3_Direct",1,"a","HU312",0.00999295139105159
"best_fit_3a",9,3,"F3_Direct",1,"a","HU313",0.00138151345439636
"best_fit_3a",9,3,"F3_Direct",1,"a","HU321",0.01981613557548
"best_fit_3a",9,3,"F3_Direct",1,"a","HU322",0.00642049393351179
"best_fit_3a",9,3,"F3_Direct",1,"a","HU323",0.0559342872304253
"best_fit_3a",9,3,"F3_Direct",1,"a","HU331",0.0137913283098385
"best_fit_3a",9,3,"F3_Direct",1,"a","HU332",0.00349511124121525
"best_fit_3a",9,3,"F3_Direct",1,"a","HU333",0.0127879718209719
"best_fit_3a",9,3,"F3_Direct",1,"a","IE041",0.0289602040766586
"best_fit_3a",9,3,"F3_Direct",1,"a","IE042",0.0218916645775805
"best_fit_3a",9,3,"F3_Direct",1,"a","IE051",0.0348075465984563
"best_fit_3a",9,3,"F3_Direct",1,"a","IE052",0.0234273538989847
"best_fit_3a",9,3,"F3_Direct",1,"a","IE053",0.0338245304430558
"best_fit_3a",9,3,"F3_Direct",1,"a","IE061",0.0593869976614345
"best_fit_3a",9,3,"F3_Direct",1,"a","IE062",0.0250176364226909
"best_fit_3a",9,3,"F3_Direct",1,"a","IE063",0.0283512918653698
"best_fit_3a",9,3,"F3_Direct",1,"a","ITC",0.127944261970148
"best_fit_3a",9,3,"F3_Direct",1,"a","ITF",0.0814794380408179
"best_fit_3a",9,3,"F3_Direct",1,"a","ITG",0.0445512502871486
"best_fit_3a",9,3,"F3_Direct",1,"a","ITH",0.0771405736165539
"best_fit_3a",9,3,"F3_Direct",1,"a","ITI",0.0701235793494027
"best_fit_3a",9,3,"F3_Direct",1,"a","NL11",0.00840291167406014
"best_fit_3a",9,3,"F3_Direct",1,"a","NL12",0.0155521896118926
"best_fit_3a",9,3,"F3_Direct",1,"a","NL13",0.0107568834131441
"best_fit_3a",9,3,"F3_Direct",1,"a","NL21",0.0267434176475609
"best_fit_3a",9,3,"F3_Direct",1,"a","NL22",0.0417637722541919
"best_fit_3a",9,3,"F3_Direct",1,"a","NL23",0.00740787044503386
"best_fit_3a",9,3,"F3_Direct",1,"a","NL32",0.0449831898274648
"best_fit_3a",9,3,"F3_Direct",1,"a","NL34",0.00979575699307876
"best_fit_3a",9,3,"F3_Direct",1,"a","NL41",0.0403271531525056
"best_fit_3a",9,3,"F3_Direct",1,"a","NL42",0.0218494603612147
"best_fit_3a",9,3,"F3_Direct",1,"a","NO02",0.0170309450595346
"best_fit_3a",9,3,"F3_Direct",1,"a","NO06",0.0258846618411193
"best_fit_3a",9,3,"F3_Direct",1,"a","NO07",0.0189532104707879
"best_fit_3a",9,3,"F3_Direct",1,"a","NO08",0.0751061687903258
"best_fit_3a",9,3,"F3_Direct",1,"a","NO09",0.0412522833305948
"best_fit_3a",9,3,"F3_Direct",1,"a","NO0A",0.0620190617915298
"best_fit_3a",9,3,"F3_Direct",1,"a","PL21",0.0191735017911433
"best_fit_3a",9,3,"F3_Direct",1,"a","PL22",0.0230702078179885
"best_fit_3a",9,3,"F3_Direct",1,"a","PL41",0.0184140057356426
"best_fit_3a",9,3,"F3_Direct",1,"a","PL42",0.00640553190576598
"best_fit_3a",9,3,"F3_Direct",1,"a","PL43",0.00465454056145666
"best_fit_3a",9,3,"F3_Direct",1,"a","PL51",0.0144813585454688
"best_fit_3a",9,3,"F3_Direct",1,"a","PL52",0.00717726053672721
"best_fit_3a",9,3,"F3_Direct",1,"a","PL61",0.00806474861604222
"best_fit_3a",9,3,"F3_Direct",1,"a","PL62",0.00490174632540438
"best_fit_3a",9,3,"F3_Direct",1,"a","PL63",0.0143199141910144
"best_fit_3a",9,3,"F3_Direct",1,"a","PL71",0.0229097755566803
"best_fit_3a",9,3,"F3_Direct",1,"a","PL72",0.00732674445606449
"best_fit_3a",9,3,"F3_Direct",1,"a","PL81",0.00801053058759001
"best_fit_3a",9,3,"F3_Direct",1,"a","PL84",0.0055781536676895
"best_fit_3a",9,3,"F3_Direct",1,"a","PL91",0.019886081914606
"best_fit_3a",9,3,"F3_Direct",1,"a","PL92",0.0138207924879687
"best_fit_3a",9,3,"F3_Direct",1,"a","PT11",0.0526678923977541
"best_fit_3a",9,3,"F3_Direct",1,"a","PT15",0.00855180582724547
"best_fit_3a",9,3,"F3_Direct",1,"a","SE11",0.0416348212938348
"best_fit_3a",9,3,"F3_Direct",1,"a","SE12",0.0334062554262564
"best_fit_3a",9,3,"F3_Direct",1,"a","SE21",0.0177018770787588
"best_fit_3a",9,3,"F3_Direct",1,"a","SE22",0.032359011277183
"best_fit_3a",9,3,"F3_Direct",1,"a","SE23",0.0466522059769323
"best_fit_3a",9,3,"F3_Direct",1,"a","SE31",0.0189514146654941
"best_fit_3a",9,3,"F3_Direct",1,"a","SE32",0.00888897801822201
"best_fit_3a",9,3,"F3_Direct",1,"a","SE33",0.0193097961046028
"best_fit_3a",9,3,"F3_Direct",1,"a","SI031",0.0123285460780617
"best_fit_3a",9,3,"F3_Direct",1,"a","SI032",0.0279310329497282
"best_fit_3a",9,3,"F3_Direct",1,"a","SI033",0.00467338753343936
"best_fit_3a",9,3,"F3_Direct",1,"a","SI034",0.0332268834055843
"best_fit_3a",9,3,"F3_Direct",1,"a","SI035",0.00498691540380136
"best_fit_3a",9,3,"F3_Direct",1,"a","SI036",0.0120498933003951
"best_fit_3a",9,3,"F3_Direct",1,"a","SI037",0.0169125533693855
"best_fit_3a",9,3,"F3_Direct",1,"a","SI038",0.00507419511672008
"best_fit_3a",9,3,"F3_Direct",1,"a","SI041",0.0402477701903771
"best_fit_3a",9,3,"F3_Direct",1,"a","SI042",0.0180671355895858
"best_fit_3a",9,3,"F3_Direct",1,"a","SI043",0.0152503786423256
"best_fit_3a",9,3,"F3_Direct",1,"a","SI044",0.0123243541924012
"best_fit_3b",10,3,"F3_Direct",2,"b","AT11",0.787127250639428
"best_fit_3b",10,3,"F3_Direct",2,"b","AT12",0.938809168295555
"best_fit_3b",10,3,"F3_Direct",2,"b","AT13",0.875954848638691
"best_fit_3b",10,3,"F3_Direct",2,"b","AT21",0.880437171519974
"best_fit_3b",10,3,"F3_Direct",2,"b","AT22",0.943692069598668
"best_fit_3b",10,3,"F3_Direct",2,"b","AT31",0.931028673597875
"best_fit_3b",10,3,"F3_Direct",2,"b","AT32",0.810251836453363
"best_fit_3b",10,3,"F3_Direct",2,"b","AT33",0.874894483683049
"best_fit_3b",10,3,"F3_Direct",2,"b","AT34",0.861568636076089
"best_fit_3b",10,3,"F3_Direct",2,"b","BE10",0.842474234979037
"best_fit_3b",10,3,"F3_Direct",2,"b","BE21",0.93862312268162
"best_fit_3b",10,3,"F3_Direct",2,"b","BE22",0.901086408459407
"best_fit_3b",10,3,"F3_Direct",2,"b","BE23",0.919958186650767
"best_fit_3b",10,3,"F3_Direct",2,"b","BE24",0.887710800380455
"best_fit_3b",10,3,"F3_Direct",2,"b","BE25",0.908344043548773
"best_fit_3b",10,3,"F3_Direct",2,"b","BE31",0.65624657434525
"best_fit_3b",10,3,"F3_Direct",2,"b","BE32",0.891305551618652
"best_fit_3b",10,3,"F3_Direct",2,"b","BE33",0.850812911404075
"best_fit_3b",10,3,"F3_Direct",2,"b","BE34",0.576913626856759
"best_fit_3b",10,3,"F3_Direct",2,"b","BE35",0.682728112661128
"best_fit_3b",10,3,"F3_Direct",2,"b","BG311",0.566387498838776
"best_fit_3b",10,3,"F3_Direct",2,"b","BG312",0.666206112661514
"best_fit_3b",10,3,"F3_Direct",2,"b","BG313",0.633781423009873
"best_fit_3b",10,3,"F3_Direct",2,"b","BG314",0.775320228028629
"best_fit_3b",10,3,"F3_Direct",2,"b","BG315",0.63404063842115
"best_fit_3b",10,3,"F3_Direct",2,"b","BG321",0.881520540540777
"best_fit_3b",10,3,"F3_Direct",2,"b","BG322",0.506575560948374
"best_fit_3b",10,3,"F3_Direct",2,"b","BG323",0.690962764228765
"best_fit_3b",10,3,"F3_Direct",2,"b","BG324",0.657355538821138
"best_fit_3b",10,3,"F3_Direct",2,"b","BG325",0.593513855432271
"best_fit_3b",10,3,"F3_Direct",2,"b","BG331",0.802178375526606
"best_fit_3b",10,3,"F3_Direct",2,"b","BG332",0.355608729368672
"best_fit_3b",10,3,"F3_Direct",2,"b","BG333",0.782280724200424
"best_fit_3b",10,3,"F3_Direct",2,"b","BG334",0.483525392565629
"best_fit_3b",10,3,"F3_Direct",2,"b","BG341",0.847777306798296
"best_fit_3b",10,3,"F3_Direct",2,"b","BG342",0.778825853365754
"best_fit_3b",10,3,"F3_Direct",2,"b","BG343",0.566830619411201
"best_fit_3b",10,3,"F3_Direct",2,"b","BG344",0.78565383721892
"best_fit_3b",10,3,"F3_Direct",2,"b","BG411",0.930200885041712
"best_fit_3b",10,3,"F3_Direct",2,"b","BG412",0.822860093132894
"best_fit_3b",10,3,"F3_Direct",2,"b","BG413",0.801885967284159
"best_fit_3b",10,3,"F3_Direct",2,"b","BG414",0.617532466280908
"best_fit_3b",10,3,"F3_Direct",2,"b","BG415",0.614256638459918
"best_fit_3b",10,3,"F3_Direct",2,"b","BG421",0.875711308332091
"best_fit_3b",10,3,"F3_Direct",2,"b","BG422",0.860101309021084
"best_fit_3b",10,3,"F3_Direct",2,"b","BG423",0.792614833928196
"best_fit_3b",10,3,"F3_Direct",2,"b","BG424",0.67347068535396
"best_fit_3b",10,3,"F3_Direct",2,"b","BG425",0.631277298654105
"best_fit_3b",10,3,"F3_Direct",2,"b","CH01",0.896721110625317
"best_fit_3b",10,3,"F3_Direct",2,"b","CH02",0.93459697464745
"best_fit_3b",10,3,"F3_Direct",2,"b","CH03",0.881988412579668
"best_fit_3b",10,3,"F3_Direct",2,"b","CH04",0.88523657803199
"best_fit_3b",10,3,"F3_Direct",2,"b","CH05",0.888240079636058
"best_fit_3b",10,3,"F3_Direct",2,"b","CH06",0.869158371449918
"best_fit_3b",10,3,"F3_Direct",2,"b","CH07",0.591054525953514
"best_fit_3b",10,3,"F3_Direct",2,"b","DE1",0.940725911525398
"best_fit_3b",10,3,"F3_Direct",2,"b","DE2",0.951901333141586
"best_fit_3b",10,3,"F3_Direct",2,"b","DE3",0.766925502505408
"best_fit_3b",10,3,"F3_Direct",2,"b","DE4",0.808574248901688
"best_fit_3b",10,3,"F3_Direct",2,"b","DE6",0.617023208755583
"best_fit_3b",10,3,"F3_Direct",2,"b","DE7",0.895357419091309
"best_fit_3b",10,3,"F3_Direct",2,"b","DE8",0.658880158768813
"best_fit_3b",10,3,"F3_Direct",2,"b","DE9",0.91002585867699
"best_fit_3b",10,3,"F3_Direct",2,"b","DEA",0.967593652604699
"best_fit_3b",10,3,"F3_Direct",2,"b","DEB",0.829599571098148
"best_fit_3b",10,3,"F3_Direct",2,"b","DEC",0.570178827698118
"best_fit_3b",10,3,"F3_Direct",2,"b","DED",0.855260272442128
"best_fit_3b",10,3,"F3_Direct",2,"b","DEE",0.769902933410267
"best_fit_3b",10,3,"F3_Direct",2,"b","DEF",0.831612994332295
"best_fit_3b",10,3,"F3_Direct",2,"b","DEG",0.726242046980263
"best_fit_3b",10,3,"F3_Direct",2,"b","EL30",0.960208332869618
"best_fit_3b",10,3,"F3_Direct",2,"b","EL41",0.783421681392509
"best_fit_3b",10,3,"F3_Direct",2,"b","EL42",0.824869438335759
"best_fit_3b",10,3,"F3_Direct",2,"b","EL43",0.863887776563877
"best_fit_3b",10,3,"F3_Direct",2,"b","EL51",0.862463952888987
"best_fit_3b",10,3,"F3_Direct",2,"b","EL52",0.947948671963433
"best_fit_3b",10,3,"F3_Direct",2,"b","EL53",0.739066917597739
"best_fit_3b",10,3,"F3_Direct",2,"b","EL54",0.693016962325383
"best_fit_3b",10,3,"F3_Direct",2,"b","EL61",0.914363938184483
"best_fit_3b",10,3,"F3_Direct",2,"b","EL62",0.674693428563467
"best_fit_3b",10,3,"F3_Direct",2,"b","EL63",0.886057442144996
"best_fit_3b",10,3,"F3_Direct",2,"b","EL64",0.836675330572414
"best_fit_3b",10,3,"F3_Direct",2,"b","EL65",0.819759835413819
"best_fit_3b",10,3,"F3_Direct",2,"b","ES11",0.885244055087583
"best_fit_3b",10,3,"F3_Direct",2,"b","ES12",0.462964655498905
"best_fit_3b",10,3,"F3_Direct",2,"b","ES13",0.617335187932673
"best_fit_3b",10,3,"F3_Direct",2,"b","ES21",0.798101969680347
"best_fit_3b",10,3,"F3_Direct",2,"b","ES22",0.677762495471591
"best_fit_3b",10,3,"F3_Direct",2,"b","ES23",0.209488411042958
"best_fit_3b",10,3,"F3_Direct",2,"b","ES24",0.731871862377492
"best_fit_3b",10,3,"F3_Direct",2,"b","ES30",0.932134923572415
"best_fit_3b",10,3,"F3_Direct",2,"b","ES41",0.83125932578601
"best_fit_3b",10,3,"F3_Direct",2,"b","ES42",0.8126703560404
"best_fit_3b",10,3,"F3_Direct",2,"b","ES43",0.745926255898742
"best_fit_3b",10,3,"F3_Direct",2,"b","ES51",0.920306907873219
"best_fit_3b",10,3,"F3_Direct",2,"b","ES52",0.895959493236738
"best_fit_3b",10,3,"F3_Direct",2,"b","ES53",0.291322596722953
"best_fit_3b",10,3,"F3_Direct",2,"b","ES61",0.942390657241257
"best_fit_3b",10,3,"F3_Direct",2,"b","ES62",0.720368713572789
"best_fit_3b",10,3,"F3_Direct",2,"b","ES70",0.648874613554455
"best_fit_3b",10,3,"F3_Direct",2,"b","FI193",0.785861146530449
"best_fit_3b",10,3,"F3_Direct",2,"b","FI194",0.729762675911132
"best_fit_3b",10,3,"F3_Direct",2,"b","FI195",0.674627810592086
"best_fit_3b",10,3,"F3_Direct",2,"b","FI196",0.788647229734087
"best_fit_3b",10,3,"F3_Direct",2,"b","FI197",0.907072721974873
"best_fit_3b",10,3,"F3_Direct",2,"b","FI1B1",0.953008849041215
"best_fit_3b",10,3,"F3_Direct",2,"b","FI1C1",0.872346319470813
"best_fit_3b",10,3,"F3_Direct",2,"b","FI1C2",0.659651710956112
"best_fit_3b",10,3,"F3_Direct",2,"b","FI1C3",0.779614597769852
"best_fit_3b",10,3,"F3_Direct",2,"b","FI1C4",0.798120784149342
"best_fit_3b",10,3,"F3_Direct",2,"b","FI1C5",0.561120393245798
"best_fit_3b",10,3,"F3_Direct",2,"b","FI1D1",0.709519869050792
"best_fit_3b",10,3,"F3_Direct",2,"b","FI1D2",0.80399314853908
"best_fit_3b",10,3,"F3_Direct",2,"b","FI1D3",0.730321442030924
"best_fit_3b",10,3,"F3_Direct",2,"b","FI1D5",0.40915806023976
"best_fit_3b",10,3,"F3_Direct",2,"b","FI1D7",0.676086689743466
"best_fit_3b",10,3,"F3_Direct",2,"b","FI1D8",0.608173281079311
"best_fit_3b",10,3,"F3_Direct",2,"b","FI1D9",0.813935856655774
"best_fit_3b",10,3,"F3_Direct",2,"b","FR10",0.918381382554891
"best_fit_3b",10,3,"F3_Direct",2,"b","FRB0",0.794177045351333
"best_fit_3b",10,3,"F3_Direct",2,"b","FRC1",0.673401266359448
"best_fit_3b",10,3,"F3_Direct",2,"b","FRC2",0.618128223098319
"best_fit_3b",10,3,"F3_Direct",2,"b","FRD1",0.522086960835747
"best_fit_3b",10,3,"F3_Direct",2,"b","FRD2",0.76407041209386
"best_fit_3b",10,3,"F3_Direct",2,"b","FRE1",0.84165447456195
"best_fit_3b",10,3,"F3_Direct",2,"b","FRE2",0.699824132710366
"best_fit_3b",10,3,"F3_Direct",2,"b","FRF1",0.711399750375745
"best_fit_3b",10,3,"F3_Direct",2,"b","FRF2",0.539647688791949
"best_fit_3b",10,3,"F3_Direct",2,"b","FRF3",0.768527930608087
"best_fit_3b",10,3,"F3_Direct",2,"b","FRG0",0.858873605492035
"best_fit_3b",10,3,"F3_Direct",2,"b","FRH0",0.833392512933559
"best_fit_3b",10,3,"F3_Direct",2,"b","FRI1",0.816696921347373
"best_fit_3b",10,3,"F3_Direct",2,"b","FRI2",0.48872417825277
"best_fit_3b",10,3,"F3_Direct",2,"b","FRI3",0.716463187862918
"best_fit_3b",10,3,"F3_Direct",2,"b","FRJ1",0.710718712314828
"best_fit_3b",10,3,"F3_Direct",2,"b","FRJ2",0.791957340606296
"best_fit_3b",10,3,"F3_Direct",2,"b","FRK1",0.66663776884111
"best_fit_3b",10,3,"F3_Direct",2,"b","FRK2",0.901955470444561
"best_fit_3b",10,3,"F3_Direct",2,"b","FRL0",0.81949171858974
"best_fit_3b",10,3,"F3_Direct",2,"b","HR031",0.825334582220708
"best_fit_3b",10,3,"F3_Direct",2,"b","HR032",0.405510824434326
"best_fit_3b",10,3,"F3_Direct",2,"b","HR033",0.668670587563866
"best_fit_3b",10,3,"F3_Direct",2,"b","HR034",0.598009310636164
"best_fit_3b",10,3,"F3_Direct",2,"b","HR035",0.871711358522221
"best_fit_3b",10,3,"F3_Direct",2,"b","HR036",0.702769988502445
"best_fit_3b",10,3,"F3_Direct",2,"b","HR037",0.710572885684815
"best_fit_3b",10,3,"F3_Direct",2,"b","HU110",0.87950208360705
"best_fit_3b",10,3,"F3_Direct",2,"b","HU120",0.905722295678979
"best_fit_3b",10,3,"F3_Direct",2,"b","HU211",0.819388341458086
"best_fit_3b",10,3,"F3_Direct",2,"b","HU212",0.81073562672787
"best_fit_3b",10,3,"F3_Direct",2,"b","HU213",0.800755520611225
"best_fit_3b",10,3,"F3_Direct",2,"b","HU221",0.591847730936607
"best_fit_3b",10,3,"F3_Direct",2,"b","HU222",0.785180148425958
"best_fit_3b",10,3,"F3_Direct",2,"b","HU223",0.744171812075152
"best_fit_3b",10,3,"F3_Direct",2,"b","HU231",0.749967021222442
"best_fit_3b",10,3,"F3_Direct",2,"b","HU232",0.732297303479464
"best_fit_3b",10,3,"F3_Direct",2,"b","HU233",0.213197184959815
"best_fit_3b",10,3,"F3_Direct",2,"b","HU311",0.89704950851826
"best_fit_3b",10,3,"F3_Direct",2,"b","HU312",0.716400162965405
"best_fit_3b",10,3,"F3_Direct",2,"b","HU313",0.257178295244366
"best_fit_3b",10,3,"F3_Direct",2,"b","HU321",0.834969255840244
"best_fit_3b",10,3,"F3_Direct",2,"b","HU322",0.617910257474974
"best_fit_3b",10,3,"F3_Direct",2,"b","HU323",0.936819122570334
"best_fit_3b",10,3,"F3_Direct",2,"b","HU331",0.777763230055341
"best_fit_3b",10,3,"F3_Direct",2,"b","HU332",0.467450576052119
"best_fit_3b",10,3,"F3_Direct",2,"b","HU333",0.764250704138771
"best_fit_3b",10,3,"F3_Direct",2,"b","IE041",0.881849473785631
"best_fit_3b",10,3,"F3_Direct",2,"b","IE042",0.848513858522677
"best_fit_3b",10,3,"F3_Direct",2,"b","IE051",0.90025071972066
"best_fit_3b",10,3,"F3_Direct",2,"b","IE052",0.857216611335932
"best_fit_3b",10,3,"F3_Direct",2,"b","IE053",0.897554931510791
"best_fit_3b",10,3,"F3_Direct",2,"b","IE061",0.940478448245086
"best_fit_3b",10,3,"F3_Direct",2,"b","IE062",0.86525829360115
"best_fit_3b",10,3,"F3_Direct",2,"b","IE063",0.879550989792047
"best_fit_3b",10,3,"F3_Direct",2,"b","ITC",0.973486970033876
"best_fit_3b",10,3,"F3_Direct",2,"b","ITF",0.956896587677037
"best_fit_3b",10,3,"F3_Direct",2,"b","ITG",0.921069359962232
"best_fit_3b",10,3,"F3_Direct",2,"b","ITH",0.95437754110481
"best_fit_3b",10,3,"F3_Direct",2,"b","ITI",0.949679602983163
"best_fit_3b",10,3,"F3_Direct",2,"b","NL11",0.679563851748986
"best_fit_3b",10,3,"F3_Direct",2,"b","NL12",0.798126736650377
"best_fit_3b",10,3,"F3_Direct",2,"b","NL13",0.73127725358749
"best_fit_3b",10,3,"F3_Direct",2,"b","NL21",0.873044221155756
"best_fit_3b",10,3,"F3_Direct",2,"b","NL22",0.916018628615947
"best_fit_3b",10,3,"F3_Direct",2,"b","NL23",0.651293531877032
"best_fit_3b",10,3,"F3_Direct",2,"b","NL32",0.921800579720583
"best_fit_3b",10,3,"F3_Direct",2,"b","NL34",0.712292614449681
"best_fit_3b",10,3,"F3_Direct",2,"b","NL41",0.913167577973315
"best_fit_3b",10,3,"F3_Direct",2,"b","NL42",0.848260094467391
"best_fit_3b",10,3,"F3_Direct",2,"b","NO02",0.812595049399998
"best_fit_3b",10,3,"F3_Direct",2,"b","NO06",0.869282270132541
"best_fit_3b",10,3,"F3_Direct",2,"b","NO07",0.82861738485581
"best_fit_3b",10,3,"F3_Direct",2,"b","NO08",0.953101267018416
"best_fit_3b",10,3,"F3_Direct",2,"b","NO09",0.915024297010733
"best_fit_3b",10,3,"F3_Direct",2,"b","NO0A",0.943010958901544
"best_fit_3b",10,3,"F3_Direct",2,"b","PL21",0.830283862873804
"best_fit_3b",10,3,"F3_Direct",2,"b","PL22",0.855280741269771
"best_fit_3b",10,3,"F3_Direct",2,"b","PL41",0.824400220113143
"best_fit_3b",10,3,"F3_Direct",2,"b","PL42",0.617355716700049
"best_fit_3b",10,3,"F3_Direct",2,"b","PL43",0.539234198919842
"best_fit_3b",10,3,"F3_Direct",2,"b","PL51",0.786205161177288
"best_fit_3b",10,3,"F3_Direct",2,"b","PL52",0.644023933227765
"best_fit_3b",10,3,"F3_Direct",2,"b","PL61",0.670478815844328
"best_fit_3b",10,3,"F3_Direct",2,"b","PL62",0.552124138851004
"best_fit_3b",10,3,"F3_Direct",2,"b","PL63",0.784286979115498
"best_fit_3b",10,3,"F3_Direct",2,"b","PL71",0.854394417802912
"best_fit_3b",10,3,"F3_Direct",2,"b","PL72",0.648769883656784
"best_fit_3b",10,3,"F3_Direct",2,"b","PL81",0.668974662470074
"best_fit_3b",10,3,"F3_Direct",2,"b","PL84",0.583996929867266
"best_fit_3b",10,3,"F3_Direct",2,"b","PL91",0.835464022956163
"best_fit_3b",10,3,"F3_Direct",2,"b","PL92",0.778137051816885
"best_fit_3b",10,3,"F3_Direct",2,"b","PT11",0.932946875296166
"best_fit_3b",10,3,"F3_Direct",2,"b","PT15",0.683408943705893
"best_fit_3b",10,3,"F3_Direct",2,"b","SE11",0.915770049472144
"best_fit_3b",10,3,"F3_Direct",2,"b","SE12",0.896364912152951
"best_fit_3b",10,3,"F3_Direct",2,"b","SE21",0.818509633429615
"best_fit_3b",10,3,"F3_Direct",2,"b","SE22",0.893265380742694
"best_fit_3b",10,3,"F3_Direct",2,"b","SE23",0.924508849630804
"best_fit_3b",10,3,"F3_Direct",2,"b","SE31",0.828603668412609
"best_fit_3b",10,3,"F3_Direct",2,"b","SE32",0.691788125924861
"best_fit_3b",10,3,"F3_Direct",2,"b","SE33",0.831299148720603
"best_fit_3b",10,3,"F3_Direct",2,"b","SI031",0.757509591777577
"best_fit_3b",10,3,"F3_Direct",2,"b","SI032",0.877913511205727
"best_fit_3b",10,3,"F3_Direct",2,"b","SI033",0.540242766834633
"best_fit_3b",10,3,"F3_Direct",2,"b","SI034",0.895846396962445
"best_fit_3b",10,3,"F3_Direct",2,"b","SI035",0.556401043566207
"best_fit_3b",10,3,"F3_Direct",2,"b","SI036",0.753233060902112
"best_fit_3b",10,3,"F3_Direct",2,"b","SI037",0.811512000164486
"best_fit_3b",10,3,"F3_Direct",2,"b","SI038",0.560700752018381
"best_fit_3b",10,3,"F3_Direct",2,"b","SI041",0.913004641928665
"best_fit_3b",10,3,"F3_Direct",2,"b","SI042",0.821578445834109
"best_fit_3b",10,3,"F3_Direct",2,"b","SI043",0.794900817758534
"best_fit_3b",10,3,"F3_Direct",2,"b","SI044",0.757446339059773
"best_fit_3c",11,3,"F3_Direct",3,"c","AT11",0.01455998281068
"best_fit_3c",11,3,"F3_Direct",3,"c","AT12",0.0577638983895502
"best_fit_3c",11,3,"F3_Direct",3,"c","AT13",0.0274424588956043
"best_fit_3c",11,3,"F3_Direct",3,"c","AT21",0.028583375209425
"best_fit_3c",11,3,"F3_Direct",3,"c","AT22",0.0627646606663616
"best_fit_3c",11,3,"F3_Direct",3,"c","AT31",0.0511781904794233
"best_fit_3c",11,3,"F3_Direct",3,"c","AT32",0.016776466605628
"best_fit_3c",11,3,"F3_Direct",3,"c","AT33",0.0271841431680594
"best_fit_3c",11,3,"F3_Direct",3,"c","AT34",0.0242656956424083
"best_fit_3c",11,3,"F3_Direct",3,"c","BE10",0.0209231751411342
"best_fit_3c",11,3,"F3_Direct",3,"c","BE21",0.0575881325121411
"best_fit_3c",11,3,"F3_Direct",3,"c","BE22",0.0351227352613611
"best_fit_3c",11,3,"F3_Direct",3,"c","BE23",0.0439092554167923
"best_fit_3c",11,3,"F3_Direct",3,"c","BE24",0.0306219257531555
"best_fit_3c",11,3,"F3_Direct",3,"c","BE25",0.0380915974877925
"best_fit_3c",11,3,"F3_Direct",3,"c","BE31",0.00757051565915703
"best_fit_3c",11,3,"F3_Direct",3,"c","BE32",0.0317265650563738
"best_fit_3c",11,3,"F3_Direct",3,"c","BE33",0.0222803980070059
"best_fit_3c",11,3,"F3_Direct",3,"c","BE34",0.00541910618308755
"best_fit_3c",11,3,"F3_Direct",3,"c","BE35",0.00852518223703036
"best_fit_3c",11,3,"F3_Direct",3,"c","BG311",0.00519226449517081
"best_fit_3c",11,3,"F3_Direct",3,"c","BG312",0.00791199893363291
"best_fit_3c",11,3,"F3_Direct",3,"c","BG313",0.00686771122575074
"best_fit_3c",11,3,"F3_Direct",3,"c","BG314",0.0136011455690467
"best_fit_3c",11,3,"F3_Direct",3,"c","BG315",0.00687533384532759
"best_fit_3c",11,3,"F3_Direct",3,"c","BG321",0.0288716622474174
"best_fit_3c",11,3,"F3_Direct",3,"c","BG322",0.00408555815994768
"best_fit_3c",11,3,"F3_Direct",3,"c","BG323",0.00885496466585658
"best_fit_3c",11,3,"F3_Direct",3,"c","BG324",0.00760756801061638
"best_fit_3c",11,3,"F3_Direct",3,"c","BG325",0.00580048690002114
"best_fit_3c",11,3,"F3_Direct",3,"c","BG331",0.0159449214006921
"best_fit_3c",11,3,"F3_Direct",3,"c","BG332",0.00220024957088099
"best_fit_3c",11,3,"F3_Direct",3,"c","BG333",0.0141540457732513
"best_fit_3c",11,3,"F3_Direct",3,"c","BG334",0.00372695784193145
"best_fit_3c",11,3,"F3_Direct",3,"c","BG341",0.0217695451179326
"best_fit_3c",11,3,"F3_Direct",3,"c","BG342",0.0138753391809398
"best_fit_3c",11,3,"F3_Direct",3,"c","BG343",0.00520159365196324
"best_fit_3c",11,3,"F3_Direct",3,"c","BG344",0.0144346657379424
"best_fit_3c",11,3,"F3_Direct",3,"c","BG411",0.0505592352356492
"best_fit_3c",11,3,"F3_Direct",3,"c","BG412",0.0182233442409155
"best_fit_3c",11,3,"F3_Direct",3,"c","BG413",0.0159160506582228
"best_fit_3c",11,3,"F3_Direct",3,"c","BG414",0.0064102961127823
"best_fit_3c",11,3,"F3_Direct",3,"c","BG415",0.00632269971012043
"best_fit_3c",11,3,"F3_Direct",3,"c","BG421",0.0273827522736964
"best_fit_3c",11,3,"F3_Direct",3,"c","BG422",0.0239773748088949
"best_fit_3c",11,3,"F3_Direct",3,"c","BG423",0.0150420826933275
"best_fit_3c",11,3,"F3_Direct",3,"c","BG424",0.00817405907255971
"best_fit_3c",11,3,"F3_Direct",3,"c","BG425",0.00679461960379204
"best_fit_3c",11,3,"F3_Direct",3,"c","CH01",0.0335304811697143
"best_fit_3c",11,3,"F3_Direct",3,"c","CH02",0.0540152578654748
"best_fit_3c",11,3,"F3_Direct",3,"c","CH03",0.028997746842801
"best_fit_3c",11,3,"F3_Direct",3,"c","CH04",0.0299004653043334
"best_fit_3c",11,3,"F3_Direct",3,"c","CH05",0.0307802626153212
"best_fit_3c",11,3,"F3_Direct",3,"c","CH06",0.0258571939669546
"best_fit_3c",11,3,"F3_Direct",3,"c","CH07",0.00574205043049407
"best_fit_3c",11,3,"F3_Direct",3,"c","DE1",0.0596349024438982
"best_fit_3c",11,3,"F3_Direct",3,"c","DE2",0.0732843409314359
"best_fit_3c",11,3,"F3_Direct",3,"c","DE3",0.0129775067101978
"best_fit_3c",11,3,"F3_Direct",3,"c","DE4",0.0165980248925532
"best_fit_3c",11,3,"F3_Direct",3,"c","DE6",0.00639658109507457
"best_fit_3c",11,3,"F3_Direct",3,"c","DE7",0.033059297820195
"best_fit_3c",11,3,"F3_Direct",3,"c","DE8",0.00765889681096973
"best_fit_3c",11,3,"F3_Direct",3,"c","DE9",0.0388450099211914
"best_fit_3c",11,3,"F3_Direct",3,"c","DEA",0.106590671770126
"best_fit_3c",11,3,"F3_Direct",3,"c","DEB",0.0190825360327561
"best_fit_3c",11,3,"F3_Direct",3,"c","DEC",0.00527270056409569
"best_fit_3c",11,3,"F3_Direct",3,"c","DED",0.0230664812157324
"best_fit_3c",11,3,"F3_Direct",3,"c","DEE",0.0131935797882828
"best_fit_3c",11,3,"F3_Direct",3,"c","DEF",0.019352252280491
"best_fit_3c",11,3,"F3_Direct",3,"c","DEG",0.0104891666899786
"best_fit_3c",11,3,"F3_Direct",3,"c","EL30",0.0879429684248102
"best_fit_3c",11,3,"F3_Direct",3,"c","EL41",0.0142480051232634
"best_fit_3c",11,3,"F3_Direct",3,"c","EL42",0.0184727445895355
"best_fit_3c",11,3,"F3_Direct",3,"c","EL43",0.024733706587106
"best_fit_3c",11,3,"F3_Direct",3,"c","EL51",0.0244445563826003
"best_fit_3c",11,3,"F3_Direct",3,"c","EL52",0.067834673883806
"best_fit_3c",11,3,"F3_Direct",3,"c","EL53",0.0111910999353684
"best_fit_3c",11,3,"F3_Direct",3,"c","EL54",0.00893995315334721
"best_fit_3c",11,3,"F3_Direct",3,"c","EL61",0.0409188615121326
"best_fit_3c",11,3,"F3_Direct",3,"c","EL62",0.00821930475563487
"best_fit_3c",11,3,"F3_Direct",3,"c","EL63",0.0301364666781616
"best_fit_3c",11,3,"F3_Direct",3,"c","EL64",0.0200590731210254
"best_fit_3c",11,3,"F3_Direct",3,"c","EL65",0.0178492108495024
"best_fit_3c",11,3,"F3_Direct",3,"c","ES11",0.0299026002624176
"best_fit_3c",11,3,"F3_Direct",3,"c","ES12",0.00343286966663413
"best_fit_3c",11,3,"F3_Direct",3,"c","ES13",0.00640497884420351
"best_fit_3c",11,3,"F3_Direct",3,"c","ES21",0.0155498364369516
"best_fit_3c",11,3,"F3_Direct",3,"c","ES22",0.00833436469422013
"best_fit_3c",11,3,"F3_Direct",3,"c","ES23",0.00105778624872953
"best_fit_3c",11,3,"F3_Direct",3,"c","ES24",0.0107891521674507
"best_fit_3c",11,3,"F3_Direct",3,"c","ES30",0.0520276144012507
"best_fit_3c",11,3,"F3_Direct",3,"c","ES41",0.0193044199957856
"best_fit_3c",11,3,"F3_Direct",3,"c","ES42",0.0170392269127344
"best_fit_3c",11,3,"F3_Direct",3,"c","ES43",0.0115951603542303
"best_fit_3c",11,3,"F3_Direct",3,"c","ES51",0.0441088984241961
"best_fit_3c",11,3,"F3_Direct",3,"c","ES52",0.0332658604542415
"best_fit_3c",11,3,"F3_Direct",3,"c","ES53",0.00163990462336542
"best_fit_3c",11,3,"F3_Direct",3,"c","ES61",0.0613543702721828
"best_fit_3c",11,3,"F3_Direct",3,"c","ES62",0.0101888974721261
"best_fit_3c",11,3,"F3_Direct",3,"c","ES70",0.00733008820507159
"best_fit_3c",11,3,"F3_Direct",3,"c","FI193",0.0144521955203968
"best_fit_3c",11,3,"F3_Direct",3,"c","FI194",0.0106753211140875
"best_fit_3c",11,3,"F3_Direct",3,"c","FI195",0.00821686813627209
"best_fit_3c",11,3,"F3_Direct",3,"c","FI196",0.0146910572500583
"best_fit_3c",11,3,"F3_Direct",3,"c","FI197",0.0375394260187008
"best_fit_3c",11,3,"F3_Direct",3,"c","FI1B1",0.0749628061028924
"best_fit_3c",11,3,"F3_Direct",3,"c","FI1C1",0.0265803973586991
"best_fit_3c",11,3,"F3_Direct",3,"c","FI1C2",0.00768504556862605
"best_fit_3c",11,3,"F3_Direct",3,"c","FI1C3",0.0139382116975812
"best_fit_3c",11,3,"F3_Direct",3,"c","FI1C4",0.0155516239974371
"best_fit_3c",11,3,"F3_Direct",3,"c","FI1C5",0.00508280417621431
"best_fit_3c",11,3,"F3_Direct",3,"c","FI1D1",0.00966575353018932
"best_fit_3c",11,3,"F3_Direct",3,"c","FI1D2",0.0161259895158105
"best_fit_3c",11,3,"F3_Direct",3,"c","FI1D3",0.0107053064299276
"best_fit_3c",11,3,"F3_Direct",3,"c","FI1D5",0.00275946891538962
"best_fit_3c",11,3,"F3_Direct",3,"c","FI1D7",0.00827127146767916
"best_fit_3c",11,3,"F3_Direct",3,"c","FI1D8",0.00616387547985291
"best_fit_3c",11,3,"F3_Direct",3,"c","FI1D9",0.0171793821722393
"best_fit_3c",11,3,"F3_Direct",3,"c","FR10",0.0430268335735466
"best_fit_3c",11,3,"F3_Direct",3,"c","FRB0",0.0151839384287638
"best_fit_3c",11,3,"F3_Direct",3,"c","FRC1",0.00817150037189984
"best_fit_3c",11,3,"F3_Direct",3,"c","FRC2",0.00642638662258718
"best_fit_3c",11,3,"F3_Direct",3,"c","FRD1",0.00434618410086938
"best_fit_3c",11,3,"F3_Direct",3,"c","FRD2",0.0127753484318436
"best_fit_3c",11,3,"F3_Direct",3,"c","FRE1",0.0207972754326934
"best_fit_3c",11,3,"F3_Direct",3,"c","FRE2",0.00922979104714563
"best_fit_3c",11,3,"F3_Direct",3,"c","FRF1",0.00975362505191022
"best_fit_3c",11,3,"F3_Direct",3,"c","FRF2",0.00466225748882241
"best_fit_3c",11,3,"F3_Direct",3,"c","FRF3",0.0130931163955522
"best_fit_3c",11,3,"F3_Direct",3,"c","FRG0",0.0237406179868141
"best_fit_3c",11,3,"F3_Direct",3,"c","FRH0",0.0195959342363944
"best_fit_3c",11,3,"F3_Direct",3,"c","FRI1",0.0174917457516183
"best_fit_3c",11,3,"F3_Direct",3,"c","FRI2",0.00380503539521622
"best_fit_3c",11,3,"F3_Direct",3,"c","FRI3",0.00999602096241756
"best_fit_3c",11,3,"F3_Direct",3,"c","FRJ1",0.00972166108522318
"best_fit_3c",11,3,"F3_Direct",3,"c","FRJ2",0.0149830043308309
"best_fit_3c",11,3,"F3_Direct",3,"c","FRK1",0.007927255004377
"best_fit_3c",11,3,"F3_Direct",3,"c","FRK2",0.0354559861586685
"best_fit_3c",11,3,"F3_Direct",3,"c","FRL0",0.0178174456538454
"best_fit_3c",11,3,"F3_Direct",3,"c","HR031",0.018531277897028
"best_fit_3c",11,3,"F3_Direct",3,"c","HR032",0.00271820483433693
"best_fit_3c",11,3,"F3_Direct",3,"c","HR033",0.00799962914330331
"best_fit_3c",11,3,"F3_Direct",3,"c","HR034",0.0059091338031984
"best_fit_3c",11,3,"F3_Direct",3,"c","HR035",0.0264335733981915
"best_fit_3c",11,3,"F3_Direct",3,"c","HR036",0.00935928156099215
"best_fit_3c",11,3,"F3_Direct",3,"c","HR037",0.00971483611714652
"best_fit_3c",11,3,"F3_Direct",3,"c","HU110",0.0283385799486322
"best_fit_3c",11,3,"F3_Direct",3,"c","HU120",0.0369685420043666
"best_fit_3c",11,3,"F3_Direct",3,"c","HU211",0.0178052226713078
"best_fit_3c",11,3,"F3_Direct",3,"c","HU212",0.0168285018999396
"best_fit_3c",11,3,"F3_Direct",3,"c","HU213",0.0158052180533608
"best_fit_3c",11,3,"F3_Direct",3,"c","HU221",0.00576082169573845
"best_fit_3c",11,3,"F3_Direct",3,"c","HU222",0.0143947359312712
"best_fit_3c",11,3,"F3_Direct",3,"c","HU223",0.0114897815902845
"best_fit_3c",11,3,"F3_Direct",3,"c","HU231",0.011843401046546
"best_fit_3c",11,3,"F3_Direct",3,"c","HU232",0.0108123270564412
"best_fit_3c",11,3,"F3_Direct",3,"c","HU233",0.00108156189870937
"best_fit_3c",11,3,"F3_Direct",3,"c","HU311",0.033645744375111
"best_fit_3c",11,3,"F3_Direct",3,"c","HU312",0.00999295139105159
"best_fit_3c",11,3,"F3_Direct",3,"c","HU313",0.00138151345439636
"best_fit_3c",11,3,"F3_Direct",3,"c","HU321",0.01981613557548
"best_fit_3c",11,3,"F3_Direct",3,"c","HU322",0.00642049393351179
"best_fit_3c",11,3,"F3_Direct",3,"c","HU323",0.0559342872304253
"best_fit_3c",11,3,"F3_Direct",3,"c","HU331",0.0137913283098385
"best_fit_3c",11,3,"F3_Direct",3,"c","HU332",0.00349511124121525
"best_fit_3c",11,3,"F3_Direct",3,"c","HU333",0.0127879718209719
"best_fit_3c",11,3,"F3_Direct",3,"c","IE041",0.0289602040766586
"best_fit_3c",11,3,"F3_Direct",3,"c","IE042",0.0218916645775805
"best_fit_3c",11,3,"F3_Direct",3,"c","IE051",0.0348075465984563
"best_fit_3c",11,3,"F3_Direct",3,"c","IE052",0.0234273538989847
"best_fit_3c",11,3,"F3_Direct",3,"c","IE053",0.0338245304430558
"best_fit_3c",11,3,"F3_Direct",3,"c","IE061",0.0593869976614345
"best_fit_3c",11,3,"F3_Direct",3,"c","IE062",0.0250176364226909
"best_fit_3c",11,3,"F3_Direct",3,"c","IE063",0.0283512918653698
"best_fit_3c",11,3,"F3_Direct",3,"c","ITC",0.127944261970148
"best_fit_3c",11,3,"F3_Direct",3,"c","ITF",0.0814794380408179
"best_fit_3c",11,3,"F3_Direct",3,"c","ITG",0.0445512502871486
"best_fit_3c",11,3,"F3_Direct",3,"c","ITH",0.0771405736165539
"best_fit_3c",11,3,"F3_Direct",3,"c","ITI",0.0701235793494027
"best_fit_3c",11,3,"F3_Direct",3,"c","NL11",0.00840291167406014
"best_fit_3c",11,3,"F3_Direct",3,"c","NL12",0.0155521896118926
"best_fit_3c",11,3,"F3_Direct",3,"c","NL13",0.0107568834131441
"best_fit_3c",11,3,"F3_Direct",3,"c","NL21",0.0267434176475609
"best_fit_3c",11,3,"F3_Direct",3,"c","NL22",0.0417637722541919
"best_fit_3c",11,3,"F3_Direct",3,"c","NL23",0.00740787044503386
"best_fit_3c",11,3,"F3_Direct",3,"c","NL32",0.0449831898274648
"best_fit_3c",11,3,"F3_Direct",3,"c","NL34",0.00979575699307876
"best_fit_3c",11,3,"F3_Direct",3,"c","NL41",0.0403271531525056
"best_fit_3c",11,3,"F3_Direct",3,"c","NL42",0.0218494603612147
"best_fit_3c",11,3,"F3_Direct",3,"c","NO02",0.0170309450595346
"best_fit_3c",11,3,"F3_Direct",3,"c","NO06",0.0258846618411193
"best_fit_3c",11,3,"F3_Direct",3,"c","NO07",0.0189532104707879
"best_fit_3c",11,3,"F3_Direct",3,"c","NO08",0.0751061687903258
"best_fit_3c",11,3,"F3_Direct",3,"c","NO09",0.0412522833305948
"best_fit_3c",11,3,"F3_Direct",3,"c","NO0A",0.0620190617915298
"best_fit_3c",11,3,"F3_Direct",3,"c","PL21",0.0191735017911433
"best_fit_3c",11,3,"F3_Direct",3,"c","PL22",0.0230702078179885
"best_fit_3c",11,3,"F3_Direct",3,"c","PL41",0.0184140057356426
"best_fit_3c",11,3,"F3_Direct",3,"c","PL42",0.00640553190576598
"best_fit_3c",11,3,"F3_Direct",3,"c","PL43",0.00465454056145666
"best_fit_3c",11,3,"F3_Direct",3,"c","PL51",0.0144813585454688
"best_fit_3c",11,3,"F3_Direct",3,"c","PL52",0.00717726053672721
"best_fit_3c",11,3,"F3_Direct",3,"c","PL61",0.00806474861604222
"best_fit_3c",11,3,"F3_Direct",3,"c","PL62",0.00490174632540438
"best_fit_3c",11,3,"F3_Direct",3,"c","PL63",0.0143199141910144
"best_fit_3c",11,3,"F3_Direct",3,"c","PL71",0.0229097755566803
"best_fit_3c",11,3,"F3_Direct",3,"c","PL72",0.00732674445606449
"best_fit_3c",11,3,"F3_Direct",3,"c","PL81",0.00801053058759001
"best_fit_3c",11,3,"F3_Direct",3,"c","PL84",0.0055781536676895
"best_fit_3c",11,3,"F3_Direct",3,"c","PL91",0.019886081914606
"best_fit_3c",11,3,"F3_Direct",3,"c","PL92",0.0138207924879687
"best_fit_3c",11,3,"F3_Direct",3,"c","PT11",0.0526678923977541
"best_fit_3c",11,3,"F3_Direct",3,"c","PT15",0.00855180582724547
"best_fit_3c",11,3,"F3_Direct",3,"c","SE11",0.0416348212938348
"best_fit_3c",11,3,"F3_Direct",3,"c","SE12",0.0334062554262564
"best_fit_3c",11,3,"F3_Direct",3,"c","SE21",0.0177018770787588
"best_fit_3c",11,3,"F3_Direct",3,"c","SE22",0.032359011277183
"best_fit_3c",11,3,"F3_Direct",3,"c","SE23",0.0466522059769323
"best_fit_3c",11,3,"F3_Direct",3,"c","SE31",0.0189514146654941
"best_fit_3c",11,3,"F3_Direct",3,"c","SE32",0.00888897801822201
"best_fit_3c",11,3,"F3_Direct",3,"c","SE33",0.0193097961046028
"best_fit_3c",11,3,"F3_Direct",3,"c","SI031",0.0123285460780617
"best_fit_3c",11,3,"F3_Direct",3,"c","SI032",0.0279310329497282
"best_fit_3c",11,3,"F3_Direct",3,"c","SI033",0.00467338753343936
"best_fit_3c",11,3,"F3_Direct",3,"c","SI034",0.0332268834055843
"best_fit_3c",11,3,"F3_Direct",3,"c","SI035",0.00498691540380136
"best_fit_3c",11,3,"F3_Direct",3,"c","SI036",0.0120498933003951
"best_fit_3c",11,3,"F3_Direct",3,"c","SI037",0.0169125533693855
"best_fit_3c",11,3,"F3_Direct",3,"c","SI038",0.00507419511672008
"best_fit_3c",11,3,"F3_Direct",3,"c","SI041",0.0402477701903771
"best_fit_3c",11,3,"F3_Direct",3,"c","SI042",0.0180671355895858
"best_fit_3c",11,3,"F3_Direct",3,"c","SI043",0.0152503786423256
"best_fit_3c",11,3,"F3_Direct",3,"c","SI044",0.0123243541924012
"best_fit_3n",12,3,"F3_Direct",4,"n","AT11",0.0740559644119654
"best_fit_3n",12,3,"F3_Direct",4,"n","AT12",0.24916450996799
"best_fit_3n",12,3,"F3_Direct",4,"n","AT13",0.132501576746706
"best_fit_3n",12,3,"F3_Direct",4,"n","AT21",0.137393268979629
"best_fit_3n",12,3,"F3_Direct",4,"n","AT22",0.266056464033916
"best_fit_3n",12,3,"F3_Direct",4,"n","AT31",0.225990907287534
"best_fit_3n",12,3,"F3_Direct",4,"n","AT32",0.0845524745715244
"best_fit_3n",12,3,"F3_Direct",4,"n","AT33",0.131387938629028
"best_fit_3n",12,3,"F3_Direct",4,"n","AT34",0.118646743147687
"best_fit_3n",12,3,"F3_Direct",4,"n","BE10",0.103685040156027
"best_fit_3n",12,3,"F3_Direct",4,"n","BE21",0.24855998000836
"best_fit_3n",12,3,"F3_Direct",4,"n","BE22",0.164608084285304
"best_fit_3n",12,3,"F3_Direct",4,"n","BE23",0.199103167886018
"best_fit_3n",12,3,"F3_Direct",4,"n","BE24",0.146025541045028
"best_fit_3n",12,3,"F3_Direct",4,"n","BE25",0.17651974585763
"best_fit_3n",12,3,"F3_Direct",4,"n","BE31",0.0396549793623338
"best_fit_3n",12,3,"F3_Direct",4,"n","BE32",0.150646237233086
"best_fit_3n",12,3,"F3_Direct",4,"n","BE33",0.109808666982651
"best_fit_3n",12,3,"F3_Direct",4,"n","BE34",0.0286489300555842
"best_fit_3n",12,3,"F3_Direct",4,"n","BE35",0.0444742872725064
"best_fit_3n",12,3,"F3_Direct",4,"n","BG311",0.0274765604776698
"best_fit_3n",12,3,"F3_Direct",4,"n","BG312",0.0413833483888849
"best_fit_3n",12,3,"F3_Direct",4,"n","BG313",0.0360819237050004
"best_fit_3n",12,3,"F3_Direct",4,"n","BG314",0.069455212714198
"best_fit_3n",12,3,"F3_Direct",4,"n","BG315",0.0361207924705167
"best_fit_3n",12,3,"F3_Direct",4,"n","BG321",0.138622388214525
"best_fit_3n",12,3,"F3_Direct",4,"n","BG322",0.0217237850633375
"best_fit_3n",12,3,"F3_Direct",4,"n","BG323",0.0461299993559172
"best_fit_3n",12,3,"F3_Direct",4,"n","BG324",0.0398427583351636
"best_fit_3n",12,3,"F3_Direct",4,"n","BG325",0.03061483403015
"best_fit_3n",12,3,"F3_Direct",4,"n","BG331",0.0806370462133413
"best_fit_3n",12,3,"F3_Direct",4,"n","BG332",0.0117955982820266
"best_fit_3n",12,3,"F3_Direct",4,"n","BG333",0.0721126455983587
"best_fit_3n",12,3,"F3_Direct",4,"n","BG334",0.0198478842444754
"best_fit_3n",12,3,"F3_Direct",4,"n","BG341",0.107511614476879
"best_fit_3n",12,3,"F3_Direct",4,"n","BG342",0.070774611065688
"best_fit_3n",12,3,"F3_Direct",4,"n","BG343",0.0275248209308848
"best_fit_3n",12,3,"F3_Direct",4,"n","BG344",0.0734567397165177
"best_fit_3n",12,3,"F3_Direct",4,"n","BG411",0.223756329468691
"best_fit_3n",12,3,"F3_Direct",4,"n","BG412",0.0913018652081981
"best_fit_3n",12,3,"F3_Direct",4,"n","BG413",0.0805006226239167
"best_fit_3n",12,3,"F3_Direct",4,"n","BG414",0.0337448473139514
"best_fit_3n",12,3,"F3_Direct",4,"n","BG415",0.033296242752801
"best_fit_3n",12,3,"F3_Direct",4,"n","BG421",0.132244373766979
"best_fit_3n",12,3,"F3_Direct",4,"n","BG422",0.117371899380296
"best_fit_3n",12,3,"F3_Direct",4,"n","BG423",0.0763554114976183
"best_fit_3n",12,3,"F3_Direct",4,"n","BG424",0.0427063187156538
"best_fit_3n",12,3,"F3_Direct",4,"n","BG425",0.0357090907727408
"best_fit_3n",12,3,"F3_Direct",4,"n","CH01",0.158107631393885
"best_fit_3n",12,3,"F3_Direct",4,"n","CH02",0.236107259508701
"best_fit_3n",12,3,"F3_Direct",4,"n","CH03",0.139159081648073
"best_fit_3n",12,3,"F3_Direct",4,"n","CH04",0.142986193423938
"best_fit_3n",12,3,"F3_Direct",4,"n","CH05",0.146690297851738
"best_fit_3n",12,3,"F3_Direct",4,"n","CH06",0.12563133796223
"best_fit_3n",12,3,"F3_Direct",4,"n","CH07",0.0303140301258751
"best_fit_3n",12,3,"F3_Direct",4,"n","DE1",0.255553634144846
"best_fit_3n",12,3,"F3_Direct",4,"n","DE2",0.299751568930199
"best_fit_3n",12,3,"F3_Direct",4,"n","DE3",0.0664430648673176
"best_fit_3n",12,3,"F3_Direct",4,"n","DE4",0.0837145171738912
"best_fit_3n",12,3,"F3_Direct",4,"n","DE6",0.0336746313192613
"best_fit_3n",12,3,"F3_Direct",4,"n","DE7",0.156168716430195
"best_fit_3n",12,3,"F3_Direct",4,"n","DE8",0.0401027913050524
"best_fit_3n",12,3,"F3_Direct",4,"n","DE9",0.179500196583575
"best_fit_3n",12,3,"F3_Direct",4,"n","DEA",0.392401163089217
"best_fit_3n",12,3,"F3_Direct",4,"n","DEB",0.0952722002667686
"best_fit_3n",12,3,"F3_Direct",4,"n","DEC",0.0278925349103788
"best_fit_3n",12,3,"F3_Direct",4,"n","DED",0.113324932651343
"best_fit_3n",12,3,"F3_Direct",4,"n","DEE",0.0674884619928025
"best_fit_3n",12,3,"F3_Direct",4,"n","DEF",0.096512841360753
"best_fit_3n",12,3,"F3_Direct",4,"n","DEG",0.0542667399319878
"best_fit_3n",12,3,"F3_Direct",4,"n","EL30",0.342945523732746
"best_fit_3n",12,3,"F3_Direct",4,"n","EL41",0.0725630343900062
"best_fit_3n",12,3,"F3_Direct",4,"n","EL42",0.0924572146844577
"best_fit_3n",12,3,"F3_Direct",4,"n","EL43",0.120709880126682
"best_fit_3n",12,3,"F3_Direct",4,"n","EL51",0.119436124762278
"best_fit_3n",12,3,"F3_Direct",4,"n","EL52",0.282596567693392
"best_fit_3n",12,3,"F3_Direct",4,"n","EL53",0.0577273508671933
"best_fit_3n",12,3,"F3_Direct",4,"n","EL54",0.0465559428252367
"best_fit_3n",12,3,"F3_Direct",4,"n","EL61",0.187617514722493
"best_fit_3n",12,3,"F3_Direct",4,"n","EL62",0.042934435664366
"best_fit_3n",12,3,"F3_Direct",4,"n","EL63",0.143982293118354
"best_fit_3n",12,3,"F3_Direct",4,"n","EL64",0.0997512047676673
"best_fit_3n",12,3,"F3_Direct",4,"n","EL65",0.0895642677772008
"best_fit_3n",12,3,"F3_Direct",4,"n","ES11",0.142995212736096
"best_fit_3n",12,3,"F3_Direct",4,"n","ES12",0.018305092592472
"best_fit_3n",12,3,"F3_Direct",4,"n","ES13",0.0337176257781142
"best_fit_3n",12,3,"F3_Direct",4,"n","ES21",0.0787673186490894
"best_fit_3n",12,3,"F3_Direct",4,"n","ES22",0.0435141420745978
"best_fit_3n",12,3,"F3_Direct",4,"n","ES23",0.00569927929824853
"best_fit_3n",12,3,"F3_Direct",4,"n","ES24",0.0557482067336974
"best_fit_3n",12,3,"F3_Direct",4,"n","ES30",0.229041371356768
"best_fit_3n",12,3,"F3_Direct",4,"n","ES41",0.0962930208926764
"best_fit_3n",12,3,"F3_Direct",4,"n","ES42",0.085784155292734
"best_fit_3n",12,3,"F3_Direct",4,"n","ES43",0.0597101651638688
"best_fit_3n",12,3,"F3_Direct",4,"n","ES51",0.199860930646963
"best_fit_3n",12,3,"F3_Direct",4,"n","ES52",0.15701958524738
"best_fit_3n",12,3,"F3_Direct",4,"n","ES53",0.00881315767789226
"best_fit_3n",12,3,"F3_Direct",4,"n","ES61",0.261352077525903
"best_fit_3n",12,3,"F3_Direct",4,"n","ES62",0.0527801128350311
"best_fit_3n",12,3,"F3_Direct",4,"n","ES70",0.0384350629225983
"best_fit_3n",12,3,"F3_Direct",4,"n","FI193",0.0735405988058321
"best_fit_3n",12,3,"F3_Direct",4,"n","FI194",0.055186497469416
"best_fit_3n",12,3,"F3_Direct",4,"n","FI195",0.042922153103847
"best_fit_3n",12,3,"F3_Direct",4,"n","FI196",0.0746820529451486
"best_fit_3n",12,3,"F3_Direct",4,"n","FI197",0.174324594503468
"best_fit_3n",12,3,"F3_Direct",4,"n","FI1B1",0.304910316295954
"best_fit_3n",12,3,"F3_Direct",4,"n","FI1C1",0.128776236733232
"best_fit_3n",12,3,"F3_Direct",4,"n","FI1C2",0.0402352177491323
"best_fit_3n",12,3,"F3_Direct",4,"n","FI1C3",0.071076724781906
"best_fit_3n",12,3,"F3_Direct",4,"n","FI1C4",0.0787757919645889
"best_fit_3n",12,3,"F3_Direct",4,"n","FI1C5",0.0269100234097758
"best_fit_3n",12,3,"F3_Direct",4,"n","FI1D1",0.0501810105366204
"best_fit_3n",12,3,"F3_Direct",4,"n","FI1D2",0.0814919115456351
"best_fit_3n",12,3,"F3_Direct",4,"n","FI1D3",0.0553345149064817
"best_fit_3n",12,3,"F3_Direct",4,"n","FI1D5",0.0147575189523933
"best_fit_3n",12,3,"F3_Direct",4,"n","FI1D7",0.0431963298480482
"best_fit_3n",12,3,"F3_Direct",4,"n","FI1D8",0.0324820003649631
"best_fit_3n",12,3,"F3_Direct",4,"n","FI1D9",0.0864400428459695
"best_fit_3n",12,3,"F3_Direct",4,"n","FR10",0.195740415945756
"best_fit_3n",12,3,"F3_Direct",4,"n","FRB0",0.0770302674549784
"best_fit_3n",12,3,"F3_Direct",4,"n","FRC1",0.0426934157866209
"best_fit_3n",12,3,"F3_Direct",4,"n","FRC2",0.0338272144435153
"best_fit_3n",12,3,"F3_Direct",4,"n","FRD1",0.0230835092360317
"best_fit_3n",12,3,"F3_Direct",4,"n","FRD2",0.0654632809553667
"best_fit_3n",12,3,"F3_Direct",4,"n","FRE1",0.103113590383426
"best_fit_3n",12,3,"F3_Direct",4,"n","FRE2",0.0480062373642632
"best_fit_3n",12,3,"F3_Direct",4,"n","FRF1",0.0506183809401119
"best_fit_3n",12,3,"F3_Direct",4,"n","FRF2",0.0247283988220758
"best_fit_3n",12,3,"F3_Direct",4,"n","FRF3",0.0670026379972618
"best_fit_3n",12,3,"F3_Direct",4,"n","FRG0",0.116322856105074
"best_fit_3n",12,3,"F3_Direct",4,"n","FRH0",0.0976313924654775
"best_fit_3n",12,3,"F3_Direct",4,"n","FRI1",0.0878991073638753
"best_fit_3n",12,3,"F3_Direct",4,"n","FRI2",0.0202568188286042
"best_fit_3n",12,3,"F3_Direct",4,"n","FRI3",0.051823194561918
"best_fit_3n",12,3,"F3_Direct",4,"n","FRJ1",0.0504593216067463
"best_fit_3n",12,3,"F3_Direct",4,"n","FRJ2",0.0760741218773184
"best_fit_3n",12,3,"F3_Direct",4,"n","FRK1",0.0414604473667714
"best_fit_3n",12,3,"F3_Direct",4,"n","FRK2",0.165958600230953
"best_fit_3n",12,3,"F3_Direct",4,"n","FRL0",0.0894164948563053
"best_fit_3n",12,3,"F3_Direct",4,"n","HR031",0.0927280301581818
"best_fit_3n",12,3,"F3_Direct",4,"n","HR032",0.0145394562597464
"best_fit_3n",12,3,"F3_Direct",4,"n","HR033",0.0418260649579072
"best_fit_3n",12,3,"F3_Direct",4,"n","HR034",0.0311736961181151
"best_fit_3n",12,3,"F3_Direct",4,"n","HR035",0.128139217200199
"best_fit_3n",12,3,"F3_Direct",4,"n","HR036",0.0486530321597916
"best_fit_3n",12,3,"F3_Direct",4,"n","HR037",0.0504253535742062
"best_fit_3n",12,3,"F3_Direct",4,"n","HU110",0.136347395670691
"best_fit_3n",12,3,"F3_Direct",4,"n","HU120",0.1720453811674
"best_fit_3n",12,3,"F3_Direct",4,"n","HU211",0.089359622833921
"best_fit_3n",12,3,"F3_Direct",4,"n","HU212",0.0847965995321062
"best_fit_3n",12,3,"F3_Direct",4,"n","HU213",0.0799766009116463
"best_fit_3n",12,3,"F3_Direct",4,"n","HU221",0.0304106724077489
"best_fit_3n",12,3,"F3_Direct",4,"n","HU222",0.0732656776994903
"best_fit_3n",12,3,"F3_Direct",4,"n","HU223",0.0591936968655956
"best_fit_3n",12,3,"F3_Direct",4,"n","HU231",0.0609250048996017
"best_fit_3n",12,3,"F3_Direct",4,"n","HU232",0.0558624992510609
"best_fit_3n",12,3,"F3_Direct",4,"n","HU233",0.0058267723322871
"best_fit_3n",12,3,"F3_Direct",4,"n","HU311",0.158580869554947
"best_fit_3n",12,3,"F3_Direct",4,"n","HU312",0.0518079528840232
"best_fit_3n",12,3,"F3_Direct",4,"n","HU313",0.00743292953623324
"best_fit_3n",12,3,"F3_Direct",4,"n","HU321",0.0986402598289608
"best_fit_3n",12,3,"F3_Direct",4,"n","HU322",0.0337970511578852
"best_fit_3n",12,3,"F3_Direct",4,"n","HU323",0.24283490144566
"best_fit_3n",12,3,"F3_Direct",4,"n","HU331",0.0703706771047671
"best_fit_3n",12,3,"F3_Direct",4,"n","HU332",0.0186319419761024
"best_fit_3n",12,3,"F3_Direct",4,"n","HU333",0.0655245101378362
"best_fit_3n",12,3,"F3_Direct",4,"n","IE041",0.138999331956726
"best_fit_3n",12,3,"F3_Direct",4,"n","IE042",0.108061584239466
"best_fit_3n",12,3,"F3_Direct",4,"n","IE051",0.163327597961065
"best_fit_3n",12,3,"F3_Direct",4,"n","IE052",0.114931764123819
"best_fit_3n",12,3,"F3_Direct",4,"n","IE053",0.159314085820657
"best_fit_3n",12,3,"F3_Direct",4,"n","IE061",0.254711890845976
"best_fit_3n",12,3,"F3_Direct",4,"n","IE062",0.12195779016822
"best_fit_3n",12,3,"F3_Direct",4,"n","IE063",0.136401756024628
"best_fit_3n",12,3,"F3_Direct",4,"n","ITC",0.442643604569199
"best_fit_3n",12,3,"F3_Direct",4,"n","ITF",0.324406344977614
"best_fit_3n",12,3,"F3_Direct",4,"n","ITG",0.201535941131448
"best_fit_3n",12,3,"F3_Direct",4,"n","ITH",0.311518687081466
"best_fit_3n",12,3,"F3_Direct",4,"n","ITI",0.289878562847735
"best_fit_3n",12,3,"F3_Direct",4,"n","NL11",0.0438592324466247
"best_fit_3n",12,3,"F3_Direct",4,"n","NL12",0.0787784730392699
"best_fit_3n",12,3,"F3_Direct",4,"n","NL13",0.0555890284672371
"best_fit_3n",12,3,"F3_Direct",4,"n","NL21",0.129482661626381
"best_fit_3n",12,3,"F3_Direct",4,"n","NL22",0.190888634030884
"best_fit_3n",12,3,"F3_Direct",4,"n","NL23",0.0388300002848517
"best_fit_3n",12,3,"F3_Direct",4,"n","NL32",0.203166258939415
"best_fit_3n",12,3,"F3_Direct",4,"n","NL34",0.0508279725099018
"best_fit_3n",12,3,"F3_Direct",4,"n","NL41",0.185314353181325
"best_fit_3n",12,3,"F3_Direct",4,"n","NL42",0.107871577037324
"best_fit_3n",12,3,"F3_Direct",4,"n","NO02",0.0857453749144642
"best_fit_3n",12,3,"F3_Direct",4,"n","NO06",0.125751113008484
"best_fit_3n",12,3,"F3_Direct",4,"n","NO07",0.0946763616901213
"best_fit_3n",12,3,"F3_Direct",4,"n","NO08",0.305348279525535
"best_fit_3n",12,3,"F3_Direct",4,"n","NO09",0.188910841015516
"best_fit_3n",12,3,"F3_Direct",4,"n","NO0A",0.263575055040248
"best_fit_3n",12,3,"F3_Direct",4,"n","PL21",0.0956909289829171
"best_fit_3n",12,3,"F3_Direct",4,"n","PL22",0.113341549557518
"best_fit_3n",12,3,"F3_Direct",4,"n","PL41",0.0921853181338869
"best_fit_3n",12,3,"F3_Direct",4,"n","PL42",0.0337204572117255
"best_fit_3n",12,3,"F3_Direct",4,"n","PL43",0.0246882924155442
"best_fit_3n",12,3,"F3_Direct",4,"n","PL51",0.0736800820576053
"best_fit_3n",12,3,"F3_Direct",4,"n","PL52",0.0376583188213564
"best_fit_3n",12,3,"F3_Direct",4,"n","PL61",0.0421548408867482
"best_fit_3n",12,3,"F3_Direct",4,"n","PL62",0.0259717408339727
"best_fit_3n",12,3,"F3_Direct",4,"n","PL63",0.0729074890954063
"best_fit_3n",12,3,"F3_Direct",4,"n","PL71",0.112625733385267
"best_fit_3n",12,3,"F3_Direct",4,"n","PL72",0.0384180792333809
"best_fit_3n",12,3,"F3_Direct",4,"n","PL81",0.0418811170123813
"best_fit_3n",12,3,"F3_Direct",4,"n","PL84",0.0294695575376606
"best_fit_3n",12,3,"F3_Direct",4,"n","PL91",0.0989603464924666
"best_fit_3n",12,3,"F3_Direct",4,"n","PL92",0.070512376414212
"best_fit_3n",12,3,"F3_Direct",4,"n","PT11",0.231328481774921
"best_fit_3n",12,3,"F3_Direct",4,"n","PT15",0.0446081265127038
"best_fit_3n",12,3,"F3_Direct",4,"n","SE11",0.190390725713442
"best_fit_3n",12,3,"F3_Direct",4,"n","SE12",0.157597125793044
"best_fit_3n",12,3,"F3_Direct",4,"n","SE21",0.0888785411320919
"best_fit_3n",12,3,"F3_Direct",4,"n","SE22",0.153274007961121
"best_fit_3n",12,3,"F3_Direct",4,"n","SE23",0.209417378014967
"best_fit_3n",12,3,"F3_Direct",4,"n","SE31",0.0946680835011219
"best_fit_3n",12,3,"F3_Direct",4,"n","SE32",0.0463005036423917
"best_fit_3n",12,3,"F3_Direct",4,"n","SE33",0.0963177318760244
"best_fit_3n",12,3,"F3_Direct",4,"n","SI031",0.0632919189632716
"best_fit_3n",12,3,"F3_Direct",4,"n","SI032",0.134601712539183
"best_fit_3n",12,3,"F3_Direct",4,"n","SI033",0.0247862391639415
"best_fit_3n",12,3,"F3_Direct",4,"n","SI034",0.156859135296205
"best_fit_3n",12,3,"F3_Direct",4,"n","SI035",0.0264132889356115
"best_fit_3n",12,3,"F3_Direct",4,"n","SI036",0.0619336107075586
"best_fit_3n",12,3,"F3_Direct",4,"n","SI037",0.0851907088540665
"best_fit_3n",12,3,"F3_Direct",4,"n","SI038",0.0268654425328735
"best_fit_3n",12,3,"F3_Direct",4,"n","SI041",0.185004586410275
"best_fit_3n",12,3,"F3_Direct",4,"n","SI042",0.0905770275003527
"best_fit_3n",12,3,"F3_Direct",4,"n","SI043",0.0773460739103343
"best_fit_3n",12,3,"F3_Direct",4,"n","SI044",0.0632715088594659
"best_fit_4a",13,4,"F4_Direct",1,"a","AT11",0.211624465845532
"best_fit_4a",13,4,"F4_Direct",1,"a","AT12",0.509262545910062
"best_fit_4a",13,4,"F4_Direct",1,"a","AT13",0.373181821084265
"best_fit_4a",13,4,"F4_Direct",1,"a","AT21",0.314524032733565
"best_fit_4a",13,4,"F4_Direct",1,"a","AT22",0.533553406659846
"best_fit_4a",13,4,"F4_Direct",1,"a","AT31",0.526752331596693
"best_fit_4a",13,4,"F4_Direct",1,"a","AT32",0.257584734917525
"best_fit_4a",13,4,"F4_Direct",1,"a","AT33",0.391649307832274
"best_fit_4a",13,4,"F4_Direct",1,"a","AT34",0.248021221602716
"best_fit_4a",13,4,"F4_Direct",1,"a","BE10",0.238216214680204
"best_fit_4a",13,4,"F4_Direct",1,"a","BE21",0.499990024537673
"best_fit_4a",13,4,"F4_Direct",1,"a","BE22",0.407340447424261
"best_fit_4a",13,4,"F4_Direct",1,"a","BE23",0.432230617113505
"best_fit_4a",13,4,"F4_Direct",1,"a","BE24",0.340876343609174
"best_fit_4a",13,4,"F4_Direct",1,"a","BE25",0.384316538477263
"best_fit_4a",13,4,"F4_Direct",1,"a","BE31",0.113943723751494
"best_fit_4a",13,4,"F4_Direct",1,"a","BE32",0.349269776924592
"best_fit_4a",13,4,"F4_Direct",1,"a","BE33",0.257000281472753
"best_fit_4a",13,4,"F4_Direct",1,"a","BE34",0.077186100676167
"best_fit_4a",13,4,"F4_Direct",1,"a","BE35",0.120392526840381
"best_fit_4a",13,4,"F4_Direct",1,"a","BG311",0.0689856206753039
"best_fit_4a",13,4,"F4_Direct",1,"a","BG312",0.118499288335065
"best_fit_4a",13,4,"F4_Direct",1,"a","BG313",0.202721325771704
"best_fit_4a",13,4,"F4_Direct",1,"a","BG314",0.251022601258133
"best_fit_4a",13,4,"F4_Direct",1,"a","BG315",0.358029933421745
"best_fit_4a",13,4,"F4_Direct",1,"a","BG321",0.307224955915035
"best_fit_4a",13,4,"F4_Direct",1,"a","BG322",0.144978902617452
"best_fit_4a",13,4,"F4_Direct",1,"a","BG323",0.153059553441305
"best_fit_4a",13,4,"F4_Direct",1,"a","BG324",0.203442637021644
"best_fit_4a",13,4,"F4_Direct",1,"a","BG325",0.0852000164463132
"best_fit_4a",13,4,"F4_Direct",1,"a","BG331",0.187049909183717
"best_fit_4a",13,4,"F4_Direct",1,"a","BG332",0.0656907739150179
"best_fit_4a",13,4,"F4_Direct",1,"a","BG333",0.138492695248431
"best_fit_4a",13,4,"F4_Direct",1,"a","BG334",0.0864706639548818
"best_fit_4a",13,4,"F4_Direct",1,"a","BG341",0.1813383419668
"best_fit_4a",13,4,"F4_Direct",1,"a","BG342",0.115400308372398
"best_fit_4a",13,4,"F4_Direct",1,"a","BG343",0.149512491015549
"best_fit_4a",13,4,"F4_Direct",1,"a","BG344",0.393585743422431
"best_fit_4a",13,4,"F4_Direct",1,"a","BG411",0.385580988816809
"best_fit_4a",13,4,"F4_Direct",1,"a","BG412",0.400423293729474
"best_fit_4a",13,4,"F4_Direct",1,"a","BG413",0.41140596001917
"best_fit_4a",13,4,"F4_Direct",1,"a","BG414",0.113571168882331
"best_fit_4a",13,4,"F4_Direct",1,"a","BG415",0.157948960474157
"best_fit_4a",13,4,"F4_Direct",1,"a","BG421",0.389785904644616
"best_fit_4a",13,4,"F4_Direct",1,"a","BG422",0.127059987502985
"best_fit_4a",13,4,"F4_Direct",1,"a","BG423",0.162540962551912
"best_fit_4a",13,4,"F4_Direct",1,"a","BG424",0.0938969908097428
"best_fit_4a",13,4,"F4_Direct",1,"a","BG425",0.156713139634746
"best_fit_4a",13,4,"F4_Direct",1,"a","CH01",0.330735312741132
"best_fit_4a",13,4,"F4_Direct",1,"a","CH02",0.450989542662809
"best_fit_4a",13,4,"F4_Direct",1,"a","CH03",0.265404180490087
"best_fit_4a",13,4,"F4_Direct",1,"a","CH04",0.303497616763467
"best_fit_4a",13,4,"F4_Direct",1,"a","CH05",0.283293051460622
"best_fit_4a",13,4,"F4_Direct",1,"a","CH06",0.243531641085921
"best_fit_4a",13,4,"F4_Direct",1,"a","CH07",0.0868387477461675
"best_fit_4a",13,4,"F4_Direct",1,"a","DE1",0.49704197592126
"best_fit_4a",13,4,"F4_Direct",1,"a","DE2",0.569600488688116
"best_fit_4a",13,4,"F4_Direct",1,"a","DE3",0.178706436052885
"best_fit_4a",13,4,"F4_Direct",1,"a","DE4",0.226244123543442
"best_fit_4a",13,4,"F4_Direct",1,"a","DE6",0.0830050232995549
"best_fit_4a",13,4,"F4_Direct",1,"a","DE7",0.349331433839181
"best_fit_4a",13,4,"F4_Direct",1,"a","DE8",0.113874228641158
"best_fit_4a",13,4,"F4_Direct",1,"a","DE9",0.386704374022435
"best_fit_4a",13,4,"F4_Direct",1,"a","DEA",0.6559028525219
"best_fit_4a",13,4,"F4_Direct",1,"a","DEB",0.237278003953227
"best_fit_4a",13,4,"F4_Direct",1,"a","DEC",0.0815237689992441
"best_fit_4a",13,4,"F4_Direct",1,"a","DED",0.296457514415009
"best_fit_4a",13,4,"F4_Direct",1,"a","DEE",0.179561691054638
"best_fit_4a",13,4,"F4_Direct",1,"a","DEF",0.24194901437734
"best_fit_4a",13,4,"F4_Direct",1,"a","DEG",0.147416073930835
"best_fit_4a",13,4,"F4_Direct",1,"a","EL30",0.604098843544722
"best_fit_4a",13,4,"F4_Direct",1,"a","EL41",0.207948539138428
"best_fit_4a",13,4,"F4_Direct",1,"a","EL42",0.255375610620962
"best_fit_4a",13,4,"F4_Direct",1,"a","EL43",0.338546766676295
"best_fit_4a",13,4,"F4_Direct",1,"a","EL51",0.285476326776753
"best_fit_4a",13,4,"F4_Direct",1,"a","EL52",0.552419214052538
"best_fit_4a",13,4,"F4_Direct",1,"a","EL53",0.150017452506269
"best_fit_4a",13,4,"F4_Direct",1,"a","EL54",0.135370897559264
"best_fit_4a",13,4,"F4_Direct",1,"a","EL61",0.351916114642948
"best_fit_4a",13,4,"F4_Direct",1,"a","EL62",0.109635639158097
"best_fit_4a",13,4,"F4_Direct",1,"a","EL63",0.353519172728671
"best_fit_4a",13,4,"F4_Direct",1,"a","EL64",0.303822317023924
"best_fit_4a",13,4,"F4_Direct",1,"a","EL65",0.260691380810921
"best_fit_4a",13,4,"F4_Direct",1,"a","ES11",0.356320656476145
"best_fit_4a",13,4,"F4_Direct",1,"a","ES12",0.0633090516498319
"best_fit_4a",13,4,"F4_Direct",1,"a","ES13",0.0946881904237741
"best_fit_4a",13,4,"F4_Direct",1,"a","ES21",0.203024850282066
"best_fit_4a",13,4,"F4_Direct",1,"a","ES22",0.149590035568541
"best_fit_4a",13,4,"F4_Direct",1,"a","ES23",0.0203078087156173
"best_fit_4a",13,4,"F4_Direct",1,"a","ES24",0.142798606986329
"best_fit_4a",13,4,"F4_Direct",1,"a","ES30",0.492161661562001
"best_fit_4a",13,4,"F4_Direct",1,"a","ES41",0.281589817219404
"best_fit_4a",13,4,"F4_Direct",1,"a","ES42",0.225975887663002
"best_fit_4a",13,4,"F4_Direct",1,"a","ES43",0.213879265273893
"best_fit_4a",13,4,"F4_Direct",1,"a","ES51",0.472169959219534
"best_fit_4a",13,4,"F4_Direct",1,"a","ES52",0.359377108500733
"best_fit_4a",13,4,"F4_Direct",1,"a","ES53",0.0215593061346553
"best_fit_4a",13,4,"F4_Direct",1,"a","ES61",0.558877709098817
"best_fit_4a",13,4,"F4_Direct",1,"a","ES62",0.141773758917593
"best_fit_4a",13,4,"F4_Direct",1,"a","ES70",0.13225261794577
"best_fit_4a",13,4,"F4_Direct",1,"a","FI193",0.19755116653629
"best_fit_4a",13,4,"F4_Direct",1,"a","FI194",0.135128413654421
"best_fit_4a",13,4,"F4_Direct",1,"a","FI195",0.123128105610404
"best_fit_4a",13,4,"F4_Direct",1,"a","FI196",0.178818415640071
"best_fit_4a",13,4,"F4_Direct",1,"a","FI197",0.375700448662018
"best_fit_4a",13,4,"F4_Direct",1,"a","FI1B1",0.575314971213833
"best_fit_4a",13,4,"F4_Direct",1,"a","FI1C1",0.313067696623652
"best_fit_4a",13,4,"F4_Direct",1,"a","FI1C2",0.126581755221073
"best_fit_4a",13,4,"F4_Direct",1,"a","FI1C3",0.169793579011869
"best_fit_4a",13,4,"F4_Direct",1,"a","FI1C4",0.194565340554484
"best_fit_4a",13,4,"F4_Direct",1,"a","FI1C5",0.092610733435313
"best_fit_4a",13,4,"F4_Direct",1,"a","FI1D1",0.100658668903923
"best_fit_4a",13,4,"F4_Direct",1,"a","FI1D2",0.201922345954167
"best_fit_4a",13,4,"F4_Direct",1,"a","FI1D3",0.136445624591658
"best_fit_4a",13,4,"F4_Direct",1,"a","FI1D5",0.0370077834348794
"best_fit_4a",13,4,"F4_Direct",1,"a","FI1D7",0.135969936720405
"best_fit_4a",13,4,"F4_Direct",1,"a","FI1D8",0.103799429050687
"best_fit_4a",13,4,"F4_Direct",1,"a","FI1D9",0.207978126869616
"best_fit_4a",13,4,"F4_Direct",1,"a","FR10",0.438506219305748
"best_fit_4a",13,4,"F4_Direct",1,"a","FRB0",0.212799932440531
"best_fit_4a",13,4,"F4_Direct",1,"a","FRC1",0.132849418757944
"best_fit_4a",13,4,"F4_Direct",1,"a","FRC2",0.0907420898223219
"best_fit_4a",13,4,"F4_Direct",1,"a","FRD1",0.0680899683140646
"best_fit_4a",13,4,"F4_Direct",1,"a","FRD2",0.183375804824253
"best_fit_4a",13,4,"F4_Direct",1,"a","FRE1",0.260527904525628
"best_fit_4a",13,4,"F4_Direct",1,"a","FRE2",0.151206527380744
"best_fit_4a",13,4,"F4_Direct",1,"a","FRF1",0.138038360947026
"best_fit_4a",13,4,"F4_Direct",1,"a","FRF2",0.0825051534554032
"best_fit_4a",13,4,"F4_Direct",1,"a","FRF3",0.185933481153436
"best_fit_4a",13,4,"F4_Direct",1,"a","FRG0",0.293590566931694
"best_fit_4a",13,4,"F4_Direct",1,"a","FRH0",0.240631161344685
"best_fit_4a",13,4,"F4_Direct",1,"a","FRI1",0.245192107309144
"best_fit_4a",13,4,"F4_Direct",1,"a","FRI2",0.0536391945554032
"best_fit_4a",13,4,"F4_Direct",1,"a","FRI3",0.154049489595466
"best_fit_4a",13,4,"F4_Direct",1,"a","FRJ1",0.141542025598899
"best_fit_4a",13,4,"F4_Direct",1,"a","FRJ2",0.214024021603958
"best_fit_4a",13,4,"F4_Direct",1,"a","FRK1",0.113289815731294
"best_fit_4a",13,4,"F4_Direct",1,"a","FRK2",0.38801839530562
"best_fit_4a",13,4,"F4_Direct",1,"a","FRL0",0.243269577270849
"best_fit_4a",13,4,"F4_Direct",1,"a","HR031",0.273956146348541
"best_fit_4a",13,4,"F4_Direct",1,"a","HR032",0.0886694601149576
"best_fit_4a",13,4,"F4_Direct",1,"a","HR033",0.144968511761682
"best_fit_4a",13,4,"F4_Direct",1,"a","HR034",0.0878996543549994
"best_fit_4a",13,4,"F4_Direct",1,"a","HR035",0.37164613726918
"best_fit_4a",13,4,"F4_Direct",1,"a","HR036",0.149556051919506
"best_fit_4a",13,4,"F4_Direct",1,"a","HR037",0.127419362406765
"best_fit_4a",13,4,"F4_Direct",1,"a","HU110",0.305972495038371
"best_fit_4a",13,4,"F4_Direct",1,"a","HU120",0.333307118380956
"best_fit_4a",13,4,"F4_Direct",1,"a","HU211",0.202034826263624
"best_fit_4a",13,4,"F4_Direct",1,"a","HU212",0.17885583347884
"best_fit_4a",13,4,"F4_Direct",1,"a","HU213",0.332542785383035
"best_fit_4a",13,4,"F4_Direct",1,"a","HU221",0.134247307444351
"best_fit_4a",13,4,"F4_Direct",1,"a","HU222",0.141572770238549
"best_fit_4a",13,4,"F4_Direct",1,"a","HU223",0.127548087485261
"best_fit_4a",13,4,"F4_Direct",1,"a","HU231",0.138948351987418
"best_fit_4a",13,4,"F4_Direct",1,"a","HU232",0.114077283749411
"best_fit_4a",13,4,"F4_Direct",1,"a","HU233",0.037453713584062
"best_fit_4a",13,4,"F4_Direct",1,"a","HU311",0.336215676410712
"best_fit_4a",13,4,"F4_Direct",1,"a","HU312",0.157878435606324
"best_fit_4a",13,4,"F4_Direct",1,"a","HU313",0.0188060431149868
"best_fit_4a",13,4,"F4_Direct",1,"a","HU321",0.264375066655826
"best_fit_4a",13,4,"F4_Direct",1,"a","HU322",0.0886871967891173
"best_fit_4a",13,4,"F4_Direct",1,"a","HU323",0.451652766139834
"best_fit_4a",13,4,"F4_Direct",1,"a","HU331",0.148193904546943
"best_fit_4a",13,4,"F4_Direct",1,"a","HU332",0.0512375182573801
"best_fit_4a",13,4,"F4_Direct",1,"a","HU333",0.126593358341492
"best_fit_4a",13,4,"F4_Direct",1,"a","IE041",0.304831943911598
"best_fit_4a",13,4,"F4_Direct",1,"a","IE042",0.287644923139038
"best_fit_4a",13,4,"F4_Direct",1,"a","IE051",0.317074062089903
"best_fit_4a",13,4,"F4_Direct",1,"a","IE052",0.252229802978126
"best_fit_4a",13,4,"F4_Direct",1,"a","IE053",0.331641934674833
"best_fit_4a",13,4,"F4_Direct",1,"a","IE061",0.541249721990983
"best_fit_4a",13,4,"F4_Direct",1,"a","IE062",0.30181213076215
"best_fit_4a",13,4,"F4_Direct",1,"a","IE063",0.279317602986444
"best_fit_4a",13,4,"F4_Direct",1,"a","ITC",0.712304304076214
"best_fit_4a",13,4,"F4_Direct",1,"a","ITF",0.607588812591408
"best_fit_4a",13,4,"F4_Direct",1,"a","ITG",0.457088384790362
"best_fit_4a",13,4,"F4_Direct",1,"a","ITH",0.591079644108848
"best_fit_4a",13,4,"F4_Direct",1,"a","ITI",0.571465641328555
"best_fit_4a",13,4,"F4_Direct",1,"a","NL11",0.121927473591641
"best_fit_4a",13,4,"F4_Direct",1,"a","NL12",0.189927989976986
"best_fit_4a",13,4,"F4_Direct",1,"a","NL13",0.147963288514041
"best_fit_4a",13,4,"F4_Direct",1,"a","NL21",0.294263833903864
"best_fit_4a",13,4,"F4_Direct",1,"a","NL22",0.403066656554868
"best_fit_4a",13,4,"F4_Direct",1,"a","NL23",0.110742758586332
"best_fit_4a",13,4,"F4_Direct",1,"a","NL32",0.434427691411829
"best_fit_4a",13,4,"F4_Direct",1,"a","NL34",0.128287073251397
"best_fit_4a",13,4,"F4_Direct",1,"a","NL41",0.396139120686682
"best_fit_4a",13,4,"F4_Direct",1,"a","NL42",0.252720072708412
"best_fit_4a",13,4,"F4_Direct",1,"a","NO02",0.221068683696335
"best_fit_4a",13,4,"F4_Direct",1,"a","NO06",0.309571770188567
"best_fit_4a",13,4,"F4_Direct",1,"a","NO07",0.250089137115184
"best_fit_4a",13,4,"F4_Direct",1,"a","NO08",0.581792325191102
"best_fit_4a",13,4,"F4_Direct",1,"a","NO09",0.411737661451549
"best_fit_4a",13,4,"F4_Direct",1,"a","NO0A",0.522877667218128
"best_fit_4a",13,4,"F4_Direct",1,"a","PL21",0.2113027136047
"best_fit_4a",13,4,"F4_Direct",1,"a","PL22",0.290131085263778
"best_fit_4a",13,4,"F4_Direct",1,"a","PL41",0.215580943407172
"best_fit_4a",13,4,"F4_Direct",1,"a","PL42",0.100648954797904
"best_fit_4a",13,4,"F4_Direct",1,"a","PL43",0.0932909135023426
"best_fit_4a",13,4,"F4_Direct",1,"a","PL51",0.190973212841662
"best_fit_4a",13,4,"F4_Direct",1,"a","PL52",0.109701740439677
"best_fit_4a",13,4,"F4_Direct",1,"a","PL61",0.124212948903406
"best_fit_4a",13,4,"F4_Direct",1,"a","PL62",0.0696501034899137
"best_fit_4a",13,4,"F4_Direct",1,"a","PL63",0.19269278688814
"best_fit_4a",13,4,"F4_Direct",1,"a","PL71",0.244957429092861
"best_fit_4a",13,4,"F4_Direct",1,"a","PL72",0.135749906869605
"best_fit_4a",13,4,"F4_Direct",1,"a","PL81",0.132569759618063
"best_fit_4a",13,4,"F4_Direct",1,"a","PL84",0.0975832640607245
"best_fit_4a",13,4,"F4_Direct",1,"a","PL91",0.246907274108613
"best_fit_4a",13,4,"F4_Direct",1,"a","PL92",0.162794766789219
"best_fit_4a",13,4,"F4_Direct",1,"a","PT11",0.506321861635492
"best_fit_4a",13,4,"F4_Direct",1,"a","PT15",0.116998065631159
"best_fit_4a",13,4,"F4_Direct",1,"a","SE11",0.433056635307696
"best_fit_4a",13,4,"F4_Direct",1,"a","SE12",0.36487654951096
"best_fit_4a",13,4,"F4_Direct",1,"a","SE21",0.226278930419025
"best_fit_4a",13,4,"F4_Direct",1,"a","SE22",0.368438501454788
"best_fit_4a",13,4,"F4_Direct",1,"a","SE23",0.440469531549684
"best_fit_4a",13,4,"F4_Direct",1,"a","SE31",0.245945707054417
"best_fit_4a",13,4,"F4_Direct",1,"a","SE32",0.123299385544108
"best_fit_4a",13,4,"F4_Direct",1,"a","SE33",0.25604405971461
"best_fit_4a",13,4,"F4_Direct",1,"a","SI031",0.14591405473613
"best_fit_4a",13,4,"F4_Direct",1,"a","SI032",0.305564449508815
"best_fit_4a",13,4,"F4_Direct",1,"a","SI033",0.0871567715843412
"best_fit_4a",13,4,"F4_Direct",1,"a","SI034",0.328665587022549
"best_fit_4a",13,4,"F4_Direct",1,"a","SI035",0.077269586814645
"best_fit_4a",13,4,"F4_Direct",1,"a","SI036",0.142598386356634
"best_fit_4a",13,4,"F4_Direct",1,"a","SI037",0.202371039906441
"best_fit_4a",13,4,"F4_Direct",1,"a","SI038",0.0751537025757978
"best_fit_4a",13,4,"F4_Direct",1,"a","SI041",0.445047852421747
"best_fit_4a",13,4,"F4_Direct",1,"a","SI042",0.232622549049871
"best_fit_4a",13,4,"F4_Direct",1,"a","SI043",0.193586995552745
"best_fit_4a",13,4,"F4_Direct",1,"a","SI044",0.164163464543408
"best_fit_4b",14,4,"F4_Direct",2,"b","AT11",0.812000224521566
"best_fit_4b",14,4,"F4_Direct",2,"b","AT12",0.943495722986903
"best_fit_4b",14,4,"F4_Direct",2,"b","AT13",0.905477995624716
"best_fit_4b",14,4,"F4_Direct",2,"b","AT21",0.880709708604393
"best_fit_4b",14,4,"F4_Direct",2,"b","AT22",0.948467591331144
"best_fit_4b",14,4,"F4_Direct",2,"b","AT31",0.947116598433238
"best_fit_4b",14,4,"F4_Direct",2,"b","AT32",0.848085174196308
"best_fit_4b",14,4,"F4_Direct",2,"b","AT33",0.911962529544413
"best_fit_4b",14,4,"F4_Direct",2,"b","AT34",0.84144608981911
"best_fit_4b",14,4,"F4_Direct",2,"b","BE10",0.834206374952465
"best_fit_4b",14,4,"F4_Direct",2,"b","BE21",0.941485324378474
"best_fit_4b",14,4,"F4_Direct",2,"b","BE22",0.9170748170162
"best_fit_4b",14,4,"F4_Direct",2,"b","BE23",0.924524052346831
"best_fit_4b",14,4,"F4_Direct",2,"b","BE24",0.892719899896364
"best_fit_4b",14,4,"F4_Direct",2,"b","BE25",0.909451383404361
"best_fit_4b",14,4,"F4_Direct",2,"b","BE31",0.674178512387412
"best_fit_4b",14,4,"F4_Direct",2,"b","BE32",0.896225385190606
"best_fit_4b",14,4,"F4_Direct",2,"b","BE33",0.847690710522978
"best_fit_4b",14,4,"F4_Direct",2,"b","BE34",0.573712129530758
"best_fit_4b",14,4,"F4_Direct",2,"b","BE35",0.687724558055817
"best_fit_4b",14,4,"F4_Direct",2,"b","BG311",0.543848181138581
"best_fit_4b",14,4,"F4_Direct",2,"b","BG312",0.683845764466676
"best_fit_4b",14,4,"F4_Direct",2,"b","BG313",0.803584346561211
"best_fit_4b",14,4,"F4_Direct",2,"b","BG314",0.84357276926246
"best_fit_4b",14,4,"F4_Direct",2,"b","BG315",0.899736118452783
"best_fit_4b",14,4,"F4_Direct",2,"b","BG321",0.877083396331187
"best_fit_4b",14,4,"F4_Direct",2,"b","BG322",0.731782115849806
"best_fit_4b",14,4,"F4_Direct",2,"b","BG323",0.744105538316389
"best_fit_4b",14,4,"F4_Direct",2,"b","BG324",0.804286864880762
"best_fit_4b",14,4,"F4_Direct",2,"b","BG325",0.599772494170172
"best_fit_4b",14,4,"F4_Direct",2,"b","BG331",0.78733352042068
"best_fit_4b",14,4,"F4_Direct",2,"b","BG332",0.530803963923903
"best_fit_4b",14,4,"F4_Direct",2,"b","BG333",0.721186590225334
"best_fit_4b",14,4,"F4_Direct",2,"b","BG334",0.603653324687762
"best_fit_4b",14,4,"F4_Direct",2,"b","BG341",0.780899301344101
"best_fit_4b",14,4,"F4_Direct",2,"b","BG342",0.677322222496843
"best_fit_4b",14,4,"F4_Direct",2,"b","BG343",0.7388097334308
"best_fit_4b",14,4,"F4_Direct",2,"b","BG344",0.912612305395322
"best_fit_4b",14,4,"F4_Direct",2,"b","BG411",0.909890216619599
"best_fit_4b",14,4,"F4_Direct",2,"b","BG412",0.914863527760301
"best_fit_4b",14,4,"F4_Direct",2,"b","BG413",0.91834460601758
"best_fit_4b",14,4,"F4_Direct",2,"b","BG414",0.673366258282523
"best_fit_4b",14,4,"F4_Direct",2,"b","BG415",0.751130808140316
"best_fit_4b",14,4,"F4_Direct",2,"b","BG421",0.911332050150457
"best_fit_4b",14,4,"F4_Direct",2,"b","BG422",0.700779714999002
"best_fit_4b",14,4,"F4_Direct",2,"b","BG423",0.757455349058443
"best_fit_4b",14,4,"F4_Direct",2,"b","BG424",0.62510330520221
"best_fit_4b",14,4,"F4_Direct",2,"b","BG425",0.74938423259465
"best_fit_4b",14,4,"F4_Direct",2,"b","CH01",0.888286805087164
"best_fit_4b",14,4,"F4_Direct",2,"b","CH02",0.92966454046329
"best_fit_4b",14,4,"F4_Direct",2,"b","CH03",0.853229009819382
"best_fit_4b",14,4,"F4_Direct",2,"b","CH04",0.875176366334656
"best_fit_4b",14,4,"F4_Direct",2,"b","CH05",0.8641313198255
"best_fit_4b",14,4,"F4_Direct",2,"b","CH06",0.838187999045076
"best_fit_4b",14,4,"F4_Direct",2,"b","CH07",0.604765499025496
"best_fit_4b",14,4,"F4_Direct",2,"b","DE1",0.940832284175118
"best_fit_4b",14,4,"F4_Direct",2,"b","DE2",0.955145613613432
"best_fit_4b",14,4,"F4_Direct",2,"b","DE3",0.777833414838531
"best_fit_4b",14,4,"F4_Direct",2,"b","DE4",0.824708438751681
"best_fit_4b",14,4,"F4_Direct",2,"b","DE6",0.592912867929769
"best_fit_4b",14,4,"F4_Direct",2,"b","DE7",0.896250612082091
"best_fit_4b",14,4,"F4_Direct",2,"b","DE8",0.674027252186514
"best_fit_4b",14,4,"F4_Direct",2,"b","DE9",0.910278037315034
"best_fit_4b",14,4,"F4_Direct",2,"b","DEA",0.968425133512738
"best_fit_4b",14,4,"F4_Direct",2,"b","DEB",0.833489111095346
"best_fit_4b",14,4,"F4_Direct",2,"b","DEC",0.588168617117156
"best_fit_4b",14,4,"F4_Direct",2,"b","DED",0.871467493728169
"best_fit_4b",14,4,"F4_Direct",2,"b","DEE",0.778836894957927
"best_fit_4b",14,4,"F4_Direct",2,"b","DEF",0.837016859084055
"best_fit_4b",14,4,"F4_Direct",2,"b","DEG",0.735597094602535
"best_fit_4b",14,4,"F4_Direct",2,"b","EL30",0.960864158375982
"best_fit_4b",14,4,"F4_Direct",2,"b","EL41",0.808591715486146
"best_fit_4b",14,4,"F4_Direct",2,"b","EL42",0.846586644292616
"best_fit_4b",14,4,"F4_Direct",2,"b","EL43",0.891721189100634
"best_fit_4b",14,4,"F4_Direct",2,"b","EL51",0.865385979677427
"best_fit_4b",14,4,"F4_Direct",2,"b","EL52",0.952059698778903
"best_fit_4b",14,4,"F4_Direct",2,"b","EL53",0.739574250707737
"best_fit_4b",14,4,"F4_Direct",2,"b","EL54",0.715843991894663
"best_fit_4b",14,4,"F4_Direct",2,"b","EL61",0.897301440586991
"best_fit_4b",14,4,"F4_Direct",2,"b","EL62",0.6645757675883
"best_fit_4b",14,4,"F4_Direct",2,"b","EL63",0.897946678627974
"best_fit_4b",14,4,"F4_Direct",2,"b","EL64",0.875344021118239
"best_fit_4b",14,4,"F4_Direct",2,"b","EL65",0.850158264063924
"best_fit_4b",14,4,"F4_Direct",2,"b","ES11",0.899062535525461
"best_fit_4b",14,4,"F4_Direct",2,"b","ES12",0.52096170455828
"best_fit_4b",14,4,"F4_Direct",2,"b","ES13",0.627271908567854
"best_fit_4b",14,4,"F4_Direct",2,"b","ES21",0.803880421718349
"best_fit_4b",14,4,"F4_Direct",2,"b","ES22",0.738927369209908
"best_fit_4b",14,4,"F4_Direct",2,"b","ES23",0.250112593580341
"best_fit_4b",14,4,"F4_Direct",2,"b","ES24",0.728293854945341
"best_fit_4b",14,4,"F4_Direct",2,"b","ES30",0.939736061016933
"best_fit_4b",14,4,"F4_Direct",2,"b","ES41",0.86314158872383
"best_fit_4b",14,4,"F4_Direct",2,"b","ES42",0.824486723542894
"best_fit_4b",14,4,"F4_Direct",2,"b","ES43",0.814046729288467
"best_fit_4b",14,4,"F4_Direct",2,"b","ES51",0.935038063903735
"best_fit_4b",14,4,"F4_Direct",2,"b","ES52",0.90026319399028
"best_fit_4b",14,4,"F4_Direct",2,"b","ES53",0.261742489311181
"best_fit_4b",14,4,"F4_Direct",2,"b","ES61",0.953239600793783
"best_fit_4b",14,4,"F4_Direct",2,"b","ES62",0.726628936693299
"best_fit_4b",14,4,"F4_Direct",2,"b","ES70",0.710339669785827
"best_fit_4b",14,4,"F4_Direct",2,"b","FI193",0.798436440433978
"best_fit_4b",14,4,"F4_Direct",2,"b","FI194",0.715422076307827
"best_fit_4b",14,4,"F4_Direct",2,"b","FI195",0.693192130827589
"best_fit_4b",14,4,"F4_Direct",2,"b","FI196",0.777965200181248
"best_fit_4b",14,4,"F4_Direct",2,"b","FI197",0.906394280960915
"best_fit_4b",14,4,"F4_Direct",2,"b","FI1B1",0.956135359631459
"best_fit_4b",14,4,"F4_Direct",2,"b","FI1C1",0.879997318996564
"best_fit_4b",14,4,"F4_Direct",2,"b","FI1C2",0.699873369305148
"best_fit_4b",14,4,"F4_Direct",2,"b","FI1C3",0.766943131961828
"best_fit_4b",14,4,"F4_Direct",2,"b","FI1C4",0.795370503870309
"best_fit_4b",14,4,"F4_Direct",2,"b","FI1C5",0.621531696484456
"best_fit_4b",14,4,"F4_Direct",2,"b","FI1D1",0.642973548012552
"best_fit_4b",14,4,"F4_Direct",2,"b","FI1D2",0.80280177205347
"best_fit_4b",14,4,"F4_Direct",2,"b","FI1D3",0.717701837463365
"best_fit_4b",14,4,"F4_Direct",2,"b","FI1D5",0.382087788105351
"best_fit_4b",14,4,"F4_Direct",2,"b","FI1D7",0.716881967074825
"best_fit_4b",14,4,"F4_Direct",2,"b","FI1D8",0.650790853588397
"best_fit_4b",14,4,"F4_Direct",2,"b","FI1D9",0.808619515534548
"best_fit_4b",14,4,"F4_Direct",2,"b","FR10",0.926286277859033
"best_fit_4b",14,4,"F4_Direct",2,"b","FRB0",0.81307122975306
"best_fit_4b",14,4,"F4_Direct",2,"b","FRC1",0.71140647042466
"best_fit_4b",14,4,"F4_Direct",2,"b","FRC2",0.61623868860888
"best_fit_4b",14,4,"F4_Direct",2,"b","FRD1",0.540365633339462
"best_fit_4b",14,4,"F4_Direct",2,"b","FRD2",0.783228332877448
"best_fit_4b",14,4,"F4_Direct",2,"b","FRE1",0.850050157492828
"best_fit_4b",14,4,"F4_Direct",2,"b","FRE2",0.741360499793835
"best_fit_4b",14,4,"F4_Direct",2,"b","FRF1",0.720419200985271
"best_fit_4b",14,4,"F4_Direct",2,"b","FRF2",0.591322415727645
"best_fit_4b",14,4,"F4_Direct",2,"b","FRF3",0.786098752333973
"best_fit_4b",14,4,"F4_Direct",2,"b","FRG0",0.869915544966225
"best_fit_4b",14,4,"F4_Direct",2,"b","FRH0",0.836032434374943
"best_fit_4b",14,4,"F4_Direct",2,"b","FRI1",0.839403945712737
"best_fit_4b",14,4,"F4_Direct",2,"b","FRI2",0.476985578730393
"best_fit_4b",14,4,"F4_Direct",2,"b","FRI3",0.745553088098803
"best_fit_4b",14,4,"F4_Direct",2,"b","FRJ1",0.726250197638456
"best_fit_4b",14,4,"F4_Direct",2,"b","FRJ2",0.814176988497714
"best_fit_4b",14,4,"F4_Direct",2,"b","FRK1",0.672750610688484
"best_fit_4b",14,4,"F4_Direct",2,"b","FRK2",0.910729236452634
"best_fit_4b",14,4,"F4_Direct",2,"b","FRL0",0.837994899791464
"best_fit_4b",14,4,"F4_Direct",2,"b","HR031",0.858584009848718
"best_fit_4b",14,4,"F4_Direct",2,"b","HR032",0.610218540788683
"best_fit_4b",14,4,"F4_Direct",2,"b","HR033",0.731765662263862
"best_fit_4b",14,4,"F4_Direct",2,"b","HR034",0.607941342127771
"best_fit_4b",14,4,"F4_Direct",2,"b","HR035",0.904914136132922
"best_fit_4b",14,4,"F4_Direct",2,"b","HR036",0.738875826116301
"best_fit_4b",14,4,"F4_Direct",2,"b","HR037",0.701457856829062
"best_fit_4b",14,4,"F4_Direct",2,"b","HU110",0.876446856352382
"best_fit_4b",14,4,"F4_Direct",2,"b","HU120",0.889432352423325
"best_fit_4b",14,4,"F4_Direct",2,"b","HU211",0.802912224716552
"best_fit_4b",14,4,"F4_Direct",2,"b","HU212",0.778009209249463
"best_fit_4b",14,4,"F4_Direct",2,"b","HU213",0.889093442146796
"best_fit_4b",14,4,"F4_Direct",2,"b","HU221",0.713880384006298
"best_fit_4b",14,4,"F4_Direct",2,"b","HU222",0.726300494489033
"best_fit_4b",14,4,"F4_Direct",2,"b","HU223",0.701700149823868
"best_fit_4b",14,4,"F4_Direct",2,"b","HU231",0.721952800367539
"best_fit_4b",14,4,"F4_Direct",2,"b","HU232",0.674468886280983
"best_fit_4b",14,4,"F4_Direct",2,"b","HU233",0.385029294014768
"best_fit_4b",14,4,"F4_Direct",2,"b","HU311",0.890710257157684
"best_fit_4b",14,4,"F4_Direct",2,"b","HU312",0.751031654096785
"best_fit_4b",14,4,"F4_Direct",2,"b","HU313",0.235705360010306
"best_fit_4b",14,4,"F4_Direct",2,"b","HU321",0.852565934795169
"best_fit_4b",14,4,"F4_Direct",2,"b","HU322",0.610270741817393
"best_fit_4b",14,4,"F4_Direct",2,"b","HU323",0.929839467486336
"best_fit_4b",14,4,"F4_Direct",2,"b","HU331",0.736796404099584
"best_fit_4b",14,4,"F4_Direct",2,"b","HU332",0.464941282891051
"best_fit_4b",14,4,"F4_Direct",2,"b","HU333",0.699895412741539
"best_fit_4b",14,4,"F4_Direct",2,"b","IE041",0.875863454497382
"best_fit_4b",14,4,"F4_Direct",2,"b","IE042",0.866616879837901
"best_fit_4b",14,4,"F4_Direct",2,"b","IE051",0.881944058739664
"best_fit_4b",14,4,"F4_Direct",2,"b","IE052",0.844416849981882
"best_fit_4b",14,4,"F4_Direct",2,"b","IE053",0.888692327417679
"best_fit_4b",14,4,"F4_Direct",2,"b","IE061",0.949959935430803
"best_fit_4b",14,4,"F4_Direct",2,"b","IE062",0.874301334579708
"best_fit_4b",14,4,"F4_Direct",2,"b","IE063",0.861806040672154
"best_fit_4b",14,4,"F4_Direct",2,"b","ITC",0.975513044324428
"best_fit_4b",14,4,"F4_Direct",2,"b","ITF",0.961410052441032
"best_fit_4b",14,4,"F4_Direct",2,"b","ITG",0.931256419993687
"best_fit_4b",14,4,"F4_Direct",2,"b","ITH",0.958776576107469
"best_fit_4b",14,4,"F4_Direct",2,"b","ITI",0.955470607159941
"best_fit_4b",14,4,"F4_Direct",2,"b","NL11",0.690812012376921
"best_fit_4b",14,4,"F4_Direct",2,"b","NL12",0.790467043770115
"best_fit_4b",14,4,"F4_Direct",2,"b","NL13",0.736441733663808
"best_fit_4b",14,4,"F4_Direct",2,"b","NL21",0.870282218398002
"best_fit_4b",14,4,"F4_Direct",2,"b","NL22",0.915716258126339
"best_fit_4b",14,4,"F4_Direct",2,"b","NL23",0.667088169062901
"best_fit_4b",14,4,"F4_Direct",2,"b","NL32",0.925146029078052
"best_fit_4b",14,4,"F4_Direct",2,"b","NL34",0.703084903367657
"best_fit_4b",14,4,"F4_Direct",2,"b","NL41",0.913460778416884
"best_fit_4b",14,4,"F4_Direct",2,"b","NL42",0.844757824538848
"best_fit_4b",14,4,"F4_Direct",2,"b","NO02",0.82035752718777
"best_fit_4b",14,4,"F4_Direct",2,"b","NO06",0.878264698807626
"best_fit_4b",14,4,"F4_Direct",2,"b","NO07",0.842915670598349
"best_fit_4b",14,4,"F4_Direct",2,"b","NO08",0.957236129028307
"best_fit_4b",14,4,"F4_Direct",2,"b","NO09",0.918447253899361
"best_fit_4b",14,4,"F4_Direct",2,"b","NO0A",0.946332972376638
"best_fit_4b",14,4,"F4_Direct",2,"b","PL21",0.811705484454143
"best_fit_4b",14,4,"F4_Direct",2,"b","PL22",0.868009600634721
"best_fit_4b",14,4,"F4_Direct",2,"b","PL41",0.815569528387986
"best_fit_4b",14,4,"F4_Direct",2,"b","PL42",0.642948913391971
"best_fit_4b",14,4,"F4_Direct",2,"b","PL43",0.623427557193139
"best_fit_4b",14,4,"F4_Direct",2,"b","PL51",0.791587678780997
"best_fit_4b",14,4,"F4_Direct",2,"b","PL52",0.664726659557255
"best_fit_4b",14,4,"F4_Direct",2,"b","PL61",0.695316907403926
"best_fit_4b",14,4,"F4_Direct",2,"b","PL62",0.546402219785579
"best_fit_4b",14,4,"F4_Direct",2,"b","PL63",0.793411635287114
"best_fit_4b",14,4,"F4_Direct",2,"b","PL71",0.83923287995244
"best_fit_4b",14,4,"F4_Direct",2,"b","PL72",0.71650142927442
"best_fit_4b",14,4,"F4_Direct",2,"b","PL81",0.710907368052022
"best_fit_4b",14,4,"F4_Direct",2,"b","PL84",0.635028509299592
"best_fit_4b",14,4,"F4_Direct",2,"b","PL91",0.840646411039728
"best_fit_4b",14,4,"F4_Direct",2,"b","PL92",0.757797517328587
"best_fit_4b",14,4,"F4_Direct",2,"b","PT11",0.94286519634512
"best_fit_4b",14,4,"F4_Direct",2,"b","PT15",0.680713150209741
"best_fit_4b",14,4,"F4_Direct",2,"b","SE11",0.924758534541023
"best_fit_4b",14,4,"F4_Direct",2,"b","SE12",0.902380654769438
"best_fit_4b",14,4,"F4_Direct",2,"b","SE21",0.824737179200466
"best_fit_4b",14,4,"F4_Direct",2,"b","SE22",0.903723532221403
"best_fit_4b",14,4,"F4_Direct",2,"b","SE23",0.92682862372167
"best_fit_4b",14,4,"F4_Direct",2,"b","SE31",0.839951534015248
"best_fit_4b",14,4,"F4_Direct",2,"b","SE32",0.693529216799729
"best_fit_4b",14,4,"F4_Direct",2,"b","SE33",0.847042245239156
"best_fit_4b",14,4,"F4_Direct",2,"b","SI031",0.733256300350006
"best_fit_4b",14,4,"F4_Direct",2,"b","SI032",0.876238548677323
"best_fit_4b",14,4,"F4_Direct",2,"b","SI033",0.605722118781754
"best_fit_4b",14,4,"F4_Direct",2,"b","SI034",0.887354061941845
"best_fit_4b",14,4,"F4_Direct",2,"b","SI035",0.57399861689919
"best_fit_4b",14,4,"F4_Direct",2,"b","SI036",0.727969870463162
"best_fit_4b",14,4,"F4_Direct",2,"b","SI037",0.803241826105669
"best_fit_4b",14,4,"F4_Direct",2,"b","SI038",0.566633495005804
"best_fit_4b",14,4,"F4_Direct",2,"b","SI041",0.928077159767966
"best_fit_4b",14,4,"F4_Direct",2,"b","SI042",0.82986339919145
"best_fit_4b",14,4,"F4_Direct",2,"b","SI043",0.794350584145826
"best_fit_4b",14,4,"F4_Direct",2,"b","SI044",0.759629745956442
"best_fit_4c",15,4,"F4_Direct",3,"c","AT11",0.171550348796696
"best_fit_4c",15,4,"F4_Direct",3,"c","AT12",0.444612336893658
"best_fit_4c",15,4,"F4_Direct",3,"c","AT13",0.31472762790129
"best_fit_4c",15,4,"F4_Direct",3,"c","AT21",0.261425817201754
"best_fit_4c",15,4,"F4_Direct",3,"c","AT22",0.468765128087098
"best_fit_4c",15,4,"F4_Direct",3,"c","AT31",0.461971975303351
"best_fit_4c",15,4,"F4_Direct",3,"c","AT32",0.211138234461137
"best_fit_4c",15,4,"F4_Direct",3,"c","AT33",0.331833794004932
"best_fit_4c",15,4,"F4_Direct",3,"c","AT34",0.20282805017885
"best_fit_4c",15,4,"F4_Direct",3,"c","BE10",0.194347912753592
"best_fit_4c",15,4,"F4_Direct",3,"c","BE21",0.435472380128547
"best_fit_4c",15,4,"F4_Direct",3,"c","BE22",0.346493404175329
"best_fit_4c",15,4,"F4_Direct",3,"c","BE23",0.369986652766346
"best_fit_4c",15,4,"F4_Direct",3,"c","BE24",0.285180161242453
"best_fit_4c",15,4,"F4_Direct",3,"c","BE25",0.325022603682406
"best_fit_4c",15,4,"F4_Direct",3,"c","BE31",0.0902493770994981
"best_fit_4c",15,4,"F4_Direct",3,"c","BE32",0.292811423008663
"best_fit_4c",15,4,"F4_Direct",3,"c","BE33",0.210629268126943
"best_fit_4c",15,4,"F4_Direct",3,"c","BE34",0.0606125397897842
"best_fit_4c",15,4,"F4_Direct",3,"c","BE35",0.095501704180914
"best_fit_4c",15,4,"F4_Direct",3,"c","BG311",0.054069713400614
"best_fit_4c",15,4,"F4_Direct",3,"c","BG312",0.0939580765402213
"best_fit_4c",15,4,"F4_Direct",3,"c","BG313",0.163982469911158
"best_fit_4c",15,4,"F4_Direct",3,"c","BG314",0.205431939370926
"best_fit_4c",15,4,"F4_Direct",3,"c","BG315",0.300810119696357
"best_fit_4c",15,4,"F4_Direct",3,"c","BG321",0.254900757942759
"best_fit_4c",15,4,"F4_Direct",3,"c","BG322",0.115673379739816
"best_fit_4c",15,4,"F4_Direct",3,"c","BG323",0.122354376718512
"best_fit_4c",15,4,"F4_Direct",3,"c","BG324",0.164594398886362
"best_fit_4c",15,4,"F4_Direct",3,"c","BG325",0.0670306824672211
"best_fit_4c",15,4,"F4_Direct",3,"c","BG331",0.150739565358778
"best_fit_4c",15,4,"F4_Direct",3,"c","BG332",0.0514479031122793
"best_fit_4c",15,4,"F4_Direct",3,"c","BG333",0.110329091521972
"best_fit_4c",15,4,"F4_Direct",3,"c","BG334",0.068050515150653
"best_fit_4c",15,4,"F4_Direct",3,"c","BG341",0.145937698091845
"best_fit_4c",15,4,"F4_Direct",3,"c","BG342",0.091434324484803
"best_fit_4c",15,4,"F4_Direct",3,"c","BG343",0.119418556285444
"best_fit_4c",15,4,"F4_Direct",3,"c","BG344",0.333636678843169
"best_fit_4c",15,4,"F4_Direct",3,"c","BG411",0.32619532721953
"best_fit_4c",15,4,"F4_Direct",3,"c","BG412",0.340016715141572
"best_fit_4c",15,4,"F4_Direct",3,"c","BG413",0.350310584510729
"best_fit_4c",15,4,"F4_Direct",3,"c","BG414",0.0899464297666555
"best_fit_4c",15,4,"F4_Direct",3,"c","BG415",0.126409320481666
"best_fit_4c",15,4,"F4_Direct",3,"c","BG421",0.330100558952403
"best_fit_4c",15,4,"F4_Direct",3,"c","BG422",0.1009488880596
"best_fit_4c",15,4,"F4_Direct",3,"c","BG423",0.130226188598201
"best_fit_4c",15,4,"F4_Direct",3,"c","BG424",0.0740230581209106
"best_fit_4c",15,4,"F4_Direct",3,"c","BG425",0.125383526471509
"best_fit_4c",15,4,"F4_Direct",3,"c","CH01",0.276002249903678
"best_fit_4c",15,4,"F4_Direct",3,"c","CH02",0.387889724160163
"best_fit_4c",15,4,"F4_Direct",3,"c","CH03",0.217961657829553
"best_fit_4c",15,4,"F4_Direct",3,"c","CH04",0.251577701952998
"best_fit_4c",15,4,"F4_Direct",3,"c","CH05",0.233669969321034
"best_fit_4c",15,4,"F4_Direct",3,"c","CH06",0.198940113748085
"best_fit_4c",15,4,"F4_Direct",3,"c","CH07",0.0683460552869285
"best_fit_4c",15,4,"F4_Direct",3,"c","DE1",0.432575635868545
"best_fit_4c",15,4,"F4_Direct",3,"c","DE2",0.505175642452676
"best_fit_4c",15,4,"F4_Direct",3,"c","DE3",0.143729384057222
"best_fit_4c",15,4,"F4_Direct",3,"c","DE4",0.184047863553392
"best_fit_4c",15,4,"F4_Direct",3,"c","DE6",0.0652703845407
"best_fit_4c",15,4,"F4_Direct",3,"c","DE7",0.29286759886576
"best_fit_4c",15,4,"F4_Direct",3,"c","DE8",0.0901928623215226
"best_fit_4c",15,4,"F4_Direct",3,"c","DE9",0.327237842693918
"best_fit_4c",15,4,"F4_Direct",3,"c","DEA",0.595215965213717
"best_fit_4c",15,4,"F4_Direct",3,"c","DEB",0.193538581559415
"best_fit_4c",15,4,"F4_Direct",3,"c","DEC",0.0640834941752474
"best_fit_4c",15,4,"F4_Direct",3,"c","DED",0.245317769760179
"best_fit_4c",15,4,"F4_Direct",3,"c","DEE",0.144446686220135
"best_fit_4c",15,4,"F4_Direct",3,"c","DEF",0.197571586847219
"best_fit_4c",15,4,"F4_Direct",3,"c","DEG",0.117685717346681
"best_fit_4c",15,4,"F4_Direct",3,"c","EL30",0.540673729416657
"best_fit_4c",15,4,"F4_Direct",3,"c","EL41",0.168421804792308
"best_fit_4c",15,4,"F4_Direct",3,"c","EL42",0.209215195983995
"best_fit_4c",15,4,"F4_Direct",3,"c","EL43",0.283067749962326
"best_fit_4c",15,4,"F4_Direct",3,"c","EL51",0.235596524776127
"best_fit_4c",15,4,"F4_Direct",3,"c","EL52",0.487735490569708
"best_fit_4c",15,4,"F4_Direct",3,"c","EL53",0.119836200137259
"best_fit_4c",15,4,"F4_Direct",3,"c","EL54",0.107762726411569
"best_fit_4c",15,4,"F4_Direct",3,"c","EL61",0.295224060772937
"best_fit_4c",15,4,"F4_Direct",3,"c","EL62",0.0867494402654488
"best_fit_4c",15,4,"F4_Direct",3,"c","EL63",0.296687096025007
"best_fit_4c",15,4,"F4_Direct",3,"c","EL64",0.251866941881802
"best_fit_4c",15,4,"F4_Direct",3,"c","EL65",0.213846057906691
"best_fit_4c",15,4,"F4_Direct",3,"c","ES11",0.299246680011701
"best_fit_4c",15,4,"F4_Direct",3,"c","ES12",0.0495551890998218
"best_fit_4c",15,4,"F4_Direct",3,"c","ES13",0.0746605934956413
"best_fit_4c",15,4,"F4_Direct",3,"c","ES21",0.164239941068531
"best_fit_4c",15,4,"F4_Direct",3,"c","ES22",0.119482685392997
"best_fit_4c",15,4,"F4_Direct",3,"c","ES23",0.0157389753369697
"best_fit_4c",15,4,"F4_Direct",3,"c","ES24",0.113875104886693
"best_fit_4c",15,4,"F4_Direct",3,"c","ES30",0.427789921173212
"best_fit_4c",15,4,"F4_Direct",3,"c","ES41",0.232168436464006
"best_fit_4c",15,4,"F4_Direct",3,"c","ES42",0.183817770775138
"best_fit_4c",15,4,"F4_Direct",3,"c","ES43",0.17347212097678
"best_fit_4c",15,4,"F4_Direct",3,"c","ES51",0.408310673645976
"best_fit_4c",15,4,"F4_Direct",3,"c","ES52",0.302043290342255
"best_fit_4c",15,4,"F4_Direct",3,"c","ES53",0.0167137154159872
"best_fit_4c",15,4,"F4_Direct",3,"c","ES61",0.494272876978373
"best_fit_4c",15,4,"F4_Direct",3,"c","ES62",0.113030465713168
"best_fit_4c",15,4,"F4_Direct",3,"c","ES70",0.105203023790002
"best_fit_4c",15,4,"F4_Direct",3,"c","FI193",0.159602518456243
"best_fit_4c",15,4,"F4_Direct",3,"c","FI194",0.107563543602546
"best_fit_4c",15,4,"F4_Direct",3,"c","FI195",0.0977345513238027
"best_fit_4c",15,4,"F4_Direct",3,"c","FI196",0.143823284673793
"best_fit_4c",15,4,"F4_Direct",3,"c","FI197",0.317051292320267
"best_fit_4c",15,4,"F4_Direct",3,"c","FI1B1",0.511011180915267
"best_fit_4c",15,4,"F4_Direct",3,"c","FI1C1",0.260122042932386
"best_fit_4c",15,4,"F4_Direct",3,"c","FI1C2",0.100557612509309
"best_fit_4c",15,4,"F4_Direct",3,"c","FI1C3",0.136271537311598
"best_fit_4c",15,4,"F4_Direct",3,"c","FI1C4",0.157077981581944
"best_fit_4c",15,4,"F4_Direct",3,"c","FI1C5",0.0729871163166926
"best_fit_4c",15,4,"F4_Direct",3,"c","FI1D1",0.0794791155563022
"best_fit_4c",15,4,"F4_Direct",3,"c","FI1D2",0.16330489725584
"best_fit_4c",15,4,"F4_Direct",3,"c","FI1D3",0.108645810492492
"best_fit_4c",15,4,"F4_Direct",3,"c","FI1D5",0.0287922230262041
"best_fit_4c",15,4,"F4_Direct",3,"c","FI1D7",0.108254890995789
"best_fit_4c",15,4,"F4_Direct",3,"c","FI1D8",0.0820192982286237
"best_fit_4c",15,4,"F4_Direct",3,"c","FI1D9",0.168446964574966
"best_fit_4c",15,4,"F4_Direct",3,"c","FR10",0.375956944331214
"best_fit_4c",15,4,"F4_Direct",3,"c","FRB0",0.172551942625688
"best_fit_4c",15,4,"F4_Direct",3,"c","FRC1",0.105692628561306
"best_fit_4c",15,4,"F4_Direct",3,"c","FRC2",0.07148323340402
"best_fit_4c",15,4,"F4_Direct",3,"c","FRD1",0.0533566184146038
"best_fit_4c",15,4,"F4_Direct",3,"c","FRD2",0.147649146094882
"best_fit_4c",15,4,"F4_Direct",3,"c","FRE1",0.21370346631797
"best_fit_4c",15,4,"F4_Direct",3,"c","FRE2",0.120820055341673
"best_fit_4c",15,4,"F4_Direct",3,"c","FRF1",0.109955357569942
"best_fit_4c",15,4,"F4_Direct",3,"c","FRF2",0.0648697603211249
"best_fit_4c",15,4,"F4_Direct",3,"c","FRF3",0.149799924843077
"best_fit_4c",15,4,"F4_Direct",3,"c","FRG0",0.242774719772691
"best_fit_4c",15,4,"F4_Direct",3,"c","FRH0",0.196432814183695
"best_fit_4c",15,4,"F4_Direct",3,"c","FRI1",0.200377077506424
"best_fit_4c",15,4,"F4_Direct",3,"c","FRI2",0.0418921500460339
"best_fit_4c",15,4,"F4_Direct",3,"c","FRI3",0.123174604388479
"best_fit_4c",15,4,"F4_Direct",3,"c","FRJ1",0.112839536983163
"best_fit_4c",15,4,"F4_Direct",3,"c","FRJ2",0.173595568372824
"best_fit_4c",15,4,"F4_Direct",3,"c","FRK1",0.089717679278804
"best_fit_4c",15,4,"F4_Direct",3,"c","FRK2",0.328458016330311
"best_fit_4c",15,4,"F4_Direct",3,"c","FRL0",0.198713429837925
"best_fit_4c",15,4,"F4_Direct",3,"c","HR031",0.225454086469678
"best_fit_4c",15,4,"F4_Direct",3,"c","HR032",0.069816716448596
"best_fit_4c",15,4,"F4_Direct",3,"c","HR033",0.115664805122747
"best_fit_4c",15,4,"F4_Direct",3,"c","HR034",0.0691981574549223
"best_fit_4c",15,4,"F4_Direct",3,"c","HR035",0.313312253931321
"best_fit_4c",15,4,"F4_Direct",3,"c","HR036",0.119454580729708
"best_fit_4c",15,4,"F4_Direct",3,"c","HR037",0.101242975991131
"best_fit_4c",15,4,"F4_Direct",3,"c","HU110",0.253783465167267
"best_fit_4c",15,4,"F4_Direct",3,"c","HU120",0.278325445491432
"best_fit_4c",15,4,"F4_Direct",3,"c","HU211",0.163400270182648
"best_fit_4c",15,4,"F4_Direct",3,"c","HU212",0.14385466256433
"best_fit_4c",15,4,"F4_Direct",3,"c","HU213",0.277634689940751
"best_fit_4c",15,4,"F4_Direct",3,"c","HU221",0.106839971001636
"best_fit_4c",15,4,"F4_Direct",3,"c","HU222",0.112864866773199
"best_fit_4c",15,4,"F4_Direct",3,"c","HU223",0.101348327928873
"best_fit_4c",15,4,"F4_Direct",3,"c","HU231",0.110703993828302
"best_fit_4c",15,4,"F4_Direct",3,"c","HU232",0.090357995868609
"best_fit_4c",15,4,"F4_Direct",3,"c","HU233",0.0291421544801774
"best_fit_4c",15,4,"F4_Direct",3,"c","HU311",0.280956405744131
"best_fit_4c",15,4,"F4_Direct",3,"c","HU312",0.126350765086247
"best_fit_4c",15,4,"F4_Direct",3,"c","HU313",0.0145700509066258
"best_fit_4c",15,4,"F4_Direct",3,"c","HU321",0.217062146558358
"best_fit_4c",15,4,"F4_Direct",3,"c","HU322",0.0698309709472227
"best_fit_4c",15,4,"F4_Direct",3,"c","HU323",0.388525822348349
"best_fit_4c",15,4,"F4_Direct",3,"c","HU331",0.118328449513276
"best_fit_4c",15,4,"F4_Direct",3,"c","HU332",0.0399942155386849
"best_fit_4c",15,4,"F4_Direct",3,"c","HU333",0.10056710479753
"best_fit_4c",15,4,"F4_Direct",3,"c","IE041",0.252766602835939
"best_fit_4c",15,4,"F4_Direct",3,"c","IE042",0.237512164791603
"best_fit_4c",15,4,"F4_Direct",3,"c","IE051",0.263710966309219
"best_fit_4c",15,4,"F4_Direct",3,"c","IE052",0.206480333375596
"best_fit_4c",15,4,"F4_Direct",3,"c","IE053",0.276820893659973
"best_fit_4c",15,4,"F4_Direct",3,"c","IE061",0.476481548920446
"best_fit_4c",15,4,"F4_Direct",3,"c","IE062",0.250077027915611
"best_fit_4c",15,4,"F4_Direct",3,"c","IE063",0.230167248067049
"best_fit_4c",15,4,"F4_Direct",3,"c","ITC",0.656353018431148
"best_fit_4c",15,4,"F4_Direct",3,"c","ITF",0.544301046240822
"best_fit_4c",15,4,"F4_Direct",3,"c","ITG",0.393747244250794
"best_fit_4c",15,4,"F4_Direct",3,"c","ITH",0.527201198761345
"best_fit_4c",15,4,"F4_Direct",3,"c","ITI",0.507078378949341
"best_fit_4c",15,4,"F4_Direct",3,"c","NL11",0.0967542120464335
"best_fit_4c",15,4,"F4_Direct",3,"c","NL12",0.15316421122089
"best_fit_4c",15,4,"F4_Direct",3,"c","NL13",0.118137863634585
"best_fit_4c",15,4,"F4_Direct",3,"c","NL21",0.243371602398328
"best_fit_4c",15,4,"F4_Direct",3,"c","NL22",0.342489092939296
"best_fit_4c",15,4,"F4_Direct",3,"c","NL23",0.087648201480234
"best_fit_4c",15,4,"F4_Direct",3,"c","NL32",0.372074675080016
"best_fit_4c",15,4,"F4_Direct",3,"c","NL34",0.101953256596777
"best_fit_4c",15,4,"F4_Direct",3,"c","NL41",0.336016639176189
"best_fit_4c",15,4,"F4_Direct",3,"c","NL42",0.206906283318891
"best_fit_4c",15,4,"F4_Direct",3,"c","NO02",0.179613615157432
"best_fit_4c",15,4,"F4_Direct",3,"c","NO06",0.256996152827948
"best_fit_4c",15,4,"F4_Direct",3,"c","NO07",0.204621693404724
"best_fit_4c",15,4,"F4_Direct",3,"c","NO08",0.517647012153968
"best_fit_4c",15,4,"F4_Direct",3,"c","NO09",0.350622370292255
"best_fit_4c",15,4,"F4_Direct",3,"c","NO0A",0.458112550339434
"best_fit_4c",15,4,"F4_Direct",3,"c","PL21",0.171276288117692
"best_fit_4c",15,4,"F4_Direct",3,"c","PL22",0.239710830666043
"best_fit_4c",15,4,"F4_Direct",3,"c","PL41",0.174923845866562
"best_fit_4c",15,4,"F4_Direct",3,"c","PL42",0.0794712647766557
"best_fit_4c",15,4,"F4_Direct",3,"c","PL43",0.0735348505705905
"best_fit_4c",15,4,"F4_Direct",3,"c","PL51",0.154045587355473
"best_fit_4c",15,4,"F4_Direct",3,"c","PL52",0.0868030882879091
"best_fit_4c",15,4,"F4_Direct",3,"c","PL61",0.0986208231334527
"best_fit_4c",15,4,"F4_Direct",3,"c","PL62",0.0545989489541711
"best_fit_4c",15,4,"F4_Direct",3,"c","PL63",0.155496563518951
"best_fit_4c",15,4,"F4_Direct",3,"c","PL71",0.200173917389403
"best_fit_4c",15,4,"F4_Direct",3,"c","PL72",0.10807410050826
"best_fit_4c",15,4,"F4_Direct",3,"c","PL81",0.105463184025921
"best_fit_4c",15,4,"F4_Direct",3,"c","PL84",0.0769954057141275
"best_fit_4c",15,4,"F4_Direct",3,"c","PL91",0.201862592797165
"best_fit_4c",15,4,"F4_Direct",3,"c","PL92",0.130437393159208
"best_fit_4c",15,4,"F4_Direct",3,"c","PT11",0.441708949802355
"best_fit_4c",15,4,"F4_Direct",3,"c","PT15",0.0927350497290419
"best_fit_4c",15,4,"F4_Direct",3,"c","SE11",0.370771398425477
"best_fit_4c",15,4,"F4_Direct",3,"c","SE12",0.307085937229393
"best_fit_4c",15,4,"F4_Direct",3,"c","SE21",0.184077723077438
"best_fit_4c",15,4,"F4_Direct",3,"c","SE22",0.310359413508848
"best_fit_4c",15,4,"F4_Direct",3,"c","SE23",0.37782865189657
"best_fit_4c",15,4,"F4_Direct",3,"c","SE31",0.201029622340651
"best_fit_4c",15,4,"F4_Direct",3,"c","SE32",0.0978744498322776
"best_fit_4c",15,4,"F4_Direct",3,"c","SE33",0.209796861986136
"best_fit_4c",15,4,"F4_Direct",3,"c","SI031",0.116445247268275
"best_fit_4c",15,4,"F4_Direct",3,"c","SI032",0.253419605268293
"best_fit_4c",15,4,"F4_Direct",3,"c","SI033",0.0686014423765457
"best_fit_4c",15,4,"F4_Direct",3,"c","SI034",0.274134744141336
"best_fit_4c",15,4,"F4_Direct",3,"c","SI035",0.0606792783483497
"best_fit_4c",15,4,"F4_Direct",3,"c","SI036",0.113710058824944
"best_fit_4c",15,4,"F4_Direct",3,"c","SI037",0.163685378994088
"best_fit_4c",15,4,"F4_Direct",3,"c","SI038",0.0589886465943807
"best_fit_4c",15,4,"F4_Direct",3,"c","SI041",0.382200621900586
"best_fit_4c",15,4,"F4_Direct",3,"c","SI042",0.18952805728897
"best_fit_4c",15,4,"F4_Direct",3,"c","SI043",0.156251568239984
"best_fit_4c",15,4,"F4_Direct",3,"c","SI044",0.131576801229458
"best_fit_4n",16,4,"F4_Direct",4,"n","AT11",0.318388390500805
"best_fit_4n",16,4,"F4_Direct",4,"n","AT12",0.643600897475129
"best_fit_4n",16,4,"F4_Direct",4,"n","AT13",0.508844690639867
"best_fit_4n",16,4,"F4_Direct",4,"n","AT21",0.443966424379085
"best_fit_4n",16,4,"F4_Direct",4,"n","AT22",0.66560842291341
"best_fit_4n",16,4,"F4_Direct",4,"n","AT31",0.659504037246011
"best_fit_4n",16,4,"F4_Direct",4,"n","AT32",0.376463360758314
"best_fit_4n",16,4,"F4_Direct",4,"n","AT33",0.528366635328863
"best_fit_4n",16,4,"F4_Direct",4,"n","AT34",0.364654044737843
"best_fit_4n",16,4,"F4_Direct",4,"n","BE10",0.35239897173246
"best_fit_4n",16,4,"F4_Direct",4,"n","BE21",0.635047666032426
"best_fit_4n",16,4,"F4_Direct",4,"n","BE22",0.544631490970263
"best_fit_4n",16,4,"F4_Direct",4,"n","BE23",0.569844604292983
"best_fit_4n",16,4,"F4_Direct",4,"n","BE24",0.473669837584729
"best_fit_4n",16,4,"F4_Direct",4,"n","BE25",0.520664914394347
"best_fit_4n",16,4,"F4_Direct",4,"n","BE31",0.182858061230448
"best_fit_4n",16,4,"F4_Direct",4,"n","BE32",0.482937298122564
"best_fit_4n",16,4,"F4_Direct",4,"n","BE33",0.375745689727603
"best_fit_4n",16,4,"F4_Direct",4,"n","BE34",0.127056941855042
"best_fit_4n",16,4,"F4_Direct",4,"n","BE35",0.192360421705218
"best_fit_4n",16,4,"F4_Direct",4,"n","BG311",0.114213805636766
"best_fit_4n",16,4,"F4_Direct",4,"n","BG312",0.189579368221351
"best_fit_4n",16,4,"F4_Direct",4,"n","BG313",0.306741237657812
"best_fit_4n",16,4,"F4_Direct",4,"n","BG314",0.368375419751528
"best_fit_4n",16,4,"F4_Direct",4,"n","BG315",0.492512591706336
"best_fit_4n",16,4,"F4_Direct",4,"n","BG321",0.435572203653559
"best_fit_4n",16,4,"F4_Direct",4,"n","BG322",0.227837088790695
"best_fit_4n",16,4,"F4_Direct",4,"n","BG323",0.239243751760724
"best_fit_4n",16,4,"F4_Direct",4,"n","BG324",0.307689828853097
"best_fit_4n",16,4,"F4_Direct",4,"n","BG325",0.139466201011307
"best_fit_4n",16,4,"F4_Direct",4,"n","BG331",0.285912224329663
"best_fit_4n",16,4,"F4_Direct",4,"n","BG332",0.109011730794873
"best_fit_4n",16,4,"F4_Direct",4,"n","BG333",0.218591606919526
"best_fit_4n",16,4,"F4_Direct",4,"n","BG334",0.141421045086939
"best_fit_4n",16,4,"F4_Direct",4,"n","BG341",0.278215004075374
"best_fit_4n",16,4,"F4_Direct",4,"n","BG342",0.185011656241048
"best_fit_4n",16,4,"F4_Direct",4,"n","BG343",0.234251838651128
"best_fit_4n",16,4,"F4_Direct",4,"n","BG344",0.530389697787742
"best_fit_4n",16,4,"F4_Direct",4,"n","BG411",0.521997626750753
"best_fit_4n",16,4,"F4_Direct",4,"n","BG412",0.53749734290781
"best_fit_4n",16,4,"F4_Direct",4,"n","BG413",0.548798412124238
"best_fit_4n",16,4,"F4_Direct",4,"n","BG414",0.182306542080909
"best_fit_4n",16,4,"F4_Direct",4,"n","BG415",0.246086326643417
"best_fit_4n",16,4,"F4_Direct",4,"n","BG421",0.526415623115896
"best_fit_4n",16,4,"F4_Direct",4,"n","BG422",0.202097797172829
"best_fit_4n",16,4,"F4_Direct",4,"n","BG423",0.252472437078017
"best_fit_4n",16,4,"F4_Direct",4,"n","BG424",0.152777408031889
"best_fit_4n",16,4,"F4_Direct",4,"n","BG425",0.244361024176798
"best_fit_4n",16,4,"F4_Direct",4,"n","CH01",0.462349400481142
"best_fit_4n",16,4,"F4_Direct",4,"n","CH02",0.588386652495416
"best_fit_4n",16,4,"F4_Direct",4,"n","CH03",0.386015215517327
"best_fit_4n",16,4,"F4_Direct",4,"n","CH04",0.43125705267766
"best_fit_4n",16,4,"F4_Direct",4,"n","CH05",0.407523659514796
"best_fit_4n",16,4,"F4_Direct",4,"n","CH06",0.359061317050837
"best_fit_4n",16,4,"F4_Direct",4,"n","CH07",0.1419866829797
"best_fit_4n",16,4,"F4_Direct",4,"n","DE1",0.632310322384787
"best_fit_4n",16,4,"F4_Direct",4,"n","DE2",0.697241115026821
"best_fit_4n",16,4,"F4_Direct",4,"n","DE3",0.274648758825989
"best_fit_4n",16,4,"F4_Direct",4,"n","DE4",0.337228710691911
"best_fit_4n",16,4,"F4_Direct",4,"n","DE6",0.136081124671375
"best_fit_4n",16,4,"F4_Direct",4,"n","DE7",0.483005037003042
"best_fit_4n",16,4,"F4_Direct",4,"n","DE8",0.182755204018628
"best_fit_4n",16,4,"F4_Direct",4,"n","DE9",0.523180031548523
"best_fit_4n",16,4,"F4_Direct",4,"n","DEA",0.768357854007252
"best_fit_4n",16,4,"F4_Direct",4,"n","DEB",0.351218390249605
"best_fit_4n",16,4,"F4_Direct",4,"n","DEC",0.13379090068924
"best_fit_4n",16,4,"F4_Direct",4,"n","DED",0.42305343980393
"best_fit_4n",16,4,"F4_Direct",4,"n","DEE",0.275808978631917
"best_fit_4n",16,4,"F4_Direct",4,"n","DEF",0.357082303910585
"best_fit_4n",16,4,"F4_Direct",4,"n","DEG",0.23129036135544
"best_fit_4n",16,4,"F4_Direct",4,"n","EL30",0.726422422696326
"best_fit_4n",16,4,"F4_Direct",4,"n","EL41",0.313595639943616
"best_fit_4n",16,4,"F4_Direct",4,"n","EL42",0.373747955562439
"best_fit_4n",16,4,"F4_Direct",4,"n","EL43",0.471081352540397
"best_fit_4n",16,4,"F4_Direct",4,"n","EL51",0.410116495463825
"best_fit_4n",16,4,"F4_Direct",4,"n","EL52",0.682313322749915
"best_fit_4n",16,4,"F4_Direct",4,"n","EL53",0.234963929973847
"best_fit_4n",16,4,"F4_Direct",4,"n","EL54",0.214113013701129
"best_fit_4n",16,4,"F4_Direct",4,"n","EL61",0.485840263456085
"best_fit_4n",16,4,"F4_Direct",4,"n","EL62",0.176463318081685
"best_fit_4n",16,4,"F4_Direct",4,"n","EL63",0.487594393680804
"best_fit_4n",16,4,"F4_Direct",4,"n","EL64",0.431633731982488
"best_fit_4n",16,4,"F4_Direct",4,"n","EL65",0.380269384808062
"best_fit_4n",16,4,"F4_Direct",4,"n","ES11",0.4906519811335
"best_fit_4n",16,4,"F4_Direct",4,"n","ES12",0.105236252048468
"best_fit_4n",16,4,"F4_Direct",4,"n","ES13",0.153980436073409
"best_fit_4n",16,4,"F4_Direct",4,"n","ES21",0.307140507847542
"best_fit_4n",16,4,"F4_Direct",4,"n","ES22",0.234361222300556
"best_fit_4n",16,4,"F4_Direct",4,"n","ES23",0.0348153938232101
"best_fit_4n",16,4,"F4_Direct",4,"n","ES24",0.224738239221882
"best_fit_4n",16,4,"F4_Direct",4,"n","ES30",0.627759571551554
"best_fit_4n",16,4,"F4_Direct",4,"n","ES41",0.405496100457857
"best_fit_4n",16,4,"F4_Direct",4,"n","ES42",0.336886181418531
"best_fit_4n",16,4,"F4_Direct",4,"n","ES43",0.321317104192205
"best_fit_4n",16,4,"F4_Direct",4,"n","ES51",0.608863588843837
"best_fit_4n",16,4,"F4_Direct",4,"n","ES52",0.493976420689551
"best_fit_4n",16,4,"F4_Direct",4,"n","ES53",0.0369272425085073
"best_fit_4n",16,4,"F4_Direct",4,"n","ES61",0.687956230083012
"best_fit_4n",16,4,"F4_Direct",4,"n","ES62",0.223278497473547
"best_fit_4n",16,4,"F4_Direct",4,"n","ES70",0.209620648181406
"best_fit_4n",16,4,"F4_Direct",4,"n","FI193",0.299916132187099
"best_fit_4n",16,4,"F4_Direct",4,"n","FI194",0.213764353984141
"best_fit_4n",16,4,"F4_Direct",4,"n","FI195",0.196366205053873
"best_fit_4n",16,4,"F4_Direct",4,"n","FI196",0.27480074163217
"best_fit_4n",16,4,"F4_Direct",4,"n","FI197",0.511531717872934
"best_fit_4n",16,4,"F4_Direct",4,"n","FI1B1",0.702147080134816
"best_fit_4n",16,4,"F4_Direct",4,"n","FI1C1",0.442297461831513
"best_fit_4n",16,4,"F4_Direct",4,"n","FI1C2",0.201402296655196
"best_fit_4n",16,4,"F4_Direct",4,"n","FI1C3",0.262480119150207
"best_fit_4n",16,4,"F4_Direct",4,"n","FI1C4",0.295953757030663
"best_fit_4n",16,4,"F4_Direct",4,"n","FI1C5",0.150818824667271
"best_fit_4n",16,4,"F4_Direct",4,"n","FI1D1",0.163016333573379
"best_fit_4n",16,4,"F4_Direct",4,"n","FI1D2",0.305689476486008
"best_fit_4n",16,4,"F4_Direct",4,"n","FI1D3",0.215656960340661
"best_fit_4n",16,4,"F4_Direct",4,"n","FI1D5",0.0626822593529354
"best_fit_4n",16,4,"F4_Direct",4,"n","FI1D7",0.214973865184423
"best_fit_4n",16,4,"F4_Direct",4,"n","FI1D8",0.167739884215371
"best_fit_4n",16,4,"F4_Direct",4,"n","FI1D9",0.313634307274834
"best_fit_4n",16,4,"F4_Direct",4,"n","FR10",0.576090922231654
"best_fit_4n",16,4,"F4_Direct",4,"n","FRB0",0.319916234193038
"best_fit_4n",16,4,"F4_Direct",4,"n","FRC1",0.210481893278102
"best_fit_4n",16,4,"F4_Direct",4,"n","FRC2",0.147967215994776
"best_fit_4n",16,4,"F4_Direct",4,"n","FRD1",0.112802093907542
"best_fit_4n",16,4,"F4_Direct",4,"n","FRD2",0.280967374995156
"best_fit_4n",16,4,"F4_Direct",4,"n","FRE1",0.380069471970556
"best_fit_4n",16,4,"F4_Direct",4,"n","FRE2",0.236638859854501
"best_fit_4n",16,4,"F4_Direct",4,"n","FRF1",0.217940977443816
"best_fit_4n",16,4,"F4_Direct",4,"n","FRF2",0.135308785850955
"best_fit_4n",16,4,"F4_Direct",4,"n","FRF3",0.284412163014571
"best_fit_4n",16,4,"F4_Direct",4,"n","FRG0",0.419692550870733
"best_fit_4n",16,4,"F4_Direct",4,"n","FRH0",0.35543137702424
"best_fit_4n",16,4,"F4_Direct",4,"n","FRI1",0.361133447005902
"best_fit_4n",16,4,"F4_Direct",4,"n","FRI2",0.0897761959990576
"best_fit_4n",16,4,"F4_Direct",4,"n","FRI3",0.24063272624531
"best_fit_4n",16,4,"F4_Direct",4,"n","FRJ1",0.22294815038213
"best_fit_4n",16,4,"F4_Direct",4,"n","FRJ2",0.321504837013904
"best_fit_4n",16,4,"F4_Direct",4,"n","FRK1",0.181889849252378
"best_fit_4n",16,4,"F4_Direct",4,"n","FRK2",0.524561149512179
"best_fit_4n",16,4,"F4_Direct",4,"n","FRL0",0.358733887871774
"best_fit_4n",16,4,"F4_Direct",4,"n","HR031",0.396356636073347
"best_fit_4n",16,4,"F4_Direct",4,"n","HR032",0.144795659759731
"best_fit_4n",16,4,"F4_Direct",4,"n","HR033",0.227822341710079
"best_fit_4n",16,4,"F4_Direct",4,"n","HR034",0.143615369344262
"best_fit_4n",16,4,"F4_Direct",4,"n","HR035",0.50720247264854
"best_fit_4n",16,4,"F4_Direct",4,"n","HR036",0.234313286662234
"best_fit_4n",16,4,"F4_Direct",4,"n","HR037",0.202620145495691
"best_fit_4n",16,4,"F4_Direct",4,"n","HU110",0.434124391802622
"best_fit_4n",16,4,"F4_Direct",4,"n","HU120",0.465233209443998
"best_fit_4n",16,4,"F4_Direct",4,"n","HU211",0.305837608780683
"best_fit_4n",16,4,"F4_Direct",4,"n","HU212",0.274851521537307
"best_fit_4n",16,4,"F4_Direct",4,"n","HU213",0.464377070095837
"best_fit_4n",16,4,"F4_Direct",4,"n","HU221",0.212496481658811
"best_fit_4n",16,4,"F4_Direct",4,"n","HU222",0.222991984259494
"best_fit_4n",16,4,"F4_Direct",4,"n","HU223",0.202807184524027
"best_fit_4n",16,4,"F4_Direct",4,"n","HU231",0.219243731680389
"best_fit_4n",16,4,"F4_Direct",4,"n","HU232",0.183055711180686
"best_fit_4n",16,4,"F4_Direct",4,"n","HU233",0.063417184260137
"best_fit_4n",16,4,"F4_Direct",4,"n","HU311",0.468484031348709
"best_fit_4n",16,4,"F4_Direct",4,"n","HU312",0.245987944451646
"best_fit_4n",16,4,"F4_Direct",4,"n","HU313",0.0322761349020885
"best_fit_4n",16,4,"F4_Direct",4,"n","HU321",0.384763384193668
"best_fit_4n",16,4,"F4_Direct",4,"n","HU322",0.144822839311445
"best_fit_4n",16,4,"F4_Direct",4,"n","HU323",0.589035145443006
"best_fit_4n",16,4,"F4_Direct",4,"n","HU331",0.232390120392966
"best_fit_4n",16,4,"F4_Direct",4,"n","HU332",0.0859033696064111
"best_fit_4n",16,4,"F4_Direct",4,"n","HU333",0.20141917657938
"best_fit_4n",16,4,"F4_Direct",4,"n","IE041",0.432804039340403
"best_fit_4n",16,4,"F4_Direct",4,"n","IE042",0.412685059441221
"best_fit_4n",16,4,"F4_Direct",4,"n","IE051",0.446881741872612
"best_fit_4n",16,4,"F4_Direct",4,"n","IE052",0.369868285828559
"best_fit_4n",16,4,"F4_Direct",4,"n","IE053",0.463367016939167
"best_fit_4n",16,4,"F4_Direct",4,"n","IE061",0.672463419383047
"best_fit_4n",16,4,"F4_Direct",4,"n","IE062",0.429299370767297
"best_fit_4n",16,4,"F4_Direct",4,"n","IE063",0.402784622493112
"best_fit_4n",16,4,"F4_Direct",4,"n","ITC",0.811620621010938
"best_fit_4n",16,4,"F4_Direct",4,"n","ITF",0.729317245723083
"best_fit_4n",16,4,"F4_Direct",4,"n","ITG",0.594332109361039
"best_fit_4n",16,4,"F4_Direct",4,"n","ITH",0.715531596637823
"best_fit_4n",16,4,"F4_Direct",4,"n","ITI",0.698845581351866
"best_fit_4n",16,4,"F4_Direct",4,"n","NL11",0.19460991857276
"best_fit_4n",16,4,"F4_Direct",4,"n","NL12",0.289769263422164
"best_fit_4n",16,4,"F4_Direct",4,"n","NL13",0.232064176057836
"best_fit_4n",16,4,"F4_Direct",4,"n","NL21",0.420482866154036
"best_fit_4n",16,4,"F4_Direct",4,"n","NL22",0.54023027160707
"best_fit_4n",16,4,"F4_Direct",4,"n","NL23",0.17811027901965
"best_fit_4n",16,4,"F4_Direct",4,"n","NL32",0.572036421489382
"best_fit_4n",16,4,"F4_Direct",4,"n","NL34",0.203880309585998
"best_fit_4n",16,4,"F4_Direct",4,"n","NL41",0.533050445992472
"best_fit_4n",16,4,"F4_Direct",4,"n","NL42",0.370473928098593
"best_fit_4n",16,4,"F4_Direct",4,"n","NO02",0.330599198662835
"best_fit_4n",16,4,"F4_Direct",4,"n","NO06",0.43827917942651
"best_fit_4n",16,4,"F4_Direct",4,"n","NO07",0.367219523421864
"best_fit_4n",16,4,"F4_Direct",4,"n","NO08",0.707672905070229
"best_fit_4n",16,4,"F4_Direct",4,"n","NO09",0.549137539341224
"best_fit_4n",16,4,"F4_Direct",4,"n","NO0A",0.656006473760439
"best_fit_4n",16,4,"F4_Direct",4,"n","PL21",0.317969783778766
"best_fit_4n",16,4,"F4_Direct",4,"n","PL22",0.415621408072269
"best_fit_4n",16,4,"F4_Direct",4,"n","PL41",0.323521797837055
"best_fit_4n",16,4,"F4_Direct",4,"n","PL42",0.16300169232483
"best_fit_4n",16,4,"F4_Direct",4,"n","PL43",0.15185496906454
"best_fit_4n",16,4,"F4_Direct",4,"n","PL51",0.291166447447251
"best_fit_4n",16,4,"F4_Direct",4,"n","PL52",0.176561721026581
"best_fit_4n",16,4,"F4_Direct",4,"n","PL61",0.1979506571937
"best_fit_4n",16,4,"F4_Direct",4,"n","PL62",0.115260001811939
"best_fit_4n",16,4,"F4_Direct",4,"n","PL63",0.293460942347228
"best_fit_4n",16,4,"F4_Direct",4,"n","PL71",0.360840848854367
"best_fit_4n",16,4,"F4_Direct",4,"n","PL72",0.214657751060386
"best_fit_4n",16,4,"F4_Direct",4,"n","PL81",0.210078402577154
"best_fit_4n",16,4,"F4_Direct",4,"n","PL84",0.158371227183728
"best_fit_4n",16,4,"F4_Direct",4,"n","PL91",0.36326931748731
"best_fit_4n",16,4,"F4_Direct",4,"n","PL92",0.252824273530859
"best_fit_4n",16,4,"F4_Direct",4,"n","PT11",0.640897575687157
"best_fit_4n",16,4,"F4_Direct",4,"n","PT15",0.187369063506371
"best_fit_4n",16,4,"F4_Direct",4,"n","SE11",0.570669279267096
"best_fit_4n",16,4,"F4_Direct",4,"n","SE12",0.499928223749618
"best_fit_4n",16,4,"F4_Direct",4,"n","SE21",0.337273149501662
"best_fit_4n",16,4,"F4_Direct",4,"n","SE22",0.503762853029686
"best_fit_4n",16,4,"F4_Direct",4,"n","SE23",0.57803608622131
"best_fit_4n",16,4,"F4_Direct",4,"n","SE31",0.362072458062594
"best_fit_4n",16,4,"F4_Direct",4,"n","SE32",0.196616520483967
"best_fit_4n",16,4,"F4_Direct",4,"n","SE33",0.374570385615801
"best_fit_4n",16,4,"F4_Direct",4,"n","SI031",0.229163452403896
"best_fit_4n",16,4,"F4_Direct",4,"n","SI032",0.433652229104497
"best_fit_4n",16,4,"F4_Direct",4,"n","SI033",0.142475160122806
"best_fit_4n",16,4,"F4_Direct",4,"n","SI034",0.460022169188695
"best_fit_4n",16,4,"F4_Direct",4,"n","SI035",0.127186934887115
"best_fit_4n",16,4,"F4_Direct",4,"n","SI036",0.224453212529751
"best_fit_4n",16,4,"F4_Direct",4,"n","SI037",0.306280261484185
"best_fit_4n",16,4,"F4_Direct",4,"n","SI038",0.123887678692717
"best_fit_4n",16,4,"F4_Direct",4,"n","SI041",0.582555565970348
"best_fit_4n",16,4,"F4_Direct",4,"n","SI042",0.345339586823919
"best_fit_4n",16,4,"F4_Direct",4,"n","SI043",0.294652100912588
"best_fit_4n",16,4,"F4_Direct",4,"n","SI044",0.25471960088858
"best_fit_5a",17,5,"F5_Direct",1,"a","AT11",0.232806729878792
"best_fit_5a",17,5,"F5_Direct",1,"a","AT12",0.591838348958547
"best_fit_5a",17,5,"F5_Direct",1,"a","AT13",0.493320621144326
"best_fit_5a",17,5,"F5_Direct",1,"a","AT21",0.385145269984524
"best_fit_5a",17,5,"F5_Direct",1,"a","AT22",0.640915709755661
"best_fit_5a",17,5,"F5_Direct",1,"a","AT31",0.609917732343379
"best_fit_5a",17,5,"F5_Direct",1,"a","AT32",0.349932606489955
"best_fit_5a",17,5,"F5_Direct",1,"a","AT33",0.520043730573858
"best_fit_5a",17,5,"F5_Direct",1,"a","AT34",0.388973734152819
"best_fit_5a",17,5,"F5_Direct",1,"a","BE10",0.336624091039926
"best_fit_5a",17,5,"F5_Direct",1,"a","BE21",0.621259358249868
"best_fit_5a",17,5,"F5_Direct",1,"a","BE22",0.523933578755213
"best_fit_5a",17,5,"F5_Direct",1,"a","BE23",0.544388684284503
"best_fit_5a",17,5,"F5_Direct",1,"a","BE24",0.46495335595469
"best_fit_5a",17,5,"F5_Direct",1,"a","BE25",0.496543826278005
"best_fit_5a",17,5,"F5_Direct",1,"a","BE31",0.171343280245419
"best_fit_5a",17,5,"F5_Direct",1,"a","BE32",0.451522043625487
"best_fit_5a",17,5,"F5_Direct",1,"a","BE33",0.357505598009886
"best_fit_5a",17,5,"F5_Direct",1,"a","BE34",0.111729478852947
"best_fit_5a",17,5,"F5_Direct",1,"a","BE35",0.186845507251964
"best_fit_5a",17,5,"F5_Direct",1,"a","BG311",0.105524588772259
"best_fit_5a",17,5,"F5_Direct",1,"a","BG312",0.188078534799838
"best_fit_5a",17,5,"F5_Direct",1,"a","BG313",0.227203363621344
"best_fit_5a",17,5,"F5_Direct",1,"a","BG314",0.337017248557944
"best_fit_5a",17,5,"F5_Direct",1,"a","BG315",0.533032575488292
"best_fit_5a",17,5,"F5_Direct",1,"a","BG321",0.41272227853036
"best_fit_5a",17,5,"F5_Direct",1,"a","BG322",0.23475018239336
"best_fit_5a",17,5,"F5_Direct",1,"a","BG323",0.239921110193015
"best_fit_5a",17,5,"F5_Direct",1,"a","BG324",0.329012046998318
"best_fit_5a",17,5,"F5_Direct",1,"a","BG325",0.144141820864133
"best_fit_5a",17,5,"F5_Direct",1,"a","BG331",0.287984538281593
"best_fit_5a",17,5,"F5_Direct",1,"a","BG332",0.101348221882664
"best_fit_5a",17,5,"F5_Direct",1,"a","BG333",0.213584960694934
"best_fit_5a",17,5,"F5_Direct",1,"a","BG334",0.0995862121328961
"best_fit_5a",17,5,"F5_Direct",1,"a","BG341",0.264856558960846
"best_fit_5a",17,5,"F5_Direct",1,"a","BG342",0.190159527491499
"best_fit_5a",17,5,"F5_Direct",1,"a","BG343",0.174036732949826
"best_fit_5a",17,5,"F5_Direct",1,"a","BG344",0.524285469171235
"best_fit_5a",17,5,"F5_Direct",1,"a","BG411",0.497456200081347
"best_fit_5a",17,5,"F5_Direct",1,"a","BG412",0.538459274318316
"best_fit_5a",17,5,"F5_Direct",1,"a","BG413",0.545642119851142
"best_fit_5a",17,5,"F5_Direct",1,"a","BG414",0.19982882564361
"best_fit_5a",17,5,"F5_Direct",1,"a","BG415",0.209025581257476
"best_fit_5a",17,5,"F5_Direct",1,"a","BG421",0.470665775356229
"best_fit_5a",17,5,"F5_Direct",1,"a","BG422",0.186251829396565
"best_fit_5a",17,5,"F5_Direct",1,"a","BG423",0.239236235791418
"best_fit_5a",17,5,"F5_Direct",1,"a","BG424",0.152361514287391
"best_fit_5a",17,5,"F5_Direct",1,"a","BG425",0.202417665970206
"best_fit_5a",17,5,"F5_Direct",1,"a","CH01",0.424804502708804
"best_fit_5a",17,5,"F5_Direct",1,"a","CH02",0.543826723528078
"best_fit_5a",17,5,"F5_Direct",1,"a","CH03",0.338214389357542
"best_fit_5a",17,5,"F5_Direct",1,"a","CH04",0.384648057663541
"best_fit_5a",17,5,"F5_Direct",1,"a","CH05",0.352256466044701
"best_fit_5a",17,5,"F5_Direct",1,"a","CH06",0.313540748682701
"best_fit_5a",17,5,"F5_Direct",1,"a","CH07",0.122158683340886
"best_fit_5a",17,5,"F5_Direct",1,"a","DE1",0.599782747054838
"best_fit_5a",17,5,"F5_Direct",1,"a","DE2",0.66813621364328
"best_fit_5a",17,5,"F5_Direct",1,"a","DE3",0.248068378395331
"best_fit_5a",17,5,"F5_Direct",1,"a","DE4",0.307658185736656
"best_fit_5a",17,5,"F5_Direct",1,"a","DE6",0.118540478254914
"best_fit_5a",17,5,"F5_Direct",1,"a","DE7",0.451261976049981
"best_fit_5a",17,5,"F5_Direct",1,"a","DE8",0.160164370435498
"best_fit_5a",17,5,"F5_Direct",1,"a","DE9",0.4898770486223
"best_fit_5a",17,5,"F5_Direct",1,"a","DEA",0.745735582726268
"best_fit_5a",17,5,"F5_Direct",1,"a","DEB",0.325146448342699
"best_fit_5a",17,5,"F5_Direct",1,"a","DEC",0.125810885146758
"best_fit_5a",17,5,"F5_Direct",1,"a","DED",0.405278277593538
"best_fit_5a",17,5,"F5_Direct",1,"a","DEE",0.253570558983572
"best_fit_5a",17,5,"F5_Direct",1,"a","DEF",0.322493970436216
"best_fit_5a",17,5,"F5_Direct",1,"a","DEG",0.219274643838223
"best_fit_5a",17,5,"F5_Direct",1,"a","EL30",0.705601549138733
"best_fit_5a",17,5,"F5_Direct",1,"a","EL41",0.321546170575657
"best_fit_5a",17,5,"F5_Direct",1,"a","EL42",0.332216336520232
"best_fit_5a",17,5,"F5_Direct",1,"a","EL43",0.387782286404
"best_fit_5a",17,5,"F5_Direct",1,"a","EL51",0.395030045120865
"best_fit_5a",17,5,"F5_Direct",1,"a","EL52",0.635768918713791
"best_fit_5a",17,5,"F5_Direct",1,"a","EL53",0.214864682106783
"best_fit_5a",17,5,"F5_Direct",1,"a","EL54",0.197116242706624
"best_fit_5a",17,5,"F5_Direct",1,"a","EL61",0.466427985905655
"best_fit_5a",17,5,"F5_Direct",1,"a","EL62",0.185934307632685
"best_fit_5a",17,5,"F5_Direct",1,"a","EL63",0.487153351675564
"best_fit_5a",17,5,"F5_Direct",1,"a","EL64",0.366078290476097
"best_fit_5a",17,5,"F5_Direct",1,"a","EL65",0.330223168578816
"best_fit_5a",17,5,"F5_Direct",1,"a","ES11",0.468689779873261
"best_fit_5a",17,5,"F5_Direct",1,"a","ES12",0.0793882734573348
"best_fit_5a",17,5,"F5_Direct",1,"a","ES13",0.15576084389543
"best_fit_5a",17,5,"F5_Direct",1,"a","ES21",0.286834713975104
"best_fit_5a",17,5,"F5_Direct",1,"a","ES22",0.216081945050207
"best_fit_5a",17,5,"F5_Direct",1,"a","ES23",0.0261723487189345
"best_fit_5a",17,5,"F5_Direct",1,"a","ES24",0.21613890211869
"best_fit_5a",17,5,"F5_Direct",1,"a","ES30",0.59128063387355
"best_fit_5a",17,5,"F5_Direct",1,"a","ES41",0.382683706285437
"best_fit_5a",17,5,"F5_Direct",1,"a","ES42",0.311157112080091
"best_fit_5a",17,5,"F5_Direct",1,"a","ES43",0.284546631690079
"best_fit_5a",17,5,"F5_Direct",1,"a","ES51",0.571545369016354
"best_fit_5a",17,5,"F5_Direct",1,"a","ES52",0.466136812841077
"best_fit_5a",17,5,"F5_Direct",1,"a","ES53",0.0400479968969704
"best_fit_5a",17,5,"F5_Direct",1,"a","ES61",0.654167452495674
"best_fit_5a",17,5,"F5_Direct",1,"a","ES62",0.217456686237985
"best_fit_5a",17,5,"F5_Direct",1,"a","ES70",0.165920497321941
"best_fit_5a",17,5,"F5_Direct",1,"a","FI193",0.271252441682108
"best_fit_5a",17,5,"F5_Direct",1,"a","FI194",0.176062660216257
"best_fit_5a",17,5,"F5_Direct",1,"a","FI195",0.173659245300525
"best_fit_5a",17,5,"F5_Direct",1,"a","FI196",0.242293891793563
"best_fit_5a",17,5,"F5_Direct",1,"a","FI197",0.471227902887813
"best_fit_5a",17,5,"F5_Direct",1,"a","FI1B1",0.67990615373564
"best_fit_5a",17,5,"F5_Direct",1,"a","FI1C1",0.412182671427387
"best_fit_5a",17,5,"F5_Direct",1,"a","FI1C2",0.178204121557895
"best_fit_5a",17,5,"F5_Direct",1,"a","FI1C3",0.249987542405406
"best_fit_5a",17,5,"F5_Direct",1,"a","FI1C4",0.259515834375489
"best_fit_5a",17,5,"F5_Direct",1,"a","FI1C5",0.138860897829042
"best_fit_5a",17,5,"F5_Direct",1,"a","FI1D1",0.149828062019781
"best_fit_5a",17,5,"F5_Direct",1,"a","FI1D2",0.285791944179326
"best_fit_5a",17,5,"F5_Direct",1,"a","FI1D3",0.187186660276155
"best_fit_5a",17,5,"F5_Direct",1,"a","FI1D5",0.0546123701644356
"best_fit_5a",17,5,"F5_Direct",1,"a","FI1D7",0.18380918534793
"best_fit_5a",17,5,"F5_Direct",1,"a","FI1D8",0.12918158171772
"best_fit_5a",17,5,"F5_Direct",1,"a","FI1D9",0.293754623439326
"best_fit_5a",17,5,"F5_Direct",1,"a","FR10",0.547474031651023
"best_fit_5a",17,5,"F5_Direct",1,"a","FRB0",0.305586203889207
"best_fit_5a",17,5,"F5_Direct",1,"a","FRC1",0.193480684361425
"best_fit_5a",17,5,"F5_Direct",1,"a","FRC2",0.140601567315381
"best_fit_5a",17,5,"F5_Direct",1,"a","FRD1",0.116951110262312
"best_fit_5a",17,5,"F5_Direct",1,"a","FRD2",0.25517577332609
"best_fit_5a",17,5,"F5_Direct",1,"a","FRE1",0.386199094579782
"best_fit_5a",17,5,"F5_Direct",1,"a","FRE2",0.226158363336652
"best_fit_5a",17,5,"F5_Direct",1,"a","FRF1",0.210388800241055
"best_fit_5a",17,5,"F5_Direct",1,"a","FRF2",0.132076912818622
"best_fit_5a",17,5,"F5_Direct",1,"a","FRF3",0.262889512249472
"best_fit_5a",17,5,"F5_Direct",1,"a","FRG0",0.40529760515655
"best_fit_5a",17,5,"F5_Direct",1,"a","FRH0",0.328616541571747
"best_fit_5a",17,5,"F5_Direct",1,"a","FRI1",0.361442416735256
"best_fit_5a",17,5,"F5_Direct",1,"a","FRI2",0.0797129444950331
"best_fit_5a",17,5,"F5_Direct",1,"a","FRI3",0.212014854874891
"best_fit_5a",17,5,"F5_Direct",1,"a","FRJ1",0.200849762164665
"best_fit_5a",17,5,"F5_Direct",1,"a","FRJ2",0.308310446966573
"best_fit_5a",17,5,"F5_Direct",1,"a","FRK1",0.164997555387239
"best_fit_5a",17,5,"F5_Direct",1,"a","FRK2",0.505412850051342
"best_fit_5a",17,5,"F5_Direct",1,"a","FRL0",0.340880016993965
"best_fit_5a",17,5,"F5_Direct",1,"a","HR031",0.392005565139762
"best_fit_5a",17,5,"F5_Direct",1,"a","HR032",0.114165649854135
"best_fit_5a",17,5,"F5_Direct",1,"a","HR033",0.18092739390712
"best_fit_5a",17,5,"F5_Direct",1,"a","HR034",0.119124480359436
"best_fit_5a",17,5,"F5_Direct",1,"a","HR035",0.500497506157504
"best_fit_5a",17,5,"F5_Direct",1,"a","HR036",0.223487487243611
"best_fit_5a",17,5,"F5_Direct",1,"a","HR037",0.169149135518825
"best_fit_5a",17,5,"F5_Direct",1,"a","HU110",0.399632649996904
"best_fit_5a",17,5,"F5_Direct",1,"a","HU120",0.438891476177023
"best_fit_5a",17,5,"F5_Direct",1,"a","HU211",0.268656246304517
"best_fit_5a",17,5,"F5_Direct",1,"a","HU212",0.302443934226814
"best_fit_5a",17,5,"F5_Direct",1,"a","HU213",0.378369299613713
"best_fit_5a",17,5,"F5_Direct",1,"a","HU221",0.208688298379543
"best_fit_5a",17,5,"F5_Direct",1,"a","HU222",0.202699665203333
"best_fit_5a",17,5,"F5_Direct",1,"a","HU223",0.193285934853693
"best_fit_5a",17,5,"F5_Direct",1,"a","HU231",0.216573780583597
"best_fit_5a",17,5,"F5_Direct",1,"a","HU232",0.149048356194513
"best_fit_5a",17,5,"F5_Direct",1,"a","HU233",0.050620556373774
"best_fit_5a",17,5,"F5_Direct",1,"a","HU311",0.42168423254353
"best_fit_5a",17,5,"F5_Direct",1,"a","HU312",0.203186737848821
"best_fit_5a",17,5,"F5_Direct",1,"a","HU313",0.0234038846917978
"best_fit_5a",17,5,"F5_Direct",1,"a","HU321",0.359600985071849
"best_fit_5a",17,5,"F5_Direct",1,"a","HU322",0.118881366435442
"best_fit_5a",17,5,"F5_Direct",1,"a","HU323",0.536451175470027
"best_fit_5a",17,5,"F5_Direct",1,"a","HU331",0.225861581717135
"best_fit_5a",17,5,"F5_Direct",1,"a","HU332",0.0916452800623199
"best_fit_5a",17,5,"F5_Direct",1,"a","HU333",0.20570616681005
"best_fit_5a",17,5,"F5_Direct",1,"a","IE041",0.397415400374076
"best_fit_5a",17,5,"F5_Direct",1,"a","IE042",0.390077589599353
"best_fit_5a",17,5,"F5_Direct",1,"a","IE051",0.393905070165809
"best_fit_5a",17,5,"F5_Direct",1,"a","IE052",0.373237308014884
"best_fit_5a",17,5,"F5_Direct",1,"a","IE053",0.429497337959229
"best_fit_5a",17,5,"F5_Direct",1,"a","IE061",0.630183735799131
"best_fit_5a",17,5,"F5_Direct",1,"a","IE062",0.397310164605877
"best_fit_5a",17,5,"F5_Direct",1,"a","IE063",0.382962365362329
"best_fit_5a",17,5,"F5_Direct",1,"a","ITC",0.78724734376888
"best_fit_5a",17,5,"F5_Direct",1,"a","ITF",0.710749407003399
"best_fit_5a",17,5,"F5_Direct",1,"a","ITG",0.549795848474985
"best_fit_5a",17,5,"F5_Direct",1,"a","ITH",0.69307514867967
"best_fit_5a",17,5,"F5_Direct",1,"a","ITI",0.66890752015186
"best_fit_5a",17,5,"F5_Direct",1,"a","NL11",0.187781383730447
"best_fit_5a",17,5,"F5_Direct",1,"a","NL12",0.272360871602057
"best_fit_5a",17,5,"F5_Direct",1,"a","NL13",0.220896996594304
"best_fit_5a",17,5,"F5_Direct",1,"a","NL21",0.401980720296388
"best_fit_5a",17,5,"F5_Direct",1,"a","NL22",0.514112235706103
"best_fit_5a",17,5,"F5_Direct",1,"a","NL23",0.159277907969429
"best_fit_5a",17,5,"F5_Direct",1,"a","NL32",0.54623035047264
"best_fit_5a",17,5,"F5_Direct",1,"a","NL34",0.179621935956512
"best_fit_5a",17,5,"F5_Direct",1,"a","NL41",0.507852724611483
"best_fit_5a",17,5,"F5_Direct",1,"a","NL42",0.341422607722827
"best_fit_5a",17,5,"F5_Direct",1,"a","NO02",0.302228156505614
"best_fit_5a",17,5,"F5_Direct",1,"a","NO06",0.397447266090378
"best_fit_5a",17,5,"F5_Direct",1,"a","NO07",0.340001097156628
"best_fit_5a",17,5,"F5_Direct",1,"a","NO08",0.685901068371218
"best_fit_5a",17,5,"F5_Direct",1,"a","NO09",0.520342789635428
"best_fit_5a",17,5,"F5_Direct",1,"a","NO0A",0.626384833462599
"best_fit_5a",17,5,"F5_Direct",1,"a","PL21",0.29577445833612
"best_fit_5a",17,5,"F5_Direct",1,"a","PL22",0.370358357911892
"best_fit_5a",17,5,"F5_Direct",1,"a","PL41",0.295794233928213
"best_fit_5a",17,5,"F5_Direct",1,"a","PL42",0.124754262344099
"best_fit_5a",17,5,"F5_Direct",1,"a","PL43",0.125300863010012
"best_fit_5a",17,5,"F5_Direct",1,"a","PL51",0.266078769134606
"best_fit_5a",17,5,"F5_Direct",1,"a","PL52",0.135700740667103
"best_fit_5a",17,5,"F5_Direct",1,"a","PL61",0.16777670720919
"best_fit_5a",17,5,"F5_Direct",1,"a","PL62",0.0996914517736032
"best_fit_5a",17,5,"F5_Direct",1,"a","PL63",0.264459512875845
"best_fit_5a",17,5,"F5_Direct",1,"a","PL71",0.319183230402047
"best_fit_5a",17,5,"F5_Direct",1,"a","PL72",0.17984939498499
"best_fit_5a",17,5,"F5_Direct",1,"a","PL81",0.161765143236119
"best_fit_5a",17,5,"F5_Direct",1,"a","PL84",0.125903342642838
"best_fit_5a",17,5,"F5_Direct",1,"a","PL91",0.321087575377263
"best_fit_5a",17,5,"F5_Direct",1,"a","PL92",0.218852035216282
"best_fit_5a",17,5,"F5_Direct",1,"a","PT11",0.609131233177786
"best_fit_5a",17,5,"F5_Direct",1,"a","PT15",0.178050881108671
"best_fit_5a",17,5,"F5_Direct",1,"a","SE11",0.532228343450466
"best_fit_5a",17,5,"F5_Direct",1,"a","SE12",0.467885716618718
"best_fit_5a",17,5,"F5_Direct",1,"a","SE21",0.299891581491916
"best_fit_5a",17,5,"F5_Direct",1,"a","SE22",0.465805371082743
"best_fit_5a",17,5,"F5_Direct",1,"a","SE23",0.546934458828251
"best_fit_5a",17,5,"F5_Direct",1,"a","SE31",0.324170094991766
"best_fit_5a",17,5,"F5_Direct",1,"a","SE32",0.191249846626061
"best_fit_5a",17,5,"F5_Direct",1,"a","SE33",0.345659877877875
"best_fit_5a",17,5,"F5_Direct",1,"a","SI031",0.213608862987214
"best_fit_5a",17,5,"F5_Direct",1,"a","SI032",0.403657251365297
"best_fit_5a",17,5,"F5_Direct",1,"a","SI033",0.123476793215151
"best_fit_5a",17,5,"F5_Direct",1,"a","SI034",0.429183496266673
"best_fit_5a",17,5,"F5_Direct",1,"a","SI035",0.115322599786733
"best_fit_5a",17,5,"F5_Direct",1,"a","SI036",0.189849661382176
"best_fit_5a",17,5,"F5_Direct",1,"a","SI037",0.284720479366156
"best_fit_5a",17,5,"F5_Direct",1,"a","SI038",0.104200508070739
"best_fit_5a",17,5,"F5_Direct",1,"a","SI041",0.533573287017413
"best_fit_5a",17,5,"F5_Direct",1,"a","SI042",0.311409891697223
"best_fit_5a",17,5,"F5_Direct",1,"a","SI043",0.260197963225845
"best_fit_5a",17,5,"F5_Direct",1,"a","SI044",0.220653450678284
"best_fit_5b",18,5,"F5_Direct",2,"b","AT11",0.763408109207018
"best_fit_5b",18,5,"F5_Direct",2,"b","AT12",0.939092430718654
"best_fit_5b",18,5,"F5_Direct",2,"b","AT13",0.91191681389577
"best_fit_5b",18,5,"F5_Direct",2,"b","AT21",0.86946319344004
"best_fit_5b",18,5,"F5_Direct",2,"b","AT22",0.949947155070356
"best_fit_5b",18,5,"F5_Direct",2,"b","AT31",0.9432648223211
"best_fit_5b",18,5,"F5_Direct",2,"b","AT32",0.851276835023336
"best_fit_5b",18,5,"F5_Direct",2,"b","AT33",0.920136575178984
"best_fit_5b",18,5,"F5_Direct",2,"b","AT34",0.871283834918594
"best_fit_5b",18,5,"F5_Direct",2,"b","BE10",0.843646124626662
"best_fit_5b",18,5,"F5_Direct",2,"b","BE21",0.945776054684002
"best_fit_5b",18,5,"F5_Direct",2,"b","BE22",0.921274705062608
"best_fit_5b",18,5,"F5_Direct",2,"b","BE23",0.927034877103846
"best_fit_5b",18,5,"F5_Direct",2,"b","BE24",0.902346172402441
"best_fit_5b",18,5,"F5_Direct",2,"b","BE25",0.9129470475529
"best_fit_5b",18,5,"F5_Direct",2,"b","BE31",0.687369339524385
"best_fit_5b",18,5,"F5_Direct",2,"b","BE32",0.897473594446746
"best_fit_5b",18,5,"F5_Direct",2,"b","BE33",0.855422416804362
"best_fit_5b",18,5,"F5_Direct",2,"b","BE34",0.572189639126445
"best_fit_5b",18,5,"F5_Direct",2,"b","BE35",0.70958043487393
"best_fit_5b",18,5,"F5_Direct",2,"b","BG311",0.556431738171959
"best_fit_5b",18,5,"F5_Direct",2,"b","BG312",0.711245786933669
"best_fit_5b",18,5,"F5_Direct",2,"b","BG313",0.757645813356856
"best_fit_5b",18,5,"F5_Direct",2,"b","BG314",0.843878154100228
"best_fit_5b",18,5,"F5_Direct",2,"b","BG315",0.92388267949533
"best_fit_5b",18,5,"F5_Direct",2,"b","BG321",0.881974589715246
"best_fit_5b",18,5,"F5_Direct",2,"b","BG322",0.765362133855541
"best_fit_5b",18,5,"F5_Direct",2,"b","BG323",0.770453582364242
"best_fit_5b",18,5,"F5_Direct",2,"b","BG324",0.839070641352275
"best_fit_5b",18,5,"F5_Direct",2,"b","BG325",0.641683659598494
"best_fit_5b",18,5,"F5_Direct",2,"b","BG331",0.811348055793349
"best_fit_5b",18,5,"F5_Direct",2,"b","BG332",0.545288764177681
"best_fit_5b",18,5,"F5_Direct",2,"b","BG333",0.742793003608736
"best_fit_5b",18,5,"F5_Direct",2,"b","BG334",0.540450282627816
"best_fit_5b",18,5,"F5_Direct",2,"b","BG341",0.793000745154464
"best_fit_5b",18,5,"F5_Direct",2,"b","BG342",0.714024732416108
"best_fit_5b",18,5,"F5_Direct",2,"b","BG343",0.691406339070271
"best_fit_5b",18,5,"F5_Direct",2,"b","BG344",0.921376969284009
"best_fit_5b",18,5,"F5_Direct",2,"b","BG411",0.913236663940352
"best_fit_5b",18,5,"F5_Direct",2,"b","BG412",0.925402914146984
"best_fit_5b",18,5,"F5_Direct",2,"b","BG413",0.927376047089469
"best_fit_5b",18,5,"F5_Direct",2,"b","BG414",0.726437367547495
"best_fit_5b",18,5,"F5_Direct",2,"b","BG415",0.737531404184129
"best_fit_5b",18,5,"F5_Direct",2,"b","BG421",0.904349451092624
"best_fit_5b",18,5,"F5_Direct",2,"b","BG422",0.708773551789846
"best_fit_5b",18,5,"F5_Direct",2,"b","BG423",0.769788053357056
"best_fit_5b",18,5,"F5_Direct",2,"b","BG424",0.656511834742057
"best_fit_5b",18,5,"F5_Direct",2,"b","BG425",0.729627671196361
"best_fit_5b",18,5,"F5_Direct",2,"b","CH01",0.887044909825267
"best_fit_5b",18,5,"F5_Direct",2,"b","CH02",0.926881489427292
"best_fit_5b",18,5,"F5_Direct",2,"b","CH03",0.844582127884349
"best_fit_5b",18,5,"F5_Direct",2,"b","CH04",0.869224648155136
"best_fit_5b",18,5,"F5_Direct",2,"b","CH05",0.852563596126457
"best_fit_5b",18,5,"F5_Direct",2,"b","CH06",0.829256725513569
"best_fit_5b",18,5,"F5_Direct",2,"b","CH07",0.596725864422272
"best_fit_5b",18,5,"F5_Direct",2,"b","DE1",0.940952262609873
"best_fit_5b",18,5,"F5_Direct",2,"b","DE2",0.95537261171631
"best_fit_5b",18,5,"F5_Direct",2,"b","DE3",0.778171996053862
"best_fit_5b",18,5,"F5_Direct",2,"b","DE4",0.825331583117583
"best_fit_5b",18,5,"F5_Direct",2,"b","DE6",0.588474261357161
"best_fit_5b",18,5,"F5_Direct",2,"b","DE7",0.897376920618222
"best_fit_5b",18,5,"F5_Direct",2,"b","DE8",0.669733644911126
"best_fit_5b",18,5,"F5_Direct",2,"b","DE9",0.910803784195535
"best_fit_5b",18,5,"F5_Direct",2,"b","DEA",0.968930991003256
"best_fit_5b",18,5,"F5_Direct",2,"b","DEB",0.836684917103647
"best_fit_5b",18,5,"F5_Direct",2,"b","DEC",0.604791273816459
"best_fit_5b",18,5,"F5_Direct",2,"b","DED",0.87873088750084
"best_fit_5b",18,5,"F5_Direct",2,"b","DEE",0.783185468768754
"best_fit_5b",18,5,"F5_Direct",2,"b","DEF",0.835022862451806
"best_fit_5b",18,5,"F5_Direct",2,"b","DEG",0.749150700586349
"best_fit_5b",18,5,"F5_Direct",2,"b","EL30",0.962243241972996
"best_fit_5b",18,5,"F5_Direct",2,"b","EL41",0.834423939917232
"best_fit_5b",18,5,"F5_Direct",2,"b","EL42",0.841016161191695
"best_fit_5b",18,5,"F5_Direct",2,"b","EL43",0.870720276548026
"best_fit_5b",18,5,"F5_Direct",2,"b","EL51",0.874106866799142
"best_fit_5b",18,5,"F5_Direct",2,"b","EL52",0.948876426815402
"best_fit_5b",18,5,"F5_Direct",2,"b","EL53",0.744242763195262
"best_fit_5b",18,5,"F5_Direct",2,"b","EL54",0.723035681603781
"best_fit_5b",18,5,"F5_Direct",2,"b","EL61",0.90286715105543
"best_fit_5b",18,5,"F5_Direct",2,"b","EL62",0.708340642488563
"best_fit_5b",18,5,"F5_Direct",2,"b","EL63",0.909914244938513
"best_fit_5b",18,5,"F5_Direct",2,"b","EL64",0.859954001526012
"best_fit_5b",18,5,"F5_Direct",2,"b","EL65",0.839809364100557
"best_fit_5b",18,5,"F5_Direct",2,"b","ES11",0.903661015203274
"best_fit_5b",18,5,"F5_Direct",2,"b","ES12",0.478338195889235
"best_fit_5b",18,5,"F5_Direct",2,"b","ES13",0.662369661574833
"best_fit_5b",18,5,"F5_Direct",2,"b","ES21",0.810487224969906
"best_fit_5b",18,5,"F5_Direct",2,"b","ES22",0.745611001187335
"best_fit_5b",18,5,"F5_Direct",2,"b","ES23",0.222259956122271
"best_fit_5b",18,5,"F5_Direct",2,"b","ES24",0.74567476757189
"best_fit_5b",18,5,"F5_Direct",2,"b","ES30",0.938960269199376
"best_fit_5b",18,5,"F5_Direct",2,"b","ES41",0.868277451733246
"best_fit_5b",18,5,"F5_Direct",2,"b","ES42",0.82767965382
"best_fit_5b",18,5,"F5_Direct",2,"b","ES43",0.80875905822714
"best_fit_5b",18,5,"F5_Direct",2,"b","ES51",0.934143087288653
"best_fit_5b",18,5,"F5_Direct",2,"b","ES52",0.902764494816336
"best_fit_5b",18,5,"F5_Direct",2,"b","ES53",0.307290233767267
"best_fit_5b",18,5,"F5_Direct",2,"b","ES61",0.952637103276934
"best_fit_5b",18,5,"F5_Direct",2,"b","ES62",0.747143781890391
"best_fit_5b",18,5,"F5_Direct",2,"b","ES70",0.678996997827964
"best_fit_5b",18,5,"F5_Direct",2,"b","FI193",0.798300919556752
"best_fit_5b",18,5,"F5_Direct",2,"b","FI194",0.69439163464678
"best_fit_5b",18,5,"F5_Direct",2,"b","FI195",0.690845275724978
"best_fit_5b",18,5,"F5_Direct",2,"b","FI196",0.772738970476052
"best_fit_5b",18,5,"F5_Direct",2,"b","FI197",0.904544431626154
"best_fit_5b",18,5,"F5_Direct",2,"b","FI1B1",0.957601826187212
"best_fit_5b",18,5,"F5_Direct",2,"b","FI1C1",0.88174260373151
"best_fit_5b",18,5,"F5_Direct",2,"b","FI1C2",0.697500544277675
"best_fit_5b",18,5,"F5_Direct",2,"b","FI1C3",0.779938408246893
"best_fit_5b",18,5,"F5_Direct",2,"b","FI1C4",0.788431996598349
"best_fit_5b",18,5,"F5_Direct",2,"b","FI1C5",0.631626963216595
"best_fit_5b",18,5,"F5_Direct",2,"b","FI1D1",0.652043995121446
"best_fit_5b",18,5,"F5_Direct",2,"b","FI1D2",0.809702148343506
"best_fit_5b",18,5,"F5_Direct",2,"b","FI1D3",0.710042615301004
"best_fit_5b",18,5,"F5_Direct",2,"b","FI1D5",0.38051841467575
"best_fit_5b",18,5,"F5_Direct",2,"b","FI1D7",0.705418643166535
"best_fit_5b",18,5,"F5_Direct",2,"b","FI1D8",0.612010641579431
"best_fit_5b",18,5,"F5_Direct",2,"b","FI1D9",0.815592713851171
"best_fit_5b",18,5,"F5_Direct",2,"b","FR10",0.927872309144055
"best_fit_5b",18,5,"F5_Direct",2,"b","FRB0",0.823922189747138
"best_fit_5b",18,5,"F5_Direct",2,"b","FRC1",0.718379194549175
"best_fit_5b",18,5,"F5_Direct",2,"b","FRC2",0.634989812757184
"best_fit_5b",18,5,"F5_Direct",2,"b","FRD1",0.584764077521122
"best_fit_5b",18,5,"F5_Direct",2,"b","FRD2",0.784619148415516
"best_fit_5b",18,5,"F5_Direct",2,"b","FRE1",0.869967181693581
"best_fit_5b",18,5,"F5_Direct",2,"b","FRE2",0.75654952091456
"best_fit_5b",18,5,"F5_Direct",2,"b","FRF1",0.739120584641117
"best_fit_5b",18,5,"F5_Direct",2,"b","FRF2",0.618047140620115
"best_fit_5b",18,5,"F5_Direct",2,"b","FRF3",0.791333506913527
"best_fit_5b",18,5,"F5_Direct",2,"b","FRG0",0.87873943225502
"best_fit_5b",18,5,"F5_Direct",2,"b","FRH0",0.838828506801347
"best_fit_5b",18,5,"F5_Direct",2,"b","FRI1",0.857524182450241
"best_fit_5b",18,5,"F5_Direct",2,"b","FRI2",0.479444732494509
"best_fit_5b",18,5,"F5_Direct",2,"b","FRI3",0.740998225482432
"best_fit_5b",18,5,"F5_Direct",2,"b","FRJ1",0.727701972394517
"best_fit_5b",18,5,"F5_Direct",2,"b","FRJ2",0.825772328196446
"best_fit_5b",18,5,"F5_Direct",2,"b","FRK1",0.677538410501399
"best_fit_5b",18,5,"F5_Direct",2,"b","FRK2",0.915725588001461
"best_fit_5b",18,5,"F5_Direct",2,"b","FRL0",0.846136023220364
"best_fit_5b",18,5,"F5_Direct",2,"b","HR031",0.872705684886375
"best_fit_5b",18,5,"F5_Direct",2,"b","HR032",0.578131258354662
"best_fit_5b",18,5,"F5_Direct",2,"b","HR033",0.701386562464457
"best_fit_5b",18,5,"F5_Direct",2,"b","HR034",0.589824251656968
"best_fit_5b",18,5,"F5_Direct",2,"b","HR035",0.914195754762339
"best_fit_5b",18,5,"F5_Direct",2,"b","HR036",0.753715737515422
"best_fit_5b",18,5,"F5_Direct",2,"b","HR037",0.684021825856201
"best_fit_5b",18,5,"F5_Direct",2,"b","HU110",0.876206858674854
"best_fit_5b",18,5,"F5_Direct",2,"b","HU120",0.89267146434329
"best_fit_5b",18,5,"F5_Direct",2,"b","HU211",0.796171438264014
"best_fit_5b",18,5,"F5_Direct",2,"b","HU212",0.821757336547416
"best_fit_5b",18,5,"F5_Direct",2,"b","HU213",0.866169985126434
"best_fit_5b",18,5,"F5_Direct",2,"b","HU221",0.737136075094157
"best_fit_5b",18,5,"F5_Direct",2,"b","HU222",0.729971932154558
"best_fit_5b",18,5,"F5_Direct",2,"b","HU223",0.718126540037945
"best_fit_5b",18,5,"F5_Direct",2,"b","HU231",0.746160889088438
"best_fit_5b",18,5,"F5_Direct",2,"b","HU232",0.650650937060569
"best_fit_5b",18,5,"F5_Direct",2,"b","HU233",0.361822062068398
"best_fit_5b",18,5,"F5_Direct",2,"b","HU311",0.88575781614316
"best_fit_5b",18,5,"F5_Direct",2,"b","HU312",0.730565054435645
"best_fit_5b",18,5,"F5_Direct",2,"b","HU313",0.203075042581893
"best_fit_5b",18,5,"F5_Direct",2,"b","HU321",0.856545534974437
"best_fit_5b",18,5,"F5_Direct",2,"b","HU322",0.589263125197469
"best_fit_5b",18,5,"F5_Direct",2,"b","HU323",0.924843369292356
"best_fit_5b",18,5,"F5_Direct",2,"b","HU331",0.756236905028958
"best_fit_5b",18,5,"F5_Direct",2,"b","HU332",0.517561953579238
"best_fit_5b",18,5,"F5_Direct",2,"b","HU333",0.733603233815588
"best_fit_5b",18,5,"F5_Direct",2,"b","IE041",0.875200027307357
"best_fit_5b",18,5,"F5_Direct",2,"b","IE042",0.871803535308927
"best_fit_5b",18,5,"F5_Direct",2,"b","IE051",0.873587677158776
"best_fit_5b",18,5,"F5_Direct",2,"b","IE052",0.863613511080561
"best_fit_5b",18,5,"F5_Direct",2,"b","IE053",0.888952317945167
"best_fit_5b",18,5,"F5_Direct",2,"b","IE061",0.947697507329591
"best_fit_5b",18,5,"F5_Direct",2,"b","IE062",0.875152019302127
"best_fit_5b",18,5,"F5_Direct",2,"b","IE063",0.868412284497833
"best_fit_5b",18,5,"F5_Direct",2,"b","ITC",0.975214495278054
"best_fit_5b",18,5,"F5_Direct",2,"b","ITF",0.96313790129408
"best_fit_5b",18,5,"F5_Direct",2,"b","ITG",0.928497288482032
"best_fit_5b",18,5,"F5_Direct",2,"b","ITH",0.960017962815385
"best_fit_5b",18,5,"F5_Direct",2,"b","ITI",0.955520775704464
"best_fit_5b",18,5,"F5_Direct",2,"b","NL11",0.710845736788833
"best_fit_5b",18,5,"F5_Direct",2,"b","NL12",0.799201134924166
"best_fit_5b",18,5,"F5_Direct",2,"b","NL13",0.750922707144896
"best_fit_5b",18,5,"F5_Direct",2,"b","NL21",0.877263470421286
"best_fit_5b",18,5,"F5_Direct",2,"b","NL22",0.91837349597918
"best_fit_5b",18,5,"F5_Direct",2,"b","NL23",0.668271038451816
"best_fit_5b",18,5,"F5_Direct",2,"b","NL32",0.927535702726166
"best_fit_5b",18,5,"F5_Direct",2,"b","NL34",0.699533036432194
"best_fit_5b",18,5,"F5_Direct",2,"b","NL41",0.916475833903975
"best_fit_5b",18,5,"F5_Direct",2,"b","NL42",0.846450040754083
"best_fit_5b",18,5,"F5_Direct",2,"b","NO02",0.82160744795154
"best_fit_5b",18,5,"F5_Direct",2,"b","NO06",0.875214560303813
"best_fit_5b",18,5,"F5_Direct",2,"b","NO07",0.845625730219582
"best_fit_5b",18,5,"F5_Direct",2,"b","NO08",0.958711714770543
"best_fit_5b",18,5,"F5_Direct",2,"b","NO09",0.920224580213198
"best_fit_5b",18,5,"F5_Direct",2,"b","NO0A",0.9468853303728
"best_fit_5b",18,5,"F5_Direct",2,"b","PL21",0.817049601578735
"best_fit_5b",18,5,"F5_Direct",2,"b","PL22",0.862155148119136
"best_fit_5b",18,5,"F5_Direct",2,"b","PL41",0.817063792720689
"best_fit_5b",18,5,"F5_Direct",2,"b","PL42",0.602484359342198
"best_fit_5b",18,5,"F5_Direct",2,"b","PL43",0.603680403982744
"best_fit_5b",18,5,"F5_Direct",2,"b","PL51",0.794027739474714
"best_fit_5b",18,5,"F5_Direct",2,"b","PL52",0.625396839510707
"best_fit_5b",18,5,"F5_Direct",2,"b","PL61",0.681900472566997
"best_fit_5b",18,5,"F5_Direct",2,"b","PL62",0.540741623625819
"best_fit_5b",18,5,"F5_Direct",2,"b","PL63",0.792665649760622
"best_fit_5b",18,5,"F5_Direct",2,"b","PL71",0.832919091613272
"best_fit_5b",18,5,"F5_Direct",2,"b","PL72",0.699857216517838
"best_fit_5b",18,5,"F5_Direct",2,"b","PL81",0.672350081717392
"best_fit_5b",18,5,"F5_Direct",2,"b","PL84",0.604992125612724
"best_fit_5b",18,5,"F5_Direct",2,"b","PL91",0.834133190635133
"best_fit_5b",18,5,"F5_Direct",2,"b","PL92",0.748686182969035
"best_fit_5b",18,5,"F5_Direct",2,"b","PT11",0.943087715333535
"best_fit_5b",18,5,"F5_Direct",2,"b","PT15",0.697279643667922
"best_fit_5b",18,5,"F5_Direct",2,"b","SE11",0.923655174914744
"best_fit_5b",18,5,"F5_Direct",2,"b","SE12",0.903379517689739
"best_fit_5b",18,5,"F5_Direct",2,"b","SE21",0.819974099421843
"best_fit_5b",18,5,"F5_Direct",2,"b","SE22",0.902647513683536
"best_fit_5b",18,5,"F5_Direct",2,"b","SE23",0.927726429991323
"best_fit_5b",18,5,"F5_Direct",2,"b","SE31",0.83607552567518
"best_fit_5b",18,5,"F5_Direct",2,"b","SE32",0.715465088871128
"best_fit_5b",18,5,"F5_Direct",2,"b","SE33",0.848876228704288
"best_fit_5b",18,5,"F5_Direct",2,"b","SI031",0.742820188960113
"best_fit_5b",18,5,"F5_Direct",2,"b","SI032",0.878011912005169
"best_fit_5b",18,5,"F5_Direct",2,"b","SI033",0.599666630671316
"best_fit_5b",18,5,"F5_Direct",2,"b","SI034",0.888825804669331
"best_fit_5b",18,5,"F5_Direct",2,"b","SI035",0.580906695224029
"best_fit_5b",18,5,"F5_Direct",2,"b","SI036",0.713613434728595
"best_fit_5b",18,5,"F5_Direct",2,"b","SI037",0.808891078239725
"best_fit_5b",18,5,"F5_Direct",2,"b","SI038",0.552947398419353
"best_fit_5b",18,5,"F5_Direct",2,"b","SI041",0.924035315513172
"best_fit_5b",18,5,"F5_Direct",2,"b","SI042",0.827847757222698
"best_fit_5b",18,5,"F5_Direct",2,"b","SI043",0.78902299512395
"best_fit_5b",18,5,"F5_Direct",2,"b","SI044",0.750657825781753
"best_fit_5c",19,5,"F5_Direct",3,"c","AT11",0.20276807580418
"best_fit_5c",19,5,"F5_Direct",3,"c","AT12",0.548600461037188
"best_fit_5c",19,5,"F5_Direct",3,"c","AT13",0.449356318629292
"best_fit_5c",19,5,"F5_Direct",3,"c","AT21",0.344271079471846
"best_fit_5c",19,5,"F5_Direct",3,"c","AT22",0.599357354673686
"best_fit_5c",19,5,"F5_Direct",3,"c","AT31",0.567194479718353
"best_fit_5c",19,5,"F5_Direct",3,"c","AT32",0.31090577628042
"best_fit_5c",19,5,"F5_Direct",3,"c","AT33",0.475934920178993
"best_fit_5c",19,5,"F5_Direct",3,"c","AT34",0.347923152560847
"best_fit_5c",19,5,"F5_Direct",3,"c","BE10",0.298400198724421
"best_fit_5c",19,5,"F5_Direct",3,"c","BE21",0.578920699660325
"best_fit_5c",19,5,"F5_Direct",3,"c","BE22",0.47982467790289
"best_fit_5c",19,5,"F5_Direct",3,"c","BE23",0.500367688334475
"best_fit_5c",19,5,"F5_Direct",3,"c","BE24",0.421414480816735
"best_fit_5c",19,5,"F5_Direct",3,"c","BE25",0.452548835803028
"best_fit_5c",19,5,"F5_Direct",3,"c","BE31",0.147708280397945
"best_fit_5c",19,5,"F5_Direct",3,"c","BE32",0.408281154349997
"best_fit_5c",19,5,"F5_Direct",3,"c","BE33",0.318047395556564
"best_fit_5c",19,5,"F5_Direct",3,"c","BE34",0.0953711680199407
"best_fit_5c",19,5,"F5_Direct",3,"c","BE35",0.16148886450387
"best_fit_5c",19,5,"F5_Direct",3,"c","BG311",0.0899827080720241
"best_fit_5c",19,5,"F5_Direct",3,"c","BG312",0.162588016742785
"best_fit_5c",19,5,"F5_Direct",3,"c","BG313",0.197701391140003
"best_fit_5c",19,5,"F5_Direct",3,"c","BG314",0.298768819228286
"best_fit_5c",19,5,"F5_Direct",3,"c","BG315",0.488944396248055
"best_fit_5c",19,5,"F5_Direct",3,"c","BG321",0.37068586488259
"best_fit_5c",19,5,"F5_Direct",3,"c","BG322",0.204527618679621
"best_fit_5c",19,5,"F5_Direct",3,"c","BG323",0.209214827949854
"best_fit_5c",19,5,"F5_Direct",3,"c","BG324",0.291272990156943
"best_fit_5c",19,5,"F5_Direct",3,"c","BG325",0.123698867651289
"best_fit_5c",19,5,"F5_Direct",3,"c","BG331",0.253175839519087
"best_fit_5c",19,5,"F5_Direct",3,"c","BG332",0.0863620565719749
"best_fit_5c",19,5,"F5_Direct",3,"c","BG333",0.185427017501656
"best_fit_5c",19,5,"F5_Direct",3,"c","BG334",0.0848359953993186
"best_fit_5c",19,5,"F5_Direct",3,"c","BG341",0.23193273696619
"best_fit_5c",19,5,"F5_Direct",3,"c","BG342",0.164444093328331
"best_fit_5c",19,5,"F5_Direct",3,"c","BG343",0.150097496836362
"best_fit_5c",19,5,"F5_Direct",3,"c","BG344",0.480176824103446
"best_fit_5c",19,5,"F5_Direct",3,"c","BG411",0.453453180766842
"best_fit_5c",19,5,"F5_Direct",3,"c","BG412",0.494397461058987
"best_fit_5c",19,5,"F5_Direct",3,"c","BG413",0.501631361670314
"best_fit_5c",19,5,"F5_Direct",3,"c","BG414",0.173085271623775
"best_fit_5c",19,5,"F5_Direct",3,"c","BG415",0.181330126108003
"best_fit_5c",19,5,"F5_Direct",3,"c","BG421",0.427018898274302
"best_fit_5c",19,5,"F5_Direct",3,"c","BG422",0.160959806228687
"best_fit_5c",19,5,"F5_Direct",3,"c","BG423",0.208593551775332
"best_fit_5c",19,5,"F5_Direct",3,"c","BG424",0.130931141476196
"best_fit_5c",19,5,"F5_Direct",3,"c","BG425",0.175403590419682
"best_fit_5c",19,5,"F5_Direct",3,"c","CH01",0.3823386556208
"best_fit_5c",19,5,"F5_Direct",3,"c","CH02",0.49980132013909
"best_fit_5c",19,5,"F5_Direct",3,"c","CH03",0.299891551930089
"best_fit_5c",19,5,"F5_Direct",3,"c","CH04",0.343797129606032
"best_fit_5c",19,5,"F5_Direct",3,"c","CH05",0.313095289968053
"best_fit_5c",19,5,"F5_Direct",3,"c","CH06",0.276844119714746
"best_fit_5c",19,5,"F5_Direct",3,"c","CH07",0.104452987872984
"best_fit_5c",19,5,"F5_Direct",3,"c","DE1",0.556756155933005
"best_fit_5c",19,5,"F5_Direct",3,"c","DE2",0.627899186196647
"best_fit_5c",19,5,"F5_Direct",3,"c","DE3",0.216616537900012
"best_fit_5c",19,5,"F5_Direct",3,"c","DE4",0.271377867165354
"best_fit_5c",19,5,"F5_Direct",3,"c","DE6",0.101298689983497
"best_fit_5c",19,5,"F5_Direct",3,"c","DE7",0.408027464501926
"best_fit_5c",19,5,"F5_Direct",3,"c","DE8",0.137814929323642
"best_fit_5c",19,5,"F5_Direct",3,"c","DE9",0.445949529275
"best_fit_5c",19,5,"F5_Direct",3,"c","DEA",0.710835167153193
"best_fit_5c",19,5,"F5_Direct",3,"c","DEB",0.28766070070921
"best_fit_5c",19,5,"F5_Direct",3,"c","DEC",0.107640747951786
"best_fit_5c",19,5,"F5_Direct",3,"c","DED",0.363530724242538
"best_fit_5c",19,5,"F5_Direct",3,"c","DEE",0.221626727913332
"best_fit_5c",19,5,"F5_Direct",3,"c","DEF",0.28518479608273
"best_fit_5c",19,5,"F5_Direct",3,"c","DEG",0.190548350941914
"best_fit_5c",19,5,"F5_Direct",3,"c","EL30",0.667647439042802
"best_fit_5c",19,5,"F5_Direct",3,"c","EL41",0.284300634289708
"best_fit_5c",19,5,"F5_Direct",3,"c","EL42",0.294270926331352
"best_fit_5c",19,5,"F5_Direct",3,"c","EL43",0.346786081534044
"best_fit_5c",19,5,"F5_Direct",3,"c","EL51",0.353710301336535
"best_fit_5c",19,5,"F5_Direct",3,"c","EL52",0.593992242746858
"best_fit_5c",19,5,"F5_Direct",3,"c","EL53",0.186578054150894
"best_fit_5c",19,5,"F5_Direct",3,"c","EL54",0.170658293636258
"best_fit_5c",19,5,"F5_Direct",3,"c","EL61",0.422860157354285
"best_fit_5c",19,5,"F5_Direct",3,"c","EL62",0.160676888526987
"best_fit_5c",19,5,"F5_Direct",3,"c","EL63",0.443257845819654
"best_fit_5c",19,5,"F5_Direct",3,"c","EL64",0.326154226655044
"best_fit_5c",19,5,"F5_Direct",3,"c","EL65",0.292405730434517
"best_fit_5c",19,5,"F5_Direct",3,"c","ES11",0.425078993414806
"best_fit_5c",19,5,"F5_Direct",3,"c","ES12",0.0674057203618645
"best_fit_5c",19,5,"F5_Direct",3,"c","ES13",0.133927884587942
"best_fit_5c",19,5,"F5_Direct",3,"c","ES21",0.252115783674329
"best_fit_5c",19,5,"F5_Direct",3,"c","ES22",0.187673371453558
"best_fit_5c",19,5,"F5_Direct",3,"c","ES23",0.0220297908729255
"best_fit_5c",19,5,"F5_Direct",3,"c","ES24",0.187724633504202
"best_fit_5c",19,5,"F5_Direct",3,"c","ES30",0.548028783643551
"best_fit_5c",19,5,"F5_Direct",3,"c","ES41",0.341925477117489
"best_fit_5c",19,5,"F5_Direct",3,"c","ES42",0.274627852843035
"best_fit_5c",19,5,"F5_Direct",3,"c","ES43",0.250007565691289
"best_fit_5c",19,5,"F5_Direct",3,"c","ES51",0.527872661513436
"best_fit_5c",19,5,"F5_Direct",3,"c","ES52",0.422574642149298
"best_fit_5c",19,5,"F5_Direct",3,"c","ES53",0.0337853971902206
"best_fit_5c",19,5,"F5_Direct",3,"c","ES61",0.613217225379727
"best_fit_5c",19,5,"F5_Direct",3,"c","ES62",0.188910928663282
"best_fit_5c",19,5,"F5_Direct",3,"c","ES70",0.142904515509684
"best_fit_5c",19,5,"F5_Direct",3,"c","FI193",0.23779073100541
"best_fit_5c",19,5,"F5_Direct",3,"c","FI194",0.151896000403159
"best_fit_5c",19,5,"F5_Direct",3,"c","FI195",0.149762518787864
"best_fit_5c",19,5,"F5_Direct",3,"c","FI196",0.211368378961827
"best_fit_5c",19,5,"F5_Direct",3,"c","FI197",0.427571004223984
"best_fit_5c",19,5,"F5_Direct",3,"c","FI1B1",0.640327966360338
"best_fit_5c",19,5,"F5_Direct",3,"c","FI1C1",0.370166575921792
"best_fit_5c",19,5,"F5_Direct",3,"c","FI1C2",0.15379838888072
"best_fit_5c",19,5,"F5_Direct",3,"c","FI1C3",0.218363039162266
"best_fit_5c",19,5,"F5_Direct",3,"c","FI1C4",0.227050862089291
"best_fit_5c",19,5,"F5_Direct",3,"c","FI1C5",0.119062720230461
"best_fit_5c",19,5,"F5_Direct",3,"c","FI1D1",0.128699926662508
"best_fit_5c",19,5,"F5_Direct",3,"c","FI1D2",0.251154782132276
"best_fit_5c",19,5,"F5_Direct",3,"c","FI1D3",0.16179293175147
"best_fit_5c",19,5,"F5_Direct",3,"c","FI1D5",0.0461818011576699
"best_fit_5c",19,5,"F5_Direct",3,"c","FI1D7",0.158784137204516
"best_fit_5c",19,5,"F5_Direct",3,"c","FI1D8",0.110586216554366
"best_fit_5c",19,5,"F5_Direct",3,"c","FI1D9",0.258501700813642
"best_fit_5c",19,5,"F5_Direct",3,"c","FR10",0.5034792479936
"best_fit_5c",19,5,"F5_Direct",3,"c","FRB0",0.269455127645768
"best_fit_5c",19,5,"F5_Direct",3,"c","FRC1",0.167408969320936
"best_fit_5c",19,5,"F5_Direct",3,"c","FRC2",0.120589966268425
"best_fit_5c",19,5,"F5_Direct",3,"c","FRD1",0.0999142927163025
"best_fit_5c",19,5,"F5_Direct",3,"c","FRD2",0.223090161993708
"best_fit_5c",19,5,"F5_Direct",3,"c","FRE1",0.345275869060041
"best_fit_5c",19,5,"F5_Direct",3,"c","FRE2",0.196757534697442
"best_fit_5c",19,5,"F5_Direct",3,"c","FRF1",0.182554408787086
"best_fit_5c",19,5,"F5_Direct",3,"c","FRF2",0.113118910960567
"best_fit_5c",19,5,"F5_Direct",3,"c","FRF3",0.230133664185493
"best_fit_5c",19,5,"F5_Direct",3,"c","FRG0",0.36354927791942
"best_fit_5c",19,5,"F5_Direct",3,"c","FRH0",0.290903182618492
"best_fit_5c",19,5,"F5_Direct",3,"c","FRI1",0.321767310979126
"best_fit_5c",19,5,"F5_Direct",3,"c","FRI2",0.0676849897345363
"best_fit_5c",19,5,"F5_Direct",3,"c","FRI3",0.184015471092776
"best_fit_5c",19,5,"F5_Direct",3,"c","FRJ1",0.173999285328495
"best_fit_5c",19,5,"F5_Direct",3,"c","FRJ2",0.271983427701014
"best_fit_5c",19,5,"F5_Direct",3,"c","FRK1",0.142087791371503
"best_fit_5c",19,5,"F5_Direct",3,"c","FRK2",0.461352141706672
"best_fit_5c",19,5,"F5_Direct",3,"c","FRL0",0.302393152054235
"best_fit_5c",19,5,"F5_Direct",3,"c","HR031",0.350818724915699
"best_fit_5c",19,5,"F5_Direct",3,"c","HR032",0.097489805724207
"best_fit_5c",19,5,"F5_Direct",3,"c","HR033",0.156219597166572
"best_fit_5c",19,5,"F5_Direct",3,"c","HR034",0.101807559482923
"best_fit_5c",19,5,"F5_Direct",3,"c","HR035",0.456469822500394
"best_fit_5c",19,5,"F5_Direct",3,"c","HR036",0.194346673501742
"best_fit_5c",19,5,"F5_Direct",3,"c","HR037",0.145763556033787
"best_fit_5c",19,5,"F5_Direct",3,"c","HU110",0.358116463169592
"best_fit_5c",19,5,"F5_Direct",3,"c","HU120",0.395986884496102
"best_fit_5c",19,5,"F5_Direct",3,"c","HU211",0.235411344844041
"best_fit_5c",19,5,"F5_Direct",3,"c","HU212",0.266541779255612
"best_fit_5c",19,5,"F5_Direct",3,"c","HU213",0.337819119667415
"best_fit_5c",19,5,"F5_Direct",3,"c","HU221",0.181027304644985
"best_fit_5c",19,5,"F5_Direct",3,"c","HU222",0.175656243385103
"best_fit_5c",19,5,"F5_Direct",3,"c","HU223",0.167235020976182
"best_fit_5c",19,5,"F5_Direct",3,"c","HU231",0.188116061670679
"best_fit_5c",19,5,"F5_Direct",3,"c","HU232",0.128013616012568
"best_fit_5c",19,5,"F5_Direct",3,"c","HU233",0.0427783241857497
"best_fit_5c",19,5,"F5_Direct",3,"c","HU311",0.379324603256684
"best_fit_5c",19,5,"F5_Direct",3,"c","HU312",0.176092684949644
"best_fit_5c",19,5,"F5_Direct",3,"c","HU313",0.0196906589847694
"best_fit_5c",19,5,"F5_Direct",3,"c","HU321",0.320026708452651
"best_fit_5c",19,5,"F5_Direct",3,"c","HU322",0.101595710554377
"best_fit_5c",19,5,"F5_Direct",3,"c","HU323",0.492378383130881
"best_fit_5c",19,5,"F5_Direct",3,"c","HU331",0.196489538498144
"best_fit_5c",19,5,"F5_Direct",3,"c","HU332",0.0779693868407529
"best_fit_5c",19,5,"F5_Direct",3,"c","HU333",0.178351356215179
"best_fit_5c",19,5,"F5_Direct",3,"c","IE041",0.355992971839004
"best_fit_5c",19,5,"F5_Direct",3,"c","IE042",0.348977046649459
"best_fit_5c",19,5,"F5_Direct",3,"c","IE051",0.352634407559098
"best_fit_5c",19,5,"F5_Direct",3,"c","IE052",0.332942550675844
"best_fit_5c",19,5,"F5_Direct",3,"c","IE053",0.386877901411888
"best_fit_5c",19,5,"F5_Direct",3,"c","IE061",0.588181403939307
"best_fit_5c",19,5,"F5_Direct",3,"c","IE062",0.355892226542209
"best_fit_5c",19,5,"F5_Direct",3,"c","IE063",0.342190908886801
"best_fit_5c",19,5,"F5_Direct",3,"c","ITC",0.756181912907081
"best_fit_5c",19,5,"F5_Direct",3,"c","ITF",0.673151540037562
"best_fit_5c",19,5,"F5_Direct",3,"c","ITG",0.505823039644054
"best_fit_5c",19,5,"F5_Direct",3,"c","ITH",0.654297335750666
"best_fit_5c",19,5,"F5_Direct",3,"c","ITI",0.62871204189038
"best_fit_5c",19,5,"F5_Direct",3,"c","NL11",0.162323087312954
"best_fit_5c",19,5,"F5_Direct",3,"c","NL12",0.238807232716645
"best_fit_5c",19,5,"F5_Direct",3,"c","NL13",0.192010437026181
"best_fit_5c",19,5,"F5_Direct",3,"c","NL21",0.360367020504018
"best_fit_5c",19,5,"F5_Direct",3,"c","NL22",0.470013847049911
"best_fit_5c",19,5,"F5_Direct",3,"c","NL23",0.137031981269676
"best_fit_5c",19,5,"F5_Direct",3,"c","NL32",0.502224590727522
"best_fit_5c",19,5,"F5_Direct",3,"c","NL34",0.155058665679465
"best_fit_5c",19,5,"F5_Direct",3,"c","NL41",0.463778766788692
"best_fit_5c",19,5,"F5_Direct",3,"c","NL42",0.302902634706635
"best_fit_5c",19,5,"F5_Direct",3,"c","NO02",0.266341835737294
"best_fit_5c",19,5,"F5_Direct",3,"c","NO06",0.356023478550107
"best_fit_5c",19,5,"F5_Direct",3,"c","NO07",0.30156806352023
"best_fit_5c",19,5,"F5_Direct",3,"c","NO08",0.646678929324111
"best_fit_5c",19,5,"F5_Direct",3,"c","NO09",0.476233782509039
"best_fit_5c",19,5,"F5_Direct",3,"c","NO0A",0.584235696052911
"best_fit_5c",19,5,"F5_Direct",3,"c","PL21",0.260368502525019
"best_fit_5c",19,5,"F5_Direct",3,"c","PL22",0.330210660856716
"best_fit_5c",19,5,"F5_Direct",3,"c","PL41",0.260386786152233
"best_fit_5c",19,5,"F5_Direct",3,"c","PL42",0.106718097925208
"best_fit_5c",19,5,"F5_Direct",3,"c","PL43",0.107195353031698
"best_fit_5c",19,5,"F5_Direct",3,"c","PL51",0.23305118071671
"best_fit_5c",19,5,"F5_Direct",3,"c","PL52",0.116292278487298
"best_fit_5c",19,5,"F5_Direct",3,"c","PL61",0.144547860867927
"best_fit_5c",19,5,"F5_Direct",3,"c","PL62",0.0849271176870188
"best_fit_5c",19,5,"F5_Direct",3,"c","PL63",0.231569499824108
"best_fit_5c",19,5,"F5_Direct",3,"c","PL71",0.282097594318168
"best_fit_5c",19,5,"F5_Direct",3,"c","PL72",0.155260906506721
"best_fit_5c",19,5,"F5_Direct",3,"c","PL81",0.13922936037138
"best_fit_5c",19,5,"F5_Direct",3,"c","PL84",0.107721497776245
"best_fit_5c",19,5,"F5_Direct",3,"c","PL91",0.283872933234153
"best_fit_5c",19,5,"F5_Direct",3,"c","PL92",0.190167621059423
"best_fit_5c",19,5,"F5_Direct",3,"c","PT11",0.566383081121745
"best_fit_5c",19,5,"F5_Direct",3,"c","PT15",0.153662211098683
"best_fit_5c",19,5,"F5_Direct",3,"c","SE11",0.488137148577874
"best_fit_5c",19,5,"F5_Direct",3,"c","SE12",0.424290000266693
"best_fit_5c",19,5,"F5_Direct",3,"c","SE21",0.264177663297118
"best_fit_5c",19,5,"F5_Direct",3,"c","SE22",0.422249676141785
"best_fit_5c",19,5,"F5_Direct",3,"c","SE23",0.50293484512509
"best_fit_5c",19,5,"F5_Direct",3,"c","SE31",0.286749081484578
"best_fit_5c",19,5,"F5_Direct",3,"c","SE32",0.165417084583329
"best_fit_5c",19,5,"F5_Direct",3,"c","SE33",0.306884613284396
"best_fit_5c",19,5,"F5_Direct",3,"c","SI031",0.185448511728494
"best_fit_5c",19,5,"F5_Direct",3,"c","SI032",0.361975046785925
"best_fit_5c",19,5,"F5_Direct",3,"c","SI033",0.105603033408668
"best_fit_5c",19,5,"F5_Direct",3,"c","SI034",0.38657410008118
"best_fit_5c",19,5,"F5_Direct",3,"c","SI035",0.098496553723548
"best_fit_5c",19,5,"F5_Direct",3,"c","SI036",0.164167636173837
"best_fit_5c",19,5,"F5_Direct",3,"c","SI037",0.250167689883305
"best_fit_5c",19,5,"F5_Direct",3,"c","SI038",0.0888342730963636
"best_fit_5c",19,5,"F5_Direct",3,"c","SI041",0.4894872645915
"best_fit_5c",19,5,"F5_Direct",3,"c","SI042",0.274862797897635
"best_fit_5c",19,5,"F5_Direct",3,"c","SI043",0.227673894878971
"best_fit_5c",19,5,"F5_Direct",3,"c","SI044",0.19179089938383
"best_fit_5n",20,5,"F5_Direct",4,"n","AT11",0.332209189217757
"best_fit_5n",20,5,"F5_Direct",4,"n","AT12",0.703889827231792
"best_fit_5n",20,5,"F5_Direct",4,"n","AT13",0.614815768024807
"best_fit_5n",20,5,"F5_Direct",4,"n","AT21",0.506638254527079
"best_fit_5n",20,5,"F5_Direct",4,"n","AT22",0.745292478343382
"best_fit_5n",20,5,"F5_Direct",4,"n","AT31",0.719359439583077
"best_fit_5n",20,5,"F5_Direct",4,"n","AT32",0.468786782268237
"best_fit_5n",20,5,"F5_Direct",4,"n","AT33",0.639809618099286
"best_fit_5n",20,5,"F5_Direct",4,"n","AT34",0.510671352384537
"best_fit_5n",20,5,"F5_Direct",4,"n","BE10",0.454115723771785
"best_fit_5n",20,5,"F5_Direct",4,"n","BE21",0.728933239782506
"best_fit_5n",20,5,"F5_Direct",4,"n","BE22",0.643394411615143
"best_fit_5n",20,5,"F5_Direct",4,"n","BE23",0.662027694937906
"best_fit_5n",20,5,"F5_Direct",4,"n","BE24",0.587563769230692
"best_fit_5n",20,5,"F5_Direct",4,"n","BE25",0.617864779579201
"best_fit_5n",20,5,"F5_Direct",4,"n","BE31",0.253162333618537
"best_fit_5n",20,5,"F5_Direct",4,"n","BE32",0.574392921330786
"best_fit_5n",20,5,"F5_Direct",4,"n","BE33",0.477044383386698
"best_fit_5n",20,5,"F5_Direct",4,"n","BE34",0.170954764137606
"best_fit_5n",20,5,"F5_Direct",4,"n","BE35",0.273622786922934
"best_fit_5n",20,5,"F5_Direct",4,"n","BG311",0.162060877519524
"best_fit_5n",20,5,"F5_Direct",4,"n","BG312",0.275234641237743
"best_fit_5n",20,5,"F5_Direct",4,"n","BG313",0.325227552627239
"best_fit_5n",20,5,"F5_Direct",4,"n","BG314",0.454552077803137
"best_fit_5n",20,5,"F5_Direct",4,"n","BG315",0.651727896722994
"best_fit_5n",20,5,"F5_Direct",4,"n","BG321",0.535340250038494
"best_fit_5n",20,5,"F5_Direct",4,"n","BG322",0.334620516806539
"best_fit_5n",20,5,"F5_Direct",4,"n","BG323",0.341011013096649
"best_fit_5n",20,5,"F5_Direct",4,"n","BG324",0.445631612171867
"best_fit_5n",20,5,"F5_Direct",4,"n","BG325",0.216363231880433
"best_fit_5n",20,5,"F5_Direct",4,"n","BG331",0.398702854796056
"best_fit_5n",20,5,"F5_Direct",4,"n","BG332",0.156037293394179
"best_fit_5n",20,5,"F5_Direct",4,"n","BG333",0.308075923131036
"best_fit_5n",20,5,"F5_Direct",4,"n","BG334",0.153486870820064
"best_fit_5n",20,5,"F5_Direct",4,"n","BG341",0.371320217642348
"best_fit_5n",20,5,"F5_Direct",4,"n","BG342",0.277949844236272
"best_fit_5n",20,5,"F5_Direct",4,"n","BG343",0.256743457745458
"best_fit_5n",20,5,"F5_Direct",4,"n","BG344",0.643718046923748
"best_fit_5n",20,5,"F5_Direct",4,"n","BG411",0.618726113997621
"best_fit_5n",20,5,"F5_Direct",4,"n","BG412",0.656663701477315
"best_fit_5n",20,5,"F5_Direct",4,"n","BG413",0.663157744741416
"best_fit_5n",20,5,"F5_Direct",4,"n","BG414",0.290481944102567
"best_fit_5n",20,5,"F5_Direct",4,"n","BG415",0.302274763459832
"best_fit_5n",20,5,"F5_Direct",4,"n","BG421",0.593112707065252
"best_fit_5n",20,5,"F5_Direct",4,"n","BG422",0.272845901660176
"best_fit_5n",20,5,"F5_Direct",4,"n","BG423",0.340166716037007
"best_fit_5n",20,5,"F5_Direct",4,"n","BG424",0.227606103255789
"best_fit_5n",20,5,"F5_Direct",4,"n","BG425",0.293813981447701
"best_fit_5n",20,5,"F5_Direct",4,"n","CH01",0.54766459867319
"best_fit_5n",20,5,"F5_Direct",4,"n","CH02",0.66152061615549
"best_fit_5n",20,5,"F5_Direct",4,"n","CH03",0.455879638568298
"best_fit_5n",20,5,"F5_Direct",4,"n","CH04",0.506113303191885
"best_fit_5n",20,5,"F5_Direct",4,"n","CH05",0.471327663255397
"best_fit_5n",20,5,"F5_Direct",4,"n","CH06",0.428175855565469
"best_fit_5n",20,5,"F5_Direct",4,"n","CH07",0.18575617365962
"best_fit_5n",20,5,"F5_Direct",4,"n","DE1",0.710719285563956
"best_fit_5n",20,5,"F5_Direct",4,"n","DE2",0.767471309914962
"best_fit_5n",20,5,"F5_Direct",4,"n","DE3",0.351005820020694
"best_fit_5n",20,5,"F5_Direct",4,"n","DE4",0.421463030640898
"best_fit_5n",20,5,"F5_Direct",4,"n","DE6",0.180641905828275
"best_fit_5n",20,5,"F5_Direct",4,"n","DE7",0.574136164482178
"best_fit_5n",20,5,"F5_Direct",4,"n","DE8",0.238179645390804
"best_fit_5n",20,5,"F5_Direct",4,"n","DE9",0.611547724989891
"best_fit_5n",20,5,"F5_Direct",4,"n","DEA",0.827828704832294
"best_fit_5n",20,5,"F5_Direct",4,"n","DEB",0.441296978153701
"best_fit_5n",20,5,"F5_Direct",4,"n","DEC",0.190896284467188
"best_fit_5n",20,5,"F5_Direct",4,"n","DED",0.527671784103119
"best_fit_5n",20,5,"F5_Direct",4,"n","DEE",0.357705028777808
"best_fit_5n",20,5,"F5_Direct",4,"n","DEF",0.438312383209384
"best_fit_5n",20,5,"F5_Direct",4,"n","DEG",0.315273626458306
"best_fit_5n",20,5,"F5_Direct",4,"n","EL30",0.797127444459656
"best_fit_5n",20,5,"F5_Direct",4,"n","EL41",0.437243872902246
"best_fit_5n",20,5,"F5_Direct",4,"n","EL42",0.449211300138482
"best_fit_5n",20,5,"F5_Direct",4,"n","EL43",0.509417916822044
"best_fit_5n",20,5,"F5_Direct",4,"n","EL51",0.517019184897564
"best_fit_5n",20,5,"F5_Direct",4,"n","EL52",0.74103725216301
"best_fit_5n",20,5,"F5_Direct",4,"n","EL53",0.309698841270601
"best_fit_5n",20,5,"F5_Direct",4,"n","EL54",0.286980130767965
"best_fit_5n",20,5,"F5_Direct",4,"n","EL61",0.588999186973927
"best_fit_5n",20,5,"F5_Direct",4,"n","EL62",0.272430177168125
"best_fit_5n",20,5,"F5_Direct",4,"n","EL63",0.608955091297901
"best_fit_5n",20,5,"F5_Direct",4,"n","EL64",0.486313864077384
"best_fit_5n",20,5,"F5_Direct",4,"n","EL65",0.446986046344864
"best_fit_5n",20,5,"F5_Direct",4,"n","ES11",0.591196790096894
"best_fit_5n",20,5,"F5_Direct",4,"n","ES12",0.123860685607488
"best_fit_5n",20,5,"F5_Direct",4,"n","ES13",0.232224282463417
"best_fit_5n",20,5,"F5_Direct",4,"n","ES21",0.397357672647433
"best_fit_5n",20,5,"F5_Direct",4,"n","ES22",0.311240385371787
"best_fit_5n",20,5,"F5_Direct",4,"n","ES23",0.0422003196569536
"best_fit_5n",20,5,"F5_Direct",4,"n","ES24",0.311312464280701
"best_fit_5n",20,5,"F5_Direct",4,"n","ES30",0.703408492197298
"best_fit_5n",20,5,"F5_Direct",4,"n","ES41",0.504036740003496
"best_fit_5n",20,5,"F5_Direct",4,"n","ES42",0.42546086913603
"best_fit_5n",20,5,"F5_Direct",4,"n","ES43",0.394675861500527
"best_fit_5n",20,5,"F5_Direct",4,"n","ES51",0.68621415586367
"best_fit_5n",20,5,"F5_Direct",4,"n","ES52",0.588715921779591
"best_fit_5n",20,5,"F5_Direct",4,"n","ES53",0.064014844801025
"best_fit_5n",20,5,"F5_Direct",4,"n","ES61",0.756157781654439
"best_fit_5n",20,5,"F5_Direct",4,"n","ES62",0.312978827127723
"best_fit_5n",20,5,"F5_Direct",4,"n","ES70",0.24591855718858
"best_fit_5n",20,5,"F5_Direct",4,"n","FI193",0.378961734980871
"best_fit_5n",20,5,"F5_Direct",4,"n","FI194",0.259429756965545
"best_fit_5n",20,5,"F5_Direct",4,"n","FI195",0.256242231789286
"best_fit_5n",20,5,"F5_Direct",4,"n","FI196",0.3439311709229
"best_fit_5n",20,5,"F5_Direct",4,"n","FI197",0.593657063862467
"best_fit_5n",20,5,"F5_Direct",4,"n","FI1B1",0.77689463302997
"best_fit_5n",20,5,"F5_Direct",4,"n","FI1C1",0.534786313847005
"best_fit_5n",20,5,"F5_Direct",4,"n","FI1C2",0.2622624576913
"best_fit_5n",20,5,"F5_Direct",4,"n","FI1C3",0.353347123644203
"best_fit_5n",20,5,"F5_Direct",4,"n","FI1C4",0.364898287840984
"best_fit_5n",20,5,"F5_Direct",4,"n","FI1C5",0.209082734661953
"best_fit_5n",20,5,"F5_Direct",4,"n","FI1D1",0.224152352195743
"best_fit_5n",20,5,"F5_Direct",4,"n","FI1D2",0.396136287810417
"best_fit_5n",20,5,"F5_Direct",4,"n","FI1D3",0.274068980546695
"best_fit_5n",20,5,"F5_Direct",4,"n","FI1D5",0.086509827489609
"best_fit_5n",20,5,"F5_Direct",4,"n","FI1D7",0.269643911275932
"best_fit_5n",20,5,"F5_Direct",4,"n","FI1D8",0.195620528134091
"best_fit_5n",20,5,"F5_Direct",4,"n","FI1D9",0.405428146483847
"best_fit_5n",20,5,"F5_Direct",4,"n","FR10",0.664806913370047
"best_fit_5n",20,5,"F5_Direct",4,"n","FRB0",0.41908855043722
"best_fit_5n",20,5,"F5_Direct",4,"n","FRC1",0.282269848277341
"best_fit_5n",20,5,"F5_Direct",4,"n","FRC2",0.211487477039757
"best_fit_5n",20,5,"F5_Direct",4,"n","FRD1",0.178388403007307
"best_fit_5n",20,5,"F5_Direct",4,"n","FRD2",0.359651830077291
"best_fit_5n",20,5,"F5_Direct",4,"n","FRE1",0.507749986133719
"best_fit_5n",20,5,"F5_Direct",4,"n","FRE2",0.323920676140294
"best_fit_5n",20,5,"F5_Direct",4,"n","FRF1",0.304012389372715
"best_fit_5n",20,5,"F5_Direct",4,"n","FRF2",0.199663525270566
"best_fit_5n",20,5,"F5_Direct",4,"n","FRF3",0.368959319207944
"best_fit_5n",20,5,"F5_Direct",4,"n","FRG0",0.527691769531858
"best_fit_5n",20,5,"F5_Direct",4,"n","FRH0",0.44518893093178
"best_fit_5n",20,5,"F5_Direct",4,"n","FRI1",0.481311435671642
"best_fit_5n",20,5,"F5_Direct",4,"n","FRI2",0.124342668414423
"best_fit_5n",20,5,"F5_Direct",4,"n","FRI3",0.306081549988135
"best_fit_5n",20,5,"F5_Direct",4,"n","FRJ1",0.291797135598512
"best_fit_5n",20,5,"F5_Direct",4,"n","FRJ2",0.422209430946563
"best_fit_5n",20,5,"F5_Direct",4,"n","FRK1",0.244681162608613
"best_fit_5n",20,5,"F5_Direct",4,"n","FRK2",0.62620546593087
"best_fit_5n",20,5,"F5_Direct",4,"n","FRL0",0.458829673061094
"best_fit_5n",20,5,"F5_Direct",4,"n","HR031",0.513854034681186
"best_fit_5n",20,5,"F5_Direct",4,"n","HR032",0.174428711774565
"best_fit_5n",20,5,"F5_Direct",4,"n","HR033",0.265854728454266
"best_fit_5n",20,5,"F5_Direct",4,"n","HR034",0.181468870398974
"best_fit_5n",20,5,"F5_Direct",4,"n","HR035",0.621591786924884
"best_fit_5n",20,5,"F5_Direct",4,"n","HR036",0.320573537062071
"best_fit_5n",20,5,"F5_Direct",4,"n","HR037",0.250236845748613
"best_fit_5n",20,5,"F5_Direct",4,"n","HU110",0.521817150754216
"best_fit_5n",20,5,"F5_Direct",4,"n","HU120",0.56184612719202
"best_fit_5n",20,5,"F5_Direct",4,"n","HU211",0.375866346799892
"best_fit_5n",20,5,"F5_Direct",4,"n","HU212",0.415477465998661
"best_fit_5n",20,5,"F5_Direct",4,"n","HU213",0.499461133671898
"best_fit_5n",20,5,"F5_Direct",4,"n","HU221",0.301844433718877
"best_fit_5n",20,5,"F5_Direct",4,"n","HU222",0.294176346440318
"best_fit_5n",20,5,"F5_Direct",4,"n","HU223",0.28201697799746
"best_fit_5n",20,5,"F5_Direct",4,"n","HU231",0.311862648968289
"best_fit_5n",20,5,"F5_Direct",4,"n","HU232",0.223087355585221
"best_fit_5n",20,5,"F5_Direct",4,"n","HU233",0.0803847578349997
"best_fit_5n",20,5,"F5_Direct",4,"n","HU311",0.544496163969345
"best_fit_5n",20,5,"F5_Direct",4,"n","HU312",0.294801955463338
"best_fit_5n",20,5,"F5_Direct",4,"n","HU313",0.0378022584607945
"best_fit_5n",20,5,"F5_Direct",4,"n","HU321",0.479317712674832
"best_fit_5n",20,5,"F5_Direct",4,"n","HU322",0.181124683492853
"best_fit_5n",20,5,"F5_Direct",4,"n","HU323",0.654840225997714
"best_fit_5n",20,5,"F5_Direct",4,"n","HU331",0.323549243056167
"best_fit_5n",20,5,"F5_Direct",4,"n","HU332",0.141925400508699
"best_fit_5n",20,5,"F5_Direct",4,"n","HU333",0.298032479278469
"best_fit_5n",20,5,"F5_Direct",4,"n","IE041",0.519508599254174
"best_fit_5n",20,5,"F5_Direct",4,"n","IE042",0.51183127438614
"best_fit_5n",20,5,"F5_Direct",4,"n","IE051",0.515843028913206
"best_fit_5n",20,5,"F5_Direct",4,"n","IE052",0.493991905129663
"best_fit_5n",20,5,"F5_Direct",4,"n","IE053",0.552411196154421
"best_fit_5n",20,5,"F5_Direct",4,"n","IE061",0.736396990118239
"best_fit_5n",20,5,"F5_Direct",4,"n","IE062",0.519398900343003
"best_fit_5n",20,5,"F5_Direct",4,"n","IE063",0.50433157227601
"best_fit_5n",20,5,"F5_Direct",4,"n","ITC",0.858481205044445
"best_fit_5n",20,5,"F5_Direct",4,"n","ITF",0.801125958497025
"best_fit_5n",20,5,"F5_Direct",4,"n","ITG",0.666893008977927
"best_fit_5n",20,5,"F5_Direct",4,"n","ITH",0.78732157969292
"best_fit_5n",20,5,"F5_Direct",4,"n","ITI",0.768091879909037
"best_fit_5n",20,5,"F5_Direct",4,"n","NL11",0.274846403073794
"best_fit_5n",20,5,"F5_Direct",4,"n","NL12",0.380280626186773
"best_fit_5n",20,5,"F5_Direct",4,"n","NL13",0.317317567516088
"best_fit_5n",20,5,"F5_Direct",4,"n","NL21",0.524256232765352
"best_fit_5n",20,5,"F5_Direct",4,"n","NL22",0.634317456277187
"best_fit_5n",20,5,"F5_Direct",4,"n","NL23",0.236983233538866
"best_fit_5n",20,5,"F5_Direct",4,"n","NL32",0.663687608251545
"best_fit_5n",20,5,"F5_Direct",4,"n","NL34",0.264134098065134
"best_fit_5n",20,5,"F5_Direct",4,"n","NL41",0.6284874702061
"best_fit_5n",20,5,"F5_Direct",4,"n","NL42",0.459429143996905
"best_fit_5n",20,5,"F5_Direct",4,"n","NO02",0.415229048864377
"best_fit_5n",20,5,"F5_Direct",4,"n","NO06",0.519541814102172
"best_fit_5n",20,5,"F5_Direct",4,"n","NO07",0.457857890395196
"best_fit_5n",20,5,"F5_Direct",4,"n","NO08",0.781656421695147
"best_fit_5n",20,5,"F5_Direct",4,"n","NO09",0.640085698764032
"best_fit_5n",20,5,"F5_Direct",4,"n","NO0A",0.7332272776658
"best_fit_5n",20,5,"F5_Direct",4,"n","PL21",0.407772493290993
"best_fit_5n",20,5,"F5_Direct",4,"n","PL22",0.4909110651843
"best_fit_5n",20,5,"F5_Direct",4,"n","PL41",0.407795420909069
"best_fit_5n",20,5,"F5_Direct",4,"n","PL42",0.18941147857765
"best_fit_5n",20,5,"F5_Direct",4,"n","PL43",0.190179814180767
"best_fit_5n",20,5,"F5_Direct",4,"n","PL51",0.372784588334767
"best_fit_5n",20,5,"F5_Direct",4,"n","PL52",0.204704375983401
"best_fit_5n",20,5,"F5_Direct",4,"n","PL61",0.24840319677499
"best_fit_5n",20,5,"F5_Direct",4,"n","PL62",0.153639351726087
"best_fit_5n",20,5,"F5_Direct",4,"n","PL63",0.370844082228041
"best_fit_5n",20,5,"F5_Direct",4,"n","PL71",0.434575308787121
"best_fit_5n",20,5,"F5_Direct",4,"n","PL72",0.264434080803947
"best_fit_5n",20,5,"F5_Direct",4,"n","PL81",0.240337010653552
"best_fit_5n",20,5,"F5_Direct",4,"n","PL84",0.191026120855151
"best_fit_5n",20,5,"F5_Direct",4,"n","PL91",0.436726485955305
"best_fit_5n",20,5,"F5_Direct",4,"n","PL92",0.314740587090184
"best_fit_5n",20,5,"F5_Direct",4,"n","PT11",0.718691827275708
"best_fit_5n",20,5,"F5_Direct",4,"n","PT15",0.262059984314614
"best_fit_5n",20,5,"F5_Direct",4,"n","SE11",0.650994240474745
"best_fit_5n",20,5,"F5_Direct",4,"n","SE12",0.590416107043411
"best_fit_5n",20,5,"F5_Direct",4,"n","SE21",0.412535350435069
"best_fit_5n",20,5,"F5_Direct",4,"n","SE22",0.588393382631524
"best_fit_5n",20,5,"F5_Direct",4,"n","SE23",0.664321463251974
"best_fit_5n",20,5,"F5_Direct",4,"n","SE31",0.44019935072028
"best_fit_5n",20,5,"F5_Direct",4,"n","SE32",0.279369882386067
"best_fit_5n",20,5,"F5_Direct",4,"n","SE33",0.464098892848043
"best_fit_5n",20,5,"F5_Direct",4,"n","SI031",0.308106256974065
"best_fit_5n",20,5,"F5_Direct",4,"n","SI032",0.525994184501364
"best_fit_5n",20,5,"F5_Direct",4,"n","SI033",0.187613848159572
"best_fit_5n",20,5,"F5_Direct",4,"n","SI034",0.552094456419075
"best_fit_5n",20,5,"F5_Direct",4,"n","SI035",0.176074977153643
"best_fit_5n",20,5,"F5_Direct",4,"n","SI036",0.277545950575909
"best_fit_5n",20,5,"F5_Direct",4,"n","SI037",0.394879857581778
"best_fit_5n",20,5,"F5_Direct",4,"n","SI038",0.160154417931702
"best_fit_5n",20,5,"F5_Direct",4,"n","SI041",0.652220841565083
"best_fit_5n",20,5,"F5_Direct",4,"n","SI042",0.425749114835307
"best_fit_5n",20,5,"F5_Direct",4,"n","SI043",0.365720605208593
"best_fit_5n",20,5,"F5_Direct",4,"n","SI044",0.317010970257083
